logY Y P PoverSqrtY
6.90675 999 -5.1713 -0.163614
6.90975 1002 -5.0872 -0.160710
6.91175 1004 -5.2491 -0.165661
6.91374 1006 -5.2645 -0.165981
6.91672 1009 -5.4837 -0.172635
6.91870 1011 -5.7417 -0.180580
6.92067 1013 -5.4379 -0.170853
6.92264 1015 -5.2429 -0.164564
6.92560 1018 -4.8620 -0.152384
6.92756 1020 -4.7290 -0.148072
6.92952 1022 -4.5816 -0.143316
6.93245 1025 -4.5278 -0.141425
6.93440 1027 -4.3889 -0.136953
6.93634 1029 -4.4458 -0.138594
6.93828 1031 -4.2695 -0.132967
6.94119 1034 -4.1107 -0.127837
6.94312 1036 -4.1607 -0.129266
6.94505 1038 -4.1082 -0.127513
6.94794 1041 -4.1951 -0.130022
6.94986 1043 -4.1929 -0.129829
6.95273 1046 -4.2343 -0.130923
6.95464 1048 -4.0462 -0.124988
6.95655 1050 -3.9260 -0.121159
6.95940 1053 -3.5849 -0.110476
6.96130 1055 -3.5439 -0.109108
6.96319 1057 -3.4649 -0.106576
6.96602 1060 -3.5402 -0.108735
6.96791 1062 -3.5812 -0.109892
6.97073 1065 -3.3856 -0.103742
6.97261 1067 -3.2040 -0.098085
6.97448 1069 -3.2046 -0.098013
6.97728 1072 -2.9291 -0.089463
6.97915 1074 -3.0472 -0.092982
6.98193 1077 -3.1453 -0.095842
6.98379 1079 -3.2937 -0.100271
6.98564 1081 -3.2575 -0.099076
6.98841 1084 -3.2066 -0.097395
6.99026 1086 -3.2025 -0.097180
6.99302 1089 -3.2877 -0.099626
6.99485 1091 -3.1462 -0.095252
6.99760 1094 -3.1371 -0.094846
6.99942 1096 -3.2160 -0.097142
7.00216 1099 -3.0398 -0.091695
7.00397 1101 -2.9813 -0.089849
7.00670 1104 -2.9764 -0.089580
7.00851 1106 -3.0658 -0.092187
7.01121 1109 -3.2322 -0.097059
7.01302 1111 -3.3801 -0.101408
7.01571 1114 -3.6212 -0.108496
7.01751 1116 -3.5160 -0.105248
7.02019 1119 -3.4952 -0.104487
7.02198 1121 -3.6036 -0.107629
7.02465 1124 -3.6176 -0.107904
7.02643 1126 -3.7326 -0.111235
7.02909 1129 -3.9058 -0.116243
7.03086 1131 -3.9942 -0.118767
7.03351 1134 -3.9534 -0.117399
7.03527 1136 -3.8653 -0.114683
7.03791 1139 -3.5931 -0.106464
7.03966 1141 -3.4889 -0.103288
7.04229 1144 -3.3051 -0.097717
7.04491 1147 -3.3381 -0.098563
7.04665 1149 -3.3219 -0.098001
7.04925 1152 -3.2117 -0.094625
7.05099 1154 -3.4374 -0.101187
7.05359 1157 -3.4045 -0.100088
7.05618 1160 -3.6592 -0.107439
7.05790 1162 -3.6219 -0.106252
7.06048 1165 -3.7383 -0.109526
7.06219 1167 -3.5408 -0.103650
7.06476 1170 -3.3202 -0.097067
7.06732 1173 -3.2124 -0.093794
7.06902 1175 -3.1241 -0.091139
7.07157 1178 -3.1442 -0.091609
7.07412 1181 -3.4649 -0.100823
7.07581 1183 -3.3563 -0.097582
7.07834 1186 -3.4739 -0.100872
7.08087 1189 -3.3316 -0.096619
7.08255 1191 -3.2946 -0.095467
7.08506 1194 -3.3945 -0.098235
7.08757 1197 -3.3931 -0.098073
7.08924 1199 -3.5674 -0.103026
7.09174 1202 -3.2362 -0.093343
7.09423 1205 -3.3064 -0.095251
7.09589 1207 -3.3569 -0.096624
7.09838 1210 -3.5190 -0.101164
7.10085 1213 -3.5998 -0.103359
7.10332 1216 -3.5263 -0.101123
7.10497 1218 -3.2550 -0.093266
7.10743 1221 -3.0954 -0.088584
7.10988 1224 -2.9940 -0.085578
7.11233 1227 -2.7994 -0.079917
7.11396 1229 -2.8711 -0.081897
7.11639 1232 -2.9925 -0.085257
7.11883 1235 -2.8902 -0.082243
7.12125 1238 -2.8430 -0.080800
7.12367 1241 -2.8471 -0.080820
7.12528 1243 -2.7859 -0.079019
7.12769 1246 -2.9698 -0.084135
7.13010 1249 -3.0977 -0.087651
7.13250 1252 -2.9775 -0.084150
7.13489 1255 -2.8626 -0.080804
7.13648 1257 -2.8641 -0.080783
7.13887 1260 -3.0451 -0.085785
7.14125 1263 -3.1945 -0.089887
7.14362 1266 -3.4141 -0.095952
7.14598 1269 -3.2996 -0.092625
7.14835 1272 -3.1436 -0.088143
7.14992 1274 -3.1298 -0.087685
7.15227 1277 -3.1481 -0.088095
7.15462 1280 -3.3358 -0.093240
7.15696 1283 -3.5968 -0.100417
7.15929 1286 -3.6319 -0.101277
7.16162 1289 -3.5927 -0.100069
7.16395 1292 -3.4072 -0.094790
7.16627 1295 -3.5174 -0.097742
7.16858 1298 -3.6401 -0.101037
7.17089 1301 -3.9143 -0.108520
7.17242 1303 -3.8538 -0.106761
7.17472 1306 -3.9073 -0.108120
7.17702 1309 -4.0767 -0.112679
7.17931 1312 -4.1596 -0.114837
7.18159 1315 -4.3825 -0.120852
7.18387 1318 -4.4441 -0.122413
7.18614 1321 -4.3967 -0.120971
7.18841 1324 -4.3735 -0.120193
7.19068 1327 -4.3936 -0.120611
7.19293 1330 -4.6552 -0.127648
7.19519 1333 -4.7670 -0.130565
7.19744 1336 -4.9527 -0.135499
7.19968 1339 -4.7112 -0.128749
7.20192 1342 -4.4370 -0.121120
7.20415 1345 -4.3102 -0.117527
7.20638 1348 -4.3362 -0.118103
7.20860 1351 -4.5963 -0.125048
7.21082 1354 -4.5946 -0.124865
7.21303 1357 -4.5887 -0.124566
7.21524 1360 -4.7139 -0.127824
7.21744 1363 -4.8587 -0.131604
7.22037 1367 -5.1115 -0.138249
7.22257 1370 -5.1758 -0.139836
7.22475 1373 -4.9967 -0.134849
7.22694 1376 -5.0721 -0.136734
7.22911 1379 -5.1135 -0.137700
7.23129 1382 -5.2216 -0.140458
7.23346 1385 -5.4220 -0.145691
7.23562 1388 -5.3069 -0.142444
7.23778 1391 -5.0837 -0.136306
7.23993 1394 -5.0345 -0.134842
7.24280 1398 -4.7558 -0.127195
7.24494 1401 -4.9433 -0.132068
7.24708 1404 -4.8515 -0.129477
7.24922 1407 -4.7445 -0.126487
7.25134 1410 -4.7729 -0.127107
7.25347 1413 -4.8724 -0.129621
7.25630 1417 -4.9393 -0.131214
7.25841 1420 -4.9881 -0.132370
7.26052 1423 -4.6692 -0.123777
7.26263 1426 -4.7105 -0.124740
7.26473 1429 -4.6386 -0.122708
7.26753 1433 -4.7327 -0.125021
7.26962 1436 -4.9603 -0.130896
7.27170 1439 -4.9138 -0.129535
7.27379 1442 -4.6648 -0.122844
7.27656 1446 -4.7095 -0.123848
7.27863 1449 -4.6326 -0.121700
7.28070 1452 -4.7614 -0.124954
7.28276 1455 -4.8829 -0.128011
7.28551 1459 -4.8066 -0.125837
7.28756 1462 -4.6019 -0.120354
7.28961 1465 -4.6750 -0.122141
7.29234 1469 -4.8107 -0.125516
7.29438 1472 -4.8130 -0.125449
7.29641 1475 -4.7594 -0.123924
7.29845 1478 -4.8229 -0.125449
7.30115 1482 -5.0394 -0.130906
7.30317 1485 -5.4285 -0.140869
7.30519 1488 -5.5238 -0.143199
7.30787 1492 -5.5268 -0.143083
7.30988 1495 -5.4280 -0.140383
7.31255 1499 -5.5333 -0.142917
7.31455 1502 -5.5186 -0.142394
7.31655 1505 -5.7517 -0.148260
7.31920 1509 -5.5504 -0.142882
7.32119 1512 -5.4438 -0.140000
7.32383 1516 -5.2804 -0.135618
7.32581 1519 -5.2377 -0.134388
7.32778 1522 -5.1778 -0.132719
7.33041 1526 -5.1342 -0.131429
7.33237 1529 -5.2563 -0.134425
7.33498 1533 -5.4043 -0.138028
7.33694 1536 -5.7114 -0.145730
7.33954 1540 -5.7065 -0.145414
7.34148 1543 -5.5061 -0.140171
7.34407 1547 -5.2113 -0.132496
7.34601 1550 -5.2285 -0.132804
7.34859 1554 -5.2957 -0.134338
7.35052 1557 -5.3564 -0.135745
7.35308 1561 -5.5094 -0.139444
7.35500 1564 -5.5831 -0.141174
7.35756 1568 -5.5421 -0.139959
7.35947 1571 -5.8376 -0.147280
7.36201 1575 -5.8288 -0.146873
7.36391 1578 -5.7356 -0.144385
7.36645 1582 -5.7730 -0.145143
7.36834 1585 -5.8518 -0.146987
7.37086 1589 -6.1326 -0.153845
7.37275 1592 -5.6733 -0.142187
7.37526 1596 -5.5334 -0.138507
7.37776 1600 -5.2814 -0.132035
7.37963 1603 -5.2338 -0.130723
7.38212 1607 -5.2614 -0.131247
7.38399 1610 -5.1928 -0.129416
7.38647 1614 -5.1389 -0.127913
7.38895 1618 -4.9016 -0.121857
7.39080 1621 -4.9509 -0.122968
7.39326 1625 -4.7505 -0.117845
7.39572 1629 -4.4724 -0.110809
7.39756 1632 -4.2021 -0.104016
7.40001 1636 -4.4229 -0.109348
7.40245 1640 -4.4552 -0.110013
7.40428 1643 -4.1299 -0.101887
7.40671 1647 -3.9761 -0.097975
7.40914 1651 -4.0716 -0.100205
7.41156 1655 -4.2675 -0.104900
7.41337 1658 -4.4408 -0.109060
7.41578 1662 -4.3504 -0.106713
7.41818 1666 -4.2407 -0.103897
7.41998 1669 -4.1827 -0.102383
7.42237 1673 -4.2441 -0.103761
7.42476 1677 -4.2540 -0.103879
7.42714 1681 -4.2356 -0.103308
7.42952 1685 -4.3754 -0.106590
7.43130 1688 -4.5705 -0.111245
7.43367 1692 -4.6370 -0.112730
7.43603 1696 -4.4913 -0.109059
7.43838 1700 -4.5890 -0.111299
7.44073 1704 -4.7577 -0.115256
7.44249 1707 -4.8285 -0.116867
7.44483 1711 -4.8504 -0.117260
7.44717 1715 -4.6664 -0.112680
7.44950 1719 -4.5508 -0.109762
7.45182 1723 -4.3587 -0.105006
7.45414 1727 -4.4753 -0.107690
7.45645 1731 -4.3959 -0.105658
7.45876 1735 -4.4275 -0.106293
7.46049 1738 -4.5230 -0.108492
7.46279 1742 -4.6075 -0.110393
7.46508 1746 -4.4329 -0.106088
7.46737 1750 -4.1152 -0.098373
7.46965 1754 -4.1431 -0.098926
7.47193 1758 -4.3573 -0.103921
7.47420 1762 -4.4066 -0.104979
7.47647 1766 -4.4102 -0.104944
7.47873 1770 -4.3380 -0.103109
7.48099 1774 -4.5129 -0.107147
7.48324 1778 -4.6051 -0.109213
7.48549 1782 -4.5939 -0.108824
7.48773 1786 -4.8890 -0.115686
7.48997 1790 -4.9960 -0.118084
7.49220 1794 -5.0475 -0.119170
7.49443 1798 -4.6915 -0.110642
7.49665 1802 -4.5649 -0.107537
7.49887 1806 -4.5897 -0.108000
7.50108 1810 -4.6753 -0.109893
7.50329 1814 -4.2989 -0.100934
7.50549 1818 -3.9629 -0.092944
7.50824 1823 -4.0037 -0.093770
7.51043 1827 -4.0760 -0.095359
7.51262 1831 -4.0834 -0.095427
7.51480 1835 -4.0635 -0.094859
7.51698 1839 -4.1633 -0.097083
7.51915 1843 -4.2443 -0.098864
7.52132 1847 -4.2266 -0.098345
7.52402 1852 -4.1717 -0.096938
7.52618 1856 -4.4120 -0.102412
7.52833 1860 -4.6758 -0.108418
7.53048 1864 -4.6475 -0.107644
7.53262 1868 -4.2215 -0.097674
7.53476 1872 -3.9685 -0.091721
7.53743 1877 -4.0389 -0.093225
7.53956 1881 -4.1006 -0.094548
7.54168 1885 -4.0073 -0.092300
7.54380 1889 -4.2072 -0.096801
7.54645 1894 -4.3247 -0.099372
7.54856 1898 -4.2694 -0.097997
7.55066 1902 -4.2304 -0.097002
7.55276 1906 -4.3414 -0.099441
7.55538 1911 -4.6758 -0.106960
7.55747 1915 -4.4940 -0.102695
7.55956 1919 -4.1538 -0.094821
7.56216 1924 -3.8175 -0.087032
7.56424 1928 -3.8421 -0.087501
7.56631 1932 -3.8716 -0.088081
7.56890 1937 -4.0187 -0.091310
7.57096 1941 -4.0890 -0.092812
7.57302 1945 -4.1584 -0.094289
7.57558 1950 -4.0985 -0.092813
7.57763 1954 -3.9798 -0.090033
7.58019 1959 -4.0614 -0.091762
7.58223 1963 -4.3261 -0.097643
7.58426 1967 -4.3633 -0.098381
7.58680 1972 -4.4241 -0.099627
7.58883 1976 -4.7833 -0.107605
7.59136 1981 -5.2870 -0.118786
7.59337 1985 -5.4297 -0.121869
7.59589 1990 -5.4569 -0.122326
7.59790 1994 -5.3984 -0.120894
7.60040 1999 -5.3914 -0.120586
7.60240 2003 -5.0463 -0.112753
7.60489 2008 -5.0510 -0.112718
7.60688 2012 -5.2496 -0.117034
7.60937 2017 -5.1633 -0.114968
7.61135 2021 -5.2142 -0.115986
7.61382 2026 -5.4955 -0.122092
7.61579 2030 -5.6338 -0.125041
7.61825 2035 -5.5754 -0.123592
7.62071 2040 -5.3699 -0.118891
7.62266 2044 -5.4415 -0.120359
7.62511 2049 -5.5990 -0.123692
7.62706 2053 -5.4848 -0.121051
7.62949 2058 -5.6359 -0.124234
7.63192 2063 -5.9927 -0.131939
7.63385 2067 -5.8475 -0.128618
7.63627 2072 -5.4461 -0.119644
7.63868 2077 -5.4170 -0.118862
7.64060 2081 -5.6874 -0.124674
7.64300 2086 -5.7677 -0.126283
7.64540 2091 -5.7705 -0.126194
7.64731 2095 -5.8415 -0.127624
7.64969 2100 -5.9645 -0.130155
7.65207 2105 -5.8979 -0.128550
7.65444 2110 -6.2851 -0.136826
7.65634 2114 -6.5992 -0.143530
7.65870 2119 -6.2702 -0.136212
7.66106 2124 -5.8693 -0.127354
7.66341 2129 -5.8614 -0.127032
7.66528 2133 -5.9014 -0.127780
7.66763 2138 -5.6768 -0.122772
7.66996 2143 -5.3891 -0.116415
7.67229 2148 -5.3655 -0.115770
7.67462 2153 -5.2797 -0.113785
7.67694 2158 -5.1230 -0.110280
7.67879 2162 -5.0953 -0.109583
7.68110 2167 -5.1573 -0.110789
7.68340 2172 -4.8726 -0.104552
7.68570 2177 -4.5832 -0.098230
7.68800 2182 -4.5939 -0.098346
7.69029 2187 -4.5252 -0.096764
7.69257 2192 -4.2280 -0.090306
7.69485 2197 -4.2012 -0.089630
7.69712 2202 -4.2634 -0.090854
7.69939 2207 -4.1608 -0.088567
7.70165 2212 -4.1390 -0.088004
7.70391 2217 -4.2045 -0.089297
7.70616 2222 -4.2020 -0.089142
7.70841 2227 -4.4031 -0.093305
7.71065 2232 -4.8737 -0.103159
7.71289 2237 -5.1799 -0.109519
7.71512 2242 -4.7889 -0.101138
7.71735 2247 -4.6075 -0.097200
7.71957 2252 -4.6722 -0.098455
7.72179 2257 -4.5942 -0.096705
7.72400 2262 -4.7107 -0.099045
7.72621 2267 -4.9715 -0.104415
7.72842 2272 -5.1070 -0.107142
7.73061 2277 -5.0692 -0.106233
7.73281 2282 -5.3113 -0.111183
7.73543 2288 -5.5177 -0.115352
7.73762 2293 -5.1573 -0.107701
7.73979 2298 -5.0995 -0.106379
7.74197 2303 -5.2381 -0.109151
7.74414 2308 -5.1059 -0.106281
7.74630 2313 -5.2513 -0.109188
7.74889 2319 -5.3936 -0.112002
7.75105 2324 -5.1327 -0.106471
7.75319 2329 -4.7991 -0.099444
7.75534 2334 -4.8878 -0.101172
7.75791 2340 -5.0495 -0.104387
7.76004 2345 -4.8430 -0.100009
7.76217 2350 -4.8964 -0.101005
7.76430 2355 -5.2776 -0.108753
7.76684 2361 -4.9159 -0.101170
7.76896 2366 -4.7124 -0.096879
7.77107 2371 -4.8358 -0.099313
7.77359 2377 -4.6533 -0.095443
7.77570 2382 -4.8320 -0.099005
7.77779 2387 -5.0476 -0.103315
7.78030 2393 -4.8517 -0.099180
7.78239 2398 -4.5717 -0.093357
7.78489 2404 -4.7007 -0.095872
7.78697 2409 -4.4850 -0.091379
7.78904 2414 -4.3525 -0.088588
7.79152 2420 -4.2826 -0.087057
7.79359 2425 -4.3014 -0.087348
7.79606 2431 -4.6194 -0.093689
7.79811 2436 -4.9007 -0.099294
7.80057 2442 -4.9329 -0.099823
7.80262 2447 -4.6056 -0.093104
7.80507 2453 -4.6680 -0.094251
7.80710 2458 -4.8677 -0.098183
7.80954 2464 -4.8948 -0.098609
7.81157 2469 -4.8913 -0.098438
7.81400 2475 -4.8902 -0.098297
7.81642 2481 -4.9424 -0.099225
7.81843 2486 -5.2727 -0.105751
7.82084 2492 -5.2454 -0.105077
7.82285 2497 -5.0203 -0.100467
7.82525 2503 -5.0482 -0.100903
7.82764 2509 -5.2714 -0.105238
7.82963 2514 -5.2356 -0.104421
7.83201 2520 -5.3374 -0.106323
7.83439 2526 -5.4962 -0.109356
7.83637 2531 -5.2694 -0.104740
7.83874 2537 -5.3607 -0.106429
7.84110 2543 -5.2858 -0.104819
7.84306 2548 -5.0439 -0.099923
7.84542 2554 -5.1651 -0.102203
7.84776 2560 -5.4945 -0.108595
7.85010 2566 -5.3209 -0.105040
7.85205 2571 -5.2242 -0.103031
7.85438 2577 -5.1594 -0.101634
7.85671 2583 -4.8264 -0.094965
7.85903 2589 -4.8792 -0.095892
7.86134 2595 -4.5715 -0.089741
7.86365 2601 -4.6913 -0.091987
7.86557 2606 -4.8074 -0.094171
7.86787 2612 -4.6231 -0.090459
7.87017 2618 -4.0736 -0.079614
7.87246 2624 -3.9955 -0.077999
7.87474 2630 -4.0110 -0.078213
7.87702 2636 -4.3855 -0.085418
7.87929 2642 -4.5654 -0.088819
7.88156 2648 -4.2154 -0.081918
7.88382 2654 -3.9407 -0.076494
7.88608 2660 -3.9971 -0.077501
7.88833 2666 -3.6279 -0.070263
7.89058 2672 -3.3624 -0.065047
7.89283 2678 -3.5383 -0.068373
7.89506 2684 -3.4886 -0.067337
7.89730 2690 -3.5634 -0.068704
7.89952 2696 -3.4635 -0.066705
7.90175 2702 -3.1618 -0.060826
7.90397 2708 -3.3334 -0.064056
7.90618 2714 -3.6984 -0.070992
7.90839 2720 -3.5769 -0.068583
7.91059 2726 -3.8701 -0.074123
7.91279 2732 -3.8410 -0.073486
7.91535 2739 -3.9653 -0.075768
7.91754 2745 -4.2257 -0.080654
7.91972 2751 -4.2801 -0.081604
7.92190 2757 -4.4529 -0.084806
7.92407 2763 -4.9887 -0.094907
7.92660 2770 -4.5567 -0.086579
7.92877 2776 -4.4699 -0.084837
7.93093 2782 -4.4810 -0.084957
7.93308 2788 -4.3645 -0.082658
7.93559 2795 -4.3004 -0.081343
7.93773 2801 -4.1936 -0.079237
7.93987 2807 -4.3176 -0.081493
7.94236 2814 -4.7373 -0.089304
7.94449 2820 -4.2843 -0.080679
7.94662 2826 -4.3321 -0.081492
7.94909 2833 -4.4459 -0.083528
7.95121 2839 -4.6036 -0.086400
7.95332 2845 -4.8091 -0.090162
7.95578 2852 -4.8259 -0.090366
7.95788 2858 -5.0805 -0.095034
7.96032 2865 -5.6474 -0.105509
7.96242 2871 -5.3726 -0.100269
7.96485 2878 -5.3009 -0.098811
7.96693 2884 -5.5504 -0.103354
7.96936 2891 -5.6272 -0.104656
7.97143 2897 -5.7596 -0.107008
7.97384 2904 -5.7100 -0.105959
7.97591 2910 -5.7996 -0.107510
7.97831 2917 -5.6279 -0.104203
7.98037 2923 -5.4275 -0.100390
7.98276 2930 -5.6474 -0.104331
7.98480 2936 -5.8526 -0.108011
7.98718 2943 -5.4386 -0.100252
7.98956 2950 -5.8042 -0.106863
7.99159 2956 -5.6793 -0.104458
7.99396 2963 -5.8312 -0.107125
7.99632 2970 -5.5069 -0.101048
7.99834 2976 -5.1927 -0.095187
8.00068 2983 -5.0840 -0.093086
8.00303 2990 -4.6772 -0.085536
8.00503 2996 -4.4810 -0.081866
8.00737 3003 -4.7182 -0.086099
8.00970 3010 -5.3059 -0.096711
8.01202 3017 -5.3128 -0.096725
8.01434 3024 -4.7518 -0.086411
8.01632 3030 -4.5041 -0.081825
8.01863 3037 -4.6083 -0.083621
8.02093 3044 -4.5930 -0.083249
8.02322 3051 -4.9341 -0.089328
8.02552 3058 -4.6751 -0.084543
8.02780 3065 -4.8319 -0.087278
8.03008 3072 -4.7453 -0.085616
8.03204 3078 -4.7759 -0.086084
8.03431 3085 -5.2090 -0.093784
8.03657 3092 -4.7824 -0.086005
8.03883 3099 -4.6029 -0.082684
8.04109 3106 -4.3880 -0.078735
8.04334 3113 -4.2989 -0.077049
8.04559 3120 -4.6740 -0.083677
8.04783 3127 -4.4977 -0.080431
8.05007 3134 -5.1610 -0.092190
8.05230 3141 -4.7116 -0.084069
8.05452 3148 -4.3143 -0.076895
8.05706 3156 -4.6087 -0.082037
8.05928 3163 -4.2905 -0.076289
8.06149 3170 -4.5009 -0.079941
8.06369 3177 -4.2138 -0.074759
8.06589 3184 -4.7224 -0.083690
8.06809 3191 -4.9863 -0.088270
8.07028 3198 -4.9269 -0.087123
8.07278 3206 -5.4913 -0.096983
8.07496 3213 -5.7825 -0.102014
8.07714 3220 -5.9984 -0.105709
8.07931 3227 -5.6907 -0.100176
8.08178 3235 -5.6182 -0.098778
8.08395 3242 -5.4243 -0.095265
8.08610 3249 -5.0942 -0.089371
8.08856 3257 -5.0436 -0.088375
8.09071 3264 -4.8530 -0.084944
8.09285 3271 -4.7066 -0.082294
8.09529 3279 -4.3825 -0.076533
8.09743 3286 -4.3520 -0.075920
8.09955 3293 -4.0627 -0.070797
8.10198 3301 -4.2905 -0.074676
8.10410 3308 -4.4393 -0.077185
8.10651 3316 -4.3577 -0.075674
8.10862 3323 -4.2947 -0.074502
8.11103 3331 -4.6356 -0.080319
8.11313 3338 -5.1483 -0.089109
8.11552 3346 -4.9231 -0.085110
8.11761 3353 -4.6941 -0.081065
8.11999 3361 -4.7640 -0.082175
8.12207 3368 -4.3448 -0.074866
8.12445 3376 -4.5365 -0.078077
8.12652 3383 -4.5089 -0.077522
8.12888 3391 -4.9146 -0.084397
8.13124 3399 -4.4996 -0.077178
8.13329 3406 -4.6122 -0.079029
8.13564 3414 -4.9104 -0.084039
8.13798 3422 -4.8572 -0.083031
8.14002 3429 -4.9209 -0.084034
8.14235 3437 -4.7393 -0.080839
8.14468 3445 -4.9054 -0.083575
8.14700 3453 -4.8618 -0.082736
8.14902 3460 -5.1512 -0.087574
8.15133 3468 -4.7315 -0.080345
8.15364 3476 -4.9793 -0.084455
8.15594 3484 -5.0775 -0.086021
8.15823 3492 -5.4071 -0.091501
8.16052 3500 -5.4306 -0.091793
8.16252 3507 -5.6469 -0.095355
8.16479 3515 -5.6277 -0.094922
8.16707 3523 -5.3423 -0.090006
8.16934 3531 -5.7611 -0.096952
8.17160 3539 -6.3160 -0.106170
8.17386 3547 -6.2295 -0.104598
8.17611 3555 -6.0666 -0.101749
8.17836 3563 -6.3850 -0.106969
8.18060 3571 -6.0150 -0.100656
8.18284 3579 -6.3376 -0.105937
8.18507 3587 -6.3410 -0.105875
8.18730 3595 -6.6671 -0.111195
8.18952 3603 -6.5885 -0.109763
8.19202 3612 -7.2460 -0.120566
8.19423 3620 -7.2311 -0.120185
8.19644 3628 -7.6891 -0.127656
8.19864 3636 -7.8608 -0.130363
8.20084 3644 -7.7695 -0.128708
8.20303 3652 -7.6142 -0.125997
8.20549 3661 -7.9295 -0.131053
8.20767 3669 -7.6479 -0.126260
8.20985 3677 -7.2271 -0.119184
8.21203 3685 -7.0154 -0.115568
8.21447 3694 -6.7938 -0.111780
8.21663 3702 -6.8495 -0.112575
8.21879 3710 -7.3015 -0.119875
8.22121 3719 -7.3745 -0.120925
8.22336 3727 -7.2456 -0.118684
8.22550 3735 -7.7790 -0.127285
8.22791 3744 -8.1084 -0.132516
8.23004 3752 -8.1785 -0.133519
8.23244 3761 -8.3039 -0.135404
8.23456 3769 -7.7850 -0.126807
8.23695 3778 -7.3658 -0.119836
8.23907 3786 -7.8616 -0.127768
8.24144 3795 -7.8294 -0.127093
8.24355 3803 -7.8493 -0.127283
8.24591 3812 -7.8966 -0.127897
8.24801 3820 -7.8271 -0.126639
8.25036 3829 -7.5848 -0.122576
8.25271 3838 -7.3784 -0.119099
8.25479 3846 -6.9399 -0.111905
8.25713 3855 -6.9566 -0.112044
8.25946 3864 -7.4281 -0.119497
8.26153 3872 -7.1454 -0.114830
8.26385 3881 -7.1649 -0.115011
8.26616 3890 -6.9153 -0.110875
8.26848 3899 -6.6366 -0.106284
8.27053 3907 -6.6675 -0.106670
8.27283 3916 -7.3343 -0.117203
8.27512 3925 -6.9785 -0.111389
8.27741 3934 -7.2618 -0.115778
8.27970 3943 -6.7270 -0.107129
8.28198 3952 -6.6741 -0.106166
8.28400 3960 -6.6103 -0.105045
8.28627 3969 -6.9036 -0.109581
8.28853 3978 -6.4404 -0.102114
8.29079 3987 -6.8637 -0.108701
8.29305 3996 -6.4993 -0.102815
8.29530 4005 -6.4704 -0.102242
8.29754 4014 -6.3345 -0.099982
8.29978 4023 -6.1407 -0.096815
8.30202 4032 -5.9062 -0.093013
8.30425 4041 -5.7475 -0.090414
8.30672 4051 -5.1017 -0.080155
8.30894 4060 -5.0521 -0.079289
8.31115 4069 -5.0170 -0.078651
8.31336 4078 -4.8947 -0.076648
8.31557 4087 -5.1484 -0.080533
8.31777 4096 -4.7391 -0.074048
8.32020 4106 -5.1065 -0.079692
8.32239 4115 -5.2661 -0.082093
8.32458 4124 -5.4239 -0.084460
8.32676 4133 -4.7651 -0.074120
8.32918 4143 -4.5486 -0.070668
8.33135 4152 -4.1794 -0.064862
8.33351 4161 -4.3516 -0.067461
8.33591 4171 -4.1895 -0.064869
8.33807 4180 -3.8439 -0.059455
8.34046 4190 -4.0199 -0.062102
8.34260 4199 -3.6737 -0.056694
8.34474 4208 -3.8032 -0.058628
8.34712 4218 -3.1637 -0.048712
8.34925 4227 -3.3472 -0.051484
8.35161 4237 -3.6477 -0.056040
8.35397 4247 -3.4541 -0.053003
8.35609 4256 -3.3953 -0.052045
8.35843 4266 -3.1769 -0.048640
8.36054 4275 -3.0971 -0.047369
8.36288 4285 -3.2956 -0.050346
8.36521 4295 -3.4665 -0.052895
8.36730 4304 -3.6619 -0.055818
8.36962 4314 -4.2413 -0.064574
8.37194 4324 -4.3716 -0.066481
8.37402 4333 -3.9378 -0.059822
8.37632 4343 -4.0110 -0.060864
8.37862 4353 -3.6430 -0.055215
8.38092 4363 -3.8050 -0.057605
8.38320 4373 -3.4184 -0.051694
8.38526 4382 -3.3064 -0.049949
8.38754 4392 -3.1289 -0.047212
8.38981 4402 -2.7750 -0.041825
8.39208 4412 -3.0322 -0.045650
8.39435 4422 -2.0912 -0.031447
8.39661 4432 -2.0950 -0.031469
8.39886 4442 -1.8752 -0.028135
8.40111 4452 -1.5369 -0.023034
8.40335 4462 -1.7055 -0.025532
8.40559 4472 -0.9521 -0.014237
8.40782 4482 -0.9292 -0.013879
8.41005 4492 -1.0917 -0.016288
8.41228 4502 -0.9031 -0.013460
8.41450 4512 -1.1516 -0.017145
8.41693 4523 -0.7236 -0.010759
8.41914 4533 -0.9006 -0.013377
8.42134 4543 -0.4190 -0.006216
8.42354 4553 -0.4947 -0.007331
8.42574 4563 -1.0320 -0.015277
8.42814 4574 -0.9521 -0.014078
8.43033 4584 -1.2809 -0.018918
8.43251 4594 -1.4816 -0.021859
8.43490 4605 -2.1743 -0.032040
8.43707 4615 -2.7593 -0.040618
8.43923 4625 -2.0470 -0.030099
8.44161 4636 -2.6865 -0.039456
8.44376 4646 -3.1676 -0.046472
8.44613 4657 -3.6770 -0.053881
8.44827 4667 -4.0714 -0.059598
8.45063 4678 -3.8076 -0.055671
8.45276 4688 -4.1755 -0.060983
8.45510 4699 -4.4905 -0.065508
8.45723 4709 -4.6928 -0.068386
8.45956 4720 -4.8105 -0.070020
8.46189 4731 -4.9063 -0.071331
8.46400 4741 -4.6157 -0.067036
8.46632 4752 -4.6680 -0.067716
8.46863 4763 -4.9925 -0.072339
8.47073 4773 -4.8012 -0.069495
8.47303 4784 -5.0137 -0.072487
8.47533 4795 -4.4588 -0.064391
8.47762 4806 -4.5414 -0.065509
8.47991 4817 -4.9974 -0.072004
8.48198 4827 -5.0513 -0.072705
8.48426 4838 -5.6040 -0.080568
8.48653 4849 -5.2145 -0.074884
8.48879 4860 -5.4767 -0.078560
8.49105 4871 -5.2810 -0.075667
8.49331 4882 -4.4776 -0.064083
8.49556 4893 -4.6489 -0.066460
8.49781 4904 -5.1178 -0.073082
8.50005 4915 -4.6124 -0.065790
8.50228 4926 -4.5901 -0.065399
8.50451 4937 -5.0269 -0.071543
8.50674 4948 -4.6787 -0.066514
8.50916 4960 -5.1382 -0.072957
8.51138 4971 -5.5964 -0.079376
8.51359 4982 -5.8731 -0.083209
8.51579 4993 -5.6865 -0.080475
8.51799 5004 -5.5307 -0.078185
8.52039 5016 -5.6847 -0.080265
8.52258 5027 -5.7432 -0.081003
8.52476 5038 -5.9680 -0.084081
8.52714 5050 -5.7561 -0.080999
8.52932 5061 -6.0448 -0.084970
8.53149 5072 -5.9539 -0.083601
8.53385 5084 -6.5207 -0.091451
8.53601 5095 -6.9326 -0.097124
8.53837 5107 -7.0661 -0.098878
8.54052 5118 -6.6653 -0.093168
8.54286 5130 -7.0009 -0.097745
8.54500 5141 -7.3758 -0.102870
8.54733 5153 -7.2762 -0.101361
8.54947 5164 -7.9433 -0.110536
8.55179 5176 -7.8247 -0.108761
8.55410 5188 -7.9864 -0.110880
8.55622 5199 -7.4994 -0.104008
8.55853 5211 -7.7456 -0.107299
8.56083 5223 -7.5827 -0.104921
8.56312 5235 -7.9471 -0.109838
8.56522 5246 -8.0940 -0.111750
8.56751 5258 -8.1822 -0.112839
8.56979 5270 -8.6240 -0.118797
8.57206 5282 -8.5946 -0.118256
8.57433 5294 -8.1825 -0.112460
8.57659 5306 -7.7908 -0.106954
8.57885 5318 -7.1315 -0.097792
8.58111 5330 -7.2141 -0.098813
8.58336 5342 -7.5740 -0.103627
8.58560 5354 -7.7256 -0.105583
8.58784 5366 -7.9837 -0.108988
8.59007 5378 -8.0225 -0.109396
8.59230 5390 -8.4956 -0.115718
8.59452 5402 -8.0031 -0.108888
8.59674 5414 -8.5321 -0.115957
8.59896 5426 -8.0386 -0.109130
8.60135 5439 -7.8278 -0.106141
8.60355 5451 -7.8938 -0.106917
8.60575 5463 -7.8056 -0.105607
8.60795 5475 -7.5612 -0.102188
8.61032 5488 -7.4864 -0.101057
8.61250 5500 -7.2688 -0.098012
8.61486 5513 -7.2408 -0.097520
8.61704 5525 -6.5492 -0.088109
8.61921 5537 -6.6942 -0.089962
8.62155 5550 -6.5668 -0.088147
8.62371 5562 -6.6340 -0.088953
8.62605 5575 -6.2431 -0.083614
8.62820 5587 -6.1109 -0.081755
8.63052 5600 -6.2131 -0.083026
8.63284 5613 -5.9462 -0.079367
8.63498 5625 -5.8953 -0.078604
8.63728 5638 -6.1972 -0.082535
8.63959 5651 -5.8249 -0.077486
8.64171 5663 -5.8189 -0.077324
8.64400 5676 -6.5506 -0.086949
8.64629 5689 -6.7045 -0.088890
8.64857 5702 -6.0441 -0.080042
8.65085 5715 -6.3041 -0.083391
8.65295 5727 -5.7135 -0.075499
8.65521 5740 -5.9669 -0.078758
8.65748 5753 -6.1118 -0.080580
8.65973 5766 -6.3698 -0.083886
8.66199 5779 -5.9834 -0.078708
8.66423 5792 -6.0560 -0.079574
8.66647 5805 -6.4734 -0.084963
8.66871 5818 -6.6179 -0.086762
8.67094 5831 -7.0217 -0.091954
8.67334 5845 -6.9580 -0.091011
8.67556 5858 -7.2535 -0.094770
8.67778 5871 -7.5362 -0.098355
8.67999 5884 -7.7772 -0.101388
8.68220 5897 -7.0891 -0.092316
8.68457 5911 -6.9024 -0.089778
8.68677 5924 -7.0399 -0.091466
8.68896 5937 -7.3839 -0.095830
8.69131 5951 -7.2609 -0.094123
8.69350 5964 -7.5053 -0.097185
8.69584 5978 -7.0811 -0.091585
8.69801 5991 -7.1137 -0.091906
8.70018 6004 -7.4713 -0.096422
8.70251 6018 -7.2983 -0.094079
8.70483 6032 -7.1662 -0.092269
8.70699 6045 -7.5857 -0.097566
8.70930 6059 -7.9353 -0.101944
8.71144 6072 -7.4101 -0.095095
8.71375 6086 -7.7621 -0.099498
8.71604 6100 -7.0133 -0.089797
8.71817 6113 -7.4875 -0.095765
8.72046 6127 -7.6630 -0.097899
8.72274 6141 -8.0087 -0.102198
8.72502 6155 -7.7546 -0.098842
8.72729 6169 -7.7453 -0.098613
8.72956 6183 -7.8327 -0.099612
8.73182 6197 -8.1743 -0.103839
8.73408 6211 -8.5858 -0.108943
8.73617 6224 -7.7763 -0.098569
8.73858 6239 -7.8719 -0.099660
8.74082 6253 -7.6441 -0.096668
8.74305 6267 -7.3555 -0.092914
8.74528 6281 -6.7789 -0.085535
8.74751 6295 -6.3747 -0.080345
8.74973 6309 -5.7709 -0.072654
8.75195 6323 -5.4960 -0.069117
8.75432 6338 -6.1201 -0.076875
8.75653 6352 -6.3555 -0.079743
8.75873 6366 -6.8463 -0.085807
8.76092 6380 -6.6723 -0.083535
8.76327 6395 -5.9836 -0.074824
8.76546 6409 -5.9396 -0.074193
8.76780 6424 -5.3968 -0.067334
8.76997 6438 -5.2734 -0.065723
8.77230 6453 -5.3657 -0.066796
8.77447 6467 -5.4530 -0.067808
8.77678 6482 -5.1462 -0.063919
8.77894 6496 -5.2712 -0.065401
8.78125 6511 -5.2609 -0.065199
8.78355 6526 -5.4227 -0.067126
8.78569 6540 -5.7076 -0.070577
8.78798 6555 -5.7173 -0.070616
8.79027 6570 -5.6128 -0.069246
8.79255 6585 -5.6357 -0.069450
8.79467 6599 -5.2467 -0.064587
8.79694 6614 -5.9580 -0.073260
8.79921 6629 -5.6053 -0.068846
8.80147 6644 -5.5827 -0.068490
8.80372 6659 -5.3631 -0.065722
8.80597 6674 -4.9395 -0.060463
8.80822 6689 -4.9253 -0.060222
8.81046 6704 -4.8315 -0.059008
8.81269 6719 -4.7943 -0.058489
8.81492 6734 -5.1228 -0.062427
8.81730 6750 -4.8325 -0.058820
8.81952 6765 -4.5303 -0.055080
8.82173 6780 -5.0876 -0.061787
8.82394 6795 -5.3002 -0.064298
8.82629 6811 -5.1195 -0.062033
8.82849 6826 -5.0331 -0.060919
8.83069 6841 -5.2397 -0.063349
8.83303 6857 -5.0949 -0.061527
8.83521 6872 -5.1051 -0.061584
8.83754 6888 -5.0101 -0.060366
8.83971 6903 -5.2952 -0.063732
8.84203 6919 -5.7272 -0.068852
8.84419 6934 -5.7169 -0.068654
8.84650 6950 -4.9041 -0.058825
8.84865 6965 -4.6684 -0.055938
8.85095 6981 -4.6750 -0.055953
8.85324 6997 -4.3701 -0.052244
8.85552 7013 -4.2399 -0.050630
8.85766 7028 -4.3197 -0.051527
8.85993 7044 -4.8959 -0.058334
8.86220 7060 -4.7831 -0.056926
8.86446 7076 -4.5400 -0.053971
8.86672 7092 -4.5716 -0.054285
8.86898 7108 -5.0684 -0.060117
8.87122 7124 -4.6921 -0.055591
8.87347 7140 -4.2780 -0.050629
8.87571 7156 -3.8166 -0.045118
8.87794 7172 -2.8909 -0.034136
8.88017 7188 -2.8047 -0.033081
8.88239 7204 -2.6312 -0.031000
8.88475 7221 -2.7347 -0.032182
8.88696 7237 -3.5174 -0.041347
8.88917 7253 -3.3980 -0.039899
8.89151 7270 -3.5834 -0.042027
8.89371 7286 -3.8261 -0.044824
8.89590 7302 -3.9767 -0.046538
8.89823 7319 -4.5887 -0.053637
8.90041 7335 -4.1855 -0.048871
8.90273 7352 -3.9936 -0.046576
8.90490 7368 -4.2420 -0.049419
8.90721 7385 -3.9055 -0.045447
8.90951 7402 -3.7626 -0.043733
8.91166 7418 -4.0082 -0.046538
8.91395 7435 -4.1777 -0.048451
8.91624 7452 -4.4951 -0.052072
8.91838 7468 -4.6362 -0.053649
8.92066 7485 -5.3013 -0.061276
8.92292 7502 -4.8010 -0.055430
8.92519 7519 -5.1147 -0.058985
8.92745 7536 -5.1812 -0.059684
8.92970 7553 -4.8097 -0.055342
8.93195 7570 -5.6161 -0.064548
8.93419 7587 -5.7567 -0.066090
8.93643 7604 -5.8732 -0.067353
8.93866 7621 -5.7695 -0.066089
8.94089 7638 -6.1633 -0.070522
8.94324 7656 -5.7007 -0.065152
8.94546 7673 -5.1381 -0.058656
8.94768 7690 -5.4029 -0.061611
8.94988 7707 -5.1392 -0.058540
8.95222 7725 -5.0763 -0.057756
8.95442 7742 -4.6390 -0.052722
8.95674 7760 -4.6104 -0.052337
8.95893 7777 -4.1693 -0.047278
8.96124 7795 -3.9626 -0.044882
8.96342 7812 -3.7677 -0.042628
8.96572 7830 -3.5195 -0.039774
8.96789 7847 -3.3920 -0.038292
8.97018 7865 -3.5067 -0.039541
8.97246 7883 -3.7588 -0.042335
8.97462 7900 -4.2883 -0.048247
8.97689 7918 -3.7980 -0.042683
8.97916 7936 -4.2293 -0.047475
8.98143 7954 -4.2870 -0.048068
8.98369 7972 -4.8521 -0.054343
8.98595 7990 -5.1632 -0.057763
8.98820 8008 -5.9555 -0.066551
8.99044 8026 -5.4903 -0.061284
8.99268 8044 -5.6821 -0.063353
8.99492 8062 -6.0252 -0.067104
8.99715 8080 -6.1685 -0.068623
8.99937 8098 -6.7238 -0.074719
9.00172 8117 -6.5843 -0.073082
9.00393 8135 -6.7280 -0.074595
9.00614 8153 -6.4584 -0.071527
9.00847 8172 -5.6189 -0.062157
9.01067 8190 -5.5158 -0.060949
9.01286 8208 -5.6911 -0.062817
9.01518 8227 -5.7909 -0.063845
9.01736 8245 -5.6313 -0.062018
9.01966 8264 -6.4474 -0.070923
9.02196 8283 -5.8245 -0.063997
9.02413 8301 -5.9290 -0.065075
9.02642 8320 -5.3273 -0.058404
9.02870 8339 -5.5768 -0.061070
9.03085 8357 -5.2583 -0.057520
9.03313 8376 -5.8440 -0.063855
9.03539 8395 -5.9391 -0.064821
9.03765 8414 -6.6239 -0.072213
9.03991 8433 -6.8884 -0.075011
9.04216 8452 -6.5675 -0.071437
9.04440 8471 -6.8239 -0.074142
9.04664 8490 -6.5230 -0.070794
9.04888 8509 -5.7862 -0.062727
9.05111 8528 -5.0762 -0.054969
9.05345 8548 -4.8785 -0.052766
9.05567 8567 -4.8967 -0.052904
9.05789 8586 -4.9294 -0.053199
9.06010 8605 -4.3155 -0.046521
9.06242 8625 -4.3851 -0.047217
9.06462 8644 -5.3740 -0.057801
9.06693 8664 -6.2432 -0.067073
9.06912 8683 -6.6423 -0.071283
9.07142 8703 -6.7405 -0.072254
9.07360 8722 -6.5563 -0.070202
9.07589 8742 -7.1040 -0.075979
9.07818 8762 -7.0791 -0.075626
9.08035 8781 -6.9003 -0.073637
9.08262 8801 -6.5126 -0.069421
9.08489 8821 -6.0335 -0.064240
9.08716 8841 -5.7082 -0.060709
9.08941 8861 -5.6007 -0.059498
9.09167 8881 -5.6126 -0.059557
9.09392 8901 -4.7987 -0.050863
9.09616 8921 -4.5041 -0.047687
9.09840 8941 -4.5658 -0.048286
9.10064 8961 -5.5098 -0.058204
9.10287 8981 -5.8526 -0.061757
9.10509 9001 -6.8010 -0.071685
9.10742 9022 -6.2359 -0.065652
9.10964 9042 -6.2595 -0.065828
9.11185 9062 -6.7009 -0.070392
9.11416 9083 -7.4533 -0.078205
9.11636 9103 -8.0610 -0.084489
9.11866 9124 -8.4722 -0.088695
9.12085 9144 -8.2545 -0.086323
9.12315 9165 -9.1241 -0.095307
9.12533 9185 -8.8613 -0.092461
9.12761 9206 -8.4885 -0.088470
9.12989 9227 -8.0813 -0.084130
9.13216 9248 -8.5168 -0.088563
9.13443 9269 -8.8954 -0.092395
9.13659 9289 -9.1421 -0.094855
9.13884 9310 -9.0379 -0.093669
9.14110 9331 -8.9281 -0.092427
9.14335 9352 -8.0942 -0.083699
9.14559 9373 -8.6056 -0.088888
9.14783 9394 -7.8672 -0.081169
9.15017 9416 -7.6616 -0.078956
9.15239 9437 -7.6205 -0.078445
9.15462 9458 -8.1433 -0.083734
9.15683 9479 -8.2839 -0.085086
9.15915 9501 -8.1177 -0.083282
9.16136 9522 -8.1638 -0.083662
9.16367 9544 -8.3592 -0.085566
9.16587 9565 -7.8301 -0.080062
9.16816 9587 -7.6901 -0.078540
9.17035 9608 -7.8327 -0.079909
9.17264 9630 -7.9124 -0.080630
9.17482 9651 -7.7688 -0.079080
9.17709 9673 -6.9956 -0.071128
9.17937 9695 -6.8766 -0.069839
9.18163 9717 -6.7347 -0.068321
9.18389 9739 -7.2558 -0.073524
9.18615 9761 -6.9901 -0.070751
9.18840 9783 -7.0514 -0.071292
9.19065 9805 -6.7952 -0.068624
9.19289 9827 -6.7360 -0.067951
9.19513 9849 -7.4785 -0.075356
9.19736 9871 -7.2286 -0.072757
9.19958 9893 -6.9897 -0.070274
9.20190 9916 -7.3988 -0.074300
9.20412 9938 -7.3278 -0.073506
9.20633 9960 -7.4211 -0.074360
9.20864 9983 -8.1393 -0.081462
9.21084 10005 -7.8946 -0.078927
9.21314 10028 -8.3725 -0.083608
9.21533 10050 -8.1408 -0.081206
9.21761 10073 -7.9296 -0.079008
9.21989 10096 -7.3381 -0.073031
9.22207 10118 -6.8531 -0.068130
9.22434 10141 -6.1651 -0.061221
9.22661 10164 -5.9126 -0.058647
9.22887 10187 -6.2603 -0.062025
9.23112 10210 -6.2087 -0.061445
9.23337 10233 -6.2807 -0.062088
9.23562 10256 -5.7664 -0.056939
9.23786 10279 -5.8805 -0.058001
9.24009 10302 -5.3661 -0.052869
9.24232 10325 -5.2369 -0.051538
9.24455 10348 -5.1058 -0.050192
9.24687 10372 -4.4414 -0.043611
9.24908 10395 -4.7790 -0.046873
9.25139 10419 -4.5049 -0.044134
9.25359 10442 -4.6306 -0.045315
9.25579 10465 -4.9105 -0.048002
9.25808 10489 -5.2083 -0.050855
9.26037 10513 -5.4166 -0.052828
9.26255 10536 -4.6451 -0.045254
9.26483 10560 -4.1952 -0.040825
9.26710 10584 -3.7329 -0.036285
9.26936 10608 -4.0387 -0.039212
9.27162 10632 -4.3032 -0.041734
9.27388 10656 -3.4664 -0.033580
9.27613 10680 -3.4893 -0.033764
9.27837 10704 -4.0897 -0.039529
9.28061 10728 -3.9027 -0.037680
9.28285 10752 -4.4241 -0.042666
9.28508 10776 -3.8722 -0.037301
9.28730 10800 -3.7702 -0.036279
9.28961 10825 -4.1522 -0.039909
9.29183 10849 -3.8284 -0.036755
9.29404 10873 -4.3003 -0.041240
9.29633 10898 -4.6178 -0.044234
9.29853 10922 -4.6263 -0.044268
9.30082 10947 -4.2348 -0.040475
9.30310 10972 -4.9735 -0.047481
9.30529 10996 -5.1799 -0.049398
9.30756 11021 -5.5243 -0.052622
9.30982 11046 -4.6895 -0.044619
9.31208 11071 -4.3378 -0.041226
9.31434 11096 -4.3498 -0.041294
9.31659 11121 -4.6720 -0.044303
9.31884 11146 -5.0691 -0.048014
9.32108 11171 -5.1550 -0.048773
9.32331 11196 -5.8821 -0.055590
9.32554 11221 -5.2654 -0.049707
9.32786 11247 -4.6245 -0.043606
9.33008 11272 -3.8536 -0.036297
9.33229 11297 -4.0968 -0.038545
9.33459 11323 -3.3428 -0.031414
9.33680 11348 -3.8551 -0.036189
9.33909 11374 -4.1794 -0.039188
9.34128 11399 -4.8785 -0.045693
9.34356 11425 -4.7535 -0.044472
9.34583 11451 -5.0134 -0.046850
9.34810 11477 -4.6794 -0.043680
9.35028 11502 -5.4499 -0.050816
9.35253 11528 -4.9473 -0.046078
9.35479 11554 -5.8450 -0.054378
9.35703 11580 -5.7371 -0.053314
9.35928 11606 -6.1065 -0.056682
9.36152 11632 -5.5503 -0.051462
9.36383 11659 -5.1543 -0.047735
9.36606 11685 -5.2782 -0.048828
9.36828 11711 -5.7078 -0.052743
9.37059 11738 -5.6623 -0.052263
9.37280 11764 -4.3515 -0.040120
9.37509 11791 -4.4490 -0.040972
9.37729 11817 -3.5549 -0.032702
9.37958 11844 -3.2362 -0.029736
9.38177 11870 -3.3455 -0.030707
9.38404 11897 -2.8972 -0.026562
9.38631 11924 -4.1828 -0.038305
9.38857 11951 -4.1010 -0.037514
9.39083 11978 -5.2612 -0.048072
9.39308 12005 -5.4595 -0.049828
9.39533 12032 -5.9302 -0.054063
9.39757 12059 -6.4761 -0.058973
9.39980 12086 -6.6742 -0.060710
9.40203 12113 -7.7323 -0.070256
9.40426 12140 -8.0147 -0.072741
9.40656 12168 -8.0542 -0.073015
9.40878 12195 -7.9692 -0.072165
9.41107 12223 -7.6146 -0.068874
9.41328 12250 -8.6542 -0.078191
9.41556 12278 -8.5175 -0.076868
9.41776 12305 -8.2988 -0.074813
9.42003 12333 -7.9234 -0.071347
9.42230 12361 -8.2040 -0.073790
9.42456 12389 -7.7305 -0.069452
9.42682 12417 -7.4389 -0.066757
9.42899 12444 -8.2613 -0.074057
9.43124 12472 -8.0676 -0.072240
9.43356 12501 -7.8988 -0.070646
9.43580 12529 -7.6241 -0.068113
9.43803 12557 -7.6917 -0.068641
9.44026 12585 -7.5980 -0.067729
9.44256 12614 -7.4655 -0.066471
9.44478 12642 -7.3830 -0.065664
9.44699 12670 -5.9484 -0.052846
9.44928 12699 -4.9383 -0.043822
9.45156 12728 -4.9427 -0.043811
9.45376 12756 -5.3011 -0.046936
9.45603 12785 -5.4199 -0.047934
9.45829 12814 -5.9192 -0.052291
9.46055 12843 -5.6885 -0.050196
9.46273 12871 -5.4346 -0.047903
9.46498 12900 -5.8866 -0.051829
9.46731 12930 -5.7525 -0.050589
9.46955 12959 -5.7541 -0.050546
9.47178 12988 -5.7317 -0.050294
9.47401 13017 -6.4553 -0.056580
9.47624 13046 -6.6465 -0.058191
9.47853 13076 -6.5270 -0.057079
9.48075 13105 -6.4140 -0.056029
9.48304 13135 -6.9887 -0.060979
9.48524 13164 -7.2122 -0.062860
9.48752 13194 -6.9455 -0.060467
9.48979 13224 -7.1932 -0.062552
9.49198 13253 -6.8817 -0.059778
9.49424 13283 -6.5648 -0.056961
9.49650 13313 -7.1775 -0.062206
9.49875 13343 -8.4285 -0.072966
9.50099 13373 -8.5159 -0.073640
9.50323 13403 -8.2006 -0.070835
9.50547 13433 -8.4479 -0.072889
9.50777 13464 -9.0205 -0.077740
9.51000 13494 -8.8550 -0.076229
9.51222 13524 -8.7676 -0.075392
9.51451 13555 -8.5671 -0.073584
9.51672 13585 -8.2497 -0.070780
9.51900 13616 -8.6093 -0.073781
9.52127 13647 -7.6341 -0.065349
9.52347 13677 -7.8315 -0.066965
9.52573 13708 -7.4935 -0.064002
9.52799 13739 -8.3887 -0.071568
9.53025 13770 -8.7580 -0.074635
9.53250 13801 -8.8443 -0.075285
9.53474 13832 -8.7857 -0.074703
9.53698 13863 -8.9924 -0.076375
9.53921 13894 -8.9366 -0.075815
9.54151 13926 -8.8830 -0.075275
9.54374 13957 -8.3504 -0.070682
9.54603 13989 -8.7609 -0.074072
9.54824 14020 -9.0104 -0.076098
9.55052 14052 -8.9343 -0.075369
9.55272 14083 -9.2557 -0.077994
9.55499 14115 -9.5101 -0.080047
9.55726 14147 -9.5365 -0.080178
9.55952 14179 -10.3626 -0.087026
9.56177 14211 -11.1361 -0.093416
9.56402 14243 -10.1210 -0.084805
9.56627 14275 -9.3408 -0.078180
9.56850 14307 -9.8236 -0.082129
9.57074 14339 -10.9424 -0.091380
9.57297 14371 -11.3076 -0.094325
9.57526 14404 -11.0200 -0.091821
9.57748 14436 -10.4741 -0.087176
9.57976 14469 -10.1752 -0.084591
9.58197 14501 -10.2427 -0.085058
9.58425 14534 -10.3121 -0.085537
9.58645 14566 -9.3427 -0.077411
9.58871 14599 -9.1298 -0.075561
9.59097 14632 -9.2643 -0.076588
9.59322 14665 -10.1102 -0.083487
9.59547 14698 -9.4661 -0.078080
9.59771 14731 -8.7778 -0.072322
9.59995 14764 -7.9761 -0.065643
9.60225 14798 -7.8610 -0.064621
9.60447 14831 -7.8588 -0.064531
9.60670 14864 -8.6113 -0.070631
9.60898 14898 -8.2209 -0.067353
9.61119 14931 -7.2174 -0.059066
9.61347 14965 -7.3409 -0.060009
9.61574 14999 -6.9657 -0.056877
9.61794 15032 -6.0026 -0.048959
9.62020 15066 -6.1797 -0.050347
9.62245 15100 -5.7283 -0.046617
9.62470 15134 -4.9931 -0.040588
9.62694 15168 -4.3830 -0.035588
9.62918 15202 -4.4476 -0.036072
9.63148 15237 -5.1648 -0.041841
9.63371 15271 -5.7363 -0.046419
9.63593 15305 -5.3747 -0.043445
9.63822 15340 -5.0619 -0.040870
9.64043 15374 -5.2903 -0.042667
9.64271 15409 -5.3553 -0.043142
9.64498 15444 -4.7173 -0.037959
9.64724 15479 -4.6902 -0.037698
9.64943 15513 -5.3852 -0.043237
9.65169 15548 -6.0120 -0.048215
9.65394 15583 -6.4151 -0.051390
9.65618 15618 -6.0510 -0.048418
9.65848 15654 -6.3146 -0.050470
9.66072 15689 -6.2825 -0.050157
9.66294 15724 -5.9124 -0.047150
9.66523 15760 -6.6051 -0.052614
9.66745 15795 -6.1804 -0.049177
9.66973 15831 -6.6604 -0.052935
9.67193 15866 -6.4944 -0.051559
9.67420 15902 -6.5561 -0.051990
9.67646 15938 -7.3276 -0.058043
9.67872 15974 -8.6216 -0.068215
9.68097 16010 -9.3612 -0.073984
9.68321 16046 -9.4767 -0.074812
9.68546 16082 -9.5525 -0.075326
9.68769 16118 -8.9805 -0.070736
9.68992 16154 -8.6534 -0.068084
9.69221 16191 -8.4681 -0.066550
9.69443 16227 -8.9911 -0.070582
9.69671 16264 -9.3221 -0.073097
9.69892 16300 -7.9760 -0.062473
9.70119 16337 -8.3525 -0.065348
9.70345 16374 -8.7107 -0.068073
9.70571 16411 -8.8765 -0.069291
9.70796 16448 -8.4588 -0.065956
9.71021 16485 -8.4016 -0.065436
9.71245 16522 -7.3981 -0.057556
9.71469 16559 -6.8144 -0.052956
9.71692 16596 -6.3733 -0.049472
9.71920 16634 -6.9897 -0.054195
9.72143 16671 -6.7895 -0.052584
9.72370 16709 -7.0729 -0.054717
9.72591 16746 -7.9944 -0.061778
9.72818 16784 -6.8823 -0.053124
9.73044 16822 -5.8106 -0.044800
9.73270 16860 -5.7173 -0.044032
9.73495 16898 -5.1481 -0.039603
9.73720 16936 -6.0836 -0.046747
9.73944 16974 -5.0791 -0.038985
9.74167 17012 -4.5661 -0.035008
9.74391 17050 -4.5776 -0.035057
9.74619 17089 -4.8100 -0.036795
9.74841 17127 -5.6279 -0.043003
9.75069 17166 -6.1816 -0.047181
9.75290 17204 -6.0118 -0.045834
9.75516 17243 -5.6767 -0.043230
9.75742 17282 -5.2888 -0.040231
9.75967 17321 -4.7683 -0.036230
9.76192 17360 -4.1825 -0.031744
9.76417 17399 -3.4553 -0.026195
9.76641 17438 -2.7825 -0.021071
9.76864 17477 -3.2086 -0.024271
9.77093 17517 -4.5208 -0.034157
9.77315 17556 -4.3473 -0.032810
9.77543 17596 -5.2779 -0.039788
9.77764 17635 -4.6159 -0.034759
9.77991 17675 -3.9347 -0.029596
9.78217 17715 -4.5081 -0.033871
9.78442 17755 -3.6299 -0.027242
9.78667 17795 -3.4584 -0.025925
9.78892 17835 -3.5922 -0.026898
9.79116 17875 -3.5042 -0.026210
9.79339 17915 -3.0801 -0.023012
9.79568 17956 -3.0965 -0.023108
9.79790 17996 -2.8547 -0.021280
9.80018 18037 -2.4434 -0.018194
9.80240 18077 -3.1245 -0.023239
9.80466 18118 -4.2843 -0.031829
9.80692 18159 -4.7040 -0.034908
9.80918 18200 -3.7987 -0.028158
9.81143 18241 -4.6030 -0.034082
9.81367 18282 -5.0745 -0.037530
9.81591 18323 -3.5087 -0.025920
9.81815 18364 -3.9948 -0.029479
9.82038 18405 -4.1052 -0.030260
9.82266 18447 -4.0779 -0.030025
9.82488 18488 -3.6366 -0.026745
9.82715 18530 -2.1277 -0.015631
9.82941 18572 -2.1941 -0.016100
9.83167 18614 -1.1623 -0.008519
9.83387 18655 -0.3192 -0.002337
9.83612 18697 -1.2058 -0.008818
9.83842 18740 -0.7270 -0.005311
9.84065 18782 0.0625 0.000456
9.84289 18824 0.2300 0.001677
9.84512 18866 -0.1111 -0.000809
9.84739 18909 -0.1623 -0.001180
9.84966 18952 -0.8498 -0.006173
9.85188 18994 -0.9706 -0.007043
9.85414 19037 -0.1593 -0.001154
9.85640 19080 -0.1865 -0.001350
9.85865 19123 -1.0964 -0.007928
9.86089 19166 -1.5446 -0.011157
9.86313 19209 -2.1768 -0.015706
9.86537 19252 -4.2704 -0.030777
9.86765 19296 -4.3710 -0.031466
9.86988 19339 -5.4037 -0.038858
9.87215 19383 -5.1469 -0.036969
9.87437 19426 -4.9811 -0.035738
9.87663 19470 -5.6034 -0.040157
9.87889 19514 -6.3247 -0.045276
9.88114 19558 -6.9104 -0.049413
9.88339 19602 -6.1212 -0.043721
9.88563 19646 -5.9952 -0.042773
9.88787 19690 -6.2928 -0.044846
9.89015 19735 -6.9211 -0.049267
9.89238 19779 -5.9910 -0.042599
9.89465 19824 -4.8012 -0.034100
9.89687 19868 -5.0366 -0.035732
9.89913 19913 -4.4784 -0.031736
9.90139 19958 -3.0304 -0.021451
9.90364 20003 -3.4321 -0.024267
9.90588 20048 -4.5180 -0.031909
9.90813 20093 -4.9501 -0.034922
9.91036 20138 -5.4693 -0.038541
9.91260 20183 -5.1949 -0.036566
9.91487 20229 -6.0928 -0.042838
9.91709 20274 -6.2153 -0.043651
9.91936 20320 -6.7395 -0.047279
9.92162 20366 -6.0284 -0.042242
9.92388 20412 -6.0343 -0.042236
9.92613 20458 -5.7767 -0.040388
9.92838 20504 -5.8756 -0.041033
9.93062 20550 -5.1287 -0.035777
9.93285 20596 -6.9299 -0.048288
9.93513 20643 -6.8854 -0.047923
9.93736 20689 -5.9721 -0.041520
9.93963 20736 -6.8572 -0.047620
9.94184 20782 -8.2954 -0.057543
9.94410 20829 -8.4414 -0.058490
9.94636 20876 -8.3114 -0.057524
9.94860 20923 -7.4873 -0.051762
9.95085 20970 -7.3892 -0.051027
9.95309 21017 -7.3298 -0.050560
9.95537 21065 -7.3760 -0.050821
9.95760 21112 -8.5905 -0.059123
9.95987 21160 -9.0820 -0.062434
9.96209 21207 -9.2830 -0.063745
9.96435 21255 -9.1692 -0.062893
9.96660 21303 -9.1212 -0.062493
9.96885 21351 -7.9186 -0.054193
9.97110 21399 -7.8860 -0.053909
9.97334 21447 -7.5061 -0.051255
9.97558 21495 -7.9529 -0.054245
9.97785 21544 -8.0880 -0.055103
9.98008 21592 -8.1774 -0.055651
9.98234 21641 -7.8173 -0.053140
9.98461 21690 -8.0565 -0.054704
9.98686 21739 -8.9058 -0.060402
9.98907 21787 -9.5139 -0.064455
9.99136 21837 -10.1654 -0.068791
9.99360 21886 -10.2760 -0.069461
9.99584 21935 -10.6985 -0.072236
9.99807 21984 -11.7525 -0.079264
10.00034 22034 -10.8989 -0.073423
10.00261 22084 -10.1605 -0.068372
10.00482 22133 -9.3165 -0.062623
10.00708 22183 -8.8010 -0.059091
10.00933 22233 -8.8663 -0.059463
10.01158 22283 -9.6083 -0.064366
10.01382 22333 -8.2617 -0.055284
10.01610 22384 -8.0624 -0.053888
10.01833 22434 -8.3460 -0.055721
10.02056 22484 -8.6594 -0.057750
10.02282 22535 -9.0909 -0.060559
10.02509 22586 -10.0512 -0.066880
10.02734 22637 -10.6543 -0.070814
10.02959 22688 -10.6742 -0.070866
10.03184 22739 -11.1973 -0.074255
10.03408 22790 -11.8335 -0.078387
10.03631 22841 -13.0635 -0.086437
10.03859 22893 -12.4362 -0.082194
10.04081 22944 -12.1700 -0.080345
10.04308 22996 -11.3069 -0.074562
10.04533 23048 -11.3242 -0.074592
10.04759 23100 -10.9373 -0.071962
10.04984 23152 -11.1377 -0.073198
10.05208 23204 -10.7187 -0.070366
10.05432 23256 -9.8846 -0.064817
10.05655 23308 -9.9605 -0.065242
10.05882 23361 -9.7324 -0.063676
10.06105 23413 -8.4471 -0.055205
10.06331 23466 -8.8260 -0.057616
10.06556 23519 -9.2687 -0.060438
10.06781 23572 -7.4881 -0.048772
10.07006 23625 -7.8125 -0.050828
10.07230 23678 -6.0628 -0.039401
10.07458 23732 -5.4119 -0.035131
10.07681 23785 -4.6700 -0.030281
10.07908 23839 -4.7641 -0.030856
10.08130 23892 -5.6133 -0.036316
10.08356 23946 -6.2627 -0.040471
10.08581 24000 -6.6447 -0.042891
10.08806 24054 -6.8007 -0.043849
10.09030 24108 -5.8387 -0.037604
10.09254 24162 -5.3994 -0.034736
10.09481 24217 -6.4385 -0.041374
10.09704 24271 -6.4774 -0.041578
10.09930 24326 -6.9072 -0.044286
10.10156 24381 -6.5024 -0.041643
10.10381 24436 -6.3264 -0.040470
10.10606 24491 -6.7224 -0.042956
10.10830 24546 -5.1023 -0.032567
10.11054 24601 -4.0847 -0.026042
10.11282 24657 -4.8100 -0.030632
10.11504 24712 -4.4301 -0.028181
10.11731 24768 -4.5280 -0.028771
10.11957 24824 -4.8284 -0.030645
10.12178 24879 -5.7697 -0.036579
10.12403 24935 -4.6518 -0.029459
10.12631 24992 -4.5422 -0.028732
10.12855 25048 -4.6633 -0.029465
10.13078 25104 -5.4523 -0.034412
10.13305 25161 -5.8605 -0.036946
10.13527 25217 -5.6936 -0.035854
10.13753 25274 -5.6805 -0.035731
10.13978 25331 -5.0076 -0.031463
10.14203 25388 -5.8511 -0.036722
10.14427 25445 -5.8460 -0.036648
10.14655 25503 -5.0514 -0.031631
10.14878 25560 -6.0692 -0.037962
10.15105 25618 -5.4502 -0.034051
10.15327 25675 -6.7948 -0.042405
10.15553 25733 -6.3399 -0.039522
10.15778 25791 -6.9309 -0.043157
10.16003 25849 -8.2079 -0.051052
10.16227 25907 -8.4784 -0.052675
10.16454 25966 -9.4186 -0.058450
10.16677 26024 -8.9563 -0.055519
10.16904 26083 -8.7717 -0.054313
10.17126 26141 -9.6241 -0.059525
10.17351 26200 -8.9283 -0.055159
10.17576 26259 -9.6378 -0.059476
10.17801 26318 -8.6734 -0.053464
10.18029 26378 -8.9876 -0.055338
10.18252 26437 -8.8600 -0.054491
10.18479 26497 -9.0337 -0.055496
10.18701 26556 -9.5107 -0.058362
10.18927 26616 -10.4976 -0.064345
10.19152 26676 -9.6810 -0.059273
10.19377 26736 -9.8451 -0.060211
10.19601 26796 -9.8773 -0.060340
10.19828 26857 -9.4894 -0.057904
10.20051 26917 -10.4968 -0.063980
10.20278 26978 -10.0901 -0.061432
10.20500 27038 -10.4324 -0.063445
10.20725 27099 -9.2658 -0.056287
10.20950 27160 -8.6781 -0.052658
10.21178 27222 -8.6622 -0.052501
10.21402 27283 -9.3957 -0.056883
10.21625 27344 -9.2728 -0.056076
10.21852 27406 -8.3439 -0.050402
10.22078 27468 -7.5861 -0.045772
10.22300 27529 -7.6303 -0.045988
10.22524 27591 -6.5168 -0.039233
10.22753 27654 -6.6805 -0.040173
10.22977 27716 -6.5219 -0.039175
10.23200 27778 -5.7130 -0.034278
10.23427 27841 -5.4196 -0.032481
10.23649 27903 -3.7552 -0.022481
10.23874 27966 -3.1447 -0.018804
10.24099 28029 -3.4789 -0.020780
10.24324 28092 -3.9390 -0.023502
10.24552 28156 -4.8188 -0.028718
10.24775 28219 -4.3219 -0.025728
10.25002 28283 -4.1045 -0.024406
10.25224 28346 -4.8091 -0.028564
10.25450 28410 -6.0351 -0.035805
10.25675 28474 -5.4883 -0.032524
10.25899 28538 -6.3144 -0.037378
10.26123 28602 -5.9725 -0.035315
10.26350 28667 -4.9714 -0.029362
10.26573 28731 -4.8045 -0.028345
10.26799 28796 -4.0513 -0.023874
10.27025 28861 -4.1940 -0.024687
10.27250 28926 -3.9156 -0.023023
10.27474 28991 -3.8422 -0.022566
10.27698 29056 -3.2860 -0.019277
10.27925 29122 -3.5569 -0.020843
10.28148 29187 -3.4022 -0.019914
10.28374 29253 -4.7872 -0.027990
10.28599 29319 -3.7523 -0.021914
10.28824 29385 -3.3138 -0.019332
10.29048 29451 -2.6886 -0.015666
10.29272 29517 -4.3585 -0.025369
10.29499 29584 -5.4213 -0.031519
10.29722 29650 -4.6530 -0.027022
10.29947 29717 -6.1897 -0.035906
10.30173 29784 -6.7026 -0.038838
10.30397 29851 -6.6314 -0.038382
10.30622 29918 -8.1855 -0.047324
10.30849 29986 -8.1137 -0.046855
10.31072 30053 -7.5805 -0.043727
10.31298 30121 -7.6144 -0.043873
10.31523 30189 -8.6939 -0.050037
10.31748 30257 -10.0739 -0.057914
10.31973 30325 -10.6706 -0.061276
10.32197 30393 -10.8583 -0.062284
10.32424 30462 -10.4440 -0.059840
10.32647 30530 -8.3342 -0.047698
10.32872 30599 -8.4367 -0.048230
10.33098 30668 -7.4829 -0.042730
10.33322 30737 -8.0049 -0.045659
10.33546 30806 -7.7950 -0.044412
10.33773 30876 -6.7775 -0.038571
10.33997 30945 -6.4389 -0.036603
10.34223 31015 -6.9999 -0.039747
10.34448 31085 -7.4670 -0.042352
10.34673 31155 -7.9848 -0.045238
10.34897 31225 -8.4353 -0.047736
10.35121 31295 -10.0801 -0.056980
10.35345 31365 -10.2386 -0.057812
10.35571 31436 -10.7970 -0.060896
10.35797 31507 -10.5645 -0.059518
10.36022 31578 -10.5598 -0.059424
10.36246 31649 -11.0523 -0.062126
10.36470 31720 -11.0322 -0.061944
10.36697 31792 -10.4351 -0.058524
10.36920 31863 -11.4314 -0.064041
10.37146 31935 -10.2059 -0.057111
10.37371 32007 -9.5164 -0.053192
10.37596 32079 -9.1481 -0.051077
10.37820 32151 -9.5824 -0.053441
10.38047 32224 -9.8526 -0.054886
10.38270 32296 -8.6760 -0.048277
10.38496 32369 -8.4020 -0.046700
10.38721 32442 -8.9094 -0.049465
10.38946 32515 -8.3193 -0.046137
10.39170 32588 -7.0584 -0.039100
10.39394 32661 -7.4527 -0.041238
10.39620 32735 -6.8838 -0.038047
10.39846 32809 -6.0885 -0.033614
10.40071 32883 -6.2783 -0.034622
10.40296 32957 -5.8234 -0.032078
10.40520 33031 -6.1089 -0.033613
10.40744 33105 -5.5499 -0.030503
10.40970 33180 -5.3035 -0.029115
10.41193 33254 -4.5788 -0.025109
10.41418 33329 -4.9300 -0.027005
10.41643 33404 -5.3368 -0.029200
10.41870 33480 -4.6837 -0.025597
10.42094 33555 -5.3423 -0.029164
10.42320 33631 -7.4849 -0.040815
10.42543 33706 -8.0850 -0.044038
10.42768 33782 -6.3127 -0.034345
10.42993 33858 -5.6411 -0.030657
10.43217 33934 -5.6323 -0.030575
10.43444 34011 -5.6323 -0.030541
10.43667 34087 -6.2052 -0.033609
10.43893 34164 -6.4134 -0.034698
10.44118 34241 -5.5937 -0.030229
10.44343 34318 -6.3297 -0.034168
10.44567 34395 -6.3866 -0.034437
10.44793 34473 -8.0889 -0.043566
10.45019 34551 -8.9626 -0.048218
10.45242 34628 -10.4236 -0.056015
10.45467 34706 -11.1868 -0.060049
10.45691 34784 -11.9882 -0.064278
10.45918 34863 -12.5609 -0.067272
10.46142 34941 -13.2959 -0.071129
10.46367 35020 -13.0968 -0.069985
10.46593 35099 -13.8717 -0.074043
10.46818 35178 -13.8671 -0.073935
10.47042 35257 -15.3224 -0.081602
10.47266 35336 -15.0550 -0.080089
10.47492 35416 -15.1610 -0.080562
10.47718 35496 -13.7415 -0.072936
10.47943 35576 -13.3879 -0.070980
10.48167 35656 -13.0901 -0.069323
10.48391 35736 -12.3052 -0.065093
10.48618 35817 -11.9268 -0.063020
10.48841 35897 -11.5913 -0.061179
10.49066 35978 -12.5496 -0.066162
10.49291 36059 -11.0454 -0.058167
10.49516 36140 -11.2195 -0.059017
10.49742 36222 -10.0858 -0.052994
10.49966 36303 -9.6801 -0.050805
10.50191 36385 -10.4297 -0.054678
10.50416 36467 -10.2551 -0.053702
10.50641 36549 -9.6346 -0.050396
10.50865 36631 -10.6743 -0.055772
10.51091 36714 -11.4896 -0.059964
10.51314 36796 -11.8817 -0.061941
10.51540 36879 -12.8972 -0.067159
10.51765 36962 -12.1527 -0.063211
10.51992 37046 -11.7396 -0.060993
10.52215 37129 -10.5561 -0.054783
10.52441 37213 -10.6435 -0.055174
10.52664 37296 -9.3421 -0.048374
10.52889 37380 -8.6054 -0.044510
10.53116 37465 -10.9814 -0.056734
10.53340 37549 -10.5523 -0.054456
10.53564 37633 -8.6805 -0.044746
10.53789 37718 -8.0162 -0.041276
10.54014 37803 -8.8365 -0.045448
10.54239 37888 -8.4432 -0.043377
10.54466 37974 -8.1533 -0.041840
10.54689 38059 -8.3631 -0.042868
10.54915 38145 -6.1674 -0.031578
10.55140 38231 -6.2370 -0.031898
10.55365 38317 -4.8010 -0.024526
10.55589 38403 -4.5608 -0.023274
10.55815 38490 -3.0033 -0.015308
10.56039 38576 -4.6217 -0.023531
10.56264 38663 -4.3715 -0.022232
10.56489 38750 -4.6081 -0.023409
10.56713 38837 -4.2053 -0.021339
10.56939 38925 -3.5020 -0.017750
10.57162 39012 -4.6029 -0.023304
10.57388 39100 -4.4663 -0.022587
10.57613 39188 -3.9685 -0.020047
10.57839 39277 -4.1780 -0.021082
10.58063 39365 -5.1823 -0.026120
10.58289 39454 -5.0880 -0.025615
10.58512 39542 -4.6046 -0.023156
10.58739 39632 -4.3794 -0.021998
10.58964 39721 -4.5261 -0.022710
10.59187 39810 -5.8132 -0.029135
10.59413 39900 -3.7854 -0.018951
10.59638 39990 -3.3953 -0.016979
10.59863 40080 -4.1697 -0.020828
10.60088 40170 -3.8967 -0.019442
10.60311 40260 -3.6718 -0.018300
10.60537 40351 -3.8757 -0.019294
10.60762 40442 -3.5675 -0.017740
10.60987 40533 -4.3664 -0.021688
10.61211 40624 -3.8001 -0.018854
10.61438 40716 -3.1402 -0.015562
10.61661 40807 -2.9635 -0.014670
10.61886 40899 -4.0183 -0.019870
10.62111 40991 -3.3567 -0.016579
10.62337 41084 -2.8120 -0.013873
10.62561 41176 -3.2157 -0.015847
10.62787 41269 -3.1819 -0.015663
10.63012 41362 -3.6770 -0.018080
10.63236 41455 -3.9528 -0.019414
10.63460 41548 -4.9932 -0.024496
10.63686 41642 -5.8880 -0.028854
10.63912 41736 -5.0904 -0.024917
10.64137 41830 -4.7119 -0.023038
10.64361 41924 -4.7859 -0.023374
10.64585 42018 -4.9520 -0.024158
10.64811 42113 -5.8490 -0.028502
10.65037 42208 -6.0391 -0.029395
10.65261 42303 -6.8589 -0.033348
10.65486 42398 -5.9502 -0.028897
10.65709 42493 -6.0432 -0.029316
10.65935 42589 -4.8404 -0.023455
10.66160 42685 -3.5718 -0.017288
10.66385 42781 -2.5807 -0.012477
10.66609 42877 1.6034 0.007743
10.66835 42974 3.2534 0.015694
10.67061 43071 2.8032 0.013507
10.67285 43168 1.9601 0.009434
10.67510 43265 1.1974 0.005756
10.67734 43362 1.1931 0.005729
10.67960 43460 1.1908 0.005712
10.68185 43558 2.4101 0.011548
10.68410 43656 1.7000 0.008136
10.68634 43754 0.5350 0.002558
10.68860 43853 1.3393 0.006396
10.69085 43952 1.2693 0.006054
10.69310 44051 0.8708 0.004149
10.69535 44150 -0.4565 -0.002172
10.69759 44249 -1.2952 -0.006157
10.69985 44349 -0.6667 -0.003166
10.70210 44449 -1.7045 -0.008085
10.70434 44549 -3.5885 -0.017002
10.70659 44649 -3.6959 -0.017491
10.70885 44750 -5.3068 -0.025086
10.71108 44850 -3.1405 -0.014829
10.71333 44951 -3.3097 -0.015611
10.71559 45053 -1.5834 -0.007460
10.71783 45154 -2.0232 -0.009521
10.72009 45256 -3.1372 -0.014747
10.72234 45358 -4.9732 -0.023351
10.72459 45460 -5.1152 -0.023991
10.72683 45562 -3.7282 -0.017466
10.72909 45665 -3.6178 -0.016930
10.73132 45767 -3.2477 -0.015181
10.73359 45871 -4.2424 -0.019808
10.73583 45974 -5.1790 -0.024154
10.73807 46077 -4.3464 -0.020248
10.74032 46181 -3.7316 -0.017365
10.74257 46285 -3.4667 -0.016114
10.74482 46389 -5.4790 -0.025439
10.74708 46494 -6.9445 -0.032206
10.74931 46598 -6.6596 -0.030851
10.75156 46703 -8.0208 -0.037114
10.75383 46809 -7.2972 -0.033728
10.75607 46914 -8.6568 -0.039967
10.75833 47020 -9.3065 -0.042918
10.76056 47125 -9.9839 -0.045991
10.76283 47232 -9.9930 -0.045981
10.76507 47338 -9.8481 -0.045263
10.76733 47445 -8.8937 -0.040831
10.76956 47551 -8.6010 -0.039443
10.77181 47658 -9.3579 -0.042866
10.77407 47766 -10.2914 -0.047088
10.77631 47873 -10.0090 -0.045745
10.77856 47981 -7.9783 -0.036423
10.78081 48089 -7.9958 -0.036462
10.78305 48197 -5.4188 -0.024683
10.78531 48306 -5.4042 -0.024589
10.78756 48415 -4.4476 -0.020213
10.78981 48524 -5.2848 -0.023991
10.79206 48633 -3.7648 -0.017072
10.79430 48742 -2.7074 -0.012263
10.79655 48852 -2.8992 -0.013117
10.79880 48962 -3.0181 -0.013640
10.80104 49072 -3.6529 -0.016490
10.80330 49183 -4.0080 -0.018073
10.80556 49294 -5.1549 -0.023218
10.80781 49405 -6.6331 -0.029842
10.81005 49516 -8.8536 -0.039787
10.81229 49627 -9.0747 -0.040736
10.81454 49739 -8.0148 -0.035937
10.81679 49851 -9.2904 -0.041610
10.81904 49963 -10.1812 -0.045549
10.82130 50076 -11.6469 -0.052047
10.82355 50189 -11.9851 -0.053498
10.82580 50302 -11.4065 -0.050858
10.82804 50415 -12.3895 -0.055179
10.83030 50529 -11.7348 -0.052204
10.83254 50642 -10.6472 -0.047313
10.83479 50756 -10.8267 -0.048057
10.83705 50871 -10.6173 -0.047074
10.83929 50985 -11.0020 -0.048725
10.84154 51100 -8.3828 -0.037083
10.84379 51215 -7.4070 -0.032730
10.84603 51330 -8.1689 -0.036056
10.84829 51446 -8.4393 -0.037208
10.85054 51562 -8.3719 -0.036869
10.85279 51678 -7.0366 -0.030953
10.85503 51794 -8.4350 -0.037063
10.85729 51911 -10.5406 -0.046263
10.85954 52028 -10.0474 -0.044049
10.86178 52145 -9.7434 -0.042668
10.86402 52262 -8.5290 -0.037308
10.86628 52380 -7.1071 -0.031053
10.86853 52498 -7.0228 -0.030651
10.87078 52616 -8.6452 -0.037689
10.87303 52735 -8.2669 -0.035999
10.87527 52853 -9.6159 -0.041827
10.87752 52972 -9.9308 -0.043148
10.87978 53092 -9.8279 -0.042652
10.88202 53211 -11.6551 -0.050526
10.88427 53331 -12.3108 -0.053309
10.88652 53451 -11.2031 -0.048457
10.88876 53571 -11.5607 -0.049948
10.89102 53692 -11.3528 -0.048994
10.89327 53813 -12.4027 -0.053465
10.89552 53934 -13.0892 -0.056361
10.89778 54056 -13.5454 -0.058260
10.90001 54177 -12.8476 -0.055197
10.90226 54299 -12.3137 -0.052844
10.90452 54422 -12.9274 -0.055415
10.90676 54544 -13.3526 -0.057173
10.90902 54667 -13.5859 -0.058107
10.91126 54790 -12.8377 -0.054845
10.91351 54913 -12.2548 -0.052296
10.91576 55037 -13.6485 -0.058178
10.91801 55161 -12.9844 -0.055285
10.92026 55285 -13.5701 -0.057714
10.92252 55410 -14.9421 -0.063477
10.92475 55534 -14.6901 -0.062337
10.92702 55660 -13.0099 -0.055145
10.92926 55785 -14.5686 -0.061682
10.93150 55910 -13.5652 -0.057370
10.93375 56036 -13.3832 -0.056536
10.93601 56163 -14.2653 -0.060194
10.93825 56289 -16.2038 -0.068297
10.94051 56416 -14.8763 -0.062632
10.94276 56543 -13.7220 -0.057707
10.94500 56670 -12.6513 -0.053144
10.94726 56798 -12.1195 -0.050853
10.94951 56926 -14.3934 -0.060327
10.95175 57054 -13.9408 -0.058364
10.95399 57182 -16.1912 -0.067709
10.95625 57311 -16.8862 -0.070536
10.95850 57440 -16.8451 -0.070286
10.96074 57569 -16.9790 -0.070765
10.96300 57699 -17.7443 -0.073871
10.96525 57829 -15.5725 -0.064757
10.96749 57959 -15.0763 -0.062623
10.96975 58090 -13.5287 -0.056131
10.97198 58220 -13.1757 -0.054606
10.97425 58352 -14.2454 -0.058972
10.97649 58483 -15.7113 -0.064968
10.97875 58615 -16.5285 -0.068270
10.98100 58747 -14.8110 -0.061107
10.98324 58879 -15.7736 -0.065006
10.98548 59011 -15.8598 -0.065288
10.98773 59144 -15.9254 -0.065484
10.98999 59278 -12.9226 -0.053077
10.99223 59411 -13.1047 -0.053764
10.99449 59545 -11.0298 -0.045201
10.99674 59679 -12.4717 -0.051052
10.99898 59813 -10.8888 -0.044523
11.00123 59948 -9.8497 -0.040229
11.00348 60083 -11.4706 -0.046796
11.00573 60218 -10.4983 -0.042782
11.00798 60354 -8.0147 -0.032624
11.01023 60490 -8.1793 -0.033256
11.01248 60626 -7.4139 -0.030111
11.01472 60762 -5.5020 -0.022320
11.01697 60899 -5.7259 -0.023203
11.01922 61036 -6.4387 -0.026062
11.02148 61174 -6.1709 -0.024950
11.02373 61312 -8.1140 -0.032769
11.02598 61450 -6.9752 -0.028138
11.02822 61588 -6.8231 -0.027494
11.03048 61727 -6.6946 -0.026946
11.03273 61866 -5.0616 -0.020350
11.03497 62005 -4.8004 -0.019278
11.03723 62145 -3.4194 -0.013716
11.03946 62284 -3.5831 -0.014357
11.04172 62425 -4.2043 -0.016827
11.04396 62565 -2.4267 -0.009702
11.04621 62706 -2.9378 -0.011732
11.04846 62847 -2.6432 -0.010544
11.05072 62989 -3.5674 -0.014214
11.05297 63131 -2.0508 -0.008162
11.05521 63273 -2.1835 -0.008680
11.05746 63415 -2.7506 -0.010923
11.05971 63558 -4.8265 -0.019145
11.06196 63701 -4.0611 -0.016091
11.06421 63845 -3.9996 -0.015829
11.06645 63988 -4.8186 -0.019049
11.06871 64133 -5.3015 -0.020934
11.07096 64277 -5.3127 -0.020955
11.07321 64422 -6.8632 -0.027040
11.07546 64567 -7.9534 -0.031300
11.07770 64712 -9.7399 -0.038288
11.07996 64858 -8.4018 -0.032991
11.08220 65004 -10.0062 -0.039246
11.08445 65150 -8.3001 -0.032518
11.08670 65297 -8.0991 -0.031695
11.08895 65444 -8.5108 -0.033269
11.09119 65591 -8.9179 -0.034821
11.09345 65739 -10.3560 -0.040391
11.09570 65887 -8.2931 -0.032309
11.09794 66035 -7.0352 -0.027377
11.10019 66184 -5.6400 -0.021923
11.10244 66333 -6.3154 -0.024521
11.10470 66483 -6.2675 -0.024307
11.10694 66632 -6.5517 -0.025381
11.10919 66782 -7.0714 -0.027364
11.11145 66933 -7.8554 -0.030363
11.11369 67083 -7.1104 -0.027453
11.11593 67234 -6.2905 -0.024260
11.11819 67386 -7.8565 -0.030265
11.12045 67538 -7.7519 -0.029829
11.12269 67690 -8.1842 -0.031457
11.12494 67842 -8.3267 -0.031969
11.12719 67995 -8.1117 -0.031108
11.12944 68148 -9.7787 -0.037459
11.13168 68301 -11.1986 -0.042850
11.13393 68455 -10.7387 -0.041044
11.13618 68609 -12.3438 -0.047126
11.13844 68764 -12.9326 -0.049318
11.14069 68919 -12.0003 -0.045711
11.14293 69074 -10.7094 -0.040748
11.14518 69229 -11.1843 -0.042508
11.14743 69385 -11.7193 -0.044491
11.14967 69541 -10.3435 -0.039224
11.15193 69698 -11.4421 -0.043341
11.15418 69855 -10.8803 -0.041166
11.15642 70012 -7.7049 -0.029119
11.15868 70170 -6.8023 -0.025679
11.16093 70328 -5.5064 -0.020763
11.16317 70486 -4.7520 -0.017899
11.16542 70645 -4.8286 -0.018167
11.16767 70804 -4.3715 -0.016429
11.16991 70963 -3.9942 -0.014994
11.17217 71123 -5.7944 -0.021727
11.17441 71283 -7.3091 -0.027376
11.17667 71444 -9.4449 -0.035336
11.17892 71605 -6.8601 -0.025636
11.18117 71766 -5.9302 -0.022137
11.18342 71928 -4.5018 -0.016786
11.18567 72090 -5.2627 -0.019601
11.18792 72252 -4.9396 -0.018377
11.19017 72415 -6.0049 -0.022315
11.19242 72578 -6.8047 -0.025259
11.19466 72741 -5.6515 -0.020954
11.19691 72905 -5.2704 -0.019519
11.19916 73069 -3.7701 -0.013947
11.20142 73234 -3.7421 -0.013828
11.20365 73398 -0.8484 -0.003132
11.20591 73564 -0.2709 -0.000999
11.20815 73729 -1.7517 -0.006451
11.21040 73895 -0.8924 -0.003283
11.21266 74062 -3.2563 -0.011965
11.21491 74229 -0.4755 -0.001745
11.21716 74396 -0.6833 -0.002505
11.21940 74563 -0.9377 -0.003434
11.22165 74731 0.0438 0.000160
11.22390 74899 1.1155 0.004076
11.22615 75068 2.4245 0.008849
11.22840 75237 0.8279 0.003018
11.23064 75406 0.5514 0.002008
11.23289 75576 -0.8430 -0.003066
11.23514 75746 1.0580 0.003844
11.23740 75917 0.9170 0.003328
11.23965 76088 -0.8154 -0.002956
11.24189 76259 -0.0152 -0.000055
11.24414 76431 0.6772 0.002450
11.24639 76603 -2.7228 -0.009838
11.24865 76776 -1.9123 -0.006902
11.25089 76948 -0.0705 -0.000254
11.25314 77122 -1.5178 -0.005465
11.25538 77295 -1.5461 -0.005561
11.25763 77469 -5.1467 -0.018491
11.25989 77644 -5.7969 -0.020804
11.26214 77819 -4.9704 -0.017818
11.26439 77994 -3.5131 -0.012580
11.26664 78170 -3.3732 -0.012065
11.26889 78346 -4.5649 -0.016309
11.27113 78522 -4.3459 -0.015509
11.27339 78699 -3.6545 -0.013027
11.27563 78876 -3.6347 -0.012942
11.27789 79054 -2.4539 -0.008728
11.28014 79232 -3.6061 -0.012811
11.28238 79410 -1.6077 -0.005705
11.28463 79589 0.7342 0.002602
11.28688 79768 0.5694 0.002016
11.28913 79948 0.5533 0.001957
11.29138 80128 1.7043 0.006021
11.29362 80308 3.6493 0.012878
11.29588 80489 3.3217 0.011708
11.29812 80670 3.0682 0.010802
11.30038 80852 0.2232 0.000785
11.30262 81034 -2.7838 -0.009779
11.30487 81216 -0.7087 -0.002487
11.30712 81399 -0.6567 -0.002302
11.30936 81582 -2.8325 -0.009917
11.31162 81766 -2.0543 -0.007184
11.31386 81950 -2.6442 -0.009237
11.31612 82135 -3.1755 -0.011080
11.31837 82320 -3.9024 -0.013601
11.32061 82505 -3.7179 -0.012944
11.32287 82691 -5.7028 -0.019832
11.32511 82877 -5.9232 -0.020575
11.32737 83064 -6.5439 -0.022706
11.32962 83251 -7.3525 -0.025483
11.33186 83438 -6.5458 -0.022661
11.33411 83626 -7.4118 -0.025630
11.33636 83814 -10.3429 -0.035726
11.33861 84003 -8.9682 -0.030943
11.34086 84192 -8.4424 -0.029096
11.34311 84382 -7.9350 -0.027316
11.34536 84572 -6.6387 -0.022828
11.34760 84762 -6.1147 -0.021003
11.34985 84953 -8.0062 -0.027469
11.35210 85144 -8.7579 -0.030014
11.35435 85336 -8.4187 -0.028819
11.35660 85528 -9.1908 -0.031427
11.35885 85721 -11.0600 -0.037775
11.36110 85914 -12.0414 -0.041081
11.36335 86107 -13.4051 -0.045683
11.36560 86301 -11.9269 -0.040599
11.36785 86496 -13.3049 -0.045239
11.37009 86690 -12.4806 -0.042389
11.37235 86886 -11.4849 -0.038963
11.37459 87081 -11.3714 -0.038535
11.37684 87277 -10.5733 -0.035790
11.37910 87474 -10.2187 -0.034551
11.38135 87671 -9.3149 -0.031459
11.38359 87868 -11.0839 -0.037392
11.38584 88066 -10.0991 -0.034031
11.38809 88264 -9.8507 -0.033157
11.39034 88463 -10.8407 -0.036448
11.39259 88662 -11.0712 -0.037182
11.39484 88862 -11.6857 -0.039201
11.39709 89062 -12.2339 -0.040994
11.39934 89263 -11.0153 -0.036869
11.40159 89464 -11.8129 -0.039494
11.40384 89665 -11.4617 -0.038277
11.40609 89867 -11.2374 -0.037486
11.40833 90069 -11.7234 -0.039063
11.41058 90272 -11.2440 -0.037423
11.41283 90475 -12.5078 -0.041583
11.41508 90679 -11.3780 -0.037784
11.41733 90883 -9.5734 -0.031756
11.41958 91088 -10.4123 -0.034500
11.42183 91293 -11.4493 -0.037893
11.42408 91499 -10.1844 -0.033669
11.42633 91705 -10.2029 -0.033692
11.42858 91911 -8.1604 -0.026917
11.43083 92118 -10.2085 -0.033635
11.43307 92325 -13.5259 -0.044515
11.43532 92533 -13.8206 -0.045434
11.43758 92742 -16.1713 -0.053102
11.43982 92950 -17.7436 -0.058199
11.44207 93160 -18.3514 -0.060125
11.44433 93370 -19.6242 -0.064223
11.44657 93580 -15.7589 -0.051515
11.44882 93791 -15.1045 -0.049320
11.45107 94002 -12.0853 -0.039418
11.45331 94213 -11.2755 -0.036735
11.45556 94425 -11.4563 -0.037282
11.45781 94638 -13.2267 -0.042995
11.46006 94851 -15.1722 -0.049264
11.46232 95065 -14.2888 -0.046343
11.46456 95279 -14.7415 -0.047758
11.46681 95493 -13.0551 -0.042247
11.46906 95708 -15.0137 -0.048530
11.47131 95924 -17.3323 -0.055962
11.47356 96140 -17.7960 -0.057395
11.47580 96356 -17.8672 -0.057560
11.47805 96573 -14.0951 -0.045356
11.48031 96791 -15.7735 -0.050700
11.48256 97009 -18.2699 -0.058658
11.48480 97227 -19.8666 -0.063713
11.48705 97446 -21.7642 -0.069720
11.48931 97666 -18.4497 -0.059036
11.49155 97885 -19.0775 -0.060977
11.49380 98106 -19.7186 -0.062955
11.49605 98327 -20.1509 -0.064262
11.49830 98548 -19.0883 -0.060806
11.50055 98770 -18.6193 -0.059245
11.50279 98992 -20.3524 -0.064687
11.50504 99215 -17.5630 -0.055758
11.50730 99439 -17.9895 -0.057048
11.50955 99663 -18.4999 -0.058601
11.51179 99887 -16.8769 -0.053400
11.51404 100112 -16.9976 -0.053721
11.51629 100337 -16.5300 -0.052184
11.51854 100563 -17.6849 -0.055768
11.52079 100790 -18.1501 -0.057170
11.52304 101017 -16.9867 -0.053446
11.52529 101244 -14.9321 -0.046928
11.52754 101472 -12.0365 -0.037786
11.52979 101701 -12.1264 -0.038025
11.53204 101930 -10.7895 -0.033795
11.53429 102159 -11.9439 -0.037369
11.53653 102389 -14.0883 -0.044028
11.53879 102620 -15.5358 -0.048497
11.54104 102851 -16.5895 -0.051728
11.54328 103082 -16.0881 -0.050109
11.54554 103315 -15.7654 -0.049048
11.54778 103547 -14.8691 -0.046208
11.55003 103780 -12.4156 -0.038540
11.55228 104014 -12.0951 -0.037503
11.55453 104248 -10.9716 -0.033981
11.55678 104483 -8.1882 -0.025332
11.55903 104718 -7.4588 -0.023049
11.56128 104954 -9.1780 -0.028330
11.56352 105190 -8.2058 -0.025301
11.56577 105427 -8.0694 -0.024852
11.56803 105665 -7.4173 -0.022818
11.57028 105903 -5.4691 -0.016806
11.57252 106141 -4.8767 -0.014969
11.57477 106380 -2.0986 -0.006434
11.57703 106620 -3.5297 -0.010810
11.57927 106860 -4.0964 -0.012531
11.58152 107100 -1.9627 -0.005997
11.58377 107341 -3.7975 -0.011591
11.58602 107583 -4.6490 -0.014174
11.58826 107825 -3.4734 -0.010578
11.59052 108068 -4.3291 -0.013169
11.59276 108311 -5.2639 -0.015994
11.59501 108555 -2.1659 -0.006574
11.59727 108800 -2.1718 -0.006584
11.59952 109045 -3.5004 -0.010600
11.60176 109290 -1.1117 -0.003363
11.60401 109536 -0.2054 -0.000621
11.60626 109783 -0.8587 -0.002592
11.60851 110030 -2.3944 -0.007218
11.61076 110278 0.1315 0.000396
11.61301 110526 1.9349 0.005820
11.61526 110775 2.2791 0.006848
11.61751 111025 -1.7823 -0.005349
11.61976 111275 -2.3485 -0.007040
11.62200 111525 -3.2436 -0.009713
11.62425 111776 -2.2535 -0.006740
11.62650 112028 -1.7564 -0.005248
11.62875 112280 1.0186 0.003040
11.63100 112533 -0.5765 -0.001719
11.63325 112786 -0.8580 -0.002555
11.63550 113040 0.4210 0.001252
11.63775 113295 2.2027 0.006544
11.64000 113550 -0.0880 -0.000261
11.64225 113806 0.1119 0.000332
11.64450 114062 0.3832 0.001135
11.64675 114319 0.8715 0.002578
11.64899 114576 1.2961 0.003829
11.65124 114834 5.4237 0.016005
11.65350 115093 7.3570 0.021686
11.65574 115352 7.1659 0.021099
11.65800 115612 7.7688 0.022848
11.66024 115872 7.0212 0.020626
11.66249 116133 7.1680 0.021034
11.66474 116394 7.6022 0.022283
11.66699 116657 6.7114 0.019650
11.66924 116919 6.8732 0.020101
11.67148 117182 6.8295 0.019951
11.67373 117446 7.8620 0.022941
11.67599 117711 5.2045 0.015169
11.67824 117976 3.5214 0.010252
11.68048 118241 2.2371 0.006506
11.68274 118508 1.3436 0.003903
11.68499 118775 0.3681 0.001068
11.68723 119042 -0.8090 -0.002345
11.68948 119310 -1.7053 -0.004937
11.69173 119579 -1.8564 -0.005368
11.69398 119848 0.2600 0.000751
11.69623 120118 -1.1977 -0.003456
11.69848 120388 -1.9787 -0.005703
11.70072 120659 -2.2711 -0.006538
11.70298 120931 -3.3150 -0.009533
11.70522 121203 -4.9146 -0.014117
11.70747 121476 -4.3498 -0.012480
11.70973 121750 -5.6314 -0.016139
11.71197 122024 -6.7021 -0.019186
11.71422 122299 -10.8253 -0.030955
11.71647 122574 -12.4047 -0.035431
11.71872 122850 -11.8680 -0.033860
11.72097 123127 -13.3204 -0.037961
11.72322 123404 -12.6018 -0.035873
11.72547 123682 -14.4156 -0.040990
11.72771 123960 -14.9591 -0.042488
11.72996 124239 -13.5431 -0.038423
11.73221 124519 -15.4058 -0.043658
11.73447 124800 -15.6345 -0.044256
11.73672 125081 -18.8207 -0.053216
11.73896 125362 -16.3558 -0.046194
11.74122 125645 -16.5869 -0.046794
11.74346 125927 -16.0383 -0.045196
11.74571 126211 -12.5002 -0.035186
11.74796 126495 -12.2214 -0.034362
11.75021 126780 -11.6714 -0.032779
11.75245 127065 -9.6589 -0.027096
11.75471 127352 -10.3760 -0.029076
11.75695 127638 -10.2976 -0.028823
11.75921 127926 -10.0462 -0.028088
11.76146 128214 -8.9710 -0.025054
11.76371 128503 -11.4537 -0.031951
11.76595 128792 -12.2301 -0.034079
11.76820 129082 -11.9346 -0.033218
11.77045 129373 -14.7451 -0.040995
11.77270 129664 -16.7310 -0.046464
11.77495 129956 -17.0871 -0.047399
11.77720 130248 -14.7682 -0.040921
11.77945 130542 -11.9569 -0.033094
11.78170 130836 -10.9287 -0.030214
11.78394 131130 -12.2261 -0.033763
11.78620 131426 -12.6760 -0.034966
11.78844 131721 -10.0695 -0.027745
11.79069 132018 -9.4298 -0.025953
11.79294 132315 -11.8960 -0.032704
11.79519 132613 -14.1356 -0.038817
11.79744 132912 -17.0935 -0.046887
11.79969 133211 -17.3711 -0.047595
11.80194 133511 -17.2902 -0.047320
11.80419 133812 -14.9879 -0.040973
11.80644 134113 -15.9170 -0.043463
11.80869 134415 -16.5626 -0.045176
11.81094 134718 -16.1562 -0.044018
11.81319 135021 -14.5043 -0.039473
11.81543 135325 -15.7347 -0.042773
11.81769 135630 -15.7602 -0.042794
11.81993 135935 -16.0905 -0.043642
11.82218 136241 -15.0252 -0.040707
11.82443 136548 -12.7642 -0.034542
11.82668 136855 -14.3063 -0.038672
11.82893 137164 -14.3067 -0.038630
11.83118 137472 -13.3875 -0.036107
11.83343 137782 -12.9371 -0.034853
11.83568 138092 -12.8653 -0.034621
11.83792 138403 -11.8532 -0.031861
11.84018 138715 -14.6134 -0.039236
11.84242 139027 -17.0123 -0.045626
11.84467 139340 -16.0562 -0.043014
11.84692 139654 -15.3588 -0.041099
11.84917 139968 -16.7800 -0.044852
11.85142 140284 -16.9931 -0.045370
11.85367 140600 -17.7376 -0.047305
11.85592 140916 -16.8345 -0.044846
11.85817 141233 -12.8078 -0.034081
11.86042 141551 -12.2380 -0.032528
11.86267 141870 -10.4751 -0.027811
11.86492 142190 -10.2323 -0.027135
11.86717 142510 -5.5157 -0.014611
11.86942 142831 -8.4914 -0.022468
11.87166 143152 -7.1813 -0.018980
11.87392 143475 -6.8165 -0.017996
11.87616 143798 -9.5483 -0.025180
11.87841 144121 -7.5594 -0.019912
11.88066 144446 -8.3392 -0.021942
11.88291 144771 -8.4727 -0.022268
11.88516 145097 -7.3889 -0.019398
11.88741 145424 -10.1008 -0.026487
11.88965 145751 -9.3192 -0.024410
11.89191 146080 -11.9200 -0.031188
11.89415 146408 -13.5295 -0.035359
11.89640 146738 -15.0162 -0.039200
11.89866 147069 -17.4553 -0.045516
11.90091 147400 -15.4960 -0.040362
11.90316 147732 -17.3204 -0.045063
11.90540 148064 -15.5703 -0.040464
11.90765 148398 -12.5752 -0.032644
11.90990 148732 -9.8438 -0.025525
11.91215 149067 -8.8853 -0.023014
11.91440 149402 -8.8825 -0.022980
11.91665 149739 -12.5206 -0.032356
11.91890 150076 -11.7091 -0.030225
11.92115 150414 -10.5576 -0.027222
11.92340 150753 -9.4139 -0.024246
11.92564 151092 -9.1337 -0.023498
11.92789 151432 -8.5832 -0.022057
11.93014 151773 -8.2326 -0.021132
11.93239 152115 -10.9345 -0.028036
11.93464 152457 -12.8452 -0.032898
11.93689 152801 -11.7140 -0.029967
11.93914 153145 -11.6136 -0.029677
11.94139 153490 -12.3127 -0.031428
11.94364 153835 -11.3172 -0.028854
11.94589 154182 -11.5250 -0.029351
11.94814 154529 -11.6335 -0.029594
11.95039 154877 -9.6780 -0.024592
11.95264 155226 -8.3736 -0.021253
11.95488 155575 -5.7840 -0.014664
11.95713 155925 -4.9654 -0.012575
11.95938 156276 -6.1535 -0.015566
11.96163 156628 -4.4083 -0.011139
11.96388 156981 -6.7699 -0.017087
11.96613 157335 -6.8962 -0.017386
11.96838 157689 -1.3847 -0.003487
11.97063 158044 -0.1399 -0.000352
11.97288 158400 -0.5997 -0.001507
11.97512 158756 -0.8589 -0.002156
11.97738 159114 -0.5694 -0.001427
11.97962 159472 2.3566 0.005901
11.98187 159831 -0.5626 -0.001407
11.98412 160191 -2.9513 -0.007374
11.98637 160552 -3.9859 -0.009948
11.98862 160913 -2.8489 -0.007102
11.99087 161276 -1.7801 -0.004433
11.99312 161639 -0.9605 -0.002389
11.99537 162003 1.5547 0.003863
11.99762 162368 3.2135 0.007975
11.99987 162733 3.7036 0.009181
12.00212 163100 -0.4397 -0.001089
12.00437 163467 -1.0240 -0.002533
12.00662 163835 0.0577 0.000143
12.00886 164204 2.6215 0.006469
12.01112 164574 1.3055 0.003218
12.01336 164944 0.1990 0.000490
12.01561 165316 2.4830 0.006107
12.01786 165688 -0.1881 -0.000462
12.02011 166061 -0.8900 -0.002184
12.02236 166435 -0.4957 -0.001215
12.02461 166810 -0.0779 -0.000191
12.02686 167185 3.6070 0.008822
12.02911 167562 7.9240 0.019358
12.03136 167939 7.4433 0.018163
12.03360 168317 7.8663 0.019174
12.03585 168696 9.2768 0.022586
12.03810 169076 7.8015 0.018973
12.04035 169457 6.9666 0.016924
12.04260 169838 5.0581 0.012274
12.04485 170221 1.4360 0.003480
12.04710 170604 -1.2892 -0.003121
12.04935 170988 -2.1788 -0.005269
12.05160 171373 -0.1370 -0.000331
12.05385 171759 -0.5549 -0.001339
12.05610 172146 -4.2837 -0.010324
12.05834 172533 -4.3713 -0.010524
12.06060 172922 -1.9749 -0.004749
12.06284 173311 2.5455 0.006115
12.06509 173701 2.3168 0.005559
12.06734 174093 -2.9790 -0.007140
12.06959 174485 -5.5923 -0.013388
12.07184 174877 -7.3988 -0.017693
12.07409 175271 -8.0904 -0.019325
12.07634 175666 -5.6526 -0.013487
12.07859 176061 -7.6731 -0.018287
12.08084 176458 -7.5451 -0.017962
12.08309 176855 -9.1994 -0.021875
12.08533 177253 -9.7788 -0.023227
12.08759 177653 -10.1435 -0.024066
12.08984 178053 -9.4592 -0.022417
12.09208 178453 -9.3606 -0.022159
12.09433 178855 -6.5187 -0.015414
12.09658 179258 -4.6235 -0.010920
12.09883 179662 -3.1370 -0.007401
12.10108 180066 -3.2789 -0.007727
12.10333 180472 -5.8445 -0.013758
12.10558 180878 -4.0369 -0.009492
12.10783 181285 -8.8270 -0.020731
12.11008 181694 -8.0659 -0.018923
12.11233 182103 -8.1717 -0.019149
12.11458 182513 -8.9963 -0.021058
12.11683 182924 -7.5693 -0.017698
12.11908 183336 -10.8025 -0.025229
12.12132 183748 -14.1590 -0.033031
12.12357 184162 -13.3379 -0.031080
12.12582 184577 -12.8974 -0.030020
12.12807 184992 -11.4735 -0.026676
12.13032 185409 -13.1295 -0.030492
12.13257 185826 -14.7353 -0.034183
12.13482 186245 -11.4416 -0.026512
12.13707 186664 -8.7521 -0.020257
12.13932 187085 -10.2539 -0.023707
12.14157 187506 -10.2470 -0.023664
12.14381 187928 -9.9242 -0.022893
12.14606 188351 -12.1235 -0.027935
12.14831 188775 -12.9542 -0.029815
12.15056 189200 -12.7825 -0.029387
12.15281 189626 -13.9901 -0.032127
12.15506 190053 -15.7414 -0.036108
12.15731 190481 -17.6948 -0.040543
12.15956 190910 -14.3913 -0.032937
12.16181 191340 -13.1335 -0.030025
12.16406 191771 -14.9297 -0.034093
12.16631 192203 -13.1945 -0.030096
12.16856 192636 -12.7927 -0.029147
12.17080 193069 -10.2626 -0.023356
12.17305 193504 -10.5549 -0.023994
12.17530 193940 -10.9721 -0.024915
12.17755 194376 -11.9909 -0.027198
12.17980 194814 -12.1571 -0.027544
12.18205 195253 -4.3934 -0.009943
12.18430 195692 -2.5185 -0.005693
12.18655 196133 -2.7234 -0.006149
12.18880 196575 -5.2724 -0.011892
12.19105 197017 -7.6416 -0.017216
12.19330 197461 -7.6720 -0.017265
12.19555 197906 -11.1471 -0.025057
12.19779 198351 -9.6135 -0.021586
12.20004 198798 -12.2026 -0.027368
12.20229 199245 -15.2119 -0.034079
12.20454 199694 -17.2263 -0.038549
12.20679 200144 -20.5159 -0.045858
12.20904 200594 -18.8892 -0.042175
12.21129 201046 -20.3238 -0.045327
12.21354 201499 -20.2528 -0.045118
12.21579 201952 -18.1311 -0.040346
12.21804 202407 -19.2416 -0.042769
12.22029 202863 -19.6918 -0.043720
12.22254 203320 -15.8071 -0.035056
12.22479 203778 -17.5589 -0.038897
12.22703 204236 -16.5164 -0.036547
12.22928 204696 -17.2504 -0.038128
12.23153 205157 -15.7266 -0.034721
12.23378 205619 -14.1726 -0.031255
12.23603 206082 -11.2689 -0.024823
12.23828 206546 -11.6993 -0.025743
12.24053 207011 -8.9282 -0.019623
12.24278 207477 -8.0634 -0.017702
12.24503 207945 -5.0431 -0.011059
12.24728 208413 -4.4215 -0.009685
12.24952 208882 -5.5286 -0.012097
12.25177 209352 -5.3543 -0.011702
12.25402 209824 -7.8640 -0.017168
12.25627 210296 -6.8105 -0.014851
12.25852 210770 -5.2122 -0.011353
12.26077 211244 -7.7776 -0.016922
12.26302 211720 -9.1691 -0.019927
12.26527 212197 -11.0835 -0.024061
12.26752 212675 -13.3931 -0.029042
12.26977 213154 -15.4318 -0.033425
12.27201 213633 -15.0490 -0.032559
12.27427 214115 -10.7581 -0.023249
12.27652 214597 -8.3498 -0.018025
12.27877 215080 -10.4879 -0.022615
12.28101 215564 -9.0064 -0.019398
12.28327 216050 -10.7345 -0.023094
12.28551 216536 -10.3926 -0.022334
12.28776 217024 -6.7183 -0.014421
12.29001 217512 -8.0897 -0.017346
12.29226 218002 -7.7271 -0.016550
12.29451 218493 -13.8160 -0.029557
12.29676 218985 -18.3981 -0.039316
12.29901 219478 -18.5468 -0.039589
12.30126 219972 -15.0197 -0.032024
12.30350 220467 -14.3755 -0.030616
12.30576 220964 -16.6930 -0.035512
12.30800 221461 -15.7599 -0.033489
12.31025 221960 -16.4959 -0.035014
12.31250 222460 -14.8513 -0.031488
12.31475 222961 -16.6576 -0.035277
12.31700 223463 -14.4197 -0.030504
12.31925 223966 -17.2473 -0.036444
12.32150 224470 -18.0619 -0.038123
12.32375 224976 -14.9962 -0.031617
12.32600 225482 -12.2475 -0.025792
12.32825 225990 -15.3529 -0.032296
12.33050 226499 -13.6081 -0.028593
12.33274 227009 -12.2084 -0.025623
12.33499 227520 -13.1705 -0.027612
12.33724 228032 -13.5310 -0.028336
12.33949 228546 -16.7961 -0.035134
12.34174 229061 -14.7925 -0.030908
12.34399 229576 -10.4607 -0.021832
12.34624 230093 -12.5921 -0.026251
12.34849 230611 -13.5575 -0.028232
12.35074 231131 -15.9864 -0.033252
12.35299 231651 -15.3802 -0.031955
12.35524 232173 -14.3109 -0.029700
12.35748 232695 -15.1569 -0.031421
12.35973 233219 -19.4925 -0.040363
12.36199 233745 -19.3745 -0.040074
12.36423 234271 -22.2822 -0.046036
12.36648 234798 -23.4477 -0.048390
12.36873 235327 -15.4094 -0.031765
12.37098 235857 -16.5608 -0.034100
12.37323 236388 -17.0960 -0.035163
12.37548 236920 -18.9296 -0.038890
12.37773 237454 -14.9152 -0.030608
12.37998 237988 -13.6332 -0.027946
12.38223 238524 -14.0779 -0.028825
12.38447 239061 -14.5089 -0.029674
12.38673 239600 -15.7379 -0.032152
12.38897 240139 -17.6175 -0.035951
12.39122 240680 -14.7355 -0.030036
12.39347 241222 -14.5690 -0.029664
12.39572 241765 -19.6799 -0.040025
12.39797 242309 -18.9265 -0.038449
12.40022 242855 -19.0236 -0.038603
12.40247 243402 -21.7168 -0.044018
12.40472 243950 -20.3832 -0.041269
12.40697 244499 -19.3759 -0.039185
12.40922 245050 -20.0578 -0.040519
12.41147 245602 -14.4306 -0.029119
12.41372 246155 -11.6089 -0.023398
12.41596 246709 -12.7155 -0.025600
12.41821 247264 -12.9629 -0.026069
12.42046 247821 -15.2939 -0.030722
12.42271 248379 -16.0595 -0.032224
12.42496 248938 -17.1039 -0.034281
12.42721 249499 -14.4638 -0.028957
12.42946 250061 -15.9849 -0.031966
12.43171 250624 -10.1554 -0.020285
12.43396 251188 -8.4374 -0.016835
12.43621 251754 -6.6042 -0.013162
12.43846 252321 -7.0809 -0.014097
12.44071 252889 -7.0409 -0.014001
12.44295 253458 -8.9120 -0.017702
12.44520 254029 -11.3906 -0.022600
12.44745 254601 -10.9456 -0.021693
12.44970 255174 -10.3940 -0.020576
12.45195 255749 -16.7685 -0.033158
12.45420 256325 -13.3382 -0.026345
12.45645 256902 -15.3215 -0.030229
12.45870 257480 -15.8857 -0.031307
12.46095 258060 -16.5095 -0.032499
12.46320 258641 -12.4484 -0.024477
12.46545 259224 -13.2838 -0.026091
12.46769 259807 -10.8336 -0.021254
12.46994 260392 -10.7730 -0.021112
12.47220 260979 -7.9950 -0.015650
12.47444 261566 -8.7023 -0.017015
12.47669 262155 -6.9544 -0.013582
12.47894 262745 -5.2222 -0.010188
12.48119 263337 -3.4738 -0.006769
12.48344 263930 0.0250 0.000049
12.48569 264524 -0.6057 -0.001178
12.48794 265120 2.2465 0.004363
12.49019 265717 1.4966 0.002903
12.49244 266315 -0.8144 -0.001578
12.49469 266915 1.7423 0.003372
12.49693 267516 0.6063 0.001172
12.49918 268118 -1.8901 -0.003650
12.50143 268722 -0.6099 -0.001177
12.50368 269327 -6.5718 -0.012663
12.50593 269934 -6.4755 -0.012464
12.50818 270541 -4.1743 -0.008025
12.51043 271151 -1.6919 -0.003249
12.51268 271761 2.5925 0.004973
12.51493 272373 4.3898 0.008411
12.51718 272986 5.5913 0.010701
12.51943 273601 13.0292 0.024909
12.52168 274217 8.5811 0.016387
12.52393 274835 7.4536 0.014218
12.52617 275453 7.2093 0.013736
12.52842 276074 10.0055 0.019043
12.53067 276695 13.0110 0.024735
12.53292 277318 11.2806 0.021421
12.53517 277943 10.3356 0.019605
12.53742 278569 5.2616 0.009969
12.53967 279196 7.0162 0.013279
12.54192 279824 10.4988 0.019847
12.54417 280455 13.9939 0.026425
12.54642 281086 11.0560 0.020853
12.54867 281719 11.7003 0.022044
12.55091 282353 9.5905 0.018049
12.55316 282989 6.8299 0.012839
12.55541 283626 6.5348 0.012270
12.55766 284265 12.4612 0.023372
12.55991 284905 11.1930 0.020970
12.56216 285547 12.0879 0.022621
12.56441 286190 9.2905 0.017367
12.56666 286834 8.7128 0.016268
12.56891 287480 7.9375 0.014804
12.57116 288127 7.7846 0.014503
12.57341 288776 9.3105 0.017326
12.57565 289426 4.9314 0.009166
12.57791 290078 0.0908 0.000169
12.58015 290731 2.2419 0.004158
12.58240 291386 2.2423 0.004154
12.58465 292042 0.3309 0.000612
12.58690 292699 0.1854 0.000343
12.58915 293358 4.6732 0.008628
12.59140 294019 8.5813 0.015826
12.59365 294681 3.7753 0.006955
12.59590 295345 -0.2324 -0.000428
12.59815 296010 -0.7171 -0.001318
12.60040 296676 -1.9568 -0.003592
12.60264 297344 -0.6822 -0.001251
12.60490 298014 -3.8605 -0.007072
12.60714 298685 -2.1625 -0.003957
12.60939 299357 -1.6520 -0.003019
12.61164 300031 -1.6517 -0.003015
12.61389 300707 -2.2380 -0.004081
12.61614 301384 -2.7498 -0.005009
12.61839 302063 -5.9344 -0.010798
12.62064 302743 -7.0908 -0.012887
12.62289 303424 -8.2139 -0.014912
12.62514 304108 -7.1882 -0.013035
12.62738 304792 -6.5660 -0.011893
12.62964 305479 -6.2186 -0.011251
12.63189 306167 -3.6363 -0.006572
12.63413 306856 -2.3588 -0.004258
12.63638 307547 -3.9012 -0.007035
12.63863 308239 -9.0065 -0.016222
12.64088 308933 -6.3863 -0.011490
12.64313 309629 -4.3606 -0.007837
12.64538 310326 -3.8409 -0.006895
12.64763 311025 -5.1065 -0.009156
12.64988 311725 -4.8084 -0.008612
12.65213 312427 -4.4515 -0.007964
12.65438 313131 -10.1809 -0.018194
12.65663 313836 -11.7738 -0.021017
12.65888 314543 -14.0620 -0.025073
12.66112 315251 -11.1136 -0.019794
12.66337 315961 -8.0700 -0.014357
12.66562 316672 -5.4357 -0.009659
12.66787 317385 -7.9128 -0.014046
12.67012 318100 -14.1186 -0.025033
12.67237 318816 -13.6517 -0.024178
12.67462 319534 -13.5425 -0.023957
12.67687 320253 -19.6063 -0.034646
12.67912 320975 -16.5468 -0.029206
12.68137 321697 -17.1107 -0.030168
12.68362 322422 -13.9095 -0.024496
12.68587 323148 -15.9194 -0.028004
12.68811 323875 -14.4865 -0.025455
12.69036 324605 -18.0815 -0.031736
12.69261 325335 -20.7390 -0.036360
12.69486 326068 -21.1558 -0.037049
12.69711 326802 -24.0556 -0.042080
12.69936 327538 -21.2349 -0.037104
12.70161 328276 -24.8787 -0.043422
12.70386 329015 -21.3140 -0.037158
12.70611 329756 -20.8070 -0.036234
12.70836 330498 -17.6363 -0.030678
12.71060 331242 -22.4218 -0.038958
12.71285 331988 -21.0682 -0.036565
12.71510 332736 -17.7275 -0.030733
12.71735 333485 -10.9040 -0.018882
12.71960 334236 -5.4865 -0.009490
12.72185 334988 -3.0382 -0.005249
12.72410 335743 -4.3389 -0.007488
12.72635 336499 -3.7964 -0.006545
12.72860 337256 -12.4146 -0.021377
12.73085 338016 -14.2818 -0.024565
12.73310 338777 -16.6009 -0.028522
12.73535 339540 -14.2783 -0.024504
12.73759 340304 -15.8370 -0.027148
12.73985 341071 -14.4248 -0.024699
12.74210 341839 -14.9096 -0.025501
12.74434 342608 -15.8656 -0.027106
12.74659 343380 -18.2978 -0.031226
12.74884 344153 -15.6259 -0.026636
12.75109 344928 -18.7006 -0.031841
12.75334 345705 -15.7956 -0.026865
12.75559 346483 -14.5544 -0.024726
12.75784 347263 -16.1646 -0.027431
12.76009 348045 -16.3621 -0.027735
12.76234 348829 -11.2790 -0.019097
12.76458 349614 -11.9434 -0.020199
12.76683 350401 -11.0752 -0.018710
12.76908 351190 -14.0846 -0.023767
12.77133 351981 -11.2488 -0.018960
12.77358 352774 -15.5791 -0.026230
12.77583 353568 -13.6855 -0.023016
12.77808 354364 -16.0021 -0.026881
12.78033 355162 -13.7671 -0.023101
12.78258 355962 -9.7808 -0.016394
12.78483 356763 -14.7885 -0.024759
12.78708 357567 -15.7185 -0.026286
12.78933 358372 -14.4198 -0.024088
12.79158 359179 -17.9480 -0.029948
12.79383 359988 -22.8757 -0.038127
12.79607 360798 -24.6753 -0.041080
12.79832 361611 -26.8068 -0.044578
12.80057 362425 -30.9952 -0.051486
12.80282 363241 -29.1743 -0.048407
12.80507 364059 -30.7491 -0.050962
12.80732 364879 -30.1114 -0.049849
12.80957 365700 -29.3331 -0.048506
12.81182 366524 -28.8402 -0.047637
12.81407 367349 -26.8401 -0.044284
12.81632 368176 -19.5645 -0.032243
12.81857 369005 -16.5693 -0.027276
12.82081 369836 -15.9310 -0.026196
12.82306 370669 -17.7173 -0.029101
12.82531 371503 -16.4176 -0.026936
12.82756 372340 -18.4383 -0.030217
12.82981 373178 -13.8776 -0.022717
12.83206 374019 -14.0554 -0.022983
12.83431 374861 -11.3062 -0.018466
12.83656 375705 -9.2635 -0.015113
12.83881 376551 -8.7324 -0.014231
12.84106 377399 -10.8678 -0.017691
12.84331 378248 -8.8343 -0.014364
12.84556 379100 -8.9390 -0.014518
12.84781 379954 -10.6271 -0.017241
12.85005 380809 -8.2023 -0.013292
12.85230 381667 -6.6154 -0.010708
12.85455 382526 -5.7068 -0.009227
12.85680 383388 -2.1749 -0.003513
12.85905 384251 -2.2810 -0.003680
12.86130 385116 -2.1936 -0.003535
12.86355 385983 -6.7834 -0.010919
12.86580 386852 -6.2100 -0.009984
12.86805 387723 -1.4265 -0.002291
12.87030 388596 0.9213 0.001478
12.87254 389471 -0.2229 -0.000357
12.87479 390348 -4.6258 -0.007404
12.87704 391227 -6.0002 -0.009593
12.87929 392108 -6.7408 -0.010765
12.88154 392991 -10.8729 -0.017344
12.88379 393876 -10.8327 -0.017261
12.88604 394763 -10.6443 -0.016941
12.88829 395652 -8.1215 -0.012912
12.89054 396543 -14.8795 -0.023629
12.89279 397436 -15.9799 -0.025348
12.89504 398331 -14.8447 -0.023521
12.89729 399228 -16.2910 -0.025783
12.89953 400126 -18.6025 -0.029409
12.90178 401027 -15.4315 -0.024368
12.90403 401930 -17.4453 -0.027517
12.90628 402835 -16.4459 -0.025912
12.90853 403743 -14.7257 -0.023175
12.91078 404652 -14.1272 -0.022208
12.91303 405563 -14.2904 -0.022440
12.91528 406476 -16.4981 -0.025877
12.91753 407391 -17.6248 -0.027613
12.91978 408309 -16.2839 -0.025484
12.92203 409228 -16.3292 -0.025526
12.92428 410149 -8.7999 -0.013741
12.92653 411073 -7.8565 -0.012254
12.92878 411999 -6.3256 -0.009855
12.93102 412926 -6.3803 -0.009929
12.93327 413856 -7.7790 -0.012092
12.93552 414788 -5.2081 -0.008087
12.93777 415722 -3.1730 -0.004921
12.94002 416658 -4.6059 -0.007135
12.94227 417596 -2.0567 -0.003183
12.94452 418536 -4.9700 -0.007682
12.94677 419479 -5.8751 -0.009071
12.94902 420423 -3.3960 -0.005237
12.95127 421370 -6.6752 -0.010283
12.95352 422319 -6.4240 -0.009885
12.95577 423270 -3.4030 -0.005231
12.95801 424223 -0.0494 -0.000076
12.96026 425178 7.5877 0.011637
12.96251 426136 6.4077 0.009816
12.96476 427095 8.2363 0.012603
12.96701 428057 4.2341 0.006472
12.96926 429021 7.6729 0.011714
12.97151 429987 3.3223 0.005067
12.97376 430955 3.9542 0.006023
12.97601 431925 5.0896 0.007744
12.97826 432898 4.3839 0.006663
12.98051 433873 7.3884 0.011217
12.98275 434849 9.2167 0.013977
12.98501 435829 7.0897 0.010739
12.98725 436810 8.4823 0.012834
12.98950 437794 2.5505 0.003855
12.99175 438779 -1.7284 -0.002609
12.99400 439767 -3.8398 -0.005790
12.99625 440758 -3.0304 -0.004565
12.99850 441750 -3.3307 -0.005011
13.00075 442745 -10.1883 -0.015312
13.00300 443742 -7.1717 -0.010766
13.00525 444741 -5.0674 -0.007599
13.00750 445742 -0.4726 -0.000708
13.00975 446746 -0.0127 -0.000019
13.01199 447752 5.5369 0.008275
13.01424 448760 3.1688 0.004730
13.01649 449771 5.2283 0.007796
13.01874 450783 6.9748 0.010388
13.02099 451798 7.1050 0.010570
13.02324 452816 9.1311 0.013569
13.02549 453835 10.9578 0.016266
13.02774 454857 9.5853 0.014212
13.02999 455881 3.1243 0.004627
13.03224 456908 4.8120 0.007119
13.03449 457937 6.1276 0.009055
13.03674 458968 3.3317 0.004918
13.03898 460001 -1.2118 -0.001787
13.04123 461037 -2.1419 -0.003155
13.04348 462075 -2.0611 -0.003032
13.04573 463116 -2.4112 -0.003543
13.04798 464158 -4.0214 -0.005903
13.05023 465204 -4.1833 -0.006133
13.05248 466251 -7.2765 -0.010656
13.05473 467301 -8.4863 -0.012414
13.05698 468353 -8.2326 -0.012030
13.05923 469408 -4.6768 -0.006826
13.06148 470465 -6.7468 -0.009836
13.06373 471524 -5.4693 -0.007965
13.06598 472586 -16.9406 -0.024643
13.06822 473650 -12.1167 -0.017606
13.07047 474716 -14.5693 -0.021146
13.07272 475785 -17.6324 -0.025563
13.07497 476857 -13.1286 -0.019012
13.07722 477930 -9.1754 -0.013272
13.07947 479007 -12.8981 -0.018636
13.08172 480085 -18.4282 -0.026597
13.08397 481166 -12.7043 -0.018315
13.08622 482250 -9.6380 -0.013879
13.08847 483335 -11.2506 -0.016183
13.09072 484424 -16.5630 -0.023797
13.09297 485515 -18.1432 -0.026038
13.09521 486608 -16.4931 -0.023644
13.09746 487703 -15.5736 -0.022300
13.09971 488802 -14.6268 -0.020921
13.10196 489902 -14.4555 -0.020653
13.10421 491005 -13.2037 -0.018843
13.10646 492111 -15.1771 -0.021635
13.10871 493219 -11.3722 -0.016193
13.11096 494330 -8.4904 -0.012076
13.11321 495443 -7.1256 -0.010123
13.11546 496558 -3.1855 -0.004521
13.11770 497676 -8.1632 -0.011571
13.11995 498797 -15.0599 -0.021324
13.12220 499920 -10.5415 -0.014909
13.12445 501046 -13.9095 -0.019650
13.12670 502174 -19.5863 -0.027639
13.12895 503305 -15.5189 -0.021875
13.13120 504438 -18.8451 -0.026533
13.13345 505574 -17.8797 -0.025146
13.13570 506712 -15.7580 -0.022137
13.13795 507853 -20.7919 -0.029176
13.14020 508997 -13.8393 -0.019398
13.14245 510143 -19.9376 -0.027914
13.14470 511292 -14.1739 -0.019822
13.14694 512443 -14.9075 -0.020825
13.14919 513597 -15.8612 -0.022132
13.15144 514753 -12.5772 -0.017530
13.15369 515912 -10.9559 -0.015253
13.15594 517074 -11.6058 -0.016140
13.15819 518238 -16.0641 -0.022315
13.16044 519405 -14.2198 -0.019731
13.16269 520575 -16.7875 -0.023267
13.16494 521747 -14.1244 -0.019554
13.16719 522922 -14.9884 -0.020727
13.16944 524099 -21.4767 -0.029666
13.17168 525279 -21.2442 -0.029312
13.17393 526462 -18.4657 -0.025450
13.17618 527648 -23.5424 -0.032410
13.17843 528836 -25.5972 -0.035199
13.18068 530026 -26.4678 -0.036355
13.18293 531220 -21.6127 -0.029653
13.18518 532416 -22.7330 -0.031155
13.18743 533615 -22.9754 -0.031452
13.18968 534816 -23.3288 -0.031900
13.19193 536021 -25.8133 -0.035258
13.19418 537228 -26.8908 -0.036688
13.19643 538437 -25.1397 -0.034260
13.19868 539650 -23.8260 -0.032434
13.20092 540865 -24.8092 -0.033734
13.20317 542083 -21.7570 -0.029551
13.20542 543303 -22.8886 -0.031053
13.20767 544527 -29.0588 -0.039379
13.20992 545753 -25.7849 -0.034903
13.21217 546982 -23.4418 -0.031696
13.21442 548213 -23.7066 -0.032018
13.21667 549448 -23.7122 -0.031990
13.21892 550685 -19.5791 -0.026384
13.22117 551925 -22.4413 -0.030207
13.22342 553168 -24.2500 -0.032605
13.22567 554413 -29.6446 -0.039813
13.22792 555662 -29.6999 -0.039843
13.23016 556913 -27.2615 -0.036531
13.23241 558167 -21.1561 -0.028317
13.23466 559424 -26.5609 -0.035512
13.23691 560683 -27.5400 -0.036779
13.23916 561946 -27.7002 -0.036952
13.24141 563211 -24.5905 -0.032767
13.24366 564479 -28.7970 -0.038329
13.24591 565750 -27.1350 -0.036076
13.24816 567024 -25.6404 -0.034050
13.25041 568301 -26.6680 -0.035375
13.25266 569581 -30.1950 -0.040009
13.25490 570863 -38.2218 -0.050588
13.25715 572149 -40.9217 -0.054100
13.25940 573437 -40.7805 -0.053853
13.26165 574728 -40.0524 -0.052832
13.26390 576022 -33.9749 -0.044765
13.26615 577319 -38.9426 -0.051253
13.26840 578619 -37.0831 -0.048751
13.27065 579922 -35.9776 -0.047244
13.27290 581228 -30.4885 -0.039991
13.27515 582537 -31.4048 -0.041147
13.27740 583848 -31.1315 -0.040743
13.27965 585163 -31.9561 -0.041775
13.28190 586481 -24.4413 -0.031915
13.28414 587801 -26.4471 -0.034496
13.28639 589125 -24.6700 -0.032142
13.28864 590451 -17.8729 -0.023260
13.29089 591781 -16.7255 -0.021742
13.29314 593113 -8.1121 -0.010533
13.29539 594449 -7.6509 -0.009923
13.29764 595787 -9.7818 -0.012673
13.29989 597129 -7.4879 -0.009690
13.30214 598473 -9.4197 -0.012176
13.30439 599821 -11.9652 -0.015449
13.30664 601172 -13.6493 -0.017604
13.30888 602525 -15.8015 -0.020357
13.31113 603882 -17.2929 -0.022253
13.31338 605242 -16.8839 -0.021702
13.31563 606604 -14.0678 -0.018062
13.31788 607970 -14.9135 -0.019127
13.32013 609339 -6.7694 -0.008672
13.32238 610711 -5.9999 -0.007678
13.32463 612087 -3.7363 -0.004776
13.32688 613465 -3.6633 -0.004677
13.32913 614846 -1.3087 -0.001669
13.33138 616231 -2.5383 -0.003233
13.33363 617618 -3.4457 -0.004385
13.33588 619009 1.7434 0.002216
13.33812 620403 -0.1088 -0.000138
13.34037 621800 -0.1849 -0.000234
13.34262 623200 1.5241 0.001931
13.34487 624603 -3.9908 -0.005050
13.34712 626009 0.1968 0.000249
13.34937 627419 1.7330 0.002188
13.35162 628832 3.0528 0.003850
13.35387 630248 2.4455 0.003080
13.35612 631667 3.2568 0.004098
13.35837 633089 0.6928 0.000871
13.36062 634515 5.2545 0.006596
13.36286 635943 9.8382 0.012337
13.36511 637375 8.9954 0.011267
13.36736 638811 9.5523 0.011951
13.36961 640249 6.6435 0.008303
13.37186 641691 10.6504 0.013295
13.37411 643135 13.3598 0.016659
13.37636 644584 14.0675 0.017522
13.37861 646035 17.8474 0.022205
13.38086 647490 20.3986 0.025350
13.38311 648948 23.6367 0.029342
13.38536 650409 27.8070 0.034480
13.38761 651873 26.3452 0.032630
13.38985 653341 21.8110 0.026984
13.39210 654812 24.3562 0.030099
13.39435 656287 24.5091 0.030254
13.39660 657765 21.0880 0.026002
13.39885 659246 16.4408 0.020249
13.40110 660730 10.7793 0.013261
13.40335 662218 6.1482 0.007555
13.40560 663709 0.8314 0.001021
13.40785 665203 1.5365 0.001884
13.41010 666701 1.2443 0.001524
13.41235 668203 8.8260 0.010797
13.41460 669707 11.1850 0.013668
13.41684 671215 15.2819 0.018653
13.41909 672726 13.6060 0.016589
13.42134 674241 16.5007 0.020095
13.42359 675759 12.1244 0.014749
13.42584 677281 9.5273 0.011577
13.42809 678806 11.6645 0.014158
13.43034 680335 11.6442 0.014117
13.43259 681866 10.1140 0.012248
13.43484 683402 7.3722 0.008918
13.43709 684941 3.8509 0.004653
13.43934 686483 6.9530 0.008392
13.44159 688029 9.9950 0.012050
13.44384 689578 9.3366 0.011243
13.44608 691131 11.5140 0.013850
13.44833 692687 6.6227 0.007957
13.45058 694247 7.1061 0.008529
13.45283 695810 -0.7613 -0.000913
13.45508 697377 1.1641 0.001394
13.45733 698947 4.8210 0.005767
13.45958 700521 0.6270 0.000749
13.46183 702098 2.1691 0.002589
13.46408 703679 0.1109 0.000132
13.46633 705263 1.6840 0.002005
13.46858 706851 4.0703 0.004841
13.47082 708443 1.9949 0.002370
13.47307 710038 3.8349 0.004551
13.47532 711637 4.0479 0.004798
13.47757 713239 11.0527 0.013087
13.47982 714845 13.8932 0.016432
13.48207 716455 17.3367 0.020482
13.48432 718068 18.0579 0.021310
13.48657 719685 16.2147 0.019113
13.48882 721306 20.5906 0.024244
13.49107 722930 21.9246 0.025786
13.49332 724558 21.2871 0.025008
13.49557 726189 19.8176 0.023255
13.49781 727824 21.7538 0.025499
13.50006 729463 20.8416 0.024402
13.50231 731106 13.1507 0.015380
13.50456 732752 17.5716 0.020527
13.50681 734402 8.0670 0.009413
13.50906 736056 9.3707 0.010922
13.51131 737713 10.7336 0.012497
13.51356 739374 7.4328 0.008644
13.51581 741039 6.3160 0.007337
13.51806 742707 6.5650 0.007618
13.52031 744380 7.8111 0.009053
13.52256 746056 2.8636 0.003315
13.52481 747736 6.5594 0.007586
13.52705 749419 8.1924 0.009463
13.52930 751107 8.6884 0.010025
13.53155 752798 3.6687 0.004228
13.53380 754493 4.1984 0.004833
13.53605 756192 3.1407 0.003612
13.53830 757895 -1.0656 -0.001224
13.54055 759601 -1.9733 -0.002264
13.54280 761312 -9.1349 -0.010469
13.54505 763026 -11.5495 -0.013222
13.54730 764744 -7.7684 -0.008883
13.54955 766466 -5.9869 -0.006838
13.55179 768192 -2.7683 -0.003158
13.55404 769922 3.5651 0.004063
13.55629 771655 -3.0991 -0.003528
13.55854 773393 -6.3696 -0.007243
13.56079 775134 -8.4804 -0.009632
13.56304 776880 -14.5128 -0.016465
13.56529 778629 -19.4601 -0.022054
13.56754 780382 -15.5450 -0.017597
13.56979 782139 -19.1042 -0.021602
13.57204 783901 -15.0556 -0.017005
13.57429 785666 -11.3824 -0.012841
13.57654 787435 -9.9496 -0.011212
13.57879 789208 -14.1450 -0.015922
13.58103 790985 -14.5073 -0.016312
13.58328 792766 -12.3114 -0.013827
13.58553 794551 -15.8512 -0.017783
13.58778 796340 -15.6945 -0.017587
13.59003 798133 -23.0536 -0.025805
13.59228 799930 -22.7774 -0.025467
13.59453 801732 -28.0918 -0.031374
13.59678 803537 -30.9255 -0.034500
13.59903 805346 -33.2254 -0.037024
13.60128 807160 -31.5718 -0.035141
13.60353 808977 -29.2771 -0.032551
13.60578 810799 -32.8370 -0.036468
13.60802 812624 -32.7651 -0.036347
13.61027 814454 -31.6410 -0.035060
13.61252 816288 -32.6006 -0.036083
13.61477 818126 -31.7764 -0.035131
13.61702 819968 -33.0148 -0.036459
13.61927 821815 -38.0700 -0.041995
13.62152 823665 -42.4395 -0.046762
13.62377 825520 -35.8637 -0.039472
13.62602 827379 -40.9624 -0.045033
13.62827 829242 -39.4818 -0.043357
13.63052 831109 -40.5574 -0.044488
13.63276 832980 -38.6662 -0.042366
13.63501 834856 -44.9313 -0.049175
13.63726 836736 -44.8492 -0.049030
13.63951 838620 -50.1466 -0.054759
13.64176 840508 -44.6393 -0.048691
13.64401 842401 -41.6705 -0.045401
13.64626 844297 -31.9425 -0.034763
13.64851 846199 -24.0013 -0.026091
13.65076 848104 -27.2300 -0.029568
13.65301 850014 -33.2010 -0.036011
13.65526 851928 -34.9948 -0.037914
13.65751 853846 -36.8042 -0.039830
13.65975 855768 -41.3392 -0.044687
13.66200 857695 -37.3881 -0.040371
13.66425 859627 -34.5322 -0.037245
13.66650 861562 -28.9380 -0.031176
13.66875 863502 -31.8375 -0.034262
13.67100 865447 -30.5478 -0.032837
13.67325 867395 -20.7035 -0.022230
13.67550 869348 -18.6110 -0.019961
13.67775 871306 -18.5610 -0.019885
13.68000 873268 -11.8413 -0.012671
13.68225 875234 -7.8150 -0.008353
13.68450 877205 -0.9293 -0.000992
13.68674 879180 3.3060 0.003526
13.68899 881160 0.5473 0.000583
13.69124 883144 -3.7216 -0.003960
13.69349 885133 -3.7146 -0.003948
13.69574 887126 -5.7278 -0.006081
13.69799 889123 -11.0505 -0.011719
13.70024 891125 -15.3564 -0.016267
13.70249 893132 -19.0080 -0.020113
13.70474 895143 -20.7739 -0.021957
13.70699 897158 -15.6177 -0.016489
13.70924 899178 -14.4173 -0.015204
13.71149 901203 -18.5814 -0.019573
13.71373 903232 -16.1480 -0.016991
13.71598 905266 -22.9263 -0.024096
13.71823 907305 -18.9047 -0.019847
13.72048 909348 -25.2107 -0.026437
13.72273 911395 -33.5315 -0.035124
13.72498 913447 -32.5881 -0.034097
13.72723 915504 -29.2820 -0.030603
13.72948 917566 -23.4569 -0.024488
13.73173 919632 -24.0535 -0.025082
13.73398 921702 -28.8385 -0.030038
13.73623 923778 -23.6308 -0.024586
13.73848 925858 -24.7556 -0.025728
13.74073 927943 -23.5793 -0.024478
13.74297 930032 -25.7756 -0.026728
13.74522 932126 -24.8440 -0.025733
13.74747 934225 -23.8366 -0.024661
13.74972 936329 -20.9662 -0.021667
13.75197 938437 -23.9985 -0.024773
13.75422 940550 -8.6059 -0.008874
13.75647 942668 -16.5462 -0.017042
13.75872 944791 -17.6898 -0.018199
13.76097 946918 -20.5714 -0.021140
13.76322 949050 -21.7606 -0.022337
13.76547 951187 -10.9985 -0.011277
13.76772 953329 -10.5031 -0.010757
13.76996 955475 -15.9837 -0.016352
13.77221 957627 -18.5806 -0.018987
13.77446 959783 -16.3512 -0.016690
13.77671 961944 -26.5741 -0.027095
13.77896 964110 -29.5509 -0.030096
13.78121 966281 -40.8413 -0.041548
13.78346 968457 -42.6934 -0.043383
13.78571 970638 -38.9031 -0.039487
13.78796 972823 -31.9567 -0.032400
13.79021 975014 -29.3327 -0.029706
13.79246 977209 -25.0118 -0.025302
13.79471 979410 -23.5819 -0.023828
13.79695 981615 -28.5459 -0.028812
13.79920 983825 -31.2371 -0.031493
13.80145 986041 -37.5523 -0.037817
13.80370 988261 -33.7877 -0.033988
13.80595 990486 -35.4930 -0.035663
13.80820 992716 -36.5020 -0.036636
13.81045 994952 -36.6832 -0.036776
13.81270 997192 -40.9934 -0.041051
13.81495 999437 -32.6569 -0.032666
13.81720 1001688 -31.5000 -0.031473
13.81945 1003943 -30.7999 -0.030739
13.82170 1006204 -38.5492 -0.038430
13.82394 1008470 -38.3901 -0.038229
13.82619 1010740 -45.6273 -0.045384
13.82844 1013016 -40.4041 -0.040144
13.83069 1015297 -39.3660 -0.039068
13.83294 1017583 -36.3138 -0.035999
13.83519 1019875 -38.4554 -0.038079
13.83744 1022171 -45.5129 -0.045017
13.83969 1024473 -46.7202 -0.046159
13.84194 1026780 -37.8574 -0.037360
13.84419 1029092 -36.5478 -0.036028
13.84644 1031409 -22.6383 -0.022291
13.84869 1033731 -28.0534 -0.027592
13.85093 1036059 -21.1399 -0.020769
13.85318 1038392 -18.9531 -0.018599
13.85543 1040730 -16.3313 -0.016009
13.85768 1043073 -13.2859 -0.013009
13.85993 1045422 -11.6045 -0.011350
13.86218 1047776 -7.4791 -0.007307
13.86443 1050135 0.8820 0.000861
13.86668 1052500 5.6548 0.005512
13.86893 1054870 13.2471 0.012898
13.87118 1057245 14.4600 0.014063
13.87343 1059626 15.0816 0.014651
13.87568 1062012 9.4202 0.009141
13.87792 1064403 16.1648 0.015668
13.88017 1066800 10.1460 0.009823
13.88242 1069202 6.6189 0.006401
13.88467 1071609 5.6490 0.005457
13.88692 1074022 12.3263 0.011894
13.88917 1076441 16.9901 0.016376
13.89142 1078864 19.1539 0.018441
13.89367 1081294 21.9946 0.021152
13.89592 1083728 15.7096 0.015091
13.89817 1086169 23.1124 0.022177
13.90042 1088614 25.0062 0.023967
13.90267 1091066 24.1633 0.023133
13.90491 1093522 23.4938 0.022467
13.90716 1095985 21.9550 0.020972
13.90941 1098452 21.3563 0.020377
13.91166 1100926 26.3057 0.025071
13.91391 1103405 22.2490 0.021181
13.91616 1105889 20.6869 0.019672
13.91841 1108379 18.3764 0.017455
13.92066 1110875 25.7971 0.024476
13.92291 1113377 33.2354 0.031498
13.92516 1115883 41.1978 0.039000
13.92741 1118396 40.5415 0.038336
13.92965 1120914 32.5094 0.030706
13.93190 1123438 37.6366 0.035509
13.93415 1125968 34.3900 0.032409
13.93640 1128503 29.9693 0.028211
13.93865 1131044 21.6466 0.020354
13.94090 1133591 13.3913 0.012578
13.94315 1136144 17.3894 0.016314
13.94540 1138702 18.9255 0.017735
13.94765 1141266 13.6799 0.012805
13.94990 1143836 12.1976 0.011405
13.95215 1146411 13.0172 0.012158
13.95440 1148993 11.2218 0.010469
13.95665 1151580 4.8810 0.004548
13.95889 1154173 3.5215 0.003278
13.96114 1156772 -1.0656 -0.000991
13.96339 1159376 2.7772 0.002579
13.96564 1161987 6.4222 0.005958
13.96789 1164603 2.5057 0.002322
13.97014 1167226 2.7811 0.002574
13.97239 1169854 6.1722 0.005707
13.97464 1172488 6.9457 0.006414
13.97689 1175128 12.1789 0.011235
13.97914 1177774 9.2782 0.008549
13.98139 1180426 15.4968 0.014263
13.98364 1183084 19.4126 0.017847
13.98588 1185748 17.6164 0.016178
13.98813 1188418 13.7980 0.012657
13.99038 1191094 9.8098 0.008989
13.99263 1193776 11.4914 0.010517
13.99488 1196464 5.9865 0.005473
13.99713 1199158 1.1110 0.001015
13.99938 1201858 5.0656 0.004621
14.00163 1204565 2.8460 0.002593
14.00388 1207277 -6.7700 -0.006161
14.00613 1209995 -8.1907 -0.007446
14.00838 1212720 -14.4443 -0.013116
14.01063 1215451 -20.3925 -0.018497
14.01287 1218187 -18.4664 -0.016731
14.01512 1220930 -15.4408 -0.013974
14.01737 1223680 -20.3423 -0.018389
14.01962 1226435 -18.3604 -0.016579
14.02187 1229196 -25.3005 -0.022820
14.02412 1231964 -31.2657 -0.028169
14.02637 1234738 -43.6513 -0.039283
14.02862 1237519 -31.8291 -0.028612
14.03087 1240305 -29.1297 -0.026156
14.03312 1243098 -27.3698 -0.024548
14.03537 1245897 -18.1073 -0.016222
14.03762 1248702 -13.4485 -0.012035
14.03986 1251514 -7.9316 -0.007090
14.04211 1254332 -8.3904 -0.007492
14.04436 1257156 -9.8325 -0.008769
14.04661 1259987 -6.2805 -0.005595
14.04886 1262824 3.1743 0.002825
14.05111 1265668 -0.1604 -0.000143
14.05336 1268518 1.8560 0.001648
14.05561 1271374 3.1832 0.002823
14.05786 1274237 4.3112 0.003819
14.06011 1277106 14.0044 0.012392
14.06236 1279982 17.6531 0.015603
14.06461 1282864 10.4542 0.009230
14.06685 1285752 11.5019 0.010144
14.06910 1288648 5.6082 0.004940
14.07135 1291549 -2.4880 -0.002189
14.07360 1294457 -5.6141 -0.004934
14.07585 1297372 -1.3427 -0.001179
14.07810 1300293 -3.4075 -0.002988
14.08035 1303221 -0.5892 -0.000516
14.08260 1306156 -3.9351 -0.003443
14.08485 1309097 -2.6061 -0.002278
14.08710 1312044 -6.1376 -0.005358
14.08935 1314999 -7.4171 -0.006468
14.09160 1317960 -2.2768 -0.001983
14.09384 1320927 1.6100 0.001401
14.09609 1323902 -0.7153 -0.000622
14.09834 1326883 -9.4009 -0.008161
14.10059 1329871 -23.6142 -0.020477
14.10284 1332865 -27.3398 -0.023681
14.10509 1335866 -31.5961 -0.027337
14.10734 1338874 -34.9215 -0.030180
14.10959 1341889 -37.5039 -0.032376
14.11184 1344910 -39.6156 -0.034160
14.11409 1347939 -46.7023 -0.040226
14.11634 1350974 -43.5436 -0.037463
14.11859 1354016 -41.6412 -0.035786
14.12083 1357065 -46.4787 -0.039898
14.12308 1360120 -39.5032 -0.033872
14.12533 1363183 -42.7175 -0.036587
14.12758 1366253 -38.3969 -0.032850
14.12983 1369329 -49.3354 -0.042160
14.13208 1372412 -36.8724 -0.031475
14.13433 1375502 -35.5613 -0.030321
14.13658 1378600 -36.8967 -0.031425
14.13883 1381704 -33.3454 -0.028368
14.14108 1384815 -31.9907 -0.027185
14.14333 1387933 -36.3925 -0.030891
14.14558 1391058 -36.8831 -0.031272
14.14782 1394191 -25.1189 -0.021274
14.15007 1397330 -30.3571 -0.025681
14.15232 1400476 -26.4090 -0.022316
14.15457 1403630 -16.3305 -0.013784
14.15682 1406790 -12.0293 -0.010142
14.15907 1409958 -11.7326 -0.009881
14.16132 1413133 -11.1156 -0.009351
14.16357 1416315 -17.8251 -0.014978
14.16582 1419504 -16.1670 -0.013569
14.16807 1422700 -16.8600 -0.014135
14.17032 1425904 -17.8805 -0.014974
14.17257 1429114 -9.0045 -0.007532
14.17481 1432332 -7.9852 -0.006672
14.17706 1435558 -17.0643 -0.014242
14.17931 1438790 -28.0718 -0.023403
14.18156 1442030 -18.7586 -0.015621
14.18381 1445277 -16.8300 -0.013999
14.18606 1448531 -28.7448 -0.023883
14.18831 1451793 -21.8222 -0.018111
14.19056 1455062 -12.4903 -0.010355
14.19281 1458338 -20.6495 -0.017099
14.19506 1461622 -18.2391 -0.015086
14.19731 1464913 -14.7926 -0.012222
14.19956 1468211 -8.7255 -0.007201
14.20180 1471517 -5.4989 -0.004533
14.20405 1474831 -8.8552 -0.007292
14.20630 1478152 -14.8662 -0.012228
14.20855 1481480 -18.4834 -0.015186
14.21080 1484816 -15.8022 -0.012968
14.21305 1488159 -12.5447 -0.010283
14.21530 1491510 -7.9054 -0.006473
14.21755 1494869 -10.7880 -0.008823
14.21980 1498235 -16.9573 -0.013854
14.22205 1501608 -9.9700 -0.008136
14.22430 1504989 -9.5516 -0.007786
14.22655 1508378 -7.2219 -0.005880
14.22880 1511775 -14.6654 -0.011928
14.23104 1515179 -6.2289 -0.005060
14.23329 1518590 -10.1798 -0.008261
14.23554 1522010 4.0333 0.003269
14.23779 1525437 2.3399 0.001894
14.24004 1528872 -1.8381 -0.001487
14.24229 1532314 -3.6554 -0.002953
14.24454 1535765 -6.2895 -0.005075
14.24679 1539223 -10.0682 -0.008115
14.24904 1542689 -10.7029 -0.008617
14.25129 1546162 -13.4530 -0.010819
14.25354 1549644 -11.6179 -0.009333
14.25578 1553133 -17.6924 -0.014197
14.25803 1556630 -16.6267 -0.013326
14.26028 1560135 -13.9129 -0.011139
14.26253 1563648 -18.8366 -0.015064
14.26478 1567169 -21.1192 -0.016870
14.26703 1570698 -16.0342 -0.012794
14.26928 1574235 -14.3552 -0.011441
14.27153 1577779 -23.0276 -0.018333
14.27378 1581332 -24.1872 -0.019234
14.27603 1584893 -25.4305 -0.020200
14.27828 1588461 -34.6507 -0.027493
14.28053 1592038 -27.0905 -0.021470
14.28277 1595623 -13.5056 -0.010692
14.28502 1599216 -17.9095 -0.014162
14.28727 1602817 -11.4164 -0.009018
14.28952 1606426 -11.1148 -0.008769
14.29177 1610043 -1.2537 -0.000988
14.29402 1613668 4.1262 0.003248
14.29627 1617302 11.5242 0.009062
14.29852 1620943 12.4085 0.009746
14.30077 1624593 22.9698 0.018021
14.30302 1628251 21.5878 0.016918
14.30527 1631918 17.3630 0.013592
14.30752 1635592 25.2610 0.019752
14.30976 1639275 31.6563 0.024725
14.31201 1642966 30.1317 0.023508
14.31426 1646666 37.8999 0.029535
14.31651 1650374 28.6262 0.022283
14.31876 1654090 34.7533 0.027022
14.32101 1657814 36.9683 0.028712
14.32326 1661547 36.0059 0.027933
14.32551 1665289 28.8707 0.022372
14.32776 1669038 24.5753 0.019022
14.33001 1672796 19.6818 0.015218
14.33226 1676563 10.9679 0.008471
14.33451 1680338 10.1614 0.007839
14.33675 1684122 10.0228 0.007723
14.33900 1687914 9.2772 0.007141
14.34125 1691715 6.9060 0.005310
14.34350 1695524 9.0834 0.006976
14.34575 1699342 7.4524 0.005717
14.34800 1703168 11.8504 0.009080
14.35025 1707003 10.2633 0.007855
14.35250 1710847 15.0259 0.011488
14.35475 1714699 17.4052 0.013292
14.35700 1718560 12.2407 0.009337
14.35925 1722430 -1.0007 -0.000762
14.36150 1726308 -3.9909 -0.003037
14.36374 1730195 -9.1547 -0.006960
14.36599 1734091 -8.1886 -0.006218
14.36824 1737996 -12.0706 -0.009156
14.37049 1741909 -16.1921 -0.012268
14.37274 1745831 0.6423 0.000486
14.37499 1749763 1.4993 0.001133
14.37724 1753702 6.3287 0.004779
14.37949 1757651 1.7049 0.001286
14.38174 1761609 6.6570 0.005016
14.38399 1765576 6.1801 0.004651
14.38624 1769551 4.3781 0.003291
14.38849 1773536 1.5738 0.001182
14.39073 1777529 7.9242 0.005944
14.39298 1781532 15.2757 0.011445
14.39523 1785543 15.4768 0.011582
14.39748 1789564 3.5096 0.002623
14.39973 1793593 -7.2908 -0.005444
14.40198 1797632 -13.8526 -0.010332
14.40423 1801679 -14.1252 -0.010523
14.40648 1805736 -15.2934 -0.011381
14.40873 1809802 -15.5740 -0.011577
14.41098 1813877 -19.5708 -0.014531
14.41323 1817962 -15.4509 -0.011459
14.41548 1822055 -23.0296 -0.017061
14.41772 1826158 -28.3906 -0.021009
14.41997 1830270 -23.9508 -0.017704
14.42222 1834391 -35.3962 -0.026134
14.42447 1838522 -38.1883 -0.028164
14.42672 1842661 -39.4026 -0.029027
14.42897 1846811 -33.0990 -0.024356
14.43122 1850969 -46.2493 -0.033994
14.43347 1855137 -35.9463 -0.026392
14.43572 1859314 -28.7778 -0.021105
14.43797 1863501 -28.6688 -0.021001
14.44022 1867697 -22.2144 -0.016255
14.44247 1871902 -22.0429 -0.016111
14.44471 1876117 -24.0116 -0.017530
14.44696 1880342 -35.2002 -0.025670
14.44921 1884576 -32.6194 -0.023761
14.45146 1888819 -24.9654 -0.018165
14.45371 1893072 -21.2176 -0.015421
14.45596 1897335 -25.1069 -0.018227
14.45821 1901607 -19.8290 -0.014379
14.46046 1905889 -22.1040 -0.016011
14.46271 1910180 -26.1935 -0.018952
14.46496 1914481 -23.2416 -0.016797
14.46721 1918792 -26.4760 -0.019113
14.46946 1923113 -33.4379 -0.024112
14.47170 1927443 -32.1943 -0.023189
14.47395 1931783 -25.9437 -0.018666
14.47620 1936133 -26.2811 -0.018888
14.47845 1940493 -16.2291 -0.011650
14.48070 1944862 -24.9353 -0.017880
14.48295 1949241 -31.2604 -0.022390
14.48520 1953630 -29.9466 -0.021425
14.48745 1958029 -33.8377 -0.024182
14.48970 1962438 -39.2475 -0.028017
14.49195 1966857 -34.9340 -0.024909
14.49420 1971286 -36.3595 -0.025897
14.49645 1975725 -26.0093 -0.018504
14.49869 1980173 -24.7624 -0.017597
14.50094 1984632 -30.5925 -0.021716
14.50319 1989101 -21.7575 -0.015427
14.50544 1993580 -23.1410 -0.016389
14.50769 1998069 -22.0816 -0.015622
14.50994 2002568 -20.6541 -0.014595
14.51219 2007077 -26.7418 -0.018876
14.51444 2011596 -15.7012 -0.011070
14.51669 2016126 -13.0868 -0.009217
14.51894 2020665 -12.2727 -0.008634
14.52119 2025215 -8.6067 -0.006048
14.52344 2029775 -22.4234 -0.015739
14.52568 2034346 -12.7173 -0.008916
14.52793 2038927 -7.7500 -0.005428
14.53018 2043518 3.2014 0.002239
14.53243 2048119 11.9724 0.008366
14.53468 2052731 1.8945 0.001322
14.53693 2057353 -1.3094 -0.000913
14.53918 2061986 -4.3677 -0.003042
14.54143 2066628 -2.3683 -0.001647
14.54368 2071282 -12.6341 -0.008779
14.54593 2075946 -26.9334 -0.018693
14.54818 2080620 -28.5070 -0.019763
14.55043 2085305 -23.1877 -0.016057
14.55268 2090001 -27.3027 -0.018886
14.55492 2094707 -22.1392 -0.015297
14.55717 2099423 -22.6918 -0.015661
14.55942 2104151 -23.4767 -0.016185
14.56167 2108889 -29.1399 -0.020066
14.56392 2113637 -35.0869 -0.024134
14.56617 2118396 -33.8053 -0.023226
14.56842 2123166 -26.7055 -0.018328
14.57067 2127947 -30.5326 -0.020931
14.57292 2132739 -29.6278 -0.020288
14.57517 2137541 -27.8632 -0.019058
14.57742 2142354 -29.0607 -0.019855
14.57966 2147178 -31.2141 -0.021302
14.58191 2152013 -29.5833 -0.020166
14.58416 2156858 -34.9946 -0.023828
14.58641 2161715 -41.4540 -0.028195
14.58866 2166583 -39.5749 -0.026886
14.59091 2171461 -54.0974 -0.036711
14.59316 2176350 -64.6018 -0.043791
14.59541 2181251 -69.5362 -0.047082
14.59766 2186162 -70.8712 -0.047932
14.59991 2191085 -67.8733 -0.045853
14.60216 2196019 -71.0468 -0.047943
14.60441 2200964 -72.7745 -0.049054
14.60665 2205919 -69.5063 -0.046798
14.60890 2210886 -58.7951 -0.039542
14.61115 2215865 -47.6280 -0.031996
14.61340 2220854 -55.7100 -0.037383
14.61565 2225855 -62.9252 -0.042177
14.61790 2230867 -61.1030 -0.040910
14.62015 2235890 -55.7940 -0.037313
14.62240 2240925 -46.9318 -0.031351
14.62465 2245971 -44.8005 -0.029894
14.62690 2251028 -31.6113 -0.021069
14.62915 2256096 -17.3778 -0.011570
14.63140 2261176 -15.8342 -0.010530
14.63364 2266268 -15.2299 -0.010117
14.63589 2271371 -15.2985 -0.010151
14.63814 2276485 -21.7378 -0.014407
14.64039 2281611 -21.8444 -0.014462
14.64264 2286749 -22.2091 -0.014687
14.64489 2291898 -19.3004 -0.012749
14.64714 2297059 -10.9210 -0.007206
14.64939 2302231 -1.9006 -0.001253
14.65164 2307415 -0.1199 -0.000079
14.65389 2312610 -13.6851 -0.008999
14.65614 2317818 -17.7665 -0.011670
14.65839 2323037 -20.5013 -0.013451
14.66063 2328267 -14.9345 -0.009788
14.66288 2333510 -13.1106 -0.008583
14.66513 2338764 -25.4529 -0.016644
14.66738 2344031 -27.8957 -0.018220
14.66963 2349309 -25.5719 -0.016684
14.67188 2354599 -17.6321 -0.011491
14.67413 2359900 -26.7294 -0.017400
14.67638 2365214 -21.1514 -0.013753
14.67863 2370540 -16.3849 -0.010642
14.68088 2375878 -21.8421 -0.014170
14.68313 2381227 -33.3918 -0.021639
14.68538 2386589 -34.8471 -0.022557
14.68762 2391963 -27.3628 -0.017692
14.68987 2397349 -20.3330 -0.013132
14.69212 2402747 -25.6653 -0.016557
14.69437 2408158 -11.0698 -0.007133
14.69662 2413580 -9.5044 -0.006118
14.69887 2419015 -4.4545 -0.002864
14.70112 2424462 7.0181 0.004507
14.70337 2429921 3.8816 0.002490
14.70562 2435392 1.4344 0.000919
14.70787 2440876 7.2643 0.004650
14.71012 2446372 13.6981 0.008758
14.71237 2451881 12.6069 0.008051
14.71461 2457401 13.0717 0.008339
14.71686 2462935 22.5460 0.014366
14.71911 2468481 35.3735 0.022515
14.72136 2474039 40.4101 0.025691
14.72361 2479610 48.3793 0.030723
14.72586 2485193 54.4829 0.034561
14.72811 2490789 55.1602 0.034951
14.73036 2496397 57.6494 0.036487
14.73261 2502018 51.2396 0.032394
14.73486 2507652 48.4845 0.030617
14.73711 2513299 36.2207 0.022847
14.73936 2518958 18.7462 0.011811
14.74161 2524630 30.1671 0.018986
14.74385 2530315 29.1275 0.018311
14.74610 2536012 28.9492 0.018179
14.74835 2541722 29.8940 0.018751
14.75060 2547446 25.5620 0.016016
14.75285 2553182 10.3341 0.006467
14.75510 2558931 6.2297 0.003894
14.75735 2564693 12.5461 0.007834
14.75960 2570468 15.1657 0.009459
14.76185 2576255 6.6485 0.004142
14.76410 2582056 9.4861 0.005903
14.76635 2587870 7.2041 0.004478
14.76860 2593698 -0.1231 -0.000076
14.77084 2599538 -0.1763 -0.000109
14.77309 2605391 0.2909 0.000180
14.77534 2611258 10.6448 0.006587
14.77759 2617137 11.0633 0.006839
14.77984 2623030 13.6455 0.008425
14.78209 2628937 2.1059 0.001299
14.78434 2634856 4.4762 0.002758
14.78659 2640789 16.1079 0.009912
14.78884 2646735 13.6578 0.008395
14.79109 2652695 24.8603 0.015264
14.79334 2658668 31.3640 0.019235
14.79559 2664655 32.8556 0.020127
14.79783 2670655 20.0448 0.012266
14.80008 2676668 14.0725 0.008601
14.80233 2682695 19.4716 0.011888
14.80458 2688736 22.4354 0.013682
14.80683 2694790 15.8435 0.009651
14.80908 2700858 12.9509 0.007880
14.81133 2706940 14.9011 0.009057
14.81358 2713035 16.5681 0.010059
14.81583 2719144 5.6940 0.003453
14.81808 2725266 -8.6886 -0.005263
14.82033 2731403 -1.5308 -0.000926
14.82258 2737553 9.0804 0.005488
14.82482 2743717 16.6768 0.010068
14.82707 2749895 29.2745 0.017654
14.82932 2756087 31.4727 0.018958
14.83157 2762293 37.4794 0.022551
14.83382 2768513 30.5935 0.018387
14.83607 2774747 42.4578 0.025489
14.83832 2780995 33.8708 0.020311
14.84057 2787257 21.2220 0.012712
14.84282 2793533 16.7352 0.010013
14.84507 2799823 27.6835 0.016545
14.84732 2806127 19.6172 0.011711
14.84957 2812446 21.4896 0.012814
14.85181 2818779 44.1697 0.026308
14.85406 2825126 47.6747 0.028364
14.85631 2831487 42.8111 0.025442
14.85856 2837863 46.0656 0.027345
14.86081 2844253 47.5716 0.028207
14.86306 2850657 52.5490 0.031124
14.86531 2857076 55.0048 0.032542
14.86756 2863509 50.0815 0.029596
14.86981 2869957 52.5673 0.031030
14.87206 2876419 47.4315 0.027967
14.87431 2882896 35.7310 0.021044
14.87655 2889387 48.6136 0.028599
14.87880 2895894 44.3560 0.026065
14.88105 2902414 39.7037 0.023305
14.88330 2908950 38.2743 0.022441
14.88555 2915500 39.7211 0.023263
14.88780 2922064 30.8568 0.018051
14.89005 2928644 16.5540 0.009673
14.89230 2935238 16.3784 0.009560
14.89455 2941848 11.6201 0.006775
14.89680 2948472 -4.2490 -0.002475
14.89905 2955111 -13.6253 -0.007926
14.90130 2961765 -12.1877 -0.007082
14.90355 2968434 -4.7112 -0.002734
14.90579 2975118 -6.3774 -0.003697
14.90804 2981817 -22.8171 -0.013214
14.91029 2988531 -19.5915 -0.011333
14.91254 2995261 -23.2723 -0.013447
14.91479 3002005 -16.6119 -0.009588
14.91704 3008765 -12.8131 -0.007387
14.91929 3015539 -15.9527 -0.009187
14.92154 3022329 -17.3843 -0.010000
14.92379 3029135 -27.6367 -0.015879
14.92604 3035956 -14.3617 -0.008242
14.92829 3042792 -7.0818 -0.004060
14.93054 3049643 3.4472 0.001974
14.93278 3056510 -1.4966 -0.000856
14.93503 3063392 -1.3870 -0.000792
14.93728 3070290 7.1971 0.004107
14.93953 3077203 9.2357 0.005265
14.94178 3084132 4.0144 0.002286
14.94403 3091077 0.7291 0.000415
14.94628 3098037 -4.7917 -0.002722
14.94853 3105013 -17.1094 -0.009710
14.95078 3112005 -29.9350 -0.016969
14.95303 3119012 -16.6801 -0.009445
14.95528 3126035 -19.6080 -0.011090
14.95753 3133074 -29.2299 -0.016514
14.95977 3140129 -23.3021 -0.013150
14.96202 3147199 -36.8486 -0.020771
14.96427 3154286 -43.3579 -0.024413
14.96652 3161388 -42.0088 -0.023627
14.96877 3168507 -23.2001 -0.013034
14.97102 3175641 -22.2147 -0.012466
14.97327 3182792 -8.8065 -0.004936
14.97552 3189959 -19.5070 -0.010922
14.97777 3197141 -31.6119 -0.017679
14.98002 3204340 -37.4196 -0.020904
14.98227 3211556 -22.0874 -0.012325
14.98452 3218787 -31.9868 -0.017829
14.98676 3226035 -37.8377 -0.021066
14.98901 3233299 -33.0018 -0.018353
14.99126 3240579 -32.6419 -0.018133
14.99351 3247876 -27.4717 -0.015244
14.99576 3255189 -46.7132 -0.025891
14.99801 3262519 -57.4338 -0.031797
15.00026 3269865 -57.0425 -0.031545
15.00251 3277228 -64.1097 -0.035414
15.00476 3284607 -79.4025 -0.043812
15.00701 3292003 -82.7308 -0.045597
15.00926 3299416 -84.1167 -0.046309
15.01151 3306845 -78.1310 -0.042965
15.01375 3314291 -84.3091 -0.046310
15.01600 3321754 -96.8036 -0.053114
15.01825 3329234 -104.5210 -0.057284
15.02050 3336730 -106.4771 -0.058290
15.02275 3344243 -115.1736 -0.062980
15.02500 3351773 -117.1935 -0.064013
15.02725 3359321 -107.5254 -0.058666
15.02950 3366885 -104.2966 -0.056840
15.03175 3374466 -116.8381 -0.063604
15.03400 3382064 -113.0467 -0.061471
15.03625 3389680 -108.0283 -0.058676
15.03850 3397312 -87.1909 -0.047305
15.04074 3404962 -82.3621 -0.044635
15.04299 3412629 -81.5132 -0.044125
15.04524 3420313 -61.4468 -0.033225
15.04749 3428015 -61.0783 -0.032989
15.04974 3435734 -59.9904 -0.032365
15.05199 3443470 -53.2400 -0.028691
15.05424 3451223 -49.5442 -0.026669
15.05649 3458995 -38.7518 -0.020836
15.05874 3466783 -39.0508 -0.020973
15.06099 3474589 -44.3040 -0.023768
15.06324 3482413 -45.2912 -0.024270
15.06549 3490254 -53.4972 -0.028635
15.06773 3498113 -73.7062 -0.039408
15.06998 3505990 -58.0958 -0.031027
15.07223 3513885 -64.1858 -0.034241
15.07448 3521797 -58.1937 -0.031009
15.07673 3529727 -71.2305 -0.037914
15.07898 3537675 -55.1442 -0.029318
15.08123 3545640 -46.8867 -0.024900
15.08348 3553624 -60.2255 -0.031948
15.08573 3561626 -71.4728 -0.037872
15.08798 3569646 -71.1181 -0.037642
15.09023 3577683 -63.1873 -0.033406
15.09248 3585739 -61.1897 -0.032314
15.09472 3593813 -59.1475 -0.031200
15.09697 3601905 -63.4841 -0.033450
15.09922 3610016 -68.8754 -0.036250
15.10147 3618144 -63.9079 -0.033598
15.10372 3626291 -65.3346 -0.034309
15.10597 3634457 -50.8141 -0.026654
15.10822 3642640 -47.7642 -0.025026
15.11047 3650843 -62.1739 -0.032540
15.11272 3659063 -61.9543 -0.032388
15.11497 3667302 -51.1417 -0.026706
15.11722 3675560 -59.4482 -0.031008
15.11947 3683836 -45.0478 -0.023471
15.12171 3692131 -44.8037 -0.023317
15.12396 3700445 -42.6850 -0.022190
15.12621 3708777 -35.1967 -0.018276
15.12846 3717128 -35.9829 -0.018663
15.13071 3725498 -42.8058 -0.022177
15.13296 3733887 -36.9371 -0.019115
15.13521 3742294 -30.0022 -0.015509
15.13746 3750721 -21.4210 -0.011061
15.13971 3759166 -17.6882 -0.009123
15.14196 3767631 -19.3924 -0.009991
15.14421 3776114 -14.4515 -0.007437
15.14646 3784617 -0.4564 -0.000235
15.14870 3793139 -8.9963 -0.004619
15.15095 3801680 -13.4237 -0.006885
15.15320 3810240 -4.6362 -0.002375
15.15545 3818819 -6.6774 -0.003417
15.15770 3827418 2.1764 0.001112
15.15995 3836036 3.8108 0.001946
15.16220 3844674 -0.1866 -0.000095
15.16445 3853331 7.3970 0.003768
15.16670 3862008 -10.0748 -0.005127
15.16895 3870704 2.3640 0.001202
15.17120 3879419 26.6048 0.013508
15.17345 3888155 43.5414 0.022082
15.17569 3896910 38.5014 0.019504
15.17794 3905684 35.4903 0.017958
15.18019 3914479 40.7706 0.020607
15.18244 3923293 50.4691 0.025480
15.18469 3932127 28.2981 0.014271
15.18694 3940981 29.4184 0.014819
15.18919 3949855 36.9833 0.018609
15.19144 3958749 36.0796 0.018134
15.19369 3967663 33.8578 0.016998
15.19594 3976597 30.5078 0.015299
15.19819 3985551 36.0167 0.018041
15.20044 3994525 44.0427 0.022036
15.20268 4003520 44.1264 0.022054
15.20493 4012534 41.3002 0.020618
15.20718 4021569 43.4716 0.021677
15.20943 4030625 40.5291 0.020187
15.21168 4039700 42.3359 0.021064
15.21393 4048797 44.6565 0.022193
15.21618 4057913 51.3302 0.025481
15.21843 4067050 33.8039 0.016762
15.22068 4076208 35.8901 0.017776
15.22293 4085387 40.2811 0.019929
15.22518 4094586 47.5141 0.023481
15.22743 4103805 35.8103 0.017677
15.22967 4113046 31.8475 0.015703
15.23192 4122307 27.0280 0.013312
15.23417 4131589 36.8258 0.018117
15.23642 4140893 41.0602 0.020178
15.23867 4150217 52.1716 0.025609
15.24092 4159562 71.5754 0.035095
15.24317 4168928 65.5628 0.032110
15.24542 4178315 55.0779 0.026945
15.24767 4187723 60.5199 0.029574
15.24992 4197153 52.0351 0.025399
15.25217 4206603 48.3954 0.023596
15.25442 4216075 44.2160 0.021534
15.25666 4225569 43.5744 0.021198
15.25891 4235083 60.4321 0.029365
15.26116 4244620 57.3215 0.027823
15.26341 4254177 66.0474 0.032022
15.26566 4263756 71.5005 0.034627
15.26791 4273357 61.2417 0.029625
15.27016 4282979 55.1824 0.026664
15.27241 4292623 48.1151 0.023223
15.27466 4302289 39.3399 0.018966
15.27691 4311976 30.8729 0.014868
15.27916 4321686 16.3696 0.007874
15.28141 4331417 19.5659 0.009401
15.28365 4341170 -4.4006 -0.002112
15.28590 4350945 -4.6486 -0.002229
15.28815 4360742 5.3055 0.002541
15.29040 4370561 9.7903 0.004683
15.29265 4380402 -2.7920 -0.001334
15.29490 4390266 -0.6764 -0.000323
15.29715 4400151 4.0677 0.001939
15.29940 4410059 6.1429 0.002925
15.30165 4419989 16.0031 0.007612
15.30390 4429942 16.2342 0.007713
15.30615 4439916 25.7120 0.012202
15.30840 4449914 13.3579 0.006332
15.31064 4459934 -4.0026 -0.001895
15.31289 4469976 -16.5554 -0.007830
15.31514 4480041 -17.6730 -0.008350
15.31739 4490129 -28.4754 -0.013438
15.31964 4500239 -26.0664 -0.012287
15.32189 4510372 -29.7365 -0.014002
15.32414 4520528 -23.4200 -0.011015
15.32639 4530707 -18.2690 -0.008583
15.32864 4540909 -24.0802 -0.011300
15.33089 4551134 -21.5104 -0.010083
15.33314 4561382 -23.6919 -0.011093
15.33539 4571653 -31.4107 -0.014691
15.33763 4581946 -32.7721 -0.015310
15.33988 4592264 -62.0925 -0.028975
15.34213 4602604 -57.7102 -0.026900
15.34438 4612968 -37.7576 -0.017580
15.34663 4623355 -35.9466 -0.016718
15.34888 4633765 -43.7951 -0.020345
15.35113 4644199 -37.2847 -0.017301
15.35338 4654656 -46.8457 -0.021713
15.35563 4665137 -27.3803 -0.012677
15.35788 4675642 -27.7808 -0.012848
15.36013 4686170 -39.4850 -0.018240
15.36238 4696722 -24.0176 -0.011082
15.36462 4707297 -27.4685 -0.012660
15.36687 4717897 -31.3757 -0.014445
15.36912 4728520 -44.1157 -0.020288
15.37137 4739167 -40.6318 -0.018664
15.37362 4749838 -48.2297 -0.022130
15.37587 4760534 -27.1330 -0.012436
15.37812 4771253 -24.1634 -0.011062
15.38037 4781996 -32.2422 -0.014744
15.38262 4792764 -27.8529 -0.012723
15.38487 4803556 -15.1778 -0.006925
15.38712 4814372 -19.8837 -0.009062
15.38937 4825212 -30.8125 -0.014027
15.39161 4836077 -32.8640 -0.014944
15.39386 4846967 -58.4621 -0.026555
15.39611 4857881 -56.8080 -0.025774
15.39836 4868819 -46.5308 -0.021088
15.40061 4879782 -35.1260 -0.015901
15.40286 4890770 -33.3560 -0.015083
15.40511 4901783 -20.0115 -0.009039
15.40736 4912820 -1.8909 -0.000853
15.40961 4923882 -9.6829 -0.004364
15.41186 4934969 -14.7025 -0.006618
15.41411 4946081 -2.4090 -0.001083
15.41636 4957218 5.2065 0.002338
15.41860 4968381 1.3731 0.000616
15.42085 4979568 -8.6948 -0.003896
15.42310 4990780 -1.4258 -0.000638
15.42535 5002018 3.4599 0.001547
15.42760 5013281 -4.9463 -0.002209
15.42985 5024570 -7.5633 -0.003374
15.43210 5035883 -3.0540 -0.001361
15.43435 5047223 -3.0316 -0.001349
15.43660 5058587 -18.1028 -0.008049
15.43885 5069978 -21.6710 -0.009624
15.44110 5081394 -34.2353 -0.015187
15.44335 5092836 -31.3900 -0.013910
15.44559 5104303 -15.9147 -0.007044
15.44784 5115797 6.3757 0.002819
15.45009 5127316 -1.7950 -0.000793
15.45234 5138861 7.4972 0.003307
15.45459 5150432 6.0369 0.002660
15.45684 5162029 -10.5235 -0.004632
15.45909 5173653 -15.4287 -0.006783
15.46134 5185302 -18.0556 -0.007929
15.46359 5196978 -4.8210 -0.002115
15.46584 5208680 -2.3117 -0.001013
15.46809 5220408 -3.5359 -0.001548
15.47034 5232163 -16.4735 -0.007202
15.47258 5243944 4.2000 0.001834
15.47483 5255752 6.4427 0.002810
15.47708 5267587 22.6055 0.009849
15.47933 5279448 14.9927 0.006525
15.48158 5291335 32.7284 0.014228
15.48383 5303250 18.4636 0.008018
15.48608 5315191 5.8696 0.002546
15.48833 5327159 -0.9864 -0.000427
15.49058 5339154 -11.0513 -0.004783
15.49283 5351177 -4.3048 -0.001861
15.49508 5363226 -8.6535 -0.003737
15.49733 5375302 -15.9548 -0.006882
15.49957 5387406 -7.1844 -0.003095
15.50182 5399537 -19.6502 -0.008456
15.50407 5411695 -13.8640 -0.005960
15.50632 5423880 -21.6141 -0.009281
15.50857 5436093 -24.4513 -0.010487
15.51082 5448334 -13.9261 -0.005966
15.51307 5460602 1.8060 0.000773
15.51532 5472897 -17.5990 -0.007523
15.51757 5485221 -8.9005 -0.003800
15.51982 5497572 -11.9178 -0.005083
15.52207 5509951 4.2228 0.001799
15.52432 5522357 -0.7187 -0.000306
15.52656 5534792 -6.2332 -0.002649
15.52881 5547255 -8.0436 -0.003415
15.53106 5559745 -19.1584 -0.008125
15.53331 5572264 -16.0497 -0.006799
15.53556 5584811 -12.7967 -0.005415
15.53781 5597387 -5.0869 -0.002150
15.54006 5609990 -20.3147 -0.008577
15.54231 5622622 -22.7540 -0.009596
15.54456 5635283 -46.2916 -0.019500
15.54681 5647972 -53.3917 -0.022466
15.54906 5660689 -59.0988 -0.024840
15.55131 5673435 -60.8185 -0.025534
15.55355 5686210 -69.4089 -0.029107
15.55580 5699014 -79.0001 -0.033092
15.55805 5711846 -82.9665 -0.034715
15.56030 5724708 -92.3844 -0.038612
15.56255 5737598 -86.2441 -0.036005
15.56480 5750517 -75.1297 -0.031330
15.56705 5763466 -57.0226 -0.023752
15.56930 5776443 -43.5463 -0.018118
15.57155 5789450 -60.4951 -0.025142
15.57380 5802486 -47.1017 -0.019554
15.57605 5815552 -53.5942 -0.022224
15.57830 5828647 -69.3317 -0.028718
15.58054 5841771 -54.7211 -0.022640
15.58279 5854925 -55.9046 -0.023104
15.58504 5868108 -57.9011 -0.023902
15.58729 5881322 -41.3896 -0.017067
15.58954 5894565 -50.6049 -0.020843
15.59179 5907837 -53.2178 -0.021895
15.59404 5921140 -54.6457 -0.022457
15.59629 5934473 -43.9469 -0.018040
15.59854 5947835 -70.2867 -0.028820
15.60079 5961228 -68.7053 -0.028140
15.60304 5974651 -57.0107 -0.023324
15.60529 5988104 -36.3769 -0.014866
15.60753 6001587 -18.7274 -0.007644
15.60978 6015101 -16.7501 -0.006830
15.61203 6028645 -11.3550 -0.004625
15.61428 6042220 -10.6409 -0.004329
15.61653 6055825 -2.4139 -0.000981
15.61878 6069461 19.7844 0.008031
15.62103 6083128 6.2295 0.002526
15.62328 6096825 -3.1457 -0.001274
15.62553 6110553 -11.1729 -0.004520
15.62778 6124313 -14.5155 -0.005865
15.63003 6138103 -12.0574 -0.004867
15.63228 6151924 4.7682 0.001922
15.63452 6165776 12.8534 0.005176
15.63677 6179660 13.6885 0.005506
15.63902 6193574 5.1703 0.002078
15.64127 6207520 -8.4000 -0.003371
15.64352 6221498 11.4868 0.004605
15.64577 6235507 21.4956 0.008608
15.64802 6249547 42.6166 0.017047
15.65027 6263619 57.7630 0.023080
15.65252 6277723 76.3189 0.030460
15.65477 6291859 64.5774 0.025745
15.65702 6306026 60.6961 0.024170
15.65927 6320225 42.9826 0.017097
15.66151 6334457 26.7179 0.010616
15.66376 6348720 11.9852 0.004757
15.66601 6363015 6.5964 0.002615
15.66826 6377343 6.2910 0.002491
15.67051 6391703 17.8195 0.007048
15.67276 6406095 34.3112 0.013556
15.67501 6420520 27.4153 0.010820
15.67726 6434977 31.1820 0.012292
15.67951 6449466 48.5705 0.019125
15.68176 6463989 75.3312 0.029630
15.68401 6478543 75.4495 0.029643
15.68626 6493131 50.9435 0.019992
15.68850 6507752 30.6407 0.012011
15.69075 6522405 36.5861 0.014326
15.69300 6537092 28.4379 0.011123
15.69525 6551811 15.6504 0.006114
15.69750 6566564 7.8152 0.003050
15.69975 6581350 11.2198 0.004373
15.70200 6596169 -5.2015 -0.002025
15.70425 6611022 -30.5855 -0.011895
15.70650 6625908 -48.5865 -0.018875
15.70875 6640827 -41.2163 -0.015994
15.71100 6655780 -69.9192 -0.027102
15.71325 6670767 -58.0435 -0.022473
15.71549 6685788 -31.5882 -0.012217
15.71774 6700842 -26.6456 -0.010293
15.71999 6715931 -33.9974 -0.013119
15.72224 6731053 -50.7172 -0.019549
15.72449 6746209 -47.7125 -0.018370
15.72674 6761400 -52.4012 -0.020152
15.72899 6776624 -45.4794 -0.017471
15.73124 6791883 -39.3125 -0.015085
15.73349 6807176 -60.2346 -0.023087
15.73574 6822504 -40.0191 -0.015321
15.73799 6837866 -38.5355 -0.014737
15.74024 6853263 -16.5788 -0.006333
15.74248 6868695 -9.6510 -0.003682
15.74473 6884161 2.5077 0.000956
15.74698 6899662 1.4231 0.000542
15.74923 6915198 -16.0509 -0.006104
15.75148 6930769 -29.8345 -0.011333
15.75373 6946375 -20.7290 -0.007865
15.75598 6962016 5.6232 0.002131
15.75823 6977692 12.7307 0.004819
15.76048 6993404 19.6779 0.007441
15.76273 7009151 0.0065 0.000002
15.76498 7024933 9.6658 0.003647
15.76723 7040752 3.3078 0.001247
15.76947 7056605 2.7560 0.001037
15.77172 7072495 7.9948 0.003006
15.77397 7088420 15.1989 0.005709
15.77622 7104381 2.0621 0.000774
15.77847 7120378 27.9190 0.010463
15.78072 7136410 37.4628 0.014024
15.78297 7152480 29.8788 0.011172
15.78522 7168585 29.2353 0.010919
15.78747 7184726 23.9619 0.008940
15.78972 7200904 37.4592 0.013959
15.79197 7217118 39.9968 0.014888
15.79422 7233369 34.4089 0.012794
15.79646 7249657 42.0634 0.015622
15.79871 7265981 30.1418 0.011182
15.80096 7282341 45.1146 0.016718
15.80321 7298739 35.5641 0.013164
15.80546 7315174 43.6215 0.016128
15.80771 7331645 40.0497 0.014791
15.80996 7348154 54.9118 0.020257
15.81221 7364700 53.5437 0.019730
15.81446 7381283 40.7011 0.014981
15.81671 7397903 55.9481 0.020570
15.81896 7414561 44.3290 0.016280
15.82121 7431256 62.0658 0.022768
15.82345 7447989 85.2804 0.031249
15.82570 7464760 72.2779 0.026454
15.82795 7481568 68.5090 0.025047
15.83020 7498415 56.7543 0.020726
15.83245 7515299 45.5055 0.016599
15.83470 7532221 38.3957 0.013990
15.83695 7549181 36.6559 0.013341
15.83920 7566180 33.4745 0.012170
15.84145 7583216 28.1737 0.010231
15.84370 7600292 41.2397 0.014959
15.84595 7617405 8.0836 0.002929
15.84820 7634557 -0.1175 -0.000043
15.85044 7651748 -8.9219 -0.003225
15.85269 7668977 9.2129 0.003327
15.85494 7686246 6.3661 0.002296
15.85719 7703553 -17.5826 -0.006335
15.85944 7720899 -11.8670 -0.004271
15.86169 7738284 3.1306 0.001125
15.86394 7755708 17.5997 0.006320
15.86619 7773172 8.9620 0.003214
15.86844 7790675 -9.2105 -0.003300
15.87069 7808217 -17.6638 -0.006321
15.87294 7825799 -19.4090 -0.006938
15.87519 7843420 -35.1315 -0.012544
15.87743 7861081 -46.7071 -0.016659
15.87968 7878782 -39.6621 -0.014130
15.88193 7896522 -49.6575 -0.017671
15.88418 7914303 -37.5416 -0.013345
15.88643 7932124 -46.7754 -0.016608
15.88868 7949984 -41.7012 -0.014790
15.89093 7967885 -54.6085 -0.019346
15.89318 7985827 -80.4074 -0.028454
15.89543 8003808 -65.6486 -0.023205
15.89768 8021830 -66.2725 -0.023399
15.89993 8039893 -71.4426 -0.025196
15.90218 8057997 -49.2213 -0.017340
15.90442 8076141 -79.4111 -0.027943
15.90667 8094326 -95.9154 -0.033713
15.90892 8112552 -79.0424 -0.027751
15.91117 8130819 -89.7093 -0.031461
15.91342 8149127 -100.3928 -0.035168
15.91567 8167476 -78.0925 -0.027325
15.91792 8185867 -65.2621 -0.022810
15.92017 8204299 -67.1173 -0.023432
15.92242 8222773 -90.6803 -0.031623
15.92467 8241288 -77.8758 -0.027127
15.92692 8259845 -96.4410 -0.033556
15.92917 8278444 -122.1682 -0.042460
15.93141 8297084 -119.7725 -0.041581
15.93366 8315767 -100.8751 -0.034981
15.93591 8334491 -108.3614 -0.037535
15.93816 8353258 -116.0718 -0.040160
15.94041 8372067 -124.3596 -0.042980
15.94266 8390918 -111.9902 -0.038661
15.94491 8409812 -104.6416 -0.036084
15.94716 8428749 -116.5821 -0.040156
15.94941 8447728 -116.2763 -0.040006
15.95166 8466749 -119.1892 -0.040962
15.95391 8485814 -104.0582 -0.035721
15.95616 8504921 -105.3729 -0.036132
15.95840 8524072 -108.5730 -0.037188
15.96065 8543266 -89.5031 -0.030621
15.96290 8562502 -84.8277 -0.028989
15.96515 8581783 -91.4774 -0.031227
15.96740 8601106 -61.2387 -0.020881
15.96965 8620473 -45.4685 -0.015486
15.97190 8639884 -33.8590 -0.011519
15.97415 8659338 -28.6833 -0.009747
15.97640 8678837 -53.2601 -0.018079
15.97865 8698379 -43.4734 -0.014740
15.98090 8717965 -45.1538 -0.015293
15.98315 8737595 -48.5559 -0.016427
15.98539 8757270 -78.3542 -0.026478
15.98764 8776988 -51.0588 -0.017234
15.98989 8796751 -62.3082 -0.021008
15.99214 8816559 -60.3967 -0.020341
15.99439 8836411 -67.0308 -0.022549
15.99664 8856308 -65.4588 -0.021996
15.99889 8876250 -44.7420 -0.015018
16.00114 8896237 -48.2590 -0.016180
16.00339 8916268 -44.0137 -0.014740
16.00564 8936345 -39.3660 -0.013169
16.00789 8956467 -16.2942 -0.005445
16.01014 8976634 -12.4477 -0.004155
16.01238 8996847 -23.3605 -0.007788
16.01463 9017105 -27.6529 -0.009209
16.01688 9037409 -31.6270 -0.010520
16.01913 9057758 -35.5919 -0.011826
16.02138 9078154 -26.1396 -0.008676
16.02363 9098595 -30.6008 -0.010145
16.02588 9119082 -38.7011 -0.012816
16.02813 9139616 -48.5131 -0.016047
16.03038 9160195 -48.3280 -0.015968
16.03263 9180821 -52.1874 -0.017224
16.03488 9201494 -70.0900 -0.023106
16.03713 9222213 -85.5369 -0.028167
16.03937 9242978 -97.3797 -0.032030
16.04162 9263791 -101.6023 -0.033382
16.04387 9284650 -105.1392 -0.034505
16.04612 9305556 -73.8223 -0.024200
16.04837 9326510 -61.7492 -0.020220
16.05062 9347510 -70.3209 -0.023000
16.05287 9368558 -74.7594 -0.024425
16.05512 9389653 -69.8432 -0.022793
16.05737 9410796 -57.3511 -0.018695
16.05962 9431986 -49.3010 -0.016053
16.06187 9453224 -59.9949 -0.019513
16.06412 9474510 -34.4920 -0.011206
16.06636 9495844 -7.9057 -0.002566
16.06861 9517225 22.4683 0.007283
16.07086 9538655 19.3084 0.006252
16.07311 9560134 8.7049 0.002815
16.07536 9581660 22.0381 0.007120
16.07761 9603235 8.8236 0.002847
16.07986 9624859 -12.9218 -0.004165
16.08211 9646531 -13.8231 -0.004451
16.08436 9668252 -30.2242 -0.009720
16.08661 9690022 -23.2219 -0.007460
16.08886 9711841 -24.5592 -0.007881
16.09111 9733709 -17.9062 -0.005739
16.09335 9755627 -5.2339 -0.001676
16.09560 9777593 8.0252 0.002566
16.09785 9799609 7.3610 0.002351
16.10010 9821675 33.5770 0.010714
16.10235 9843791 28.2819 0.009014
16.10460 9865956 22.5719 0.007186
16.10685 9888171 40.2407 0.012797
16.10910 9910436 42.1001 0.013373
16.11135 9932752 29.6105 0.009395
16.11360 9955117 58.7587 0.018623
16.11585 9977533 64.6294 0.020461
16.11810 10000000 75.2111 0.023784
