logY Y P PoverSqrtY
6.90675 999 -3.7828 -0.119683
6.90975 1002 -3.8245 -0.120819
6.91175 1004 -3.8746 -0.122281
6.91374 1006 -3.9182 -0.123533
6.91672 1009 -3.8173 -0.120174
6.91870 1011 -3.7659 -0.118439
6.92067 1013 -3.6892 -0.115911
6.92264 1015 -3.5308 -0.110827
6.92560 1018 -3.5631 -0.111675
6.92756 1020 -3.6861 -0.115416
6.92952 1022 -3.4308 -0.107318
6.93245 1025 -3.1386 -0.098033
6.93440 1027 -3.0804 -0.096121
6.93634 1029 -2.9787 -0.092858
6.93828 1031 -3.0969 -0.096450
6.94119 1034 -3.2048 -0.099666
6.94312 1036 -2.9700 -0.092272
6.94505 1038 -3.0004 -0.093129
6.94794 1041 -3.0950 -0.095925
6.94986 1043 -3.0049 -0.093042
6.95273 1046 -3.1033 -0.095952
6.95464 1048 -3.0538 -0.094332
6.95655 1050 -2.8636 -0.088372
6.95940 1053 -2.8403 -0.087530
6.96130 1055 -2.9363 -0.090400
6.96319 1057 -2.9920 -0.092028
6.96602 1060 -3.2356 -0.099380
6.96791 1062 -3.1312 -0.096085
6.97073 1065 -2.9435 -0.090197
6.97261 1067 -2.8831 -0.088262
6.97448 1069 -2.8782 -0.088030
6.97728 1072 -2.8613 -0.087391
6.97915 1074 -2.7634 -0.084321
6.98193 1077 -2.4861 -0.075755
6.98379 1079 -2.4404 -0.074295
6.98564 1081 -2.3891 -0.072664
6.98841 1084 -2.4423 -0.074180
6.99026 1086 -2.5439 -0.077194
6.99302 1089 -2.4347 -0.073780
6.99485 1091 -2.3205 -0.070254
6.99760 1094 -2.3965 -0.072455
6.99942 1096 -2.4207 -0.073118
7.00216 1099 -2.4435 -0.073708
7.00397 1101 -2.3739 -0.071545
7.00670 1104 -2.3560 -0.070907
7.00851 1106 -2.3179 -0.069696
7.01121 1109 -2.3725 -0.071243
7.01302 1111 -2.5470 -0.076414
7.01571 1114 -2.4455 -0.073269
7.01751 1116 -2.4961 -0.074720
7.02019 1119 -2.5939 -0.077541
7.02198 1121 -2.7741 -0.082855
7.02465 1124 -3.2388 -0.096605
7.02643 1126 -3.2886 -0.098003
7.02909 1129 -3.2574 -0.096946
7.03086 1131 -3.2728 -0.097317
7.03351 1134 -3.2873 -0.097618
7.03527 1136 -3.5211 -0.104470
7.03791 1139 -3.3878 -0.100383
7.03966 1141 -3.1204 -0.092376
7.04229 1144 -3.0592 -0.090447
7.04491 1147 -2.9922 -0.088352
7.04665 1149 -3.0470 -0.089891
7.04925 1152 -3.0529 -0.089948
7.05099 1154 -2.9523 -0.086908
7.05359 1157 -2.9721 -0.087376
7.05618 1160 -3.0639 -0.089960
7.05790 1162 -3.1614 -0.092741
7.06048 1165 -3.2380 -0.094868
7.06219 1167 -3.1759 -0.092968
7.06476 1170 -2.9870 -0.087325
7.06732 1173 -3.0838 -0.090041
7.06902 1175 -3.1581 -0.092131
7.07157 1178 -3.1894 -0.092927
7.07412 1181 -3.1744 -0.092370
7.07581 1183 -3.1227 -0.090791
7.07834 1186 -3.2752 -0.095104
7.08087 1189 -3.4909 -0.101240
7.08255 1191 -3.4411 -0.099712
7.08506 1194 -3.3181 -0.096027
7.08757 1197 -3.2231 -0.093160
7.08924 1199 -3.3421 -0.096519
7.09174 1202 -3.4265 -0.098831
7.09423 1205 -3.1499 -0.090742
7.09589 1207 -3.0606 -0.088095
7.09838 1210 -3.0742 -0.088376
7.10085 1213 -3.3623 -0.096540
7.10332 1216 -3.5661 -0.102264
7.10497 1218 -3.4253 -0.098147
7.10743 1221 -3.4065 -0.097487
7.10988 1224 -3.3497 -0.095745
7.11233 1227 -3.5715 -0.101958
7.11396 1229 -3.6809 -0.104998
7.11639 1232 -3.5439 -0.100966
7.11883 1235 -3.5391 -0.100706
7.12125 1238 -3.5718 -0.101515
7.12367 1241 -3.7090 -0.105286
7.12528 1243 -3.5357 -0.100285
7.12769 1246 -3.3446 -0.094751
7.13010 1249 -3.4236 -0.096872
7.13250 1252 -3.5315 -0.099806
7.13489 1255 -3.7404 -0.105585
7.13648 1257 -3.6328 -0.102465
7.13887 1260 -3.5275 -0.099377
7.14125 1263 -3.4556 -0.097236
7.14362 1266 -3.4935 -0.098185
7.14598 1269 -3.5901 -0.100781
7.14835 1272 -3.4493 -0.096713
7.14992 1274 -3.4061 -0.095428
7.15227 1277 -3.6220 -0.101358
7.15462 1280 -3.7582 -0.105044
7.15696 1283 -3.7006 -0.103313
7.15929 1286 -3.6680 -0.102286
7.16162 1289 -3.6892 -0.102756
7.16395 1292 -3.8701 -0.107669
7.16627 1295 -3.8919 -0.108150
7.16858 1298 -3.8165 -0.105932
7.17089 1301 -3.8162 -0.105802
7.17242 1303 -3.9618 -0.109754
7.17472 1306 -4.3220 -0.119596
7.17702 1309 -4.2771 -0.118217
7.17931 1312 -4.2770 -0.118078
7.18159 1315 -4.2679 -0.117693
7.18387 1318 -4.2866 -0.118075
7.18614 1321 -4.2110 -0.115859
7.18841 1324 -3.9774 -0.109309
7.19068 1327 -3.9780 -0.109201
7.19293 1330 -4.0088 -0.109923
7.19519 1333 -4.2044 -0.115158
7.19744 1336 -3.9611 -0.108370
7.19968 1339 -3.9166 -0.107032
7.20192 1342 -4.0562 -0.110724
7.20415 1345 -4.3422 -0.118400
7.20638 1348 -4.2550 -0.115892
7.20860 1351 -4.0745 -0.110854
7.21082 1354 -4.0467 -0.109975
7.21303 1357 -3.9415 -0.106998
7.21524 1360 -3.9102 -0.106030
7.21744 1363 -3.7608 -0.101868
7.22037 1367 -3.6574 -0.098921
7.22257 1370 -3.8033 -0.102754
7.22475 1373 -3.7664 -0.101645
7.22694 1376 -3.6667 -0.098848
7.22911 1379 -3.6058 -0.097101
7.23129 1382 -3.8560 -0.103726
7.23346 1385 -4.0242 -0.108132
7.23562 1388 -3.8198 -0.102528
7.23778 1391 -3.6851 -0.098806
7.23993 1394 -3.4519 -0.092455
7.24280 1398 -3.5878 -0.095957
7.24494 1401 -3.3707 -0.090054
7.24708 1404 -3.3373 -0.089065
7.24922 1407 -3.3348 -0.088904
7.25134 1410 -3.5081 -0.093424
7.25347 1413 -3.2614 -0.086764
7.25630 1417 -3.1166 -0.082793
7.25841 1420 -3.1687 -0.084088
7.26052 1423 -3.4079 -0.090341
7.26263 1426 -3.2888 -0.087093
7.26473 1429 -3.2167 -0.085093
7.26753 1433 -3.2466 -0.085763
7.26962 1436 -3.2896 -0.086811
7.27170 1439 -3.0843 -0.081308
7.27379 1442 -2.7776 -0.073146
7.27656 1446 -2.7006 -0.071019
7.27863 1449 -2.6683 -0.070096
7.28070 1452 -2.3788 -0.062427
7.28276 1455 -2.1577 -0.056566
7.28551 1459 -2.2409 -0.058667
7.28756 1462 -2.2666 -0.059279
7.28961 1465 -2.2130 -0.057818
7.29234 1469 -2.0267 -0.052879
7.29438 1472 -2.0749 -0.054081
7.29641 1475 -2.3127 -0.060218
7.29845 1478 -2.1465 -0.055833
7.30115 1482 -1.9907 -0.051711
7.30317 1485 -1.8994 -0.049289
7.30519 1488 -1.9887 -0.051555
7.30787 1492 -1.7781 -0.046032
7.30988 1495 -1.7699 -0.045776
7.31255 1499 -1.8800 -0.048558
7.31455 1502 -1.9338 -0.049896
7.31655 1505 -1.7217 -0.044380
7.31920 1509 -1.6046 -0.041307
7.32119 1512 -1.6062 -0.041306
7.32383 1516 -1.8215 -0.046783
7.32581 1519 -1.6679 -0.042796
7.32778 1522 -1.7800 -0.045626
7.33041 1526 -2.0966 -0.053672
7.33237 1529 -2.3347 -0.059708
7.33498 1533 -2.4539 -0.062673
7.33694 1536 -2.5731 -0.065653
7.33954 1540 -2.6657 -0.067928
7.34148 1543 -2.5951 -0.066065
7.34407 1547 -2.4263 -0.061687
7.34601 1550 -2.5893 -0.065769
7.34859 1554 -2.8671 -0.072730
7.35052 1557 -2.7960 -0.070858
7.35308 1561 -2.8824 -0.072954
7.35500 1564 -2.9802 -0.075358
7.35756 1568 -3.0283 -0.076475
7.35947 1571 -3.0121 -0.075994
7.36201 1575 -2.9623 -0.074644
7.36391 1578 -3.0875 -0.077723
7.36645 1582 -2.8827 -0.072475
7.36834 1585 -2.7137 -0.068162
7.37086 1589 -2.7457 -0.068879
7.37275 1592 -3.0911 -0.077471
7.37526 1596 -2.9143 -0.072948
7.37776 1600 -3.1410 -0.078526
7.37963 1603 -3.2490 -0.081149
7.38212 1607 -3.4425 -0.085875
7.38399 1610 -3.3481 -0.083443
7.38647 1614 -3.4123 -0.084937
7.38895 1618 -3.5799 -0.088998
7.39080 1621 -3.4142 -0.084800
7.39326 1625 -3.0762 -0.076311
7.39572 1629 -3.1259 -0.077449
7.39756 1632 -3.0854 -0.076374
7.40001 1636 -2.8360 -0.070115
7.40245 1640 -2.8279 -0.069830
7.40428 1643 -2.9906 -0.073780
7.40671 1647 -3.0749 -0.075768
7.40914 1651 -2.9904 -0.073597
7.41156 1655 -3.1900 -0.078413
7.41337 1658 -3.2855 -0.080689
7.41578 1662 -3.0556 -0.074951
7.41818 1666 -2.9944 -0.073362
7.41998 1669 -3.1517 -0.077147
7.42237 1673 -3.0368 -0.074244
7.42476 1677 -3.0553 -0.074609
7.42714 1681 -3.1653 -0.077201
7.42952 1685 -3.3196 -0.080869
7.43130 1688 -3.0838 -0.075059
7.43367 1692 -3.0353 -0.073792
7.43603 1696 -3.1495 -0.076477
7.43838 1700 -2.7643 -0.067045
7.44073 1704 -2.7965 -0.067745
7.44249 1707 -2.9325 -0.070978
7.44483 1711 -2.9915 -0.072320
7.44717 1715 -2.9382 -0.070951
7.44950 1719 -3.0835 -0.074372
7.45182 1723 -3.3398 -0.080461
7.45414 1727 -3.2250 -0.077605
7.45645 1731 -3.1703 -0.076201
7.45876 1735 -3.3262 -0.079854
7.46049 1738 -3.1850 -0.076398
7.46279 1742 -3.1053 -0.074400
7.46508 1746 -3.3255 -0.079585
7.46737 1750 -3.4318 -0.082035
7.46965 1754 -3.2630 -0.077913
7.47193 1758 -3.1038 -0.074025
7.47420 1762 -3.2205 -0.076722
7.47647 1766 -2.8149 -0.066983
7.47873 1770 -2.7099 -0.064411
7.48099 1774 -2.8488 -0.067637
7.48324 1778 -2.6556 -0.062978
7.48549 1782 -2.6684 -0.063213
7.48773 1786 -2.8425 -0.067261
7.48997 1790 -2.9552 -0.069850
7.49220 1794 -2.8342 -0.066913
7.49443 1798 -2.8946 -0.068265
7.49665 1802 -3.0000 -0.070672
7.49887 1806 -2.6947 -0.063409
7.50108 1810 -2.7444 -0.064508
7.50329 1814 -2.7999 -0.065739
7.50549 1818 -2.7870 -0.065365
7.50824 1823 -2.7187 -0.063675
7.51043 1827 -2.9369 -0.068710
7.51262 1831 -2.8827 -0.067368
7.51480 1835 -3.0711 -0.071694
7.51698 1839 -3.5870 -0.083646
7.51915 1843 -3.4503 -0.080371
7.52132 1847 -3.5110 -0.081695
7.52402 1852 -3.8497 -0.089456
7.52618 1856 -3.8706 -0.089844
7.52833 1860 -4.1579 -0.096408
7.53048 1864 -4.6107 -0.106793
7.53262 1868 -4.6215 -0.106930
7.53476 1872 -4.5551 -0.105280
7.53743 1877 -4.6356 -0.106998
7.53956 1881 -4.4910 -0.103551
7.54168 1885 -4.2452 -0.097779
7.54380 1889 -4.0916 -0.094141
7.54645 1894 -4.1795 -0.096037
7.54856 1898 -4.1972 -0.096342
7.55066 1902 -4.5290 -0.103848
7.55276 1906 -4.6098 -0.105589
7.55538 1911 -4.3210 -0.098846
7.55747 1915 -4.4697 -0.102139
7.55956 1919 -4.4372 -0.101292
7.56216 1924 -4.3649 -0.099512
7.56424 1928 -4.4461 -0.101257
7.56631 1932 -4.5497 -0.103510
7.56890 1937 -4.5797 -0.104058
7.57096 1941 -4.8463 -0.110002
7.57302 1945 -4.8433 -0.109819
7.57558 1950 -4.5480 -0.102992
7.57763 1954 -4.5370 -0.102638
7.58019 1959 -4.4548 -0.100649
7.58223 1963 -4.4785 -0.101082
7.58426 1967 -4.6192 -0.104152
7.58680 1972 -4.9283 -0.110979
7.58883 1976 -4.8375 -0.108824
7.59136 1981 -4.9829 -0.111954
7.59337 1985 -4.9167 -0.110355
7.59589 1990 -4.9623 -0.111240
7.59790 1994 -5.0986 -0.114179
7.60040 1999 -5.1149 -0.114401
7.60240 2003 -5.0610 -0.113083
7.60489 2008 -5.3536 -0.119472
7.60688 2012 -5.2652 -0.117382
7.60937 2017 -5.3560 -0.119258
7.61135 2021 -5.6327 -0.125295
7.61382 2026 -5.3616 -0.119117
7.61579 2030 -5.3220 -0.118122
7.61825 2035 -5.6522 -0.125295
7.62071 2040 -5.3261 -0.117922
7.62266 2044 -5.4012 -0.119468
7.62511 2049 -5.8597 -0.129450
7.62706 2053 -5.7951 -0.127899
7.62949 2058 -5.8290 -0.128492
7.63192 2063 -5.8561 -0.128931
7.63385 2067 -5.8437 -0.128535
7.63627 2072 -5.7871 -0.127136
7.63868 2077 -5.6740 -0.124500
7.64060 2081 -5.5513 -0.121690
7.64300 2086 -5.8934 -0.129036
7.64540 2091 -5.7162 -0.125005
7.64731 2095 -5.6711 -0.123900
7.64969 2100 -5.4877 -0.119752
7.65207 2105 -5.1501 -0.112252
7.65444 2110 -4.9765 -0.108339
7.65634 2114 -4.9341 -0.107314
7.65870 2119 -4.8958 -0.106354
7.66106 2124 -4.9968 -0.108422
7.66341 2129 -4.7974 -0.103972
7.66528 2133 -4.7313 -0.102444
7.66763 2138 -4.8106 -0.104038
7.66996 2143 -4.6711 -0.100903
7.67229 2148 -4.8019 -0.103610
7.67462 2153 -5.0778 -0.109434
7.67694 2158 -5.0732 -0.109209
7.67879 2162 -5.3457 -0.114967
7.68110 2167 -5.2515 -0.112811
7.68340 2172 -4.9661 -0.106558
7.68570 2177 -4.8399 -0.103731
7.68800 2182 -4.6342 -0.099207
7.69029 2187 -4.4348 -0.094830
7.69257 2192 -4.4641 -0.095348
7.69485 2197 -4.3644 -0.093113
7.69712 2202 -4.6511 -0.099116
7.69939 2207 -4.5376 -0.096589
7.70165 2212 -4.2524 -0.090415
7.70391 2217 -4.5198 -0.095993
7.70616 2222 -4.2328 -0.089795
7.70841 2227 -4.1814 -0.088606
7.71065 2232 -4.1054 -0.086897
7.71289 2237 -4.2738 -0.090362
7.71512 2242 -4.7476 -0.100268
7.71735 2247 -4.4757 -0.094420
7.71957 2252 -4.5267 -0.095389
7.72179 2257 -4.6305 -0.097468
7.72400 2262 -4.4074 -0.092668
7.72621 2267 -4.7053 -0.098824
7.72842 2272 -4.7647 -0.099961
7.73061 2277 -4.9050 -0.102791
7.73281 2282 -5.0034 -0.104739
7.73543 2288 -4.7025 -0.098310
7.73762 2293 -4.8856 -0.102028
7.73979 2298 -4.7715 -0.099535
7.74197 2303 -4.8622 -0.101318
7.74414 2308 -5.2900 -0.110113
7.74630 2313 -5.1919 -0.107953
7.74889 2319 -5.2987 -0.110032
7.75105 2324 -5.0900 -0.105584
7.75319 2329 -5.2161 -0.108083
7.75534 2334 -5.6541 -0.117034
7.75791 2340 -5.6283 -0.116352
7.76004 2345 -5.7379 -0.118490
7.76217 2350 -5.7192 -0.117978
7.76430 2355 -5.4440 -0.112183
7.76684 2361 -5.3074 -0.109228
7.76896 2366 -4.9328 -0.101411
7.77107 2371 -5.2107 -0.107011
7.77359 2377 -5.1371 -0.105366
7.77570 2382 -5.1845 -0.106227
7.77779 2387 -5.2204 -0.106850
7.78030 2393 -5.1379 -0.105030
7.78239 2398 -5.4732 -0.111768
7.78489 2404 -5.1026 -0.104069
7.78697 2409 -5.1850 -0.105641
7.78904 2414 -5.1420 -0.104655
7.79152 2420 -5.0878 -0.103424
7.79359 2425 -5.0909 -0.103380
7.79606 2431 -4.7148 -0.095626
7.79811 2436 -4.7714 -0.096674
7.80057 2442 -4.3742 -0.088518
7.80262 2447 -4.4004 -0.088955
7.80507 2453 -4.5022 -0.090904
7.80710 2458 -4.5690 -0.092157
7.80954 2464 -4.9127 -0.098970
7.81157 2469 -4.6767 -0.094119
7.81400 2475 -4.6001 -0.092466
7.81642 2481 -4.4127 -0.088590
7.81843 2486 -4.4712 -0.089676
7.82084 2492 -4.4404 -0.088950
7.82285 2497 -4.2296 -0.084643
7.82525 2503 -4.1206 -0.082363
7.82764 2509 -3.5323 -0.070519
7.82963 2514 -3.4936 -0.069678
7.83201 2520 -3.3832 -0.067396
7.83439 2526 -3.7039 -0.073696
7.83637 2531 -3.9625 -0.078763
7.83874 2537 -3.8345 -0.076129
7.84110 2543 -3.8656 -0.076656
7.84306 2548 -3.6976 -0.073253
7.84542 2554 -4.0482 -0.080103
7.84776 2560 -4.0873 -0.080782
7.85010 2566 -4.2227 -0.083360
7.85205 2571 -4.1452 -0.081751
7.85438 2577 -4.0311 -0.079408
7.85671 2583 -4.1516 -0.081688
7.85903 2589 -4.1233 -0.081036
7.86134 2595 -4.2236 -0.082912
7.86365 2601 -3.9934 -0.078302
7.86557 2606 -4.3512 -0.085235
7.86787 2612 -3.9595 -0.077474
7.87017 2618 -3.9892 -0.077965
7.87246 2624 -3.7733 -0.073660
7.87474 2630 -3.8659 -0.075383
7.87702 2636 -4.0581 -0.079040
7.87929 2642 -4.2384 -0.082458
7.88156 2648 -4.4908 -0.087271
7.88382 2654 -4.3845 -0.085107
7.88608 2660 -4.2404 -0.082218
7.88833 2666 -3.9821 -0.077124
7.89058 2672 -4.4301 -0.085704
7.89283 2678 -4.5412 -0.087755
7.89506 2684 -5.0114 -0.096732
7.89730 2690 -4.7264 -0.091129
7.89952 2696 -4.8438 -0.093289
7.90175 2702 -4.8308 -0.092934
7.90397 2708 -5.2372 -0.100640
7.90618 2714 -5.5437 -0.106413
7.90839 2720 -5.6555 -0.108440
7.91059 2726 -5.5293 -0.105903
7.91279 2732 -5.5901 -0.106950
7.91535 2739 -5.7930 -0.110690
7.91754 2745 -5.5251 -0.105455
7.91972 2751 -5.7853 -0.110301
7.92190 2757 -5.7260 -0.109051
7.92407 2763 -5.8980 -0.112206
7.92660 2770 -5.9035 -0.112168
7.92877 2776 -6.0448 -0.114729
7.93093 2782 -5.9026 -0.111908
7.93308 2788 -6.2456 -0.118284
7.93559 2795 -6.0816 -0.115035
7.93773 2801 -6.2672 -0.118417
7.93987 2807 -6.0411 -0.114023
7.94236 2814 -6.1035 -0.115058
7.94449 2820 -5.8237 -0.109666
7.94662 2826 -6.2159 -0.116929
7.94909 2833 -6.1829 -0.116164
7.95121 2839 -5.9932 -0.112480
7.95332 2845 -5.6736 -0.106370
7.95578 2852 -5.8108 -0.108808
7.95788 2858 -5.6648 -0.105963
7.96032 2865 -6.0519 -0.113065
7.96242 2871 -5.7676 -0.107641
7.96485 2878 -5.5864 -0.104132
7.96693 2884 -5.3912 -0.100390
7.96936 2891 -5.6049 -0.104242
7.97143 2897 -5.4459 -0.101180
7.97384 2904 -5.5755 -0.103462
7.97591 2910 -5.1440 -0.095358
7.97831 2917 -4.9798 -0.092202
7.98037 2923 -4.9837 -0.092181
7.98276 2930 -5.3600 -0.099021
7.98480 2936 -5.4096 -0.099836
7.98718 2943 -5.6630 -0.104389
7.98956 2950 -5.6622 -0.104250
7.99159 2956 -6.0545 -0.111360
7.99396 2963 -5.8572 -0.107603
7.99632 2970 -6.1037 -0.111999
7.99834 2976 -5.9646 -0.109336
8.00068 2983 -6.0710 -0.111156
8.00303 2990 -5.5576 -0.101636
8.00503 2996 -5.7273 -0.104636
8.00737 3003 -5.3222 -0.097121
8.00970 3010 -5.4914 -0.100092
8.01202 3017 -5.4611 -0.099424
8.01434 3024 -5.5135 -0.100262
8.01632 3030 -5.0531 -0.091798
8.01863 3037 -5.0906 -0.092373
8.02093 3044 -4.8700 -0.088268
8.02322 3051 -4.9427 -0.089483
8.02552 3058 -4.7265 -0.085472
8.02780 3065 -4.6205 -0.083459
8.03008 3072 -4.8183 -0.086933
8.03204 3078 -5.0977 -0.091884
8.03431 3085 -5.2092 -0.093788
8.03657 3092 -4.9527 -0.089068
8.03883 3099 -4.8029 -0.086276
8.04109 3106 -4.5882 -0.082326
8.04334 3113 -5.0306 -0.090163
8.04559 3120 -4.9392 -0.088427
8.04783 3127 -5.0782 -0.090813
8.05007 3134 -4.6683 -0.083389
8.05230 3141 -4.7890 -0.085449
8.05452 3148 -4.5483 -0.081064
8.05706 3156 -4.3585 -0.077582
8.05928 3163 -4.2624 -0.075788
8.06149 3170 -4.1482 -0.073678
8.06369 3177 -3.9670 -0.070381
8.06589 3184 -3.5296 -0.062552
8.06809 3191 -3.7963 -0.067205
8.07028 3198 -3.8548 -0.068166
8.07278 3206 -3.9084 -0.069026
8.07496 3213 -3.4356 -0.060611
8.07714 3220 -3.0514 -0.053774
8.07931 3227 -2.9384 -0.051727
8.08178 3235 -3.1012 -0.054525
8.08395 3242 -3.2390 -0.056886
8.08610 3249 -3.1001 -0.054388
8.08856 3257 -3.5079 -0.061467
8.09071 3264 -3.5864 -0.062774
8.09285 3271 -3.9645 -0.069318
8.09529 3279 -3.5943 -0.062768
8.09743 3286 -3.4649 -0.060445
8.09955 3293 -3.4696 -0.060462
8.10198 3301 -3.4629 -0.060272
8.10410 3308 -3.7075 -0.064461
8.10651 3316 -3.3380 -0.057967
8.10862 3323 -3.6383 -0.063114
8.11103 3331 -3.5210 -0.061008
8.11313 3338 -3.7508 -0.064921
8.11552 3346 -4.0073 -0.069278
8.11761 3353 -3.7161 -0.064175
8.11999 3361 -4.0476 -0.069817
8.12207 3368 -4.0222 -0.069307
8.12445 3376 -4.1461 -0.071357
8.12652 3383 -4.4491 -0.076494
8.12888 3391 -4.4214 -0.075927
8.13124 3399 -4.3658 -0.074883
8.13329 3406 -3.9368 -0.067457
8.13564 3414 -4.1268 -0.070628
8.13798 3422 -4.1330 -0.070652
8.14002 3429 -3.8303 -0.065410
8.14235 3437 -3.4781 -0.059327
8.14468 3445 -3.2559 -0.055472
8.14700 3453 -3.5728 -0.060800
8.14902 3460 -3.4228 -0.058190
8.15133 3468 -3.3738 -0.057290
8.15364 3476 -3.4672 -0.058809
8.15594 3484 -3.5387 -0.059953
8.15823 3492 -4.1276 -0.069849
8.16052 3500 -4.0241 -0.068020
8.16252 3507 -4.0446 -0.068298
8.16479 3515 -4.4401 -0.074890
8.16707 3523 -4.3125 -0.072656
8.16934 3531 -4.4271 -0.074502
8.17160 3539 -4.3780 -0.073593
8.17386 3547 -4.3409 -0.072887
8.17611 3555 -4.7703 -0.080006
8.17836 3563 -4.7714 -0.079935
8.18060 3571 -5.0799 -0.085009
8.18284 3579 -5.0984 -0.085222
8.18507 3587 -5.0073 -0.083606
8.18730 3595 -5.1832 -0.086447
8.18952 3603 -5.0250 -0.083715
8.19202 3612 -5.0503 -0.084031
8.19423 3620 -4.9381 -0.082074
8.19644 3628 -4.6960 -0.077963
8.19864 3636 -4.7368 -0.078555
8.20084 3644 -4.7197 -0.078185
8.20303 3652 -4.2117 -0.069694
8.20549 3661 -4.1173 -0.068048
8.20767 3669 -4.2251 -0.069753
8.20985 3677 -4.2805 -0.070590
8.21203 3685 -4.5358 -0.074720
8.21447 3694 -4.1821 -0.068810
8.21663 3702 -4.1622 -0.068408
8.21879 3710 -4.2548 -0.069854
8.22121 3719 -3.9199 -0.064277
8.22336 3727 -3.7983 -0.062218
8.22550 3735 -3.7954 -0.062104
8.22791 3744 -3.9217 -0.064093
8.23004 3752 -4.1822 -0.068277
8.23244 3761 -4.3565 -0.071037
8.23456 3769 -3.9775 -0.064788
8.23695 3778 -4.0006 -0.065087
8.23907 3786 -4.0143 -0.065240
8.24144 3795 -4.3616 -0.070801
8.24355 3803 -4.6683 -0.075700
8.24591 3812 -4.5296 -0.073365
8.24801 3820 -4.5980 -0.074394
8.25036 3829 -4.8502 -0.078381
8.25271 3838 -4.6386 -0.074874
8.25479 3846 -4.2016 -0.067750
8.25713 3855 -4.5712 -0.073624
8.25946 3864 -4.1991 -0.067552
8.26153 3872 -4.0524 -0.065125
8.26385 3881 -4.1994 -0.067409
8.26616 3890 -3.9130 -0.062739
8.26848 3899 -3.7554 -0.060142
8.27053 3907 -3.6451 -0.058316
8.27283 3916 -3.1640 -0.050561
8.27512 3925 -3.0918 -0.049351
8.27741 3934 -3.0164 -0.048092
8.27970 3943 -2.8767 -0.045813
8.28198 3952 -2.2880 -0.036395
8.28400 3960 -2.1118 -0.033559
8.28627 3969 -1.7426 -0.027661
8.28853 3978 -1.7465 -0.027690
8.29079 3987 -1.7108 -0.027094
8.29305 3996 -1.5175 -0.024005
8.29530 4005 -1.5266 -0.024122
8.29754 4014 -1.7734 -0.027991
8.29978 4023 -1.8291 -0.028839
8.30202 4032 -1.5710 -0.024741
8.30425 4041 -1.7058 -0.026835
8.30672 4051 -2.3342 -0.036674
8.30894 4060 -2.1243 -0.033338
8.31115 4069 -2.1486 -0.033683
8.31336 4078 -2.2824 -0.035741
8.31557 4087 -2.2020 -0.034445
8.31777 4096 -2.0408 -0.031887
8.32020 4106 -2.3217 -0.036232
8.32239 4115 -2.5794 -0.040211
8.32458 4124 -2.5199 -0.039239
8.32676 4133 -2.4157 -0.037575
8.32918 4143 -2.6798 -0.041634
8.33135 4152 -2.7280 -0.042336
8.33351 4161 -2.8128 -0.043605
8.33591 4171 -2.5605 -0.039646
8.33807 4180 -2.7426 -0.042421
8.34046 4190 -2.6855 -0.041487
8.34260 4199 -3.0225 -0.046644
8.34474 4208 -3.0701 -0.047327
8.34712 4218 -3.4259 -0.052750
8.34925 4227 -3.6389 -0.055970
8.35161 4237 -3.8931 -0.059809
8.35397 4247 -3.6820 -0.056500
8.35609 4256 -3.6115 -0.055359
8.35843 4266 -3.6561 -0.055976
8.36054 4275 -3.9133 -0.059851
8.36288 4285 -3.9924 -0.060990
8.36521 4295 -4.3671 -0.066636
8.36730 4304 -4.1018 -0.062523
8.36962 4314 -4.2001 -0.063946
8.37194 4324 -4.0966 -0.062300
8.37402 4333 -3.9194 -0.059542
8.37632 4343 -4.0338 -0.061210
8.37862 4353 -4.4246 -0.067063
8.38092 4363 -4.6484 -0.070373
8.38320 4373 -4.6289 -0.069998
8.38526 4382 -4.4483 -0.067198
8.38754 4392 -4.5574 -0.068768
8.38981 4402 -4.3874 -0.066128
8.39208 4412 -4.7020 -0.070790
8.39435 4422 -4.8634 -0.073135
8.39661 4432 -4.3763 -0.065737
8.39886 4442 -4.4909 -0.067383
8.40111 4452 -4.3719 -0.065523
8.40335 4462 -4.1065 -0.061477
8.40559 4472 -3.8500 -0.057572
8.40782 4482 -4.0371 -0.060302
8.41005 4492 -4.0695 -0.060719
8.41228 4502 -3.7857 -0.056422
8.41450 4512 -3.5430 -0.052745
8.41693 4523 -3.8429 -0.057141
8.41914 4533 -4.5072 -0.066944
8.42134 4543 -4.9442 -0.073354
8.42354 4553 -4.5392 -0.067272
8.42574 4563 -4.6598 -0.068983
8.42814 4574 -5.0022 -0.073963
8.43033 4584 -5.2469 -0.077496
8.43251 4594 -5.7429 -0.084730
8.43490 4605 -6.1883 -0.091191
8.43707 4615 -6.3181 -0.093004
8.43923 4625 -5.9316 -0.087219
8.44161 4636 -5.8057 -0.085268
8.44376 4646 -5.5532 -0.081471
8.44613 4657 -5.4657 -0.080093
8.44827 4667 -5.5161 -0.080745
8.45063 4678 -5.5183 -0.080682
8.45276 4688 -5.3190 -0.077684
8.45510 4699 -5.1613 -0.075294
8.45723 4709 -4.7882 -0.069777
8.45956 4720 -4.8706 -0.070894
8.46189 4731 -4.7331 -0.068813
8.46400 4741 -4.8054 -0.069790
8.46632 4752 -5.3492 -0.077599
8.46863 4763 -5.6500 -0.081867
8.47073 4773 -5.3817 -0.077897
8.47303 4784 -5.7212 -0.082717
8.47533 4795 -5.5653 -0.080370
8.47762 4806 -5.2661 -0.075963
8.47991 4817 -5.3282 -0.076769
8.48198 4827 -5.3725 -0.077329
8.48426 4838 -5.0356 -0.072397
8.48653 4849 -5.0707 -0.072819
8.48879 4860 -4.6332 -0.066461
8.49105 4871 -4.0915 -0.058624
8.49331 4882 -3.8719 -0.055415
8.49556 4893 -3.4378 -0.049147
8.49781 4904 -3.3620 -0.048009
8.50005 4915 -3.1823 -0.045391
8.50228 4926 -2.9165 -0.041555
8.50451 4937 -3.2194 -0.045819
8.50674 4948 -3.0477 -0.043327
8.50916 4960 -2.8761 -0.040837
8.51138 4971 -3.0201 -0.042836
8.51359 4982 -2.8876 -0.040910
8.51579 4993 -2.4903 -0.035243
8.51799 5004 -2.5518 -0.036073
8.52039 5016 -2.9126 -0.041125
8.52258 5027 -2.8381 -0.040029
8.52476 5038 -3.0583 -0.043087
8.52714 5050 -2.6605 -0.037438
8.52932 5061 -2.1312 -0.029958
8.53149 5072 -1.9311 -0.027115
8.53385 5084 -2.2095 -0.030988
8.53601 5095 -2.2676 -0.031768
8.53837 5107 -2.0545 -0.028750
8.54052 5118 -1.9301 -0.026980
8.54286 5130 -2.2057 -0.030796
8.54500 5141 -2.1101 -0.029429
8.54733 5153 -2.6215 -0.036520
8.54947 5164 -3.0054 -0.041823
8.55179 5176 -2.3936 -0.033271
8.55410 5188 -2.5711 -0.035696
8.55622 5199 -2.9267 -0.040590
8.55853 5211 -3.1473 -0.043599
8.56083 5223 -3.3294 -0.046069
8.56312 5235 -3.4779 -0.048069
8.56522 5246 -3.5854 -0.049502
8.56751 5258 -3.7050 -0.051095
8.56979 5270 -3.4636 -0.047711
8.57206 5282 -3.2832 -0.045176
8.57433 5294 -3.0003 -0.041235
8.57659 5306 -3.2091 -0.044055
8.57885 5318 -3.3025 -0.045286
8.58111 5330 -3.3827 -0.046334
8.58336 5342 -4.0923 -0.055990
8.58560 5354 -4.0307 -0.055086
8.58784 5366 -3.6037 -0.049195
8.59007 5378 -3.6153 -0.049298
8.59230 5390 -3.3354 -0.045431
8.59452 5402 -3.4029 -0.046299
8.59674 5414 -3.2303 -0.043902
8.59896 5426 -3.0623 -0.041572
8.60135 5439 -2.8748 -0.038981
8.60355 5451 -3.1207 -0.042269
8.60575 5463 -3.1560 -0.042699
8.60795 5475 -3.3888 -0.045798
8.61032 5488 -3.4448 -0.046500
8.61250 5500 -3.7040 -0.049944
8.61486 5513 -3.3526 -0.045154
8.61704 5525 -3.4290 -0.046132
8.61921 5537 -2.9700 -0.039914
8.62155 5550 -2.7952 -0.037520
8.62371 5562 -3.1690 -0.042492
8.62605 5575 -2.9908 -0.040055
8.62820 5587 -2.4060 -0.032189
8.63052 5600 -2.3336 -0.031184
8.63284 5613 -2.1504 -0.028703
8.63498 5625 -2.5116 -0.033488
8.63728 5638 -2.8417 -0.037845
8.63959 5651 -3.0236 -0.040222
8.64171 5663 -2.8764 -0.038223
8.64400 5676 -3.0407 -0.040360
8.64629 5689 -3.1067 -0.041189
8.64857 5702 -2.9616 -0.039221
8.65085 5715 -2.9718 -0.039311
8.65295 5727 -2.6265 -0.034707
8.65521 5740 -2.9818 -0.039356
8.65748 5753 -4.0853 -0.053861
8.65973 5766 -3.9857 -0.052489
8.66199 5779 -4.1453 -0.054529
8.66423 5792 -4.3475 -0.057125
8.66647 5805 -3.9171 -0.051412
8.66871 5818 -4.1935 -0.054978
8.67094 5831 -3.9202 -0.051338
8.67334 5845 -3.4956 -0.045723
8.67556 5858 -3.6984 -0.048321
8.67778 5871 -4.1713 -0.054439
8.67999 5884 -4.2114 -0.054903
8.68220 5897 -4.1747 -0.054363
8.68457 5911 -3.7195 -0.048379
8.68677 5924 -3.5906 -0.046651
8.68896 5937 -3.9505 -0.051270
8.69131 5951 -4.0573 -0.052594
8.69350 5964 -4.2648 -0.055225
8.69584 5978 -4.0990 -0.053015
8.69801 5991 -4.0658 -0.052529
8.70018 6004 -4.2320 -0.054617
8.70251 6018 -4.1472 -0.053460
8.70483 6032 -4.1895 -0.053942
8.70699 6045 -4.2403 -0.054538
8.70930 6059 -4.1640 -0.053495
8.71144 6072 -3.8756 -0.049736
8.71375 6086 -3.9613 -0.050777
8.71604 6100 -3.5054 -0.044882
8.71817 6113 -3.7757 -0.048292
8.72046 6127 -4.3362 -0.055397
8.72274 6141 -4.2882 -0.054721
8.72502 6155 -4.5167 -0.057571
8.72729 6169 -4.3374 -0.055223
8.72956 6183 -4.3385 -0.055174
8.73182 6197 -4.2198 -0.053604
8.73408 6211 -3.9063 -0.049567
8.73617 6224 -3.6109 -0.045770
8.73858 6239 -3.6758 -0.046537
8.74082 6253 -3.5639 -0.045070
8.74305 6267 -3.5717 -0.045117
8.74528 6281 -3.5260 -0.044491
8.74751 6295 -3.6567 -0.046089
8.74973 6309 -4.1348 -0.052056
8.75195 6323 -3.4684 -0.043618
8.75432 6338 -3.6120 -0.045371
8.75653 6352 -3.7098 -0.046548
8.75873 6366 -3.8222 -0.047905
8.76092 6380 -4.1505 -0.051962
8.76327 6395 -3.8117 -0.047665
8.76546 6409 -4.0364 -0.050420
8.76780 6424 -4.5254 -0.056462
8.76997 6438 -4.6428 -0.057864
8.77230 6453 -4.1504 -0.051667
8.77447 6467 -3.8809 -0.048259
8.77678 6482 -3.8241 -0.047499
8.77894 6496 -3.7692 -0.046766
8.78125 6511 -3.2095 -0.039775
8.78355 6526 -3.3345 -0.041277
8.78569 6540 -3.1386 -0.038811
8.78798 6555 -3.6649 -0.045267
8.79027 6570 -3.8161 -0.047080
8.79255 6585 -3.5737 -0.044039
8.79467 6599 -3.2803 -0.040381
8.79694 6614 -3.0387 -0.037364
8.79921 6629 -2.6812 -0.032932
8.80147 6644 -2.6096 -0.032015
8.80372 6659 -2.5586 -0.031354
8.80597 6674 -3.4700 -0.042476
8.80822 6689 -3.5453 -0.043348
8.81046 6704 -3.6345 -0.044390
8.81269 6719 -3.8095 -0.046475
8.81492 6734 -3.6422 -0.044384
8.81730 6750 -4.2192 -0.051355
8.81952 6765 -4.3962 -0.053449
8.82173 6780 -4.5973 -0.055833
8.82394 6795 -4.2116 -0.051092
8.82629 6811 -3.7919 -0.045946
8.82849 6826 -3.7895 -0.045867
8.83069 6841 -3.7622 -0.045486
8.83303 6857 -4.0008 -0.048315
8.83521 6872 -4.0471 -0.048820
8.83754 6888 -3.9699 -0.047833
8.83971 6903 -4.2088 -0.050658
8.84203 6919 -3.9707 -0.047736
8.84419 6934 -4.0953 -0.049181
8.84650 6950 -4.0973 -0.049148
8.84865 6965 -4.3333 -0.051922
8.85095 6981 -4.9836 -0.059647
8.85324 6997 -5.0161 -0.059967
8.85552 7013 -4.9606 -0.059236
8.85766 7028 -4.9405 -0.058933
8.85993 7044 -5.0681 -0.060385
8.86220 7060 -4.8294 -0.057476
8.86446 7076 -4.9178 -0.058462
8.86672 7092 -5.2692 -0.062570
8.86898 7108 -5.4504 -0.064648
8.87122 7124 -5.3640 -0.063551
8.87347 7140 -5.4580 -0.064592
8.87571 7156 -6.1996 -0.073287
8.87794 7172 -6.0561 -0.071511
8.88017 7188 -5.6941 -0.067162
8.88239 7204 -6.3623 -0.074959
8.88475 7221 -6.7566 -0.079511
8.88696 7237 -7.0577 -0.082962
8.88917 7253 -6.6028 -0.077530
8.89151 7270 -6.9558 -0.081580
8.89371 7286 -7.5346 -0.088270
8.89590 7302 -7.9928 -0.093536
8.89823 7319 -7.7884 -0.091038
8.90041 7335 -7.6620 -0.089462
8.90273 7352 -7.6168 -0.088832
8.90490 7368 -7.2461 -0.084416
8.90721 7385 -7.3005 -0.084952
8.90951 7402 -7.3441 -0.085362
8.91166 7418 -7.6418 -0.088726
8.91395 7435 -7.3423 -0.085151
8.91624 7452 -7.7740 -0.090055
8.91838 7468 -7.7398 -0.089563
8.92066 7485 -7.9408 -0.091784
8.92292 7502 -8.1318 -0.093886
8.92519 7519 -8.2198 -0.094794
8.92745 7536 -8.2372 -0.094887
8.92970 7553 -7.5011 -0.086310
8.93195 7570 -7.1350 -0.082006
8.93419 7587 -6.8782 -0.078966
8.93643 7604 -6.8399 -0.078439
8.93866 7621 -6.6158 -0.075784
8.94089 7638 -7.1142 -0.081402
8.94324 7656 -6.5454 -0.074806
8.94546 7673 -6.5849 -0.075174
8.94768 7690 -6.8267 -0.077848
8.94988 7707 -7.2769 -0.082890
8.95222 7725 -7.1473 -0.081319
8.95442 7742 -6.8716 -0.078096
8.95674 7760 -6.9918 -0.079370
8.95893 7777 -7.2100 -0.081757
8.96124 7795 -7.2296 -0.081886
8.96342 7812 -6.6101 -0.074788
8.96572 7830 -7.5549 -0.085378
8.96789 7847 -7.0962 -0.080108
8.97018 7865 -6.9439 -0.078299
8.97246 7883 -6.7832 -0.076399
8.97462 7900 -7.0044 -0.078806
8.97689 7918 -6.5711 -0.073846
8.97916 7936 -7.1757 -0.080549
8.98143 7954 -6.9825 -0.078292
8.98369 7972 -7.1857 -0.080480
8.98595 7990 -6.7276 -0.075264
8.98820 8008 -6.8720 -0.076792
8.99044 8026 -7.2611 -0.081050
8.99268 8044 -7.2259 -0.080567
8.99492 8062 -6.5793 -0.073275
8.99715 8080 -7.1232 -0.079245
8.99937 8098 -6.2930 -0.069931
9.00172 8117 -6.3077 -0.070012
9.00393 8135 -6.0175 -0.066717
9.00614 8153 -6.3460 -0.070281
9.00847 8172 -6.7558 -0.074733
9.01067 8190 -6.6490 -0.073471
9.01286 8208 -6.8530 -0.075642
9.01518 8227 -7.4560 -0.082203
9.01736 8245 -7.6660 -0.084426
9.01966 8264 -8.2675 -0.090945
9.02196 8283 -7.4770 -0.082155
9.02413 8301 -7.6627 -0.084104
9.02642 8320 -7.5118 -0.082354
9.02870 8339 -7.6727 -0.084022
9.03085 8357 -7.0960 -0.077623
9.03313 8376 -7.3057 -0.079826
9.03539 8395 -7.2288 -0.078896
9.03765 8414 -7.2560 -0.079104
9.03991 8433 -6.6759 -0.072698
9.04216 8452 -6.6765 -0.072623
9.04440 8471 -5.8828 -0.063917
9.04664 8490 -5.9264 -0.064319
9.04888 8509 -6.0816 -0.065930
9.05111 8528 -5.8176 -0.062997
9.05345 8548 -5.6251 -0.060841
9.05567 8567 -6.0410 -0.065267
9.05789 8586 -5.6953 -0.061464
9.06010 8605 -5.2857 -0.056981
9.06242 8625 -5.2856 -0.056914
9.06462 8644 -5.0846 -0.054689
9.06693 8664 -5.4972 -0.059058
9.06912 8683 -5.0211 -0.053885
9.07142 8703 -5.4035 -0.057922
9.07360 8722 -4.6838 -0.050153
9.07589 8742 -4.8355 -0.051718
9.07818 8762 -4.7345 -0.050580
9.08035 8781 -4.6204 -0.049306
9.08262 8801 -4.5571 -0.048576
9.08489 8821 -4.8950 -0.052118
9.08716 8841 -4.4472 -0.047297
9.08941 8861 -4.4331 -0.047094
9.09167 8881 -4.1649 -0.044195
9.09392 8901 -3.8131 -0.040417
9.09616 8921 -3.5979 -0.038092
9.09840 8941 -3.9637 -0.041919
9.10064 8961 -4.0871 -0.043175
9.10287 8981 -3.9180 -0.041343
9.10509 9001 -3.6458 -0.038428
9.10742 9022 -2.7996 -0.029474
9.10964 9042 -3.8801 -0.040804
9.11185 9062 -3.9375 -0.041362
9.11416 9083 -4.0448 -0.042441
9.11636 9103 -4.4584 -0.046729
9.11866 9124 -5.2613 -0.055081
9.12085 9144 -5.3087 -0.055516
9.12315 9165 -5.6832 -0.059364
9.12533 9185 -6.3984 -0.066763
9.12761 9206 -5.9494 -0.062007
9.12989 9227 -6.7903 -0.070690
9.13216 9248 -7.5817 -0.078839
9.13443 9269 -7.2133 -0.074923
9.13659 9289 -7.3898 -0.076674
9.13884 9310 -6.9617 -0.072151
9.14110 9331 -6.3600 -0.065840
9.14335 9352 -6.8037 -0.070355
9.14559 9373 -6.6648 -0.068841
9.14783 9394 -6.0730 -0.062658
9.15017 9416 -6.0798 -0.062655
9.15239 9437 -6.3818 -0.065694
9.15462 9458 -6.5178 -0.067019
9.15683 9479 -6.5690 -0.067471
9.15915 9501 -6.8892 -0.070678
9.16136 9522 -7.0367 -0.072112
9.16367 9544 -6.2701 -0.064182
9.16587 9565 -6.4438 -0.065886
9.16816 9587 -6.3602 -0.064958
9.17035 9608 -5.9772 -0.060979
9.17264 9630 -5.6077 -0.057144
9.17482 9651 -5.9888 -0.060961
9.17709 9673 -6.4729 -0.065814
9.17937 9695 -5.9941 -0.060877
9.18163 9717 -5.9720 -0.060583
9.18389 9739 -5.4794 -0.055524
9.18615 9761 -5.3749 -0.054403
9.18840 9783 -6.0155 -0.060818
9.19065 9805 -5.5780 -0.056332
9.19289 9827 -5.9008 -0.059525
9.19513 9849 -6.3698 -0.064185
9.19736 9871 -6.5647 -0.066075
9.19958 9893 -6.7919 -0.068286
9.20190 9916 -7.0899 -0.071199
9.20412 9938 -6.9698 -0.069915
9.20633 9960 -6.5912 -0.066044
9.20864 9983 -6.8222 -0.068280
9.21084 10005 -7.1463 -0.071445
9.21314 10028 -7.2219 -0.072118
9.21533 10050 -7.4823 -0.074637
9.21761 10073 -7.3374 -0.073107
9.21989 10096 -7.6916 -0.076549
9.22207 10118 -7.7593 -0.077139
9.22434 10141 -7.5839 -0.075310
9.22661 10164 -8.3087 -0.082414
9.22887 10187 -8.7916 -0.087105
9.23112 10210 -9.2338 -0.091383
9.23337 10233 -9.2770 -0.091708
9.23562 10256 -9.2112 -0.090956
9.23786 10279 -9.0661 -0.089422
9.24009 10302 -9.9322 -0.097855
9.24232 10325 -9.5036 -0.093528
9.24455 10348 -9.7874 -0.096214
9.24687 10372 -9.6414 -0.094669
9.24908 10395 -9.6213 -0.094367
9.25139 10419 -8.7409 -0.085634
9.25359 10442 -8.5373 -0.083546
9.25579 10465 -8.8168 -0.086187
9.25808 10489 -9.1722 -0.089559
9.26037 10513 -9.2672 -0.090383
9.26255 10536 -9.0533 -0.088200
9.26483 10560 -8.9502 -0.087097
9.26710 10584 -8.5430 -0.083040
9.26936 10608 -7.9674 -0.077357
9.27162 10632 -7.8139 -0.075781
9.27388 10656 -7.4185 -0.071865
9.27613 10680 -7.2300 -0.069961
9.27837 10704 -7.5021 -0.072512
9.28061 10728 -6.6444 -0.064150
9.28285 10752 -6.6261 -0.063901
9.28508 10776 -7.2734 -0.070066
9.28730 10800 -7.0580 -0.067915
9.28961 10825 -6.9570 -0.066867
9.29183 10849 -6.8181 -0.065459
9.29404 10873 -6.6919 -0.064176
9.29633 10898 -6.6745 -0.063936
9.29853 10922 -6.6767 -0.063887
9.30082 10947 -7.0535 -0.067415
9.30310 10972 -6.7927 -0.064849
9.30529 10996 -6.8554 -0.065376
9.30756 11021 -6.9232 -0.065948
9.30982 11046 -6.5708 -0.062519
9.31208 11071 -6.5495 -0.062246
9.31434 11096 -6.6845 -0.063458
9.31659 11121 -7.6860 -0.072883
9.31884 11146 -7.0759 -0.067022
9.32108 11171 -6.9647 -0.065895
9.32331 11196 -7.1735 -0.067795
9.32554 11221 -6.6074 -0.062376
9.32786 11247 -6.8629 -0.064713
9.33008 11272 -6.6143 -0.062299
9.33229 11297 -6.4130 -0.060336
9.33459 11323 -7.0534 -0.066285
9.33680 11348 -6.6339 -0.062275
9.33909 11374 -6.6867 -0.062698
9.34128 11399 -6.3528 -0.059502
9.34356 11425 -6.2525 -0.058496
9.34583 11451 -6.1000 -0.057005
9.34810 11477 -5.4727 -0.051084
9.35028 11502 -5.6428 -0.052615
9.35253 11528 -5.9443 -0.055364
9.35479 11554 -6.0925 -0.056680
9.35703 11580 -6.3330 -0.058851
9.35928 11606 -6.4553 -0.059920
9.36152 11632 -6.8932 -0.063914
9.36383 11659 -6.5782 -0.060922
9.36606 11685 -6.7403 -0.062354
9.36828 11711 -6.7675 -0.062536
9.37059 11738 -6.7722 -0.062507
9.37280 11764 -6.2782 -0.057884
9.37509 11791 -5.8308 -0.053697
9.37729 11817 -5.0469 -0.046427
9.37958 11844 -5.0076 -0.046013
9.38177 11870 -5.3677 -0.049268
9.38404 11897 -5.1638 -0.047343
9.38631 11924 -4.8629 -0.044534
9.38857 11951 -5.0379 -0.046083
9.39083 11978 -5.1851 -0.047377
9.39308 12005 -4.6821 -0.042732
9.39533 12032 -4.3025 -0.039224
9.39757 12059 -4.1992 -0.038239
9.39980 12086 -3.7237 -0.033872
9.40203 12113 -4.4396 -0.040338
9.40426 12140 -4.5697 -0.041474
9.40656 12168 -4.6204 -0.041886
9.40878 12195 -4.6841 -0.042417
9.41107 12223 -4.4205 -0.039983
9.41328 12250 -3.9129 -0.035353
9.41556 12278 -3.8928 -0.035131
9.41776 12305 -3.7731 -0.034014
9.42003 12333 -3.5901 -0.032328
9.42230 12361 -3.5129 -0.031597
9.42456 12389 -3.7267 -0.033481
9.42682 12417 -4.3439 -0.038982
9.42899 12444 -4.6880 -0.042025
9.43124 12472 -4.8650 -0.043563
9.43356 12501 -5.2401 -0.046867
9.43580 12529 -6.1938 -0.055335
9.43803 12557 -5.9173 -0.052806
9.44026 12585 -5.8984 -0.052579
9.44256 12614 -5.6639 -0.050430
9.44478 12642 -5.4713 -0.048661
9.44699 12670 -5.8399 -0.051882
9.44928 12699 -4.7572 -0.042215
9.45156 12728 -4.5605 -0.040423
9.45376 12756 -4.2346 -0.037494
9.45603 12785 -3.9187 -0.034657
9.45829 12814 -2.3967 -0.021173
9.46055 12843 -2.8862 -0.025468
9.46273 12871 -3.0166 -0.026590
9.46498 12900 -3.6030 -0.031723
9.46731 12930 -4.2814 -0.037652
9.46955 12959 -4.6447 -0.040802
9.47178 12988 -4.8359 -0.042433
9.47401 13017 -4.8812 -0.042783
9.47624 13046 -5.3682 -0.046999
9.47853 13076 -5.8253 -0.050943
9.48075 13105 -5.3025 -0.046319
9.48304 13135 -5.7737 -0.050378
9.48524 13164 -6.0237 -0.052502
9.48752 13194 -5.9607 -0.051893
9.48979 13224 -6.4176 -0.055807
9.49198 13253 -6.3357 -0.055035
9.49424 13283 -6.0259 -0.052284
9.49650 13313 -6.2208 -0.053915
9.49875 13343 -6.1251 -0.053026
9.50099 13373 -6.1361 -0.053061
9.50323 13403 -6.3364 -0.054732
9.50547 13433 -5.6941 -0.049129
9.50777 13464 -6.5402 -0.056365
9.51000 13494 -7.2814 -0.062682
9.51222 13524 -7.4279 -0.063872
9.51451 13555 -6.1154 -0.052526
9.51672 13585 -5.0893 -0.043665
9.51900 13616 -5.1390 -0.044041
9.52127 13647 -5.2721 -0.045130
9.52347 13677 -5.8767 -0.050250
9.52573 13708 -6.4177 -0.054814
9.52799 13739 -5.8826 -0.050187
9.53025 13770 -5.5086 -0.046943
9.53250 13801 -5.6880 -0.048418
9.53474 13832 -4.7654 -0.040519
9.53698 13863 -5.0516 -0.042904
9.53921 13894 -5.1069 -0.043325
9.54151 13926 -5.4971 -0.046583
9.54374 13957 -5.3837 -0.045571
9.54603 13989 -4.6224 -0.039082
9.54824 14020 -3.7696 -0.031836
9.55052 14052 -2.8751 -0.024254
9.55272 14083 -2.9692 -0.025021
9.55499 14115 -3.3290 -0.028020
9.55726 14147 -3.1648 -0.026608
9.55952 14179 -3.1316 -0.026300
9.56177 14211 -2.6064 -0.021864
9.56402 14243 -3.0461 -0.025523
9.56627 14275 -2.7912 -0.023362
9.56850 14307 -3.3888 -0.028332
9.57074 14339 -2.9043 -0.024254
9.57297 14371 -2.9464 -0.024578
9.57526 14404 -2.8901 -0.024081
9.57748 14436 -2.4490 -0.020383
9.57976 14469 -1.1087 -0.009217
9.58197 14501 -1.1853 -0.009843
9.58425 14534 -0.4975 -0.004126
9.58645 14566 -0.6235 -0.005166
9.58871 14599 -0.2953 -0.002444
9.59097 14632 -0.3283 -0.002714
9.59322 14665 -0.1358 -0.001121
9.59547 14698 -0.3816 -0.003148
9.59771 14731 -0.7270 -0.005990
9.59995 14764 0.3078 0.002533
9.60225 14798 0.5163 0.004245
9.60447 14831 1.1221 0.009214
9.60670 14864 1.0674 0.008755
9.60898 14898 1.0525 0.008623
9.61119 14931 0.9829 0.008044
9.61347 14965 1.7816 0.014564
9.61574 14999 2.2944 0.018734
9.61794 15032 1.6230 0.013237
9.62020 15066 1.5084 0.012289
9.62245 15100 1.1567 0.009413
9.62470 15134 1.3189 0.010721
9.62694 15168 1.4860 0.012065
9.62918 15202 0.9275 0.007522
9.63148 15237 1.2612 0.010217
9.63371 15271 1.3354 0.010806
9.63593 15305 2.2745 0.018385
9.63822 15340 2.0418 0.016485
9.64043 15374 2.2072 0.017801
9.64271 15409 1.9259 0.015515
9.64498 15444 1.3325 0.010723
9.64724 15479 0.6897 0.005543
9.64943 15513 0.6847 0.005497
9.65169 15548 0.6548 0.005251
9.65394 15583 0.0570 0.000457
9.65618 15618 -0.7363 -0.005892
9.65848 15654 -0.8994 -0.007189
9.66072 15689 -1.1442 -0.009135
9.66294 15724 -1.0730 -0.008557
9.66523 15760 -2.0455 -0.016294
9.66745 15795 -1.8552 -0.014761
9.66973 15831 -2.1032 -0.016716
9.67193 15866 -1.8453 -0.014650
9.67420 15902 -2.0971 -0.016630
9.67646 15938 -2.9506 -0.023372
9.67872 15974 -2.6833 -0.021231
9.68097 16010 -3.3670 -0.026610
9.68321 16046 -2.9505 -0.023292
9.68546 16082 -3.0674 -0.024188
9.68769 16118 -2.1612 -0.017023
9.68992 16154 -2.7614 -0.021727
9.69221 16191 -2.6728 -0.021005
9.69443 16227 -2.2646 -0.017777
9.69671 16264 -1.6122 -0.012641
9.69892 16300 -1.3342 -0.010451
9.70119 16337 -1.5834 -0.012388
9.70345 16374 -1.8525 -0.014477
9.70571 16411 -1.5190 -0.011858
9.70796 16448 -1.1513 -0.008977
9.71021 16485 -1.0586 -0.008245
9.71245 16522 -0.6130 -0.004769
9.71469 16559 -1.1770 -0.009146
9.71692 16596 -0.8944 -0.006943
9.71920 16634 -0.3015 -0.002337
9.72143 16671 0.1490 0.001154
9.72370 16709 1.2317 0.009529
9.72591 16746 1.6107 0.012447
9.72818 16784 1.7459 0.013476
9.73044 16822 1.9287 0.014871
9.73270 16860 1.8334 0.014120
9.73495 16898 2.0242 0.015572
9.73720 16936 2.0402 0.015677
9.73944 16974 2.2403 0.017195
9.74167 17012 1.8350 0.014069
9.74391 17050 1.8499 0.014167
9.74619 17089 0.4463 0.003414
9.74841 17127 0.1916 0.001464
9.75069 17166 0.5425 0.004140
9.75290 17204 0.9858 0.007516
9.75516 17243 0.8552 0.006513
9.75742 17282 -0.0081 -0.000062
9.75967 17321 -0.3633 -0.002760
9.76192 17360 -0.5737 -0.004354
9.76417 17399 -0.7520 -0.005701
9.76641 17438 -1.5924 -0.012059
9.76864 17477 -2.2624 -0.017113
9.77093 17517 -2.2014 -0.016633
9.77315 17556 -2.9317 -0.022126
9.77543 17596 -3.6815 -0.027753
9.77764 17635 -3.7646 -0.028348
9.77991 17675 -3.5851 -0.026967
9.78217 17715 -3.9888 -0.029969
9.78442 17755 -3.2042 -0.024047
9.78667 17795 -2.5826 -0.019360
9.78892 17835 -2.8720 -0.021505
9.79116 17875 -3.8610 -0.028879
9.79339 17915 -4.1536 -0.031033
9.79568 17956 -4.1133 -0.030697
9.79790 17996 -4.2056 -0.031350
9.80018 18037 -5.3793 -0.040054
9.80240 18077 -5.8990 -0.043875
9.80466 18118 -6.5080 -0.048350
9.80692 18159 -6.0204 -0.044677
9.80918 18200 -5.3826 -0.039898
9.81143 18241 -4.0996 -0.030354
9.81367 18282 -4.2921 -0.031743
9.81591 18323 -4.9509 -0.036575
9.81815 18364 -5.5547 -0.040990
9.82038 18405 -5.1554 -0.038001
9.82266 18447 -5.7649 -0.042445
9.82488 18488 -6.4242 -0.047247
9.82715 18530 -7.6877 -0.056475
9.82941 18572 -7.7368 -0.056772
9.83167 18614 -7.7134 -0.056536
9.83387 18655 -7.7112 -0.056458
9.83612 18697 -8.0825 -0.059110
9.83842 18740 -7.7546 -0.056646
9.84065 18782 -7.1721 -0.052333
9.84289 18824 -7.9908 -0.058241
9.84512 18866 -8.0439 -0.058564
9.84739 18909 -8.7055 -0.063308
9.84966 18952 -9.2303 -0.067048
9.85188 18994 -8.5204 -0.061823
9.85414 19037 -8.1000 -0.058707
9.85640 19080 -8.6019 -0.062274
9.85865 19123 -8.2272 -0.059494
9.86089 19166 -8.5332 -0.061637
9.86313 19209 -8.3466 -0.060222
9.86537 19252 -8.9072 -0.064196
9.86765 19296 -8.8563 -0.063756
9.86988 19339 -8.3577 -0.060099
9.87215 19383 -8.2956 -0.059585
9.87437 19426 -8.4882 -0.060901
9.87663 19470 -8.5276 -0.061114
9.87889 19514 -8.1114 -0.058066
9.88114 19558 -8.0456 -0.057530
9.88339 19602 -8.3595 -0.059708
9.88563 19646 -8.7247 -0.062246
9.88787 19690 -8.4660 -0.060333
9.89015 19735 -8.1112 -0.057738
9.89238 19779 -7.8965 -0.056147
9.89465 19824 -7.4769 -0.053104
9.89687 19868 -8.2068 -0.058223
9.89913 19913 -8.8270 -0.062552
9.90139 19958 -8.7870 -0.062199
9.90364 20003 -8.7356 -0.061765
9.90588 20048 -8.0007 -0.056506
9.90813 20093 -8.6948 -0.061339
9.91036 20138 -8.5348 -0.060143
9.91260 20183 -9.3300 -0.065673
9.91487 20229 -9.3060 -0.065430
9.91709 20274 -9.9260 -0.069712
9.91936 20320 -9.3197 -0.065379
9.92162 20366 -8.9672 -0.062836
9.92388 20412 -8.2576 -0.057797
9.92613 20458 -7.4705 -0.052230
9.92838 20504 -7.2240 -0.050450
9.93062 20550 -6.0118 -0.041937
9.93285 20596 -6.1512 -0.042862
9.93513 20643 -5.8338 -0.040604
9.93736 20689 -6.6418 -0.046176
9.93963 20736 -6.6900 -0.046458
9.94184 20782 -6.7367 -0.046731
9.94410 20829 -6.4612 -0.044769
9.94636 20876 -6.5958 -0.045650
9.94860 20923 -7.5354 -0.052095
9.95085 20970 -6.8347 -0.047198
9.95309 21017 -7.2788 -0.050208
9.95537 21065 -8.8286 -0.060829
9.95760 21112 -8.8287 -0.060762
9.95987 21160 -8.8457 -0.060810
9.96209 21207 -9.3804 -0.064414
9.96435 21255 -9.5092 -0.065225
9.96660 21303 -9.4222 -0.064556
9.96885 21351 -9.7193 -0.066516
9.97110 21399 -9.2883 -0.063495
9.97334 21447 -9.9029 -0.067621
9.97558 21495 -9.9213 -0.067670
9.97785 21544 -8.9683 -0.061101
9.98008 21592 -8.5758 -0.058362
9.98234 21641 -8.1608 -0.055474
9.98461 21690 -8.0139 -0.054414
9.98686 21739 -7.6514 -0.051895
9.98907 21787 -7.1760 -0.048617
9.99136 21837 -6.8871 -0.046605
9.99360 21886 -6.4818 -0.043814
9.99584 21935 -6.1489 -0.041517
9.99807 21984 -5.8916 -0.039735
10.00034 22034 -5.4106 -0.036450
10.00261 22084 -4.7862 -0.032207
10.00482 22133 -5.8784 -0.039513
10.00708 22183 -6.3909 -0.042910
10.00933 22233 -5.5831 -0.037444
10.01158 22283 -5.3061 -0.035546
10.01382 22333 -5.2280 -0.034984
10.01610 22384 -5.2120 -0.034837
10.01833 22434 -6.1077 -0.040778
10.02056 22484 -5.3054 -0.035382
10.02282 22535 -6.1191 -0.040763
10.02509 22586 -7.1620 -0.047656
10.02734 22637 -6.5253 -0.043370
10.02959 22688 -6.2735 -0.041649
10.03184 22739 -6.3763 -0.042285
10.03408 22790 -6.1950 -0.041036
10.03631 22841 -6.2948 -0.041651
10.03859 22893 -6.8982 -0.045591
10.04081 22944 -6.4730 -0.042734
10.04308 22996 -6.1909 -0.040825
10.04533 23048 -6.6373 -0.043719
10.04759 23100 -6.8780 -0.045254
10.04984 23152 -6.5865 -0.043287
10.05208 23204 -6.7537 -0.044336
10.05432 23256 -7.5166 -0.049290
10.05655 23308 -7.7164 -0.050543
10.05882 23361 -7.6573 -0.050099
10.06105 23413 -6.4055 -0.041862
10.06331 23466 -5.3642 -0.035018
10.06556 23519 -6.0016 -0.039134
10.06781 23572 -6.2927 -0.040986
10.07006 23625 -5.9235 -0.038539
10.07230 23678 -5.1041 -0.033170
10.07458 23732 -4.4841 -0.029107
10.07681 23785 -4.4170 -0.028640
10.07908 23839 -3.5626 -0.023074
10.08130 23892 -3.2657 -0.021127
10.08356 23946 -2.5061 -0.016195
10.08581 24000 -3.6995 -0.023880
10.08806 24054 -4.0552 -0.026147
10.09030 24108 -4.1200 -0.026535
10.09254 24162 -3.1064 -0.019984
10.09481 24217 -3.3515 -0.021536
10.09704 24271 -3.1271 -0.020072
10.09930 24326 -4.2080 -0.026980
10.10156 24381 -4.2391 -0.027149
10.10381 24436 -3.6043 -0.023057
10.10606 24491 -2.9626 -0.018931
10.10830 24546 -3.6904 -0.023555
10.11054 24601 -2.8880 -0.018413
10.11282 24657 -3.1730 -0.020207
10.11504 24712 -2.5609 -0.016290
10.11731 24768 -1.7684 -0.011237
10.11957 24824 -2.8137 -0.017859
10.12178 24879 -2.5470 -0.016148
10.12403 24935 -1.7682 -0.011197
10.12631 24992 -1.5391 -0.009736
10.12855 25048 -1.9537 -0.012345
10.13078 25104 -2.7183 -0.017156
10.13305 25161 -2.6674 -0.016816
10.13527 25217 -2.5932 -0.016330
10.13753 25274 -2.7141 -0.017072
10.13978 25331 -3.0739 -0.019314
10.14203 25388 -2.5379 -0.015928
10.14427 25445 -3.3760 -0.021164
10.14655 25503 -3.2882 -0.020590
10.14878 25560 -3.3870 -0.021185
10.15105 25618 -3.4356 -0.021465
10.15327 25675 -3.1121 -0.019422
10.15553 25733 -5.1676 -0.032214
10.15778 25791 -5.5054 -0.034281
10.16003 25849 -5.6874 -0.035375
10.16227 25907 -5.0061 -0.031102
10.16454 25966 -4.5304 -0.028115
10.16677 26024 -3.9347 -0.024391
10.16904 26083 -3.9321 -0.024347
10.17126 26141 -3.5035 -0.021669
10.17351 26200 -4.1254 -0.025487
10.17576 26259 -4.5423 -0.028031
10.17801 26318 -4.5298 -0.027923
10.18029 26378 -4.6411 -0.028576
10.18252 26437 -4.7624 -0.029290
10.18479 26497 -5.2905 -0.032501
10.18701 26556 -4.5353 -0.027831
10.18927 26616 -5.1684 -0.031680
10.19152 26676 -5.0538 -0.030943
10.19377 26736 -5.4239 -0.033171
10.19601 26796 -5.4965 -0.033578
10.19828 26857 -4.7448 -0.028953
10.20051 26917 -4.5108 -0.027494
10.20278 26978 -4.8806 -0.029715
10.20500 27038 -5.9119 -0.035953
10.20725 27099 -6.1669 -0.037462
10.20950 27160 -5.7148 -0.034677
10.21178 27222 -6.4498 -0.039092
10.21402 27283 -7.1409 -0.043232
10.21625 27344 -6.4213 -0.038832
10.21852 27406 -6.5926 -0.039823
10.22078 27468 -7.1969 -0.043424
10.22300 27529 -7.0361 -0.042407
10.22524 27591 -8.7778 -0.052845
10.22753 27654 -9.5933 -0.057689
10.22977 27716 -11.1827 -0.067171
10.23200 27778 -10.9129 -0.065477
10.23427 27841 -10.2406 -0.061374
10.23649 27903 -8.4751 -0.050736
10.23874 27966 -7.9546 -0.047567
10.24099 28029 -7.6876 -0.045918
10.24324 28092 -7.4344 -0.044356
10.24552 28156 -8.7054 -0.051881
10.24775 28219 -8.9053 -0.053012
10.25002 28283 -9.6858 -0.057593
10.25224 28346 -9.7014 -0.057622
10.25450 28410 -10.3506 -0.061409
10.25675 28474 -11.0117 -0.065257
10.25899 28538 -11.3577 -0.067232
10.26123 28602 -10.8796 -0.064330
10.26350 28667 -12.2067 -0.072095
10.26573 28731 -13.2522 -0.078183
10.26799 28796 -12.9600 -0.076373
10.27025 28861 -12.8939 -0.075898
10.27250 28926 -12.8654 -0.075645
10.27474 28991 -11.6856 -0.068631
10.27698 29056 -12.1993 -0.071568
10.27925 29122 -11.8269 -0.069304
10.28148 29187 -12.1883 -0.071342
10.28374 29253 -12.7592 -0.074600
10.28599 29319 -12.3089 -0.071886
10.28824 29385 -12.0327 -0.070194
10.29048 29451 -12.8871 -0.075094
10.29272 29517 -13.8670 -0.080713
10.29499 29584 -13.2997 -0.077324
10.29722 29650 -12.9801 -0.075382
10.29947 29717 -12.6170 -0.073190
10.30173 29784 -13.3315 -0.077248
10.30397 29851 -13.7271 -0.079451
10.30622 29918 -13.2720 -0.076731
10.30849 29986 -13.6979 -0.079103
10.31072 30053 -12.4767 -0.071971
10.31298 30121 -11.9861 -0.069062
10.31523 30189 -11.4052 -0.065642
10.31748 30257 -11.2047 -0.064415
10.31973 30325 -10.0976 -0.057985
10.32197 30393 -10.6692 -0.061199
10.32424 30462 -10.8585 -0.062214
10.32647 30530 -10.6644 -0.061034
10.32872 30599 -9.9697 -0.056994
10.33098 30668 -9.8717 -0.056370
10.33322 30737 -9.6902 -0.055271
10.33546 30806 -9.9772 -0.056845
10.33773 30876 -10.0844 -0.057390
10.33997 30945 -9.8907 -0.056225
10.34223 31015 -10.4794 -0.059504
10.34448 31085 -10.6296 -0.060289
10.34673 31155 -10.0410 -0.056887
10.34897 31225 -9.5790 -0.054209
10.35121 31295 -9.2949 -0.052542
10.35345 31365 -8.9969 -0.050801
10.35571 31436 -8.9170 -0.050293
10.35797 31507 -9.9891 -0.056276
10.36022 31578 -9.7591 -0.054918
10.36246 31649 -9.5072 -0.053441
10.36470 31720 -8.1768 -0.045911
10.36697 31792 -8.3558 -0.046863
10.36920 31863 -6.6324 -0.037156
10.37146 31935 -5.7154 -0.031983
10.37371 32007 -4.7659 -0.026639
10.37596 32079 -4.7913 -0.026751
10.37820 32151 -4.9194 -0.027436
10.38047 32224 -5.9342 -0.033058
10.38270 32296 -5.8484 -0.032544
10.38496 32369 -5.9352 -0.032989
10.38721 32442 -7.0406 -0.039089
10.38946 32515 -6.3499 -0.035215
10.39170 32588 -6.3393 -0.035116
10.39394 32661 -7.4162 -0.041036
10.39620 32735 -6.3382 -0.035031
10.39846 32809 -6.1869 -0.034157
10.40071 32883 -6.5886 -0.036334
10.40296 32957 -6.3582 -0.035024
10.40520 33031 -6.3786 -0.035096
10.40744 33105 -5.0000 -0.027480
10.40970 33180 -4.8185 -0.026453
10.41193 33254 -4.7194 -0.025880
10.41418 33329 -3.8358 -0.021011
10.41643 33404 -4.6595 -0.025494
10.41870 33480 -4.9130 -0.026851
10.42094 33555 -6.0237 -0.032884
10.42320 33631 -6.6396 -0.036205
10.42543 33706 -7.7354 -0.042133
10.42768 33782 -8.1079 -0.044113
10.42993 33858 -7.6874 -0.041778
10.43217 33934 -8.4847 -0.046059
10.43444 34011 -8.8221 -0.047837
10.43667 34087 -8.3776 -0.045376
10.43893 34164 -8.8791 -0.048038
10.44118 34241 -9.7383 -0.052627
10.44343 34318 -10.1254 -0.054658
10.44567 34395 -11.1364 -0.060048
10.44793 34473 -11.5009 -0.061943
10.45019 34551 -11.0172 -0.059271
10.45242 34628 -11.8290 -0.063567
10.45467 34706 -11.6107 -0.062324
10.45691 34784 -11.1798 -0.059944
10.45918 34863 -11.4457 -0.061300
10.46142 34941 -11.4113 -0.061047
10.46367 35020 -11.6230 -0.062110
10.46593 35099 -10.2822 -0.054883
10.46818 35178 -9.7574 -0.052023
10.47042 35257 -10.0224 -0.053376
10.47266 35336 -10.0943 -0.053699
10.47492 35416 -11.9578 -0.063541
10.47718 35496 -11.6538 -0.061855
10.47943 35576 -10.7460 -0.056973
10.48167 35656 -10.6505 -0.056403
10.48391 35736 -9.9568 -0.052670
10.48618 35817 -9.3347 -0.049324
10.48841 35897 -10.1630 -0.053641
10.49066 35978 -11.7967 -0.062193
10.49291 36059 -10.8288 -0.057026
10.49516 36140 -10.0977 -0.053116
10.49742 36222 -9.2985 -0.048857
10.49966 36303 -9.1593 -0.048072
10.50191 36385 -9.0045 -0.047206
10.50416 36467 -10.1783 -0.053300
10.50641 36549 -9.3053 -0.048674
10.50865 36631 -9.5324 -0.049806
10.51091 36714 -7.8805 -0.041128
10.51314 36796 -7.8317 -0.040828
10.51540 36879 -8.6614 -0.045102
10.51765 36962 -8.2046 -0.042675
10.51992 37046 -10.2646 -0.053330
10.52215 37129 -9.6889 -0.050283
10.52441 37213 -8.9055 -0.046165
10.52664 37296 -7.8422 -0.040608
10.52889 37380 -8.3626 -0.043254
10.53116 37465 -8.6543 -0.044712
10.53340 37549 -9.0378 -0.046640
10.53564 37633 -9.9038 -0.051053
10.53789 37718 -11.5053 -0.059241
10.54014 37803 -11.7735 -0.060554
10.54239 37888 -10.7759 -0.055361
10.54466 37974 -10.5439 -0.054108
10.54689 38059 -10.7699 -0.055205
10.54915 38145 -10.1205 -0.051818
10.55140 38231 -8.8577 -0.045302
10.55365 38317 -8.6472 -0.044175
10.55589 38403 -8.6655 -0.044219
10.55815 38490 -7.8891 -0.040212
10.56039 38576 -8.3026 -0.042272
10.56264 38663 -7.2488 -0.036866
10.56489 38750 -6.2656 -0.031829
10.56713 38837 -6.2327 -0.031627
10.56939 38925 -6.6734 -0.033824
10.57162 39012 -8.2908 -0.041976
10.57388 39100 -7.8871 -0.039887
10.57613 39188 -8.4453 -0.042662
10.57839 39277 -6.9190 -0.034912
10.58063 39365 -7.4387 -0.037492
10.58289 39454 -6.7799 -0.034133
10.58512 39542 -7.2648 -0.036534
10.58739 39632 -7.0802 -0.035565
10.58964 39721 -6.4917 -0.032572
10.59187 39810 -6.3733 -0.031942
10.59413 39900 -5.9196 -0.029635
10.59638 39990 -5.4749 -0.027378
10.59863 40080 -4.8190 -0.024071
10.60088 40170 -3.8736 -0.019327
10.60311 40260 -2.1349 -0.010640
10.60537 40351 -1.2371 -0.006158
10.60762 40442 -0.3597 -0.001789
10.60987 40533 -0.3812 -0.001893
10.61211 40624 0.5540 0.002749
10.61438 40716 -0.5879 -0.002913
10.61661 40807 -0.7869 -0.003896
10.61886 40899 -0.9831 -0.004861
10.62111 40991 0.9385 0.004636
10.62337 41084 0.8406 0.004147
10.62561 41176 -0.2075 -0.001023
10.62787 41269 0.3081 0.001517
10.63012 41362 -0.2325 -0.001143
10.63236 41455 -1.1291 -0.005545
10.63460 41548 -1.7838 -0.008751
10.63686 41642 -2.1209 -0.010393
10.63912 41736 -1.3552 -0.006634
10.64137 41830 1.2147 0.005939
10.64361 41924 2.1497 0.010499
10.64585 42018 1.6537 0.008068
10.64811 42113 1.1356 0.005534
10.65037 42208 0.4572 0.002226
10.65261 42303 1.2086 0.005876
10.65486 42398 0.3506 0.001703
10.65709 42493 0.5883 0.002854
10.65935 42589 0.7044 0.003413
10.66160 42685 -0.4384 -0.002122
10.66385 42781 -0.5119 -0.002475
10.66609 42877 -0.6869 -0.003317
10.66835 42974 -0.7805 -0.003765
10.67061 43071 -0.6531 -0.003147
10.67285 43168 -1.3903 -0.006691
10.67510 43265 -1.1630 -0.005591
10.67734 43362 -0.8848 -0.004249
10.67960 43460 -0.1951 -0.000936
10.68185 43558 -0.0565 -0.000271
10.68410 43656 0.3485 0.001668
10.68634 43754 -0.6670 -0.003189
10.68860 43853 -0.7683 -0.003669
10.69085 43952 -0.1999 -0.000954
10.69310 44051 -1.3122 -0.006252
10.69535 44150 -2.4001 -0.011423
10.69759 44249 -3.5272 -0.016768
10.69985 44349 -2.9080 -0.013809
10.70210 44449 -2.3389 -0.011094
10.70434 44549 -3.8362 -0.018175
10.70659 44649 -2.9892 -0.014146
10.70885 44750 -3.0556 -0.014445
10.71108 44850 -2.4721 -0.011673
10.71333 44951 -2.8902 -0.013632
10.71559 45053 -2.6354 -0.012416
10.71783 45154 -2.9921 -0.014081
10.72009 45256 -1.8872 -0.008871
10.72234 45358 -3.0869 -0.014494
10.72459 45460 -1.0528 -0.004938
10.72683 45562 -2.5493 -0.011943
10.72909 45665 -1.7936 -0.008393
10.73132 45767 -2.2940 -0.010723
10.73359 45871 -2.1222 -0.009909
10.73583 45974 -3.5955 -0.016769
10.73807 46077 -5.2038 -0.024243
10.74032 46181 -5.7769 -0.026882
10.74257 46285 -7.9940 -0.037157
10.74482 46389 -9.4023 -0.043654
10.74708 46494 -9.9213 -0.046012
10.74931 46598 -10.0667 -0.046634
10.75156 46703 -9.9289 -0.045944
10.75383 46809 -9.3875 -0.043390
10.75607 46914 -7.4180 -0.034248
10.75833 47020 -6.7375 -0.031071
10.76056 47125 -8.0254 -0.036969
10.76283 47232 -7.7086 -0.035470
10.76507 47338 -5.8341 -0.026815
10.76733 47445 -5.0806 -0.023325
10.76956 47551 -5.2422 -0.024040
10.77181 47658 -6.5709 -0.030099
10.77407 47766 -6.0133 -0.027514
10.77631 47873 -5.7014 -0.026058
10.77856 47981 -5.2866 -0.024135
10.78081 48089 -5.9261 -0.027024
10.78305 48197 -7.3852 -0.033640
10.78531 48306 -8.1450 -0.037059
10.78756 48415 -7.7933 -0.035419
10.78981 48524 -8.4396 -0.038313
10.79206 48633 -7.6610 -0.034739
10.79430 48742 -7.9943 -0.036210
10.79655 48852 -6.9903 -0.031627
10.79880 48962 -8.1534 -0.036848
10.80104 49072 -6.5682 -0.029650
10.80330 49183 -8.4301 -0.038012
10.80556 49294 -8.3527 -0.037621
10.80781 49405 -8.1021 -0.036451
10.81005 49516 -7.3681 -0.033112
10.81229 49627 -8.3125 -0.037314
10.81454 49739 -8.9240 -0.040014
10.81679 49851 -7.6846 -0.034418
10.81904 49963 -9.1984 -0.041152
10.82130 50076 -9.9924 -0.044654
10.82355 50189 -9.3049 -0.041535
10.82580 50302 -8.6298 -0.038478
10.82804 50415 -9.4378 -0.042033
10.83030 50529 -10.6890 -0.047552
10.83254 50642 -10.4237 -0.046320
10.83479 50756 -9.6504 -0.042835
10.83705 50871 -8.2042 -0.036375
10.83929 50985 -8.7521 -0.038761
10.84154 51100 -8.2462 -0.036479
10.84379 51215 -8.0386 -0.035521
10.84603 51330 -8.2784 -0.036540
10.84829 51446 -8.0527 -0.035503
10.85054 51562 -8.2143 -0.036175
10.85279 51678 -7.9224 -0.034850
10.85503 51794 -8.5491 -0.037565
10.85729 51911 -7.8333 -0.034381
10.85954 52028 -7.7685 -0.034058
10.86178 52145 -8.0447 -0.035229
10.86402 52262 -9.5817 -0.041913
10.86628 52380 -8.3893 -0.036656
10.86853 52498 -7.0049 -0.030573
10.87078 52616 -6.5777 -0.028676
10.87303 52735 -7.8387 -0.034134
10.87527 52853 -6.9846 -0.030381
10.87752 52972 -6.6518 -0.028901
10.87978 53092 -7.0957 -0.030795
10.88202 53211 -7.4959 -0.032495
10.88427 53331 -6.9743 -0.030200
10.88652 53451 -7.0569 -0.030523
10.88876 53571 -6.5717 -0.028393
10.89102 53692 -7.2879 -0.031452
10.89327 53813 -7.4173 -0.031974
10.89552 53934 -7.0232 -0.030241
10.89778 54056 -6.5040 -0.027974
10.90001 54177 -5.8875 -0.025294
10.90226 54299 -6.3819 -0.027388
10.90452 54422 -5.6806 -0.024350
10.90676 54544 -5.6810 -0.024325
10.90902 54667 -4.7510 -0.020320
10.91126 54790 -3.6478 -0.015584
10.91351 54913 -4.6691 -0.019925
10.91576 55037 -3.5912 -0.015308
10.91801 55161 -1.1230 -0.004782
10.92026 55285 0.0921 0.000392
10.92252 55410 0.5959 0.002531
10.92475 55534 2.0451 0.008678
10.92702 55660 1.9028 0.008066
10.92926 55785 3.4542 0.014625
10.93150 55910 1.4390 0.006086
10.93375 56036 1.4324 0.006051
10.93601 56163 0.6540 0.002760
10.93825 56289 0.5245 0.002211
10.94051 56416 -0.3331 -0.001402
10.94276 56543 -0.5941 -0.002498
10.94500 56670 0.6739 0.002831
10.94726 56798 1.3809 0.005794
10.94951 56926 0.5649 0.002368
10.95175 57054 2.5159 0.010533
10.95399 57182 2.5305 0.010582
10.95625 57311 2.7125 0.011331
10.95850 57440 1.6622 0.006935
10.96074 57569 2.3159 0.009652
10.96300 57699 3.2729 0.013625
10.96525 57829 4.2170 0.017536
10.96749 57959 4.5237 0.018790
10.96975 58090 4.5335 0.018810
10.97198 58220 4.5986 0.019058
10.97425 58352 4.1026 0.016984
10.97649 58483 4.3064 0.017808
10.97875 58615 5.3931 0.022276
10.98100 58747 3.9111 0.016136
10.98324 58879 3.4404 0.014179
10.98548 59011 2.4858 0.010233
10.98773 59144 1.6209 0.006665
10.98999 59278 0.0214 0.000088
10.99223 59411 0.9543 0.003915
10.99449 59545 -0.0359 -0.000147
10.99674 59679 0.2223 0.000910
10.99898 59813 -0.2955 -0.001208
11.00123 59948 -1.2961 -0.005294
11.00348 60083 -2.3007 -0.009386
11.00573 60218 -2.0503 -0.008355
11.00798 60354 -1.3302 -0.005415
11.01023 60490 -1.0683 -0.004344
11.01248 60626 -2.0570 -0.008354
11.01472 60762 1.2284 0.004983
11.01697 60899 2.2788 0.009234
11.01922 61036 3.0882 0.012500
11.02148 61174 1.1192 0.004525
11.02373 61312 0.7981 0.003223
11.02598 61450 -0.3306 -0.001333
11.02822 61588 0.9082 0.003660
11.03048 61727 2.9006 0.011675
11.03273 61866 2.5338 0.010187
11.03497 62005 1.7658 0.007091
11.03723 62145 -0.3361 -0.001348
11.03946 62284 -1.2066 -0.004835
11.04172 62425 -2.6858 -0.010750
11.04396 62565 -2.2935 -0.009169
11.04621 62706 -3.3049 -0.013198
11.04846 62847 -4.4637 -0.017805
11.05072 62989 -4.1831 -0.016667
11.05297 63131 -3.8054 -0.015145
11.05521 63273 -4.0403 -0.016062
11.05746 63415 -5.0747 -0.020152
11.05971 63558 -5.6521 -0.022419
11.06196 63701 -5.8750 -0.023278
11.06421 63845 -4.4076 -0.017444
11.06645 63988 -2.5596 -0.010119
11.06871 64133 -3.2930 -0.013003
11.07096 64277 -3.2572 -0.012847
11.07321 64422 -3.2671 -0.012872
11.07546 64567 -4.4648 -0.017571
11.07770 64712 -5.3125 -0.020884
11.07996 64858 -4.9967 -0.019620
11.08220 65004 -5.7818 -0.022677
11.08445 65150 -8.9031 -0.034881
11.08670 65297 -9.6920 -0.037928
11.08895 65444 -8.9169 -0.034856
11.09119 65591 -8.7376 -0.034117
11.09345 65739 -6.4929 -0.025324
11.09570 65887 -4.5592 -0.017762
11.09794 66035 -4.5508 -0.017709
11.10019 66184 -3.7026 -0.014392
11.10244 66333 -1.8332 -0.007118
11.10470 66483 0.4441 0.001722
11.10694 66632 -0.6816 -0.002640
11.10919 66782 -0.0586 -0.000227
11.11145 66933 0.1465 0.000566
11.11369 67083 0.4372 0.001688
11.11593 67234 -0.5256 -0.002027
11.11819 67386 -0.8853 -0.003410
11.12045 67538 -1.3587 -0.005228
11.12269 67690 -1.1111 -0.004271
11.12494 67842 -1.5897 -0.006103
11.12719 67995 -1.1241 -0.004311
11.12944 68148 -1.5814 -0.006058
11.13168 68301 -0.2428 -0.000929
11.13393 68455 -0.4918 -0.001880
11.13618 68609 -0.1080 -0.000412
11.13844 68764 0.1979 0.000755
11.14069 68919 0.0061 0.000023
11.14293 69074 -1.1807 -0.004493
11.14518 69229 -1.4952 -0.005683
11.14743 69385 -0.6816 -0.002588
11.14967 69541 -1.5776 -0.005982
11.15193 69698 -1.2617 -0.004779
11.15418 69855 -0.3016 -0.001141
11.15642 70012 -0.3229 -0.001220
11.15868 70170 0.7284 0.002750
11.16093 70328 0.6375 0.002404
11.16317 70486 0.3296 0.001242
11.16542 70645 -2.3433 -0.008816
11.16767 70804 0.0028 0.000011
11.16991 70963 0.7182 0.002696
11.17217 71123 2.1251 0.007968
11.17441 71283 2.0266 0.007591
11.17667 71444 2.6468 0.009902
11.17892 71605 1.9309 0.007216
11.18117 71766 -1.7761 -0.006630
11.18342 71928 -2.1040 -0.007845
11.18567 72090 -3.1348 -0.011675
11.18792 72252 -3.2077 -0.011933
11.19017 72415 -3.6112 -0.013420
11.19242 72578 -3.4339 -0.012746
11.19466 72741 -5.5449 -0.020559
11.19691 72905 -5.3641 -0.019866
11.19916 73069 -6.2835 -0.023245
11.20142 73234 -7.4429 -0.027503
11.20365 73398 -6.4855 -0.023939
11.20591 73564 -7.6476 -0.028197
11.20815 73729 -9.4661 -0.034862
11.21040 73895 -9.8815 -0.036351
11.21266 74062 -10.9775 -0.040337
11.21491 74229 -9.6577 -0.035448
11.21716 74396 -8.8134 -0.032312
11.21940 74563 -8.5043 -0.031144
11.22165 74731 -6.4382 -0.023551
11.22390 74899 -6.7654 -0.024720
11.22615 75068 -6.1089 -0.022296
11.22840 75237 -6.8698 -0.025045
11.23064 75406 -8.6385 -0.031458
11.23289 75576 -7.2859 -0.026503
11.23514 75746 -6.9062 -0.025093
11.23740 75917 -7.0910 -0.025736
11.23965 76088 -7.0211 -0.025453
11.24189 76259 -5.6654 -0.020516
11.24414 76431 -5.2929 -0.019145
11.24639 76603 -5.2470 -0.018958
11.24865 76776 -5.8644 -0.021165
11.25089 76948 -6.9567 -0.025079
11.25314 77122 -7.2488 -0.026102
11.25538 77295 -6.0013 -0.021586
11.25763 77469 -6.8836 -0.024732
11.25989 77644 -5.0699 -0.018195
11.26214 77819 -5.2521 -0.018827
11.26439 77994 -7.8043 -0.027945
11.26664 78170 -8.2094 -0.029362
11.26889 78346 -8.4925 -0.030341
11.27113 78522 -8.1661 -0.029142
11.27339 78699 -8.9175 -0.031788
11.27563 78876 -9.5714 -0.034080
11.27789 79054 -9.0877 -0.032322
11.28014 79232 -9.1617 -0.032548
11.28238 79410 -8.5520 -0.030348
11.28463 79589 -8.3165 -0.029479
11.28688 79768 -7.1934 -0.025470
11.28913 79948 -7.8057 -0.027606
11.29138 80128 -7.5717 -0.026749
11.29362 80308 -5.5076 -0.019435
11.29588 80489 -4.7279 -0.016665
11.29812 80670 -4.9215 -0.017328
11.30038 80852 -5.3505 -0.018817
11.30262 81034 -4.7206 -0.016583
11.30487 81216 -3.2636 -0.011452
11.30712 81399 -3.0656 -0.010745
11.30936 81582 -1.8972 -0.006642
11.31162 81766 -3.3779 -0.011813
11.31386 81950 -6.4051 -0.022374
11.31612 82135 -6.8504 -0.023903
11.31837 82320 -6.2327 -0.021723
11.32061 82505 -7.8437 -0.027307
11.32287 82691 -7.5117 -0.026122
11.32511 82877 -8.7515 -0.030399
11.32737 83064 -9.5830 -0.033250
11.32962 83251 -8.1966 -0.028408
11.33186 83438 -9.6353 -0.033357
11.33411 83626 -9.3874 -0.032462
11.33636 83814 -8.9692 -0.030981
11.33861 84003 -10.2567 -0.035388
11.34086 84192 -11.7580 -0.040523
11.34311 84382 -11.6155 -0.039986
11.34536 84572 -11.5339 -0.039661
11.34760 84762 -8.9180 -0.030631
11.34985 84953 -5.9757 -0.020502
11.35210 85144 -7.4927 -0.025678
11.35435 85336 -8.8580 -0.030323
11.35660 85528 -8.8087 -0.030120
11.35885 85721 -10.4515 -0.035697
11.36110 85914 -10.3181 -0.035202
11.36335 86107 -11.8161 -0.040267
11.36560 86301 -13.6751 -0.046550
11.36785 86496 -15.6182 -0.053105
11.37009 86690 -13.3236 -0.045252
11.37235 86886 -12.5734 -0.042656
11.37459 87081 -14.7015 -0.049820
11.37684 87277 -13.5559 -0.045886
11.37910 87474 -13.9268 -0.047088
11.38135 87671 -11.8536 -0.040033
11.38359 87868 -11.3944 -0.038439
11.38584 88066 -12.0044 -0.040452
11.38809 88264 -12.4047 -0.041753
11.39034 88463 -11.7673 -0.039564
11.39259 88662 -11.0585 -0.037139
11.39484 88862 -11.1863 -0.037526
11.39709 89062 -12.0069 -0.040233
11.39934 89263 -12.7973 -0.042833
11.40159 89464 -12.9483 -0.043290
11.40384 89665 -14.7540 -0.049272
11.40609 89867 -11.2389 -0.037491
11.40833 90069 -11.1803 -0.037253
11.41058 90272 -8.5620 -0.028497
11.41283 90475 -6.3248 -0.021027
11.41508 90679 -6.2826 -0.020864
11.41733 90883 -7.2029 -0.023893
11.41958 91088 -6.4429 -0.021348
11.42183 91293 -7.1534 -0.023675
11.42408 91499 -7.1686 -0.023699
11.42633 91705 -8.0275 -0.026508
11.42858 91911 -8.5224 -0.028111
11.43083 92118 -9.5375 -0.031424
11.43307 92325 -8.9834 -0.029565
11.43532 92533 -8.0957 -0.026614
11.43758 92742 -8.5503 -0.028076
11.43982 92950 -9.4794 -0.031092
11.44207 93160 -8.6314 -0.028279
11.44433 93370 -8.1508 -0.026674
11.44657 93580 -7.6110 -0.024880
11.44882 93791 -7.1892 -0.023475
11.45107 94002 -8.7603 -0.028573
11.45331 94213 -9.2155 -0.030024
11.45556 94425 -9.6850 -0.031518
11.45781 94638 -9.2568 -0.030091
11.46006 94851 -10.7200 -0.034807
11.46232 95065 -11.7649 -0.038157
11.46456 95279 -11.7870 -0.038186
11.46681 95493 -10.2445 -0.033152
11.46906 95708 -9.8562 -0.031859
11.47131 95924 -11.8036 -0.038111
11.47356 96140 -11.9406 -0.038510
11.47580 96356 -10.4963 -0.033814
11.47805 96573 -10.2515 -0.032988
11.48031 96791 -12.7673 -0.041037
11.48256 97009 -14.0090 -0.044978
11.48480 97227 -15.7132 -0.050393
11.48705 97446 -16.5150 -0.052905
11.48931 97666 -14.3526 -0.045926
11.49155 97885 -11.7895 -0.037682
11.49380 98106 -11.5976 -0.037027
11.49605 98327 -13.4930 -0.043030
11.49830 98548 -14.4167 -0.045924
11.50055 98770 -13.5937 -0.043254
11.50279 98992 -12.7625 -0.040563
11.50504 99215 -13.4983 -0.042854
11.50730 99439 -13.3755 -0.042416
11.50955 99663 -13.3401 -0.042256
11.51179 99887 -12.4644 -0.039438
11.51404 100112 -12.2549 -0.038732
11.51629 100337 -13.4196 -0.042365
11.51854 100563 -13.2912 -0.041913
11.52079 100790 -14.2513 -0.044890
11.52304 101017 -14.1448 -0.044504
11.52529 101244 -13.4877 -0.042389
11.52754 101472 -12.9732 -0.040726
11.52979 101701 -11.8501 -0.037159
11.53204 101930 -11.8816 -0.037216
11.53429 102159 -13.5932 -0.042529
11.53653 102389 -16.2797 -0.050877
11.53879 102620 -18.2527 -0.056978
11.54104 102851 -16.7718 -0.052297
11.54328 103082 -16.5682 -0.051604
11.54554 103315 -14.8786 -0.046289
11.54778 103547 -15.7203 -0.048853
11.55003 103780 -13.5340 -0.042012
11.55228 104014 -12.4183 -0.038505
11.55453 104248 -11.6507 -0.036084
11.55678 104483 -10.9000 -0.033721
11.55903 104718 -11.5808 -0.035787
11.56128 104954 -10.0348 -0.030975
11.56352 105190 -11.6237 -0.035839
11.56577 105427 -10.8428 -0.033394
11.56803 105665 -12.7010 -0.039073
11.57028 105903 -11.0329 -0.033903
11.57252 106141 -9.3196 -0.028606
11.57477 106380 -8.9573 -0.027463
11.57703 106620 -11.7502 -0.035985
11.57927 106860 -12.5043 -0.038252
11.58152 107100 -13.6230 -0.041627
11.58377 107341 -11.9088 -0.036348
11.58602 107583 -12.6834 -0.038669
11.58826 107825 -13.4188 -0.040865
11.59052 108068 -15.1697 -0.046145
11.59276 108311 -15.4084 -0.046819
11.59501 108555 -14.9816 -0.045471
11.59727 108800 -16.8870 -0.051196
11.59952 109045 -18.0435 -0.054641
11.60176 109290 -15.9415 -0.048221
11.60401 109536 -16.1653 -0.048843
11.60626 109783 -16.0850 -0.048546
11.60851 110030 -17.1705 -0.051764
11.61076 110278 -16.7436 -0.050420
11.61301 110526 -17.1100 -0.051466
11.61526 110775 -18.8434 -0.056616
11.61751 111025 -20.3998 -0.061223
11.61976 111275 -16.8639 -0.050555
11.62200 111525 -15.3213 -0.045878
11.62425 111776 -15.5429 -0.046490
11.62650 112028 -17.7029 -0.052891
11.62875 112280 -19.3756 -0.057824
11.63100 112533 -18.5466 -0.055287
11.63325 112786 -16.8349 -0.050128
11.63550 113040 -17.3989 -0.051749
11.63775 113295 -15.4051 -0.045768
11.64000 113550 -16.2621 -0.048260
11.64225 113806 -16.7530 -0.049660
11.64450 114062 -15.5344 -0.045996
11.64675 114319 -16.3538 -0.048368
11.64899 114576 -15.6164 -0.046135
11.65124 114834 -17.6298 -0.052025
11.65350 115093 -17.0525 -0.050265
11.65574 115352 -19.0355 -0.056047
11.65800 115612 -20.1879 -0.059373
11.66024 115872 -19.3372 -0.056807
11.66249 116133 -17.5966 -0.051636
11.66474 116394 -16.4886 -0.048330
11.66699 116657 -16.8860 -0.049439
11.66924 116919 -16.8111 -0.049165
11.67148 117182 -19.3838 -0.056625
11.67373 117446 -15.4943 -0.045212
11.67599 117711 -13.2512 -0.038623
11.67824 117976 -12.1409 -0.035347
11.68048 118241 -12.0038 -0.034909
11.68274 118508 -10.2546 -0.029788
11.68499 118775 -13.1148 -0.038054
11.68723 119042 -13.4946 -0.039112
11.68948 119310 -14.0046 -0.040544
11.69173 119579 -13.8186 -0.039961
11.69398 119848 -12.3788 -0.035757
11.69623 120118 -11.7634 -0.033941
11.69848 120388 -10.4869 -0.030224
11.70072 120659 -8.0970 -0.023310
11.70298 120931 -8.5719 -0.024649
11.70522 121203 -8.5925 -0.024681
11.70747 121476 -6.6599 -0.019108
11.70973 121750 -5.4141 -0.015516
11.71197 122024 -4.9695 -0.014226
11.71422 122299 -5.8003 -0.016586
11.71647 122574 -6.5348 -0.018665
11.71872 122850 -3.5932 -0.010252
11.72097 123127 -5.7489 -0.016383
11.72322 123404 -4.2370 -0.012061
11.72547 123682 -5.9278 -0.016855
11.72771 123960 -5.4478 -0.015473
11.72996 124239 -7.4279 -0.021073
11.73221 124519 -9.2293 -0.026155
11.73447 124800 -9.8653 -0.027926
11.73672 125081 -9.6470 -0.027277
11.73896 125362 -5.9173 -0.016712
11.74122 125645 -5.0550 -0.014261
11.74346 125927 -6.0425 -0.017028
11.74571 126211 -6.2301 -0.017537
11.74796 126495 -6.6718 -0.018759
11.75021 126780 -8.1541 -0.022901
11.75245 127065 -7.8699 -0.022078
11.75471 127352 -9.9302 -0.027826
11.75695 127638 -13.4405 -0.037621
11.75921 127926 -14.8646 -0.041560
11.76146 128214 -13.4092 -0.037448
11.76371 128503 -14.3427 -0.040010
11.76595 128792 -15.3371 -0.042736
11.76820 129082 -17.3273 -0.048228
11.77045 129373 -18.0845 -0.050279
11.77270 129664 -16.4105 -0.045574
11.77495 129956 -18.3057 -0.050779
11.77720 130248 -16.8885 -0.046796
11.77945 130542 -17.0182 -0.047102
11.78170 130836 -17.1770 -0.047488
11.78394 131130 -16.5025 -0.045572
11.78620 131426 -18.8824 -0.052085
11.78844 131721 -18.6403 -0.051360
11.79069 132018 -19.2449 -0.052966
11.79294 132315 -19.9708 -0.054902
11.79519 132613 -19.3090 -0.053023
11.79744 132912 -19.3454 -0.053063
11.79969 133211 -17.8038 -0.048780
11.80194 133511 -17.7580 -0.048600
11.80419 133812 -17.0286 -0.046551
11.80644 134113 -15.3433 -0.041897
11.80869 134415 -16.2081 -0.044209
11.81094 134718 -14.4639 -0.039407
11.81319 135021 -13.0791 -0.035594
11.81543 135325 -12.9212 -0.035125
11.81769 135630 -13.0016 -0.035304
11.81993 135935 -14.6671 -0.039781
11.82218 136241 -13.2095 -0.035788
11.82443 136548 -12.4648 -0.033732
11.82668 136855 -12.0094 -0.032463
11.82893 137164 -9.6862 -0.026154
11.83118 137472 -9.3719 -0.025277
11.83343 137782 -10.1482 -0.027340
11.83568 138092 -8.3221 -0.022395
11.83792 138403 -7.3676 -0.019804
11.84018 138715 -6.8842 -0.018484
11.84242 139027 -4.2544 -0.011410
11.84467 139340 -3.2861 -0.008803
11.84692 139654 -2.1026 -0.005626
11.84917 139968 -1.2558 -0.003357
11.85142 140284 -1.1829 -0.003158
11.85367 140600 -0.8240 -0.002198
11.85592 140916 2.8379 0.007560
11.85817 141233 4.1286 0.010986
11.86042 141551 4.0816 0.010849
11.86267 141870 5.9633 0.015832
11.86492 142190 4.2221 0.011197
11.86717 142510 2.5711 0.006811
11.86942 142831 1.8410 0.004871
11.87166 143152 3.7981 0.010038
11.87392 143475 2.8292 0.007469
11.87616 143798 -0.2970 -0.000783
11.87841 144121 0.2941 0.000775
11.88066 144446 3.9484 0.010389
11.88291 144771 3.2684 0.008590
11.88516 145097 1.1948 0.003137
11.88741 145424 1.3743 0.003604
11.88965 145751 2.4966 0.006539
11.89191 146080 0.6382 0.001670
11.89415 146408 1.9833 0.005183
11.89640 146738 1.1964 0.003123
11.89866 147069 -1.5225 -0.003970
11.90091 147400 -1.3171 -0.003431
11.90316 147732 -2.5147 -0.006543
11.90540 148064 -4.1747 -0.010849
11.90765 148398 -4.3450 -0.011279
11.90990 148732 -1.6738 -0.004340
11.91215 149067 -0.2801 -0.000726
11.91440 149402 2.4993 0.006466
11.91665 149739 2.0525 0.005304
11.91890 150076 0.2485 0.000642
11.92115 150414 1.5158 0.003909
11.92340 150753 0.7288 0.001877
11.92564 151092 0.6999 0.001800
11.92789 151432 1.1271 0.002896
11.93014 151773 1.9440 0.004990
11.93239 152115 -0.0918 -0.000235
11.93464 152457 0.0099 0.000025
11.93689 152801 0.8881 0.002272
11.93914 153145 1.2976 0.003316
11.94139 153490 -0.8727 -0.002228
11.94364 153835 -2.9370 -0.007488
11.94589 154182 -1.1169 -0.002845
11.94814 154529 -1.2869 -0.003274
11.95039 154877 -1.9492 -0.004953
11.95264 155226 -3.7246 -0.009453
11.95488 155575 -2.4914 -0.006316
11.95713 155925 -1.7536 -0.004441
11.95938 156276 -0.7707 -0.001949
11.96163 156628 -1.4427 -0.003645
11.96388 156981 -0.9485 -0.002394
11.96613 157335 -1.2100 -0.003050
11.96838 157689 -0.2090 -0.000526
11.97063 158044 0.7323 0.001842
11.97288 158400 -2.6988 -0.006781
11.97512 158756 -2.9418 -0.007383
11.97738 159114 -4.9335 -0.012368
11.97962 159472 -2.5735 -0.006444
11.98187 159831 -6.8329 -0.017091
11.98412 160191 -8.0692 -0.020161
11.98637 160552 -4.1030 -0.010240
11.98862 160913 -2.1385 -0.005331
11.99087 161276 -1.5120 -0.003765
11.99312 161639 -0.0948 -0.000236
11.99537 162003 -1.5405 -0.003827
11.99762 162368 -2.6990 -0.006698
11.99987 162733 -0.6340 -0.001572
12.00212 163100 3.4190 0.008466
12.00437 163467 5.0686 0.012536
12.00662 163835 7.5314 0.018607
12.00886 164204 5.7262 0.014131
12.01112 164574 4.8322 0.011911
12.01336 164944 5.0895 0.012531
12.01561 165316 2.5148 0.006185
12.01786 165688 4.1150 0.010109
12.02011 166061 3.3837 0.008304
12.02236 166435 0.9052 0.002219
12.02461 166810 0.4688 0.001148
12.02686 167185 -0.1380 -0.000338
12.02911 167562 -3.3907 -0.008283
12.03136 167939 -5.0010 -0.012203
12.03360 168317 -4.7731 -0.011634
12.03585 168696 -1.2269 -0.002987
12.03810 169076 -3.0988 -0.007536
12.04035 169457 -2.5539 -0.006204
12.04260 169838 -3.0050 -0.007292
12.04485 170221 -0.8649 -0.002096
12.04710 170604 2.0788 0.005033
12.04935 170988 5.6820 0.013741
12.05160 171373 4.1190 0.009950
12.05385 171759 3.1787 0.007670
12.05610 172146 4.0902 0.009858
12.05834 172533 2.6857 0.006466
12.06060 172922 2.5730 0.006188
12.06284 173311 3.3149 0.007963
12.06509 173701 5.2597 0.012620
12.06734 174093 5.5648 0.013337
12.06959 174485 5.4928 0.013150
12.07184 174877 6.2523 0.014951
12.07409 175271 6.7433 0.016107
12.07634 175666 5.4134 0.012916
12.07859 176061 4.2722 0.010182
12.08084 176458 3.0063 0.007157
12.08309 176855 4.8347 0.011496
12.08533 177253 -1.0044 -0.002386
12.08759 177653 -7.2934 -0.017304
12.08984 178053 -7.8108 -0.018511
12.09208 178453 -10.9320 -0.025878
12.09433 178855 -10.1303 -0.023954
12.09658 179258 -4.2935 -0.010141
12.09883 179662 -4.3205 -0.010193
12.10108 180066 -4.5450 -0.010711
12.10333 180472 -5.2526 -0.012364
12.10558 180878 -3.6408 -0.008561
12.10783 181285 -1.9284 -0.004529
12.11008 181694 -2.5852 -0.006065
12.11233 182103 -4.1290 -0.009676
12.11458 182513 -5.6629 -0.013255
12.11683 182924 -6.0896 -0.014238
12.11908 183336 -6.2763 -0.014658
12.12132 183748 -7.8794 -0.018382
12.12357 184162 -11.0571 -0.025766
12.12582 184577 -8.8477 -0.020594
12.12807 184992 -7.5848 -0.017635
12.13032 185409 -7.9811 -0.018535
12.13257 185826 -4.8039 -0.011144
12.13482 186245 -3.7627 -0.008719
12.13707 186664 -1.2599 -0.002916
12.13932 187085 -0.7248 -0.001676
12.14157 187506 -2.1457 -0.004955
12.14381 187928 -1.0598 -0.002445
12.14606 188351 -1.6368 -0.003772
12.14831 188775 -0.9728 -0.002239
12.15056 189200 -1.0769 -0.002476
12.15281 189626 -1.9685 -0.004521
12.15506 190053 -4.0332 -0.009252
12.15731 190481 -3.7718 -0.008642
12.15956 190910 -2.0627 -0.004721
12.16181 191340 -1.8088 -0.004135
12.16406 191771 -1.5387 -0.003514
12.16631 192203 -1.4059 -0.003207
12.16856 192636 -3.7101 -0.008453
12.17080 193069 -4.9484 -0.011262
12.17305 193504 -1.7780 -0.004042
12.17530 193940 -1.7906 -0.004066
12.17755 194376 -3.1341 -0.007109
12.17980 194814 -2.2665 -0.005135
12.18205 195253 0.9166 0.002074
12.18430 195692 2.9304 0.006624
12.18655 196133 1.7390 0.003927
12.18880 196575 1.3995 0.003156
12.19105 197017 0.4549 0.001025
12.19330 197461 1.6329 0.003675
12.19555 197906 1.0295 0.002314
12.19779 198351 -0.2069 -0.000465
12.20004 198798 2.1053 0.004722
12.20229 199245 2.4741 0.005543
12.20454 199694 1.4972 0.003350
12.20679 200144 2.2488 0.005027
12.20904 200594 4.9099 0.010963
12.21129 201046 6.8038 0.015174
12.21354 201499 6.1529 0.013707
12.21579 201952 2.4368 0.005422
12.21804 202407 3.5403 0.007869
12.22029 202863 0.6233 0.001384
12.22254 203320 -1.7041 -0.003779
12.22479 203778 -5.0074 -0.011093
12.22703 204236 -4.5597 -0.010090
12.22928 204696 -2.8852 -0.006377
12.23153 205157 -2.2947 -0.005066
12.23378 205619 1.1984 0.002643
12.23603 206082 2.0441 0.004503
12.23828 206546 3.9640 0.008722
12.24053 207011 5.4925 0.012072
12.24278 207477 5.9200 0.012997
12.24503 207945 6.4950 0.014243
12.24728 208413 8.9612 0.019629
12.24952 208882 7.8493 0.017174
12.25177 209352 3.4941 0.007637
12.25402 209824 5.9449 0.012978
12.25627 210296 6.4631 0.014094
12.25852 210770 4.5336 0.009875
12.26077 211244 2.9984 0.006524
12.26302 211720 4.0221 0.008741
12.26527 212197 5.8550 0.012710
12.26752 212675 10.2134 0.022147
12.26977 213154 9.8807 0.021401
12.27201 213633 10.8988 0.023580
12.27427 214115 14.4617 0.031253
12.27652 214597 11.1963 0.024169
12.27877 215080 10.0315 0.021630
12.28101 215564 12.1579 0.026186
12.28327 216050 13.1813 0.028358
12.28551 216536 12.7888 0.027483
12.28776 217024 10.6512 0.022864
12.29001 217512 8.6590 0.018566
12.29226 218002 7.8285 0.016767
12.29451 218493 8.1757 0.017491
12.29676 218985 6.2696 0.013398
12.29901 219478 7.0169 0.014978
12.30126 219972 7.3453 0.015661
12.30350 220467 9.2260 0.019649
12.30576 220964 6.9965 0.014884
12.30800 221461 4.5681 0.009707
12.31025 221960 4.5132 0.009580
12.31250 222460 1.8529 0.003928
12.31475 222961 1.5760 0.003338
12.31700 223463 -1.9489 -0.004123
12.31925 223966 -2.3593 -0.004985
12.32150 224470 -2.5287 -0.005337
12.32375 224976 -3.5053 -0.007390
12.32600 225482 -3.8026 -0.008008
12.32825 225990 -6.0264 -0.012677
12.33050 226499 -2.6301 -0.005526
12.33274 227009 -3.0140 -0.006326
12.33499 227520 0.4111 0.000862
12.33724 228032 -0.9123 -0.001910
12.33949 228546 -0.7743 -0.001620
12.34174 229061 -3.7743 -0.007886
12.34399 229576 -5.2216 -0.010898
12.34624 230093 -3.8416 -0.008009
12.34849 230611 -1.9191 -0.003996
12.35074 231131 1.1563 0.002405
12.35299 231651 -0.2268 -0.000471
12.35524 232173 2.9151 0.006050
12.35748 232695 5.5909 0.011590
12.35973 233219 5.0728 0.010504
12.36199 233745 6.5816 0.013613
12.36423 234271 3.0437 0.006288
12.36648 234798 3.5542 0.007335
12.36873 235327 0.6514 0.001343
12.37098 235857 -2.2611 -0.004656
12.37323 236388 0.0892 0.000183
12.37548 236920 -0.9485 -0.001949
12.37773 237454 -5.1611 -0.010591
12.37998 237988 -6.8617 -0.014065
12.38223 238524 -10.6861 -0.021880
12.38447 239061 -11.1471 -0.022799
12.38673 239600 -13.2714 -0.027113
12.38897 240139 -21.0342 -0.042924
12.39122 240680 -20.1514 -0.041076
12.39347 241222 -19.5167 -0.039737
12.39572 241765 -14.9445 -0.030394
12.39797 242309 -11.9750 -0.024327
12.40022 242855 -8.7485 -0.017752
12.40247 243402 -11.7321 -0.023780
12.40472 243950 -12.8837 -0.026085
12.40697 244499 -12.9901 -0.026271
12.40922 245050 -13.0857 -0.026434
12.41147 245602 -17.5975 -0.035509
12.41372 246155 -19.5423 -0.039389
12.41596 246709 -16.8234 -0.033870
12.41821 247264 -15.2469 -0.030662
12.42046 247821 -15.0743 -0.030281
12.42271 248379 -16.0125 -0.032129
12.42496 248938 -14.0255 -0.028111
12.42721 249499 -12.4358 -0.024896
12.42946 250061 -13.1987 -0.026394
12.43171 250624 -11.8401 -0.023651
12.43396 251188 -9.4183 -0.018792
12.43621 251754 -13.4838 -0.026873
12.43846 252321 -16.2926 -0.032435
12.44071 252889 -14.5803 -0.028994
12.44295 253458 -14.3204 -0.028445
12.44520 254029 -15.1604 -0.030079
12.44745 254601 -16.5169 -0.032734
12.44970 255174 -12.5551 -0.024854
12.45195 255749 -16.6090 -0.032843
12.45420 256325 -17.3312 -0.034232
12.45645 256902 -19.6960 -0.038859
12.45870 257480 -17.9346 -0.035344
12.46095 258060 -16.5374 -0.032554
12.46320 258641 -15.4428 -0.030365
12.46545 259224 -15.0238 -0.029508
12.46769 259807 -16.7289 -0.032820
12.46994 260392 -13.1085 -0.025689
12.47220 260979 -13.0836 -0.025611
12.47444 261566 -13.4636 -0.026325
12.47669 262155 -9.3034 -0.018170
12.47894 262745 -9.2732 -0.018091
12.48119 263337 -10.1223 -0.019725
12.48344 263930 -13.1463 -0.025589
12.48569 264524 -10.5895 -0.020589
12.48794 265120 -11.6287 -0.022584
12.49019 265717 -11.3616 -0.022041
12.49244 266315 -10.1883 -0.019743
12.49469 266915 -9.2662 -0.017936
12.49693 267516 -11.6904 -0.022602
12.49918 268118 -10.8651 -0.020983
12.50143 268722 -8.4993 -0.016396
12.50368 269327 -10.2598 -0.019770
12.50593 269934 -10.4825 -0.020176
12.50818 270541 -10.1773 -0.019567
12.51043 271151 -9.7849 -0.018791
12.51268 271761 -9.6146 -0.018443
12.51493 272373 -6.5583 -0.012566
12.51718 272986 -5.9767 -0.011439
12.51943 273601 -8.5530 -0.016352
12.52168 274217 -6.2814 -0.011995
12.52393 274835 -7.4195 -0.014153
12.52617 275453 -7.3488 -0.014002
12.52842 276074 -9.0016 -0.017132
12.53067 276695 -9.0821 -0.017266
12.53292 277318 -11.0007 -0.020890
12.53517 277943 -9.8467 -0.018677
12.53742 278569 -7.0284 -0.013316
12.53967 279196 -8.9495 -0.016937
12.54192 279824 -2.2294 -0.004214
12.54417 280455 -2.7305 -0.005156
12.54642 281086 -0.2069 -0.000390
12.54867 281719 -2.6063 -0.004910
12.55091 282353 -4.6976 -0.008841
12.55316 282989 -4.4221 -0.008313
12.55541 283626 -7.4099 -0.013914
12.55766 284265 -6.8366 -0.012823
12.55991 284905 -10.5717 -0.019806
12.56216 285547 -13.2835 -0.024858
12.56441 286190 -15.0516 -0.028136
12.56666 286834 -13.4278 -0.025072
12.56891 287480 -17.5913 -0.032809
12.57116 288127 -13.9732 -0.026032
12.57341 288776 -18.6589 -0.034722
12.57565 289426 -16.2528 -0.030211
12.57791 290078 -17.3741 -0.032259
12.58015 290731 -23.6331 -0.043830
12.58240 291386 -22.4228 -0.041539
12.58465 292042 -23.2608 -0.043043
12.58690 292699 -25.4673 -0.047073
12.58915 293358 -24.4007 -0.045051
12.59140 294019 -25.9911 -0.047933
12.59365 294681 -26.1835 -0.048234
12.59590 295345 -26.5523 -0.048858
12.59815 296010 -25.9691 -0.047731
12.60040 296676 -25.6641 -0.047118
12.60264 297344 -22.1183 -0.040562
12.60490 298014 -24.4702 -0.044825
12.60714 298685 -27.5907 -0.050484
12.60939 299357 -27.2693 -0.049840
12.61164 300031 -28.7950 -0.052570
12.61389 300707 -25.2559 -0.046057
12.61614 301384 -23.9049 -0.043544
12.61839 302063 -18.7896 -0.034188
12.62064 302743 -21.2244 -0.038574
12.62289 303424 -21.7669 -0.039516
12.62514 304108 -20.1808 -0.036595
12.62738 304792 -20.4756 -0.037088
12.62964 305479 -18.1748 -0.032884
12.63189 306167 -17.0047 -0.030732
12.63413 306856 -18.4505 -0.033307
12.63638 307547 -18.5106 -0.033378
12.63863 308239 -17.4608 -0.031450
12.64088 308933 -15.7117 -0.028268
12.64313 309629 -17.6518 -0.031723
12.64538 310326 -17.5607 -0.031523
12.64763 311025 -19.9851 -0.035835
12.64988 311725 -21.8520 -0.039139
12.65213 312427 -22.4972 -0.040249
12.65438 313131 -19.6302 -0.035080
12.65663 313836 -22.4502 -0.040075
12.65888 314543 -22.8599 -0.040760
12.66112 315251 -19.1163 -0.034047
12.66337 315961 -16.0224 -0.028504
12.66562 316672 -17.1616 -0.030497
12.66787 317385 -18.8314 -0.033426
12.67012 318100 -19.9525 -0.035377
12.67237 318816 -20.4788 -0.036269
12.67462 319534 -20.0744 -0.035513
12.67687 320253 -19.9827 -0.035311
12.67912 320975 -20.2293 -0.035706
12.68137 321697 -21.1778 -0.037339
12.68362 322422 -21.6913 -0.038201
12.68587 323148 -19.1809 -0.033742
12.68811 323875 -17.2645 -0.030337
12.69036 324605 -12.4663 -0.021881
12.69261 325335 -11.4967 -0.020156
12.69486 326068 -12.7224 -0.022280
12.69711 326802 -15.2242 -0.026631
12.69936 327538 -11.0690 -0.019341
12.70161 328276 -9.4140 -0.016431
12.70386 329015 -10.0494 -0.017520
12.70611 329756 -8.9351 -0.015560
12.70836 330498 -4.3425 -0.007554
12.71060 331242 -5.9604 -0.010356
12.71285 331988 -5.2608 -0.009130
12.71510 332736 -2.1220 -0.003679
12.71735 333485 -4.6385 -0.008032
12.71960 334236 -5.4122 -0.009361
12.72185 334988 -6.4926 -0.011218
12.72410 335743 -4.2745 -0.007377
12.72635 336499 -3.0959 -0.005337
12.72860 337256 3.5141 0.006051
12.73085 338016 1.6473 0.002833
12.73310 338777 4.2888 0.007369
12.73535 339540 4.3360 0.007441
12.73759 340304 0.6295 0.001079
12.73985 341071 -0.3406 -0.000583
12.74210 341839 2.2936 0.003923
12.74434 342608 1.8447 0.003151
12.74659 343380 -1.9961 -0.003406
12.74884 344153 0.8677 0.001479
12.75109 344928 -0.6019 -0.001025
12.75334 345705 -3.4079 -0.005796
12.75559 346483 -1.9588 -0.003328
12.75784 347263 -1.8925 -0.003212
12.76009 348045 -2.3237 -0.003939
12.76234 348829 -4.8180 -0.008158
12.76458 349614 -7.2857 -0.012322
12.76683 350401 -14.3881 -0.024306
12.76908 351190 -10.7117 -0.018075
12.77133 351981 -10.1882 -0.017173
12.77358 352774 -6.9433 -0.011690
12.77583 353568 -7.8568 -0.013213
12.77808 354364 -10.0610 -0.016901
12.78033 355162 -7.9876 -0.013403
12.78258 355962 -14.5795 -0.024437
12.78483 356763 -14.9345 -0.025004
12.78708 357567 -17.7559 -0.029694
12.78933 358372 -21.3687 -0.035695
12.79158 359179 -18.8676 -0.031482
12.79383 359988 -23.1699 -0.038617
12.79607 360798 -19.5251 -0.032506
12.79832 361611 -19.0762 -0.031723
12.80057 362425 -18.2787 -0.030362
12.80282 363241 -19.6677 -0.032633
12.80507 364059 -21.9194 -0.036328
12.80732 364879 -24.3080 -0.040241
12.80957 365700 -23.2287 -0.038412
12.81182 366524 -23.4050 -0.038660
12.81407 367349 -20.0626 -0.033102
12.81632 368176 -17.3205 -0.028545
12.81857 369005 -12.1242 -0.019959
12.82081 369836 -15.5811 -0.025621
12.82306 370669 -13.9839 -0.022969
12.82531 371503 -12.6948 -0.020828
12.82756 372340 -14.3873 -0.023578
12.82981 373178 -15.2747 -0.025004
12.83206 374019 -12.2049 -0.019957
12.83431 374861 -12.8010 -0.020908
12.83656 375705 -11.0044 -0.017953
12.83881 376551 -13.2834 -0.021647
12.84106 377399 -11.5701 -0.018834
12.84331 378248 -10.8604 -0.017659
12.84556 379100 -8.6052 -0.013976
12.84781 379954 -12.0732 -0.019586
12.85005 380809 -8.8279 -0.014306
12.85230 381667 -8.1168 -0.013138
12.85455 382526 -8.0417 -0.013002
12.85680 383388 -7.0339 -0.011360
12.85905 384251 -4.6732 -0.007539
12.86130 385116 -6.8906 -0.011104
12.86355 385983 -11.2844 -0.018163
12.86580 386852 -5.4866 -0.008821
12.86805 387723 -7.6726 -0.012322
12.87030 388596 -7.5308 -0.012081
12.87254 389471 -7.7296 -0.012386
12.87479 390348 -10.1272 -0.016209
12.87704 391227 -9.6761 -0.015470
12.87929 392108 -11.8125 -0.018864
12.88154 392991 -10.3657 -0.016535
12.88379 393876 -8.2008 -0.013067
12.88604 394763 -7.4432 -0.011847
12.88829 395652 -10.1496 -0.016136
12.89054 396543 -13.2021 -0.020965
12.89279 397436 -14.4302 -0.022890
12.89504 398331 -13.1151 -0.020780
12.89729 399228 -9.4326 -0.014929
12.89953 400126 -7.2570 -0.011473
12.90178 401027 -9.3401 -0.014749
12.90403 401930 -12.7127 -0.020052
12.90628 402835 -14.6602 -0.023098
12.90853 403743 -13.3470 -0.021005
12.91078 404652 -15.1863 -0.023873
12.91303 405563 -14.1902 -0.022282
12.91528 406476 -13.4140 -0.021040
12.91753 407391 -11.0431 -0.017302
12.91978 408309 -10.3238 -0.016156
12.92203 409228 -10.9167 -0.017065
12.92428 410149 -13.7604 -0.021486
12.92653 411073 -13.0254 -0.020316
12.92878 411999 -14.5436 -0.022658
12.93102 412926 -14.7887 -0.023014
12.93327 413856 -13.7425 -0.021362
12.93552 414788 -12.6468 -0.019637
12.93777 415722 -13.7818 -0.021375
12.94002 416658 -9.3236 -0.014444
12.94227 417596 -7.8769 -0.012189
12.94452 418536 -4.6545 -0.007195
12.94677 419479 -5.7778 -0.008921
12.94902 420423 -2.0000 -0.003084
12.95127 421370 -5.3334 -0.008216
12.95352 422319 -5.3042 -0.008162
12.95577 423270 -2.1443 -0.003296
12.95801 424223 -2.9591 -0.004543
12.96026 425178 -0.6043 -0.000927
12.96251 426136 -3.1729 -0.004861
12.96476 427095 -6.8811 -0.010529
12.96701 428057 -9.2785 -0.014182
12.96926 429021 -8.3422 -0.012736
12.97151 429987 -16.9526 -0.025853
12.97376 430955 -16.5351 -0.025188
12.97601 431925 -12.7083 -0.019337
12.97826 432898 -11.9727 -0.018197
12.98051 433873 -12.0921 -0.018358
12.98275 434849 -10.6013 -0.016076
12.98501 435829 -14.1163 -0.021383
12.98725 436810 -6.5359 -0.009889
12.98950 437794 -10.1755 -0.015379
12.99175 438779 -10.7206 -0.016184
12.99400 439767 -11.9517 -0.018023
12.99625 440758 -15.6140 -0.023519
12.99850 441750 -12.1450 -0.018273
13.00075 442745 -14.0593 -0.021129
13.00300 443742 -9.9026 -0.014866
13.00525 444741 -8.6545 -0.012977
13.00750 445742 -8.1576 -0.012219
13.00975 446746 -3.7802 -0.005656
13.01199 447752 0.6150 0.000919
13.01424 448760 1.3252 0.001978
13.01649 449771 -5.2155 -0.007777
13.01874 450783 -6.0496 -0.009010
13.02099 451798 -8.6905 -0.012929
13.02324 452816 -6.6179 -0.009835
13.02549 453835 -11.3973 -0.016918
13.02774 454857 -14.5709 -0.021605
13.02999 455881 -14.3718 -0.021286
13.03224 456908 -12.5093 -0.018506
13.03449 457937 -13.2990 -0.019652
13.03674 458968 -16.4945 -0.024347
13.03898 460001 -20.5582 -0.030311
13.04123 461037 -20.8715 -0.030739
13.04348 462075 -21.8303 -0.032115
13.04573 463116 -22.8108 -0.033519
13.04798 464158 -26.9765 -0.039596
13.05023 465204 -25.2430 -0.037010
13.05248 466251 -24.1751 -0.035404
13.05473 467301 -20.7156 -0.030304
13.05698 468353 -21.4961 -0.031410
13.05923 469408 -25.8659 -0.037753
13.06148 470465 -30.2638 -0.044122
13.06373 471524 -33.8718 -0.049327
13.06598 472586 -37.0713 -0.053926
13.06822 473650 -32.5870 -0.047350
13.07047 474716 -31.7697 -0.046110
13.07272 475785 -28.6546 -0.041542
13.07497 476857 -27.3974 -0.039675
13.07722 477930 -20.7679 -0.030041
13.07947 479007 -22.6217 -0.032685
13.08172 480085 -19.6602 -0.028375
13.08397 481166 -19.6887 -0.028384
13.08622 482250 -18.6863 -0.026908
13.08847 483335 -19.6998 -0.028336
13.09072 484424 -20.4441 -0.029373
13.09297 485515 -18.6198 -0.026722
13.09521 486608 -20.2673 -0.029054
13.09746 487703 -20.9517 -0.030001
13.09971 488802 -19.7532 -0.028253
13.10196 489902 -21.2066 -0.030298
13.10421 491005 -25.3398 -0.036163
13.10646 492111 -24.5879 -0.035050
13.10871 493219 -20.1622 -0.028709
13.11096 494330 -21.9143 -0.031169
13.11321 495443 -23.4118 -0.033261
13.11546 496558 -19.9536 -0.028316
13.11770 497676 -22.5226 -0.031926
13.11995 498797 -26.9340 -0.038136
13.12220 499920 -25.0196 -0.035386
13.12445 501046 -26.9656 -0.038095
13.12670 502174 -31.4642 -0.044401
13.12895 503305 -32.1827 -0.045364
13.13120 504438 -33.8113 -0.047606
13.13345 505574 -37.0453 -0.052100
13.13570 506712 -36.4263 -0.051172
13.13795 507853 -37.7317 -0.052947
13.14020 508997 -33.0493 -0.046324
13.14245 510143 -40.6059 -0.056852
13.14470 511292 -38.0711 -0.053243
13.14694 512443 -34.1703 -0.047734
13.14919 513597 -35.3147 -0.049277
13.15144 514753 -37.6368 -0.052458
13.15369 515912 -35.7483 -0.049770
13.15594 517074 -34.2794 -0.047671
13.15819 518238 -32.5265 -0.045183
13.16044 519405 -31.8084 -0.044136
13.16269 520575 -30.3887 -0.042118
13.16494 521747 -31.5392 -0.043664
13.16719 522922 -31.2717 -0.043245
13.16944 524099 -33.8860 -0.046807
13.17168 525279 -29.2477 -0.040355
13.17393 526462 -27.9697 -0.038548
13.17618 527648 -32.5696 -0.044837
13.17843 528836 -34.0926 -0.046881
13.18068 530026 -31.0526 -0.042653
13.18293 531220 -32.8183 -0.045028
13.18518 532416 -34.6006 -0.047420
13.18743 533615 -36.5259 -0.050002
13.18968 534816 -40.1629 -0.054919
13.19193 536021 -37.5753 -0.051323
13.19418 537228 -31.8634 -0.043472
13.19643 538437 -29.6106 -0.040353
13.19868 539650 -26.7298 -0.036386
13.20092 540865 -26.2227 -0.035656
13.20317 542083 -21.0470 -0.028586
13.20542 543303 -15.7550 -0.021375
13.20767 544527 -13.4465 -0.018222
13.20992 545753 -12.3533 -0.016722
13.21217 546982 -9.4770 -0.012814
13.21442 548213 -10.3419 -0.013968
13.21667 549448 -9.6969 -0.013082
13.21892 550685 -12.6753 -0.017081
13.22117 551925 -13.2716 -0.017864
13.22342 553168 -12.7814 -0.017185
13.22567 554413 -7.9765 -0.010713
13.22792 555662 -9.3779 -0.012581
13.23016 556913 -3.9392 -0.005279
13.23241 558167 -2.0336 -0.002722
13.23466 559424 0.6464 0.000864
13.23691 560683 4.5187 0.006035
13.23916 561946 1.6729 0.002232
13.24141 563211 4.2568 0.005672
13.24366 564479 1.9116 0.002544
13.24591 565750 3.2529 0.004325
13.24816 567024 9.9904 0.013267
13.25041 568301 10.0156 0.013286
13.25266 569581 15.7644 0.020888
13.25490 570863 16.7547 0.022175
13.25715 572149 22.8987 0.030273
13.25940 573437 28.8684 0.038122
13.26165 574728 27.6691 0.036498
13.26390 576022 27.2420 0.035894
13.26615 577319 28.0056 0.036858
13.26840 578619 27.9081 0.036689
13.27065 579922 33.5970 0.044118
13.27290 581228 40.6507 0.053321
13.27515 582537 46.8895 0.061435
13.27740 583848 47.8647 0.062642
13.27965 585163 49.5277 0.064746
13.28190 586481 45.7397 0.059726
13.28414 587801 52.2144 0.068104
13.28639 589125 48.3308 0.062968
13.28864 590451 43.6760 0.056840
13.29089 591781 38.7851 0.050418
13.29314 593113 34.4165 0.044689
13.29539 594449 40.1851 0.052120
13.29764 595787 39.1199 0.050682
13.29989 597129 37.9247 0.049078
13.30214 598473 35.9122 0.046422
13.30439 599821 38.0238 0.049096
13.30664 601172 40.2507 0.051913
13.30888 602525 35.3969 0.045601
13.31113 603882 34.7923 0.044772
13.31338 605242 32.7254 0.042065
13.31563 606604 32.4635 0.041681
13.31788 607970 31.1073 0.039895
13.32013 609339 27.3004 0.034974
13.32238 610711 25.2189 0.032271
13.32463 612087 24.4008 0.031189
13.32688 613465 27.3180 0.034878
13.32913 614846 26.1011 0.033287
13.33138 616231 28.8263 0.036721
13.33363 617618 25.2971 0.032189
13.33588 619009 16.1467 0.020523
13.33812 620403 17.6857 0.022454
13.34037 621800 25.6114 0.032479
13.34262 623200 23.4177 0.029664
13.34487 624603 21.5687 0.027291
13.34712 626009 29.7982 0.037662
13.34937 627419 30.7767 0.038855
13.35162 628832 34.8429 0.043939
13.35387 630248 36.2268 0.045633
13.35612 631667 37.7197 0.047460
13.35837 633089 32.8728 0.041315
13.36062 634515 34.5383 0.043359
13.36286 635943 28.4559 0.035683
13.36511 637375 34.2997 0.042963
13.36736 638811 33.5706 0.042002
13.36961 640249 32.1335 0.040159
13.37186 641691 33.4858 0.041802
13.37411 643135 24.8075 0.030934
13.37636 644584 22.1350 0.027570
13.37861 646035 20.3153 0.025275
13.38086 647490 18.1472 0.022552
13.38311 648948 19.9029 0.024707
13.38536 650409 13.8188 0.017135
13.38761 651873 14.5461 0.018016
13.38985 653341 7.5677 0.009363
13.39210 654812 15.5407 0.019205
13.39435 656287 9.9101 0.012233
13.39660 657765 8.4369 0.010403
13.39885 659246 8.1297 0.010013
13.40110 660730 8.8008 0.010827
13.40335 662218 11.0303 0.013555
13.40560 663709 3.2385 0.003975
13.40785 665203 2.9069 0.003564
13.41010 666701 3.9079 0.004786
13.41235 668203 8.1072 0.009918
13.41460 669707 6.2845 0.007679
13.41684 671215 7.1173 0.008687
13.41909 672726 8.8460 0.010785
13.42134 674241 10.1099 0.012312
13.42359 675759 9.9725 0.012131
13.42584 677281 10.6224 0.012907
13.42809 678806 3.1538 0.003828
13.43034 680335 -2.6538 -0.003217
13.43259 681866 0.3339 0.000404
13.43484 683402 -3.8377 -0.004642
13.43709 684941 -7.1771 -0.008672
13.43934 686483 -6.0150 -0.007260
13.44159 688029 -5.8258 -0.007024
13.44384 689578 -10.2440 -0.012336
13.44608 691131 -8.0162 -0.009642
13.44833 692687 -10.3587 -0.012446
13.45058 694247 -13.1245 -0.015752
13.45283 695810 -12.3794 -0.014841
13.45508 697377 -6.7998 -0.008143
13.45733 698947 -2.7957 -0.003344
13.45958 700521 -5.9201 -0.007073
13.46183 702098 -7.0819 -0.008452
13.46408 703679 -10.8939 -0.012987
13.46633 705263 -1.5689 -0.001868
13.46858 706851 0.9054 0.001077
13.47082 708443 2.0195 0.002399
13.47307 710038 1.6827 0.001997
13.47532 711637 4.8629 0.005765
13.47757 713239 16.0724 0.019031
13.47982 714845 11.9887 0.014180
13.48207 716455 14.9620 0.017676
13.48432 718068 14.2372 0.016801
13.48657 719685 13.5978 0.016029
13.48882 721306 10.5769 0.012454
13.49107 722930 17.3003 0.020347
13.49332 724558 11.3415 0.013324
13.49557 726189 11.0067 0.012916
13.49781 727824 10.3204 0.012097
13.50006 729463 10.3937 0.012169
13.50231 731106 13.7656 0.016099
13.50456 732752 14.1846 0.016571
13.50681 734402 6.3309 0.007388
13.50906 736056 6.0570 0.007060
13.51131 737713 3.3665 0.003920
13.51356 739374 5.9132 0.006877
13.51581 741039 9.9900 0.011605
13.51806 742707 9.2747 0.010762
13.52031 744380 3.3344 0.003865
13.52256 746056 0.7694 0.000891
13.52481 747736 1.4000 0.001619
13.52705 749419 1.4307 0.001653
13.52930 751107 2.6671 0.003077
13.53155 752798 -0.0429 -0.000049
13.53380 754493 -2.5940 -0.002986
13.53605 756192 1.2243 0.001408
13.53830 757895 -1.6895 -0.001941
13.54055 759601 -3.8864 -0.004459
13.54280 761312 -4.7582 -0.005453
13.54505 763026 -13.9845 -0.016010
13.54730 764744 -10.1542 -0.011611
13.54955 766466 -5.4559 -0.006232
13.55179 768192 -8.6994 -0.009926
13.55404 769922 -10.7389 -0.012239
13.55629 771655 -6.2733 -0.007141
13.55854 773393 -7.1184 -0.008094
13.56079 775134 -6.3547 -0.007218
13.56304 776880 -7.6428 -0.008671
13.56529 778629 -14.1680 -0.016056
13.56754 780382 -10.6243 -0.012027
13.56979 782139 -13.5846 -0.015360
13.57204 783901 -15.0008 -0.016943
13.57429 785666 -15.2570 -0.017213
13.57654 787435 -19.5127 -0.021989
13.57879 789208 -15.8576 -0.017850
13.58103 790985 -14.5539 -0.016364
13.58328 792766 -18.4456 -0.020717
13.58553 794551 -25.2437 -0.028320
13.58778 796340 -21.9206 -0.024564
13.59003 798133 -12.7259 -0.014245
13.59228 799930 -10.3355 -0.011556
13.59453 801732 -8.7161 -0.009734
13.59678 803537 -5.3667 -0.005987
13.59903 805346 -7.5773 -0.008444
13.60128 807160 -9.3028 -0.010355
13.60353 808977 -7.8204 -0.008695
13.60578 810799 -10.3770 -0.011524
13.60802 812624 -8.5006 -0.009430
13.61027 814454 -11.0727 -0.012269
13.61252 816288 -5.7912 -0.006410
13.61477 818126 0.7697 0.000851
13.61702 819968 -0.0738 -0.000082
13.61927 821815 -4.9935 -0.005508
13.62152 823665 -1.2843 -0.001415
13.62377 825520 1.2746 0.001403
13.62602 827379 0.8861 0.000974
13.62827 829242 -4.0361 -0.004432
13.63052 831109 -7.9344 -0.008703
13.63276 832980 -7.0141 -0.007685
13.63501 834856 -5.6172 -0.006148
13.63726 836736 -5.8540 -0.006400
13.63951 838620 -1.3455 -0.001469
13.64176 840508 -1.6187 -0.001766
13.64401 842401 -2.5607 -0.002790
13.64626 844297 4.7263 0.005144
13.64851 846199 9.7202 0.010567
13.65076 848104 7.0303 0.007634
13.65301 850014 0.4945 0.000536
13.65526 851928 0.4739 0.000513
13.65751 853846 -3.9223 -0.004245
13.65975 855768 -4.0361 -0.004363
13.66200 857695 1.6697 0.001803
13.66425 859627 6.8269 0.007363
13.66650 861562 2.5346 0.002731
13.66875 863502 1.5127 0.001628
13.67100 865447 -3.9124 -0.004206
13.67325 867395 2.0355 0.002186
13.67550 869348 1.8713 0.002007
13.67775 871306 -1.9864 -0.002128
13.68000 873268 -1.3241 -0.001417
13.68225 875234 -9.3538 -0.009998
13.68450 877205 -2.6410 -0.002820
13.68674 879180 -12.5187 -0.013351
13.68899 881160 -15.3691 -0.016373
13.69124 883144 -10.5495 -0.011226
13.69349 885133 -10.7611 -0.011438
13.69574 887126 -7.3910 -0.007847
13.69799 889123 -7.5372 -0.007993
13.70024 891125 -1.9558 -0.002072
13.70249 893132 -7.3825 -0.007812
13.70474 895143 -9.6909 -0.010243
13.70699 897158 -14.4100 -0.015214
13.70924 899178 -20.0376 -0.021131
13.71149 901203 -23.8373 -0.025110
13.71373 903232 -20.9181 -0.022010
13.71598 905266 -19.0161 -0.019986
13.71823 907305 -19.7578 -0.020743
13.72048 909348 -12.9840 -0.013616
13.72273 911395 -7.8791 -0.008253
13.72498 913447 -11.8017 -0.012348
13.72723 915504 -16.4432 -0.017185
13.72948 917566 -14.4817 -0.015118
13.73173 919632 -19.0515 -0.019867
13.73398 921702 -25.7452 -0.026816
13.73623 923778 -21.9746 -0.022863
13.73848 925858 -24.9047 -0.025883
13.74073 927943 -18.9039 -0.019624
13.74297 930032 -15.9752 -0.016565
13.74522 932126 -15.4398 -0.015992
13.74747 934225 -19.2731 -0.019940
13.74972 936329 -9.8799 -0.010210
13.75197 938437 -8.7741 -0.009057
13.75422 940550 -8.7504 -0.009023
13.75647 942668 -8.7254 -0.008987
13.75872 944791 -1.6443 -0.001692
13.76097 946918 -5.6302 -0.005786
13.76322 949050 -1.5952 -0.001637
13.76547 951187 0.4443 0.000456
13.76772 953329 -4.0793 -0.004178
13.76996 955475 -5.0984 -0.005216
13.77221 957627 -11.5981 -0.011852
13.77446 959783 -6.1351 -0.006262
13.77671 961944 -9.6043 -0.009792
13.77896 964110 -8.1390 -0.008289
13.78121 966281 -8.8916 -0.009045
13.78346 968457 -0.5244 -0.000533
13.78571 970638 -10.5834 -0.010742
13.78796 972823 -10.8900 -0.011041
13.79021 975014 -10.6956 -0.010832
13.79246 977209 -14.9652 -0.015139
13.79471 979410 -16.3495 -0.016520
13.79695 981615 -17.0265 -0.017185
13.79920 983825 -18.4319 -0.018583
13.80145 986041 -15.7159 -0.015827
13.80370 988261 -12.2080 -0.012280
13.80595 990486 -10.9298 -0.010982
13.80820 992716 -6.8526 -0.006878
13.81045 994952 -2.8874 -0.002895
13.81270 997192 -0.6441 -0.000645
13.81495 999437 -5.1952 -0.005197
13.81720 1001688 -2.5293 -0.002527
13.81945 1003943 -7.8287 -0.007813
13.82170 1006204 -7.2601 -0.007238
13.82394 1008470 -6.1147 -0.006089
13.82619 1010740 -0.8448 -0.000840
13.82844 1013016 -3.0473 -0.003028
13.83069 1015297 -7.2893 -0.007234
13.83294 1017583 -11.3903 -0.011291
13.83519 1019875 -13.1871 -0.013058
13.83744 1022171 -20.4800 -0.020257
13.83969 1024473 -13.4394 -0.013278
13.84194 1026780 -15.3522 -0.015151
13.84419 1029092 -17.4502 -0.017202
13.84644 1031409 -13.9505 -0.013736
13.84869 1033731 -16.3753 -0.016106
13.85093 1036059 -19.4623 -0.019121
13.85318 1038392 -24.3735 -0.023919
13.85543 1040730 -28.3438 -0.027784
13.85768 1043073 -29.5780 -0.028961
13.85993 1045422 -28.8949 -0.028260
13.86218 1047776 -29.8557 -0.029167
13.86443 1050135 -29.4706 -0.028759
13.86668 1052500 -20.3919 -0.019877
13.86893 1054870 -18.3644 -0.017880
13.87118 1057245 -19.4887 -0.018954
13.87343 1059626 -13.7057 -0.013314
13.87568 1062012 -2.4078 -0.002336
13.87792 1064403 -9.4266 -0.009137
13.88017 1066800 -12.2564 -0.011866
13.88242 1069202 -14.6374 -0.014156
13.88467 1071609 -12.2650 -0.011848
13.88692 1074022 -7.9445 -0.007666
13.88917 1076441 -7.8667 -0.007582
13.89142 1078864 -18.4843 -0.017796
13.89367 1081294 -13.5403 -0.013021
13.89592 1083728 -13.6187 -0.013082
13.89817 1086169 -11.6422 -0.011171
13.90042 1088614 -16.8508 -0.016150
13.90267 1091066 -18.0155 -0.017247
13.90491 1093522 -23.7731 -0.022734
13.90716 1095985 -28.0816 -0.026824
13.90941 1098452 -27.7297 -0.026458
13.91166 1100926 -24.9203 -0.023751
13.91391 1103405 -27.8799 -0.026541
13.91616 1105889 -28.8308 -0.027416
13.91841 1108379 -24.7869 -0.023544
13.92066 1110875 -21.1316 -0.020049
13.92291 1113377 -20.0718 -0.019022
13.92516 1115883 -28.5114 -0.026990
13.92741 1118396 -26.2315 -0.024804
13.92965 1120914 -24.8347 -0.023457
13.93190 1123438 -28.2109 -0.026616
13.93415 1125968 -21.0610 -0.019848
13.93640 1128503 -26.7944 -0.025223
13.93865 1131044 -26.9703 -0.025360
13.94090 1133591 -25.9812 -0.024402
13.94315 1136144 -26.0716 -0.024460
13.94540 1138702 -31.0444 -0.029092
13.94765 1141266 -41.5359 -0.038880
13.94990 1143836 -47.4259 -0.044344
13.95215 1146411 -47.5200 -0.044382
13.95440 1148993 -56.3754 -0.052593
13.95665 1151580 -52.7132 -0.049122
13.95889 1154173 -60.1836 -0.056020
13.96114 1156772 -60.7325 -0.056467
13.96339 1159376 -56.1130 -0.052114
13.96564 1161987 -63.2746 -0.058699
13.96789 1164603 -62.1976 -0.057635
13.97014 1167226 -62.9613 -0.058277
13.97239 1169854 -67.0435 -0.061986
13.97464 1172488 -64.4776 -0.059546
13.97689 1175128 -69.1517 -0.063791
13.97914 1177774 -69.2607 -0.063820
13.98139 1180426 -67.9658 -0.062556
13.98364 1183084 -61.5500 -0.056587
13.98588 1185748 -55.7059 -0.051157
13.98813 1188418 -58.2714 -0.053453
13.99038 1191094 -66.9753 -0.061368
13.99263 1193776 -66.7072 -0.061054
13.99488 1196464 -69.4709 -0.063512
13.99713 1199158 -72.9618 -0.066628
13.99938 1201858 -64.6638 -0.058984
14.00163 1204565 -59.2791 -0.054012
14.00388 1207277 -60.8828 -0.055410
14.00613 1209995 -65.7142 -0.059740
14.00838 1212720 -58.1290 -0.052785
14.01063 1215451 -54.3699 -0.049316
14.01287 1218187 -55.5413 -0.050322
14.01512 1220930 -51.8567 -0.046931
14.01737 1223680 -51.8436 -0.046866
14.01962 1226435 -52.7533 -0.047635
14.02187 1229196 -49.8548 -0.044967
14.02412 1231964 -48.3015 -0.043517
14.02637 1234738 -37.4658 -0.033717
14.02862 1237519 -26.4715 -0.023796
14.03087 1240305 -27.7626 -0.024928
14.03312 1243098 -26.1243 -0.023431
14.03537 1245897 -19.4893 -0.017460
14.03762 1248702 -20.8905 -0.018695
14.03986 1251514 -14.4791 -0.012943
14.04211 1254332 -16.2018 -0.014466
14.04436 1257156 -15.1806 -0.013539
14.04661 1259987 -10.9905 -0.009791
14.04886 1262824 -11.1188 -0.009894
14.05111 1265668 -6.9362 -0.006165
14.05336 1268518 -1.0740 -0.000954
14.05561 1271374 -0.4758 -0.000422
14.05786 1274237 -1.0158 -0.000900
14.06011 1277106 4.7971 0.004245
14.06236 1279982 2.3278 0.002058
14.06461 1282864 -0.2352 -0.000208
14.06685 1285752 4.2503 0.003748
14.06910 1288648 3.0403 0.002678
14.07135 1291549 -1.9475 -0.001714
14.07360 1294457 -0.4199 -0.000369
14.07585 1297372 4.1566 0.003649
14.07810 1300293 0.6203 0.000544
14.08035 1303221 -0.7244 -0.000635
14.08260 1306156 1.1386 0.000996
14.08485 1309097 -8.8341 -0.007721
14.08710 1312044 -7.0243 -0.006132
14.08935 1314999 -7.6110 -0.006637
14.09160 1317960 -6.5582 -0.005713
14.09384 1320927 -12.7061 -0.011055
14.09609 1323902 -16.0826 -0.013977
14.09834 1326883 -21.5284 -0.018689
14.10059 1329871 -25.3613 -0.021992
14.10284 1332865 -28.0445 -0.024292
14.10509 1335866 -30.4730 -0.026365
14.10734 1338874 -38.1311 -0.032954
14.10959 1341889 -36.1698 -0.031224
14.11184 1344910 -41.5544 -0.035832
14.11409 1347939 -49.2516 -0.042421
14.11634 1350974 -47.8640 -0.041180
14.11859 1354016 -46.0821 -0.039602
14.12083 1357065 -49.0108 -0.042072
14.12308 1360120 -46.1796 -0.039597
14.12533 1363183 -46.5424 -0.039863
14.12758 1366253 -46.9227 -0.040144
14.12983 1369329 -49.4148 -0.042228
14.13208 1372412 -47.3795 -0.040443
14.13433 1375502 -50.6400 -0.043178
14.13658 1378600 -52.8264 -0.044992
14.13883 1381704 -56.3208 -0.047914
14.14108 1384815 -53.7631 -0.045687
14.14333 1387933 -52.2596 -0.044359
14.14558 1391058 -54.2447 -0.045992
14.14782 1394191 -50.0586 -0.042395
14.15007 1397330 -47.2462 -0.039968
14.15232 1400476 -38.6235 -0.032637
14.15457 1403630 -32.0399 -0.027044
14.15682 1406790 -25.3771 -0.021396
14.15907 1409958 -26.4083 -0.022240
14.16132 1413133 -34.1841 -0.028756
14.16357 1416315 -33.6768 -0.028298
14.16582 1419504 -32.5465 -0.027317
14.16807 1422700 -29.0744 -0.024376
14.17032 1425904 -32.9305 -0.027577
14.17257 1429114 -31.3063 -0.026188
14.17481 1432332 -25.6729 -0.021451
14.17706 1435558 -31.8635 -0.026594
14.17931 1438790 -31.3731 -0.026155
14.18156 1442030 -27.6100 -0.022992
14.18381 1445277 -22.1587 -0.018432
14.18606 1448531 -28.6397 -0.023796
14.18831 1451793 -35.9972 -0.029876
14.19056 1455062 -31.2889 -0.025939
14.19281 1458338 -40.5532 -0.033581
14.19506 1461622 -41.8732 -0.034635
14.19731 1464913 -33.5096 -0.027686
14.19956 1468211 -27.7898 -0.022935
14.20180 1471517 -25.4880 -0.021011
14.20405 1474831 -23.0925 -0.019015
14.20630 1478152 -23.0498 -0.018959
14.20855 1481480 -23.3491 -0.019183
14.21080 1484816 -29.9250 -0.024558
14.21305 1488159 -28.8071 -0.023614
14.21530 1491510 -31.0876 -0.025455
14.21755 1494869 -29.1309 -0.023826
14.21980 1498235 -24.0260 -0.019629
14.22205 1501608 -20.8469 -0.017012
14.22430 1504989 -24.5702 -0.020028
14.22655 1508378 -16.5981 -0.013515
14.22880 1511775 -18.8312 -0.015316
14.23104 1515179 -12.9804 -0.010545
14.23329 1518590 -15.1161 -0.012266
14.23554 1522010 -10.4217 -0.008448
14.23779 1525437 -4.5526 -0.003686
14.24004 1528872 0.3939 0.000319
14.24229 1532314 6.1470 0.004966
14.24454 1535765 4.2080 0.003396
14.24679 1539223 7.8129 0.006297
14.24904 1542689 10.4282 0.008396
14.25129 1546162 11.6457 0.009366
14.25354 1549644 6.2690 0.005036
14.25578 1553133 7.0391 0.005648
14.25803 1556630 3.6211 0.002902
14.26028 1560135 10.0527 0.008048
14.26253 1563648 15.5031 0.012398
14.26478 1567169 17.3019 0.013821
14.26703 1570698 22.1010 0.017635
14.26928 1574235 25.9061 0.020648
14.27153 1577779 35.9867 0.028650
14.27378 1581332 35.2912 0.028064
14.27603 1584893 35.1244 0.027900
14.27828 1588461 29.3855 0.023315
14.28053 1592038 31.4835 0.024952
14.28277 1595623 30.5428 0.024179
14.28502 1599216 21.4690 0.016977
14.28727 1602817 24.5273 0.019373
14.28952 1606426 23.8145 0.018789
14.29177 1610043 31.1519 0.024551
14.29402 1613668 25.6038 0.020156
14.29627 1617302 22.3354 0.017563
14.29852 1620943 23.7913 0.018687
14.30077 1624593 24.7152 0.019391
14.30302 1628251 27.1026 0.021240
14.30527 1631918 28.0788 0.021980
14.30752 1635592 34.7765 0.027192
14.30976 1639275 36.6502 0.028625
14.31201 1642966 30.7781 0.024012
14.31426 1646666 29.3191 0.022848
14.31651 1650374 22.1850 0.017269
14.31876 1654090 11.0709 0.008608
14.32101 1657814 17.0667 0.013255
14.32326 1661547 19.5690 0.015181
14.32551 1665289 14.1848 0.010992
14.32776 1669038 1.8503 0.001432
14.33001 1672796 0.6766 0.000523
14.33226 1676563 2.0200 0.001560
14.33451 1680338 -2.4464 -0.001887
14.33675 1684122 -8.1190 -0.006256
14.33900 1687914 -17.3112 -0.013325
14.34125 1691715 -17.0863 -0.013137
14.34350 1695524 -18.7529 -0.014402
14.34575 1699342 -16.2288 -0.012449
14.34800 1703168 -12.8555 -0.009851
14.35025 1707003 -10.9777 -0.008402
14.35250 1710847 -8.6743 -0.006632
14.35475 1714699 -5.2312 -0.003995
14.35700 1718560 0.8149 0.000622
14.35925 1722430 -6.6165 -0.005041
14.36150 1726308 -7.1120 -0.005413
14.36374 1730195 -7.7928 -0.005924
14.36599 1734091 -4.0714 -0.003092
14.36824 1737996 5.0287 0.003814
14.37049 1741909 6.0484 0.004583
14.37274 1745831 -1.1270 -0.000853
14.37499 1749763 -10.3211 -0.007803
14.37724 1753702 -4.1252 -0.003115
14.37949 1757651 -10.7039 -0.008074
14.38174 1761609 -11.6061 -0.008744
14.38399 1765576 -16.6599 -0.012538
14.38624 1769551 -18.1133 -0.013617
14.38849 1773536 -13.7410 -0.010318
14.39073 1777529 -13.5666 -0.010176
14.39298 1781532 -9.0638 -0.006791
14.39523 1785543 -19.9290 -0.014914
14.39748 1789564 -20.3314 -0.015198
14.39973 1793593 -24.7037 -0.018446
14.40198 1797632 -26.1589 -0.019511
14.40423 1801679 -26.7720 -0.019945
14.40648 1805736 -34.7356 -0.025849
14.40873 1809802 -33.7319 -0.025074
14.41098 1813877 -46.7800 -0.034734
14.41323 1817962 -41.1863 -0.030546
14.41548 1822055 -52.3590 -0.038789
14.41772 1826158 -55.6171 -0.041157
14.41997 1830270 -46.0764 -0.034058
14.42222 1834391 -42.7117 -0.031536
14.42447 1838522 -51.4228 -0.037925
14.42672 1842661 -54.5406 -0.040179
14.42897 1846811 -48.0002 -0.035321
14.43122 1850969 -40.7171 -0.029928
14.43347 1855137 -41.8416 -0.030720
14.43572 1859314 -42.2515 -0.030986
14.43797 1863501 -42.3328 -0.031011
14.44022 1867697 -49.6657 -0.036342
14.44247 1871902 -47.9593 -0.035053
14.44471 1876117 -37.7614 -0.027569
14.44696 1880342 -31.8635 -0.023237
14.44921 1884576 -27.5993 -0.020104
14.45146 1888819 -17.8322 -0.012975
14.45371 1893072 -26.8394 -0.019507
14.45596 1897335 -31.7858 -0.023076
14.45821 1901607 -33.8095 -0.024518
14.46046 1905889 -31.2529 -0.022638
14.46271 1910180 -22.7903 -0.016490
14.46496 1914481 -13.9748 -0.010100
14.46721 1918792 -3.5628 -0.002572
14.46946 1923113 -1.4681 -0.001059
14.47170 1927443 -8.6510 -0.006231
14.47395 1931783 -6.8315 -0.004915
14.47620 1936133 0.7593 0.000546
14.47845 1940493 3.3769 0.002424
14.48070 1944862 7.6391 0.005478
14.48295 1949241 2.1913 0.001570
14.48520 1953630 3.6540 0.002614
14.48745 1958029 8.1243 0.005806
14.48970 1962438 25.9272 0.018508
14.49195 1966857 32.6266 0.023264
14.49420 1971286 26.1106 0.018597
14.49645 1975725 29.7872 0.021192
14.49869 1980173 18.8275 0.013380
14.50094 1984632 19.0434 0.013518
14.50319 1989101 24.1149 0.017098
14.50544 1993580 23.9822 0.016985
14.50769 1998069 36.2273 0.025629
14.50994 2002568 42.1679 0.029798
14.51219 2007077 37.4120 0.026408
14.51444 2011596 33.1729 0.023389
14.51669 2016126 35.1323 0.024743
14.51894 2020665 35.8877 0.025246
14.52119 2025215 46.1826 0.032452
14.52344 2029775 46.1086 0.032364
14.52568 2034346 41.4093 0.029033
14.52793 2038927 37.7237 0.026419
14.53018 2043518 35.7210 0.024988
14.53243 2048119 37.9459 0.026515
14.53468 2052731 32.0863 0.022395
14.53693 2057353 31.7826 0.022158
14.53918 2061986 32.4768 0.022617
14.54143 2066628 39.5756 0.027529
14.54368 2071282 35.1150 0.024399
14.54593 2075946 38.1377 0.026470
14.54818 2080620 29.6256 0.020539
14.55043 2085305 17.9652 0.012441
14.55268 2090001 26.3156 0.018203
14.55492 2094707 30.7153 0.021222
14.55717 2099423 29.9778 0.020690
14.55942 2104151 39.1465 0.026987
14.56167 2108889 40.7800 0.028081
14.56392 2113637 38.1508 0.026241
14.56617 2118396 34.3776 0.023620
14.56842 2123166 35.3297 0.024246
14.57067 2127947 41.9613 0.028765
14.57292 2132739 31.7275 0.021725
14.57517 2137541 29.8237 0.020399
14.57742 2142354 30.1471 0.020597
14.57966 2147178 36.9089 0.025188
14.58191 2152013 37.5527 0.025599
14.58416 2156858 45.2264 0.030795
14.58641 2161715 25.8693 0.017595
14.58866 2166583 24.9987 0.016984
14.59091 2171461 27.5482 0.018695
14.59316 2176350 20.5125 0.013904
14.59541 2181251 18.5519 0.012561
14.59766 2186162 7.9506 0.005377
14.59991 2191085 1.2101 0.000817
14.60216 2196019 14.9269 0.010073
14.60441 2200964 19.3714 0.013057
14.60665 2205919 12.5760 0.008467
14.60890 2210886 12.3174 0.008284
14.61115 2215865 7.1225 0.004785
14.61340 2220854 11.9430 0.008014
14.61565 2225855 16.1405 0.010819
14.61790 2230867 19.5419 0.013084
14.62015 2235890 15.3572 0.010270
14.62240 2240925 21.9205 0.014643
14.62465 2245971 31.1855 0.020809
14.62690 2251028 33.5966 0.022393
14.62915 2256096 34.0350 0.022659
14.63140 2261176 38.5976 0.025668
14.63364 2266268 37.8472 0.025141
14.63589 2271371 22.3941 0.014859
14.63814 2276485 23.8358 0.015798
14.64039 2281611 33.1015 0.021914
14.64264 2286749 29.1997 0.019309
14.64489 2291898 28.4302 0.018779
14.64714 2297059 23.9601 0.015809
14.64939 2302231 22.5234 0.014844
14.65164 2307415 10.4768 0.006897
14.65389 2312610 6.7937 0.004467
14.65614 2317818 10.1869 0.006691
14.65839 2323037 15.6077 0.010240
14.66063 2328267 22.3652 0.014657
14.66288 2333510 15.8408 0.010370
14.66513 2338764 17.0349 0.011139
14.66738 2344031 22.1127 0.014443
14.66963 2349309 17.6732 0.011530
14.67188 2354599 18.7937 0.012248
14.67413 2359900 16.3132 0.010619
14.67638 2365214 12.9976 0.008451
14.67863 2370540 11.1652 0.007252
14.68088 2375878 17.2938 0.011220
14.68313 2381227 18.4722 0.011971
14.68538 2386589 19.3631 0.012534
14.68762 2391963 15.0347 0.009721
14.68987 2397349 18.1977 0.011753
14.69212 2402747 19.7131 0.012717
14.69437 2408158 15.4084 0.009929
14.69662 2413580 13.9563 0.008983
14.69887 2419015 10.3338 0.006644
14.70112 2424462 16.3983 0.010532
14.70337 2429921 10.8553 0.006964
14.70562 2435392 9.0602 0.005806
14.70787 2440876 -6.6226 -0.004239
14.71012 2446372 -0.7591 -0.000485
14.71237 2451881 8.5105 0.005435
14.71461 2457401 8.6638 0.005527
14.71686 2462935 11.2340 0.007158
14.71911 2468481 -0.5996 -0.000382
14.72136 2474039 -6.0819 -0.003867
14.72361 2479610 5.2724 0.003348
14.72586 2485193 -11.4726 -0.007277
14.72811 2490789 -10.5880 -0.006709
14.73036 2496397 -21.4415 -0.013571
14.73261 2502018 -9.5669 -0.006048
14.73486 2507652 -19.4233 -0.012266
14.73711 2513299 -29.0230 -0.018307
14.73936 2518958 -28.0566 -0.017678
14.74161 2524630 -34.2770 -0.021573
14.74385 2530315 -42.6123 -0.026788
14.74610 2536012 -33.9974 -0.021349
14.74835 2541722 -35.7301 -0.022411
14.75060 2547446 -38.1474 -0.023901
14.75285 2553182 -33.5745 -0.021012
14.75510 2558931 -28.5500 -0.017847
14.75735 2564693 -27.3746 -0.017093
14.75960 2570468 -25.7887 -0.016085
14.76185 2576255 -19.7802 -0.012324
14.76410 2582056 -24.6556 -0.015344
14.76635 2587870 -34.1828 -0.021249
14.76860 2593698 -25.4360 -0.015794
14.77084 2599538 -34.6407 -0.021485
14.77309 2605391 -44.1629 -0.027360
14.77534 2611258 -40.1269 -0.024832
14.77759 2617137 -30.2349 -0.018689
14.77984 2623030 -22.1569 -0.013681
14.78209 2628937 -11.9526 -0.007372
14.78434 2634856 -11.6907 -0.007202
14.78659 2640789 1.9768 0.001216
14.78884 2646735 -6.3773 -0.003920
14.79109 2652695 4.8275 0.002964
14.79334 2658668 5.4818 0.003362
14.79559 2664655 4.5338 0.002777
14.79783 2670655 8.7718 0.005368
14.80008 2676668 12.0673 0.007376
14.80233 2682695 18.9833 0.011590
14.80458 2688736 10.3145 0.006290
14.80683 2694790 4.7477 0.002892
14.80908 2700858 10.0558 0.006119
14.81133 2706940 14.0273 0.008526
14.81358 2713035 17.3437 0.010530
14.81583 2719144 17.1627 0.010408
14.81808 2725266 15.5789 0.009437
14.82033 2731403 15.6946 0.009496
14.82258 2737553 17.6466 0.010665
14.82482 2743717 24.5237 0.014805
14.82707 2749895 25.1137 0.015144
14.82932 2756087 13.3930 0.008067
14.83157 2762293 20.7541 0.012487
14.83382 2768513 14.8223 0.008908
14.83607 2774747 19.5409 0.011731
14.83832 2780995 26.7574 0.016045
14.84057 2787257 19.7606 0.011836
14.84282 2793533 15.7996 0.009453
14.84507 2799823 13.6002 0.008128
14.84732 2806127 13.5112 0.008066
14.84957 2812446 19.7094 0.011753
14.85181 2818779 15.1359 0.009015
14.85406 2825126 11.3179 0.006734
14.85631 2831487 11.1016 0.006597
14.85856 2837863 1.5608 0.000927
14.86081 2844253 -6.7830 -0.004022
14.86306 2850657 -6.0939 -0.003609
14.86531 2857076 -0.2639 -0.000156
14.86756 2863509 -8.2323 -0.004865
14.86981 2869957 -9.5242 -0.005622
14.87206 2876419 -2.3085 -0.001361
14.87431 2882896 -2.0468 -0.001205
14.87655 2889387 8.5664 0.005040
14.87880 2895894 6.1836 0.003634
14.88105 2902414 6.9101 0.004056
14.88330 2908950 4.9713 0.002915
14.88555 2915500 9.8094 0.005745
14.88780 2922064 -9.3822 -0.005489
14.89005 2928644 -12.9202 -0.007550
14.89230 2935238 -12.8335 -0.007491
14.89455 2941848 -14.5027 -0.008455
14.89680 2948472 -5.1968 -0.003026
14.89905 2955111 0.3857 0.000224
14.90130 2961765 -4.9297 -0.002864
14.90355 2968434 -7.9551 -0.004617
14.90579 2975118 -10.8799 -0.006308
14.90804 2981817 -5.1062 -0.002957
14.91029 2988531 -10.6087 -0.006137
14.91254 2995261 -8.7476 -0.005054
14.91479 3002005 -21.0980 -0.012177
14.91704 3008765 -29.9823 -0.017285
14.91929 3015539 -17.3996 -0.010020
14.92154 3022329 -23.6234 -0.013588
14.92379 3029135 -26.8482 -0.015426
14.92604 3035956 -21.3328 -0.012243
14.92829 3042792 -28.9466 -0.016594
14.93054 3049643 -27.8393 -0.015942
14.93278 3056510 -22.8030 -0.013043
14.93503 3063392 -21.0533 -0.012029
14.93728 3070290 -32.4111 -0.018497
14.93953 3077203 -21.8527 -0.012457
14.94178 3084132 -25.3401 -0.014429
14.94403 3091077 -24.6809 -0.014038
14.94628 3098037 -35.3868 -0.020105
14.94853 3105013 -49.7103 -0.028211
14.95078 3112005 -49.3839 -0.027994
14.95303 3119012 -51.4181 -0.029114
14.95528 3126035 -41.3177 -0.023369
14.95753 3133074 -30.7755 -0.017387
14.95977 3140129 -38.5833 -0.021773
14.96202 3147199 -25.8336 -0.014562
14.96427 3154286 -17.9412 -0.010102
14.96652 3161388 -24.8558 -0.013979
14.96877 3168507 -27.0166 -0.015178
14.97102 3175641 -26.6335 -0.014946
14.97327 3182792 -16.3022 -0.009138
14.97552 3189959 -16.0452 -0.008984
14.97777 3197141 -16.3648 -0.009152
14.98002 3204340 -11.2628 -0.006292
14.98227 3211556 -14.2734 -0.007965
14.98452 3218787 -6.8949 -0.003843
14.98676 3226035 -10.7227 -0.005970
14.98901 3233299 -2.5291 -0.001406
14.99126 3240579 -8.3052 -0.004614
14.99351 3247876 -20.4599 -0.011353
14.99576 3255189 -24.9625 -0.013836
14.99801 3262519 -31.9894 -0.017710
15.00026 3269865 -24.9163 -0.013779
15.00251 3277228 -27.0699 -0.014953
15.00476 3284607 -26.3597 -0.014544
15.00701 3292003 -20.5605 -0.011332
15.00926 3299416 -30.2276 -0.016641
15.01151 3306845 -27.4772 -0.015110
15.01375 3314291 -31.7669 -0.017449
15.01600 3321754 -25.4427 -0.013960
15.01825 3329234 -29.9740 -0.016428
15.02050 3336730 -42.9971 -0.023538
15.02275 3344243 -36.9473 -0.020204
15.02500 3351773 -46.2800 -0.025279
15.02725 3359321 -41.6028 -0.022698
15.02950 3366885 -44.4336 -0.024216
15.03175 3374466 -40.9115 -0.022271
15.03400 3382064 -56.4389 -0.030689
15.03625 3389680 -62.6421 -0.034024
15.03850 3397312 -59.1815 -0.032108
15.04074 3404962 -53.5182 -0.029003
15.04299 3412629 -55.4842 -0.030035
15.04524 3420313 -44.3585 -0.023985
15.04749 3428015 -32.0592 -0.017315
15.04974 3435734 -34.1865 -0.018444
15.05199 3443470 -32.2570 -0.017383
15.05424 3451223 -37.2800 -0.020067
15.05649 3458995 -30.1780 -0.016226
15.05874 3466783 -32.8705 -0.017654
15.06099 3474589 -28.4712 -0.015274
15.06324 3482413 -20.4225 -0.010944
15.06549 3490254 -19.2623 -0.010310
15.06773 3498113 -23.1918 -0.012400
15.06998 3505990 -27.2100 -0.014532
15.07223 3513885 -35.5190 -0.018948
15.07448 3521797 -34.9652 -0.018632
15.07673 3529727 -33.4613 -0.017810
15.07898 3537675 -8.3454 -0.004437
15.08123 3545640 -2.1728 -0.001154
15.08348 3553624 -14.9635 -0.007938
15.08573 3561626 -5.8321 -0.003090
15.08798 3569646 -22.9156 -0.012129
15.09023 3577683 -19.3832 -0.010248
15.09248 3585739 -19.1775 -0.010128
15.09472 3593813 -10.3586 -0.005464
15.09697 3601905 -8.1788 -0.004309
15.09922 3610016 -12.8973 -0.006788
15.10147 3618144 -22.9869 -0.012085
15.10372 3626291 -9.9478 -0.005224
15.10597 3634457 -12.0802 -0.006337
15.10822 3642640 -15.8328 -0.008296
15.11047 3650843 -12.3085 -0.006442
15.11272 3659063 -7.4022 -0.003870
15.11497 3667302 -12.8410 -0.006705
15.11722 3675560 -5.8031 -0.003027
15.11947 3683836 -7.8665 -0.004099
15.12171 3692131 -17.0539 -0.008875
15.12396 3700445 -12.5638 -0.006531
15.12621 3708777 -13.6470 -0.007086
15.12846 3717128 -7.3840 -0.003830
15.13071 3725498 1.6147 0.000837
15.13296 3733887 -12.4979 -0.006468
15.13521 3742294 0.0254 0.000013
15.13746 3750721 5.1506 0.002659
15.13971 3759166 12.8009 0.006602
15.14196 3767631 -6.7318 -0.003468
15.14421 3776114 -1.2213 -0.000629
15.14646 3784617 -4.9247 -0.002531
15.14870 3793139 -4.1044 -0.002107
15.15095 3801680 -8.8708 -0.004550
15.15320 3810240 -20.1048 -0.010300
15.15545 3818819 -18.3125 -0.009371
15.15770 3827418 -17.9310 -0.009165
15.15995 3836036 -12.0814 -0.006168
15.16220 3844674 -14.3676 -0.007328
15.16445 3853331 -13.8703 -0.007066
15.16670 3862008 -27.1522 -0.013816
15.16895 3870704 -25.7422 -0.013084
15.17120 3879419 -29.4097 -0.014932
15.17345 3888155 -6.2619 -0.003176
15.17569 3896910 -6.2609 -0.003172
15.17794 3905684 -7.0198 -0.003552
15.18019 3914479 -7.5805 -0.003831
15.18244 3923293 -9.1456 -0.004617
15.18469 3932127 -22.7409 -0.011468
15.18694 3940981 -25.7357 -0.012964
15.18919 3949855 -15.9248 -0.008013
15.19144 3958749 -6.6888 -0.003362
15.19369 3967663 -17.4128 -0.008742
15.19594 3976597 -22.6874 -0.011377
15.19819 3985551 -26.6576 -0.013353
15.20044 3994525 -29.6883 -0.014854
15.20268 4003520 -36.2230 -0.018104
15.20493 4012534 -38.7673 -0.019353
15.20718 4021569 -56.8053 -0.028326
15.20943 4030625 -51.7161 -0.025760
15.21168 4039700 -55.0801 -0.027404
15.21393 4048797 -65.1500 -0.032378
15.21618 4057913 -76.4223 -0.037937
15.21843 4067050 -69.3005 -0.034363
15.22068 4076208 -79.5625 -0.039408
15.22293 4085387 -83.6452 -0.041383
15.22518 4094586 -70.7340 -0.034956
15.22743 4103805 -60.6195 -0.029924
15.22967 4113046 -65.5499 -0.032321
15.23192 4122307 -71.2185 -0.035077
15.23417 4131589 -61.0442 -0.030032
15.23642 4140893 -66.0307 -0.032449
15.23867 4150217 -76.7779 -0.037688
15.24092 4159562 -80.7343 -0.039585
15.24317 4168928 -78.2993 -0.038348
15.24542 4178315 -81.8833 -0.040059
15.24767 4187723 -76.2877 -0.037279
15.24992 4197153 -78.5658 -0.038349
15.25217 4206603 -89.7722 -0.043770
15.25442 4216075 -104.4293 -0.050859
15.25666 4225569 -99.3367 -0.048324
15.25891 4235083 -96.0875 -0.046691
15.26116 4244620 -95.6950 -0.046448
15.26341 4254177 -94.2932 -0.045716
15.26566 4263756 -96.6591 -0.046811
15.26791 4273357 -96.8364 -0.046844
15.27016 4282979 -102.0912 -0.049330
15.27241 4292623 -117.7703 -0.056843
15.27466 4302289 -118.2658 -0.057018
15.27691 4311976 -109.5363 -0.052750
15.27916 4321686 -112.4060 -0.054071
15.28141 4331417 -108.3727 -0.052072
15.28365 4341170 -95.9995 -0.046075
15.28590 4350945 -100.3050 -0.048087
15.28815 4360742 -102.7482 -0.049203
15.29040 4370561 -99.0851 -0.047396
15.29265 4380402 -109.8041 -0.052464
15.29490 4390266 -97.7822 -0.046667
15.29715 4400151 -111.9479 -0.053368
15.29940 4410059 -93.2090 -0.044385
15.30165 4419989 -93.7129 -0.044575
15.30390 4429942 -104.3769 -0.049591
15.30615 4439916 -90.4646 -0.042933
15.30840 4449914 -80.3138 -0.038073
15.31064 4459934 -93.4591 -0.044255
15.31289 4469976 -91.6950 -0.043370
15.31514 4480041 -95.1147 -0.044937
15.31739 4490129 -79.9309 -0.037721
15.31964 4500239 -72.3301 -0.034096
15.32189 4510372 -63.6815 -0.029985
15.32414 4520528 -55.7882 -0.026239
15.32639 4530707 -44.6342 -0.020969
15.32864 4540909 -41.2466 -0.019356
15.33089 4551134 -39.7775 -0.018646
15.33314 4561382 -35.0897 -0.016430
15.33539 4571653 -38.3655 -0.017943
15.33763 4581946 -29.2181 -0.013650
15.33988 4592264 -26.5135 -0.012372
15.34213 4602604 -36.4994 -0.017013
15.34438 4612968 -28.1872 -0.013124
15.34663 4623355 -26.5732 -0.012359
15.34888 4633765 -29.8196 -0.013853
15.35113 4644199 -25.5273 -0.011845
15.35338 4654656 -30.9547 -0.014348
15.35563 4665137 -45.8778 -0.021241
15.35788 4675642 -39.5704 -0.018300
15.36013 4686170 -54.6393 -0.025240
15.36238 4696722 -59.6433 -0.027521
15.36462 4707297 -53.2389 -0.024538
15.36687 4717897 -64.2278 -0.029570
15.36912 4728520 -57.8930 -0.026623
15.37137 4739167 -64.3331 -0.029552
15.37362 4749838 -56.5332 -0.025940
15.37587 4760534 -49.7028 -0.022780
15.37812 4771253 -38.3755 -0.017569
15.38037 4781996 -50.7226 -0.023195
15.38262 4792764 -54.5138 -0.024901
15.38487 4803556 -21.7413 -0.009920
15.38712 4814372 -13.4949 -0.006150
15.38937 4825212 -13.3775 -0.006090
15.39161 4836077 -7.6550 -0.003481
15.39386 4846967 -25.6260 -0.011640
15.39611 4857881 -18.2622 -0.008286
15.39836 4868819 -31.4283 -0.014243
15.40061 4879782 -29.1780 -0.013209
15.40286 4890770 -34.7216 -0.015700
15.40511 4901783 -48.6547 -0.021976
15.40736 4912820 -55.6721 -0.025117
15.40961 4923882 -40.3909 -0.018202
15.41186 4934969 -40.4614 -0.018214
15.41411 4946081 -59.5505 -0.026777
15.41636 4957218 -54.5165 -0.024486
15.41860 4968381 -53.7819 -0.024128
15.42085 4979568 -47.1274 -0.021119
15.42310 4990780 -46.8876 -0.020988
15.42535 5002018 -51.3276 -0.022950
15.42760 5013281 -62.6407 -0.027977
15.42985 5024570 -50.6593 -0.022600
15.43210 5035883 -51.2624 -0.022843
15.43435 5047223 -48.1976 -0.021454
15.43660 5058587 -53.9918 -0.024006
15.43885 5069978 -56.1419 -0.024934
15.44110 5081394 -61.9217 -0.027470
15.44335 5092836 -64.7969 -0.028713
15.44559 5104303 -59.2798 -0.026238
15.44784 5115797 -53.4069 -0.023612
15.45009 5127316 -61.4157 -0.027123
15.45234 5138861 -60.5092 -0.026692
15.45459 5150432 -68.6452 -0.030247
15.45684 5162029 -72.9421 -0.032105
15.45909 5173653 -77.7695 -0.034191
15.46134 5185302 -85.5774 -0.037581
15.46359 5196978 -81.5276 -0.035763
15.46584 5208680 -76.2667 -0.033417
15.46809 5220408 -78.7273 -0.034457
15.47034 5232163 -94.8786 -0.041479
15.47258 5243944 -82.6535 -0.036094
15.47483 5255752 -74.9403 -0.032689
15.47708 5267587 -65.0117 -0.028326
15.47933 5279448 -80.2850 -0.034941
15.48158 5291335 -98.8794 -0.042986
15.48383 5303250 -93.5547 -0.040625
15.48608 5315191 -98.7655 -0.042840
15.48833 5327159 -101.7489 -0.044084
15.49058 5339154 -88.0591 -0.038110
15.49283 5351177 -82.8113 -0.035799
15.49508 5363226 -72.0473 -0.031110
15.49733 5375302 -67.3447 -0.029047
15.49957 5387406 -71.2747 -0.030708
15.50182 5399537 -70.0032 -0.030126
15.50407 5411695 -56.2929 -0.024198
15.50632 5423880 -69.4583 -0.029824
15.50857 5436093 -59.5128 -0.025525
15.51082 5448334 -66.4740 -0.028479
15.51307 5460602 -81.1593 -0.034731
15.51532 5472897 -79.9351 -0.034169
15.51757 5485221 -79.8936 -0.034113
15.51982 5497572 -82.7111 -0.035276
15.52207 5509951 -70.6693 -0.030106
15.52432 5522357 -52.5268 -0.022352
15.52656 5534792 -58.3586 -0.024806
15.52881 5547255 -57.3977 -0.024370
15.53106 5559745 -46.0920 -0.019548
15.53331 5572264 -39.6533 -0.016798
15.53556 5584811 -41.4507 -0.017540
15.53781 5597387 -28.0037 -0.011836
15.54006 5609990 -25.2618 -0.010666
15.54231 5622622 -18.6963 -0.007885
15.54456 5635283 -17.9529 -0.007563
15.54681 5647972 -21.4633 -0.009031
15.54906 5660689 2.0653 0.000868
15.55131 5673435 7.4837 0.003142
15.55355 5686210 30.1635 0.012649
15.55580 5699014 34.8028 0.014579
15.55805 5711846 45.0167 0.018836
15.56030 5724708 25.9548 0.010848
15.56255 5737598 33.0906 0.013815
15.56480 5750517 38.3602 0.015997
15.56705 5763466 34.6997 0.014454
15.56930 5776443 40.6104 0.016897
15.57155 5789450 18.6951 0.007770
15.57380 5802486 23.0628 0.009574
15.57605 5815552 23.5295 0.009757
15.57830 5828647 30.8036 0.012759
15.58054 5841771 24.6586 0.010202
15.58279 5854925 32.7618 0.013540
15.58504 5868108 31.9064 0.013171
15.58729 5881322 31.7998 0.013113
15.58954 5894565 35.9321 0.014800
15.59179 5907837 40.9715 0.016857
15.59404 5921140 30.2946 0.012450
15.59629 5934473 31.0399 0.012742
15.59854 5947835 36.0031 0.014763
15.60079 5961228 29.5332 0.012096
15.60304 5974651 40.6158 0.016616
15.60529 5988104 35.4372 0.014482
15.60753 6001587 7.6423 0.003120
15.60978 6015101 12.4351 0.005070
15.61203 6028645 11.1150 0.004527
15.61428 6042220 11.8065 0.004803
15.61653 6055825 1.7466 0.000710
15.61878 6069461 0.3936 0.000160
15.62103 6083128 -1.6083 -0.000652
15.62328 6096825 -1.3765 -0.000557
15.62553 6110553 -11.7392 -0.004749
15.62778 6124313 -17.6065 -0.007114
15.63003 6138103 -15.1858 -0.006129
15.63228 6151924 -11.0901 -0.004471
15.63452 6165776 -7.0821 -0.002852
15.63677 6179660 -11.6532 -0.004688
15.63902 6193574 12.0097 0.004826
15.64127 6207520 17.3598 0.006968
15.64352 6221498 22.4155 0.008987
15.64577 6235507 30.3051 0.012136
15.64802 6249547 27.8524 0.011141
15.65027 6263619 14.6249 0.005844
15.65252 6277723 -0.7978 -0.000318
15.65477 6291859 -8.4710 -0.003377
15.65702 6306026 -10.0167 -0.003989
15.65927 6320225 -5.2896 -0.002104
15.66151 6334457 -17.0287 -0.006766
15.66376 6348720 -22.4052 -0.008892
15.66601 6363015 -36.0067 -0.014274
15.66826 6377343 -35.2112 -0.013943
15.67051 6391703 -61.5740 -0.024355
15.67276 6406095 -67.3826 -0.026623
15.67501 6420520 -71.3567 -0.028161
15.67726 6434977 -66.3250 -0.026146
15.67951 6449466 -69.2828 -0.027281
15.68176 6463989 -75.1509 -0.029559
15.68401 6478543 -83.1468 -0.032667
15.68626 6493131 -64.5639 -0.025337
15.68850 6507752 -64.4603 -0.025268
15.69075 6522405 -61.4966 -0.024080
15.69300 6537092 -67.9748 -0.026586
15.69525 6551811 -70.2352 -0.027439
15.69750 6566564 -64.7523 -0.025269
15.69975 6581350 -60.4079 -0.023547
15.70200 6596169 -58.8611 -0.022918
15.70425 6611022 -47.9655 -0.018655
15.70650 6625908 -47.5853 -0.018486
15.70875 6640827 -38.8148 -0.015062
15.71100 6655780 -36.1116 -0.013997
15.71325 6670767 -23.7252 -0.009186
15.71549 6685788 -24.3692 -0.009425
15.71774 6700842 -7.0909 -0.002739
15.71999 6715931 -12.3963 -0.004783
15.72224 6731053 -23.4031 -0.009021
15.72449 6746209 -23.3245 -0.008980
15.72674 6761400 -16.2361 -0.006244
15.72899 6776624 -23.0615 -0.008859
15.73124 6791883 -12.6097 -0.004838
15.73349 6807176 -31.9764 -0.012256
15.73574 6822504 -24.9346 -0.009546
15.73799 6837866 -19.2513 -0.007362
15.74024 6853263 -22.2098 -0.008484
15.74248 6868695 -42.9205 -0.016377
15.74473 6884161 -48.1283 -0.018343
15.74698 6899662 -34.3471 -0.013076
15.74923 6915198 -36.9576 -0.014054
15.75148 6930769 -47.8324 -0.018169
15.75373 6946375 -40.9496 -0.015537
15.75598 6962016 -41.7059 -0.015806
15.75823 6977692 -28.8808 -0.010933
15.76048 6993404 -49.3967 -0.018679
15.76273 7009151 -33.6350 -0.012705
15.76498 7024933 -35.7366 -0.013483
15.76723 7040752 -34.7663 -0.013102
15.76947 7056605 -35.3767 -0.013317
15.77172 7072495 -18.7760 -0.007060
15.77397 7088420 -43.8089 -0.016455
15.77622 7104381 -51.5635 -0.019345
15.77847 7120378 -51.1533 -0.019170
15.78072 7136410 -55.6952 -0.020849
15.78297 7152480 -67.8157 -0.025357
15.78522 7168585 -65.6597 -0.024523
15.78747 7184726 -60.4613 -0.022557
15.78972 7200904 -61.1436 -0.022785
15.79197 7217118 -53.6624 -0.019975
15.79422 7233369 -33.6734 -0.012520
15.79646 7249657 -20.0657 -0.007452
15.79871 7265981 -31.0316 -0.011512
15.80096 7282341 -32.3328 -0.011981
15.80321 7298739 -18.8640 -0.006982
15.80546 7315174 3.0207 0.001117
15.80771 7331645 23.7503 0.008771
15.80996 7348154 28.4542 0.010497
15.81221 7364700 13.4913 0.004971
15.81446 7381283 18.1096 0.006666
15.81671 7397903 26.1217 0.009604
15.81896 7414561 47.8242 0.017563
15.82121 7431256 56.9234 0.020881
15.82345 7447989 50.6234 0.018549
15.82570 7464760 62.8807 0.023015
15.82795 7481568 73.3695 0.026824
15.83020 7498415 64.0654 0.023396
15.83245 7515299 70.8395 0.025841
15.83470 7532221 37.0517 0.013500
15.83695 7549181 53.9521 0.019636
15.83920 7566180 44.0008 0.015996
15.84145 7583216 48.9392 0.017772
15.84370 7600292 51.0668 0.018524
15.84595 7617405 44.0360 0.015955
15.84820 7634557 57.5730 0.020837
15.85044 7651748 70.2861 0.025409
15.85269 7668977 85.5257 0.030884
15.85494 7686246 61.1816 0.022068
15.85719 7703553 51.6818 0.018621
15.85944 7720899 35.3126 0.012709
15.86169 7738284 5.2130 0.001874
15.86394 7755708 -16.1773 -0.005809
15.86619 7773172 0.4687 0.000168
15.86844 7790675 22.5077 0.008064
15.87069 7808217 30.2370 0.010821
15.87294 7825799 55.0385 0.019674
15.87519 7843420 55.6871 0.019884
15.87743 7861081 49.6626 0.017713
15.87968 7878782 48.8567 0.017406
15.88193 7896522 71.5910 0.025477
15.88418 7914303 72.7117 0.025846
15.88643 7932124 58.3910 0.020732
15.88868 7949984 65.1282 0.023099
15.89093 7967885 50.0704 0.017738
15.89318 7985827 30.0789 0.010644
15.89543 8003808 34.5397 0.012209
15.89768 8021830 36.4694 0.012876
15.89993 8039893 55.0997 0.019432
15.90218 8057997 51.6668 0.018201
15.90442 8076141 54.8484 0.019300
15.90667 8094326 51.4392 0.018080
15.90892 8112552 55.4213 0.019458
15.91117 8130819 57.5934 0.020198
15.91342 8149127 78.8241 0.027612
15.91567 8167476 97.2789 0.034039
15.91792 8185867 86.7991 0.030338
15.92017 8204299 51.2555 0.017894
15.92242 8222773 18.9043 0.006593
15.92467 8241288 34.8668 0.012145
15.92692 8259845 15.2261 0.005298
15.92917 8278444 11.1059 0.003860
15.93141 8297084 11.7959 0.004095
15.93366 8315767 22.1317 0.007675
15.93591 8334491 27.2095 0.009425
15.93816 8353258 17.8427 0.006174
15.94041 8372067 5.7641 0.001992
15.94266 8390918 12.7852 0.004414
15.94491 8409812 12.9430 0.004463
15.94716 8428749 13.8859 0.004783
15.94941 8447728 19.2787 0.006633
15.95166 8466749 17.7709 0.006107
15.95391 8485814 11.9643 0.004107
15.95616 8504921 0.7484 0.000257
15.95840 8524072 -5.7776 -0.001979
15.96065 8543266 -16.6293 -0.005689
15.96290 8562502 -12.7011 -0.004341
15.96515 8581783 -8.6572 -0.002955
15.96740 8601106 -14.5673 -0.004967
15.96965 8620473 5.8203 0.001982
15.97190 8639884 9.9383 0.003381
15.97415 8659338 26.1172 0.008875
15.97640 8678837 12.2533 0.004159
15.97865 8698379 1.3479 0.000457
15.98090 8717965 4.0300 0.001365
15.98315 8737595 6.8179 0.002307
15.98539 8757270 10.6560 0.003601
15.98764 8776988 8.8619 0.002991
15.98989 8796751 0.8858 0.000299
15.99214 8816559 0.4944 0.000166
15.99439 8836411 -22.8782 -0.007696
15.99664 8856308 -11.0453 -0.003712
15.99889 8876250 -10.7857 -0.003620
16.00114 8896237 -40.5201 -0.013585
16.00339 8916268 -22.7845 -0.007630
16.00564 8936345 -18.0007 -0.006022
16.00789 8956467 -14.7080 -0.004915
16.01014 8976634 -16.8107 -0.005611
16.01238 8996847 -13.8353 -0.004613
16.01463 9017105 1.6131 0.000537
16.01688 9037409 12.9234 0.004299
16.01913 9057758 26.7860 0.008900
16.02138 9078154 39.8408 0.013223
16.02363 9098595 47.0070 0.015584
16.02588 9119082 23.1466 0.007665
16.02813 9139616 15.6468 0.005176
16.03038 9160195 9.6564 0.003191
16.03263 9180821 16.1773 0.005339
16.03488 9201494 7.6297 0.002515
16.03713 9222213 -26.8852 -0.008853
16.03937 9242978 -7.6833 -0.002527
16.04162 9263791 0.3249 0.000107
16.04387 9284650 -13.6258 -0.004472
16.04612 9305556 -1.4535 -0.000476
16.04837 9326510 3.5960 0.001177
16.05062 9347510 21.0547 0.006887
16.05287 9368558 8.7545 0.002860
16.05512 9389653 28.8453 0.009413
16.05737 9410796 7.5094 0.002448
16.05962 9431986 7.7429 0.002521
16.06187 9453224 -34.0065 -0.011060
16.06412 9474510 -26.7585 -0.008693
16.06636 9495844 -21.6804 -0.007036
16.06861 9517225 -17.5666 -0.005694
16.07086 9538655 -33.5397 -0.010860
16.07311 9560134 -22.0769 -0.007140
16.07536 9581660 -25.5872 -0.008266
16.07761 9603235 -38.6444 -0.012470
16.07986 9624859 -24.6168 -0.007935
16.08211 9646531 -14.8722 -0.004788
16.08436 9668252 -18.2266 -0.005862
16.08661 9690022 -12.2010 -0.003920
16.08886 9711841 -16.4877 -0.005291
16.09111 9733709 -26.6291 -0.008535
16.09335 9755627 -29.0007 -0.009285
16.09560 9777593 -43.3512 -0.013864
16.09785 9799609 -32.8159 -0.010483
16.10010 9821675 -41.8593 -0.013357
16.10235 9843791 -28.1492 -0.008972
16.10460 9865956 -16.6062 -0.005287
16.10685 9888171 -6.9921 -0.002224
16.10910 9910436 -0.9203 -0.000292
16.11135 9932752 24.8576 0.007887
16.11360 9955117 20.8963 0.006623
16.11585 9977533 19.9645 0.006320
16.11810 10000000 -8.0123 -0.002534
