logY Y P PoverSqrtY
6.90675 999 -9.4044 -0.297541
6.90975 1002 -9.4525 -0.298617
6.91175 1004 -9.4130 -0.297071
6.91374 1006 -9.2960 -0.293088
6.91672 1009 -9.2280 -0.290512
6.91870 1011 -9.1044 -0.286335
6.92067 1013 -9.3274 -0.293059
6.92264 1015 -9.0947 -0.285466
6.92560 1018 -9.3880 -0.294239
6.92756 1020 -9.1816 -0.287487
6.92952 1022 -9.5950 -0.300137
6.93245 1025 -9.5441 -0.298109
6.93440 1027 -9.8518 -0.307419
6.93634 1029 -9.5972 -0.299183
6.93828 1031 -9.6983 -0.302042
6.94119 1034 -9.8265 -0.305589
6.94312 1036 -9.8901 -0.307269
6.94505 1038 -9.9362 -0.308406
6.94794 1041 -9.9346 -0.307910
6.94986 1043 -10.2448 -0.317219
6.95273 1046 -10.0295 -0.310109
6.95464 1048 -10.1337 -0.313031
6.95655 1050 -9.7672 -0.301423
6.95940 1053 -9.8532 -0.303644
6.96130 1055 -9.7902 -0.301416
6.96319 1057 -10.0526 -0.309202
6.96602 1060 -9.9508 -0.305635
6.96791 1062 -10.1595 -0.311751
6.97073 1065 -10.2473 -0.314002
6.97261 1067 -10.7155 -0.328043
6.97448 1069 -10.6135 -0.324617
6.97728 1072 -11.0168 -0.336479
6.97915 1074 -10.7510 -0.328055
6.98193 1077 -10.8191 -0.329672
6.98379 1079 -10.7974 -0.328708
6.98564 1081 -10.8545 -0.330138
6.98841 1084 -11.0266 -0.334909
6.99026 1086 -11.0344 -0.334836
6.99302 1089 -11.1151 -0.336821
6.99485 1091 -11.1662 -0.338060
6.99760 1094 -11.1392 -0.336781
6.99942 1096 -11.1203 -0.335902
7.00216 1099 -11.0291 -0.332691
7.00397 1101 -10.8766 -0.327791
7.00670 1104 -10.8123 -0.325412
7.00851 1106 -10.8356 -0.325819
7.01121 1109 -10.7660 -0.323286
7.01302 1111 -10.7597 -0.322806
7.01571 1114 -10.8122 -0.323945
7.01751 1116 -10.7680 -0.322330
7.02019 1119 -10.8191 -0.323427
7.02198 1121 -10.8616 -0.324408
7.02465 1124 -10.7701 -0.321244
7.02643 1126 -10.7587 -0.320619
7.02909 1129 -10.7777 -0.320758
7.03086 1131 -10.7537 -0.319762
7.03351 1134 -10.9196 -0.324264
7.03527 1136 -11.0872 -0.328953
7.03791 1139 -10.9331 -0.323953
7.03966 1141 -10.8361 -0.320796
7.04229 1144 -10.5101 -0.310738
7.04491 1147 -10.5429 -0.311299
7.04665 1149 -10.2215 -0.301546
7.04925 1152 -10.3410 -0.304674
7.05099 1154 -10.4156 -0.306607
7.05359 1157 -10.8170 -0.318010
7.05618 1160 -10.7306 -0.315060
7.05790 1162 -10.9490 -0.321197
7.06048 1165 -10.7559 -0.315127
7.06219 1167 -10.7217 -0.313853
7.06476 1170 -10.4268 -0.304830
7.06732 1173 -10.5339 -0.307566
7.06902 1175 -10.4595 -0.305136
7.07157 1178 -10.7156 -0.312207
7.07412 1181 -10.5930 -0.308242
7.07581 1183 -10.7720 -0.313186
7.07834 1186 -10.6988 -0.310664
7.08087 1189 -10.7542 -0.311881
7.08255 1191 -10.6878 -0.309694
7.08506 1194 -10.6816 -0.309126
7.08757 1197 -10.6998 -0.309263
7.08924 1199 -10.6087 -0.306376
7.09174 1202 -10.7262 -0.309381
7.09423 1205 -10.5653 -0.304362
7.09589 1207 -10.7736 -0.310104
7.09838 1210 -10.6047 -0.304862
7.10085 1213 -10.7366 -0.308273
7.10332 1216 -10.5751 -0.303261
7.10497 1218 -10.5908 -0.303461
7.10743 1221 -10.6199 -0.303922
7.10988 1224 -10.7221 -0.306471
7.11233 1227 -10.8858 -0.310768
7.11396 1229 -10.8501 -0.309497
7.11639 1232 -10.7764 -0.307021
7.11883 1235 -10.3322 -0.294009
7.12125 1238 -10.3664 -0.294624
7.12367 1241 -10.0697 -0.285846
7.12528 1243 -10.2394 -0.290429
7.12769 1246 -10.1976 -0.288893
7.13010 1249 -10.3110 -0.291757
7.13250 1252 -10.5780 -0.298951
7.13489 1255 -10.2382 -0.289002
7.13648 1257 -10.1549 -0.286424
7.13887 1260 -9.7618 -0.275008
7.14125 1263 -9.7568 -0.274540
7.14362 1266 -9.5003 -0.267006
7.14598 1269 -9.4031 -0.263963
7.14835 1272 -9.4316 -0.264450
7.14992 1274 -9.4468 -0.264666
7.15227 1277 -9.5410 -0.266993
7.15462 1280 -9.3830 -0.262263
7.15696 1283 -9.6694 -0.269953
7.15929 1286 -9.3711 -0.261319
7.16162 1289 -9.3587 -0.260670
7.16395 1292 -9.5540 -0.265798
7.16627 1295 -9.4802 -0.263441
7.16858 1298 -9.8570 -0.273594
7.17089 1301 -9.6780 -0.268317
7.17242 1303 -9.8351 -0.272464
7.17472 1306 -9.6919 -0.268186
7.17702 1309 -9.7157 -0.268538
7.17931 1312 -10.0154 -0.276504
7.18159 1315 -9.8873 -0.272657
7.18387 1318 -10.2071 -0.281154
7.18614 1321 -10.2308 -0.281487
7.18841 1324 -10.0517 -0.276246
7.19068 1327 -10.0024 -0.274580
7.19293 1330 -9.5846 -0.262815
7.19519 1333 -9.7061 -0.265845
7.19744 1336 -9.6368 -0.263652
7.19968 1339 -9.8391 -0.268885
7.20192 1342 -10.3989 -0.283866
7.20415 1345 -10.2916 -0.280623
7.20638 1348 -10.5346 -0.286928
7.20860 1351 -10.3279 -0.280987
7.21082 1354 -10.1729 -0.276462
7.21303 1357 -10.2658 -0.278678
7.21524 1360 -9.8595 -0.267353
7.21744 1363 -9.9084 -0.268384
7.22037 1367 -9.8899 -0.267491
7.22257 1370 -9.7147 -0.262464
7.22475 1373 -9.9264 -0.267890
7.22694 1376 -9.7089 -0.261735
7.22911 1379 -9.6656 -0.260284
7.23129 1382 -9.7446 -0.262127
7.23346 1385 -9.5676 -0.257086
7.23562 1388 -9.9107 -0.266017
7.23778 1391 -9.8124 -0.263095
7.23993 1394 -9.9107 -0.265444
7.24280 1398 -9.9236 -0.265409
7.24494 1401 -9.9174 -0.264959
7.24708 1404 -10.0346 -0.267804
7.24922 1407 -10.2245 -0.272582
7.25134 1410 -10.0700 -0.268175
7.25347 1413 -10.2884 -0.273702
7.25630 1417 -10.4030 -0.276359
7.25841 1420 -9.8663 -0.261825
7.26052 1423 -9.8735 -0.261738
7.26263 1426 -9.6844 -0.256457
7.26473 1429 -9.7471 -0.257846
7.26753 1433 -10.1956 -0.269334
7.26962 1436 -10.1119 -0.266842
7.27170 1439 -10.1998 -0.268882
7.27379 1442 -10.3574 -0.272752
7.27656 1446 -10.2473 -0.269479
7.27863 1449 -10.3612 -0.272191
7.28070 1452 -10.6003 -0.278184
7.28276 1455 -10.5791 -0.277344
7.28551 1459 -10.8973 -0.285294
7.28756 1462 -11.1219 -0.290873
7.28961 1465 -10.7166 -0.279986
7.29234 1469 -10.6074 -0.276758
7.29438 1472 -10.6405 -0.277337
7.29641 1475 -10.4104 -0.271064
7.29845 1478 -10.6463 -0.276924
7.30115 1482 -10.5003 -0.272757
7.30317 1485 -10.3805 -0.269373
7.30519 1488 -10.6140 -0.275154
7.30787 1492 -10.8516 -0.280938
7.30988 1495 -10.5707 -0.273390
7.31255 1499 -10.6712 -0.275621
7.31455 1502 -10.8625 -0.280282
7.31655 1505 -10.7827 -0.277946
7.31920 1509 -10.7407 -0.276494
7.32119 1512 -10.5447 -0.271181
7.32383 1516 -10.2068 -0.262143
7.32581 1519 -10.1132 -0.259484
7.32778 1522 -10.2731 -0.263325
7.33041 1526 -10.0676 -0.257720
7.33237 1529 -10.0254 -0.256389
7.33498 1533 -9.8416 -0.251359
7.33694 1536 -9.5021 -0.242452
7.33954 1540 -9.3216 -0.237536
7.34148 1543 -9.4236 -0.239903
7.34407 1547 -9.4053 -0.239125
7.34601 1550 -9.3080 -0.236423
7.34859 1554 -9.3053 -0.236050
7.35052 1557 -9.4657 -0.239888
7.35308 1561 -9.5562 -0.241870
7.35500 1564 -9.5643 -0.241844
7.35756 1568 -9.6857 -0.244601
7.35947 1571 -9.4896 -0.239419
7.36201 1575 -9.3247 -0.234959
7.36391 1578 -9.5282 -0.239859
7.36645 1582 -9.5942 -0.241215
7.36834 1585 -9.3443 -0.234709
7.37086 1589 -9.5416 -0.239363
7.37275 1592 -9.9011 -0.248150
7.37526 1596 -9.8502 -0.246564
7.37776 1600 -10.0982 -0.252454
7.37963 1603 -10.2618 -0.256305
7.38212 1607 -10.1109 -0.252221
7.38399 1610 -9.9086 -0.246944
7.38647 1614 -9.9450 -0.247546
7.38895 1618 -10.3208 -0.256580
7.39080 1621 -10.0455 -0.249505
7.39326 1625 -9.8859 -0.245240
7.39572 1629 -9.5903 -0.237613
7.39756 1632 -9.5644 -0.236754
7.40001 1636 -9.5054 -0.235007
7.40245 1640 -9.4940 -0.234438
7.40428 1643 -9.7032 -0.239384
7.40671 1647 -9.4963 -0.233995
7.40914 1651 -9.5288 -0.234511
7.41156 1655 -9.6623 -0.237510
7.41337 1658 -9.8975 -0.243072
7.41578 1662 -9.8364 -0.241279
7.41818 1666 -9.9017 -0.242589
7.41998 1669 -9.9222 -0.242874
7.42237 1673 -10.0615 -0.245989
7.42476 1677 -9.7822 -0.238875
7.42714 1681 -9.8009 -0.239046
7.42952 1685 -10.0115 -0.243893
7.43130 1688 -10.4265 -0.253778
7.43367 1692 -10.2653 -0.249557
7.43603 1696 -9.9678 -0.242040
7.43838 1700 -9.6267 -0.233481
7.44073 1704 -9.4504 -0.228936
7.44249 1707 -9.5876 -0.232056
7.44483 1711 -9.7609 -0.235973
7.44717 1715 -9.7947 -0.236515
7.44950 1719 -9.7170 -0.234367
7.45182 1723 -9.9275 -0.239166
7.45414 1727 -9.8369 -0.236707
7.45645 1731 -9.5377 -0.229242
7.45876 1735 -9.5118 -0.228356
7.46049 1738 -9.5995 -0.230262
7.46279 1742 -9.4990 -0.227591
7.46508 1746 -9.3241 -0.223143
7.46737 1750 -9.3853 -0.224351
7.46965 1754 -9.4759 -0.226259
7.47193 1758 -9.5777 -0.228428
7.47420 1762 -9.7678 -0.232699
7.47647 1766 -9.4373 -0.224570
7.47873 1770 -9.2553 -0.219991
7.48099 1774 -9.6424 -0.228932
7.48324 1778 -10.2089 -0.242111
7.48549 1782 -10.2440 -0.242669
7.48773 1786 -10.4264 -0.246713
7.48997 1790 -10.1919 -0.240896
7.49220 1794 -10.0650 -0.237630
7.49443 1798 -10.3353 -0.243742
7.49665 1802 -10.6092 -0.249922
7.49887 1806 -10.5566 -0.248409
7.50108 1810 -10.6636 -0.250648
7.50329 1814 -10.6986 -0.251193
7.50549 1818 -10.8140 -0.253624
7.50824 1823 -11.1759 -0.261753
7.51043 1827 -11.1088 -0.259895
7.51262 1831 -10.9568 -0.256059
7.51480 1835 -10.7128 -0.250084
7.51698 1839 -10.7169 -0.249908
7.51915 1843 -10.9545 -0.255170
7.52132 1847 -11.0458 -0.257019
7.52402 1852 -11.2036 -0.260338
7.52618 1856 -11.0182 -0.255755
7.52833 1860 -10.9654 -0.254254
7.53048 1864 -11.2840 -0.261361
7.53262 1868 -11.8729 -0.274705
7.53476 1872 -12.3069 -0.284443
7.53743 1877 -12.8987 -0.297725
7.53956 1881 -12.6489 -0.291648
7.54168 1885 -12.6283 -0.290863
7.54380 1889 -12.6072 -0.290071
7.54645 1894 -12.7219 -0.292323
7.54856 1898 -13.0135 -0.298707
7.55066 1902 -12.7418 -0.292164
7.55276 1906 -12.4620 -0.285448
7.55538 1911 -12.2668 -0.280608
7.55747 1915 -12.2978 -0.281023
7.55956 1919 -12.4138 -0.283378
7.56216 1924 -12.4292 -0.283361
7.56424 1928 -12.6094 -0.287172
7.56631 1932 -12.5585 -0.285715
7.56890 1937 -12.6023 -0.286343
7.57096 1941 -12.2947 -0.279065
7.57302 1945 -12.0592 -0.273438
7.57558 1950 -11.5421 -0.261377
7.57763 1954 -11.5178 -0.260560
7.58019 1959 -11.5238 -0.260362
7.58223 1963 -11.9694 -0.270155
7.58426 1967 -12.1237 -0.273359
7.58680 1972 -12.2818 -0.276573
7.58883 1976 -11.9992 -0.269934
7.59136 1981 -12.1478 -0.272933
7.59337 1985 -12.3710 -0.277667
7.59589 1990 -12.6521 -0.283619
7.59790 1994 -12.6642 -0.283606
7.60040 1999 -12.5850 -0.281479
7.60240 2003 -12.8956 -0.288139
7.60489 2008 -13.0257 -0.290684
7.60688 2012 -13.1654 -0.293507
7.60937 2017 -13.3850 -0.298034
7.61135 2021 -13.2253 -0.294186
7.61382 2026 -13.4853 -0.299599
7.61579 2030 -13.5324 -0.300349
7.61825 2035 -13.5170 -0.299638
7.62071 2040 -13.1541 -0.291236
7.62266 2044 -13.1039 -0.289841
7.62511 2049 -12.8904 -0.284770
7.62706 2053 -13.1710 -0.290687
7.62949 2058 -13.2117 -0.291230
7.63192 2063 -13.3322 -0.293531
7.63385 2067 -12.7896 -0.281312
7.63627 2072 -12.7494 -0.280088
7.63868 2077 -12.8860 -0.282747
7.64060 2081 -12.8113 -0.280839
7.64300 2086 -12.8878 -0.282176
7.64540 2091 -12.9134 -0.282399
7.64731 2095 -13.0703 -0.285557
7.64969 2100 -12.8380 -0.280147
7.65207 2105 -12.7341 -0.277550
7.65444 2110 -12.4223 -0.270433
7.65634 2114 -12.2138 -0.265644
7.65870 2119 -12.2698 -0.266547
7.66106 2124 -12.1285 -0.263166
7.66341 2129 -11.9772 -0.259578
7.66528 2133 -11.7105 -0.253560
7.66763 2138 -11.8033 -0.255269
7.66996 2143 -11.8244 -0.255428
7.67229 2148 -12.1134 -0.261367
7.67462 2153 -12.6297 -0.272189
7.67694 2158 -12.6288 -0.271854
7.67879 2162 -12.5487 -0.269879
7.68110 2167 -12.6930 -0.272668
7.68340 2172 -12.5843 -0.270022
7.68570 2177 -12.4612 -0.267073
7.68800 2182 -12.3562 -0.264520
7.69029 2187 -12.1006 -0.258751
7.69257 2192 -12.3635 -0.264071
7.69485 2197 -12.4303 -0.265196
7.69712 2202 -11.9933 -0.255581
7.69939 2207 -11.8957 -0.253215
7.70165 2212 -11.9562 -0.254215
7.70391 2217 -11.6817 -0.248098
7.70616 2222 -11.6736 -0.247646
7.70841 2227 -11.5173 -0.244056
7.71065 2232 -11.1367 -0.235726
7.71289 2237 -11.2394 -0.237635
7.71512 2242 -11.5010 -0.242895
7.71735 2247 -11.3481 -0.239398
7.71957 2252 -11.3937 -0.240094
7.72179 2257 -11.2999 -0.237854
7.72400 2262 -11.0530 -0.232399
7.72621 2267 -11.0304 -0.231667
7.72842 2272 -10.7721 -0.225993
7.73061 2277 -10.4900 -0.219834
7.73281 2282 -10.7893 -0.225858
7.73543 2288 -10.9250 -0.228399
7.73762 2293 -10.8914 -0.227448
7.73979 2298 -10.8822 -0.227008
7.74197 2303 -11.2491 -0.234406
7.74414 2308 -11.3414 -0.236075
7.74630 2313 -11.0954 -0.230703
7.74889 2319 -10.5582 -0.219250
7.75105 2324 -10.4360 -0.216479
7.75319 2329 -10.4801 -0.217161
7.75534 2334 -10.5281 -0.217922
7.75791 2340 -10.4854 -0.216760
7.76004 2345 -10.6076 -0.219051
7.76217 2350 -10.5391 -0.217404
7.76430 2355 -10.6422 -0.219299
7.76684 2361 -10.7608 -0.221461
7.76896 2366 -10.6881 -0.219731
7.77107 2371 -10.6209 -0.218120
7.77359 2377 -10.8722 -0.222999
7.77570 2382 -10.3966 -0.213020
7.77779 2387 -10.2310 -0.209407
7.78030 2393 -10.0517 -0.205480
7.78239 2398 -9.9389 -0.202962
7.78489 2404 -9.7091 -0.198022
7.78697 2409 -9.2571 -0.188607
7.78904 2414 -9.0475 -0.184145
7.79152 2420 -8.8347 -0.179590
7.79359 2425 -8.9914 -0.182587
7.79606 2431 -9.3537 -0.189710
7.79811 2436 -9.3955 -0.190362
7.80057 2442 -9.5230 -0.192708
7.80262 2447 -9.8942 -0.200015
7.80507 2453 -10.0511 -0.202938
7.80710 2458 -9.8376 -0.198426
7.80954 2464 -9.7078 -0.195570
7.81157 2469 -9.5304 -0.191801
7.81400 2475 -9.0669 -0.182252
7.81642 2481 -8.9850 -0.180387
7.81843 2486 -9.2482 -0.185485
7.82084 2492 -9.8128 -0.196572
7.82285 2497 -10.0008 -0.200137
7.82525 2503 -9.6579 -0.193042
7.82764 2509 -9.4478 -0.188616
7.82963 2514 -9.4949 -0.189368
7.83201 2520 -9.6166 -0.191568
7.83439 2526 -9.6784 -0.192570
7.83637 2531 -9.5844 -0.190511
7.83874 2537 -9.6528 -0.191642
7.84110 2543 -9.9136 -0.196588
7.84306 2548 -9.8058 -0.194261
7.84542 2554 -9.8623 -0.195149
7.84776 2560 -10.1783 -0.201166
7.85010 2566 -10.4087 -0.205480
7.85205 2571 -10.2167 -0.201492
7.85438 2577 -10.2955 -0.202811
7.85671 2583 -10.4608 -0.205827
7.85903 2589 -10.2595 -0.201633
7.86134 2595 -9.8015 -0.192409
7.86365 2601 -9.6145 -0.188520
7.86557 2606 -9.6623 -0.189274
7.86787 2612 -9.9442 -0.194574
7.87017 2618 -10.0146 -0.195726
7.87246 2624 -9.8276 -0.191851
7.87474 2630 -9.7765 -0.190636
7.87702 2636 -9.9569 -0.193933
7.87929 2642 -10.0810 -0.196128
7.88156 2648 -10.3535 -0.201199
7.88382 2654 -10.5765 -0.205302
7.88608 2660 -10.4155 -0.201947
7.88833 2666 -10.3680 -0.200801
7.89058 2672 -10.7409 -0.207790
7.89283 2678 -11.0469 -0.213468
7.89506 2684 -10.3861 -0.200476
7.89730 2690 -9.9053 -0.190981
7.89952 2696 -9.7558 -0.187889
7.90175 2702 -10.0130 -0.192630
7.90397 2708 -10.2941 -0.197816
7.90618 2714 -10.4088 -0.199800
7.90839 2720 -10.8294 -0.207644
7.91059 2726 -11.2418 -0.215314
7.91279 2732 -11.2104 -0.214476
7.91535 2739 -10.5059 -0.200742
7.91754 2745 -10.2201 -0.195067
7.91972 2751 -9.8990 -0.188732
7.92190 2757 -9.5866 -0.182578
7.92407 2763 -9.4948 -0.180632
7.92660 2770 -9.4754 -0.180035
7.92877 2776 -9.2645 -0.175837
7.93093 2782 -9.1014 -0.172555
7.93308 2788 -8.7712 -0.166116
7.93559 2795 -8.4495 -0.159823
7.93773 2801 -8.3175 -0.157158
7.93987 2807 -8.2412 -0.155550
7.94236 2814 -8.1246 -0.153158
7.94449 2820 -8.0757 -0.152074
7.94662 2826 -8.1474 -0.153262
7.94909 2833 -8.6656 -0.162808
7.95121 2839 -8.6490 -0.162324
7.95332 2845 -8.3486 -0.156521
7.95578 2852 -8.2627 -0.154721
7.95788 2858 -8.5245 -0.159456
7.96032 2865 -8.3366 -0.155749
7.96242 2871 -8.2202 -0.153414
7.96485 2878 -8.1445 -0.151817
7.96693 2884 -7.9578 -0.148182
7.96936 2891 -7.8475 -0.145950
7.97143 2897 -7.9975 -0.148587
7.97384 2904 -7.8738 -0.146113
7.97591 2910 -7.8723 -0.145934
7.97831 2917 -8.1673 -0.151220
7.98037 2923 -8.1786 -0.151274
7.98276 2930 -8.3547 -0.154347
7.98480 2936 -8.3503 -0.154109
7.98718 2943 -8.1001 -0.149313
7.98956 2950 -8.2107 -0.151171
7.99159 2956 -8.1983 -0.150790
7.99396 2963 -7.9020 -0.145169
7.99632 2970 -7.1331 -0.130888
7.99834 2976 -7.0470 -0.129178
8.00068 2983 -7.3531 -0.134631
8.00303 2990 -7.5307 -0.137721
8.00503 2996 -7.9413 -0.145084
8.00737 3003 -8.0569 -0.147024
8.00970 3010 -7.9434 -0.144785
8.01202 3017 -8.2944 -0.151007
8.01434 3024 -8.4951 -0.154481
8.01632 3030 -8.1317 -0.147726
8.01863 3037 -8.4633 -0.153575
8.02093 3044 -8.7984 -0.159471
8.02322 3051 -8.9323 -0.161711
8.02552 3058 -8.8699 -0.160398
8.02780 3065 -8.5759 -0.154904
8.03008 3072 -8.6246 -0.155607
8.03204 3078 -8.6550 -0.156002
8.03431 3085 -8.8572 -0.159467
8.03657 3092 -9.3015 -0.167276
8.03883 3099 -9.3088 -0.167218
8.04109 3106 -9.3003 -0.166876
8.04334 3113 -9.7989 -0.175626
8.04559 3120 -9.4769 -0.169664
8.04783 3127 -9.7198 -0.173818
8.05007 3134 -9.9178 -0.177160
8.05230 3141 -10.4162 -0.185856
8.05452 3148 -10.4842 -0.186861
8.05706 3156 -10.1856 -0.181309
8.05928 3163 -10.0696 -0.179044
8.06149 3170 -9.5249 -0.169174
8.06369 3177 -9.2325 -0.163798
8.06589 3184 -9.2199 -0.163396
8.06809 3191 -9.0695 -0.160553
8.07028 3198 -8.9261 -0.157843
8.07278 3206 -9.1214 -0.161095
8.07496 3213 -8.5546 -0.150920
8.07714 3220 -7.9349 -0.139834
8.07931 3227 -8.1185 -0.142914
8.08178 3235 -7.9652 -0.140042
8.08395 3242 -7.8115 -0.137193
8.08610 3249 -7.4646 -0.130957
8.08856 3257 -7.8043 -0.136750
8.09071 3264 -7.4364 -0.130162
8.09285 3271 -7.3149 -0.127899
8.09529 3279 -7.2235 -0.126147
8.09743 3286 -7.1441 -0.124628
8.09955 3293 -7.5294 -0.131209
8.10198 3301 -7.7119 -0.134227
8.10410 3308 -7.6547 -0.133090
8.10651 3316 -7.1009 -0.123312
8.10862 3323 -7.2495 -0.125760
8.11103 3331 -7.0046 -0.121365
8.11313 3338 -7.0980 -0.122855
8.11552 3346 -7.0171 -0.121309
8.11761 3353 -7.3468 -0.126876
8.11999 3361 -7.6262 -0.131545
8.12207 3368 -8.2185 -0.141613
8.12445 3376 -7.5176 -0.129384
8.12652 3383 -7.3351 -0.126112
8.12888 3391 -7.3147 -0.125613
8.13124 3399 -7.1187 -0.122103
8.13329 3406 -7.0271 -0.120408
8.13564 3414 -7.3166 -0.125222
8.13798 3422 -7.6515 -0.130799
8.14002 3429 -7.4840 -0.127805
8.14235 3437 -7.9282 -0.135234
8.14468 3445 -7.4076 -0.126208
8.14700 3453 -7.6520 -0.130220
8.14902 3460 -7.9083 -0.134445
8.15133 3468 -8.1765 -0.138845
8.15364 3476 -8.0904 -0.137224
8.15594 3484 -8.5157 -0.144272
8.15823 3492 -8.1761 -0.138360
8.16052 3500 -7.9024 -0.133575
8.16252 3507 -8.1384 -0.137426
8.16479 3515 -8.2468 -0.139098
8.16707 3523 -8.8062 -0.148366
8.16934 3531 -8.5272 -0.143502
8.17160 3539 -8.1983 -0.137811
8.17386 3547 -8.3315 -0.139891
8.17611 3555 -7.9444 -0.133242
8.17836 3563 -8.0565 -0.134970
8.18060 3571 -8.0039 -0.133938
8.18284 3579 -8.2923 -0.138610
8.18507 3587 -7.8945 -0.131814
8.18730 3595 -7.7102 -0.128592
8.18952 3603 -7.9462 -0.132381
8.19202 3612 -8.2454 -0.137195
8.19423 3620 -8.6165 -0.143211
8.19644 3628 -9.0353 -0.150007
8.19864 3636 -9.1934 -0.152463
8.20084 3644 -9.6181 -0.159331
8.20303 3652 -9.6851 -0.160265
8.20549 3661 -9.6197 -0.158987
8.20767 3669 -10.1534 -0.167625
8.20985 3677 -10.1689 -0.167697
8.21203 3685 -9.6043 -0.158214
8.21447 3694 -9.5533 -0.157182
8.21663 3702 -9.6390 -0.158421
8.21879 3710 -9.8184 -0.161196
8.22121 3719 -9.6978 -0.159022
8.22336 3727 -9.6999 -0.158887
8.22550 3735 -9.4152 -0.154059
8.22791 3744 -8.9752 -0.146682
8.23004 3752 -8.9009 -0.145312
8.23244 3761 -8.8580 -0.144439
8.23456 3769 -8.3871 -0.136616
8.23695 3778 -8.1380 -0.132400
8.23907 3786 -8.1472 -0.132410
8.24144 3795 -8.1627 -0.132503
8.24355 3803 -8.7674 -0.142170
8.24591 3812 -8.7504 -0.141727
8.24801 3820 -8.9757 -0.145224
8.25036 3829 -9.5863 -0.154920
8.25271 3838 -10.0402 -0.162065
8.25479 3846 -10.0737 -0.162436
8.25713 3855 -10.2479 -0.165053
8.25946 3864 -10.0927 -0.162364
8.26153 3872 -10.0447 -0.161424
8.26385 3881 -9.6895 -0.155536
8.26616 3890 -9.7440 -0.156229
8.26848 3899 -9.9695 -0.159660
8.27053 3907 -9.9213 -0.158725
8.27283 3916 -9.7069 -0.155117
8.27512 3925 -9.8263 -0.156845
8.27741 3934 -9.9909 -0.159290
8.27970 3943 -10.3465 -0.164770
8.28198 3952 -10.1173 -0.160937
8.28400 3960 -9.0690 -0.144116
8.28627 3969 -9.0982 -0.144416
8.28853 3978 -8.9867 -0.142485
8.29079 3987 -9.4215 -0.149209
8.29305 3996 -9.1438 -0.144648
8.29530 4005 -9.0555 -0.143090
8.29754 4014 -9.2412 -0.145862
8.29978 4023 -9.2436 -0.145735
8.30202 4032 -9.3607 -0.147418
8.30425 4041 -9.7238 -0.152966
8.30672 4051 -9.7857 -0.153749
8.30894 4060 -9.7337 -0.152762
8.31115 4069 -9.6796 -0.151745
8.31336 4078 -10.4360 -0.163422
8.31557 4087 -10.7902 -0.168783
8.31777 4096 -10.8869 -0.170108
8.32020 4106 -11.6435 -0.181709
8.32239 4115 -11.5292 -0.179727
8.32458 4124 -11.4331 -0.178035
8.32676 4133 -12.0455 -0.187366
8.32918 4143 -11.9470 -0.185609
8.33135 4152 -11.9737 -0.185823
8.33351 4161 -11.9001 -0.184481
8.33591 4171 -12.1026 -0.187395
8.33807 4180 -11.2815 -0.174493
8.34046 4190 -10.6862 -0.165088
8.34260 4199 -10.7193 -0.165422
8.34474 4208 -10.7161 -0.165196
8.34712 4218 -10.4855 -0.161450
8.34925 4227 -10.6236 -0.163401
8.35161 4237 -10.6536 -0.163669
8.35397 4247 -10.4509 -0.160366
8.35609 4256 -10.4942 -0.160860
8.35843 4266 -11.1842 -0.171235
8.36054 4275 -10.8309 -0.165652
8.36288 4285 -11.4197 -0.174454
8.36521 4295 -11.6389 -0.177595
8.36730 4304 -11.4767 -0.174937
8.36962 4314 -11.5001 -0.175091
8.37194 4324 -11.1833 -0.170069
8.37402 4333 -10.7671 -0.163571
8.37632 4343 -9.8452 -0.149393
8.37862 4353 -9.3633 -0.141917
8.38092 4363 -9.2822 -0.140527
8.38320 4373 -9.2354 -0.139658
8.38526 4382 -9.0678 -0.136983
8.38754 4392 -8.4890 -0.128093
8.38981 4402 -8.7877 -0.132449
8.39208 4412 -8.9967 -0.135447
8.39435 4422 -9.2083 -0.138474
8.39661 4432 -9.4660 -0.142189
8.39886 4442 -9.3455 -0.140221
8.40111 4452 -9.5710 -0.143443
8.40335 4462 -9.6746 -0.144833
8.40559 4472 -10.2442 -0.153188
8.40782 4482 -10.2038 -0.152414
8.41005 4492 -10.7143 -0.159862
8.41228 4502 -11.4499 -0.170647
8.41450 4512 -11.6188 -0.172972
8.41693 4523 -12.0273 -0.178836
8.41914 4533 -11.6342 -0.172800
8.42134 4543 -11.9384 -0.177123
8.42354 4553 -11.9146 -0.176576
8.42574 4563 -12.2918 -0.181965
8.42814 4574 -12.5240 -0.185180
8.43033 4584 -12.6798 -0.187279
8.43251 4594 -12.7903 -0.188706
8.43490 4605 -12.8962 -0.190042
8.43707 4615 -13.0066 -0.191460
8.43923 4625 -12.5186 -0.184077
8.44161 4636 -13.1812 -0.193590
8.44376 4646 -12.9683 -0.190259
8.44613 4657 -13.2797 -0.194597
8.44827 4667 -13.0563 -0.191118
8.45063 4678 -13.1312 -0.191987
8.45276 4688 -13.1727 -0.192390
8.45510 4699 -13.2049 -0.192634
8.45723 4709 -13.0349 -0.189952
8.45956 4720 -12.6459 -0.184069
8.46189 4731 -12.7490 -0.185353
8.46400 4741 -12.7424 -0.185062
8.46632 4752 -12.8997 -0.187129
8.46863 4763 -13.1933 -0.191167
8.47073 4773 -13.3062 -0.192601
8.47303 4784 -14.0108 -0.202566
8.47533 4795 -14.6432 -0.211466
8.47762 4806 -13.9514 -0.201245
8.47991 4817 -14.2835 -0.205801
8.48198 4827 -13.9115 -0.200233
8.48426 4838 -14.5808 -0.209628
8.48653 4849 -14.6527 -0.210422
8.48879 4860 -14.5039 -0.208049
8.49105 4871 -14.6982 -0.210599
8.49331 4882 -15.1069 -0.216210
8.49556 4893 -14.4018 -0.205887
8.49781 4904 -14.3197 -0.204484
8.50005 4915 -14.3370 -0.204502
8.50228 4926 -13.8808 -0.197773
8.50451 4937 -14.3674 -0.204478
8.50674 4948 -14.4712 -0.205727
8.50916 4960 -14.0204 -0.199077
8.51138 4971 -14.3519 -0.203558
8.51359 4982 -14.9316 -0.211545
8.51579 4993 -14.7513 -0.208761
8.51799 5004 -15.2054 -0.214951
8.52039 5016 -14.5308 -0.205169
8.52258 5027 -14.4988 -0.204492
8.52476 5038 -14.1486 -0.199335
8.52714 5050 -13.9226 -0.195919
8.52932 5061 -14.1712 -0.199199
8.53149 5072 -14.7008 -0.206420
8.53385 5084 -14.1711 -0.198746
8.53601 5095 -14.1407 -0.198107
8.53837 5107 -14.0522 -0.196635
8.54052 5118 -14.1654 -0.198006
8.54286 5130 -13.5879 -0.189711
8.54500 5141 -13.8484 -0.193142
8.54733 5153 -14.0396 -0.195580
8.54947 5164 -14.2427 -0.198198
8.55179 5176 -14.2356 -0.197870
8.55410 5188 -14.5077 -0.201418
8.55622 5199 -14.3691 -0.199282
8.55853 5211 -15.1957 -0.210504
8.56083 5223 -15.3947 -0.213016
8.56312 5235 -14.7025 -0.203204
8.56522 5246 -14.3922 -0.198707
8.56751 5258 -15.0476 -0.207519
8.56979 5270 -14.4941 -0.199657
8.57206 5282 -14.3903 -0.198003
8.57433 5294 -13.2482 -0.182081
8.57659 5306 -12.8375 -0.176237
8.57885 5318 -13.1368 -0.180142
8.58111 5330 -12.3108 -0.168625
8.58336 5342 -12.1374 -0.166064
8.58560 5354 -11.8602 -0.162089
8.58784 5366 -11.6231 -0.158671
8.59007 5378 -12.0218 -0.163930
8.59230 5390 -11.4881 -0.156479
8.59452 5402 -11.6748 -0.158845
8.59674 5414 -12.0900 -0.164311
8.59896 5426 -11.8036 -0.160242
8.60135 5439 -12.2339 -0.165884
8.60355 5451 -11.5638 -0.156625
8.60575 5463 -11.5785 -0.156652
8.60795 5475 -11.5146 -0.155617
8.61032 5488 -12.3484 -0.166687
8.61250 5500 -12.2522 -0.165208
8.61486 5513 -12.1584 -0.163750
8.61704 5525 -11.8704 -0.159698
8.61921 5537 -12.6482 -0.169977
8.62155 5550 -12.0506 -0.161757
8.62371 5562 -12.2944 -0.164851
8.62605 5575 -12.1703 -0.162997
8.62820 5587 -12.7148 -0.170107
8.63052 5600 -12.5397 -0.167569
8.63284 5613 -11.6158 -0.155042
8.63498 5625 -11.6184 -0.154912
8.63728 5638 -11.5111 -0.153304
8.63959 5651 -11.3019 -0.150346
8.64171 5663 -11.0774 -0.147203
8.64400 5676 -11.1416 -0.147885
8.64629 5689 -11.8620 -0.157268
8.64857 5702 -11.9849 -0.158716
8.65085 5715 -12.0218 -0.159023
8.65295 5727 -11.7093 -0.154728
8.65521 5740 -11.7382 -0.154934
8.65748 5753 -11.7264 -0.154602
8.65973 5766 -11.2578 -0.148258
8.66199 5779 -11.4418 -0.150511
8.66423 5792 -10.9269 -0.143576
8.66647 5805 -10.4704 -0.137424
8.66871 5818 -10.4444 -0.136929
8.67094 5831 -10.4692 -0.137102
8.67334 5845 -10.5550 -0.138059
8.67556 5858 -11.1620 -0.145837
8.67778 5871 -10.8324 -0.141373
8.67999 5884 -10.5248 -0.137207
8.68220 5897 -10.8151 -0.140836
8.68457 5911 -10.5106 -0.136708
8.68677 5924 -9.8840 -0.128418
8.68896 5937 -9.4325 -0.122418
8.69131 5951 -9.0530 -0.117353
8.69350 5964 -9.2444 -0.119704
8.69584 5978 -9.1194 -0.117947
8.69801 5991 -8.6962 -0.112352
8.70018 6004 -9.1640 -0.118268
8.70251 6018 -9.4963 -0.122413
8.70483 6032 -9.4652 -0.121871
8.70699 6045 -9.0745 -0.116715
8.70930 6059 -10.0626 -0.129273
8.71144 6072 -9.6304 -0.123589
8.71375 6086 -9.3760 -0.120185
8.71604 6100 -9.0584 -0.115981
8.71817 6113 -9.7229 -0.124357
8.72046 6127 -10.0566 -0.128477
8.72274 6141 -9.4274 -0.120302
8.72502 6155 -10.1772 -0.129722
8.72729 6169 -9.7118 -0.123650
8.72956 6183 -9.4038 -0.119593
8.73182 6197 -9.0075 -0.114423
8.73408 6211 -8.9159 -0.113132
8.73617 6224 -8.8930 -0.112723
8.73858 6239 -8.9007 -0.112685
8.74082 6253 -8.9394 -0.113048
8.74305 6267 -8.9771 -0.113399
8.74528 6281 -9.6128 -0.121293
8.74751 6295 -9.7644 -0.123069
8.74973 6309 -10.1344 -0.127590
8.75195 6323 -10.4769 -0.131756
8.75432 6338 -11.4961 -0.144403
8.75653 6352 -11.3930 -0.142949
8.75873 6366 -11.1982 -0.140351
8.76092 6380 -11.5464 -0.144556
8.76327 6395 -11.4534 -0.143224
8.76546 6409 -11.2977 -0.141121
8.76780 6424 -11.3583 -0.141713
8.76997 6438 -11.4479 -0.142676
8.77230 6453 -11.1833 -0.139217
8.77447 6467 -11.2009 -0.139285
8.77678 6482 -11.2432 -0.139648
8.77894 6496 -11.3448 -0.140758
8.78125 6511 -10.7570 -0.133312
8.78355 6526 -11.2389 -0.139123
8.78569 6540 -11.1053 -0.137322
8.78798 6555 -11.0566 -0.136564
8.79027 6570 -11.1729 -0.137843
8.79255 6585 -11.5054 -0.141783
8.79467 6599 -11.2492 -0.138479
8.79694 6614 -11.2948 -0.138882
8.79921 6629 -11.4466 -0.140589
8.80147 6644 -11.8409 -0.145268
8.80372 6659 -11.7900 -0.144480
8.80597 6674 -11.1075 -0.135963
8.80822 6689 -10.7062 -0.130904
8.81046 6704 -10.8304 -0.132275
8.81269 6719 -10.2039 -0.124484
8.81492 6734 -9.6118 -0.117130
8.81730 6750 -9.4470 -0.114985
8.81952 6765 -8.9887 -0.109285
8.82173 6780 -8.8837 -0.107889
8.82394 6795 -9.0438 -0.109713
8.82629 6811 -9.9253 -0.120265
8.82849 6826 -10.1005 -0.122254
8.83069 6841 -10.3719 -0.125401
8.83303 6857 -10.8329 -0.130822
8.83521 6872 -10.5902 -0.127751
8.83754 6888 -9.4175 -0.113472
8.83971 6903 -9.4294 -0.113491
8.84203 6919 -10.1760 -0.122336
8.84419 6934 -10.6600 -0.128016
8.84650 6950 -10.7704 -0.129193
8.84865 6965 -11.0455 -0.132351
8.85095 6981 -11.1885 -0.133910
8.85324 6997 -11.5766 -0.138396
8.85552 7013 -11.5644 -0.138093
8.85766 7028 -11.3921 -0.135890
8.85993 7044 -10.8022 -0.128707
8.86220 7060 -10.7079 -0.127439
8.86446 7076 -11.1411 -0.132445
8.86672 7092 -11.5837 -0.137551
8.86898 7108 -12.1110 -0.143650
8.87122 7124 -12.9674 -0.153636
8.87347 7140 -13.2849 -0.157220
8.87571 7156 -12.6746 -0.149831
8.87794 7172 -12.6452 -0.149316
8.88017 7188 -12.8656 -0.151750
8.88239 7204 -12.8670 -0.151597
8.88475 7221 -12.6974 -0.149423
8.88696 7237 -13.3613 -0.157062
8.88917 7253 -12.7879 -0.150155
8.89151 7270 -13.0969 -0.153604
8.89371 7286 -13.6303 -0.159684
8.89590 7302 -13.3398 -0.156109
8.89823 7319 -13.1761 -0.154014
8.90041 7335 -13.6131 -0.158949
8.90273 7352 -13.8968 -0.162073
8.90490 7368 -13.7616 -0.160322
8.90721 7385 -13.6981 -0.159398
8.90951 7402 -13.6163 -0.158264
8.91166 7418 -13.8232 -0.160497
8.91395 7435 -13.2665 -0.153856
8.91624 7452 -13.2156 -0.153091
8.91838 7468 -13.2258 -0.153045
8.92066 7485 -13.8494 -0.160079
8.92292 7502 -13.7853 -0.159158
8.92519 7519 -13.3982 -0.154513
8.92745 7536 -13.4666 -0.155127
8.92970 7553 -14.8438 -0.170799
8.93195 7570 -13.6979 -0.157437
8.93419 7587 -13.3079 -0.152783
8.93643 7604 -13.7846 -0.158078
8.93866 7621 -13.6859 -0.156771
8.94089 7638 -13.7811 -0.157687
8.94324 7656 -14.3626 -0.164147
8.94546 7673 -14.6711 -0.167486
8.94768 7690 -14.3328 -0.163443
8.94988 7707 -14.7212 -0.167688
8.95222 7725 -13.9618 -0.158852
8.95442 7742 -14.2939 -0.162452
8.95674 7760 -14.6186 -0.165949
8.95893 7777 -14.0746 -0.159599
8.96124 7795 -13.8456 -0.156821
8.96342 7812 -13.7277 -0.155316
8.96572 7830 -13.5126 -0.152707
8.96789 7847 -13.2649 -0.149745
8.97018 7865 -13.0087 -0.146685
8.97246 7883 -13.3742 -0.150634
8.97462 7900 -13.7880 -0.155127
8.97689 7918 -14.2623 -0.160281
8.97916 7936 -13.4593 -0.151085
8.98143 7954 -12.9764 -0.145499
8.98369 7972 -13.1479 -0.147256
8.98595 7990 -13.0608 -0.146115
8.98820 8008 -12.9784 -0.145031
8.99044 8026 -13.0519 -0.145688
8.99268 8044 -13.7343 -0.153133
8.99492 8062 -14.3097 -0.159371
8.99715 8080 -15.1654 -0.168713
8.99937 8098 -15.6350 -0.173744
9.00172 8117 -15.7029 -0.174294
9.00393 8135 -15.9870 -0.177251
9.00614 8153 -15.5467 -0.172179
9.00847 8172 -15.8629 -0.175477
9.01067 8190 -16.3400 -0.180555
9.01286 8208 -16.6748 -0.184053
9.01518 8227 -17.0117 -0.187554
9.01736 8245 -16.6647 -0.183528
9.01966 8264 -16.8254 -0.185084
9.02196 8283 -16.5206 -0.181524
9.02413 8301 -16.2099 -0.177916
9.02642 8320 -16.3513 -0.179263
9.02870 8339 -16.5237 -0.180947
9.03085 8357 -17.5243 -0.191697
9.03313 8376 -17.8005 -0.194497
9.03539 8395 -17.8573 -0.194898
9.03765 8414 -17.8260 -0.194336
9.03991 8433 -17.0801 -0.185994
9.04216 8452 -17.7964 -0.193576
9.04440 8471 -17.1267 -0.186082
9.04664 8490 -16.8055 -0.182388
9.04888 8509 -17.0550 -0.184889
9.05111 8528 -16.8991 -0.182996
9.05345 8548 -17.2317 -0.186379
9.05567 8567 -17.0129 -0.183808
9.05789 8586 -16.0217 -0.172908
9.06010 8605 -16.1785 -0.174406
9.06242 8625 -15.4783 -0.166665
9.06462 8644 -15.3231 -0.164812
9.06693 8664 -15.7410 -0.169112
9.06912 8683 -16.0491 -0.172233
9.07142 8703 -16.2995 -0.174719
9.07360 8722 -16.2722 -0.174236
9.07589 8742 -15.0188 -0.160631
9.07818 8762 -14.9051 -0.159233
9.08035 8781 -14.6829 -0.156689
9.08262 8801 -14.1200 -0.150511
9.08489 8821 -14.1081 -0.150214
9.08716 8841 -13.4039 -0.142554
9.08941 8861 -13.3785 -0.142124
9.09167 8881 -14.3778 -0.152568
9.09392 8901 -14.2498 -0.151039
9.09616 8921 -14.8468 -0.157191
9.09840 8941 -14.7753 -0.156259
9.10064 8961 -14.3907 -0.152021
9.10287 8981 -15.4523 -0.163054
9.10509 9001 -15.4993 -0.163368
9.10742 9022 -15.6414 -0.164674
9.10964 9042 -15.7813 -0.165963
9.11185 9062 -16.3814 -0.172083
9.11416 9083 -15.8984 -0.166816
9.11636 9103 -15.5735 -0.163228
9.11866 9124 -15.5704 -0.163008
9.12085 9144 -15.4960 -0.162051
9.12315 9165 -16.0563 -0.167717
9.12533 9185 -16.6302 -0.173523
9.12761 9206 -16.9599 -0.176761
9.12989 9227 -17.2607 -0.179691
9.13216 9248 -18.2694 -0.189977
9.13443 9269 -18.1722 -0.188752
9.13659 9289 -17.7656 -0.184329
9.13884 9310 -17.3791 -0.180116
9.14110 9331 -17.5955 -0.182153
9.14335 9352 -18.5400 -0.191716
9.14559 9373 -17.1126 -0.176757
9.14783 9394 -16.8307 -0.173651
9.15017 9416 -16.8070 -0.173204
9.15239 9437 -16.7525 -0.172450
9.15462 9458 -17.1811 -0.176665
9.15683 9479 -16.9240 -0.173829
9.15915 9501 -16.9607 -0.174004
9.16136 9522 -16.8587 -0.172766
9.16367 9544 -17.3510 -0.177607
9.16587 9565 -17.6047 -0.180006
9.16816 9587 -17.4465 -0.178184
9.17035 9608 -18.1441 -0.185105
9.17264 9630 -18.9152 -0.192752
9.17482 9651 -18.2534 -0.185805
9.17709 9673 -18.7080 -0.190216
9.17937 9695 -18.9906 -0.192870
9.18163 9717 -18.8021 -0.190740
9.18389 9739 -17.9186 -0.181571
9.18615 9761 -17.5359 -0.177493
9.18840 9783 -17.7870 -0.179832
9.19065 9805 -18.2149 -0.183951
9.19289 9827 -19.4186 -0.195888
9.19513 9849 -18.5023 -0.186436
9.19736 9871 -18.3300 -0.184494
9.19958 9893 -18.4398 -0.185393
9.20190 9916 -17.9937 -0.180697
9.20412 9938 -18.2366 -0.182934
9.20633 9960 -17.8748 -0.179107
9.20864 9983 -17.7333 -0.177484
9.21084 10005 -16.9125 -0.169083
9.21314 10028 -17.4019 -0.173776
9.21533 10050 -17.0550 -0.170125
9.21761 10073 -16.4033 -0.163437
9.21989 10096 -16.4654 -0.163869
9.22207 10118 -16.8608 -0.167622
9.22434 10141 -16.9969 -0.168784
9.22661 10164 -17.3146 -0.171744
9.22887 10187 -17.1246 -0.169667
9.23112 10210 -16.4377 -0.162678
9.23337 10233 -15.7369 -0.155567
9.23562 10256 -15.9478 -0.157475
9.23786 10279 -15.3970 -0.151866
9.24009 10302 -16.1288 -0.158906
9.24232 10325 -16.5966 -0.163333
9.24455 10348 -17.3127 -0.170191
9.24687 10372 -18.2244 -0.178946
9.24908 10395 -18.0378 -0.176918
9.25139 10419 -17.6838 -0.173245
9.25359 10442 -17.4342 -0.170613
9.25579 10465 -17.5750 -0.171801
9.25808 10489 -17.8865 -0.174646
9.26037 10513 -18.4059 -0.179512
9.26255 10536 -18.8318 -0.183465
9.26483 10560 -18.0181 -0.175338
9.26710 10584 -18.3402 -0.178270
9.26936 10608 -19.1655 -0.186081
9.27162 10632 -19.4526 -0.188656
9.27388 10656 -19.3915 -0.187851
9.27613 10680 -19.8277 -0.191861
9.27837 10704 -19.7962 -0.191341
9.28061 10728 -20.1969 -0.194996
9.28285 10752 -20.3729 -0.196476
9.28508 10776 -20.2971 -0.195527
9.28730 10800 -20.0186 -0.192629
9.28961 10825 -20.0234 -0.192453
9.29183 10849 -20.2435 -0.194353
9.29404 10873 -20.7021 -0.198536
9.29633 10898 -21.4556 -0.205526
9.29853 10922 -20.9751 -0.200702
9.30082 10947 -21.5406 -0.205878
9.30310 10972 -21.4401 -0.204684
9.30529 10996 -21.7910 -0.207806
9.30756 11021 -21.8131 -0.207782
9.30982 11046 -22.5298 -0.214365
9.31208 11071 -22.4941 -0.213784
9.31434 11096 -23.1672 -0.219933
9.31659 11121 -22.8330 -0.216517
9.31884 11146 -22.8720 -0.216643
9.32108 11171 -22.2664 -0.210671
9.32331 11196 -22.2449 -0.210232
9.32554 11221 -21.2984 -0.201063
9.32786 11247 -20.5400 -0.193678
9.33008 11272 -20.6412 -0.194418
9.33229 11297 -20.3670 -0.191622
9.33459 11323 -20.6290 -0.193864
9.33680 11348 -20.4393 -0.191869
9.33909 11374 -20.6901 -0.194002
9.34128 11399 -20.7663 -0.194503
9.34356 11425 -20.6305 -0.193011
9.34583 11451 -19.8623 -0.185613
9.34810 11477 -20.6984 -0.193207
9.35028 11502 -19.5597 -0.182380
9.35253 11528 -19.4201 -0.180874
9.35479 11554 -19.4779 -0.181207
9.35703 11580 -20.2536 -0.188212
9.35928 11606 -21.1669 -0.196479
9.36152 11632 -21.4162 -0.198571
9.36383 11659 -21.4230 -0.198404
9.36606 11685 -21.8676 -0.202296
9.36828 11711 -21.7049 -0.200568
9.37059 11738 -22.2642 -0.205500
9.37280 11764 -22.2008 -0.204687
9.37509 11791 -21.8488 -0.201212
9.37729 11817 -21.0305 -0.193462
9.37958 11844 -20.7414 -0.190585
9.38177 11870 -21.0106 -0.192847
9.38404 11897 -22.6487 -0.207646
9.38631 11924 -22.0629 -0.202046
9.38857 11951 -22.3566 -0.204505
9.39083 11978 -22.0020 -0.201034
9.39308 12005 -20.8933 -0.190689
9.39533 12032 -20.6768 -0.188501
9.39757 12059 -19.7170 -0.179550
9.39980 12086 -19.5745 -0.178053
9.40203 12113 -20.0403 -0.182087
9.40426 12140 -18.7645 -0.170305
9.40656 12168 -19.3633 -0.175538
9.40878 12195 -18.4633 -0.167194
9.41107 12223 -19.1256 -0.172992
9.41328 12250 -18.3698 -0.165972
9.41556 12278 -18.3419 -0.165531
9.41776 12305 -18.0401 -0.162629
9.42003 12333 -18.0157 -0.162224
9.42230 12361 -17.8458 -0.160513
9.42456 12389 -17.6468 -0.158543
9.42682 12417 -16.3569 -0.146789
9.42899 12444 -16.1762 -0.145010
9.43124 12472 -15.8703 -0.142107
9.43356 12501 -15.4586 -0.138261
9.43580 12529 -15.2681 -0.136404
9.43803 12557 -14.5818 -0.130128
9.44026 12585 -14.6814 -0.130870
9.44256 12614 -14.8124 -0.131886
9.44478 12642 -15.0639 -0.133977
9.44699 12670 -15.0052 -0.133307
9.44928 12699 -15.6198 -0.138609
9.45156 12728 -16.8953 -0.149756
9.45376 12756 -16.9894 -0.150425
9.45603 12785 -17.2836 -0.152857
9.45829 12814 -17.5439 -0.154983
9.46055 12843 -17.2094 -0.151856
9.46273 12871 -17.3305 -0.152758
9.46498 12900 -17.0047 -0.149718
9.46731 12930 -16.6786 -0.146676
9.46955 12959 -17.5297 -0.153989
9.47178 12988 -17.8264 -0.156420
9.47401 13017 -18.8734 -0.165423
9.47624 13046 -18.6315 -0.163121
9.47853 13076 -19.0025 -0.166178
9.48075 13105 -18.4376 -0.161059
9.48304 13135 -17.9007 -0.156191
9.48524 13164 -17.8773 -0.155814
9.48752 13194 -16.1706 -0.140779
9.48979 13224 -15.6343 -0.135955
9.49198 13253 -16.2462 -0.141122
9.49424 13283 -16.7738 -0.145540
9.49650 13313 -17.6526 -0.152992
9.49875 13343 -18.0279 -0.156070
9.50099 13373 -17.9257 -0.155010
9.50323 13403 -17.8100 -0.153838
9.50547 13433 -19.0675 -0.164516
9.50777 13464 -18.6785 -0.160974
9.51000 13494 -18.5546 -0.159728
9.51222 13524 -18.3115 -0.157461
9.51451 13555 -18.1181 -0.155619
9.51672 13585 -17.4289 -0.149534
9.51900 13616 -16.5904 -0.142178
9.52127 13647 -17.0696 -0.146118
9.52347 13677 -16.3826 -0.140083
9.52573 13708 -17.1490 -0.146471
9.52799 13739 -17.3078 -0.147660
9.53025 13770 -17.0502 -0.145299
9.53250 13801 -17.3128 -0.147371
9.53474 13832 -17.8898 -0.152112
9.53698 13863 -17.6049 -0.149522
9.53921 13894 -17.3882 -0.147517
9.54151 13926 -17.9393 -0.152017
9.54374 13957 -18.7516 -0.158724
9.54603 13989 -18.2055 -0.153925
9.54824 14020 -18.5960 -0.157053
9.55052 14052 -18.1815 -0.153377
9.55272 14083 -18.1773 -0.153173
9.55499 14115 -17.8365 -0.150130
9.55726 14147 -18.0784 -0.151995
9.55952 14179 -19.1723 -0.161010
9.56177 14211 -19.0460 -0.159769
9.56402 14243 -19.8480 -0.166309
9.56627 14275 -19.6030 -0.164072
9.56850 14307 -19.8293 -0.165780
9.57074 14339 -20.8708 -0.174293
9.57297 14371 -21.8676 -0.182414
9.57526 14404 -22.8298 -0.190222
9.57748 14436 -23.2462 -0.193477
9.57976 14469 -22.3930 -0.186163
9.58197 14501 -22.2757 -0.184983
9.58425 14534 -22.6449 -0.187835
9.58645 14566 -23.9842 -0.198726
9.58871 14599 -25.4942 -0.210998
9.59097 14632 -25.3547 -0.209607
9.59322 14665 -25.9297 -0.214119
9.59547 14698 -25.5249 -0.210540
9.59771 14731 -25.8863 -0.213282
9.59995 14764 -26.9769 -0.222019
9.60225 14798 -27.5850 -0.226763
9.60447 14831 -25.9239 -0.212870
9.60670 14864 -26.1347 -0.214363
9.60898 14898 -25.5569 -0.209384
9.61119 14931 -24.7028 -0.202163
9.61347 14965 -24.0853 -0.196886
9.61574 14999 -23.8671 -0.194881
9.61794 15032 -23.8926 -0.194874
9.62020 15066 -23.2200 -0.189175
9.62245 15100 -24.0937 -0.196071
9.62470 15134 -25.2479 -0.205234
9.62694 15168 -26.3308 -0.213796
9.62918 15202 -26.8485 -0.217756
9.63148 15237 -26.6824 -0.216160
9.63371 15271 -25.8544 -0.209219
9.63593 15305 -25.9087 -0.209425
9.63822 15340 -25.4542 -0.205516
9.64043 15374 -26.0419 -0.210029
9.64271 15409 -25.5573 -0.205886
9.64498 15444 -26.3101 -0.211711
9.64724 15479 -26.3282 -0.211616
9.64943 15513 -25.8259 -0.207352
9.65169 15548 -25.0064 -0.200546
9.65394 15583 -24.8748 -0.199266
9.65618 15618 -24.0233 -0.192230
9.65848 15654 -24.2810 -0.194068
9.66072 15689 -24.4610 -0.195289
9.66294 15724 -25.3246 -0.201958
9.66523 15760 -25.5286 -0.203353
9.66745 15795 -24.8169 -0.197464
9.66973 15831 -24.0033 -0.190773
9.67193 15866 -23.2358 -0.184469
9.67420 15902 -23.0019 -0.182406
9.67646 15938 -23.4293 -0.185585
9.67872 15974 -22.8638 -0.180901
9.68097 16010 -21.9952 -0.173833
9.68321 16046 -22.0926 -0.174407
9.68546 16082 -21.5632 -0.170037
9.68769 16118 -21.2633 -0.167485
9.68992 16154 -21.0972 -0.165991
9.69221 16191 -20.4894 -0.161025
9.69443 16227 -21.3695 -0.167755
9.69671 16264 -21.6244 -0.169563
9.69892 16300 -21.6719 -0.169747
9.70119 16337 -21.4493 -0.167813
9.70345 16374 -21.4230 -0.167418
9.70571 16411 -21.9794 -0.171573
9.70796 16448 -20.5625 -0.160332
9.71021 16485 -18.8717 -0.146983
9.71245 16522 -20.3263 -0.158135
9.71469 16559 -19.3599 -0.150448
9.71692 16596 -19.6697 -0.152685
9.71920 16634 -18.5600 -0.143906
9.72143 16671 -17.7344 -0.137352
9.72370 16709 -18.3406 -0.141886
9.72591 16746 -17.3344 -0.133953
9.72818 16784 -16.1229 -0.124450
9.73044 16822 -16.2208 -0.125064
9.73270 16860 -15.7406 -0.121225
9.73495 16898 -15.4763 -0.119056
9.73720 16936 -16.2334 -0.124739
9.73944 16974 -16.4274 -0.126089
9.74167 17012 -17.1681 -0.131627
9.74391 17050 -17.0515 -0.130587
9.74619 17089 -16.6804 -0.127599
9.74841 17127 -16.3877 -0.125221
9.75069 17166 -17.0181 -0.129890
9.75290 17204 -17.0591 -0.130060
9.75516 17243 -17.5315 -0.133510
9.75742 17282 -17.8271 -0.135608
9.75967 17321 -17.2137 -0.130794
9.76192 17360 -18.3330 -0.139142
9.76417 17399 -18.3852 -0.139382
9.76641 17438 -18.6952 -0.141573
9.76864 17477 -17.5878 -0.133039
9.77093 17517 -18.7608 -0.141750
9.77315 17556 -18.4944 -0.139581
9.77543 17596 -18.2899 -0.137881
9.77764 17635 -19.1735 -0.144382
9.77991 17675 -19.2616 -0.144882
9.78217 17715 -18.4752 -0.138809
9.78442 17755 -17.1864 -0.128980
9.78667 17795 -17.9858 -0.134828
9.78892 17835 -18.0150 -0.134896
9.79116 17875 -17.7003 -0.132391
9.79339 17915 -17.2892 -0.129172
9.79568 17956 -18.2433 -0.136144
9.79790 17996 -19.0306 -0.141862
9.80018 18037 -17.1475 -0.127679
9.80240 18077 -17.3523 -0.129061
9.80466 18118 -17.7184 -0.131634
9.80692 18159 -18.2514 -0.135441
9.80918 18200 -17.8228 -0.132111
9.81143 18241 -17.5165 -0.129695
9.81367 18282 -17.6949 -0.130869
9.81591 18323 -18.0527 -0.133366
9.81815 18364 -18.5428 -0.136833
9.82038 18405 -18.3897 -0.135552
9.82266 18447 -18.6375 -0.137222
9.82488 18488 -18.9558 -0.139411
9.82715 18530 -18.8246 -0.138289
9.82941 18572 -21.0255 -0.154283
9.83167 18614 -22.0474 -0.161598
9.83387 18655 -23.0590 -0.168827
9.83612 18697 -23.1007 -0.168942
9.83842 18740 -23.6465 -0.172736
9.84065 18782 -24.1082 -0.175911
9.84289 18824 -23.1291 -0.168579
9.84512 18866 -22.7744 -0.165808
9.84739 18909 -22.2325 -0.161679
9.84966 18952 -23.2678 -0.169016
9.85188 18994 -22.5385 -0.163538
9.85414 19037 -22.3029 -0.161645
9.85640 19080 -22.0793 -0.159844
9.85865 19123 -22.2781 -0.161101
9.86089 19166 -22.2067 -0.160405
9.86313 19209 -23.5667 -0.170038
9.86537 19252 -22.3193 -0.160858
9.86765 19296 -20.9803 -0.151035
9.86988 19339 -20.6947 -0.148814
9.87215 19383 -20.9798 -0.150692
9.87437 19426 -21.4955 -0.154226
9.87663 19470 -20.5025 -0.146934
9.87889 19514 -21.2018 -0.151775
9.88114 19558 -21.7088 -0.155229
9.88339 19602 -20.9311 -0.149500
9.88563 19646 -21.3838 -0.152562
9.88787 19690 -22.2315 -0.158433
9.89015 19735 -23.0516 -0.164090
9.89238 19779 -23.2120 -0.165048
9.89465 19824 -23.7921 -0.168981
9.89687 19868 -23.4843 -0.166610
9.89913 19913 -23.2629 -0.164853
9.90139 19958 -22.7948 -0.161353
9.90364 20003 -21.0271 -0.148673
9.90588 20048 -19.9515 -0.140909
9.90813 20093 -18.6393 -0.131494
9.91036 20138 -19.8978 -0.140216
9.91260 20183 -18.7129 -0.131719
9.91487 20229 -17.8225 -0.125308
9.91709 20274 -17.8647 -0.125466
9.91936 20320 -19.3604 -0.135816
9.92162 20366 -18.5995 -0.130331
9.92388 20412 -19.4964 -0.136462
9.92613 20458 -18.9143 -0.132239
9.92838 20504 -19.3779 -0.135328
9.93062 20550 -19.7694 -0.137907
9.93285 20596 -20.2368 -0.141010
9.93513 20643 -20.0331 -0.139432
9.93736 20689 -18.9885 -0.132014
9.93963 20736 -18.7546 -0.130241
9.94184 20782 -19.7155 -0.136762
9.94410 20829 -18.0455 -0.125036
9.94636 20876 -17.2651 -0.119494
9.94860 20923 -17.0269 -0.117713
9.95085 20970 -17.1373 -0.118343
9.95309 21017 -16.4210 -0.113269
9.95537 21065 -17.1612 -0.118241
9.95760 21112 -17.8674 -0.122969
9.95987 21160 -15.7802 -0.108481
9.96209 21207 -15.0326 -0.103227
9.96435 21255 -15.6987 -0.107679
9.96660 21303 -15.3463 -0.105144
9.96885 21351 -15.6019 -0.106775
9.97110 21399 -15.7589 -0.107728
9.97334 21447 -15.5129 -0.105928
9.97558 21495 -15.6144 -0.106502
9.97785 21544 -15.1081 -0.102931
9.98008 21592 -15.0138 -0.102175
9.98234 21641 -14.9291 -0.101483
9.98461 21690 -15.9003 -0.107963
9.98686 21739 -15.9964 -0.108493
9.98907 21787 -16.8818 -0.114372
9.99136 21837 -15.3263 -0.103715
9.99360 21886 -15.5447 -0.105075
9.99584 21935 -15.4792 -0.104516
9.99807 21984 -14.9016 -0.100503
10.00034 22034 -14.1277 -0.095175
10.00261 22084 -12.7055 -0.085498
10.00482 22133 -11.7760 -0.079155
10.00708 22183 -12.9905 -0.087220
10.00933 22233 -12.1588 -0.081544
10.01158 22283 -11.2274 -0.075213
10.01382 22333 -10.7195 -0.071730
10.01610 22384 -10.7660 -0.071959
10.01833 22434 -10.8311 -0.072313
10.02056 22484 -10.0606 -0.067094
10.02282 22535 -9.6827 -0.064501
10.02509 22586 -10.7322 -0.071412
10.02734 22637 -11.5980 -0.077086
10.02959 22688 -11.6544 -0.077373
10.03184 22739 -12.1640 -0.080666
10.03408 22790 -11.1474 -0.073842
10.03631 22841 -11.4925 -0.076042
10.03859 22893 -12.1190 -0.080097
10.04081 22944 -12.4779 -0.082377
10.04308 22996 -11.8812 -0.078349
10.04533 23048 -12.5072 -0.082384
10.04759 23100 -11.3029 -0.074367
10.04984 23152 -11.4576 -0.075300
10.05208 23204 -11.9993 -0.078772
10.05432 23256 -12.4021 -0.081326
10.05655 23308 -13.1915 -0.086406
10.05882 23361 -12.5190 -0.081907
10.06105 23413 -13.3174 -0.087034
10.06331 23466 -12.8426 -0.083837
10.06556 23519 -13.8324 -0.090196
10.06781 23572 -14.8882 -0.096972
10.07006 23625 -14.5172 -0.094449
10.07230 23678 -14.2996 -0.092929
10.07458 23732 -14.1275 -0.091706
10.07681 23785 -12.7064 -0.082389
10.07908 23839 -11.8587 -0.076806
10.08130 23892 -9.7675 -0.063191
10.08356 23946 -9.5264 -0.061562
10.08581 24000 -9.6522 -0.062305
10.08806 24054 -9.7974 -0.063171
10.09030 24108 -10.2598 -0.066078
10.09254 24162 -10.8796 -0.069992
10.09481 24217 -10.7114 -0.068831
10.09704 24271 -9.8129 -0.062988
10.09930 24326 -10.4088 -0.066737
10.10156 24381 -9.6102 -0.061547
10.10381 24436 -8.1854 -0.052363
10.10606 24491 -8.5895 -0.054887
10.10830 24546 -8.5743 -0.054728
10.11054 24601 -8.7512 -0.055794
10.11282 24657 -7.9983 -0.050936
10.11504 24712 -7.0593 -0.044907
10.11731 24768 -7.6005 -0.048294
10.11957 24824 -7.4129 -0.047049
10.12178 24879 -8.4992 -0.053884
10.12403 24935 -8.2870 -0.052480
10.12631 24992 -8.4369 -0.053368
10.12855 25048 -7.1270 -0.045032
10.13078 25104 -8.3192 -0.052506
10.13305 25161 -9.0567 -0.057096
10.13527 25217 -10.2004 -0.064235
10.13753 25274 -9.1316 -0.057440
10.13978 25331 -8.4029 -0.052796
10.14203 25388 -8.2782 -0.051954
10.14427 25445 -9.6147 -0.060275
10.14655 25503 -9.9404 -0.062245
10.14878 25560 -10.6516 -0.066624
10.15105 25618 -11.4383 -0.071465
10.15327 25675 -11.6459 -0.072680
10.15553 25733 -11.7954 -0.073531
10.15778 25791 -10.9907 -0.068437
10.16003 25849 -11.5696 -0.071961
10.16227 25907 -12.7147 -0.078994
10.16454 25966 -11.5262 -0.071529
10.16677 26024 -11.6932 -0.072485
10.16904 26083 -12.0508 -0.074617
10.17126 26141 -13.3795 -0.082752
10.17351 26200 -12.7923 -0.079031
10.17576 26259 -12.4250 -0.076676
10.17801 26318 -12.4843 -0.076955
10.18029 26378 -12.3243 -0.075883
10.18252 26437 -14.3469 -0.088237
10.18479 26497 -13.0762 -0.080331
10.18701 26556 -12.3792 -0.075965
10.18927 26616 -13.2493 -0.081212
10.19152 26676 -13.2330 -0.081021
10.19377 26736 -14.2845 -0.087361
10.19601 26796 -14.0693 -0.085949
10.19828 26857 -14.3537 -0.087586
10.20051 26917 -13.5987 -0.082886
10.20278 26978 -14.1093 -0.085902
10.20500 27038 -13.5554 -0.082437
10.20725 27099 -11.4452 -0.069526
10.20950 27160 -10.8516 -0.065846
10.21178 27222 -11.4561 -0.069435
10.21402 27283 -11.5468 -0.069906
10.21625 27344 -11.3943 -0.068906
10.21852 27406 -12.9036 -0.077945
10.22078 27468 -11.7321 -0.070789
10.22300 27529 -12.2955 -0.074105
10.22524 27591 -13.6798 -0.082356
10.22753 27654 -12.8763 -0.077431
10.22977 27716 -13.1057 -0.078722
10.23200 27778 -14.5295 -0.087176
10.23427 27841 -14.6756 -0.087954
10.23649 27903 -16.4294 -0.098355
10.23874 27966 -18.4066 -0.110067
10.24099 28029 -18.6797 -0.111575
10.24324 28092 -19.0965 -0.113937
10.24552 28156 -19.5523 -0.116523
10.24775 28219 -19.3054 -0.114924
10.25002 28283 -18.5394 -0.110239
10.25224 28346 -17.2265 -0.102318
10.25450 28410 -14.5733 -0.086461
10.25675 28474 -13.8940 -0.082338
10.25899 28538 -13.2530 -0.078452
10.26123 28602 -13.2840 -0.078547
10.26350 28667 -14.0381 -0.082912
10.26573 28731 -12.6773 -0.074792
10.26799 28796 -12.9888 -0.076543
10.27025 28861 -12.5595 -0.073930
10.27250 28926 -12.9354 -0.076056
10.27474 28991 -12.7300 -0.074765
10.27698 29056 -11.8734 -0.069656
10.27925 29122 -10.9817 -0.064352
10.28148 29187 -7.6457 -0.044753
10.28374 29253 -7.4322 -0.043454
10.28599 29319 -7.4853 -0.043715
10.28824 29385 -7.4433 -0.043421
10.29048 29451 -8.2516 -0.048083
10.29272 29517 -9.1762 -0.053411
10.29499 29584 -10.7639 -0.062581
10.29722 29650 -10.7103 -0.062200
10.29947 29717 -10.7003 -0.062072
10.30173 29784 -7.9968 -0.046337
10.30397 29851 -7.7217 -0.044692
10.30622 29918 -9.9794 -0.057695
10.30849 29986 -9.7608 -0.056367
10.31072 30053 -7.9691 -0.045969
10.31298 30121 -6.7635 -0.038971
10.31523 30189 -7.7871 -0.044818
10.31748 30257 -8.6138 -0.049520
10.31973 30325 -7.1173 -0.040871
10.32197 30393 -7.7028 -0.044184
10.32424 30462 -6.8947 -0.039503
10.32647 30530 -7.4224 -0.042480
10.32872 30599 -5.7357 -0.032789
10.33098 30668 -6.7447 -0.038514
10.33322 30737 -5.9018 -0.033663
10.33546 30806 -5.6431 -0.032152
10.33773 30876 -4.7962 -0.027295
10.33997 30945 -3.0995 -0.017620
10.34223 31015 -3.8800 -0.022032
10.34448 31085 -4.1318 -0.023435
10.34673 31155 -3.1370 -0.017773
10.34897 31225 -3.2738 -0.018527
10.35121 31295 -4.4463 -0.025134
10.35345 31365 -4.3782 -0.024722
10.35571 31436 -4.5833 -0.025851
10.35797 31507 -5.2443 -0.029545
10.36022 31578 -4.7882 -0.026945
10.36246 31649 -4.9115 -0.027608
10.36470 31720 -4.7838 -0.026860
10.36697 31792 -6.5694 -0.036844
10.36920 31863 -4.1184 -0.023072
10.37146 31935 -3.9919 -0.022338
10.37371 32007 -4.3109 -0.024096
10.37596 32079 -4.4561 -0.024879
10.37820 32151 -3.5075 -0.019561
10.38047 32224 -4.0785 -0.022720
10.38270 32296 -5.1913 -0.028887
10.38496 32369 -6.1611 -0.034245
10.38721 32442 -7.0803 -0.039309
10.38946 32515 -9.0847 -0.050381
10.39170 32588 -9.0409 -0.050082
10.39394 32661 -8.1853 -0.045292
10.39620 32735 -7.9667 -0.044032
10.39846 32809 -8.0679 -0.044542
10.40071 32883 -8.3222 -0.045894
10.40296 32957 -7.6527 -0.042154
10.40520 33031 -7.4879 -0.041200
10.40744 33105 -6.5879 -0.036208
10.40970 33180 -6.7986 -0.037324
10.41193 33254 -6.2754 -0.034413
10.41418 33329 -6.9045 -0.037820
10.41643 33404 -6.4492 -0.035287
10.41870 33480 -6.7164 -0.036707
10.42094 33555 -5.7971 -0.031647
10.42320 33631 -7.2221 -0.039382
10.42543 33706 -9.5384 -0.051954
10.42768 33782 -10.0531 -0.054696
10.42993 33858 -8.7183 -0.047381
10.43217 33934 -8.0231 -0.043554
10.43444 34011 -8.5257 -0.046230
10.43667 34087 -8.5120 -0.046104
10.43893 34164 -7.4829 -0.040484
10.44118 34241 -7.5691 -0.040904
10.44343 34318 -7.8238 -0.042233
10.44567 34395 -8.1012 -0.043682
10.44793 34473 -9.3188 -0.050190
10.45019 34551 -9.1386 -0.049165
10.45242 34628 -10.0528 -0.054022
10.45467 34706 -8.4413 -0.045311
10.45691 34784 -8.1403 -0.043647
10.45918 34863 -8.0173 -0.042938
10.46142 34941 -8.5902 -0.045955
10.46367 35020 -9.1229 -0.048750
10.46593 35099 -8.9290 -0.047660
10.46818 35178 -10.2653 -0.054732
10.47042 35257 -11.0211 -0.058695
10.47266 35336 -11.4532 -0.060928
10.47492 35416 -11.4879 -0.061044
10.47718 35496 -13.1607 -0.069854
10.47943 35576 -13.0026 -0.068937
10.48167 35656 -11.4148 -0.060451
10.48391 35736 -11.8098 -0.062473
10.48618 35817 -12.9657 -0.068510
10.48841 35897 -13.1044 -0.069165
10.49066 35978 -12.5893 -0.066372
10.49291 36059 -13.9008 -0.073204
10.49516 36140 -14.8398 -0.078061
10.49742 36222 -14.6598 -0.077027
10.49966 36303 -15.1077 -0.079292
10.50191 36385 -15.8739 -0.083219
10.50416 36467 -16.7891 -0.087918
10.50641 36549 -15.1730 -0.079366
10.50865 36631 -14.5707 -0.076130
10.51091 36714 -14.2907 -0.074583
10.51314 36796 -12.8467 -0.066972
10.51540 36879 -13.9876 -0.072837
10.51765 36962 -14.0462 -0.073060
10.51992 37046 -13.9144 -0.072292
10.52215 37129 -13.9011 -0.072143
10.52441 37213 -13.5533 -0.070259
10.52664 37296 -14.5520 -0.075351
10.52889 37380 -14.5511 -0.075262
10.53116 37465 -14.3488 -0.074131
10.53340 37549 -16.9901 -0.087679
10.53564 37633 -14.6334 -0.075433
10.53789 37718 -15.1171 -0.077838
10.54014 37803 -15.6367 -0.080424
10.54239 37888 -15.7142 -0.080731
10.54466 37974 -15.8001 -0.081080
10.54689 38059 -14.3291 -0.073450
10.54915 38145 -13.4895 -0.069068
10.55140 38231 -14.0211 -0.071709
10.55365 38317 -12.6254 -0.064498
10.55589 38403 -11.6931 -0.059669
10.55815 38490 -12.8906 -0.065705
10.56039 38576 -11.1114 -0.056573
10.56264 38663 -11.9296 -0.060670
10.56489 38750 -9.5418 -0.048472
10.56713 38837 -8.9113 -0.045219
10.56939 38925 -7.7648 -0.039357
10.57162 39012 -8.5280 -0.043177
10.57388 39100 -8.6536 -0.043763
10.57613 39188 -9.3244 -0.047103
10.57839 39277 -9.1029 -0.045931
10.58063 39365 -8.6286 -0.043490
10.58289 39454 -7.9000 -0.039773
10.58512 39542 -8.1400 -0.040935
10.58739 39632 -8.4007 -0.042198
10.58964 39721 -8.7397 -0.043852
10.59187 39810 -8.2349 -0.041273
10.59413 39900 -6.5566 -0.032824
10.59638 39990 -5.7753 -0.028880
10.59863 40080 -5.7622 -0.028782
10.60088 40170 -6.0196 -0.030034
10.60311 40260 -7.7067 -0.038409
10.60537 40351 -6.1633 -0.030682
10.60762 40442 -7.0514 -0.035064
10.60987 40533 -8.5385 -0.042411
10.61211 40624 -7.6352 -0.037882
10.61438 40716 -9.4127 -0.046648
10.61661 40807 -11.2260 -0.055572
10.61886 40899 -9.8142 -0.048529
10.62111 40991 -9.6026 -0.047429
10.62337 41084 -8.6833 -0.042840
10.62561 41176 -7.8029 -0.038454
10.62787 41269 -6.6558 -0.032763
10.63012 41362 -7.2363 -0.035581
10.63236 41455 -5.9854 -0.029397
10.63460 41548 -8.3691 -0.041059
10.63686 41642 -10.5421 -0.051661
10.63912 41736 -11.2004 -0.054825
10.64137 41830 -11.2158 -0.054838
10.64361 41924 -10.5112 -0.051336
10.64585 42018 -9.5742 -0.046708
10.64811 42113 -10.2402 -0.049900
10.65037 42208 -8.6196 -0.041956
10.65261 42303 -9.0316 -0.043911
10.65486 42398 -9.3411 -0.045365
10.65709 42493 -10.0161 -0.048589
10.65935 42589 -9.5128 -0.046096
10.66160 42685 -7.9742 -0.038596
10.66385 42781 -6.6268 -0.032039
10.66609 42877 -7.1101 -0.034337
10.66835 42974 -6.2580 -0.030188
10.67061 43071 -6.1383 -0.029577
10.67285 43168 -5.8259 -0.028040
10.67510 43265 -5.6655 -0.027237
10.67734 43362 -2.9363 -0.014101
10.67960 43460 -2.1365 -0.010249
10.68185 43558 -3.1230 -0.014964
10.68410 43656 -2.9106 -0.013931
10.68634 43754 -4.4506 -0.021277
10.68860 43853 -5.5256 -0.026386
10.69085 43952 -4.1769 -0.019924
10.69310 44051 -5.2871 -0.025191
10.69535 44150 -4.7044 -0.022389
10.69759 44249 -6.2518 -0.029720
10.69985 44349 -6.9371 -0.032941
10.70210 44449 -8.2694 -0.039223
10.70434 44549 -9.9154 -0.046978
10.70659 44649 -9.5093 -0.045003
10.70885 44750 -10.5451 -0.049849
10.71108 44850 -10.6351 -0.050218
10.71333 44951 -11.5007 -0.054244
10.71559 45053 -13.4559 -0.063394
10.71783 45154 -14.6270 -0.068835
10.72009 45256 -13.7688 -0.064723
10.72234 45358 -14.1122 -0.066263
10.72459 45460 -13.4843 -0.063243
10.72683 45562 -13.5018 -0.063254
10.72909 45665 -11.7660 -0.055060
10.73132 45767 -14.2901 -0.066797
10.73359 45871 -14.0804 -0.065742
10.73583 45974 -11.5180 -0.053718
10.73807 46077 -11.4917 -0.053535
10.74032 46181 -10.5153 -0.048932
10.74257 46285 -9.2249 -0.042879
10.74482 46389 -8.0618 -0.037430
10.74708 46494 -5.2153 -0.024187
10.74931 46598 -4.4187 -0.020470
10.75156 46703 -6.6692 -0.030860
10.75383 46809 -6.6948 -0.030944
10.75607 46914 -6.7794 -0.031300
10.75833 47020 -6.7021 -0.030908
10.76056 47125 -5.5131 -0.025396
10.76283 47232 -5.6159 -0.025840
10.76507 47338 -6.1656 -0.028338
10.76733 47445 -6.5640 -0.030135
10.76956 47551 -8.9430 -0.041011
10.77181 47658 -8.8465 -0.040523
10.77407 47766 -7.1270 -0.032610
10.77631 47873 -7.3175 -0.033444
10.77856 47981 -7.2532 -0.033113
10.78081 48089 -7.6648 -0.034953
10.78305 48197 -8.6504 -0.039403
10.78531 48306 -10.0422 -0.045691
10.78756 48415 -6.9022 -0.031369
10.78981 48524 -7.9366 -0.036029
10.79206 48633 -8.4159 -0.038162
10.79430 48742 -10.4261 -0.047225
10.79655 48852 -11.1817 -0.050590
10.79880 48962 -13.1760 -0.059546
10.80104 49072 -13.7561 -0.062098
10.80330 49183 -14.5783 -0.065735
10.80556 49294 -16.1022 -0.072525
10.80781 49405 -18.2307 -0.082020
10.81005 49516 -18.9155 -0.085005
10.81229 49627 -21.6966 -0.097394
10.81454 49739 -23.0941 -0.103551
10.81679 49851 -21.8937 -0.098058
10.81904 49963 -22.8437 -0.102198
10.82130 50076 -22.4277 -0.100224
10.82355 50189 -20.9834 -0.093664
10.82580 50302 -20.7838 -0.092668
10.82804 50415 -20.8683 -0.092941
10.83030 50529 -23.0634 -0.102601
10.83254 50642 -23.2861 -0.103477
10.83479 50756 -23.2261 -0.103094
10.83705 50871 -25.3643 -0.112457
10.83929 50985 -23.9966 -0.106274
10.84154 51100 -21.9497 -0.097100
10.84379 51215 -20.5713 -0.090900
10.84603 51330 -19.5424 -0.086257
10.84829 51446 -21.3234 -0.094011
10.85054 51562 -21.4866 -0.094624
10.85279 51678 -19.9655 -0.087827
10.85503 51794 -20.9456 -0.092035
10.85729 51911 -18.6149 -0.081702
10.85954 52028 -19.5841 -0.085859
10.86178 52145 -19.3475 -0.084726
10.86402 52262 -17.4231 -0.076214
10.86628 52380 -16.7219 -0.073064
10.86853 52498 -16.8535 -0.073556
10.87078 52616 -14.2309 -0.062040
10.87303 52735 -11.4281 -0.049765
10.87527 52853 -11.5407 -0.050199
10.87752 52972 -11.9148 -0.051768
10.87978 53092 -10.3276 -0.044821
10.88202 53211 -10.1482 -0.043994
10.88427 53331 -10.5605 -0.045729
10.88652 53451 -11.9006 -0.051474
10.88876 53571 -12.3262 -0.053256
10.89102 53692 -10.8403 -0.046783
10.89327 53813 -10.0635 -0.043382
10.89552 53934 -9.0836 -0.039114
10.89778 54056 -10.1926 -0.043839
10.90001 54177 -8.5046 -0.036538
10.90226 54299 -7.2259 -0.031010
10.90452 54422 -8.4178 -0.036084
10.90676 54544 -8.3412 -0.035715
10.90902 54667 -9.3388 -0.039942
10.91126 54790 -7.7024 -0.032906
10.91351 54913 -6.4008 -0.027315
10.91576 55037 -7.4633 -0.031813
10.91801 55161 -6.4539 -0.027479
10.92026 55285 -4.8190 -0.020495
10.92252 55410 -1.2193 -0.005180
10.92475 55534 -2.1485 -0.009117
10.92702 55660 -2.0436 -0.008662
10.92926 55785 -0.7361 -0.003117
10.93150 55910 -1.8160 -0.007680
10.93375 56036 -1.8364 -0.007758
10.93601 56163 -0.9188 -0.003877
10.93825 56289 -0.4088 -0.001723
10.94051 56416 -1.1408 -0.004803
10.94276 56543 -0.8206 -0.003451
10.94500 56670 0.6604 0.002774
10.94726 56798 -2.5493 -0.010697
10.94951 56926 -0.3466 -0.001453
10.95175 57054 -0.6651 -0.002785
10.95399 57182 -0.3969 -0.001660
10.95625 57311 1.0303 0.004304
10.95850 57440 -1.2909 -0.005386
10.96074 57569 -1.4018 -0.005842
10.96300 57699 -1.8738 -0.007801
10.96525 57829 -2.2512 -0.009362
10.96749 57959 -3.3389 -0.013869
10.96975 58090 -2.3045 -0.009561
10.97198 58220 -3.2728 -0.013564
10.97425 58352 -3.6002 -0.014904
10.97649 58483 -3.9031 -0.016140
10.97875 58615 -2.5970 -0.010727
10.98100 58747 -3.6585 -0.015094
10.98324 58879 -2.2802 -0.009397
10.98548 59011 -3.4094 -0.014035
10.98773 59144 -2.7783 -0.011424
10.98999 59278 -2.7734 -0.011391
10.99223 59411 -4.0960 -0.016805
10.99449 59545 -4.1023 -0.016811
10.99674 59679 -5.1302 -0.021000
10.99898 59813 -5.9498 -0.024328
11.00123 59948 -5.5868 -0.022818
11.00348 60083 -7.6876 -0.031363
11.00573 60218 -7.7568 -0.031610
11.00798 60354 -7.8660 -0.032019
11.01023 60490 -7.4142 -0.030145
11.01248 60626 -8.0191 -0.032569
11.01472 60762 -6.8856 -0.027933
11.01697 60899 -6.3961 -0.025919
11.01922 61036 -6.7233 -0.027214
11.02148 61174 -6.0713 -0.024547
11.02373 61312 -4.7066 -0.019008
11.02598 61450 -7.9345 -0.032008
11.02822 61588 -5.9988 -0.024172
11.03048 61727 -6.6496 -0.026765
11.03273 61866 -8.0111 -0.032208
11.03497 62005 -9.0260 -0.036248
11.03723 62145 -9.3398 -0.037466
11.03946 62284 -7.4195 -0.029730
11.04172 62425 -7.3579 -0.029449
11.04396 62565 -6.5157 -0.026049
11.04621 62706 -7.8105 -0.031191
11.04846 62847 -8.1624 -0.032559
11.05072 62989 -8.8680 -0.035334
11.05297 63131 -8.8400 -0.035183
11.05521 63273 -8.7216 -0.034673
11.05746 63415 -8.4400 -0.033516
11.05971 63558 -7.2696 -0.028835
11.06196 63701 -6.0305 -0.023894
11.06421 63845 -8.3257 -0.032950
11.06645 63988 -9.3376 -0.036914
11.06871 64133 -9.2327 -0.036458
11.07096 64277 -8.5302 -0.033646
11.07321 64422 -8.2301 -0.032425
11.07546 64567 -8.9675 -0.035291
11.07770 64712 -8.4756 -0.033318
11.07996 64858 -7.7126 -0.030284
11.08220 65004 -6.7314 -0.026402
11.08445 65150 -6.2431 -0.024459
11.08670 65297 -5.7200 -0.022384
11.08895 65444 -6.2680 -0.024502
11.09119 65591 -7.4311 -0.029016
11.09345 65739 -9.3722 -0.036553
11.09570 65887 -9.8911 -0.038534
11.09794 66035 -8.4937 -0.033053
11.10019 66184 -10.1136 -0.039313
11.10244 66333 -9.6145 -0.037330
11.10470 66483 -11.3957 -0.044196
11.10694 66632 -13.4793 -0.052219
11.10919 66782 -12.6648 -0.049008
11.11145 66933 -8.7745 -0.033916
11.11369 67083 -9.8816 -0.038152
11.11593 67234 -10.9601 -0.042269
11.11819 67386 -12.6543 -0.048748
11.12045 67538 -11.3553 -0.043694
11.12269 67690 -11.8652 -0.045605
11.12494 67842 -10.7564 -0.041297
11.12719 67995 -11.6891 -0.044827
11.12944 68148 -11.7564 -0.045035
11.13168 68301 -11.9178 -0.045602
11.13393 68455 -12.2199 -0.046705
11.13618 68609 -12.5835 -0.048041
11.13844 68764 -10.0493 -0.038323
11.14069 68919 -11.5545 -0.044013
11.14293 69074 -12.0397 -0.045810
11.14518 69229 -16.3736 -0.062230
11.14743 69385 -17.2306 -0.065414
11.14967 69541 -16.9103 -0.064125
11.15193 69698 -18.0162 -0.068242
11.15418 69855 -16.0072 -0.060564
11.15642 70012 -16.1117 -0.060891
11.15868 70170 -17.0747 -0.064458
11.16093 70328 -18.7276 -0.070618
11.16317 70486 -18.2196 -0.068626
11.16542 70645 -18.2451 -0.068645
11.16767 70804 -15.9876 -0.060083
11.16991 70963 -14.5066 -0.054456
11.17217 71123 -12.6601 -0.047471
11.17441 71283 -12.9000 -0.048317
11.17667 71444 -13.6434 -0.051043
11.17892 71605 -13.8288 -0.051679
11.18117 71766 -14.7003 -0.054874
11.18342 71928 -15.3067 -0.057073
11.18567 72090 -13.4192 -0.049979
11.18792 72252 -12.3236 -0.045847
11.19017 72415 -13.3011 -0.049428
11.19242 72578 -11.6807 -0.043358
11.19466 72741 -14.1045 -0.052296
11.19691 72905 -11.6799 -0.043258
11.19916 73069 -13.2510 -0.049021
11.20142 73234 -14.2009 -0.052476
11.20365 73398 -13.1297 -0.048463
11.20591 73564 -12.9592 -0.047780
11.20815 73729 -12.9280 -0.047611
11.21040 73895 -13.6297 -0.050139
11.21266 74062 -13.1925 -0.048476
11.21491 74229 -14.2045 -0.052136
11.21716 74396 -14.5621 -0.053389
11.21940 74563 -15.3772 -0.056314
11.22165 74731 -15.4236 -0.056420
11.22390 74899 -12.8946 -0.047116
11.22615 75068 -15.2581 -0.055690
11.22840 75237 -16.0657 -0.058571
11.23064 75406 -16.9350 -0.061671
11.23289 75576 -16.3593 -0.059508
11.23514 75746 -17.4183 -0.063289
11.23740 75917 -18.3273 -0.066516
11.23965 76088 -17.6908 -0.064134
11.24189 76259 -18.5894 -0.067316
11.24414 76431 -17.9881 -0.065065
11.24639 76603 -21.4552 -0.077519
11.24865 76776 -20.3919 -0.073594
11.25089 76948 -21.0888 -0.076024
11.25314 77122 -20.2195 -0.072808
11.25538 77295 -20.6131 -0.074143
11.25763 77469 -21.0911 -0.075777
11.25989 77644 -18.6289 -0.066855
11.26214 77819 -17.9789 -0.064450
11.26439 77994 -17.8600 -0.063952
11.26664 78170 -21.0104 -0.075147
11.26889 78346 -21.8331 -0.078002
11.27113 78522 -21.7486 -0.077613
11.27339 78699 -21.6218 -0.077074
11.27563 78876 -21.3131 -0.075888
11.27789 79054 -22.4772 -0.079943
11.28014 79232 -21.6521 -0.076922
11.28238 79410 -21.0736 -0.074783
11.28463 79589 -20.3825 -0.072249
11.28688 79768 -22.1704 -0.078498
11.28913 79948 -21.2030 -0.074988
11.29138 80128 -19.8494 -0.070122
11.29362 80308 -19.5353 -0.068935
11.29588 80489 -19.2022 -0.067683
11.29812 80670 -20.3117 -0.071514
11.30038 80852 -22.0709 -0.077620
11.30262 81034 -21.0926 -0.074096
11.30487 81216 -17.6332 -0.061874
11.30712 81399 -16.5051 -0.057851
11.30936 81582 -18.8842 -0.066115
11.31162 81766 -17.6549 -0.061742
11.31386 81950 -17.0345 -0.059505
11.31612 82135 -18.3832 -0.064144
11.31837 82320 -19.1736 -0.066827
11.32061 82505 -17.8273 -0.062065
11.32287 82691 -17.9683 -0.062485
11.32511 82877 -19.5397 -0.067873
11.32737 83064 -18.4141 -0.063892
11.32962 83251 -17.8173 -0.061751
11.33186 83438 -16.5602 -0.057330
11.33411 83626 -14.2110 -0.049142
11.33636 83814 -14.4663 -0.049969
11.33861 84003 -12.8605 -0.044372
11.34086 84192 -10.2257 -0.035242
11.34311 84382 -11.8162 -0.040677
11.34536 84572 -12.9249 -0.044444
11.34760 84762 -12.8768 -0.044229
11.34985 84953 -15.0521 -0.051642
11.35210 85144 -14.0740 -0.048233
11.35435 85336 -14.0279 -0.048020
11.35660 85528 -16.0818 -0.054990
11.35885 85721 -15.1797 -0.051846
11.36110 85914 -15.0734 -0.051426
11.36335 86107 -15.7404 -0.053641
11.36560 86301 -15.6363 -0.053226
11.36785 86496 -16.4938 -0.056082
11.37009 86690 -15.3739 -0.052215
11.37235 86886 -16.4427 -0.055783
11.37459 87081 -16.8980 -0.057263
11.37684 87277 -20.5673 -0.069619
11.37910 87474 -23.2374 -0.078568
11.38135 87671 -20.8995 -0.070584
11.38359 87868 -20.7116 -0.069871
11.38584 88066 -20.5930 -0.069393
11.38809 88264 -18.8821 -0.063556
11.39034 88463 -21.8090 -0.073325
11.39259 88662 -22.9930 -0.077219
11.39484 88862 -21.4880 -0.072084
11.39709 89062 -20.9782 -0.070295
11.39934 89263 -19.9362 -0.066728
11.40159 89464 -16.4525 -0.055006
11.40384 89665 -15.7937 -0.052744
11.40609 89867 -15.3404 -0.051173
11.40833 90069 -15.6673 -0.052204
11.41058 90272 -15.6404 -0.052056
11.41283 90475 -16.7154 -0.055572
11.41508 90679 -18.1697 -0.060339
11.41733 90883 -17.8982 -0.059370
11.41958 91088 -20.9040 -0.069263
11.42183 91293 -22.2877 -0.073764
11.42408 91499 -20.7281 -0.068525
11.42633 91705 -20.6349 -0.068140
11.42858 91911 -20.4921 -0.067593
11.43083 92118 -22.2817 -0.073414
11.43307 92325 -21.4600 -0.070627
11.43532 92533 -25.5540 -0.084006
11.43758 92742 -26.4676 -0.086911
11.43982 92950 -24.7292 -0.081112
11.44207 93160 -25.0868 -0.082192
11.44433 93370 -25.6306 -0.083879
11.44657 93580 -25.9230 -0.084741
11.44882 93791 -26.1268 -0.085311
11.45107 94002 -24.9637 -0.081422
11.45331 94213 -23.1397 -0.075388
11.45556 94425 -23.1809 -0.075438
11.45781 94638 -23.1766 -0.075338
11.46006 94851 -21.6393 -0.070262
11.46232 95065 -21.9344 -0.071140
11.46456 95279 -20.9853 -0.067986
11.46681 95493 -19.1093 -0.061838
11.46906 95708 -18.1047 -0.058522
11.47131 95924 -16.5339 -0.053384
11.47356 96140 -14.3541 -0.046294
11.47580 96356 -12.4427 -0.040084
11.47805 96573 -13.1063 -0.042175
11.48031 96791 -14.5186 -0.046667
11.48256 97009 -14.1072 -0.045293
11.48480 97227 -16.0569 -0.051496
11.48705 97446 -13.4385 -0.043050
11.48931 97666 -11.6823 -0.037381
11.49155 97885 -11.3445 -0.036260
11.49380 98106 -12.5545 -0.040082
11.49605 98327 -11.1024 -0.035406
11.49830 98548 -12.9430 -0.041230
11.50055 98770 -12.3899 -0.039424
11.50279 98992 -11.2058 -0.035616
11.50504 99215 -14.4893 -0.046000
11.50730 99439 -15.1804 -0.048140
11.50955 99663 -13.3799 -0.042382
11.51179 99887 -13.7839 -0.043613
11.51404 100112 -16.1349 -0.050995
11.51629 100337 -16.2410 -0.051272
11.51854 100563 -15.1935 -0.047911
11.52079 100790 -15.4083 -0.048534
11.52304 101017 -14.4989 -0.045618
11.52529 101244 -14.8647 -0.046717
11.52754 101472 -17.0065 -0.053388
11.52979 101701 -15.4540 -0.048459
11.53204 101930 -15.6123 -0.048901
11.53429 102159 -14.0592 -0.043987
11.53653 102389 -12.6026 -0.039385
11.53879 102620 -12.5499 -0.039176
11.54104 102851 -13.3443 -0.041609
11.54328 103082 -11.3926 -0.035484
11.54554 103315 -10.3230 -0.032116
11.54778 103547 -12.2891 -0.038190
11.55003 103780 -11.1538 -0.034623
11.55228 104014 -12.3926 -0.038425
11.55453 104248 -10.3246 -0.031977
11.55678 104483 -12.3171 -0.038105
11.55903 104718 -13.6389 -0.042147
11.56128 104954 -15.8744 -0.049000
11.56352 105190 -16.0172 -0.049386
11.56577 105427 -14.2134 -0.043775
11.56803 105665 -15.5116 -0.047719
11.57028 105903 -15.8030 -0.048561
11.57252 106141 -14.6257 -0.044893
11.57477 106380 -13.7642 -0.042201
11.57703 106620 -8.7768 -0.026879
11.57927 106860 -7.8614 -0.024049
11.58152 107100 -7.6638 -0.023418
11.58377 107341 -9.5804 -0.029242
11.58602 107583 -9.6434 -0.029401
11.58826 107825 -12.8711 -0.039197
11.59052 108068 -12.8527 -0.039097
11.59276 108311 -12.3228 -0.037443
11.59501 108555 -11.1742 -0.033915
11.59727 108800 -12.1987 -0.036983
11.59952 109045 -9.5232 -0.028839
11.60176 109290 -6.2781 -0.018991
11.60401 109536 -6.5427 -0.019769
11.60626 109783 -6.8671 -0.020726
11.60851 110030 -7.8558 -0.023683
11.61076 110278 -5.4705 -0.016474
11.61301 110526 -3.1612 -0.009509
11.61526 110775 -1.3334 -0.004006
11.61751 111025 -3.4209 -0.010267
11.61976 111275 -4.3468 -0.013031
11.62200 111525 -4.6202 -0.013835
11.62425 111776 -5.8737 -0.017569
11.62650 112028 -7.2632 -0.021700
11.62875 112280 -7.1163 -0.021238
11.63100 112533 -3.6896 -0.010999
11.63325 112786 -4.4811 -0.013343
11.63550 113040 -5.1055 -0.015185
11.63775 113295 -4.7968 -0.014251
11.64000 113550 -3.6950 -0.010965
11.64225 113806 -2.8374 -0.008411
11.64450 114062 -6.8384 -0.020248
11.64675 114319 -7.3735 -0.021808
11.64899 114576 -6.2565 -0.018483
11.65124 114834 -6.8187 -0.020122
11.65350 115093 -10.0548 -0.029638
11.65574 115352 -10.4234 -0.030690
11.65800 115612 -15.0658 -0.044309
11.66024 115872 -15.2195 -0.044711
11.66249 116133 -15.7494 -0.046215
11.66474 116394 -17.3335 -0.050807
11.66699 116657 -19.8899 -0.058234
11.66924 116919 -22.1481 -0.064773
11.67148 117182 -23.1719 -0.067691
11.67373 117446 -23.4792 -0.068512
11.67599 117711 -23.0108 -0.067069
11.67824 117976 -27.2495 -0.079334
11.68048 118241 -26.8288 -0.078022
11.68274 118508 -28.8147 -0.083703
11.68499 118775 -27.4136 -0.079543
11.68723 119042 -29.4229 -0.085278
11.68948 119310 -27.7994 -0.080482
11.69173 119579 -28.4409 -0.082246
11.69398 119848 -26.3316 -0.076061
11.69623 120118 -25.6639 -0.074049
11.69848 120388 -21.7345 -0.062641
11.70072 120659 -17.1558 -0.049389
11.70298 120931 -17.4120 -0.050070
11.70522 121203 -17.0198 -0.048887
11.70747 121476 -12.9489 -0.037152
11.70973 121750 -10.7870 -0.030915
11.71197 122024 -11.5597 -0.033092
11.71422 122299 -12.9409 -0.037004
11.71647 122574 -15.6974 -0.044836
11.71872 122850 -16.5024 -0.047083
11.72097 123127 -17.2030 -0.049026
11.72322 123404 -16.2147 -0.046158
11.72547 123682 -14.2180 -0.040428
11.72771 123960 -15.3842 -0.043695
11.72996 124239 -13.5416 -0.038419
11.73221 124519 -14.2615 -0.040415
11.73447 124800 -15.6324 -0.044250
11.73672 125081 -16.4299 -0.046456
11.73896 125362 -14.2815 -0.040336
11.74122 125645 -15.4184 -0.043498
11.74346 125927 -13.0924 -0.036894
11.74571 126211 -8.9905 -0.025307
11.74796 126495 -5.5198 -0.015520
11.75021 126780 -6.8775 -0.019315
11.75245 127065 -4.5879 -0.012871
11.75471 127352 -5.7159 -0.016017
11.75695 127638 -7.8647 -0.022014
11.75921 127926 -10.3384 -0.028905
11.76146 128214 -8.3823 -0.023410
11.76371 128503 -9.3421 -0.026061
11.76595 128792 -11.3382 -0.031594
11.76820 129082 -10.3203 -0.028725
11.77045 129373 -7.6291 -0.021211
11.77270 129664 -8.6827 -0.024113
11.77495 129956 -8.0186 -0.022243
11.77720 130248 -9.1020 -0.025220
11.77945 130542 -4.6127 -0.012767
11.78170 130836 -6.7689 -0.018713
11.78394 131130 -7.6109 -0.021018
11.78620 131426 -7.9029 -0.021799
11.78844 131721 -5.3996 -0.014878
11.79069 132018 -5.0911 -0.014012
11.79294 132315 -6.2619 -0.017215
11.79519 132613 -6.8787 -0.018889
11.79744 132912 -6.6762 -0.018313
11.79969 133211 -8.8309 -0.024196
11.80194 133511 -9.2295 -0.025259
11.80419 133812 -10.4517 -0.028572
11.80644 134113 -11.8765 -0.032431
11.80869 134415 -11.3777 -0.031034
11.81094 134718 -11.8198 -0.032203
11.81319 135021 -9.5084 -0.025877
11.81543 135325 -7.4883 -0.020356
11.81769 135630 -5.3740 -0.014592
11.81993 135935 -2.8847 -0.007824
11.82218 136241 -3.3034 -0.008950
11.82443 136548 -2.0084 -0.005435
11.82668 136855 -2.0840 -0.005633
11.82893 137164 -1.8364 -0.004958
11.83118 137472 -3.2363 -0.008729
11.83343 137782 -1.7406 -0.004689
11.83568 138092 -4.1730 -0.011230
11.83792 138403 -6.7155 -0.018051
11.84018 138715 -5.3927 -0.014479
11.84242 139027 -6.0927 -0.016340
11.84467 139340 -6.8222 -0.018276
11.84692 139654 -7.3263 -0.019605
11.84917 139968 -4.5994 -0.012294
11.85142 140284 -4.7967 -0.012807
11.85367 140600 -3.9171 -0.010447
11.85592 140916 -5.3118 -0.014150
11.85817 141233 -6.8603 -0.018255
11.86042 141551 -7.8575 -0.020885
11.86267 141870 -6.5676 -0.017437
11.86492 142190 -8.7246 -0.023137
11.86717 142510 -5.2649 -0.013946
11.86942 142831 -4.0582 -0.010738
11.87166 143152 -2.1321 -0.005635
11.87392 143475 -5.5014 -0.014524
11.87616 143798 -10.0992 -0.026632
11.87841 144121 -8.2970 -0.021855
11.88066 144446 -7.0061 -0.018434
11.88291 144771 -3.4561 -0.009083
11.88516 145097 -3.7097 -0.009739
11.88741 145424 -7.2416 -0.018990
11.88965 145751 -9.6699 -0.025329
11.89191 146080 -12.1667 -0.031833
11.89415 146408 -16.3463 -0.042721
11.89640 146738 -13.7959 -0.036015
11.89866 147069 -10.4743 -0.027313
11.90091 147400 -15.4455 -0.040230
11.90316 147732 -13.0798 -0.034030
11.90540 148064 -10.1828 -0.026463
11.90765 148398 -7.2681 -0.018867
11.90990 148732 -6.9247 -0.017955
11.91215 149067 -7.6847 -0.019904
11.91440 149402 -4.0334 -0.010435
11.91665 149739 -2.8145 -0.007273
11.91890 150076 -6.2657 -0.016174
11.92115 150414 -3.4159 -0.008808
11.92340 150753 -1.0783 -0.002777
11.92564 151092 0.9870 0.002539
11.92789 151432 0.5167 0.001328
11.93014 151773 -1.2341 -0.003168
11.93239 152115 -4.6917 -0.012029
11.93464 152457 -2.6594 -0.006811
11.93689 152801 1.6209 0.004147
11.93914 153145 -1.2407 -0.003171
11.94139 153490 -2.3682 -0.006045
11.94364 153835 -6.1067 -0.015570
11.94589 154182 -9.3993 -0.023938
11.94814 154529 -10.8880 -0.027698
11.95039 154877 -12.8386 -0.032623
11.95264 155226 -14.2016 -0.036046
11.95488 155575 -15.3528 -0.038924
11.95713 155925 -13.8640 -0.035110
11.95938 156276 -14.4265 -0.036493
11.96163 156628 -14.5173 -0.036682
11.96388 156981 -11.1961 -0.028258
11.96613 157335 -18.4995 -0.046639
11.96838 157689 -19.2128 -0.048383
11.97063 158044 -21.3774 -0.053773
11.97288 158400 -20.0970 -0.050496
11.97512 158756 -20.9876 -0.052674
11.97738 159114 -19.3262 -0.048450
11.97962 159472 -20.3457 -0.050948
11.98187 159831 -17.7394 -0.044372
11.98412 160191 -18.3770 -0.045915
11.98637 160552 -15.0584 -0.037581
11.98862 160913 -11.5370 -0.028761
11.99087 161276 -11.4354 -0.028475
11.99312 161639 -12.9465 -0.032202
11.99537 162003 -14.0573 -0.034925
11.99762 162368 -13.3881 -0.033225
11.99987 162733 -10.6936 -0.026509
12.00212 163100 -10.1592 -0.025155
12.00437 163467 -9.4586 -0.023394
12.00662 163835 -9.3395 -0.023074
12.00886 164204 -12.9285 -0.031905
12.01112 164574 -13.4203 -0.033081
12.01336 164944 -14.4267 -0.035522
12.01561 165316 -16.1719 -0.039774
12.01786 165688 -15.9816 -0.039262
12.02011 166061 -17.8138 -0.043714
12.02236 166435 -18.6967 -0.045829
12.02461 166810 -18.0785 -0.044264
12.02686 167185 -18.1930 -0.044494
12.02911 167562 -15.4316 -0.037698
12.03136 167939 -15.9021 -0.038804
12.03360 168317 -15.0007 -0.036564
12.03585 168696 -14.3604 -0.034963
12.03810 169076 -13.8508 -0.033685
12.04035 169457 -15.1136 -0.036714
12.04260 169838 -19.5768 -0.047503
12.04485 170221 -18.3009 -0.044357
12.04710 170604 -21.6528 -0.052423
12.04935 170988 -24.3345 -0.058849
12.05160 171373 -25.1457 -0.060742
12.05385 171759 -26.4204 -0.063750
12.05610 172146 -26.2734 -0.063324
12.05834 172533 -28.2576 -0.068030
12.06060 172922 -27.5707 -0.066301
12.06284 173311 -24.3720 -0.058543
12.06509 173701 -22.2814 -0.053461
12.06734 174093 -19.2941 -0.046242
12.06959 174485 -20.4092 -0.048859
12.07184 174877 -18.0903 -0.043259
12.07409 175271 -12.7332 -0.030415
12.07634 175666 -12.0568 -0.028767
12.07859 176061 -10.0756 -0.024013
12.08084 176458 -10.2779 -0.024467
12.08309 176855 -14.4969 -0.034472
12.08533 177253 -15.3973 -0.036572
12.08759 177653 -16.7722 -0.039793
12.08984 178053 -15.4903 -0.036710
12.09208 178453 -16.2116 -0.038376
12.09433 178855 -17.4020 -0.041148
12.09658 179258 -15.7802 -0.037271
12.09883 179662 -11.3879 -0.026867
12.10108 180066 -11.3691 -0.026792
12.10333 180472 -11.4326 -0.026912
12.10558 180878 -7.8317 -0.018415
12.10783 181285 -11.2755 -0.026482
12.11008 181694 -8.3932 -0.019691
12.11233 182103 -7.3877 -0.017312
12.11458 182513 -6.0032 -0.014052
12.11683 182924 -8.0101 -0.018728
12.11908 183336 -4.4696 -0.010439
12.12132 183748 -8.3540 -0.019489
12.12357 184162 -9.7310 -0.022675
12.12582 184577 -5.4817 -0.012759
12.12807 184992 -3.4390 -0.007996
12.13032 185409 -3.4744 -0.008069
12.13257 185826 -4.0310 -0.009351
12.13482 186245 -3.0627 -0.007097
12.13707 186664 -4.9756 -0.011516
12.13932 187085 -5.3119 -0.012281
12.14157 187506 -5.7451 -0.013268
12.14381 187928 -7.5935 -0.017516
12.14606 188351 -9.4873 -0.021860
12.14831 188775 -10.4215 -0.023986
12.15056 189200 -11.2446 -0.025851
12.15281 189626 -11.7077 -0.026886
12.15506 190053 -14.1419 -0.032439
12.15731 190481 -13.3725 -0.030640
12.15956 190910 -16.8072 -0.038466
12.16181 191340 -16.3612 -0.037403
12.16406 191771 -13.9741 -0.031910
12.16631 192203 -14.7085 -0.033550
12.16856 192636 -13.1368 -0.029931
12.17080 193069 -10.8370 -0.024663
12.17305 193504 -11.5365 -0.026226
12.17530 193940 -8.8972 -0.020203
12.17755 194376 -9.1904 -0.020846
12.17980 194814 -10.6994 -0.024241
12.18205 195253 -9.3286 -0.021111
12.18430 195692 -11.7791 -0.026627
12.18655 196133 -10.4680 -0.023637
12.18880 196575 -12.4713 -0.028129
12.19105 197017 -15.7726 -0.035535
12.19330 197461 -16.7944 -0.037794
12.19555 197906 -18.8228 -0.042311
12.19779 198351 -18.3793 -0.041268
12.20004 198798 -15.4587 -0.034671
12.20229 199245 -21.3511 -0.047833
12.20454 199694 -21.6873 -0.048531
12.20679 200144 -24.2111 -0.054118
12.20904 200594 -21.6487 -0.048336
12.21129 201046 -23.2968 -0.051958
12.21354 201499 -23.0847 -0.051427
12.21579 201952 -22.8314 -0.050805
12.21804 202407 -20.9903 -0.046656
12.22029 202863 -19.7415 -0.043831
12.22254 203320 -22.2918 -0.049437
12.22479 203778 -21.0176 -0.046559
12.22703 204236 -25.2515 -0.055875
12.22928 204696 -27.7571 -0.061351
12.23153 205157 -30.1607 -0.066588
12.23378 205619 -27.7478 -0.061192
12.23603 206082 -32.2123 -0.070958
12.23828 206546 -33.1242 -0.072885
12.24053 207011 -31.8215 -0.069940
12.24278 207477 -26.1671 -0.057447
12.24503 207945 -23.6303 -0.051820
12.24728 208413 -28.2692 -0.061923
12.24952 208882 -25.7366 -0.056312
12.25177 209352 -24.7425 -0.054076
12.25402 209824 -25.1604 -0.054927
12.25627 210296 -24.6996 -0.053861
12.25852 210770 -27.6450 -0.060216
12.26077 211244 -28.6803 -0.062401
12.26302 211720 -28.0403 -0.060940
12.26527 212197 -29.8537 -0.064808
12.26752 212675 -29.9993 -0.065051
12.26977 213154 -24.9208 -0.053978
12.27201 213633 -27.1270 -0.058690
12.27427 214115 -27.2431 -0.058875
12.27652 214597 -27.4028 -0.059154
12.27877 215080 -29.5749 -0.063771
12.28101 215564 -29.4805 -0.063496
12.28327 216050 -28.5489 -0.061420
12.28551 216536 -26.0500 -0.055981
12.28776 217024 -26.9324 -0.057812
12.29001 217512 -23.3953 -0.050163
12.29226 218002 -23.6510 -0.050655
12.29451 218493 -23.5299 -0.050339
12.29676 218985 -19.8130 -0.042339
12.29901 219478 -17.5429 -0.037446
12.30126 219972 -19.8667 -0.042359
12.30350 220467 -22.7044 -0.048355
12.30576 220964 -20.2363 -0.043050
12.30800 221461 -25.3062 -0.053775
12.31025 221960 -24.8989 -0.052850
12.31250 222460 -22.0726 -0.046798
12.31475 222961 -21.3833 -0.045286
12.31700 223463 -19.5956 -0.041453
12.31925 223966 -21.2151 -0.044828
12.32150 224470 -19.3514 -0.040845
12.32375 224976 -17.0467 -0.035940
12.32600 225482 -19.5849 -0.041244
12.32825 225990 -20.4093 -0.042932
12.33050 226499 -22.7070 -0.047712
12.33274 227009 -22.9315 -0.048129
12.33499 227520 -24.5161 -0.051397
12.33724 228032 -23.9480 -0.050150
12.33949 228546 -21.7213 -0.045436
12.34174 229061 -19.6622 -0.041082
12.34399 229576 -15.9242 -0.033235
12.34624 230093 -12.1922 -0.025417
12.34849 230611 -15.0251 -0.031288
12.35074 231131 -12.5965 -0.026201
12.35299 231651 -11.4698 -0.023831
12.35524 232173 -9.0190 -0.018718
12.35748 232695 -10.5836 -0.021940
12.35973 233219 -7.7748 -0.016099
12.36199 233745 -9.2661 -0.019166
12.36423 234271 -9.1728 -0.018951
12.36648 234798 -12.6802 -0.026168
12.36873 235327 -13.3846 -0.027591
12.37098 235857 -11.5047 -0.023689
12.37323 236388 -10.3130 -0.021212
12.37548 236920 -14.6319 -0.030061
12.37773 237454 -10.1955 -0.020923
12.37998 237988 -11.9034 -0.024400
12.38223 238524 -16.1714 -0.033112
12.38447 239061 -16.0102 -0.032745
12.38673 239600 -16.4884 -0.033685
12.38897 240139 -16.3065 -0.033276
12.39122 240680 -17.2513 -0.035164
12.39347 241222 -17.7965 -0.036235
12.39572 241765 -19.0692 -0.038783
12.39797 242309 -22.5864 -0.045884
12.40022 242855 -20.3273 -0.041248
12.40247 243402 -23.0497 -0.046720
12.40472 243950 -25.7351 -0.052105
12.40697 244499 -25.2609 -0.051087
12.40922 245050 -25.5696 -0.051653
12.41147 245602 -26.8706 -0.054220
12.41372 246155 -29.3246 -0.059105
12.41596 246709 -30.3833 -0.061171
12.41821 247264 -27.5301 -0.055364
12.42046 247821 -28.1122 -0.056471
12.42271 248379 -28.6356 -0.057458
12.42496 248938 -30.4015 -0.060933
12.42721 249499 -27.5584 -0.055172
12.42946 250061 -28.7089 -0.057411
12.43171 250624 -26.0617 -0.052058
12.43396 251188 -26.5070 -0.052888
12.43621 251754 -26.4845 -0.052784
12.43846 252321 -27.6720 -0.055089
12.44071 252889 -34.4216 -0.068449
12.44295 253458 -38.4607 -0.076395
12.44520 254029 -39.5207 -0.078412
12.44745 254601 -36.7086 -0.072751
12.44970 255174 -35.6862 -0.070645
12.45195 255749 -36.6770 -0.072525
12.45420 256325 -36.5423 -0.072177
12.45645 256902 -37.7752 -0.074529
12.45870 257480 -39.7507 -0.078338
12.46095 258060 -39.5391 -0.077833
12.46320 258641 -41.1873 -0.080987
12.46545 259224 -43.3341 -0.085112
12.46769 259807 -45.3425 -0.088957
12.46994 260392 -41.5803 -0.081484
12.47220 260979 -42.3643 -0.082927
12.47444 261566 -43.9826 -0.085998
12.47669 262155 -45.1962 -0.088272
12.47894 262745 -42.7301 -0.083362
12.48119 263337 -42.7024 -0.083214
12.48344 263930 -34.4803 -0.067116
12.48569 264524 -32.0482 -0.062312
12.48794 265120 -30.4442 -0.059127
12.49019 265717 -33.3961 -0.064787
12.49244 266315 -32.9782 -0.063904
12.49469 266915 -33.1080 -0.064084
12.49693 267516 -32.4926 -0.062822
12.49918 268118 -34.3554 -0.066349
12.50143 268722 -32.7499 -0.063177
12.50368 269327 -32.2564 -0.062155
12.50593 269934 -31.5118 -0.060652
12.50818 270541 -31.2774 -0.060133
12.51043 271151 -28.2511 -0.054254
12.51268 271761 -24.5628 -0.047118
12.51493 272373 -21.2781 -0.040771
12.51718 272986 -18.9486 -0.036267
12.51943 273601 -20.1896 -0.038598
12.52168 274217 -26.3005 -0.050225
12.52393 274835 -24.3048 -0.046361
12.52617 275453 -29.1374 -0.055517
12.52842 276074 -29.4259 -0.056004
12.53067 276695 -30.4815 -0.057948
12.53292 277318 -26.3906 -0.050114
12.53517 277943 -26.8929 -0.051010
12.53742 278569 -23.5446 -0.044609
12.53967 279196 -20.5565 -0.038904
12.54192 279824 -21.4063 -0.040467
12.54417 280455 -21.7677 -0.041104
12.54642 281086 -23.9061 -0.045091
12.54867 281719 -25.8369 -0.048678
12.55091 282353 -29.5119 -0.055539
12.55316 282989 -26.8021 -0.050383
12.55541 283626 -23.0259 -0.043236
12.55766 284265 -25.6916 -0.048187
12.55991 284905 -27.9312 -0.052329
12.56216 285547 -24.1955 -0.045279
12.56441 286190 -18.4514 -0.034491
12.56666 286834 -20.9201 -0.039061
12.56891 287480 -20.9293 -0.039035
12.57116 288127 -24.0319 -0.044771
12.57341 288776 -21.0572 -0.039185
12.57565 289426 -22.4111 -0.041658
12.57791 290078 -20.9161 -0.038835
12.58015 290731 -19.6992 -0.036535
12.58240 291386 -24.8122 -0.045965
12.58465 292042 -28.7786 -0.053253
12.58690 292699 -32.5532 -0.060170
12.58915 293358 -30.5317 -0.056370
12.59140 294019 -33.0684 -0.060985
12.59365 294681 -32.3036 -0.059508
12.59590 295345 -29.3524 -0.054011
12.59815 296010 -29.0488 -0.053392
12.60040 296676 -27.3794 -0.050267
12.60264 297344 -27.6933 -0.050786
12.60490 298014 -33.5463 -0.061451
12.60714 298685 -37.5422 -0.068693
12.60939 299357 -35.7278 -0.065300
12.61164 300031 -37.6887 -0.068806
12.61389 300707 -44.9603 -0.081989
12.61614 301384 -43.2428 -0.078769
12.61839 302063 -36.7456 -0.066859
12.62064 302743 -36.9941 -0.067235
12.62289 303424 -43.7385 -0.079403
12.62514 304108 -48.9854 -0.088829
12.62738 304792 -45.6381 -0.082666
12.62964 305479 -35.9495 -0.065043
12.63189 306167 -29.9804 -0.054182
12.63413 306856 -28.9571 -0.052274
12.63638 307547 -22.9474 -0.041379
12.63863 308239 -24.3364 -0.043834
12.64088 308933 -21.6952 -0.039033
12.64313 309629 -18.1624 -0.032640
12.64538 310326 -18.8190 -0.033782
12.64763 311025 -18.7591 -0.033637
12.64988 311725 -16.7280 -0.029961
12.65213 312427 -16.2912 -0.029146
12.65438 313131 -17.2706 -0.030863
12.65663 313836 -18.7826 -0.033528
12.65888 314543 -17.8234 -0.031780
12.66112 315251 -17.0875 -0.030433
12.66337 315961 -19.0437 -0.033879
12.66562 316672 -19.6257 -0.034875
12.66787 317385 -20.0266 -0.035548
12.67012 318100 -17.8126 -0.031582
12.67237 318816 -15.2659 -0.027037
12.67462 319534 -13.4859 -0.023857
12.67687 320253 -14.7956 -0.026145
12.67912 320975 -15.4603 -0.027289
12.68137 321697 -14.1332 -0.024918
12.68362 322422 -11.2685 -0.019845
12.68587 323148 -9.8322 -0.017296
12.68811 323875 -7.0889 -0.012456
12.69036 324605 -9.4283 -0.016548
12.69261 325335 -6.2674 -0.010988
12.69486 326068 -8.7663 -0.015352
12.69711 326802 -10.6835 -0.018688
12.69936 327538 -9.6085 -0.016789
12.70161 328276 -9.7931 -0.017092
12.70386 329015 -8.8591 -0.015445
12.70611 329756 -10.2856 -0.017912
12.70836 330498 -6.6529 -0.011573
12.71060 331242 -5.2348 -0.009096
12.71285 331988 -8.4023 -0.014583
12.71510 332736 -6.5020 -0.011272
12.71735 333485 -8.1387 -0.014093
12.71960 334236 -6.2957 -0.010890
12.72185 334988 -6.0980 -0.010536
12.72410 335743 -3.6834 -0.006357
12.72635 336499 -2.9656 -0.005112
12.72860 337256 -0.9596 -0.001652
12.73085 338016 -3.2273 -0.005551
12.73310 338777 -9.0687 -0.015581
12.73535 339540 -4.9668 -0.008524
12.73759 340304 -6.5530 -0.011233
12.73985 341071 -5.0628 -0.008669
12.74210 341839 -2.4357 -0.004166
12.74434 342608 -0.6893 -0.001178
12.74659 343380 0.3474 0.000593
12.74884 344153 -1.5932 -0.002716
12.75109 344928 -3.2105 -0.005466
12.75334 345705 -0.7093 -0.001206
12.75559 346483 -7.3402 -0.012470
12.75784 347263 -5.7745 -0.009799
12.76009 348045 -5.3136 -0.009007
12.76234 348829 -5.0837 -0.008607
12.76458 349614 -2.9364 -0.004966
12.76683 350401 -1.5999 -0.002703
12.76908 351190 -0.6276 -0.001059
12.77133 351981 -4.6280 -0.007801
12.77358 352774 -4.0776 -0.006865
12.77583 353568 -3.7112 -0.006241
12.77808 354364 -4.3914 -0.007377
12.78033 355162 -2.4175 -0.004057
12.78258 355962 1.7168 0.002878
12.78483 356763 -6.8284 -0.011432
12.78708 357567 -6.9858 -0.011683
12.78933 358372 -8.1138 -0.013554
12.79158 359179 -9.4976 -0.015847
12.79383 359988 -7.5976 -0.012663
12.79607 360798 -10.1603 -0.016915
12.79832 361611 -6.2752 -0.010435
12.80057 362425 -4.8895 -0.008122
12.80282 363241 -5.6687 -0.009406
12.80507 364059 -4.8677 -0.008068
12.80732 364879 -10.2863 -0.017029
12.80957 365700 -9.6531 -0.015963
12.81182 366524 -10.2905 -0.016997
12.81407 367349 -12.6030 -0.020794
12.81632 368176 -8.0160 -0.013211
12.81857 369005 -9.5634 -0.015743
12.82081 369836 -14.8689 -0.024450
12.82306 370669 -12.9637 -0.021293
12.82531 371503 -13.1482 -0.021572
12.82756 372340 -14.9308 -0.024469
12.82981 373178 -13.6820 -0.022397
12.83206 374019 -12.4981 -0.020436
12.83431 374861 -18.3309 -0.029940
12.83656 375705 -16.1413 -0.026334
12.83881 376551 -14.8071 -0.024130
12.84106 377399 -15.5646 -0.025336
12.84331 378248 -15.3573 -0.024970
12.84556 379100 -12.0539 -0.019577
12.84781 379954 -13.7824 -0.022359
12.85005 380809 -11.1453 -0.018061
12.85230 381667 -10.4203 -0.016867
12.85455 382526 -12.5754 -0.020333
12.85680 383388 -14.9802 -0.024193
12.85905 384251 -15.3490 -0.024761
12.86130 385116 -14.7090 -0.023702
12.86355 385983 -12.3866 -0.019937
12.86580 386852 -14.9707 -0.024070
12.86805 387723 -15.0167 -0.024116
12.87030 388596 -16.2995 -0.026147
12.87254 389471 -16.2542 -0.026045
12.87479 390348 -17.7571 -0.028421
12.87704 391227 -13.1710 -0.021057
12.87929 392108 -15.6210 -0.024946
12.88154 392991 -11.7800 -0.018791
12.88379 393876 -9.9566 -0.015865
12.88604 394763 -10.5996 -0.016870
12.88829 395652 -5.9142 -0.009402
12.89054 396543 -4.4211 -0.007021
12.89279 397436 -7.3150 -0.011603
12.89504 398331 -8.1209 -0.012867
12.89729 399228 -3.8548 -0.006101
12.89953 400126 -3.7414 -0.005915
12.90178 401027 -4.7365 -0.007479
12.90403 401930 -2.0373 -0.003214
12.90628 402835 -9.8742 -0.015557
12.90853 403743 -11.0214 -0.017345
12.91078 404652 -9.8451 -0.015477
12.91303 405563 -10.3791 -0.016298
12.91528 406476 -12.4490 -0.019526
12.91753 407391 -21.6940 -0.033989
12.91978 408309 -19.5037 -0.030523
12.92203 409228 -20.1949 -0.031569
12.92428 410149 -22.6714 -0.035400
12.92653 411073 -18.3509 -0.028622
12.92878 411999 -13.8637 -0.021599
12.93102 412926 -10.5467 -0.016413
12.93327 413856 -10.1761 -0.015818
12.93552 414788 -12.1803 -0.018912
12.93777 415722 -13.8970 -0.021554
12.94002 416658 -14.5859 -0.022597
12.94227 417596 -7.9278 -0.012268
12.94452 418536 -14.3957 -0.022252
12.94677 419479 -18.5433 -0.028631
12.94902 420423 -23.3638 -0.036033
12.95127 421370 -16.6518 -0.025652
12.95352 422319 -21.9338 -0.033752
12.95577 423270 -18.8914 -0.029037
12.95801 424223 -23.2259 -0.035660
12.96026 425178 -21.4986 -0.032970
12.96251 426136 -18.3113 -0.028051
12.96476 427095 -19.1369 -0.029283
12.96701 428057 -18.5260 -0.028316
12.96926 429021 -19.1717 -0.029270
12.97151 429987 -14.3468 -0.021879
12.97376 430955 -15.0854 -0.022980
12.97601 431925 -13.2821 -0.020210
12.97826 432898 -11.2183 -0.017050
12.98051 433873 -14.9850 -0.022750
12.98275 434849 -13.4873 -0.020453
12.98501 435829 -14.3045 -0.021668
12.98725 436810 -6.0861 -0.009209
12.98950 437794 -7.6996 -0.011637
12.99175 438779 -8.0823 -0.012201
12.99400 439767 -9.5970 -0.014472
12.99625 440758 -5.4328 -0.008183
12.99850 441750 -5.1807 -0.007795
13.00075 442745 -5.4764 -0.008230
13.00300 443742 -11.4639 -0.017209
13.00525 444741 -10.1456 -0.015213
13.00750 445742 -12.8736 -0.019282
13.00975 446746 -15.5511 -0.023266
13.01199 447752 -10.8793 -0.016259
13.01424 448760 -10.6408 -0.015884
13.01649 449771 -6.7669 -0.010090
13.01874 450783 -7.6827 -0.011443
13.02099 451798 -14.9800 -0.022286
13.02324 452816 -12.0128 -0.017852
13.02549 453835 -12.9282 -0.019191
13.02774 454857 -16.3341 -0.024219
13.02999 455881 -24.2190 -0.035870
13.03224 456908 -25.2319 -0.037328
13.03449 457937 -26.8683 -0.039704
13.03674 458968 -32.5413 -0.048033
13.03898 460001 -32.3171 -0.047649
13.04123 461037 -30.8930 -0.045498
13.04348 462075 -26.5492 -0.039057
13.04573 463116 -18.5287 -0.027227
13.04798 464158 -23.9967 -0.035222
13.05023 465204 -18.9396 -0.027768
13.05248 466251 -20.4783 -0.029991
13.05473 467301 -19.5771 -0.028639
13.05698 468353 -16.7578 -0.024487
13.05923 469408 -10.8651 -0.015858
13.06148 470465 -6.7334 -0.009817
13.06373 471524 -14.5577 -0.021200
13.06598 472586 -15.3005 -0.022257
13.06822 473650 -22.1553 -0.032192
13.07047 474716 -21.8489 -0.031711
13.07272 475785 -21.4167 -0.031049
13.07497 476857 -23.4347 -0.033936
13.07722 477930 -26.5507 -0.038406
13.07947 479007 -24.1153 -0.034843
13.08172 480085 -27.7859 -0.040102
13.08397 481166 -30.9973 -0.044687
13.08622 482250 -26.2173 -0.037753
13.08847 483335 -31.9248 -0.045920
13.09072 484424 -32.3967 -0.046547
13.09297 485515 -32.3048 -0.046362
13.09521 486608 -34.4246 -0.049349
13.09746 487703 -36.4315 -0.052167
13.09971 488802 -34.9377 -0.049972
13.10196 489902 -35.9075 -0.051302
13.10421 491005 -29.9014 -0.042673
13.10646 492111 -29.5955 -0.042189
13.10871 493219 -29.0138 -0.041313
13.11096 494330 -30.2263 -0.042991
13.11321 495443 -28.8417 -0.040975
13.11546 496558 -30.6381 -0.043479
13.11770 497676 -33.1174 -0.046944
13.11995 498797 -28.5786 -0.040465
13.12220 499920 -29.0135 -0.041035
13.12445 501046 -30.6014 -0.043232
13.12670 502174 -31.4001 -0.044310
13.12895 503305 -33.0426 -0.046576
13.13120 504438 -36.7660 -0.051766
13.13345 505574 -36.9157 -0.051918
13.13570 506712 -35.4208 -0.049760
13.13795 507853 -40.1602 -0.056354
13.14020 508997 -40.7306 -0.057090
13.14245 510143 -48.8298 -0.068366
13.14470 511292 -42.4247 -0.059331
13.14694 512443 -46.1373 -0.064451
13.14919 513597 -42.0781 -0.058714
13.15144 514753 -43.6466 -0.060835
13.15369 515912 -43.8583 -0.061061
13.15594 517074 -47.9110 -0.066628
13.15819 518238 -49.3541 -0.068558
13.16044 519405 -45.0563 -0.062518
13.16269 520575 -43.7911 -0.060694
13.16494 521747 -37.8330 -0.052377
13.16719 522922 -42.4257 -0.058669
13.16944 524099 -43.2270 -0.059710
13.17168 525279 -44.0627 -0.060796
13.17393 526462 -39.1934 -0.054017
13.17618 527648 -37.4336 -0.051533
13.17843 528836 -35.9937 -0.049495
13.18068 530026 -31.3098 -0.043006
13.18293 531220 -28.2478 -0.038757
13.18518 532416 -32.7128 -0.044832
13.18743 533615 -34.0879 -0.046664
13.18968 534816 -34.8517 -0.047656
13.19193 536021 -34.2981 -0.046847
13.19418 537228 -33.7165 -0.046001
13.19643 538437 -35.1516 -0.047905
13.19868 539650 -34.7582 -0.047315
13.20092 540865 -34.2743 -0.046604
13.20317 542083 -36.7321 -0.049890
13.20542 543303 -37.3322 -0.050648
13.20767 544527 -37.3672 -0.050638
13.20992 545753 -37.5288 -0.050800
13.21217 546982 -34.4641 -0.046599
13.21442 548213 -32.0380 -0.043270
13.21667 549448 -29.4772 -0.039767
13.21892 550685 -26.8053 -0.036122
13.22117 551925 -21.5914 -0.029063
13.22342 553168 -12.6177 -0.016965
13.22567 554413 -8.8218 -0.011848
13.22792 555662 -13.6022 -0.018247
13.23016 556913 -13.0591 -0.017499
13.23241 558167 -15.1687 -0.020303
13.23466 559424 -18.4034 -0.024605
13.23691 560683 -18.5184 -0.024731
13.23916 561946 -11.6788 -0.015579
13.24141 563211 -15.5002 -0.020654
13.24366 564479 -14.3285 -0.019071
13.24591 565750 -10.4732 -0.013924
13.24816 567024 -8.3955 -0.011149
13.25041 568301 -7.7448 -0.010274
13.25266 569581 -4.7710 -0.006322
13.25490 570863 -11.1688 -0.014782
13.25715 572149 -11.5700 -0.015296
13.25940 573437 -8.1331 -0.010740
13.26165 574728 -8.8518 -0.011676
13.26390 576022 -4.6323 -0.006103
13.26615 577319 -2.8456 -0.003745
13.26840 578619 -4.7158 -0.006200
13.27065 579922 -7.5095 -0.009861
13.27290 581228 -17.4831 -0.022932
13.27515 582537 -12.1343 -0.015898
13.27740 583848 -7.5095 -0.009828
13.27965 585163 -8.2346 -0.010765
13.28190 586481 -12.5318 -0.016364
13.28414 587801 -20.3544 -0.026549
13.28639 589125 -21.1723 -0.027584
13.28864 590451 -16.2596 -0.021160
13.29089 591781 -12.7034 -0.016514
13.29314 593113 -16.8275 -0.021850
13.29539 594449 -19.4079 -0.025172
13.29764 595787 -19.5095 -0.025276
13.29989 597129 -15.9328 -0.020619
13.30214 598473 -22.3938 -0.028947
13.30439 599821 -23.5001 -0.030343
13.30664 601172 -17.7731 -0.022923
13.30888 602525 -21.4752 -0.027666
13.31113 603882 -20.7796 -0.026740
13.31338 605242 -26.0835 -0.033528
13.31563 606604 -21.5627 -0.027685
13.31788 607970 -21.4054 -0.027452
13.32013 609339 -29.2953 -0.037529
13.32238 610711 -24.6427 -0.031533
13.32463 612087 -20.9054 -0.026721
13.32688 613465 -23.4182 -0.029899
13.32913 614846 -32.5765 -0.041545
13.33138 616231 -28.4740 -0.036272
13.33363 617618 -33.1378 -0.042166
13.33588 619009 -38.0856 -0.048407
13.33812 620403 -39.2469 -0.049827
13.34037 621800 -36.8798 -0.046770
13.34262 623200 -29.7923 -0.037739
13.34487 624603 -27.7011 -0.035051
13.34712 626009 -27.1872 -0.034362
13.34937 627419 -30.5540 -0.038574
13.35162 628832 -28.9346 -0.036488
13.35387 630248 -24.7474 -0.031173
13.35612 631667 -23.8405 -0.029997
13.35837 633089 -16.1438 -0.020290
13.36062 634515 -16.0570 -0.020158
13.36286 635943 -10.9949 -0.013787
13.36511 637375 -5.2270 -0.006547
13.36736 638811 1.0051 0.001257
13.36961 640249 -4.1147 -0.005142
13.37186 641691 1.5983 0.001995
13.37411 643135 2.3819 0.002970
13.37636 644584 4.4117 0.005495
13.37861 646035 6.0600 0.007540
13.38086 647490 -1.4514 -0.001804
13.38311 648948 -2.8320 -0.003515
13.38536 650409 -5.8546 -0.007259
13.38761 651873 -13.3539 -0.016540
13.38985 653341 -16.7993 -0.020784
13.39210 654812 -13.4543 -0.016627
13.39435 656287 -16.5823 -0.020469
13.39660 657765 -20.9472 -0.025828
13.39885 659246 -21.9638 -0.027051
13.40110 660730 -26.3223 -0.032383
13.40335 662218 -22.3001 -0.027403
13.40560 663709 -13.0473 -0.016015
13.40785 665203 -13.9943 -0.017158
13.41010 666701 -25.6846 -0.031456
13.41235 668203 -22.6316 -0.027686
13.41460 669707 -24.9935 -0.030541
13.41684 671215 -29.3057 -0.035770
13.41909 672726 -31.8233 -0.038799
13.42134 674241 -31.8993 -0.038848
13.42359 675759 -36.9633 -0.044965
13.42584 677281 -37.9577 -0.046123
13.42809 678806 -46.0444 -0.055886
13.43034 680335 -43.0362 -0.052176
13.43259 681866 -52.7185 -0.063843
13.43484 683402 -50.5536 -0.061152
13.43709 684941 -45.8018 -0.055342
13.43934 686483 -44.5657 -0.053788
13.44159 688029 -52.9893 -0.063883
13.44384 689578 -57.4421 -0.069173
13.44608 691131 -68.4637 -0.082353
13.44833 692687 -66.2093 -0.079552
13.45058 694247 -61.2872 -0.073555
13.45283 695810 -62.3098 -0.074698
13.45508 697377 -57.6411 -0.069024
13.45733 698947 -53.0918 -0.063505
13.45958 700521 -58.3179 -0.069677
13.46183 702098 -53.8136 -0.064223
13.46408 703679 -58.7571 -0.070044
13.46633 705263 -58.6835 -0.069878
13.46858 706851 -58.3626 -0.069418
13.47082 708443 -64.8282 -0.077021
13.47307 710038 -60.5704 -0.071882
13.47532 711637 -63.8428 -0.075680
13.47757 713239 -59.1557 -0.070045
13.47982 714845 -55.1398 -0.065217
13.48207 716455 -56.3081 -0.066524
13.48432 718068 -55.0280 -0.064938
13.48657 719685 -53.7585 -0.063369
13.48882 721306 -60.2956 -0.070995
13.49107 722930 -60.8954 -0.071620
13.49332 724558 -57.1946 -0.067192
13.49557 726189 -62.7187 -0.073599
13.49781 727824 -57.1627 -0.067004
13.50006 729463 -60.1279 -0.070400
13.50231 731106 -56.9102 -0.066558
13.50456 732752 -54.6622 -0.063857
13.50681 734402 -55.8216 -0.065138
13.50906 736056 -56.2129 -0.065521
13.51131 737713 -54.7790 -0.063778
13.51356 739374 -52.2935 -0.060816
13.51581 741039 -46.0545 -0.053500
13.51806 742707 -42.5051 -0.049321
13.52031 744380 -44.6672 -0.051772
13.52256 746056 -48.6020 -0.056269
13.52481 747736 -44.8585 -0.051876
13.52705 749419 -39.0317 -0.045087
13.52930 751107 -32.6720 -0.037699
13.53155 752798 -29.9200 -0.034484
13.53380 754493 -37.0384 -0.042641
13.53605 756192 -41.7369 -0.047996
13.53830 757895 -40.6839 -0.046732
13.54055 759601 -33.3004 -0.038208
13.54280 761312 -29.7130 -0.034054
13.54505 763026 -25.6758 -0.029394
13.54730 764744 -26.3522 -0.030134
13.54955 766466 -29.1323 -0.033276
13.55179 768192 -22.7652 -0.025974
13.55404 769922 -27.4636 -0.031299
13.55629 771655 -27.6236 -0.031446
13.55854 773393 -18.3077 -0.020818
13.56079 775134 -19.8793 -0.022579
13.56304 776880 0.3858 0.000438
13.56529 778629 2.8190 0.003195
13.56754 780382 2.2598 0.002558
13.56979 782139 -1.1609 -0.001313
13.57204 783901 -3.8140 -0.004308
13.57429 785666 -8.2150 -0.009268
13.57654 787435 -9.6422 -0.010866
13.57879 789208 -16.4110 -0.018473
13.58103 790985 -21.6876 -0.024385
13.58328 792766 -23.1276 -0.025975
13.58553 794551 -24.2080 -0.027158
13.58778 796340 -19.4062 -0.021747
13.59003 798133 -13.5738 -0.015194
13.59228 799930 -15.4595 -0.017285
13.59453 801732 -17.1768 -0.019183
13.59678 803537 -20.7439 -0.023141
13.59903 805346 -15.4359 -0.017200
13.60128 807160 -15.8170 -0.017605
13.60353 808977 -24.8237 -0.027599
13.60578 810799 -14.9704 -0.016626
13.60802 812624 -9.8743 -0.010954
13.61027 814454 -6.8612 -0.007603
13.61252 816288 -0.9059 -0.001003
13.61477 818126 -1.7803 -0.001968
13.61702 819968 -11.2174 -0.012388
13.61927 821815 -17.4370 -0.019235
13.62152 823665 -8.7599 -0.009652
13.62377 825520 -4.7622 -0.005241
13.62602 827379 -6.9732 -0.007666
13.62827 829242 -3.6527 -0.004011
13.63052 831109 -7.9094 -0.008676
13.63276 832980 -3.7074 -0.004062
13.63501 834856 0.7356 0.000805
13.63726 836736 2.7600 0.003017
13.63951 838620 8.5390 0.009324
13.64176 840508 20.5035 0.022364
13.64401 842401 19.5752 0.021328
13.64626 844297 21.7472 0.023668
13.64851 846199 32.6745 0.035520
13.65076 848104 30.9439 0.033601
13.65301 850014 27.3824 0.029700
13.65526 851928 31.0699 0.033662
13.65751 853846 28.7785 0.031144
13.65975 855768 25.4024 0.027460
13.66200 857695 30.5542 0.032992
13.66425 859627 40.6935 0.043890
13.66650 861562 32.7825 0.035318
13.66875 863502 38.3878 0.041311
13.67100 865447 31.7014 0.034077
13.67325 867395 37.5327 0.040300
13.67550 869348 31.9524 0.034269
13.67775 871306 24.1631 0.025886
13.68000 873268 26.6017 0.028467
13.68225 875234 29.3518 0.031374
13.68450 877205 27.3055 0.029154
13.68674 879180 24.3489 0.025968
13.68899 881160 20.7175 0.022070
13.69124 883144 23.3528 0.024850
13.69349 885133 29.1552 0.030989
13.69574 887126 25.9434 0.027544
13.69799 889123 38.7461 0.041091
13.70024 891125 45.9231 0.048648
13.70249 893132 47.8975 0.050682
13.70474 895143 60.4686 0.063912
13.70699 897158 62.7458 0.066245
13.70924 899178 58.6026 0.061801
13.71149 901203 59.7904 0.062983
13.71373 903232 62.0215 0.065259
13.71598 905266 70.7517 0.074362
13.71823 907305 76.2044 0.080003
13.72048 909348 72.3911 0.075914
13.72273 911395 57.6257 0.060362
13.72498 913447 47.8356 0.050051
13.72723 915504 56.4337 0.058981
13.72948 917566 55.5366 0.057978
13.73173 919632 51.5920 0.053799
13.73398 921702 47.2031 0.049167
13.73623 923778 44.1069 0.045890
13.73848 925858 44.0602 0.045790
13.74073 927943 40.0281 0.041553
13.74297 930032 35.4059 0.036714
13.74522 932126 27.2944 0.028271
13.74747 934225 30.7868 0.031852
13.74972 936329 39.0634 0.040370
13.75197 938437 32.6384 0.033692
13.75422 940550 22.4247 0.023123
13.75647 942668 19.1812 0.019756
13.75872 944791 17.2479 0.017745
13.76097 946918 24.5830 0.025263
13.76322 949050 32.1513 0.033003
13.76547 951187 28.6240 0.029349
13.76772 953329 26.8723 0.027522
13.76996 955475 30.6924 0.031399
13.77221 957627 28.3038 0.028923
13.77446 959783 26.6763 0.027229
13.77671 961944 22.6963 0.023141
13.77896 964110 29.6396 0.030186
13.78121 966281 28.1072 0.028593
13.78346 968457 31.8981 0.032413
13.78571 970638 31.6069 0.032081
13.78796 972823 28.0267 0.028415
13.79021 975014 23.6024 0.023903
13.79246 977209 29.3984 0.029739
13.79471 979410 34.2917 0.034650
13.79695 981615 32.0418 0.032340
13.79920 983825 24.1074 0.024305
13.80145 986041 24.3194 0.024491
13.80370 988261 21.2535 0.021379
13.80595 990486 26.3835 0.026510
13.80820 992716 29.8699 0.029979
13.81045 994952 29.4832 0.029558
13.81270 997192 35.1721 0.035222
13.81495 999437 29.2117 0.029220
13.81720 1001688 32.7822 0.032755
13.81945 1003943 38.2972 0.038222
13.82170 1006204 45.3817 0.045242
13.82394 1008470 47.6035 0.047403
13.82619 1010740 47.6855 0.047432
13.82844 1013016 43.2579 0.042979
13.83069 1015297 39.0914 0.038796
13.83294 1017583 37.8828 0.037554
13.83519 1019875 40.6126 0.040215
13.83744 1022171 39.2028 0.038775
13.83969 1024473 43.5170 0.042994
13.84194 1026780 49.9956 0.049339
13.84419 1029092 45.0924 0.044450
13.84644 1031409 42.9219 0.042263
13.84869 1033731 50.9129 0.050075
13.85093 1036059 59.2365 0.058197
13.85318 1038392 56.4675 0.055414
13.85543 1040730 52.5236 0.051486
13.85768 1043073 50.1029 0.049057
13.85993 1045422 42.8149 0.041874
13.86218 1047776 37.9675 0.037092
13.86443 1050135 26.7551 0.026109
13.86668 1052500 27.6559 0.026957
13.86893 1054870 18.0791 0.017603
13.87118 1057245 19.7624 0.019220
13.87343 1059626 22.7847 0.022134
13.87568 1062012 30.3042 0.029406
13.87792 1064403 21.8813 0.021209
13.88017 1066800 10.8243 0.010480
13.88242 1069202 15.4990 0.014989
13.88467 1071609 13.8535 0.013383
13.88692 1074022 13.4272 0.012956
13.88917 1076441 8.6409 0.008328
13.89142 1078864 1.6983 0.001635
13.89367 1081294 9.9075 0.009528
13.89592 1083728 17.5368 0.016846
13.89817 1086169 19.4035 0.018618
13.90042 1088614 32.4704 0.031121
13.90267 1091066 31.0798 0.029754
13.90491 1093522 33.5007 0.032036
13.90716 1095985 26.0197 0.024854
13.90941 1098452 25.2578 0.024099
13.91166 1100926 26.9328 0.025669
13.91391 1103405 16.7739 0.015969
13.91616 1105889 26.7392 0.025427
13.91841 1108379 13.4393 0.012765
13.92066 1110875 23.9268 0.022701
13.92291 1113377 15.8797 0.015049
13.92516 1115883 13.7542 0.013020
13.92741 1118396 6.9833 0.006603
13.92965 1120914 7.9184 0.007479
13.93190 1123438 9.9000 0.009340
13.93415 1125968 6.0032 0.005657
13.93640 1128503 13.5024 0.012710
13.93865 1131044 19.6853 0.018510
13.94090 1133591 22.0353 0.020696
13.94315 1136144 17.5826 0.016496
13.94540 1138702 13.0510 0.012230
13.94765 1141266 5.7538 0.005386
13.94990 1143836 3.1899 0.002983
13.95215 1146411 1.2797 0.001195
13.95440 1148993 4.9182 0.004588
13.95665 1151580 0.9993 0.000931
13.95889 1154173 -3.4252 -0.003188
13.96114 1156772 -8.1901 -0.007615
13.96339 1159376 -15.9719 -0.014834
13.96564 1161987 -9.0079 -0.008357
13.96789 1164603 -16.6949 -0.015470
13.97014 1167226 -8.4049 -0.007780
13.97239 1169854 -14.0676 -0.013006
13.97464 1172488 -21.8866 -0.020213
13.97689 1175128 -16.5315 -0.015250
13.97914 1177774 -18.1831 -0.016755
13.98139 1180426 -26.3210 -0.024226
13.98364 1183084 -40.1489 -0.036912
13.98588 1185748 -38.1574 -0.035041
13.98813 1188418 -39.3810 -0.036124
13.99038 1191094 -37.3807 -0.034251
13.99263 1193776 -37.5903 -0.034404
13.99488 1196464 -35.6227 -0.032567
13.99713 1199158 -40.8067 -0.037264
13.99938 1201858 -34.6786 -0.031633
14.00163 1204565 -32.5293 -0.029639
14.00388 1207277 -33.3947 -0.030393
14.00613 1209995 -24.6832 -0.022439
14.00838 1212720 -16.5860 -0.015061
14.01063 1215451 -17.2262 -0.015625
14.01287 1218187 -23.1586 -0.020982
14.01512 1220930 -30.5003 -0.027603
14.01737 1223680 -37.8415 -0.034209
14.01962 1226435 -38.0543 -0.034362
14.02187 1229196 -27.9407 -0.025202
14.02412 1231964 -30.4929 -0.027473
14.02637 1234738 -35.3072 -0.031774
14.02862 1237519 -40.1847 -0.036123
14.03087 1240305 -35.9156 -0.032249
14.03312 1243098 -32.7282 -0.029354
14.03537 1245897 -32.9643 -0.029533
14.03762 1248702 -29.0599 -0.026005
14.03986 1251514 -33.2934 -0.029761
14.04211 1254332 -38.2663 -0.034167
14.04436 1257156 -48.7177 -0.043450
14.04661 1259987 -50.6809 -0.045150
14.04886 1262824 -63.7889 -0.056764
14.05111 1265668 -67.3942 -0.059905
14.05336 1268518 -71.2460 -0.063257
14.05561 1271374 -76.6601 -0.067988
14.05786 1274237 -66.2240 -0.058666
14.06011 1277106 -66.7202 -0.059040
14.06236 1279982 -66.7438 -0.058994
14.06461 1282864 -59.0778 -0.052160
14.06685 1285752 -52.3253 -0.046146
14.06910 1288648 -50.0495 -0.044089
14.07135 1291549 -55.5738 -0.048901
14.07360 1294457 -44.8717 -0.039439
14.07585 1297372 -40.6407 -0.035680
14.07810 1300293 -40.9827 -0.035940
14.08035 1303221 -44.6403 -0.039104
14.08260 1306156 -36.5863 -0.032013
14.08485 1309097 -37.8673 -0.033096
14.08710 1312044 -46.4922 -0.040589
14.08935 1314999 -39.4366 -0.034390
14.09160 1317960 -34.6753 -0.030204
14.09384 1320927 -38.4360 -0.033442
14.09609 1323902 -27.6390 -0.024021
14.09834 1326883 -30.9291 -0.026850
14.10059 1329871 -25.8673 -0.022431
14.10284 1332865 -30.5803 -0.026488
14.10509 1335866 -33.2911 -0.028804
14.10734 1338874 -20.6245 -0.017824
14.10959 1341889 -31.2883 -0.027010
14.11184 1344910 -30.9036 -0.026648
14.11409 1347939 -32.3510 -0.027865
14.11634 1350974 -42.6015 -0.036652
14.11859 1354016 -39.8962 -0.034286
14.12083 1357065 -37.4376 -0.032137
14.12308 1360120 -32.2273 -0.027633
14.12533 1363183 -31.6263 -0.027088
14.12758 1366253 -26.7936 -0.022923
14.12983 1369329 -13.9766 -0.011944
14.13208 1372412 -17.6258 -0.015045
14.13433 1375502 -15.4766 -0.013196
14.13658 1378600 -8.4019 -0.007156
14.13883 1381704 -11.1627 -0.009496
14.14108 1384815 -12.8710 -0.010937
14.14333 1387933 0.8070 0.000685
14.14558 1391058 -8.4569 -0.007170
14.14782 1394191 -13.3318 -0.011291
14.15007 1397330 -15.5431 -0.013149
14.15232 1400476 -10.9024 -0.009213
14.15457 1403630 -14.5085 -0.012246
14.15682 1406790 -6.1351 -0.005173
14.15907 1409958 -7.3503 -0.006190
14.16132 1413133 -6.8050 -0.005724
14.16357 1416315 -9.9511 -0.008362
14.16582 1419504 -9.7301 -0.008167
14.16807 1422700 3.1981 0.002681
14.17032 1425904 11.8405 0.009916
14.17257 1429114 19.4732 0.016289
14.17481 1432332 8.3110 0.006944
14.17706 1435558 10.3024 0.008599
14.17931 1438790 19.2232 0.016026
14.18156 1442030 17.0971 0.014238
14.18381 1445277 15.1887 0.012634
14.18606 1448531 23.6780 0.019674
14.18831 1451793 29.4698 0.024458
14.19056 1455062 24.0728 0.019957
14.19281 1458338 17.8565 0.014787
14.19506 1461622 18.9942 0.015711
14.19731 1464913 19.3284 0.015969
14.19956 1468211 17.6114 0.014534
14.20180 1471517 19.9536 0.016449
14.20405 1474831 19.6591 0.016188
14.20630 1478152 16.6241 0.013673
14.20855 1481480 8.9639 0.007365
14.21080 1484816 10.8860 0.008934
14.21305 1488159 6.0262 0.004940
14.21530 1491510 0.2662 0.000218
14.21755 1494869 -7.5204 -0.006151
14.21980 1498235 0.8165 0.000667
14.22205 1501608 5.1732 0.004222
14.22430 1504989 1.9499 0.001589
14.22655 1508378 7.0048 0.005703
14.22880 1511775 8.9545 0.007283
14.23104 1515179 12.7437 0.010353
14.23329 1518590 8.5169 0.006911
14.23554 1522010 -4.0956 -0.003320
14.23779 1525437 8.3789 0.006784
14.24004 1528872 6.0807 0.004918
14.24229 1532314 -1.3824 -0.001117
14.24454 1535765 -13.2002 -0.010652
14.24679 1539223 -7.8026 -0.006289
14.24904 1542689 -1.4061 -0.001132
14.25129 1546162 3.0276 0.002435
14.25354 1549644 -3.5574 -0.002858
14.25578 1553133 -3.1470 -0.002525
14.25803 1556630 -20.6347 -0.016539
14.26028 1560135 -24.8771 -0.019917
14.26253 1563648 -36.4728 -0.029168
14.26478 1567169 -43.8441 -0.035023
14.26703 1570698 -37.3353 -0.029790
14.26928 1574235 -33.8279 -0.026961
14.27153 1577779 -37.5764 -0.029915
14.27378 1581332 -36.4471 -0.028984
14.27603 1584893 -37.3620 -0.029678
14.27828 1588461 -45.5164 -0.036114
14.28053 1592038 -46.9751 -0.037230
14.28277 1595623 -40.5619 -0.032111
14.28502 1599216 -30.3291 -0.023983
14.28727 1602817 -31.7880 -0.025109
14.28952 1606426 -41.9184 -0.033073
14.29177 1610043 -35.2155 -0.027753
14.29402 1613668 -38.5713 -0.030364
14.29627 1617302 -41.6643 -0.032762
14.29852 1620943 -50.2503 -0.039469
14.30077 1624593 -66.2187 -0.051953
14.30302 1628251 -60.0767 -0.047081
14.30527 1631918 -62.9450 -0.049273
14.30752 1635592 -67.3567 -0.052668
14.30976 1639275 -66.1755 -0.051686
14.31201 1642966 -69.8945 -0.054529
14.31426 1646666 -73.8839 -0.057577
14.31651 1650374 -75.0948 -0.058455
14.31876 1654090 -80.9540 -0.062945
14.32101 1657814 -62.4958 -0.048538
14.32326 1661547 -68.9573 -0.053496
14.32551 1665289 -67.9281 -0.052639
14.32776 1669038 -74.5442 -0.057701
14.33001 1672796 -86.8987 -0.067188
14.33226 1676563 -92.4036 -0.071364
14.33451 1680338 -83.1801 -0.064168
14.33675 1684122 -100.3984 -0.077364
14.33900 1687914 -115.8742 -0.089189
14.34125 1691715 -121.1521 -0.093147
14.34350 1695524 -133.4352 -0.102475
14.34575 1699342 -141.3998 -0.108470
14.34800 1703168 -136.7023 -0.104748
14.35025 1707003 -132.0636 -0.101080
14.35250 1710847 -123.7419 -0.094604
14.35475 1714699 -128.9228 -0.098455
14.35700 1718560 -130.7652 -0.099749
14.35925 1722430 -128.1452 -0.097641
14.36150 1726308 -124.3058 -0.094609
14.36374 1730195 -108.6410 -0.082594
14.36599 1734091 -103.0595 -0.078262
14.36824 1737996 -92.5609 -0.070211
14.37049 1741909 -101.3644 -0.076802
14.37274 1745831 -103.0868 -0.078019
14.37499 1749763 -109.4129 -0.082714
14.37724 1753702 -122.0793 -0.092186
14.37949 1757651 -122.4479 -0.092360
14.38174 1761609 -105.3809 -0.079398
14.38399 1765576 -109.4839 -0.082396
14.38624 1769551 -91.7794 -0.068994
14.38849 1773536 -74.7658 -0.056141
14.39073 1777529 -74.3601 -0.055774
14.39298 1781532 -76.3391 -0.057194
14.39523 1785543 -71.9477 -0.053843
14.39748 1789564 -71.0383 -0.053103
14.39973 1793593 -60.1577 -0.044919
14.40198 1797632 -66.3209 -0.049465
14.40423 1801679 -69.6224 -0.051869
14.40648 1805736 -77.3814 -0.057585
14.40873 1809802 -68.6038 -0.050996
14.41098 1813877 -64.4082 -0.047823
14.41323 1817962 -48.3771 -0.035880
14.41548 1822055 -55.6204 -0.041205
14.41772 1826158 -56.4544 -0.041776
14.41997 1830270 -73.4246 -0.054273
14.42222 1834391 -65.1781 -0.048123
14.42447 1838522 -68.0997 -0.050224
14.42672 1842661 -68.1268 -0.050187
14.42897 1846811 -71.4755 -0.052595
14.43122 1850969 -66.4949 -0.048875
14.43347 1855137 -61.7129 -0.045309
14.43572 1859314 -70.0598 -0.051380
14.43797 1863501 -72.1531 -0.052856
14.44022 1867697 -83.5733 -0.061153
14.44247 1871902 -83.9360 -0.061349
14.44471 1876117 -93.3961 -0.068187
14.44696 1880342 -107.7601 -0.078585
14.44921 1884576 -114.5590 -0.083449
14.45146 1888819 -128.0829 -0.093196
14.45371 1893072 -129.6756 -0.094249
14.45596 1897335 -112.2591 -0.081499
14.45821 1901607 -126.6080 -0.091812
14.46046 1905889 -108.8635 -0.078856
14.46271 1910180 -92.1373 -0.066665
14.46496 1914481 -91.2713 -0.065964
14.46721 1918792 -93.4905 -0.067492
14.46946 1923113 -95.5858 -0.068927
14.47170 1927443 -88.4107 -0.063682
14.47395 1931783 -78.3873 -0.056398
14.47620 1936133 -74.5705 -0.053592
14.47845 1940493 -72.1668 -0.051806
14.48070 1944862 -78.0120 -0.055939
14.48295 1949241 -77.3243 -0.055384
14.48520 1953630 -84.0081 -0.060104
14.48745 1958029 -84.3408 -0.060274
14.48970 1962438 -85.2353 -0.060845
14.49195 1966857 -68.2691 -0.048679
14.49420 1971286 -60.3578 -0.042989
14.49645 1975725 -47.3926 -0.033717
14.49869 1980173 -56.2330 -0.039961
14.50094 1984632 -59.7887 -0.042440
14.50319 1989101 -57.1083 -0.040492
14.50544 1993580 -49.3612 -0.034960
14.50769 1998069 -49.2787 -0.034862
14.50994 2002568 -50.4848 -0.035675
14.51219 2007077 -54.2878 -0.038320
14.51444 2011596 -60.7488 -0.042832
14.51669 2016126 -62.7924 -0.044223
14.51894 2020665 -51.4514 -0.036195
14.52119 2025215 -53.6774 -0.037719
14.52344 2029775 -47.5949 -0.033407
14.52568 2034346 -51.3192 -0.035981
14.52793 2038927 -58.9797 -0.041305
14.53018 2043518 -59.2227 -0.041428
14.53243 2048119 -62.2194 -0.043476
14.53468 2052731 -70.9457 -0.049518
14.53693 2057353 -62.4133 -0.043513
14.53918 2061986 -63.5496 -0.044256
14.54143 2066628 -53.2812 -0.037063
14.54368 2071282 -51.8249 -0.036010
14.54593 2075946 -48.9359 -0.033964
14.54818 2080620 -55.2518 -0.038304
14.55043 2085305 -41.2338 -0.028554
14.55268 2090001 -46.1833 -0.031946
14.55492 2094707 -46.5885 -0.032190
14.55717 2099423 -49.7431 -0.034331
14.55942 2104151 -56.6433 -0.039049
14.56167 2108889 -51.2743 -0.035308
14.56392 2113637 -46.7360 -0.032147
14.56617 2118396 -43.0367 -0.029569
14.56842 2123166 -49.5434 -0.034001
14.57067 2127947 -61.0228 -0.041832
14.57292 2132739 -58.1006 -0.039784
14.57517 2137541 -59.5049 -0.040700
14.57742 2142354 -75.5549 -0.051620
14.57966 2147178 -81.7770 -0.055808
14.58191 2152013 -88.8834 -0.060590
14.58416 2156858 -97.7567 -0.066563
14.58641 2161715 -112.3765 -0.076432
14.58866 2166583 -105.4080 -0.071612
14.59091 2171461 -99.5413 -0.067550
14.59316 2176350 -99.1044 -0.067178
14.59541 2181251 -100.4342 -0.068003
14.59766 2186162 -109.9097 -0.074335
14.59991 2191085 -118.8764 -0.080309
14.60216 2196019 -119.1146 -0.080380
14.60441 2200964 -124.9144 -0.084199
14.60665 2205919 -123.9871 -0.083480
14.60890 2210886 -135.1718 -0.090908
14.61115 2215865 -128.9255 -0.086610
14.61340 2220854 -122.9380 -0.082495
14.61565 2225855 -109.6740 -0.073511
14.61790 2230867 -97.5058 -0.065282
14.62015 2235890 -99.6160 -0.066620
14.62240 2240925 -94.3706 -0.063041
14.62465 2245971 -95.1675 -0.063502
14.62690 2251028 -88.8422 -0.059215
14.62915 2256096 -79.6559 -0.053032
14.63140 2261176 -79.4890 -0.052862
14.63364 2266268 -78.9579 -0.052449
14.63589 2271371 -74.2714 -0.049281
14.63814 2276485 -67.3118 -0.044613
14.64039 2281611 -73.4676 -0.048638
14.64264 2286749 -70.2704 -0.046469
14.64489 2291898 -75.8941 -0.050131
14.64714 2297059 -90.3154 -0.059590
14.64939 2302231 -86.6551 -0.057111
14.65164 2307415 -89.5185 -0.058932
14.65389 2312610 -82.4276 -0.054203
14.65614 2317818 -81.8512 -0.053763
14.65839 2323037 -74.0934 -0.048613
14.66063 2328267 -60.2574 -0.039491
14.66288 2333510 -75.9352 -0.049709
14.66513 2338764 -76.6298 -0.050108
14.66738 2344031 -70.9030 -0.046311
14.66963 2349309 -62.3116 -0.040654
14.67188 2354599 -69.3110 -0.045169
14.67413 2359900 -83.5466 -0.054385
14.67638 2365214 -95.5922 -0.062157
14.67863 2370540 -93.9604 -0.061027
14.68088 2375878 -76.8385 -0.049850
14.68313 2381227 -75.2160 -0.048743
14.68538 2386589 -45.3021 -0.029324
14.68762 2391963 -53.6925 -0.034717
14.68987 2397349 -55.0393 -0.035547
14.69212 2402747 -66.6547 -0.043001
14.69437 2408158 -73.4320 -0.047320
14.69662 2413580 -71.7780 -0.046202
14.69887 2419015 -77.1649 -0.049614
14.70112 2424462 -76.9764 -0.049437
14.70337 2429921 -86.0206 -0.055183
14.70562 2435392 -86.2375 -0.055260
14.70787 2440876 -82.0469 -0.052516
14.71012 2446372 -85.0689 -0.054389
14.71237 2451881 -87.0908 -0.055619
14.71461 2457401 -78.5131 -0.050085
14.71686 2462935 -95.9482 -0.061138
14.71911 2468481 -82.8176 -0.052712
14.72136 2474039 -92.6084 -0.058877
14.72361 2479610 -79.0265 -0.050186
14.72586 2485193 -84.9873 -0.053911
14.72811 2490789 -95.7967 -0.060699
14.73036 2496397 -91.2639 -0.057762
14.73261 2502018 -84.1410 -0.053194
14.73486 2507652 -79.9333 -0.050477
14.73711 2513299 -67.8684 -0.042810
14.73936 2518958 -69.7298 -0.043935
14.74161 2524630 -71.4745 -0.044983
14.74385 2530315 -83.7295 -0.052637
14.74610 2536012 -70.7092 -0.044402
14.74835 2541722 -56.1928 -0.035247
14.75060 2547446 -51.0817 -0.032005
14.75285 2553182 -74.5387 -0.046649
14.75510 2558931 -65.9776 -0.041245
14.75735 2564693 -73.9106 -0.046152
14.75960 2570468 -60.9529 -0.038018
14.76185 2576255 -55.8839 -0.034817
14.76410 2582056 -57.0103 -0.035479
14.76635 2587870 -56.0371 -0.034834
14.76860 2593698 -53.4168 -0.033168
14.77084 2599538 -70.3198 -0.043614
14.77309 2605391 -74.9695 -0.046446
14.77534 2611258 -73.8326 -0.045690
14.77759 2617137 -77.5539 -0.047939
14.77984 2623030 -79.4609 -0.049063
14.78209 2628937 -88.1881 -0.054390
14.78434 2634856 -87.6893 -0.054022
14.78659 2640789 -86.5919 -0.053286
14.78884 2646735 -86.8230 -0.053368
14.79109 2652695 -95.3787 -0.058561
14.79334 2658668 -94.1409 -0.057736
14.79559 2664655 -96.3977 -0.059054
14.79783 2670655 -95.0608 -0.058169
14.80008 2676668 -92.4095 -0.056483
14.80233 2682695 -95.3254 -0.058200
14.80458 2688736 -84.5162 -0.051543
14.80683 2694790 -65.6767 -0.040008
14.80908 2700858 -61.6955 -0.037541
14.81133 2706940 -74.7845 -0.045454
14.81358 2713035 -72.3238 -0.043909
14.81583 2719144 -82.3139 -0.049918
14.81808 2725266 -73.2381 -0.044364
14.82033 2731403 -63.5505 -0.038453
14.82258 2737553 -60.3860 -0.036497
14.82482 2743717 -70.5371 -0.042584
14.82707 2749895 -86.6633 -0.052261
14.82932 2756087 -92.8980 -0.055958
14.83157 2762293 -84.4639 -0.050820
14.83382 2768513 -87.2998 -0.052467
14.83607 2774747 -95.9846 -0.057622
14.83832 2780995 -100.7639 -0.060423
14.84057 2787257 -103.8183 -0.062185
14.84282 2793533 -92.0918 -0.055099
14.84507 2799823 -85.1994 -0.050918
14.84732 2806127 -73.1091 -0.043643
14.84957 2812446 -77.0161 -0.045924
14.85181 2818779 -86.5367 -0.051543
14.85406 2825126 -93.4523 -0.055600
14.85631 2831487 -80.9674 -0.048117
14.85856 2837863 -64.9311 -0.038544
14.86081 2844253 -61.6550 -0.036558
14.86306 2850657 -63.5821 -0.037658
14.86531 2857076 -66.2596 -0.039200
14.86756 2863509 -69.0344 -0.040796
14.86981 2869957 -63.2951 -0.037362
14.87206 2876419 -67.4062 -0.039744
14.87431 2882896 -69.6787 -0.041038
14.87655 2889387 -73.3225 -0.043135
14.87880 2895894 -85.6733 -0.050345
14.88105 2902414 -83.5963 -0.049069
14.88330 2908950 -65.3965 -0.038343
14.88555 2915500 -76.9939 -0.045092
14.88780 2922064 -58.3905 -0.034158
14.89005 2928644 -58.4995 -0.034184
14.89230 2935238 -67.9885 -0.039684
14.89455 2941848 -75.2131 -0.043851
14.89680 2948472 -74.4429 -0.043354
14.89905 2955111 -57.0608 -0.033193
14.90130 2961765 -55.7776 -0.032410
14.90355 2968434 -69.6206 -0.040409
14.90579 2975118 -76.1766 -0.044164
14.90804 2981817 -84.6586 -0.049026
14.91029 2988531 -74.5552 -0.043127
14.91254 2995261 -49.8683 -0.028814
14.91479 3002005 -58.2281 -0.033607
14.91704 3008765 -70.7744 -0.040802
14.91929 3015539 -78.7297 -0.045337
14.92154 3022329 -79.9566 -0.045992
14.92379 3029135 -82.7983 -0.047573
14.92604 3035956 -74.1106 -0.042534
14.92829 3042792 -86.1006 -0.049359
14.93054 3049643 -81.4578 -0.046645
14.93278 3056510 -77.9901 -0.044609
14.93503 3063392 -65.7066 -0.037541
14.93728 3070290 -64.5386 -0.036832
14.93953 3077203 -62.5575 -0.035662
14.94178 3084132 -68.7993 -0.039176
14.94403 3091077 -72.2681 -0.041105
14.94628 3098037 -62.3045 -0.035398
14.94853 3105013 -73.6597 -0.041802
14.95078 3112005 -64.8232 -0.036746
14.95303 3119012 -66.2786 -0.037529
14.95528 3126035 -65.3037 -0.036935
14.95753 3133074 -68.2092 -0.038535
14.95977 3140129 -50.9955 -0.028778
14.96202 3147199 -53.2268 -0.030003
14.96427 3154286 -61.0758 -0.034389
14.96652 3161388 -62.5168 -0.035161
14.96877 3168507 -64.9301 -0.036477
14.97102 3175641 -50.4562 -0.028314
14.97327 3182792 -48.0735 -0.026946
14.97552 3189959 -23.3953 -0.013099
14.97777 3197141 -20.7954 -0.011630
14.98002 3204340 -25.9200 -0.014480
14.98227 3211556 -27.0078 -0.015071
14.98452 3218787 -26.0953 -0.014545
14.98676 3226035 -23.4665 -0.013065
14.98901 3233299 -14.0423 -0.007809
14.99126 3240579 4.2224 0.002346
14.99351 3247876 -15.2160 -0.008443
14.99576 3255189 -36.9911 -0.020503
14.99801 3262519 -52.4137 -0.029018
15.00026 3269865 -48.5138 -0.026829
15.00251 3277228 -38.4067 -0.021216
15.00476 3284607 -27.7324 -0.015302
15.00701 3292003 -42.1942 -0.023255
15.00926 3299416 -48.2112 -0.026542
15.01151 3306845 -55.6740 -0.030616
15.01375 3314291 -58.2212 -0.031981
15.01600 3321754 -46.2400 -0.025371
15.01825 3329234 -40.9617 -0.022449
15.02050 3336730 -49.2447 -0.026959
15.02275 3344243 -39.4029 -0.021547
15.02500 3351773 -43.8260 -0.023938
15.02725 3359321 -34.2621 -0.018693
15.02950 3366885 -25.1018 -0.013680
15.03175 3374466 -24.9339 -0.013573
15.03400 3382064 -34.7556 -0.018899
15.03625 3389680 -39.1872 -0.021285
15.03850 3397312 -36.8965 -0.020018
15.04074 3404962 -27.6439 -0.014981
15.04299 3412629 -19.1385 -0.010360
15.04524 3420313 -25.7122 -0.013903
15.04749 3428015 -14.3356 -0.007743
15.04974 3435734 2.0315 0.001096
15.05199 3443470 -9.5554 -0.005149
15.05424 3451223 -2.2593 -0.001216
15.05649 3458995 10.4943 0.005643
15.05874 3466783 -9.6141 -0.005164
15.06099 3474589 -3.3014 -0.001771
15.06324 3482413 -14.1942 -0.007606
15.06549 3490254 -10.4344 -0.005585
15.06773 3498113 -3.6126 -0.001932
15.06998 3505990 -14.0395 -0.007498
15.07223 3513885 -20.3828 -0.010874
15.07448 3521797 -25.9644 -0.013836
15.07673 3529727 -23.6501 -0.012588
15.07898 3537675 -19.9105 -0.010586
15.08123 3545640 -30.0201 -0.015943
15.08348 3553624 -16.9690 -0.009002
15.08573 3561626 -28.9356 -0.015332
15.08798 3569646 -26.6010 -0.014079
15.09023 3577683 -27.0710 -0.014312
15.09248 3585739 -40.8846 -0.021591
15.09472 3593813 -44.1078 -0.023267
15.09697 3601905 -31.7120 -0.016709
15.09922 3610016 -30.2582 -0.015925
15.10147 3618144 -39.9958 -0.021027
15.10372 3626291 -27.5076 -0.014445
15.10597 3634457 -58.4624 -0.030666
15.10822 3642640 -59.9535 -0.031413
15.11047 3650843 -76.4476 -0.040010
15.11272 3659063 -74.8801 -0.039145
15.11497 3667302 -75.9856 -0.039679
15.11722 3675560 -73.2897 -0.038228
15.11947 3683836 -75.0704 -0.039113
15.12171 3692131 -85.9101 -0.044710
15.12396 3700445 -83.7279 -0.043525
15.12621 3708777 -87.8114 -0.045597
15.12846 3717128 -98.2658 -0.050968
15.13071 3725498 -103.6657 -0.053709
15.13296 3733887 -116.0756 -0.060070
15.13521 3742294 -114.2713 -0.059070
15.13746 3750721 -110.0693 -0.056834
15.13971 3759166 -92.6738 -0.047798
15.14196 3767631 -95.5402 -0.049221
15.14421 3776114 -100.5774 -0.051758
15.14646 3784617 -89.5495 -0.046031
15.14870 3793139 -78.3311 -0.040219
15.15095 3801680 -84.6866 -0.043434
15.15320 3810240 -78.6263 -0.040280
15.15545 3818819 -78.3606 -0.040099
15.15770 3827418 -81.4645 -0.041640
15.15995 3836036 -86.1635 -0.043993
15.16220 3844674 -105.5084 -0.053809
15.16445 3853331 -98.3244 -0.050089
15.16670 3862008 -89.3947 -0.045489
15.16895 3870704 -84.0294 -0.042711
15.17120 3879419 -94.5122 -0.047985
15.17345 3888155 -84.8414 -0.043026
15.17569 3896910 -85.2921 -0.043206
15.17794 3905684 -93.8131 -0.047470
15.18019 3914479 -95.8147 -0.048428
15.18244 3923293 -95.7850 -0.048358
15.18469 3932127 -110.2992 -0.055624
15.18694 3940981 -117.4648 -0.059171
15.18919 3949855 -106.5561 -0.053615
15.19144 3958749 -99.9363 -0.050228
15.19369 3967663 -83.4752 -0.041907
15.19594 3976597 -82.3209 -0.041281
15.19819 3985551 -90.2616 -0.045213
15.20044 3994525 -88.6534 -0.044357
15.20268 4003520 -97.2962 -0.048627
15.20493 4012534 -108.2769 -0.054054
15.20718 4021569 -134.7623 -0.067200
15.20943 4030625 -110.3752 -0.054978
15.21168 4039700 -105.5890 -0.052534
15.21393 4048797 -127.0416 -0.063137
15.21618 4057913 -135.3292 -0.067180
15.21843 4067050 -144.7051 -0.071754
15.22068 4076208 -146.9509 -0.072785
15.22293 4085387 -145.8981 -0.072183
15.22518 4094586 -143.8004 -0.071065
15.22743 4103805 -145.0888 -0.071621
15.22967 4113046 -128.8069 -0.063512
15.23192 4122307 -117.7608 -0.058000
15.23417 4131589 -114.4139 -0.056289
15.23642 4140893 -123.9575 -0.060915
15.23867 4150217 -114.8727 -0.056387
15.24092 4159562 -120.2966 -0.058983
15.24317 4168928 -115.3612 -0.056500
15.24542 4178315 -107.8881 -0.052780
15.24767 4187723 -123.4633 -0.060332
15.24992 4197153 -145.1707 -0.070860
15.25217 4206603 -140.4972 -0.068502
15.25442 4216075 -132.0424 -0.064307
15.25666 4225569 -127.4478 -0.062000
15.25891 4235083 -121.4529 -0.059017
15.26116 4244620 -113.7835 -0.055228
15.26341 4254177 -100.6843 -0.048815
15.26566 4263756 -88.3047 -0.042765
15.26791 4273357 -75.9280 -0.036730
15.27016 4282979 -73.2829 -0.035410
15.27241 4292623 -62.0970 -0.029972
15.27466 4302289 -69.2330 -0.033378
15.27691 4311976 -50.2330 -0.024191
15.27916 4321686 -42.8770 -0.020625
15.28141 4331417 -44.6606 -0.021459
15.28365 4341170 -49.5155 -0.023765
15.28590 4350945 -43.1128 -0.020669
15.28815 4360742 -52.5333 -0.025157
15.29040 4370561 -21.1691 -0.010126
15.29265 4380402 -21.4894 -0.010268
15.29490 4390266 -33.3759 -0.015929
15.29715 4400151 -44.1089 -0.021028
15.29940 4410059 -58.8559 -0.028026
15.30165 4419989 -49.7309 -0.023655
15.30390 4429942 -43.9763 -0.020894
15.30615 4439916 -50.4462 -0.023941
15.30840 4449914 -42.6600 -0.020223
15.31064 4459934 -31.7086 -0.015015
15.31289 4469976 -48.5071 -0.022943
15.31514 4480041 -36.4657 -0.017228
15.31739 4490129 -53.2798 -0.025144
15.31964 4500239 -54.7964 -0.025831
15.32189 4510372 -44.6071 -0.021004
15.32414 4520528 -39.7199 -0.018682
15.32639 4530707 -37.7257 -0.017724
15.32864 4540909 -36.2869 -0.017029
15.33089 4551134 -20.9556 -0.009823
15.33314 4561382 -21.6537 -0.010139
15.33539 4571653 -29.2573 -0.013684
15.33763 4581946 -4.8788 -0.002279
15.33988 4592264 -20.1395 -0.009398
15.34213 4602604 -2.4885 -0.001160
15.34438 4612968 -21.4433 -0.009984
15.34663 4623355 -22.6845 -0.010550
15.34888 4633765 -34.3576 -0.015961
15.35113 4644199 -8.2521 -0.003829
15.35338 4654656 3.2315 0.001498
15.35563 4665137 -0.8921 -0.000413
15.35788 4675642 -17.1946 -0.007952
15.36013 4686170 -27.4197 -0.012666
15.36238 4696722 -54.7736 -0.025274
15.36462 4707297 -61.0834 -0.028154
15.36687 4717897 -69.9678 -0.032212
15.36912 4728520 -61.9639 -0.028496
15.37137 4739167 -50.6800 -0.023280
15.37362 4749838 -63.4638 -0.029120
15.37587 4760534 -42.5514 -0.019502
15.37812 4771253 -20.8647 -0.009552
15.38037 4781996 -18.6381 -0.008523
15.38262 4792764 -5.2271 -0.002388
15.38487 4803556 -7.8114 -0.003564
15.38712 4814372 -8.1019 -0.003692
15.38937 4825212 20.1861 0.009190
15.39161 4836077 36.0363 0.016387
15.39386 4846967 39.0725 0.017747
15.39611 4857881 32.2697 0.014641
15.39836 4868819 28.1827 0.012772
15.40061 4879782 1.5374 0.000696
15.40286 4890770 0.5006 0.000226
15.40511 4901783 7.1514 0.003230
15.40736 4912820 8.9336 0.004031
15.40961 4923882 6.1274 0.002761
15.41186 4934969 23.2049 0.010446
15.41411 4946081 20.7126 0.009313
15.41636 4957218 28.0024 0.012577
15.41860 4968381 31.2149 0.014004
15.42085 4979568 11.5614 0.005181
15.42310 4990780 7.5124 0.003363
15.42535 5002018 5.0688 0.002266
15.42760 5013281 12.1133 0.005410
15.42985 5024570 11.4032 0.005087
15.43210 5035883 22.3459 0.009958
15.43435 5047223 42.6689 0.018993
15.43660 5058587 41.7814 0.018577
15.43885 5069978 51.5898 0.022912
15.44110 5081394 47.2573 0.020964
15.44335 5092836 61.0976 0.027073
15.44559 5104303 39.5878 0.017522
15.44784 5115797 61.8724 0.027355
15.45009 5127316 72.4384 0.031991
15.45234 5138861 86.6096 0.038206
15.45459 5150432 101.7112 0.044817
15.45684 5162029 104.4083 0.045954
15.45909 5173653 120.0682 0.052787
15.46134 5185302 115.0566 0.050527
15.46359 5196978 112.5925 0.049389
15.46584 5208680 119.0981 0.052184
15.46809 5220408 120.8318 0.052885
15.47034 5232163 138.0604 0.060357
15.47258 5243944 120.4196 0.052586
15.47483 5255752 124.2406 0.054193
15.47708 5267587 120.9291 0.052690
15.47933 5279448 126.9105 0.055234
15.48158 5291335 108.1739 0.047026
15.48383 5303250 96.8752 0.042067
15.48608 5315191 82.5512 0.035807
15.48833 5327159 73.2463 0.031735
15.49058 5339154 88.5845 0.038337
15.49283 5351177 91.5400 0.039572
15.49508 5363226 78.0335 0.033695
15.49733 5375302 64.0439 0.027623
15.49957 5387406 62.4570 0.026909
15.50182 5399537 60.6188 0.026087
15.50407 5411695 68.5658 0.029474
15.50632 5423880 58.9096 0.025295
15.50857 5436093 54.7529 0.023484
15.51082 5448334 60.3839 0.025870
15.51307 5460602 64.0540 0.027411
15.51532 5472897 84.8046 0.036250
15.51757 5485221 69.8923 0.029842
15.51982 5497572 77.3296 0.032981
15.52207 5509951 68.9219 0.029362
15.52432 5522357 76.7887 0.032676
15.52656 5534792 91.3715 0.038838
15.52881 5547255 92.7475 0.039379
15.53106 5559745 110.5229 0.046873
15.53331 5572264 94.2939 0.039945
15.53556 5584811 79.9059 0.033812
15.53781 5597387 62.4536 0.026398
15.54006 5609990 69.9291 0.029524
15.54231 5622622 80.5145 0.033955
15.54456 5635283 75.3697 0.031750
15.54681 5647972 88.8710 0.037395
15.54906 5660689 103.4559 0.043483
15.55131 5673435 104.3149 0.043795
15.55355 5686210 114.4839 0.048010
15.55580 5699014 104.6980 0.043857
15.55805 5711846 115.9025 0.048496
15.56030 5724708 114.5003 0.047855
15.56255 5737598 119.0587 0.049705
15.56480 5750517 111.4312 0.046468
15.56705 5763466 106.6177 0.044411
15.56930 5776443 88.3266 0.036750
15.57155 5789450 83.3224 0.034629
15.57380 5802486 80.5494 0.033439
15.57605 5815552 71.7976 0.029772
15.57830 5828647 84.1031 0.034836
15.58054 5841771 94.4284 0.039069
15.58279 5854925 81.4283 0.033652
15.58504 5868108 62.1793 0.025668
15.58729 5881322 60.1807 0.024815
15.58954 5894565 57.6882 0.023761
15.59179 5907837 43.4853 0.017891
15.59404 5921140 44.7265 0.018381
15.59629 5934473 49.0567 0.020138
15.59854 5947835 34.4261 0.014116
15.60079 5961228 58.1631 0.023822
15.60304 5974651 56.3550 0.023056
15.60529 5988104 43.8567 0.017922
15.60753 6001587 46.2766 0.018890
15.60978 6015101 60.8311 0.024803
15.61203 6028645 56.0328 0.022821
15.61428 6042220 50.1224 0.020391
15.61653 6055825 71.4695 0.029043
15.61878 6069461 78.2162 0.031748
15.62103 6083128 87.6297 0.035529
15.62328 6096825 87.8855 0.035593
15.62553 6110553 82.6722 0.033444
15.62778 6124313 89.2120 0.036049
15.63003 6138103 106.1931 0.042863
15.63228 6151924 96.4031 0.038867
15.63452 6165776 116.3606 0.046861
15.63677 6179660 118.8238 0.047799
15.63902 6193574 129.8656 0.052182
15.64127 6207520 114.9570 0.046140
15.64352 6221498 100.7093 0.040376
15.64577 6235507 100.2664 0.040153
15.64802 6249547 95.7853 0.038316
15.65027 6263619 104.5670 0.041781
15.65252 6277723 107.6153 0.042951
15.65477 6291859 107.6491 0.042916
15.65702 6306026 81.6812 0.032527
15.65927 6320225 94.4436 0.037567
15.66151 6334457 93.9897 0.037344
15.66376 6348720 75.5006 0.029965
15.66601 6363015 58.9801 0.023382
15.66826 6377343 45.0482 0.017838
15.67051 6391703 33.7918 0.013366
15.67276 6406095 39.0069 0.015411
15.67501 6420520 62.1835 0.024541
15.67726 6434977 66.5458 0.026233
15.67951 6449466 59.5771 0.023459
15.68176 6463989 60.9207 0.023962
15.68401 6478543 78.8191 0.030967
15.68626 6493131 77.4001 0.030375
15.68850 6507752 50.7626 0.019899
15.69075 6522405 61.4555 0.024063
15.69300 6537092 50.8235 0.019878
15.69525 6551811 46.7547 0.018266
15.69750 6566564 43.1075 0.016822
15.69975 6581350 44.7621 0.017448
15.70200 6596169 44.2909 0.017245
15.70425 6611022 43.1741 0.016791
15.70650 6625908 51.8011 0.020124
15.70875 6640827 32.4661 0.012599
15.71100 6655780 39.3013 0.015234
15.71325 6670767 30.0202 0.011623
15.71549 6685788 35.1907 0.013610
15.71774 6700842 54.3681 0.021003
15.71999 6715931 58.0705 0.022408
15.72224 6731053 73.9909 0.028519
15.72449 6746209 81.5876 0.031412
15.72674 6761400 66.9238 0.025737
15.72899 6776624 53.5194 0.020559
15.73124 6791883 59.0320 0.022651
15.73349 6807176 57.9211 0.022200
15.73574 6822504 54.5793 0.020896
15.73799 6837866 46.8700 0.017924
15.74024 6853263 67.7368 0.025875
15.74248 6868695 62.9293 0.024011
15.74473 6884161 65.3257 0.024898
15.74698 6899662 70.9012 0.026992
15.74923 6915198 81.1317 0.030852
15.75148 6930769 69.5650 0.026424
15.75373 6946375 45.6229 0.017310
15.75598 6962016 29.1829 0.011060
15.75823 6977692 20.5731 0.007788
15.76048 6993404 32.3189 0.012221
15.76273 7009151 13.4205 0.005069
15.76498 7024933 15.6010 0.005886
15.76723 7040752 -0.5776 -0.000218
15.76947 7056605 -16.3805 -0.006166
15.77172 7072495 -8.6520 -0.003253
15.77397 7088420 -27.3309 -0.010265
15.77622 7104381 -22.6081 -0.008482
15.77847 7120378 -20.7573 -0.007779
15.78072 7136410 -10.6880 -0.004001
15.78297 7152480 -19.8790 -0.007433
15.78522 7168585 -29.2536 -0.010926
15.78747 7184726 -28.2600 -0.010543
15.78972 7200904 -27.7099 -0.010326
15.79197 7217118 -15.3081 -0.005698
15.79422 7233369 -33.2213 -0.012352
15.79646 7249657 -62.8843 -0.023355
15.79871 7265981 -62.0209 -0.023009
15.80096 7282341 -64.9023 -0.024051
15.80321 7298739 -67.1637 -0.024861
15.80546 7315174 -64.1959 -0.023735
15.80771 7331645 -68.2082 -0.025190
15.80996 7348154 -53.0337 -0.019564
15.81221 7364700 -59.5874 -0.021957
15.81446 7381283 -86.7714 -0.031938
15.81671 7397903 -92.4342 -0.033984
15.81896 7414561 -83.7440 -0.030755
15.82121 7431256 -54.1551 -0.019866
15.82345 7447989 -53.6279 -0.019650
15.82570 7464760 -40.2788 -0.014742
15.82795 7481568 -28.4939 -0.010417
15.83020 7498415 -55.6022 -0.020305
15.83245 7515299 -57.6000 -0.021011
15.83470 7532221 -67.7358 -0.024681
15.83695 7549181 -79.7440 -0.029023
15.83920 7566180 -63.2898 -0.023009
15.84145 7583216 -77.2717 -0.028060
15.84370 7600292 -65.6329 -0.023807
15.84595 7617405 -56.6719 -0.020534
15.84820 7634557 -56.5899 -0.020481
15.85044 7651748 -40.0241 -0.014469
15.85269 7668977 -47.5831 -0.017182
15.85494 7686246 -51.6769 -0.018640
15.85719 7703553 -31.3700 -0.011302
15.85944 7720899 -49.8688 -0.017947
15.86169 7738284 -50.9692 -0.018323
15.86394 7755708 -27.8111 -0.009986
15.86619 7773172 -11.5918 -0.004158
15.86844 7790675 -25.6426 -0.009187
15.87069 7808217 -27.1021 -0.009699
15.87294 7825799 -25.7954 -0.009221
15.87519 7843420 -29.7309 -0.010616
15.87743 7861081 -7.3998 -0.002639
15.87968 7878782 -16.7932 -0.005983
15.88193 7896522 -33.1739 -0.011805
15.88418 7914303 -12.7163 -0.004520
15.88643 7932124 -3.9983 -0.001420
15.88868 7949984 -1.3020 -0.000462
15.89093 7967885 12.8935 0.004568
15.89318 7985827 29.9916 0.010613
15.89543 8003808 32.2794 0.011410
15.89768 8021830 24.0115 0.008478
15.89993 8039893 19.1551 0.006756
15.90218 8057997 15.9056 0.005603
15.90442 8076141 38.0145 0.013377
15.90667 8094326 43.5247 0.015298
15.90892 8112552 46.7321 0.016407
15.91117 8130819 63.2078 0.022167
15.91342 8149127 76.1836 0.026687
15.91567 8167476 101.5107 0.035520
15.91792 8185867 75.9126 0.026533
15.92017 8204299 109.6541 0.038283
15.92242 8222773 93.1288 0.032477
15.92467 8241288 77.6853 0.027061
15.92692 8259845 79.1433 0.027538
15.92917 8278444 64.2192 0.022320
15.93141 8297084 66.6514 0.023139
15.93366 8315767 72.4976 0.025140
15.93591 8334491 73.0876 0.025317
15.93816 8353258 58.1240 0.020111
15.94041 8372067 56.0715 0.019379
15.94266 8390918 59.5899 0.020572
15.94491 8409812 24.1411 0.008325
15.94716 8428749 18.4152 0.006343
15.94941 8447728 23.6809 0.008148
15.95166 8466749 30.7080 0.010553
15.95391 8485814 34.3357 0.011787
15.95616 8504921 41.5369 0.014243
15.95840 8524072 13.7085 0.004695
15.96065 8543266 -1.5171 -0.000519
15.96290 8562502 -15.2520 -0.005212
15.96515 8581783 -32.9921 -0.011262
15.96740 8601106 -64.6144 -0.022032
15.96965 8620473 -69.9079 -0.023810
15.97190 8639884 -52.6045 -0.017897
15.97415 8659338 -51.7476 -0.017585
15.97640 8678837 -47.1662 -0.016010
15.97865 8698379 -39.8964 -0.013527
15.98090 8717965 -3.1771 -0.001076
15.98315 8737595 -31.9745 -0.010817
15.98539 8757270 1.1726 0.000396
15.98764 8776988 16.7446 0.005652
15.98989 8796751 20.8267 0.007022
15.99214 8816559 -12.5284 -0.004219
15.99439 8836411 -3.4031 -0.001145
15.99664 8856308 28.2086 0.009479
15.99889 8876250 4.4773 0.001503
16.00114 8896237 -4.5915 -0.001539
16.00339 8916268 -14.1883 -0.004752
16.00564 8936345 -30.5303 -0.010213
16.00789 8956467 -31.0011 -0.010359
16.01014 8976634 -56.7086 -0.018927
16.01238 8996847 -24.3918 -0.008132
16.01463 9017105 -34.2899 -0.011419
16.01688 9037409 -35.8652 -0.011930
16.01913 9057758 -46.5265 -0.015459
16.02138 9078154 -33.3371 -0.011064
16.02363 9098595 -51.8924 -0.017203
16.02588 9119082 -64.8678 -0.021481
16.02813 9139616 -74.0362 -0.024490
16.03038 9160195 -101.7987 -0.033635
16.03263 9180821 -103.7092 -0.034228
16.03488 9201494 -121.6729 -0.040111
16.03713 9222213 -132.5528 -0.043649
16.03937 9242978 -141.8032 -0.046642
16.04162 9263791 -121.1128 -0.039792
16.04387 9284650 -110.1400 -0.036146
16.04612 9305556 -127.0039 -0.041634
16.04837 9326510 -116.7978 -0.038245
16.05062 9347510 -117.2583 -0.038353
16.05287 9368558 -88.5850 -0.028942
16.05512 9389653 -104.2391 -0.034018
16.05737 9410796 -82.3039 -0.026829
16.05962 9431986 -60.0461 -0.019552
16.06187 9453224 -38.6832 -0.012581
16.06412 9474510 -38.4052 -0.012477
16.06636 9495844 -47.7416 -0.015493
16.06861 9517225 -32.5131 -0.010539
16.07086 9538655 -35.4484 -0.011478
16.07311 9560134 -68.1588 -0.022044
16.07536 9581660 -58.5842 -0.018926
16.07761 9603235 -68.2819 -0.022034
16.07986 9624859 -138.4579 -0.044629
16.08211 9646531 -124.0216 -0.039931
16.08436 9668252 -131.5051 -0.042293
16.08661 9690022 -124.1463 -0.039881
16.08886 9711841 -115.1969 -0.036965
16.09111 9733709 -115.5681 -0.037042
16.09335 9755627 -135.6585 -0.043433
16.09560 9777593 -142.0962 -0.045443
16.09785 9799609 -140.3485 -0.044834
16.10010 9821675 -113.8390 -0.036324
16.10235 9843791 -119.8170 -0.038189
16.10460 9865956 -119.4083 -0.038016
16.10685 9888171 -113.8183 -0.036195
16.10910 9910436 -109.0342 -0.034635
16.11135 9932752 -135.0118 -0.042839
16.11360 9955117 -124.5655 -0.039480
16.11585 9977533 -93.8830 -0.029722
16.11810 10000000 -89.3657 -0.028260
