logY Y P PoverSqrtY
6.90675 999 -20.4136 -0.645859
6.90975 1002 -20.2257 -0.638955
6.91175 1004 -20.1933 -0.637294
6.91374 1006 -20.3598 -0.641911
6.91672 1009 -20.8643 -0.656839
6.91870 1011 -21.0158 -0.660954
6.92067 1013 -21.5847 -0.678174
6.92264 1015 -21.2344 -0.666511
6.92560 1018 -20.9227 -0.655757
6.92756 1020 -20.4225 -0.639453
6.92952 1022 -20.5305 -0.642206
6.93245 1025 -20.6812 -0.645971
6.93440 1027 -20.9915 -0.655026
6.93634 1029 -20.6098 -0.642490
6.93828 1031 -20.8708 -0.649994
6.94119 1034 -20.8470 -0.648310
6.94312 1036 -20.9668 -0.651407
6.94505 1038 -21.3904 -0.663927
6.94794 1041 -21.4706 -0.665455
6.94986 1043 -21.2607 -0.658317
6.95273 1046 -20.7417 -0.641326
6.95464 1048 -20.8331 -0.643538
6.95655 1050 -20.4897 -0.632325
6.95940 1053 -21.3526 -0.658016
6.96130 1055 -21.3845 -0.658373
6.96319 1057 -21.4955 -0.661167
6.96602 1060 -20.8900 -0.641632
6.96791 1062 -21.2083 -0.650793
6.97073 1065 -21.1683 -0.648652
6.97261 1067 -21.4672 -0.657193
6.97448 1069 -21.5706 -0.659740
6.97728 1072 -22.0092 -0.672214
6.97915 1074 -22.0511 -0.672864
6.98193 1077 -22.3903 -0.682265
6.98379 1079 -22.2769 -0.678180
6.98564 1081 -22.5864 -0.686965
6.98841 1084 -22.9009 -0.695566
6.99026 1086 -23.0723 -0.700127
6.99302 1089 -22.9856 -0.696534
6.99485 1091 -22.6565 -0.685930
6.99760 1094 -22.1981 -0.671131
6.99942 1096 -22.0799 -0.666949
7.00216 1099 -21.8666 -0.659602
7.00397 1101 -21.8797 -0.659397
7.00670 1104 -21.6500 -0.651590
7.00851 1106 -21.5689 -0.648560
7.01121 1109 -22.0399 -0.661826
7.01302 1111 -22.5209 -0.675661
7.01571 1114 -22.3659 -0.670106
7.01751 1116 -22.2172 -0.665055
7.02019 1119 -22.2647 -0.665582
7.02198 1121 -22.2781 -0.665388
7.02465 1124 -22.2675 -0.664184
7.02643 1126 -22.3834 -0.667048
7.02909 1129 -22.9349 -0.682573
7.03086 1131 -22.8022 -0.678023
7.03351 1134 -22.6635 -0.673007
7.03527 1136 -22.8469 -0.677856
7.03791 1139 -22.9354 -0.679585
7.03966 1141 -22.7184 -0.672565
7.04229 1144 -22.6653 -0.670113
7.04491 1147 -22.9607 -0.677959
7.04665 1149 -22.7059 -0.669851
7.04925 1152 -22.9091 -0.674966
7.05099 1154 -22.7473 -0.669618
7.05359 1157 -23.1135 -0.679516
7.05618 1160 -22.3396 -0.655914
7.05790 1162 -22.5028 -0.660136
7.06048 1165 -22.7965 -0.667890
7.06219 1167 -23.4603 -0.686748
7.06476 1170 -22.3679 -0.653933
7.06732 1173 -22.2659 -0.650117
7.06902 1175 -21.7093 -0.633326
7.07157 1178 -21.5016 -0.626466
7.07412 1181 -21.5498 -0.627074
7.07581 1183 -21.8171 -0.634315
7.07834 1186 -21.5727 -0.626416
7.08087 1189 -21.5181 -0.624041
7.08255 1191 -21.3134 -0.617585
7.08506 1194 -21.1196 -0.611201
7.08757 1197 -21.5345 -0.622425
7.08924 1199 -21.5969 -0.623710
7.09174 1202 -21.5155 -0.620581
7.09423 1205 -21.6693 -0.624239
7.09589 1207 -22.0260 -0.633989
7.09838 1210 -21.5200 -0.618657
7.10085 1213 -22.1550 -0.636123
7.10332 1216 -21.3690 -0.612798
7.10497 1218 -21.2112 -0.607774
7.10743 1221 -21.2607 -0.608444
7.10988 1224 -21.3966 -0.611581
7.11233 1227 -21.8880 -0.624861
7.11396 1229 -21.2302 -0.605589
7.11639 1232 -20.9937 -0.598114
7.11883 1235 -21.1131 -0.600784
7.12125 1238 -21.2637 -0.604337
7.12367 1241 -21.4119 -0.607812
7.12528 1243 -21.5325 -0.610744
7.12769 1246 -21.0183 -0.595441
7.13010 1249 -21.2537 -0.601385
7.13250 1252 -21.3304 -0.602834
7.13489 1255 -22.0176 -0.621509
7.13648 1257 -22.3428 -0.630188
7.13887 1260 -22.2014 -0.625454
7.14125 1263 -23.5717 -0.663268
7.14362 1266 -23.2183 -0.652550
7.14598 1269 -23.1698 -0.650416
7.14835 1272 -22.9244 -0.642767
7.14992 1274 -22.6350 -0.634156
7.15227 1277 -23.2273 -0.649985
7.15462 1280 -23.0608 -0.644568
7.15696 1283 -23.7282 -0.662448
7.15929 1286 -23.2031 -0.647032
7.16162 1289 -23.2292 -0.647004
7.16395 1292 -23.2417 -0.646601
7.16627 1295 -23.4718 -0.652246
7.16858 1298 -23.2706 -0.645908
7.17089 1301 -22.9811 -0.637135
7.17242 1303 -23.2228 -0.643343
7.17472 1306 -22.6114 -0.625686
7.17702 1309 -22.6144 -0.625049
7.17931 1312 -22.7486 -0.628042
7.18159 1315 -22.4648 -0.619499
7.18387 1318 -22.5267 -0.620497
7.18614 1321 -22.6925 -0.624355
7.18841 1324 -22.2741 -0.612148
7.19068 1327 -22.7482 -0.624470
7.19293 1330 -22.0990 -0.605963
7.19519 1333 -22.8550 -0.625988
7.19744 1336 -22.7199 -0.621588
7.19968 1339 -22.8134 -0.623447
7.20192 1342 -22.3164 -0.609182
7.20415 1345 -21.9498 -0.598508
7.20638 1348 -21.7368 -0.592041
7.20860 1351 -21.9465 -0.597088
7.21082 1354 -22.0679 -0.599725
7.21303 1357 -22.6720 -0.615461
7.21524 1360 -22.5506 -0.611488
7.21744 1363 -23.2663 -0.630202
7.22037 1367 -23.0772 -0.624163
7.22257 1370 -21.9532 -0.593113
7.22475 1373 -22.2761 -0.601179
7.22694 1376 -22.3157 -0.601591
7.22911 1379 -22.4310 -0.604041
7.23129 1382 -22.2575 -0.598719
7.23346 1385 -22.4001 -0.601901
7.23562 1388 -22.7904 -0.611728
7.23778 1391 -23.4437 -0.628584
7.23993 1394 -23.4632 -0.628428
7.24280 1398 -23.4007 -0.625857
7.24494 1401 -23.2400 -0.620894
7.24708 1404 -23.1265 -0.617202
7.24922 1407 -23.7639 -0.633534
7.25134 1410 -23.4650 -0.624901
7.25347 1413 -24.2171 -0.644246
7.25630 1417 -24.5096 -0.651104
7.25841 1420 -23.9506 -0.635583
7.26052 1423 -24.8050 -0.657562
7.26263 1426 -24.1030 -0.638281
7.26473 1429 -24.1889 -0.639882
7.26753 1433 -25.3823 -0.670514
7.26962 1436 -24.9448 -0.658268
7.27170 1439 -24.8763 -0.655777
7.27379 1442 -24.2577 -0.638804
7.27656 1446 -24.2191 -0.636905
7.27863 1449 -24.4905 -0.643374
7.28070 1452 -24.5871 -0.645244
7.28276 1455 -24.6254 -0.645583
7.28551 1459 -24.1246 -0.631586
7.28756 1462 -23.8078 -0.622653
7.28961 1465 -23.5173 -0.614425
7.29234 1469 -22.7695 -0.594076
7.29438 1472 -22.7158 -0.592071
7.29641 1475 -22.5212 -0.586403
7.29845 1478 -22.1112 -0.575141
7.30115 1482 -22.1279 -0.574799
7.30317 1485 -22.4791 -0.583332
7.30519 1488 -23.1921 -0.601226
7.30787 1492 -23.2362 -0.601563
7.30988 1495 -23.0897 -0.597169
7.31255 1499 -22.7051 -0.586440
7.31455 1502 -22.8830 -0.590443
7.31655 1505 -23.0219 -0.593434
7.31920 1509 -23.0183 -0.592554
7.32119 1512 -22.8798 -0.588405
7.32383 1516 -22.5108 -0.578151
7.32581 1519 -22.5519 -0.578634
7.32778 1522 -22.1841 -0.568636
7.33041 1526 -21.8117 -0.558357
7.33237 1529 -22.2940 -0.570144
7.33498 1533 -22.8506 -0.583615
7.33694 1536 -22.7112 -0.579488
7.33954 1540 -22.2499 -0.566980
7.34148 1543 -22.9495 -0.584239
7.34407 1547 -23.1644 -0.588946
7.34601 1550 -22.5429 -0.572589
7.34859 1554 -22.1638 -0.562236
7.35052 1557 -22.3891 -0.567403
7.35308 1561 -22.3203 -0.564934
7.35500 1564 -22.2664 -0.563031
7.35756 1568 -22.2123 -0.560946
7.35947 1571 -22.1648 -0.559211
7.36201 1575 -22.2883 -0.561612
7.36391 1578 -22.2888 -0.561090
7.36645 1582 -22.4965 -0.565602
7.36834 1585 -22.9722 -0.577017
7.37086 1589 -22.4852 -0.564071
7.37275 1592 -21.9439 -0.549974
7.37526 1596 -21.2272 -0.531344
7.37776 1600 -21.3664 -0.534159
7.37963 1603 -21.9969 -0.549407
7.38212 1607 -22.2526 -0.555101
7.38399 1610 -21.6051 -0.538447
7.38647 1614 -22.1507 -0.551361
7.38895 1618 -21.9624 -0.545998
7.39080 1621 -21.7845 -0.541073
7.39326 1625 -21.7884 -0.540503
7.39572 1629 -21.9863 -0.544743
7.39756 1632 -22.1779 -0.548985
7.40001 1636 -22.3032 -0.551411
7.40245 1640 -22.7069 -0.560707
7.40428 1643 -23.8321 -0.587953
7.40671 1647 -23.9788 -0.590853
7.40914 1651 -22.7895 -0.560869
7.41156 1655 -22.6645 -0.557117
7.41337 1658 -22.6481 -0.556212
7.41578 1662 -22.7744 -0.558640
7.41818 1666 -22.1686 -0.543127
7.41998 1669 -22.1265 -0.541607
7.42237 1673 -22.4089 -0.547865
7.42476 1677 -22.3966 -0.546908
7.42714 1681 -22.5597 -0.550237
7.42952 1685 -22.9336 -0.558691
7.43130 1688 -22.8854 -0.557021
7.43367 1692 -22.6156 -0.549803
7.43603 1696 -22.7577 -0.552607
7.43838 1700 -22.6896 -0.550303
7.44073 1704 -22.8775 -0.554209
7.44249 1707 -23.0545 -0.558005
7.44483 1711 -23.2310 -0.561620
7.44717 1715 -23.2628 -0.561733
7.44950 1719 -23.0274 -0.555401
7.45182 1723 -23.0195 -0.554565
7.45414 1727 -23.6137 -0.568222
7.45645 1731 -23.5779 -0.566704
7.45876 1735 -24.1116 -0.578865
7.46049 1738 -24.5302 -0.588405
7.46279 1742 -24.5401 -0.587965
7.46508 1746 -24.2182 -0.579588
7.46737 1750 -23.5360 -0.562618
7.46965 1754 -23.7920 -0.568089
7.47193 1758 -24.1344 -0.575609
7.47420 1762 -24.1537 -0.575415
7.47647 1766 -23.9373 -0.569613
7.47873 1770 -24.0026 -0.570521
7.48099 1774 -24.6220 -0.584582
7.48324 1778 -24.7861 -0.587816
7.48549 1782 -24.9996 -0.592215
7.48773 1786 -25.0367 -0.592429
7.48997 1790 -24.7595 -0.585215
7.49220 1794 -24.8105 -0.585766
7.49443 1798 -24.6459 -0.581232
7.49665 1802 -24.1509 -0.568925
7.49887 1806 -23.8715 -0.561720
7.50108 1810 -24.0678 -0.565714
7.50329 1814 -24.3815 -0.572456
7.50549 1818 -24.0921 -0.565038
7.50824 1823 -24.4121 -0.571756
7.51043 1827 -24.5678 -0.574773
7.51262 1831 -24.5782 -0.574389
7.51480 1835 -24.4917 -0.571742
7.51698 1839 -24.5906 -0.573426
7.51915 1843 -24.4586 -0.569731
7.52132 1847 -23.9562 -0.557423
7.52402 1852 -23.9506 -0.556541
7.52618 1856 -24.1232 -0.559946
7.52833 1860 -23.9275 -0.554805
7.53048 1864 -24.2067 -0.560676
7.53262 1868 -24.4137 -0.564866
7.53476 1872 -24.5516 -0.567449
7.53743 1877 -24.3053 -0.561008
7.53956 1881 -24.4290 -0.563262
7.54168 1885 -24.7024 -0.568963
7.54380 1889 -24.8527 -0.571817
7.54645 1894 -24.4699 -0.562268
7.54856 1898 -24.4787 -0.561875
7.55066 1902 -24.7123 -0.566641
7.55276 1906 -24.9630 -0.571789
7.55538 1911 -25.8969 -0.592404
7.55747 1915 -25.7603 -0.588663
7.55956 1919 -25.9027 -0.591299
7.56216 1924 -26.5029 -0.604215
7.56424 1928 -27.0410 -0.615843
7.56631 1932 -26.8979 -0.611949
7.56890 1937 -27.8946 -0.633804
7.57096 1941 -26.9419 -0.611526
7.57302 1945 -26.3845 -0.598259
7.57558 1950 -25.9340 -0.587288
7.57763 1954 -25.7545 -0.582626
7.58019 1959 -25.4335 -0.574630
7.58223 1963 -26.0062 -0.586971
7.58426 1967 -26.2651 -0.592212
7.58680 1972 -25.3466 -0.570777
7.58883 1976 -25.2115 -0.567159
7.59136 1981 -25.7366 -0.578242
7.59337 1985 -26.1670 -0.587319
7.59589 1990 -25.4017 -0.569425
7.59790 1994 -25.2564 -0.565599
7.60040 1999 -24.9203 -0.557374
7.60240 2003 -24.9258 -0.556941
7.60489 2008 -24.6129 -0.549263
7.60688 2012 -24.5107 -0.546438
7.60937 2017 -24.7629 -0.551377
7.61135 2021 -24.5721 -0.546586
7.61382 2026 -24.4818 -0.543906
7.61579 2030 -23.9241 -0.530992
7.61825 2035 -24.4323 -0.541605
7.62071 2040 -24.1296 -0.534239
7.62266 2044 -23.8814 -0.528225
7.62511 2049 -24.1880 -0.534354
7.62706 2053 -24.5257 -0.541286
7.62949 2058 -24.6836 -0.544109
7.63192 2063 -26.7045 -0.587943
7.63385 2067 -26.3453 -0.579473
7.63627 2072 -25.7725 -0.566190
7.63868 2077 -26.8586 -0.589340
7.64060 2081 -26.4076 -0.578886
7.64300 2086 -25.4828 -0.557944
7.64540 2091 -25.4738 -0.557078
7.64731 2095 -25.6162 -0.559658
7.64969 2100 -24.8870 -0.543079
7.65207 2105 -25.2397 -0.550120
7.65444 2110 -24.7664 -0.539165
7.65634 2114 -24.6971 -0.537148
7.65870 2119 -24.8782 -0.540447
7.66106 2124 -24.2778 -0.526783
7.66341 2129 -24.5377 -0.531798
7.66528 2133 -25.4827 -0.551759
7.66763 2138 -25.9149 -0.560461
7.66996 2143 -25.8391 -0.558169
7.67229 2148 -25.5815 -0.551962
7.67462 2153 -25.8981 -0.558142
7.67694 2158 -25.9958 -0.559601
7.67879 2162 -25.9749 -0.558633
7.68110 2167 -25.8231 -0.554727
7.68340 2172 -25.5387 -0.547986
7.68570 2177 -26.3315 -0.564347
7.68800 2182 -25.9186 -0.554862
7.69029 2187 -26.7259 -0.571489
7.69257 2192 -27.0153 -0.577018
7.69485 2197 -26.7030 -0.569698
7.69712 2202 -26.3932 -0.562449
7.69939 2207 -26.9313 -0.573267
7.70165 2212 -26.1700 -0.556432
7.70391 2217 -26.3761 -0.560180
7.70616 2222 -25.1578 -0.533704
7.70841 2227 -24.8638 -0.526874
7.71065 2232 -24.8002 -0.524937
7.71289 2237 -24.7555 -0.523406
7.71512 2242 -23.8918 -0.504581
7.71735 2247 -24.1798 -0.510094
7.71957 2252 -24.3297 -0.512688
7.72179 2257 -25.1567 -0.529526
7.72400 2262 -25.5658 -0.537543
7.72621 2267 -25.7529 -0.540878
7.72842 2272 -25.9741 -0.544924
7.73061 2277 -25.9806 -0.544461
7.73281 2282 -25.4410 -0.532569
7.73543 2288 -26.4359 -0.552670
7.73762 2293 -25.9268 -0.541436
7.73979 2298 -25.2822 -0.527400
7.74197 2303 -25.8260 -0.538159
7.74414 2308 -25.8668 -0.538423
7.74630 2313 -26.4015 -0.548959
7.74889 2319 -26.2237 -0.544557
7.75105 2324 -25.8120 -0.535432
7.75319 2329 -26.3127 -0.545232
7.75534 2334 -25.9013 -0.536131
7.75791 2340 -25.5995 -0.529204
7.76004 2345 -26.1347 -0.539692
7.76217 2350 -25.5210 -0.526458
7.76430 2355 -25.4485 -0.524404
7.76684 2361 -25.3780 -0.522287
7.76896 2366 -24.7445 -0.508712
7.77107 2371 -24.5320 -0.503811
7.77359 2377 -24.4247 -0.500974
7.77570 2382 -24.7147 -0.506389
7.77779 2387 -25.2449 -0.516710
7.78030 2393 -24.6787 -0.504488
7.78239 2398 -24.4409 -0.499106
7.78489 2404 -24.4735 -0.499147
7.78697 2409 -24.3037 -0.495170
7.78904 2414 -24.6910 -0.502539
7.79152 2420 -24.4418 -0.496850
7.79359 2425 -24.5353 -0.498237
7.79606 2431 -24.8127 -0.503248
7.79811 2436 -24.6364 -0.499159
7.80057 2442 -25.3061 -0.512096
7.80262 2447 -25.7781 -0.521116
7.80507 2453 -25.7297 -0.519500
7.80710 2458 -26.1086 -0.526613
7.80954 2464 -26.4684 -0.533222
7.81157 2469 -27.0169 -0.543720
7.81400 2475 -27.6641 -0.556069
7.81642 2481 -28.7229 -0.576654
7.81843 2486 -28.7201 -0.576017
7.82084 2492 -28.0289 -0.561476
7.82285 2497 -28.9079 -0.578506
7.82525 2503 -27.8954 -0.557574
7.82764 2509 -27.4414 -0.547843
7.82963 2514 -27.5552 -0.549568
7.83201 2520 -26.7536 -0.532945
7.83439 2526 -26.8196 -0.533625
7.83637 2531 -26.9488 -0.535666
7.83874 2537 -27.7792 -0.551518
7.84110 2543 -28.0196 -0.555633
7.84306 2548 -27.1398 -0.537659
7.84542 2554 -27.9168 -0.552402
7.84776 2560 -27.9202 -0.551822
7.85010 2566 -28.0554 -0.553845
7.85205 2571 -28.1823 -0.555809
7.85438 2577 -28.0548 -0.552650
7.85671 2583 -27.5000 -0.541092
7.85903 2589 -27.0276 -0.531179
7.86134 2595 -27.1353 -0.532679
7.86365 2601 -26.6948 -0.523427
7.86557 2606 -26.8390 -0.525750
7.86787 2612 -27.2292 -0.532781
7.87017 2618 -26.3226 -0.514451
7.87246 2624 -26.2159 -0.511779
7.87474 2630 -25.8546 -0.504150
7.87702 2636 -25.9004 -0.504468
7.87929 2642 -25.1282 -0.488872
7.88156 2648 -24.6086 -0.478221
7.88382 2654 -24.1795 -0.469350
7.88608 2660 -23.8260 -0.461967
7.88833 2666 -24.6279 -0.476976
7.89058 2672 -25.1485 -0.486513
7.89283 2678 -25.3365 -0.489600
7.89506 2684 -25.8705 -0.499359
7.89730 2690 -25.9047 -0.499463
7.89952 2696 -25.7112 -0.495180
7.90175 2702 -25.2001 -0.484796
7.90397 2708 -25.3664 -0.487455
7.90618 2714 -25.1309 -0.482395
7.90839 2720 -25.3146 -0.485385
7.91059 2726 -26.1531 -0.500910
7.91279 2732 -26.5607 -0.508158
7.91535 2739 -27.3047 -0.521725
7.91754 2745 -27.4424 -0.523783
7.91972 2751 -28.2411 -0.538438
7.92190 2757 -28.8158 -0.548797
7.92407 2763 -29.9885 -0.570511
7.92660 2770 -28.0223 -0.532432
7.92877 2776 -27.3904 -0.519862
7.93093 2782 -26.9670 -0.511275
7.93308 2788 -26.3907 -0.499810
7.93559 2795 -25.8410 -0.488786
7.93773 2801 -25.9395 -0.490122
7.93987 2807 -26.2108 -0.494720
7.94236 2814 -25.9961 -0.490056
7.94449 2820 -26.0720 -0.490964
7.94662 2826 -25.6708 -0.482897
7.94909 2833 -26.1630 -0.491547
7.95121 2839 -25.7038 -0.482408
7.95332 2845 -25.5005 -0.478088
7.95578 2852 -25.7628 -0.482411
7.95788 2858 -26.3778 -0.493409
7.96032 2865 -26.7831 -0.500379
7.96242 2871 -25.9724 -0.484726
7.96485 2878 -25.8129 -0.481162
7.96693 2884 -25.3328 -0.471721
7.96936 2891 -25.6269 -0.476619
7.97143 2897 -25.9668 -0.482441
7.97384 2904 -25.5478 -0.474085
7.97591 2910 -25.5780 -0.474154
7.97831 2917 -26.4518 -0.489765
7.98037 2923 -26.0002 -0.480908
7.98276 2930 -25.9967 -0.480268
7.98480 2936 -26.6604 -0.492027
7.98718 2943 -26.9098 -0.496038
7.98956 2950 -26.5068 -0.488030
7.99159 2956 -27.2334 -0.500899
7.99396 2963 -28.2299 -0.518613
7.99632 2970 -27.3917 -0.502620
7.99834 2976 -27.8149 -0.509872
8.00068 2983 -27.3568 -0.500886
8.00303 2990 -27.2939 -0.499149
8.00503 2996 -26.9268 -0.491941
8.00737 3003 -27.9163 -0.509426
8.00970 3010 -28.2227 -0.514418
8.01202 3017 -28.5452 -0.519692
8.01434 3024 -27.7786 -0.505148
8.01632 3030 -27.8278 -0.505543
8.01863 3037 -28.3405 -0.514263
8.02093 3044 -28.1937 -0.511010
8.02322 3051 -28.7126 -0.519818
8.02552 3058 -29.0711 -0.525705
8.02780 3065 -28.5950 -0.516505
8.03008 3072 -27.8952 -0.503292
8.03204 3078 -27.0180 -0.486989
8.03431 3085 -27.6757 -0.498277
8.03657 3092 -27.4299 -0.493292
8.03883 3099 -27.5827 -0.495481
8.04109 3106 -27.8515 -0.499745
8.04334 3113 -28.4456 -0.509830
8.04559 3120 -27.5807 -0.493773
8.04783 3127 -28.8382 -0.515708
8.05007 3134 -28.4303 -0.507846
8.05230 3141 -29.2344 -0.521626
8.05452 3148 -28.9367 -0.515741
8.05706 3156 -28.9248 -0.514875
8.05928 3163 -29.5054 -0.524628
8.06149 3170 -28.6312 -0.508522
8.06369 3177 -28.7943 -0.510855
8.06589 3184 -29.0123 -0.514157
8.06809 3191 -28.4015 -0.502780
8.07028 3198 -28.3085 -0.500585
8.07278 3206 -27.8167 -0.491274
8.07496 3213 -28.4997 -0.502788
8.07714 3220 -27.3290 -0.481610
8.07931 3227 -27.1090 -0.477215
8.08178 3235 -26.7602 -0.470492
8.08395 3242 -27.2657 -0.478862
8.08610 3249 -27.3463 -0.479759
8.08856 3257 -28.3867 -0.497400
8.09071 3264 -27.1567 -0.475337
8.09285 3271 -26.5950 -0.465007
8.09529 3279 -26.9010 -0.469784
8.09743 3286 -26.9967 -0.470952
8.09955 3293 -27.4822 -0.478913
8.10198 3301 -27.4870 -0.478415
8.10410 3308 -28.1705 -0.489792
8.10651 3316 -29.1166 -0.505630
8.10862 3323 -29.3283 -0.508770
8.11103 3331 -28.9156 -0.501008
8.11313 3338 -29.2721 -0.506653
8.11552 3346 -28.0498 -0.484916
8.11761 3353 -28.1703 -0.486490
8.11999 3361 -27.1766 -0.468771
8.12207 3368 -26.7729 -0.461328
8.12445 3376 -27.0679 -0.465858
8.12652 3383 -27.9967 -0.481344
8.12888 3391 -27.8717 -0.478630
8.13124 3399 -27.1105 -0.465010
8.13329 3406 -27.2889 -0.467588
8.13564 3414 -27.1060 -0.463910
8.13798 3422 -26.8563 -0.459099
8.14002 3429 -26.7849 -0.457410
8.14235 3437 -27.1500 -0.463106
8.14468 3445 -26.3810 -0.449466
8.14700 3453 -26.7601 -0.455396
8.14902 3460 -26.2107 -0.445595
8.15133 3468 -26.4078 -0.448428
8.15364 3476 -25.5860 -0.433972
8.15594 3484 -25.7288 -0.435894
8.15823 3492 -26.1949 -0.443281
8.16052 3500 -26.6320 -0.450163
8.16252 3507 -28.1621 -0.475551
8.16479 3515 -27.7904 -0.468740
8.16707 3523 -29.0840 -0.490001
8.16934 3531 -28.9868 -0.487810
8.17160 3539 -29.7141 -0.499485
8.17386 3547 -30.3563 -0.509705
8.17611 3555 -29.5841 -0.496178
8.17836 3563 -30.2619 -0.506977
8.18060 3571 -28.7041 -0.480340
8.18284 3579 -28.5092 -0.476545
8.18507 3587 -28.5238 -0.476257
8.18730 3595 -28.1378 -0.469289
8.18952 3603 -28.8758 -0.481062
8.19202 3612 -28.4316 -0.473072
8.19423 3620 -28.7762 -0.478276
8.19644 3628 -28.8510 -0.478990
8.19864 3636 -28.9952 -0.480854
8.20084 3644 -28.2262 -0.467589
8.20303 3652 -28.1341 -0.465552
8.20549 3661 -29.2027 -0.482639
8.20767 3669 -28.6267 -0.472605
8.20985 3677 -29.3706 -0.484357
8.21203 3685 -28.5254 -0.469909
8.21447 3694 -28.1197 -0.462661
8.21663 3702 -27.5543 -0.452868
8.21879 3710 -27.4197 -0.450169
8.22121 3719 -27.4890 -0.450761
8.22336 3727 -27.4039 -0.448883
8.22550 3735 -27.7400 -0.453901
8.22791 3744 -27.9516 -0.456813
8.23004 3752 -27.8491 -0.454652
8.23244 3761 -27.9150 -0.455184
8.23456 3769 -27.4257 -0.446730
8.23695 3778 -27.8937 -0.453811
8.23907 3786 -28.9639 -0.470724
8.24144 3795 -29.6292 -0.480966
8.24355 3803 -30.7349 -0.498389
8.24591 3812 -31.2643 -0.506375
8.24801 3820 -29.6715 -0.480074
8.25036 3829 -29.3815 -0.474823
8.25271 3838 -28.6254 -0.462061
8.25479 3846 -28.2089 -0.454864
8.25713 3855 -28.5655 -0.460075
8.25946 3864 -28.6385 -0.460714
8.26153 3872 -29.5664 -0.475149
8.26385 3881 -30.4133 -0.488194
8.26616 3890 -31.0943 -0.498546
8.26848 3899 -30.8416 -0.493924
8.27053 3907 -30.7954 -0.492679
8.27283 3916 -30.0371 -0.479994
8.27512 3925 -29.9385 -0.477871
8.27741 3934 -29.4820 -0.470046
8.27970 3943 -30.5348 -0.486275
8.28198 3952 -29.9375 -0.476220
8.28400 3960 -29.3053 -0.465692
8.28627 3969 -28.5369 -0.452967
8.28853 3978 -28.0098 -0.444096
8.29079 3987 -28.9057 -0.457784
8.29305 3996 -28.9423 -0.457847
8.29530 4005 -28.5833 -0.451660
8.29754 4014 -28.9046 -0.456223
8.29978 4023 -29.3190 -0.462248
8.30202 4032 -29.1965 -0.459802
8.30425 4041 -29.7748 -0.468387
8.30672 4051 -29.2400 -0.459405
8.30894 4060 -28.8809 -0.453260
8.31115 4069 -29.0479 -0.455376
8.31336 4078 -29.4255 -0.460788
8.31557 4087 -30.2309 -0.472877
8.31777 4096 -30.3569 -0.474327
8.32020 4106 -29.3097 -0.457406
8.32239 4115 -29.4532 -0.459143
8.32458 4124 -28.4612 -0.443194
8.32676 4133 -28.7848 -0.447745
8.32918 4143 -28.2852 -0.439443
8.33135 4152 -28.4787 -0.441968
8.33351 4161 -28.5892 -0.443204
8.33591 4171 -28.5459 -0.442001
8.33807 4180 -28.3143 -0.437943
8.34046 4190 -28.8546 -0.445767
8.34260 4199 -28.4820 -0.439539
8.34474 4208 -29.5437 -0.455436
8.34712 4218 -28.9903 -0.446375
8.34925 4227 -29.8013 -0.458373
8.35161 4237 -30.2701 -0.465033
8.35397 4247 -29.6032 -0.454252
8.35609 4256 -27.4683 -0.421047
8.35843 4266 -27.7413 -0.424734
8.36054 4275 -27.9844 -0.428003
8.36288 4285 -28.3106 -0.432488
8.36521 4295 -28.0081 -0.427368
8.36730 4304 -28.7542 -0.438293
8.36962 4314 -28.7192 -0.437252
8.37194 4324 -28.6528 -0.435736
8.37402 4333 -28.9691 -0.440089
8.37632 4343 -28.9285 -0.438966
8.37862 4353 -28.1312 -0.426377
8.38092 4363 -29.1051 -0.440632
8.38320 4373 -28.5156 -0.431214
8.38526 4382 -27.3375 -0.412973
8.38754 4392 -26.7839 -0.404149
8.38981 4402 -26.6117 -0.401095
8.39208 4412 -26.5000 -0.398959
8.39435 4422 -26.4943 -0.398422
8.39661 4432 -27.3785 -0.411253
8.39886 4442 -26.9006 -0.403621
8.40111 4452 -26.6581 -0.399533
8.40335 4462 -26.7981 -0.401180
8.40559 4472 -25.5829 -0.382560
8.40782 4482 -24.9280 -0.372351
8.41005 4492 -25.3381 -0.378054
8.41228 4502 -24.8656 -0.370592
8.41450 4512 -25.5657 -0.380603
8.41693 4523 -25.4424 -0.378307
8.41914 4533 -26.1995 -0.389135
8.42134 4543 -26.2154 -0.388943
8.42354 4553 -27.1040 -0.401684
8.42574 4563 -28.1509 -0.416741
8.42814 4574 -27.9524 -0.413305
8.43033 4584 -28.6518 -0.423184
8.43251 4594 -28.1718 -0.415642
8.43490 4605 -28.0722 -0.413677
8.43707 4615 -29.1016 -0.428382
8.43923 4625 -29.3715 -0.431888
8.44161 4636 -28.1372 -0.413246
8.44376 4646 -28.5473 -0.418818
8.44613 4657 -29.9064 -0.438239
8.44827 4667 -29.5489 -0.432536
8.45063 4678 -29.1352 -0.425978
8.45276 4688 -30.2460 -0.441747
8.45510 4699 -30.1824 -0.440302
8.45723 4709 -30.1615 -0.439531
8.45956 4720 -30.7345 -0.447358
8.46189 4731 -30.9797 -0.450402
8.46400 4741 -32.0876 -0.466017
8.46632 4752 -31.3327 -0.454528
8.46863 4763 -31.1871 -0.451892
8.47073 4773 -30.5347 -0.441976
8.47303 4784 -30.2911 -0.437945
8.47533 4795 -29.8500 -0.431072
8.47762 4806 -29.9427 -0.431915
8.47991 4817 -31.2823 -0.450723
8.48198 4827 -30.4810 -0.438723
8.48426 4838 -30.9937 -0.445595
8.48653 4849 -31.1374 -0.447153
8.48879 4860 -31.1465 -0.446778
8.49105 4871 -31.0227 -0.444499
8.49331 4882 -30.8053 -0.440886
8.49556 4893 -30.7350 -0.439386
8.49781 4904 -29.6939 -0.424026
8.50005 4915 -30.1304 -0.429776
8.50228 4926 -29.9986 -0.427419
8.50451 4937 -30.6187 -0.435767
8.50674 4948 -28.7479 -0.408687
8.50916 4960 -28.0100 -0.397715
8.51138 4971 -28.5148 -0.404435
8.51359 4982 -29.1196 -0.412556
8.51579 4993 -29.8077 -0.421840
8.51799 5004 -29.2058 -0.412868
8.52039 5016 -29.7946 -0.420686
8.52258 5027 -30.5487 -0.430862
8.52476 5038 -29.6783 -0.418128
8.52714 5050 -28.9240 -0.407017
8.52932 5061 -30.1700 -0.424089
8.53149 5072 -30.1885 -0.423889
8.53385 5084 -30.0772 -0.421827
8.53601 5095 -29.7484 -0.416765
8.53837 5107 -30.3087 -0.424115
8.54052 5118 -30.2329 -0.422600
8.54286 5130 -29.2352 -0.408176
8.54500 5141 -29.7959 -0.415559
8.54733 5153 -29.6127 -0.412523
8.54947 5164 -29.5522 -0.411241
8.55179 5176 -30.2347 -0.420251
8.55410 5188 -30.4141 -0.422255
8.55622 5199 -31.2269 -0.433081
8.55853 5211 -32.3289 -0.447847
8.56083 5223 -32.4874 -0.449527
8.56312 5235 -32.0453 -0.442900
8.56522 5246 -30.9047 -0.426687
8.56751 5258 -31.9230 -0.440244
8.56979 5270 -33.1326 -0.456405
8.57206 5282 -33.6087 -0.462437
8.57433 5294 -34.2258 -0.470394
8.57659 5306 -33.9891 -0.466612
8.57885 5318 -33.1062 -0.453979
8.58111 5330 -32.6873 -0.447729
8.58336 5342 -32.9001 -0.450138
8.58560 5354 -33.4357 -0.456953
8.58784 5366 -33.8765 -0.462460
8.59007 5378 -33.7193 -0.459799
8.59230 5390 -34.4057 -0.468636
8.59452 5402 -34.8987 -0.474824
8.59674 5414 -35.6814 -0.484934
8.59896 5426 -36.0501 -0.489403
8.60135 5439 -35.1762 -0.476969
8.60355 5451 -33.8415 -0.458364
8.60575 5463 -33.8645 -0.458173
8.60795 5475 -32.7174 -0.442168
8.61032 5488 -33.6089 -0.453677
8.61250 5500 -32.6641 -0.440443
8.61486 5513 -32.9621 -0.443936
8.61704 5525 -32.0936 -0.431770
8.61921 5537 -32.3818 -0.435175
8.62155 5550 -32.1687 -0.431805
8.62371 5562 -33.3257 -0.446852
8.62605 5575 -33.0287 -0.442354
8.62820 5587 -33.2981 -0.445482
8.63052 5600 -32.3267 -0.431984
8.63284 5613 -33.4093 -0.445933
8.63498 5625 -32.8958 -0.438611
8.63728 5638 -33.5003 -0.446155
8.63959 5651 -32.5134 -0.432513
8.64171 5663 -32.5013 -0.431895
8.64400 5676 -32.4050 -0.430121
8.64629 5689 -33.1994 -0.440162
8.64857 5702 -31.5095 -0.417281
8.65085 5715 -30.4081 -0.402237
8.65295 5727 -29.5455 -0.390416
8.65521 5740 -28.2989 -0.373520
8.65748 5753 -28.3458 -0.373715
8.65973 5766 -28.8307 -0.379680
8.66199 5779 -28.4104 -0.373724
8.66423 5792 -27.8987 -0.366581
8.66647 5805 -27.4167 -0.359843
8.66871 5818 -25.9136 -0.339735
8.67094 5831 -25.7234 -0.336866
8.67334 5845 -26.1467 -0.341999
8.67556 5858 -26.6020 -0.347567
8.67778 5871 -26.7960 -0.349715
8.67999 5884 -26.7034 -0.348121
8.68220 5897 -26.8418 -0.349539
8.68457 5911 -27.4351 -0.356842
8.68677 5924 -27.4363 -0.356466
8.68896 5937 -28.4652 -0.369429
8.69131 5951 -28.3649 -0.367694
8.69350 5964 -29.1724 -0.377750
8.69584 5978 -29.7886 -0.385276
8.69801 5991 -29.9317 -0.386706
8.70018 6004 -29.6837 -0.383088
8.70251 6018 -30.4434 -0.392434
8.70483 6032 -31.3632 -0.403822
8.70699 6045 -32.3630 -0.416247
8.70930 6059 -32.9752 -0.423631
8.71144 6072 -31.5345 -0.404688
8.71375 6086 -31.2362 -0.400399
8.71604 6100 -30.9267 -0.395976
8.71817 6113 -31.9060 -0.408080
8.72046 6127 -31.8285 -0.406623
8.72274 6141 -31.4449 -0.401264
8.72502 6155 -31.7638 -0.404872
8.72729 6169 -31.9347 -0.406589
8.72956 6183 -31.3697 -0.398943
8.73182 6197 -30.2679 -0.384496
8.73408 6211 -29.1804 -0.370263
8.73617 6224 -28.8136 -0.365227
8.73858 6239 -29.7552 -0.376708
8.74082 6253 -30.6656 -0.387800
8.74305 6267 -30.3709 -0.383643
8.74528 6281 -30.2437 -0.381611
8.74751 6295 -30.8963 -0.389411
8.74973 6309 -29.6361 -0.373113
8.75195 6323 -30.0426 -0.377812
8.75432 6338 -31.0851 -0.390459
8.75653 6352 -30.3173 -0.380395
8.75873 6366 -28.9797 -0.363212
8.76092 6380 -28.4200 -0.355807
8.76327 6395 -29.1852 -0.364958
8.76546 6409 -29.7889 -0.372100
8.76780 6424 -29.7300 -0.370930
8.76997 6438 -31.3881 -0.391191
8.77230 6453 -31.8974 -0.397076
8.77447 6467 -31.9591 -0.397414
8.77678 6482 -32.1134 -0.398871
8.77894 6496 -31.1427 -0.386396
8.78125 6511 -31.3294 -0.388265
8.78355 6526 -30.4899 -0.377427
8.78569 6540 -31.4676 -0.389112
8.78798 6555 -30.9827 -0.382678
8.79027 6570 -31.0729 -0.383353
8.79255 6585 -32.6044 -0.401789
8.79467 6599 -31.8609 -0.392210
8.79694 6614 -32.6357 -0.401292
8.79921 6629 -33.2332 -0.408176
8.80147 6644 -32.1630 -0.394586
8.80372 6659 -32.3640 -0.396604
8.80597 6674 -32.6083 -0.399149
8.80822 6689 -32.9204 -0.402517
8.81046 6704 -32.3945 -0.395643
8.81269 6719 -32.5574 -0.397190
8.81492 6734 -32.7458 -0.399042
8.81730 6750 -32.5142 -0.395750
8.81952 6765 -32.6188 -0.396583
8.82173 6780 -32.1789 -0.390802
8.82394 6795 -32.6521 -0.396111
8.82629 6811 -33.6266 -0.407453
8.82849 6826 -34.0865 -0.412572
8.83069 6841 -33.8326 -0.409050
8.83303 6857 -33.8985 -0.409367
8.83521 6872 -33.9916 -0.410044
8.83754 6888 -34.9201 -0.420755
8.83971 6903 -35.8285 -0.431230
8.84203 6919 -35.5300 -0.427144
8.84419 6934 -35.7385 -0.429185
8.84650 6950 -35.1936 -0.422155
8.84865 6965 -35.4767 -0.425091
8.85095 6981 -35.5455 -0.425427
8.85324 6997 -35.3457 -0.422553
8.85552 7013 -35.5640 -0.424677
8.85766 7028 -35.8695 -0.427867
8.85993 7044 -35.6788 -0.425110
8.86220 7060 -34.6202 -0.412029
8.86446 7076 -33.9618 -0.403735
8.86672 7092 -33.9775 -0.403467
8.86898 7108 -33.5603 -0.398063
8.87122 7124 -32.6867 -0.387266
8.87347 7140 -33.0680 -0.391345
8.87571 7156 -34.8621 -0.412115
8.87794 7172 -36.4187 -0.430035
8.88017 7188 -37.7411 -0.445155
8.88239 7204 -36.1625 -0.426060
8.88475 7221 -36.9865 -0.435255
8.88696 7237 -37.5393 -0.441272
8.88917 7253 -36.1139 -0.424049
8.89151 7270 -35.5228 -0.416620
8.89371 7286 -36.8449 -0.431651
8.89590 7302 -36.5635 -0.427884
8.89823 7319 -37.1095 -0.433769
8.90041 7335 -36.4962 -0.426136
8.90273 7352 -35.4894 -0.413901
8.90490 7368 -35.2244 -0.410364
8.90721 7385 -35.7381 -0.415869
8.90951 7402 -34.7762 -0.404210
8.91166 7418 -35.0208 -0.406614
8.91395 7435 -35.5105 -0.411829
8.91624 7452 -34.8539 -0.403752
8.91838 7468 -35.3981 -0.409617
8.92066 7485 -34.9140 -0.403556
8.92292 7502 -34.7441 -0.401137
8.92519 7519 -35.1404 -0.405253
8.92745 7536 -34.5801 -0.398342
8.92970 7553 -32.4902 -0.373846
8.93195 7570 -31.6382 -0.363634
8.93419 7587 -30.1468 -0.346104
8.93643 7604 -28.7401 -0.329585
8.93866 7621 -28.3994 -0.325314
8.94089 7638 -28.9076 -0.330767
8.94324 7656 -30.2449 -0.345661
8.94546 7673 -29.9260 -0.341637
8.94768 7690 -30.1150 -0.343416
8.94988 7707 -30.1579 -0.343525
8.95222 7725 -29.6349 -0.337174
8.95442 7742 -28.5086 -0.324004
8.95674 7760 -28.2423 -0.320604
8.95893 7777 -27.4343 -0.311091
8.96124 7795 -26.8406 -0.304008
8.96342 7812 -27.7957 -0.314483
8.96572 7830 -26.8949 -0.303940
8.96789 7847 -28.2225 -0.318599
8.97018 7865 -27.6708 -0.312013
8.97246 7883 -27.1062 -0.305297
8.97462 7900 -25.9800 -0.292297
8.97689 7918 -25.9764 -0.291925
8.97916 7936 -26.4336 -0.296726
8.98143 7954 -26.5823 -0.298057
8.98369 7972 -26.3271 -0.294863
8.98595 7990 -25.7226 -0.287768
8.98820 8008 -26.2288 -0.293101
8.99044 8026 -25.9966 -0.290179
8.99268 8044 -26.7087 -0.297795
8.99492 8062 -27.2726 -0.303742
8.99715 8080 -27.7205 -0.308386
8.99937 8098 -29.3512 -0.326165
9.00172 8117 -30.8251 -0.342142
9.00393 8135 -31.2133 -0.346067
9.00614 8153 -33.0285 -0.365788
9.00847 8172 -32.2722 -0.356997
9.01067 8190 -31.9740 -0.353309
9.01286 8208 -32.5178 -0.358924
9.01518 8227 -32.4438 -0.357693
9.01736 8245 -31.1593 -0.343157
9.01966 8264 -31.9338 -0.351282
9.02196 8283 -32.4138 -0.356152
9.02413 8301 -32.8275 -0.360307
9.02642 8320 -32.2108 -0.353134
9.02870 8339 -32.9623 -0.360962
9.03085 8357 -33.1803 -0.362957
9.03313 8376 -33.2726 -0.363554
9.03539 8395 -34.3113 -0.374479
9.03765 8414 -35.4291 -0.386241
9.03991 8433 -36.9496 -0.402363
9.04216 8452 -36.1448 -0.393157
9.04440 8471 -35.9959 -0.391098
9.04664 8490 -35.6010 -0.386374
9.04888 8509 -36.9050 -0.400080
9.05111 8528 -35.5500 -0.384960
9.05345 8548 -34.9052 -0.377536
9.05567 8567 -35.9657 -0.388574
9.05789 8586 -36.0993 -0.389586
9.06010 8605 -34.6959 -0.374026
9.06242 8625 -33.4740 -0.360436
9.06462 8644 -34.3656 -0.369629
9.06693 8664 -33.5140 -0.360053
9.06912 8683 -34.1476 -0.366459
9.07142 8703 -36.2391 -0.388457
9.07360 8722 -36.1513 -0.387093
9.07589 8742 -37.0658 -0.396431
9.07818 8762 -37.9719 -0.405659
9.08035 8781 -38.7421 -0.413438
9.08262 8801 -38.3068 -0.408329
9.08489 8821 -37.3774 -0.397970
9.08716 8841 -38.5327 -0.409806
9.08941 8861 -38.2657 -0.406508
9.09167 8881 -39.3540 -0.417598
9.09392 8901 -38.6561 -0.409730
9.09616 8921 -38.7395 -0.410154
9.09840 8941 -38.1341 -0.403293
9.10064 8961 -36.6642 -0.387315
9.10287 8981 -35.8377 -0.378162
9.10509 9001 -34.2107 -0.360592
9.10742 9022 -33.4880 -0.352564
9.10964 9042 -33.6207 -0.353569
9.11185 9062 -33.8951 -0.356062
9.11416 9083 -33.4394 -0.350868
9.11636 9103 -32.8601 -0.344411
9.11866 9124 -32.8440 -0.343846
9.12085 9144 -33.6592 -0.351994
9.12315 9165 -34.6330 -0.361763
9.12533 9185 -34.6381 -0.361422
9.12761 9206 -34.9587 -0.364351
9.12989 9227 -34.3048 -0.357129
9.13216 9248 -34.5805 -0.359590
9.13443 9269 -34.2396 -0.355642
9.13659 9289 -34.5574 -0.358555
9.13884 9310 -33.7165 -0.349436
9.14110 9331 -34.1956 -0.354002
9.14335 9352 -32.8963 -0.340169
9.14559 9373 -32.5974 -0.336700
9.14783 9394 -32.1903 -0.332124
9.15017 9416 -33.0995 -0.341105
9.15239 9437 -33.7321 -0.347237
9.15462 9458 -34.4044 -0.353765
9.15683 9479 -33.1934 -0.340934
9.15915 9501 -32.3663 -0.332054
9.16136 9522 -32.9943 -0.338123
9.16367 9544 -34.3437 -0.351546
9.16587 9565 -35.2612 -0.360541
9.16816 9587 -35.3039 -0.360563
9.17035 9608 -33.2130 -0.338838
9.17264 9630 -32.3425 -0.329580
9.17482 9651 -32.1307 -0.327065
9.17709 9673 -32.0196 -0.325563
9.17937 9695 -32.7709 -0.332824
9.18163 9717 -33.0684 -0.335464
9.18389 9739 -33.3716 -0.338158
9.18615 9761 -33.7154 -0.341257
9.18840 9783 -33.8843 -0.342581
9.19065 9805 -32.1139 -0.324316
9.19289 9827 -32.3007 -0.325838
9.19513 9849 -30.2754 -0.305066
9.19736 9871 -30.6125 -0.308119
9.19958 9893 -31.5276 -0.316976
9.20190 9916 -31.2655 -0.313976
9.20412 9938 -31.3984 -0.314962
9.20633 9960 -31.2854 -0.313482
9.20864 9983 -32.8168 -0.328448
9.21084 10005 -31.9594 -0.319514
9.21314 10028 -31.0009 -0.309576
9.21533 10050 -31.0152 -0.309380
9.21761 10073 -31.8727 -0.317570
9.21989 10096 -32.3257 -0.321716
9.22207 10118 -33.6964 -0.334993
9.22434 10141 -32.4451 -0.322187
9.22661 10164 -31.8450 -0.315870
9.22887 10187 -33.4444 -0.331360
9.23112 10210 -32.6560 -0.323184
9.23337 10233 -33.9440 -0.335553
9.23562 10256 -34.5832 -0.341489
9.23786 10279 -35.1815 -0.347007
9.24009 10302 -36.6371 -0.360961
9.24232 10325 -37.7997 -0.372001
9.24455 10348 -36.6214 -0.360003
9.24687 10372 -35.5064 -0.348638
9.24908 10395 -35.3396 -0.346617
9.25139 10419 -34.4504 -0.337505
9.25359 10442 -35.1993 -0.344463
9.25579 10465 -35.4782 -0.346811
9.25808 10489 -33.5366 -0.327455
9.26037 10513 -34.2568 -0.334106
9.26255 10536 -33.7195 -0.328506
9.26483 10560 -32.5460 -0.316713
9.26710 10584 -32.1883 -0.312877
9.26936 10608 -33.2267 -0.322605
9.27162 10632 -33.6375 -0.326224
9.27388 10656 -33.6806 -0.326274
9.27613 10680 -33.1273 -0.320554
9.27837 10704 -33.4818 -0.323620
9.28061 10728 -32.5589 -0.314348
9.28285 10752 -31.4982 -0.303768
9.28508 10776 -30.3452 -0.292321
9.28730 10800 -30.9074 -0.297407
9.28961 10825 -30.1902 -0.290170
9.29183 10849 -30.5996 -0.293779
9.29404 10873 -31.2829 -0.300008
9.29633 10898 -31.3923 -0.300711
9.29853 10922 -30.7940 -0.294655
9.30082 10947 -31.7055 -0.303031
9.30310 10972 -30.1221 -0.287569
9.30529 10996 -30.3340 -0.289276
9.30756 11021 -29.5218 -0.281211
9.30982 11046 -28.8005 -0.274030
9.31208 11071 -28.4608 -0.270492
9.31434 11096 -30.0381 -0.285161
9.31659 11121 -30.7294 -0.291395
9.31884 11146 -30.9473 -0.293132
9.32108 11171 -31.2244 -0.295425
9.32331 11196 -31.9003 -0.301483
9.32554 11221 -32.4289 -0.306138
9.32786 11247 -33.8789 -0.319456
9.33008 11272 -32.6565 -0.307588
9.33229 11297 -34.9729 -0.329041
9.33459 11323 -35.9308 -0.337665
9.33680 11348 -36.6087 -0.343657
9.33909 11374 -38.9657 -0.365364
9.34128 11399 -37.6522 -0.352660
9.34356 11425 -37.3540 -0.349469
9.34583 11451 -36.4048 -0.340202
9.34810 11477 -35.6835 -0.333083
9.35028 11502 -36.8627 -0.343716
9.35253 11528 -36.3513 -0.338565
9.35479 11554 -36.3376 -0.338057
9.35703 11580 -38.0564 -0.353650
9.35928 11606 -36.4973 -0.338782
9.36152 11632 -35.2319 -0.326670
9.36383 11659 -35.8160 -0.331701
9.36606 11685 -35.7252 -0.330492
9.36828 11711 -35.2926 -0.326127
9.37059 11738 -34.2620 -0.316240
9.37280 11764 -34.1500 -0.314857
9.37509 11791 -37.8420 -0.348497
9.37729 11817 -37.1393 -0.341649
9.37958 11844 -37.8597 -0.347879
9.38177 11870 -38.8094 -0.356214
9.38404 11897 -38.0119 -0.348499
9.38631 11924 -37.3664 -0.342192
9.38857 11951 -37.1887 -0.340180
9.39083 11978 -37.8322 -0.345676
9.39308 12005 -39.2702 -0.358411
9.39533 12032 -40.7350 -0.371363
9.39757 12059 -41.4940 -0.377859
9.39980 12086 -39.4203 -0.358574
9.40203 12113 -38.9168 -0.353599
9.40426 12140 -38.8210 -0.352336
9.40656 12168 -39.0068 -0.353615
9.40878 12195 -36.9468 -0.334569
9.41107 12223 -35.8411 -0.324184
9.41328 12250 -35.8123 -0.323567
9.41556 12278 -35.7272 -0.322430
9.41776 12305 -33.9600 -0.306145
9.42003 12333 -33.5571 -0.302169
9.42230 12361 -36.1700 -0.325328
9.42456 12389 -35.3077 -0.317213
9.42682 12417 -37.0439 -0.332436
9.42899 12444 -37.4184 -0.335433
9.43124 12472 -36.7113 -0.328724
9.43356 12501 -35.5009 -0.317517
9.43580 12529 -36.8540 -0.329250
9.43803 12557 -38.2926 -0.341721
9.44026 12585 -38.0787 -0.339434
9.44256 12614 -37.9641 -0.338023
9.44478 12642 -38.8174 -0.345238
9.44699 12670 -37.7824 -0.335661
9.44928 12699 -37.5113 -0.332872
9.45156 12728 -36.9636 -0.327638
9.45376 12756 -35.6071 -0.315268
9.45603 12785 -35.5264 -0.314196
9.45829 12814 -36.5719 -0.323077
9.46055 12843 -36.7506 -0.324288
9.46273 12871 -34.2161 -0.301595
9.46498 12900 -33.2686 -0.292914
9.46731 12930 -33.8293 -0.297505
9.46955 12959 -31.8669 -0.279933
9.47178 12988 -31.5465 -0.276809
9.47401 13017 -32.3798 -0.283804
9.47624 13046 -32.3215 -0.282978
9.47853 13076 -32.2997 -0.282463
9.48075 13105 -34.1206 -0.298057
9.48304 13135 -34.6390 -0.302239
9.48524 13164 -33.8626 -0.295139
9.48752 13194 -35.2515 -0.306895
9.48979 13224 -34.9518 -0.303940
9.49198 13253 -35.7420 -0.310472
9.49424 13283 -34.2300 -0.297002
9.49650 13313 -37.0385 -0.321008
9.49875 13343 -37.0708 -0.320926
9.50099 13373 -36.3588 -0.314409
9.50323 13403 -39.5044 -0.341228
9.50547 13433 -38.7766 -0.334567
9.50777 13464 -39.5022 -0.340435
9.51000 13494 -38.5896 -0.332200
9.51222 13524 -36.0589 -0.310070
9.51451 13555 -36.3264 -0.312013
9.51672 13585 -36.3321 -0.311717
9.51900 13616 -36.4051 -0.311987
9.52127 13647 -35.2643 -0.301868
9.52347 13677 -36.2103 -0.309626
9.52573 13708 -36.3187 -0.310201
9.52799 13739 -37.5459 -0.320321
9.53025 13770 -37.5313 -0.319836
9.53250 13801 -37.9792 -0.323289
9.53474 13832 -38.5926 -0.328142
9.53698 13863 -39.5942 -0.336281
9.53921 13894 -38.7275 -0.328553
9.54151 13926 -38.1694 -0.323446
9.54374 13957 -38.6870 -0.327468
9.54603 13989 -37.2602 -0.315030
9.54824 14020 -37.0343 -0.312773
9.55052 14052 -37.9028 -0.319744
9.55272 14083 -37.3804 -0.314989
9.55499 14115 -35.9500 -0.302593
9.55726 14147 -37.3802 -0.314275
9.55952 14179 -37.2807 -0.313085
9.56177 14211 -36.3864 -0.305230
9.56402 14243 -37.4702 -0.313968
9.56627 14275 -36.1581 -0.302634
9.56850 14307 -35.4951 -0.296752
9.57074 14339 -34.1787 -0.285427
9.57297 14371 -33.5452 -0.279825
9.57526 14404 -33.9285 -0.282698
9.57748 14436 -34.0515 -0.283408
9.57976 14469 -34.4660 -0.286531
9.58197 14501 -35.2210 -0.292484
9.58425 14534 -38.4197 -0.318685
9.58645 14566 -36.0831 -0.298975
9.58871 14599 -36.3508 -0.300852
9.59097 14632 -36.1070 -0.298497
9.59322 14665 -37.7525 -0.311749
9.59547 14698 -36.6014 -0.301903
9.59771 14731 -36.7642 -0.302907
9.59995 14764 -35.8851 -0.295333
9.60225 14798 -39.2134 -0.322354
9.60447 14831 -39.5684 -0.324910
9.60670 14864 -38.2372 -0.313631
9.60898 14898 -35.8902 -0.294044
9.61119 14931 -36.1238 -0.295630
9.61347 14965 -37.0105 -0.302543
9.61574 14999 -35.6391 -0.291002
9.61794 15032 -34.0824 -0.277985
9.62020 15066 -35.1613 -0.286461
9.62245 15100 -35.3151 -0.287391
9.62470 15134 -34.1952 -0.277964
9.62694 15168 -34.4845 -0.280001
9.62918 15202 -34.8290 -0.282482
9.63148 15237 -35.2936 -0.285921
9.63371 15271 -35.4764 -0.287082
9.63593 15305 -35.9541 -0.290624
9.63822 15340 -35.2416 -0.284539
9.64043 15374 -35.8835 -0.289402
9.64271 15409 -35.6163 -0.286920
9.64498 15444 -36.0698 -0.290244
9.64724 15479 -37.8583 -0.304292
9.64943 15513 -37.6708 -0.302453
9.65169 15548 -37.4710 -0.300509
9.65394 15583 -37.7190 -0.302158
9.65618 15618 -36.9923 -0.296005
9.65848 15654 -39.1890 -0.313222
9.66072 15689 -39.6787 -0.316782
9.66294 15724 -40.2170 -0.320721
9.66523 15760 -40.5083 -0.322675
9.66745 15795 -40.5809 -0.322896
9.66973 15831 -41.1312 -0.326902
9.67193 15866 -43.3576 -0.344216
9.67420 15902 -42.8429 -0.339745
9.67646 15938 -43.9423 -0.348069
9.67872 15974 -42.2292 -0.334122
9.68097 16010 -42.3536 -0.334730
9.68321 16046 -41.8960 -0.330742
9.68546 16082 -41.2939 -0.325624
9.68769 16118 -40.1912 -0.316574
9.68992 16154 -38.0496 -0.299371
9.69221 16191 -36.7583 -0.288880
9.69443 16227 -35.5687 -0.279222
9.69671 16264 -37.9730 -0.297756
9.69892 16300 -38.5646 -0.302061
9.70119 16337 -39.0441 -0.305471
9.70345 16374 -35.9103 -0.280635
9.70571 16411 -36.2067 -0.282632
9.70796 16448 -34.8091 -0.271416
9.71021 16485 -35.6062 -0.277320
9.71245 16522 -35.0195 -0.272445
9.71469 16559 -34.9303 -0.271447
9.71692 16596 -32.9694 -0.255923
9.71920 16634 -33.2010 -0.257426
9.72143 16671 -33.0169 -0.255714
9.72370 16709 -32.4711 -0.251201
9.72591 16746 -32.0506 -0.247674
9.72818 16784 -33.5589 -0.259036
9.73044 16822 -33.9796 -0.261987
9.73270 16860 -32.1774 -0.247812
9.73495 16898 -32.2608 -0.248175
9.73720 16936 -33.0278 -0.253789
9.73944 16974 -33.9540 -0.260615
9.74167 17012 -34.1546 -0.261861
9.74391 17050 -34.4375 -0.263736
9.74619 17089 -35.9277 -0.274834
9.74841 17127 -35.0629 -0.267921
9.75069 17166 -33.9683 -0.259262
9.75290 17204 -34.7646 -0.265047
9.75516 17243 -36.0273 -0.274363
9.75742 17282 -35.4670 -0.269791
9.75967 17321 -35.7717 -0.271802
9.76192 17360 -34.2984 -0.260315
9.76417 17399 -34.4782 -0.261386
9.76641 17438 -35.9696 -0.272388
9.76864 17477 -36.5698 -0.276623
9.77093 17517 -36.4157 -0.275143
9.77315 17556 -35.0203 -0.264306
9.77543 17596 -35.1992 -0.265354
9.77764 17635 -37.5021 -0.282402
9.77991 17675 -39.4989 -0.297102
9.78217 17715 -40.0258 -0.300725
9.78442 17755 -38.7549 -0.290848
9.78667 17795 -38.6828 -0.289980
9.78892 17835 -38.7124 -0.289877
9.79116 17875 -39.6252 -0.296380
9.79339 17915 -41.9705 -0.313571
9.79568 17956 -42.2089 -0.314992
9.79790 17996 -40.1340 -0.299175
9.80018 18037 -40.3466 -0.300417
9.80240 18077 -37.5885 -0.279571
9.80466 18118 -34.5900 -0.256978
9.80692 18159 -34.7516 -0.257887
9.80918 18200 -34.1293 -0.252983
9.81143 18241 -35.0571 -0.259568
9.81367 18282 -34.9702 -0.258634
9.81591 18323 -34.8842 -0.257709
9.81815 18364 -35.3333 -0.260736
9.82038 18405 -35.1418 -0.259034
9.82266 18447 -35.9819 -0.264924
9.82488 18488 -33.6626 -0.247573
9.82715 18530 -33.2523 -0.244278
9.82941 18572 -34.9770 -0.256657
9.83167 18614 -33.0093 -0.241945
9.83387 18655 -34.6738 -0.253865
9.83612 18697 -35.8948 -0.262510
9.83842 18740 -36.7758 -0.268644
9.84065 18782 -38.2979 -0.279450
9.84289 18824 -37.8598 -0.275945
9.84512 18866 -37.1237 -0.270279
9.84739 18909 -37.1159 -0.269914
9.84966 18952 -38.5285 -0.279869
9.85188 18994 -38.9702 -0.282764
9.85414 19037 -39.2478 -0.284456
9.85640 19080 -40.8740 -0.295909
9.85865 19123 -40.4190 -0.292285
9.86089 19166 -39.3467 -0.284212
9.86313 19209 -41.0522 -0.296199
9.86537 19252 -40.1853 -0.289620
9.86765 19296 -40.2631 -0.289850
9.86988 19339 -39.3420 -0.282904
9.87215 19383 -39.1978 -0.281547
9.87437 19426 -39.5644 -0.283866
9.87663 19470 -38.0137 -0.272432
9.87889 19514 -37.6706 -0.269668
9.88114 19558 -38.0507 -0.272083
9.88339 19602 -38.5218 -0.275142
9.88563 19646 -39.3445 -0.280703
9.88787 19690 -39.4612 -0.281221
9.89015 19735 -40.8745 -0.290960
9.89238 19779 -42.2238 -0.300231
9.89465 19824 -41.1347 -0.292155
9.89687 19868 -40.0940 -0.284448
9.89913 19913 -40.5937 -0.287667
9.90139 19958 -39.9590 -0.282850
9.90364 20003 -40.6953 -0.287738
9.90588 20048 -43.4368 -0.306777
9.90813 20093 -41.6705 -0.293972
9.91036 20138 -40.7321 -0.287031
9.91260 20183 -41.3021 -0.290723
9.91487 20229 -39.3896 -0.276945
9.91709 20274 -41.8501 -0.293918
9.91936 20320 -43.2716 -0.303558
9.92162 20366 -42.7967 -0.299887
9.92388 20412 -43.2399 -0.302651
9.92613 20458 -43.0415 -0.300923
9.92838 20504 -43.2388 -0.301963
9.93062 20550 -44.1365 -0.307887
9.93285 20596 -42.9748 -0.299448
9.93513 20643 -44.8846 -0.312400
9.93736 20689 -47.6057 -0.330970
9.93963 20736 -44.9248 -0.311978
9.94184 20782 -42.9197 -0.297724
9.94410 20829 -42.6313 -0.295389
9.94636 20876 -40.9261 -0.283254
9.94860 20923 -43.0539 -0.297647
9.95085 20970 -42.9784 -0.296791
9.95309 21017 -41.8332 -0.288560
9.95537 21065 -41.2690 -0.284343
9.95760 21112 -43.1319 -0.296848
9.95987 21160 -41.2288 -0.283428
9.96209 21207 -41.6850 -0.286247
9.96435 21255 -40.4525 -0.277469
9.96660 21303 -41.0745 -0.281418
9.96885 21351 -40.8831 -0.279791
9.97110 21399 -37.5376 -0.256608
9.97334 21447 -35.5967 -0.243067
9.97558 21495 -36.9307 -0.251895
9.97785 21544 -36.4142 -0.248089
9.98008 21592 -35.0896 -0.238799
9.98234 21641 -34.5199 -0.234655
9.98461 21690 -33.0514 -0.224419
9.98686 21739 -31.5836 -0.214211
9.98907 21787 -31.3751 -0.212563
9.99136 21837 -31.5719 -0.213650
9.99360 21886 -33.2356 -0.224657
9.99584 21935 -34.5659 -0.233389
9.99807 21984 -34.3674 -0.231789
10.00034 22034 -35.4413 -0.238760
10.00261 22084 -35.6297 -0.239758
10.00482 22133 -34.9997 -0.235258
10.00708 22183 -34.2142 -0.229719
10.00933 22233 -34.3735 -0.230529
10.01158 22283 -33.2637 -0.222835
10.01382 22333 -31.8798 -0.213325
10.01610 22384 -31.7206 -0.212018
10.01833 22434 -35.2378 -0.235264
10.02056 22484 -34.0346 -0.226978
10.02282 22535 -37.0710 -0.246948
10.02509 22586 -37.1206 -0.246999
10.02734 22637 -38.8631 -0.258302
10.02959 22688 -40.1986 -0.266878
10.03184 22739 -39.0946 -0.259258
10.03408 22790 -38.7410 -0.256625
10.03631 22841 -40.6607 -0.269040
10.03859 22893 -43.3401 -0.286443
10.04081 22944 -41.8686 -0.276410
10.04308 22996 -39.4962 -0.260453
10.04533 23048 -38.9354 -0.256465
10.04759 23100 -38.9952 -0.256570
10.04984 23152 -40.9056 -0.268837
10.05208 23204 -41.6315 -0.273300
10.05432 23256 -42.6726 -0.279822
10.05655 23308 -44.0906 -0.288798
10.05882 23361 -44.3435 -0.290125
10.06105 23413 -42.0854 -0.275045
10.06331 23466 -41.2294 -0.269146
10.06556 23519 -38.9610 -0.254051
10.06781 23572 -39.4952 -0.257244
10.07006 23625 -40.9187 -0.266217
10.07230 23678 -39.3984 -0.256039
10.07458 23732 -39.1187 -0.253932
10.07681 23785 -40.4401 -0.262217
10.07908 23839 -40.7942 -0.264213
10.08130 23892 -38.0881 -0.246413
10.08356 23946 -36.5919 -0.236466
10.08581 24000 -34.9264 -0.225449
10.08806 24054 -34.6901 -0.223672
10.09030 24108 -35.4463 -0.228292
10.09254 24162 -34.3667 -0.221091
10.09481 24217 -36.1158 -0.232080
10.09704 24271 -34.0201 -0.218370
10.09930 24326 -34.8021 -0.223136
10.10156 24381 -35.2270 -0.225605
10.10381 24436 -35.9519 -0.229989
10.10606 24491 -38.3620 -0.245131
10.10830 24546 -36.4681 -0.232767
10.11054 24601 -36.6985 -0.233977
10.11282 24657 -38.5715 -0.245638
10.11504 24712 -37.9129 -0.241176
10.11731 24768 -38.3388 -0.243609
10.11957 24824 -38.2305 -0.242647
10.12178 24879 -38.3946 -0.243419
10.12403 24935 -38.0648 -0.241057
10.12631 24992 -39.6606 -0.250876
10.12855 25048 -38.8152 -0.245254
10.13078 25104 -38.6953 -0.244223
10.13305 25161 -40.5620 -0.255714
10.13527 25217 -40.1190 -0.252641
10.13753 25274 -41.1805 -0.259033
10.13978 25331 -41.4775 -0.260607
10.14203 25388 -41.6566 -0.261438
10.14427 25445 -41.2307 -0.258475
10.14655 25503 -42.4678 -0.265928
10.14878 25560 -42.1626 -0.263723
10.15105 25618 -41.5892 -0.259841
10.15327 25675 -41.8591 -0.261237
10.15553 25733 -43.6782 -0.272283
10.15778 25791 -43.1332 -0.268583
10.16003 25849 -42.6664 -0.265377
10.16227 25907 -42.7634 -0.265683
10.16454 25966 -40.5761 -0.251807
10.16677 26024 -38.8006 -0.240520
10.16904 26083 -40.8316 -0.252823
10.17126 26141 -40.9117 -0.253039
10.17351 26200 -38.6922 -0.239041
10.17576 26259 -37.9957 -0.234474
10.17801 26318 -37.3647 -0.230322
10.18029 26378 -37.2357 -0.229265
10.18252 26437 -37.0575 -0.227913
10.18479 26497 -37.4865 -0.230291
10.18701 26556 -38.8061 -0.238133
10.18927 26616 -37.9194 -0.232429
10.19152 26676 -37.0174 -0.226645
10.19377 26736 -39.6420 -0.242442
10.19601 26796 -38.3598 -0.234337
10.19828 26857 -39.6852 -0.242158
10.20051 26917 -41.5539 -0.253279
10.20278 26978 -40.3618 -0.245734
10.20500 27038 -42.4274 -0.258023
10.20725 27099 -41.6908 -0.253258
10.20950 27160 -42.8951 -0.260281
10.21178 27222 -43.6603 -0.264623
10.21402 27283 -44.4818 -0.269300
10.21625 27344 -41.9403 -0.253630
10.21852 27406 -40.9211 -0.247186
10.22078 27468 -38.4742 -0.232144
10.22300 27529 -38.0924 -0.229584
10.22524 27591 -38.2944 -0.230543
10.22753 27654 -38.8011 -0.233327
10.22977 27716 -37.7706 -0.226876
10.23200 27778 -38.0034 -0.228020
10.23427 27841 -37.6758 -0.225798
10.23649 27903 -39.7582 -0.238013
10.23874 27966 -40.2467 -0.240666
10.24099 28029 -39.3343 -0.234946
10.24324 28092 -39.7160 -0.236960
10.24552 28156 -38.1830 -0.227554
10.24775 28219 -39.1779 -0.233223
10.25002 28283 -40.9167 -0.243297
10.25224 28346 -40.7901 -0.242275
10.25450 28410 -38.5288 -0.228586
10.25675 28474 -36.4784 -0.216178
10.25899 28538 -37.6363 -0.222790
10.26123 28602 -35.2892 -0.208662
10.26350 28667 -35.0825 -0.207205
10.26573 28731 -34.7925 -0.205263
10.26799 28796 -34.5247 -0.203453
10.27025 28861 -33.7631 -0.198741
10.27250 28926 -34.3004 -0.201676
10.27474 28991 -35.7571 -0.210006
10.27698 29056 -37.4186 -0.219518
10.27925 29122 -36.0208 -0.211078
10.28148 29187 -36.5969 -0.214215
10.28374 29253 -34.0157 -0.198881
10.28599 29319 -33.7040 -0.196837
10.28824 29385 -35.2241 -0.205484
10.29048 29451 -37.3568 -0.217680
10.29272 29517 -38.0803 -0.221648
10.29499 29584 -38.1122 -0.221583
10.29722 29650 -36.8360 -0.213924
10.29947 29717 -40.9173 -0.237358
10.30173 29784 -41.6791 -0.241505
10.30397 29851 -42.6660 -0.246946
10.30622 29918 -40.3378 -0.233210
10.30849 29986 -40.6034 -0.234479
10.31072 30053 -39.9887 -0.230671
10.31298 30121 -42.1201 -0.242692
10.31523 30189 -43.5845 -0.250846
10.31748 30257 -42.9821 -0.247101
10.31973 30325 -43.1503 -0.247790
10.32197 30393 -42.8644 -0.245873
10.32424 30462 -44.7942 -0.256651
10.32647 30530 -44.0450 -0.252077
10.32872 30599 -46.2827 -0.264585
10.33098 30668 -44.7443 -0.255503
10.33322 30737 -45.1770 -0.257683
10.33546 30806 -46.3751 -0.264221
10.33773 30876 -45.3848 -0.258286
10.33997 30945 -44.1539 -0.251000
10.34223 31015 -45.8416 -0.260300
10.34448 31085 -46.8425 -0.265684
10.34673 31155 -47.9241 -0.271512
10.34897 31225 -48.0237 -0.271772
10.35121 31295 -45.1466 -0.255204
10.35345 31365 -43.4523 -0.245352
10.35571 31436 -45.3458 -0.255755
10.35797 31507 -44.3130 -0.249648
10.36022 31578 -46.0751 -0.259283
10.36246 31649 -45.0950 -0.253483
10.36470 31720 -45.1991 -0.253783
10.36697 31792 -45.4454 -0.254877
10.36920 31863 -45.3200 -0.253891
10.37146 31935 -44.0677 -0.246597
10.37371 32007 -44.6946 -0.249823
10.37596 32079 -43.7068 -0.244027
10.37820 32151 -41.3191 -0.230437
10.38047 32224 -42.8657 -0.238792
10.38270 32296 -45.4360 -0.252828
10.38496 32369 -47.8370 -0.265889
10.38721 32442 -47.6315 -0.264448
10.38946 32515 -44.2036 -0.245141
10.39170 32588 -43.1171 -0.238848
10.39394 32661 -44.6812 -0.247235
10.39620 32735 -44.6185 -0.246609
10.39846 32809 -41.7056 -0.230249
10.40071 32883 -42.0451 -0.231862
10.40296 32957 -40.5585 -0.223413
10.40520 33031 -39.8869 -0.219467
10.40744 33105 -40.7984 -0.224231
10.40970 33180 -39.7815 -0.218395
10.41193 33254 -40.3261 -0.221138
10.41418 33329 -43.7156 -0.239456
10.41643 33404 -42.5662 -0.232898
10.41870 33480 -39.1579 -0.214007
10.42094 33555 -38.7493 -0.211536
10.42320 33631 -37.8348 -0.206311
10.42543 33706 -39.0890 -0.212913
10.42768 33782 -34.4889 -0.187645
10.42993 33858 -34.4989 -0.187489
10.43217 33934 -35.2282 -0.191237
10.43444 34011 -36.1240 -0.195878
10.43667 34087 -38.5905 -0.209019
10.43893 34164 -39.2224 -0.212202
10.44118 34241 -38.2862 -0.206904
10.44343 34318 -41.1843 -0.222316
10.44567 34395 -43.8365 -0.236368
10.44793 34473 -47.8516 -0.257725
10.45019 34551 -43.8487 -0.235899
10.45242 34628 -45.9400 -0.246875
10.45467 34706 -46.8037 -0.251234
10.45691 34784 -44.1218 -0.236572
10.45918 34863 -42.6574 -0.228461
10.46142 34941 -40.7108 -0.217792
10.46367 35020 -40.7451 -0.217729
10.46593 35099 -40.8589 -0.218092
10.46818 35178 -42.2185 -0.225096
10.47042 35257 -39.9621 -0.212826
10.47266 35336 -37.8136 -0.201159
10.47492 35416 -37.6393 -0.200006
10.47718 35496 -39.3489 -0.208854
10.47943 35576 -41.3497 -0.219227
10.48167 35656 -40.1682 -0.212724
10.48391 35736 -40.3510 -0.213452
10.48618 35817 -36.8859 -0.194902
10.48841 35897 -34.6779 -0.183030
10.49066 35978 -32.9577 -0.173755
10.49291 36059 -34.0188 -0.179148
10.49516 36140 -36.9084 -0.194147
10.49742 36222 -38.5117 -0.202352
10.49966 36303 -37.4339 -0.196469
10.50191 36385 -37.4996 -0.196592
10.50416 36467 -36.5732 -0.191520
10.50641 36549 -39.5558 -0.206906
10.50865 36631 -38.6487 -0.201934
10.51091 36714 -38.3926 -0.200370
10.51314 36796 -39.4449 -0.205632
10.51540 36879 -39.0411 -0.203298
10.51765 36962 -43.2023 -0.224713
10.51992 37046 -44.9728 -0.233657
10.52215 37129 -42.5918 -0.221039
10.52441 37213 -41.2768 -0.213973
10.52664 37296 -42.4768 -0.219948
10.52889 37380 -41.0109 -0.212119
10.53116 37465 -42.0368 -0.217179
10.53340 37549 -40.1407 -0.207150
10.53564 37633 -41.4093 -0.213458
10.53789 37718 -39.8746 -0.205316
10.54014 37803 -40.1605 -0.206555
10.54239 37888 -41.0930 -0.211114
10.54466 37974 -42.9334 -0.220319
10.54689 38059 -42.1842 -0.216233
10.54915 38145 -44.2840 -0.226740
10.55140 38231 -44.7551 -0.228894
10.55365 38317 -46.3030 -0.236545
10.55589 38403 -46.4115 -0.236833
10.55815 38490 -46.5444 -0.237243
10.56039 38576 -48.2679 -0.245754
10.56264 38663 -52.3564 -0.266270
10.56489 38750 -46.2367 -0.234882
10.56713 38837 -49.0987 -0.249142
10.56939 38925 -47.0383 -0.238417
10.57162 39012 -45.8501 -0.232135
10.57388 39100 -43.0969 -0.217951
10.57613 39188 -41.7055 -0.210677
10.57839 39277 -41.1964 -0.207869
10.58063 39365 -38.9454 -0.196291
10.58289 39454 -43.2085 -0.217532
10.58512 39542 -43.4524 -0.218517
10.58739 39632 -43.7681 -0.219854
10.58964 39721 -44.8562 -0.225068
10.59187 39810 -43.9706 -0.220377
10.59413 39900 -42.0294 -0.210410
10.59638 39990 -41.9718 -0.209885
10.59863 40080 -42.2324 -0.210951
10.60088 40170 -36.7614 -0.183418
10.60311 40260 -38.2038 -0.190401
10.60537 40351 -35.7094 -0.177769
10.60762 40442 -35.4444 -0.176251
10.60987 40533 -37.3129 -0.185334
10.61211 40624 -40.0545 -0.198728
10.61438 40716 -41.3228 -0.204789
10.61661 40807 -43.4015 -0.214851
10.61886 40899 -43.5524 -0.215356
10.62111 40991 -43.5330 -0.215018
10.62337 41084 -44.3910 -0.219007
10.62561 41176 -42.1335 -0.207637
10.62787 41269 -43.7434 -0.215328
10.63012 41362 -41.3987 -0.203557
10.63236 41455 -43.4056 -0.213185
10.63460 41548 -46.2701 -0.227000
10.63686 41642 -46.1472 -0.226141
10.63912 41736 -47.6944 -0.233460
10.64137 41830 -45.4812 -0.222376
10.64361 41924 -44.9926 -0.219740
10.64585 42018 -42.5794 -0.207722
10.64811 42113 -43.8139 -0.213503
10.65037 42208 -43.2196 -0.210370
10.65261 42303 -45.0121 -0.218848
10.65486 42398 -46.2316 -0.224526
10.65709 42493 -46.8181 -0.227120
10.65935 42589 -47.4823 -0.230082
10.66160 42685 -49.3628 -0.238925
10.66385 42781 -45.4459 -0.219720
10.66609 42877 -47.2462 -0.228168
10.66835 42974 -47.2970 -0.228155
10.67061 43071 -49.4251 -0.238153
10.67285 43168 -50.9348 -0.245151
10.67510 43265 -49.0411 -0.235772
10.67734 43362 -52.3911 -0.251596
10.67960 43460 -49.7791 -0.238782
10.68185 43558 -49.9931 -0.239539
10.68410 43656 -46.9473 -0.224693
10.68634 43754 -48.2158 -0.230505
10.68860 43853 -47.7614 -0.228075
10.69085 43952 -46.8571 -0.223504
10.69310 44051 -47.4506 -0.226081
10.69535 44150 -48.1219 -0.229022
10.69759 44249 -47.9825 -0.228103
10.69985 44349 -48.8269 -0.231856
10.70210 44449 -47.2037 -0.223896
10.70434 44549 -47.7026 -0.226007
10.70659 44649 -45.5268 -0.215457
10.70885 44750 -46.2034 -0.218412
10.71108 44850 -44.3577 -0.209454
10.71333 44951 -43.7918 -0.206549
10.71559 45053 -41.7135 -0.196524
10.71783 45154 -42.0110 -0.197704
10.72009 45256 -41.4432 -0.194812
10.72234 45358 -41.4554 -0.194650
10.72459 45460 -40.6174 -0.190501
10.72683 45562 -40.3713 -0.189135
10.72909 45665 -40.7957 -0.190907
10.73132 45767 -37.3507 -0.174591
10.73359 45871 -34.6955 -0.161996
10.73583 45974 -34.3872 -0.160377
10.73807 46077 -34.7403 -0.161842
10.74032 46181 -38.1459 -0.177507
10.74257 46285 -36.8819 -0.171432
10.74482 46389 -39.4700 -0.183257
10.74708 46494 -38.9436 -0.180608
10.74931 46598 -39.9278 -0.184966
10.75156 46703 -41.7595 -0.193234
10.75383 46809 -42.6235 -0.197008
10.75607 46914 -39.1633 -0.180812
10.75833 47020 -36.9039 -0.170189
10.76056 47125 -36.4874 -0.168081
10.76283 47232 -37.2882 -0.171575
10.76507 47338 -38.8109 -0.178381
10.76733 47445 -36.9915 -0.169827
10.76956 47551 -35.5057 -0.162824
10.77181 47658 -36.2924 -0.166245
10.77407 47766 -38.2256 -0.174902
10.77631 47873 -37.6893 -0.172255
10.77856 47981 -39.8138 -0.181760
10.78081 48089 -40.3186 -0.183858
10.78305 48197 -38.8290 -0.176867
10.78531 48306 -38.7091 -0.176122
10.78756 48415 -36.2934 -0.164944
10.78981 48524 -38.1451 -0.173165
10.79206 48633 -41.2757 -0.187167
10.79430 48742 -43.6516 -0.197719
10.79655 48852 -41.8869 -0.189512
10.79880 48962 -40.1150 -0.181291
10.80104 49072 -43.5211 -0.196464
10.80330 49183 -46.2715 -0.208644
10.80556 49294 -46.6685 -0.210197
10.80781 49405 -44.8167 -0.201630
10.81005 49516 -43.7703 -0.196701
10.81229 49627 -44.6079 -0.200241
10.81454 49739 -44.7510 -0.200657
10.81679 49851 -45.0678 -0.201850
10.81904 49963 -47.8617 -0.214123
10.82130 50076 -48.9733 -0.218849
10.82355 50189 -48.3458 -0.215802
10.82580 50302 -45.0977 -0.201077
10.82804 50415 -44.8014 -0.199532
10.83030 50529 -40.8312 -0.181644
10.83254 50642 -41.0107 -0.182239
10.83479 50756 -41.9252 -0.186094
10.83705 50871 -45.0028 -0.199528
10.83929 50985 -46.4480 -0.205705
10.84154 51100 -45.2252 -0.200065
10.84379 51215 -45.5777 -0.201398
10.84603 51330 -45.1560 -0.199311
10.84829 51446 -45.4470 -0.200369
10.85054 51562 -44.6640 -0.196695
10.85279 51678 -43.4704 -0.191223
10.85503 51794 -43.4755 -0.191031
10.85729 51911 -41.4658 -0.181996
10.85954 52028 -45.6568 -0.200164
10.86178 52145 -44.2819 -0.193919
10.86402 52262 -42.6609 -0.186611
10.86628 52380 -41.5977 -0.181755
10.86853 52498 -45.1584 -0.197091
10.87078 52616 -48.6321 -0.212014
10.87303 52735 -46.3099 -0.201662
10.87527 52853 -45.2996 -0.197042
10.87752 52972 -43.3492 -0.188347
10.87978 53092 -42.7659 -0.185602
10.88202 53211 -40.5377 -0.175735
10.88427 53331 -40.6050 -0.175829
10.88652 53451 -39.3905 -0.170378
10.88876 53571 -42.4964 -0.183606
10.89102 53692 -43.1636 -0.186278
10.89327 53813 -48.8237 -0.210468
10.89552 53934 -50.8594 -0.218998
10.89778 54056 -50.8997 -0.218924
10.90001 54177 -50.3679 -0.216395
10.90226 54299 -51.1063 -0.219320
10.90452 54422 -46.2022 -0.198050
10.90676 54544 -44.0120 -0.188451
10.90902 54667 -47.5060 -0.203182
10.91126 54790 -45.3033 -0.193544
10.91351 54913 -48.1652 -0.205540
10.91576 55037 -50.8159 -0.216607
10.91801 55161 -48.5088 -0.206540
10.92026 55285 -46.3158 -0.196981
10.92252 55410 -46.5359 -0.197694
10.92475 55534 -45.3672 -0.192514
10.92702 55660 -47.7939 -0.202582
10.92926 55785 -50.1338 -0.212262
10.93150 55910 -49.6040 -0.209784
10.93375 56036 -48.9757 -0.206894
10.93601 56163 -47.6182 -0.200931
10.93825 56289 -49.8723 -0.210207
10.94051 56416 -54.0981 -0.227762
10.94276 56543 -56.9619 -0.239549
10.94500 56670 -53.3888 -0.224271
10.94726 56798 -52.2979 -0.219441
10.94951 56926 -51.8518 -0.217325
10.95175 57054 -53.1237 -0.222405
10.95399 57182 -54.0925 -0.226208
10.95625 57311 -52.5410 -0.219472
10.95850 57440 -51.5044 -0.214900
10.96074 57569 -50.8995 -0.212138
10.96300 57699 -48.4444 -0.201678
10.96525 57829 -46.8210 -0.194701
10.96749 57959 -47.5243 -0.197404
10.96975 58090 -48.0471 -0.199350
10.97198 58220 -46.4190 -0.192380
10.97425 58352 -42.9839 -0.177942
10.97649 58483 -46.4989 -0.192277
10.97875 58615 -45.2935 -0.187082
10.98100 58747 -45.2798 -0.186815
10.98324 58879 -43.0248 -0.177312
10.98548 59011 -41.9594 -0.172728
10.98773 59144 -41.8084 -0.171913
10.98999 59278 -44.3228 -0.182046
10.99223 59411 -42.9540 -0.176226
10.99449 59545 -44.0676 -0.180591
10.99674 59679 -45.3753 -0.185741
10.99898 59813 -41.8283 -0.171030
11.00123 59948 -41.8846 -0.171067
11.00348 60083 -43.3719 -0.176943
11.00573 60218 -42.8280 -0.174528
11.00798 60354 -42.9183 -0.174699
11.01023 60490 -43.7115 -0.177727
11.01248 60626 -43.5061 -0.176694
11.01472 60762 -41.2300 -0.167262
11.01697 60899 -39.6291 -0.160586
11.01922 61036 -41.0259 -0.166060
11.02148 61174 -38.7278 -0.156581
11.02373 61312 -39.2280 -0.158425
11.02598 61450 -35.5107 -0.143251
11.02822 61588 -32.7327 -0.131897
11.03048 61727 -31.3935 -0.126358
11.03273 61866 -31.2012 -0.125442
11.03497 62005 -27.7120 -0.111290
11.03723 62145 -28.0097 -0.112358
11.03946 62284 -28.0261 -0.112299
11.04172 62425 -29.0667 -0.116337
11.04396 62565 -29.6003 -0.118340
11.04621 62706 -30.7930 -0.122969
11.04846 62847 -30.0524 -0.119877
11.05072 62989 -29.7033 -0.118351
11.05297 63131 -26.3573 -0.104901
11.05521 63273 -27.6809 -0.110045
11.05746 63415 -31.5706 -0.125368
11.05971 63558 -30.8084 -0.122203
11.06196 63701 -30.2739 -0.119949
11.06421 63845 -29.4652 -0.116613
11.06645 63988 -30.5472 -0.120760
11.06871 64133 -29.8043 -0.117690
11.07096 64277 -33.7125 -0.132973
11.07321 64422 -32.6081 -0.128472
11.07546 64567 -34.5779 -0.136080
11.07770 64712 -30.7711 -0.120963
11.07996 64858 -28.9675 -0.113744
11.08220 65004 -34.0084 -0.133388
11.08445 65150 -29.9091 -0.117178
11.08670 65297 -30.5239 -0.119452
11.08895 65444 -32.1918 -0.125837
11.09119 65591 -38.3269 -0.149652
11.09345 65739 -47.3792 -0.184789
11.09570 65887 -51.5967 -0.201012
11.09794 66035 -54.3209 -0.211388
11.10019 66184 -52.9888 -0.205972
11.10244 66333 -57.4719 -0.223147
11.10470 66483 -56.4691 -0.219006
11.10694 66632 -51.8663 -0.200930
11.10919 66782 -51.1685 -0.198004
11.11145 66933 -51.4768 -0.198972
11.11369 67083 -48.2278 -0.186205
11.11593 67234 -52.6301 -0.202974
11.11819 67386 -52.3977 -0.201849
11.12045 67538 -53.7089 -0.206668
11.12269 67690 -54.8639 -0.210875
11.12494 67842 -54.1750 -0.207993
11.12719 67995 -52.8894 -0.202829
11.12944 68148 -50.6664 -0.194086
11.13168 68301 -54.0773 -0.206919
11.13393 68455 -52.9916 -0.202537
11.13618 68609 -52.2829 -0.199604
11.13844 68764 -50.4473 -0.192379
11.14069 68919 -52.9624 -0.201743
11.14293 69074 -48.9664 -0.186312
11.14518 69229 -50.9651 -0.193700
11.14743 69385 -48.7461 -0.185058
11.14967 69541 -50.7295 -0.192371
11.15193 69698 -51.7582 -0.196051
11.15418 69855 -53.4142 -0.202096
11.15642 70012 -53.0617 -0.200537
11.15868 70170 -52.0271 -0.196406
11.16093 70328 -50.9099 -0.191972
11.16317 70486 -51.9443 -0.195653
11.16542 70645 -51.4767 -0.193673
11.16767 70804 -50.2525 -0.188855
11.16991 70963 -49.1152 -0.184374
11.17217 71123 -46.7763 -0.175397
11.17441 71283 -41.4118 -0.155107
11.17667 71444 -39.5703 -0.148043
11.17892 71605 -41.7601 -0.156059
11.18117 71766 -43.8832 -0.163809
11.18342 71928 -50.2068 -0.187203
11.18567 72090 -48.8887 -0.182084
11.18792 72252 -50.9375 -0.189502
11.19017 72415 -56.2010 -0.208848
11.19242 72578 -53.8586 -0.199918
11.19466 72741 -57.4321 -0.212944
11.19691 72905 -65.5178 -0.242650
11.19916 73069 -63.2702 -0.234063
11.20142 73234 -60.8933 -0.225016
11.20365 73398 -58.7498 -0.216852
11.20591 73564 -57.4150 -0.211686
11.20815 73729 -57.3894 -0.211355
11.21040 73895 -55.5304 -0.204279
11.21266 74062 -53.5333 -0.196710
11.21491 74229 -55.5544 -0.203907
11.21716 74396 -57.6348 -0.211305
11.21940 74563 -62.7298 -0.229727
11.22165 74731 -59.4664 -0.217531
11.22390 74899 -60.5126 -0.221110
11.22615 75068 -60.2368 -0.219854
11.22840 75237 -57.0636 -0.208038
11.23064 75406 -55.8313 -0.203317
11.23289 75576 -53.6116 -0.195015
11.23514 75746 -49.1848 -0.178711
11.23740 75917 -50.0873 -0.181785
11.23965 76088 -47.9895 -0.173975
11.24189 76259 -43.6784 -0.158169
11.24414 76431 -42.5239 -0.153815
11.24639 76603 -44.7643 -0.161737
11.24865 76776 -44.6532 -0.161153
11.25089 76948 -48.1972 -0.173749
11.25314 77122 -45.9421 -0.165433
11.25538 77295 -40.5149 -0.145727
11.25763 77469 -39.4425 -0.141710
11.25989 77644 -40.4869 -0.145298
11.26214 77819 -42.7079 -0.153096
11.26439 77994 -44.1961 -0.158254
11.26664 78170 -44.5111 -0.159202
11.26889 78346 -41.0877 -0.146792
11.27113 78522 -37.5509 -0.134006
11.27339 78699 -41.3110 -0.147259
11.27563 78876 -40.4608 -0.144066
11.27789 79054 -43.1443 -0.153448
11.28014 79232 -38.1478 -0.135525
11.28238 79410 -40.7141 -0.144480
11.28463 79589 -42.9593 -0.152276
11.28688 79768 -45.7632 -0.162032
11.28913 79948 -43.3629 -0.153361
11.29138 80128 -39.8304 -0.140709
11.29362 80308 -40.9978 -0.144671
11.29588 80489 -39.4052 -0.138894
11.29812 80670 -41.6822 -0.146755
11.30038 80852 -37.6155 -0.132288
11.30262 81034 -37.0516 -0.130159
11.30487 81216 -34.5404 -0.121201
11.30712 81399 -33.5643 -0.117644
11.30936 81582 -37.2873 -0.130546
11.31162 81766 -37.5477 -0.131310
11.31386 81950 -37.7264 -0.131786
11.31612 82135 -38.0748 -0.132854
11.31837 82320 -36.8139 -0.128310
11.32061 82505 -39.0312 -0.135885
11.32287 82691 -40.9112 -0.142270
11.32511 82877 -42.8860 -0.148970
11.32737 83064 -42.2521 -0.146603
11.32962 83251 -45.0202 -0.156032
11.33186 83438 -45.1621 -0.156348
11.33411 83626 -48.9702 -0.169341
11.33636 83814 -47.1432 -0.162840
11.33861 84003 -48.0037 -0.165625
11.34086 84192 -48.5907 -0.167463
11.34311 84382 -48.3686 -0.166509
11.34536 84572 -47.0933 -0.161937
11.34760 84762 -44.5540 -0.153033
11.34985 84953 -41.8564 -0.143606
11.35210 85144 -40.9942 -0.140490
11.35435 85336 -41.7677 -0.142980
11.35660 85528 -46.4592 -0.158861
11.35885 85721 -48.5623 -0.165865
11.36110 85914 -50.3174 -0.171667
11.36335 86107 -50.5311 -0.172203
11.36560 86301 -52.8788 -0.180000
11.36785 86496 -52.3514 -0.178004
11.37009 86690 -47.5228 -0.161405
11.37235 86886 -49.4457 -0.167747
11.37459 87081 -46.5546 -0.157762
11.37684 87277 -47.5573 -0.160978
11.37910 87474 -46.1635 -0.156084
11.38135 87671 -44.3888 -0.149915
11.38359 87868 -45.3420 -0.152963
11.38584 88066 -44.9996 -0.151637
11.38809 88264 -51.5677 -0.173574
11.39034 88463 -57.6254 -0.193746
11.39259 88662 -57.4102 -0.192806
11.39484 88862 -58.4973 -0.196236
11.39709 89062 -60.2948 -0.202038
11.39934 89263 -56.2914 -0.188411
11.40159 89464 -54.8078 -0.183239
11.40384 89665 -49.6146 -0.165691
11.40609 89867 -47.5262 -0.158538
11.40833 90069 -45.7388 -0.152404
11.41058 90272 -41.5461 -0.138278
11.41283 90475 -40.3768 -0.134235
11.41508 90679 -36.9973 -0.122862
11.41733 90883 -32.0922 -0.106453
11.41958 91088 -34.6061 -0.114663
11.42183 91293 -37.2453 -0.123269
11.42408 91499 -38.7646 -0.128153
11.42633 91705 -39.9800 -0.132022
11.42858 91911 -39.5856 -0.130573
11.43083 92118 -38.3236 -0.126268
11.43307 92325 -42.6389 -0.140329
11.43532 92533 -43.7117 -0.143697
11.43758 92742 -47.1141 -0.154708
11.43982 92950 -50.0130 -0.164043
11.44207 93160 -48.6692 -0.159456
11.44433 93370 -50.6367 -0.165715
11.44657 93580 -48.2396 -0.157693
11.44882 93791 -48.5939 -0.158672
11.45107 94002 -54.3637 -0.177313
11.45331 94213 -51.0787 -0.166412
11.45556 94425 -53.1030 -0.172813
11.45781 94638 -57.0425 -0.185424
11.46006 94851 -60.2067 -0.195490
11.46232 95065 -64.7472 -0.209996
11.46456 95279 -61.6490 -0.199723
11.46681 95493 -59.7484 -0.193348
11.46906 95708 -61.9649 -0.200296
11.47131 95924 -65.5515 -0.211650
11.47356 96140 -64.2839 -0.207324
11.47580 96356 -57.4221 -0.184986
11.47805 96573 -54.4161 -0.175105
11.48031 96791 -56.2065 -0.180663
11.48256 97009 -55.8498 -0.179315
11.48480 97227 -56.1363 -0.180032
11.48705 97446 -51.6338 -0.165406
11.48931 97666 -53.5733 -0.171426
11.49155 97885 -50.2041 -0.160465
11.49380 98106 -46.6289 -0.148870
11.49605 98327 -49.6162 -0.158229
11.49830 98548 -48.9637 -0.155973
11.50055 98770 -42.5511 -0.135394
11.50279 98992 -41.9469 -0.133321
11.50504 99215 -42.9032 -0.136208
11.50730 99439 -44.6926 -0.141728
11.50955 99663 -45.6701 -0.144665
11.51179 99887 -42.5244 -0.134550
11.51404 100112 -40.2217 -0.127121
11.51629 100337 -40.8464 -0.128951
11.51854 100563 -39.6561 -0.125052
11.52079 100790 -39.6190 -0.124794
11.52304 101017 -42.4190 -0.133464
11.52529 101244 -48.0494 -0.151009
11.52754 101472 -48.0523 -0.150848
11.52979 101701 -46.7968 -0.146742
11.53204 101930 -48.2604 -0.151161
11.53429 102159 -48.8799 -0.152930
11.53653 102389 -51.1538 -0.159864
11.53879 102620 -49.0237 -0.153035
11.54104 102851 -49.0771 -0.153029
11.54328 103082 -46.2015 -0.143901
11.54554 103315 -45.6541 -0.142036
11.54778 103547 -44.9914 -0.139817
11.55003 103780 -49.1574 -0.152592
11.55228 104014 -47.9158 -0.148571
11.55453 104248 -47.7148 -0.147781
11.55678 104483 -47.7163 -0.147620
11.55903 104718 -49.0235 -0.151493
11.56128 104954 -49.1154 -0.151607
11.56352 105190 -53.2877 -0.164301
11.56577 105427 -52.5999 -0.161998
11.56803 105665 -50.9283 -0.156673
11.57028 105903 -51.9691 -0.159695
11.57252 106141 -52.9876 -0.162642
11.57477 106380 -51.1296 -0.156763
11.57703 106620 -47.0588 -0.144119
11.57927 106860 -44.3027 -0.135526
11.58152 107100 -47.5076 -0.145167
11.58377 107341 -48.8151 -0.148995
11.58602 107583 -40.1479 -0.122403
11.58826 107825 -41.9662 -0.127803
11.59052 108068 -42.9003 -0.130500
11.59276 108311 -47.1304 -0.143207
11.59501 108555 -50.5675 -0.153478
11.59727 108800 -50.8358 -0.154119
11.59952 109045 -49.2442 -0.149126
11.60176 109290 -48.9512 -0.148072
11.60401 109536 -46.6773 -0.141035
11.60626 109783 -48.4846 -0.146331
11.60851 110030 -46.5886 -0.140451
11.61076 110278 -45.0583 -0.135685
11.61301 110526 -42.8508 -0.128892
11.61526 110775 -38.3280 -0.115158
11.61751 111025 -37.8402 -0.113564
11.61976 111275 -31.3051 -0.093846
11.62200 111525 -35.0193 -0.104863
11.62425 111776 -34.2962 -0.102582
11.62650 112028 -35.1206 -0.104930
11.62875 112280 -35.2087 -0.105075
11.63100 112533 -35.1423 -0.104759
11.63325 112786 -30.4583 -0.090694
11.63550 113040 -33.8517 -0.100685
11.63775 113295 -36.9467 -0.109767
11.64000 113550 -34.6987 -0.102972
11.64225 113806 -37.7878 -0.112013
11.64450 114062 -40.6224 -0.120281
11.64675 114319 -42.2534 -0.124969
11.64899 114576 -43.7301 -0.129191
11.65124 114834 -46.6376 -0.137626
11.65350 115093 -51.8618 -0.152870
11.65574 115352 -51.4332 -0.151437
11.65800 115612 -46.9618 -0.138116
11.66024 115872 -50.4665 -0.148257
11.66249 116133 -45.3205 -0.132989
11.66474 116394 -41.7735 -0.122444
11.66699 116657 -44.7165 -0.130922
11.66924 116919 -43.8708 -0.128302
11.67148 117182 -47.7210 -0.139405
11.67373 117446 -44.6720 -0.130352
11.67599 117711 -46.3623 -0.135131
11.67824 117976 -44.0049 -0.128116
11.68048 118241 -41.6673 -0.121174
11.68274 118508 -43.9844 -0.127769
11.68499 118775 -47.4558 -0.137698
11.68723 119042 -48.7945 -0.141423
11.68948 119310 -48.4419 -0.140244
11.69173 119579 -56.0327 -0.162037
11.69398 119848 -59.8774 -0.172961
11.69623 120118 -63.0862 -0.182025
11.69848 120388 -60.9793 -0.175748
11.70072 120659 -56.9276 -0.163886
11.70298 120931 -60.1841 -0.173066
11.70522 121203 -55.0973 -0.158261
11.70747 121476 -55.8912 -0.160361
11.70973 121750 -53.9274 -0.154552
11.71197 122024 -54.2526 -0.155310
11.71422 122299 -59.3744 -0.169781
11.71647 122574 -58.8214 -0.168010
11.71872 122850 -62.8073 -0.179194
11.72097 123127 -61.0696 -0.174040
11.72322 123404 -65.1000 -0.185317
11.72547 123682 -66.5494 -0.189230
11.72771 123960 -64.3403 -0.182744
11.72996 124239 -69.0646 -0.195942
11.73221 124519 -68.9292 -0.195337
11.73447 124800 -65.4177 -0.185177
11.73672 125081 -67.9363 -0.192091
11.73896 125362 -68.8371 -0.194419
11.74122 125645 -67.4809 -0.190374
11.74346 125927 -61.3298 -0.172827
11.74571 126211 -59.3115 -0.166951
11.74796 126495 -60.2997 -0.169542
11.75021 126780 -50.9400 -0.143065
11.75245 127065 -48.0425 -0.134776
11.75471 127352 -47.1236 -0.132049
11.75695 127638 -49.5153 -0.138596
11.75921 127926 -54.0864 -0.151220
11.76146 128214 -54.5502 -0.152345
11.76371 128503 -51.2942 -0.143091
11.76595 128792 -52.2130 -0.145490
11.76820 129082 -48.8067 -0.135846
11.77045 129373 -49.4837 -0.137575
11.77270 129664 -46.3568 -0.128737
11.77495 129956 -41.9319 -0.116318
11.77720 130248 -44.4400 -0.123137
11.77945 130542 -41.9627 -0.116142
11.78170 130836 -38.9197 -0.107598
11.78394 131130 -44.2376 -0.122163
11.78620 131426 -43.5241 -0.120058
11.78844 131721 -43.0762 -0.118689
11.79069 132018 -44.1481 -0.121505
11.79294 132315 -50.5056 -0.138846
11.79519 132613 -51.6750 -0.141902
11.79744 132912 -52.5299 -0.144087
11.79969 133211 -53.0694 -0.145403
11.80194 133511 -53.5677 -0.146603
11.80419 133812 -52.8492 -0.144474
11.80644 134113 -60.8985 -0.166292
11.80869 134415 -57.3090 -0.156314
11.81094 134718 -48.9059 -0.133244
11.81319 135021 -51.3529 -0.139754
11.81543 135325 -54.2740 -0.147538
11.81769 135630 -53.1945 -0.144441
11.81993 135935 -54.0531 -0.146607
11.82218 136241 -49.5063 -0.134124
11.82443 136548 -50.3278 -0.136196
11.82668 136855 -45.9560 -0.124226
11.82893 137164 -37.4056 -0.100999
11.83118 137472 -37.8806 -0.102167
11.83343 137782 -44.9960 -0.121221
11.83568 138092 -47.1807 -0.126964
11.83792 138403 -42.2043 -0.113445
11.84018 138715 -49.3710 -0.132559
11.84242 139027 -52.1260 -0.139799
11.84467 139340 -52.9308 -0.141798
11.84692 139654 -47.1212 -0.126093
11.84917 139968 -44.8982 -0.120009
11.85142 140284 -47.2943 -0.126271
11.85367 140600 -48.9493 -0.130543
11.85592 140916 -47.2402 -0.125844
11.85817 141233 -43.8343 -0.116640
11.86042 141551 -41.2029 -0.109514
11.86267 141870 -42.0964 -0.111763
11.86492 142190 -40.7733 -0.108129
11.86717 142510 -41.5347 -0.110024
11.86942 142831 -39.3459 -0.104109
11.87166 143152 -41.6942 -0.110199
11.87392 143475 -46.6796 -0.123236
11.87616 143798 -43.5227 -0.114773
11.87841 144121 -41.8407 -0.110214
11.88066 144446 -43.4819 -0.114408
11.88291 144771 -49.0563 -0.128930
11.88516 145097 -49.9343 -0.131090
11.88741 145424 -50.0916 -0.131355
11.88965 145751 -47.7214 -0.124999
11.89191 146080 -49.2675 -0.128904
11.89415 146408 -46.3477 -0.121128
11.89640 146738 -47.1114 -0.122986
11.89866 147069 -51.7922 -0.135053
11.90091 147400 -47.2986 -0.123197
11.90316 147732 -46.8728 -0.121951
11.90540 148064 -45.1547 -0.117349
11.90765 148398 -43.4638 -0.112827
11.90990 148732 -42.3613 -0.109842
11.91215 149067 -44.8609 -0.116192
11.91440 149402 -42.7633 -0.110635
11.91665 149739 -45.6778 -0.118042
11.91890 150076 -47.6844 -0.123089
11.92115 150414 -50.7925 -0.130965
11.92340 150753 -44.8728 -0.115571
11.92564 151092 -40.5613 -0.104350
11.92789 151432 -39.0075 -0.100240
11.93014 151773 -45.8141 -0.117599
11.93239 152115 -45.3204 -0.116200
11.93464 152457 -42.7017 -0.109363
11.93689 152801 -41.3495 -0.105781
11.93914 153145 -39.6166 -0.101234
11.94139 153490 -43.5429 -0.111142
11.94364 153835 -45.1136 -0.115022
11.94589 154182 -46.8916 -0.119420
11.94814 154529 -46.5212 -0.118344
11.95039 154877 -48.9792 -0.124457
11.95264 155226 -47.5180 -0.120608
11.95488 155575 -54.1917 -0.137393
11.95713 155925 -59.9135 -0.151729
11.95938 156276 -59.0051 -0.149260
11.96163 156628 -52.0053 -0.131405
11.96388 156981 -56.8582 -0.143506
11.96613 157335 -58.1086 -0.146497
11.96838 157689 -57.8279 -0.145625
11.97063 158044 -51.8413 -0.130403
11.97288 158400 -51.9219 -0.130459
11.97512 158756 -53.4258 -0.134087
11.97738 159114 -58.0414 -0.145507
11.97962 159472 -54.8134 -0.137260
11.98187 159831 -55.0623 -0.137729
11.98412 160191 -55.8465 -0.139533
11.98637 160552 -60.1897 -0.150215
11.98862 160913 -61.9703 -0.154486
11.99087 161276 -61.0351 -0.151983
11.99312 161639 -63.2457 -0.157310
11.99537 162003 -60.8719 -0.151236
11.99762 162368 -61.1467 -0.151748
11.99987 162733 -58.7081 -0.145533
12.00212 163100 -55.9585 -0.138560
12.00437 163467 -54.2245 -0.134116
12.00662 163835 -52.5330 -0.129786
12.00886 164204 -53.7583 -0.132664
12.01112 164574 -60.2827 -0.148598
12.01336 164944 -58.9704 -0.145200
12.01561 165316 -52.5870 -0.129337
12.01786 165688 -49.0182 -0.120424
12.02011 166061 -49.6331 -0.121797
12.02236 166435 -52.4571 -0.128583
12.02461 166810 -57.2025 -0.140057
12.02686 167185 -51.1430 -0.125080
12.02911 167562 -53.4798 -0.130648
12.03136 167939 -50.5070 -0.123247
12.03360 168317 -52.0859 -0.126957
12.03585 168696 -52.0194 -0.126652
12.03810 169076 -54.2595 -0.131958
12.04035 169457 -58.0150 -0.140932
12.04260 169838 -57.7611 -0.140158
12.04485 170221 -57.7565 -0.139989
12.04710 170604 -56.2386 -0.136157
12.04935 170988 -53.6364 -0.129711
12.05160 171373 -50.7140 -0.122506
12.05385 171759 -40.1576 -0.096897
12.05610 172146 -37.0470 -0.089290
12.05834 172533 -33.5194 -0.080697
12.06060 172922 -31.2426 -0.075132
12.06284 173311 -30.3477 -0.072897
12.06509 173701 -30.0007 -0.071983
12.06734 174093 -38.2923 -0.091774
12.06959 174485 -30.5192 -0.073063
12.07184 174877 -30.4885 -0.072907
12.07409 175271 -27.4583 -0.065587
12.07634 175666 -32.8151 -0.078294
12.07859 176061 -26.8235 -0.063927
12.08084 176458 -22.0737 -0.052548
12.08309 176855 -19.3061 -0.045908
12.08533 177253 -27.8853 -0.066234
12.08759 177653 -28.0153 -0.066467
12.08984 178053 -39.1401 -0.092757
12.09208 178453 -46.7961 -0.110777
12.09433 178855 -47.3950 -0.112068
12.09658 179258 -42.5339 -0.100461
12.09883 179662 -51.2010 -0.120795
12.10108 180066 -52.4140 -0.123518
12.10333 180472 -48.9749 -0.115284
12.10558 180878 -40.8897 -0.096144
12.10783 181285 -44.6805 -0.104939
12.11008 181694 -55.3437 -0.129837
12.11233 182103 -53.2991 -0.124900
12.11458 182513 -51.6000 -0.120782
12.11683 182924 -48.9529 -0.114457
12.11908 183336 -55.1354 -0.128768
12.12132 183748 -56.2654 -0.131259
12.12357 184162 -60.9771 -0.142091
12.12582 184577 -67.3961 -0.156872
12.12807 184992 -74.9383 -0.174232
12.13032 185409 -63.9552 -0.148529
12.13257 185826 -60.2302 -0.139721
12.13482 186245 -58.4652 -0.135474
12.13707 186664 -62.7215 -0.145173
12.13932 187085 -65.4866 -0.151402
12.14157 187506 -63.8151 -0.147372
12.14381 187928 -62.5333 -0.144250
12.14606 188351 -56.9261 -0.131168
12.14831 188775 -60.2035 -0.138564
12.15056 189200 -53.5817 -0.123184
12.15281 189626 -53.1756 -0.122113
12.15506 190053 -54.2993 -0.124554
12.15731 190481 -52.7106 -0.120774
12.15956 190910 -55.7823 -0.127668
12.16181 191340 -52.3698 -0.119723
12.16406 191771 -55.0902 -0.125801
12.16631 192203 -63.6605 -0.145208
12.16856 192636 -62.1451 -0.141592
12.17080 193069 -65.4691 -0.148998
12.17305 193504 -69.5776 -0.158170
12.17530 193940 -65.1485 -0.147935
12.17755 194376 -63.2552 -0.143475
12.17980 194814 -62.5280 -0.141666
12.18205 195253 -61.6812 -0.139590
12.18430 195692 -59.2449 -0.133926
12.18655 196133 -52.6832 -0.118959
12.18880 196575 -48.8667 -0.110217
12.19105 197017 -51.0074 -0.114916
12.19330 197461 -53.7240 -0.120900
12.19555 197906 -50.4005 -0.113294
12.19779 198351 -55.3380 -0.124253
12.20004 198798 -56.5441 -0.126818
12.20229 199245 -55.4319 -0.124184
12.20454 199694 -50.0807 -0.112070
12.20679 200144 -45.2284 -0.101097
12.20904 200594 -40.6622 -0.090789
12.21129 201046 -36.4193 -0.081224
12.21354 201499 -34.9061 -0.077762
12.21579 201952 -42.8661 -0.095387
12.21804 202407 -48.7585 -0.108377
12.22029 202863 -49.6101 -0.110146
12.22254 203320 -54.9144 -0.121786
12.22479 203778 -60.5121 -0.134049
12.22703 204236 -66.1936 -0.146470
12.22928 204696 -66.5135 -0.147013
12.23153 205157 -65.9339 -0.145568
12.23378 205619 -70.8046 -0.156146
12.23603 206082 -68.3993 -0.150672
12.23828 206546 -69.2548 -0.152385
12.24053 207011 -66.2493 -0.145608
12.24278 207477 -63.8294 -0.140132
12.24503 207945 -68.8403 -0.150962
12.24728 208413 -62.6019 -0.137128
12.24952 208882 -55.6570 -0.121778
12.25177 209352 -63.3176 -0.138384
12.25402 209824 -64.6747 -0.141191
12.25627 210296 -58.2166 -0.126950
12.25852 210770 -58.9656 -0.128438
12.26077 211244 -54.9828 -0.119629
12.26302 211720 -56.1699 -0.122074
12.26527 212197 -54.5427 -0.118404
12.26752 212675 -54.5550 -0.118298
12.26977 213154 -52.1741 -0.113008
12.27201 213633 -64.0821 -0.138645
12.27427 214115 -67.8811 -0.146698
12.27652 214597 -66.1886 -0.142880
12.27877 215080 -55.2538 -0.119141
12.28101 215564 -49.3354 -0.106260
12.28327 216050 -52.4151 -0.112766
12.28551 216536 -49.0649 -0.105440
12.28776 217024 -40.7249 -0.087419
12.29001 217512 -37.1176 -0.079586
12.29226 218002 -31.2418 -0.066912
12.29451 218493 -30.2621 -0.064741
12.29676 218985 -38.2899 -0.081823
12.29901 219478 -38.5797 -0.082350
12.30126 219972 -41.8174 -0.089161
12.30350 220467 -45.6483 -0.097219
12.30576 220964 -41.7095 -0.088731
12.30800 221461 -44.8321 -0.095266
12.31025 221960 -41.5173 -0.088123
12.31250 222460 -44.9007 -0.095198
12.31475 222961 -45.6775 -0.096736
12.31700 223463 -43.2015 -0.091390
12.31925 223966 -41.2519 -0.087167
12.32150 224470 -42.2187 -0.089110
12.32375 224976 -47.3688 -0.099867
12.32600 225482 -48.8402 -0.102854
12.32825 225990 -56.1774 -0.118173
12.33050 226499 -62.9242 -0.132216
12.33274 227009 -70.0981 -0.147124
12.33499 227520 -61.2950 -0.128504
12.33724 228032 -61.8871 -0.129599
12.33949 228546 -62.9340 -0.131643
12.34174 229061 -62.8687 -0.131359
12.34399 229576 -62.7906 -0.131048
12.34624 230093 -65.3696 -0.136277
12.34849 230611 -62.5535 -0.130260
12.35074 231131 -65.3688 -0.135969
12.35299 231651 -64.5118 -0.134036
12.35524 232173 -61.3970 -0.127421
12.35748 232695 -49.6146 -0.102853
12.35973 233219 -39.9075 -0.082637
12.36199 233745 -33.2285 -0.068729
12.36423 234271 -30.8002 -0.063635
12.36648 234798 -43.2225 -0.089200
12.36873 235327 -51.7619 -0.106702
12.37098 235857 -57.0988 -0.117572
12.37323 236388 -61.1841 -0.125842
12.37548 236920 -59.0369 -0.121289
12.37773 237454 -57.9738 -0.118971
12.37998 237988 -51.3999 -0.105362
12.38223 238524 -49.9568 -0.102289
12.38447 239061 -45.9002 -0.093877
12.38673 239600 -41.7396 -0.085272
12.38897 240139 -48.8137 -0.099612
12.39122 240680 -53.1365 -0.108311
12.39347 241222 -48.7061 -0.099169
12.39572 241765 -41.2760 -0.083946
12.39797 242309 -38.6341 -0.078485
12.40022 242855 -41.5004 -0.084213
12.40247 243402 -37.2650 -0.075533
12.40472 243950 -36.7777 -0.074462
12.40697 244499 -32.5231 -0.065774
12.40922 245050 -31.4446 -0.063521
12.41147 245602 -36.5159 -0.073683
12.41372 246155 -35.7967 -0.072150
12.41596 246709 -48.3851 -0.097414
12.41821 247264 -49.6490 -0.099846
12.42046 247821 -50.1512 -0.100742
12.42271 248379 -48.3989 -0.097113
12.42496 248938 -53.1948 -0.106616
12.42721 249499 -57.2244 -0.114564
12.42946 250061 -62.7056 -0.125396
12.43171 250624 -66.1908 -0.132217
12.43396 251188 -67.2812 -0.134244
12.43621 251754 -67.9215 -0.135369
12.43846 252321 -64.1953 -0.127799
12.44071 252889 -66.2737 -0.131788
12.44295 253458 -70.6158 -0.140265
12.44520 254029 -60.5123 -0.120061
12.44745 254601 -60.7131 -0.120324
12.44970 255174 -56.9571 -0.112753
12.45195 255749 -59.0521 -0.116769
12.45420 256325 -55.6741 -0.109966
12.45645 256902 -47.7227 -0.094155
12.45870 257480 -56.7967 -0.111931
12.46095 258060 -57.9938 -0.114162
12.46320 258641 -54.3149 -0.106800
12.46545 259224 -51.0634 -0.100293
12.46769 259807 -60.5818 -0.118855
12.46994 260392 -59.4053 -0.116416
12.47220 260979 -60.5843 -0.118593
12.47444 261566 -64.0605 -0.125256
12.47669 262155 -61.2596 -0.119645
12.47894 262745 -58.5060 -0.114139
12.48119 263337 -56.5514 -0.110202
12.48344 263930 -54.2274 -0.105554
12.48569 264524 -46.9941 -0.091372
12.48794 265120 -49.0946 -0.095348
12.49019 265717 -46.9745 -0.091128
12.49244 266315 -49.4200 -0.095765
12.49469 266915 -37.2124 -0.072028
12.49693 267516 -48.4224 -0.093621
12.49918 268118 -57.0243 -0.110128
12.50143 268722 -44.5916 -0.086020
12.50368 269327 -46.2849 -0.089187
12.50593 269934 -47.8228 -0.092046
12.50818 270541 -44.2641 -0.085101
12.51043 271151 -45.6948 -0.087753
12.51268 271761 -45.2088 -0.086722
12.51493 272373 -55.3028 -0.105966
12.51718 272986 -50.3358 -0.096340
12.51943 273601 -47.1266 -0.090096
12.52168 274217 -44.0180 -0.084059
12.52393 274835 -45.1181 -0.086063
12.52617 275453 -53.6409 -0.102205
12.52842 276074 -55.3646 -0.105371
12.53067 276695 -63.0067 -0.119780
12.53292 277318 -58.6508 -0.111374
12.53517 277943 -61.7799 -0.117184
12.53742 278569 -72.1088 -0.136622
12.53967 279196 -65.4397 -0.123847
12.54192 279824 -60.9073 -0.115140
12.54417 280455 -72.2015 -0.136337
12.54642 281086 -70.8885 -0.133708
12.54867 281719 -70.4388 -0.132710
12.55091 282353 -65.4949 -0.123257
12.55316 282989 -67.8244 -0.127497
12.55541 283626 -70.2918 -0.131987
12.55766 284265 -66.1809 -0.124128
12.55991 284905 -63.9985 -0.119900
12.56216 285547 -58.3403 -0.109177
12.56441 286190 -59.2007 -0.110662
12.56666 286834 -59.3069 -0.110736
12.56891 287480 -54.9288 -0.102446
12.57116 288127 -50.4370 -0.093963
12.57341 288776 -52.7412 -0.098145
12.57565 289426 -46.3046 -0.086071
12.57791 290078 -45.2653 -0.084044
12.58015 290731 -48.3293 -0.089632
12.58240 291386 -50.9935 -0.094467
12.58465 292042 -56.8655 -0.105227
12.58690 292699 -58.7679 -0.108625
12.58915 293358 -54.6559 -0.100911
12.59140 294019 -53.3704 -0.098427
12.59365 294681 -53.1160 -0.097847
12.59590 295345 -47.9049 -0.088148
12.59815 296010 -51.1444 -0.094004
12.60040 296676 -46.1185 -0.084671
12.60264 297344 -43.6365 -0.080024
12.60490 298014 -42.1335 -0.077181
12.60714 298685 -33.8392 -0.061918
12.60939 299357 -34.5709 -0.063185
12.61164 300031 -29.1774 -0.053268
12.61389 300707 -32.7210 -0.059670
12.61614 301384 -41.8877 -0.076300
12.61839 302063 -52.5943 -0.095695
12.62064 302743 -57.1067 -0.103789
12.62289 303424 -60.6543 -0.110112
12.62514 304108 -66.5735 -0.120722
12.62738 304792 -66.1273 -0.119779
12.62964 305479 -60.4649 -0.109399
12.63189 306167 -56.7494 -0.102561
12.63413 306856 -56.9568 -0.102820
12.63638 307547 -39.9060 -0.071959
12.63863 308239 -43.0549 -0.077549
12.64088 308933 -41.7394 -0.075095
12.64313 309629 -46.0907 -0.082831
12.64538 310326 -47.7705 -0.085753
12.64763 311025 -42.0695 -0.075435
12.64988 311725 -43.5340 -0.077973
12.65213 312427 -44.5290 -0.079665
12.65438 313131 -47.7785 -0.085383
12.65663 313836 -56.8571 -0.101492
12.65888 314543 -63.8470 -0.113841
12.66112 315251 -64.8709 -0.115537
12.66337 315961 -59.3549 -0.105594
12.66562 316672 -57.5210 -0.102217
12.66787 317385 -47.8836 -0.084995
12.67012 318100 -45.4791 -0.080636
12.67237 318816 -49.2078 -0.087149
12.67462 319534 -56.8493 -0.100570
12.67687 320253 -55.9500 -0.098867
12.67912 320975 -51.0090 -0.090035
12.68137 321697 -62.0365 -0.109376
12.68362 322422 -54.0045 -0.095108
12.68587 323148 -56.2207 -0.098900
12.68811 323875 -63.9480 -0.112367
12.69036 324605 -73.1468 -0.128386
12.69261 325335 -72.4479 -0.127017
12.69486 326068 -72.8889 -0.127646
12.69711 326802 -65.4133 -0.114426
12.69936 327538 -58.6397 -0.102461
12.70161 328276 -66.2464 -0.115623
12.70386 329015 -65.4321 -0.114073
12.70611 329756 -69.5421 -0.121102
12.70836 330498 -69.2277 -0.120419
12.71060 331242 -63.8862 -0.111003
12.71285 331988 -62.6582 -0.108747
12.71510 332736 -59.9788 -0.103979
12.71735 333485 -66.7522 -0.115592
12.71960 334236 -69.1648 -0.119635
12.72185 334988 -64.7453 -0.111865
12.72410 335743 -65.6064 -0.113225
12.72635 336499 -68.7251 -0.118474
12.72860 337256 -64.3990 -0.110892
12.73085 338016 -65.4322 -0.112544
12.73310 338777 -59.2897 -0.101864
12.73535 339540 -54.3856 -0.093334
12.73759 340304 -55.7053 -0.095491
12.73985 341071 -53.0951 -0.090914
12.74210 341839 -54.6990 -0.093555
12.74434 342608 -52.2976 -0.089348
12.74659 343380 -46.3090 -0.079027
12.74884 344153 -61.4005 -0.104664
12.75109 344928 -63.7630 -0.108569
12.75334 345705 -51.8541 -0.088192
12.75559 346483 -46.6880 -0.079317
12.75784 347263 -47.1648 -0.080037
12.76009 348045 -53.7887 -0.091174
12.76234 348829 -55.0350 -0.093182
12.76458 349614 -59.4325 -0.100515
12.76683 350401 -59.4546 -0.100439
12.76908 351190 -69.7172 -0.117644
12.77133 351981 -72.5261 -0.122246
12.77358 352774 -76.9453 -0.129549
12.77583 353568 -81.3450 -0.136803
12.77808 354364 -75.5469 -0.126909
12.78033 355162 -62.4270 -0.104751
12.78258 355962 -53.4662 -0.089614
12.78483 356763 -47.7492 -0.079942
12.78708 357567 -56.9552 -0.095248
12.78933 358372 -61.7382 -0.103130
12.79158 359179 -66.4312 -0.110845
12.79383 359988 -73.8099 -0.123019
12.79607 360798 -73.1931 -0.121854
12.79832 361611 -61.9836 -0.103076
12.80057 362425 -58.9371 -0.097899
12.80282 363241 -57.4261 -0.095282
12.80507 364059 -54.8671 -0.090934
12.80732 364879 -57.3870 -0.095003
12.80957 365700 -52.7113 -0.087165
12.81182 366524 -54.4675 -0.089968
12.81407 367349 -54.3637 -0.089695
12.81632 368176 -41.5300 -0.068444
12.81857 369005 -33.7254 -0.055519
12.82081 369836 -35.8018 -0.058871
12.82306 370669 -31.0741 -0.051039
12.82531 371503 -34.0525 -0.055869
12.82756 372340 -37.5413 -0.061523
12.82981 373178 -41.0741 -0.067237
12.83206 374019 -43.7293 -0.071503
12.83431 374861 -35.1806 -0.057460
12.83656 375705 -37.0861 -0.060504
12.83881 376551 -32.9885 -0.053759
12.84106 377399 -33.9093 -0.055197
12.84331 378248 -25.6012 -0.041627
12.84556 379100 -27.9385 -0.045376
12.84781 379954 -32.3538 -0.052488
12.85005 380809 -39.8279 -0.064541
12.85230 381667 -41.4153 -0.067038
12.85455 382526 -49.1227 -0.079424
12.85680 383388 -42.1950 -0.068146
12.85905 384251 -40.8655 -0.065925
12.86130 385116 -33.2660 -0.053605
12.86355 385983 -36.4002 -0.058590
12.86580 386852 -42.4433 -0.068240
12.86805 387723 -39.9449 -0.064151
12.87030 388596 -46.0172 -0.073819
12.87254 389471 -53.6732 -0.086004
12.87479 390348 -54.2522 -0.086834
12.87704 391227 -50.9974 -0.081533
12.87929 392108 -53.3347 -0.085174
12.88154 392991 -45.5830 -0.072713
12.88379 393876 -45.7315 -0.072868
12.88604 394763 -43.8451 -0.069783
12.88829 395652 -38.0380 -0.060473
12.89054 396543 -46.1528 -0.073291
12.89279 397436 -40.9310 -0.064926
12.89504 398331 -43.5971 -0.069077
12.89729 399228 -51.9784 -0.082264
12.89953 400126 -51.4000 -0.081258
12.90178 401027 -51.1664 -0.080798
12.90403 401930 -59.1501 -0.093300
12.90628 402835 -61.3994 -0.096739
12.90853 403743 -60.5694 -0.095324
12.91078 404652 -55.4516 -0.087171
12.91303 405563 -50.6461 -0.079527
12.91528 406476 -50.0116 -0.078443
12.91753 407391 -58.9583 -0.092372
12.91978 408309 -52.8358 -0.082686
12.92203 409228 -40.9440 -0.064004
12.92428 410149 -31.0216 -0.048439
12.92653 411073 -37.3695 -0.058285
12.92878 411999 -36.3656 -0.056656
12.93102 412926 -34.8017 -0.054158
12.93327 413856 -31.5391 -0.049026
12.93552 414788 -34.9035 -0.054195
12.93777 415722 -30.0084 -0.046542
12.94002 416658 -40.6050 -0.062906
12.94227 417596 -40.7243 -0.063020
12.94452 418536 -46.9366 -0.072551
12.94677 419479 -50.6968 -0.078275
12.94902 420423 -48.8386 -0.075322
12.95127 421370 -57.0004 -0.087810
12.95352 422319 -55.8650 -0.085965
12.95577 423270 -61.1758 -0.094031
12.95801 424223 -65.4061 -0.100420
12.96026 425178 -72.7745 -0.111608
12.96251 426136 -72.3721 -0.110866
12.96476 427095 -75.5395 -0.115588
12.96701 428057 -77.4949 -0.118447
12.96926 429021 -76.3542 -0.116572
12.97151 429987 -86.3615 -0.131702
12.97376 430955 -82.3796 -0.125488
12.97601 431925 -81.1176 -0.123427
12.97826 432898 -86.6066 -0.131631
12.98051 433873 -76.7804 -0.116565
12.98275 434849 -71.0565 -0.107754
12.98501 435829 -69.7658 -0.105678
12.98725 436810 -59.4178 -0.089902
12.98950 437794 -65.7412 -0.099358
12.99175 438779 -73.7116 -0.111279
12.99400 439767 -67.7802 -0.102210
12.99625 440758 -66.4231 -0.100050
12.99850 441750 -75.6140 -0.113766
13.00075 442745 -75.6019 -0.113620
13.00300 443742 -71.5510 -0.107411
13.00525 444741 -75.7787 -0.113630
13.00750 445742 -65.8724 -0.098665
13.00975 446746 -69.6670 -0.104231
13.01199 447752 -75.1941 -0.112374
13.01424 448760 -73.4821 -0.109692
13.01649 449771 -77.1033 -0.114968
13.01874 450783 -75.3403 -0.112213
13.02099 451798 -68.3673 -0.101713
13.02324 452816 -68.4758 -0.101760
13.02549 453835 -70.1407 -0.104117
13.02774 454857 -64.9157 -0.096253
13.02999 455881 -76.6017 -0.113452
13.03224 456908 -94.2143 -0.139381
13.03449 457937 -92.9420 -0.137344
13.03674 458968 -94.7248 -0.139821
13.03898 460001 -88.0080 -0.129761
13.04123 461037 -92.1613 -0.135731
13.04348 462075 -81.7495 -0.120262
13.04573 463116 -78.2925 -0.115047
13.04798 464158 -73.1616 -0.107387
13.05023 465204 -74.4560 -0.109164
13.05248 466251 -77.0032 -0.112771
13.05473 467301 -83.8124 -0.122606
13.05698 468353 -94.8001 -0.138523
13.05923 469408 -87.0809 -0.127101
13.06148 470465 -77.5100 -0.113004
13.06373 471524 -71.2667 -0.103785
13.06598 472586 -57.4451 -0.083563
13.06822 473650 -66.8882 -0.097190
13.07047 474716 -60.9614 -0.088479
13.07272 475785 -65.9424 -0.095600
13.07497 476857 -65.2373 -0.094472
13.07722 477930 -55.2063 -0.079856
13.07947 479007 -43.2035 -0.062424
13.08172 480085 -41.0190 -0.059201
13.08397 481166 -36.0139 -0.051919
13.08622 482250 -35.0442 -0.050464
13.08847 483335 -24.6293 -0.035427
13.09072 484424 -29.6751 -0.042636
13.09297 485515 -32.9395 -0.047273
13.09521 486608 -33.6310 -0.048212
13.09746 487703 -34.1636 -0.048920
13.09971 488802 -34.9669 -0.050014
13.10196 489902 -32.2862 -0.046128
13.10421 491005 -26.7697 -0.038203
13.10646 492111 -20.8302 -0.029693
13.10871 493219 -16.6600 -0.023722
13.11096 494330 -16.1245 -0.022934
13.11321 495443 -18.5670 -0.026378
13.11546 496558 -14.5537 -0.020653
13.11770 497676 -9.7677 -0.013846
13.11995 498797 -14.0361 -0.019874
13.12220 499920 -18.5432 -0.026226
13.12445 501046 -8.0528 -0.011377
13.12670 502174 -6.3995 -0.009031
13.12895 503305 -15.6659 -0.022082
13.13120 504438 -31.1711 -0.043888
13.13345 505574 -37.5356 -0.052790
13.13570 506712 -31.4531 -0.044186
13.13795 507853 -42.9520 -0.060272
13.14020 508997 -44.6725 -0.062616
13.14245 510143 -47.3044 -0.066230
13.14470 511292 -61.3705 -0.085827
13.14694 512443 -59.4187 -0.083004
13.14919 513597 -48.9991 -0.068372
13.15144 514753 -44.3358 -0.061795
13.15369 515912 -47.5147 -0.066152
13.15594 517074 -49.2967 -0.068555
13.15819 518238 -51.4774 -0.071508
13.16044 519405 -56.9703 -0.079049
13.16269 520575 -54.3870 -0.075380
13.16494 521747 -59.3329 -0.082142
13.16719 522922 -52.3872 -0.072445
13.16944 524099 -57.1002 -0.078873
13.17168 525279 -65.1464 -0.089887
13.17393 526462 -60.8413 -0.083852
13.17618 527648 -64.8277 -0.089246
13.17843 528836 -47.4004 -0.065181
13.18068 530026 -41.6560 -0.057218
13.18293 531220 -36.3463 -0.049868
13.18518 532416 -50.2510 -0.068868
13.18743 533615 -64.3125 -0.088040
13.18968 534816 -69.6460 -0.095234
13.19193 536021 -73.2943 -0.100110
13.19418 537228 -75.9327 -0.103598
13.19643 538437 -78.3514 -0.106777
13.19868 539650 -79.1940 -0.107804
13.20092 540865 -94.2549 -0.128162
13.20317 542083 -92.5962 -0.125765
13.20542 543303 -91.5149 -0.124157
13.20767 544527 -90.0334 -0.122010
13.20992 545753 -88.1868 -0.119373
13.21217 546982 -77.4616 -0.104737
13.21442 548213 -88.7087 -0.119810
13.21667 549448 -85.6654 -0.115569
13.21892 550685 -87.4021 -0.117780
13.22117 551925 -98.4117 -0.132467
13.22342 553168 -99.7404 -0.134104
13.22567 554413 -105.1265 -0.141187
13.22792 555662 -98.6841 -0.132386
13.23016 556913 -106.0464 -0.142103
13.23241 558167 -90.2177 -0.120756
13.23466 559424 -86.0276 -0.115018
13.23691 560683 -77.0212 -0.102861
13.23916 561946 -70.5486 -0.094111
13.24141 563211 -71.3811 -0.095115
13.24366 564479 -64.6910 -0.086103
13.24591 565750 -57.3489 -0.076245
13.24816 567024 -61.0137 -0.081026
13.25041 568301 -68.4324 -0.090776
13.25266 569581 -61.8660 -0.081974
13.25490 570863 -72.3734 -0.095788
13.25715 572149 -66.5676 -0.088005
13.25940 573437 -58.5701 -0.077345
13.26165 574728 -60.7724 -0.080163
13.26390 576022 -57.4345 -0.075675
13.26615 577319 -62.2333 -0.081906
13.26840 578619 -61.0235 -0.080223
13.27065 579922 -54.2344 -0.071218
13.27290 581228 -38.0867 -0.049957
13.27515 582537 -32.3726 -0.042415
13.27740 583848 -21.0229 -0.027513
13.27965 585163 -34.4240 -0.045001
13.28190 586481 -39.7591 -0.051917
13.28414 587801 -44.7353 -0.058349
13.28639 589125 -56.6469 -0.073803
13.28864 590451 -51.5673 -0.067109
13.29089 591781 -63.9641 -0.083149
13.29314 593113 -69.3788 -0.090086
13.29539 594449 -72.6516 -0.094230
13.29764 595787 -75.1220 -0.097324
13.29989 597129 -81.6772 -0.105698
13.30214 598473 -89.5854 -0.115802
13.30439 599821 -87.3364 -0.112768
13.30664 601172 -82.7503 -0.106726
13.30888 602525 -89.2112 -0.114930
13.31113 603882 -91.7065 -0.118011
13.31338 605242 -90.0155 -0.115705
13.31563 606604 -88.1123 -0.113132
13.31788 607970 -79.2920 -0.101692
13.32013 609339 -73.8627 -0.094623
13.32238 610711 -74.5283 -0.095368
13.32463 612087 -70.8951 -0.090617
13.32688 613465 -72.2623 -0.092261
13.32913 614846 -70.8314 -0.090332
13.33138 616231 -68.3517 -0.087072
13.33363 617618 -77.9277 -0.099159
13.33588 619009 -69.0185 -0.087724
13.33812 620403 -76.3627 -0.096949
13.34037 621800 -71.6925 -0.090918
13.34262 623200 -61.1371 -0.077445
13.34487 624603 -65.9733 -0.083477
13.34712 626009 -53.0610 -0.067063
13.34937 627419 -57.4184 -0.072489
13.35162 628832 -52.3640 -0.066034
13.35387 630248 -47.8546 -0.060279
13.35612 631667 -34.8819 -0.043889
13.35837 633089 -27.4860 -0.034544
13.36062 634515 -22.6003 -0.028372
13.36286 635943 -23.1142 -0.028985
13.36511 637375 -15.7016 -0.019667
13.36736 638811 -19.5794 -0.024497
13.36961 640249 -13.8800 -0.017347
13.37186 641691 -9.6562 -0.012054
13.37411 643135 -5.6972 -0.007104
13.37636 644584 -11.2646 -0.014031
13.37861 646035 -14.1621 -0.017620
13.38086 647490 -24.1109 -0.029964
13.38311 648948 -24.2964 -0.030160
13.38536 650409 -16.2209 -0.020113
13.38761 651873 -1.6625 -0.002059
13.38985 653341 -12.8424 -0.015888
13.39210 654812 -27.9640 -0.034557
13.39435 656287 -26.2094 -0.032353
13.39660 657765 -31.4387 -0.038764
13.39885 659246 -28.0535 -0.034551
13.40110 660730 -20.7030 -0.025470
13.40335 662218 -39.1911 -0.048160
13.40560 663709 -23.5663 -0.028927
13.40785 665203 -32.4426 -0.039778
13.41010 666701 -37.4591 -0.045877
13.41235 668203 -26.8016 -0.032787
13.41460 669707 -23.8296 -0.029119
13.41684 671215 -26.7928 -0.032703
13.41909 672726 -28.1161 -0.034280
13.42134 674241 -37.8140 -0.046052
13.42359 675759 -41.3925 -0.050353
13.42584 677281 -44.8774 -0.054531
13.42809 678806 -41.3101 -0.050140
13.43034 680335 -39.2513 -0.047587
13.43259 681866 -42.0149 -0.050881
13.43484 683402 -42.5921 -0.051522
13.43709 684941 -50.4376 -0.060944
13.43934 686483 -54.0946 -0.065289
13.44159 688029 -46.9130 -0.056557
13.44384 689578 -63.9102 -0.076962
13.44608 691131 -64.6041 -0.077710
13.44833 692687 -77.8771 -0.093571
13.45058 694247 -75.2544 -0.090318
13.45283 695810 -67.9566 -0.081468
13.45508 697377 -68.7413 -0.082316
13.45733 698947 -78.7280 -0.094169
13.45958 700521 -82.1988 -0.098210
13.46183 702098 -70.3607 -0.083971
13.46408 703679 -67.5998 -0.080586
13.46633 705263 -69.5940 -0.082870
13.46858 706851 -72.6354 -0.086394
13.47082 708443 -78.8290 -0.093656
13.47307 710038 -68.1899 -0.080924
13.47532 711637 -62.6291 -0.074241
13.47757 713239 -64.5408 -0.076422
13.47982 714845 -69.0682 -0.081691
13.48207 716455 -74.1964 -0.087657
13.48432 718068 -59.7696 -0.070534
13.48657 719685 -60.0711 -0.070810
13.48882 721306 -73.4170 -0.086444
13.49107 722930 -80.1256 -0.094237
13.49332 724558 -85.1646 -0.100051
13.49557 726189 -82.2298 -0.096495
13.49781 727824 -95.9341 -0.112450
13.50006 729463 -103.6075 -0.121308
13.50231 731106 -99.5414 -0.116416
13.50456 732752 -82.4252 -0.096290
13.50681 734402 -66.8232 -0.077976
13.50906 736056 -70.6723 -0.082375
13.51131 737713 -75.8177 -0.088273
13.51356 739374 -85.0895 -0.098956
13.51581 741039 -93.8440 -0.109015
13.51806 742707 -73.9620 -0.085822
13.52031 744380 -65.0749 -0.075425
13.52256 746056 -72.1204 -0.083497
13.52481 747736 -73.0150 -0.084438
13.52705 749419 -71.6815 -0.082803
13.52930 751107 -70.3597 -0.081185
13.53155 752798 -73.2071 -0.084375
13.53380 754493 -64.1360 -0.073837
13.53605 756192 -57.0368 -0.065590
13.53830 757895 -53.2528 -0.061170
13.54055 759601 -70.4639 -0.080849
13.54280 761312 -67.9434 -0.077869
13.54505 763026 -70.9640 -0.081240
13.54730 764744 -75.8540 -0.086740
13.54955 766466 -64.3131 -0.073460
13.55179 768192 -69.7209 -0.079548
13.55404 769922 -64.7363 -0.073778
13.55629 771655 -69.4353 -0.079044
13.55854 773393 -65.0908 -0.074015
13.56079 775134 -65.7145 -0.074640
13.56304 776880 -57.5871 -0.065335
13.56529 778629 -70.3154 -0.079687
13.56754 780382 -64.8995 -0.073466
13.56979 782139 -76.9304 -0.086987
13.57204 783901 -83.1765 -0.093944
13.57429 785666 -69.5801 -0.078499
13.57654 787435 -80.1000 -0.090266
13.57879 789208 -77.3320 -0.087049
13.58103 790985 -74.8634 -0.084175
13.58328 792766 -81.3538 -0.091370
13.58553 794551 -91.3763 -0.102511
13.58778 796340 -97.6131 -0.109385
13.59003 798133 -88.4566 -0.099013
13.59228 799930 -85.4452 -0.095535
13.59453 801732 -77.7198 -0.086800
13.59678 803537 -61.9637 -0.069125
13.59903 805346 -56.8690 -0.063370
13.60128 807160 -55.7659 -0.062071
13.60353 808977 -47.5562 -0.052874
13.60578 810799 -60.2467 -0.066908
13.60802 812624 -69.5672 -0.077172
13.61027 814454 -68.5199 -0.075925
13.61252 816288 -66.5415 -0.073650
13.61477 818126 -63.5551 -0.070265
13.61702 819968 -70.5295 -0.077888
13.61927 821815 -64.9956 -0.071696
13.62152 823665 -71.1603 -0.078408
13.62377 825520 -73.7493 -0.081170
13.62602 827379 -76.7906 -0.084422
13.62827 829242 -76.0064 -0.083466
13.63052 831109 -74.7256 -0.081967
13.63276 832980 -74.8660 -0.082029
13.63501 834856 -78.0264 -0.085396
13.63726 836736 -80.9300 -0.088474
13.63951 838620 -67.6015 -0.073820
13.64176 840508 -53.2436 -0.058076
13.64401 842401 -55.2754 -0.060224
13.64626 844297 -53.1169 -0.057808
13.64851 846199 -64.8424 -0.070489
13.65076 848104 -56.9523 -0.061843
13.65301 850014 -54.6615 -0.059288
13.65526 851928 -60.9214 -0.066004
13.65751 853846 -42.6240 -0.046128
13.65975 855768 -52.8474 -0.057128
13.66200 857695 -57.0188 -0.061567
13.66425 859627 -49.0546 -0.052908
13.66650 861562 -57.5937 -0.062049
13.66875 863502 -43.2786 -0.046574
13.67100 865447 -50.4908 -0.054274
13.67325 867395 -46.5119 -0.049941
13.67550 869348 -56.2750 -0.060356
13.67775 871306 -57.8037 -0.061926
13.68000 873268 -54.8888 -0.058737
13.68225 875234 -51.8943 -0.055470
13.68450 877205 -43.3362 -0.046270
13.68674 879180 -36.8757 -0.039328
13.68899 881160 -40.2483 -0.042877
13.69124 883144 -31.8389 -0.033880
13.69349 885133 -26.2621 -0.027914
13.69574 887126 -28.8533 -0.030634
13.69799 889123 -35.8859 -0.038058
13.70024 891125 -42.4384 -0.044956
13.70249 893132 -49.0416 -0.051893
13.70474 895143 -48.8734 -0.051657
13.70699 897158 -39.1143 -0.041295
13.70924 899178 -47.1713 -0.049746
13.71149 901203 -39.0153 -0.041098
13.71373 903232 -38.6503 -0.040668
13.71598 905266 -19.0715 -0.020045
13.71823 907305 -2.2237 -0.002335
13.72048 909348 2.9069 0.003048
13.72273 911395 3.4175 0.003580
13.72498 913447 -9.5272 -0.009968
13.72723 915504 -19.0802 -0.019941
13.72948 917566 -22.3473 -0.023330
13.73173 919632 -27.8438 -0.029035
13.73398 921702 -29.9176 -0.031162
13.73623 923778 -28.0776 -0.029213
13.73848 925858 -39.8611 -0.041426
13.74073 927943 -39.2261 -0.040721
13.74297 930032 -32.7244 -0.033933
13.74522 932126 -30.4901 -0.031581
13.74747 934225 -57.9969 -0.060004
13.74972 936329 -45.6587 -0.047186
13.75197 938437 -32.6367 -0.033690
13.75422 940550 -31.8837 -0.032876
13.75647 942668 -43.7165 -0.045026
13.75872 944791 -57.4110 -0.059065
13.76097 946918 -66.6764 -0.068520
13.76322 949050 -49.9080 -0.051230
13.76547 951187 -48.0425 -0.049260
13.76772 953329 -49.5328 -0.050731
13.76996 955475 -55.1788 -0.056450
13.77221 957627 -64.3083 -0.065716
13.77446 959783 -62.4587 -0.063754
13.77671 961944 -65.7382 -0.067026
13.77896 964110 -55.3185 -0.056339
13.78121 966281 -82.3556 -0.083780
13.78346 968457 -80.3238 -0.081621
13.78571 970638 -92.0018 -0.093383
13.78796 972823 -85.0025 -0.086182
13.79021 975014 -80.3149 -0.081337
13.79246 977209 -89.2087 -0.090243
13.79471 979410 -80.1919 -0.081030
13.79695 981615 -82.1248 -0.082890
13.79920 983825 -85.9544 -0.086658
13.80145 986041 -94.5464 -0.095213
13.80370 988261 -98.2703 -0.098852
13.80595 990486 -103.8426 -0.104340
13.80820 992716 -111.5452 -0.111954
13.81045 994952 -104.2451 -0.104509
13.81270 997192 -95.5166 -0.095651
13.81495 999437 -101.7064 -0.101735
13.81720 1001688 -113.9717 -0.113876
13.81945 1003943 -100.5880 -0.100390
13.82170 1006204 -90.2668 -0.089988
13.82394 1008470 -79.9656 -0.079629
13.82619 1010740 -73.6967 -0.073304
13.82844 1013016 -70.4891 -0.070035
13.83069 1015297 -70.7284 -0.070194
13.83294 1017583 -69.8430 -0.069237
13.83519 1019875 -58.6571 -0.058083
13.83744 1022171 -69.2292 -0.068474
13.83969 1024473 -79.4730 -0.078518
13.84194 1026780 -79.6877 -0.078642
13.84419 1029092 -103.4741 -0.102001
13.84644 1031409 -100.1029 -0.098567
13.84869 1033731 -96.9650 -0.095370
13.85093 1036059 -85.8231 -0.084316
13.85318 1038392 -72.4954 -0.071143
13.85543 1040730 -82.2645 -0.080639
13.85768 1043073 -86.3792 -0.084577
13.85993 1045422 -84.2075 -0.082358
13.86218 1047776 -85.9389 -0.083957
13.86443 1050135 -79.7945 -0.077866
13.86668 1052500 -66.2697 -0.064596
13.86893 1054870 -82.0794 -0.079916
13.87118 1057245 -77.8355 -0.075699
13.87343 1059626 -52.7390 -0.051234
13.87568 1062012 -47.3598 -0.045956
13.87792 1064403 -54.3759 -0.052705
13.88017 1066800 -55.0936 -0.053341
13.88242 1069202 -40.7950 -0.039453
13.88467 1071609 -43.1170 -0.041651
13.88692 1074022 -54.6713 -0.052754
13.88917 1076441 -61.1246 -0.058914
13.89142 1078864 -39.2507 -0.037789
13.89367 1081294 -27.6625 -0.026602
13.89592 1083728 -23.0365 -0.022129
13.89817 1086169 -23.1125 -0.022177
13.90042 1088614 -21.4693 -0.020577
13.90267 1091066 -32.9027 -0.031500
13.90491 1093522 -52.2860 -0.050000
13.90716 1095985 -38.3767 -0.036658
13.90941 1098452 -52.3896 -0.049987
13.91166 1100926 -62.2713 -0.059348
13.91391 1103405 -56.1811 -0.053484
13.91616 1105889 -46.0348 -0.043775
13.91841 1108379 -56.9858 -0.054128
13.92066 1110875 -61.2062 -0.058071
13.92291 1113377 -40.3575 -0.038248
13.92516 1115883 -35.6498 -0.033748
13.92741 1118396 -40.1001 -0.037918
13.92965 1120914 -41.6386 -0.039329
13.93190 1123438 -38.5375 -0.036359
13.93415 1125968 -32.3183 -0.030457
13.93640 1128503 -42.9318 -0.040414
13.93865 1131044 -29.8518 -0.028069
13.94090 1133591 -28.6740 -0.026931
13.94315 1136144 -25.1114 -0.023559
13.94540 1138702 -33.2845 -0.031192
13.94765 1141266 -25.4914 -0.023862
13.94990 1143836 -23.8459 -0.022296
13.95215 1146411 -33.7381 -0.031510
13.95440 1148993 -23.1368 -0.021585
13.95665 1151580 -21.5663 -0.020097
13.95889 1154173 -17.2066 -0.016016
13.96114 1156772 -27.1004 -0.025197
13.96339 1159376 -34.5340 -0.032073
13.96564 1161987 -21.2792 -0.019740
13.96789 1164603 -28.0439 -0.025987
13.97014 1167226 -26.8530 -0.024855
13.97239 1169854 -49.4861 -0.045753
13.97464 1172488 -46.3716 -0.042825
13.97689 1175128 -56.4154 -0.052042
13.97914 1177774 -69.6303 -0.064160
13.98139 1180426 -67.0762 -0.061737
13.98364 1183084 -67.7137 -0.062254
13.98588 1185748 -80.8456 -0.074244
13.98813 1188418 -86.9518 -0.079762
13.99038 1191094 -88.7262 -0.081298
13.99263 1193776 -102.4436 -0.093761
13.99488 1196464 -93.3959 -0.085384
13.99713 1199158 -85.8042 -0.078356
13.99938 1201858 -110.7828 -0.101052
14.00163 1204565 -116.2083 -0.105882
14.00388 1207277 -99.1611 -0.090248
14.00613 1209995 -91.9787 -0.083617
14.00838 1212720 -96.4365 -0.087571
14.01063 1215451 -71.6252 -0.064968
14.01287 1218187 -58.1321 -0.052669
14.01512 1220930 -51.0992 -0.046245
14.01737 1223680 -61.1637 -0.055292
14.01962 1226435 -73.0279 -0.065943
14.02187 1229196 -63.0405 -0.056860
14.02412 1231964 -70.3395 -0.063372
14.02637 1234738 -53.1440 -0.047826
14.02862 1237519 -51.5208 -0.046313
14.03087 1240305 -43.0913 -0.038692
14.03312 1243098 -57.2912 -0.051385
14.03537 1245897 -59.4998 -0.053306
14.03762 1248702 -56.2629 -0.050349
14.03986 1251514 -51.1379 -0.045711
14.04211 1254332 -65.3404 -0.058341
14.04436 1257156 -77.1602 -0.068817
14.04661 1259987 -68.8813 -0.061365
14.04886 1262824 -67.8096 -0.060342
14.05111 1265668 -64.7273 -0.057534
14.05336 1268518 -58.9418 -0.052333
14.05561 1271374 -51.3589 -0.045549
14.05786 1274237 -67.7513 -0.060020
14.06011 1277106 -72.2598 -0.063942
14.06236 1279982 -65.8096 -0.058168
14.06461 1282864 -91.1496 -0.080476
14.06685 1285752 -84.8067 -0.074791
14.06910 1288648 -78.3607 -0.069029
14.07135 1291549 -79.3692 -0.069839
14.07360 1294457 -71.4268 -0.062779
14.07585 1297372 -70.2992 -0.061719
14.07810 1300293 -76.0044 -0.066653
14.08035 1303221 -79.4438 -0.069591
14.08260 1306156 -81.8220 -0.071593
14.08485 1309097 -99.2546 -0.086749
14.08710 1312044 -92.3284 -0.080605
14.08935 1314999 -92.2400 -0.080437
14.09160 1317960 -87.1793 -0.075939
14.09384 1320927 -118.0293 -0.102695
14.09609 1323902 -120.9314 -0.105102
14.09834 1326883 -92.6167 -0.080403
14.10059 1329871 -90.0383 -0.078077
14.10284 1332865 -97.6507 -0.084583
14.10509 1335866 -100.4470 -0.086907
14.10734 1338874 -84.2940 -0.072850
14.10959 1341889 -101.5934 -0.087702
14.11184 1344910 -98.6002 -0.085022
14.11409 1347939 -127.5352 -0.109849
14.11634 1350974 -109.1225 -0.093884
14.11859 1354016 -105.2405 -0.090442
14.12083 1357065 -89.1008 -0.076486
14.12308 1360120 -87.9165 -0.075384
14.12533 1363183 -87.9193 -0.075302
14.12758 1366253 -82.9497 -0.070966
14.12983 1369329 -76.4670 -0.065346
14.13208 1372412 -54.7069 -0.046698
14.13433 1375502 -50.0486 -0.042674
14.13658 1378600 -36.5168 -0.031101
14.13883 1381704 -48.6881 -0.041420
14.14108 1384815 -41.1942 -0.035006
14.14333 1387933 -47.6326 -0.040432
14.14558 1391058 -67.0484 -0.056848
14.14782 1394191 -68.9376 -0.058384
14.15007 1397330 -69.9534 -0.059178
14.15232 1400476 -66.2121 -0.055950
14.15457 1403630 -64.3640 -0.054327
14.15682 1406790 -34.2221 -0.028853
14.15907 1409958 -37.1076 -0.031251
14.16132 1413133 -34.8788 -0.029341
14.16357 1416315 -53.0939 -0.044613
14.16582 1419504 -66.0869 -0.055469
14.16807 1422700 -71.2353 -0.059723
14.17032 1425904 -62.1365 -0.052036
14.17257 1429114 -43.2253 -0.036158
14.17481 1432332 -31.6392 -0.026436
14.17706 1435558 -15.6189 -0.013036
14.17931 1438790 5.8619 0.004887
14.18156 1442030 -1.0951 -0.000912
14.18381 1445277 -5.9951 -0.004987
14.18606 1448531 -9.7202 -0.008076
14.18831 1451793 -19.9814 -0.016583
14.19056 1455062 -7.4828 -0.006203
14.19281 1458338 -33.7275 -0.027929
14.19506 1461622 -33.7121 -0.027885
14.19731 1464913 -53.7023 -0.044370
14.19956 1468211 -51.2983 -0.042336
14.20180 1471517 -58.3131 -0.048071
14.20405 1474831 -74.1425 -0.061051
14.20630 1478152 -70.6440 -0.058105
14.20855 1481480 -45.2244 -0.037156
14.21080 1484816 -42.9617 -0.035257
14.21305 1488159 -50.0831 -0.041055
14.21530 1491510 -70.5575 -0.057774
14.21755 1494869 -66.5058 -0.054395
14.21980 1498235 -65.5780 -0.053576
14.22205 1501608 -54.2716 -0.044289
14.22430 1504989 -67.4973 -0.055020
14.22655 1508378 -82.0424 -0.066801
14.22880 1511775 -94.4247 -0.076797
14.23104 1515179 -90.3969 -0.073438
14.23329 1518590 -88.1903 -0.071565
14.23554 1522010 -86.8879 -0.070429
14.23779 1525437 -54.1201 -0.043819
14.24004 1528872 -67.3637 -0.054480
14.24229 1532314 -54.9207 -0.044367
14.24454 1535765 -37.2934 -0.030093
14.24679 1539223 -36.8980 -0.029741
14.24904 1542689 -34.8376 -0.028048
14.25129 1546162 -40.7592 -0.032779
14.25354 1549644 -31.7218 -0.025483
14.25578 1553133 -42.8470 -0.034381
14.25803 1556630 -55.2019 -0.044245
14.26028 1560135 -41.3629 -0.033115
14.26253 1563648 -44.5461 -0.035624
14.26478 1567169 -57.2895 -0.045763
14.26703 1570698 -29.2893 -0.023370
14.26928 1574235 -33.9095 -0.027026
14.27153 1577779 -51.4920 -0.040994
14.27378 1581332 -58.2796 -0.046345
14.27603 1584893 -48.9106 -0.038851
14.27828 1588461 -65.0572 -0.051619
14.28053 1592038 -56.5293 -0.044802
14.28277 1595623 -34.0113 -0.026925
14.28502 1599216 -43.8347 -0.034663
14.28727 1602817 -48.2416 -0.038105
14.28952 1606426 -34.3807 -0.027126
14.29177 1610043 -56.5193 -0.044543
14.29402 1613668 -55.2212 -0.043471
14.29627 1617302 -68.1137 -0.053560
14.29852 1620943 -59.3751 -0.046636
14.30077 1624593 -60.5666 -0.047518
14.30302 1628251 -62.8984 -0.049292
14.30527 1631918 -80.4043 -0.062940
14.30752 1635592 -82.5462 -0.064545
14.30976 1639275 -88.5800 -0.069185
14.31201 1642966 -98.0569 -0.076500
14.31426 1646666 -100.3986 -0.078239
14.31651 1650374 -92.4649 -0.071976
14.31876 1654090 -85.1987 -0.066245
14.32101 1657814 -62.6470 -0.048656
14.32326 1661547 -47.2475 -0.036654
14.32551 1665289 -41.0885 -0.031840
14.32776 1669038 -50.5073 -0.039095
14.33001 1672796 -61.3943 -0.047469
14.33226 1676563 -64.9911 -0.050193
14.33451 1680338 -84.8472 -0.065454
14.33675 1684122 -93.5246 -0.072067
14.33900 1687914 -89.7515 -0.069082
14.34125 1691715 -79.2299 -0.060915
14.34350 1695524 -79.4676 -0.061029
14.34575 1699342 -68.8434 -0.052811
14.34800 1703168 -74.6077 -0.057168
14.35025 1707003 -76.4551 -0.058518
14.35250 1710847 -68.8325 -0.052625
14.35475 1714699 -72.6999 -0.055519
14.35700 1718560 -85.3149 -0.065079
14.35925 1722430 -86.6096 -0.065993
14.36150 1726308 -100.1268 -0.076206
14.36374 1730195 -104.9427 -0.079782
14.36599 1734091 -109.9206 -0.083472
14.36824 1737996 -88.9543 -0.067475
14.37049 1741909 -69.7935 -0.052881
14.37274 1745831 -64.0396 -0.048467
14.37499 1749763 -71.6543 -0.054169
14.37724 1753702 -88.7042 -0.066983
14.37949 1757651 -106.6449 -0.080440
14.38174 1761609 -89.2846 -0.067270
14.38399 1765576 -85.9429 -0.064680
14.38624 1769551 -96.5769 -0.072601
14.38849 1773536 -67.1303 -0.050408
14.39073 1777529 -55.3118 -0.041487
14.39298 1781532 -39.9904 -0.029961
14.39523 1785543 -48.8821 -0.036582
14.39748 1789564 -27.4992 -0.020556
14.39973 1793593 -20.6503 -0.015419
14.40198 1797632 -32.5016 -0.024241
14.40423 1801679 -32.1220 -0.023931
14.40648 1805736 -29.1447 -0.021689
14.40873 1809802 -45.1305 -0.033547
14.41098 1813877 -34.3045 -0.025471
14.41323 1817962 -28.7504 -0.021323
14.41548 1822055 -52.0794 -0.038582
14.41772 1826158 -51.0575 -0.037782
14.41997 1830270 -23.3269 -0.017242
14.42222 1834391 -24.6282 -0.018184
14.42447 1838522 -22.8854 -0.016878
14.42672 1842661 -39.0873 -0.028795
14.42897 1846811 -41.5772 -0.030595
14.43122 1850969 -18.9844 -0.013954
14.43347 1855137 -24.8749 -0.018263
14.43572 1859314 -16.0873 -0.011798
14.43797 1863501 -11.8375 -0.008671
14.44022 1867697 -18.4328 -0.013488
14.44247 1871902 -56.2430 -0.041108
14.44471 1876117 -56.1849 -0.041019
14.44696 1880342 -57.4564 -0.041901
14.44921 1884576 -49.3849 -0.035974
14.45146 1888819 -48.7047 -0.035439
14.45371 1893072 -51.4187 -0.037371
14.45596 1897335 -73.4185 -0.053301
14.45821 1901607 -84.6618 -0.061394
14.46046 1905889 -66.7198 -0.048329
14.46271 1910180 -81.0836 -0.058667
14.46496 1914481 -114.1394 -0.082492
14.46721 1918792 -106.3002 -0.076740
14.46946 1923113 -109.0999 -0.078672
14.47170 1927443 -125.0830 -0.090096
14.47395 1931783 -102.6553 -0.073859
14.47620 1936133 -103.2336 -0.074191
14.47845 1940493 -101.9721 -0.073202
14.48070 1944862 -88.1476 -0.063207
14.48295 1949241 -81.9791 -0.058718
14.48520 1953630 -95.2765 -0.068165
14.48745 1958029 -95.4894 -0.068241
14.48970 1962438 -95.9562 -0.068498
14.49195 1966857 -83.3580 -0.059438
14.49420 1971286 -57.8447 -0.041199
14.49645 1975725 -79.4617 -0.056532
14.49869 1980173 -81.4943 -0.057913
14.50094 1984632 -70.5264 -0.050062
14.50319 1989101 -87.2863 -0.061890
14.50544 1993580 -78.4073 -0.055532
14.50769 1998069 -74.2533 -0.052530
14.50994 2002568 -77.4173 -0.054707
14.51219 2007077 -65.5988 -0.046304
14.51444 2011596 -54.4519 -0.038392
14.51669 2016126 -38.1648 -0.026878
14.51894 2020665 -33.9917 -0.023913
14.52119 2025215 -37.1386 -0.026097
14.52344 2029775 -50.2090 -0.035242
14.52568 2034346 -31.5177 -0.022097
14.52793 2038927 -34.9659 -0.024487
14.53018 2043518 -47.2579 -0.033059
14.53243 2048119 -58.4717 -0.040857
14.53468 2052731 -64.2911 -0.044873
14.53693 2057353 -54.1612 -0.037760
14.53918 2061986 -74.2629 -0.051717
14.54143 2066628 -67.8685 -0.047210
14.54368 2071282 -50.0824 -0.034799
14.54593 2075946 -44.6389 -0.030982
14.54818 2080620 -74.9269 -0.051945
14.55043 2085305 -67.3371 -0.046630
14.55268 2090001 -52.3789 -0.036231
14.55492 2094707 -61.8483 -0.042733
14.55717 2099423 -94.2056 -0.065017
14.55942 2104151 -81.2912 -0.056041
14.56167 2108889 -79.0746 -0.054452
14.56392 2113637 -40.6423 -0.027955
14.56617 2118396 -49.9837 -0.034342
14.56842 2123166 -74.7936 -0.051330
14.57067 2127947 -74.8336 -0.051300
14.57292 2132739 -80.0232 -0.054796
14.57517 2137541 -64.1917 -0.043906
14.57742 2142354 -75.7482 -0.051752
14.57966 2147178 -77.1101 -0.052623
14.58191 2152013 -46.1635 -0.031469
14.58416 2156858 -38.2739 -0.026061
14.58641 2161715 -38.9074 -0.026463
14.58866 2166583 -46.0346 -0.031275
14.59091 2171461 -40.3937 -0.027412
14.59316 2176350 -34.0204 -0.023061
14.59541 2181251 -15.4492 -0.010460
14.59766 2186162 -14.5520 -0.009842
14.59991 2191085 -22.9691 -0.015517
14.60216 2196019 -21.7841 -0.014700
14.60441 2200964 -33.7752 -0.022766
14.60665 2205919 -39.5317 -0.026616
14.60890 2210886 -44.9882 -0.030256
14.61115 2215865 -64.9679 -0.043644
14.61340 2220854 -61.2484 -0.041099
14.61565 2225855 -60.6191 -0.040631
14.61790 2230867 -82.1402 -0.054994
14.62015 2235890 -90.7314 -0.060678
14.62240 2240925 -93.3620 -0.062367
14.62465 2245971 -99.5476 -0.066425
14.62690 2251028 -101.4104 -0.067592
14.62915 2256096 -120.1178 -0.079970
14.63140 2261176 -135.2264 -0.089928
14.63364 2266268 -132.3767 -0.087934
14.63589 2271371 -134.0493 -0.088945
14.63814 2276485 -121.2362 -0.080353
14.64039 2281611 -114.0500 -0.075505
14.64264 2286749 -122.7524 -0.081175
14.64489 2291898 -103.1457 -0.068132
14.64714 2297059 -101.7062 -0.067106
14.64939 2302231 -125.4882 -0.082704
14.65164 2307415 -94.9191 -0.062487
14.65389 2312610 -89.4287 -0.058807
14.65614 2317818 -112.6889 -0.074019
14.65839 2323037 -116.3805 -0.076358
14.66063 2328267 -126.1531 -0.082676
14.66288 2333510 -140.6432 -0.092069
14.66513 2338764 -108.2917 -0.070811
14.66738 2344031 -67.1011 -0.043828
14.66963 2349309 -49.2565 -0.032136
14.67188 2354599 -54.9582 -0.035816
14.67413 2359900 -33.4699 -0.021788
14.67638 2365214 -19.2395 -0.012510
14.67863 2370540 -15.1525 -0.009842
14.68088 2375878 -18.7313 -0.012152
14.68313 2381227 -21.6068 -0.014002
14.68538 2386589 -8.5992 -0.005566
14.68762 2391963 -9.6655 -0.006250
14.68987 2397349 3.0100 0.001944
14.69212 2402747 7.0163 0.004526
14.69437 2408158 39.5285 0.025472
14.69662 2413580 24.4445 0.015734
14.69887 2419015 23.6074 0.015178
14.70112 2424462 60.8237 0.039063
14.70337 2429921 49.9889 0.032068
14.70562 2435392 26.9064 0.017241
14.70787 2440876 28.0021 0.017923
14.71012 2446372 35.4160 0.022643
14.71237 2451881 50.5957 0.032312
14.71461 2457401 49.1840 0.031375
14.71686 2462935 25.3202 0.016134
14.71911 2468481 9.4358 0.006006
14.72136 2474039 5.9450 0.003780
14.72361 2479610 -13.8433 -0.008791
14.72586 2485193 -22.0597 -0.013993
14.72811 2490789 -17.8789 -0.011328
14.73036 2496397 -30.5068 -0.019308
14.73261 2502018 -25.4682 -0.016101
14.73486 2507652 -36.3048 -0.022926
14.73711 2513299 -58.9138 -0.037162
14.73936 2518958 -68.0966 -0.042906
14.74161 2524630 -89.1333 -0.056097
14.74385 2530315 -101.4338 -0.063767
14.74610 2536012 -99.4325 -0.062439
14.74835 2541722 -89.0057 -0.055828
14.75060 2547446 -90.0874 -0.056443
14.75285 2553182 -96.8758 -0.060628
14.75510 2558931 -120.1403 -0.075103
14.75735 2564693 -120.7329 -0.075389
14.75960 2570468 -106.1403 -0.066202
14.76185 2576255 -85.7607 -0.053431
14.76410 2582056 -56.1439 -0.034940
14.76635 2587870 -43.4650 -0.027019
14.76860 2593698 -49.4162 -0.030684
14.77084 2599538 -73.7923 -0.045768
14.77309 2605391 -68.6112 -0.042507
14.77534 2611258 -86.6031 -0.053593
14.77759 2617137 -95.9984 -0.059340
14.77984 2623030 -61.9717 -0.038264
14.78209 2628937 -94.4655 -0.058262
14.78434 2634856 -105.4753 -0.064979
14.78659 2640789 -93.2450 -0.057380
14.78884 2646735 -102.7321 -0.063147
14.79109 2652695 -86.2760 -0.052972
14.79334 2658668 -80.5837 -0.049421
14.79559 2664655 -76.3394 -0.046766
14.79783 2670655 -76.2595 -0.046664
14.80008 2676668 -67.5394 -0.041282
14.80233 2682695 -41.2528 -0.025186
14.80458 2688736 -49.3874 -0.030119
14.80683 2694790 -95.5803 -0.058225
14.80908 2700858 -77.2098 -0.046981
14.81133 2706940 -110.8165 -0.067354
14.81358 2713035 -112.0447 -0.068024
14.81583 2719144 -119.8177 -0.072662
14.81808 2725266 -106.4191 -0.064464
14.82033 2731403 -125.2568 -0.075789
14.82258 2737553 -136.4755 -0.082485
14.82482 2743717 -142.9186 -0.086282
14.82707 2749895 -100.6991 -0.060725
14.82932 2756087 -74.0077 -0.044579
14.83157 2762293 -104.2763 -0.062741
14.83382 2768513 -90.6991 -0.054510
14.83607 2774747 -105.8446 -0.063541
14.83832 2780995 -82.8885 -0.049704
14.84057 2787257 -71.7232 -0.042961
14.84282 2793533 -69.8198 -0.041774
14.84507 2799823 -65.1149 -0.038915
14.84732 2806127 -46.8523 -0.027969
14.84957 2812446 -43.9890 -0.026230
14.85181 2818779 -48.7031 -0.029009
14.85406 2825126 -55.9940 -0.033314
14.85631 2831487 -36.2428 -0.021538
14.85856 2837863 -35.4748 -0.021058
14.86081 2844253 -73.1594 -0.043380
14.86306 2850657 -87.1554 -0.051620
14.86531 2857076 -79.7147 -0.047160
14.86756 2863509 -83.7337 -0.049482
14.86981 2869957 -91.0603 -0.053752
14.87206 2876419 -101.6476 -0.059934
14.87431 2882896 -95.9407 -0.056505
14.87655 2889387 -100.9603 -0.059395
14.87880 2895894 -115.0223 -0.067591
14.88105 2902414 -80.6406 -0.047334
14.88330 2908950 -74.5983 -0.043738
14.88555 2915500 -49.1702 -0.028797
14.88780 2922064 -39.7572 -0.023258
14.89005 2928644 -37.2914 -0.021791
14.89230 2935238 -53.9724 -0.031503
14.89455 2941848 -50.8087 -0.029623
14.89680 2948472 -49.7610 -0.028979
14.89905 2955111 -14.0631 -0.008181
14.90130 2961765 -23.6621 -0.013749
14.90355 2968434 -37.6762 -0.021868
14.90579 2975118 -62.0491 -0.035974
14.90804 2981817 -59.5392 -0.034480
14.91029 2988531 -50.7082 -0.029333
14.91254 2995261 -33.3237 -0.019255
14.91479 3002005 -45.2676 -0.026127
14.91704 3008765 -51.7375 -0.029827
14.91929 3015539 -56.4251 -0.032493
14.92154 3022329 -39.8472 -0.022921
14.92379 3029135 -57.9195 -0.033279
14.92604 3035956 -70.2339 -0.040309
14.92829 3042792 -66.2403 -0.037974
14.93054 3049643 -89.9211 -0.051492
14.93278 3056510 -90.1461 -0.051563
14.93503 3063392 -81.8730 -0.046778
14.93728 3070290 -86.9713 -0.049635
14.93953 3077203 -54.8226 -0.031252
14.94178 3084132 -43.2718 -0.024640
14.94403 3091077 -41.8825 -0.023822
14.94628 3098037 -22.6351 -0.012860
14.94853 3105013 -44.6291 -0.025327
14.95078 3112005 -57.0782 -0.032356
14.95303 3119012 -31.8921 -0.018058
14.95528 3126035 -11.6107 -0.006567
14.95753 3133074 16.6477 0.009405
14.95977 3140129 -8.7940 -0.004963
14.96202 3147199 5.9532 0.003356
14.96427 3154286 -9.6235 -0.005419
14.96652 3161388 4.6350 0.002607
14.96877 3168507 -9.5961 -0.005391
14.97102 3175641 -30.8687 -0.017322
14.97327 3182792 -50.4108 -0.028257
14.97552 3189959 -44.1482 -0.024718
14.97777 3197141 -67.4358 -0.037715
14.98002 3204340 -69.3544 -0.038744
14.98227 3211556 -55.7883 -0.031130
14.98452 3218787 -55.0317 -0.030674
14.98676 3226035 -64.6778 -0.036010
14.98901 3233299 -81.6269 -0.045395
14.99126 3240579 -78.8441 -0.043798
14.99351 3247876 -87.5004 -0.048552
14.99576 3255189 -89.4860 -0.049598
14.99801 3262519 -122.6624 -0.067910
15.00026 3269865 -102.8302 -0.056866
15.00251 3277228 -71.5738 -0.039537
15.00476 3284607 -75.4927 -0.041655
15.00701 3292003 -92.3919 -0.050922
15.00926 3299416 -81.1285 -0.044664
15.01151 3306845 -61.6281 -0.033890
15.01375 3314291 -80.3783 -0.044151
15.01600 3321754 -76.0162 -0.041708
15.01825 3329234 -73.8522 -0.040475
15.02050 3336730 -80.1517 -0.043879
15.02275 3344243 -74.9231 -0.040970
15.02500 3351773 -82.9624 -0.045315
15.02725 3359321 -74.4874 -0.040640
15.02950 3366885 -59.5281 -0.032442
15.03175 3374466 -72.4572 -0.039444
15.03400 3382064 -81.8360 -0.044499
15.03625 3389680 -82.6115 -0.044871
15.03850 3397312 -72.7660 -0.039479
15.04074 3404962 -66.5795 -0.036081
15.04299 3412629 -53.9015 -0.029178
15.04524 3420313 -48.8789 -0.026429
15.04749 3428015 -34.0432 -0.018387
15.04974 3435734 -37.9454 -0.020472
15.05199 3443470 -34.9955 -0.018859
15.05424 3451223 -22.8854 -0.012319
15.05649 3458995 -46.3162 -0.024903
15.05874 3466783 -79.4911 -0.042693
15.06099 3474589 -77.7725 -0.041723
15.06324 3482413 -90.3709 -0.048427
15.06549 3490254 -112.8800 -0.060421
15.06773 3498113 -128.6607 -0.068791
15.06998 3505990 -128.8291 -0.068803
15.07223 3513885 -124.7577 -0.066554
15.07448 3521797 -127.0842 -0.067719
15.07673 3529727 -136.6155 -0.072716
15.07898 3537675 -100.4001 -0.053380
15.08123 3545640 -150.0686 -0.079697
15.08348 3553624 -163.3326 -0.086644
15.08573 3561626 -143.5574 -0.076068
15.08798 3569646 -154.1371 -0.081582
15.09023 3577683 -127.9655 -0.067654
15.09248 3585739 -119.8194 -0.063276
15.09472 3593813 -130.4503 -0.068813
15.09697 3601905 -112.2845 -0.059163
15.09922 3610016 -86.7708 -0.045669
15.10147 3618144 -75.4309 -0.039656
15.10372 3626291 -75.9522 -0.039885
15.10597 3634457 -88.1179 -0.046222
15.10822 3642640 -82.0762 -0.043004
15.11047 3650843 -97.1697 -0.050855
15.11272 3659063 -86.9524 -0.045457
15.11497 3667302 -107.3601 -0.056062
15.11722 3675560 -114.5226 -0.059735
15.11947 3683836 -99.7101 -0.051950
15.12171 3692131 -102.6537 -0.053424
15.12396 3700445 -106.7843 -0.055511
15.12621 3708777 -86.9547 -0.045152
15.12846 3717128 -74.6468 -0.038717
15.13071 3725498 -65.5623 -0.033967
15.13296 3733887 -77.5710 -0.040144
15.13521 3742294 -64.6280 -0.033408
15.13746 3750721 -44.8673 -0.023167
15.13971 3759166 -4.4499 -0.002295
15.14196 3767631 -9.1175 -0.004697
15.14421 3776114 -22.9672 -0.011819
15.14646 3784617 -4.5763 -0.002352
15.14870 3793139 -7.5629 -0.003883
15.15095 3801680 -18.3765 -0.009425
15.15320 3810240 -4.9372 -0.002529
15.15545 3818819 4.4824 0.002294
15.15770 3827418 5.8791 0.003005
15.15995 3836036 38.0061 0.019405
15.16220 3844674 26.2541 0.013390
15.16445 3853331 35.4197 0.018044
15.16670 3862008 5.8285 0.002966
15.16895 3870704 0.6810 0.000346
15.17120 3879419 -13.9143 -0.007064
15.17345 3888155 55.3788 0.028085
15.17569 3896910 58.9324 0.029853
15.17794 3905684 44.1395 0.022335
15.18019 3914479 26.6074 0.013448
15.18244 3923293 31.7146 0.016012
15.18469 3932127 5.7709 0.002910
15.18694 3940981 5.3656 0.002703
15.18919 3949855 31.6228 0.015911
15.19144 3958749 33.7750 0.016975
15.19369 3967663 52.0193 0.026115
15.19594 3976597 26.0263 0.013051
15.19819 3985551 9.8849 0.004951
15.20044 3994525 51.0336 0.025534
15.20268 4003520 49.4983 0.024738
15.20493 4012534 38.6520 0.019296
15.20718 4021569 20.3235 0.010134
15.20943 4030625 28.4939 0.014193
15.21168 4039700 24.6764 0.012277
15.21393 4048797 20.5897 0.010233
15.21618 4057913 -23.2708 -0.011552
15.21843 4067050 -42.6531 -0.021150
15.22068 4076208 -63.0739 -0.031241
15.22293 4085387 -58.1834 -0.028786
15.22518 4094586 -58.7137 -0.029016
15.22743 4103805 -90.9631 -0.044903
15.22967 4113046 -105.5501 -0.052045
15.23192 4122307 -103.5519 -0.051002
15.23417 4131589 -105.8554 -0.052078
15.23642 4140893 -96.3664 -0.047356
15.23867 4150217 -62.4701 -0.030665
15.24092 4159562 -70.3990 -0.034518
15.24317 4168928 -79.2212 -0.038800
15.24542 4178315 -99.7402 -0.048794
15.24767 4187723 -118.9330 -0.058118
15.24992 4197153 -84.1401 -0.041070
15.25217 4206603 -97.2769 -0.047429
15.25442 4216075 -97.4319 -0.047451
15.25666 4225569 -107.3427 -0.052219
15.25891 4235083 -95.9003 -0.046600
15.26116 4244620 -100.0134 -0.048544
15.26341 4254177 -94.8995 -0.046010
15.26566 4263756 -99.3932 -0.048135
15.26791 4273357 -98.8421 -0.047814
15.27016 4282979 -95.3516 -0.046074
15.27241 4292623 -87.6396 -0.042300
15.27466 4302289 -110.5341 -0.053290
15.27691 4311976 -117.3584 -0.056517
15.27916 4321686 -78.8449 -0.037927
15.28141 4331417 -87.3334 -0.041963
15.28365 4341170 -47.3886 -0.022744
15.28590 4350945 -77.5258 -0.037167
15.28815 4360742 -69.0430 -0.033063
15.29040 4370561 -99.1416 -0.047423
15.29265 4380402 -69.7836 -0.033342
15.29490 4390266 -51.6119 -0.024632
15.29715 4400151 -54.2581 -0.025866
15.29940 4410059 -69.3244 -0.033011
15.30165 4419989 -42.2415 -0.020092
15.30390 4429942 -35.8720 -0.017043
15.30615 4439916 -25.6859 -0.012190
15.30840 4449914 -45.0203 -0.021342
15.31064 4459934 -28.1683 -0.013338
15.31289 4469976 -29.2511 -0.013835
15.31514 4480041 -56.2998 -0.026599
15.31739 4490129 -46.6818 -0.022030
15.31964 4500239 -41.6150 -0.019617
15.32189 4510372 -87.8139 -0.041348
15.32414 4520528 -93.8632 -0.044147
15.32639 4530707 -102.1630 -0.047997
15.32864 4540909 -121.0934 -0.056826
15.33089 4551134 -86.4973 -0.040545
15.33314 4561382 -70.6136 -0.033063
15.33539 4571653 -89.3411 -0.041784
15.33763 4581946 -134.2282 -0.062707
15.33988 4592264 -124.5184 -0.058106
15.34213 4602604 -131.1970 -0.061154
15.34438 4612968 -136.4453 -0.063528
15.34663 4623355 -92.8119 -0.043164
15.34888 4633765 -111.0359 -0.051582
15.35113 4644199 -97.4021 -0.045197
15.35338 4654656 -104.1690 -0.048283
15.35563 4665137 -100.1598 -0.046373
15.35788 4675642 -98.6849 -0.045638
15.36013 4686170 -121.7701 -0.056251
15.36238 4696722 -110.7825 -0.051118
15.36462 4707297 -129.8817 -0.059863
15.36687 4717897 -127.7880 -0.058832
15.36912 4728520 -130.7315 -0.060120
15.37137 4739167 -115.6169 -0.053109
15.37362 4749838 -120.5994 -0.055336
15.37587 4760534 -84.9038 -0.038913
15.37812 4771253 -66.4598 -0.030426
15.38037 4781996 -68.0100 -0.031101
15.38262 4792764 -51.4624 -0.023507
15.38487 4803556 -96.7331 -0.044136
15.38712 4814372 -102.3830 -0.046661
15.38937 4825212 -75.0225 -0.034153
15.39161 4836077 -44.3693 -0.020176
15.39386 4846967 -60.1192 -0.027307
15.39611 4857881 -91.6996 -0.041605
15.39836 4868819 -60.0454 -0.027212
15.40061 4879782 -34.6101 -0.015668
15.40286 4890770 -36.1621 -0.016352
15.40511 4901783 -25.5537 -0.011542
15.40736 4912820 -7.7892 -0.003514
15.40961 4923882 -10.9788 -0.004948
15.41186 4934969 -31.7679 -0.014300
15.41411 4946081 -52.8755 -0.023775
15.41636 4957218 -54.9886 -0.024698
15.41860 4968381 -64.4841 -0.028930
15.42085 4979568 -87.8884 -0.039385
15.42310 4990780 -81.2221 -0.036357
15.42535 5002018 -65.5839 -0.029324
15.42760 5013281 -77.3749 -0.034557
15.42985 5024570 -114.9424 -0.051278
15.43210 5035883 -70.1781 -0.031273
15.43435 5047223 -34.7686 -0.015476
15.43660 5058587 -66.7104 -0.029661
15.43885 5069978 -85.9297 -0.038163
15.44110 5081394 -87.6289 -0.038874
15.44335 5092836 -76.7217 -0.033997
15.44559 5104303 -63.9977 -0.028327
15.44784 5115797 -56.1077 -0.024807
15.45009 5127316 -24.8336 -0.010967
15.45234 5138861 -37.3743 -0.016487
15.45459 5150432 -16.9685 -0.007477
15.45684 5162029 -42.1237 -0.018540
15.45909 5173653 -36.8820 -0.016215
15.46134 5185302 -4.6432 -0.002039
15.46359 5196978 30.7029 0.013468
15.46584 5208680 59.0160 0.025859
15.46809 5220408 95.9937 0.042014
15.47034 5232163 61.6363 0.026946
15.47258 5243944 31.9074 0.013934
15.47483 5255752 44.0602 0.019219
15.47708 5267587 74.5367 0.032476
15.47933 5279448 53.5883 0.023323
15.48158 5291335 56.0075 0.024348
15.48383 5303250 -21.2393 -0.009223
15.48608 5315191 -2.7437 -0.001190
15.48833 5327159 -32.9781 -0.014288
15.49058 5339154 15.8084 0.006842
15.49283 5351177 27.6635 0.011959
15.49508 5363226 38.0568 0.016433
15.49733 5375302 41.4360 0.017872
15.49957 5387406 34.0259 0.014660
15.50182 5399537 49.1010 0.021131
15.50407 5411695 48.7482 0.020955
15.50632 5423880 20.5206 0.008811
15.50857 5436093 -15.3544 -0.006586
15.51082 5448334 -17.2799 -0.007403
15.51307 5460602 -37.4488 -0.016026
15.51532 5472897 -55.1667 -0.023581
15.51757 5485221 -67.7485 -0.028927
15.51982 5497572 -90.0788 -0.038418
15.52207 5509951 -106.9468 -0.045561
15.52432 5522357 -118.8388 -0.050570
15.52656 5534792 -121.7576 -0.051754
15.52881 5547255 -107.1335 -0.045487
15.53106 5559745 -96.9651 -0.041123
15.53331 5572264 -103.4147 -0.043809
15.53556 5584811 -149.4282 -0.063231
15.53781 5597387 -117.7405 -0.049766
15.54006 5609990 -115.3651 -0.048707
15.54231 5622622 -116.1125 -0.048968
15.54456 5635283 -89.0306 -0.037504
15.54681 5647972 -70.4914 -0.029661
15.54906 5660689 -29.9388 -0.012583
15.55131 5673435 -77.2722 -0.032441
15.55355 5686210 -35.1659 -0.014747
15.55580 5699014 -15.2187 -0.006375
15.55805 5711846 -7.4789 -0.003129
15.56030 5724708 -32.5290 -0.013595
15.56255 5737598 -20.1672 -0.008419
15.56480 5750517 -12.6775 -0.005287
15.56705 5763466 -39.3008 -0.016370
15.56930 5776443 -40.2579 -0.016750
15.57155 5789450 -49.6175 -0.020621
15.57380 5802486 -48.8375 -0.020274
15.57605 5815552 -52.9882 -0.021973
15.57830 5828647 -72.3773 -0.029979
15.58054 5841771 -64.3782 -0.026636
15.58279 5854925 -69.6057 -0.028766
15.58504 5868108 -61.1860 -0.025258
15.58729 5881322 -79.7040 -0.032866
15.58954 5894565 -31.8674 -0.013126
15.59179 5907837 -49.5330 -0.020379
15.59404 5921140 -33.3016 -0.013686
15.59629 5934473 -65.3897 -0.026842
15.59854 5947835 -91.4576 -0.037501
15.60079 5961228 -87.2804 -0.035748
15.60304 5974651 -65.6236 -0.026847
15.60529 5988104 -33.9325 -0.013867
15.60753 6001587 -35.1850 -0.014362
15.60978 6015101 -63.2055 -0.025771
15.61203 6028645 -13.5768 -0.005530
15.61428 6042220 -22.8910 -0.009312
15.61653 6055825 -52.1692 -0.021200
15.61878 6069461 -40.6418 -0.016497
15.62103 6083128 -66.9528 -0.027146
15.62328 6096825 -83.5318 -0.033830
15.62553 6110553 -47.5201 -0.019224
15.62778 6124313 -26.2575 -0.010610
15.63003 6138103 -44.9344 -0.018137
15.63228 6151924 -67.0822 -0.027046
15.63452 6165776 -72.7848 -0.029312
15.63677 6179660 -72.5802 -0.029197
15.63902 6193574 -82.2531 -0.033051
15.64127 6207520 -131.1088 -0.052623
15.64352 6221498 -142.4189 -0.057098
15.64577 6235507 -98.6254 -0.039496
15.64802 6249547 -107.4635 -0.042987
15.65027 6263619 -146.6300 -0.058588
15.65252 6277723 -137.5326 -0.054891
15.65477 6291859 -117.0624 -0.046669
15.65702 6306026 -130.4132 -0.051933
15.65927 6320225 -93.4771 -0.037183
15.66151 6334457 -62.4652 -0.024819
15.66376 6348720 -75.8549 -0.030105
15.66601 6363015 -64.3080 -0.025494
15.66826 6377343 -58.7882 -0.023279
15.67051 6391703 -60.3627 -0.023876
15.67276 6406095 -56.0297 -0.022137
15.67501 6420520 -44.2815 -0.017476
15.67726 6434977 -53.4587 -0.021074
15.67951 6449466 -50.7326 -0.019977
15.68176 6463989 -70.1647 -0.027597
15.68401 6478543 -61.3015 -0.024084
15.68626 6493131 -102.0894 -0.040064
15.68850 6507752 -69.0637 -0.027073
15.69075 6522405 -46.5987 -0.018246
15.69300 6537092 -44.5915 -0.017441
15.69525 6551811 -65.5413 -0.025606
15.69750 6566564 -31.8934 -0.012446
15.69975 6581350 -27.7731 -0.010826
15.70200 6596169 -35.5777 -0.013853
15.70425 6611022 -25.6801 -0.009988
15.70650 6625908 -24.3856 -0.009474
15.70875 6640827 -43.5725 -0.016908
15.71100 6655780 -17.0746 -0.006618
15.71325 6670767 -43.9240 -0.017006
15.71549 6685788 -25.0689 -0.009695
15.71774 6700842 0.4748 0.000183
15.71999 6715931 36.7129 0.014167
15.72224 6731053 16.2421 0.006260
15.72449 6746209 8.3884 0.003230
15.72674 6761400 -6.6899 -0.002573
15.72899 6776624 11.0027 0.004227
15.73124 6791883 41.8451 0.016056
15.73349 6807176 19.8077 0.007592
15.73574 6822504 50.8483 0.019467
15.73799 6837866 23.6658 0.009050
15.74024 6853263 -4.6487 -0.001776
15.74248 6868695 25.8118 0.009849
15.74473 6884161 39.2457 0.014958
15.74698 6899662 22.5453 0.008583
15.74923 6915198 32.1121 0.012211
15.75148 6930769 17.6883 0.006719
15.75373 6946375 24.0119 0.009111
15.75598 6962016 15.3126 0.005803
15.75823 6977692 44.7344 0.016935
15.76048 6993404 97.6277 0.036917
15.76273 7009151 56.7543 0.021437
15.76498 7024933 31.3949 0.011845
15.76723 7040752 53.0020 0.019975
15.76947 7056605 48.1015 0.018108
15.77172 7072495 59.0556 0.022206
15.77397 7088420 27.5432 0.010345
15.77622 7104381 8.7210 0.003272
15.77847 7120378 11.1423 0.004176
15.78072 7136410 -6.8636 -0.002569
15.78297 7152480 7.3340 0.002742
15.78522 7168585 2.8252 0.001055
15.78747 7184726 -3.7310 -0.001392
15.78972 7200904 13.5089 0.005034
15.79197 7217118 36.9988 0.013772
15.79422 7233369 -19.0615 -0.007087
15.79646 7249657 -17.3459 -0.006442
15.79871 7265981 -56.9932 -0.021143
15.80096 7282341 -39.1274 -0.014499
15.80321 7298739 -56.4881 -0.020909
15.80546 7315174 -73.0425 -0.027006
15.80771 7331645 -37.3565 -0.013796
15.80996 7348154 -50.6137 -0.018671
15.81221 7364700 -41.3622 -0.015241
15.81446 7381283 -65.0933 -0.023959
15.81671 7397903 -80.7849 -0.029701
15.81896 7414561 -111.1400 -0.040816
15.82121 7431256 -81.1256 -0.029760
15.82345 7447989 -56.4216 -0.020674
15.82570 7464760 -74.5907 -0.027301
15.82795 7481568 -93.8197 -0.034300
15.83020 7498415 -98.5292 -0.035982
15.83245 7515299 -50.5549 -0.018441
15.83470 7532221 -30.2245 -0.011013
15.83695 7549181 -11.3656 -0.004137
15.83920 7566180 23.6629 0.008603
15.84145 7583216 -14.0367 -0.005097
15.84370 7600292 -17.2022 -0.006240
15.84595 7617405 -38.5423 -0.013965
15.84820 7634557 -44.5083 -0.016108
15.85044 7651748 -90.1734 -0.032599
15.85269 7668977 -64.9260 -0.023445
15.85494 7686246 -94.2308 -0.033989
15.85719 7703553 -90.0034 -0.032427
15.85944 7720899 -68.4811 -0.024645
15.86169 7738284 -108.0271 -0.038834
15.86394 7755708 -132.4747 -0.047569
15.86619 7773172 -135.6440 -0.048652
15.86844 7790675 -113.1331 -0.040532
15.87069 7808217 -177.4306 -0.063497
15.87294 7825799 -144.3245 -0.051591
15.87519 7843420 -85.5613 -0.030551
15.87743 7861081 -116.9464 -0.041711
15.87968 7878782 -106.4260 -0.037916
15.88193 7896522 -149.8307 -0.053319
15.88418 7914303 -136.4997 -0.048521
15.88643 7932124 -135.8537 -0.048237
15.88868 7949984 -135.6292 -0.048103
15.89093 7967885 -115.7884 -0.041020
15.89318 7985827 -138.3599 -0.048961
15.89543 8003808 -96.5663 -0.034133
15.89768 8021830 -80.6766 -0.028485
15.89993 8039893 -102.4383 -0.036127
15.90218 8057997 -139.1327 -0.049013
15.90442 8076141 -139.9731 -0.049254
15.90667 8094326 -145.5040 -0.051143
15.90892 8112552 -104.1670 -0.036572
15.91117 8130819 -133.7666 -0.046912
15.91342 8149127 -130.3390 -0.045658
15.91567 8167476 -147.1148 -0.051477
15.91792 8185867 -121.0978 -0.042326
15.92017 8204299 -74.2045 -0.025907
15.92242 8222773 -97.7971 -0.034105
15.92467 8241288 -98.9670 -0.034474
15.92692 8259845 -120.6429 -0.041977
15.92917 8278444 -80.2941 -0.027907
15.93141 8297084 -40.2354 -0.013968
15.93366 8315767 -37.9368 -0.013156
15.93591 8334491 -62.2408 -0.021559
15.93816 8353258 4.0924 0.001416
15.94041 8372067 -23.7156 -0.008196
15.94266 8390918 -33.2724 -0.011486
15.94491 8409812 41.6525 0.014363
15.94716 8428749 11.2166 0.003863
15.94941 8447728 -29.8132 -0.010257
15.95166 8466749 -18.2300 -0.006265
15.95391 8485814 5.1053 0.001753
15.95616 8504921 12.2462 0.004199
15.95840 8524072 4.0848 0.001399
15.96065 8543266 -14.0948 -0.004822
15.96290 8562502 -79.2666 -0.027089
15.96515 8581783 -122.7363 -0.041897
15.96740 8601106 -94.5280 -0.032232
15.96965 8620473 -148.6011 -0.050612
15.97190 8639884 -129.7011 -0.044125
15.97415 8659338 -131.9654 -0.044845
15.97640 8678837 -119.4865 -0.040559
15.97865 8698379 -104.9195 -0.035574
15.98090 8717965 -69.8033 -0.023641
15.98315 8737595 -56.3254 -0.019055
15.98539 8757270 7.5333 0.002546
15.98764 8776988 15.0633 0.005084
15.98989 8796751 11.7867 0.003974
15.99214 8816559 17.5763 0.005919
15.99439 8836411 38.5269 0.012961
15.99664 8856308 50.5948 0.017001
15.99889 8876250 101.2771 0.033994
16.00114 8896237 118.6852 0.039792
16.00339 8916268 121.1812 0.040583
16.00564 8936345 119.2972 0.039907
16.00789 8956467 81.6586 0.027286
16.01014 8976634 101.0642 0.033732
16.01238 8996847 107.7650 0.035928
16.01463 9017105 76.8057 0.025578
16.01688 9037409 67.6926 0.022517
16.01913 9057758 96.6000 0.032097
16.02138 9078154 124.5580 0.041340
16.02363 9098595 104.6871 0.034706
16.02588 9119082 120.0702 0.039761
16.02813 9139616 128.5413 0.042519
16.03038 9160195 101.1391 0.033417
16.03263 9180821 126.5082 0.041752
16.03488 9201494 197.7158 0.065180
16.03713 9222213 164.1373 0.054049
16.03937 9242978 153.4643 0.050478
16.04162 9263791 115.3271 0.037891
16.04387 9284650 144.9212 0.047561
16.04612 9305556 114.1171 0.037409
16.04837 9326510 92.8391 0.030400
16.05062 9347510 72.3637 0.023669
16.05287 9368558 88.2481 0.028832
16.05512 9389653 79.8305 0.026052
16.05737 9410796 26.2234 0.008548
16.05962 9431986 14.1189 0.004597
16.06187 9453224 12.6854 0.004126
16.06412 9474510 -8.2470 -0.002679
16.06636 9495844 17.6488 0.005727
16.06861 9517225 45.8100 0.014849
16.07086 9538655 7.1581 0.002318
16.07311 9560134 20.2688 0.006555
16.07536 9581660 26.1949 0.008462
16.07761 9603235 21.0891 0.006805
16.07986 9624859 30.5419 0.009845
16.08211 9646531 45.6976 0.014713
16.08436 9668252 -57.1792 -0.018389
16.08661 9690022 -74.3654 -0.023890
16.08886 9711841 -71.0255 -0.022791
16.09111 9733709 -87.3572 -0.028000
16.09335 9755627 -137.1742 -0.043918
16.09560 9777593 -139.7296 -0.044686
16.09785 9799609 -131.8503 -0.042119
16.10010 9821675 -91.1180 -0.029074
16.10235 9843791 -106.5001 -0.033944
16.10460 9865956 -53.6824 -0.017091
16.10685 9888171 -93.5861 -0.029761
16.10910 9910436 -143.2552 -0.045506
16.11135 9932752 -97.7155 -0.031005
16.11360 9955117 -88.2215 -0.027961
16.11585 9977533 -54.6027 -0.017286
16.11810 10000000 -42.0951 -0.013312
