logY Y P PoverSqrtY
6.90675 999 -20.2525 -0.640761
6.90975 1002 -20.3883 -0.644090
6.91175 1004 -20.4618 -0.645770
6.91374 1006 -20.4978 -0.646261
6.91672 1009 -20.7672 -0.653781
6.91870 1011 -21.1686 -0.665759
6.92067 1013 -21.5554 -0.677255
6.92264 1015 -21.5608 -0.676755
6.92560 1018 -21.4978 -0.673782
6.92756 1020 -21.3977 -0.669988
6.92952 1022 -21.7471 -0.680260
6.93245 1025 -21.3250 -0.666082
6.93440 1027 -21.6697 -0.676190
6.93634 1029 -22.3751 -0.697521
6.93828 1031 -22.2845 -0.694023
6.94119 1034 -21.7873 -0.677553
6.94312 1036 -21.7400 -0.675430
6.94505 1038 -21.7908 -0.676353
6.94794 1041 -22.2882 -0.690795
6.94986 1043 -22.0645 -0.683207
6.95273 1046 -21.8508 -0.675619
6.95464 1048 -21.7304 -0.671253
6.95655 1050 -21.5708 -0.665690
6.95940 1053 -20.8880 -0.643697
6.96130 1055 -21.3361 -0.656885
6.96319 1057 -21.7358 -0.668558
6.96602 1060 -22.1626 -0.680718
6.96791 1062 -21.6369 -0.663946
6.97073 1065 -22.2529 -0.681887
6.97261 1067 -22.5195 -0.689408
6.97448 1069 -22.9793 -0.702825
6.97728 1072 -23.2345 -0.709637
6.97915 1074 -22.6202 -0.690231
6.98193 1077 -22.1344 -0.674465
6.98379 1079 -21.9382 -0.667867
6.98564 1081 -21.7461 -0.661405
6.98841 1084 -22.7685 -0.691544
6.99026 1086 -22.5752 -0.685040
6.99302 1089 -22.6196 -0.685442
6.99485 1091 -23.1495 -0.700855
6.99760 1094 -23.9801 -0.725007
6.99942 1096 -23.7746 -0.718139
7.00216 1099 -24.1188 -0.727540
7.00397 1101 -24.1105 -0.726629
7.00670 1104 -23.6311 -0.711212
7.00851 1106 -23.7984 -0.715600
7.01121 1109 -23.5362 -0.706758
7.01302 1111 -24.1954 -0.725899
7.01571 1114 -24.7444 -0.741369
7.01751 1116 -24.0094 -0.718703
7.02019 1119 -24.4458 -0.730785
7.02198 1121 -24.5186 -0.732306
7.02465 1124 -23.8820 -0.712340
7.02643 1126 -24.1586 -0.719950
7.02909 1129 -23.8881 -0.710944
7.03086 1131 -23.5515 -0.700304
7.03351 1134 -23.4449 -0.696214
7.03527 1136 -23.5367 -0.698323
7.03791 1139 -23.2304 -0.688328
7.03966 1141 -23.0403 -0.682096
7.04229 1144 -22.7300 -0.672027
7.04491 1147 -22.6428 -0.668572
7.04665 1149 -22.6655 -0.668659
7.04925 1152 -22.3989 -0.659934
7.05099 1154 -23.2112 -0.683274
7.05359 1157 -23.0171 -0.676679
7.05618 1160 -23.4108 -0.687363
7.05790 1162 -23.3722 -0.685640
7.06048 1165 -23.5171 -0.689002
7.06219 1167 -23.5263 -0.688681
7.06476 1170 -23.9646 -0.700610
7.06732 1173 -23.6696 -0.691102
7.06902 1175 -24.3039 -0.709019
7.07157 1178 -24.2814 -0.707457
7.07412 1181 -24.1514 -0.702777
7.07581 1183 -24.2767 -0.705826
7.07834 1186 -24.3349 -0.706621
7.08087 1189 -23.9083 -0.693359
7.08255 1191 -23.8595 -0.691362
7.08506 1194 -23.5833 -0.682499
7.08757 1197 -23.6679 -0.684088
7.08924 1199 -23.8234 -0.688009
7.09174 1202 -24.4503 -0.705231
7.09423 1205 -24.1443 -0.695538
7.09589 1207 -24.0870 -0.693313
7.09838 1210 -25.9494 -0.745992
7.10085 1213 -24.3193 -0.698266
7.10332 1216 -24.1548 -0.692687
7.10497 1218 -24.1393 -0.691672
7.10743 1221 -24.1502 -0.691136
7.10988 1224 -24.1847 -0.691273
7.11233 1227 -24.1619 -0.689778
7.11396 1229 -24.1420 -0.688647
7.11639 1232 -24.0588 -0.685439
7.11883 1235 -24.1344 -0.686757
7.12125 1238 -25.3443 -0.720311
7.12367 1241 -24.7072 -0.701354
7.12528 1243 -24.3193 -0.689788
7.12769 1246 -25.0325 -0.709162
7.13010 1249 -24.7247 -0.699601
7.13250 1252 -25.2102 -0.712483
7.13489 1255 -25.0915 -0.708280
7.13648 1257 -24.6863 -0.696286
7.13887 1260 -24.5620 -0.691955
7.14125 1263 -23.9992 -0.675296
7.14362 1266 -24.4395 -0.686871
7.14598 1269 -24.3966 -0.684856
7.14835 1272 -24.6933 -0.692365
7.14992 1274 -25.3008 -0.708843
7.15227 1277 -24.8977 -0.696729
7.15462 1280 -26.6203 -0.744061
7.15696 1283 -25.8808 -0.722544
7.15929 1286 -25.4323 -0.709194
7.16162 1289 -25.2666 -0.703754
7.16395 1292 -25.9629 -0.722307
7.16627 1295 -26.3139 -0.731223
7.16858 1298 -26.9169 -0.747114
7.17089 1301 -27.5671 -0.764280
7.17242 1303 -27.5172 -0.762311
7.17472 1306 -28.2024 -0.780394
7.17702 1309 -28.9683 -0.800670
7.17931 1312 -28.3324 -0.782197
7.18159 1315 -27.5528 -0.759806
7.18387 1318 -27.5987 -0.760206
7.18614 1321 -26.8438 -0.738572
7.18841 1324 -26.9482 -0.740603
7.19068 1327 -26.2039 -0.719334
7.19293 1330 -26.6261 -0.730099
7.19519 1333 -25.6889 -0.703607
7.19744 1336 -26.8332 -0.734122
7.19968 1339 -26.1852 -0.715593
7.20192 1342 -26.2781 -0.717328
7.20415 1345 -26.4871 -0.722226
7.20638 1348 -26.6589 -0.726101
7.20860 1351 -27.0708 -0.736501
7.21082 1354 -27.5706 -0.749268
7.21303 1357 -27.3402 -0.742184
7.21524 1360 -28.2847 -0.766975
7.21744 1363 -28.4950 -0.771829
7.22037 1367 -28.1335 -0.760921
7.22257 1370 -28.3180 -0.765072
7.22475 1373 -27.5929 -0.744667
7.22694 1376 -27.4104 -0.738935
7.22911 1379 -27.4517 -0.739242
7.23129 1382 -27.6054 -0.742576
7.23346 1385 -27.0755 -0.727531
7.23562 1388 -27.3439 -0.733949
7.23778 1391 -27.3844 -0.734242
7.23993 1394 -27.3005 -0.731206
7.24280 1398 -26.2788 -0.702832
7.24494 1401 -26.1266 -0.698015
7.24708 1404 -25.7268 -0.686597
7.24922 1407 -26.0208 -0.693702
7.25134 1410 -25.8673 -0.688876
7.25347 1413 -25.2408 -0.671479
7.25630 1417 -25.8567 -0.686891
7.25841 1420 -26.5822 -0.705419
7.26052 1423 -25.1862 -0.667667
7.26263 1426 -25.2972 -0.669903
7.26473 1429 -24.6008 -0.650778
7.26753 1433 -24.3774 -0.643968
7.26962 1436 -25.2396 -0.666048
7.27170 1439 -24.3508 -0.641923
7.27379 1442 -25.0377 -0.659343
7.27656 1446 -25.0613 -0.659053
7.27863 1449 -25.0508 -0.658093
7.28070 1452 -24.3741 -0.639655
7.28276 1455 -24.0041 -0.629295
7.28551 1459 -23.4783 -0.614665
7.28756 1462 -24.2986 -0.635487
7.28961 1465 -23.4478 -0.612609
7.29234 1469 -23.2750 -0.607265
7.29438 1472 -23.7875 -0.620005
7.29641 1475 -23.6832 -0.616658
7.29845 1478 -24.6645 -0.641556
7.30115 1482 -24.4257 -0.634487
7.30317 1485 -24.5927 -0.638180
7.30519 1488 -25.3478 -0.657112
7.30787 1492 -26.0467 -0.674324
7.30988 1495 -25.3125 -0.654658
7.31255 1499 -25.9279 -0.669680
7.31455 1502 -26.1852 -0.675650
7.31655 1505 -26.2463 -0.676549
7.31920 1509 -25.9745 -0.668656
7.32119 1512 -25.8379 -0.664479
7.32383 1516 -26.3348 -0.676363
7.32581 1519 -26.6296 -0.683261
7.32778 1522 -27.1251 -0.695287
7.33041 1526 -28.0200 -0.717283
7.33237 1529 -27.4761 -0.702670
7.33498 1533 -28.1445 -0.718823
7.33694 1536 -27.6290 -0.704969
7.33954 1540 -27.6215 -0.703860
7.34148 1543 -26.7019 -0.679765
7.34407 1547 -26.6397 -0.677304
7.34601 1550 -26.9676 -0.684977
7.34859 1554 -26.1121 -0.662393
7.35052 1557 -25.5604 -0.647773
7.35308 1561 -26.2801 -0.665159
7.35500 1564 -26.0043 -0.657548
7.35756 1568 -26.0564 -0.658024
7.35947 1571 -26.0714 -0.657774
7.36201 1575 -25.6880 -0.647276
7.36391 1578 -25.5820 -0.643993
7.36645 1582 -25.4781 -0.640566
7.36834 1585 -24.6242 -0.618512
7.37086 1589 -24.8121 -0.622445
7.37275 1592 -24.4300 -0.612281
7.37526 1596 -24.2240 -0.606358
7.37776 1600 -24.6126 -0.615314
7.37963 1603 -24.2131 -0.604762
7.38212 1607 -24.1764 -0.603092
7.38399 1610 -24.7071 -0.615755
7.38647 1614 -24.1961 -0.602274
7.38895 1618 -24.9206 -0.619541
7.39080 1621 -24.2645 -0.602671
7.39326 1625 -25.1394 -0.623632
7.39572 1629 -25.2560 -0.625755
7.39756 1632 -25.4683 -0.630435
7.40001 1636 -24.9382 -0.616558
7.40245 1640 -25.1606 -0.621297
7.40428 1643 -24.7079 -0.609561
7.40671 1647 -24.6720 -0.607935
7.40914 1651 -25.4336 -0.625942
7.41156 1655 -25.4414 -0.625377
7.41337 1658 -26.5328 -0.651614
7.41578 1662 -25.7716 -0.632159
7.41818 1666 -25.3685 -0.621523
7.41998 1669 -25.2700 -0.618554
7.42237 1673 -24.7506 -0.605114
7.42476 1677 -24.0520 -0.587333
7.42714 1681 -24.1892 -0.589981
7.42952 1685 -24.5749 -0.598677
7.43130 1688 -25.4411 -0.619227
7.43367 1692 -24.4565 -0.594557
7.43603 1696 -25.1334 -0.610293
7.43838 1700 -26.1172 -0.633434
7.44073 1704 -25.4514 -0.616562
7.44249 1707 -25.5125 -0.617499
7.44483 1711 -25.5887 -0.618620
7.44717 1715 -26.2734 -0.634432
7.44950 1719 -25.0793 -0.604892
7.45182 1723 -24.9277 -0.600537
7.45414 1727 -25.0494 -0.602770
7.45645 1731 -25.8954 -0.622407
7.45876 1735 -25.5700 -0.613876
7.46049 1738 -25.6641 -0.615603
7.46279 1742 -26.4397 -0.633479
7.46508 1746 -24.8781 -0.595380
7.46737 1750 -25.4209 -0.607676
7.46965 1754 -24.0361 -0.573917
7.47193 1758 -23.8864 -0.569694
7.47420 1762 -23.9299 -0.570084
7.47647 1766 -24.1917 -0.575667
7.47873 1770 -24.5194 -0.582804
7.48099 1774 -23.9847 -0.569452
7.48324 1778 -24.2360 -0.574772
7.48549 1782 -23.2564 -0.550920
7.48773 1786 -24.1660 -0.571825
7.48997 1790 -23.8332 -0.563322
7.49220 1794 -23.3721 -0.551806
7.49443 1798 -23.8974 -0.563580
7.49665 1802 -23.2847 -0.548521
7.49887 1806 -23.0369 -0.542081
7.50108 1810 -23.8235 -0.559971
7.50329 1814 -24.1999 -0.568193
7.50549 1818 -23.6117 -0.553772
7.50824 1823 -24.7490 -0.579648
7.51043 1827 -24.7328 -0.578634
7.51262 1831 -24.5502 -0.573734
7.51480 1835 -24.3970 -0.569533
7.51698 1839 -24.7712 -0.577639
7.51915 1843 -24.5620 -0.572138
7.52132 1847 -25.0181 -0.582130
7.52402 1852 -25.5817 -0.594441
7.52618 1856 -25.9855 -0.603173
7.52833 1860 -25.6164 -0.593965
7.53048 1864 -26.0036 -0.602296
7.53262 1868 -27.8973 -0.645466
7.53476 1872 -27.4574 -0.634610
7.53743 1877 -27.5845 -0.636698
7.53956 1881 -27.4015 -0.631800
7.54168 1885 -27.4433 -0.632093
7.54380 1889 -27.0706 -0.622847
7.54645 1894 -27.9856 -0.643049
7.54856 1898 -28.7437 -0.659773
7.55066 1902 -28.8490 -0.661494
7.55276 1906 -29.5301 -0.676400
7.55538 1911 -30.4395 -0.696316
7.55747 1915 -29.7054 -0.678815
7.55956 1919 -29.1242 -0.664840
7.56216 1924 -29.4989 -0.672517
7.56424 1928 -29.3182 -0.667703
7.56631 1932 -29.0934 -0.661898
7.56890 1937 -29.0459 -0.659963
7.57096 1941 -29.5072 -0.669753
7.57302 1945 -28.7420 -0.651714
7.57558 1950 -28.2771 -0.640350
7.57763 1954 -28.4026 -0.642533
7.58019 1959 -27.8891 -0.630112
7.58223 1963 -27.3508 -0.617318
7.58426 1967 -27.9104 -0.629308
7.58680 1972 -28.0465 -0.631575
7.58883 1976 -28.6628 -0.644801
7.59136 1981 -28.9681 -0.650844
7.59337 1985 -29.3541 -0.658853
7.59589 1990 -29.8005 -0.668031
7.59790 1994 -30.4700 -0.682355
7.60040 1999 -29.0367 -0.649443
7.60240 2003 -28.9430 -0.646701
7.60489 2008 -29.0028 -0.647229
7.60688 2012 -28.5697 -0.636931
7.60937 2017 -27.6516 -0.615697
7.61135 2021 -27.9446 -0.621604
7.61382 2026 -28.1066 -0.624436
7.61579 2030 -29.3854 -0.652204
7.61825 2035 -29.1850 -0.646961
7.62071 2040 -29.6118 -0.655616
7.62266 2044 -28.9902 -0.641225
7.62511 2049 -29.0874 -0.642590
7.62706 2053 -28.6054 -0.631326
7.62949 2058 -28.5463 -0.629255
7.63192 2063 -28.4724 -0.626865
7.63385 2067 -28.0925 -0.617903
7.63627 2072 -27.6387 -0.607188
7.63868 2077 -27.8273 -0.610595
7.64060 2081 -28.1447 -0.616964
7.64300 2086 -28.5794 -0.625742
7.64540 2091 -29.0046 -0.634293
7.64731 2095 -28.6993 -0.627018
7.64969 2100 -29.1812 -0.636786
7.65207 2105 -29.6438 -0.646112
7.65444 2110 -31.4424 -0.684501
7.65634 2114 -31.2818 -0.680361
7.65870 2119 -32.3144 -0.701989
7.66106 2124 -31.2059 -0.677110
7.66341 2129 -30.3711 -0.658222
7.66528 2133 -29.6016 -0.640943
7.66763 2138 -29.7945 -0.644366
7.66996 2143 -29.3549 -0.634116
7.67229 2148 -29.8694 -0.644481
7.67462 2153 -28.6662 -0.617799
7.67694 2158 -28.4545 -0.612527
7.67879 2162 -28.7028 -0.617300
7.68110 2167 -28.0136 -0.601783
7.68340 2172 -28.6181 -0.614060
7.68570 2177 -28.6519 -0.614079
7.68800 2182 -28.7588 -0.615664
7.69029 2187 -27.6384 -0.591002
7.69257 2192 -28.8664 -0.616556
7.69485 2197 -28.0743 -0.598955
7.69712 2202 -28.5838 -0.609132
7.69939 2207 -28.4702 -0.606024
7.70165 2212 -28.7900 -0.612137
7.70391 2217 -29.0517 -0.617005
7.70616 2222 -29.3543 -0.622731
7.70841 2227 -29.4866 -0.624835
7.71065 2232 -29.2102 -0.618283
7.71289 2237 -28.6791 -0.606363
7.71512 2242 -28.4933 -0.601762
7.71735 2247 -28.5091 -0.601425
7.71957 2252 -28.3536 -0.597481
7.72179 2257 -28.2604 -0.594857
7.72400 2262 -28.7143 -0.603743
7.72621 2267 -28.4202 -0.596900
7.72842 2272 -29.0694 -0.609863
7.73061 2277 -28.6840 -0.601116
7.73281 2282 -30.1016 -0.630133
7.73543 2288 -31.0949 -0.650071
7.73762 2293 -30.0544 -0.627634
7.73979 2298 -29.5379 -0.616176
7.74197 2303 -29.5155 -0.615040
7.74414 2308 -29.9552 -0.623526
7.74630 2313 -29.1450 -0.606004
7.74889 2319 -29.9040 -0.620982
7.75105 2324 -29.6738 -0.615538
7.75319 2329 -30.0614 -0.622909
7.75534 2334 -29.6341 -0.613396
7.75791 2340 -29.2434 -0.604532
7.76004 2345 -29.4873 -0.608925
7.76217 2350 -29.6936 -0.612533
7.76430 2355 -29.3287 -0.604362
7.76684 2361 -30.2550 -0.622658
7.76896 2366 -29.9140 -0.614990
7.77107 2371 -29.8893 -0.613833
7.77359 2377 -29.7433 -0.610062
7.77570 2382 -30.3671 -0.622203
7.77779 2387 -30.9520 -0.633523
7.78030 2393 -30.1694 -0.616730
7.78239 2398 -30.1350 -0.615386
7.78489 2404 -29.6548 -0.604822
7.78697 2409 -29.5891 -0.602855
7.78904 2414 -29.4467 -0.599332
7.79152 2420 -28.3669 -0.576640
7.79359 2425 -27.6729 -0.561952
7.79606 2431 -27.4129 -0.555985
7.79811 2436 -27.0862 -0.548793
7.80057 2442 -27.0530 -0.547448
7.80262 2447 -26.2571 -0.530798
7.80507 2453 -26.3664 -0.532357
7.80710 2458 -27.1244 -0.547104
7.80954 2464 -27.6101 -0.556221
7.81157 2469 -28.6603 -0.576793
7.81400 2475 -27.1785 -0.546309
7.81642 2481 -26.4820 -0.531663
7.81843 2486 -26.3511 -0.528504
7.82084 2492 -25.6056 -0.512933
7.82285 2497 -26.1044 -0.522402
7.82525 2503 -25.0925 -0.501549
7.82764 2509 -24.9742 -0.498588
7.82963 2514 -25.4894 -0.508367
7.83201 2520 -25.1297 -0.500596
7.83439 2526 -25.4773 -0.506917
7.83637 2531 -24.8394 -0.493736
7.83874 2537 -24.5135 -0.486683
7.84110 2543 -24.9132 -0.494034
7.84306 2548 -24.7679 -0.490669
7.84542 2554 -25.6273 -0.507098
7.84776 2560 -25.7026 -0.507991
7.85010 2566 -24.8638 -0.490839
7.85205 2571 -25.3523 -0.499996
7.85438 2577 -24.8590 -0.489695
7.85671 2583 -24.8807 -0.489554
7.85903 2589 -24.5169 -0.481836
7.86134 2595 -24.7491 -0.485836
7.86365 2601 -24.7545 -0.485383
7.86557 2606 -25.9592 -0.508516
7.86787 2612 -25.5449 -0.499824
7.87017 2618 -24.6083 -0.480946
7.87246 2624 -25.2144 -0.492228
7.87474 2630 -25.6744 -0.500636
7.87702 2636 -25.8424 -0.503339
7.87929 2642 -26.1889 -0.509507
7.88156 2648 -25.7779 -0.500943
7.88382 2654 -25.7768 -0.500355
7.88608 2660 -26.0428 -0.504948
7.88833 2666 -25.7414 -0.498543
7.89058 2672 -25.0953 -0.485484
7.89283 2678 -26.1865 -0.506025
7.89506 2684 -26.4351 -0.510258
7.89730 2690 -27.0031 -0.520640
7.89952 2696 -27.2403 -0.524629
7.90175 2702 -26.6473 -0.512637
7.90397 2708 -27.4734 -0.527944
7.90618 2714 -27.3994 -0.525940
7.90839 2720 -27.0330 -0.518333
7.91059 2726 -26.0931 -0.499761
7.91279 2732 -26.0523 -0.498431
7.91535 2739 -26.2005 -0.500626
7.91754 2745 -25.9604 -0.495495
7.91972 2751 -27.2104 -0.518788
7.92190 2757 -26.5372 -0.505401
7.92407 2763 -26.6026 -0.506097
7.92660 2770 -27.9818 -0.531662
7.92877 2776 -28.1030 -0.533387
7.93093 2782 -27.9058 -0.529073
7.93308 2788 -27.6963 -0.524536
7.93559 2795 -28.0704 -0.530956
7.93773 2801 -27.4200 -0.518097
7.93987 2807 -27.7389 -0.523561
7.94236 2814 -28.2788 -0.533089
7.94449 2820 -28.9045 -0.544303
7.94662 2826 -27.6794 -0.520679
7.94909 2833 -27.5601 -0.517794
7.95121 2839 -27.8218 -0.522159
7.95332 2845 -27.8133 -0.521449
7.95578 2852 -28.0252 -0.524775
7.95788 2858 -28.9962 -0.542387
7.96032 2865 -28.9736 -0.541303
7.96242 2871 -29.6663 -0.553665
7.96485 2878 -31.2441 -0.582402
7.96693 2884 -31.0669 -0.578496
7.96936 2891 -31.5249 -0.586314
7.97143 2897 -31.2440 -0.580487
7.97384 2904 -32.3749 -0.600773
7.97591 2910 -31.8554 -0.590523
7.97831 2917 -31.8533 -0.589774
7.98037 2923 -31.7230 -0.586760
7.98276 2930 -32.7940 -0.605843
7.98480 2936 -31.2000 -0.575807
7.98718 2943 -30.3001 -0.558534
7.98956 2950 -31.8631 -0.586647
7.99159 2956 -32.0000 -0.588569
7.99396 2963 -31.5119 -0.578907
7.99632 2970 -31.1101 -0.570852
7.99834 2976 -31.3415 -0.574517
8.00068 2983 -30.8619 -0.565062
8.00303 2990 -30.9760 -0.566487
8.00503 2996 -28.7936 -0.526047
8.00737 3003 -28.5642 -0.521248
8.00970 3010 -28.9831 -0.528277
8.01202 3017 -27.5917 -0.502333
8.01434 3024 -26.9972 -0.490939
8.01632 3030 -27.0750 -0.491867
8.01863 3037 -26.5592 -0.481939
8.02093 3044 -27.0489 -0.490261
8.02322 3051 -25.9606 -0.469995
8.02552 3058 -26.2121 -0.474005
8.02780 3065 -26.6080 -0.480616
8.03008 3072 -26.9640 -0.486489
8.03204 3078 -26.4965 -0.477588
8.03431 3085 -27.3063 -0.491626
8.03657 3092 -28.9119 -0.519944
8.03883 3099 -30.7021 -0.551515
8.04109 3106 -31.4933 -0.565090
8.04334 3113 -31.8523 -0.570888
8.04559 3120 -32.3943 -0.579952
8.04783 3127 -32.8309 -0.587110
8.05007 3134 -33.0947 -0.591166
8.05230 3141 -33.0147 -0.589079
8.05452 3148 -33.3790 -0.594917
8.05706 3156 -34.6855 -0.617419
8.05928 3163 -35.2532 -0.626829
8.06149 3170 -36.6675 -0.651256
8.06369 3177 -34.7306 -0.616175
8.06589 3184 -36.0615 -0.639082
8.06809 3191 -36.8909 -0.653065
8.07028 3198 -37.3909 -0.661190
8.07278 3206 -36.5570 -0.645638
8.07496 3213 -35.3893 -0.624333
8.07714 3220 -35.2068 -0.620438
8.07931 3227 -35.2731 -0.620933
8.08178 3235 -35.0413 -0.616089
8.08395 3242 -35.6592 -0.626276
8.08610 3249 -35.8469 -0.628894
8.08856 3257 -35.0271 -0.613756
8.09071 3264 -33.9161 -0.593650
8.09285 3271 -34.2834 -0.599437
8.09529 3279 -34.4258 -0.601193
8.09743 3286 -33.6779 -0.587505
8.09955 3293 -32.6503 -0.568973
8.10198 3301 -32.0052 -0.557054
8.10410 3308 -32.1509 -0.558998
8.10651 3316 -30.9917 -0.538193
8.10862 3323 -30.6552 -0.531788
8.11103 3331 -30.9650 -0.536517
8.11313 3338 -31.5637 -0.546317
8.11552 3346 -30.0026 -0.518675
8.11761 3353 -29.4641 -0.508834
8.11999 3361 -29.6134 -0.510804
8.12207 3368 -30.4367 -0.524459
8.12445 3376 -30.1125 -0.518258
8.12652 3383 -29.8340 -0.512933
8.12888 3391 -29.2252 -0.501872
8.13124 3399 -28.5831 -0.490268
8.13329 3406 -29.0371 -0.497543
8.13564 3414 -30.0035 -0.513499
8.13798 3422 -30.8685 -0.527686
8.14002 3429 -29.7753 -0.508478
8.14235 3437 -30.2796 -0.516488
8.14468 3445 -30.9504 -0.527317
8.14700 3453 -30.4962 -0.518977
8.14902 3460 -30.3829 -0.516524
8.15133 3468 -29.0072 -0.492568
8.15364 3476 -27.9041 -0.473290
8.15594 3484 -27.2698 -0.462000
8.15823 3492 -27.7786 -0.470081
8.16052 3500 -29.3156 -0.495525
8.16252 3507 -30.5497 -0.515869
8.16479 3515 -31.2844 -0.527674
8.16707 3523 -30.5757 -0.515134
8.16934 3531 -29.9069 -0.503294
8.17160 3539 -29.8452 -0.501689
8.17386 3547 -30.5230 -0.512504
8.17611 3555 -30.2007 -0.506521
8.17836 3563 -30.1664 -0.505377
8.18060 3571 -30.0129 -0.502241
8.18284 3579 -31.0646 -0.519260
8.18507 3587 -31.4145 -0.524524
8.18730 3595 -32.4038 -0.540438
8.18952 3603 -32.8441 -0.547174
8.19202 3612 -32.3844 -0.538843
8.19423 3620 -33.5641 -0.557854
8.19644 3628 -32.1738 -0.534156
8.19864 3636 -30.8292 -0.511269
8.20084 3644 -30.0241 -0.497371
8.20303 3652 -29.9182 -0.495074
8.20549 3661 -29.6056 -0.489298
8.20767 3669 -29.2168 -0.482346
8.20985 3677 -29.9915 -0.494597
8.21203 3685 -30.7175 -0.506020
8.21447 3694 -30.5728 -0.503021
8.21663 3702 -30.1652 -0.495779
8.21879 3710 -30.7036 -0.504084
8.22121 3719 -29.7846 -0.488403
8.22336 3727 -29.2823 -0.479651
8.22550 3735 -29.2174 -0.478075
8.22791 3744 -29.6769 -0.485009
8.23004 3752 -28.8814 -0.471505
8.23244 3761 -29.9375 -0.488162
8.23456 3769 -29.6485 -0.482936
8.23695 3778 -29.1716 -0.474602
8.23907 3786 -29.9382 -0.486558
8.24144 3795 -30.3199 -0.492177
8.24355 3803 -30.1883 -0.489526
8.24591 3812 -28.3946 -0.459896
8.24801 3820 -28.7687 -0.465467
8.25036 3829 -28.5361 -0.461160
8.25271 3838 -27.9068 -0.450461
8.25479 3846 -28.2790 -0.455995
8.25713 3855 -28.3770 -0.457039
8.25946 3864 -27.8619 -0.448221
8.26153 3872 -27.7869 -0.446553
8.26385 3881 -26.7599 -0.429550
8.26616 3890 -27.1138 -0.434725
8.26848 3899 -26.4175 -0.423073
8.27053 3907 -26.4675 -0.423440
8.27283 3916 -27.4496 -0.438647
8.27512 3925 -28.7168 -0.458370
8.27741 3934 -29.2083 -0.465681
8.27970 3943 -29.1425 -0.464102
8.28198 3952 -29.1714 -0.464032
8.28400 3960 -28.9139 -0.459472
8.28627 3969 -30.1307 -0.478265
8.28853 3978 -29.8631 -0.473481
8.29079 3987 -29.7876 -0.471751
8.29305 3996 -30.2917 -0.479193
8.29530 4005 -31.1743 -0.492602
8.29754 4014 -31.0943 -0.490786
8.29978 4023 -30.5158 -0.481115
8.30202 4032 -31.3172 -0.493200
8.30425 4041 -31.0847 -0.488993
8.30672 4051 -31.0365 -0.487631
8.30894 4060 -31.4810 -0.494067
8.31115 4069 -30.7224 -0.481628
8.31336 4078 -31.2169 -0.488839
8.31557 4087 -31.7818 -0.497137
8.31777 4096 -32.3241 -0.505064
8.32020 4106 -32.6783 -0.509976
8.32239 4115 -33.0396 -0.515051
8.32458 4124 -33.2269 -0.517405
8.32676 4133 -32.5228 -0.505888
8.32918 4143 -33.7069 -0.523674
8.33135 4152 -34.2400 -0.531379
8.33351 4161 -32.6129 -0.505582
8.33591 4171 -33.7829 -0.523090
8.33807 4180 -34.9817 -0.541069
8.34046 4190 -34.2439 -0.529024
8.34260 4199 -33.4363 -0.515995
8.34474 4208 -32.9266 -0.507585
8.34712 4218 -31.4151 -0.483710
8.34925 4227 -31.0790 -0.478026
8.35161 4237 -30.6076 -0.470219
8.35397 4247 -30.6884 -0.470905
8.35609 4256 -30.9039 -0.473710
8.35843 4266 -30.8379 -0.472144
8.36054 4275 -30.5483 -0.467218
8.36288 4285 -30.5512 -0.466716
8.36521 4295 -30.1755 -0.460440
8.36730 4304 -31.0043 -0.472592
8.36962 4314 -31.3973 -0.478026
8.37194 4324 -32.4858 -0.494026
8.37402 4333 -32.9336 -0.500316
8.37632 4343 -32.1724 -0.488190
8.37862 4353 -32.9172 -0.498918
8.38092 4363 -33.1596 -0.502014
8.38320 4373 -32.2602 -0.487840
8.38526 4382 -32.4711 -0.490525
8.38754 4392 -32.2300 -0.486328
8.38981 4402 -33.1679 -0.499911
8.39208 4412 -33.3171 -0.501590
8.39435 4422 -33.1895 -0.499104
8.39661 4432 -35.0046 -0.525805
8.39886 4442 -34.3997 -0.516138
8.40111 4452 -33.1876 -0.497391
8.40335 4462 -32.5037 -0.486595
8.40559 4472 -31.8127 -0.475719
8.40782 4482 -30.8178 -0.460327
8.41005 4492 -32.3282 -0.482349
8.41228 4502 -31.7372 -0.473006
8.41450 4512 -30.1806 -0.449307
8.41693 4523 -31.2861 -0.465198
8.41914 4533 -30.8188 -0.457744
8.42134 4543 -31.9016 -0.473304
8.42354 4553 -32.3176 -0.478951
8.42574 4563 -32.1136 -0.475404
8.42814 4574 -33.8109 -0.499929
8.43033 4584 -33.6470 -0.496963
8.43251 4594 -32.8209 -0.484234
8.43490 4605 -32.0882 -0.472857
8.43707 4615 -31.5662 -0.464662
8.43923 4625 -31.2236 -0.459121
8.44161 4636 -31.3843 -0.460936
8.44376 4646 -30.9640 -0.454274
8.44613 4657 -31.1251 -0.456097
8.44827 4667 -31.3231 -0.458506
8.45063 4678 -30.3452 -0.443670
8.45276 4688 -29.2271 -0.426866
8.45510 4699 -28.9795 -0.422755
8.45723 4709 -30.1149 -0.438852
8.45956 4720 -31.9012 -0.464340
8.46189 4731 -32.1471 -0.467374
8.46400 4741 -31.9054 -0.463371
8.46632 4752 -31.3821 -0.455244
8.46863 4763 -30.7727 -0.445888
8.47073 4773 -29.7751 -0.430981
8.47303 4784 -29.2175 -0.422423
8.47533 4795 -28.4536 -0.410907
8.47762 4806 -28.0327 -0.404365
8.47991 4817 -28.6639 -0.412997
8.48198 4827 -28.4947 -0.410133
8.48426 4838 -31.0431 -0.446305
8.48653 4849 -31.6264 -0.454176
8.48879 4860 -29.6620 -0.425483
8.49105 4871 -29.2709 -0.419399
8.49331 4882 -29.7742 -0.426129
8.49556 4893 -30.4894 -0.435874
8.49781 4904 -31.5549 -0.450600
8.50005 4915 -31.8365 -0.454113
8.50228 4926 -32.8965 -0.468708
8.50451 4937 -33.4651 -0.476278
8.50674 4948 -33.8054 -0.480586
8.50916 4960 -34.0925 -0.484081
8.51138 4971 -33.6023 -0.476593
8.51359 4982 -34.8189 -0.493302
8.51579 4993 -34.4751 -0.487893
8.51799 5004 -34.6287 -0.489528
8.52039 5016 -35.9513 -0.507616
8.52258 5027 -36.3115 -0.512141
8.52476 5038 -36.2475 -0.510681
8.52714 5050 -37.2296 -0.523894
8.52932 5061 -38.2663 -0.537896
8.53149 5072 -37.8335 -0.531235
8.53385 5084 -37.9313 -0.531980
8.53601 5095 -37.9038 -0.531020
8.53837 5107 -36.0561 -0.504540
8.54052 5118 -35.9324 -0.502268
8.54286 5130 -35.7556 -0.499212
8.54500 5141 -34.5296 -0.481580
8.54733 5153 -33.6298 -0.468484
8.54947 5164 -34.1424 -0.475117
8.55179 5176 -34.1105 -0.474123
8.55410 5188 -35.5069 -0.492961
8.55622 5199 -35.0127 -0.485585
8.55853 5211 -34.3550 -0.475914
8.56083 5223 -35.5073 -0.491312
8.56312 5235 -35.6556 -0.492798
8.56522 5246 -35.9169 -0.495889
8.56751 5258 -37.7947 -0.521220
8.56979 5270 -38.7445 -0.533710
8.57206 5282 -35.5149 -0.488666
8.57433 5294 -35.1354 -0.482895
8.57659 5306 -37.7412 -0.518122
8.57885 5318 -36.8229 -0.504945
8.58111 5330 -37.0280 -0.507186
8.58336 5342 -37.1695 -0.508551
8.58560 5354 -36.9705 -0.505261
8.58784 5366 -36.3990 -0.496894
8.59007 5378 -35.2180 -0.480235
8.59230 5390 -35.4175 -0.482417
8.59452 5402 -34.4345 -0.468508
8.59674 5414 -34.2933 -0.466068
8.59896 5426 -34.1389 -0.463457
8.60135 5439 -35.1566 -0.476702
8.60355 5451 -34.4270 -0.466296
8.60575 5463 -33.5875 -0.454425
8.60795 5475 -34.5152 -0.466464
8.61032 5488 -35.0023 -0.472487
8.61250 5500 -34.9953 -0.471876
8.61486 5513 -35.8608 -0.482977
8.61704 5525 -36.4588 -0.490497
8.61921 5537 -36.1883 -0.486330
8.62155 5550 -36.2641 -0.486778
8.62371 5562 -35.2034 -0.472029
8.62605 5575 -35.9066 -0.480897
8.62820 5587 -35.7636 -0.478467
8.63052 5600 -36.8215 -0.492048
8.63284 5613 -34.9355 -0.466304
8.63498 5625 -35.1706 -0.468941
8.63728 5638 -35.4584 -0.472233
8.63959 5651 -36.7134 -0.488384
8.64171 5663 -34.7987 -0.462423
8.64400 5676 -34.5725 -0.458890
8.64629 5689 -35.6634 -0.472830
8.64857 5702 -36.1438 -0.478652
8.65085 5715 -36.5209 -0.483096
8.65295 5727 -35.5091 -0.469220
8.65521 5740 -35.5441 -0.469150
8.65748 5753 -33.5188 -0.441917
8.65973 5766 -33.6950 -0.443739
8.66199 5779 -32.7909 -0.431347
8.66423 5792 -32.7661 -0.430537
8.66647 5805 -31.9491 -0.419332
8.66871 5818 -34.1161 -0.447273
8.67094 5831 -34.1117 -0.446716
8.67334 5845 -34.3823 -0.449720
8.67556 5858 -35.5329 -0.464254
8.67778 5871 -34.7432 -0.453434
8.67999 5884 -33.5490 -0.437365
8.68220 5897 -33.0858 -0.430850
8.68457 5911 -32.5388 -0.423225
8.68677 5924 -32.8037 -0.426202
8.68896 5937 -32.6705 -0.424006
8.69131 5951 -33.3996 -0.432958
8.69350 5964 -32.0352 -0.414819
8.69584 5978 -32.0020 -0.413904
8.69801 5991 -32.3285 -0.417673
8.70018 6004 -33.1019 -0.427201
8.70251 6018 -31.5657 -0.406902
8.70483 6032 -32.0803 -0.413055
8.70699 6045 -31.6153 -0.406629
8.70930 6059 -32.9342 -0.423104
8.71144 6072 -33.1629 -0.425585
8.71375 6086 -32.8781 -0.421444
8.71604 6100 -32.3610 -0.414340
8.71817 6113 -32.1566 -0.411285
8.72046 6127 -31.5387 -0.402921
8.72274 6141 -31.3339 -0.399848
8.72502 6155 -29.5347 -0.376459
8.72729 6169 -30.3442 -0.386339
8.72956 6183 -29.8798 -0.379995
8.73182 6197 -30.1812 -0.383395
8.73408 6211 -29.2371 -0.370982
8.73617 6224 -29.7749 -0.377412
8.73858 6239 -30.1126 -0.381234
8.74082 6253 -30.0932 -0.380561
8.74305 6267 -28.9848 -0.366134
8.74528 6281 -28.4633 -0.359146
8.74751 6295 -26.9570 -0.339761
8.74973 6309 -24.9994 -0.314738
8.75195 6323 -24.9419 -0.313667
8.75432 6338 -25.5285 -0.320663
8.75653 6352 -26.2711 -0.329627
8.75873 6366 -24.8242 -0.311130
8.76092 6380 -25.3881 -0.317848
8.76327 6395 -24.8806 -0.311129
8.76546 6409 -26.2857 -0.328340
8.76780 6424 -26.7184 -0.333355
8.76997 6438 -27.3232 -0.340530
8.77230 6453 -27.5947 -0.343514
8.77447 6467 -29.5245 -0.367140
8.77678 6482 -28.4962 -0.353942
8.77894 6496 -29.7755 -0.369433
8.78125 6511 -29.6304 -0.367209
8.78355 6526 -30.8794 -0.382248
8.78569 6540 -30.3043 -0.374728
8.78798 6555 -30.4047 -0.375539
8.79027 6570 -30.4941 -0.376213
8.79255 6585 -30.0308 -0.370074
8.79467 6599 -29.8781 -0.367801
8.79694 6614 -30.0672 -0.369709
8.79921 6629 -29.9945 -0.368399
8.80147 6644 -29.4622 -0.361452
8.80372 6659 -28.5228 -0.349533
8.80597 6674 -29.7117 -0.363692
8.80822 6689 -29.9877 -0.366660
8.81046 6704 -31.1707 -0.380697
8.81269 6719 -30.7992 -0.375740
8.81492 6734 -31.9569 -0.389429
8.81730 6750 -31.4978 -0.383379
8.81952 6765 -31.6195 -0.384433
8.82173 6780 -32.2781 -0.392006
8.82394 6795 -32.8116 -0.398045
8.82629 6811 -34.3992 -0.416814
8.82849 6826 -35.6885 -0.431962
8.83069 6841 -34.5694 -0.417958
8.83303 6857 -33.8713 -0.409039
8.83521 6872 -35.6608 -0.430180
8.83754 6888 -34.9473 -0.421083
8.83971 6903 -35.0692 -0.422091
8.84203 6919 -35.4389 -0.426048
8.84419 6934 -35.2819 -0.423701
8.84650 6950 -35.2705 -0.423077
8.84865 6965 -33.7525 -0.404432
8.85095 6981 -35.9693 -0.430500
8.85324 6997 -34.5777 -0.413372
8.85552 7013 -33.6914 -0.402316
8.85766 7028 -33.4105 -0.398535
8.85993 7044 -32.8641 -0.391572
8.86220 7060 -34.1816 -0.406808
8.86446 7076 -34.7798 -0.413460
8.86672 7092 -35.5323 -0.421929
8.86898 7108 -36.2777 -0.430294
8.87122 7124 -36.0455 -0.427060
8.87347 7140 -35.5538 -0.420762
8.87571 7156 -37.2886 -0.440799
8.87794 7172 -36.2587 -0.428147
8.88017 7188 -35.3554 -0.417015
8.88239 7204 -34.3932 -0.405215
8.88475 7221 -32.2716 -0.379771
8.88696 7237 -31.6776 -0.372369
8.88917 7253 -33.0027 -0.387517
8.89151 7270 -33.7504 -0.395833
8.89371 7286 -35.8596 -0.420108
8.89590 7302 -35.3863 -0.414108
8.89823 7319 -36.1551 -0.422614
8.90041 7335 -38.9677 -0.454993
8.90273 7352 -36.8315 -0.429553
8.90490 7368 -37.2499 -0.433961
8.90721 7385 -37.8926 -0.440939
8.90951 7402 -38.0526 -0.442292
8.91166 7418 -38.1376 -0.442802
8.91395 7435 -37.6202 -0.436295
8.91624 7452 -37.6781 -0.436468
8.91838 7468 -38.8950 -0.450082
8.92066 7485 -37.7615 -0.436469
8.92292 7502 -37.9166 -0.437765
8.92519 7519 -38.4196 -0.443070
8.92745 7536 -37.5429 -0.432471
8.92970 7553 -36.7256 -0.422581
8.93195 7570 -37.9704 -0.436413
8.93419 7587 -36.8293 -0.422823
8.93643 7604 -38.0689 -0.436565
8.93866 7621 -37.0203 -0.424067
8.94089 7638 -36.2451 -0.414725
8.94324 7656 -36.6363 -0.418708
8.94546 7673 -37.1786 -0.424434
8.94768 7690 -38.1640 -0.435202
8.94988 7707 -38.8499 -0.442535
8.95222 7725 -39.1650 -0.445604
8.95442 7742 -40.4158 -0.459330
8.95674 7760 -41.4900 -0.470991
8.95893 7777 -41.8181 -0.474197
8.96124 7795 -42.1758 -0.477700
8.96342 7812 -40.3608 -0.456645
8.96572 7830 -38.9137 -0.439766
8.96789 7847 -39.1185 -0.441601
8.97018 7865 -38.0626 -0.429189
8.97246 7883 -36.8305 -0.414822
8.97462 7900 -36.2843 -0.408231
8.97689 7918 -36.5808 -0.411098
8.97916 7936 -36.3212 -0.407718
8.98143 7954 -36.7397 -0.411948
8.98369 7972 -38.0613 -0.426285
8.98595 7990 -36.6631 -0.410163
8.98820 8008 -36.4224 -0.407012
8.99044 8026 -37.1770 -0.414978
8.99268 8044 -36.4152 -0.406019
8.99492 8062 -37.3755 -0.416261
8.99715 8080 -37.0383 -0.412046
8.99937 8098 -37.0440 -0.411651
9.00172 8117 -37.0248 -0.410955
9.00393 8135 -38.6816 -0.428870
9.00614 8153 -38.5065 -0.426457
9.00847 8172 -37.2023 -0.411534
9.01067 8190 -36.9503 -0.408296
9.01286 8208 -38.3052 -0.422804
9.01518 8227 -36.6005 -0.403521
9.01736 8245 -35.7073 -0.393243
9.01966 8264 -36.5771 -0.402360
9.02196 8283 -35.2165 -0.386948
9.02413 8301 -35.2755 -0.387175
9.02642 8320 -36.6563 -0.401871
9.02870 8339 -34.8266 -0.381377
9.03085 8357 -34.0345 -0.372301
9.03313 8376 -33.0133 -0.360721
9.03539 8395 -32.0098 -0.349360
9.03765 8414 -33.0316 -0.360104
9.03991 8433 -32.0195 -0.348677
9.04216 8452 -32.2755 -0.351070
9.04440 8471 -32.2827 -0.350754
9.04664 8490 -33.3490 -0.361934
9.04888 8509 -32.2436 -0.349546
9.05111 8528 -32.3590 -0.350406
9.05345 8548 -34.1329 -0.369183
9.05567 8567 -33.6857 -0.363941
9.05789 8586 -36.1244 -0.389856
9.06010 8605 -34.7380 -0.374481
9.06242 8625 -34.2855 -0.369174
9.06462 8644 -32.3769 -0.348240
9.06693 8664 -32.1291 -0.345175
9.06912 8683 -32.6826 -0.350737
9.07142 8703 -32.3336 -0.346593
9.07360 8722 -32.4287 -0.347234
9.07589 8742 -35.4656 -0.379317
9.07818 8762 -39.1763 -0.418525
9.08035 8781 -39.2311 -0.418657
9.08262 8801 -39.4243 -0.420241
9.08489 8821 -38.4587 -0.409483
9.08716 8841 -41.5470 -0.441865
9.08941 8861 -40.5890 -0.431188
9.09167 8881 -39.6817 -0.421075
9.09392 8901 -38.8959 -0.412273
9.09616 8921 -38.9573 -0.412460
9.09840 8941 -40.0999 -0.424082
9.10064 8961 -40.0928 -0.423534
9.10287 8981 -39.2714 -0.414395
9.10509 9001 -39.0073 -0.411150
9.10742 9022 -40.0292 -0.421430
9.10964 9042 -39.0126 -0.410273
9.11185 9062 -38.6855 -0.406384
9.11416 9083 -40.6072 -0.426078
9.11636 9103 -38.9694 -0.408443
9.11866 9124 -39.5252 -0.413791
9.12085 9144 -38.5439 -0.403076
9.12315 9165 -39.9596 -0.417403
9.12533 9185 -42.4154 -0.442572
9.12761 9206 -40.8332 -0.425577
9.12989 9227 -41.3693 -0.430673
9.13216 9248 -42.6639 -0.443647
9.13443 9269 -40.8962 -0.424782
9.13659 9289 -39.9681 -0.414695
9.13884 9310 -39.4277 -0.408627
9.14110 9331 -37.4279 -0.387464
9.14335 9352 -39.0087 -0.403375
9.14559 9373 -39.0068 -0.402904
9.14783 9394 -39.2396 -0.404855
9.15017 9416 -39.9968 -0.412184
9.15239 9437 -40.1528 -0.413331
9.15462 9458 -39.6935 -0.408150
9.15683 9479 -39.4075 -0.404760
9.15915 9501 -39.5165 -0.405409
9.16136 9522 -37.9820 -0.389236
9.16367 9544 -38.4819 -0.393905
9.16587 9565 -36.1318 -0.369442
9.16816 9587 -35.8833 -0.366481
9.17035 9608 -36.2103 -0.369416
9.17264 9630 -34.3843 -0.350386
9.17482 9651 -35.2764 -0.359086
9.17709 9673 -35.4464 -0.360406
9.17937 9695 -34.0377 -0.345690
9.18163 9717 -34.6657 -0.351669
9.18389 9739 -35.7480 -0.362239
9.18615 9761 -35.9205 -0.363576
9.18840 9783 -34.9692 -0.353549
9.19065 9805 -34.9462 -0.352920
9.19289 9827 -34.1787 -0.344782
9.19513 9849 -34.9499 -0.352168
9.19736 9871 -34.2353 -0.344583
9.19958 9893 -35.3918 -0.355827
9.20190 9916 -37.1582 -0.373153
9.20412 9938 -36.1480 -0.362606
9.20633 9960 -35.4272 -0.354983
9.20864 9983 -34.2947 -0.343239
9.21084 10005 -36.7567 -0.367475
9.21314 10028 -36.9046 -0.368530
9.21533 10050 -35.0236 -0.349364
9.21761 10073 -34.7990 -0.346726
9.21989 10096 -34.6816 -0.345163
9.22207 10118 -34.1887 -0.339888
9.22434 10141 -34.1415 -0.339033
9.22661 10164 -35.0559 -0.347720
9.22887 10187 -34.5503 -0.342317
9.23112 10210 -36.8183 -0.364377
9.23337 10233 -34.5157 -0.341204
9.23562 10256 -33.6328 -0.332104
9.23786 10279 -32.2232 -0.317829
9.24009 10302 -31.6867 -0.312188
9.24232 10325 -30.4492 -0.299661
9.24455 10348 -30.7758 -0.302539
9.24687 10372 -30.8196 -0.302619
9.24908 10395 -32.4814 -0.318583
9.25139 10419 -33.2194 -0.325446
9.25359 10442 -31.6503 -0.309732
9.25579 10465 -32.2040 -0.314804
9.25808 10489 -32.5403 -0.317728
9.26037 10513 -31.2568 -0.304846
9.26255 10536 -30.7861 -0.299928
9.26483 10560 -32.5556 -0.316807
9.26710 10584 -30.6940 -0.298352
9.26936 10608 -29.6933 -0.288298
9.27162 10632 -29.7500 -0.288522
9.27388 10656 -29.3579 -0.284399
9.27613 10680 -28.6862 -0.277579
9.27837 10704 -29.1598 -0.281846
9.28061 10728 -30.6967 -0.296369
9.28285 10752 -32.1126 -0.309693
9.28508 10776 -32.1479 -0.309687
9.28730 10800 -33.4358 -0.321736
9.28961 10825 -34.9347 -0.335771
9.29183 10849 -34.2613 -0.328934
9.29404 10873 -34.1384 -0.327392
9.29633 10898 -37.7423 -0.361539
9.29853 10922 -37.9528 -0.363155
9.30082 10947 -37.8601 -0.361855
9.30310 10972 -38.5294 -0.367831
9.30529 10996 -40.2150 -0.383505
9.30756 11021 -40.0332 -0.381338
9.30982 11046 -39.4137 -0.375012
9.31208 11071 -39.2682 -0.373205
9.31434 11096 -39.8400 -0.378212
9.31659 11121 -40.5397 -0.384422
9.31884 11146 -41.0082 -0.388428
9.32108 11171 -39.3583 -0.372383
9.32331 11196 -37.9334 -0.358501
9.32554 11221 -37.1805 -0.350994
9.32786 11247 -36.3377 -0.342640
9.33008 11272 -33.9241 -0.319528
9.33229 11297 -33.3752 -0.314009
9.33459 11323 -31.6685 -0.297610
9.33680 11348 -31.0660 -0.291626
9.33909 11374 -31.0763 -0.291388
9.34128 11399 -31.0158 -0.290503
9.34356 11425 -31.7195 -0.296756
9.34583 11451 -30.5743 -0.285716
9.34810 11477 -30.0401 -0.280406
9.35028 11502 -33.3738 -0.311185
9.35253 11528 -35.1098 -0.327003
9.35479 11554 -32.8164 -0.305299
9.35703 11580 -31.9756 -0.297143
9.35928 11606 -33.6532 -0.312381
9.36152 11632 -36.0785 -0.334519
9.36383 11659 -34.7421 -0.321755
9.36606 11685 -35.5155 -0.328552
9.36828 11711 -35.8679 -0.331443
9.37059 11738 -34.8397 -0.321572
9.37280 11764 -31.9720 -0.294776
9.37509 11791 -33.6376 -0.309777
9.37729 11817 -32.9350 -0.302973
9.37958 11844 -32.4764 -0.298413
9.38177 11870 -33.6493 -0.308852
9.38404 11897 -33.0864 -0.303340
9.38631 11924 -34.4200 -0.315210
9.38857 11951 -35.1746 -0.321756
9.39083 11978 -37.1892 -0.339801
9.39308 12005 -36.2745 -0.331070
9.39533 12032 -38.0521 -0.346904
9.39757 12059 -37.7685 -0.343934
9.39980 12086 -37.7988 -0.343825
9.40203 12113 -37.3293 -0.339175
9.40426 12140 -36.7359 -0.333412
9.40656 12168 -35.6634 -0.323306
9.40878 12195 -36.4516 -0.330085
9.41107 12223 -38.6112 -0.349240
9.41328 12250 -38.7404 -0.350022
9.41556 12278 -40.2341 -0.363104
9.41776 12305 -39.7785 -0.358598
9.42003 12333 -40.5761 -0.365373
9.42230 12361 -40.6131 -0.365291
9.42456 12389 -40.2428 -0.361551
9.42682 12417 -41.5179 -0.372586
9.42899 12444 -43.4467 -0.389472
9.43124 12472 -44.0778 -0.394686
9.43356 12501 -44.5929 -0.398835
9.43580 12529 -43.8979 -0.392180
9.43803 12557 -45.4476 -0.405572
9.44026 12585 -45.2940 -0.403752
9.44256 12614 -46.7723 -0.416450
9.44478 12642 -47.5897 -0.423257
9.44699 12670 -49.0843 -0.436068
9.44928 12699 -47.3979 -0.420605
9.45156 12728 -48.9458 -0.433846
9.45376 12756 -49.0255 -0.434075
9.45603 12785 -47.8271 -0.422984
9.45829 12814 -48.2641 -0.426365
9.46055 12843 -49.3352 -0.435335
9.46273 12871 -46.9006 -0.413401
9.46498 12900 -48.5036 -0.427050
9.46731 12930 -47.1856 -0.414964
9.46955 12959 -47.5694 -0.417871
9.47178 12988 -45.6803 -0.400828
9.47401 13017 -44.6465 -0.391320
9.47624 13046 -44.4875 -0.389493
9.47853 13076 -44.6249 -0.390247
9.48075 13105 -44.7088 -0.390548
9.48304 13135 -44.5107 -0.388373
9.48524 13164 -42.1544 -0.367408
9.48752 13194 -41.8744 -0.364552
9.48979 13224 -40.9509 -0.356108
9.49198 13253 -41.4531 -0.360081
9.49424 13283 -40.3444 -0.350054
9.49650 13313 -42.2626 -0.366284
9.49875 13343 -41.8081 -0.361937
9.50099 13373 -43.3365 -0.374748
9.50323 13403 -43.5984 -0.376591
9.50547 13433 -43.9139 -0.378892
9.50777 13464 -43.5294 -0.375142
9.51000 13494 -42.8266 -0.368675
9.51222 13524 -41.6477 -0.358128
9.51451 13555 -43.8487 -0.376623
9.51672 13585 -45.7878 -0.392844
9.51900 13616 -43.4705 -0.372537
9.52127 13647 -43.0569 -0.368574
9.52347 13677 -42.4290 -0.362800
9.52573 13708 -42.2729 -0.361056
9.52799 13739 -43.4571 -0.370752
9.53025 13770 -43.3269 -0.369224
9.53250 13801 -42.5726 -0.362389
9.53474 13832 -43.5085 -0.369940
9.53698 13863 -41.7646 -0.354715
9.53921 13894 -42.0185 -0.356473
9.54151 13926 -40.8509 -0.346170
9.54374 13957 -40.5849 -0.343533
9.54603 13989 -38.8907 -0.328816
9.54824 14020 -38.4716 -0.324913
9.55052 14052 -38.7282 -0.326707
9.55272 14083 -38.0056 -0.320258
9.55499 14115 -37.2989 -0.313947
9.55726 14147 -36.3114 -0.305289
9.55952 14179 -36.7064 -0.308261
9.56177 14211 -38.1222 -0.319791
9.56402 14243 -41.3799 -0.346728
9.56627 14275 -40.3428 -0.337659
9.56850 14307 -41.0960 -0.343578
9.57074 14339 -40.8582 -0.341208
9.57297 14371 -40.6080 -0.338741
9.57526 14404 -40.0752 -0.333914
9.57748 14436 -40.7909 -0.339500
9.57976 14469 -40.7857 -0.339069
9.58197 14501 -36.8353 -0.305890
9.58425 14534 -37.1085 -0.307809
9.58645 14566 -37.3516 -0.309485
9.58871 14599 -34.0726 -0.281997
9.59097 14632 -34.0947 -0.281861
9.59322 14665 -32.0718 -0.264839
9.59547 14698 -31.7469 -0.261862
9.59771 14731 -32.8829 -0.270928
9.59995 14764 -33.7270 -0.277572
9.60225 14798 -31.9989 -0.263047
9.60447 14831 -32.9680 -0.270712
9.60670 14864 -34.0209 -0.279047
9.60898 14898 -35.7407 -0.292819
9.61119 14931 -36.0357 -0.294910
9.61347 14965 -34.3320 -0.280647
9.61574 14999 -33.7292 -0.275407
9.61794 15032 -35.3171 -0.288056
9.62020 15066 -36.2336 -0.295197
9.62245 15100 -39.8133 -0.323996
9.62470 15134 -38.9756 -0.316822
9.62694 15168 -42.9464 -0.348709
9.62918 15202 -39.1270 -0.317341
9.63148 15237 -38.9172 -0.315276
9.63371 15271 -38.6840 -0.313038
9.63593 15305 -38.2189 -0.308931
9.63822 15340 -40.4946 -0.326952
9.64043 15374 -37.8160 -0.304987
9.64271 15409 -34.5748 -0.278530
9.64498 15444 -34.2755 -0.275806
9.64724 15479 -33.0503 -0.265647
9.64943 15513 -35.5284 -0.285252
9.65169 15548 -35.2798 -0.282936
9.65394 15583 -33.8642 -0.271278
9.65618 15618 -34.5887 -0.276771
9.65848 15654 -36.2920 -0.290067
9.66072 15689 -34.6723 -0.276812
9.66294 15724 -33.6690 -0.268503
9.66523 15760 -33.3396 -0.265572
9.66745 15795 -33.8499 -0.269338
9.66973 15831 -34.4208 -0.273569
9.67193 15866 -33.3791 -0.264997
9.67420 15902 -31.9077 -0.253028
9.67646 15938 -31.7142 -0.251210
9.67872 15974 -32.0492 -0.253577
9.68097 16010 -31.9869 -0.252800
9.68321 16046 -33.7755 -0.266636
9.68546 16082 -35.8985 -0.283078
9.68769 16118 -36.3139 -0.286034
9.68992 16154 -39.6401 -0.311885
9.69221 16191 -35.9761 -0.282734
9.69443 16227 -34.1564 -0.268134
9.69671 16264 -33.7349 -0.264524
9.69892 16300 -35.9748 -0.281777
9.70119 16337 -37.6707 -0.294725
9.70345 16374 -37.6446 -0.294188
9.70571 16411 -38.7479 -0.302469
9.70796 16448 -37.3657 -0.291351
9.71021 16485 -38.1237 -0.296927
9.71245 16522 -35.6738 -0.277535
9.71469 16559 -35.4678 -0.275624
9.71692 16596 -34.8402 -0.270445
9.71920 16634 -35.1587 -0.272606
9.72143 16671 -36.4130 -0.282017
9.72370 16709 -36.2933 -0.280770
9.72591 16746 -37.0069 -0.285975
9.72818 16784 -39.5617 -0.305370
9.73044 16822 -40.0741 -0.308976
9.73270 16860 -40.0905 -0.308754
9.73495 16898 -40.0452 -0.308058
9.73720 16936 -39.7586 -0.305510
9.73944 16974 -43.7654 -0.335922
9.74167 17012 -42.7623 -0.327856
9.74391 17050 -46.8558 -0.358840
9.74619 17089 -40.5262 -0.310012
9.74841 17127 -39.7204 -0.303510
9.75069 17166 -39.3280 -0.300170
9.75290 17204 -37.8192 -0.288335
9.75516 17243 -37.5434 -0.285909
9.75742 17282 -37.7160 -0.286899
9.75967 17321 -37.6526 -0.286094
9.76192 17360 -36.5140 -0.277130
9.76417 17399 -36.7229 -0.278403
9.76641 17438 -36.7800 -0.278525
9.76864 17477 -36.3236 -0.274762
9.77093 17517 -36.1789 -0.273354
9.77315 17556 -36.3231 -0.274139
9.77543 17596 -36.6289 -0.276132
9.77764 17635 -34.5779 -0.260382
9.77991 17675 -32.3946 -0.243665
9.78217 17715 -31.4660 -0.236413
9.78442 17755 -29.9969 -0.225121
9.78667 17795 -32.6703 -0.244908
9.78892 17835 -31.5888 -0.236536
9.79116 17875 -33.9898 -0.254229
9.79339 17915 -33.6149 -0.251145
9.79568 17956 -32.8458 -0.245118
9.79790 17996 -30.3693 -0.226384
9.80018 18037 -28.0397 -0.208781
9.80240 18077 -28.2939 -0.210441
9.80466 18118 -31.5233 -0.234195
9.80692 18159 -31.1745 -0.231342
9.80918 18200 -32.1355 -0.238204
9.81143 18241 -31.1796 -0.230859
9.81367 18282 -32.2928 -0.238833
9.81591 18323 -31.9763 -0.236227
9.81815 18364 -32.9468 -0.243125
9.82038 18405 -34.3030 -0.252851
9.82266 18447 -38.1945 -0.281215
9.82488 18488 -40.9489 -0.301160
9.82715 18530 -41.6855 -0.306230
9.82941 18572 -42.2363 -0.309925
9.83167 18614 -44.4511 -0.325809
9.83387 18655 -45.9509 -0.336431
9.83612 18697 -44.8586 -0.328065
9.83842 18740 -44.9892 -0.328642
9.84065 18782 -42.5495 -0.310473
9.84289 18824 -41.3549 -0.301419
9.84512 18866 -42.5340 -0.309668
9.84739 18909 -43.7479 -0.318144
9.84966 18952 -43.6384 -0.316987
9.85188 18994 -44.6923 -0.324283
9.85414 19037 -44.1547 -0.320021
9.85640 19080 -47.0512 -0.340629
9.85865 19123 -50.0565 -0.361978
9.86089 19166 -50.8185 -0.367076
9.86313 19209 -48.8563 -0.352507
9.86537 19252 -48.7365 -0.351250
9.86765 19296 -48.5589 -0.349571
9.86988 19339 -49.8825 -0.358700
9.87215 19383 -48.5572 -0.348773
9.87437 19426 -47.3942 -0.340043
9.87663 19470 -47.2101 -0.338339
9.87889 19514 -46.4836 -0.332757
9.88114 19558 -46.0256 -0.329107
9.88339 19602 -47.2449 -0.337446
9.88563 19646 -46.4916 -0.331694
9.88787 19690 -49.0353 -0.349451
9.89015 19735 -47.8422 -0.340559
9.89238 19779 -50.5233 -0.359244
9.89465 19824 -49.2612 -0.349872
9.89687 19868 -50.1191 -0.355571
9.89913 19913 -49.6538 -0.351872
9.90139 19958 -53.7651 -0.380577
9.90364 20003 -52.3492 -0.370137
9.90588 20048 -52.6146 -0.371595
9.90813 20093 -51.0924 -0.360441
9.91036 20138 -51.3310 -0.361719
9.91260 20183 -51.3378 -0.361364
9.91487 20229 -50.0412 -0.351836
9.91709 20274 -46.9847 -0.329979
9.91936 20320 -46.6666 -0.327374
9.92162 20366 -44.0142 -0.308418
9.92388 20412 -42.5121 -0.297556
9.92613 20458 -42.2690 -0.295523
9.92838 20504 -43.1744 -0.301514
9.93062 20550 -43.2687 -0.301834
9.93285 20596 -43.6478 -0.304138
9.93513 20643 -43.1869 -0.300584
9.93736 20689 -43.1121 -0.299730
9.93963 20736 -43.9655 -0.305316
9.94184 20782 -45.4335 -0.315161
9.94410 20829 -47.8182 -0.331328
9.94636 20876 -45.8952 -0.317646
9.94860 20923 -45.6420 -0.315539
9.95085 20970 -47.0584 -0.324966
9.95309 21017 -48.6296 -0.335440
9.95537 21065 -45.5626 -0.313926
9.95760 21112 -45.0027 -0.309723
9.95987 21160 -44.3827 -0.305110
9.96209 21207 -46.1402 -0.316840
9.96435 21255 -45.2637 -0.310470
9.96660 21303 -44.5191 -0.305018
9.96885 21351 -41.8514 -0.286418
9.97110 21399 -41.9100 -0.286497
9.97334 21447 -39.5088 -0.269781
9.97558 21495 -40.4653 -0.276003
9.97785 21544 -40.5128 -0.276013
9.98008 21592 -41.2230 -0.280539
9.98234 21641 -42.2171 -0.286979
9.98461 21690 -42.9976 -0.291954
9.98686 21739 -44.0702 -0.298900
9.98907 21787 -42.5732 -0.288428
9.99136 21837 -41.3957 -0.280130
9.99360 21886 -40.0868 -0.270968
9.99584 21935 -39.7203 -0.268190
9.99807 21984 -38.7066 -0.261055
10.00034 22034 -38.5459 -0.259676
10.00261 22084 -38.7038 -0.260445
10.00482 22133 -38.5729 -0.259276
10.00708 22183 -33.1628 -0.222659
10.00933 22233 -33.7524 -0.226363
10.01158 22283 -34.8317 -0.233339
10.01382 22333 -34.0843 -0.228077
10.01610 22384 -35.5106 -0.237350
10.01833 22434 -35.9515 -0.240029
10.02056 22484 -39.4131 -0.262848
10.02282 22535 -39.6884 -0.264384
10.02509 22586 -37.7719 -0.251333
10.02734 22637 -36.8902 -0.245189
10.02959 22688 -35.6508 -0.236685
10.03184 22739 -33.9922 -0.225421
10.03408 22790 -33.9055 -0.224594
10.03631 22841 -33.1203 -0.219148
10.03859 22893 -34.0953 -0.225342
10.04081 22944 -36.2633 -0.239405
10.04308 22996 -38.1413 -0.251518
10.04533 23048 -38.7064 -0.254956
10.04759 23100 -40.3101 -0.265221
10.04984 23152 -42.3358 -0.278236
10.05208 23204 -45.3619 -0.297790
10.05432 23256 -46.4452 -0.304560
10.05655 23308 -42.0533 -0.275453
10.05882 23361 -42.1348 -0.275674
10.06105 23413 -43.1670 -0.282113
10.06331 23466 -46.9567 -0.306534
10.06556 23519 -47.5502 -0.310058
10.06781 23572 -49.7259 -0.323880
10.07006 23625 -51.8651 -0.337434
10.07230 23678 -50.5734 -0.328662
10.07458 23732 -47.8848 -0.310836
10.07681 23785 -45.8514 -0.297304
10.07908 23839 -43.6593 -0.282770
10.08130 23892 -42.7307 -0.276448
10.08356 23946 -39.0547 -0.252381
10.08581 24000 -38.1620 -0.246334
10.08806 24054 -36.2012 -0.233415
10.09030 24108 -36.8055 -0.237046
10.09254 24162 -37.3603 -0.240350
10.09481 24217 -35.8755 -0.230536
10.09704 24271 -38.1229 -0.244705
10.09930 24326 -39.9128 -0.255904
10.10156 24381 -40.3602 -0.258480
10.10381 24436 -42.6989 -0.273150
10.10606 24491 -45.9613 -0.293690
10.10830 24546 -46.7273 -0.298250
10.11054 24601 -42.7861 -0.272789
10.11282 24657 -42.1971 -0.268728
10.11504 24712 -43.1117 -0.274247
10.11731 24768 -40.9006 -0.259887
10.11957 24824 -37.7904 -0.239853
10.12178 24879 -37.2495 -0.236159
10.12403 24935 -39.2358 -0.248472
10.12631 24992 -38.5078 -0.243584
10.12855 25048 -41.2274 -0.260495
10.13078 25104 -38.7128 -0.244334
10.13305 25161 -40.7043 -0.256612
10.13527 25217 -40.8895 -0.257493
10.13753 25274 -40.9491 -0.257577
10.13978 25331 -41.7203 -0.262133
10.14203 25388 -40.6006 -0.254811
10.14427 25445 -40.8845 -0.256305
10.14655 25503 -41.2498 -0.258301
10.14878 25560 -39.4162 -0.246544
10.15105 25618 -38.9756 -0.243512
10.15327 25675 -38.0411 -0.237409
10.15553 25733 -37.9704 -0.236701
10.15778 25791 -37.9988 -0.236612
10.16003 25849 -35.5346 -0.221019
10.16227 25907 -35.1709 -0.218512
10.16454 25966 -36.8736 -0.228830
10.16677 26024 -37.3217 -0.231353
10.16904 26083 -34.9883 -0.216643
10.17126 26141 -39.0355 -0.241434
10.17351 26200 -40.7963 -0.252040
10.17576 26259 -40.6568 -0.250896
10.17801 26318 -38.7720 -0.238996
10.18029 26378 -39.9929 -0.246242
10.18252 26437 -39.5600 -0.243305
10.18479 26497 -39.8670 -0.244915
10.18701 26556 -38.0846 -0.233705
10.18927 26616 -39.6644 -0.243125
10.19152 26676 -44.1082 -0.270059
10.19377 26736 -41.0544 -0.251080
10.19601 26796 -40.5070 -0.247455
10.19828 26857 -40.6016 -0.247750
10.20051 26917 -40.3537 -0.245963
10.20278 26978 -42.2061 -0.256963
10.20500 27038 -43.7353 -0.265977
10.20725 27099 -44.8335 -0.272349
10.20950 27160 -45.6164 -0.276794
10.21178 27222 -41.7407 -0.252988
10.21402 27283 -42.4922 -0.257254
10.21625 27344 -38.8815 -0.235132
10.21852 27406 -39.5777 -0.239071
10.22078 27468 -36.7036 -0.221460
10.22300 27529 -34.3272 -0.206891
10.22524 27591 -32.7996 -0.197462
10.22753 27654 -32.1953 -0.193603
10.22977 27716 -33.2302 -0.199603
10.23200 27778 -36.4318 -0.218590
10.23427 27841 -34.5937 -0.207327
10.23649 27903 -34.9709 -0.209354
10.23874 27966 -36.6902 -0.219399
10.24099 28029 -35.6609 -0.213004
10.24324 28092 -36.6545 -0.218694
10.24552 28156 -37.1251 -0.221249
10.24775 28219 -37.4253 -0.222789
10.25002 28283 -38.7973 -0.230695
10.25224 28346 -42.2069 -0.250690
10.25450 28410 -42.6628 -0.253112
10.25675 28474 -44.9083 -0.266135
10.25899 28538 -47.8882 -0.283476
10.26123 28602 -45.9145 -0.271488
10.26350 28667 -43.2039 -0.255171
10.26573 28731 -45.4696 -0.268254
10.26799 28796 -45.4889 -0.268064
10.27025 28861 -46.2808 -0.272424
10.27250 28926 -49.4184 -0.290566
10.27474 28991 -47.0902 -0.276566
10.27698 29056 -47.6466 -0.279521
10.27925 29122 -44.2773 -0.259460
10.28148 29187 -41.8569 -0.245004
10.28374 29253 -42.6366 -0.249286
10.28599 29319 -41.6996 -0.243533
10.28824 29385 -41.5744 -0.242529
10.29048 29451 -39.8086 -0.231967
10.29272 29517 -36.7019 -0.213625
10.29499 29584 -37.8725 -0.220189
10.29722 29650 -39.8088 -0.231189
10.29947 29717 -38.6703 -0.224324
10.30173 29784 -39.7431 -0.230287
10.30397 29851 -40.8855 -0.236641
10.30622 29918 -44.3476 -0.256392
10.30849 29986 -44.3619 -0.256183
10.31072 30053 -43.8765 -0.253098
10.31298 30121 -45.4320 -0.261774
10.31523 30189 -46.0541 -0.265060
10.31748 30257 -44.8579 -0.257885
10.31973 30325 -45.9689 -0.263976
10.32197 30393 -45.8766 -0.263150
10.32424 30462 -44.5808 -0.255428
10.32647 30530 -45.6447 -0.261232
10.32872 30599 -47.5880 -0.272047
10.33098 30668 -47.3867 -0.270591
10.33322 30737 -46.0626 -0.262735
10.33546 30806 -51.3682 -0.292669
10.33773 30876 -49.9564 -0.284302
10.33997 30945 -52.1901 -0.296683
10.34223 31015 -53.2479 -0.302355
10.34448 31085 -53.4785 -0.303322
10.34673 31155 -55.9085 -0.316748
10.34897 31225 -54.3126 -0.307361
10.35121 31295 -52.3769 -0.296076
10.35345 31365 -50.6083 -0.285758
10.35571 31436 -51.3223 -0.289463
10.35797 31507 -51.5266 -0.290287
10.36022 31578 -51.8068 -0.291537
10.36246 31649 -48.8712 -0.274709
10.36470 31720 -46.6514 -0.261938
10.36697 31792 -48.8883 -0.274187
10.36920 31863 -47.4167 -0.265637
10.37146 31935 -47.9394 -0.268262
10.37371 32007 -49.7416 -0.278034
10.37596 32079 -48.5604 -0.271126
10.37820 32151 -50.6657 -0.282564
10.38047 32224 -52.4694 -0.292292
10.38270 32296 -52.4497 -0.291856
10.38496 32369 -52.4381 -0.291462
10.38721 32442 -51.1040 -0.283727
10.38946 32515 -49.1703 -0.272685
10.39170 32588 -50.5377 -0.279954
10.39394 32661 -49.4475 -0.273608
10.39620 32735 -46.4545 -0.256757
10.39846 32809 -46.1835 -0.254971
10.40071 32883 -45.1505 -0.248987
10.40296 32957 -44.9608 -0.247662
10.40520 33031 -48.5568 -0.267171
10.40744 33105 -48.7638 -0.268010
10.40970 33180 -48.1460 -0.264315
10.41193 33254 -50.9969 -0.279654
10.41418 33329 -50.7925 -0.278220
10.41643 33404 -54.6054 -0.298770
10.41870 33480 -56.3283 -0.307846
10.42094 33555 -59.9794 -0.327434
10.42320 33631 -60.7107 -0.331051
10.42543 33706 -61.3377 -0.334098
10.42768 33782 -61.1424 -0.332659
10.42993 33858 -59.6037 -0.323924
10.43217 33934 -54.6394 -0.296612
10.43444 34011 -50.7087 -0.274962
10.43667 34087 -49.0180 -0.265498
10.43893 34164 -49.8353 -0.269620
10.44118 34241 -50.5093 -0.272960
10.44343 34318 -47.7142 -0.257565
10.44567 34395 -46.1994 -0.249109
10.44793 34473 -45.5319 -0.245231
10.45019 34551 -44.3063 -0.238361
10.45242 34628 -45.9501 -0.246929
10.45467 34706 -43.5414 -0.233722
10.45691 34784 -43.5551 -0.233533
10.45918 34863 -43.8962 -0.235096
10.46142 34941 -43.7920 -0.234276
10.46367 35020 -44.8538 -0.239685
10.46593 35099 -40.2223 -0.214694
10.46818 35178 -44.7871 -0.238791
10.47042 35257 -43.0567 -0.229307
10.47266 35336 -44.8633 -0.238661
10.47492 35416 -44.7713 -0.237903
10.47718 35496 -49.7475 -0.264047
10.47943 35576 -47.5867 -0.252294
10.48167 35656 -48.7659 -0.258256
10.48391 35736 -47.0940 -0.249122
10.48618 35817 -48.1257 -0.254292
10.48841 35897 -47.1743 -0.248987
10.49066 35978 -47.8646 -0.252346
10.49291 36059 -50.1586 -0.264142
10.49516 36140 -52.5962 -0.276669
10.49742 36222 -49.0874 -0.257920
10.49966 36303 -49.3720 -0.259125
10.50191 36385 -45.3167 -0.237573
10.50416 36467 -45.7945 -0.239808
10.50641 36549 -41.9909 -0.219643
10.50865 36631 -40.3433 -0.210788
10.51091 36714 -39.8020 -0.207725
10.51314 36796 -42.2888 -0.220458
10.51540 36879 -38.9002 -0.202564
10.51765 36962 -41.1729 -0.214158
10.51992 37046 -38.8617 -0.201907
10.52215 37129 -37.9635 -0.197020
10.52441 37213 -38.9182 -0.201746
10.52664 37296 -37.1982 -0.192615
10.52889 37380 -36.1878 -0.187173
10.53116 37465 -35.5634 -0.183735
10.53340 37549 -33.8224 -0.174544
10.53564 37633 -36.6908 -0.189135
10.53789 37718 -37.1839 -0.191461
10.54014 37803 -33.5631 -0.172623
10.54239 37888 -31.6152 -0.162422
10.54466 37974 -32.6436 -0.167516
10.54689 38059 -32.1829 -0.164967
10.54915 38145 -31.1419 -0.159450
10.55140 38231 -32.9253 -0.168392
10.55365 38317 -28.5006 -0.145599
10.55589 38403 -30.7704 -0.157018
10.55815 38490 -31.4264 -0.160185
10.56039 38576 -30.0671 -0.153085
10.56264 38663 -29.4804 -0.149929
10.56489 38750 -31.3879 -0.159450
10.56713 38837 -34.1937 -0.173509
10.56939 38925 -32.6226 -0.165350
10.57162 39012 -36.0812 -0.182676
10.57388 39100 -33.7665 -0.170765
10.57613 39188 -34.2332 -0.172930
10.57839 39277 -34.6271 -0.174722
10.58063 39365 -32.8390 -0.165514
10.58289 39454 -32.4935 -0.163588
10.58512 39542 -32.1722 -0.161790
10.58739 39632 -27.4242 -0.137756
10.58964 39721 -23.7208 -0.119020
10.59187 39810 -23.0141 -0.115345
10.59413 39900 -22.0931 -0.110604
10.59638 39990 -20.3668 -0.101847
10.59863 40080 -22.9746 -0.114758
10.60088 40170 -24.6954 -0.123215
10.60311 40260 -25.9775 -0.129468
10.60537 40351 -27.1186 -0.135002
10.60762 40442 -32.1489 -0.159864
10.60987 40533 -35.1011 -0.174348
10.61211 40624 -34.9554 -0.173430
10.61438 40716 -33.3160 -0.165109
10.61661 40807 -35.1103 -0.173807
10.61886 40899 -39.2039 -0.193853
10.62111 40991 -42.4567 -0.209702
10.62337 41084 -45.8253 -0.226084
10.62561 41176 -41.6132 -0.205073
10.62787 41269 -40.1075 -0.197430
10.63012 41362 -38.2801 -0.188223
10.63236 41455 -38.3114 -0.188165
10.63460 41548 -41.6482 -0.204325
10.63686 41642 -43.4598 -0.212972
10.63912 41736 -44.9106 -0.219833
10.64137 41830 -43.6068 -0.213211
10.64361 41924 -49.0083 -0.239352
10.64585 42018 -45.0150 -0.219604
10.64811 42113 -48.7038 -0.237331
10.65037 42208 -46.3869 -0.225786
10.65261 42303 -49.1536 -0.238985
10.65486 42398 -47.1545 -0.229008
10.65709 42493 -47.3500 -0.229700
10.65935 42589 -46.0247 -0.223019
10.66160 42685 -41.2956 -0.199878
10.66385 42781 -40.4802 -0.195712
10.66609 42877 -39.9911 -0.193130
10.66835 42974 -42.0421 -0.202807
10.67061 43071 -41.2259 -0.198645
10.67285 43168 -42.7320 -0.205671
10.67510 43265 -39.7048 -0.190886
10.67734 43362 -41.5446 -0.199508
10.67960 43460 -45.0593 -0.216142
10.68185 43558 -48.1276 -0.230600
10.68410 43656 -47.6845 -0.228221
10.68634 43754 -54.5269 -0.260676
10.68860 43853 -55.8475 -0.266688
10.69085 43952 -57.4134 -0.273857
10.69310 44051 -63.0764 -0.300531
10.69535 44150 -59.6072 -0.283683
10.69759 44249 -53.8000 -0.255759
10.69985 44349 -58.0107 -0.275465
10.70210 44449 -55.6709 -0.264057
10.70434 44549 -55.1401 -0.261246
10.70659 44649 -56.6966 -0.268319
10.70885 44750 -60.3755 -0.285407
10.71108 44850 -60.0986 -0.283781
10.71333 44951 -62.1506 -0.293141
10.71559 45053 -62.1239 -0.292683
10.71783 45154 -60.5986 -0.285177
10.72009 45256 -60.9021 -0.286282
10.72234 45358 -60.6262 -0.284665
10.72459 45460 -57.4600 -0.269495
10.72683 45562 -57.8456 -0.271000
10.72909 45665 -52.5969 -0.246132
10.73132 45767 -49.1345 -0.229673
10.73359 45871 -51.3373 -0.239698
10.73583 45974 -52.6629 -0.245612
10.73807 46077 -50.2469 -0.234082
10.74032 46181 -48.5787 -0.226055
10.74257 46285 -45.9131 -0.213411
10.74482 46389 -45.4674 -0.211102
10.74708 46494 -46.1069 -0.213829
10.74931 46598 -50.2947 -0.232991
10.75156 46703 -46.3386 -0.214423
10.75383 46809 -46.9732 -0.217113
10.75607 46914 -44.2597 -0.204342
10.75833 47020 -49.6972 -0.229187
10.76056 47125 -46.9799 -0.216414
10.76283 47232 -43.0612 -0.198138
10.76507 47338 -45.6819 -0.209961
10.76733 47445 -43.4512 -0.199483
10.76956 47551 -44.0609 -0.202057
10.77181 47658 -46.9638 -0.215127
10.77407 47766 -46.0000 -0.210474
10.77631 47873 -44.8288 -0.204886
10.77856 47981 -43.3812 -0.198047
10.78081 48089 -45.5011 -0.207491
10.78305 48197 -42.6992 -0.194495
10.78531 48306 -44.1433 -0.200847
10.78756 48415 -44.2415 -0.201066
10.78981 48524 -49.4792 -0.224618
10.79206 48633 -48.8965 -0.221724
10.79430 48742 -44.9685 -0.203684
10.79655 48852 -43.2009 -0.195457
10.79880 48962 -43.4803 -0.196500
10.80104 49072 -40.5813 -0.183193
10.80330 49183 -44.4133 -0.200265
10.80556 49294 -41.9569 -0.188976
10.80781 49405 -42.3674 -0.190610
10.81005 49516 -44.4980 -0.199971
10.81229 49627 -45.0230 -0.202104
10.81454 49739 -47.2865 -0.212026
10.81679 49851 -48.3496 -0.216549
10.81904 49963 -49.1763 -0.220004
10.82130 50076 -45.6322 -0.203918
10.82355 50189 -47.8235 -0.213470
10.82580 50302 -44.4336 -0.198116
10.82804 50415 -47.5848 -0.211928
10.83030 50529 -45.1288 -0.200763
10.83254 50642 -47.3555 -0.210433
10.83479 50756 -49.1830 -0.218309
10.83705 50871 -47.8209 -0.212023
10.83929 50985 -48.9254 -0.216677
10.84154 51100 -47.7393 -0.211186
10.84379 51215 -48.9853 -0.216455
10.84603 51330 -48.2990 -0.213183
10.84829 51446 -51.0750 -0.225182
10.85054 51562 -52.1587 -0.229701
10.85279 51678 -54.5815 -0.240100
10.85503 51794 -57.6005 -0.253097
10.85729 51911 -57.3921 -0.251897
10.85954 52028 -58.7808 -0.257701
10.86178 52145 -57.5371 -0.251966
10.86402 52262 -60.0623 -0.262730
10.86628 52380 -58.1639 -0.254139
10.86853 52498 -58.5963 -0.255740
10.87078 52616 -59.9741 -0.261460
10.87303 52735 -59.2837 -0.258158
10.87527 52853 -58.4432 -0.254214
10.87752 52972 -56.9105 -0.247269
10.87978 53092 -59.8646 -0.259810
10.88202 53211 -62.5869 -0.271320
10.88427 53331 -59.8871 -0.259325
10.88652 53451 -61.7124 -0.266928
10.88876 53571 -59.9920 -0.259196
10.89102 53692 -57.7968 -0.249430
10.89327 53813 -50.0742 -0.215859
10.89552 53934 -45.7105 -0.196827
10.89778 54056 -46.1610 -0.198542
10.90001 54177 -47.5465 -0.204273
10.90226 54299 -45.8810 -0.196896
10.90452 54422 -43.0746 -0.184643
10.90676 54544 -39.9978 -0.171262
10.90902 54667 -44.8912 -0.191999
10.91126 54790 -43.3658 -0.185266
10.91351 54913 -43.3557 -0.185016
10.91576 55037 -47.0537 -0.200570
10.91801 55161 -44.0190 -0.187424
10.92026 55285 -47.4773 -0.201922
10.92252 55410 -45.7832 -0.194496
10.92475 55534 -47.6669 -0.202273
10.92702 55660 -52.4547 -0.222337
10.92926 55785 -47.4462 -0.200883
10.93150 55910 -43.1340 -0.182421
10.93375 56036 -43.6258 -0.184293
10.93601 56163 -44.6543 -0.188425
10.93825 56289 -42.4654 -0.178988
10.94051 56416 -43.9675 -0.185110
10.94276 56543 -48.3112 -0.203169
10.94500 56670 -51.9435 -0.218200
10.94726 56798 -48.5570 -0.203744
10.94951 56926 -50.1253 -0.210088
10.95175 57054 -49.1585 -0.205805
10.95399 57182 -46.8181 -0.195787
10.95625 57311 -46.1964 -0.192970
10.95850 57440 -50.5972 -0.211115
10.96074 57569 -54.5265 -0.227255
10.96300 57699 -54.3902 -0.226431
10.96525 57829 -54.7078 -0.227497
10.96749 57959 -55.9448 -0.232380
10.96975 58090 -54.8898 -0.227741
10.97198 58220 -53.0012 -0.219659
10.97425 58352 -54.9766 -0.227588
10.97649 58483 -57.4950 -0.237747
10.97875 58615 -57.0273 -0.235548
10.98100 58747 -57.4131 -0.236875
10.98324 58879 -55.8970 -0.230361
10.98548 59011 -55.7426 -0.229467
10.98773 59144 -59.4707 -0.244539
10.98999 59278 -55.9466 -0.229788
10.99223 59411 -54.0146 -0.221604
10.99449 59545 -55.6742 -0.228156
10.99674 59679 -52.1838 -0.213612
10.99898 59813 -54.8723 -0.224365
11.00123 59948 -55.9687 -0.228591
11.00348 60083 -49.9764 -0.203887
11.00573 60218 -50.0210 -0.203840
11.00798 60354 -42.7211 -0.173896
11.01023 60490 -43.5206 -0.176951
11.01248 60626 -42.5831 -0.172945
11.01472 60762 -39.0069 -0.158243
11.01697 60899 -37.6422 -0.152535
11.01922 61036 -39.0630 -0.158115
11.02148 61174 -36.8742 -0.149087
11.02373 61312 -32.6825 -0.131990
11.02598 61450 -35.8457 -0.144603
11.02822 61588 -38.8574 -0.156576
11.03048 61727 -40.1171 -0.161470
11.03273 61866 -40.5700 -0.163109
11.03497 62005 -42.1890 -0.169428
11.03723 62145 -39.2750 -0.157548
11.03946 62284 -34.3232 -0.137531
11.04172 62425 -32.4085 -0.129712
11.04396 62565 -32.6766 -0.130639
11.04621 62706 -33.7329 -0.134710
11.04846 62847 -33.2222 -0.132522
11.05072 62989 -35.8584 -0.142876
11.05297 63131 -37.3173 -0.148521
11.05521 63273 -36.3922 -0.144677
11.05746 63415 -38.9482 -0.154665
11.05971 63558 -38.5501 -0.152912
11.06196 63701 -41.7352 -0.165360
11.06421 63845 -40.5938 -0.160656
11.06645 63988 -41.2056 -0.162895
11.06871 64133 -40.6326 -0.160448
11.07096 64277 -39.9819 -0.157701
11.07321 64422 -39.8573 -0.157033
11.07546 64567 -40.6303 -0.159899
11.07770 64712 -43.0775 -0.169340
11.07996 64858 -44.4190 -0.174416
11.08220 65004 -45.2503 -0.177481
11.08445 65150 -47.2277 -0.185029
11.08670 65297 -40.0547 -0.156750
11.08895 65444 -35.4668 -0.138640
11.09119 65591 -32.2348 -0.125864
11.09345 65739 -32.6932 -0.127510
11.09570 65887 -35.4407 -0.138071
11.09794 66035 -27.7485 -0.107982
11.10019 66184 -23.6416 -0.091897
11.10244 66333 -26.2866 -0.102063
11.10470 66483 -29.1882 -0.113202
11.10694 66632 -28.1286 -0.108970
11.10919 66782 -31.4159 -0.121568
11.11145 66933 -25.0819 -0.096948
11.11369 67083 -22.1484 -0.085514
11.11593 67234 -24.7971 -0.095633
11.11819 67386 -25.7091 -0.099038
11.12045 67538 -31.0445 -0.119457
11.12269 67690 -30.2801 -0.116384
11.12494 67842 -30.6698 -0.117750
11.12719 67995 -28.0246 -0.107473
11.12944 68148 -22.6748 -0.086859
11.13168 68301 -26.8388 -0.102695
11.13393 68455 -30.7585 -0.117561
11.13618 68609 -35.0372 -0.133764
11.13844 68764 -36.4149 -0.138867
11.14069 68919 -35.7468 -0.136166
11.14293 69074 -39.2209 -0.149232
11.14518 69229 -39.8301 -0.151379
11.14743 69385 -42.2823 -0.160519
11.14967 69541 -45.2796 -0.171705
11.15193 69698 -47.8019 -0.181065
11.15418 69855 -44.2723 -0.167507
11.15642 70012 -43.9074 -0.165940
11.15868 70170 -47.5303 -0.179430
11.16093 70328 -52.2775 -0.197129
11.16317 70486 -55.0194 -0.207236
11.16542 70645 -54.5503 -0.205237
11.16767 70804 -58.2552 -0.218930
11.16991 70963 -57.4454 -0.215645
11.17217 71123 -55.7826 -0.209167
11.17441 71283 -56.6191 -0.212065
11.17667 71444 -55.0609 -0.205997
11.17892 71605 -57.8796 -0.216299
11.18117 71766 -58.2696 -0.217512
11.18342 71928 -54.7905 -0.204294
11.18567 72090 -57.3624 -0.213643
11.18792 72252 -54.3831 -0.202320
11.19017 72415 -56.2606 -0.209069
11.19242 72578 -52.1755 -0.193671
11.19466 72741 -51.7276 -0.191793
11.19691 72905 -51.9083 -0.192246
11.19916 73069 -56.2573 -0.208119
11.20142 73234 -60.3911 -0.223160
11.20365 73398 -60.8979 -0.224781
11.20591 73564 -61.0299 -0.225014
11.20815 73729 -62.8508 -0.231468
11.21040 73895 -57.0915 -0.210022
11.21266 74062 -59.9018 -0.220111
11.21491 74229 -63.9727 -0.234805
11.21716 74396 -61.2252 -0.224469
11.21940 74563 -54.4518 -0.199411
11.22165 74731 -57.9064 -0.211824
11.22390 74899 -57.9409 -0.211713
11.22615 75068 -64.1394 -0.234098
11.22840 75237 -60.1512 -0.219295
11.23064 75406 -61.3855 -0.223544
11.23289 75576 -55.4986 -0.201879
11.23514 75746 -52.6577 -0.191330
11.23740 75917 -54.5180 -0.197866
11.23965 76088 -56.3869 -0.204419
11.24189 76259 -56.8724 -0.205947
11.24414 76431 -60.4577 -0.218684
11.24639 76603 -68.4334 -0.247255
11.24865 76776 -64.9267 -0.234321
11.25089 76948 -62.6024 -0.225679
11.25314 77122 -57.7375 -0.207907
11.25538 77295 -57.6703 -0.207432
11.25763 77469 -57.0427 -0.204945
11.25989 77644 -60.2801 -0.216332
11.26214 77819 -61.0827 -0.218965
11.26439 77994 -57.4557 -0.205732
11.26664 78170 -61.6618 -0.220544
11.26889 78346 -55.3673 -0.197808
11.27113 78522 -54.1514 -0.193248
11.27339 78699 -52.9907 -0.188892
11.27563 78876 -59.3025 -0.211155
11.27789 79054 -58.1442 -0.206797
11.28014 79232 -60.9268 -0.216450
11.28238 79410 -65.3432 -0.231880
11.28463 79589 -72.5405 -0.257131
11.28688 79768 -70.3216 -0.248986
11.28913 79948 -68.1443 -0.241005
11.29138 80128 -71.0693 -0.251067
11.29362 80308 -71.1361 -0.251021
11.29588 80489 -69.6690 -0.245568
11.29812 80670 -69.6513 -0.245230
11.30038 80852 -67.6696 -0.237984
11.30262 81034 -71.1239 -0.249851
11.30487 81216 -69.3476 -0.243338
11.30712 81399 -64.5558 -0.226269
11.30936 81582 -60.5035 -0.211828
11.31162 81766 -56.0302 -0.195946
11.31386 81950 -49.8398 -0.174101
11.31612 82135 -46.9066 -0.163670
11.31837 82320 -46.3940 -0.161700
11.32061 82505 -49.8658 -0.173605
11.32287 82691 -46.6200 -0.162122
11.32511 82877 -51.7983 -0.179928
11.32737 83064 -58.2694 -0.202178
11.32962 83251 -61.6064 -0.213516
11.33186 83438 -62.1516 -0.215164
11.33411 83626 -57.2832 -0.198087
11.33636 83814 -52.1842 -0.180252
11.33861 84003 -53.8908 -0.185938
11.34086 84192 -52.2481 -0.180067
11.34311 84382 -50.8956 -0.175209
11.34536 84572 -49.0492 -0.168662
11.34760 84762 -53.9996 -0.185477
11.34985 84953 -52.6329 -0.180579
11.35210 85144 -52.7743 -0.180861
11.35435 85336 -53.0854 -0.181723
11.35660 85528 -49.0420 -0.167693
11.35885 85721 -44.9594 -0.153560
11.36110 85914 -44.3473 -0.151299
11.36335 86107 -40.4276 -0.137771
11.36560 86301 -31.9079 -0.108615
11.36785 86496 -34.9184 -0.118729
11.37009 86690 -32.9883 -0.112041
11.37235 86886 -32.0070 -0.108585
11.37459 87081 -40.2839 -0.136512
11.37684 87277 -48.8161 -0.165239
11.37910 87474 -50.8089 -0.171791
11.38135 87671 -50.1159 -0.169257
11.38359 87868 -51.0817 -0.172326
11.38584 88066 -50.5374 -0.170298
11.38809 88264 -55.1284 -0.185560
11.39034 88463 -53.9660 -0.181443
11.39259 88662 -45.7288 -0.153575
11.39484 88862 -41.5900 -0.139518
11.39709 89062 -44.4379 -0.148904
11.39934 89263 -49.0481 -0.164167
11.40159 89464 -50.7600 -0.169706
11.40384 89665 -45.8671 -0.153176
11.40609 89867 -50.4036 -0.168136
11.40833 90069 -42.8274 -0.142703
11.41058 90272 -39.1943 -0.130451
11.41283 90475 -38.2964 -0.127319
11.41508 90679 -45.9738 -0.152671
11.41733 90883 -49.0689 -0.162767
11.41958 91088 -50.9470 -0.168806
11.42183 91293 -50.8594 -0.168327
11.42408 91499 -53.4389 -0.176664
11.42633 91705 -55.4649 -0.183156
11.42858 91911 -54.1666 -0.178668
11.43083 92118 -46.1373 -0.152013
11.43307 92325 -40.0253 -0.131727
11.43532 92533 -37.4066 -0.122970
11.43758 92742 -37.5878 -0.123426
11.43982 92950 -40.1223 -0.131602
11.44207 93160 -41.4521 -0.135810
11.44433 93370 -35.7328 -0.116940
11.44657 93580 -38.4343 -0.125640
11.44882 93791 -35.6330 -0.116352
11.45107 94002 -37.3002 -0.121659
11.45331 94213 -37.0723 -0.120780
11.45556 94425 -37.1236 -0.120811
11.45781 94638 -36.5058 -0.118667
11.46006 94851 -37.1894 -0.120753
11.46232 95065 -43.0029 -0.139472
11.46456 95279 -48.1411 -0.155961
11.46681 95493 -47.7721 -0.154593
11.46906 95708 -46.2541 -0.149512
11.47131 95924 -47.4298 -0.153140
11.47356 96140 -46.8107 -0.150971
11.47580 96356 -46.8905 -0.151059
11.47805 96573 -43.0610 -0.138566
11.48031 96791 -47.6218 -0.153069
11.48256 97009 -44.6312 -0.143296
11.48480 97227 -47.2169 -0.151427
11.48705 97446 -46.7804 -0.149859
11.48931 97666 -49.3047 -0.157767
11.49155 97885 -40.3132 -0.128851
11.49380 98106 -48.5070 -0.154866
11.49605 98327 -47.1250 -0.150285
11.49830 98548 -47.5249 -0.151390
11.50055 98770 -49.4089 -0.157214
11.50279 98992 -54.5031 -0.173229
11.50504 99215 -55.1969 -0.175237
11.50730 99439 -55.1001 -0.174733
11.50955 99663 -52.1581 -0.165217
11.51179 99887 -49.4744 -0.156540
11.51404 100112 -39.6007 -0.125158
11.51629 100337 -38.8609 -0.122682
11.51854 100563 -35.9918 -0.113497
11.52079 100790 -38.2637 -0.120525
11.52304 101017 -37.7875 -0.118891
11.52529 101244 -43.7218 -0.137409
11.52754 101472 -41.9575 -0.131715
11.52979 101701 -46.2758 -0.145108
11.53204 101930 -46.9024 -0.146907
11.53429 102159 -49.1667 -0.153827
11.53653 102389 -50.4954 -0.157807
11.53879 102620 -51.8192 -0.161761
11.54104 102851 -49.2694 -0.153629
11.54328 103082 -47.6665 -0.148464
11.54554 103315 -53.7233 -0.167140
11.54778 103547 -52.5980 -0.163456
11.55003 103780 -45.7725 -0.142085
11.55228 104014 -42.9119 -0.133055
11.55453 104248 -35.1786 -0.108955
11.55678 104483 -29.8883 -0.092465
11.55903 104718 -34.3617 -0.106185
11.56128 104954 -34.1812 -0.105509
11.56352 105190 -33.4476 -0.103128
11.56577 105427 -31.3699 -0.096613
11.56803 105665 -30.5169 -0.093880
11.57028 105903 -30.1753 -0.092725
11.57252 106141 -36.0983 -0.110801
11.57477 106380 -32.7703 -0.100473
11.57703 106620 -32.1087 -0.098334
11.57927 106860 -30.5554 -0.093472
11.58152 107100 -37.2387 -0.113789
11.58377 107341 -34.6864 -0.105871
11.58602 107583 -38.9014 -0.118602
11.58826 107825 -47.3880 -0.144314
11.59052 108068 -42.3176 -0.128728
11.59276 108311 -51.9152 -0.157746
11.59501 108555 -51.8900 -0.157492
11.59727 108800 -55.5933 -0.168542
11.59952 109045 -61.7704 -0.187058
11.60176 109290 -60.5287 -0.183093
11.60401 109536 -58.8205 -0.177726
11.60626 109783 -63.0020 -0.190146
11.60851 110030 -68.0485 -0.205146
11.61076 110278 -70.2634 -0.211585
11.61301 110526 -73.6880 -0.221648
11.61526 110775 -69.7239 -0.209489
11.61751 111025 -63.3728 -0.190192
11.61976 111275 -58.2167 -0.174521
11.62200 111525 -57.5897 -0.172448
11.62425 111776 -55.3887 -0.165671
11.62650 112028 -56.2835 -0.168158
11.62875 112280 -62.0710 -0.185241
11.63100 112533 -60.7360 -0.181053
11.63325 112786 -63.1206 -0.187951
11.63550 113040 -57.6018 -0.171325
11.63775 113295 -55.9251 -0.166150
11.64000 113550 -51.6306 -0.153219
11.64225 113806 -53.6993 -0.159179
11.64450 114062 -46.8948 -0.138853
11.64675 114319 -42.6441 -0.126124
11.64899 114576 -45.9384 -0.135715
11.65124 114834 -39.4485 -0.116411
11.65350 115093 -38.1699 -0.112511
11.65574 115352 -43.5392 -0.128194
11.65800 115612 -43.3747 -0.127566
11.66024 115872 -52.2413 -0.153470
11.66249 116133 -41.2971 -0.121183
11.66474 116394 -37.6647 -0.110400
11.66699 116657 -36.2677 -0.106185
11.66924 116919 -35.2896 -0.103206
11.67148 117182 -28.0803 -0.082030
11.67373 117446 -29.5545 -0.086239
11.67599 117711 -23.8647 -0.069558
11.67824 117976 -26.2109 -0.076311
11.68048 118241 -32.3610 -0.094110
11.68274 118508 -39.6130 -0.115071
11.68499 118775 -40.9849 -0.118922
11.68723 119042 -45.4504 -0.131731
11.68948 119310 -48.7261 -0.141066
11.69173 119579 -41.3198 -0.119490
11.69398 119848 -36.8387 -0.106412
11.69623 120118 -33.3532 -0.096235
11.69848 120388 -37.3976 -0.107783
11.70072 120659 -37.5516 -0.108106
11.70298 120931 -44.5952 -0.128239
11.70522 121203 -41.7114 -0.119811
11.70747 121476 -40.7095 -0.116802
11.70973 121750 -40.9578 -0.117382
11.71197 122024 -47.0094 -0.134574
11.71422 122299 -56.0022 -0.160138
11.71647 122574 -59.7321 -0.170612
11.71872 122850 -65.1698 -0.185934
11.72097 123127 -75.2308 -0.214397
11.72322 123404 -71.5826 -0.203771
11.72547 123682 -79.8027 -0.226916
11.72771 123960 -69.9829 -0.198770
11.72996 124239 -69.7416 -0.197862
11.73221 124519 -72.5389 -0.205567
11.73447 124800 -73.5394 -0.208167
11.73672 125081 -69.2995 -0.195945
11.73896 125362 -73.9900 -0.208973
11.74122 125645 -68.2263 -0.192477
11.74346 125927 -64.9701 -0.183085
11.74571 126211 -64.8521 -0.182547
11.74796 126495 -66.8452 -0.187946
11.75021 126780 -64.5263 -0.181222
11.75245 127065 -57.5204 -0.161365
11.75471 127352 -59.2706 -0.166087
11.75695 127638 -62.6104 -0.175249
11.75921 127926 -60.6347 -0.169528
11.76146 128214 -64.9990 -0.181526
11.76371 128503 -65.9891 -0.184084
11.76595 128792 -65.3283 -0.182036
11.76820 129082 -70.6666 -0.196690
11.77045 129373 -77.1338 -0.214448
11.77270 129664 -78.9744 -0.219319
11.77495 129956 -82.2022 -0.228026
11.77720 130248 -76.7582 -0.212686
11.77945 130542 -75.8038 -0.209805
11.78170 130836 -75.7337 -0.209375
11.78394 131130 -78.9705 -0.218079
11.78620 131426 -80.0459 -0.220800
11.78844 131721 -77.2574 -0.212869
11.79069 132018 -78.8704 -0.217069
11.79294 132315 -73.0049 -0.200700
11.79519 132613 -72.5419 -0.199203
11.79744 132912 -80.7042 -0.221368
11.79969 133211 -82.7452 -0.226711
11.80194 133511 -87.3245 -0.238989
11.80419 133812 -82.0055 -0.224179
11.80644 134113 -77.4124 -0.211385
11.80869 134415 -72.3095 -0.197229
11.81094 134718 -74.9002 -0.204066
11.81319 135021 -77.6134 -0.211221
11.81543 135325 -78.7323 -0.214025
11.81769 135630 -79.0868 -0.214747
11.81993 135935 -72.3160 -0.196141
11.82218 136241 -70.7048 -0.191556
11.82443 136548 -66.2164 -0.179194
11.82668 136855 -68.6181 -0.185485
11.82893 137164 -73.5914 -0.198704
11.83118 137472 -68.2445 -0.184061
11.83343 137782 -67.5959 -0.182106
11.83568 138092 -56.9118 -0.153150
11.83792 138403 -50.1206 -0.134723
11.84018 138715 -51.8128 -0.139115
11.84242 139027 -43.7948 -0.117455
11.84467 139340 -46.0991 -0.123496
11.84692 139654 -41.7381 -0.111688
11.84917 139968 -44.8809 -0.119963
11.85142 140284 -44.1035 -0.117752
11.85367 140600 -42.6496 -0.113742
11.85592 140916 -40.2729 -0.107283
11.85817 141233 -44.0384 -0.117183
11.86042 141551 -44.4995 -0.118277
11.86267 141870 -39.7746 -0.105599
11.86492 142190 -35.9114 -0.095235
11.86717 142510 -40.0009 -0.105961
11.86942 142831 -41.9115 -0.110898
11.87166 143152 -43.8520 -0.115902
11.87392 143475 -42.3596 -0.111832
11.87616 143798 -47.9031 -0.126324
11.87841 144121 -48.9106 -0.128837
11.88066 144446 -44.4968 -0.117078
11.88291 144771 -36.1741 -0.095073
11.88516 145097 -36.8973 -0.096865
11.88741 145424 -32.7577 -0.085900
11.88965 145751 -33.6527 -0.088148
11.89191 146080 -36.7504 -0.096154
11.89415 146408 -38.4864 -0.100583
11.89640 146738 -43.5630 -0.113722
11.89866 147069 -40.4937 -0.105591
11.90091 147400 -45.5584 -0.118664
11.90316 147732 -58.3718 -0.151868
11.90540 148064 -59.7897 -0.155382
11.90765 148398 -63.4589 -0.164732
11.90990 148732 -58.5187 -0.151737
11.91215 149067 -48.0887 -0.124552
11.91440 149402 -46.9222 -0.121395
11.91665 149739 -44.4868 -0.114964
11.91890 150076 -50.6796 -0.130821
11.92115 150414 -48.2784 -0.124483
11.92340 150753 -47.9580 -0.123517
11.92564 151092 -48.2621 -0.124161
11.92789 151432 -59.8184 -0.153718
11.93014 151773 -52.6264 -0.135085
11.93239 152115 -50.1305 -0.128533
11.93464 152457 -46.3100 -0.118604
11.93689 152801 -40.9422 -0.104739
11.93914 153145 -38.4220 -0.098181
11.94139 153490 -44.1427 -0.112673
11.94364 153835 -39.9497 -0.101856
11.94589 154182 -41.8136 -0.106488
11.94814 154529 -38.0751 -0.096858
11.95039 154877 -26.7730 -0.068031
11.95264 155226 -23.0247 -0.058440
11.95488 155575 -26.5611 -0.067340
11.95713 155925 -26.9049 -0.068135
11.95938 156276 -35.9157 -0.090853
11.96163 156628 -45.2672 -0.114380
11.96388 156981 -48.0221 -0.121204
11.96613 157335 -50.3069 -0.126828
11.96838 157689 -44.8674 -0.112987
11.97063 158044 -43.7308 -0.110001
11.97288 158400 -48.5458 -0.121976
11.97512 158756 -51.7757 -0.129945
11.97738 159114 -56.4997 -0.141642
11.97962 159472 -49.6255 -0.124269
11.98187 159831 -41.0161 -0.102594
11.98412 160191 -37.0347 -0.092531
11.98637 160552 -42.9811 -0.107268
11.98862 160913 -41.5946 -0.103691
11.99087 161276 -49.0302 -0.122090
11.99312 161639 -46.1875 -0.114882
11.99537 162003 -37.7701 -0.093840
11.99762 162368 -36.9329 -0.091656
11.99987 162733 -36.3871 -0.090201
12.00212 163100 -41.5391 -0.102856
12.00437 163467 -38.5411 -0.095326
12.00662 163835 -37.7020 -0.093145
12.00886 164204 -28.7552 -0.070962
12.01112 164574 -19.2409 -0.047429
12.01336 164944 -20.7510 -0.051094
12.01561 165316 -22.2341 -0.054684
12.01786 165688 -20.6820 -0.050810
12.02011 166061 -26.3172 -0.064581
12.02236 166435 -32.4016 -0.079423
12.02461 166810 -36.1793 -0.088583
12.02686 167185 -31.1067 -0.076077
12.02911 167562 -31.7047 -0.077452
12.03136 167939 -39.3624 -0.096052
12.03360 168317 -42.6530 -0.103965
12.03585 168696 -46.5832 -0.113417
12.03810 169076 -42.3864 -0.103083
12.04035 169457 -44.5260 -0.108164
12.04260 169838 -44.8605 -0.108855
12.04485 170221 -48.0374 -0.116432
12.04710 170604 -47.4504 -0.114880
12.04935 170988 -53.7699 -0.130034
12.05160 171373 -62.0395 -0.149864
12.05385 171759 -66.3004 -0.159977
12.05610 172146 -56.7194 -0.136705
12.05834 172533 -48.9699 -0.117894
12.06060 172922 -56.9035 -0.136840
12.06284 173311 -56.3359 -0.135323
12.06509 173701 -55.9631 -0.134277
12.06734 174093 -56.4914 -0.135392
12.06959 174485 -54.4019 -0.130237
12.07184 174877 -52.6668 -0.125942
12.07409 175271 -55.2314 -0.131926
12.07634 175666 -51.7020 -0.123357
12.07859 176061 -46.5015 -0.110824
12.08084 176458 -55.7126 -0.132627
12.08309 176855 -53.9362 -0.128254
12.08533 177253 -54.4798 -0.129401
12.08759 177653 -50.4692 -0.119740
12.08984 178053 -38.3323 -0.090843
12.09208 178453 -49.0028 -0.116000
12.09433 178855 -50.7165 -0.119922
12.09658 179258 -55.6375 -0.131410
12.09883 179662 -57.2314 -0.135022
12.10108 180066 -55.6732 -0.131199
12.10333 180472 -63.8496 -0.150298
12.10558 180878 -64.7856 -0.152330
12.10783 181285 -62.7781 -0.147444
12.11008 181694 -64.8508 -0.152140
12.11233 182103 -67.0496 -0.157122
12.11458 182513 -70.8257 -0.165784
12.11683 182924 -73.0302 -0.170753
12.11908 183336 -67.5079 -0.157663
12.12132 183748 -68.8268 -0.160563
12.12357 184162 -58.6025 -0.136558
12.12582 184577 -61.7333 -0.143691
12.12807 184992 -57.0965 -0.132749
12.13032 185409 -53.9821 -0.125367
12.13257 185826 -52.5242 -0.121844
12.13482 186245 -62.0093 -0.143686
12.13707 186664 -56.3743 -0.130482
12.13932 187085 -56.4877 -0.130597
12.14157 187506 -59.9846 -0.138526
12.14381 187928 -61.4098 -0.141658
12.14606 188351 -58.4949 -0.134783
12.14831 188775 -55.7565 -0.128329
12.15056 189200 -51.9816 -0.119506
12.15281 189626 -51.4395 -0.118127
12.15506 190053 -58.2044 -0.133511
12.15731 190481 -59.3518 -0.135990
12.15956 190910 -59.0785 -0.135212
12.16181 191340 -56.5737 -0.129334
12.16406 191771 -62.4342 -0.142571
12.16631 192203 -69.0467 -0.157493
12.16856 192636 -78.5234 -0.178908
12.17080 193069 -72.6057 -0.165240
12.17305 193504 -72.8284 -0.165560
12.17530 193940 -78.9352 -0.179241
12.17755 194376 -73.5502 -0.166826
12.17980 194814 -73.0172 -0.165430
12.18205 195253 -83.0289 -0.187902
12.18430 195692 -77.0880 -0.174261
12.18655 196133 -77.9702 -0.176057
12.18880 196575 -76.0343 -0.171493
12.19105 197017 -80.9016 -0.182266
12.19330 197461 -80.3889 -0.180907
12.19555 197906 -83.1031 -0.186805
12.19779 198351 -79.8184 -0.179220
12.20004 198798 -82.3841 -0.184773
12.20229 199245 -73.0721 -0.163703
12.20454 199694 -76.9411 -0.172177
12.20679 200144 -80.9937 -0.181042
12.20904 200594 -88.5249 -0.197654
12.21129 201046 -85.7817 -0.191314
12.21354 201499 -89.4581 -0.199289
12.21579 201952 -90.9486 -0.202382
12.21804 202407 -89.5688 -0.199088
12.22029 202863 -84.2489 -0.187052
12.22254 203320 -82.3253 -0.182576
12.22479 203778 -70.1019 -0.155293
12.22703 204236 -76.4771 -0.169225
12.22928 204696 -77.6205 -0.171562
12.23153 205157 -77.6240 -0.171377
12.23378 205619 -82.2520 -0.181391
12.23603 206082 -79.9209 -0.176052
12.23828 206546 -81.7214 -0.179816
12.24053 207011 -81.2608 -0.178601
12.24278 207477 -84.6954 -0.185941
12.24503 207945 -95.7640 -0.210004
12.24728 208413 -74.0476 -0.162199
12.24952 208882 -62.4429 -0.136626
12.25177 209352 -59.0983 -0.129162
12.25402 209824 -68.6660 -0.149904
12.25627 210296 -59.7904 -0.130382
12.25852 210770 -54.8223 -0.119413
12.26077 211244 -58.8255 -0.127989
12.26302 211720 -62.1999 -0.135179
12.26527 212197 -68.2109 -0.148076
12.26752 212675 -56.3295 -0.122146
12.26977 213154 -56.9177 -0.123282
12.27201 213633 -52.3132 -0.113182
12.27427 214115 -44.7255 -0.096657
12.27652 214597 -36.5267 -0.078849
12.27877 215080 -42.4229 -0.091475
12.28101 215564 -47.5752 -0.102469
12.28327 216050 -56.7387 -0.122068
12.28551 216536 -51.1034 -0.109821
12.28776 217024 -56.5130 -0.121309
12.29001 217512 -53.5268 -0.114770
12.29226 218002 -48.2031 -0.103239
12.29451 218493 -41.1781 -0.088094
12.29676 218985 -41.8193 -0.089365
12.29901 219478 -30.0552 -0.064154
12.30126 219972 -25.3354 -0.054019
12.30350 220467 -21.7446 -0.046311
12.30576 220964 -16.5415 -0.035190
12.30800 221461 -22.9094 -0.048682
12.31025 221960 -29.1247 -0.061819
12.31250 222460 -29.7178 -0.063007
12.31475 222961 -30.3754 -0.064329
12.31700 223463 -26.4266 -0.055903
12.31925 223966 -30.6597 -0.064785
12.32150 224470 -31.9968 -0.067535
12.32375 224976 -29.7724 -0.062769
12.32600 225482 -30.9284 -0.065133
12.32825 225990 -27.6321 -0.058126
12.33050 226499 -23.8906 -0.050199
12.33274 227009 -17.4539 -0.036633
12.33499 227520 -29.6104 -0.062077
12.33724 228032 -31.8680 -0.066735
12.33949 228546 -39.3814 -0.082377
12.34174 229061 -41.1299 -0.085937
12.34399 229576 -52.3198 -0.109195
12.34624 230093 -57.3849 -0.119632
12.34849 230611 -45.9326 -0.095649
12.35074 231131 -51.6492 -0.107432
12.35299 231651 -59.5325 -0.123691
12.35524 232173 -52.6852 -0.109341
12.35748 232695 -63.4171 -0.131466
12.35973 233219 -56.2440 -0.116465
12.36199 233745 -58.9429 -0.121916
12.36423 234271 -66.0255 -0.136412
12.36648 234798 -68.4456 -0.141253
12.36873 235327 -60.7580 -0.125247
12.37098 235857 -52.7058 -0.108526
12.37323 236388 -55.3087 -0.113758
12.37548 236920 -61.4396 -0.126226
12.37773 237454 -58.7107 -0.120483
12.37998 237988 -48.0911 -0.098580
12.38223 238524 -49.6331 -0.101626
12.38447 239061 -43.6845 -0.089346
12.38673 239600 -48.0977 -0.098261
12.38897 240139 -54.1032 -0.110406
12.39122 240680 -64.4359 -0.131343
12.39347 241222 -55.1780 -0.112346
12.39572 241765 -51.9199 -0.105593
12.39797 242309 -66.7249 -0.135551
12.40022 242855 -70.9603 -0.143993
12.40247 243402 -68.7738 -0.139399
12.40472 243950 -69.0013 -0.139703
12.40697 244499 -66.7024 -0.134897
12.40922 245050 -64.1084 -0.129505
12.41147 245602 -54.0418 -0.109047
12.41372 246155 -54.2517 -0.109347
12.41596 246709 -44.8346 -0.090265
12.41821 247264 -49.8118 -0.100173
12.42046 247821 -47.3861 -0.095188
12.42271 248379 -40.3728 -0.081009
12.42496 248938 -26.4625 -0.053038
12.42721 249499 -20.1284 -0.040297
12.42946 250061 -19.6528 -0.039301
12.43171 250624 -22.2343 -0.044413
12.43396 251188 -35.0329 -0.069900
12.43621 251754 -37.4541 -0.074647
12.43846 252321 -23.6857 -0.047153
12.44071 252889 -20.6268 -0.041017
12.44295 253458 -30.2848 -0.060155
12.44520 254029 -37.0191 -0.073449
12.44745 254601 -35.4013 -0.070160
12.44970 255174 -36.6129 -0.072480
12.45195 255749 -35.0705 -0.069348
12.45420 256325 -32.5328 -0.064258
12.45645 256902 -36.5900 -0.072190
12.45870 257480 -36.9185 -0.072757
12.46095 258060 -28.6604 -0.056419
12.46320 258641 -35.4242 -0.069655
12.46545 259224 -38.0176 -0.074670
12.46769 259807 -37.4500 -0.073473
12.46994 260392 -31.9617 -0.062635
12.47220 260979 -29.2297 -0.057217
12.47444 261566 -29.6482 -0.057971
12.47669 262155 -38.8342 -0.075847
12.47894 262745 -34.1680 -0.066658
12.48119 263337 -38.0262 -0.074101
12.48344 263930 -42.7179 -0.083151
12.48569 264524 -41.1984 -0.080103
12.48794 265120 -49.3826 -0.095908
12.49019 265717 -52.9488 -0.102718
12.49244 266315 -48.7951 -0.094554
12.49469 266915 -45.9654 -0.088970
12.49693 267516 -38.6618 -0.074749
12.49918 268118 -50.7566 -0.098023
12.50143 268722 -42.5473 -0.082077
12.50368 269327 -40.3645 -0.077779
12.50593 269934 -27.4997 -0.052930
12.50818 270541 -28.6615 -0.055104
12.51043 271151 -29.3100 -0.056287
12.51268 271761 -36.6646 -0.070332
12.51493 272373 -34.7524 -0.066589
12.51718 272986 -48.3819 -0.092600
12.51943 273601 -55.7672 -0.106615
12.52168 274217 -56.8320 -0.108529
12.52393 274835 -61.4791 -0.117271
12.52617 275453 -66.5971 -0.126891
12.52842 276074 -80.4469 -0.153108
12.53067 276695 -79.9581 -0.152006
12.53292 277318 -77.2806 -0.146751
12.53517 277943 -73.7613 -0.139911
12.53742 278569 -67.3004 -0.127512
12.53967 279196 -80.1806 -0.151745
12.54192 279824 -80.1147 -0.151450
12.54417 280455 -82.7804 -0.156313
12.54642 281086 -99.7173 -0.188084
12.54867 281719 -96.4310 -0.181681
12.55091 282353 -90.3288 -0.169993
12.55316 282989 -82.8140 -0.155675
12.55541 283626 -88.5358 -0.166244
12.55766 284265 -79.2972 -0.148729
12.55991 284905 -75.8679 -0.142137
12.56216 285547 -70.1362 -0.131251
12.56441 286190 -56.1847 -0.105024
12.56666 286834 -58.5521 -0.109327
12.56891 287480 -67.5395 -0.125966
12.57116 288127 -50.4097 -0.093912
12.57341 288776 -39.7823 -0.074030
12.57565 289426 -36.6082 -0.068047
12.57791 290078 -40.0713 -0.074401
12.58015 290731 -39.2479 -0.072790
12.58240 291386 -47.5702 -0.088125
12.58465 292042 -44.7632 -0.082832
12.58690 292699 -53.1672 -0.098273
12.58915 293358 -58.2089 -0.107471
12.59140 294019 -64.2076 -0.118413
12.59365 294681 -50.5219 -0.093069
12.59590 295345 -52.2681 -0.096177
12.59815 296010 -63.6662 -0.117019
12.60040 296676 -68.0225 -0.124885
12.60264 297344 -65.3266 -0.119801
12.60490 298014 -65.3965 -0.119794
12.60714 298685 -68.6104 -0.125540
12.60939 299357 -57.6214 -0.105315
12.61164 300031 -56.5025 -0.103154
12.61389 300707 -64.8751 -0.118306
12.61614 301384 -71.2537 -0.129792
12.61839 302063 -69.1973 -0.125904
12.62064 302743 -64.7284 -0.117641
12.62289 303424 -64.5521 -0.117189
12.62514 304108 -75.3280 -0.136597
12.62738 304792 -80.6026 -0.145998
12.62964 305479 -80.9559 -0.146473
12.63189 306167 -81.2010 -0.146751
12.63413 306856 -79.4878 -0.143494
12.63638 307547 -78.6110 -0.141752
12.63863 308239 -72.0520 -0.129778
12.64088 308933 -81.3639 -0.146386
12.64313 309629 -92.9793 -0.167096
12.64538 310326 -88.6860 -0.159201
12.64763 311025 -78.7340 -0.141177
12.64988 311725 -71.8727 -0.128729
12.65213 312427 -70.4528 -0.126044
12.65438 313131 -67.9591 -0.121446
12.65663 313836 -65.1586 -0.116311
12.65888 314543 -77.3093 -0.137845
12.66112 315251 -78.5178 -0.139843
12.66337 315961 -82.3250 -0.146459
12.66562 316672 -73.0340 -0.129784
12.66787 317385 -63.8190 -0.113281
12.67012 318100 -57.6402 -0.102198
12.67237 318816 -53.1849 -0.094193
12.67462 319534 -46.5147 -0.082287
12.67687 320253 -54.9807 -0.097155
12.67912 320975 -49.8017 -0.087904
12.68137 321697 -51.8701 -0.091452
12.68362 322422 -61.5788 -0.108447
12.68587 323148 -69.4413 -0.122157
12.68811 323875 -56.8572 -0.099907
12.69036 324605 -48.8492 -0.085739
12.69261 325335 -49.2829 -0.086403
12.69486 326068 -57.2875 -0.100324
12.69711 326802 -62.8988 -0.110027
12.69936 327538 -67.4908 -0.117927
12.70161 328276 -65.2891 -0.113952
12.70386 329015 -49.8187 -0.086853
12.70611 329756 -59.1462 -0.102998
12.70836 330498 -57.7428 -0.100442
12.71060 331242 -60.4869 -0.105097
12.71285 331988 -69.1174 -0.119957
12.71510 332736 -67.5181 -0.117050
12.71735 333485 -63.1380 -0.109333
12.71960 334236 -63.2032 -0.109323
12.72185 334988 -67.1219 -0.115971
12.72410 335743 -70.4214 -0.121535
12.72635 336499 -78.9992 -0.136185
12.72860 337256 -73.1860 -0.126023
12.73085 338016 -76.6765 -0.131884
12.73310 338777 -85.9731 -0.147709
12.73535 339540 -84.9888 -0.145853
12.73759 340304 -98.0662 -0.168107
12.73985 341071 -105.5861 -0.180794
12.74210 341839 -105.5920 -0.180601
12.74434 342608 -90.3498 -0.154358
12.74659 343380 -92.4349 -0.157742
12.74884 344153 -92.5431 -0.157750
12.75109 344928 -99.6347 -0.169647
12.75334 345705 -80.3212 -0.136608
12.75559 346483 -81.1840 -0.137921
12.75784 347263 -81.7155 -0.138668
12.76009 348045 -80.2779 -0.136075
12.76234 348829 -81.7523 -0.138418
12.76458 349614 -83.9455 -0.141972
12.76683 350401 -79.4987 -0.134300
12.76908 351190 -80.5604 -0.135941
12.77133 351981 -92.0067 -0.155081
12.77358 352774 -97.3576 -0.163916
12.77583 353568 -99.1721 -0.166783
12.77808 354364 -93.8733 -0.157695
12.78033 355162 -93.6744 -0.157184
12.78258 355962 -93.9124 -0.157406
12.78483 356763 -88.0810 -0.147466
12.78708 357567 -86.6287 -0.144872
12.78933 358372 -81.2496 -0.135723
12.79158 359179 -83.8777 -0.139956
12.79383 359988 -83.3843 -0.138976
12.79607 360798 -86.0115 -0.143194
12.79832 361611 -77.1634 -0.128319
12.80057 362425 -76.6061 -0.127249
12.80282 363241 -69.7842 -0.115787
12.80507 364059 -56.2944 -0.093299
12.80732 364879 -59.3884 -0.098317
12.80957 365700 -35.9957 -0.059523
12.81182 366524 -26.1046 -0.043119
12.81407 367349 -34.4981 -0.056919
12.81632 368176 -38.4887 -0.063432
12.81857 369005 -38.8362 -0.063932
12.82081 369836 -34.0873 -0.056052
12.82306 370669 -47.5248 -0.078060
12.82531 371503 -54.8351 -0.089966
12.82756 372340 -60.7396 -0.099541
12.82981 373178 -59.4035 -0.097242
12.83206 374019 -54.9775 -0.089895
12.83431 374861 -51.0655 -0.083405
12.83656 375705 -47.5876 -0.077637
12.83881 376551 -58.0400 -0.094584
12.84106 377399 -63.4989 -0.103363
12.84331 378248 -65.9050 -0.107159
12.84556 379100 -62.8119 -0.102015
12.84781 379954 -57.1040 -0.092641
12.85005 380809 -45.9393 -0.074444
12.85230 381667 -43.1781 -0.069891
12.85455 382526 -33.9828 -0.054945
12.85680 383388 -20.8625 -0.033693
12.85905 384251 -11.2837 -0.018203
12.86130 385116 -11.0748 -0.017846
12.86355 385983 -21.3667 -0.034392
12.86580 386852 -18.6928 -0.030054
12.86805 387723 -11.3244 -0.018187
12.87030 388596 -7.1206 -0.011423
12.87254 389471 -19.3218 -0.030961
12.87479 390348 -9.8741 -0.015804
12.87704 391227 6.8852 0.011008
12.87929 392108 3.8177 0.006097
12.88154 392991 -2.6832 -0.004280
12.88379 393876 -4.8819 -0.007779
12.88604 394763 -8.5184 -0.013558
12.88829 395652 4.8168 0.007658
12.89054 396543 5.5736 0.008851
12.89279 397436 -1.3397 -0.002125
12.89504 398331 -2.3382 -0.003705
12.89729 399228 -8.3431 -0.013204
12.89953 400126 -21.6605 -0.034243
12.90178 401027 -12.6897 -0.020039
12.90403 401930 10.2802 0.016215
12.90628 402835 9.3792 0.014777
12.90853 403743 19.2884 0.030356
12.91078 404652 20.1958 0.031748
12.91303 405563 7.7139 0.012113
12.91528 406476 11.8461 0.018581
12.91753 407391 7.4482 0.011669
12.91978 408309 4.5597 0.007136
12.92203 409228 2.4244 0.003790
12.92428 410149 -5.3008 -0.008277
12.92653 411073 -4.7354 -0.007386
12.92878 411999 -20.8532 -0.032488
12.93102 412926 -9.1015 -0.014164
12.93327 413856 -14.2379 -0.022132
12.93552 414788 -24.4908 -0.038027
12.93777 415722 -29.5652 -0.045854
12.94002 416658 -31.5671 -0.048904
12.94227 417596 -31.3302 -0.048483
12.94452 418536 -32.0602 -0.049556
12.94677 419479 -35.9995 -0.055583
12.94902 420423 -24.7806 -0.038218
12.95127 421370 -29.2758 -0.045100
12.95352 422319 -44.4557 -0.068408
12.95577 423270 -57.7754 -0.088804
12.95801 424223 -55.2433 -0.084817
12.96026 425178 -50.0474 -0.076753
12.96251 426136 -48.9367 -0.074965
12.96476 427095 -61.4131 -0.093972
12.96701 428057 -58.3687 -0.089213
12.96926 429021 -68.1188 -0.103999
12.97151 429987 -69.1670 -0.105480
12.97376 430955 -73.3260 -0.111697
12.97601 431925 -66.1068 -0.100587
12.97826 432898 -56.9583 -0.086569
12.98051 433873 -60.3570 -0.091632
12.98275 434849 -78.9127 -0.119668
12.98501 435829 -73.5353 -0.111388
12.98725 436810 -74.4841 -0.112698
12.98950 437794 -91.2432 -0.137900
12.99175 438779 -95.7561 -0.144559
12.99400 439767 -111.7848 -0.168567
12.99625 440758 -107.6794 -0.162193
12.99850 441750 -101.0952 -0.152105
13.00075 442745 -103.8973 -0.156145
13.00300 443742 -106.8783 -0.160444
13.00525 444741 -94.4165 -0.141577
13.00750 445742 -95.7259 -0.143380
13.00975 446746 -94.3532 -0.141165
13.01199 447752 -91.2654 -0.136391
13.01424 448760 -77.9070 -0.116297
13.01649 449771 -71.1793 -0.106135
13.01874 450783 -62.0844 -0.092470
13.02099 451798 -82.9032 -0.123339
13.02324 452816 -83.9637 -0.124776
13.02549 453835 -85.9260 -0.127549
13.02774 454857 -91.1982 -0.135222
13.02999 455881 -91.3907 -0.135356
13.03224 456908 -99.7967 -0.147639
13.03449 457937 -105.3675 -0.155705
13.03674 458968 -118.8804 -0.175476
13.03898 460001 -118.3084 -0.174436
13.04123 461037 -121.0197 -0.178233
13.04348 462075 -124.2887 -0.182842
13.04573 463116 -101.2807 -0.148827
13.04798 464158 -102.3170 -0.150181
13.05023 465204 -93.6013 -0.137234
13.05248 466251 -84.6117 -0.123914
13.05473 467301 -94.2830 -0.137923
13.05698 468353 -91.8694 -0.134241
13.05923 469408 -81.1606 -0.118460
13.06148 470465 -89.6719 -0.130735
13.06373 471524 -85.6459 -0.124725
13.06598 472586 -83.8793 -0.122015
13.06822 473650 -77.3814 -0.112437
13.07047 474716 -80.4370 -0.116745
13.07272 475785 -73.6974 -0.106843
13.07497 476857 -70.2323 -0.101705
13.07722 477930 -76.1730 -0.110184
13.07947 479007 -76.3930 -0.110378
13.08172 480085 -67.1422 -0.096903
13.08397 481166 -68.2192 -0.098347
13.08622 482250 -52.3595 -0.075398
13.08847 483335 -56.1758 -0.080803
13.09072 484424 -70.6511 -0.101509
13.09297 485515 -65.0630 -0.093375
13.09521 486608 -75.4145 -0.108110
13.09746 487703 -68.3053 -0.097809
13.09971 488802 -67.0912 -0.095962
13.10196 489902 -77.0021 -0.110014
13.10421 491005 -77.6658 -0.110838
13.10646 492111 -85.2817 -0.121569
13.10871 493219 -86.2813 -0.122856
13.11096 494330 -77.7441 -0.110575
13.11321 495443 -79.9548 -0.113592
13.11546 496558 -68.3318 -0.096970
13.11770 497676 -55.4419 -0.078590
13.11995 498797 -51.0120 -0.072229
13.12220 499920 -60.6192 -0.085735
13.12445 501046 -76.4089 -0.107946
13.12670 502174 -74.7959 -0.105548
13.12895 503305 -78.7929 -0.111064
13.13120 504438 -87.6631 -0.123428
13.13345 505574 -84.9513 -0.119475
13.13570 506712 -92.0733 -0.129346
13.13795 507853 -92.4515 -0.129731
13.14020 508997 -89.3531 -0.125243
13.14245 510143 -94.8623 -0.132815
13.14470 511292 -88.1413 -0.123266
13.14694 512443 -95.2455 -0.133052
13.14919 513597 -102.8981 -0.143581
13.15144 514753 -93.2067 -0.129912
13.15369 515912 -96.3626 -0.134159
13.15594 517074 -87.3359 -0.121455
13.15819 518238 -103.3303 -0.143537
13.16044 519405 -98.4961 -0.136668
13.16269 520575 -97.4634 -0.135083
13.16494 521747 -87.4470 -0.121064
13.16719 522922 -84.5997 -0.116990
13.16944 524099 -88.5120 -0.122263
13.17168 525279 -87.5752 -0.120833
13.17393 526462 -87.4522 -0.120528
13.17618 527648 -91.1295 -0.125455
13.17843 528836 -78.1016 -0.107399
13.18068 530026 -66.0330 -0.090701
13.18293 531220 -48.9741 -0.067194
13.18518 532416 -55.0066 -0.075386
13.18743 533615 -41.6856 -0.057065
13.18968 534816 -34.2773 -0.046871
13.19193 536021 -24.4608 -0.033410
13.19418 537228 -40.9355 -0.055850
13.19643 538437 -50.8484 -0.069296
13.19868 539650 -68.4275 -0.093148
13.20092 540865 -62.8181 -0.085416
13.20317 542083 -48.7572 -0.066223
13.20542 543303 -49.0784 -0.066584
13.20767 544527 -46.7457 -0.063348
13.20992 545753 -47.4444 -0.064222
13.21217 546982 -46.6219 -0.063038
13.21442 548213 -49.6697 -0.067084
13.21667 549448 -54.1583 -0.073064
13.21892 550685 -43.0538 -0.058018
13.22117 551925 -60.4588 -0.081380
13.22342 553168 -34.1668 -0.045938
13.22567 554413 -32.7556 -0.043992
13.22792 555662 -33.1445 -0.044464
13.23016 556913 -30.6894 -0.041124
13.23241 558167 -36.7298 -0.049163
13.23466 559424 -39.1053 -0.052284
13.23691 560683 -28.2088 -0.037673
13.23916 561946 -15.8338 -0.021122
13.24141 563211 -14.8904 -0.019841
13.24366 564479 10.2622 0.013659
13.24591 565750 10.8412 0.014413
13.24816 567024 1.0932 0.001452
13.25041 568301 -5.1689 -0.006857
13.25266 569581 -9.7705 -0.012946
13.25490 570863 -11.6476 -0.015416
13.25715 572149 -23.8629 -0.031548
13.25940 573437 -21.0039 -0.027737
13.26165 574728 -32.0865 -0.042324
13.26390 576022 -46.3952 -0.061130
13.26615 577319 -62.2206 -0.081889
13.26840 578619 -73.4443 -0.096552
13.27065 579922 -77.6873 -0.102015
13.27290 581228 -73.7398 -0.096723
13.27515 582537 -73.3840 -0.096148
13.27740 583848 -69.5906 -0.091075
13.27965 585163 -76.2071 -0.099622
13.28190 586481 -78.4995 -0.102504
13.28414 587801 -77.6195 -0.101241
13.28639 589125 -74.6227 -0.097223
13.28864 590451 -62.0118 -0.080702
13.29089 591781 -71.7901 -0.093322
13.29314 593113 -51.2007 -0.066482
13.29539 594449 -44.4338 -0.057631
13.29764 595787 -36.1425 -0.046824
13.29989 597129 -39.0133 -0.050487
13.30214 598473 -58.2471 -0.075293
13.30439 599821 -71.9934 -0.092957
13.30664 601172 -73.6365 -0.094972
13.30888 602525 -51.8389 -0.066783
13.31113 603882 -35.6425 -0.045866
13.31338 605242 -42.8456 -0.055073
13.31563 606604 -39.6189 -0.050869
13.31788 607970 -35.7402 -0.045837
13.32013 609339 -31.8366 -0.040785
13.32238 610711 -36.0932 -0.046186
13.32463 612087 -52.5969 -0.067229
13.32688 613465 -52.1157 -0.066539
13.32913 614846 -43.6885 -0.055717
13.33138 616231 -42.8243 -0.054553
13.33363 617618 -42.0023 -0.053446
13.33588 619009 -41.3299 -0.052531
13.33812 620403 -24.6470 -0.031292
13.34037 621800 -31.0855 -0.039421
13.34262 623200 -28.6211 -0.036255
13.34487 624603 -36.4938 -0.046176
13.34712 626009 -43.8328 -0.055400
13.34937 627419 -56.8762 -0.071805
13.35162 628832 -57.3301 -0.072296
13.35387 630248 -71.7858 -0.090424
13.35612 631667 -81.0933 -0.102033
13.35837 633089 -90.0067 -0.113121
13.36062 634515 -86.9272 -0.109128
13.36286 635943 -85.2631 -0.106918
13.36511 637375 -85.5970 -0.107216
13.36736 638811 -94.8947 -0.118729
13.36961 640249 -105.8393 -0.132273
13.37186 641691 -103.1479 -0.128765
13.37411 643135 -93.7776 -0.116936
13.37636 644584 -90.3104 -0.112486
13.37861 646035 -85.9425 -0.106925
13.38086 647490 -92.0249 -0.114364
13.38311 648948 -90.5703 -0.112430
13.38536 650409 -99.6937 -0.123616
13.38761 651873 -95.2510 -0.117975
13.38985 653341 -84.1943 -0.104163
13.39210 654812 -76.4510 -0.094477
13.39435 656287 -75.7452 -0.093499
13.39660 657765 -73.2538 -0.090322
13.39885 659246 -56.1334 -0.069135
13.40110 660730 -56.2908 -0.069251
13.40335 662218 -50.4993 -0.062056
13.40560 663709 -70.3765 -0.086385
13.40785 665203 -48.5401 -0.059515
13.41010 666701 -53.8649 -0.065969
13.41235 668203 -32.5670 -0.039840
13.41460 669707 -28.4777 -0.034799
13.41684 671215 -5.6771 -0.006929
13.41909 672726 -30.5034 -0.037190
13.42134 674241 -15.8572 -0.019312
13.42359 675759 -16.8494 -0.020497
13.42584 677281 -33.0742 -0.040189
13.42809 678806 -17.2645 -0.020955
13.43034 680335 -14.9405 -0.018114
13.43259 681866 -22.4358 -0.027170
13.43484 683402 -17.5508 -0.021230
13.43709 684941 -9.8626 -0.011917
13.43934 686483 -8.0762 -0.009748
13.44159 688029 -1.2037 -0.001451
13.44384 689578 -3.8820 -0.004675
13.44608 691131 -3.9506 -0.004752
13.44833 692687 -1.2957 -0.001557
13.45058 694247 1.6746 0.002010
13.45283 695810 -8.7613 -0.010503
13.45508 697377 -32.7023 -0.039160
13.45733 698947 -24.8299 -0.029700
13.45958 700521 -27.1384 -0.032425
13.46183 702098 -31.1047 -0.037122
13.46408 703679 -28.3446 -0.033790
13.46633 705263 -21.5200 -0.025625
13.46858 706851 -13.4457 -0.015993
13.47082 708443 -8.9257 -0.010604
13.47307 710038 -15.1873 -0.018024
13.47532 711637 -13.8533 -0.016422
13.47757 713239 -20.7808 -0.024606
13.47982 714845 -34.8854 -0.041261
13.48207 716455 -28.6948 -0.033901
13.48432 718068 -37.7092 -0.044500
13.48657 719685 -62.2341 -0.073360
13.48882 721306 -71.0774 -0.083690
13.49107 722930 -89.7420 -0.105547
13.49332 724558 -77.6063 -0.091172
13.49557 726189 -84.3336 -0.098964
13.49781 727824 -55.7301 -0.065325
13.50006 729463 -63.5222 -0.074374
13.50231 731106 -64.3517 -0.075261
13.50456 732752 -76.0016 -0.088786
13.50681 734402 -74.5353 -0.086975
13.50906 736056 -77.0710 -0.089833
13.51131 737713 -90.5715 -0.105450
13.51356 739374 -93.3412 -0.108553
13.51581 741039 -67.3718 -0.078263
13.51806 742707 -61.0127 -0.070796
13.52031 744380 -76.5506 -0.088726
13.52256 746056 -80.9857 -0.093761
13.52481 747736 -83.7103 -0.096807
13.52705 749419 -91.8190 -0.106065
13.52930 751107 -115.8467 -0.133670
13.53155 752798 -111.0811 -0.128027
13.53380 754493 -118.6939 -0.136647
13.53605 756192 -108.7471 -0.125055
13.53830 757895 -96.8841 -0.111288
13.54055 759601 -108.4742 -0.124461
13.54280 761312 -103.8115 -0.118977
13.54505 763026 -87.6630 -0.100357
13.54730 764744 -100.2420 -0.114628
13.54955 766466 -94.5296 -0.107975
13.55179 768192 -98.1769 -0.112015
13.55404 769922 -87.6065 -0.099842
13.55629 771655 -67.1405 -0.076432
13.55854 773393 -52.0563 -0.059193
13.56079 775134 -60.3721 -0.068572
13.56304 776880 -58.6238 -0.066512
13.56529 778629 -82.7698 -0.093801
13.56754 780382 -85.0308 -0.096255
13.56979 782139 -83.7893 -0.094743
13.57204 783901 -93.7100 -0.105841
13.57429 785666 -100.4334 -0.113308
13.57654 787435 -97.0895 -0.109412
13.57879 789208 -105.2349 -0.118458
13.58103 790985 -109.8229 -0.123483
13.58328 792766 -110.3647 -0.123953
13.58553 794551 -99.9845 -0.112169
13.58778 796340 -103.3234 -0.115784
13.59003 798133 -114.1552 -0.127779
13.59228 799930 -137.8221 -0.154097
13.59453 801732 -145.4229 -0.162412
13.59678 803537 -140.7192 -0.156982
13.59903 805346 -154.6738 -0.172356
13.60128 807160 -182.7998 -0.203468
13.60353 808977 -167.8485 -0.186616
13.60578 810799 -153.4346 -0.170399
13.60802 812624 -175.6208 -0.194819
13.61027 814454 -177.0594 -0.196194
13.61252 816288 -170.0104 -0.188171
13.61477 818126 -160.6313 -0.177591
13.61702 819968 -155.4780 -0.171700
13.61927 821815 -127.0085 -0.140102
13.62152 823665 -119.4538 -0.131621
13.62377 825520 -93.9845 -0.103441
13.62602 827379 -102.8275 -0.113046
13.62827 829242 -97.6384 -0.107221
13.63052 831109 -87.5219 -0.096004
13.63276 832980 -107.3937 -0.117669
13.63501 834856 -89.5927 -0.098054
13.63726 836736 -114.1115 -0.124748
13.63951 838620 -120.4271 -0.131505
13.64176 840508 -99.0910 -0.108084
13.64401 842401 -75.0674 -0.081788
13.64626 844297 -79.6829 -0.086720
13.64851 846199 -71.5280 -0.077757
13.65076 848104 -60.6052 -0.065809
13.65301 850014 -59.7400 -0.064797
13.65526 851928 -50.7593 -0.054994
13.65751 853846 -53.5078 -0.057906
13.65975 855768 -57.4986 -0.062155
13.66200 857695 -62.7333 -0.067738
13.66425 859627 -41.6759 -0.044950
13.66650 861562 -42.3021 -0.045574
13.66875 863502 -44.8422 -0.048256
13.67100 865447 -50.2127 -0.053975
13.67325 867395 -28.6620 -0.030775
13.67550 869348 -18.9841 -0.020361
13.67775 871306 -21.5966 -0.023137
13.68000 873268 -24.0322 -0.025717
13.68225 875234 -27.4533 -0.029345
13.68450 877205 -18.9826 -0.020268
13.68674 879180 -12.0032 -0.012801
13.68899 881160 -7.6057 -0.008102
13.69124 883144 -21.0438 -0.022393
13.69349 885133 -6.0509 -0.006432
13.69574 887126 -12.7182 -0.013503
13.69799 889123 -11.7298 -0.012440
13.70024 891125 -41.6339 -0.044104
13.70249 893132 -63.6855 -0.067388
13.70474 895143 -51.9542 -0.054913
13.70699 897158 -47.5510 -0.050203
13.70924 899178 -53.0085 -0.055901
13.71149 901203 -54.3146 -0.057214
13.71373 903232 -61.6303 -0.064848
13.71598 905266 -43.9986 -0.046243
13.71823 907305 -18.0794 -0.018981
13.72048 909348 -37.4133 -0.039234
13.72273 911395 -40.5725 -0.042499
13.72498 913447 -67.4272 -0.070549
13.72723 915504 -40.3319 -0.042152
13.72948 917566 -64.6239 -0.067464
13.73173 919632 -74.8906 -0.078094
13.73398 921702 -88.7211 -0.092413
13.73623 923778 -70.5972 -0.073452
13.73848 925858 -51.1021 -0.053109
13.74073 927943 -69.3119 -0.071953
13.74297 930032 -59.1875 -0.061374
13.74522 932126 -57.9016 -0.059973
13.74747 934225 -41.1502 -0.042574
13.74972 936329 -66.3721 -0.068592
13.75197 938437 -67.7843 -0.069972
13.75422 940550 -42.3833 -0.043702
13.75647 942668 -28.5841 -0.029441
13.75872 944791 -28.6587 -0.029484
13.76097 946918 -46.6285 -0.047918
13.76322 949050 -51.5062 -0.052871
13.76547 951187 -46.9528 -0.048143
13.76772 953329 -36.1637 -0.037038
13.76996 955475 -21.3661 -0.021858
13.77221 957627 -29.0058 -0.029641
13.77446 959783 -14.5399 -0.014841
13.77671 961944 -20.6164 -0.021020
13.77896 964110 -20.0557 -0.020426
13.78121 966281 -40.9643 -0.041673
13.78346 968457 -43.7482 -0.044455
13.78571 970638 -48.7227 -0.049454
13.78796 972823 -53.1284 -0.053865
13.79021 975014 -30.5087 -0.030897
13.79246 977209 -28.2368 -0.028564
13.79471 979410 -35.0013 -0.035367
13.79695 981615 -42.3906 -0.042786
13.79920 983825 -54.8160 -0.055265
13.80145 986041 -71.9234 -0.072431
13.80370 988261 -65.1970 -0.065583
13.80595 990486 -65.4036 -0.065717
13.80820 992716 -69.4000 -0.069654
13.81045 994952 -51.5235 -0.051654
13.81270 997192 -60.2955 -0.060380
13.81495 999437 -64.4387 -0.064457
13.81720 1001688 -62.9250 -0.062872
13.81945 1003943 -80.4469 -0.080289
13.82170 1006204 -64.9082 -0.064708
13.82394 1008470 -82.1963 -0.081850
13.82619 1010740 -63.4828 -0.063145
13.82844 1013016 -43.7056 -0.043424
13.83069 1015297 -38.5005 -0.038209
13.83294 1017583 -45.4949 -0.045100
13.83519 1019875 -35.6341 -0.035285
13.83744 1022171 -31.3834 -0.031041
13.83969 1024473 -25.8641 -0.025553
13.84194 1026780 -17.3314 -0.017104
13.84419 1029092 -27.2127 -0.026825
13.84644 1031409 -10.3405 -0.010182
13.84869 1033731 -14.1360 -0.013903
13.85093 1036059 -11.3958 -0.011196
13.85318 1038392 -1.9512 -0.001915
13.85543 1040730 -3.7232 -0.003650
13.85768 1043073 -15.4288 -0.015107
13.85993 1045422 -31.0596 -0.030377
13.86218 1047776 -48.5473 -0.047428
13.86443 1050135 -17.1987 -0.016783
13.86668 1052500 -29.7908 -0.029038
13.86893 1054870 -2.2714 -0.002212
13.87118 1057245 -21.3995 -0.020812
13.87343 1059626 -43.4160 -0.042177
13.87568 1062012 -22.9543 -0.022274
13.87792 1064403 -26.1514 -0.025348
13.88017 1066800 -32.2535 -0.031227
13.88242 1069202 -28.5104 -0.027572
13.88467 1071609 -58.6134 -0.056621
13.88692 1074022 -56.7908 -0.054799
13.88917 1076441 -78.6838 -0.075839
13.89142 1078864 -78.7181 -0.075786
13.89367 1081294 -58.9252 -0.056667
13.89592 1083728 -83.0433 -0.079771
13.89817 1086169 -78.6513 -0.075467
13.90042 1088614 -81.2540 -0.077877
13.90267 1091066 -82.8036 -0.079273
13.90491 1093522 -81.7966 -0.078221
13.90716 1095985 -87.1363 -0.083233
13.90941 1098452 -97.2096 -0.092751
13.91166 1100926 -91.8349 -0.087524
13.91391 1103405 -84.8903 -0.080815
13.91616 1105889 -74.7072 -0.071041
13.91841 1108379 -86.1510 -0.081831
13.92066 1110875 -68.9353 -0.065405
13.92291 1113377 -81.8280 -0.077550
13.92516 1115883 -62.6700 -0.059327
13.92741 1118396 -58.5891 -0.055401
13.92965 1120914 -54.3933 -0.051376
13.93190 1123438 -61.8398 -0.058344
13.93415 1125968 -40.2881 -0.037968
13.93640 1128503 -33.9509 -0.031960
13.93865 1131044 -55.4481 -0.052137
13.94090 1133591 -66.0161 -0.062004
13.94315 1136144 -54.3404 -0.050981
13.94540 1138702 -45.1641 -0.042324
13.94765 1141266 -62.5094 -0.058513
13.94990 1143836 -95.2733 -0.089082
13.95215 1146411 -91.8461 -0.085781
13.95440 1148993 -89.8873 -0.083857
13.95665 1151580 -119.1390 -0.111021
13.95889 1154173 -125.7463 -0.117047
13.96114 1156772 -113.1825 -0.105234
13.96339 1159376 -109.9557 -0.102119
13.96564 1161987 -106.2539 -0.098570
13.96789 1164603 -84.9616 -0.078729
13.97014 1167226 -107.3491 -0.099362
13.97239 1169854 -109.8951 -0.101604
13.97464 1172488 -123.3558 -0.113921
13.97689 1175128 -132.6516 -0.122369
13.97914 1177774 -140.5732 -0.129530
13.98139 1180426 -133.4790 -0.122855
13.98364 1183084 -121.0713 -0.111310
13.98588 1185748 -116.4420 -0.106933
13.98813 1188418 -82.4146 -0.075600
13.99038 1191094 -75.2465 -0.068947
13.99263 1193776 -79.4287 -0.072697
13.99488 1196464 -76.9412 -0.070341
13.99713 1199158 -77.6472 -0.070907
13.99938 1201858 -64.6254 -0.058949
14.00163 1204565 -66.6900 -0.060764
14.00388 1207277 -58.8203 -0.053533
14.00613 1209995 -71.4894 -0.064990
14.00838 1212720 -65.1090 -0.059124
14.01063 1215451 -48.6186 -0.044099
14.01287 1218187 -62.8963 -0.056986
14.01512 1220930 -69.9276 -0.063285
14.01737 1223680 -87.5738 -0.079166
14.01962 1226435 -108.3360 -0.097825
14.02187 1229196 -112.8439 -0.101781
14.02412 1231964 -123.6866 -0.111435
14.02637 1234738 -106.0962 -0.095480
14.02862 1237519 -112.1284 -0.100795
14.03087 1240305 -109.7907 -0.098583
14.03312 1243098 -87.5368 -0.078512
14.03537 1245897 -104.3939 -0.093526
14.03762 1248702 -117.8010 -0.105419
14.03986 1251514 -127.8705 -0.114302
14.04211 1254332 -129.3574 -0.115501
14.04436 1257156 -109.0669 -0.097274
14.04661 1259987 -73.9047 -0.065840
14.04886 1262824 -54.0276 -0.048078
14.05111 1265668 -60.2628 -0.053566
14.05336 1268518 -67.4110 -0.059852
14.05561 1271374 -68.5705 -0.060814
14.05786 1274237 -101.3504 -0.089784
14.06011 1277106 -93.0660 -0.082353
14.06236 1279982 -82.5204 -0.072939
14.06461 1282864 -98.5710 -0.087028
14.06685 1285752 -111.7340 -0.098539
14.06910 1288648 -110.8016 -0.097607
14.07135 1291549 -101.9395 -0.089699
14.07360 1294457 -112.1506 -0.098573
14.07585 1297372 -114.1714 -0.100236
14.07810 1300293 -102.9915 -0.090319
14.08035 1303221 -83.5946 -0.073227
14.08260 1306156 -99.0710 -0.086686
14.08485 1309097 -92.6563 -0.080982
14.08710 1312044 -90.7886 -0.079261
14.08935 1314999 -100.8637 -0.087957
14.09160 1317960 -95.7390 -0.083395
14.09384 1320927 -109.4795 -0.095256
14.09609 1323902 -106.7345 -0.092763
14.09834 1326883 -92.7112 -0.080485
14.10059 1329871 -74.4088 -0.064524
14.10284 1332865 -93.1908 -0.080720
14.10509 1335866 -88.0100 -0.076147
14.10734 1338874 -94.1154 -0.081338
14.10959 1341889 -110.1866 -0.095120
14.11184 1344910 -114.5667 -0.098790
14.11409 1347939 -97.0282 -0.083572
14.11634 1350974 -87.0324 -0.074879
14.11859 1354016 -109.4542 -0.094063
14.12083 1357065 -98.9432 -0.084935
14.12308 1360120 -97.9888 -0.084021
14.12533 1363183 -82.5199 -0.070678
14.12758 1366253 -56.8064 -0.048599
14.12983 1369329 -49.6424 -0.042423
14.13208 1372412 -67.0963 -0.057274
14.13433 1375502 -60.6708 -0.051731
14.13658 1378600 -41.7048 -0.035519
14.13883 1381704 -61.8413 -0.052610
14.14108 1384815 -64.7337 -0.055009
14.14333 1387933 -70.3810 -0.059741
14.14558 1391058 -88.1488 -0.074738
14.14782 1394191 -95.0550 -0.080503
14.15007 1397330 -93.0610 -0.078726
14.15232 1400476 -88.3056 -0.074619
14.15457 1403630 -60.8246 -0.051340
14.15682 1406790 -50.2359 -0.042355
14.15907 1409958 -59.7904 -0.050353
14.16132 1413133 -86.4933 -0.072760
14.16357 1416315 -68.7632 -0.057780
14.16582 1419504 -67.0097 -0.056243
14.16807 1422700 -86.4203 -0.072453
14.17032 1425904 -122.3298 -0.102444
14.17257 1429114 -140.1993 -0.117277
14.17481 1432332 -116.0124 -0.096935
14.17706 1435558 -83.9328 -0.070052
14.17931 1438790 -91.9950 -0.076695
14.18156 1442030 -97.9039 -0.081529
14.18381 1445277 -97.0845 -0.080756
14.18606 1448531 -66.2727 -0.055064
14.18831 1451793 -37.3643 -0.031010
14.19056 1455062 -22.0167 -0.018252
14.19281 1458338 -52.6093 -0.043565
14.19506 1461622 -36.7916 -0.030432
14.19731 1464913 -27.0038 -0.022311
14.19956 1468211 -19.7299 -0.016283
14.20180 1471517 -17.1159 -0.014110
14.20405 1474831 4.2064 0.003464
14.20630 1478152 3.8052 0.003130
14.20855 1481480 2.6540 0.002180
14.21080 1484816 2.2355 0.001835
14.21305 1488159 -0.2760 -0.000226
14.21530 1491510 12.8850 0.010550
14.21755 1494869 -1.5000 -0.001227
14.21980 1498235 -32.4194 -0.026486
14.22205 1501608 -16.5782 -0.013529
14.22430 1504989 -5.6555 -0.004610
14.22655 1508378 12.5608 0.010227
14.22880 1511775 11.7249 0.009536
14.23104 1515179 34.9389 0.028384
14.23329 1518590 62.5190 0.050733
14.23554 1522010 42.5343 0.034477
14.23779 1525437 51.0479 0.041331
14.24004 1528872 20.0028 0.016177
14.24229 1532314 -21.2966 -0.017204
14.24454 1535765 -41.8877 -0.033801
14.24679 1539223 -23.3816 -0.018846
14.24904 1542689 -27.9004 -0.022463
14.25129 1546162 -17.1879 -0.013823
14.25354 1549644 -23.1841 -0.018624
14.25578 1553133 -13.6454 -0.010949
14.25803 1556630 -35.6419 -0.028567
14.26028 1560135 -43.3252 -0.034686
14.26253 1563648 -56.4776 -0.045165
14.26478 1567169 -68.8285 -0.054981
14.26703 1570698 -80.4106 -0.064160
14.26928 1574235 -72.8543 -0.058066
14.27153 1577779 -64.9590 -0.051715
14.27378 1581332 -94.2241 -0.074929
14.27603 1584893 -78.6648 -0.062486
14.27828 1588461 -91.5875 -0.072669
14.28053 1592038 -70.6093 -0.055961
14.28277 1595623 -63.6508 -0.050389
14.28502 1599216 -75.6970 -0.059858
14.28727 1602817 -57.9805 -0.045797
14.28952 1606426 -53.1753 -0.041955
14.29177 1610043 -29.6907 -0.023399
14.29402 1613668 -8.8209 -0.006944
14.29627 1617302 -3.9365 -0.003095
14.29852 1620943 -16.8258 -0.013216
14.30077 1624593 -9.2969 -0.007294
14.30302 1628251 -0.5304 -0.000416
14.30527 1631918 9.9524 0.007791
14.30752 1635592 2.0847 0.001630
14.30976 1639275 6.4726 0.005055
14.31201 1642966 25.7426 0.020083
14.31426 1646666 36.0409 0.028086
14.31651 1650374 13.6160 0.010599
14.31876 1654090 -22.5308 -0.017519
14.32101 1657814 -33.5550 -0.026061
14.32326 1661547 -49.8722 -0.038690
14.32551 1665289 -77.1354 -0.059774
14.32776 1669038 -58.2013 -0.045050
14.33001 1672796 -57.9656 -0.044818
14.33226 1676563 -80.2482 -0.061976
14.33451 1680338 -77.7915 -0.060011
14.33675 1684122 -87.9689 -0.067786
14.33900 1687914 -108.2837 -0.083347
14.34125 1691715 -97.8005 -0.075193
14.34350 1695524 -88.2840 -0.067800
14.34575 1699342 -100.2805 -0.076927
14.34800 1703168 -71.2991 -0.054633
14.35025 1707003 -46.2515 -0.035400
14.35250 1710847 -68.6794 -0.052507
14.35475 1714699 -51.3486 -0.039213
14.35700 1718560 -71.5977 -0.054616
14.35925 1722430 -67.0749 -0.051108
14.36150 1726308 -87.3627 -0.066492
14.36374 1730195 -73.0244 -0.055516
14.36599 1734091 -75.2156 -0.057118
14.36824 1737996 -81.6374 -0.061925
14.37049 1741909 -83.9855 -0.063634
14.37274 1745831 -80.0212 -0.060563
14.37499 1749763 -43.5180 -0.032899
14.37724 1753702 -21.0609 -0.015904
14.37949 1757651 -45.9989 -0.034696
14.38174 1761609 -59.0346 -0.044479
14.38399 1765576 -87.7997 -0.066077
14.38624 1769551 -93.2462 -0.070097
14.38849 1773536 -114.0318 -0.085626
14.39073 1777529 -75.1324 -0.056353
14.39298 1781532 -113.1857 -0.084800
14.39523 1785543 -105.7841 -0.079165
14.39748 1789564 -112.9623 -0.084442
14.39973 1793593 -95.5220 -0.071325
14.40198 1797632 -104.8297 -0.078187
14.40423 1801679 -126.0028 -0.093873
14.40648 1805736 -131.0816 -0.097547
14.40873 1809802 -126.1106 -0.093742
14.41098 1813877 -128.0502 -0.095077
14.41323 1817962 -126.3700 -0.093724
14.41548 1822055 -120.3616 -0.089168
14.41772 1826158 -170.2107 -0.125956
14.41997 1830270 -150.4516 -0.111209
14.42222 1834391 -139.1010 -0.102703
14.42447 1838522 -107.0626 -0.078959
14.42672 1842661 -106.8141 -0.078687
14.42897 1846811 -105.9035 -0.077929
14.43122 1850969 -107.8891 -0.079301
14.43347 1855137 -113.2659 -0.083159
14.43572 1859314 -110.3973 -0.080962
14.43797 1863501 -117.5647 -0.086122
14.44022 1867697 -92.6560 -0.067799
14.44247 1871902 -84.8750 -0.062035
14.44471 1876117 -102.6093 -0.074913
14.44696 1880342 -121.2942 -0.088455
14.44921 1884576 -101.4924 -0.073931
14.45146 1888819 -106.1404 -0.077230
14.45371 1893072 -112.6446 -0.081870
14.45596 1897335 -103.8191 -0.075371
14.45821 1901607 -109.1632 -0.079162
14.46046 1905889 -86.1053 -0.062371
14.46271 1910180 -79.4773 -0.057505
14.46496 1914481 -70.2106 -0.050743
14.46721 1918792 -59.8243 -0.043188
14.46946 1923113 -62.4436 -0.045028
14.47170 1927443 -31.5171 -0.022702
14.47395 1931783 -45.4025 -0.032666
14.47620 1936133 -69.2997 -0.049804
14.47845 1940493 -27.9842 -0.020089
14.48070 1944862 -59.7191 -0.042822
14.48295 1949241 -65.4485 -0.046878
14.48520 1953630 -67.0167 -0.047947
14.48745 1958029 -101.6431 -0.072639
14.48970 1962438 -120.6262 -0.086108
14.49195 1966857 -153.0667 -0.109143
14.49420 1971286 -146.1041 -0.104061
14.49645 1975725 -163.9765 -0.116659
14.49869 1980173 -156.2815 -0.111060
14.50094 1984632 -156.5969 -0.111159
14.50319 1989101 -155.2079 -0.110049
14.50544 1993580 -140.9553 -0.099831
14.50769 1998069 -140.4798 -0.099382
14.50994 2002568 -160.7562 -0.113599
14.51219 2007077 -162.5040 -0.114705
14.51444 2011596 -150.8177 -0.106336
14.51669 2016126 -156.3038 -0.110081
14.51894 2020665 -149.3347 -0.105054
14.52119 2025215 -145.5489 -0.102276
14.52344 2029775 -131.4958 -0.092297
14.52568 2034346 -145.2548 -0.101840
14.52793 2038927 -158.8402 -0.111240
14.53018 2043518 -150.3148 -0.105151
14.53243 2048119 -160.8967 -0.112427
14.53468 2052731 -124.4384 -0.086854
14.53693 2057353 -106.3362 -0.074136
14.53918 2061986 -123.4977 -0.086003
14.54143 2066628 -124.0853 -0.086316
14.54368 2071282 -95.9685 -0.066682
14.54593 2075946 -139.1430 -0.096572
14.54818 2080620 -187.0943 -0.129707
14.55043 2085305 -148.2229 -0.102643
14.55268 2090001 -152.0164 -0.105152
14.55492 2094707 -179.8410 -0.124259
14.55717 2099423 -188.9785 -0.130425
14.55942 2104151 -145.5892 -0.100367
14.56167 2108889 -138.6689 -0.095489
14.56392 2113637 -133.8293 -0.092053
14.56617 2118396 -137.9761 -0.094798
14.56842 2123166 -158.7323 -0.108936
14.57067 2127947 -177.3397 -0.121570
14.57292 2132739 -160.4823 -0.109890
14.57517 2137541 -106.8931 -0.073113
14.57742 2142354 -72.5428 -0.049562
14.57966 2147178 -80.1971 -0.054730
14.58191 2152013 -78.1502 -0.053273
14.58416 2156858 -51.1686 -0.034841
14.58641 2161715 -34.9310 -0.023758
14.58866 2166583 -10.6425 -0.007230
14.59091 2171461 12.3836 0.008404
14.59316 2176350 -13.3402 -0.009043
14.59541 2181251 -30.4636 -0.020627
14.59766 2186162 -59.9711 -0.040560
14.59991 2191085 -63.1750 -0.042679
14.60216 2196019 -67.2621 -0.045389
14.60441 2200964 -55.7861 -0.037603
14.60665 2205919 -78.9939 -0.053186
14.60890 2210886 -82.8536 -0.055722
14.61115 2215865 -83.5022 -0.056095
14.61340 2220854 -104.7750 -0.070307
14.61565 2225855 -123.3160 -0.082655
14.61790 2230867 -92.6508 -0.062032
14.62015 2235890 -83.2707 -0.055689
14.62240 2240925 -55.9827 -0.037397
14.62465 2245971 -55.0481 -0.036732
14.62690 2251028 -42.5115 -0.028335
14.62915 2256096 -43.5250 -0.028977
14.63140 2261176 -41.3184 -0.027477
14.63364 2266268 -48.9366 -0.032507
14.63589 2271371 -62.4974 -0.041468
14.63814 2276485 -61.2225 -0.040577
14.64039 2281611 -74.6909 -0.049448
14.64264 2286749 -34.7674 -0.022991
14.64489 2291898 3.7992 0.002510
14.64714 2297059 12.0714 0.007965
14.64939 2302231 -1.3052 -0.000860
14.65164 2307415 -4.8107 -0.003167
14.65389 2312610 10.1155 0.006652
14.65614 2317818 33.5271 0.022022
14.65839 2323037 48.6416 0.031914
14.66063 2328267 14.7537 0.009669
14.66288 2333510 24.8067 0.016239
14.66513 2338764 27.5825 0.018036
14.66738 2344031 56.7976 0.037098
14.66963 2349309 47.9344 0.031274
14.67188 2354599 56.1357 0.036583
14.67413 2359900 32.6435 0.021250
14.67638 2365214 44.3550 0.028841
14.67863 2370540 26.7828 0.017395
14.68088 2375878 60.7710 0.039426
14.68313 2381227 45.3256 0.029373
14.68538 2386589 24.5157 0.015869
14.68762 2391963 -50.8258 -0.032863
14.68987 2397349 -50.6859 -0.032736
14.69212 2402747 -51.1654 -0.033008
14.69437 2408158 -49.3259 -0.031786
14.69662 2413580 -74.3302 -0.047845
14.69887 2419015 -84.0478 -0.054039
14.70112 2424462 -71.5548 -0.045955
14.70337 2429921 -76.2536 -0.048917
14.70562 2435392 -58.5578 -0.037523
14.70787 2440876 -53.8771 -0.034485
14.71012 2446372 -64.6130 -0.041310
14.71237 2451881 -51.3515 -0.032795
14.71461 2457401 -67.9634 -0.043355
14.71686 2462935 -43.5164 -0.027729
14.71911 2468481 -55.5162 -0.035335
14.72136 2474039 -66.1078 -0.042029
14.72361 2479610 -110.2431 -0.070010
14.72586 2485193 -99.9387 -0.063395
14.72811 2490789 -80.4060 -0.050947
14.73036 2496397 -79.9020 -0.050571
14.73261 2502018 -76.5104 -0.048370
14.73486 2507652 -64.5113 -0.040738
14.73711 2513299 -43.4586 -0.027413
14.73936 2518958 -49.8365 -0.031401
14.74161 2524630 -34.2509 -0.021556
14.74385 2530315 -23.4906 -0.014768
14.74610 2536012 -31.0765 -0.019514
14.74835 2541722 -27.7004 -0.017375
14.75060 2547446 -46.7074 -0.029264
14.75285 2553182 -17.8399 -0.011165
14.75510 2558931 -1.9613 -0.001226
14.75735 2564693 6.0605 0.003784
14.75960 2570468 -9.3134 -0.005809
14.76185 2576255 19.8604 0.012374
14.76410 2582056 -7.7750 -0.004839
14.76635 2587870 1.8386 0.001143
14.76860 2593698 19.1573 0.011895
14.77084 2599538 -4.0277 -0.002498
14.77309 2605391 -9.5258 -0.005902
14.77534 2611258 -27.6907 -0.017136
14.77759 2617137 -3.8900 -0.002405
14.77984 2623030 -31.7311 -0.019592
14.78209 2628937 -45.3348 -0.027960
14.78434 2634856 -62.1367 -0.038280
14.78659 2640789 -57.5364 -0.035406
14.78884 2646735 -25.6645 -0.015775
14.79109 2652695 -30.9226 -0.018986
14.79334 2658668 -22.6622 -0.013899
14.79559 2664655 -37.8092 -0.023162
14.79783 2670655 -42.9783 -0.026299
14.80008 2676668 -58.0274 -0.035468
14.80233 2682695 -53.7467 -0.032815
14.80458 2688736 -51.5832 -0.031458
14.80683 2694790 -62.0456 -0.037796
14.80908 2700858 -60.0196 -0.036521
14.81133 2706940 -84.9292 -0.051620
14.81358 2713035 -97.0442 -0.058917
14.81583 2719144 -98.2509 -0.059583
14.81808 2725266 -114.6810 -0.069468
14.82033 2731403 -127.2890 -0.077019
14.82258 2737553 -139.8810 -0.084543
14.82482 2743717 -146.3870 -0.088376
14.82707 2749895 -144.3390 -0.087041
14.82932 2756087 -109.7248 -0.066093
14.83157 2762293 -129.2596 -0.077773
14.83382 2768513 -111.9495 -0.067282
14.83607 2774747 -135.4249 -0.081299
14.83832 2780995 -149.6275 -0.089725
14.84057 2787257 -142.0078 -0.085060
14.84282 2793533 -81.9567 -0.049035
14.84507 2799823 -108.0658 -0.064584
14.84732 2806127 -100.8252 -0.060189
14.84957 2812446 -125.4911 -0.074829
14.85181 2818779 -140.4698 -0.083667
14.85406 2825126 -146.2926 -0.087037
14.85631 2831487 -149.0844 -0.088598
14.85856 2837863 -151.8013 -0.090111
14.86081 2844253 -167.8744 -0.099541
14.86306 2850657 -182.0954 -0.107852
14.86531 2857076 -153.0605 -0.090553
14.86756 2863509 -182.8722 -0.108068
14.86981 2869957 -203.9922 -0.120414
14.87206 2876419 -209.3656 -0.123447
14.87431 2882896 -231.2141 -0.136176
14.87655 2889387 -186.1132 -0.109490
14.87880 2895894 -179.1773 -0.105291
14.88105 2902414 -165.1483 -0.096938
14.88330 2908950 -134.1937 -0.078680
14.88555 2915500 -165.0401 -0.096657
14.88780 2922064 -151.8884 -0.088855
14.89005 2928644 -161.2377 -0.094218
14.89230 2935238 -176.0972 -0.102785
14.89455 2941848 -170.4651 -0.099386
14.89680 2948472 -159.4039 -0.092833
14.89905 2955111 -136.4297 -0.079364
14.90130 2961765 -148.2039 -0.086116
14.90355 2968434 -144.5990 -0.083927
14.90579 2975118 -165.0811 -0.095707
14.90804 2981817 -189.1477 -0.109537
14.91029 2988531 -160.7288 -0.092975
14.91254 2995261 -140.2622 -0.081044
14.91479 3002005 -145.9743 -0.084250
14.91704 3008765 -172.2200 -0.099286
14.91929 3015539 -174.3233 -0.100386
14.92154 3022329 -144.4529 -0.083091
14.92379 3029135 -145.6934 -0.083711
14.92604 3035956 -147.8030 -0.084827
14.92829 3042792 -165.3585 -0.094796
14.93054 3049643 -104.5718 -0.059881
14.93278 3056510 -61.1915 -0.035001
14.93503 3063392 -88.0326 -0.050297
14.93728 3070290 -90.5147 -0.051657
14.93953 3077203 -67.2599 -0.038342
14.94178 3084132 -80.5610 -0.045873
14.94403 3091077 -112.9975 -0.064271
14.94628 3098037 -126.5524 -0.071900
14.94853 3105013 -139.7429 -0.079305
14.95078 3112005 -152.8469 -0.086644
14.95303 3119012 -131.7948 -0.074626
14.95528 3126035 -144.0611 -0.081480
14.95753 3133074 -145.0449 -0.081944
14.95977 3140129 -52.2644 -0.029494
14.96202 3147199 -25.0027 -0.014094
14.96427 3154286 -18.9575 -0.010674
14.96652 3161388 -31.1660 -0.017528
14.96877 3168507 -67.6679 -0.038015
14.97102 3175641 -49.6042 -0.027836
14.97327 3182792 -36.2184 -0.020301
14.97552 3189959 -40.4350 -0.022639
14.97777 3197141 -33.3860 -0.018672
14.98002 3204340 -33.7666 -0.018863
14.98227 3211556 -51.4009 -0.028682
14.98452 3218787 -71.8148 -0.040028
14.98676 3226035 -19.4802 -0.010846
14.98901 3233299 -40.1633 -0.022336
14.99126 3240579 -57.7746 -0.032094
14.99351 3247876 -73.0572 -0.040538
14.99576 3255189 -69.1638 -0.038335
14.99801 3262519 -52.4538 -0.029040
15.00026 3269865 -67.1689 -0.037145
15.00251 3277228 -54.1898 -0.029934
15.00476 3284607 -26.7082 -0.014737
15.00701 3292003 -75.9243 -0.041846
15.00926 3299416 -62.4962 -0.034406
15.01151 3306845 -102.8074 -0.056535
15.01375 3314291 -102.7015 -0.056413
15.01600 3321754 -135.4715 -0.074330
15.01825 3329234 -157.5715 -0.086359
15.02050 3336730 -116.5724 -0.063817
15.02275 3344243 -118.1373 -0.064601
15.02500 3351773 -109.0406 -0.059560
15.02725 3359321 -111.8879 -0.061046
15.02950 3366885 -107.8734 -0.058790
15.03175 3374466 -86.7449 -0.047222
15.03400 3382064 -89.5264 -0.048681
15.03625 3389680 -141.9637 -0.077108
15.03850 3397312 -135.2181 -0.073361
15.04074 3404962 -132.4669 -0.071788
15.04299 3412629 -159.0647 -0.086105
15.04524 3420313 -152.2581 -0.082328
15.04749 3428015 -113.7738 -0.061450
15.04974 3435734 -112.9189 -0.060920
15.05199 3443470 -101.4988 -0.054697
15.05424 3451223 -121.3139 -0.065302
15.05649 3458995 -98.5759 -0.053002
15.05874 3466783 -91.3218 -0.049047
15.06099 3474589 -99.9216 -0.053605
15.06324 3482413 -113.9749 -0.061076
15.06549 3490254 -97.8449 -0.052373
15.06773 3498113 -82.7922 -0.044266
15.06998 3505990 -95.0423 -0.050759
15.07223 3513885 -126.6589 -0.067568
15.07448 3521797 -133.3553 -0.071060
15.07673 3529727 -104.6246 -0.055688
15.07898 3537675 -98.3189 -0.052273
15.08123 3545640 -99.8077 -0.053005
15.08348 3553624 -102.4178 -0.054330
15.08573 3561626 -95.4979 -0.050602
15.08798 3569646 -114.4882 -0.060597
15.09023 3577683 -110.4731 -0.058406
15.09248 3585739 -116.9504 -0.061761
15.09472 3593813 -137.6046 -0.072586
15.09697 3601905 -122.5209 -0.064557
15.09922 3610016 -76.6534 -0.040344
15.10147 3618144 -80.0652 -0.042092
15.10372 3626291 -67.9900 -0.035704
15.10597 3634457 -41.4754 -0.021756
15.10822 3642640 -91.8278 -0.048113
15.11047 3650843 -94.2511 -0.049328
15.11272 3659063 -117.6956 -0.061528
15.11497 3667302 -80.1563 -0.041857
15.11722 3675560 -79.2129 -0.041318
15.11947 3683836 -84.7209 -0.044141
15.12171 3692131 -108.3123 -0.056369
15.12396 3700445 -137.7603 -0.071614
15.12621 3708777 -135.8762 -0.070555
15.12846 3717128 -119.9028 -0.062191
15.13071 3725498 -146.5029 -0.075902
15.13296 3733887 -143.2919 -0.074155
15.13521 3742294 -174.9625 -0.090443
15.13746 3750721 -183.4428 -0.094720
15.13971 3759166 -160.4176 -0.082738
15.14196 3767631 -159.1173 -0.081975
15.14421 3776114 -162.0104 -0.083372
15.14646 3784617 -145.7379 -0.074914
15.14870 3793139 -112.6300 -0.057830
15.15095 3801680 -100.7721 -0.051684
15.15320 3810240 -81.2437 -0.041621
15.15545 3818819 -73.1839 -0.037450
15.15770 3827418 -101.9053 -0.052089
15.15995 3836036 -97.7488 -0.049908
15.16220 3844674 -144.8885 -0.073893
15.16445 3853331 -135.4297 -0.068992
15.16670 3862008 -115.6426 -0.058845
15.16895 3870704 -74.1307 -0.037679
15.17120 3879419 -43.1351 -0.021900
15.17345 3888155 -34.8205 -0.017659
15.17569 3896910 -15.9016 -0.008055
15.17794 3905684 -23.3537 -0.011817
15.18019 3914479 -13.3795 -0.006762
15.18244 3923293 -14.4604 -0.007301
15.18469 3932127 55.2228 0.027849
15.18694 3940981 73.9750 0.037263
15.18919 3949855 79.0042 0.039752
15.19144 3958749 75.0149 0.037702
15.19369 3967663 25.6948 0.012900
15.19594 3976597 35.0338 0.017568
15.19819 3985551 40.5209 0.020297
15.20044 3994525 57.2084 0.028624
15.20268 4003520 64.5570 0.032264
15.20493 4012534 48.7795 0.024352
15.20718 4021569 44.7281 0.022304
15.20943 4030625 59.8420 0.029807
15.21168 4039700 44.3525 0.022067
15.21393 4048797 65.3928 0.032499
15.21618 4057913 92.3280 0.045833
15.21843 4067050 65.3403 0.032400
15.22068 4076208 40.1422 0.019883
15.22293 4085387 40.9580 0.020264
15.22518 4094586 24.9439 0.012327
15.22743 4103805 38.9460 0.019225
15.22967 4113046 7.1909 0.003546
15.23192 4122307 35.4505 0.017460
15.23417 4131589 28.1973 0.013872
15.23642 4140893 54.8330 0.026946
15.23867 4150217 82.7408 0.040615
15.24092 4159562 48.5504 0.023805
15.24317 4168928 102.2114 0.050060
15.24542 4178315 78.5352 0.038421
15.24767 4187723 50.8825 0.024864
15.24992 4197153 11.0001 0.005369
15.25217 4206603 33.4868 0.016327
15.25442 4216075 -21.4146 -0.010429
15.25666 4225569 -49.1459 -0.023908
15.25891 4235083 -35.2338 -0.017121
15.26116 4244620 -36.1304 -0.017537
15.26341 4254177 -51.1110 -0.024780
15.26566 4263756 -101.6456 -0.049226
15.26791 4273357 -124.7637 -0.060354
15.27016 4282979 -109.0864 -0.052711
15.27241 4292623 -100.9238 -0.048712
15.27466 4302289 -98.7274 -0.047598
15.27691 4311976 -85.2382 -0.041048
15.27916 4321686 -42.9625 -0.020666
15.28141 4331417 -44.2462 -0.021260
15.28365 4341170 -35.0963 -0.016844
15.28590 4350945 -90.0622 -0.043177
15.28815 4360742 -69.3074 -0.033189
15.29040 4370561 -97.6966 -0.046732
15.29265 4380402 -145.3918 -0.069468
15.29490 4390266 -144.7737 -0.069095
15.29715 4400151 -196.0707 -0.093471
15.29940 4410059 -198.4454 -0.094497
15.30165 4419989 -190.6734 -0.090694
15.30390 4429942 -228.2532 -0.108447
15.30615 4439916 -208.5180 -0.098959
15.30840 4449914 -205.6572 -0.097492
15.31064 4459934 -168.1610 -0.079627
15.31289 4469976 -162.4670 -0.076844
15.31514 4480041 -156.1992 -0.073797
15.31739 4490129 -178.1952 -0.084094
15.31964 4500239 -167.5629 -0.078988
15.32189 4510372 -151.7950 -0.071475
15.32414 4520528 -142.3811 -0.066967
15.32639 4530707 -138.4375 -0.065039
15.32864 4540909 -168.5613 -0.079102
15.33089 4551134 -170.5740 -0.079956
15.33314 4561382 -187.1842 -0.087644
15.33539 4571653 -200.5961 -0.093818
15.33763 4581946 -236.2895 -0.110387
15.33988 4592264 -251.6026 -0.117409
15.34213 4602604 -267.1048 -0.124503
15.34438 4612968 -252.3618 -0.117499
15.34663 4623355 -313.1359 -0.145631
15.34888 4633765 -241.2126 -0.112055
15.35113 4644199 -229.3575 -0.106428
15.35338 4654656 -209.3770 -0.097048
15.35563 4665137 -191.1657 -0.088507
15.35788 4675642 -202.3885 -0.093598
15.36013 4686170 -202.7735 -0.093670
15.36238 4696722 -241.3648 -0.111372
15.36462 4707297 -190.9654 -0.088017
15.36687 4717897 -179.7536 -0.082757
15.36912 4728520 -154.4470 -0.071026
15.37137 4739167 -186.0341 -0.085456
15.37362 4749838 -176.6336 -0.081046
15.37587 4760534 -181.2033 -0.083050
15.37812 4771253 -137.6299 -0.063008
15.38037 4781996 -187.2683 -0.085637
15.38262 4792764 -183.2349 -0.083698
15.38487 4803556 -197.7122 -0.090209
15.38712 4814372 -210.2737 -0.095833
15.38937 4825212 -251.5088 -0.114497
15.39161 4836077 -248.1307 -0.112832
15.39386 4846967 -259.0530 -0.117667
15.39611 4857881 -236.6496 -0.107370
15.39836 4868819 -249.4924 -0.113070
15.40061 4879782 -226.5495 -0.102556
15.40286 4890770 -217.2873 -0.098253
15.40511 4901783 -204.4491 -0.092344
15.40736 4912820 -226.4714 -0.102176
15.40961 4923882 -205.8000 -0.092745
15.41186 4934969 -207.2387 -0.093289
15.41411 4946081 -225.6576 -0.101466
15.41636 4957218 -193.8446 -0.087063
15.41860 4968381 -197.7784 -0.088730
15.42085 4979568 -189.7829 -0.085047
15.42310 4990780 -195.0626 -0.087315
15.42535 5002018 -171.7156 -0.076778
15.42760 5013281 -156.5260 -0.069908
15.42985 5024570 -151.9688 -0.067796
15.43210 5035883 -156.6498 -0.069806
15.43435 5047223 -171.8403 -0.076489
15.43660 5058587 -190.0726 -0.084509
15.43885 5069978 -177.9680 -0.079039
15.44110 5081394 -172.0824 -0.076339
15.44335 5092836 -139.9032 -0.061994
15.44559 5104303 -162.8120 -0.072064
15.44784 5115797 -223.3461 -0.098746
15.45009 5127316 -206.8674 -0.091358
15.45234 5138861 -239.5330 -0.105665
15.45459 5150432 -228.8014 -0.100818
15.45684 5162029 -258.7964 -0.113906
15.45909 5173653 -246.2167 -0.108248
15.46134 5185302 -275.7258 -0.121085
15.46359 5196978 -284.5461 -0.124818
15.46584 5208680 -289.3349 -0.126776
15.46809 5220408 -259.9031 -0.113752
15.47034 5232163 -286.1301 -0.125090
15.47258 5243944 -269.5274 -0.117699
15.47483 5255752 -275.8223 -0.120313
15.47708 5267587 -230.5377 -0.100447
15.47933 5279448 -202.2396 -0.088018
15.48158 5291335 -209.5161 -0.091082
15.48383 5303250 -186.1060 -0.080815
15.48608 5315191 -205.7060 -0.089225
15.48833 5327159 -195.8422 -0.084851
15.49058 5339154 -194.1874 -0.084040
15.49283 5351177 -192.7249 -0.083313
15.49508 5363226 -173.7914 -0.075044
15.49733 5375302 -158.6135 -0.068413
15.49957 5387406 -70.9204 -0.030555
15.50182 5399537 -75.5681 -0.032521
15.50407 5411695 -78.5296 -0.033757
15.50632 5423880 -41.0749 -0.017637
15.50857 5436093 -41.0684 -0.017614
15.51082 5448334 -16.3261 -0.006994
15.51307 5460602 -15.6210 -0.006685
15.51532 5472897 -2.0440 -0.000874
15.51757 5485221 -43.2701 -0.018475
15.51982 5497572 -46.6974 -0.019916
15.52207 5509951 -54.7723 -0.023334
15.52432 5522357 -50.9770 -0.021693
15.52656 5534792 -28.1144 -0.011950
15.52881 5547255 -87.9802 -0.037355
15.53106 5559745 -60.5239 -0.025668
15.53331 5572264 -8.7964 -0.003726
15.53556 5584811 44.5594 0.018855
15.53781 5597387 28.5266 0.012058
15.54006 5609990 3.1353 0.001324
15.54231 5622622 48.2488 0.020348
15.54456 5635283 43.2099 0.018202
15.54681 5647972 27.7381 0.011672
15.54906 5660689 1.8084 0.000760
15.55131 5673435 11.4765 0.004818
15.55355 5686210 0.0800 0.000034
15.55580 5699014 13.2558 0.005553
15.55805 5711846 -18.5702 -0.007770
15.56030 5724708 -15.7000 -0.006562
15.56255 5737598 -21.9473 -0.009163
15.56480 5750517 10.5958 0.004419
15.56705 5763466 10.2066 0.004251
15.56930 5776443 -20.5346 -0.008544
15.57155 5789450 34.8330 0.014477
15.57380 5802486 16.1755 0.006715
15.57605 5815552 36.2067 0.015014
15.57830 5828647 -6.1496 -0.002547
15.58054 5841771 -28.2915 -0.011705
15.58279 5854925 0.2738 0.000113
15.58504 5868108 24.1572 0.009972
15.58729 5881322 45.2725 0.018668
15.58954 5894565 68.5823 0.028248
15.59179 5907837 85.9054 0.035343
15.59404 5921140 87.1059 0.035797
15.59629 5934473 97.4553 0.040005
15.59854 5947835 63.7754 0.026150
15.60079 5961228 47.7603 0.019561
15.60304 5974651 26.0454 0.010656
15.60529 5988104 0.6037 0.000247
15.60753 6001587 -22.9662 -0.009375
15.60978 6015101 -48.9959 -0.019977
15.61203 6028645 -91.5008 -0.037266
15.61428 6042220 -130.6660 -0.053157
15.61653 6055825 -125.5205 -0.051007
15.61878 6069461 -111.2319 -0.045150
15.62103 6083128 -138.2390 -0.056049
15.62328 6096825 -129.3712 -0.052395
15.62553 6110553 -107.7205 -0.043577
15.62778 6124313 -123.2258 -0.049794
15.63003 6138103 -113.5613 -0.045837
15.63228 6151924 -113.4672 -0.045747
15.63452 6165776 -172.1133 -0.069314
15.63677 6179660 -143.6719 -0.057795
15.63902 6193574 -136.2882 -0.054763
15.64127 6207520 -157.6493 -0.063275
15.64352 6221498 -187.7006 -0.075252
15.64577 6235507 -197.0464 -0.078910
15.64802 6249547 -147.5467 -0.059021
15.65027 6263619 -157.8190 -0.063059
15.65252 6277723 -89.8018 -0.035841
15.65477 6291859 -125.6963 -0.050111
15.65702 6306026 -158.6033 -0.063159
15.65927 6320225 -183.4953 -0.072989
15.66151 6334457 -116.8723 -0.046436
15.66376 6348720 -205.3049 -0.081481
15.66601 6363015 -186.7802 -0.074046
15.66826 6377343 -227.9357 -0.090259
15.67051 6391703 -266.8124 -0.105535
15.67276 6406095 -276.8178 -0.109370
15.67501 6420520 -223.6983 -0.088283
15.67726 6434977 -279.4895 -0.110177
15.67951 6449466 -227.6171 -0.089628
15.68176 6463989 -230.3550 -0.090604
15.68401 6478543 -186.4921 -0.073269
15.68626 6493131 -224.0498 -0.087926
15.68850 6507752 -252.8783 -0.099128
15.69075 6522405 -219.1021 -0.085791
15.69300 6537092 -253.8971 -0.099304
15.69525 6551811 -233.1579 -0.091090
15.69750 6566564 -167.9704 -0.065549
15.69975 6581350 -162.9912 -0.063534
15.70200 6596169 -179.2664 -0.069800
15.70425 6611022 -177.5004 -0.069034
15.70650 6625908 -145.0824 -0.056363
15.70875 6640827 -153.0828 -0.059404
15.71100 6655780 -120.5172 -0.046714
15.71325 6670767 -118.4541 -0.045863
15.71549 6685788 -137.0166 -0.052990
15.71774 6700842 -148.4259 -0.057338
15.71999 6715931 -114.7864 -0.044293
15.72224 6731053 -97.0068 -0.037390
15.72449 6746209 -110.5832 -0.042575
15.72674 6761400 -159.1754 -0.061215
15.72899 6776624 -175.1400 -0.067279
15.73124 6791883 -186.5464 -0.071580
15.73349 6807176 -206.2050 -0.079034
15.73574 6822504 -228.9145 -0.087640
15.73799 6837866 -201.7387 -0.077149
15.74024 6853263 -208.9784 -0.079828
15.74248 6868695 -215.7598 -0.082325
15.74473 6884161 -225.9532 -0.086118
15.74698 6899662 -219.5470 -0.083582
15.74923 6915198 -260.7905 -0.099172
15.75148 6930769 -272.7288 -0.103595
15.75373 6946375 -252.1194 -0.095659
15.75598 6962016 -270.2680 -0.102430
15.75823 6977692 -258.1190 -0.097716
15.76048 6993404 -222.7776 -0.084242
15.76273 7009151 -164.0091 -0.061949
15.76498 7024933 -141.0195 -0.053206
15.76723 7040752 -82.9186 -0.031249
15.76947 7056605 -44.7704 -0.016854
15.77172 7072495 -63.1645 -0.023751
15.77397 7088420 -65.6275 -0.024650
15.77622 7104381 -50.3238 -0.018880
15.77847 7120378 -62.0321 -0.023247
15.78072 7136410 -87.6310 -0.032803
15.78297 7152480 -174.9722 -0.065425
15.78522 7168585 -210.9300 -0.078781
15.78747 7184726 -201.9083 -0.075327
15.78972 7200904 -153.6514 -0.057259
15.79197 7217118 -139.6746 -0.051992
15.79422 7233369 -136.2850 -0.050673
15.79646 7249657 -110.9026 -0.041189
15.79871 7265981 -86.2549 -0.031999
15.80096 7282341 -49.9639 -0.018515
15.80321 7298739 -111.1691 -0.041149
15.80546 7315174 -174.3097 -0.064448
15.80771 7331645 -209.0599 -0.077209
15.80996 7348154 -232.5817 -0.085800
15.81221 7364700 -192.3346 -0.070873
15.81446 7381283 -199.0108 -0.073251
15.81671 7397903 -273.5982 -0.100591
15.81896 7414561 -190.1763 -0.069842
15.82121 7431256 -176.9758 -0.064921
15.82345 7447989 -159.3387 -0.058385
15.82570 7464760 -176.8753 -0.064738
15.82795 7481568 -223.7229 -0.081793
15.83020 7498415 -247.3879 -0.090343
15.83245 7515299 -182.3814 -0.066528
15.83470 7532221 -123.9741 -0.045172
15.83695 7549181 -130.8752 -0.047633
15.83920 7566180 -182.0793 -0.066195
15.84145 7583216 -183.2074 -0.066530
15.84370 7600292 -182.7235 -0.066280
15.84595 7617405 -174.2927 -0.063150
15.84820 7634557 -177.6618 -0.064299
15.85044 7651748 -164.9265 -0.059622
15.85269 7668977 -243.1907 -0.087817
15.85494 7686246 -178.5962 -0.064419
15.85719 7703553 -125.1065 -0.045075
15.85944 7720899 -78.2858 -0.028174
15.86169 7738284 -122.4551 -0.044020
15.86394 7755708 -132.3075 -0.047509
15.86619 7773172 -88.3353 -0.031684
15.86844 7790675 -99.1541 -0.035524
15.87069 7808217 -121.6172 -0.043523
15.87294 7825799 -111.5111 -0.039862
15.87519 7843420 -134.2898 -0.047950
15.87743 7861081 -189.3551 -0.067536
15.87968 7878782 -200.2152 -0.071329
15.88193 7896522 -305.0768 -0.108565
15.88418 7914303 -339.6680 -0.120739
15.88643 7932124 -358.8428 -0.127412
15.88868 7949984 -376.8797 -0.133666
15.89093 7967885 -268.1891 -0.095010
15.89318 7985827 -317.2863 -0.112277
15.89543 8003808 -303.5397 -0.107292
15.89768 8021830 -370.6505 -0.130866
15.89993 8039893 -345.2607 -0.121765
15.90218 8057997 -339.4630 -0.119586
15.90442 8076141 -376.6611 -0.132541
15.90667 8094326 -366.0625 -0.128666
15.90892 8112552 -370.2060 -0.129976
15.91117 8130819 -321.9979 -0.112924
15.91342 8149127 -306.4195 -0.107340
15.91567 8167476 -299.8600 -0.104924
15.91792 8185867 -320.6626 -0.112077
15.92017 8204299 -375.9556 -0.131255
15.92242 8222773 -354.7260 -0.123704
15.92467 8241288 -362.4289 -0.126248
15.92692 8259845 -393.1638 -0.136800
15.92917 8278444 -393.4388 -0.136742
15.93141 8297084 -383.9540 -0.133296
15.93366 8315767 -358.5627 -0.124341
15.93591 8334491 -351.0062 -0.121584
15.93816 8353258 -354.4515 -0.122639
15.94041 8372067 -378.5085 -0.130816
15.94266 8390918 -371.3843 -0.128209
15.94491 8409812 -418.6137 -0.144351
15.94716 8428749 -477.3106 -0.164407
15.94941 8447728 -456.5120 -0.157066
15.95166 8466749 -453.1569 -0.155736
15.95391 8485814 -394.3690 -0.135380
15.95616 8504921 -356.1565 -0.122125
15.95840 8524072 -317.7881 -0.108846
15.96065 8543266 -339.3455 -0.116099
15.96290 8562502 -309.6147 -0.105809
15.96515 8581783 -272.1230 -0.092892
15.96740 8601106 -243.0833 -0.082885
15.96965 8620473 -202.9201 -0.069113
15.97190 8639884 -171.7818 -0.058442
15.97415 8659338 -122.0746 -0.041484
15.97640 8678837 -64.2279 -0.021802
15.97865 8698379 -62.5923 -0.021223
15.98090 8717965 -75.5896 -0.025601
15.98315 8737595 -150.1234 -0.050787
15.98539 8757270 -95.6437 -0.032320
15.98764 8776988 -107.5057 -0.036288
15.98989 8796751 -91.7542 -0.030936
15.99214 8816559 -108.3772 -0.036500
15.99439 8836411 -88.8637 -0.029894
15.99664 8856308 -116.8535 -0.039266
15.99889 8876250 -70.2833 -0.023591
16.00114 8896237 -27.2183 -0.009126
16.00339 8916268 -74.7586 -0.025036
16.00564 8936345 -34.5496 -0.011557
16.00789 8956467 -102.2706 -0.034173
16.01014 8976634 -61.5446 -0.020542
16.01238 8996847 -85.3473 -0.028454
16.01463 9017105 -110.7143 -0.036870
16.01688 9037409 -47.3279 -0.015743
16.01913 9057758 -62.8816 -0.020894
16.02138 9078154 -90.0480 -0.029887
16.02363 9098595 -98.6094 -0.032691
16.02588 9119082 -44.1925 -0.014634
16.02813 9139616 -95.6002 -0.031622
16.03038 9160195 -132.6684 -0.043834
16.03263 9180821 -155.0455 -0.051170
16.03488 9201494 -166.1412 -0.054771
16.03713 9222213 -134.6078 -0.044325
16.03937 9242978 -157.7365 -0.051883
16.04162 9263791 -176.2763 -0.057916
16.04387 9284650 -187.0159 -0.061376
16.04612 9305556 -244.6447 -0.080198
16.04837 9326510 -272.7087 -0.089298
16.05062 9347510 -264.1043 -0.086383
16.05287 9368558 -300.6028 -0.098210
16.05512 9389653 -315.8226 -0.103067
16.05737 9410796 -296.1371 -0.096534
16.05962 9431986 -314.7337 -0.102481
16.06187 9453224 -307.2892 -0.099944
16.06412 9474510 -223.1153 -0.072485
16.06636 9495844 -206.8605 -0.067129
16.06861 9517225 -164.6837 -0.053382
16.07086 9538655 -124.5452 -0.040326
16.07311 9560134 -150.1099 -0.048549
16.07536 9581660 -87.4448 -0.028250
16.07761 9603235 -48.7018 -0.015716
16.07986 9624859 -22.2725 -0.007179
16.08211 9646531 -9.6275 -0.003100
16.08436 9668252 -72.0486 -0.023171
16.08661 9690022 -61.1194 -0.019634
16.08886 9711841 -95.8809 -0.030767
16.09111 9733709 -194.9037 -0.062471
16.09335 9755627 -222.1795 -0.071134
16.09560 9777593 -205.7224 -0.065791
16.09785 9799609 -228.8471 -0.073104
16.10010 9821675 -180.6997 -0.057659
16.10235 9843791 -101.5488 -0.032366
16.10460 9865956 -40.0333 -0.012745
16.10685 9888171 -24.2071 -0.007698
16.10910 9910436 -24.1836 -0.007682
16.11135 9932752 -12.8606 -0.004081
16.11360 9955117 -21.9332 -0.006951
16.11585 9977533 -54.5755 -0.017278
16.11810 10000000 -51.3290 -0.016232
