logY Y P PoverSqrtY
6.90675 999 -6.7434 -0.213351
6.90975 1002 -6.8634 -0.216823
6.91175 1004 -7.4385 -0.234757
6.91374 1006 -6.9885 -0.220337
6.91672 1009 -7.1418 -0.224833
6.91870 1011 -7.1263 -0.224126
6.92067 1013 -7.5852 -0.238321
6.92264 1015 -7.1497 -0.224417
6.92560 1018 -6.7037 -0.210107
6.92756 1020 -6.7319 -0.210785
6.92952 1022 -6.8424 -0.214035
6.93245 1025 -6.5663 -0.205096
6.93440 1027 -6.7857 -0.211742
6.93634 1029 -6.8372 -0.213142
6.93828 1031 -7.3640 -0.229341
6.94119 1034 -6.6058 -0.205432
6.94312 1036 -6.5848 -0.204581
6.94505 1038 -6.5308 -0.202706
6.94794 1041 -6.4335 -0.199398
6.94986 1043 -6.4254 -0.198957
6.95273 1046 -6.5340 -0.202029
6.95464 1048 -7.0268 -0.217058
6.95655 1050 -6.3195 -0.195025
6.95940 1053 -5.9301 -0.182747
6.96130 1055 -6.0624 -0.186647
6.96319 1057 -6.4155 -0.197329
6.96602 1060 -6.3262 -0.194307
6.96791 1062 -5.9479 -0.182515
6.97073 1065 -6.0482 -0.185331
6.97261 1067 -6.2204 -0.190431
6.97448 1069 -6.1325 -0.187564
6.97728 1072 -6.1430 -0.187623
6.97915 1074 -6.2637 -0.191130
6.98193 1077 -6.4749 -0.197300
6.98379 1079 -6.3750 -0.194076
6.98564 1081 -6.4668 -0.196687
6.98841 1084 -6.5188 -0.197994
6.99026 1086 -6.1325 -0.186091
6.99302 1089 -5.8567 -0.177474
6.99485 1091 -6.2899 -0.190429
6.99760 1094 -6.9393 -0.209801
6.99942 1096 -7.0644 -0.213388
7.00216 1099 -6.8175 -0.205648
7.00397 1101 -6.8247 -0.205679
7.00670 1104 -6.9305 -0.208584
7.00851 1106 -7.0316 -0.211434
7.01121 1109 -7.2949 -0.219054
7.01302 1111 -7.5779 -0.227347
7.01571 1114 -7.5098 -0.225003
7.01751 1116 -6.8241 -0.204275
7.02019 1119 -6.5829 -0.196790
7.02198 1121 -6.5588 -0.195894
7.02465 1124 -6.3311 -0.188841
7.02643 1126 -6.5856 -0.196259
7.02909 1129 -7.4142 -0.220656
7.03086 1131 -7.1138 -0.211529
7.03351 1134 -6.9191 -0.205468
7.03527 1136 -7.2494 -0.215088
7.03791 1139 -7.3668 -0.218282
7.03966 1141 -7.3104 -0.216421
7.04229 1144 -7.6247 -0.225428
7.04491 1147 -8.5367 -0.252063
7.04665 1149 -8.1233 -0.239648
7.04925 1152 -8.0697 -0.237756
7.05099 1154 -8.3339 -0.245326
7.05359 1157 -8.7154 -0.256224
7.05618 1160 -8.4857 -0.249150
7.05790 1162 -8.6918 -0.254980
7.06048 1165 -9.1324 -0.267559
7.06219 1167 -8.5841 -0.251281
7.06476 1170 -8.1267 -0.237587
7.06732 1173 -8.2153 -0.239868
7.06902 1175 -8.4505 -0.246526
7.07157 1178 -8.1964 -0.238810
7.07412 1181 -8.2881 -0.241175
7.07581 1183 -8.3940 -0.244049
7.07834 1186 -7.4669 -0.216819
7.08087 1189 -6.7880 -0.196858
7.08255 1191 -6.7869 -0.196659
7.08506 1194 -6.4690 -0.187211
7.08757 1197 -6.2768 -0.181422
7.08924 1199 -6.4370 -0.185899
7.09174 1202 -6.9058 -0.199188
7.09423 1205 -6.2457 -0.179922
7.09589 1207 -6.3774 -0.183565
7.09838 1210 -6.8120 -0.195831
7.10085 1213 -6.6310 -0.190393
7.10332 1216 -6.6088 -0.189519
7.10497 1218 -6.6396 -0.190247
7.10743 1221 -6.3672 -0.182217
7.10988 1224 -6.0817 -0.173833
7.11233 1227 -6.2742 -0.179115
7.11396 1229 -6.9802 -0.199110
7.11639 1232 -6.3879 -0.181993
7.11883 1235 -6.3221 -0.179899
7.12125 1238 -6.2722 -0.178261
7.12367 1241 -5.8394 -0.165760
7.12528 1243 -5.5649 -0.157841
7.12769 1246 -6.1028 -0.172890
7.13010 1249 -5.5909 -0.158197
7.13250 1252 -5.3752 -0.151913
7.13489 1255 -5.4900 -0.154971
7.13648 1257 -5.3888 -0.151992
7.13887 1260 -5.6870 -0.160214
7.14125 1263 -6.3988 -0.180052
7.14362 1266 -6.7295 -0.189133
7.14598 1269 -6.6192 -0.185813
7.14835 1272 -6.7606 -0.189559
7.14992 1274 -7.3014 -0.204559
7.15227 1277 -6.8707 -0.192267
7.15462 1280 -7.2847 -0.203613
7.15696 1283 -7.5899 -0.211896
7.15929 1286 -7.1549 -0.199517
7.16162 1289 -6.7825 -0.188913
7.16395 1292 -7.0355 -0.195732
7.16627 1295 -6.9978 -0.194458
7.16858 1298 -7.4824 -0.207683
7.17089 1301 -8.2333 -0.228262
7.17242 1303 -7.7677 -0.215189
7.17472 1306 -7.8020 -0.215892
7.17702 1309 -7.8367 -0.216603
7.17931 1312 -8.1451 -0.224868
7.18159 1315 -8.5737 -0.236431
7.18387 1318 -9.6083 -0.264661
7.18614 1321 -9.2157 -0.253558
7.18841 1324 -9.2969 -0.255501
7.19068 1327 -9.5915 -0.263301
7.19293 1330 -9.4666 -0.259578
7.19519 1333 -9.7894 -0.268128
7.19744 1336 -10.4086 -0.284768
7.19968 1339 -9.7665 -0.266900
7.20192 1342 -9.4604 -0.258247
7.20415 1345 -9.7408 -0.265604
7.20638 1348 -9.2280 -0.251342
7.20860 1351 -9.1284 -0.248350
7.21082 1354 -9.5196 -0.258708
7.21303 1357 -9.0608 -0.245966
7.21524 1360 -9.1159 -0.247190
7.21744 1363 -9.3451 -0.253126
7.22037 1367 -9.3902 -0.253975
7.22257 1370 -9.5216 -0.257247
7.22475 1373 -9.7508 -0.263151
7.22694 1376 -9.3376 -0.251726
7.22911 1379 -9.4586 -0.254710
7.23129 1382 -9.9787 -0.268422
7.23346 1385 -9.3289 -0.250673
7.23562 1388 -9.1614 -0.245904
7.23778 1391 -9.1859 -0.246296
7.23993 1394 -9.0793 -0.243175
7.24280 1398 -9.0345 -0.241630
7.24494 1401 -9.2518 -0.247176
7.24708 1404 -8.6884 -0.231877
7.24922 1407 -8.2617 -0.220252
7.25134 1410 -8.0408 -0.214136
7.25347 1413 -7.6790 -0.204283
7.25630 1417 -8.3477 -0.221758
7.25841 1420 -8.3320 -0.221110
7.26052 1423 -8.2280 -0.218117
7.26263 1426 -8.7377 -0.231385
7.26473 1429 -8.4750 -0.224193
7.26753 1433 -9.1752 -0.242376
7.26962 1436 -9.8603 -0.260203
7.27170 1439 -9.2869 -0.244816
7.27379 1442 -8.7089 -0.229341
7.27656 1446 -8.3130 -0.218613
7.27863 1449 -8.1017 -0.212835
7.28070 1452 -8.2348 -0.216108
7.28276 1455 -8.1767 -0.214362
7.28551 1459 -7.7205 -0.202123
7.28756 1462 -8.0001 -0.209229
7.28961 1465 -7.9540 -0.207811
7.29234 1469 -8.4522 -0.220524
7.29438 1472 -8.7257 -0.227429
7.29641 1475 -7.8204 -0.203625
7.29845 1478 -7.7469 -0.201507
7.30115 1482 -7.4106 -0.192500
7.30317 1485 -7.2570 -0.188318
7.30519 1488 -7.8327 -0.203053
7.30787 1492 -7.3821 -0.191115
7.30988 1495 -6.9902 -0.180787
7.31255 1499 -7.1526 -0.184740
7.31455 1502 -6.8551 -0.176880
7.31655 1505 -7.1532 -0.184388
7.31920 1509 -6.9828 -0.179757
7.32119 1512 -6.6137 -0.170085
7.32383 1516 -7.2764 -0.186883
7.32581 1519 -7.1844 -0.184337
7.32778 1522 -7.5243 -0.192866
7.33041 1526 -8.1991 -0.209890
7.33237 1529 -7.5748 -0.193716
7.33498 1533 -7.9154 -0.202162
7.33694 1536 -7.9393 -0.202576
7.33954 1540 -7.9667 -0.203011
7.34148 1543 -8.4248 -0.214474
7.34407 1547 -8.0655 -0.205063
7.34601 1550 -8.3047 -0.210940
7.34859 1554 -9.0070 -0.228483
7.35052 1557 -9.0791 -0.230091
7.35308 1561 -10.1182 -0.256095
7.35500 1564 -10.3904 -0.262733
7.35756 1568 -10.7635 -0.271820
7.35947 1571 -11.4560 -0.289032
7.36201 1575 -10.1854 -0.256649
7.36391 1578 -9.7651 -0.245823
7.36645 1582 -9.6586 -0.242835
7.36834 1585 -9.6133 -0.241467
7.37086 1589 -10.3261 -0.259045
7.37275 1592 -9.8546 -0.246984
7.37526 1596 -9.1576 -0.229227
7.37776 1600 -9.1500 -0.228751
7.37963 1603 -9.1388 -0.228256
7.38212 1607 -9.4566 -0.235899
7.38399 1610 -9.1220 -0.227340
7.38647 1614 -8.7984 -0.219004
7.38895 1618 -9.0140 -0.224094
7.39080 1621 -9.2502 -0.229753
7.39326 1625 -9.8743 -0.244952
7.39572 1629 -8.7968 -0.217953
7.39756 1632 -8.6730 -0.214690
7.40001 1636 -8.9083 -0.220244
7.40245 1640 -9.2307 -0.227935
7.40428 1643 -9.3163 -0.229840
7.40671 1647 -8.2630 -0.203606
7.40914 1651 -8.5134 -0.209522
7.41156 1655 -8.0946 -0.198973
7.41337 1658 -8.4275 -0.206971
7.41578 1662 -8.0626 -0.197769
7.41818 1666 -8.3748 -0.205180
7.41998 1669 -8.8488 -0.216599
7.42237 1673 -8.2912 -0.202706
7.42476 1677 -8.0807 -0.197324
7.42714 1681 -7.4873 -0.182617
7.42952 1685 -7.2737 -0.177197
7.43130 1688 -7.6383 -0.185913
7.43367 1692 -7.3284 -0.178158
7.43603 1696 -7.6911 -0.186757
7.43838 1700 -6.7680 -0.164147
7.44073 1704 -6.6590 -0.161314
7.44249 1707 -6.6353 -0.160599
7.44483 1711 -6.4226 -0.155270
7.44717 1715 -6.7201 -0.162272
7.44950 1719 -6.8103 -0.164258
7.45182 1723 -8.4667 -0.203972
7.45414 1727 -8.2751 -0.199125
7.45645 1731 -8.4786 -0.203785
7.45876 1735 -8.8325 -0.212048
7.46049 1738 -8.4559 -0.202830
7.46279 1742 -8.9433 -0.214277
7.46508 1746 -7.6301 -0.182603
7.46737 1750 -7.5451 -0.180363
7.46965 1754 -7.0006 -0.167156
7.47193 1758 -6.8508 -0.163391
7.47420 1762 -6.6780 -0.159090
7.47647 1766 -6.0571 -0.144136
7.47873 1770 -5.9094 -0.140461
7.48099 1774 -6.6635 -0.158208
7.48324 1778 -7.0610 -0.167455
7.48549 1782 -6.0328 -0.142911
7.48773 1786 -6.8192 -0.161359
7.48997 1790 -7.3224 -0.173072
7.49220 1794 -7.4378 -0.175603
7.49443 1798 -7.2165 -0.170190
7.49665 1802 -6.9652 -0.164079
7.49887 1806 -6.9822 -0.164299
7.50108 1810 -7.3812 -0.173494
7.50329 1814 -7.8747 -0.184890
7.50549 1818 -7.5604 -0.177316
7.50824 1823 -8.6520 -0.202639
7.51043 1827 -8.7398 -0.204470
7.51262 1831 -9.7542 -0.227954
7.51480 1835 -9.3108 -0.217354
7.51698 1839 -9.0213 -0.210367
7.51915 1843 -8.9399 -0.208242
7.52132 1847 -8.7273 -0.203070
7.52402 1852 -8.8709 -0.206134
7.52618 1856 -9.5159 -0.220882
7.52833 1860 -9.2956 -0.215536
7.53048 1864 -9.3076 -0.215583
7.53262 1868 -9.6084 -0.222311
7.53476 1872 -8.5002 -0.196460
7.53743 1877 -9.0821 -0.209630
7.53956 1881 -8.1897 -0.188831
7.54168 1885 -8.9525 -0.206199
7.54380 1889 -9.0738 -0.208773
7.54645 1894 -10.5544 -0.242518
7.54856 1898 -9.9874 -0.229248
7.55066 1902 -9.5095 -0.218048
7.55276 1906 -10.0297 -0.229734
7.55538 1911 -10.2581 -0.234659
7.55747 1915 -10.0734 -0.230193
7.55956 1919 -9.9343 -0.226778
7.56216 1924 -9.9449 -0.226725
7.56424 1928 -9.8881 -0.225195
7.56631 1932 -9.2458 -0.210350
7.56890 1937 -8.6861 -0.197361
7.57096 1941 -8.6479 -0.196291
7.57302 1945 -9.1106 -0.206579
7.57558 1950 -9.4712 -0.214480
7.57763 1954 -9.4729 -0.214300
7.58019 1959 -9.9384 -0.224542
7.58223 1963 -10.7705 -0.243095
7.58426 1967 -11.1496 -0.251396
7.58680 1972 -10.7773 -0.242692
7.58883 1976 -11.1655 -0.251181
7.59136 1981 -11.3193 -0.254319
7.59337 1985 -11.6844 -0.262257
7.59589 1990 -11.7832 -0.264142
7.59790 1994 -12.8148 -0.286978
7.60040 1999 -12.6717 -0.283418
7.60240 2003 -12.4777 -0.278801
7.60489 2008 -11.7725 -0.262715
7.60688 2012 -11.8091 -0.263270
7.60937 2017 -11.7972 -0.262680
7.61135 2021 -12.5780 -0.279788
7.61382 2026 -12.4615 -0.276854
7.61579 2030 -13.3926 -0.297246
7.61825 2035 -12.5859 -0.278999
7.62071 2040 -12.3995 -0.274529
7.62266 2044 -12.2109 -0.270089
7.62511 2049 -12.2153 -0.269856
7.62706 2053 -11.7353 -0.258999
7.62949 2058 -11.6658 -0.257152
7.63192 2063 -11.5862 -0.255088
7.63385 2067 -11.2297 -0.247002
7.63627 2072 -10.8543 -0.238455
7.63868 2077 -11.1008 -0.243578
7.64060 2081 -11.5650 -0.253518
7.64300 2086 -11.4009 -0.249622
7.64540 2091 -10.5728 -0.231213
7.64731 2095 -10.7227 -0.234268
7.64969 2100 -10.5974 -0.231255
7.65207 2105 -9.5189 -0.207472
7.65444 2110 -8.9618 -0.195098
7.65634 2114 -8.6091 -0.187243
7.65870 2119 -9.0396 -0.196373
7.66106 2124 -8.4467 -0.183278
7.66341 2129 -9.0481 -0.196097
7.66528 2133 -8.7225 -0.188863
7.66763 2138 -8.8940 -0.192349
7.66996 2143 -7.8918 -0.170476
7.67229 2148 -7.9614 -0.171781
7.67462 2153 -8.3041 -0.178966
7.67694 2158 -8.0376 -0.173022
7.67879 2162 -8.2221 -0.176831
7.68110 2167 -8.1468 -0.175008
7.68340 2172 -7.7490 -0.166271
7.68570 2177 -7.5856 -0.162577
7.68800 2182 -8.4131 -0.180106
7.69029 2187 -7.9856 -0.170759
7.69257 2192 -8.8147 -0.188273
7.69485 2197 -8.4475 -0.180224
7.69712 2202 -8.5711 -0.182654
7.69939 2207 -8.3278 -0.177267
7.70165 2212 -8.0890 -0.171990
7.70391 2217 -8.3018 -0.176314
7.70616 2222 -7.9012 -0.167619
7.70841 2227 -8.0777 -0.171169
7.71065 2232 -7.8893 -0.166989
7.71289 2237 -8.7249 -0.184471
7.71512 2242 -7.7002 -0.162623
7.71735 2247 -8.0714 -0.170273
7.71957 2252 -8.5158 -0.179449
7.72179 2257 -7.7092 -0.162272
7.72400 2262 -7.1240 -0.149788
7.72621 2267 -6.7711 -0.142212
7.72842 2272 -6.3635 -0.133503
7.73061 2277 -4.9058 -0.102808
7.73281 2282 -5.2445 -0.109786
7.73543 2288 -5.0528 -0.105634
7.73762 2293 -4.4200 -0.092304
7.73979 2298 -3.8812 -0.080963
7.74197 2303 -3.9925 -0.083194
7.74414 2308 -3.7913 -0.078917
7.74630 2313 -3.0502 -0.063422
7.74889 2319 -3.6648 -0.076102
7.75105 2324 -4.3106 -0.089418
7.75319 2329 -3.6971 -0.076607
7.75534 2334 -3.3819 -0.070001
7.75791 2340 -3.1713 -0.065559
7.76004 2345 -3.6305 -0.074970
7.76217 2350 -3.7633 -0.077631
7.76430 2355 -3.5757 -0.073683
7.76684 2361 -3.3798 -0.069557
7.76896 2366 -3.3941 -0.069777
7.77107 2371 -3.9665 -0.081460
7.77359 2377 -3.5683 -0.073189
7.77570 2382 -4.5827 -0.093897
7.77779 2387 -5.4304 -0.111150
7.78030 2393 -5.4755 -0.111932
7.78239 2398 -5.8648 -0.119765
7.78489 2404 -5.7562 -0.117400
7.78697 2409 -5.4340 -0.110714
7.78904 2414 -5.0487 -0.102758
7.79152 2420 -5.4129 -0.110034
7.79359 2425 -6.0585 -0.123030
7.79606 2431 -5.3170 -0.107839
7.79811 2436 -5.5474 -0.112397
7.80057 2442 -5.2537 -0.106315
7.80262 2447 -4.9399 -0.099862
7.80507 2453 -5.6733 -0.114547
7.80710 2458 -5.6768 -0.114503
7.80954 2464 -5.1698 -0.104148
7.81157 2469 -4.7184 -0.094960
7.81400 2475 -4.6675 -0.093820
7.81642 2481 -4.9745 -0.099870
7.81843 2486 -5.4499 -0.109305
7.82084 2492 -6.2170 -0.124539
7.82285 2497 -6.2474 -0.125023
7.82525 2503 -6.2619 -0.125164
7.82764 2509 -6.7950 -0.135656
7.82963 2514 -7.0027 -0.139663
7.83201 2520 -6.9683 -0.138813
7.83439 2526 -7.4699 -0.148628
7.83637 2531 -7.7771 -0.154586
7.83874 2537 -8.2122 -0.163043
7.84110 2543 -9.1384 -0.181215
7.84306 2548 -8.7153 -0.172656
7.84542 2554 -9.6399 -0.190750
7.84776 2560 -10.8001 -0.213457
7.85010 2566 -9.5933 -0.189383
7.85205 2571 -9.2901 -0.183219
7.85438 2577 -8.8839 -0.175003
7.85671 2583 -8.2010 -0.161364
7.85903 2589 -9.1414 -0.179658
7.86134 2595 -9.3130 -0.182818
7.86365 2601 -8.1961 -0.160709
7.86557 2606 -8.7411 -0.171230
7.86787 2612 -8.8916 -0.173977
7.87017 2618 -8.6544 -0.169143
7.87246 2624 -9.6166 -0.187733
7.87474 2630 -9.7959 -0.191015
7.87702 2636 -10.0796 -0.196323
7.87929 2642 -10.9300 -0.212645
7.88156 2648 -11.0112 -0.213980
7.88382 2654 -10.8782 -0.211157
7.88608 2660 -10.6391 -0.206284
7.88833 2666 -9.8414 -0.190602
7.89058 2672 -9.2618 -0.179174
7.89283 2678 -9.9947 -0.193136
7.89506 2684 -9.6872 -0.186985
7.89730 2690 -10.3349 -0.199265
7.89952 2696 -10.8644 -0.209240
7.90175 2702 -9.7147 -0.186890
7.90397 2708 -9.5173 -0.182889
7.90618 2714 -9.9507 -0.191007
7.90839 2720 -9.3629 -0.179526
7.91059 2726 -9.3784 -0.179626
7.91279 2732 -9.4939 -0.181637
7.91535 2739 -8.3505 -0.159558
7.91754 2745 -8.5669 -0.163514
7.91972 2751 -8.7736 -0.167275
7.92190 2757 -9.0128 -0.171649
7.92407 2763 -9.2029 -0.175079
7.92660 2770 -8.6652 -0.164641
7.92877 2776 -9.1579 -0.173814
7.93093 2782 -8.9061 -0.168854
7.93308 2788 -8.7551 -0.165811
7.93559 2795 -9.2613 -0.175179
7.93773 2801 -8.9919 -0.169900
7.93987 2807 -9.0765 -0.171316
7.94236 2814 -9.8225 -0.185165
7.94449 2820 -9.4786 -0.178492
7.94662 2826 -9.2043 -0.173143
7.94909 2833 -9.4891 -0.178281
7.95121 2839 -9.6539 -0.181183
7.95332 2845 -9.8577 -0.184814
7.95578 2852 -10.5378 -0.197322
7.95788 2858 -11.3829 -0.212922
7.96032 2865 -10.9699 -0.204946
7.96242 2871 -9.6899 -0.180844
7.96485 2878 -10.3651 -0.193209
7.96693 2884 -11.3203 -0.210795
7.96936 2891 -11.4567 -0.213076
7.97143 2897 -12.5080 -0.232388
7.97384 2904 -11.8976 -0.220780
7.97591 2910 -12.4204 -0.230244
7.97831 2917 -12.9310 -0.239421
7.98037 2923 -12.4376 -0.230049
7.98276 2930 -12.3310 -0.227805
7.98480 2936 -11.4798 -0.211863
7.98718 2943 -10.6177 -0.195720
7.98956 2950 -11.2465 -0.207066
7.99159 2956 -10.7519 -0.197757
7.99396 2963 -10.2073 -0.187519
7.99632 2970 -9.4319 -0.173070
7.99834 2976 -9.3442 -0.171287
8.00068 2983 -9.7316 -0.178180
8.00303 2990 -8.8864 -0.162514
8.00503 2996 -8.4648 -0.154649
8.00737 3003 -7.7480 -0.141388
8.00970 3010 -7.5612 -0.137818
8.01202 3017 -7.6742 -0.139716
8.01434 3024 -7.2089 -0.131092
8.01632 3030 -7.5554 -0.137257
8.01863 3037 -7.9735 -0.144686
8.02093 3044 -8.5100 -0.154243
8.02322 3051 -9.0301 -0.163483
8.02552 3058 -9.1894 -0.166176
8.02780 3065 -10.2208 -0.184617
8.03008 3072 -10.1840 -0.183742
8.03204 3078 -9.9402 -0.179168
8.03431 3085 -10.9404 -0.196972
8.03657 3092 -11.1322 -0.200200
8.03883 3099 -11.5353 -0.207213
8.04109 3106 -12.4334 -0.223095
8.04334 3113 -12.6189 -0.226168
8.04559 3120 -13.3465 -0.238940
8.04783 3127 -13.6275 -0.243699
8.05007 3134 -12.7154 -0.227134
8.05230 3141 -12.6435 -0.225598
8.05452 3148 -13.7047 -0.244259
8.05706 3156 -13.9882 -0.248996
8.05928 3163 -13.9210 -0.247525
8.06149 3170 -13.0943 -0.232569
8.06369 3177 -11.7729 -0.208870
8.06589 3184 -11.8406 -0.209839
8.06809 3191 -11.4870 -0.203350
8.07028 3198 -11.2210 -0.198423
8.07278 3206 -11.9865 -0.211695
8.07496 3213 -11.3129 -0.199581
8.07714 3220 -12.4412 -0.219248
8.07931 3227 -11.8588 -0.208757
8.08178 3235 -11.8607 -0.208533
8.08395 3242 -12.0717 -0.212012
8.08610 3249 -11.4293 -0.200515
8.08856 3257 -11.4746 -0.201061
8.09071 3264 -10.8917 -0.190643
8.09285 3271 -11.3072 -0.197704
8.09529 3279 -10.2769 -0.179470
8.09743 3286 -10.0977 -0.176153
8.09955 3293 -9.3785 -0.163433
8.10198 3301 -8.5517 -0.148844
8.10410 3308 -9.1623 -0.159303
8.10651 3316 -8.6585 -0.150361
8.10862 3323 -8.4491 -0.146570
8.11103 3331 -8.1593 -0.141372
8.11313 3338 -8.3535 -0.144585
8.11552 3346 -8.1159 -0.140305
8.11761 3353 -8.5890 -0.148329
8.11999 3361 -8.5485 -0.147454
8.12207 3368 -9.4729 -0.163229
8.12445 3376 -11.0372 -0.189958
8.12652 3383 -10.7661 -0.185101
8.12888 3391 -11.5248 -0.197910
8.13124 3399 -11.2205 -0.192458
8.13329 3406 -12.8856 -0.220791
8.13564 3414 -12.8633 -0.220151
8.13798 3422 -12.9365 -0.221145
8.14002 3429 -12.0747 -0.206201
8.14235 3437 -11.2613 -0.192088
8.14468 3445 -11.3960 -0.194159
8.14700 3453 -11.0123 -0.187405
8.14902 3460 -11.3614 -0.193150
8.15133 3468 -10.2172 -0.173497
8.15364 3476 -10.5822 -0.179488
8.15594 3484 -10.3337 -0.175072
8.15823 3492 -10.4913 -0.177538
8.16052 3500 -10.9300 -0.184750
8.16252 3507 -11.7361 -0.198178
8.16479 3515 -11.6491 -0.196485
8.16707 3523 -10.7653 -0.181372
8.16934 3531 -9.6606 -0.162576
8.17160 3539 -9.7477 -0.163856
8.17386 3547 -10.2225 -0.171643
8.17611 3555 -10.6419 -0.178484
8.17836 3563 -12.0779 -0.202340
8.18060 3571 -12.2528 -0.205041
8.18284 3579 -13.0324 -0.217844
8.18507 3587 -12.3516 -0.206233
8.18730 3595 -12.5080 -0.208612
8.18952 3603 -12.0505 -0.200759
8.19202 3612 -12.7722 -0.212516
8.19423 3620 -12.6321 -0.209953
8.19644 3628 -12.2085 -0.202688
8.19864 3636 -11.4957 -0.190645
8.20084 3644 -11.1928 -0.185418
8.20303 3652 -10.0730 -0.166684
8.20549 3661 -10.3051 -0.170316
8.20767 3669 -9.9061 -0.163541
8.20985 3677 -10.5061 -0.173259
8.21203 3685 -9.2481 -0.152346
8.21447 3694 -8.8010 -0.144805
8.21663 3702 -8.0961 -0.133062
8.21879 3710 -7.8968 -0.129648
8.22121 3719 -7.3325 -0.120237
8.22336 3727 -6.7822 -0.111095
8.22550 3735 -6.4188 -0.105029
8.22791 3744 -6.0675 -0.099161
8.23004 3752 -6.3450 -0.103585
8.23244 3761 -6.1631 -0.100496
8.23456 3769 -7.1017 -0.115678
8.23695 3778 -7.6315 -0.124160
8.23907 3786 -7.9263 -0.128820
8.24144 3795 -7.4969 -0.121695
8.24355 3803 -8.6215 -0.139804
8.24591 3812 -8.4469 -0.136811
8.24801 3820 -7.7945 -0.126111
8.25036 3829 -7.4322 -0.120109
8.25271 3838 -7.5850 -0.122435
8.25479 3846 -7.4376 -0.119929
8.25713 3855 -7.6840 -0.123759
8.25946 3864 -8.5848 -0.138106
8.26153 3872 -8.2978 -0.133351
8.26385 3881 -8.5898 -0.137883
8.26616 3890 -8.0809 -0.129563
8.26848 3899 -7.5162 -0.120371
8.27053 3907 -7.4822 -0.119703
8.27283 3916 -7.1208 -0.113790
8.27512 3925 -6.4473 -0.102911
8.27741 3934 -5.9301 -0.094546
8.27970 3943 -4.9264 -0.078455
8.28198 3952 -4.4289 -0.070451
8.28400 3960 -3.6671 -0.058275
8.28627 3969 -4.5222 -0.071780
8.28853 3978 -4.2811 -0.067877
8.29079 3987 -4.1612 -0.065901
8.29305 3996 -3.6605 -0.057906
8.29530 4005 -3.9634 -0.062628
8.29754 4014 -4.3901 -0.069293
8.29978 4023 -5.2981 -0.083531
8.30202 4032 -5.4823 -0.086339
8.30425 4041 -6.1310 -0.096447
8.30672 4051 -6.3725 -0.100121
8.30894 4060 -6.4618 -0.101413
8.31115 4069 -7.1708 -0.112415
8.31336 4078 -6.8664 -0.107525
8.31557 4087 -6.1951 -0.096905
8.31777 4096 -5.5943 -0.087411
8.32020 4106 -5.4249 -0.084661
8.32239 4115 -4.2455 -0.066182
8.32458 4124 -4.0877 -0.063653
8.32676 4133 -4.4472 -0.069176
8.32918 4143 -4.6739 -0.072614
8.33135 4152 -4.6859 -0.072722
8.33351 4161 -4.0492 -0.062773
8.33591 4171 -5.0685 -0.078480
8.33807 4180 -4.7668 -0.073730
8.34046 4190 -5.7964 -0.089548
8.34260 4199 -5.5976 -0.086383
8.34474 4208 -6.3884 -0.098482
8.34712 4218 -6.3425 -0.097659
8.34925 4227 -7.4868 -0.115154
8.35161 4237 -8.2486 -0.126722
8.35397 4247 -8.1397 -0.124901
8.35609 4256 -7.5520 -0.115761
8.35843 4266 -7.6910 -0.117753
8.36054 4275 -8.5370 -0.130568
8.36288 4285 -8.6460 -0.132081
8.36521 4295 -9.5223 -0.145298
8.36730 4304 -9.8825 -0.150636
8.36962 4314 -10.3294 -0.157267
8.37194 4324 -10.8610 -0.165168
8.37402 4333 -10.1213 -0.153759
8.37632 4343 -10.5316 -0.159808
8.37862 4353 -9.1168 -0.138180
8.38092 4363 -9.5158 -0.144063
8.38320 4373 -9.8005 -0.148203
8.38526 4382 -9.4769 -0.143163
8.38754 4392 -9.2257 -0.139209
8.38981 4402 -9.7993 -0.147696
8.39208 4412 -8.7778 -0.132150
8.39435 4422 -7.3272 -0.110187
8.39661 4432 -7.8905 -0.118523
8.39886 4442 -7.7651 -0.116508
8.40111 4452 -6.7526 -0.101203
8.40335 4462 -6.8540 -0.102607
8.40559 4472 -6.7454 -0.100868
8.40782 4482 -6.8347 -0.102090
8.41005 4492 -7.2017 -0.107452
8.41228 4502 -7.6149 -0.113491
8.41450 4512 -7.9609 -0.118516
8.41693 4523 -8.5360 -0.126923
8.41914 4533 -10.0956 -0.149948
8.42134 4543 -10.5427 -0.156416
8.42354 4553 -10.1537 -0.150479
8.42574 4563 -10.8421 -0.160504
8.42814 4574 -11.8867 -0.175758
8.43033 4584 -11.8157 -0.174516
8.43251 4594 -11.2164 -0.165484
8.43490 4605 -10.3788 -0.152944
8.43707 4615 -9.9486 -0.146446
8.43923 4625 -9.8109 -0.144262
8.44161 4636 -10.3135 -0.151472
8.44376 4646 -10.1060 -0.148265
8.44613 4657 -9.5521 -0.139973
8.44827 4667 -10.4648 -0.153184
8.45063 4678 -9.8468 -0.143967
8.45276 4688 -9.5237 -0.139096
8.45510 4699 -10.2969 -0.150211
8.45723 4709 -9.6228 -0.140229
8.45956 4720 -10.2512 -0.149212
8.46189 4731 -10.5858 -0.153902
8.46400 4741 -11.5783 -0.168155
8.46632 4752 -11.5684 -0.167817
8.46863 4763 -11.3223 -0.164057
8.47073 4773 -10.6950 -0.154805
8.47303 4784 -11.2846 -0.163152
8.47533 4795 -10.7601 -0.155389
8.47762 4806 -11.3090 -0.163129
8.47991 4817 -10.7912 -0.155483
8.48198 4827 -10.9873 -0.158144
8.48426 4838 -12.3129 -0.177022
8.48653 4849 -11.2513 -0.161576
8.48879 4860 -11.1120 -0.159394
8.49105 4871 -11.9018 -0.170531
8.49331 4882 -11.6805 -0.167172
8.49556 4893 -11.2574 -0.160935
8.49781 4904 -11.3279 -0.161761
8.50005 4915 -11.2452 -0.160400
8.50228 4926 -11.7415 -0.167292
8.50451 4937 -13.2992 -0.189275
8.50674 4948 -12.5562 -0.178502
8.50916 4960 -12.5287 -0.177896
8.51138 4971 -13.3371 -0.189164
8.51359 4982 -12.9377 -0.183297
8.51579 4993 -13.0163 -0.184207
8.51799 5004 -12.1958 -0.172405
8.52039 5016 -10.6887 -0.150920
8.52258 5027 -11.3253 -0.159733
8.52476 5038 -11.3896 -0.160464
8.52714 5050 -11.5320 -0.162277
8.52932 5061 -11.3504 -0.159549
8.53149 5072 -11.1149 -0.156069
8.53385 5084 -10.6105 -0.148810
8.53601 5095 -11.9563 -0.167503
8.53837 5107 -12.3509 -0.172828
8.54052 5118 -10.3663 -0.144901
8.54286 5130 -9.2874 -0.129669
8.54500 5141 -9.7451 -0.135914
8.54733 5153 -9.7650 -0.136033
8.54947 5164 -9.7012 -0.134999
8.55179 5176 -9.3350 -0.129753
8.55410 5188 -9.0782 -0.126038
8.55622 5199 -9.2566 -0.128378
8.55853 5211 -9.6628 -0.133858
8.56083 5223 -9.1258 -0.126274
8.56312 5235 -8.5177 -0.117723
8.56522 5246 -8.1228 -0.112148
8.56751 5258 -8.3408 -0.115026
8.56979 5270 -8.7086 -0.119962
8.57206 5282 -7.8401 -0.107875
8.57433 5294 -8.9759 -0.123363
8.57659 5306 -8.7850 -0.120603
8.57885 5318 -8.6280 -0.118313
8.58111 5330 -8.7497 -0.119848
8.58336 5342 -9.0487 -0.123803
8.58560 5354 -8.3988 -0.114783
8.58784 5366 -8.7379 -0.119285
8.59007 5378 -8.8229 -0.120309
8.59230 5390 -9.4592 -0.128842
8.59452 5402 -9.9998 -0.136054
8.59674 5414 -8.8442 -0.120199
8.59896 5426 -8.6521 -0.117458
8.60135 5439 -8.6629 -0.117464
8.60355 5451 -9.9020 -0.134117
8.60575 5463 -10.5720 -0.143034
8.60795 5475 -9.8626 -0.133291
8.61032 5488 -9.6462 -0.130211
8.61250 5500 -9.2452 -0.124662
8.61486 5513 -9.5803 -0.129029
8.61704 5525 -9.5304 -0.128217
8.61921 5537 -9.8604 -0.132513
8.62155 5550 -10.5468 -0.141571
8.62371 5562 -11.3376 -0.152022
8.62605 5575 -10.4449 -0.139888
8.62820 5587 -9.7880 -0.130950
8.63052 5600 -10.3504 -0.138313
8.63284 5613 -10.4437 -0.139399
8.63498 5625 -9.8646 -0.131528
8.63728 5638 -10.6265 -0.141524
8.63959 5651 -11.3948 -0.151581
8.64171 5663 -10.8036 -0.143564
8.64400 5676 -10.1463 -0.134675
8.64629 5689 -10.7905 -0.143062
8.64857 5702 -11.7257 -0.155284
8.65085 5715 -10.6198 -0.140479
8.65295 5727 -11.6845 -0.154400
8.65521 5740 -12.2601 -0.161823
8.65748 5753 -13.0672 -0.172281
8.65973 5766 -12.5302 -0.165014
8.66199 5779 -13.2779 -0.174664
8.66423 5792 -14.7037 -0.193202
8.66647 5805 -14.7698 -0.193853
8.66871 5818 -15.1035 -0.198011
8.67094 5831 -14.1147 -0.184842
8.67334 5845 -13.3443 -0.174544
8.67556 5858 -13.4218 -0.175362
8.67778 5871 -11.7979 -0.153975
8.67999 5884 -11.0596 -0.144179
8.68220 5897 -10.4396 -0.135946
8.68457 5911 -10.6108 -0.138013
8.68677 5924 -10.5867 -0.137547
8.68896 5937 -8.8119 -0.114363
8.69131 5951 -7.9784 -0.103424
8.69350 5964 -7.6280 -0.098773
8.69584 5978 -7.7867 -0.100710
8.69801 5991 -8.4318 -0.108936
8.70018 6004 -8.4674 -0.109277
8.70251 6018 -8.7062 -0.112228
8.70483 6032 -8.3864 -0.107980
8.70699 6045 -8.7012 -0.111913
8.70930 6059 -9.0949 -0.116841
8.71144 6072 -8.9832 -0.115283
8.71375 6086 -8.9596 -0.114848
8.71604 6100 -8.3528 -0.106947
8.71817 6113 -9.2542 -0.118362
8.72046 6127 -10.0135 -0.127927
8.72274 6141 -8.5666 -0.109318
8.72502 6155 -8.4364 -0.107533
8.72729 6169 -9.7140 -0.123677
8.72956 6183 -10.3198 -0.131242
8.73182 6197 -9.9166 -0.125972
8.73408 6211 -9.8935 -0.125537
8.73617 6224 -9.3155 -0.118078
8.73858 6239 -7.6112 -0.096360
8.74082 6253 -7.4968 -0.094805
8.74305 6267 -7.8524 -0.099191
8.74528 6281 -8.7258 -0.110101
8.74751 6295 -9.6858 -0.122078
8.74973 6309 -8.8110 -0.110929
8.75195 6323 -10.3341 -0.129961
8.75432 6338 -11.3267 -0.142274
8.75653 6352 -12.0274 -0.150910
8.75873 6366 -11.8486 -0.148503
8.76092 6380 -12.2265 -0.153071
8.76327 6395 -12.1414 -0.151827
8.76546 6409 -11.1971 -0.139865
8.76780 6424 -10.7046 -0.133557
8.76997 6438 -10.0001 -0.124632
8.77230 6453 -10.9526 -0.136344
8.77447 6467 -11.7693 -0.146352
8.77678 6482 -11.1349 -0.138303
8.77894 6496 -9.5916 -0.119006
8.78125 6511 -10.8613 -0.134604
8.78355 6526 -10.7088 -0.132561
8.78569 6540 -9.9563 -0.123115
8.78798 6555 -9.4084 -0.116207
8.79027 6570 -9.6449 -0.118991
8.79255 6585 -10.6050 -0.130687
8.79467 6599 -9.5855 -0.117998
8.79694 6614 -11.0255 -0.135571
8.79921 6629 -12.7461 -0.156550
8.80147 6644 -13.7384 -0.168547
8.80372 6659 -13.0303 -0.159680
8.80597 6674 -14.1113 -0.172732
8.80822 6689 -13.5837 -0.166088
8.81046 6704 -12.9563 -0.158239
8.81269 6719 -12.7464 -0.155502
8.81492 6734 -10.5881 -0.129027
8.81730 6750 -9.9236 -0.120787
8.81952 6765 -9.4079 -0.114382
8.82173 6780 -10.2632 -0.124643
8.82394 6795 -9.8640 -0.119663
8.82629 6811 -10.5204 -0.127476
8.82849 6826 -10.1934 -0.123378
8.83069 6841 -8.9385 -0.108070
8.83303 6857 -10.0303 -0.121129
8.83521 6872 -11.7274 -0.141469
8.83754 6888 -10.6183 -0.127941
8.83971 6903 -9.9019 -0.119178
8.84203 6919 -10.2234 -0.122907
8.84419 6934 -10.2731 -0.123370
8.84650 6950 -10.3239 -0.123837
8.84865 6965 -10.5579 -0.126508
8.85095 6981 -13.6160 -0.162964
8.85324 6997 -14.1098 -0.168681
8.85552 7013 -12.5362 -0.149698
8.85766 7028 -13.2073 -0.157543
8.85993 7044 -14.0263 -0.167122
8.86220 7060 -13.6544 -0.162506
8.86446 7076 -14.0988 -0.167605
8.86672 7092 -12.9291 -0.153527
8.86898 7108 -12.8173 -0.152028
8.87122 7124 -12.8212 -0.151903
8.87347 7140 -13.6408 -0.161432
8.87571 7156 -14.6762 -0.173491
8.87794 7172 -14.1420 -0.166990
8.88017 7188 -13.8237 -0.163050
8.88239 7204 -14.1531 -0.166750
8.88475 7221 -13.2786 -0.156262
8.88696 7237 -14.8284 -0.174308
8.88917 7253 -16.0228 -0.188139
8.89151 7270 -16.2843 -0.190987
8.89371 7286 -17.0080 -0.199255
8.89590 7302 -15.4316 -0.180588
8.89823 7319 -14.9299 -0.174514
8.90041 7335 -14.3555 -0.167617
8.90273 7352 -14.1252 -0.164737
8.90490 7368 -13.6263 -0.158746
8.90721 7385 -13.9063 -0.161822
8.90951 7402 -13.3230 -0.154856
8.91166 7418 -12.9651 -0.150533
8.91395 7435 -13.7515 -0.159482
8.91624 7452 -14.1006 -0.163344
8.91838 7468 -13.8522 -0.160294
8.92066 7485 -14.0828 -0.162777
8.92292 7502 -14.3319 -0.165468
8.92519 7519 -13.8900 -0.160185
8.92745 7536 -13.8591 -0.159649
8.92970 7553 -13.7328 -0.158016
8.93195 7570 -12.1906 -0.140112
8.93419 7587 -11.6553 -0.133810
8.93643 7604 -11.1357 -0.127702
8.93866 7621 -9.2440 -0.105890
8.94089 7638 -8.8826 -0.101637
8.94324 7656 -7.2796 -0.083197
8.94546 7673 -7.9889 -0.091202
8.94768 7690 -7.9577 -0.090745
8.94988 7707 -8.3308 -0.094895
8.95222 7725 -8.0663 -0.091775
8.95442 7742 -8.0122 -0.091060
8.95674 7760 -8.4029 -0.095389
8.95893 7777 -7.9958 -0.090669
8.96124 7795 -8.9448 -0.101313
8.96342 7812 -8.4077 -0.095126
8.96572 7830 -7.7105 -0.087136
8.96789 7847 -8.4097 -0.094935
8.97018 7865 -9.0189 -0.101696
8.97246 7883 -9.7762 -0.110109
8.97462 7900 -8.6918 -0.097790
8.97689 7918 -6.8748 -0.077260
8.97916 7936 -7.7990 -0.087546
8.98143 7954 -7.9296 -0.088912
8.98369 7972 -8.9228 -0.099935
8.98595 7990 -8.8348 -0.098838
8.98820 8008 -9.6078 -0.107365
8.99044 8026 -9.1089 -0.101675
8.99268 8044 -10.0437 -0.111984
8.99492 8062 -10.8235 -0.120545
8.99715 8080 -8.5886 -0.095547
8.99937 8098 -8.8335 -0.098162
9.00172 8117 -9.7440 -0.108153
9.00393 8135 -10.5408 -0.116868
9.00614 8153 -11.1897 -0.123925
9.00847 8172 -10.5528 -0.116735
9.01067 8190 -9.0460 -0.099958
9.01286 8208 -8.4534 -0.093307
9.01518 8227 -9.3221 -0.102776
9.01736 8245 -8.2697 -0.091074
9.01966 8264 -8.4877 -0.093368
9.02196 8283 -8.4462 -0.092804
9.02413 8301 -8.7687 -0.096244
9.02642 8320 -9.7573 -0.106972
9.02870 8339 -9.2707 -0.101521
9.03085 8357 -10.2880 -0.112539
9.03313 8376 -9.7652 -0.106700
9.03539 8395 -10.5619 -0.115274
9.03765 8414 -10.3308 -0.112625
9.03991 8433 -8.5750 -0.093378
9.04216 8452 -9.5396 -0.103764
9.04440 8471 -9.3664 -0.101767
9.04664 8490 -8.0504 -0.087370
9.04888 8509 -7.5276 -0.081606
9.05111 8528 -7.9463 -0.086048
9.05345 8548 -5.2853 -0.057166
9.05567 8567 -5.3948 -0.058285
9.05789 8586 -4.4934 -0.048493
9.06010 8605 -4.1579 -0.044823
9.06242 8625 -5.1056 -0.054975
9.06462 8644 -4.3551 -0.046843
9.06693 8664 -4.5429 -0.048806
9.06912 8683 -4.1959 -0.045029
9.07142 8703 -4.1071 -0.044025
9.07360 8722 -3.6811 -0.039416
9.07589 8742 -3.3609 -0.035946
9.07818 8762 -4.0256 -0.043006
9.08035 8781 -2.6643 -0.028432
9.08262 8801 -3.1765 -0.033860
9.08489 8821 -3.9526 -0.042085
9.08716 8841 -4.5334 -0.048214
9.08941 8861 -6.1719 -0.065566
9.09167 8881 -6.7519 -0.071647
9.09392 8901 -6.7654 -0.071709
9.09616 8921 -9.2734 -0.098182
9.09840 8941 -10.4491 -0.110506
9.10064 8961 -11.3391 -0.119784
9.10287 8981 -10.6592 -0.112477
9.10509 9001 -10.9079 -0.114973
9.10742 9022 -12.4365 -0.130932
9.10964 9042 -12.5690 -0.132181
9.11185 9062 -12.4371 -0.130650
9.11416 9083 -12.0329 -0.126257
9.11636 9103 -12.7446 -0.133578
9.11866 9124 -13.3054 -0.139295
9.12085 9144 -10.9722 -0.114743
9.12315 9165 -10.5484 -0.110185
9.12533 9185 -12.5510 -0.130961
9.12761 9206 -13.7539 -0.143348
9.12989 9227 -15.0119 -0.156280
9.13216 9248 -13.1117 -0.136344
9.13443 9269 -13.0448 -0.135494
9.13659 9289 -13.5026 -0.140098
9.13884 9310 -11.8758 -0.123080
9.14110 9331 -10.4133 -0.107802
9.14335 9352 -10.1198 -0.104646
9.14559 9373 -10.7624 -0.111166
9.14783 9394 -11.3297 -0.116894
9.15017 9416 -9.8908 -0.101929
9.15239 9437 -9.2270 -0.094982
9.15462 9458 -8.7583 -0.090058
9.15683 9479 -9.6579 -0.099198
9.15915 9501 -7.9765 -0.081833
9.16136 9522 -8.5648 -0.087771
9.16367 9544 -10.8719 -0.111286
9.16587 9565 -10.5007 -0.107369
9.16816 9587 -10.6905 -0.109183
9.17035 9608 -10.3927 -0.106026
9.17264 9630 -9.8815 -0.100696
9.17482 9651 -10.7364 -0.109288
9.17709 9673 -9.6451 -0.098068
9.17937 9695 -10.5713 -0.107363
9.18163 9717 -9.7918 -0.099334
9.18389 9739 -9.5311 -0.096580
9.18615 9761 -10.4401 -0.105672
9.18840 9783 -11.7479 -0.118775
9.19065 9805 -11.7074 -0.118233
9.19289 9827 -12.1325 -0.122389
9.19513 9849 -12.1261 -0.122187
9.19736 9871 -12.0733 -0.121519
9.19958 9893 -12.0975 -0.121628
9.20190 9916 -12.1579 -0.122093
9.20412 9938 -11.8663 -0.119033
9.20633 9960 -10.0519 -0.100721
9.20864 9983 -8.2875 -0.082945
9.21084 10005 -7.7932 -0.077913
9.21314 10028 -5.6284 -0.056206
9.21533 10050 -5.7739 -0.057595
9.21761 10073 -5.4122 -0.053926
9.21989 10096 -4.7740 -0.047512
9.22207 10118 -4.4863 -0.044600
9.22434 10141 -4.3170 -0.042869
9.22661 10164 -3.5296 -0.035010
9.22887 10187 -4.7111 -0.046677
9.23112 10210 -5.0182 -0.049663
9.23337 10233 -2.7925 -0.027605
9.23562 10256 -2.8033 -0.027681
9.23786 10279 -2.6287 -0.025928
9.24009 10302 -3.8017 -0.037455
9.24232 10325 -2.6070 -0.025656
9.24455 10348 -5.4487 -0.053563
9.24687 10372 -5.3857 -0.052883
9.24908 10395 -5.2770 -0.051758
9.25139 10419 -6.5326 -0.063999
9.25359 10442 -7.9156 -0.077463
9.25579 10465 -9.2117 -0.090047
9.25808 10489 -7.0285 -0.068627
9.26037 10513 -9.0342 -0.088110
9.26255 10536 -7.6950 -0.074967
9.26483 10560 -7.7378 -0.075298
9.26710 10584 -8.3483 -0.081147
9.26936 10608 -9.9331 -0.096442
9.27162 10632 -10.9829 -0.106514
9.27388 10656 -8.4847 -0.082194
9.27613 10680 -6.3530 -0.061474
9.27837 10704 -5.9651 -0.057656
9.28061 10728 -4.7467 -0.045829
9.28285 10752 -5.5661 -0.053679
9.28508 10776 -6.1027 -0.058788
9.28730 10800 -6.3689 -0.061285
9.28961 10825 -6.7791 -0.065156
9.29183 10849 -7.8670 -0.075529
9.29404 10873 -10.2986 -0.098765
9.29633 10898 -10.3684 -0.099320
9.29853 10922 -9.0680 -0.086768
9.30082 10947 -8.9827 -0.085854
9.30310 10972 -9.7680 -0.093253
9.30529 10996 -9.9350 -0.094744
9.30756 11021 -10.3746 -0.098823
9.30982 11046 -10.6028 -0.100883
9.31208 11071 -11.7193 -0.111380
9.31434 11096 -11.3880 -0.108110
9.31659 11121 -11.6928 -0.110878
9.31884 11146 -12.2830 -0.116344
9.32108 11171 -11.8983 -0.112574
9.32331 11196 -11.3202 -0.106985
9.32554 11221 -11.5178 -0.108731
9.32786 11247 -13.4928 -0.127228
9.33008 11272 -14.6146 -0.137653
9.33229 11297 -13.7526 -0.129391
9.33459 11323 -12.7180 -0.119519
9.33680 11348 -12.7723 -0.119897
9.33909 11374 -13.5675 -0.127216
9.34128 11399 -12.8674 -0.120519
9.34356 11425 -15.0820 -0.141101
9.34583 11451 -14.7111 -0.137475
9.34810 11477 -15.2103 -0.141979
9.35028 11502 -14.7347 -0.137390
9.35253 11528 -16.2559 -0.151403
9.35479 11554 -15.5972 -0.145104
9.35703 11580 -14.3104 -0.132983
9.35928 11606 -15.3950 -0.142902
9.36152 11632 -15.7255 -0.145807
9.36383 11659 -14.4768 -0.134074
9.36606 11685 -15.1858 -0.140483
9.36828 11711 -16.2534 -0.150192
9.37059 11738 -15.9233 -0.146972
9.37280 11764 -15.3000 -0.141064
9.37509 11791 -13.1799 -0.121377
9.37729 11817 -11.8188 -0.108723
9.37958 11844 -11.8704 -0.109073
9.38177 11870 -11.4346 -0.104953
9.38404 11897 -11.8659 -0.108789
9.38631 11924 -11.6482 -0.106672
9.38857 11951 -11.8719 -0.108597
9.39083 11978 -12.4684 -0.113925
9.39308 12005 -13.2553 -0.120979
9.39533 12032 -13.3335 -0.121555
9.39757 12059 -14.2616 -0.129871
9.39980 12086 -12.9642 -0.117924
9.40203 12113 -14.8664 -0.135076
9.40426 12140 -14.4855 -0.131469
9.40656 12168 -13.6151 -0.123428
9.40878 12195 -14.1800 -0.128406
9.41107 12223 -13.9324 -0.126020
9.41328 12250 -14.5212 -0.131200
9.41556 12278 -15.1517 -0.136741
9.41776 12305 -15.6158 -0.140774
9.42003 12333 -16.9864 -0.152956
9.42230 12361 -16.4861 -0.148283
9.42456 12389 -16.0234 -0.143958
9.42682 12417 -16.1021 -0.144502
9.42899 12444 -15.2664 -0.136854
9.43124 12472 -15.1923 -0.136037
9.43356 12501 -15.2231 -0.136154
9.43580 12529 -15.1134 -0.135022
9.43803 12557 -16.3455 -0.145867
9.44026 12585 -17.9874 -0.160340
9.44256 12614 -19.6193 -0.174686
9.44478 12642 -19.2789 -0.171464
9.44699 12670 -19.0336 -0.169096
9.44928 12699 -18.8183 -0.166992
9.45156 12728 -16.6744 -0.147798
9.45376 12756 -15.8776 -0.140582
9.45603 12785 -15.3385 -0.135654
9.45829 12814 -13.9172 -0.122945
9.46055 12843 -14.6948 -0.129667
9.46273 12871 -14.3198 -0.126221
9.46498 12900 -14.4856 -0.127538
9.46731 12930 -14.9063 -0.131090
9.46955 12959 -15.8628 -0.139346
9.47178 12988 -14.6546 -0.128589
9.47401 13017 -15.5345 -0.136158
9.47624 13046 -15.1235 -0.132408
9.47853 13076 -13.5184 -0.118219
9.48075 13105 -13.1820 -0.115149
9.48304 13135 -13.8933 -0.121225
9.48524 13164 -12.6658 -0.110392
9.48752 13194 -13.2873 -0.115678
9.48979 13224 -12.5863 -0.109450
9.49198 13253 -12.8408 -0.111541
9.49424 13283 -12.4093 -0.107671
9.49650 13313 -14.5160 -0.125809
9.49875 13343 -13.8928 -0.120271
9.50099 13373 -14.4486 -0.124943
9.50323 13403 -14.0383 -0.121259
9.50547 13433 -12.0069 -0.103596
9.50777 13464 -10.2899 -0.088679
9.51000 13494 -10.7439 -0.092490
9.51222 13524 -11.7527 -0.101061
9.51451 13555 -9.7863 -0.084056
9.51672 13585 -8.8030 -0.075527
9.51900 13616 -8.7372 -0.074877
9.52127 13647 -9.8274 -0.084124
9.52347 13677 -8.7545 -0.074857
9.52573 13708 -9.0595 -0.077378
9.52799 13739 -6.2526 -0.053344
9.53025 13770 -5.7875 -0.049320
9.53250 13801 -5.4337 -0.046253
9.53474 13832 -7.0216 -0.059702
9.53698 13863 -7.4370 -0.063164
9.53921 13894 -5.1904 -0.044034
9.54151 13926 -3.5585 -0.030154
9.54374 13957 -2.9811 -0.025234
9.54603 13989 -3.3390 -0.028231
9.54824 14020 -5.3532 -0.045210
9.55052 14052 -5.7713 -0.048686
9.55272 14083 -5.7967 -0.048847
9.55499 14115 -5.6845 -0.047847
9.55726 14147 -4.8895 -0.041109
9.55952 14179 -6.4569 -0.054225
9.56177 14211 -5.0124 -0.042046
9.56402 14243 -6.5351 -0.054759
9.56627 14275 -7.7451 -0.064825
9.56850 14307 -8.3436 -0.069755
9.57074 14339 -10.1257 -0.084560
9.57297 14371 -11.2963 -0.094231
9.57526 14404 -9.5877 -0.079886
9.57748 14436 -10.5991 -0.088216
9.57976 14469 -10.4398 -0.086791
9.58197 14501 -10.6152 -0.088152
9.58425 14534 -10.8108 -0.089674
9.58645 14566 -10.6782 -0.088477
9.58871 14599 -9.6976 -0.080261
9.59097 14632 -9.3165 -0.077020
9.59322 14665 -8.3653 -0.069078
9.59547 14698 -7.5877 -0.062587
9.59771 14731 -8.2439 -0.067923
9.59995 14764 -8.4970 -0.069930
9.60225 14798 -9.1984 -0.075615
9.60447 14831 -11.8680 -0.097453
9.60670 14864 -12.9666 -0.106355
9.60898 14898 -14.8165 -0.121390
9.61119 14931 -13.2567 -0.108490
9.61347 14965 -15.0563 -0.123078
9.61574 14999 -16.9587 -0.138472
9.61794 15032 -19.1374 -0.156090
9.62020 15066 -17.8515 -0.145438
9.62245 15100 -19.2387 -0.156562
9.62470 15134 -18.4066 -0.149623
9.62694 15168 -17.5949 -0.142864
9.62918 15202 -18.6456 -0.151226
9.63148 15237 -18.6712 -0.151259
9.63371 15271 -18.7114 -0.151416
9.63593 15305 -19.6100 -0.158512
9.63822 15340 -19.3016 -0.155840
9.64043 15374 -18.8756 -0.152233
9.64271 15409 -19.4329 -0.156549
9.64498 15444 -19.5121 -0.157008
9.64724 15479 -19.9290 -0.160182
9.64943 15513 -18.5912 -0.149265
9.65169 15548 -16.6410 -0.133457
9.65394 15583 -14.1549 -0.113392
9.65618 15618 -13.8156 -0.110549
9.65848 15654 -14.2506 -0.113899
9.66072 15689 -15.0236 -0.119944
9.66294 15724 -14.6921 -0.117166
9.66523 15760 -14.9845 -0.119361
9.66745 15795 -15.7236 -0.125110
9.66973 15831 -17.0780 -0.135732
9.67193 15866 -18.1831 -0.144356
9.67420 15902 -18.9016 -0.149890
9.67646 15938 -19.6015 -0.155265
9.67872 15974 -20.0772 -0.158853
9.68097 16010 -18.4933 -0.146157
9.68321 16046 -16.8625 -0.133118
9.68546 16082 -16.4725 -0.129894
9.68769 16118 -16.6843 -0.131418
9.68992 16154 -15.4804 -0.121799
9.69221 16191 -15.8512 -0.124573
9.69443 16227 -15.3885 -0.120803
9.69671 16264 -15.5480 -0.121916
9.69892 16300 -14.7419 -0.115467
9.70119 16337 -15.4054 -0.120528
9.70345 16374 -14.6108 -0.114182
9.70571 16411 -14.5016 -0.113201
9.70796 16448 -13.8752 -0.108189
9.71021 16485 -13.0684 -0.101784
9.71245 16522 -12.3493 -0.096075
9.71469 16559 -12.6102 -0.097995
9.71692 16596 -12.5473 -0.097398
9.71920 16634 -11.0795 -0.085906
9.72143 16671 -10.7976 -0.083627
9.72370 16709 -11.1433 -0.086206
9.72591 16746 -12.4405 -0.096135
9.72818 16784 -14.3774 -0.110977
9.73044 16822 -10.4178 -0.080323
9.73270 16860 -9.0047 -0.069349
9.73495 16898 -8.6370 -0.066442
9.73720 16936 -7.5994 -0.058395
9.73944 16974 -5.9562 -0.045717
9.74167 17012 -5.0980 -0.039086
9.74391 17050 -5.3237 -0.040771
9.74619 17089 -6.7178 -0.051389
9.74841 17127 -4.9198 -0.037593
9.75069 17166 -4.4179 -0.033720
9.75290 17204 -4.4300 -0.033775
9.75516 17243 -6.0595 -0.046145
9.75742 17282 -7.4432 -0.056619
9.75967 17321 -6.6827 -0.050777
9.76192 17360 -6.1109 -0.046380
9.76417 17399 -7.2515 -0.054975
9.76641 17438 -6.1840 -0.046830
9.76864 17477 -3.6229 -0.027404
9.77093 17517 -2.2871 -0.017280
9.77315 17556 -2.6969 -0.020354
9.77543 17596 -5.7976 -0.043706
9.77764 17635 -6.5506 -0.049328
9.77991 17675 -5.5060 -0.041415
9.78217 17715 -4.1613 -0.031265
9.78442 17755 -3.9622 -0.029736
9.78667 17795 -3.9773 -0.029815
9.78892 17835 -4.2795 -0.032045
9.79116 17875 -4.3008 -0.032168
9.79339 17915 -6.6249 -0.049496
9.79568 17956 -7.5758 -0.056536
9.79790 17996 -8.9088 -0.066410
9.80018 18037 -8.0968 -0.060288
9.80240 18077 -7.1053 -0.052847
9.80466 18118 -7.3005 -0.054237
9.80692 18159 -6.4402 -0.047792
9.80918 18200 -6.4762 -0.048005
9.81143 18241 -8.3127 -0.061549
9.81367 18282 -10.6114 -0.078480
9.81591 18323 -10.3586 -0.076525
9.81815 18364 -8.6454 -0.063797
9.82038 18405 -7.8348 -0.057751
9.82266 18447 -9.2138 -0.067839
9.82488 18488 -9.6894 -0.071261
9.82715 18530 -9.3319 -0.068554
9.82941 18572 -8.5826 -0.062978
9.83167 18614 -4.8393 -0.035470
9.83387 18655 -3.2914 -0.024098
9.83612 18697 -1.2122 -0.008865
9.83842 18740 -1.0549 -0.007706
9.84065 18782 0.3116 0.002274
9.84289 18824 -2.2573 -0.016453
9.84512 18866 -2.0086 -0.014624
9.84739 18909 -2.3896 -0.017377
9.84966 18952 -2.3644 -0.017175
9.85188 18994 -5.6456 -0.040964
9.85414 19037 -4.1158 -0.029830
9.85640 19080 -7.3110 -0.052928
9.85865 19123 -7.8873 -0.057036
9.86089 19166 -8.0387 -0.058066
9.86313 19209 -8.1666 -0.058924
9.86537 19252 -9.3560 -0.067430
9.86765 19296 -7.1350 -0.051364
9.86988 19339 -7.4811 -0.053796
9.87215 19383 -7.1868 -0.051621
9.87437 19426 -8.9035 -0.063880
9.87663 19470 -9.8454 -0.070559
9.87889 19514 -11.3573 -0.081302
9.88114 19558 -10.5875 -0.075706
9.88339 19602 -9.3590 -0.066846
9.88563 19646 -12.0184 -0.085745
9.88787 19690 -14.4662 -0.103093
9.89015 19735 -13.8947 -0.098908
9.89238 19779 -13.1619 -0.093587
9.89465 19824 -12.2767 -0.087194
9.89687 19868 -13.0922 -0.092883
9.89913 19913 -14.2052 -0.100665
9.90139 19958 -14.7057 -0.104094
9.90364 20003 -13.2613 -0.093764
9.90588 20048 -12.2443 -0.086477
9.90813 20093 -12.6890 -0.089517
9.91036 20138 -14.2326 -0.100294
9.91260 20183 -14.5066 -0.102111
9.91487 20229 -14.6665 -0.103119
9.91709 20274 -14.5703 -0.102329
9.91936 20320 -16.0684 -0.112722
9.92162 20366 -16.0416 -0.112407
9.92388 20412 -16.4100 -0.114859
9.92613 20458 -17.5511 -0.122708
9.92838 20504 -17.3118 -0.120899
9.93062 20550 -15.1219 -0.105488
9.93285 20596 -14.0974 -0.098231
9.93513 20643 -13.4497 -0.093611
9.93736 20689 -16.0359 -0.111487
9.93963 20736 -17.3557 -0.120525
9.94184 20782 -18.1895 -0.126176
9.94410 20829 -18.6423 -0.129171
9.94636 20876 -20.2076 -0.139859
9.94860 20923 -16.6659 -0.115217
9.95085 20970 -14.8005 -0.102206
9.95309 21017 -15.6158 -0.107716
9.95537 21065 -17.1981 -0.118495
9.95760 21112 -16.6054 -0.114284
9.95987 21160 -19.2795 -0.132537
9.96209 21207 -18.2320 -0.125197
9.96435 21255 -16.6908 -0.114484
9.96660 21303 -15.0538 -0.103139
9.96885 21351 -15.3473 -0.105032
9.97110 21399 -13.3503 -0.091263
9.97334 21447 -9.4036 -0.064211
9.97558 21495 -10.7349 -0.073220
9.97785 21544 -11.2841 -0.076879
9.98008 21592 -13.0042 -0.088499
9.98234 21641 -12.6109 -0.085725
9.98461 21690 -13.0209 -0.088412
9.98686 21739 -14.1964 -0.096285
9.98907 21787 -11.9652 -0.081063
9.99136 21837 -11.6977 -0.079160
9.99360 21886 -9.4368 -0.063788
9.99584 21935 -9.3291 -0.062990
9.99807 21984 -8.6832 -0.058563
10.00034 22034 -10.5483 -0.071062
10.00261 22084 -10.1025 -0.067981
10.00482 22133 -10.5893 -0.071178
10.00708 22183 -8.6863 -0.058321
10.00933 22233 -8.8706 -0.059491
10.01158 22283 -8.0317 -0.053805
10.01382 22333 -7.5252 -0.050355
10.01610 22384 -8.7380 -0.058404
10.01833 22434 -9.8322 -0.065645
10.02056 22484 -11.5385 -0.076951
10.02282 22535 -8.1180 -0.054078
10.02509 22586 -7.3482 -0.048895
10.02734 22637 -6.4028 -0.042556
10.02959 22688 -8.5320 -0.056644
10.03184 22739 -9.3067 -0.061718
10.03408 22790 -7.4684 -0.049471
10.03631 22841 -7.5148 -0.049724
10.03859 22893 -8.5139 -0.056270
10.04081 22944 -10.0291 -0.066211
10.04308 22996 -11.8500 -0.078143
10.04533 23048 -12.3630 -0.081434
10.04759 23100 -13.3637 -0.087927
10.04984 23152 -14.4549 -0.094999
10.05208 23204 -12.2219 -0.080234
10.05432 23256 -11.4706 -0.075218
10.05655 23308 -12.4851 -0.081779
10.05882 23361 -11.7303 -0.076747
10.06105 23413 -8.5063 -0.055592
10.06331 23466 -6.0360 -0.039403
10.06556 23519 -5.2036 -0.033931
10.06781 23572 -5.1202 -0.033350
10.07006 23625 -4.1640 -0.027091
10.07230 23678 -3.1504 -0.020474
10.07458 23732 -3.4158 -0.022173
10.07681 23785 -3.6408 -0.023607
10.07908 23839 -3.2927 -0.021326
10.08130 23892 -4.4409 -0.028731
10.08356 23946 -4.5551 -0.029436
10.08581 24000 -3.4885 -0.022518
10.08806 24054 -3.8147 -0.024596
10.09030 24108 -4.6847 -0.030172
10.09254 24162 -5.0236 -0.032318
10.09481 24217 -4.4081 -0.028326
10.09704 24271 -7.5152 -0.048239
10.09930 24326 -7.8944 -0.050616
10.10156 24381 -7.8825 -0.050482
10.10381 24436 -12.1318 -0.077609
10.10606 24491 -12.7376 -0.081392
10.10830 24546 -12.6010 -0.080429
10.11054 24601 -12.7378 -0.081212
10.11282 24657 -11.5875 -0.073794
10.11504 24712 -12.4023 -0.078895
10.11731 24768 -13.7031 -0.087071
10.11957 24824 -14.0106 -0.088924
10.12178 24879 -11.6449 -0.073828
10.12403 24935 -11.0360 -0.069889
10.12631 24992 -12.0574 -0.076270
10.12855 25048 -13.7221 -0.086703
10.13078 25104 -12.5623 -0.079286
10.13305 25161 -10.1174 -0.063783
10.13527 25217 -9.8820 -0.062230
10.13753 25274 -12.1626 -0.076505
10.13978 25331 -13.4157 -0.084292
10.14203 25388 -13.6506 -0.085672
10.14427 25445 -13.8868 -0.087056
10.14655 25503 -15.8001 -0.098938
10.14878 25560 -16.4870 -0.103124
10.15105 25618 -16.7222 -0.104477
10.15327 25675 -16.9272 -0.105640
10.15553 25733 -15.1484 -0.094432
10.15778 25791 -12.5201 -0.077961
10.16003 25849 -11.2126 -0.069741
10.16227 25907 -12.5441 -0.077935
10.16454 25966 -13.9898 -0.086818
10.16677 26024 -14.7545 -0.091461
10.16904 26083 -15.0486 -0.093179
10.17126 26141 -14.9731 -0.092608
10.17351 26200 -15.1840 -0.093807
10.17576 26259 -14.8058 -0.091368
10.17801 26318 -14.1782 -0.087397
10.18029 26378 -15.2500 -0.093896
10.18252 26437 -14.0060 -0.086140
10.18479 26497 -14.3645 -0.088245
10.18701 26556 -14.0842 -0.086427
10.18927 26616 -13.4341 -0.082345
10.19152 26676 -13.8607 -0.084864
10.19377 26736 -15.4994 -0.094791
10.19601 26796 -14.1862 -0.086663
10.19828 26857 -13.6806 -0.083479
10.20051 26917 -16.4178 -0.100069
10.20278 26978 -18.2094 -0.110864
10.20500 27038 -17.7728 -0.108085
10.20725 27099 -15.0107 -0.091185
10.20950 27160 -15.7702 -0.095691
10.21178 27222 -14.5458 -0.088161
10.21402 27283 -12.8201 -0.077615
10.21625 27344 -11.7623 -0.071132
10.21852 27406 -11.0762 -0.066907
10.22078 27468 -14.1834 -0.085579
10.22300 27529 -14.3662 -0.086586
10.22524 27591 -11.1346 -0.067033
10.22753 27654 -10.6082 -0.063791
10.22977 27716 -15.3080 -0.091950
10.23200 27778 -15.6291 -0.093774
10.23427 27841 -15.9077 -0.095338
10.23649 27903 -15.2664 -0.091393
10.23874 27966 -15.6951 -0.093853
10.24099 28029 -16.1329 -0.096363
10.24324 28092 -16.7498 -0.099935
10.24552 28156 -19.8179 -0.118106
10.24775 28219 -19.7639 -0.117653
10.25002 28283 -18.7765 -0.111648
10.25224 28346 -20.9471 -0.124416
10.25450 28410 -19.0695 -0.113137
10.25675 28474 -16.7213 -0.099094
10.25899 28538 -20.5502 -0.121648
10.26123 28602 -20.6437 -0.122064
10.26350 28667 -20.9967 -0.124011
10.26573 28731 -20.9551 -0.123627
10.26799 28796 -19.9299 -0.117446
10.27025 28861 -17.9905 -0.105898
10.27250 28926 -18.4896 -0.108713
10.27474 28991 -18.7187 -0.109937
10.27698 29056 -17.5311 -0.102847
10.27925 29122 -15.9714 -0.093591
10.28148 29187 -16.1785 -0.094699
10.28374 29253 -17.3070 -0.101190
10.28599 29319 -15.2810 -0.089244
10.28824 29385 -14.7005 -0.085757
10.29048 29451 -14.1645 -0.082538
10.29272 29517 -14.3597 -0.083581
10.29499 29584 -13.5860 -0.078989
10.29722 29650 -14.6396 -0.085019
10.29947 29717 -14.3060 -0.082988
10.30173 29784 -16.2845 -0.094359
10.30397 29851 -16.2910 -0.094291
10.30622 29918 -16.8023 -0.097141
10.30849 29986 -15.7596 -0.091010
10.31072 30053 -17.3844 -0.100280
10.31298 30121 -19.8570 -0.114414
10.31523 30189 -18.6677 -0.107440
10.31748 30257 -16.0355 -0.092187
10.31973 30325 -14.8703 -0.085393
10.32197 30393 -14.5030 -0.083190
10.32424 30462 -14.5848 -0.083564
10.32647 30530 -15.2487 -0.087271
10.32872 30599 -14.6875 -0.083964
10.33098 30668 -16.3256 -0.093223
10.33322 30737 -16.6228 -0.094814
10.33546 30806 -17.8231 -0.101546
10.33773 30876 -18.6415 -0.106089
10.33997 30945 -20.3018 -0.115409
10.34223 31015 -19.3363 -0.109796
10.34448 31085 -18.7567 -0.106385
10.34673 31155 -20.2194 -0.114552
10.34897 31225 -17.8220 -0.100857
10.35121 31295 -18.1321 -0.102497
10.35345 31365 -17.9117 -0.101138
10.35571 31436 -18.6542 -0.105211
10.35797 31507 -17.8512 -0.100569
10.36022 31578 -14.5537 -0.081900
10.36246 31649 -10.3961 -0.058437
10.36470 31720 -12.3926 -0.069582
10.36697 31792 -14.2830 -0.080105
10.36920 31863 -11.7179 -0.065646
10.37146 31935 -14.3158 -0.080109
10.37371 32007 -13.0584 -0.072990
10.37596 32079 -11.4912 -0.064159
10.37820 32151 -8.5906 -0.047910
10.38047 32224 -9.4916 -0.052875
10.38270 32296 -11.8403 -0.065885
10.38496 32369 -11.0674 -0.061515
10.38721 32442 -9.5886 -0.053236
10.38946 32515 -9.3067 -0.051613
10.39170 32588 -6.2667 -0.034714
10.39394 32661 -4.9979 -0.027655
10.39620 32735 -5.3711 -0.029686
10.39846 32809 -8.4943 -0.046896
10.40071 32883 -7.2051 -0.039734
10.40296 32957 -8.8509 -0.048755
10.40520 33031 -7.4323 -0.040894
10.40744 33105 -4.0717 -0.022378
10.40970 33180 -6.5033 -0.035703
10.41193 33254 -7.9285 -0.043478
10.41418 33329 -7.9120 -0.043339
10.41643 33404 -14.2089 -0.077743
10.41870 33480 -14.0254 -0.076652
10.42094 33555 -14.1026 -0.076988
10.42320 33631 -10.5229 -0.057381
10.42543 33706 -12.9674 -0.070632
10.42768 33782 -13.1484 -0.071537
10.42993 33858 -10.2458 -0.055682
10.43217 33934 -7.4342 -0.040357
10.43444 34011 -5.8219 -0.031568
10.43667 34087 -4.1324 -0.022382
10.43893 34164 -5.0524 -0.027335
10.44118 34241 -10.3801 -0.056095
10.44343 34318 -11.5444 -0.062318
10.44567 34395 -11.7496 -0.063354
10.44793 34473 -12.6029 -0.067879
10.45019 34551 -14.1664 -0.076213
10.45242 34628 -14.5107 -0.077979
10.45467 34706 -14.3124 -0.076826
10.45691 34784 -11.0461 -0.059227
10.45918 34863 -11.9628 -0.064069
10.46142 34941 -14.8580 -0.079486
10.46367 35020 -12.7805 -0.068295
10.46593 35099 -12.2248 -0.065252
10.46818 35178 -13.6312 -0.072677
10.47042 35257 -14.6263 -0.077895
10.47266 35336 -12.2827 -0.065341
10.47492 35416 -13.2019 -0.070151
10.47718 35496 -16.3347 -0.086700
10.47943 35576 -17.3518 -0.091995
10.48167 35656 -15.8007 -0.083678
10.48391 35736 -15.7873 -0.083513
10.48618 35817 -16.0450 -0.084780
10.48841 35897 -18.1699 -0.095901
10.49066 35978 -20.7236 -0.109256
10.49291 36059 -23.5254 -0.123888
10.49516 36140 -21.0207 -0.110574
10.49742 36222 -22.1289 -0.116272
10.49966 36303 -22.4521 -0.117838
10.50191 36385 -23.1161 -0.121186
10.50416 36467 -22.5000 -0.117823
10.50641 36549 -21.8518 -0.114301
10.50865 36631 -22.0393 -0.115153
10.51091 36714 -19.7431 -0.103039
10.51314 36796 -19.6958 -0.102677
10.51540 36879 -17.2528 -0.089840
10.51765 36962 -19.7081 -0.102510
10.51992 37046 -15.7861 -0.082017
10.52215 37129 -13.2161 -0.068588
10.52441 37213 -13.0750 -0.067779
10.52664 37296 -12.1971 -0.063157
10.52889 37380 -12.8884 -0.066662
10.53116 37465 -13.7967 -0.071279
10.53340 37549 -10.2954 -0.053131
10.53564 37633 -11.0511 -0.056967
10.53789 37718 -5.8380 -0.030060
10.54014 37803 -7.4456 -0.038295
10.54239 37888 -9.0449 -0.046468
10.54466 37974 -7.0644 -0.036252
10.54689 38059 -3.2366 -0.016591
10.54915 38145 -5.7374 -0.029376
10.55140 38231 -5.7092 -0.029199
10.55365 38317 -6.4305 -0.032851
10.55589 38403 -4.8434 -0.024715
10.55815 38490 -2.5511 -0.013003
10.56039 38576 2.4497 0.012472
10.56264 38663 2.6908 0.013684
10.56489 38750 -0.3785 -0.001923
10.56713 38837 -1.2420 -0.006302
10.56939 38925 -1.9326 -0.009795
10.57162 39012 -2.9796 -0.015086
10.57388 39100 -1.2317 -0.006229
10.57613 39188 -3.8652 -0.019525
10.57839 39277 -9.1299 -0.046068
10.58063 39365 -5.5780 -0.028114
10.58289 39454 -3.8627 -0.019447
10.58512 39542 -5.7875 -0.029105
10.58739 39632 -3.7160 -0.018666
10.58964 39721 -4.6639 -0.023401
10.59187 39810 -1.5127 -0.007581
10.59413 39900 0.9366 0.004689
10.59638 39990 -4.7836 -0.023921
10.59863 40080 -5.6780 -0.028362
10.60088 40170 -10.0619 -0.050203
10.60311 40260 -7.6032 -0.037893
10.60537 40351 -8.1613 -0.040628
10.60762 40442 -8.4153 -0.041846
10.60987 40533 -9.0807 -0.045104
10.61211 40624 -9.0773 -0.045037
10.61438 40716 -7.2211 -0.035787
10.61661 40807 -9.2908 -0.045992
10.61886 40899 -9.0121 -0.044562
10.62111 40991 -7.4013 -0.036557
10.62337 41084 -9.0999 -0.044895
10.62561 41176 -11.6017 -0.057174
10.62787 41269 -14.4633 -0.071196
10.63012 41362 -14.4449 -0.071026
10.63236 41455 -14.7150 -0.072272
10.63460 41548 -14.6547 -0.071896
10.63686 41642 -13.2204 -0.064786
10.63912 41736 -13.0361 -0.063811
10.64137 41830 -10.8342 -0.052973
10.64361 41924 -10.8050 -0.052771
10.64585 42018 -10.5443 -0.051440
10.64811 42113 -4.9383 -0.024064
10.65037 42208 -3.1599 -0.015381
10.65261 42303 -3.3894 -0.016479
10.65486 42398 -7.9199 -0.038464
10.65709 42493 -10.1524 -0.049250
10.65935 42589 -6.1798 -0.029945
10.66160 42685 -3.2248 -0.015608
10.66385 42781 -1.7909 -0.008658
10.66609 42877 -1.7404 -0.008405
10.66835 42974 -2.3403 -0.011289
10.67061 43071 -2.4810 -0.011955
10.67285 43168 -0.6717 -0.003233
10.67510 43265 -2.8047 -0.013484
10.67734 43362 -5.0071 -0.024046
10.67960 43460 -5.2353 -0.025113
10.68185 43558 -4.4358 -0.021254
10.68410 43656 -8.4630 -0.040504
10.68634 43754 -9.9552 -0.047593
10.68860 43853 -7.8251 -0.037367
10.69085 43952 -6.7891 -0.032384
10.69310 44051 -6.7663 -0.032238
10.69535 44150 -8.5640 -0.040758
10.69759 44249 -6.9728 -0.033148
10.69985 44349 -2.6671 -0.012665
10.70210 44449 -2.0604 -0.009773
10.70434 44549 -3.0451 -0.014427
10.70659 44649 -6.4795 -0.030664
10.70885 44750 -5.9726 -0.028234
10.71108 44850 -3.7136 -0.017535
10.71333 44951 -1.3684 -0.006454
10.71559 45053 -0.3889 -0.001832
10.71783 45154 -2.2817 -0.010738
10.72009 45256 -2.0865 -0.009808
10.72234 45358 -2.0999 -0.009860
10.72459 45460 -2.4316 -0.011404
10.72683 45562 -4.6224 -0.021655
10.72909 45665 -2.2657 -0.010603
10.73132 45767 1.1353 0.005307
10.73359 45871 -1.2622 -0.005893
10.73583 45974 -2.9919 -0.013954
10.73807 46077 -3.6601 -0.017051
10.74032 46181 -3.8503 -0.017917
10.74257 46285 -4.3730 -0.020327
10.74482 46389 -3.0733 -0.014269
10.74708 46494 -8.0187 -0.037188
10.74931 46598 -8.9736 -0.041570
10.75156 46703 -10.6670 -0.049359
10.75383 46809 -14.1942 -0.065606
10.75607 46914 -13.7185 -0.063337
10.75833 47020 -16.6516 -0.076792
10.76056 47125 -16.2268 -0.074749
10.76283 47232 -16.9212 -0.077860
10.76507 47338 -17.5541 -0.080682
10.76733 47445 -18.3642 -0.084310
10.76956 47551 -13.3234 -0.061099
10.77181 47658 -14.0238 -0.064239
10.77407 47766 -10.8376 -0.049588
10.77631 47873 -13.1130 -0.059932
10.77856 47981 -15.0095 -0.068522
10.78081 48089 -15.3517 -0.070006
10.78305 48197 -13.3646 -0.060876
10.78531 48306 -17.3254 -0.078828
10.78756 48415 -14.8564 -0.067519
10.78981 48524 -14.3543 -0.065164
10.79206 48633 -19.4457 -0.088177
10.79430 48742 -21.1344 -0.095728
10.79655 48852 -20.3576 -0.092105
10.79880 48962 -16.8838 -0.076303
10.80104 49072 -22.3787 -0.101022
10.80330 49183 -23.9000 -0.107768
10.80556 49294 -24.3526 -0.109685
10.80781 49405 -25.6547 -0.115420
10.81005 49516 -24.4865 -0.110041
10.81229 49627 -23.2494 -0.104365
10.81454 49739 -24.8239 -0.111307
10.81679 49851 -23.4399 -0.104983
10.81904 49963 -25.6891 -0.114928
10.82130 50076 -26.8400 -0.119941
10.82355 50189 -23.4992 -0.104893
10.82580 50302 -23.2815 -0.103805
10.82804 50415 -23.4404 -0.104396
10.83030 50529 -22.6911 -0.100945
10.83254 50642 -21.3639 -0.094935
10.83479 50756 -19.5135 -0.086615
10.83705 50871 -19.4675 -0.086313
10.83929 50985 -20.2811 -0.089819
10.84154 51100 -24.2205 -0.107145
10.84379 51215 -27.5415 -0.121699
10.84603 51330 -26.8764 -0.118628
10.84829 51446 -27.8137 -0.122626
10.85054 51562 -28.4457 -0.125271
10.85279 51678 -25.6662 -0.112904
10.85503 51794 -27.5499 -0.121055
10.85729 51911 -25.2385 -0.110773
10.85954 52028 -27.1592 -0.119069
10.86178 52145 -24.6075 -0.107761
10.86402 52262 -22.2181 -0.097188
10.86628 52380 -19.0353 -0.083172
10.86853 52498 -17.3810 -0.075858
10.87078 52616 -19.1807 -0.083619
10.87303 52735 -18.8318 -0.082005
10.87527 52853 -20.1103 -0.087475
10.87752 52972 -19.0397 -0.082725
10.87978 53092 -20.6646 -0.089683
10.88202 53211 -21.4077 -0.092805
10.88427 53331 -22.7290 -0.098422
10.88652 53451 -22.6211 -0.097845
10.88876 53571 -22.5264 -0.097326
10.89102 53692 -23.8073 -0.102744
10.89327 53813 -21.7736 -0.093861
10.89552 53934 -24.5162 -0.105565
10.89778 54056 -23.2598 -0.100043
10.90001 54177 -21.0228 -0.090320
10.90226 54299 -19.0578 -0.081786
10.90452 54422 -20.8561 -0.089402
10.90676 54544 -16.7043 -0.071524
10.90902 54667 -14.5420 -0.062196
10.91126 54790 -16.1918 -0.069174
10.91351 54913 -15.8600 -0.067681
10.91576 55037 -14.9286 -0.063634
10.91801 55161 -9.7196 -0.041384
10.92026 55285 -9.2923 -0.039520
10.92252 55410 -13.6052 -0.057798
10.92475 55534 -10.3272 -0.043823
10.92702 55660 -8.7764 -0.037200
10.92926 55785 -14.3706 -0.060844
10.93150 55910 -16.6153 -0.070269
10.93375 56036 -17.6122 -0.074401
10.93601 56163 -19.3989 -0.081856
10.93825 56289 -22.9993 -0.096940
10.94051 56416 -25.1270 -0.105789
10.94276 56543 -21.3445 -0.089763
10.94500 56670 -22.6503 -0.095148
10.94726 56798 -18.6092 -0.078084
10.94951 56926 -15.0131 -0.062924
10.95175 57054 -13.9939 -0.058586
10.95399 57182 -16.2252 -0.067852
10.95625 57311 -14.5448 -0.060756
10.95850 57440 -12.5442 -0.052340
10.96074 57569 -10.3164 -0.042996
10.96300 57699 -13.5665 -0.056479
10.96525 57829 -14.6511 -0.060925
10.96749 57959 -10.3662 -0.043059
10.96975 58090 -13.8967 -0.057658
10.97198 58220 -4.7169 -0.019549
10.97425 58352 -6.8886 -0.028517
10.97649 58483 -6.7812 -0.028041
10.97875 58615 -7.2092 -0.029777
10.98100 58747 -8.2747 -0.034140
10.98324 58879 -8.2059 -0.033818
10.98548 59011 -10.7987 -0.044454
10.98773 59144 -7.4032 -0.030442
10.98999 59278 -10.1885 -0.041847
10.99223 59411 -10.7097 -0.043938
10.99449 59545 -10.5279 -0.043144
10.99674 59679 -6.9514 -0.028455
10.99898 59813 -6.9104 -0.028256
11.00123 59948 -10.1871 -0.041607
11.00348 60083 -11.2662 -0.045962
11.00573 60218 -11.0963 -0.045219
11.00798 60354 -13.1705 -0.053610
11.01023 60490 -11.5448 -0.046940
11.01248 60626 -10.5022 -0.042653
11.01472 60762 -9.0485 -0.036708
11.01697 60899 -11.8565 -0.048045
11.01922 61036 -11.5778 -0.046863
11.02148 61174 -10.8126 -0.043717
11.02373 61312 -13.5597 -0.054762
11.02598 61450 -13.2776 -0.053562
11.02822 61588 -15.3722 -0.061943
11.03048 61727 -19.4798 -0.078405
11.03273 61866 -20.3827 -0.081948
11.03497 62005 -17.7895 -0.071441
11.03723 62145 -22.5234 -0.090351
11.03946 62284 -18.9316 -0.075857
11.04172 62425 -15.8706 -0.063521
11.04396 62565 -16.4520 -0.065774
11.04621 62706 -13.8896 -0.055467
11.04846 62847 -13.5104 -0.053892
11.05072 62989 -12.6588 -0.050438
11.05297 63131 -14.1264 -0.056223
11.05521 63273 -10.3636 -0.041200
11.05746 63415 -10.3672 -0.041169
11.05971 63558 -8.3966 -0.033306
11.06196 63701 -7.0080 -0.027766
11.06421 63845 -7.0659 -0.027964
11.06645 63988 -7.9980 -0.031618
11.06871 64133 -11.9499 -0.047187
11.07096 64277 -14.0042 -0.055237
11.07321 64422 -14.7706 -0.058194
11.07546 64567 -12.9314 -0.050891
11.07770 64712 -14.6029 -0.057405
11.07996 64858 -20.2588 -0.079549
11.08220 65004 -14.7557 -0.057875
11.08445 65150 -14.0567 -0.055071
11.08670 65297 -15.4978 -0.060649
11.08895 65444 -18.7738 -0.073386
11.09119 65591 -20.1291 -0.078596
11.09345 65739 -18.2017 -0.070990
11.09570 65887 -17.7451 -0.069132
11.09794 66035 -11.6937 -0.045506
11.10019 66184 -11.2363 -0.043677
11.10244 66333 -14.3283 -0.055633
11.10470 66483 -14.5237 -0.056328
11.10694 66632 -16.4654 -0.063787
11.10919 66782 -15.3732 -0.059489
11.11145 66933 -13.5034 -0.052194
11.11369 67083 -17.6389 -0.068103
11.11593 67234 -25.6400 -0.098884
11.11819 67386 -22.2184 -0.085591
11.12045 67538 -22.0411 -0.084812
11.12269 67690 -18.1162 -0.069631
11.12494 67842 -17.5943 -0.067550
11.12719 67995 -17.5587 -0.067337
11.12944 68148 -18.9780 -0.072698
11.13168 68301 -22.0664 -0.084434
11.13393 68455 -23.6818 -0.090513
11.13618 68609 -18.5836 -0.070948
11.13844 68764 -16.2910 -0.062125
11.14069 68919 -17.5206 -0.066739
11.14293 69074 -19.4054 -0.073836
11.14518 69229 -14.3370 -0.054490
11.14743 69385 -11.9331 -0.045302
11.14967 69541 -16.8380 -0.063851
11.15193 69698 -17.2994 -0.065527
11.15418 69855 -13.2676 -0.050199
11.15642 70012 -13.4303 -0.050757
11.15868 70170 -14.2845 -0.053925
11.16093 70328 -19.0313 -0.071764
11.16317 70486 -18.2155 -0.068610
11.16542 70645 -18.5190 -0.069675
11.16767 70804 -17.4177 -0.065458
11.16991 70963 -12.5016 -0.046930
11.17217 71123 -15.4370 -0.057884
11.17441 71283 -14.6143 -0.054737
11.17667 71444 -9.9121 -0.037084
11.17892 71605 -11.3953 -0.042585
11.18117 71766 -14.0082 -0.052291
11.18342 71928 -9.7650 -0.036410
11.18567 72090 -12.6842 -0.047242
11.18792 72252 -13.0217 -0.048444
11.19017 72415 -8.8452 -0.032869
11.19242 72578 -10.7128 -0.039765
11.19466 72741 -7.6084 -0.028210
11.19691 72905 -6.7717 -0.025079
11.19916 73069 -8.1556 -0.030171
11.20142 73234 -6.1380 -0.022681
11.20365 73398 -1.0292 -0.003799
11.20591 73564 -1.6414 -0.006052
11.20815 73729 -4.2132 -0.015516
11.21040 73895 -3.0005 -0.011038
11.21266 74062 -1.1682 -0.004293
11.21491 74229 4.2948 0.015764
11.21716 74396 2.1215 0.007778
11.21940 74563 7.7699 0.028455
11.22165 74731 7.2343 0.026463
11.22390 74899 6.9239 0.025299
11.22615 75068 0.7800 0.002847
11.22840 75237 1.1619 0.004236
11.23064 75406 -0.1791 -0.000652
11.23289 75576 0.0952 0.000346
11.23514 75746 -1.4481 -0.005261
11.23740 75917 -4.7536 -0.017253
11.23965 76088 -4.0413 -0.014651
11.24189 76259 -5.2734 -0.019096
11.24414 76431 -2.9216 -0.010568
11.24639 76603 -4.7248 -0.017071
11.24865 76776 -5.8955 -0.021277
11.25089 76948 -6.3704 -0.022965
11.25314 77122 -2.1128 -0.007608
11.25538 77295 -2.3952 -0.008615
11.25763 77469 -9.4600 -0.033988
11.25989 77644 -7.7938 -0.027970
11.26214 77819 -3.9353 -0.014107
11.26439 77994 -7.2957 -0.026124
11.26664 78170 -9.4696 -0.033870
11.26889 78346 -12.7626 -0.045596
11.27113 78522 -11.2331 -0.040087
11.27339 78699 -10.8579 -0.038705
11.27563 78876 -12.3845 -0.044097
11.27789 79054 -12.3031 -0.043758
11.28014 79232 -15.1259 -0.053737
11.28238 79410 -16.0105 -0.056816
11.28463 79589 -14.3420 -0.050837
11.28688 79768 -12.2177 -0.043259
11.28913 79948 -10.3057 -0.036448
11.29138 80128 -12.9563 -0.045771
11.29362 80308 -12.1153 -0.042752
11.29588 80489 -11.7996 -0.041591
11.29812 80670 -13.5499 -0.047707
11.30038 80852 -11.2944 -0.039721
11.30262 81034 -8.6791 -0.030489
11.30487 81216 -7.8054 -0.027389
11.30712 81399 -8.6811 -0.030427
11.30936 81582 -7.2107 -0.025245
11.31162 81766 -10.3155 -0.036075
11.31386 81950 -5.0394 -0.017604
11.31612 82135 -0.8904 -0.003107
11.31837 82320 2.0923 0.007292
11.32061 82505 -1.0280 -0.003579
11.32287 82691 -2.5237 -0.008776
11.32511 82877 -8.0324 -0.027902
11.32737 83064 -9.0233 -0.031308
11.32962 83251 -10.8139 -0.037479
11.33186 83438 -9.1510 -0.031680
11.33411 83626 -8.0820 -0.027948
11.33636 83814 -11.6962 -0.040400
11.33861 84003 -10.0767 -0.034767
11.34086 84192 -7.8342 -0.027000
11.34311 84382 -10.2355 -0.035236
11.34536 84572 -14.1988 -0.048825
11.34760 84762 -15.1645 -0.052087
11.34985 84953 -8.1896 -0.028098
11.35210 85144 -10.4563 -0.035835
11.35435 85336 -5.8693 -0.020092
11.35660 85528 -2.4186 -0.008270
11.35885 85721 -6.9342 -0.023684
11.36110 85914 -6.1348 -0.020930
11.36335 86107 -7.3294 -0.024977
11.36560 86301 -6.0220 -0.020499
11.36785 86496 -6.1826 -0.021022
11.37009 86690 -4.1624 -0.014137
11.37235 86886 -6.6444 -0.022541
11.37459 87081 -7.5314 -0.025522
11.37684 87277 -11.3764 -0.038508
11.37910 87474 -9.9946 -0.033793
11.38135 87671 -7.4099 -0.025026
11.38359 87868 -5.1539 -0.017387
11.38584 88066 -0.8638 -0.002911
11.38809 88264 -2.6879 -0.009047
11.39034 88463 -5.1128 -0.017190
11.39259 88662 -8.2012 -0.027543
11.39484 88862 -11.8924 -0.039895
11.39709 89062 -10.2894 -0.034478
11.39934 89263 -12.3002 -0.041170
11.40159 89464 -14.4680 -0.048371
11.40384 89665 -15.1835 -0.050706
11.40609 89867 -13.3558 -0.044552
11.40833 90069 -14.1725 -0.047224
11.41058 90272 -17.2447 -0.057396
11.41283 90475 -20.5621 -0.068360
11.41508 90679 -18.6072 -0.061791
11.41733 90883 -17.5477 -0.058207
11.41958 91088 -17.1113 -0.056696
11.42183 91293 -20.6996 -0.068508
11.42408 91499 -20.4142 -0.067488
11.42633 91705 -23.7685 -0.078488
11.42858 91911 -26.9773 -0.088984
11.43083 92118 -26.0722 -0.085902
11.43307 92325 -20.3970 -0.067128
11.43532 92533 -28.2453 -0.092853
11.43758 92742 -24.9651 -0.081978
11.43982 92950 -23.5878 -0.077368
11.44207 93160 -24.7364 -0.081044
11.44433 93370 -22.2796 -0.072913
11.44657 93580 -24.4630 -0.079968
11.44882 93791 -28.9989 -0.094689
11.45107 94002 -28.7731 -0.093846
11.45331 94213 -34.2403 -0.111553
11.45556 94425 -33.0929 -0.107694
11.45781 94638 -28.7627 -0.093497
11.46006 94851 -29.4061 -0.095481
11.46232 95065 -30.0922 -0.097599
11.46456 95279 -33.5035 -0.108540
11.46681 95493 -31.7745 -0.102824
11.46906 95708 -32.9789 -0.106601
11.47131 95924 -29.0029 -0.093644
11.47356 96140 -26.9078 -0.086781
11.47580 96356 -21.4299 -0.069037
11.47805 96573 -16.1274 -0.051896
11.48031 96791 -15.0439 -0.048355
11.48256 97009 -17.2248 -0.055303
11.48480 97227 -24.1100 -0.077322
11.48705 97446 -24.4577 -0.078349
11.48931 97666 -26.0582 -0.083382
11.49155 97885 -22.7860 -0.072830
11.49380 98106 -25.5819 -0.081674
11.49605 98327 -29.9458 -0.095499
11.49830 98548 -29.3643 -0.093540
11.50055 98770 -36.7798 -0.117030
11.50279 98992 -32.8923 -0.104543
11.50504 99215 -38.2564 -0.121455
11.50730 99439 -31.5633 -0.100093
11.50955 99663 -24.8001 -0.078557
11.51179 99887 -26.0777 -0.082512
11.51404 100112 -23.7402 -0.075031
11.51629 100337 -21.0808 -0.066551
11.51854 100563 -22.1591 -0.069877
11.52079 100790 -19.7151 -0.062100
11.52304 101017 -26.0280 -0.081892
11.52529 101244 -24.3766 -0.076611
11.52754 101472 -23.3303 -0.073240
11.52979 101701 -26.5755 -0.083333
11.53204 101930 -21.0887 -0.066054
11.53429 102159 -15.5799 -0.048745
11.53653 102389 -18.5129 -0.057856
11.53879 102620 -19.3575 -0.060427
11.54104 102851 -11.6766 -0.036409
11.54328 103082 -10.2144 -0.031814
11.54554 103315 -6.9085 -0.021493
11.54778 103547 -2.4631 -0.007655
11.55003 103780 0.9701 0.003011
11.55228 104014 1.7328 0.005373
11.55453 104248 8.7182 0.027002
11.55678 104483 11.4915 0.035551
11.55903 104718 10.1916 0.031494
11.56128 104954 8.9360 0.027583
11.56352 105190 13.0179 0.040138
11.56577 105427 13.0489 0.040188
11.56803 105665 8.4782 0.026082
11.57028 105903 5.0457 0.015505
11.57252 106141 4.7202 0.014488
11.57477 106380 4.3749 0.013413
11.57703 106620 -1.1675 -0.003575
11.57927 106860 -3.1030 -0.009492
11.58152 107100 -1.1732 -0.003585
11.58377 107341 0.1660 0.000507
11.58602 107583 -3.4210 -0.010430
11.58826 107825 -5.1553 -0.015700
11.59052 108068 1.3575 0.004130
11.59276 108311 1.8233 0.005540
11.59501 108555 -2.6571 -0.008065
11.59727 108800 -6.4124 -0.019440
11.59952 109045 -1.6964 -0.005137
11.60176 109290 0.2122 0.000642
11.60401 109536 2.0463 0.006183
11.60626 109783 -6.1825 -0.018659
11.60851 110030 -7.6149 -0.022957
11.61076 110278 -4.8856 -0.014712
11.61301 110526 -10.8948 -0.032771
11.61526 110775 -9.3271 -0.028024
11.61751 111025 -6.6283 -0.019893
11.61976 111275 -10.3508 -0.031029
11.62200 111525 -3.7937 -0.011360
11.62425 111776 -5.8742 -0.017570
11.62650 112028 -8.0927 -0.024179
11.62875 112280 -10.8689 -0.032437
11.63100 112533 -7.9198 -0.023609
11.63325 112786 -6.3451 -0.018893
11.63550 113040 -4.9618 -0.014758
11.63775 113295 -6.3615 -0.018900
11.64000 113550 -13.4663 -0.039963
11.64225 113806 -15.1521 -0.044915
11.64450 114062 -21.6854 -0.064209
11.64675 114319 -19.1830 -0.056736
11.64899 114576 -21.4847 -0.063472
11.65124 114834 -21.6652 -0.063933
11.65350 115093 -20.8367 -0.061419
11.65574 115352 -24.2576 -0.071422
11.65800 115612 -26.7186 -0.078580
11.66024 115872 -17.3210 -0.050884
11.66249 116133 -17.8728 -0.052446
11.66474 116394 -14.7664 -0.043282
11.66699 116657 -20.2392 -0.059257
11.66924 116919 -22.4412 -0.065630
11.67148 117182 -23.9679 -0.070016
11.67373 117446 -28.2071 -0.082307
11.67599 117711 -26.2178 -0.076417
11.67824 117976 -22.3543 -0.065083
11.68048 118241 -18.6098 -0.054120
11.68274 118508 -23.0574 -0.066979
11.68499 118775 -24.2004 -0.070220
11.68723 119042 -29.7885 -0.086337
11.68948 119310 -28.7292 -0.083173
11.69173 119579 -28.1227 -0.081326
11.69398 119848 -26.9235 -0.077771
11.69623 120118 -31.3684 -0.090508
11.69848 120388 -26.8633 -0.077423
11.70072 120659 -24.5374 -0.070640
11.70298 120931 -28.0233 -0.080584
11.70522 121203 -21.7861 -0.062578
11.70747 121476 -19.0100 -0.054543
11.70973 121750 -18.1603 -0.052046
11.71197 122024 -15.0930 -0.043207
11.71422 122299 -17.9300 -0.051271
11.71647 122574 -21.8733 -0.062476
11.71872 122850 -23.1105 -0.065936
11.72097 123127 -25.1353 -0.071632
11.72322 123404 -26.8789 -0.076515
11.72547 123682 -29.6425 -0.084287
11.72771 123960 -27.3856 -0.077782
11.72996 124239 -26.1410 -0.074164
11.73221 124519 -21.8697 -0.061976
11.73447 124800 -20.8635 -0.059058
11.73672 125081 -25.9693 -0.073428
11.73896 125362 -31.2488 -0.088257
11.74122 125645 -31.8196 -0.089768
11.74346 125927 -25.0875 -0.070696
11.74571 126211 -22.5211 -0.063393
11.74796 126495 -29.3922 -0.082641
11.75021 126780 -29.2522 -0.082155
11.75245 127065 -28.0347 -0.078647
11.75471 127352 -27.2055 -0.076235
11.75695 127638 -30.2074 -0.084552
11.75921 127926 -34.5254 -0.096529
11.76146 128214 -39.2322 -0.109566
11.76371 128503 -37.1317 -0.103583
11.76595 128792 -42.7472 -0.119114
11.76820 129082 -47.1065 -0.131114
11.77045 129373 -50.0364 -0.139112
11.77270 129664 -56.8519 -0.157883
11.77495 129956 -57.0479 -0.158249
11.77720 130248 -51.7540 -0.143403
11.77945 130542 -45.5425 -0.126050
11.78170 130836 -47.7602 -0.132039
11.78394 131130 -54.0359 -0.149221
11.78620 131426 -50.3670 -0.138933
11.78844 131721 -44.0283 -0.121312
11.79069 132018 -40.2855 -0.110875
11.79294 132315 -41.1209 -0.113047
11.79519 132613 -40.5641 -0.111391
11.79744 132912 -42.1610 -0.115646
11.79969 133211 -37.5670 -0.102929
11.80194 133511 -31.2564 -0.085542
11.80419 133812 -31.1423 -0.085134
11.80644 134113 -27.1868 -0.074237
11.80869 134415 -25.1958 -0.068723
11.81094 134718 -24.7824 -0.067520
11.81319 135021 -20.2873 -0.055211
11.81543 135325 -17.3102 -0.047056
11.81769 135630 -12.6584 -0.034372
11.81993 135935 -11.5457 -0.031315
11.82218 136241 -6.8645 -0.018598
11.82443 136548 -13.6700 -0.036993
11.82668 136855 -18.1485 -0.049058
11.82893 137164 -22.1624 -0.059841
11.83118 137472 -12.9282 -0.034868
11.83343 137782 -10.9873 -0.029600
11.83568 138092 -6.7703 -0.018219
11.83792 138403 -2.6682 -0.007172
11.84018 138715 -4.8109 -0.012917
11.84242 139027 -2.7003 -0.007242
11.84467 139340 -3.1750 -0.008506
11.84692 139654 -0.1365 -0.000365
11.84917 139968 7.9646 0.021289
11.85142 140284 7.4687 0.019941
11.85367 140600 4.6787 0.012478
11.85592 140916 3.4202 0.009111
11.85817 141233 -4.4638 -0.011878
11.86042 141551 -3.9176 -0.010413
11.86267 141870 6.3747 0.016924
11.86492 142190 12.7765 0.033883
11.86717 142510 9.2371 0.024469
11.86942 142831 16.5948 0.043910
11.87166 143152 8.1584 0.021563
11.87392 143475 6.4815 0.017112
11.87616 143798 6.2922 0.016593
11.87841 144121 8.9718 0.023633
11.88066 144446 7.9207 0.020841
11.88291 144771 8.1990 0.021549
11.88516 145097 4.1508 0.010897
11.88741 145424 7.2802 0.019091
11.88965 145751 7.2071 0.018878
11.89191 146080 6.3272 0.016555
11.89415 146408 13.0730 0.034166
11.89640 146738 9.8912 0.025821
11.89866 147069 6.6913 0.017448
11.90091 147400 0.2446 0.000637
11.90316 147732 1.4127 0.003675
11.90540 148064 -0.8081 -0.002100
11.90765 148398 0.6825 0.001772
11.90990 148732 6.5827 0.017069
11.91215 149067 9.1975 0.023822
11.91440 149402 10.0209 0.025926
11.91665 149739 -0.0052 -0.000014
11.91890 150076 -0.1044 -0.000269
11.92115 150414 -4.2761 -0.011026
11.92340 150753 -5.7188 -0.014729
11.92564 151092 -0.2498 -0.000643
11.92789 151432 -0.5939 -0.001526
11.93014 151773 -0.8734 -0.002242
11.93239 152115 -0.1304 -0.000334
11.93464 152457 4.9589 0.012700
11.93689 152801 5.0930 0.013029
11.93914 153145 3.3004 0.008434
11.94139 153490 4.8282 0.012324
11.94364 153835 7.6741 0.019566
11.94589 154182 11.4638 0.029195
11.94814 154529 4.9776 0.012662
11.95039 154877 4.2248 0.010735
11.95264 155226 4.5723 0.011605
11.95488 155575 11.5802 0.029359
11.95713 155925 16.3544 0.041417
11.95938 156276 4.6340 0.011722
11.96163 156628 6.7891 0.017155
11.96388 156981 5.8737 0.014825
11.96613 157335 4.7909 0.012078
11.96838 157689 0.2878 0.000725
11.97063 158044 -1.3605 -0.003422
11.97288 158400 -1.9888 -0.004997
11.97512 158756 -3.6711 -0.009214
11.97738 159114 -6.7623 -0.016953
11.97962 159472 -2.4805 -0.006212
11.98187 159831 -5.6342 -0.014093
11.98412 160191 -9.5317 -0.023815
11.98637 160552 -5.3814 -0.013430
11.98862 160913 -6.8577 -0.017096
11.99087 161276 -9.5309 -0.023733
11.99312 161639 -9.5299 -0.023704
11.99537 162003 -6.0267 -0.014973
11.99762 162368 -6.9420 -0.017228
11.99987 162733 -7.6309 -0.018916
12.00212 163100 -14.0127 -0.034697
12.00437 163467 -15.6304 -0.038659
12.00662 163835 -6.5324 -0.016139
12.00886 164204 -9.6041 -0.023701
12.01112 164574 -9.5487 -0.023538
12.01336 164944 -8.7585 -0.021566
12.01561 165316 -9.7643 -0.024015
12.01786 165688 -10.7521 -0.026415
12.02011 166061 -12.7882 -0.031382
12.02236 166435 -10.7360 -0.026316
12.02461 166810 -5.9932 -0.014674
12.02686 167185 -4.9089 -0.012006
12.02911 167562 -6.0371 -0.014748
12.03136 167939 -15.7912 -0.038534
12.03360 168317 -16.3364 -0.039819
12.03585 168696 -19.5610 -0.047625
12.03810 169076 -21.0489 -0.051190
12.04035 169457 -27.5724 -0.066980
12.04260 169838 -20.4646 -0.049658
12.04485 170221 -11.1905 -0.027123
12.04710 170604 -10.1828 -0.024653
12.04935 170988 -1.5689 -0.003794
12.05160 171373 -5.7160 -0.013808
12.05385 171759 0.6210 0.001499
12.05610 172146 3.3854 0.008159
12.05834 172533 3.3616 0.008093
12.06060 172922 8.1990 0.019717
12.06284 173311 -0.7747 -0.001861
12.06509 173701 -3.0357 -0.007284
12.06734 174093 -2.8990 -0.006948
12.06959 174485 -3.6436 -0.008723
12.07184 174877 -2.9609 -0.007080
12.07409 175271 -2.7257 -0.006511
12.07634 175666 -2.3047 -0.005499
12.07859 176061 -5.3498 -0.012750
12.08084 176458 -8.4209 -0.020047
12.08309 176855 -8.8519 -0.021049
12.08533 177253 -5.8671 -0.013936
12.08759 177653 -4.2765 -0.010146
12.08984 178053 -2.8242 -0.006693
12.09208 178453 -3.4427 -0.008150
12.09433 178855 -12.9778 -0.030687
12.09658 179258 -11.1377 -0.026306
12.09883 179662 -10.0911 -0.023807
12.10108 180066 -14.8509 -0.034997
12.10333 180472 -11.2759 -0.026543
12.10558 180878 -9.9124 -0.023307
12.10783 181285 -11.2058 -0.026318
12.11008 181694 -17.3375 -0.040674
12.11233 182103 -22.8052 -0.053441
12.11458 182513 -16.5676 -0.038780
12.11683 182924 -15.2827 -0.035733
12.11908 183336 -11.2876 -0.026362
12.12132 183748 -10.7642 -0.025111
12.12357 184162 -9.3252 -0.021730
12.12582 184577 -7.9893 -0.018596
12.12807 184992 -5.1607 -0.011999
12.13032 185409 -4.9382 -0.011469
12.13257 185826 -6.8533 -0.015898
12.13482 186245 -2.6263 -0.006086
12.13707 186664 -11.4445 -0.026489
12.13932 187085 -11.7947 -0.027269
12.14157 187506 -14.2529 -0.032915
12.14381 187928 -16.7390 -0.038613
12.14606 188351 -14.0914 -0.032469
12.14831 188775 -9.2737 -0.021344
12.15056 189200 -2.8279 -0.006501
12.15281 189626 -9.4001 -0.021587
12.15506 190053 -13.9005 -0.031885
12.15731 190481 -22.7837 -0.052203
12.15956 190910 -24.4374 -0.055930
12.16181 191340 -30.0454 -0.068687
12.16406 191771 -37.5594 -0.085768
12.16631 192203 -34.9713 -0.079768
12.16856 192636 -33.8959 -0.077229
12.17080 193069 -28.9290 -0.065838
12.17305 193504 -30.0367 -0.068282
12.17530 193940 -31.8944 -0.072424
12.17755 194376 -31.6941 -0.071888
12.17980 194814 -30.6173 -0.069368
12.18205 195253 -29.6332 -0.067062
12.18430 195692 -25.7109 -0.058121
12.18655 196133 -34.6006 -0.078128
12.18880 196575 -36.2856 -0.081841
12.19105 197017 -41.8661 -0.094322
12.19330 197461 -30.6591 -0.068995
12.19555 197906 -33.9832 -0.076390
12.19779 198351 -38.0179 -0.085363
12.20004 198798 -35.6413 -0.079937
12.20229 199245 -31.0892 -0.069649
12.20454 199694 -35.0167 -0.078360
12.20679 200144 -32.7037 -0.073101
12.20904 200594 -30.3779 -0.067826
12.21129 201046 -30.5084 -0.068041
12.21354 201499 -28.3670 -0.063194
12.21579 201952 -29.6795 -0.066044
12.21804 202407 -24.2569 -0.053917
12.22029 202863 -19.2029 -0.042635
12.22254 203320 -13.6370 -0.030243
12.22479 203778 -10.1430 -0.022469
12.22703 204236 -18.8441 -0.041697
12.22928 204696 -12.2462 -0.027067
12.23153 205157 -12.5363 -0.027677
12.23378 205619 -7.1511 -0.015770
12.23603 206082 -12.0534 -0.026551
12.23828 206546 -6.8559 -0.015085
12.24053 207011 -5.1456 -0.011309
12.24278 207477 -11.7331 -0.025759
12.24503 207945 -13.0334 -0.028581
12.24728 208413 -15.2870 -0.033486
12.24952 208882 -9.8578 -0.021569
12.25177 209352 -10.6436 -0.023262
12.25402 209824 -25.3645 -0.055373
12.25627 210296 -21.8764 -0.047705
12.25852 210770 -27.0602 -0.058942
12.26077 211244 -20.5278 -0.044663
12.26302 211720 -26.4498 -0.057483
12.26527 212197 -31.5757 -0.068546
12.26752 212675 -41.5208 -0.090034
12.26977 213154 -43.5817 -0.094397
12.27201 213633 -39.9315 -0.086394
12.27427 214115 -29.8448 -0.064498
12.27652 214597 -34.5889 -0.074666
12.27877 215080 -31.7023 -0.068358
12.28101 215564 -39.0623 -0.084134
12.28327 216050 -33.8927 -0.072917
12.28551 216536 -32.9373 -0.070782
12.28776 217024 -41.9656 -0.090082
12.29001 217512 -38.2687 -0.082054
12.29226 218002 -45.0383 -0.096461
12.29451 218493 -38.9930 -0.083420
12.29676 218985 -44.6915 -0.095503
12.29901 219478 -54.2507 -0.115800
12.30126 219972 -49.8960 -0.106385
12.30350 220467 -51.9189 -0.110574
12.30576 220964 -54.9593 -0.116918
12.30800 221461 -59.9371 -0.127364
12.31025 221960 -60.4569 -0.128324
12.31250 222460 -59.7025 -0.126580
12.31475 222961 -62.7509 -0.132894
12.31700 223463 -63.0489 -0.133375
12.31925 223966 -67.2904 -0.142188
12.32150 224470 -64.6002 -0.136350
12.32375 224976 -63.1531 -0.133145
12.32600 225482 -57.7002 -0.121513
12.32825 225990 -49.4880 -0.104101
12.33050 226499 -55.0259 -0.115620
12.33274 227009 -51.5019 -0.108094
12.33499 227520 -42.0050 -0.088062
12.33724 228032 -43.3922 -0.090868
12.33949 228546 -42.9665 -0.089876
12.34174 229061 -38.5559 -0.080559
12.34399 229576 -31.6092 -0.065971
12.34624 230093 -30.3633 -0.063299
12.34849 230611 -28.9123 -0.060206
12.35074 231131 -28.0648 -0.058376
12.35299 231651 -25.7917 -0.053588
12.35524 232173 -34.2650 -0.071112
12.35748 232695 -29.2641 -0.060665
12.35973 233219 -35.4686 -0.073445
12.36199 233745 -25.0739 -0.051862
12.36423 234271 -13.8413 -0.028597
12.36648 234798 -10.7335 -0.022151
12.36873 235327 -9.8408 -0.020286
12.37098 235857 -13.0873 -0.026948
12.37323 236388 -17.7401 -0.036487
12.37548 236920 -18.3021 -0.037601
12.37773 237454 -20.4959 -0.042061
12.37998 237988 -24.3613 -0.049937
12.38223 238524 -26.1346 -0.053512
12.38447 239061 -21.3438 -0.043653
12.38673 239600 -9.6707 -0.019757
12.38897 240139 -15.9837 -0.032617
12.39122 240680 -11.5917 -0.023628
12.39347 241222 -7.9117 -0.016109
12.39572 241765 -13.3462 -0.027143
12.39797 242309 -12.9791 -0.026367
12.40022 242855 -14.9661 -0.030369
12.40247 243402 -15.8998 -0.032228
12.40472 243950 -15.3083 -0.030994
12.40697 244499 -9.3068 -0.018822
12.40922 245050 -12.6528 -0.025560
12.41147 245602 -11.8360 -0.023883
12.41372 246155 4.7277 0.009529
12.41596 246709 0.9521 0.001917
12.41821 247264 5.0548 0.010165
12.42046 247821 9.0112 0.018101
12.42271 248379 12.6190 0.025320
12.42496 248938 12.7449 0.025544
12.42721 249499 10.4991 0.021019
12.42946 250061 16.7198 0.033436
12.43171 250624 9.8380 0.019652
12.43396 251188 7.5196 0.015004
12.43621 251754 2.1834 0.004352
12.43846 252321 -3.5235 -0.007014
12.44071 252889 -10.7227 -0.021322
12.44295 253458 3.0503 0.006059
12.44520 254029 2.9644 0.005882
12.44745 254601 0.0643 0.000127
12.44970 255174 -9.3595 -0.018528
12.45195 255749 -5.1716 -0.010226
12.45420 256325 -6.3298 -0.012502
12.45645 256902 -6.6601 -0.013140
12.45870 257480 -4.5732 -0.009013
12.46095 258060 1.3973 0.002751
12.46320 258641 9.9948 0.019653
12.46545 259224 -0.1062 -0.000209
12.46769 259807 9.2136 0.018076
12.46994 260392 7.1322 0.013977
12.47220 260979 16.9038 0.033089
12.47444 261566 15.1354 0.029594
12.47669 262155 14.7641 0.028836
12.47894 262745 23.3734 0.045599
12.48119 263337 25.6659 0.050015
12.48344 263930 26.0087 0.050626
12.48569 264524 19.6220 0.038151
12.48794 265120 15.9218 0.030922
12.49019 265717 23.9857 0.046531
12.49244 266315 24.4120 0.047305
12.49469 266915 18.6930 0.036182
12.49693 267516 22.4906 0.043484
12.49918 268118 18.7409 0.036193
12.50143 268722 19.1989 0.037036
12.50368 269327 13.6546 0.026311
12.50593 269934 22.0756 0.042490
12.50818 270541 20.7342 0.039863
12.51043 271151 24.0819 0.046247
12.51268 271761 19.7950 0.037972
12.51493 272373 12.6443 0.024228
12.51718 272986 16.2004 0.031007
12.51943 273601 4.8897 0.009348
12.52168 274217 7.8029 0.014901
12.52393 274835 6.4498 0.012303
12.52617 275453 7.9588 0.015164
12.52842 276074 9.5749 0.018223
12.53067 276695 8.3300 0.015836
12.53292 277318 -0.9772 -0.001856
12.53517 277943 -2.0068 -0.003807
12.53742 278569 -16.5220 -0.031304
12.53967 279196 -14.2467 -0.026962
12.54192 279824 -18.9597 -0.035842
12.54417 280455 -35.6266 -0.067273
12.54642 281086 -37.0251 -0.069836
12.54867 281719 -36.8996 -0.069521
12.55091 282353 -34.2905 -0.064532
12.55316 282989 -37.8509 -0.071153
12.55541 283626 -33.1875 -0.062316
12.55766 284265 -33.6847 -0.063179
12.55991 284905 -37.3024 -0.069886
12.56216 285547 -34.9139 -0.065337
12.56441 286190 -26.0880 -0.048766
12.56666 286834 -23.1982 -0.043315
12.56891 287480 -26.4634 -0.049356
12.57116 288127 -26.1420 -0.048702
12.57341 288776 -30.5702 -0.056888
12.57565 289426 -30.8944 -0.057426
12.57791 290078 -30.5017 -0.056633
12.58015 290731 -36.8609 -0.068363
12.58240 291386 -38.7294 -0.071748
12.58465 292042 -33.6305 -0.062232
12.58690 292699 -33.6676 -0.062230
12.58915 293358 -29.6059 -0.054661
12.59140 294019 -33.1372 -0.061112
12.59365 294681 -30.2309 -0.055690
12.59590 295345 -33.5450 -0.061725
12.59815 296010 -30.7834 -0.056580
12.60040 296676 -26.6527 -0.048933
12.60264 297344 -14.9140 -0.027350
12.60490 298014 -12.4276 -0.022765
12.60714 298685 -19.4461 -0.035582
12.60939 299357 -17.9797 -0.032862
12.61164 300031 -18.6328 -0.034017
12.61389 300707 -24.2144 -0.044157
12.61614 301384 -25.1687 -0.045846
12.61839 302063 -16.4407 -0.029914
12.62064 302743 -15.0452 -0.027344
12.62289 303424 -8.7589 -0.015901
12.62514 304108 -9.2979 -0.016861
12.62738 304792 -0.7473 -0.001354
12.62964 305479 -0.6380 -0.001154
12.63189 306167 -0.8577 -0.001550
12.63413 306856 0.1961 0.000354
12.63638 307547 -0.9799 -0.001767
12.63863 308239 3.8903 0.007007
12.64088 308933 -4.4660 -0.008035
12.64313 309629 -3.3164 -0.005960
12.64538 310326 1.1221 0.002014
12.64763 311025 -6.0877 -0.010916
12.64988 311725 -21.8224 -0.039086
12.65213 312427 -28.3341 -0.050692
12.65438 313131 -23.7657 -0.042470
12.65663 313836 -23.0111 -0.041076
12.65888 314543 -18.5454 -0.033067
12.66112 315251 -23.3245 -0.041542
12.66337 315961 -27.3783 -0.048707
12.66562 316672 -33.5055 -0.059540
12.66787 317385 -28.2560 -0.050155
12.67012 318100 -30.1048 -0.053377
12.67237 318816 -28.4677 -0.050418
12.67462 319534 -27.0116 -0.047785
12.67687 320253 -38.6669 -0.068327
12.67912 320975 -23.7775 -0.041969
12.68137 321697 -31.5832 -0.055684
12.68362 322422 -23.9769 -0.042226
12.68587 323148 -18.9717 -0.033374
12.68811 323875 -26.7584 -0.047019
12.69036 324605 -12.1629 -0.021348
12.69261 325335 -16.9501 -0.029717
12.69486 326068 -14.1632 -0.024803
12.69711 326802 -11.2793 -0.019731
12.69936 327538 -4.0001 -0.006989
12.70161 328276 -7.1562 -0.012490
12.70386 329015 4.5725 0.007972
12.70611 329756 -7.3175 -0.012743
12.70836 330498 -4.5210 -0.007864
12.71060 331242 -5.6522 -0.009821
12.71285 331988 -5.8913 -0.010225
12.71510 332736 -11.1735 -0.019370
12.71735 333485 -10.2569 -0.017761
12.71960 334236 -5.3512 -0.009256
12.72185 334988 -8.9633 -0.015487
12.72410 335743 -15.4487 -0.026662
12.72635 336499 -11.6971 -0.020164
12.72860 337256 -5.7644 -0.009926
12.73085 338016 -10.8376 -0.018641
12.73310 338777 -14.1265 -0.024270
12.73535 339540 -8.6041 -0.014766
12.73759 340304 -17.0476 -0.029223
12.73985 341071 -20.6056 -0.035283
12.74210 341839 -6.9690 -0.011920
12.74434 342608 -18.1052 -0.030932
12.74659 343380 -12.3722 -0.021113
12.74884 344153 -11.6970 -0.019939
12.75109 344928 -14.4209 -0.024554
12.75334 345705 -2.5257 -0.004296
12.75559 346483 -0.5095 -0.000866
12.75784 347263 -8.2701 -0.014034
12.76009 348045 -4.0282 -0.006828
12.76234 348829 -12.6166 -0.021362
12.76458 349614 -19.8443 -0.033561
12.76683 350401 -21.9386 -0.037062
12.76908 351190 -26.0336 -0.043930
12.77133 351981 -25.0831 -0.042279
12.77358 352774 -37.4688 -0.063084
12.77583 353568 -40.8922 -0.068771
12.77808 354364 -33.1945 -0.055762
12.78033 355162 -49.0883 -0.082369
12.78258 355962 -44.3610 -0.074353
12.78483 356763 -33.7078 -0.056434
12.78708 357567 -38.7774 -0.064848
12.78933 358372 -41.2914 -0.068975
12.79158 359179 -45.3658 -0.075696
12.79383 359988 -34.5106 -0.057519
12.79607 360798 -23.7058 -0.039466
12.79832 361611 -9.4861 -0.015775
12.80057 362425 -11.7929 -0.019589
12.80282 363241 -11.6859 -0.019389
12.80507 364059 -15.8350 -0.026244
12.80732 364879 -11.6338 -0.019260
12.80957 365700 2.5426 0.004205
12.81182 366524 2.4753 0.004089
12.81407 367349 -4.1536 -0.006853
12.81632 368176 1.3902 0.002291
12.81857 369005 -1.5255 -0.002511
12.82081 369836 7.5282 0.012379
12.82306 370669 8.6554 0.014217
12.82531 371503 14.5399 0.023855
12.82756 372340 2.6254 0.004303
12.82981 373178 7.9847 0.013071
12.83206 374019 6.7877 0.011099
12.83431 374861 -10.8511 -0.017723
12.83656 375705 -8.3060 -0.013551
12.83881 376551 -12.3318 -0.020096
12.84106 377399 -5.0154 -0.008164
12.84331 378248 2.9134 0.004737
12.84556 379100 1.8912 0.003072
12.84781 379954 -1.6101 -0.002612
12.85005 380809 -0.5470 -0.000886
12.85230 381667 11.4089 0.018467
12.85455 382526 19.4488 0.031446
12.85680 383388 26.5864 0.042938
12.85905 384251 26.0011 0.041945
12.86130 385116 10.3886 0.016740
12.86355 385983 24.9429 0.040148
12.86580 386852 25.1826 0.040488
12.86805 387723 14.8204 0.023801
12.87030 388596 20.6708 0.033159
12.87254 389471 18.0664 0.028949
12.87479 390348 31.8112 0.050916
12.87704 391227 25.9416 0.041475
12.87929 392108 25.2537 0.040329
12.88154 392991 26.4733 0.042230
12.88379 393876 36.3649 0.057943
12.88604 394763 27.5827 0.043900
12.88829 395652 35.5847 0.056573
12.89054 396543 20.5184 0.032584
12.89279 397436 9.3833 0.014884
12.89504 398331 5.6665 0.008978
12.89729 399228 14.5878 0.023088
12.89953 400126 13.2482 0.020944
12.90178 401027 13.3188 0.021032
12.90403 401930 20.6258 0.032534
12.90628 402835 14.2263 0.022414
12.90853 403743 6.7624 0.010643
12.91078 404652 -0.7935 -0.001247
12.91303 405563 -16.5245 -0.025948
12.91528 406476 -20.9833 -0.032912
12.91753 407391 -30.9789 -0.048536
12.91978 408309 -47.8763 -0.074925
12.92203 409228 -44.9921 -0.070332
12.92428 410149 -46.7788 -0.073043
12.92653 411073 -42.2752 -0.065936
12.92878 411999 -31.0666 -0.048400
12.93102 412926 -29.9705 -0.046640
12.93327 413856 -33.7344 -0.052438
12.93552 414788 -31.3364 -0.048656
12.93777 415722 -38.7044 -0.060029
12.94002 416658 -34.2778 -0.053104
12.94227 417596 -32.4784 -0.050259
12.94452 418536 -30.9216 -0.047796
12.94677 419479 -40.6429 -0.062752
12.94902 420423 -40.3776 -0.062273
12.95127 421370 -38.0441 -0.058608
12.95352 422319 -49.6809 -0.076449
12.95577 423270 -39.4368 -0.060617
12.95801 424223 -40.1565 -0.061654
12.96026 425178 -34.3170 -0.052629
12.96251 426136 -38.6866 -0.059263
12.96476 427095 -41.5712 -0.063611
12.96701 428057 -27.2393 -0.041634
12.96926 429021 -20.6843 -0.031579
12.97151 429987 -16.2688 -0.024810
12.97376 430955 -24.7726 -0.037736
12.97601 431925 -25.1290 -0.038236
12.97826 432898 -22.7654 -0.034601
12.98051 433873 -15.9289 -0.024183
12.98275 434849 -20.6000 -0.031239
12.98501 435829 -16.2996 -0.024690
12.98725 436810 -21.6239 -0.032718
12.98950 437794 -25.2839 -0.038213
12.99175 438779 -23.2765 -0.035139
12.99400 439767 -21.7059 -0.032732
12.99625 440758 -14.0662 -0.021187
12.99850 441750 -11.5702 -0.017408
13.00075 442745 -7.7114 -0.011589
13.00300 443742 -23.9636 -0.035974
13.00525 444741 -15.8070 -0.023703
13.00750 445742 -23.6159 -0.035372
13.00975 446746 -39.2931 -0.058788
13.01199 447752 -30.3361 -0.045336
13.01424 448760 -25.0130 -0.037339
13.01649 449771 -11.9252 -0.017782
13.01874 450783 -32.8065 -0.048863
13.02099 451798 -40.1789 -0.059776
13.02324 452816 -44.8961 -0.066719
13.02549 453835 -38.4426 -0.057064
13.02774 454857 -27.0656 -0.040131
13.02999 455881 -37.1815 -0.055068
13.03224 456908 -42.5618 -0.062966
13.03449 457937 -50.1063 -0.074044
13.03674 458968 -48.5322 -0.071637
13.03898 460001 -62.7373 -0.092501
13.04123 461037 -62.0461 -0.091379
13.04348 462075 -70.5414 -0.103774
13.04573 463116 -69.0667 -0.101490
13.04798 464158 -61.1763 -0.089795
13.05023 465204 -45.6620 -0.066947
13.05248 466251 -50.8416 -0.074458
13.05473 467301 -45.2414 -0.066182
13.05698 468353 -45.0517 -0.065830
13.05923 469408 -27.8417 -0.040637
13.06148 470465 -28.0967 -0.040963
13.06373 471524 -21.9397 -0.031951
13.06598 472586 -25.2562 -0.036739
13.06822 473650 -22.1184 -0.032138
13.07047 474716 -16.1395 -0.023425
13.07272 475785 -16.0112 -0.023212
13.07497 476857 -12.0807 -0.017494
13.07722 477930 -8.3364 -0.012059
13.07947 479007 -16.5809 -0.023957
13.08172 480085 -22.1525 -0.031972
13.08397 481166 -20.7402 -0.029900
13.08622 482250 -23.4946 -0.033832
13.08847 483335 -44.7699 -0.064396
13.09072 484424 -44.4287 -0.063834
13.09297 485515 -38.1364 -0.054732
13.09521 486608 -49.6848 -0.071225
13.09746 487703 -46.8118 -0.067031
13.09971 488802 -50.2427 -0.071863
13.10196 489902 -51.6388 -0.073777
13.10421 491005 -36.6664 -0.052327
13.10646 492111 -33.8182 -0.048208
13.10871 493219 -35.1130 -0.049997
13.11096 494330 -41.7297 -0.059352
13.11321 495443 -44.0404 -0.062568
13.11546 496558 -34.5584 -0.049042
13.11770 497676 -24.1886 -0.034288
13.11995 498797 -22.5627 -0.031947
13.12220 499920 -38.5054 -0.054459
13.12445 501046 -41.0756 -0.058029
13.12670 502174 -44.7529 -0.063153
13.12895 503305 -39.5424 -0.055738
13.13120 504438 -45.3777 -0.063891
13.13345 505574 -52.8650 -0.074349
13.13570 506712 -59.8825 -0.084124
13.13795 507853 -64.3343 -0.090276
13.14020 508997 -43.9226 -0.061565
13.14245 510143 -45.8923 -0.064253
13.14470 511292 -56.5961 -0.079150
13.14694 512443 -42.8610 -0.059874
13.14919 513597 -34.4738 -0.048104
13.15144 514753 -42.7001 -0.059515
13.15369 515912 -55.5548 -0.077345
13.15594 517074 -63.1626 -0.087838
13.15819 518238 -64.9166 -0.090176
13.16044 519405 -58.5683 -0.081266
13.16269 520575 -55.8599 -0.077421
13.16494 521747 -51.9005 -0.071852
13.16719 522922 -59.3729 -0.082105
13.16944 524099 -60.2674 -0.083248
13.17168 525279 -59.3877 -0.081941
13.17393 526462 -50.5737 -0.069701
13.17618 527648 -49.1213 -0.067624
13.17843 528836 -43.5074 -0.059828
13.18068 530026 -35.2533 -0.048423
13.18293 531220 -32.4905 -0.044578
13.18518 532416 -23.5975 -0.032340
13.18743 533615 -28.9279 -0.039601
13.18968 534816 -37.7679 -0.051644
13.19193 536021 -47.0773 -0.064301
13.19418 537228 -27.1950 -0.037103
13.19643 538437 -38.9503 -0.053082
13.19868 539650 -22.8403 -0.031092
13.20092 540865 -19.5650 -0.026603
13.20317 542083 -14.8181 -0.020126
13.20542 543303 2.8215 0.003828
13.20767 544527 9.1658 0.012421
13.20992 545753 14.0733 0.019050
13.21217 546982 15.6289 0.021132
13.21442 548213 20.8623 0.028177
13.21667 549448 13.9886 0.018872
13.21892 550685 5.3160 0.007164
13.22117 551925 0.6337 0.000853
13.22342 553168 3.0456 0.004095
13.22567 554413 -2.6845 -0.003605
13.22792 555662 9.5640 0.012830
13.23016 556913 -8.1774 -0.010958
13.23241 558167 -19.2695 -0.025792
13.23466 559424 -22.2364 -0.029730
13.23691 560683 -17.0649 -0.022790
13.23916 561946 -17.6062 -0.023487
13.24141 563211 -10.6186 -0.014149
13.24366 564479 -23.4760 -0.031246
13.24591 565750 -17.9470 -0.023861
13.24816 567024 -27.4099 -0.036400
13.25041 568301 -34.2951 -0.045493
13.25266 569581 -40.0666 -0.053089
13.25490 570863 -32.6823 -0.043256
13.25715 572149 -37.6541 -0.049780
13.25940 573437 -32.6979 -0.043179
13.26165 574728 -18.2643 -0.024092
13.26390 576022 -17.5840 -0.023168
13.26615 577319 -28.6125 -0.037657
13.26840 578619 -35.8500 -0.047129
13.27065 579922 -28.6929 -0.037678
13.27290 581228 -26.4297 -0.034667
13.27515 582537 -12.8720 -0.016865
13.27740 583848 4.3321 0.005670
13.27965 585163 12.0065 0.015696
13.28190 586481 -1.3979 -0.001825
13.28414 587801 2.2574 0.002944
13.28639 589125 3.0960 0.004034
13.28864 590451 20.0608 0.026107
13.29089 591781 19.8983 0.025866
13.29314 593113 25.4936 0.033103
13.29539 594449 29.9519 0.038848
13.29764 595787 36.4094 0.047170
13.29989 597129 30.7516 0.039796
13.30214 598473 28.9422 0.037412
13.30439 599821 41.5758 0.053682
13.30664 601172 46.2165 0.059607
13.30888 602525 45.5705 0.058708
13.31113 603882 47.8898 0.061626
13.31338 605242 55.1038 0.070830
13.31563 606604 63.2947 0.081267
13.31788 607970 43.8288 0.056211
13.32013 609339 39.6402 0.050782
13.32238 610711 32.7268 0.041878
13.32463 612087 35.6331 0.045546
13.32688 613465 28.7436 0.036698
13.32913 614846 25.9003 0.033031
13.33138 616231 26.0123 0.033137
13.33363 617618 6.6228 0.008427
13.33588 619009 21.1445 0.026875
13.33812 620403 29.2010 0.037073
13.34037 621800 30.2628 0.038378
13.34262 623200 23.8923 0.030265
13.34487 624603 14.0158 0.017734
13.34712 626009 13.6436 0.017244
13.34937 627419 13.3299 0.016829
13.35162 628832 13.5395 0.017074
13.35387 630248 21.6874 0.027318
13.35612 631667 3.3407 0.004203
13.35837 633089 -2.2753 -0.002860
13.36062 634515 8.6496 0.010859
13.36286 635943 11.4554 0.014365
13.36511 637375 28.9003 0.036200
13.36736 638811 32.5281 0.040698
13.36961 640249 21.2623 0.026573
13.37186 641691 17.8360 0.022266
13.37411 643135 5.4030 0.006737
13.37636 644584 -0.2334 -0.000291
13.37861 646035 10.9699 0.013648
13.38086 647490 20.1229 0.025008
13.38311 648948 22.9277 0.028461
13.38536 650409 16.1123 0.019979
13.38761 651873 33.0663 0.040955
13.38985 653341 35.9681 0.044499
13.39210 654812 24.7500 0.030586
13.39435 656287 26.8762 0.033176
13.39660 657765 26.0139 0.032075
13.39885 659246 16.0262 0.019738
13.40110 660730 14.8338 0.018249
13.40335 662218 23.0792 0.028361
13.40560 663709 17.3882 0.021344
13.40785 665203 24.6994 0.030284
13.41010 666701 23.0911 0.028280
13.41235 668203 24.2246 0.029635
13.41460 669707 21.0596 0.025734
13.41684 671215 23.3486 0.028499
13.41909 672726 30.4338 0.037105
13.42134 674241 30.8460 0.037566
13.42359 675759 19.5296 0.023757
13.42584 677281 14.5919 0.017731
13.42809 678806 9.0777 0.011018
13.43034 680335 17.4575 0.021165
13.43259 681866 4.0205 0.004869
13.43484 683402 16.2203 0.019621
13.43709 684941 6.7671 0.008177
13.43934 686483 16.2353 0.019595
13.44159 688029 2.1672 0.002613
13.44384 689578 -7.4094 -0.008923
13.44608 691131 0.1444 0.000174
13.44833 692687 -8.3211 -0.009998
13.45058 694247 -22.2586 -0.026714
13.45283 695810 -16.7499 -0.020080
13.45508 697377 -13.7079 -0.016415
13.45733 698947 -17.3288 -0.020727
13.45958 700521 -21.4933 -0.025680
13.46183 702098 -26.4129 -0.031522
13.46408 703679 -23.7456 -0.028307
13.46633 705263 -28.6620 -0.034130
13.46858 706851 -21.1587 -0.025167
13.47082 708443 -29.9938 -0.035635
13.47307 710038 -28.8070 -0.034187
13.47532 711637 -19.8483 -0.023528
13.47757 713239 -15.0253 -0.017791
13.47982 714845 -1.9293 -0.002282
13.48207 716455 -7.3205 -0.008649
13.48432 718068 -11.4997 -0.013571
13.48657 719685 -16.8312 -0.019840
13.48882 721306 -37.6933 -0.044382
13.49107 722930 -25.4464 -0.029928
13.49332 724558 -25.9081 -0.030437
13.49557 726189 -21.7564 -0.025531
13.49781 727824 -27.1312 -0.031802
13.50006 729463 -24.7226 -0.028946
13.50231 731106 -32.3053 -0.037782
13.50456 732752 -37.8098 -0.044170
13.50681 734402 -52.3768 -0.061118
13.50906 736056 -47.6989 -0.055597
13.51131 737713 -47.0317 -0.054758
13.51356 739374 -60.2988 -0.070126
13.51581 741039 -58.2302 -0.067644
13.51806 742707 -67.4539 -0.078271
13.52031 744380 -62.0247 -0.071890
13.52256 746056 -52.2722 -0.060518
13.52481 747736 -46.6075 -0.053899
13.52705 749419 -53.3961 -0.061680
13.52930 751107 -64.6748 -0.074625
13.53155 752798 -55.7811 -0.064291
13.53380 754493 -46.9142 -0.054010
13.53605 756192 -41.9669 -0.048260
13.53830 757895 -31.6918 -0.036403
13.54055 759601 -26.7242 -0.030663
13.54280 761312 -21.0432 -0.024117
13.54505 763026 -22.7149 -0.026004
13.54730 764744 -31.4234 -0.035933
13.54955 766466 -39.5973 -0.045229
13.55179 768192 -39.1140 -0.044627
13.55404 769922 -60.6729 -0.069147
13.55629 771655 -59.3061 -0.067513
13.55854 773393 -73.3485 -0.083405
13.56079 775134 -75.2084 -0.085424
13.56304 776880 -74.6857 -0.084735
13.56529 778629 -75.6646 -0.085749
13.56754 780382 -66.0436 -0.074761
13.56979 782139 -59.7739 -0.067588
13.57204 783901 -82.4733 -0.093150
13.57429 785666 -72.3604 -0.081636
13.57654 787435 -66.5680 -0.075017
13.57879 789208 -55.0398 -0.061956
13.58103 790985 -69.3954 -0.078027
13.58328 792766 -73.6196 -0.082684
13.58553 794551 -83.5543 -0.093736
13.58778 796340 -75.3510 -0.084438
13.59003 798133 -84.6140 -0.094712
13.59228 799930 -84.3194 -0.094276
13.59453 801732 -78.0416 -0.087159
13.59678 803537 -79.0434 -0.088179
13.59903 805346 -69.1545 -0.077060
13.60128 807160 -66.8176 -0.074372
13.60353 808977 -62.0623 -0.069002
13.60578 810799 -57.4197 -0.063768
13.60802 812624 -66.5417 -0.073816
13.61027 814454 -64.8917 -0.071904
13.61252 816288 -57.2244 -0.063337
13.61477 818126 -55.8470 -0.061743
13.61702 819968 -60.9359 -0.067294
13.61927 821815 -75.0922 -0.082834
13.62152 823665 -80.2236 -0.088395
13.62377 825520 -69.6080 -0.076612
13.62602 827379 -52.3411 -0.057543
13.62827 829242 -49.5653 -0.054430
13.63052 831109 -29.7598 -0.032644
13.63276 832980 -26.0018 -0.028490
13.63501 834856 -4.0304 -0.004411
13.63726 836736 -4.3507 -0.004756
13.63951 838620 -11.6711 -0.012745
13.64176 840508 1.2573 0.001371
13.64401 842401 10.3549 0.011282
13.64626 844297 14.6588 0.015953
13.64851 846199 22.8281 0.024816
13.65076 848104 28.7206 0.031187
13.65301 850014 21.5469 0.023371
13.65526 851928 16.7598 0.018158
13.65751 853846 24.3665 0.026370
13.65975 855768 27.9781 0.030244
13.66200 857695 35.1432 0.037947
13.66425 859627 30.6187 0.033024
13.66650 861562 26.8949 0.028975
13.66875 863502 1.5496 0.001668
13.67100 865447 6.3197 0.006793
13.67325 867395 25.5145 0.027396
13.67550 869348 29.2726 0.031395
13.67775 871306 22.2208 0.023805
13.68000 873268 22.9729 0.024583
13.68225 875234 25.5593 0.027320
13.68450 877205 22.0308 0.023522
13.68674 879180 21.9927 0.023455
13.68899 881160 19.1062 0.020354
13.69124 883144 7.5713 0.008057
13.69349 885133 16.8230 0.017881
13.69574 887126 30.3495 0.032223
13.69799 889123 15.1873 0.016106
13.70024 891125 9.9187 0.010507
13.70249 893132 11.4036 0.012067
13.70474 895143 29.8311 0.031530
13.70699 897158 7.4776 0.007895
13.70924 899178 25.1890 0.026564
13.71149 901203 15.6549 0.016491
13.71373 903232 3.4971 0.003680
13.71598 905266 7.0247 0.007383
13.71823 907305 0.5765 0.000605
13.72048 909348 -0.2490 -0.000261
13.72273 911395 -3.6595 -0.003833
13.72498 913447 -13.7450 -0.014381
13.72723 915504 -11.9791 -0.012520
13.72948 917566 -8.4623 -0.008834
13.73173 919632 -21.5859 -0.022509
13.73398 921702 -32.3564 -0.033703
13.73623 923778 -33.5486 -0.034905
13.73848 925858 -27.3105 -0.028383
13.74073 927943 -24.8142 -0.025760
13.74297 930032 -28.6119 -0.029669
13.74522 932126 -37.9613 -0.039319
13.74747 934225 -21.1776 -0.021910
13.74972 936329 -19.2755 -0.019920
13.75197 938437 -31.5544 -0.032573
13.75422 940550 -37.1573 -0.038314
13.75647 942668 -50.6821 -0.052201
13.75872 944791 -51.8331 -0.053326
13.76097 946918 -57.7199 -0.059316
13.76322 949050 -49.5909 -0.050905
13.76547 951187 -61.0458 -0.062593
13.76772 953329 -59.8085 -0.061255
13.76996 955475 -46.7524 -0.047829
13.77221 957627 -31.9173 -0.032616
13.77446 959783 -26.1316 -0.026674
13.77671 961944 -40.4050 -0.041196
13.77896 964110 -36.6053 -0.037280
13.78121 966281 -51.5357 -0.052427
13.78346 968457 -60.5079 -0.061485
13.78571 970638 -48.5467 -0.049275
13.78796 972823 -50.5831 -0.051285
13.79021 975014 -42.8114 -0.043356
13.79246 977209 -43.7339 -0.044241
13.79471 979410 -44.5549 -0.045021
13.79695 981615 -57.2860 -0.057820
13.79920 983825 -56.0861 -0.056545
13.80145 986041 -39.5478 -0.039827
13.80370 988261 -33.4355 -0.033633
13.80595 990486 -49.3146 -0.049551
13.80820 992716 -45.5913 -0.045758
13.81045 994952 -33.9742 -0.034060
13.81270 997192 -52.5296 -0.052604
13.81495 999437 -45.8036 -0.045817
13.81720 1001688 -36.2822 -0.036252
13.81945 1003943 -34.8029 -0.034735
13.82170 1006204 -32.2023 -0.032103
13.82394 1008470 -30.4267 -0.030299
13.82619 1010740 -23.0307 -0.022908
13.82844 1013016 -30.6609 -0.030463
13.83069 1015297 -27.1763 -0.026971
13.83294 1017583 -20.3382 -0.020162
13.83519 1019875 -13.6451 -0.013512
13.83744 1022171 10.8770 0.010758
13.83969 1024473 19.3173 0.019085
13.84194 1026780 28.1197 0.027751
13.84419 1029092 12.9756 0.012791
13.84644 1031409 19.7337 0.019431
13.84869 1033731 7.2472 0.007128
13.85093 1036059 -19.1755 -0.018839
13.85318 1038392 -20.5645 -0.020181
13.85543 1040730 -25.2474 -0.024748
13.85768 1043073 6.3402 0.006208
13.85993 1045422 1.8043 0.001765
13.86218 1047776 -12.6994 -0.012407
13.86443 1050135 5.8072 0.005667
13.86668 1052500 19.3746 0.018885
13.86893 1054870 7.6510 0.007449
13.87118 1057245 -2.8825 -0.002803
13.87343 1059626 -11.2893 -0.010967
13.87568 1062012 -16.6019 -0.016110
13.87792 1064403 -37.7724 -0.036612
13.88017 1066800 -38.0663 -0.036855
13.88242 1069202 -38.3728 -0.037110
13.88467 1071609 -41.1484 -0.039750
13.88692 1074022 -40.8999 -0.039465
13.88917 1076441 -48.7009 -0.046940
13.89142 1078864 -34.5344 -0.033248
13.89367 1081294 -23.2940 -0.022401
13.89592 1083728 -27.4318 -0.026351
13.89817 1086169 -10.4356 -0.010013
13.90042 1088614 -37.9175 -0.036341
13.90267 1091066 -23.2762 -0.022284
13.90491 1093522 -17.9058 -0.017123
13.90716 1095985 -27.1270 -0.025912
13.90941 1098452 -35.2617 -0.033644
13.91166 1100926 -29.1242 -0.027757
13.91391 1103405 -41.5092 -0.039516
13.91616 1105889 -44.4979 -0.042314
13.91841 1108379 -43.1343 -0.040971
13.92066 1110875 -27.9867 -0.026553
13.92291 1113377 -45.5785 -0.043196
13.92516 1115883 -32.3190 -0.030595
13.92741 1118396 -50.1439 -0.047416
13.92965 1120914 -44.0399 -0.041597
13.93190 1123438 -43.9679 -0.041482
13.93415 1125968 -24.5203 -0.023108
13.93640 1128503 -26.2782 -0.024737
13.93865 1131044 -20.7824 -0.019541
13.94090 1133591 -3.2744 -0.003075
13.94315 1136144 -9.5978 -0.009004
13.94540 1138702 -12.6408 -0.011846
13.94765 1141266 -20.2837 -0.018987
13.94990 1143836 -15.4309 -0.014428
13.95215 1146411 -10.2945 -0.009615
13.95440 1148993 13.5114 0.012605
13.95665 1151580 17.4968 0.016305
13.95889 1154173 0.8779 0.000817
13.96114 1156772 2.2576 0.002099
13.96339 1159376 -1.0392 -0.000965
13.96564 1161987 8.1330 0.007545
13.96789 1164603 22.8333 0.021158
13.97014 1167226 10.5019 0.009721
13.97239 1169854 9.2357 0.008539
13.97464 1172488 -2.1702 -0.002004
13.97689 1175128 -8.6534 -0.007983
13.97914 1177774 -5.1267 -0.004724
13.98139 1180426 -18.6894 -0.017202
13.98364 1183084 -15.4356 -0.014191
13.98588 1185748 -10.5030 -0.009645
13.98813 1188418 -10.8034 -0.009910
13.99038 1191094 -17.2304 -0.015788
13.99263 1193776 -21.0161 -0.019235
13.99488 1196464 -11.1806 -0.010222
13.99713 1199158 -21.9317 -0.020028
13.99938 1201858 -17.3351 -0.015812
14.00163 1204565 -10.7338 -0.009780
14.00388 1207277 4.6815 0.004261
14.00613 1209995 -13.2349 -0.012032
14.00838 1212720 -20.8683 -0.018950
14.01063 1215451 -31.9549 -0.028985
14.01287 1218187 -31.2047 -0.028272
14.01512 1220930 -43.9705 -0.039794
14.01737 1223680 -48.9920 -0.044289
14.01962 1226435 -41.6750 -0.037632
14.02187 1229196 -35.7987 -0.032289
14.02412 1231964 -38.3296 -0.034533
14.02637 1234738 -46.2578 -0.041629
14.02862 1237519 -66.8422 -0.060086
14.03087 1240305 -61.9124 -0.055592
14.03312 1243098 -55.6324 -0.049897
14.03537 1245897 -43.6688 -0.039123
14.03762 1248702 -28.8533 -0.025821
14.03986 1251514 -31.7525 -0.028383
14.04211 1254332 -31.3977 -0.028034
14.04436 1257156 -9.8482 -0.008783
14.04661 1259987 -13.4162 -0.011952
14.04886 1262824 -5.7001 -0.005072
14.05111 1265668 -22.3637 -0.019879
14.05336 1268518 -15.5181 -0.013778
14.05561 1271374 -9.3805 -0.008319
14.05786 1274237 -15.5511 -0.013776
14.06011 1277106 -41.5790 -0.036793
14.06236 1279982 -49.8233 -0.044038
14.06461 1282864 -43.3392 -0.038264
14.06685 1285752 -49.4392 -0.043601
14.06910 1288648 -57.6860 -0.050816
14.07135 1291549 -54.5309 -0.047983
14.07360 1294457 -72.4592 -0.063687
14.07585 1297372 -76.2617 -0.066954
14.07810 1300293 -91.2931 -0.080060
14.08035 1303221 -77.7447 -0.068102
14.08260 1306156 -81.1541 -0.071009
14.08485 1309097 -92.0109 -0.080418
14.08710 1312044 -86.0902 -0.075159
14.08935 1314999 -89.5236 -0.078068
14.09160 1317960 -86.6692 -0.075494
14.09384 1320927 -82.1706 -0.071495
14.09609 1323902 -71.2725 -0.061943
14.09834 1326883 -52.1856 -0.045304
14.10059 1329871 -38.4124 -0.033309
14.10284 1332865 -14.5342 -0.012589
14.10509 1335866 -11.8725 -0.010272
14.10734 1338874 -10.5079 -0.009081
14.10959 1341889 -27.0047 -0.023312
14.11184 1344910 -29.9730 -0.025845
14.11409 1347939 -23.8086 -0.020507
14.11634 1350974 -23.5884 -0.020294
14.11859 1354016 -14.3966 -0.012372
14.12083 1357065 -2.1328 -0.001831
14.12308 1360120 -1.3492 -0.001157
14.12533 1363183 6.9621 0.005963
14.12758 1366253 35.2896 0.030191
14.12983 1369329 35.1668 0.030052
14.13208 1372412 33.5172 0.028611
14.13433 1375502 30.3638 0.025890
14.13658 1378600 31.7693 0.027058
14.13883 1381704 39.7349 0.033804
14.14108 1384815 30.1308 0.025604
14.14333 1387933 39.3986 0.033442
14.14558 1391058 30.0716 0.025497
14.14782 1394191 39.9523 0.033836
14.15007 1397330 31.2263 0.026416
14.15232 1400476 38.1491 0.032236
14.15457 1403630 37.9321 0.032017
14.15682 1406790 14.9138 0.012574
14.15907 1409958 7.9422 0.006689
14.16132 1413133 0.7450 0.000627
14.16357 1416315 14.8930 0.012514
14.16582 1419504 19.0389 0.015980
14.16807 1422700 48.1913 0.040403
14.17032 1425904 59.4549 0.049790
14.17257 1429114 29.5078 0.024683
14.17481 1432332 47.2524 0.039482
14.17706 1435558 41.3949 0.034549
14.17931 1438790 40.7496 0.033972
14.18156 1442030 41.0658 0.034197
14.18381 1445277 48.6921 0.040503
14.18606 1448531 42.3239 0.035166
14.18831 1451793 26.2786 0.021810
14.19056 1455062 22.6540 0.018780
14.19281 1458338 17.3758 0.014388
14.19506 1461622 6.4792 0.005359
14.19731 1464913 2.9744 0.002458
14.19956 1468211 -3.0461 -0.002514
14.20180 1471517 10.0809 0.008310
14.20405 1474831 -10.0900 -0.008308
14.20630 1478152 -12.5925 -0.010357
14.20855 1481480 -20.3481 -0.016718
14.21080 1484816 -15.8173 -0.012981
14.21305 1488159 13.6281 0.011171
14.21530 1491510 8.8647 0.007259
14.21755 1494869 8.2887 0.006779
14.21980 1498235 14.0365 0.011468
14.22205 1501608 24.1513 0.019709
14.22430 1504989 18.9840 0.015475
14.22655 1508378 18.3632 0.014952
14.22880 1511775 33.3847 0.027152
14.23104 1515179 26.0392 0.021154
14.23329 1518590 39.3550 0.031936
14.23554 1522010 36.7298 0.029772
14.23779 1525437 34.4358 0.027881
14.24004 1528872 -2.8695 -0.002321
14.24229 1532314 10.3594 0.008369
14.24454 1535765 6.2910 0.005076
14.24679 1539223 -7.7804 -0.006271
14.24904 1542689 -9.1094 -0.007334
14.25129 1546162 4.7337 0.003807
14.25354 1549644 36.4516 0.029282
14.25578 1553133 36.8392 0.029560
14.25803 1556630 18.9825 0.015215
14.26028 1560135 49.6189 0.039725
14.26253 1563648 31.6375 0.025301
14.26478 1567169 39.0903 0.031226
14.26703 1570698 72.3218 0.057706
14.26928 1574235 68.2756 0.054417
14.27153 1577779 48.7302 0.038795
14.27378 1581332 41.6197 0.033097
14.27603 1584893 51.1758 0.040650
14.27828 1588461 48.8569 0.038765
14.28053 1592038 49.5123 0.039241
14.28277 1595623 59.3772 0.047006
14.28502 1599216 64.8474 0.051279
14.28727 1602817 65.9622 0.052102
14.28952 1606426 69.2474 0.054635
14.29177 1610043 58.6795 0.046245
14.29402 1613668 46.0692 0.036266
14.29627 1617302 44.9498 0.035345
14.29852 1620943 53.1487 0.041745
14.30077 1624593 24.7974 0.019455
14.30302 1628251 33.9250 0.026586
14.30527 1631918 25.5820 0.020026
14.30752 1635592 20.0753 0.015697
14.30976 1639275 11.9658 0.009346
14.31201 1642966 4.2767 0.003336
14.31426 1646666 -4.6699 -0.003639
14.31651 1650374 -23.7594 -0.018495
14.31876 1654090 -12.8394 -0.009983
14.32101 1657814 -20.7244 -0.016096
14.32326 1661547 -38.5804 -0.029930
14.32551 1665289 -22.1077 -0.017132
14.32776 1669038 -16.3134 -0.012627
14.33001 1672796 -11.9748 -0.009259
14.33226 1676563 -31.1227 -0.024036
14.33451 1680338 -43.6360 -0.033663
14.33675 1684122 -51.3553 -0.039573
14.33900 1687914 -23.8010 -0.018320
14.34125 1691715 -13.7322 -0.010558
14.34350 1695524 -41.6654 -0.031998
14.34575 1699342 -36.3540 -0.027888
14.34800 1703168 -44.8316 -0.034352
14.35025 1707003 -58.9893 -0.045150
14.35250 1710847 -54.0464 -0.041320
14.35475 1714699 -59.0696 -0.045110
14.35700 1718560 -44.1616 -0.033687
14.35925 1722430 -30.3177 -0.023101
14.36150 1726308 -45.7592 -0.034827
14.36374 1730195 -41.8370 -0.031806
14.36599 1734091 -41.9102 -0.031826
14.36824 1737996 -30.3704 -0.023037
14.37049 1741909 -39.4283 -0.029874
14.37274 1745831 -45.0174 -0.034071
14.37499 1749763 -56.8564 -0.042982
14.37724 1753702 -55.4455 -0.041869
14.37949 1757651 -69.0525 -0.052085
14.38174 1761609 -51.4981 -0.038800
14.38399 1765576 -46.9366 -0.035324
14.38624 1769551 -84.2218 -0.063313
14.38849 1773536 -88.7783 -0.066663
14.39073 1777529 -77.2632 -0.057951
14.39298 1781532 -86.5595 -0.064851
14.39523 1785543 -93.3762 -0.069880
14.39748 1789564 -121.2459 -0.090635
14.39973 1793593 -137.6216 -0.102760
14.40198 1797632 -145.3836 -0.108434
14.40423 1801679 -173.1229 -0.128978
14.40648 1805736 -180.5937 -0.134393
14.40873 1809802 -157.4349 -0.117027
14.41098 1813877 -169.5885 -0.125919
14.41323 1817962 -145.2914 -0.107758
14.41548 1822055 -164.2786 -0.121703
14.41772 1826158 -146.6135 -0.108494
14.41997 1830270 -174.2920 -0.128831
14.42222 1834391 -173.9151 -0.128408
14.42447 1838522 -187.4585 -0.138252
14.42672 1842661 -184.8907 -0.136205
14.42897 1846811 -197.9187 -0.145638
14.43122 1850969 -182.5002 -0.134142
14.43347 1855137 -173.8761 -0.127659
14.43572 1859314 -169.6685 -0.124430
14.43797 1863501 -176.1347 -0.129027
14.44022 1867697 -176.1463 -0.128890
14.44247 1871902 -168.2157 -0.122949
14.44471 1876117 -183.0848 -0.133666
14.44696 1880342 -187.6344 -0.136834
14.44921 1884576 -170.7643 -0.124391
14.45146 1888819 -168.5052 -0.122608
14.45371 1893072 -166.2951 -0.120864
14.45596 1897335 -151.8652 -0.110252
14.45821 1901607 -154.7780 -0.112240
14.46046 1905889 -129.9927 -0.094161
14.46271 1910180 -123.8384 -0.089602
14.46496 1914481 -112.9555 -0.081636
14.46721 1918792 -90.8157 -0.065561
14.46946 1923113 -87.1898 -0.062873
14.47170 1927443 -66.7596 -0.048086
14.47395 1931783 -66.7580 -0.048031
14.47620 1936133 -63.0023 -0.045278
14.47845 1940493 -48.8820 -0.035091
14.48070 1944862 -49.0335 -0.035160
14.48295 1949241 -51.2606 -0.036716
14.48520 1953630 -23.7368 -0.016982
14.48745 1958029 1.9749 0.001411
14.48970 1962438 10.8568 0.007750
14.49195 1966857 17.9773 0.012819
14.49420 1971286 19.9341 0.014198
14.49645 1975725 17.7051 0.012596
14.49869 1980173 36.0635 0.025628
14.50094 1984632 55.3480 0.039288
14.50319 1989101 80.6247 0.057166
14.50544 1993580 60.2317 0.042659
14.50769 1998069 46.0606 0.032586
14.50994 2002568 15.6654 0.011070
14.51219 2007077 19.3428 0.013653
14.51444 2011596 9.5686 0.006746
14.51669 2016126 34.9755 0.024632
14.51894 2020665 27.3839 0.019264
14.52119 2025215 51.3525 0.036085
14.52344 2029775 29.5005 0.020706
14.52568 2034346 39.2309 0.027505
14.52793 2038927 31.7563 0.022240
14.53018 2043518 22.0969 0.015458
14.53243 2048119 5.5114 0.003851
14.53468 2052731 0.9578 0.000669
14.53693 2057353 5.9981 0.004182
14.53918 2061986 12.3456 0.008597
14.54143 2066628 3.4655 0.002411
14.54368 2071282 5.8614 0.004073
14.54593 2075946 2.8881 0.002005
14.54818 2080620 -11.8440 -0.008211
14.55043 2085305 -31.7140 -0.021962
14.55268 2090001 -51.5020 -0.035625
14.55492 2094707 -49.5292 -0.034222
14.55717 2099423 -33.1830 -0.022902
14.55942 2104151 -33.8187 -0.023314
14.56167 2108889 -31.9393 -0.021994
14.56392 2113637 -24.2412 -0.016674
14.56617 2118396 -31.2487 -0.021470
14.56842 2123166 -12.6366 -0.008672
14.57067 2127947 -18.8049 -0.012891
14.57292 2132739 -13.7536 -0.009418
14.57517 2137541 -10.1025 -0.006910
14.57742 2142354 -32.0880 -0.021923
14.57966 2147178 -9.3723 -0.006396
14.58191 2152013 -33.1610 -0.022605
14.58416 2156858 -22.3346 -0.015208
14.58641 2161715 -14.0692 -0.009569
14.58866 2166583 -17.7882 -0.012085
14.59091 2171461 -12.9032 -0.008756
14.59316 2176350 -21.3620 -0.014480
14.59541 2181251 -30.7063 -0.020791
14.59766 2186162 -44.5171 -0.030108
14.59991 2191085 -70.2522 -0.047460
14.60216 2196019 -74.0056 -0.049940
14.60441 2200964 -70.5332 -0.047543
14.60665 2205919 -65.6943 -0.044232
14.60890 2210886 -57.9465 -0.038971
14.61115 2215865 -79.5938 -0.053470
14.61340 2220854 -45.7714 -0.030714
14.61565 2225855 -26.1822 -0.017549
14.61790 2230867 3.5081 0.002349
14.62015 2235890 8.3647 0.005594
14.62240 2240925 -7.3690 -0.004923
14.62465 2245971 3.2993 0.002201
14.62690 2251028 24.9217 0.016611
14.62915 2256096 21.9997 0.014647
14.63140 2261176 5.9571 0.003962
14.63364 2266268 -0.1823 -0.000121
14.63589 2271371 17.3152 0.011489
14.63814 2276485 19.5464 0.012955
14.64039 2281611 6.4847 0.004293
14.64264 2286749 -3.1996 -0.002116
14.64489 2291898 -5.3401 -0.003527
14.64714 2297059 -23.9528 -0.015804
14.64939 2302231 -34.3400 -0.022632
14.65164 2307415 -6.4481 -0.004245
14.65389 2312610 -15.2531 -0.010030
14.65614 2317818 0.7474 0.000491
14.65839 2323037 -7.6046 -0.004989
14.66063 2328267 22.2955 0.014612
14.66288 2333510 9.9269 0.006498
14.66513 2338764 -19.4631 -0.012727
14.66738 2344031 -12.8624 -0.008401
14.66963 2349309 -25.7325 -0.016788
14.67188 2354599 -44.4561 -0.028972
14.67413 2359900 -32.9501 -0.021449
14.67638 2365214 -16.9118 -0.010996
14.67863 2370540 -25.0553 -0.016273
14.68088 2375878 -38.2090 -0.024789
14.68313 2381227 -18.3251 -0.011875
14.68538 2386589 -24.0321 -0.015556
14.68762 2391963 -37.9872 -0.024562
14.68987 2397349 -11.7559 -0.007593
14.69212 2402747 -17.7335 -0.011440
14.69437 2408158 -13.3335 -0.008592
14.69662 2413580 -17.4937 -0.011260
14.69887 2419015 -22.1419 -0.014236
14.70112 2424462 -44.0193 -0.028271
14.70337 2429921 -20.9739 -0.013455
14.70562 2435392 -11.6675 -0.007476
14.70787 2440876 -17.5983 -0.011264
14.71012 2446372 -17.1560 -0.010969
14.71237 2451881 -24.8160 -0.015848
14.71461 2457401 -37.4181 -0.023870
14.71686 2462935 -36.6369 -0.023345
14.71911 2468481 -38.4091 -0.024447
14.72136 2474039 -21.3030 -0.013544
14.72361 2479610 -15.4898 -0.009837
14.72586 2485193 14.8944 0.009448
14.72811 2490789 17.4332 0.011046
14.73036 2496397 7.3044 0.004623
14.73261 2502018 25.0036 0.015807
14.73486 2507652 16.3503 0.010325
14.73711 2513299 33.5863 0.021186
14.73936 2518958 11.0978 0.006992
14.74161 2524630 23.2895 0.014658
14.74385 2530315 -1.0884 -0.000684
14.74610 2536012 4.6706 0.002933
14.74835 2541722 2.0078 0.001259
14.75060 2547446 -2.4749 -0.001551
14.75285 2553182 -29.3213 -0.018350
14.75510 2558931 -21.8934 -0.013686
14.75735 2564693 -18.8990 -0.011801
14.75960 2570468 -26.2552 -0.016376
14.76185 2576255 -31.7462 -0.019779
14.76410 2582056 -39.1430 -0.024360
14.76635 2587870 -30.0355 -0.018671
14.76860 2593698 -28.6381 -0.017782
14.77084 2599538 -23.8965 -0.014821
14.77309 2605391 -23.6726 -0.014666
14.77534 2611258 -21.2089 -0.013125
14.77759 2617137 -18.6381 -0.011521
14.77984 2623030 25.3732 0.015667
14.78209 2628937 38.5560 0.023779
14.78434 2634856 63.8107 0.039311
14.78659 2640789 93.8620 0.057759
14.78884 2646735 72.5605 0.044601
14.79109 2652695 62.6523 0.038467
14.79334 2658668 71.8075 0.044039
14.79559 2664655 68.8386 0.042171
14.79783 2670655 61.6826 0.037745
14.80008 2676668 88.6879 0.054208
14.80233 2682695 111.6629 0.068175
14.80458 2688736 114.3119 0.069714
14.80683 2694790 117.4400 0.071541
14.80908 2700858 117.5141 0.071505
14.81133 2706940 94.9696 0.057723
14.81358 2713035 104.1873 0.063254
14.81583 2719144 87.0628 0.052798
14.81808 2725266 102.1155 0.061857
14.82033 2731403 88.2252 0.053383
14.82258 2737553 94.5432 0.057141
14.82482 2743717 90.5983 0.054695
14.82707 2749895 69.2965 0.041788
14.82932 2756087 62.4362 0.037609
14.83157 2762293 65.4304 0.039368
14.83382 2768513 59.1564 0.035553
14.83607 2774747 24.4763 0.014694
14.83832 2780995 57.4164 0.034430
14.84057 2787257 46.9236 0.028106
14.84282 2793533 -1.1105 -0.000664
14.84507 2799823 16.4701 0.009843
14.84732 2806127 21.4821 0.012824
14.84957 2812446 28.6993 0.017113
14.85181 2818779 9.3780 0.005586
14.85406 2825126 15.7682 0.009381
14.85631 2831487 5.3544 0.003182
14.85856 2837863 32.5491 0.019322
14.86081 2844253 48.4100 0.028705
14.86306 2850657 26.7434 0.015840
14.86531 2857076 3.5879 0.002123
14.86756 2863509 -5.7812 -0.003416
14.86981 2869957 -4.6917 -0.002769
14.87206 2876419 0.1242 0.000073
14.87431 2882896 -19.4630 -0.011463
14.87655 2889387 -10.8182 -0.006364
14.87880 2895894 -16.9781 -0.009977
14.88105 2902414 -21.7247 -0.012752
14.88330 2908950 -64.1004 -0.037583
14.88555 2915500 -77.0517 -0.045126
14.88780 2922064 -82.0784 -0.048016
14.89005 2928644 -122.7867 -0.071749
14.89230 2935238 -89.0113 -0.051955
14.89455 2941848 -88.2450 -0.051449
14.89680 2948472 -108.1248 -0.062969
14.89905 2955111 -102.7683 -0.059782
14.90130 2961765 -113.8691 -0.066165
14.90355 2968434 -103.8690 -0.060287
14.90579 2975118 -92.3394 -0.053535
14.90804 2981817 -78.8162 -0.045643
14.91029 2988531 -103.1074 -0.059643
14.91254 2995261 -112.3780 -0.064933
14.91479 3002005 -136.8621 -0.078991
14.91704 3008765 -138.0553 -0.079590
14.91929 3015539 -143.5096 -0.082642
14.92154 3022329 -132.2795 -0.076089
14.92379 3029135 -132.3821 -0.076062
14.92604 3035956 -159.1689 -0.091350
14.92829 3042792 -154.1626 -0.088378
14.93054 3049643 -132.1811 -0.075691
14.93278 3056510 -117.8164 -0.067390
14.93503 3063392 -127.7514 -0.072990
14.93728 3070290 -123.9664 -0.070748
14.93953 3077203 -173.8128 -0.099084
14.94178 3084132 -168.1380 -0.095741
14.94403 3091077 -148.5641 -0.084500
14.94628 3098037 -136.9648 -0.077815
14.94853 3105013 -129.7345 -0.073625
14.95078 3112005 -114.8119 -0.065083
14.95303 3119012 -115.4260 -0.065357
14.95528 3126035 -137.7916 -0.077934
14.95753 3133074 -93.8741 -0.053035
14.95977 3140129 -75.5633 -0.042642
14.96202 3147199 -36.6420 -0.020655
14.96427 3154286 -26.3347 -0.014828
14.96652 3161388 -37.7896 -0.021254
14.96877 3168507 -61.6982 -0.034661
14.97102 3175641 -111.5770 -0.062612
14.97327 3182792 -99.4998 -0.055772
14.97552 3189959 -98.1463 -0.054952
14.97777 3197141 -90.5624 -0.050649
14.98002 3204340 -78.6133 -0.043916
14.98227 3211556 -69.7740 -0.038935
14.98452 3218787 -57.3060 -0.031941
14.98676 3226035 -54.8205 -0.030522
14.98901 3233299 -15.6649 -0.008712
14.99126 3240579 -23.4396 -0.013021
14.99351 3247876 -18.1429 -0.010067
14.99576 3255189 -30.8794 -0.017115
14.99801 3262519 -35.8858 -0.019868
15.00026 3269865 -56.6128 -0.031308
15.00251 3277228 -97.9285 -0.054095
15.00476 3284607 -128.7527 -0.071042
15.00701 3292003 -107.5846 -0.059295
15.00926 3299416 -85.1407 -0.046873
15.01151 3306845 -90.6213 -0.049834
15.01375 3314291 -103.2893 -0.056736
15.01600 3321754 -70.0256 -0.038421
15.01825 3329234 -74.3937 -0.040772
15.02050 3336730 -75.7941 -0.041493
15.02275 3344243 -82.3443 -0.045028
15.02500 3351773 -80.2172 -0.043816
15.02725 3359321 -70.9178 -0.038693
15.02950 3366885 -34.4324 -0.018765
15.03175 3374466 -61.2629 -0.033350
15.03400 3382064 -80.3854 -0.043711
15.03625 3389680 -50.0038 -0.027160
15.03850 3397312 -35.1933 -0.019094
15.04074 3404962 -38.0050 -0.020596
15.04299 3412629 -77.7305 -0.042077
15.04524 3420313 -63.9278 -0.034567
15.04749 3428015 -37.4309 -0.020217
15.04974 3435734 -19.9864 -0.010783
15.05199 3443470 -14.8762 -0.008017
15.05424 3451223 -9.7206 -0.005232
15.05649 3458995 -18.5668 -0.009983
15.05874 3466783 -25.8372 -0.013877
15.06099 3474589 -34.9674 -0.018759
15.06324 3482413 -48.8610 -0.026183
15.06549 3490254 -55.2205 -0.029558
15.06773 3498113 -76.5819 -0.040946
15.06998 3505990 -81.4155 -0.043481
15.07223 3513885 -83.9580 -0.044789
15.07448 3521797 -82.2736 -0.043841
15.07673 3529727 -81.5378 -0.043400
15.07898 3537675 -54.3021 -0.028871
15.08123 3545640 -52.4073 -0.027832
15.08348 3553624 -80.5066 -0.042707
15.08573 3561626 -51.2421 -0.027152
15.08798 3569646 -62.5727 -0.033119
15.09023 3577683 -49.4357 -0.026136
15.09248 3585739 -33.0164 -0.017436
15.09472 3593813 -23.6367 -0.012468
15.09697 3601905 -3.1685 -0.001669
15.09922 3610016 1.4523 0.000764
15.10147 3618144 -16.5786 -0.008716
15.10372 3626291 4.3620 0.002291
15.10597 3634457 20.3475 0.010673
15.10822 3642640 61.4325 0.032188
15.11047 3650843 50.7415 0.026556
15.11272 3659063 90.6536 0.047391
15.11497 3667302 85.7682 0.044787
15.11722 3675560 67.6007 0.035261
15.11947 3683836 92.7882 0.048344
15.12171 3692131 96.3643 0.050151
15.12396 3700445 110.4672 0.057426
15.12621 3708777 101.6272 0.052771
15.12846 3717128 121.2442 0.062886
15.13071 3725498 110.2613 0.057126
15.13296 3733887 111.4798 0.057692
15.13521 3742294 110.4194 0.057079
15.13746 3750721 96.4870 0.049821
15.13971 3759166 107.3439 0.055365
15.14196 3767631 90.9097 0.046836
15.14421 3776114 72.3933 0.037254
15.14646 3784617 68.9494 0.035442
15.14870 3793139 72.1681 0.037055
15.15095 3801680 86.7092 0.044471
15.15320 3810240 92.0205 0.047142
15.15545 3818819 65.3131 0.033422
15.15770 3827418 42.2227 0.021582
15.15995 3836036 45.3445 0.023152
15.16220 3844674 25.3309 0.012919
15.16445 3853331 43.2537 0.022035
15.16670 3862008 39.8219 0.020264
15.16895 3870704 44.1057 0.022418
15.17120 3879419 9.9435 0.005048
15.17345 3888155 -27.7663 -0.014081
15.17569 3896910 -64.3206 -0.032583
15.17794 3905684 -71.9327 -0.036398
15.18019 3914479 -57.6698 -0.029148
15.18244 3923293 -71.7405 -0.036219
15.18469 3932127 -86.9938 -0.043871
15.18694 3940981 -76.6411 -0.038606
15.18919 3949855 -88.5992 -0.044580
15.19144 3958749 -88.1877 -0.044323
15.19369 3967663 -119.2441 -0.059865
15.19594 3976597 -131.0457 -0.065715
15.19819 3985551 -127.3053 -0.063768
15.20044 3994525 -107.4134 -0.053743
15.20268 4003520 -159.6903 -0.079810
15.20493 4012534 -140.2862 -0.070033
15.20718 4021569 -145.9281 -0.072768
15.20943 4030625 -153.9098 -0.076662
15.21168 4039700 -152.1180 -0.075684
15.21393 4048797 -169.1914 -0.084084
15.21618 4057913 -188.8991 -0.093773
15.21843 4067050 -205.8814 -0.102089
15.22068 4076208 -226.3361 -0.112105
15.22293 4085387 -196.0175 -0.096979
15.22518 4094586 -230.0569 -0.113692
15.22743 4103805 -222.5962 -0.109881
15.22967 4113046 -207.6830 -0.102405
15.23192 4122307 -180.2191 -0.088763
15.23417 4131589 -191.3534 -0.094141
15.23642 4140893 -210.7353 -0.103560
15.23867 4150217 -190.9236 -0.093718
15.24092 4159562 -165.0048 -0.080905
15.24317 4168928 -144.6857 -0.070862
15.24542 4178315 -141.8080 -0.069375
15.24767 4187723 -137.0333 -0.066963
15.24992 4197153 -124.1067 -0.060578
15.25217 4206603 -96.4667 -0.047034
15.25442 4216075 -95.4488 -0.046485
15.25666 4225569 -82.2981 -0.040036
15.25891 4235083 -72.7323 -0.035342
15.26116 4244620 -104.4043 -0.050676
15.26341 4254177 -109.7379 -0.053205
15.26566 4263756 -155.6020 -0.075356
15.26791 4273357 -109.4773 -0.052959
15.27016 4282979 -88.1480 -0.042593
15.27241 4292623 -79.6778 -0.038457
15.27466 4302289 -83.9621 -0.040479
15.27691 4311976 -61.8023 -0.029762
15.27916 4321686 -50.9726 -0.024519
15.28141 4331417 -52.1070 -0.025037
15.28365 4341170 -37.4941 -0.017995
15.28590 4350945 -73.5918 -0.035281
15.28815 4360742 -83.2575 -0.039870
15.29040 4370561 -110.1931 -0.052709
15.29265 4380402 -99.0148 -0.047309
15.29490 4390266 -138.9005 -0.066292
15.29715 4400151 -91.4022 -0.043574
15.29940 4410059 -82.6694 -0.039366
15.30165 4419989 -95.5259 -0.045437
15.30390 4429942 -66.2993 -0.031500
15.30615 4439916 -94.2728 -0.044740
15.30840 4449914 -122.1692 -0.057914
15.31064 4459934 -164.2329 -0.077767
15.31289 4469976 -190.6323 -0.090166
15.31514 4480041 -156.5807 -0.073977
15.31739 4490129 -166.7987 -0.078716
15.31964 4500239 -132.3822 -0.062404
15.32189 4510372 -91.7058 -0.043181
15.32414 4520528 -66.4933 -0.031274
15.32639 4530707 -96.5870 -0.045377
15.32864 4540909 -70.1318 -0.032911
15.33089 4551134 -31.2573 -0.014652
15.33314 4561382 -21.7738 -0.010195
15.33539 4571653 -44.3577 -0.020746
15.33763 4581946 -60.7618 -0.028386
15.33988 4592264 -49.6439 -0.023166
15.34213 4602604 -44.6325 -0.020804
15.34438 4612968 -52.6410 -0.024509
15.34663 4623355 -69.8035 -0.032464
15.34888 4633765 -89.9300 -0.041777
15.35113 4644199 -105.4741 -0.048943
15.35338 4654656 -112.4845 -0.052137
15.35563 4665137 -97.3712 -0.045081
15.35788 4675642 -90.0211 -0.041632
15.36013 4686170 -81.0133 -0.037424
15.36238 4696722 -54.9244 -0.025344
15.36462 4707297 -42.5745 -0.019623
15.36687 4717897 -52.4985 -0.024170
15.36912 4728520 -72.0305 -0.033125
15.37137 4739167 -27.5619 -0.012661
15.37362 4749838 -11.7555 -0.005394
15.37587 4760534 -20.1165 -0.009220
15.37812 4771253 2.1523 0.000985
15.38037 4781996 -1.0051 -0.000460
15.38262 4792764 -33.4143 -0.015263
15.38487 4803556 -55.5139 -0.025329
15.38712 4814372 -44.5215 -0.020291
15.38937 4825212 -37.1209 -0.016899
15.39161 4836077 -27.4185 -0.012468
15.39386 4846967 -38.0979 -0.017305
15.39611 4857881 -83.8443 -0.038041
15.39836 4868819 -106.3241 -0.048186
15.40061 4879782 -48.9146 -0.022143
15.40286 4890770 -85.5959 -0.038705
15.40511 4901783 -106.3366 -0.048029
15.40736 4912820 -82.5683 -0.037252
15.40961 4923882 -58.9520 -0.026567
15.41186 4934969 8.4439 0.003801
15.41411 4946081 -3.7339 -0.001679
15.41636 4957218 9.1579 0.004113
15.41860 4968381 5.0119 0.002249
15.42085 4979568 31.4320 0.014086
15.42310 4990780 -21.3524 -0.009558
15.42535 5002018 3.0213 0.001351
15.42760 5013281 -24.8573 -0.011102
15.42985 5024570 -20.9946 -0.009366
15.43210 5035883 -34.7175 -0.015471
15.43435 5047223 -20.2482 -0.009013
15.43660 5058587 -21.6862 -0.009642
15.43885 5069978 -63.0286 -0.027992
15.44110 5081394 -106.1113 -0.047073
15.44335 5092836 -95.0738 -0.042129
15.44559 5104303 -69.4322 -0.030732
15.44784 5115797 -73.2595 -0.032390
15.45009 5127316 -61.1817 -0.027019
15.45234 5138861 -44.5548 -0.019654
15.45459 5150432 -3.5250 -0.001553
15.45684 5162029 -7.1354 -0.003141
15.45909 5173653 -19.7737 -0.008693
15.46134 5185302 34.4496 0.015129
15.46359 5196978 -15.1711 -0.006655
15.46584 5208680 -46.3082 -0.020291
15.46809 5220408 -29.3003 -0.012824
15.47034 5232163 1.4451 0.000632
15.47258 5243944 -3.4207 -0.001494
15.47483 5255752 -38.3068 -0.016709
15.47708 5267587 -47.9648 -0.020899
15.47933 5279448 -43.0686 -0.018744
15.48158 5291335 -43.2799 -0.018815
15.48383 5303250 -34.0678 -0.014794
15.48608 5315191 -12.3284 -0.005347
15.48833 5327159 18.8680 0.008175
15.49058 5339154 78.2372 0.033859
15.49283 5351177 89.9717 0.038894
15.49508 5363226 72.7434 0.031411
15.49733 5375302 98.2830 0.042391
15.49957 5387406 79.2891 0.034160
15.50182 5399537 64.7664 0.027872
15.50407 5411695 59.3030 0.025492
15.50632 5423880 113.8434 0.048882
15.50857 5436093 86.3110 0.037019
15.51082 5448334 44.0729 0.018882
15.51307 5460602 47.5401 0.020344
15.51532 5472897 65.9735 0.028201
15.51757 5485221 29.0725 0.012413
15.51982 5497572 21.9451 0.009359
15.52207 5509951 34.3957 0.014653
15.52432 5522357 32.5134 0.013836
15.52656 5534792 28.8242 0.012252
15.52881 5547255 2.5235 0.001071
15.53106 5559745 4.8345 0.002050
15.53331 5572264 4.6676 0.001977
15.53556 5584811 -1.9343 -0.000818
15.53781 5597387 -23.0422 -0.009739
15.54006 5609990 -16.2279 -0.006851
15.54231 5622622 -3.1701 -0.001337
15.54456 5635283 22.8660 0.009632
15.54681 5647972 78.6367 0.033089
15.54906 5660689 89.0694 0.037436
15.55131 5673435 153.8578 0.064595
15.55355 5686210 127.1269 0.053312
15.55580 5699014 131.1649 0.054944
15.55805 5711846 101.9971 0.042678
15.56030 5724708 117.0351 0.048915
15.56255 5737598 105.1846 0.043912
15.56480 5750517 122.1930 0.050956
15.56705 5763466 129.6754 0.054015
15.56930 5776443 170.7227 0.071033
15.57155 5789450 165.4700 0.068770
15.57380 5802486 148.3428 0.061583
15.57605 5815552 95.3680 0.039546
15.57830 5828647 65.8156 0.027261
15.58054 5841771 49.1727 0.020345
15.58279 5854925 15.9468 0.006590
15.58504 5868108 23.1971 0.009576
15.58729 5881322 -56.7104 -0.023384
15.58954 5894565 -51.0236 -0.021016
15.59179 5907837 -52.3129 -0.021523
15.59404 5921140 -93.8074 -0.038551
15.59629 5934473 -69.4048 -0.028490
15.59854 5947835 -68.9144 -0.028257
15.60079 5961228 -31.0745 -0.012727
15.60304 5974651 -28.0556 -0.011478
15.60529 5988104 -28.3459 -0.011584
15.60753 6001587 -32.1764 -0.013134
15.60978 6015101 -47.1209 -0.019213
15.61203 6028645 -34.8792 -0.014206
15.61428 6042220 -43.3840 -0.017649
15.61653 6055825 -47.0782 -0.019131
15.61878 6069461 -42.9388 -0.017429
15.62103 6083128 -99.4718 -0.040331
15.62328 6096825 -128.3122 -0.051966
15.62553 6110553 -83.8092 -0.033904
15.62778 6124313 -41.4758 -0.016760
15.63003 6138103 -78.5508 -0.031705
15.63228 6151924 -91.9349 -0.037066
15.63452 6165776 -51.9206 -0.020910
15.63677 6179660 -59.8411 -0.024072
15.63902 6193574 -74.1716 -0.029803
15.64127 6207520 -63.9283 -0.025659
15.64352 6221498 -30.8271 -0.012359
15.64577 6235507 -23.8376 -0.009546
15.64802 6249547 -63.9136 -0.025566
15.65027 6263619 -81.3147 -0.032491
15.65252 6277723 -73.0903 -0.029171
15.65477 6291859 -85.1248 -0.033936
15.65702 6306026 -111.3273 -0.044333
15.65927 6320225 -72.5313 -0.028851
15.66151 6334457 -93.9293 -0.037320
15.66376 6348720 -108.9419 -0.043237
15.66601 6363015 -126.7050 -0.050230
15.66826 6377343 -104.3808 -0.041333
15.67051 6391703 -154.3354 -0.061046
15.67276 6406095 -210.6022 -0.083208
15.67501 6420520 -226.2599 -0.089294
15.67726 6434977 -239.5528 -0.094434
15.67951 6449466 -220.5349 -0.086839
15.68176 6463989 -179.8132 -0.070725
15.68401 6478543 -194.0904 -0.076254
15.68626 6493131 -220.1097 -0.086380
15.68850 6507752 -271.0983 -0.106270
15.69075 6522405 -289.9479 -0.113531
15.69300 6537092 -230.5716 -0.090181
15.69525 6551811 -239.8780 -0.093715
15.69750 6566564 -257.0082 -0.100295
15.69975 6581350 -239.1679 -0.093228
15.70200 6596169 -217.1885 -0.084565
15.70425 6611022 -169.8538 -0.066060
15.70650 6625908 -178.6222 -0.069393
15.70875 6640827 -178.2610 -0.069174
15.71100 6655780 -179.0298 -0.069395
15.71325 6670767 -184.1375 -0.071294
15.71549 6685788 -180.4201 -0.069776
15.71774 6700842 -207.7431 -0.080253
15.71999 6715931 -181.2538 -0.069941
15.72224 6731053 -209.2677 -0.080660
15.72449 6746209 -198.2854 -0.076342
15.72674 6761400 -218.3093 -0.083956
15.72899 6776624 -184.1071 -0.070724
15.73124 6791883 -168.1637 -0.064526
15.73349 6807176 -174.9012 -0.067036
15.73574 6822504 -188.4915 -0.072164
15.73799 6837866 -184.7984 -0.070670
15.74024 6853263 -163.6031 -0.062495
15.74248 6868695 -122.9428 -0.046910
15.74473 6884161 -147.3934 -0.056176
15.74698 6899662 -133.7255 -0.050910
15.74923 6915198 -111.7719 -0.042504
15.75148 6930769 -142.6358 -0.054180
15.75373 6946375 -127.9919 -0.048563
15.75598 6962016 -115.2158 -0.043666
15.75823 6977692 -99.9248 -0.037828
15.76048 6993404 -99.8908 -0.037773
15.76273 7009151 -95.9452 -0.036240
15.76498 7024933 -106.0565 -0.040014
15.76723 7040752 -102.1195 -0.038486
15.76947 7056605 -148.4800 -0.055895
15.77172 7072495 -139.5414 -0.052471
15.77397 7088420 -156.8393 -0.058909
15.77622 7104381 -151.8353 -0.056965
15.77847 7120378 -146.2694 -0.054815
15.78072 7136410 -154.3880 -0.057793
15.78297 7152480 -157.6978 -0.058965
15.78522 7168585 -115.9476 -0.043306
15.78747 7184726 -69.5904 -0.025962
15.78972 7200904 -74.7859 -0.027869
15.79197 7217118 -57.8790 -0.021545
15.79422 7233369 -65.4093 -0.024320
15.79646 7249657 -19.9904 -0.007424
15.79871 7265981 -15.3034 -0.005677
15.80096 7282341 -53.4511 -0.019807
15.80321 7298739 -5.5403 -0.002051
15.80546 7315174 -30.6609 -0.011336
15.80771 7331645 -52.0458 -0.019221
15.80996 7348154 -42.5686 -0.015704
15.81221 7364700 -25.0067 -0.009215
15.81446 7381283 -49.4857 -0.018214
15.81671 7397903 -37.0817 -0.013633
15.81896 7414561 -101.7285 -0.037359
15.82121 7431256 -89.1157 -0.032691
15.82345 7447989 -128.3190 -0.047019
15.82570 7464760 -174.3084 -0.063799
15.82795 7481568 -197.3046 -0.072134
15.83020 7498415 -204.7284 -0.074764
15.83245 7515299 -175.1417 -0.063888
15.83470 7532221 -211.3343 -0.077003
15.83695 7549181 -205.8659 -0.074926
15.83920 7566180 -216.0818 -0.078556
15.84145 7583216 -212.6641 -0.077227
15.84370 7600292 -208.7855 -0.075733
15.84595 7617405 -198.7254 -0.072003
15.84820 7634557 -144.6228 -0.052341
15.85044 7651748 -161.2277 -0.058285
15.85269 7668977 -144.0999 -0.052035
15.85494 7686246 -121.5997 -0.043861
15.85719 7703553 -158.9888 -0.057282
15.85944 7720899 -193.7635 -0.069733
15.86169 7738284 -192.4596 -0.069186
15.86394 7755708 -218.7163 -0.078536
15.86619 7773172 -240.9191 -0.086412
15.86844 7790675 -249.7490 -0.089478
15.87069 7808217 -229.0522 -0.081971
15.87294 7825799 -273.2310 -0.097671
15.87519 7843420 -298.0806 -0.106434
15.87743 7861081 -292.1040 -0.104183
15.87968 7878782 -301.6234 -0.107457
15.88193 7896522 -275.9396 -0.098197
15.88418 7914303 -278.0406 -0.098833
15.88643 7932124 -256.0042 -0.090898
15.88868 7949984 -222.8681 -0.079043
15.89093 7967885 -195.4134 -0.069228
15.89318 7985827 -190.1801 -0.067298
15.89543 8003808 -255.0373 -0.090148
15.89768 8021830 -361.4405 -0.127615
15.89993 8039893 -353.0222 -0.124502
15.90218 8057997 -351.2770 -0.123747
15.90442 8076141 -378.2085 -0.133085
15.90667 8094326 -341.3809 -0.119991
15.90892 8112552 -310.7331 -0.109096
15.91117 8130819 -286.1309 -0.100345
15.91342 8149127 -312.0324 -0.109306
15.91567 8167476 -286.3517 -0.100197
15.91792 8185867 -248.4468 -0.086836
15.92017 8204299 -261.3891 -0.091257
15.92242 8222773 -258.3642 -0.090100
15.92467 8241288 -256.7702 -0.089443
15.92692 8259845 -236.4847 -0.082284
15.92917 8278444 -234.5633 -0.081524
15.93141 8297084 -220.9035 -0.076690
15.93366 8315767 -201.3743 -0.069832
15.93591 8334491 -275.1257 -0.095300
15.93816 8353258 -275.1261 -0.095193
15.94041 8372067 -266.1852 -0.091996
15.94266 8390918 -286.8739 -0.099034
15.94491 8409812 -250.0108 -0.086212
15.94716 8428749 -184.7492 -0.063636
15.94941 8447728 -131.5182 -0.045250
15.95166 8466749 -130.4496 -0.044832
15.95391 8485814 -118.2089 -0.040579
15.95616 8504921 -108.0965 -0.037066
15.95840 8524072 -114.7589 -0.039306
15.96065 8543266 -97.2426 -0.033269
15.96290 8562502 -104.7968 -0.035814
15.96515 8581783 -120.1074 -0.041000
15.96740 8601106 -134.7976 -0.045963
15.96965 8620473 -48.7723 -0.016611
15.97190 8639884 -109.1872 -0.037146
15.97415 8659338 -117.3010 -0.039862
15.97640 8678837 -57.8387 -0.019633
15.97865 8698379 -54.8283 -0.018590
15.98090 8717965 -58.0236 -0.019652
15.98315 8737595 7.7299 0.002615
15.98539 8757270 -6.3602 -0.002149
15.98764 8776988 -5.6296 -0.001900
15.98989 8796751 -12.8954 -0.004348
15.99214 8816559 -41.3091 -0.013912
15.99439 8836411 -15.1694 -0.005103
15.99664 8856308 -34.2034 -0.011493
15.99889 8876250 -67.6189 -0.022696
16.00114 8896237 -58.1111 -0.019483
16.00339 8916268 -59.2393 -0.019839
16.00564 8936345 -24.4362 -0.008174
16.00789 8956467 28.6102 0.009560
16.01014 8976634 32.8104 0.010951
16.01238 8996847 96.7488 0.032255
16.01463 9017105 89.6959 0.029870
16.01688 9037409 99.3421 0.033045
16.01913 9057758 34.8333 0.011574
16.02138 9078154 -23.7124 -0.007870
16.02363 9098595 -28.7969 -0.009547
16.02588 9119082 -4.4747 -0.001482
16.02813 9139616 25.6730 0.008492
16.03038 9160195 35.4970 0.011728
16.03263 9180821 13.7042 0.004523
16.03488 9201494 47.0205 0.015501
16.03713 9222213 24.6835 0.008128
16.03937 9242978 10.4081 0.003423
16.04162 9263791 -12.6931 -0.004170
16.04387 9284650 -47.2164 -0.015496
16.04612 9305556 -135.4847 -0.044414
16.04837 9326510 -124.2039 -0.040670
16.05062 9347510 -98.0581 -0.032073
16.05287 9368558 -101.6895 -0.033223
16.05512 9389653 -127.8434 -0.041721
16.05737 9410796 -136.0862 -0.044361
16.05962 9431986 -107.9669 -0.035155
16.06187 9453224 -122.8002 -0.039940
16.06412 9474510 -85.9921 -0.027937
16.06636 9495844 -75.8666 -0.024620
16.06861 9517225 -140.9238 -0.045680
16.07086 9538655 -121.4774 -0.039333
16.07311 9560134 -152.2217 -0.049232
16.07536 9581660 -167.6297 -0.054154
16.07761 9603235 -138.2793 -0.044622
16.07986 9624859 -165.0169 -0.053190
16.08211 9646531 -184.2045 -0.059308
16.08436 9668252 -150.2186 -0.048311
16.08661 9690022 -178.0504 -0.057198
16.08886 9711841 -201.0735 -0.064521
16.09111 9733709 -176.2576 -0.056495
16.09335 9755627 -194.4743 -0.062264
16.09560 9777593 -128.8959 -0.041221
16.09785 9799609 -129.6112 -0.041404
16.10010 9821675 -101.8041 -0.032484
16.10235 9843791 -128.6441 -0.041002
16.10460 9865956 -162.7931 -0.051828
16.10685 9888171 -89.5074 -0.028464
16.10910 9910436 -87.7858 -0.027885
16.11135 9932752 -77.9448 -0.024732
16.11360 9955117 -102.8390 -0.032594
16.11585 9977533 -135.2645 -0.042823
16.11810 10000000 -145.9008 -0.046138
