logY Y P PoverSqrtY
6.90675 999 -3.6675 -0.116036
6.90975 1002 -3.7371 -0.118058
6.91175 1004 -3.6300 -0.114561
6.91374 1006 -3.8430 -0.121163
6.91672 1009 -3.7313 -0.117468
6.91870 1011 -3.5185 -0.110657
6.92067 1013 -3.7690 -0.118419
6.92264 1015 -3.6621 -0.114947
6.92560 1018 -4.2845 -0.134283
6.92756 1020 -4.1477 -0.129868
6.92952 1022 -4.6469 -0.145357
6.93245 1025 -4.5414 -0.141850
6.93440 1027 -5.0546 -0.157724
6.93634 1029 -5.0955 -0.158848
6.93828 1031 -5.5150 -0.171757
6.94119 1034 -5.6458 -0.175576
6.94312 1036 -5.3655 -0.166698
6.94505 1038 -5.3466 -0.165949
6.94794 1041 -5.1788 -0.160510
6.94986 1043 -5.4434 -0.168548
6.95273 1046 -5.2091 -0.161064
6.95464 1048 -5.4791 -0.169249
6.95655 1050 -5.0585 -0.156107
6.95940 1053 -5.2972 -0.163242
6.96130 1055 -5.2369 -0.161231
6.96319 1057 -5.9404 -0.182716
6.96602 1060 -5.4789 -0.168284
6.96791 1062 -5.5569 -0.170519
6.97073 1065 -5.1242 -0.157019
6.97261 1067 -5.5767 -0.170724
6.97448 1069 -5.2154 -0.159515
6.97728 1072 -5.3221 -0.162549
6.97915 1074 -5.1501 -0.157151
6.98193 1077 -5.1721 -0.157602
6.98379 1079 -4.9474 -0.150615
6.98564 1081 -5.0953 -0.154973
6.98841 1084 -5.5726 -0.169256
6.99026 1086 -5.5164 -0.167395
6.99302 1089 -5.3425 -0.161894
6.99485 1091 -5.2302 -0.158346
6.99760 1094 -5.0331 -0.152169
6.99942 1096 -5.0368 -0.152142
7.00216 1099 -5.1207 -0.154465
7.00397 1101 -5.1504 -0.155219
7.00670 1104 -4.9764 -0.149772
7.00851 1106 -5.0562 -0.152037
7.01121 1109 -5.4860 -0.164737
7.01302 1111 -5.5881 -0.167650
7.01571 1114 -5.7885 -0.173431
7.01751 1116 -5.8493 -0.175093
7.02019 1119 -5.8929 -0.176162
7.02198 1121 -5.7892 -0.172909
7.02465 1124 -5.7277 -0.170844
7.02643 1126 -5.6878 -0.169502
7.02909 1129 -5.3242 -0.158457
7.03086 1131 -5.3479 -0.159020
7.03351 1134 -5.6238 -0.167002
7.03527 1136 -5.9353 -0.176098
7.03791 1139 -6.2001 -0.183711
7.03966 1141 -6.2789 -0.185884
7.04229 1144 -6.1912 -0.183048
7.04491 1147 -6.1748 -0.182322
7.04665 1149 -5.9391 -0.175209
7.04925 1152 -5.9575 -0.175523
7.05099 1154 -5.2912 -0.155759
7.05359 1157 -5.1959 -0.152756
7.05618 1160 -4.6351 -0.136093
7.05790 1162 -4.8578 -0.142507
7.06048 1165 -4.4804 -0.131266
7.06219 1167 -4.6794 -0.136979
7.06476 1170 -4.3545 -0.127305
7.06732 1173 -4.7780 -0.139509
7.06902 1175 -4.7562 -0.138753
7.07157 1178 -5.2065 -0.151696
7.07412 1181 -4.6044 -0.133982
7.07581 1183 -4.7212 -0.137264
7.07834 1186 -4.5979 -0.133512
7.08087 1189 -4.7572 -0.137962
7.08255 1191 -4.8222 -0.139729
7.08506 1194 -4.6866 -0.135629
7.08757 1197 -4.7520 -0.137351
7.08924 1199 -4.5627 -0.131769
7.09174 1202 -4.9644 -0.143190
7.09423 1205 -4.5830 -0.132024
7.09589 1207 -4.7598 -0.137003
7.09838 1210 -4.3673 -0.125552
7.10085 1213 -4.8851 -0.140263
7.10332 1216 -4.8368 -0.138705
7.10497 1218 -5.1251 -0.146851
7.10743 1221 -4.9485 -0.141618
7.10988 1224 -5.0908 -0.145511
7.11233 1227 -5.9899 -0.171000
7.11396 1229 -5.8428 -0.166665
7.11639 1232 -5.9309 -0.168971
7.11883 1235 -5.5878 -0.159003
7.12125 1238 -5.9267 -0.168443
7.12367 1241 -5.8195 -0.165197
7.12528 1243 -6.1376 -0.174086
7.12769 1246 -5.5438 -0.157053
7.13010 1249 -5.5333 -0.156569
7.13250 1252 -6.1020 -0.172452
7.13489 1255 -6.0880 -0.171851
7.13648 1257 -6.4233 -0.181172
7.13887 1260 -6.0848 -0.171420
7.14125 1263 -6.6065 -0.185895
7.14362 1266 -6.4675 -0.181769
7.14598 1269 -6.5027 -0.182542
7.14835 1272 -6.3436 -0.177865
7.14992 1274 -6.0324 -0.169008
7.15227 1277 -6.5449 -0.183150
7.15462 1280 -6.7086 -0.187512
7.15696 1283 -7.1057 -0.198379
7.15929 1286 -6.8619 -0.191348
7.16162 1289 -7.1268 -0.198503
7.16395 1292 -7.5060 -0.208823
7.16627 1295 -7.0530 -0.195991
7.16858 1298 -6.7095 -0.186231
7.17089 1301 -6.3427 -0.175847
7.17242 1303 -6.5539 -0.181562
7.17472 1306 -6.1534 -0.170273
7.17702 1309 -5.6902 -0.157274
7.17931 1312 -5.4920 -0.151623
7.18159 1315 -5.1393 -0.141724
7.18387 1318 -5.6180 -0.154746
7.18614 1321 -5.2854 -0.145420
7.18841 1324 -4.6502 -0.127800
7.19068 1327 -4.5193 -0.124061
7.19293 1330 -4.2047 -0.115294
7.19519 1333 -4.3626 -0.119489
7.19744 1336 -3.8393 -0.105040
7.19968 1339 -3.8769 -0.105948
7.20192 1342 -4.1263 -0.112638
7.20415 1345 -4.0411 -0.110190
7.20638 1348 -4.1210 -0.112243
7.20860 1351 -3.5002 -0.095227
7.21082 1354 -3.3462 -0.090939
7.21303 1357 -3.7509 -0.101823
7.21524 1360 -3.1169 -0.084519
7.21744 1363 -3.1641 -0.085703
7.22037 1367 -2.9256 -0.079128
7.22257 1370 -2.8006 -0.075663
7.22475 1373 -3.3125 -0.089398
7.22694 1376 -2.6994 -0.072771
7.22911 1379 -2.6645 -0.071751
7.23129 1382 -3.0609 -0.082337
7.23346 1385 -2.6516 -0.071249
7.23562 1388 -2.5966 -0.069695
7.23778 1391 -2.3756 -0.063695
7.23993 1394 -2.4646 -0.066012
7.24280 1398 -3.1094 -0.083161
7.24494 1401 -2.9824 -0.079679
7.24708 1404 -3.1715 -0.084642
7.24922 1407 -3.8239 -0.101945
7.25134 1410 -3.4353 -0.091485
7.25347 1413 -3.5688 -0.094942
7.25630 1417 -3.1634 -0.084037
7.25841 1420 -2.8182 -0.074788
7.26052 1423 -3.4450 -0.091323
7.26263 1426 -3.2988 -0.087356
7.26473 1429 -3.4007 -0.089960
7.26753 1433 -4.2834 -0.113154
7.26962 1436 -4.1005 -0.108209
7.27170 1439 -4.0721 -0.107346
7.27379 1442 -4.0879 -0.107651
7.27656 1446 -3.8053 -0.100069
7.27863 1449 -4.0614 -0.106694
7.28070 1452 -4.0277 -0.105700
7.28276 1455 -3.6545 -0.095807
7.28551 1459 -3.8833 -0.101667
7.28756 1462 -4.1888 -0.109551
7.28961 1465 -3.8513 -0.100621
7.29234 1469 -3.5587 -0.092850
7.29438 1472 -3.6332 -0.094697
7.29641 1475 -3.6128 -0.094069
7.29845 1478 -3.6100 -0.093901
7.30115 1482 -3.4545 -0.089735
7.30317 1485 -3.1789 -0.082492
7.30519 1488 -3.3171 -0.085992
7.30787 1492 -3.0494 -0.078945
7.30988 1495 -2.3208 -0.060023
7.31255 1499 -2.2353 -0.057733
7.31455 1502 -2.4067 -0.062100
7.31655 1505 -2.1030 -0.054209
7.31920 1509 -2.2684 -0.058394
7.32119 1512 -2.4619 -0.063312
7.32383 1516 -2.3267 -0.059756
7.32581 1519 -2.0727 -0.053180
7.32778 1522 -2.1423 -0.054912
7.33041 1526 -2.2835 -0.058456
7.33237 1529 -2.0510 -0.052451
7.33498 1533 -2.0849 -0.053248
7.33694 1536 -1.8919 -0.048273
7.33954 1540 -2.2906 -0.058369
7.34148 1543 -3.0929 -0.078737
7.34407 1547 -3.1878 -0.081049
7.34601 1550 -3.2504 -0.082561
7.34859 1554 -3.6754 -0.093236
7.35052 1557 -4.0046 -0.101488
7.35308 1561 -3.9051 -0.098840
7.35500 1564 -4.0734 -0.103001
7.35756 1568 -4.8152 -0.121601
7.35947 1571 -4.0412 -0.101958
7.36201 1575 -4.0169 -0.101216
7.36391 1578 -4.6651 -0.117438
7.36645 1582 -4.5156 -0.113530
7.36834 1585 -4.0838 -0.102577
7.37086 1589 -3.9750 -0.099718
7.37275 1592 -4.4049 -0.110398
7.37526 1596 -4.1585 -0.104093
7.37776 1600 -3.9978 -0.099946
7.37963 1603 -4.6376 -0.115831
7.38212 1607 -5.0277 -0.125418
7.38399 1610 -4.3015 -0.107203
7.38647 1614 -4.0755 -0.101445
7.38895 1618 -4.3890 -0.109112
7.39080 1621 -3.9173 -0.097296
7.39326 1625 -3.4702 -0.086085
7.39572 1629 -3.7624 -0.093220
7.39756 1632 -4.1216 -0.102025
7.40001 1636 -3.6805 -0.090993
7.40245 1640 -3.1024 -0.076607
7.40428 1643 -3.5602 -0.087833
7.40671 1647 -3.1165 -0.076792
7.40914 1651 -2.6562 -0.065372
7.41156 1655 -2.8349 -0.069684
7.41337 1658 -3.2683 -0.080265
7.41578 1662 -3.1606 -0.077528
7.41818 1666 -3.0660 -0.075117
7.41998 1669 -3.4718 -0.084982
7.42237 1673 -3.3785 -0.082598
7.42476 1677 -2.8770 -0.070254
7.42714 1681 -2.8604 -0.069767
7.42952 1685 -2.8695 -0.069903
7.43130 1688 -3.0287 -0.073719
7.43367 1692 -3.3287 -0.080923
7.43603 1696 -3.7679 -0.091493
7.43838 1700 -3.4726 -0.084222
7.44073 1704 -3.7025 -0.089693
7.44249 1707 -4.3595 -0.105516
7.44483 1711 -4.3590 -0.105381
7.44717 1715 -4.1572 -0.100384
7.44950 1719 -4.5833 -0.110546
7.45182 1723 -5.1042 -0.122966
7.45414 1727 -4.8559 -0.116849
7.45645 1731 -4.5673 -0.109777
7.45876 1735 -4.3846 -0.105263
7.46049 1738 -4.5465 -0.109057
7.46279 1742 -4.3075 -0.103206
7.46508 1746 -4.5040 -0.107789
7.46737 1750 -4.4893 -0.107315
7.46965 1754 -4.5962 -0.109744
7.47193 1758 -4.9403 -0.117826
7.47420 1762 -4.9974 -0.119052
7.47647 1766 -4.7844 -0.113850
7.47873 1770 -5.0972 -0.121157
7.48099 1774 -5.5385 -0.131496
7.48324 1778 -5.7846 -0.137185
7.48549 1782 -6.0249 -0.142724
7.48773 1786 -5.8231 -0.137788
7.48997 1790 -5.5663 -0.131565
7.49220 1794 -5.4609 -0.128929
7.49443 1798 -5.9971 -0.141431
7.49665 1802 -6.1739 -0.145440
7.49887 1806 -6.2998 -0.148241
7.50108 1810 -6.5786 -0.154630
7.50329 1814 -7.1193 -0.167154
7.50549 1818 -7.1532 -0.167765
7.50824 1823 -6.9413 -0.162573
7.51043 1827 -6.6575 -0.155755
7.51262 1831 -6.1568 -0.143883
7.51480 1835 -5.7891 -0.135142
7.51698 1839 -5.8630 -0.136718
7.51915 1843 -5.6319 -0.131188
7.52132 1847 -5.0556 -0.117636
7.52402 1852 -4.9998 -0.116180
7.52618 1856 -4.7179 -0.109510
7.52833 1860 -4.2773 -0.099178
7.53048 1864 -4.7546 -0.110127
7.53262 1868 -5.2881 -0.122352
7.53476 1872 -5.2415 -0.121145
7.53743 1877 -5.8584 -0.135223
7.53956 1881 -5.7021 -0.131473
7.54168 1885 -5.3846 -0.124021
7.54380 1889 -5.6388 -0.129738
7.54645 1894 -5.9817 -0.137447
7.54856 1898 -5.9651 -0.136921
7.55066 1902 -6.2230 -0.142690
7.55276 1906 -5.9605 -0.136529
7.55538 1911 -5.5346 -0.126608
7.55747 1915 -5.8293 -0.133208
7.55956 1919 -6.2934 -0.143664
7.56216 1924 -6.1361 -0.139891
7.56424 1928 -6.6927 -0.152423
7.56631 1932 -6.9605 -0.158357
7.56890 1937 -6.3309 -0.143846
7.57096 1941 -6.1349 -0.139250
7.57302 1945 -5.8157 -0.131869
7.57558 1950 -5.4083 -0.122475
7.57763 1954 -5.9503 -0.134609
7.58019 1959 -6.1934 -0.139930
7.58223 1963 -5.8502 -0.132042
7.58426 1967 -5.9573 -0.134322
7.58680 1972 -5.4256 -0.122179
7.58883 1976 -5.1055 -0.114854
7.59136 1981 -5.6028 -0.125882
7.59337 1985 -5.8497 -0.131297
7.59589 1990 -5.8241 -0.130557
7.59790 1994 -6.3134 -0.141383
7.60040 1999 -5.9973 -0.134138
7.60240 2003 -6.2008 -0.138551
7.60489 2008 -6.3794 -0.142364
7.60688 2012 -6.1982 -0.138181
7.60937 2017 -6.1361 -0.136629
7.61135 2021 -5.5814 -0.124153
7.61382 2026 -4.8171 -0.107019
7.61579 2030 -4.4243 -0.098196
7.61825 2035 -4.4447 -0.098529
7.62071 2040 -4.0885 -0.090520
7.62266 2044 -4.1044 -0.090784
7.62511 2049 -3.4878 -0.077052
7.62706 2053 -3.2293 -0.071271
7.62949 2058 -3.1891 -0.070298
7.63192 2063 -3.1005 -0.068263
7.63385 2067 -2.9191 -0.064207
7.63627 2072 -3.1554 -0.069320
7.63868 2077 -2.9788 -0.065362
7.64060 2081 -2.5186 -0.055211
7.64300 2086 -2.5764 -0.056409
7.64540 2091 -2.2816 -0.049897
7.64731 2095 -2.3111 -0.050492
7.64969 2100 -2.5144 -0.054869
7.65207 2105 -2.2964 -0.050052
7.65444 2110 -2.0274 -0.044137
7.65634 2114 -2.0791 -0.045218
7.65870 2119 -1.9004 -0.041284
7.66106 2124 -2.4807 -0.053827
7.66341 2129 -2.9798 -0.064581
7.66528 2133 -3.3634 -0.072825
7.66763 2138 -4.0329 -0.087220
7.66996 2143 -4.2873 -0.092614
7.67229 2148 -4.4858 -0.096787
7.67462 2153 -5.2083 -0.112246
7.67694 2158 -5.2794 -0.113647
7.67879 2162 -5.6438 -0.121379
7.68110 2167 -5.3776 -0.115520
7.68340 2172 -5.0211 -0.107738
7.68570 2177 -5.3066 -0.113733
7.68800 2182 -5.4904 -0.117537
7.69029 2187 -5.8271 -0.124603
7.69257 2192 -6.0151 -0.128477
7.69485 2197 -5.3525 -0.114195
7.69712 2202 -5.2164 -0.111163
7.69939 2207 -5.1831 -0.110328
7.70165 2212 -4.8640 -0.103418
7.70391 2217 -5.0890 -0.108080
7.70616 2222 -4.5269 -0.096036
7.70841 2227 -4.2261 -0.089554
7.71065 2232 -3.9578 -0.083773
7.71289 2237 -3.4775 -0.073524
7.71512 2242 -3.9075 -0.082524
7.71735 2247 -4.0523 -0.085487
7.71957 2252 -3.9622 -0.083493
7.72179 2257 -4.3576 -0.091724
7.72400 2262 -3.5953 -0.075595
7.72621 2267 -3.8118 -0.080058
7.72842 2272 -3.3595 -0.070481
7.73061 2277 -3.4423 -0.072139
7.73281 2282 -3.9805 -0.083325
7.73543 2288 -3.8160 -0.079778
7.73762 2293 -4.4300 -0.092513
7.73979 2298 -4.4599 -0.093036
7.74197 2303 -4.9851 -0.103880
7.74414 2308 -5.5945 -0.116451
7.74630 2313 -4.8552 -0.100954
7.74889 2319 -4.8703 -0.101135
7.75105 2324 -4.9778 -0.103256
7.75319 2329 -5.3456 -0.110768
7.75534 2334 -5.7346 -0.118700
7.75791 2340 -4.9880 -0.103114
7.76004 2345 -5.0058 -0.103373
7.76217 2350 -4.6225 -0.095355
7.76430 2355 -4.5294 -0.093335
7.76684 2361 -5.1194 -0.105359
7.76896 2366 -4.6742 -0.096094
7.77107 2371 -4.1874 -0.085995
7.77359 2377 -3.5579 -0.072975
7.77570 2382 -3.5293 -0.072314
7.77779 2387 -3.7957 -0.077690
7.78030 2393 -3.6675 -0.074972
7.78239 2398 -3.4834 -0.071134
7.78489 2404 -2.8698 -0.058531
7.78697 2409 -3.3964 -0.069200
7.78904 2414 -3.4829 -0.070888
7.79152 2420 -3.4142 -0.069403
7.79359 2425 -3.6820 -0.074769
7.79606 2431 -3.5267 -0.071528
7.79811 2436 -3.7149 -0.075267
7.80057 2442 -3.5596 -0.072033
7.80262 2447 -3.9043 -0.078928
7.80507 2453 -4.0227 -0.081220
7.80710 2458 -3.3543 -0.067657
7.80954 2464 -3.0759 -0.061966
7.81157 2469 -3.0407 -0.061194
7.81400 2475 -3.0308 -0.060921
7.81642 2481 -2.7991 -0.056195
7.81843 2486 -2.6204 -0.052555
7.82084 2492 -2.6451 -0.052986
7.82285 2497 -2.4334 -0.048698
7.82525 2503 -3.1907 -0.063776
7.82764 2509 -3.1515 -0.062917
7.82963 2514 -3.3933 -0.067677
7.83201 2520 -2.8693 -0.057157
7.83439 2526 -2.8475 -0.056656
7.83637 2531 -3.0732 -0.061086
7.83874 2537 -3.4569 -0.068632
7.84110 2543 -3.7798 -0.074954
7.84306 2548 -3.4580 -0.068505
7.84542 2554 -3.5879 -0.070995
7.84776 2560 -3.2481 -0.064196
7.85010 2566 -3.9063 -0.077114
7.85205 2571 -3.9243 -0.077394
7.85438 2577 -4.0652 -0.080081
7.85671 2583 -4.5352 -0.089234
7.85903 2589 -4.3593 -0.085674
7.86134 2595 -4.7979 -0.094185
7.86365 2601 -4.2988 -0.084291
7.86557 2606 -4.5959 -0.090029
7.86787 2612 -4.7713 -0.093358
7.87017 2618 -5.5777 -0.109010
7.87246 2624 -5.2699 -0.102877
7.87474 2630 -5.3552 -0.104424
7.87702 2636 -5.0797 -0.098939
7.87929 2642 -4.9257 -0.095829
7.88156 2648 -5.0482 -0.098102
7.88382 2654 -4.8849 -0.094821
7.88608 2660 -4.8685 -0.094397
7.88833 2666 -4.8309 -0.093562
7.89058 2672 -5.8612 -0.113388
7.89283 2678 -5.6473 -0.109128
7.89506 2684 -5.8478 -0.112876
7.89730 2690 -5.5437 -0.106887
7.89952 2696 -6.1268 -0.117998
7.90175 2702 -6.1152 -0.117643
7.90397 2708 -6.7645 -0.129991
7.90618 2714 -6.4856 -0.124493
7.90839 2720 -6.3335 -0.121440
7.91059 2726 -6.8339 -0.130890
7.91279 2732 -7.5789 -0.144998
7.91535 2739 -7.5761 -0.144760
7.91754 2745 -6.8488 -0.130720
7.91972 2751 -6.5643 -0.125153
7.92190 2757 -6.5873 -0.125456
7.92407 2763 -6.6260 -0.126056
7.92660 2770 -6.5803 -0.125028
7.92877 2776 -7.1001 -0.134758
7.93093 2782 -7.2797 -0.138018
7.93308 2788 -7.5395 -0.142790
7.93559 2795 -7.4551 -0.141014
7.93773 2801 -7.9592 -0.150388
7.93987 2807 -7.7958 -0.147143
7.94236 2814 -7.7142 -0.145421
7.94449 2820 -7.5657 -0.142471
7.94662 2826 -7.7383 -0.145566
7.94909 2833 -7.7909 -0.146375
7.95121 2839 -7.9690 -0.149561
7.95332 2845 -7.5010 -0.140630
7.95578 2852 -7.9507 -0.148877
7.95788 2858 -7.5491 -0.141210
7.96032 2865 -6.9766 -0.130341
7.96242 2871 -6.7998 -0.126905
7.96485 2878 -7.7550 -0.144557
7.96693 2884 -7.3430 -0.136733
7.96936 2891 -7.2088 -0.134072
7.97143 2897 -6.5555 -0.121795
7.97384 2904 -6.5500 -0.121546
7.97591 2910 -6.4123 -0.118869
7.97831 2917 -7.3539 -0.136160
7.98037 2923 -6.3921 -0.118230
7.98276 2930 -6.0653 -0.112052
7.98480 2936 -5.9033 -0.108947
7.98718 2943 -6.3141 -0.116391
7.98956 2950 -4.2738 -0.078687
7.99159 2956 -4.0131 -0.073813
7.99396 2963 -3.5205 -0.064676
7.99632 2970 -3.3431 -0.061344
7.99834 2976 -2.8244 -0.051773
8.00068 2983 -3.0288 -0.055455
8.00303 2990 -2.4290 -0.044421
8.00503 2996 -2.8573 -0.052202
8.00737 3003 -2.8308 -0.051657
8.00970 3010 -2.1873 -0.039867
8.01202 3017 -2.2204 -0.040424
8.01434 3024 -2.7013 -0.049122
8.01632 3030 -2.9560 -0.053701
8.01863 3037 -3.8086 -0.069111
8.02093 3044 -3.4812 -0.063097
8.02322 3051 -3.3918 -0.061405
8.02552 3058 -3.9401 -0.071250
8.02780 3065 -3.8020 -0.068675
8.03008 3072 -3.8308 -0.069116
8.03204 3078 -3.7585 -0.067745
8.03431 3085 -3.9301 -0.070758
8.03657 3092 -4.2788 -0.076948
8.03883 3099 -4.5766 -0.082211
8.04109 3106 -4.6560 -0.083544
8.04334 3113 -5.1741 -0.092735
8.04559 3120 -4.2043 -0.075269
8.04783 3127 -4.3203 -0.077259
8.05007 3134 -3.7338 -0.066696
8.05230 3141 -4.5346 -0.080910
8.05452 3148 -4.7343 -0.084381
8.05706 3156 -4.3318 -0.077108
8.05928 3163 -4.6852 -0.083307
8.06149 3170 -4.6573 -0.082720
8.06369 3177 -5.6047 -0.099436
8.06589 3184 -5.0706 -0.089861
8.06809 3191 -5.1311 -0.090834
8.07028 3198 -4.7504 -0.084002
8.07278 3206 -4.9795 -0.087944
8.07496 3213 -4.5190 -0.079723
8.07714 3220 -4.0648 -0.071633
8.07931 3227 -4.4095 -0.077622
8.08178 3235 -4.3027 -0.075650
8.08395 3242 -4.8879 -0.085846
8.08610 3249 -4.3538 -0.076382
8.08856 3257 -5.2611 -0.092187
8.09071 3264 -4.9029 -0.085817
8.09285 3271 -4.8259 -0.084379
8.09529 3279 -4.5839 -0.080051
8.09743 3286 -5.0736 -0.088508
8.09955 3293 -5.8949 -0.102726
8.10198 3301 -5.7757 -0.100527
8.10410 3308 -6.8524 -0.119140
8.10651 3316 -6.9230 -0.120222
8.10862 3323 -7.6933 -0.133459
8.11103 3331 -6.7845 -0.117552
8.11313 3338 -6.4356 -0.111390
8.11552 3346 -6.5456 -0.113158
8.11761 3353 -6.6962 -0.115641
8.11999 3361 -6.5943 -0.113746
8.12207 3368 -6.3182 -0.108870
8.12445 3376 -5.7920 -0.099684
8.12652 3383 -5.5307 -0.095089
8.12888 3391 -4.7935 -0.082317
8.13124 3399 -5.0771 -0.087084
8.13329 3406 -5.2775 -0.090428
8.13564 3414 -5.5221 -0.094509
8.13798 3422 -5.1041 -0.087253
8.14002 3429 -4.8772 -0.083290
8.14235 3437 -5.5069 -0.093934
8.14468 3445 -4.4353 -0.075567
8.14700 3453 -4.8673 -0.082830
8.14902 3460 -4.2591 -0.072407
8.15133 3468 -4.8354 -0.082109
8.15364 3476 -4.0973 -0.069496
8.15594 3484 -3.4357 -0.058207
8.15823 3492 -3.8674 -0.065446
8.16052 3500 -2.9640 -0.050101
8.16252 3507 -3.5572 -0.060068
8.16479 3515 -4.1754 -0.070426
8.16707 3523 -4.9253 -0.082981
8.16934 3531 -4.6651 -0.078507
8.17160 3539 -3.9123 -0.065764
8.17386 3547 -4.3004 -0.072206
8.17611 3555 -4.6507 -0.078000
8.17836 3563 -4.0414 -0.067706
8.18060 3571 -3.6999 -0.061915
8.18284 3579 -4.1017 -0.068563
8.18507 3587 -4.0292 -0.067275
8.18730 3595 -3.6383 -0.060681
8.18952 3603 -3.5934 -0.059864
8.19202 3612 -3.8852 -0.064646
8.19423 3620 -3.8417 -0.063851
8.19644 3628 -3.6130 -0.059984
8.19864 3636 -3.5200 -0.058375
8.20084 3644 -2.9426 -0.048747
8.20303 3652 -2.2916 -0.037921
8.20549 3661 -2.2720 -0.037549
8.20767 3669 -2.2476 -0.037106
8.20985 3677 -2.0533 -0.033861
8.21203 3685 -2.1119 -0.034791
8.21447 3694 -2.2601 -0.037186
8.21663 3702 -2.2572 -0.037097
8.21879 3710 -1.9499 -0.032013
8.22121 3719 -2.0136 -0.033019
8.22336 3727 -3.0320 -0.049664
8.22550 3735 -2.8971 -0.047404
8.22791 3744 -2.9957 -0.048959
8.23004 3752 -3.5895 -0.058601
8.23244 3761 -3.6573 -0.059636
8.23456 3769 -3.7858 -0.061666
8.23695 3778 -4.6503 -0.075657
8.23907 3786 -4.4223 -0.071871
8.24144 3795 -3.6015 -0.058462
8.24355 3803 -3.6543 -0.059257
8.24591 3812 -3.5668 -0.057770
8.24801 3820 -3.1563 -0.051068
8.25036 3829 -3.1303 -0.050587
8.25271 3838 -3.4248 -0.055281
8.25479 3846 -3.2546 -0.052480
8.25713 3855 -2.6663 -0.042943
8.25946 3864 -1.9462 -0.031309
8.26153 3872 -1.9973 -0.032097
8.26385 3881 -2.1418 -0.034381
8.26616 3890 -2.4271 -0.038914
8.26848 3899 -2.7260 -0.043657
8.27053 3907 -2.9520 -0.047228
8.27283 3916 -2.5989 -0.041530
8.27512 3925 -2.9186 -0.046586
8.27741 3934 -3.4336 -0.054743
8.27970 3943 -4.0785 -0.064951
8.28198 3952 -4.5147 -0.071816
8.28400 3960 -4.2968 -0.068280
8.28627 3969 -3.5416 -0.056217
8.28853 3978 -2.8540 -0.045250
8.29079 3987 -3.1325 -0.049609
8.29305 3996 -2.6258 -0.041539
8.29530 4005 -2.4230 -0.038287
8.29754 4014 -2.6821 -0.042334
8.29978 4023 -3.1297 -0.049343
8.30202 4032 -3.5606 -0.056074
8.30425 4041 -4.1624 -0.065478
8.30672 4051 -4.7102 -0.074005
8.30894 4060 -4.3808 -0.068753
8.31115 4069 -4.2943 -0.067321
8.31336 4078 -4.1897 -0.065608
8.31557 4087 -3.6585 -0.057227
8.31777 4096 -3.4425 -0.053790
8.32020 4106 -3.9265 -0.061277
8.32239 4115 -3.7623 -0.058650
8.32458 4124 -3.4680 -0.054004
8.32676 4133 -4.5037 -0.070055
8.32918 4143 -4.7724 -0.074145
8.33135 4152 -5.3374 -0.082833
8.33351 4161 -5.0945 -0.078977
8.33591 4171 -4.9396 -0.076484
8.33807 4180 -5.3980 -0.083493
8.34046 4190 -6.1434 -0.094908
8.34260 4199 -6.1059 -0.094227
8.34474 4208 -7.2530 -0.111810
8.34712 4218 -8.0409 -0.123808
8.34925 4227 -6.8274 -0.105012
8.35161 4237 -6.4135 -0.098529
8.35397 4247 -6.4545 -0.099043
8.35609 4256 -6.1505 -0.094278
8.35843 4266 -5.8204 -0.089114
8.36054 4275 -5.9248 -0.090617
8.36288 4285 -6.0761 -0.092821
8.36521 4295 -6.0538 -0.092374
8.36730 4304 -6.2245 -0.094879
8.36962 4314 -6.7926 -0.103418
8.37194 4324 -7.7615 -0.118033
8.37402 4333 -8.6669 -0.131665
8.37632 4343 -8.2488 -0.125168
8.37862 4353 -8.0482 -0.121984
8.38092 4363 -8.5786 -0.129874
8.38320 4373 -8.4665 -0.128030
8.38526 4382 -7.6693 -0.115856
8.38754 4392 -7.7650 -0.117168
8.38981 4402 -7.8049 -0.117636
8.39208 4412 -7.5413 -0.113534
8.39435 4422 -7.6935 -0.115695
8.39661 4432 -7.5244 -0.113024
8.39886 4442 -7.2683 -0.109054
8.40111 4452 -6.9758 -0.104548
8.40335 4462 -7.1200 -0.106589
8.40559 4472 -7.9981 -0.119602
8.40782 4482 -9.2948 -0.138836
8.41005 4492 -9.3747 -0.139874
8.41228 4502 -9.9279 -0.147964
8.41450 4512 -10.0799 -0.150063
8.41693 4523 -10.1919 -0.151545
8.41914 4533 -11.1532 -0.165655
8.42134 4543 -12.0477 -0.178744
8.42354 4553 -11.6203 -0.172214
8.42574 4563 -11.4237 -0.169114
8.42814 4574 -10.9805 -0.162358
8.43033 4584 -11.1540 -0.164744
8.43251 4594 -11.0165 -0.162535
8.43490 4605 -9.9188 -0.146165
8.43707 4615 -9.8742 -0.145350
8.43923 4625 -11.1566 -0.164050
8.44161 4636 -11.5442 -0.169548
8.44376 4646 -11.4642 -0.168191
8.44613 4657 -11.7566 -0.172277
8.44827 4667 -11.1264 -0.162868
8.45063 4678 -11.0973 -0.162251
8.45276 4688 -11.6862 -0.170679
8.45510 4699 -10.5017 -0.153200
8.45723 4709 -10.2907 -0.149962
8.45956 4720 -9.8866 -0.143905
8.46189 4731 -10.4156 -0.151429
8.46400 4741 -11.2681 -0.163650
8.46632 4752 -10.9501 -0.158847
8.46863 4763 -10.8133 -0.156682
8.47073 4773 -10.1065 -0.146286
8.47303 4784 -8.4374 -0.121987
8.47533 4795 -8.4523 -0.122062
8.47762 4806 -8.5662 -0.123565
8.47991 4817 -8.1360 -0.117226
8.48198 4827 -8.2100 -0.118169
8.48426 4838 -7.8136 -0.112335
8.48653 4849 -7.5352 -0.108211
8.48879 4860 -7.2805 -0.104434
8.49105 4871 -6.9350 -0.099367
8.49331 4882 -7.1262 -0.101991
8.49556 4893 -6.8955 -0.098577
8.49781 4904 -5.8591 -0.083667
8.50005 4915 -6.5414 -0.093306
8.50228 4926 -6.6307 -0.094474
8.50451 4937 -6.9017 -0.098225
8.50674 4948 -6.8959 -0.098034
8.50916 4960 -5.4813 -0.077829
8.51138 4971 -4.5034 -0.063873
8.51359 4982 -3.6322 -0.051459
8.51579 4993 -3.7044 -0.052424
8.51799 5004 -3.2545 -0.046007
8.52039 5016 -2.7324 -0.038581
8.52258 5027 -3.0193 -0.042585
8.52476 5038 -3.0570 -0.043069
8.52714 5050 -3.0824 -0.043375
8.52932 5061 -3.8923 -0.054712
8.53149 5072 -3.1170 -0.043766
8.53385 5084 -2.6037 -0.036516
8.53601 5095 -2.5409 -0.035597
8.53837 5107 -3.0706 -0.042968
8.54052 5118 -3.6913 -0.051598
8.54286 5130 -2.8899 -0.040349
8.54500 5141 -3.0094 -0.041972
8.54733 5153 -3.0988 -0.043168
8.54947 5164 -2.4484 -0.034072
8.55179 5176 -2.5526 -0.035481
8.55410 5188 -2.4212 -0.033615
8.55622 5199 -2.7090 -0.037570
8.55853 5211 -3.3171 -0.045951
8.56083 5223 -3.6310 -0.050242
8.56312 5235 -3.2144 -0.044426
8.56522 5246 -3.1268 -0.043170
8.56751 5258 -4.2485 -0.058590
8.56979 5270 -3.4505 -0.047531
8.57206 5282 -4.0119 -0.055202
8.57433 5294 -3.7451 -0.051472
8.57659 5306 -3.4845 -0.047836
8.57885 5318 -4.1188 -0.056480
8.58111 5330 -2.8141 -0.038546
8.58336 5342 -2.6825 -0.036702
8.58560 5354 -2.5041 -0.034223
8.58784 5366 -2.5142 -0.034322
8.59007 5378 -3.1869 -0.043457
8.59230 5390 -1.9646 -0.026760
8.59452 5402 -2.3142 -0.031486
8.59674 5414 -2.0552 -0.027932
8.59896 5426 -2.1928 -0.029769
8.60135 5439 -3.3291 -0.045140
8.60355 5451 -2.9765 -0.040315
8.60575 5463 -3.3458 -0.045268
8.60795 5475 -2.9094 -0.039319
8.61032 5488 -3.3624 -0.045388
8.61250 5500 -2.7059 -0.036487
8.61486 5513 -2.5003 -0.033675
8.61704 5525 -1.8906 -0.025435
8.61921 5537 -1.6613 -0.022326
8.62155 5550 -1.1502 -0.015439
8.62371 5562 -1.1436 -0.015334
8.62605 5575 -0.5790 -0.007755
8.62820 5587 -1.1121 -0.014879
8.63052 5600 -0.0173 -0.000231
8.63284 5613 -0.1324 -0.001767
8.63498 5625 0.2992 0.003989
8.63728 5638 -0.6164 -0.008209
8.63959 5651 -0.4102 -0.005457
8.64171 5663 -0.7530 -0.010006
8.64400 5676 0.7813 0.010371
8.64629 5689 1.2206 0.016182
8.64857 5702 0.8352 0.011061
8.65085 5715 1.6086 0.021278
8.65295 5727 0.4814 0.006361
8.65521 5740 0.5120 0.006759
8.65748 5753 0.1379 0.001819
8.65973 5766 0.1435 0.001890
8.66199 5779 -0.3615 -0.004755
8.66423 5792 -1.5596 -0.020493
8.66647 5805 -1.8479 -0.024254
8.66871 5818 -2.2640 -0.029682
8.67094 5831 -1.3603 -0.017814
8.67334 5845 -2.2318 -0.029192
8.67556 5858 -2.1885 -0.028594
8.67778 5871 -1.8568 -0.024233
8.67999 5884 -1.1453 -0.014931
8.68220 5897 -2.2597 -0.029427
8.68457 5911 -2.7322 -0.035537
8.68677 5924 -2.9288 -0.038053
8.68896 5937 -3.4331 -0.044556
8.69131 5951 -3.2295 -0.041863
8.69350 5964 -4.0998 -0.053088
8.69584 5978 -3.2977 -0.042651
8.69801 5991 -3.7393 -0.048311
8.70018 6004 -2.9294 -0.037806
8.70251 6018 -3.4744 -0.044787
8.70483 6032 -3.1611 -0.040701
8.70699 6045 -2.7599 -0.035498
8.70930 6059 -3.4737 -0.044626
8.71144 6072 -4.7406 -0.060837
8.71375 6086 -4.4236 -0.056704
8.71604 6100 -5.1557 -0.066012
8.71817 6113 -5.4632 -0.069875
8.72046 6127 -5.2580 -0.067173
8.72274 6141 -5.4304 -0.069296
8.72502 6155 -5.4177 -0.069056
8.72729 6169 -5.8284 -0.074206
8.72956 6183 -5.8546 -0.074455
8.73182 6197 -4.6058 -0.058508
8.73408 6211 -4.2710 -0.054194
8.73617 6224 -5.1651 -0.065471
8.73858 6239 -4.8582 -0.061506
8.74082 6253 -5.2563 -0.066472
8.74305 6267 -4.7862 -0.060459
8.74528 6281 -5.5033 -0.069440
8.74751 6295 -5.2762 -0.066500
8.74973 6309 -5.8020 -0.073046
8.75195 6323 -6.1105 -0.076844
8.75432 6338 -5.8063 -0.072932
8.75653 6352 -5.0462 -0.063316
8.75873 6366 -4.6622 -0.058433
8.76092 6380 -3.9995 -0.050072
8.76327 6395 -4.2271 -0.052859
8.76546 6409 -3.4084 -0.042575
8.76780 6424 -3.7280 -0.046513
8.76997 6438 -4.5546 -0.056765
8.77230 6453 -5.2117 -0.064878
8.77447 6467 -4.9412 -0.061445
8.77678 6482 -5.6774 -0.070517
8.77894 6496 -4.8920 -0.060697
8.78125 6511 -5.5623 -0.068933
8.78355 6526 -5.1832 -0.064162
8.78569 6540 -6.0722 -0.075086
8.78798 6555 -5.5857 -0.068991
8.79027 6570 -5.3861 -0.066449
8.79255 6585 -5.1182 -0.063072
8.79467 6599 -5.6204 -0.069187
8.79694 6614 -5.2318 -0.064331
8.79921 6629 -5.4544 -0.066992
8.80147 6644 -6.3151 -0.077476
8.80372 6659 -7.6772 -0.094080
8.80597 6674 -8.1791 -0.100118
8.80822 6689 -8.5173 -0.104140
8.81046 6704 -7.7147 -0.094222
8.81269 6719 -6.8669 -0.083773
8.81492 6734 -6.3646 -0.077560
8.81730 6750 -6.9984 -0.085182
8.81952 6765 -8.2486 -0.100287
8.82173 6780 -8.1831 -0.099381
8.82394 6795 -8.9822 -0.108965
8.82629 6811 -10.2509 -0.124209
8.82849 6826 -9.8772 -0.119551
8.83069 6841 -10.0212 -0.121160
8.83303 6857 -10.5001 -0.126802
8.83521 6872 -10.5017 -0.126682
8.83754 6888 -10.9498 -0.131935
8.83971 6903 -10.0769 -0.121286
8.84203 6919 -9.3528 -0.112439
8.84419 6934 -8.1233 -0.097552
8.84650 6950 -8.1045 -0.097216
8.84865 6965 -7.8795 -0.094414
8.85095 6981 -6.8782 -0.082322
8.85324 6997 -6.3036 -0.075358
8.85552 7013 -6.0784 -0.072583
8.85766 7028 -6.4429 -0.076854
8.85993 7044 -6.0424 -0.071994
8.86220 7060 -7.5717 -0.090114
8.86446 7076 -8.3383 -0.099125
8.86672 7092 -9.3981 -0.111598
8.86898 7108 -8.5104 -0.100943
8.87122 7124 -8.0376 -0.095228
8.87347 7140 -7.6451 -0.090476
8.87571 7156 -8.0027 -0.094602
8.87794 7172 -9.0457 -0.106813
8.88017 7188 -9.2298 -0.108865
8.88239 7204 -8.7122 -0.102646
8.88475 7221 -8.1760 -0.096215
8.88696 7237 -8.0066 -0.094117
8.88917 7253 -7.3173 -0.085920
8.89151 7270 -6.0507 -0.070964
8.89371 7286 -4.8003 -0.056237
8.89590 7302 -3.7099 -0.043415
8.89823 7319 -3.5095 -0.041022
8.90041 7335 -4.3478 -0.050765
8.90273 7352 -4.9405 -0.057619
8.90490 7368 -3.8933 -0.045357
8.90721 7385 -3.4034 -0.039604
8.90951 7402 -4.1984 -0.048799
8.91166 7418 -4.4287 -0.051420
8.91395 7435 -5.0446 -0.058504
8.91624 7452 -5.3468 -0.061938
8.91838 7468 -5.9020 -0.068296
8.92066 7485 -5.0147 -0.057963
8.92292 7502 -5.2194 -0.060261
8.92519 7519 -4.8751 -0.056221
8.92745 7536 -4.7620 -0.054855
8.92970 7553 -5.4263 -0.062438
8.93195 7570 -3.0553 -0.035116
8.93419 7587 -3.0693 -0.035238
8.93643 7604 -2.1454 -0.024603
8.93866 7621 -2.1867 -0.025049
8.94089 7638 -2.8216 -0.032285
8.94324 7656 -3.1887 -0.036443
8.94546 7673 -4.6770 -0.053393
8.94768 7690 -5.3468 -0.060972
8.94988 7707 -5.3270 -0.060679
8.95222 7725 -3.7495 -0.042660
8.95442 7742 -3.5540 -0.040392
8.95674 7760 -4.2147 -0.047845
8.95893 7777 -5.4452 -0.061745
8.96124 7795 -5.7139 -0.064718
8.96342 7812 -6.5807 -0.074455
8.96572 7830 -5.5606 -0.062840
8.96789 7847 -6.6727 -0.075327
8.97018 7865 -6.4927 -0.073211
8.97246 7883 -6.8779 -0.077466
8.97462 7900 -5.3473 -0.060162
8.97689 7918 -6.1561 -0.069183
8.97916 7936 -6.2179 -0.069798
8.98143 7954 -6.0348 -0.067666
8.98369 7972 -7.3016 -0.081777
8.98595 7990 -8.5574 -0.095734
8.98820 8008 -8.3358 -0.093150
8.99044 8026 -9.0755 -0.101303
8.99268 8044 -9.6540 -0.107639
8.99492 8062 -9.4801 -0.105583
8.99715 8080 -8.9140 -0.099167
8.99937 8098 -8.4696 -0.094118
9.00172 8117 -9.2684 -0.102874
9.00393 8135 -9.8598 -0.109317
9.00614 8153 -8.8785 -0.098329
9.00847 8172 -9.2287 -0.102089
9.01067 8190 -9.3434 -0.103243
9.01286 8208 -9.5425 -0.105328
9.01518 8227 -8.8110 -0.097141
9.01736 8245 -8.9147 -0.098178
9.01966 8264 -7.7078 -0.084788
9.02196 8283 -8.1873 -0.089959
9.02413 8301 -7.4235 -0.081479
9.02642 8320 -6.8138 -0.074701
9.02870 8339 -7.8631 -0.086107
9.03085 8357 -8.8833 -0.097173
9.03313 8376 -9.2551 -0.101126
9.03539 8395 -9.5769 -0.104523
9.03765 8414 -8.0433 -0.087686
9.03991 8433 -7.9408 -0.086472
9.04216 8452 -7.3325 -0.079758
9.04440 8471 -5.8039 -0.063059
9.04664 8490 -4.5644 -0.049537
9.04888 8509 -4.7190 -0.051158
9.05111 8528 -3.6299 -0.039307
9.05345 8548 -4.2275 -0.045725
9.05567 8567 -4.6996 -0.050774
9.05789 8586 -3.7061 -0.039996
9.06010 8605 -2.6058 -0.028091
9.06242 8625 -1.7453 -0.018793
9.06462 8644 -1.2300 -0.013230
9.06693 8664 -2.7471 -0.029513
9.06912 8683 -3.2600 -0.034985
9.07142 8703 -2.6243 -0.028130
9.07360 8722 -2.2272 -0.023848
9.07589 8742 -2.0135 -0.021535
9.07818 8762 -1.8718 -0.019996
9.08035 8781 -2.4856 -0.026525
9.08262 8801 -2.6421 -0.028163
9.08489 8821 -2.1722 -0.023128
9.08716 8841 -1.5275 -0.016246
9.08941 8861 -2.0011 -0.021258
9.09167 8881 -1.1161 -0.011844
9.09392 8901 -0.6256 -0.006631
9.09616 8921 -1.5592 -0.016508
9.09840 8941 -1.7991 -0.019027
9.10064 8961 -1.9947 -0.021072
9.10287 8981 -3.0820 -0.032521
9.10509 9001 -3.5011 -0.036903
9.10742 9022 -4.6207 -0.048647
9.10964 9042 -5.5986 -0.058877
9.11185 9062 -5.4678 -0.057438
9.11416 9083 -6.3657 -0.066793
9.11636 9103 -6.0436 -0.063344
9.11866 9124 -5.9764 -0.062568
9.12085 9144 -7.5881 -0.079353
9.12315 9165 -6.7092 -0.070082
9.12533 9185 -8.1377 -0.084911
9.12761 9206 -8.8982 -0.092740
9.12989 9227 -9.1464 -0.095218
9.13216 9248 -8.6893 -0.090357
9.13443 9269 -7.4274 -0.077147
9.13659 9289 -7.4667 -0.077471
9.13884 9310 -5.1153 -0.053014
9.14110 9331 -3.0119 -0.031180
9.14335 9352 -2.9221 -0.030216
9.14559 9373 -1.7406 -0.017978
9.14783 9394 -2.0527 -0.021179
9.15017 9416 -1.2764 -0.013154
9.15239 9437 -1.5496 -0.015952
9.15462 9458 -1.6014 -0.016466
9.15683 9479 -1.5965 -0.016398
9.15915 9501 -2.2015 -0.022585
9.16136 9522 -2.3467 -0.024049
9.16367 9544 -2.2889 -0.023430
9.16587 9565 -3.7853 -0.038704
9.16816 9587 -4.3850 -0.044785
9.17035 9608 -3.6946 -0.037692
9.17264 9630 -3.1540 -0.032140
9.17482 9651 -3.6359 -0.037011
9.17709 9673 -5.1922 -0.052792
9.17937 9695 -5.5825 -0.056696
9.18163 9717 -5.9188 -0.060043
9.18389 9739 -6.0562 -0.061369
9.18615 9761 -6.0139 -0.060871
9.18840 9783 -5.6039 -0.056657
9.19065 9805 -5.2891 -0.053414
9.19289 9827 -5.6274 -0.056767
9.19513 9849 -5.3341 -0.053749
9.19736 9871 -6.1378 -0.061778
9.19958 9893 -6.0167 -0.060492
9.20190 9916 -5.3621 -0.053848
9.20412 9938 -6.0625 -0.060814
9.20633 9960 -5.2167 -0.052271
9.20864 9983 -5.0833 -0.050876
9.21084 10005 -5.0361 -0.050349
9.21314 10028 -5.8070 -0.057989
9.21533 10050 -5.5426 -0.055288
9.21761 10073 -5.7582 -0.057373
9.21989 10096 -5.8337 -0.058059
9.22207 10118 -5.6522 -0.056192
9.22434 10141 -5.1414 -0.051055
9.22661 10164 -5.5586 -0.055136
9.22887 10187 -6.2195 -0.061622
9.23112 10210 -4.7556 -0.047064
9.23337 10233 -3.7754 -0.037322
9.23562 10256 -4.9915 -0.049288
9.23786 10279 -5.4072 -0.053333
9.24009 10302 -6.7070 -0.066080
9.24232 10325 -6.4235 -0.063216
9.24455 10348 -5.9121 -0.058119
9.24687 10372 -6.4603 -0.063434
9.24908 10395 -7.6133 -0.074672
9.25139 10419 -7.7820 -0.076239
9.25359 10442 -6.8530 -0.067064
9.25579 10465 -6.3709 -0.062278
9.25808 10489 -5.8266 -0.056892
9.26037 10513 -6.2680 -0.061132
9.26255 10536 -6.6341 -0.064631
9.26483 10560 -6.9191 -0.067331
9.26710 10584 -7.7162 -0.075003
9.26936 10608 -8.6686 -0.084165
9.27162 10632 -9.2727 -0.089929
9.27388 10656 -8.9820 -0.087012
9.27613 10680 -8.5812 -0.083036
9.27837 10704 -8.3253 -0.080469
9.28061 10728 -8.4466 -0.081549
9.28285 10752 -7.6711 -0.073980
9.28508 10776 -8.2691 -0.079658
9.28730 10800 -9.2803 -0.089300
9.28961 10825 -10.0052 -0.096164
9.29183 10849 -10.8862 -0.104515
9.29404 10873 -10.4852 -0.100554
9.29633 10898 -10.3476 -0.099121
9.29853 10922 -10.2593 -0.098167
9.30082 10947 -9.4130 -0.089967
9.30310 10972 -9.5630 -0.091295
9.30529 10996 -10.9401 -0.104329
9.30756 11021 -9.7612 -0.092981
9.30982 11046 -9.4553 -0.089965
9.31208 11071 -8.6284 -0.082004
9.31434 11096 -7.9741 -0.075700
9.31659 11121 -7.1897 -0.068177
9.31884 11146 -7.1722 -0.067935
9.32108 11171 -7.4134 -0.070141
9.32331 11196 -7.4712 -0.070609
9.32554 11221 -7.6909 -0.072604
9.32786 11247 -8.6885 -0.081927
9.33008 11272 -10.3316 -0.097312
9.33229 11297 -11.6027 -0.109163
9.33459 11323 -12.2725 -0.115333
9.33680 11348 -10.8763 -0.102099
9.33909 11374 -9.7524 -0.091444
9.34128 11399 -10.2250 -0.095770
9.34356 11425 -11.7417 -0.109851
9.34583 11451 -10.4573 -0.097723
9.34810 11477 -10.9145 -0.101881
9.35028 11502 -11.1216 -0.103700
9.35253 11528 -11.4030 -0.106204
9.35479 11554 -11.2231 -0.104412
9.35703 11580 -12.3850 -0.115091
9.35928 11606 -12.0446 -0.111802
9.36152 11632 -11.7799 -0.109223
9.36383 11659 -10.1331 -0.093846
9.36606 11685 -10.0651 -0.093111
9.36828 11711 -9.9565 -0.092005
9.37059 11738 -10.5997 -0.097836
9.37280 11764 -9.9019 -0.091294
9.37509 11791 -9.5306 -0.087769
9.37729 11817 -9.3696 -0.086192
9.37958 11844 -9.1705 -0.084265
9.38177 11870 -8.4898 -0.077924
9.38404 11897 -8.9910 -0.082431
9.38631 11924 -8.5563 -0.078356
9.38857 11951 -10.2850 -0.094081
9.39083 11978 -10.1308 -0.092566
9.39308 12005 -11.2568 -0.102739
9.39533 12032 -11.9238 -0.108705
9.39757 12059 -11.3162 -0.103049
9.39980 12086 -10.1519 -0.092344
9.40203 12113 -10.1239 -0.091986
9.40426 12140 -10.1367 -0.092000
9.40656 12168 -11.0650 -0.100310
9.40878 12195 -9.6735 -0.087598
9.41107 12223 -9.9295 -0.089813
9.41328 12250 -8.5193 -0.076972
9.41556 12278 -8.3088 -0.074985
9.41776 12305 -8.1191 -0.073192
9.42003 12333 -8.7488 -0.078780
9.42230 12361 -7.3769 -0.066351
9.42456 12389 -7.6779 -0.068980
9.42682 12417 -8.3806 -0.075209
9.42899 12444 -7.9596 -0.071353
9.43124 12472 -6.9167 -0.061934
9.43356 12501 -5.4222 -0.048496
9.43580 12529 -5.1831 -0.046305
9.43803 12557 -5.1515 -0.045972
9.44026 12585 -5.5049 -0.049070
9.44256 12614 -5.7842 -0.051501
9.44478 12642 -6.1263 -0.054486
9.44699 12670 -5.9813 -0.053138
9.44928 12699 -6.3852 -0.056662
9.45156 12728 -6.0709 -0.053812
9.45376 12756 -5.6976 -0.050447
9.45603 12785 -5.3407 -0.047233
9.45829 12814 -5.2900 -0.046731
9.46055 12843 -5.3842 -0.047510
9.46273 12871 -5.6791 -0.050058
9.46498 12900 -5.8169 -0.051215
9.46731 12930 -5.9134 -0.052004
9.46955 12959 -5.7664 -0.050655
9.47178 12988 -5.0857 -0.044625
9.47401 13017 -6.2858 -0.055094
9.47624 13046 -5.7755 -0.050565
9.47853 13076 -3.3412 -0.029219
9.48075 13105 -1.5995 -0.013972
9.48304 13135 -0.1476 -0.001287
9.48524 13164 0.4652 0.004055
9.48752 13194 0.6241 0.005434
9.48979 13224 0.7183 0.006246
9.49198 13253 1.3469 0.011700
9.49424 13283 2.3958 0.020788
9.49650 13313 1.0075 0.008732
9.49875 13343 1.3026 0.011277
9.50099 13373 1.4666 0.012682
9.50323 13403 1.4906 0.012875
9.50547 13433 0.5339 0.004607
9.50777 13464 1.4410 0.012418
9.51000 13494 2.8053 0.024150
9.51222 13524 3.2774 0.028183
9.51451 13555 2.0182 0.017335
9.51672 13585 1.7319 0.014859
9.51900 13616 1.7677 0.015149
9.52127 13647 2.0164 0.017261
9.52347 13677 5.2515 0.044904
9.52573 13708 6.7348 0.057522
9.52799 13739 7.0073 0.059782
9.53025 13770 6.4025 0.054561
9.53250 13801 6.3323 0.053902
9.53474 13832 7.3546 0.062534
9.53698 13863 7.6472 0.064949
9.53921 13894 7.1115 0.060332
9.54151 13926 6.1697 0.052282
9.54374 13957 6.4839 0.054883
9.54603 13989 7.6586 0.064752
9.54824 14020 6.9062 0.058326
9.55052 14052 6.1233 0.051655
9.55272 14083 5.1041 0.043010
9.55499 14115 4.4648 0.037580
9.55726 14147 4.9337 0.041480
9.55952 14179 4.8233 0.040507
9.56177 14211 5.2897 0.044373
9.56402 14243 4.6075 0.038606
9.56627 14275 4.1533 0.034762
9.56850 14307 3.0453 0.025459
9.57074 14339 2.1950 0.018331
9.57297 14371 2.5523 0.021291
9.57526 14404 3.1125 0.025934
9.57748 14436 2.1691 0.018053
9.57976 14469 2.7206 0.022618
9.58197 14501 2.7080 0.022488
9.58425 14534 2.5659 0.021284
9.58645 14566 0.2374 0.001967
9.58871 14599 0.5926 0.004905
9.59097 14632 -1.9361 -0.016006
9.59322 14665 -0.6477 -0.005348
9.59547 14698 -0.9700 -0.008001
9.59771 14731 -1.6325 -0.013450
9.59995 14764 -5.1837 -0.042661
9.60225 14798 -5.9907 -0.049247
9.60447 14831 -5.5025 -0.045183
9.60670 14864 -5.0786 -0.041656
9.60898 14898 -4.8017 -0.039339
9.61119 14931 -6.3237 -0.051752
9.61347 14965 -6.2211 -0.050855
9.61574 14999 -7.1601 -0.058464
9.61794 15032 -6.9520 -0.056702
9.62020 15066 -6.7463 -0.054963
9.62245 15100 -6.3720 -0.051855
9.62470 15134 -7.2912 -0.059268
9.62694 15168 -7.4365 -0.060382
9.62918 15202 -7.6877 -0.062352
9.63148 15237 -7.9904 -0.064732
9.63371 15271 -6.8678 -0.055576
9.63593 15305 -7.0679 -0.057131
9.63822 15340 -7.4570 -0.060207
9.64043 15374 -7.2831 -0.058738
9.64271 15409 -7.1578 -0.057662
9.64498 15444 -8.0104 -0.064458
9.64724 15479 -6.4695 -0.052000
9.64943 15513 -7.3905 -0.059337
9.65169 15548 -7.5120 -0.060245
9.65394 15583 -7.4865 -0.059972
9.65618 15618 -8.2979 -0.066398
9.65848 15654 -9.5667 -0.076463
9.66072 15689 -9.1137 -0.072761
9.66294 15724 -8.5909 -0.068510
9.66523 15760 -7.1970 -0.057329
9.66745 15795 -7.8249 -0.062262
9.66973 15831 -7.6897 -0.061116
9.67193 15866 -8.2444 -0.065453
9.67420 15902 -8.6463 -0.068565
9.67646 15938 -11.2036 -0.088744
9.67872 15974 -8.9094 -0.070493
9.68097 16010 -5.1387 -0.040612
9.68321 16046 -4.4087 -0.034804
9.68546 16082 -4.4646 -0.035206
9.68769 16118 -3.5389 -0.027875
9.68992 16154 -4.1335 -0.032522
9.69221 16191 -4.0523 -0.031846
9.69443 16227 -3.6251 -0.028458
9.69671 16264 -3.2206 -0.025253
9.69892 16300 -3.2100 -0.025143
9.70119 16337 -3.5657 -0.027897
9.70345 16374 -2.7024 -0.021119
9.70571 16411 -2.1451 -0.016745
9.70796 16448 -3.1817 -0.024809
9.71021 16485 -3.8262 -0.029800
9.71245 16522 -5.7288 -0.044569
9.71469 16559 -5.4635 -0.042458
9.71692 16596 -6.0749 -0.047156
9.71920 16634 -5.7642 -0.044693
9.72143 16671 -6.5854 -0.051004
9.72370 16709 -5.5986 -0.043312
9.72591 16746 -3.8481 -0.029737
9.72818 16784 -5.0252 -0.038789
9.73044 16822 -7.2216 -0.055679
9.73270 16860 -7.2722 -0.056006
9.73495 16898 -6.3382 -0.048758
9.73720 16936 -6.6853 -0.051371
9.73944 16974 -6.7562 -0.051858
9.74167 17012 -4.3932 -0.033683
9.74391 17050 -4.6223 -0.035400
9.74619 17089 -4.3458 -0.033244
9.74841 17127 -3.8765 -0.029621
9.75069 17166 -3.4257 -0.026147
9.75290 17204 -4.0538 -0.030906
9.75516 17243 -5.4654 -0.041621
9.75742 17282 -5.6439 -0.042932
9.75967 17321 -5.2703 -0.040045
9.76192 17360 -5.2221 -0.039634
9.76417 17399 -5.8917 -0.044667
9.76641 17438 -6.2943 -0.047665
9.76864 17477 -7.9590 -0.060204
9.77093 17517 -7.7664 -0.058680
9.77315 17556 -9.2572 -0.069866
9.77543 17596 -6.5295 -0.049223
9.77764 17635 -7.3835 -0.055600
9.77991 17675 -8.8479 -0.066552
9.78217 17715 -7.7741 -0.058409
9.78442 17755 -6.5848 -0.049417
9.78667 17795 -6.3541 -0.047632
9.78892 17835 -7.4177 -0.055543
9.79116 17875 -8.1431 -0.060907
9.79339 17915 -9.6347 -0.071983
9.79568 17956 -11.1504 -0.083212
9.79790 17996 -12.3449 -0.092024
9.80018 18037 -11.2185 -0.083532
9.80240 18077 -11.6883 -0.086933
9.80466 18118 -10.9068 -0.081030
9.80692 18159 -9.8254 -0.072913
9.80918 18200 -10.7136 -0.079415
9.81143 18241 -11.1265 -0.082382
9.81367 18282 -13.4055 -0.099145
9.81591 18323 -13.2132 -0.097614
9.81815 18364 -14.2126 -0.104879
9.82038 18405 -16.1929 -0.119359
9.82266 18447 -17.2765 -0.127202
9.82488 18488 -17.8031 -0.130933
9.82715 18530 -17.7296 -0.130245
9.82941 18572 -17.1043 -0.125509
9.83167 18614 -12.8579 -0.094244
9.83387 18655 -12.6921 -0.092926
9.83612 18697 -13.0101 -0.095147
9.83842 18740 -15.0406 -0.109870
9.84065 18782 -16.7640 -0.122323
9.84289 18824 -17.1388 -0.124918
9.84512 18866 -17.9728 -0.130851
9.84739 18909 -19.0225 -0.138335
9.84966 18952 -20.0766 -0.145835
9.85188 18994 -21.5044 -0.156034
9.85414 19037 -20.5329 -0.148817
9.85640 19080 -19.0671 -0.138037
9.85865 19123 -19.2050 -0.138879
9.86089 19166 -18.7158 -0.135189
9.86313 19209 -16.7935 -0.121168
9.86537 19252 -14.9591 -0.107812
9.86765 19296 -16.5121 -0.118869
9.86988 19339 -15.7676 -0.113383
9.87215 19383 -15.7930 -0.113437
9.87437 19426 -15.5332 -0.111447
9.87663 19470 -14.0024 -0.100351
9.87889 19514 -12.0853 -0.086513
9.88114 19558 -11.9212 -0.085243
9.88339 19602 -9.8230 -0.070161
9.88563 19646 -9.9698 -0.071130
9.88787 19690 -11.7138 -0.083479
9.89015 19735 -9.9208 -0.070620
9.89238 19779 -8.7407 -0.062150
9.89465 19824 -8.3498 -0.059303
9.89687 19868 -8.3164 -0.059001
9.89913 19913 -7.9641 -0.056438
9.90139 19958 -6.4728 -0.045818
9.90364 20003 -7.2636 -0.051358
9.90588 20048 -8.1982 -0.057901
9.90813 20093 -9.4852 -0.066915
9.91036 20138 -9.0873 -0.064036
9.91260 20183 -9.7534 -0.068653
9.91487 20229 -8.7063 -0.061214
9.91709 20274 -10.1943 -0.071596
9.91936 20320 -11.8615 -0.083210
9.92162 20366 -11.3034 -0.079206
9.92388 20412 -12.2810 -0.085959
9.92613 20458 -13.9534 -0.097555
9.92838 20504 -13.7277 -0.095869
9.93062 20550 -14.4001 -0.100452
9.93285 20596 -14.3798 -0.100198
9.93513 20643 -13.1960 -0.091845
9.93736 20689 -15.0717 -0.104784
9.93963 20736 -13.3432 -0.092661
9.94184 20782 -13.7613 -0.095459
9.94410 20829 -11.8519 -0.082121
9.94636 20876 -11.0499 -0.076477
9.94860 20923 -10.3623 -0.071638
9.95085 20970 -9.9218 -0.068516
9.95309 21017 -12.7119 -0.087685
9.95537 21065 -13.0267 -0.089754
9.95760 21112 -11.7064 -0.080567
9.95987 21160 -11.3502 -0.078027
9.96209 21207 -10.2873 -0.070642
9.96435 21255 -6.3580 -0.043610
9.96660 21303 -7.6691 -0.052544
9.96885 21351 -7.4299 -0.050848
9.97110 21399 -6.8091 -0.046547
9.97334 21447 -5.4626 -0.037300
9.97558 21495 -5.4429 -0.037125
9.97785 21544 -4.9196 -0.033517
9.98008 21592 -4.8878 -0.033264
9.98234 21641 -3.5809 -0.024342
9.98461 21690 -3.3555 -0.022784
9.98686 21739 -2.3664 -0.016049
9.98907 21787 -1.4684 -0.009948
9.99136 21837 -2.2040 -0.014914
9.99360 21886 -3.1410 -0.021232
9.99584 21935 -1.5246 -0.010294
9.99807 21984 1.6461 0.011102
10.00034 22034 -0.1964 -0.001323
10.00261 22084 -1.8960 -0.012759
10.00482 22133 -0.8000 -0.005377
10.00708 22183 0.9804 0.006583
10.00933 22233 -0.3477 -0.002332
10.01158 22283 -1.5974 -0.010701
10.01382 22333 -1.9004 -0.012716
10.01610 22384 -2.5748 -0.017210
10.01833 22434 -3.3187 -0.022157
10.02056 22484 -2.8772 -0.019188
10.02282 22535 -0.5652 -0.003765
10.02509 22586 -0.2944 -0.001959
10.02734 22637 -1.5996 -0.010632
10.02959 22688 -1.5624 -0.010373
10.03184 22739 -0.9243 -0.006130
10.03408 22790 1.0937 0.007244
10.03631 22841 2.6053 0.017238
10.03859 22893 3.2562 0.021521
10.04081 22944 3.5755 0.023605
10.04308 22996 4.3669 0.028797
10.04533 23048 2.4105 0.015878
10.04759 23100 5.2378 0.034462
10.04984 23152 6.5173 0.042832
10.05208 23204 5.0338 0.033045
10.05432 23256 4.4027 0.028870
10.05655 23308 5.5513 0.036362
10.05882 23361 5.4980 0.035971
10.06105 23413 4.7764 0.031216
10.06331 23466 4.8021 0.031348
10.06556 23519 5.8290 0.038009
10.06781 23572 5.3495 0.034843
10.07006 23625 3.4960 0.022745
10.07230 23678 4.4664 0.029026
10.07458 23732 5.5680 0.036144
10.07681 23785 6.1045 0.039582
10.07908 23839 5.2815 0.034207
10.08130 23892 4.5088 0.029170
10.08356 23946 3.7200 0.024040
10.08581 24000 4.9953 0.032244
10.08806 24054 2.0605 0.013285
10.09030 24108 3.0235 0.019473
10.09254 24162 2.2540 0.014501
10.09481 24217 2.3360 0.015011
10.09704 24271 1.1977 0.007688
10.09930 24326 0.6998 0.004487
10.10156 24381 0.4205 0.002693
10.10381 24436 1.3609 0.008706
10.10606 24491 3.8037 0.024305
10.10830 24546 5.0400 0.032169
10.11054 24601 4.5491 0.029003
10.11282 24657 3.1237 0.019893
10.11504 24712 2.6402 0.016795
10.11731 24768 -1.1447 -0.007274
10.11957 24824 -2.1613 -0.013718
10.12178 24879 -1.5167 -0.009616
10.12403 24935 -4.9362 -0.031260
10.12631 24992 -5.7151 -0.036152
10.12855 25048 -6.3052 -0.039840
10.13078 25104 -7.0056 -0.044216
10.13305 25161 -8.1706 -0.051510
10.13527 25217 -9.4244 -0.059348
10.13753 25274 -8.3034 -0.052230
10.13978 25331 -9.2414 -0.058064
10.14203 25388 -9.7591 -0.061248
10.14427 25445 -9.3956 -0.058901
10.14655 25503 -8.7317 -0.054677
10.14878 25560 -8.1761 -0.051141
10.15105 25618 -8.4595 -0.052853
10.15327 25675 -10.6312 -0.066348
10.15553 25733 -10.0474 -0.062634
10.15778 25791 -9.2750 -0.057753
10.16003 25849 -6.8713 -0.042738
10.16227 25907 -7.4703 -0.046412
10.16454 25966 -10.2278 -0.063472
10.16677 26024 -8.8972 -0.055153
10.16904 26083 -9.5843 -0.059345
10.17126 26141 -6.3212 -0.039097
10.17351 26200 -7.1320 -0.044062
10.17576 26259 -5.6307 -0.034747
10.17801 26318 -5.8901 -0.036308
10.18029 26378 -6.1630 -0.037947
10.18252 26437 -7.6331 -0.046945
10.18479 26497 -7.1331 -0.043821
10.18701 26556 -8.9073 -0.054660
10.18927 26616 -7.8041 -0.047836
10.19152 26676 -10.1146 -0.061928
10.19377 26736 -10.1483 -0.062065
10.19601 26796 -9.6679 -0.059060
10.19828 26857 -9.0530 -0.055241
10.20051 26917 -10.5758 -0.064462
10.20278 26978 -11.1304 -0.067765
10.20500 27038 -8.3915 -0.051033
10.20725 27099 -9.5313 -0.057900
10.20950 27160 -9.6766 -0.058716
10.21178 27222 -10.1847 -0.061729
10.21402 27283 -11.8601 -0.071803
10.21625 27344 -13.5495 -0.081939
10.21852 27406 -13.8720 -0.083795
10.22078 27468 -15.4165 -0.093019
10.22300 27529 -15.9904 -0.096375
10.22524 27591 -17.6382 -0.106187
10.22753 27654 -18.2613 -0.109813
10.22977 27716 -19.3360 -0.116145
10.23200 27778 -20.9623 -0.125773
10.23427 27841 -20.3854 -0.122174
10.23649 27903 -19.9659 -0.119526
10.23874 27966 -18.6179 -0.111331
10.24099 28029 -16.5730 -0.098991
10.24324 28092 -17.7135 -0.105685
10.24552 28156 -17.5189 -0.104405
10.24775 28219 -15.7774 -0.093921
10.25002 28283 -17.3933 -0.103424
10.25224 28346 -13.2121 -0.078474
10.25450 28410 -11.5380 -0.068453
10.25675 28474 -11.2164 -0.066471
10.25899 28538 -12.3403 -0.073049
10.26123 28602 -12.7874 -0.075611
10.26350 28667 -11.5380 -0.068146
10.26573 28731 -12.3054 -0.072597
10.26799 28796 -13.5007 -0.079559
10.27025 28861 -12.3900 -0.072931
10.27250 28926 -10.1348 -0.059590
10.27474 28991 -9.0902 -0.053388
10.27698 29056 -6.6953 -0.039278
10.27925 29122 -7.9642 -0.046669
10.28148 29187 -8.7838 -0.051415
10.28374 29253 -6.9500 -0.040635
10.28599 29319 -7.3125 -0.042706
10.28824 29385 -7.8361 -0.045713
10.29048 29451 -9.7543 -0.056839
10.29272 29517 -8.6511 -0.050354
10.29499 29584 -9.0009 -0.052331
10.29722 29650 -8.0303 -0.046636
10.29947 29717 -8.2981 -0.048137
10.30173 29784 -5.7679 -0.033422
10.30397 29851 -7.5928 -0.043946
10.30622 29918 -5.9286 -0.034276
10.30849 29986 -6.9126 -0.039919
10.31072 30053 -8.8735 -0.051186
10.31298 30121 -5.9539 -0.034306
10.31523 30189 -4.8608 -0.027976
10.31748 30257 -3.4721 -0.019961
10.31973 30325 -5.2867 -0.030359
10.32197 30393 -5.1431 -0.029501
10.32424 30462 -4.8649 -0.027874
10.32647 30530 -4.3013 -0.024617
10.32872 30599 -4.6865 -0.026791
10.33098 30668 -2.8080 -0.016034
10.33322 30737 -2.0124 -0.011479
10.33546 30806 -1.9281 -0.010986
10.33773 30876 -3.2156 -0.018300
10.33997 30945 -2.7522 -0.015645
10.34223 31015 -1.5731 -0.008932
10.34448 31085 1.4199 0.008054
10.34673 31155 0.4333 0.002455
10.34897 31225 1.4345 0.008118
10.35121 31295 3.1845 0.018001
10.35345 31365 5.7818 0.032647
10.35571 31436 8.4175 0.047475
10.35797 31507 5.9004 0.033241
10.36022 31578 6.7579 0.038030
10.36246 31649 6.6726 0.037507
10.36470 31720 3.6703 0.020608
10.36697 31792 1.7717 0.009937
10.36920 31863 2.5185 0.014109
10.37146 31935 3.9799 0.022271
10.37371 32007 4.7848 0.026745
10.37596 32079 3.0408 0.016978
10.37820 32151 3.4912 0.019470
10.38047 32224 2.9088 0.016204
10.38270 32296 1.7533 0.009756
10.38496 32369 2.2213 0.012347
10.38721 32442 0.1224 0.000679
10.38946 32515 -0.2728 -0.001513
10.39170 32588 2.8637 0.015864
10.39394 32661 3.4345 0.019004
10.39620 32735 3.9958 0.022085
10.39846 32809 2.6238 0.014486
10.40071 32883 -0.2987 -0.001647
10.40296 32957 1.7306 0.009533
10.40520 33031 5.0831 0.027968
10.40744 33105 2.6024 0.014303
10.40970 33180 2.6949 0.014795
10.41193 33254 4.0515 0.022218
10.41418 33329 3.8125 0.020883
10.41643 33404 4.7957 0.026239
10.41870 33480 1.4945 0.008168
10.42094 33555 1.4718 0.008035
10.42320 33631 -1.1882 -0.006479
10.42543 33706 -2.1093 -0.011489
10.42768 33782 -3.6916 -0.020085
10.42993 33858 -2.2521 -0.012239
10.43217 33934 -0.7916 -0.004297
10.43444 34011 -1.7831 -0.009669
10.43667 34087 -4.9270 -0.026686
10.43893 34164 -5.2886 -0.028612
10.44118 34241 -5.7477 -0.031061
10.44343 34318 -6.4589 -0.034866
10.44567 34395 -8.8540 -0.047741
10.44793 34473 -11.4693 -0.061773
10.45019 34551 -9.6324 -0.051821
10.45242 34628 -10.0504 -0.054010
10.45467 34706 -10.8344 -0.058157
10.45691 34784 -10.0201 -0.053726
10.45918 34863 -11.5632 -0.061929
10.46142 34941 -12.5625 -0.067206
10.46367 35020 -10.3138 -0.055114
10.46593 35099 -8.8510 -0.047244
10.46818 35178 -7.6539 -0.040808
10.47042 35257 -7.4625 -0.039743
10.47266 35336 -7.2600 -0.038621
10.47492 35416 -7.4121 -0.039386
10.47718 35496 -5.9763 -0.031721
10.47943 35576 -7.7447 -0.041061
10.48167 35656 -8.3415 -0.044175
10.48391 35736 -8.2407 -0.043592
10.48618 35817 -8.6782 -0.045855
10.48841 35897 -4.6772 -0.024686
10.49066 35978 -4.3796 -0.023090
10.49291 36059 -5.9311 -0.031234
10.49516 36140 -3.1310 -0.016470
10.49742 36222 -5.5193 -0.029000
10.49966 36303 -2.8562 -0.014991
10.50191 36385 -1.0756 -0.005639
10.50416 36467 -0.4307 -0.002255
10.50641 36549 -1.1320 -0.005921
10.50865 36631 0.7106 0.003713
10.51091 36714 -1.6008 -0.008355
10.51314 36796 -1.3848 -0.007219
10.51540 36879 -1.0856 -0.005653
10.51765 36962 -2.7347 -0.014224
10.51992 37046 -2.4095 -0.012518
10.52215 37129 -1.1708 -0.006076
10.52441 37213 -1.5087 -0.007821
10.52664 37296 -3.3332 -0.017260
10.52889 37380 -3.0980 -0.016024
10.53116 37465 -3.2726 -0.016908
10.53340 37549 -5.8058 -0.029962
10.53564 37633 -7.4906 -0.038613
10.53789 37718 -7.4580 -0.038401
10.54014 37803 -7.8333 -0.040289
10.54239 37888 -6.5312 -0.033554
10.54466 37974 -6.8926 -0.035370
10.54689 38059 -5.5488 -0.028443
10.54915 38145 -5.8635 -0.030022
10.55140 38231 -5.1686 -0.026434
10.55365 38317 -7.4435 -0.038026
10.55589 38403 -8.1826 -0.041755
10.55815 38490 -9.9515 -0.050724
10.56039 38576 -12.9281 -0.065823
10.56264 38663 -14.6354 -0.074432
10.56489 38750 -14.9498 -0.075945
10.56713 38837 -17.7010 -0.089820
10.56939 38925 -16.6257 -0.084269
10.57162 39012 -16.2155 -0.082098
10.57388 39100 -18.9917 -0.096045
10.57613 39188 -20.1982 -0.102032
10.57839 39277 -20.6388 -0.104140
10.58063 39365 -15.2572 -0.076899
10.58289 39454 -14.6714 -0.073863
10.58512 39542 -13.5373 -0.068078
10.58739 39632 -13.3259 -0.066938
10.58964 39721 -12.3503 -0.061968
10.59187 39810 -11.2108 -0.056188
10.59413 39900 -10.6816 -0.053475
10.59638 39990 -12.1543 -0.060779
10.59863 40080 -10.0024 -0.049962
10.60088 40170 -11.1084 -0.055424
10.60311 40260 -11.7265 -0.058443
10.60537 40351 -12.8869 -0.064154
10.60762 40442 -15.3715 -0.076436
10.60987 40533 -13.2414 -0.065770
10.61211 40624 -13.9628 -0.069276
10.61438 40716 -9.9636 -0.049378
10.61661 40807 -8.9139 -0.044127
10.61886 40899 -8.3160 -0.041121
10.62111 40991 -8.1868 -0.040436
10.62337 41084 -7.1163 -0.035109
10.62561 41176 -7.0842 -0.034912
10.62787 41269 -9.3176 -0.045866
10.63012 41362 -12.5029 -0.061477
10.63236 41455 -11.5359 -0.056658
10.63460 41548 -15.4999 -0.076042
10.63686 41642 -17.8657 -0.087550
10.63912 41736 -17.0713 -0.083562
10.64137 41830 -15.8391 -0.077444
10.64361 41924 -18.7514 -0.091580
10.64585 42018 -18.1218 -0.088407
10.64811 42113 -17.2154 -0.083890
10.65037 42208 -17.9409 -0.087327
10.65261 42303 -16.4491 -0.079975
10.65486 42398 -14.6342 -0.071072
10.65709 42493 -15.6083 -0.075718
10.65935 42589 -15.7902 -0.076514
10.66160 42685 -14.5213 -0.070286
10.66385 42781 -12.1674 -0.058826
10.66609 42877 -15.1561 -0.073194
10.66835 42974 -15.6166 -0.075333
10.67061 43071 -15.8983 -0.076605
10.67285 43168 -18.5578 -0.089319
10.67510 43265 -15.3031 -0.073572
10.67734 43362 -17.2903 -0.083033
10.67960 43460 -16.7111 -0.080161
10.68185 43558 -18.6405 -0.089315
10.68410 43656 -17.0918 -0.081802
10.68634 43754 -16.1774 -0.077339
10.68860 43853 -14.5834 -0.069640
10.69085 43952 -14.6659 -0.069955
10.69310 44051 -12.7966 -0.060970
10.69535 44150 -12.6890 -0.060390
10.69759 44249 -9.1270 -0.043389
10.69985 44349 -9.5768 -0.045476
10.70210 44449 -8.4413 -0.040038
10.70434 44549 -9.0102 -0.042689
10.70659 44649 -7.3514 -0.034791
10.70885 44750 -5.9247 -0.028007
10.71108 44850 -7.4345 -0.035105
10.71333 44951 -6.9376 -0.032722
10.71559 45053 -10.2843 -0.048452
10.71783 45154 -8.5293 -0.040139
10.72009 45256 -10.7574 -0.050567
10.72234 45358 -6.2658 -0.029420
10.72459 45460 -5.0443 -0.023658
10.72683 45562 -7.6102 -0.035653
10.72909 45665 -6.0918 -0.028507
10.73132 45767 -3.0506 -0.014260
10.73359 45871 -0.5385 -0.002514
10.73583 45974 -1.7069 -0.007961
10.73807 46077 -3.8221 -0.017806
10.74032 46181 -5.1095 -0.023777
10.74257 46285 -2.8194 -0.013105
10.74482 46389 -4.1996 -0.019499
10.74708 46494 -7.1269 -0.033052
10.74931 46598 -9.6279 -0.044601
10.75156 46703 -10.9624 -0.050727
10.75383 46809 -10.8263 -0.050040
10.75607 46914 -11.1625 -0.051536
10.75833 47020 -11.7531 -0.054201
10.76056 47125 -11.1944 -0.051567
10.76283 47232 -10.8127 -0.049753
10.76507 47338 -11.3486 -0.052160
10.76733 47445 -11.3706 -0.052202
10.76956 47551 -11.6243 -0.053307
10.77181 47658 -12.2294 -0.056019
10.77407 47766 -13.3594 -0.061126
10.77631 47873 -14.2350 -0.065060
10.77856 47981 -18.6567 -0.085173
10.78081 48089 -16.6601 -0.075972
10.78305 48197 -15.2164 -0.069311
10.78531 48306 -12.8761 -0.058585
10.78756 48415 -11.8385 -0.053803
10.78981 48524 -12.5007 -0.056749
10.79206 48633 -14.6660 -0.066504
10.79430 48742 -17.8262 -0.080743
10.79655 48852 -16.3812 -0.074115
10.79880 48962 -15.8171 -0.071482
10.80104 49072 -19.6685 -0.088788
10.80330 49183 -16.3664 -0.073798
10.80556 49294 -16.3808 -0.073780
10.80781 49405 -14.5144 -0.065300
10.81005 49516 -13.4760 -0.060560
10.81229 49627 -13.5880 -0.060995
10.81454 49739 -12.6331 -0.056645
10.81679 49851 -7.1301 -0.031935
10.81904 49963 -4.9859 -0.022306
10.82130 50076 -4.2535 -0.019008
10.82355 50189 -2.9658 -0.013239
10.82580 50302 -1.2532 -0.005588
10.82804 50415 -1.3337 -0.005940
10.83030 50529 2.1810 0.009702
10.83254 50642 1.6153 0.007178
10.83479 50756 2.1139 0.009383
10.83705 50871 3.9611 0.017562
10.83929 50985 6.8747 0.030446
10.84154 51100 7.7220 0.034160
10.84379 51215 6.2596 0.027660
10.84603 51330 6.1023 0.026934
10.84829 51446 5.6920 0.025095
10.85054 51562 8.1239 0.035777
10.85279 51678 3.8413 0.016898
10.85503 51794 4.5062 0.019800
10.85729 51911 5.8915 0.025858
10.85954 52028 5.9949 0.026282
10.86178 52145 7.9055 0.034620
10.86402 52262 9.4072 0.041150
10.86628 52380 7.2810 0.031813
10.86853 52498 4.2188 0.018413
10.87078 52616 2.6052 0.011358
10.87303 52735 4.4946 0.019572
10.87527 52853 1.1837 0.005149
10.87752 52972 0.4338 0.001885
10.87978 53092 1.9459 0.008445
10.88202 53211 0.1674 0.000726
10.88427 53331 -0.1117 -0.000484
10.88652 53451 -2.0649 -0.008931
10.88876 53571 -0.4699 -0.002030
10.89102 53692 -2.0327 -0.008772
10.89327 53813 -2.7479 -0.011846
10.89552 53934 -1.9132 -0.008238
10.89778 54056 1.8748 0.008064
10.90001 54177 4.4918 0.019298
10.90226 54299 6.5598 0.028151
10.90452 54422 5.2122 0.022343
10.90676 54544 4.8064 0.020580
10.90902 54667 3.7532 0.016052
10.91126 54790 4.9426 0.021116
10.91351 54913 5.8496 0.024962
10.91576 55037 3.9926 0.017019
10.91801 55161 4.6001 0.019586
10.92026 55285 1.7716 0.007535
10.92252 55410 1.7947 0.007624
10.92475 55534 0.3157 0.001340
10.92702 55660 0.9218 0.003907
10.92926 55785 -0.0996 -0.000422
10.93150 55910 1.3561 0.005735
10.93375 56036 -1.6090 -0.006797
10.93601 56163 -2.2333 -0.009424
10.93825 56289 -3.7586 -0.015842
10.94051 56416 -1.1134 -0.004687
10.94276 56543 0.7944 0.003341
10.94500 56670 2.1457 0.009013
10.94726 56798 0.1769 0.000742
10.94951 56926 0.7404 0.003103
10.95175 57054 1.2306 0.005152
10.95399 57182 -0.2020 -0.000845
10.95625 57311 1.2545 0.005240
10.95850 57440 1.8163 0.007578
10.96074 57569 -0.6197 -0.002583
10.96300 57699 1.3480 0.005612
10.96525 57829 4.2127 0.017518
10.96749 57959 7.7469 0.032179
10.96975 58090 5.8764 0.024381
10.97198 58220 2.8615 0.011859
10.97425 58352 1.2305 0.005094
10.97649 58483 1.0679 0.004416
10.97875 58615 4.0458 0.016711
10.98100 58747 2.4260 0.010009
10.98324 58879 1.4408 0.005938
10.98548 59011 4.9455 0.020358
10.98773 59144 5.8735 0.024151
10.98999 59278 4.5275 0.018596
10.99223 59411 3.5101 0.014401
10.99449 59545 5.6921 0.023326
10.99674 59679 7.4308 0.030417
10.99898 59813 6.4045 0.026187
11.00123 59948 7.7820 0.031784
11.00348 60083 5.3608 0.021870
11.00573 60218 5.5100 0.022454
11.00798 60354 4.3252 0.017606
11.01023 60490 2.9117 0.011839
11.01248 60626 1.5474 0.006285
11.01472 60762 0.0687 0.000279
11.01697 60899 0.0891 0.000361
11.01922 61036 -0.8561 -0.003465
11.02148 61174 -3.7583 -0.015195
11.02373 61312 -5.1246 -0.020696
11.02598 61450 -5.3251 -0.021482
11.02822 61588 -1.7248 -0.006950
11.03048 61727 -4.3226 -0.017398
11.03273 61866 -4.6078 -0.018525
11.03497 62005 -5.3786 -0.021600
11.03723 62145 -5.4635 -0.021916
11.03946 62284 -6.6007 -0.026449
11.04172 62425 -4.4526 -0.017821
11.04396 62565 -3.8809 -0.015516
11.04621 62706 -4.3753 -0.017472
11.04846 62847 -7.6691 -0.030591
11.05072 62989 -8.0596 -0.032113
11.05297 63131 -7.8443 -0.031220
11.05521 63273 -9.9679 -0.039627
11.05746 63415 -10.6818 -0.042418
11.05971 63558 -12.1442 -0.048171
11.06196 63701 -13.9077 -0.055104
11.06421 63845 -15.9455 -0.063106
11.06645 63988 -10.5259 -0.041611
11.06871 64133 -5.6324 -0.022241
11.07096 64277 -9.2045 -0.036305
11.07321 64422 -14.0181 -0.055230
11.07546 64567 -13.3918 -0.052703
11.07770 64712 -17.2328 -0.067743
11.07996 64858 -20.6412 -0.081050
11.08220 65004 -19.3123 -0.075747
11.08445 65150 -18.8676 -0.073920
11.08670 65297 -16.1941 -0.063374
11.08895 65444 -17.4227 -0.068105
11.09119 65591 -17.7970 -0.069490
11.09345 65739 -19.2580 -0.075110
11.09570 65887 -18.6128 -0.072512
11.09794 66035 -19.9991 -0.077826
11.10019 66184 -19.3126 -0.075070
11.10244 66333 -24.6707 -0.095789
11.10470 66483 -24.4843 -0.094958
11.10694 66632 -21.8789 -0.084759
11.10919 66782 -21.0240 -0.081355
11.11145 66933 -21.9919 -0.085005
11.11369 67083 -18.4290 -0.071153
11.11593 67234 -18.5779 -0.071648
11.11819 67386 -21.5842 -0.083148
11.12045 67538 -21.7770 -0.083796
11.12269 67690 -21.7860 -0.083737
11.12494 67842 -23.2711 -0.089345
11.12719 67995 -18.4446 -0.070734
11.12944 68148 -20.0216 -0.076696
11.13168 68301 -19.9141 -0.076199
11.13393 68455 -20.0106 -0.076482
11.13618 68609 -22.0383 -0.084137
11.13844 68764 -19.4587 -0.074205
11.14069 68919 -18.1491 -0.069133
11.14293 69074 -17.6375 -0.067109
11.14518 69229 -17.2632 -0.065611
11.14743 69385 -19.5528 -0.074229
11.14967 69541 -21.2155 -0.080451
11.15193 69698 -18.7189 -0.070904
11.15418 69855 -22.6942 -0.085865
11.15642 70012 -23.4973 -0.088804
11.15868 70170 -22.2921 -0.084154
11.16093 70328 -18.7458 -0.070687
11.16317 70486 -18.0135 -0.067850
11.16542 70645 -16.6220 -0.062538
11.16767 70804 -15.9475 -0.059933
11.16991 70963 -15.8508 -0.059503
11.17217 71123 -14.0970 -0.052859
11.17441 71283 -11.3697 -0.042585
11.17667 71444 -14.0759 -0.052661
11.17892 71605 -12.7297 -0.047571
11.18117 71766 -13.1094 -0.048935
11.18342 71928 -15.8538 -0.059113
11.18567 72090 -16.6528 -0.062023
11.18792 72252 -15.2347 -0.056677
11.19017 72415 -15.5436 -0.057761
11.19242 72578 -16.3626 -0.060736
11.19466 72741 -20.2776 -0.075184
11.19691 72905 -18.8850 -0.069942
11.19916 73069 -19.7003 -0.072880
11.20142 73234 -15.5885 -0.057603
11.20365 73398 -14.4635 -0.053386
11.20591 73564 -14.1764 -0.052268
11.20815 73729 -16.1612 -0.059519
11.21040 73895 -16.6438 -0.061227
11.21266 74062 -17.7295 -0.065148
11.21491 74229 -16.0324 -0.058845
11.21716 74396 -8.9197 -0.032702
11.21940 74563 -12.8884 -0.047200
11.22165 74731 -11.3425 -0.041491
11.22390 74899 -13.2905 -0.048563
11.22615 75068 -17.1792 -0.062701
11.22840 75237 -14.3370 -0.052269
11.23064 75406 -12.3428 -0.044948
11.23289 75576 -9.8707 -0.035905
11.23514 75746 -8.7937 -0.031952
11.23740 75917 -4.8391 -0.017563
11.23965 76088 -4.1595 -0.015080
11.24189 76259 -5.6634 -0.020508
11.24414 76431 -5.5678 -0.020139
11.24639 76603 -7.1754 -0.025925
11.24865 76776 -4.8948 -0.017665
11.25089 76948 -5.4634 -0.019695
11.25314 77122 -2.5126 -0.009048
11.25538 77295 -3.7682 -0.013554
11.25763 77469 2.9077 0.010447
11.25989 77644 2.0436 0.007334
11.26214 77819 2.0695 0.007419
11.26439 77994 -3.1442 -0.011259
11.26664 78170 0.4643 0.001661
11.26889 78346 2.4383 0.008711
11.27113 78522 3.0569 0.010909
11.27339 78699 3.5591 0.012687
11.27563 78876 3.3443 0.011908
11.27789 79054 1.4827 0.005273
11.28014 79232 2.9364 0.010432
11.28238 79410 1.5731 0.005583
11.28463 79589 1.7001 0.006026
11.28688 79768 3.1654 0.011208
11.28913 79948 0.8280 0.002928
11.29138 80128 -3.4264 -0.012105
11.29362 80308 -4.3086 -0.015204
11.29588 80489 -5.5638 -0.019611
11.29812 80670 -8.3014 -0.029228
11.30038 80852 -4.9259 -0.017324
11.30262 81034 -2.8784 -0.010112
11.30487 81216 -5.0048 -0.017562
11.30712 81399 -6.3110 -0.022120
11.30936 81582 -10.8359 -0.037937
11.31162 81766 -8.9546 -0.031315
11.31386 81950 -8.2807 -0.028926
11.31612 82135 -9.5613 -0.033362
11.31837 82320 -8.7269 -0.030416
11.32061 82505 -11.2065 -0.039015
11.32287 82691 -9.0794 -0.031574
11.32511 82877 -13.6614 -0.047454
11.32737 83064 -19.4785 -0.067585
11.32962 83251 -17.4422 -0.060451
11.33186 83438 -11.3703 -0.039363
11.33411 83626 -3.8997 -0.013485
11.33636 83814 -2.6578 -0.009180
11.33861 84003 -2.6690 -0.009209
11.34086 84192 -2.9699 -0.010235
11.34311 84382 -0.8749 -0.003012
11.34536 84572 -6.2886 -0.021624
11.34760 84762 -8.9898 -0.030878
11.34985 84953 -8.9785 -0.030804
11.35210 85144 -12.2062 -0.041832
11.35435 85336 -10.9608 -0.037521
11.35660 85528 -7.1776 -0.024543
11.35885 85721 -7.5262 -0.025706
11.36110 85914 -8.4577 -0.028855
11.36335 86107 -13.3700 -0.045563
11.36560 86301 -7.1731 -0.024417
11.36785 86496 -7.4806 -0.025435
11.37009 86690 -8.6368 -0.029334
11.37235 86886 -6.2767 -0.021294
11.37459 87081 -8.7595 -0.029684
11.37684 87277 -6.9027 -0.023365
11.37910 87474 -4.8715 -0.016471
11.38135 87671 -3.5346 -0.011938
11.38359 87868 0.9048 0.003052
11.38584 88066 -2.4771 -0.008347
11.38809 88264 -7.9130 -0.026635
11.39034 88463 -6.9900 -0.023502
11.39259 88662 -4.3028 -0.014451
11.39484 88862 -7.2142 -0.024201
11.39709 89062 -7.2631 -0.024337
11.39934 89263 -6.7357 -0.022545
11.40159 89464 -3.5555 -0.011887
11.40384 89665 1.3099 0.004374
11.40609 89867 -1.0690 -0.003566
11.40833 90069 -3.1078 -0.010355
11.41058 90272 -0.8833 -0.002940
11.41283 90475 0.6614 0.002199
11.41508 90679 -0.0375 -0.000124
11.41733 90883 1.6276 0.005399
11.41958 91088 1.1844 0.003925
11.42183 91293 3.0859 0.010213
11.42408 91499 2.1760 0.007194
11.42633 91705 4.4833 0.014805
11.42858 91911 4.2688 0.014081
11.43083 92118 1.4765 0.004865
11.43307 92325 -1.1155 -0.003671
11.43532 92533 -2.3209 -0.007630
11.43758 92742 1.6705 0.005486
11.43982 92950 3.6910 0.012107
11.44207 93160 8.4006 0.027523
11.44433 93370 6.6455 0.021748
11.44657 93580 6.4100 0.020954
11.44882 93791 8.2408 0.026908
11.45107 94002 8.8754 0.028948
11.45331 94213 5.9886 0.019511
11.45556 94425 11.5752 0.037669
11.45781 94638 11.7243 0.038111
11.46006 94851 12.9205 0.041952
11.46232 95065 12.4482 0.040373
11.46456 95279 15.3982 0.049885
11.46681 95493 19.7362 0.063867
11.46906 95708 22.9587 0.074212
11.47131 95924 18.9037 0.061036
11.47356 96140 18.6548 0.060164
11.47580 96356 16.2637 0.052394
11.47805 96573 13.0420 0.041968
11.48031 96791 7.9404 0.025523
11.48256 97009 7.5064 0.024101
11.48480 97227 1.7676 0.005669
11.48705 97446 2.8740 0.009207
11.48931 97666 9.1039 0.029131
11.49155 97885 8.3466 0.026678
11.49380 98106 4.2639 0.013613
11.49605 98327 -0.3861 -0.001231
11.49830 98548 -0.7335 -0.002336
11.50055 98770 4.1812 0.013304
11.50279 98992 3.0851 0.009806
11.50504 99215 -0.1828 -0.000580
11.50730 99439 -1.7250 -0.005470
11.50955 99663 -3.8958 -0.012341
11.51179 99887 -5.5398 -0.017528
11.51404 100112 -4.4429 -0.014042
11.51629 100337 -4.5255 -0.014287
11.51854 100563 -4.3419 -0.013692
11.52079 100790 -10.1882 -0.032092
11.52304 101017 -9.2510 -0.029107
11.52529 101244 -5.7642 -0.018116
11.52754 101472 -7.0780 -0.022220
11.52979 101701 -5.2472 -0.016454
11.53204 101930 -1.6950 -0.005309
11.53429 102159 -4.1133 -0.012869
11.53653 102389 -10.6881 -0.033402
11.53879 102620 -10.0246 -0.031293
11.54104 102851 -11.0341 -0.034406
11.54328 103082 -5.6667 -0.017650
11.54554 103315 -9.0642 -0.028200
11.54778 103547 -12.2347 -0.038021
11.55003 103780 -9.4603 -0.029366
11.55228 104014 -8.0969 -0.025106
11.55453 104248 -11.8723 -0.036771
11.55678 104483 -13.4641 -0.041654
11.55903 104718 -15.4207 -0.047653
11.56128 104954 -15.7367 -0.048575
11.56352 105190 -19.3395 -0.059629
11.56577 105427 -20.8179 -0.064115
11.56803 105665 -21.4389 -0.065953
11.57028 105903 -16.7774 -0.051555
11.57252 106141 -19.4936 -0.059834
11.57477 106380 -20.9554 -0.064249
11.57703 106620 -24.0522 -0.073661
11.57927 106860 -24.6664 -0.075457
11.58152 107100 -23.9038 -0.073042
11.58377 107341 -26.6458 -0.081329
11.58602 107583 -27.8988 -0.085058
11.58826 107825 -27.9287 -0.085053
11.59052 108068 -26.7209 -0.081283
11.59276 108311 -26.0439 -0.079135
11.59501 108555 -21.0047 -0.063752
11.59727 108800 -16.0795 -0.048748
11.59952 109045 -16.0588 -0.048631
11.60176 109290 -17.1300 -0.051816
11.60401 109536 -22.4741 -0.067905
11.60626 109783 -26.5857 -0.080238
11.60851 110030 -16.4145 -0.049485
11.61076 110278 -19.1093 -0.057544
11.61301 110526 -18.3677 -0.055249
11.61526 110775 -19.4366 -0.058398
11.61751 111025 -16.3695 -0.049127
11.61976 111275 -13.6254 -0.040846
11.62200 111525 -16.9779 -0.050839
11.62425 111776 -20.0234 -0.059891
11.62650 112028 -24.4047 -0.072914
11.62875 112280 -24.1673 -0.072123
11.63100 112533 -22.9993 -0.068561
11.63325 112786 -25.1769 -0.074968
11.63550 113040 -22.8198 -0.067873
11.63775 113295 -23.3181 -0.069277
11.64000 113550 -24.5004 -0.072708
11.64225 113806 -22.9962 -0.068167
11.64450 114062 -18.0499 -0.053445
11.64675 114319 -17.4580 -0.051634
11.64899 114576 -18.9318 -0.055930
11.65124 114834 -17.5737 -0.051860
11.65350 115093 -13.8034 -0.040688
11.65574 115352 -13.9098 -0.040955
11.65800 115612 -11.6846 -0.034365
11.66024 115872 -13.4180 -0.039418
11.66249 116133 -13.8082 -0.040519
11.66474 116394 -19.1811 -0.056222
11.66699 116657 -22.2272 -0.065077
11.66924 116919 -19.4651 -0.056926
11.67148 117182 -19.1050 -0.055810
11.67373 117446 -16.3921 -0.047832
11.67599 117711 -15.6671 -0.045665
11.67824 117976 -16.4431 -0.047873
11.68048 118241 -14.5829 -0.042409
11.68274 118508 -17.7960 -0.051695
11.68499 118775 -13.5034 -0.039181
11.68723 119042 -11.8898 -0.034461
11.68948 119310 -13.8605 -0.040127
11.69173 119579 -14.9444 -0.043217
11.69398 119848 -11.9764 -0.034595
11.69623 120118 -9.3609 -0.027009
11.69848 120388 -7.9648 -0.022955
11.70072 120659 -3.6587 -0.010533
11.70298 120931 -7.9115 -0.022751
11.70522 121203 -8.2670 -0.023746
11.70747 121476 -7.9762 -0.022885
11.70973 121750 -10.1909 -0.029206
11.71197 122024 -10.5203 -0.030117
11.71422 122299 -7.9876 -0.022841
11.71647 122574 -11.8809 -0.033935
11.71872 122850 -9.4330 -0.026913
11.72097 123127 -10.4355 -0.029740
11.72322 123404 -9.8042 -0.027909
11.72547 123682 -7.0170 -0.019953
11.72771 123960 -13.3963 -0.038049
11.72996 124239 -11.3680 -0.032252
11.73221 124519 -15.0810 -0.042738
11.73447 124800 -19.3672 -0.054823
11.73672 125081 -19.1335 -0.054100
11.73896 125362 -18.5818 -0.052481
11.74122 125645 -14.9495 -0.042175
11.74346 125927 -10.1109 -0.028492
11.74571 126211 -8.8555 -0.024927
11.74796 126495 -9.2984 -0.026144
11.75021 126780 -7.9007 -0.022189
11.75245 127065 -15.5573 -0.043644
11.75471 127352 -9.7420 -0.027299
11.75695 127638 -5.3668 -0.015022
11.75921 127926 -11.8748 -0.033201
11.76146 128214 -6.9313 -0.019357
11.76371 128503 -10.3728 -0.028936
11.76595 128792 -5.5569 -0.015484
11.76820 129082 0.4234 0.001179
11.77045 129373 3.2883 0.009142
11.77270 129664 7.6967 0.021374
11.77495 129956 8.9023 0.024695
11.77720 130248 11.6787 0.032360
11.77945 130542 6.5824 0.018218
11.78170 130836 8.4301 0.023306
11.78394 131130 11.5091 0.031783
11.78620 131426 8.3939 0.023154
11.78844 131721 10.5458 0.029057
11.79069 132018 14.4341 0.039726
11.79294 132315 12.2103 0.033568
11.79519 132613 15.0316 0.041277
11.79744 132912 12.9647 0.035561
11.79969 133211 11.5424 0.031625
11.80194 133511 16.2086 0.044360
11.80419 133812 14.6937 0.040168
11.80644 134113 11.1946 0.030568
11.80869 134415 13.1462 0.035857
11.81094 134718 10.8973 0.029690
11.81319 135021 12.8362 0.034933
11.81543 135325 14.3753 0.039078
11.81769 135630 15.0652 0.040907
11.81993 135935 12.4529 0.033776
11.82218 136241 15.8023 0.042812
11.82443 136548 19.0863 0.051651
11.82668 136855 18.0943 0.048911
11.82893 137164 14.8800 0.040177
11.83118 137472 11.7148 0.031596
11.83343 137782 11.2298 0.030253
11.83568 138092 14.6120 0.039321
11.83792 138403 19.3176 0.051926
11.84018 138715 17.8831 0.048016
11.84242 139027 17.0308 0.045676
11.84467 139340 12.2905 0.032925
11.84692 139654 6.8835 0.018420
11.84917 139968 8.8024 0.023528
11.85142 140284 6.6762 0.017825
11.85367 140600 -4.6329 -0.012356
11.85592 140916 -6.6650 -0.017755
11.85817 141233 -8.0307 -0.021369
11.86042 141551 -4.3915 -0.011672
11.86267 141870 0.6901 0.001832
11.86492 142190 0.9779 0.002593
11.86717 142510 -0.6212 -0.001646
11.86942 142831 -1.4013 -0.003708
11.87166 143152 -4.6096 -0.012183
11.87392 143475 -0.9383 -0.002477
11.87616 143798 0.8181 0.002157
11.87841 144121 -0.6960 -0.001833
11.88066 144446 0.0323 0.000085
11.88291 144771 -6.9054 -0.018149
11.88516 145097 -7.3607 -0.019324
11.88741 145424 -11.3854 -0.029856
11.88965 145751 -8.4692 -0.022184
11.89191 146080 -6.0361 -0.015793
11.89415 146408 -3.5756 -0.009345
11.89640 146738 -3.3543 -0.008757
11.89866 147069 1.7928 0.004675
11.90091 147400 1.5522 0.004043
11.90316 147732 -4.8216 -0.012545
11.90540 148064 -4.8707 -0.012658
11.90765 148398 -1.1391 -0.002957
11.90990 148732 -3.8976 -0.010106
11.91215 149067 -1.3843 -0.003585
11.91440 149402 2.2536 0.005830
11.91665 149739 4.6568 0.012034
11.91890 150076 4.2200 0.010893
11.92115 150414 4.3707 0.011270
11.92340 150753 1.4316 0.003687
11.92564 151092 4.5171 0.011621
11.92789 151432 -2.8898 -0.007426
11.93014 151773 -8.8944 -0.022831
11.93239 152115 -8.9608 -0.022975
11.93464 152457 -7.5285 -0.019281
11.93689 152801 -7.2902 -0.018650
11.93914 153145 -10.0867 -0.025775
11.94139 153490 -7.3361 -0.018725
11.94364 153835 -8.7935 -0.022420
11.94589 154182 -10.9698 -0.027937
11.94814 154529 -13.2961 -0.033824
11.95039 154877 -13.9759 -0.035513
11.95264 155226 -9.7049 -0.024633
11.95488 155575 -14.5092 -0.036785
11.95713 155925 -19.8318 -0.050223
11.95938 156276 -21.0874 -0.053343
11.96163 156628 -26.3054 -0.066468
11.96388 156981 -31.6500 -0.079882
11.96613 157335 -33.6183 -0.084754
11.96838 157689 -35.2065 -0.088659
11.97063 158044 -38.8143 -0.097634
11.97288 158400 -32.3398 -0.081257
11.97512 158756 -35.1791 -0.088292
11.97738 159114 -38.0756 -0.095454
11.97962 159472 -33.7511 -0.084517
11.98187 159831 -37.6151 -0.094088
11.98412 160191 -36.1636 -0.090355
11.98637 160552 -34.1697 -0.085277
11.98862 160913 -35.6701 -0.088922
11.99087 161276 -30.6860 -0.076411
11.99312 161639 -26.0774 -0.064862
11.99537 162003 -26.4983 -0.065835
11.99762 162368 -23.0704 -0.057254
11.99987 162733 -25.5462 -0.063327
12.00212 163100 -23.3105 -0.057720
12.00437 163467 -25.8346 -0.063898
12.00662 163835 -30.0628 -0.074272
12.00886 164204 -27.8726 -0.068784
12.01112 164574 -24.7539 -0.061019
12.01336 164944 -24.6916 -0.060797
12.01561 165316 -24.9376 -0.061333
12.01786 165688 -21.3336 -0.052411
12.02011 166061 -14.6727 -0.036006
12.02236 166435 -10.5959 -0.025973
12.02461 166810 -6.6633 -0.016315
12.02686 167185 -4.7883 -0.011711
12.02911 167562 -2.2580 -0.005516
12.03136 167939 -5.5193 -0.013468
12.03360 168317 -6.1681 -0.015035
12.03585 168696 -7.6135 -0.018537
12.03810 169076 -17.0898 -0.041562
12.04035 169457 -24.9752 -0.060671
12.04260 169838 -21.0944 -0.051186
12.04485 170221 -26.3688 -0.063912
12.04710 170604 -18.8314 -0.045592
12.04935 170988 -22.1602 -0.053591
12.05160 171373 -18.9450 -0.045764
12.05385 171759 -13.0589 -0.031510
12.05610 172146 -15.6686 -0.037764
12.05834 172533 -19.9543 -0.048040
12.06060 172922 -17.4708 -0.042013
12.06284 173311 -13.2659 -0.031866
12.06509 173701 -11.2075 -0.026891
12.06734 174093 -8.6783 -0.020799
12.06959 174485 -0.5814 -0.001392
12.07184 174877 -7.0054 -0.016752
12.07409 175271 -10.3625 -0.024752
12.07634 175666 -6.9168 -0.016503
12.07859 176061 -7.4339 -0.017717
12.08084 176458 -10.8706 -0.025878
12.08309 176855 -6.4157 -0.015256
12.08533 177253 -5.7102 -0.013563
12.08759 177653 -7.7300 -0.018340
12.08984 178053 -10.6510 -0.025241
12.09208 178453 -14.7453 -0.034905
12.09433 178855 -17.5745 -0.041556
12.09658 179258 -17.9642 -0.042430
12.09883 179662 -20.9167 -0.049348
12.10108 180066 -25.4817 -0.060050
12.10333 180472 -21.5812 -0.050801
12.10558 180878 -22.1950 -0.052187
12.10783 181285 -24.7073 -0.058029
12.11008 181694 -22.2956 -0.052306
12.11233 182103 -22.1841 -0.051986
12.11458 182513 -20.5523 -0.048108
12.11683 182924 -21.3311 -0.049874
12.11908 183336 -25.3404 -0.059182
12.12132 183748 -29.4874 -0.068790
12.12357 184162 -28.7907 -0.067089
12.12582 184577 -26.2879 -0.061188
12.12807 184992 -23.5172 -0.054678
12.13032 185409 -19.6483 -0.045631
12.13257 185826 -20.0818 -0.046585
12.13482 186245 -20.3740 -0.047210
12.13707 186664 -14.5549 -0.033688
12.13932 187085 -11.4682 -0.026514
12.14157 187506 -13.0254 -0.030080
12.14381 187928 -10.8750 -0.025086
12.14606 188351 -15.9663 -0.036789
12.14831 188775 -17.1382 -0.039445
12.15056 189200 -18.7454 -0.043096
12.15281 189626 -21.5058 -0.049386
12.15506 190053 -22.4594 -0.051518
12.15731 190481 -19.8380 -0.045454
12.15956 190910 -18.5643 -0.042488
12.16181 191340 -16.6268 -0.038011
12.16406 191771 -13.7333 -0.031361
12.16631 192203 -14.6478 -0.033411
12.16856 192636 -7.5811 -0.017273
12.17080 193069 -9.6140 -0.021880
12.17305 193504 -12.4738 -0.028357
12.17530 193940 -3.4856 -0.007915
12.17755 194376 4.9535 0.011235
12.17980 194814 3.1000 0.007024
12.18205 195253 1.2557 0.002842
12.18430 195692 5.0834 0.011491
12.18655 196133 8.4864 0.019162
12.18880 196575 6.6731 0.015051
12.19105 197017 7.5935 0.017108
12.19330 197461 8.7883 0.019777
12.19555 197906 3.5020 0.007872
12.19779 198351 -0.1560 -0.000350
12.20004 198798 6.2769 0.014078
12.20229 199245 1.0469 0.002345
12.20454 199694 -3.2645 -0.007305
12.20679 200144 1.8782 0.004198
12.20904 200594 1.8486 0.004128
12.21129 201046 8.0582 0.017972
12.21354 201499 7.4087 0.016505
12.21579 201952 6.2128 0.013825
12.21804 202407 6.4517 0.014340
12.22029 202863 4.1961 0.009316
12.22254 203320 2.9600 0.006565
12.22479 203778 10.5768 0.023430
12.22703 204236 11.4058 0.025238
12.22928 204696 7.3250 0.016190
12.23153 205157 8.5393 0.018853
12.23378 205619 11.0717 0.024417
12.23603 206082 11.9348 0.026290
12.23828 206546 8.0123 0.017630
12.24053 207011 9.1388 0.020086
12.24278 207477 12.5175 0.027481
12.24503 207945 11.0418 0.024214
12.24728 208413 10.3069 0.022577
12.24952 208882 13.6929 0.029960
12.25177 209352 3.8685 0.008455
12.25402 209824 9.2213 0.020131
12.25627 210296 11.7224 0.025562
12.25852 210770 7.3357 0.015979
12.26077 211244 2.0934 0.004555
12.26302 211720 5.1604 0.011215
12.26527 212197 3.9314 0.008535
12.26752 212675 9.6546 0.020935
12.26977 213154 4.0105 0.008687
12.27201 213633 1.3388 0.002897
12.27427 214115 0.3408 0.000737
12.27652 214597 -3.1827 -0.006870
12.27877 215080 -1.3585 -0.002929
12.28101 215564 -1.4361 -0.003093
12.28327 216050 -5.1921 -0.011170
12.28551 216536 -8.2399 -0.017707
12.28776 217024 -6.5346 -0.014027
12.29001 217512 -8.2646 -0.017721
12.29226 218002 -5.8535 -0.012537
12.29451 218493 -3.5644 -0.007626
12.29676 218985 -7.2048 -0.015396
12.29901 219478 -16.1785 -0.034534
12.30126 219972 -18.4554 -0.039350
12.30350 220467 -17.5126 -0.037298
12.30576 220964 -20.0882 -0.042735
12.30800 221461 -23.1863 -0.049270
12.31025 221960 -21.5550 -0.045752
12.31250 222460 -17.5842 -0.037282
12.31475 222961 -10.0055 -0.021190
12.31700 223463 -7.7310 -0.016354
12.31925 223966 -8.3988 -0.017747
12.32150 224470 -15.1272 -0.031929
12.32375 224976 -11.5528 -0.024357
12.32600 225482 -11.5313 -0.024284
12.32825 225990 -1.6885 -0.003552
12.33050 226499 2.8103 0.005905
12.33274 227009 6.8197 0.014313
12.33499 227520 10.5525 0.022123
12.33724 228032 9.0092 0.018866
12.33949 228546 8.8142 0.018437
12.34174 229061 7.9706 0.016654
12.34399 229576 6.8735 0.014346
12.34624 230093 -5.8766 -0.012251
12.34849 230611 1.5524 0.003233
12.35074 231131 1.8343 0.003815
12.35299 231651 6.9949 0.014533
12.35524 232173 5.8052 0.012048
12.35748 232695 3.9071 0.008100
12.35973 233219 6.2996 0.013045
12.36199 233745 5.5622 0.011505
12.36423 234271 6.0565 0.012513
12.36648 234798 9.0304 0.018636
12.36873 235327 5.8094 0.011976
12.37098 235857 11.1568 0.022973
12.37323 236388 11.6203 0.023900
12.37548 236920 3.7971 0.007801
12.37773 237454 4.1568 0.008530
12.37998 237988 1.7925 0.003674
12.38223 238524 -4.4977 -0.009209
12.38447 239061 1.2068 0.002468
12.38673 239600 6.5158 0.013311
12.38897 240139 7.0846 0.014457
12.39122 240680 13.6427 0.027809
12.39347 241222 20.4998 0.041739
12.39572 241765 10.4060 0.021163
12.39797 242309 15.6691 0.031832
12.40022 242855 25.2448 0.051227
12.40247 243402 25.3806 0.051445
12.40472 243950 21.7791 0.044095
12.40697 244499 20.5468 0.041553
12.40922 245050 18.6108 0.037596
12.41147 245602 21.1397 0.042656
12.41372 246155 15.6028 0.031448
12.41596 246709 20.5874 0.041449
12.41821 247264 17.7749 0.035746
12.42046 247821 18.3226 0.036806
12.42271 248379 25.4902 0.051147
12.42496 248938 28.1141 0.056348
12.42721 249499 27.2416 0.054538
12.42946 250061 29.8372 0.059667
12.43171 250624 30.2365 0.060398
12.43396 251188 21.1339 0.042168
12.43621 251754 14.8042 0.029505
12.43846 252321 12.1983 0.024284
12.44071 252889 8.7017 0.017304
12.44295 253458 7.3876 0.014674
12.44520 254029 1.0865 0.002156
12.44745 254601 2.6683 0.005288
12.44970 255174 -0.9092 -0.001800
12.45195 255749 -1.2331 -0.002438
12.45420 256325 -3.8422 -0.007589
12.45645 256902 -4.9173 -0.009702
12.45870 257480 -10.8338 -0.021351
12.46095 258060 -15.1061 -0.029737
12.46320 258641 -19.3519 -0.038052
12.46545 259224 -16.2456 -0.031908
12.46769 259807 -19.1269 -0.037525
12.46994 260392 -17.5300 -0.034353
12.47220 260979 -9.7205 -0.019028
12.47444 261566 -17.1540 -0.033541
12.47669 262155 -15.0564 -0.029406
12.47894 262745 -14.9284 -0.029124
12.48119 263337 -17.9402 -0.034960
12.48344 263930 -25.0643 -0.048788
12.48569 264524 -30.3143 -0.058941
12.48794 265120 -28.2547 -0.054874
12.49019 265717 -28.1519 -0.054613
12.49244 266315 -24.1788 -0.046853
12.49469 266915 -19.3980 -0.037547
12.49693 267516 -28.2186 -0.054558
12.49918 268118 -27.5475 -0.053201
12.50143 268722 -20.6536 -0.039842
12.50368 269327 -16.7885 -0.032350
12.50593 269934 -12.1999 -0.023482
12.50818 270541 -8.3951 -0.016140
12.51043 271151 -18.9696 -0.036429
12.51268 271761 -21.4006 -0.041052
12.51493 272373 -32.6823 -0.062623
12.51718 272986 -29.6524 -0.056753
12.51943 273601 -22.0041 -0.042067
12.52168 274217 -22.1207 -0.042243
12.52393 274835 -23.3358 -0.044513
12.52617 275453 -28.1894 -0.053711
12.52842 276074 -30.7089 -0.058446
12.53067 276695 -31.6393 -0.060149
12.53292 277318 -29.8036 -0.056595
12.53517 277943 -32.5937 -0.061824
12.53742 278569 -34.9753 -0.066267
12.53967 279196 -29.4333 -0.055704
12.54192 279824 -34.8000 -0.065787
12.54417 280455 -31.2405 -0.058991
12.54642 281086 -40.8739 -0.077095
12.54867 281719 -42.2722 -0.079643
12.55091 282353 -46.2124 -0.086968
12.55316 282989 -44.2355 -0.083155
12.55541 283626 -38.1055 -0.071551
12.55766 284265 -34.1597 -0.064070
12.55991 284905 -40.5923 -0.076049
12.56216 285547 -46.5093 -0.087036
12.56441 286190 -46.0336 -0.086049
12.56666 286834 -47.1971 -0.088125
12.56891 287480 -40.7985 -0.076092
12.57116 288127 -36.3548 -0.067728
12.57341 288776 -35.3357 -0.065756
12.57565 289426 -41.4178 -0.076987
12.57791 290078 -34.1992 -0.063498
12.58015 290731 -34.2418 -0.063505
12.58240 291386 -30.1528 -0.055859
12.58465 292042 -38.7534 -0.071711
12.58690 292699 -33.9552 -0.062762
12.58915 293358 -27.3353 -0.050469
12.59140 294019 -29.0023 -0.053487
12.59365 294681 -31.0548 -0.057207
12.59590 295345 -27.6986 -0.050968
12.59815 296010 -25.3897 -0.046666
12.60040 296676 -8.1509 -0.014965
12.60264 297344 -5.7740 -0.010589
12.60490 298014 -8.5463 -0.015655
12.60714 298685 -10.9916 -0.020112
12.60939 299357 -13.2887 -0.024288
12.61164 300031 -13.5831 -0.024798
12.61389 300707 -6.2552 -0.011407
12.61614 301384 -5.4757 -0.009974
12.61839 302063 -5.3057 -0.009654
12.62064 302743 -12.5427 -0.022796
12.62289 303424 -11.8653 -0.021540
12.62514 304108 -17.6267 -0.031964
12.62738 304792 -16.7234 -0.030292
12.62964 305479 -22.8028 -0.041257
12.63189 306167 -19.6436 -0.035501
12.63413 306856 -19.0851 -0.034453
12.63638 307547 -17.2868 -0.031172
12.63863 308239 -14.4574 -0.026040
12.64088 308933 -18.0194 -0.032420
12.64313 309629 -11.7487 -0.021114
12.64538 310326 -19.1959 -0.034459
12.64763 311025 -19.5698 -0.035090
12.64988 311725 -23.7192 -0.042483
12.65213 312427 -21.9535 -0.039276
12.65438 313131 -14.5531 -0.026007
12.65663 313836 -13.5535 -0.024194
12.65888 314543 -10.1042 -0.018016
12.66112 315251 -4.1054 -0.007312
12.66337 315961 -3.3749 -0.006004
12.66562 316672 0.2808 0.000499
12.66787 317385 -6.0359 -0.010714
12.67012 318100 -4.1693 -0.007392
12.67237 318816 -4.0712 -0.007210
12.67462 319534 -1.4256 -0.002522
12.67687 320253 -2.2546 -0.003984
12.67912 320975 -2.7741 -0.004896
12.68137 321697 -3.2558 -0.005740
12.68362 322422 -4.1063 -0.007232
12.68587 323148 -3.2358 -0.005692
12.68811 323875 -3.8289 -0.006728
12.69036 324605 -3.8804 -0.006811
12.69261 325335 -12.8015 -0.022444
12.69486 326068 -9.5373 -0.016702
12.69711 326802 -9.5815 -0.016761
12.69936 327538 -5.3868 -0.009412
12.70161 328276 1.7861 0.003117
12.70386 329015 -1.7086 -0.002979
12.70611 329756 -9.8521 -0.017157
12.70836 330498 -15.5879 -0.027115
12.71060 331242 -11.1283 -0.019336
12.71285 331988 -6.2691 -0.010880
12.71510 332736 0.9574 0.001660
12.71735 333485 -4.1100 -0.007117
12.71960 334236 -10.4630 -0.018098
12.72185 334988 -10.0798 -0.017416
12.72410 335743 -6.1022 -0.010531
12.72635 336499 5.1584 0.008892
12.72860 337256 5.4311 0.009352
12.73085 338016 4.8538 0.008349
12.73310 338777 7.6203 0.013092
12.73535 339540 12.3998 0.021280
12.73759 340304 13.4911 0.023127
12.73985 341071 12.0383 0.020613
12.74210 341839 18.5563 0.031738
12.74434 342608 13.7868 0.023554
12.74659 343380 8.8442 0.015093
12.74884 344153 17.1569 0.029246
12.75109 344928 15.5531 0.026482
12.75334 345705 5.0605 0.008607
12.75559 346483 10.6435 0.018082
12.75784 347263 1.5571 0.002642
12.76009 348045 -3.6354 -0.006162
12.76234 348829 3.5571 0.006023
12.76458 349614 1.3352 0.002258
12.76683 350401 -3.2744 -0.005532
12.76908 351190 -4.3034 -0.007262
12.77133 351981 -2.8975 -0.004884
12.77358 352774 -3.7686 -0.006345
12.77583 353568 0.1495 0.000251
12.77808 354364 4.8525 0.008152
12.78033 355162 2.9918 0.005020
12.78258 355962 8.6304 0.014465
12.78483 356763 10.1531 0.016998
12.78708 357567 9.2910 0.015538
12.78933 358372 14.8257 0.024766
12.79158 359179 8.5392 0.014248
12.79383 359988 11.3989 0.018999
12.79607 360798 5.8488 0.009737
12.79832 361611 3.6264 0.006031
12.80057 362425 13.0954 0.021752
12.80282 363241 17.9404 0.029767
12.80507 364059 12.6900 0.021032
12.80732 364879 15.1401 0.025064
12.80957 365700 13.1221 0.021699
12.81182 366524 12.9527 0.021395
12.81407 367349 7.4059 0.012219
12.81632 368176 0.3277 0.000540
12.81857 369005 10.6698 0.017565
12.82081 369836 6.2374 0.010256
12.82306 370669 2.2343 0.003670
12.82531 371503 0.4932 0.000809
12.82756 372340 -3.9732 -0.006511
12.82981 373178 3.5207 0.005763
12.83206 374019 -3.8254 -0.006255
12.83431 374861 -11.3335 -0.018511
12.83656 375705 -21.8056 -0.035575
12.83881 376551 -33.5165 -0.054619
12.84106 377399 -31.6135 -0.051460
12.84331 378248 -28.4014 -0.046180
12.84556 379100 -29.3222 -0.047623
12.84781 379954 -29.2854 -0.047510
12.85005 380809 -31.2718 -0.050676
12.85230 381667 -24.6035 -0.039825
12.85455 382526 -25.2294 -0.040792
12.85680 383388 -26.2546 -0.042402
12.85905 384251 -20.1132 -0.032447
12.86130 385116 -20.4647 -0.032977
12.86355 385983 -21.6422 -0.034835
12.86580 386852 -19.4131 -0.031212
12.86805 387723 -28.5690 -0.045881
12.87030 388596 -34.0516 -0.054625
12.87254 389471 -24.5904 -0.039403
12.87479 390348 -26.1088 -0.041789
12.87704 391227 -24.3506 -0.038931
12.87929 392108 -20.4771 -0.032701
12.88154 392991 -22.7863 -0.036348
12.88379 393876 -18.8499 -0.030035
12.88604 394763 -29.2355 -0.046531
12.88829 395652 -36.2013 -0.057553
12.89054 396543 -37.7393 -0.059931
12.89279 397436 -29.2163 -0.046344
12.89504 398331 -18.3174 -0.029023
12.89729 399228 -18.5776 -0.029402
12.89953 400126 -19.5582 -0.030919
12.90178 401027 -19.6393 -0.031013
12.90403 401930 -28.2643 -0.044582
12.90628 402835 -26.1355 -0.041178
12.90853 403743 -28.0851 -0.044200
12.91078 404652 -30.6730 -0.048219
12.91303 405563 -28.9312 -0.045429
12.91528 406476 -29.5603 -0.046365
12.91753 407391 -35.4689 -0.055570
12.91978 408309 -29.8205 -0.046668
12.92203 409228 -27.0645 -0.042307
12.92428 410149 -30.9866 -0.048384
12.92653 411073 -26.9873 -0.042092
12.92878 411999 -26.2436 -0.040886
12.93102 412926 -29.3165 -0.045622
12.93327 413856 -13.7950 -0.021444
12.93552 414788 -15.8360 -0.024588
12.93777 415722 -13.1325 -0.020368
12.94002 416658 -19.2829 -0.029873
12.94227 417596 -19.0775 -0.029522
12.94452 418536 -12.8231 -0.019821
12.94677 419479 -17.5799 -0.027143
12.94902 420423 -17.3289 -0.026726
12.95127 421370 -16.6797 -0.025696
12.95352 422319 -9.9145 -0.015256
12.95577 423270 -4.6770 -0.007189
12.95801 424223 -8.0050 -0.012290
12.96026 425178 -9.2269 -0.014151
12.96251 426136 -15.4547 -0.023675
12.96476 427095 -10.8191 -0.016555
12.96701 428057 -18.8968 -0.028883
12.96926 429021 -20.4750 -0.031260
12.97151 429987 -23.9219 -0.036481
12.97376 430955 -24.9169 -0.037956
12.97601 431925 -24.0953 -0.036663
12.97826 432898 -16.8238 -0.025570
12.98051 433873 -11.3287 -0.017199
12.98275 434849 -7.7802 -0.011798
12.98501 435829 -6.8641 -0.010397
12.98725 436810 4.3530 0.006586
12.98950 437794 14.8214 0.022400
12.99175 438779 15.1457 0.022865
12.99400 439767 18.3173 0.027622
12.99625 440758 18.8887 0.028451
12.99850 441750 17.9394 0.026991
13.00075 442745 6.4072 0.009629
13.00300 443742 -2.8092 -0.004217
13.00525 444741 -2.5937 -0.003889
13.00750 445742 -11.9258 -0.017863
13.00975 446746 -25.3020 -0.037855
13.01199 447752 -27.3681 -0.040900
13.01424 448760 -23.4376 -0.034987
13.01649 449771 -24.7338 -0.036880
13.01874 450783 -24.4773 -0.036457
13.02099 451798 -21.8043 -0.032439
13.02324 452816 -15.2636 -0.022683
13.02549 453835 -15.8895 -0.023586
13.02774 454857 -24.4333 -0.036228
13.02999 455881 -23.9311 -0.035444
13.03224 456908 -17.3050 -0.025601
13.03449 457937 -21.5388 -0.031829
13.03674 458968 -7.6226 -0.011251
13.03898 460001 -8.8723 -0.013081
13.04123 461037 -14.6073 -0.021513
13.04348 462075 -15.5629 -0.022895
13.04573 463116 -6.0546 -0.008897
13.04798 464158 -8.1143 -0.011910
13.05023 465204 -14.3986 -0.021111
13.05248 466251 -5.0803 -0.007440
13.05473 467301 -2.0222 -0.002958
13.05698 468353 3.2282 0.004717
13.05923 469408 4.9314 0.007198
13.06148 470465 6.8370 0.009968
13.06373 471524 7.0026 0.010198
13.06598 472586 2.9539 0.004297
13.06822 473650 2.5401 0.003691
13.07047 474716 8.9038 0.012923
13.07272 475785 12.1524 0.017618
13.07497 476857 14.6082 0.021154
13.07722 477930 9.9865 0.014445
13.07947 479007 4.2788 0.006182
13.08172 480085 1.1583 0.001672
13.08397 481166 12.0538 0.017377
13.08622 482250 12.4533 0.017933
13.08847 483335 15.5488 0.022365
13.09072 484424 8.6930 0.012490
13.09297 485515 12.3230 0.017685
13.09521 486608 14.7531 0.021149
13.09746 487703 21.2078 0.030368
13.09971 488802 23.2160 0.033206
13.10196 489902 22.7523 0.032506
13.10421 491005 23.7759 0.033931
13.10646 492111 17.0408 0.024292
13.10871 493219 19.4901 0.027752
13.11096 494330 15.1035 0.021482
13.11321 495443 17.6263 0.025042
13.11546 496558 8.8556 0.012567
13.11770 497676 10.5339 0.014932
13.11995 498797 4.4673 0.006325
13.12220 499920 10.5494 0.014920
13.12445 501046 12.7547 0.018019
13.12670 502174 7.0263 0.009915
13.12895 503305 0.5868 0.000827
13.13120 504438 6.0378 0.008501
13.13345 505574 6.3855 0.008981
13.13570 506712 17.3952 0.024437
13.13795 507853 27.6189 0.038756
13.14020 508997 16.7482 0.023475
13.14245 510143 16.0122 0.022418
13.14470 511292 12.2198 0.017089
13.14694 512443 6.7146 0.009380
13.14919 513597 3.7212 0.005192
13.15144 514753 2.3445 0.003268
13.15369 515912 4.1101 0.005722
13.15594 517074 2.8505 0.003964
13.15819 518238 -2.4260 -0.003370
13.16044 519405 -8.5078 -0.011805
13.16269 520575 -1.1821 -0.001638
13.16494 521747 1.8946 0.002623
13.16719 522922 2.9476 0.004076
13.16944 524099 13.6071 0.018796
13.17168 525279 6.6919 0.009233
13.17393 526462 10.4775 0.014440
13.17618 527648 2.7787 0.003825
13.17843 528836 5.4918 0.007552
13.18068 530026 -5.8126 -0.007984
13.18293 531220 3.8601 0.005296
13.18518 532416 14.3389 0.019651
13.18743 533615 16.1797 0.022149
13.18968 534816 17.4557 0.023869
13.19193 536021 7.7121 0.010534
13.19418 537228 17.6125 0.024029
13.19643 538437 15.9898 0.021791
13.19868 539650 17.1043 0.023284
13.20092 540865 10.7626 0.014634
13.20317 542083 11.6029 0.015759
13.20542 543303 18.6297 0.025275
13.20767 544527 20.3184 0.027535
13.20992 545753 23.3929 0.031665
13.21217 546982 29.8955 0.040422
13.21442 548213 25.7270 0.034747
13.21667 549448 31.5781 0.042601
13.21892 550685 21.7000 0.029242
13.22117 551925 20.7887 0.027983
13.22342 553168 12.9238 0.017377
13.22567 554413 12.1085 0.016262
13.22792 555662 14.8742 0.019954
13.23016 556913 5.9479 0.007970
13.23241 558167 18.2647 0.024447
13.23466 559424 17.7743 0.023764
13.23691 560683 15.7989 0.021099
13.23916 561946 16.3498 0.021811
13.24141 563211 10.9444 0.014583
13.24366 564479 8.8837 0.011824
13.24591 565750 7.5848 0.010084
13.24816 567024 12.9034 0.017136
13.25041 568301 12.2650 0.016270
13.25266 569581 15.4552 0.020479
13.25490 570863 7.4623 0.009877
13.25715 572149 7.1023 0.009390
13.25940 573437 5.9840 0.007902
13.26165 574728 0.4664 0.000615
13.26390 576022 -6.1436 -0.008095
13.26615 577319 -8.5665 -0.011274
13.26840 578619 -11.9187 -0.015669
13.27065 579922 -1.4840 -0.001949
13.27290 581228 -5.8918 -0.007728
13.27515 582537 -9.3888 -0.012301
13.27740 583848 -15.7270 -0.020582
13.27965 585163 -10.8574 -0.014193
13.28190 586481 -11.0117 -0.014379
13.28414 587801 -3.2545 -0.004245
13.28639 589125 3.0086 0.003920
13.28864 590451 0.6155 0.000801
13.29089 591781 13.5867 0.017662
13.29314 593113 11.8459 0.015381
13.29539 594449 15.0985 0.019583
13.29764 595787 -1.7579 -0.002277
13.29989 597129 -4.8853 -0.006322
13.30214 598473 -2.5918 -0.003350
13.30439 599821 -7.5391 -0.009734
13.30664 601172 -16.7942 -0.021660
13.30888 602525 -14.6103 -0.018822
13.31113 603882 -17.6283 -0.022685
13.31338 605242 -22.2129 -0.028552
13.31563 606604 -23.3339 -0.029960
13.31788 607970 -25.5175 -0.032726
13.32013 609339 -37.1200 -0.047553
13.32238 610711 -33.1283 -0.042392
13.32463 612087 -34.2864 -0.043824
13.32688 613465 -29.2462 -0.037340
13.32913 614846 -20.9983 -0.026779
13.33138 616231 -23.8949 -0.030439
13.33363 617618 -18.4239 -0.023443
13.33588 619009 -27.1480 -0.034506
13.33812 620403 -19.8824 -0.025242
13.34037 621800 -23.5000 -0.029802
13.34262 623200 -18.7765 -0.023785
13.34487 624603 -10.5052 -0.013292
13.34712 626009 -29.5376 -0.037332
13.34937 627419 -27.7585 -0.035044
13.35162 628832 -21.5928 -0.027230
13.35387 630248 -11.9578 -0.015062
13.35612 631667 -7.0143 -0.008826
13.35837 633089 -15.7234 -0.019761
13.36062 634515 -22.4438 -0.028176
13.36286 635943 -29.5914 -0.037107
13.36511 637375 -43.5817 -0.054589
13.36736 638811 -49.9971 -0.062554
13.36961 640249 -43.0323 -0.053780
13.37186 641691 -35.7484 -0.044627
13.37411 643135 -39.4309 -0.049168
13.37636 644584 -50.3277 -0.062686
13.37861 646035 -49.6273 -0.061744
13.38086 647490 -46.6544 -0.057980
13.38311 648948 -38.7582 -0.048113
13.38536 650409 -49.2293 -0.061042
13.38761 651873 -43.2255 -0.053538
13.38985 653341 -39.8716 -0.049328
13.39210 654812 -47.8718 -0.059159
13.39435 656287 -47.6238 -0.058786
13.39660 657765 -47.6364 -0.058736
13.39885 659246 -41.8579 -0.051553
13.40110 660730 -42.6692 -0.052493
13.40335 662218 -41.1475 -0.050564
13.40560 663709 -48.9443 -0.060078
13.40785 665203 -59.6855 -0.073180
13.41010 666701 -63.6761 -0.077985
13.41235 668203 -63.3978 -0.077557
13.41460 669707 -55.0411 -0.067258
13.41684 671215 -55.8694 -0.068194
13.41909 672726 -58.0238 -0.070744
13.42134 674241 -66.2341 -0.080663
13.42359 675759 -65.6546 -0.079867
13.42584 677281 -77.5423 -0.094222
13.42809 678806 -81.2660 -0.098636
13.43034 680335 -80.1638 -0.097189
13.43259 681866 -68.3718 -0.082800
13.43484 683402 -75.9139 -0.091830
13.43709 684941 -78.3442 -0.094663
13.43934 686483 -65.1047 -0.078577
13.44159 688029 -62.2901 -0.075096
13.44384 689578 -77.1905 -0.092955
13.44608 691131 -74.3147 -0.089391
13.44833 692687 -81.9319 -0.098443
13.45058 694247 -67.2083 -0.080661
13.45283 695810 -72.5404 -0.086963
13.45508 697377 -63.9397 -0.076566
13.45733 698947 -76.2622 -0.091219
13.45958 700521 -64.6556 -0.077250
13.46183 702098 -49.9426 -0.059604
13.46408 703679 -43.4664 -0.051816
13.46633 705263 -52.8382 -0.062918
13.46858 706851 -58.7820 -0.069917
13.47082 708443 -58.3000 -0.069265
13.47307 710038 -66.3383 -0.078727
13.47532 711637 -57.2526 -0.067868
13.47757 713239 -57.9435 -0.068610
13.47982 714845 -50.1713 -0.059340
13.48207 716455 -54.2242 -0.064062
13.48432 718068 -61.0358 -0.072028
13.48657 719685 -66.6787 -0.078599
13.48882 721306 -57.2810 -0.067445
13.49107 722930 -57.9732 -0.068183
13.49332 724558 -68.8578 -0.080894
13.49557 726189 -61.7989 -0.072520
13.49781 727824 -44.5434 -0.052212
13.50006 729463 -43.1580 -0.050531
13.50231 731106 -21.7873 -0.025481
13.50456 732752 -28.4731 -0.033263
13.50681 734402 -21.7761 -0.025411
13.50906 736056 -7.6245 -0.008887
13.51131 737713 -10.9294 -0.012725
13.51356 739374 -17.1575 -0.019954
13.51581 741039 -18.8618 -0.021911
13.51806 742707 -3.7196 -0.004316
13.52031 744380 -5.3421 -0.006192
13.52256 746056 -10.9509 -0.012678
13.52481 747736 -20.1004 -0.023245
13.52705 749419 -37.0882 -0.042842
13.52930 751107 -28.0816 -0.032402
13.53155 752798 -24.7298 -0.028502
13.53380 754493 -21.0915 -0.024282
13.53605 756192 -12.7195 -0.014627
13.53830 757895 -10.2473 -0.011771
13.54055 759601 -9.1983 -0.010554
13.54280 761312 -16.3344 -0.018721
13.54505 763026 -11.6645 -0.013354
13.54730 764744 -15.0105 -0.017165
13.54955 766466 -19.3177 -0.022065
13.55179 768192 -19.6001 -0.022363
13.55404 769922 -31.9174 -0.036375
13.55629 771655 -14.6076 -0.016629
13.55854 773393 -1.8227 -0.002073
13.56079 775134 -0.7428 -0.000844
13.56304 776880 4.6995 0.005332
13.56529 778629 0.6236 0.000707
13.56754 780382 -17.4168 -0.019716
13.56979 782139 -7.4518 -0.008426
13.57204 783901 -8.5872 -0.009699
13.57429 785666 4.2108 0.004751
13.57654 787435 12.8472 0.014478
13.57879 789208 9.4573 0.010646
13.58103 790985 5.9631 0.006705
13.58328 792766 1.3996 0.001572
13.58553 794551 10.9040 0.012233
13.58778 796340 11.0037 0.012331
13.59003 798133 5.6245 0.006296
13.59228 799930 11.6060 0.012976
13.59453 801732 19.2772 0.021529
13.59678 803537 18.2540 0.020364
13.59903 805346 18.1855 0.020264
13.60128 807160 23.6464 0.026320
13.60353 808977 24.2040 0.026910
13.60578 810799 21.4566 0.023829
13.60802 812624 28.2681 0.031358
13.61027 814454 27.1294 0.030061
13.61252 816288 25.2972 0.028000
13.61477 818126 21.9401 0.024257
13.61702 819968 21.5645 0.023814
13.61927 821815 43.5479 0.048037
13.62152 823665 54.9654 0.060564
13.62377 825520 60.1017 0.066149
13.62602 827379 56.8200 0.062467
13.62827 829242 57.7935 0.063466
13.63052 831109 53.2032 0.058359
13.63276 832980 63.4998 0.069575
13.63501 834856 69.0157 0.075534
13.63726 836736 60.6107 0.066261
13.63951 838620 55.5283 0.060636
13.64176 840508 38.1164 0.041576
13.64401 842401 44.6865 0.048687
13.64626 844297 36.8563 0.040111
13.64851 846199 55.2812 0.060095
13.65076 848104 58.8847 0.063941
13.65301 850014 64.7356 0.070215
13.65526 851928 63.4227 0.068714
13.65751 853846 55.4484 0.060007
13.65975 855768 63.6260 0.068779
13.66200 857695 62.3028 0.067273
13.66425 859627 66.2250 0.071428
13.66650 861562 66.3444 0.071476
13.66875 863502 59.0543 0.063551
13.67100 865447 56.8948 0.061158
13.67325 867395 56.2960 0.060446
13.67550 869348 53.7765 0.057676
13.67775 871306 41.0979 0.044029
13.68000 873268 53.9267 0.057707
13.68225 875234 55.2492 0.059056
13.68450 877205 49.7649 0.053134
13.68674 879180 48.7846 0.052029
13.68899 881160 37.3782 0.039819
13.69124 883144 31.5239 0.033545
13.69349 885133 24.7494 0.026306
13.69574 887126 28.4136 0.030167
13.69799 889123 24.7250 0.026221
13.70024 891125 16.4731 0.017450
13.70249 893132 13.5164 0.014302
13.70474 895143 3.7897 0.004006
13.70699 897158 0.8274 0.000874
13.70924 899178 -3.5852 -0.003781
13.71149 901203 2.4601 0.002591
13.71373 903232 -9.8099 -0.010322
13.71598 905266 -8.3626 -0.008789
13.71823 907305 -9.3005 -0.009764
13.72048 909348 -19.7287 -0.020689
13.72273 911395 -25.0698 -0.026260
13.72498 913447 -26.0072 -0.027212
13.72723 915504 -29.6766 -0.031016
13.72948 917566 -40.1580 -0.041923
13.73173 919632 -39.1721 -0.040848
13.73398 921702 -32.8517 -0.034219
13.73623 923778 -19.4070 -0.020192
13.73848 925858 -15.2237 -0.015822
13.74073 927943 -6.6758 -0.006930
13.74297 930032 -1.9770 -0.002050
13.74522 932126 6.2899 0.006515
13.74747 934225 7.4184 0.007675
13.74972 936329 -3.7083 -0.003832
13.75197 938437 -17.8708 -0.018448
13.75422 940550 -22.1838 -0.022874
13.75647 942668 -17.9701 -0.018508
13.75872 944791 -6.9999 -0.007202
13.76097 946918 -8.0109 -0.008232
13.76322 949050 6.9020 0.007085
13.76547 951187 -5.7281 -0.005873
13.76772 953329 -6.1160 -0.006264
13.76996 955475 -1.1506 -0.001177
13.77221 957627 -11.1918 -0.011437
13.77446 959783 -10.0457 -0.010254
13.77671 961944 -17.3571 -0.017697
13.77896 964110 -20.5862 -0.020966
13.78121 966281 -11.5901 -0.011791
13.78346 968457 -16.6601 -0.016929
13.78571 970638 -17.5794 -0.017843
13.78796 972823 -21.6512 -0.021952
13.79021 975014 -15.9594 -0.016163
13.79246 977209 1.8025 0.001823
13.79471 979410 -2.9660 -0.002997
13.79695 981615 -15.6913 -0.015838
13.79920 983825 -19.2395 -0.019397
13.80145 986041 -30.3502 -0.030564
13.80370 988261 -35.8144 -0.036026
13.80595 990486 -37.7394 -0.037920
13.80820 992716 -32.7830 -0.032903
13.81045 994952 -24.5841 -0.024646
13.81270 997192 -25.9108 -0.025947
13.81495 999437 -19.1056 -0.019111
13.81720 1001688 -8.6643 -0.008657
13.81945 1003943 -11.6263 -0.011603
13.82170 1006204 18.5120 0.018455
13.82394 1008470 14.0232 0.013964
13.82619 1010740 27.3451 0.027199
13.82844 1013016 23.9743 0.023820
13.83069 1015297 21.9369 0.021771
13.83294 1017583 25.2829 0.025064
13.83519 1019875 11.0983 0.010990
13.83744 1022171 14.1371 0.013983
13.83969 1024473 13.3564 0.013196
13.84194 1026780 9.4074 0.009284
13.84419 1029092 -3.5072 -0.003457
13.84644 1031409 -14.1574 -0.013940
13.84869 1033731 -10.5522 -0.010379
13.85093 1036059 -21.3901 -0.021015
13.85318 1038392 -33.8626 -0.033231
13.85543 1040730 -34.4200 -0.033740
13.85768 1043073 -27.2503 -0.026682
13.85993 1045422 -30.9198 -0.030241
13.86218 1047776 -31.4283 -0.030703
13.86443 1050135 -37.3698 -0.036467
13.86668 1052500 -34.1294 -0.033267
13.86893 1054870 -48.8354 -0.047548
13.87118 1057245 -37.8999 -0.036860
13.87343 1059626 -30.7691 -0.029891
13.87568 1062012 -12.3225 -0.011957
13.87792 1064403 -12.5117 -0.012127
13.88017 1066800 -2.7732 -0.002685
13.88242 1069202 4.6317 0.004479
13.88467 1071609 6.5632 0.006340
13.88692 1074022 9.8055 0.009462
13.88917 1076441 4.8537 0.004678
13.89142 1078864 11.8924 0.011449
13.89367 1081294 14.7965 0.014229
13.89592 1083728 30.0662 0.028881
13.89817 1086169 23.6884 0.022729
13.90042 1088614 5.3142 0.005093
13.90267 1091066 -7.9401 -0.007602
13.90491 1093522 -5.8116 -0.005558
13.90716 1095985 -1.2374 -0.001182
13.90941 1098452 -21.2662 -0.020291
13.91166 1100926 -31.9983 -0.030496
13.91391 1103405 -27.6830 -0.026354
13.91616 1105889 -21.8705 -0.020797
13.91841 1108379 -23.7761 -0.022584
13.92066 1110875 -37.2059 -0.035300
13.92291 1113377 -44.9701 -0.042619
13.92516 1115883 -28.4690 -0.026950
13.92741 1118396 -24.8831 -0.023529
13.92965 1120914 -21.3123 -0.020130
13.93190 1123438 -33.8456 -0.031932
13.93415 1125968 -10.9226 -0.010293
13.93640 1128503 -3.0517 -0.002873
13.93865 1131044 -6.0016 -0.005643
13.94090 1133591 -13.7144 -0.012881
13.94315 1136144 -4.2204 -0.003960
13.94540 1138702 -22.7711 -0.021339
13.94765 1141266 -30.3060 -0.028368
13.94990 1143836 -28.7737 -0.026904
13.95215 1146411 -27.5387 -0.025720
13.95440 1148993 -37.8079 -0.035271
13.95665 1151580 -42.8585 -0.039938
13.95889 1154173 -40.0940 -0.037320
13.96114 1156772 -55.8008 -0.051882
13.96339 1159376 -61.5385 -0.057152
13.96564 1161987 -68.8407 -0.063862
13.96789 1164603 -68.0465 -0.063055
13.97014 1167226 -73.4350 -0.067971
13.97239 1169854 -68.7151 -0.063531
13.97464 1172488 -55.8423 -0.051571
13.97689 1175128 -66.2568 -0.061121
13.97914 1177774 -77.7481 -0.071641
13.98139 1180426 -78.0809 -0.071866
13.98364 1183084 -86.8265 -0.079826
13.98588 1185748 -76.6810 -0.070419
13.98813 1188418 -77.9698 -0.071522
13.99038 1191094 -71.6227 -0.065626
13.99263 1193776 -65.7820 -0.060207
13.99488 1196464 -67.9464 -0.062118
13.99713 1199158 -64.7671 -0.059145
13.99938 1201858 -65.9516 -0.060159
14.00163 1204565 -51.9889 -0.047369
14.00388 1207277 -52.2261 -0.047532
14.00613 1209995 -50.6022 -0.046002
14.00838 1212720 -36.1299 -0.032809
14.01063 1215451 -32.0315 -0.029054
14.01287 1218187 -42.9831 -0.038944
14.01512 1220930 -33.7468 -0.030541
14.01737 1223680 -48.9226 -0.044226
14.01962 1226435 -55.7186 -0.050313
14.02187 1229196 -58.5382 -0.052799
14.02412 1231964 -57.4884 -0.051794
14.02637 1234738 -46.0954 -0.041483
14.02862 1237519 -62.1309 -0.055851
14.03087 1240305 -53.9650 -0.048456
14.03312 1243098 -49.6059 -0.044492
14.03537 1245897 -51.6048 -0.046233
14.03762 1248702 -61.4591 -0.054999
14.03986 1251514 -67.8105 -0.060615
14.04211 1254332 -88.8228 -0.079308
14.04436 1257156 -80.3054 -0.071623
14.04661 1259987 -80.6804 -0.071876
14.04886 1262824 -71.0859 -0.063258
14.05111 1265668 -64.3874 -0.057232
14.05336 1268518 -52.1823 -0.046331
14.05561 1271374 -54.6578 -0.048475
14.05786 1274237 -43.4735 -0.038512
14.06011 1277106 -35.4151 -0.031338
14.06236 1279982 -42.5315 -0.037593
14.06461 1282864 -33.6652 -0.029723
14.06685 1285752 -36.8593 -0.032506
14.06910 1288648 -46.6863 -0.041127
14.07135 1291549 -38.6760 -0.034032
14.07360 1294457 -42.7159 -0.037544
14.07585 1297372 -26.7500 -0.023485
14.07810 1300293 -29.2722 -0.025671
14.08035 1303221 -54.6893 -0.047906
14.08260 1306156 -59.3719 -0.051950
14.08485 1309097 -53.5397 -0.046794
14.08710 1312044 -49.7896 -0.043468
14.08935 1314999 -52.4152 -0.045708
14.09160 1317960 -68.7616 -0.059896
14.09384 1320927 -63.5042 -0.055254
14.09609 1323902 -40.4795 -0.035181
14.09834 1326883 -36.8309 -0.031974
14.10059 1329871 -30.9599 -0.026847
14.10284 1332865 -18.3673 -0.015909
14.10509 1335866 -12.2235 -0.010576
14.10734 1338874 -5.6276 -0.004864
14.10959 1341889 10.4174 0.008993
14.11184 1344910 24.6310 0.021239
14.11409 1347939 32.9755 0.028402
14.11634 1350974 26.5104 0.022808
14.11859 1354016 34.8571 0.029956
14.12083 1357065 32.8688 0.028215
14.12308 1360120 33.8031 0.028985
14.12533 1363183 23.6754 0.020278
14.12758 1366253 30.2919 0.025916
14.12983 1369329 35.4078 0.030258
14.13208 1372412 51.7254 0.044153
14.13433 1375502 70.5377 0.060144
14.13658 1378600 71.7896 0.061142
14.13883 1381704 62.2534 0.052961
14.14108 1384815 58.0357 0.049317
14.14333 1387933 69.0045 0.058572
14.14558 1391058 63.5450 0.053878
14.14782 1394191 62.1834 0.052664
14.15007 1397330 57.4310 0.048584
14.15232 1400476 64.1918 0.054243
14.15457 1403630 50.5275 0.042648
14.15682 1406790 39.8115 0.033566
14.15907 1409958 53.1126 0.044730
14.16132 1413133 49.8111 0.041902
14.16357 1416315 55.9682 0.047028
14.16582 1419504 65.6289 0.055084
14.16807 1422700 70.7119 0.059284
14.17032 1425904 69.2623 0.058003
14.17257 1429114 70.6545 0.059103
14.17481 1432332 58.6591 0.049013
14.17706 1435558 63.9284 0.053356
14.17931 1438790 49.7094 0.041442
14.18156 1442030 43.1709 0.035950
14.18381 1445277 37.8507 0.031485
14.18606 1448531 40.2377 0.033433
14.18831 1451793 49.3662 0.040971
14.19056 1455062 48.7521 0.040416
14.19281 1458338 33.9490 0.028112
14.19506 1461622 24.9349 0.020625
14.19731 1464913 23.3165 0.019264
14.19956 1468211 22.1666 0.018294
14.20180 1471517 5.7612 0.004749
14.20405 1474831 -11.4993 -0.009469
14.20630 1478152 -23.0844 -0.018987
14.20855 1481480 -29.1195 -0.023924
14.21080 1484816 -39.5527 -0.032459
14.21305 1488159 -44.5954 -0.036557
14.21530 1491510 -58.9932 -0.048305
14.21755 1494869 -41.5317 -0.033969
14.21980 1498235 -54.4275 -0.044466
14.22205 1501608 -37.0597 -0.030243
14.22430 1504989 -25.5853 -0.020856
14.22655 1508378 -12.5218 -0.010196
14.22880 1511775 4.1671 0.003389
14.23104 1515179 0.5912 0.000480
14.23329 1518590 14.7057 0.011933
14.23554 1522010 23.0534 0.018686
14.23779 1525437 15.9870 0.012944
14.24004 1528872 -3.7246 -0.003012
14.24229 1532314 1.1443 0.000924
14.24454 1535765 5.1122 0.004125
14.24679 1539223 0.3621 0.000292
14.24904 1542689 1.4512 0.001168
14.25129 1546162 19.8308 0.015948
14.25354 1549644 9.5178 0.007646
14.25578 1553133 -1.3074 -0.001049
14.25803 1556630 -10.0131 -0.008026
14.26028 1560135 2.0837 0.001668
14.26253 1563648 7.3108 0.005846
14.26478 1567169 -0.2627 -0.000210
14.26703 1570698 -20.3292 -0.016221
14.26928 1574235 -36.7930 -0.029325
14.27153 1577779 -28.2413 -0.022483
14.27378 1581332 -47.2601 -0.037582
14.27603 1584893 -38.9600 -0.030947
14.27828 1588461 -47.0175 -0.037305
14.28053 1592038 -40.1571 -0.031826
14.28277 1595623 -40.7025 -0.032222
14.28502 1599216 -29.0802 -0.022996
14.28727 1602817 -38.4990 -0.030409
14.28952 1606426 -37.6918 -0.029738
14.29177 1610043 -33.6547 -0.026523
14.29402 1613668 -34.8975 -0.027472
14.29627 1617302 -25.1170 -0.019750
14.29852 1620943 -25.1954 -0.019790
14.30077 1624593 -23.0240 -0.018064
14.30302 1628251 -29.0413 -0.022759
14.30527 1631918 -41.0002 -0.032095
14.30752 1635592 -43.2841 -0.033845
14.30976 1639275 -61.2713 -0.047855
14.31201 1642966 -69.8190 -0.054470
14.31426 1646666 -61.2169 -0.047706
14.31651 1650374 -61.0031 -0.047485
14.31876 1654090 -52.8804 -0.041116
14.32101 1657814 -50.3741 -0.039124
14.32326 1661547 -64.3839 -0.049948
14.32551 1665289 -69.3978 -0.053778
14.32776 1669038 -68.5645 -0.053072
14.33001 1672796 -60.9946 -0.047160
14.33226 1676563 -40.1807 -0.031032
14.33451 1680338 -34.5492 -0.026653
14.33675 1684122 -24.9538 -0.019229
14.33900 1687914 -47.5704 -0.036615
14.34125 1691715 -51.3935 -0.039513
14.34350 1695524 -50.3802 -0.038691
14.34575 1699342 -40.3680 -0.030967
14.34800 1703168 -46.0010 -0.035248
14.35025 1707003 -36.3048 -0.027787
14.35250 1710847 -36.9482 -0.028248
14.35475 1714699 -22.7134 -0.017346
14.35700 1718560 -33.0197 -0.025188
14.35925 1722430 -43.6954 -0.033294
14.36150 1726308 -34.5262 -0.026278
14.36374 1730195 -28.3843 -0.021579
14.36599 1734091 -18.3629 -0.013945
14.36824 1737996 -22.2159 -0.016852
14.37049 1741909 -45.3732 -0.034378
14.37274 1745831 -63.2349 -0.047858
14.37499 1749763 -59.8094 -0.045215
14.37724 1753702 -62.2207 -0.046985
14.37949 1757651 -76.8849 -0.057993
14.38174 1761609 -85.3838 -0.064331
14.38399 1765576 -103.0737 -0.077572
14.38624 1769551 -94.0992 -0.070738
14.38849 1773536 -87.6781 -0.065837
14.39073 1777529 -81.7028 -0.061281
14.39298 1781532 -93.3356 -0.069928
14.39523 1785543 -88.5042 -0.066234
14.39748 1789564 -91.0341 -0.068050
14.39973 1793593 -71.1090 -0.053096
14.40198 1797632 -79.0024 -0.058924
14.40423 1801679 -64.6287 -0.048149
14.40648 1805736 -56.0842 -0.041736
14.40873 1809802 -47.6380 -0.035411
14.41098 1813877 -58.0418 -0.043096
14.41323 1817962 -39.4979 -0.029294
14.41548 1822055 -27.9563 -0.020711
14.41772 1826158 -49.3328 -0.036506
14.41997 1830270 -50.4703 -0.037306
14.42222 1834391 -38.8370 -0.028675
14.42447 1838522 -37.4751 -0.027638
14.42672 1842661 -49.9357 -0.036786
14.42897 1846811 -29.9158 -0.022013
14.43122 1850969 -6.7897 -0.004991
14.43347 1855137 -8.6376 -0.006342
14.43572 1859314 -15.4744 -0.011348
14.43797 1863501 -19.6447 -0.014391
14.44022 1867697 -29.3060 -0.021444
14.44247 1871902 -18.7443 -0.013700
14.44471 1876117 -6.0210 -0.004396
14.44696 1880342 8.5830 0.006259
14.44921 1884576 5.3305 0.003883
14.45146 1888819 2.6602 0.001936
14.45371 1893072 -13.1678 -0.009570
14.45596 1897335 -12.3559 -0.008970
14.45821 1901607 -11.0097 -0.007984
14.46046 1905889 -5.9045 -0.004277
14.46271 1910180 -6.0153 -0.004352
14.46496 1914481 2.9456 0.002129
14.46721 1918792 -7.9519 -0.005741
14.46946 1923113 -1.7643 -0.001272
14.47170 1927443 5.2484 0.003780
14.47395 1931783 0.4999 0.000360
14.47620 1936133 0.6990 0.000502
14.47845 1940493 10.2597 0.007365
14.48070 1944862 11.8490 0.008496
14.48295 1949241 21.0000 0.015041
14.48520 1953630 11.2602 0.008056
14.48745 1958029 16.6981 0.011933
14.48970 1962438 22.0171 0.015717
14.49195 1966857 23.7811 0.016957
14.49420 1971286 22.0948 0.015737
14.49645 1975725 25.3796 0.018056
14.49869 1980173 42.1881 0.029980
14.50094 1984632 48.1523 0.034180
14.50319 1989101 40.9694 0.029049
14.50544 1993580 59.0802 0.041843
14.50769 1998069 54.0276 0.038222
14.50994 2002568 56.4205 0.039870
14.51219 2007077 48.7819 0.034433
14.51444 2011596 62.7324 0.044230
14.51669 2016126 34.3100 0.024164
14.51894 2020665 57.5740 0.040502
14.52119 2025215 52.9797 0.037228
14.52344 2029775 47.6855 0.033470
14.52568 2034346 30.9866 0.021725
14.52793 2038927 40.0731 0.028064
14.53018 2043518 30.9541 0.021654
14.53243 2048119 1.4422 0.001008
14.53468 2052731 -9.2000 -0.006421
14.53693 2057353 -9.7224 -0.006778
14.53918 2061986 -15.2551 -0.010624
14.54143 2066628 -22.5162 -0.015663
14.54368 2071282 -18.5824 -0.012912
14.54593 2075946 -17.7734 -0.012336
14.54818 2080620 -31.0059 -0.021495
14.55043 2085305 -30.8375 -0.021355
14.55268 2090001 -30.1943 -0.020886
14.55492 2094707 -31.7879 -0.021963
14.55717 2099423 -34.6584 -0.023920
14.55942 2104151 -26.1730 -0.018043
14.56167 2108889 -23.2280 -0.015995
14.56392 2113637 -17.7925 -0.012238
14.56617 2118396 -12.4066 -0.008524
14.56842 2123166 7.3848 0.005068
14.57067 2127947 28.4218 0.019484
14.57292 2132739 14.6744 0.010048
14.57517 2137541 17.0556 0.011666
14.57742 2142354 -0.6741 -0.000461
14.57966 2147178 24.8610 0.016966
14.58191 2152013 15.9146 0.010849
14.58416 2156858 9.9498 0.006775
14.58641 2161715 16.6013 0.011291
14.58866 2166583 28.9188 0.019647
14.59091 2171461 3.5767 0.002427
14.59316 2176350 -11.1755 -0.007575
14.59541 2181251 -0.2160 -0.000146
14.59766 2186162 6.6836 0.004520
14.59991 2191085 -21.6610 -0.014634
14.60216 2196019 -26.9616 -0.018194
14.60441 2200964 -11.6976 -0.007885
14.60665 2205919 -9.6464 -0.006495
14.60890 2210886 -5.6821 -0.003821
14.61115 2215865 9.6424 0.006478
14.61340 2220854 13.7154 0.009203
14.61565 2225855 -8.8170 -0.005910
14.61790 2230867 -22.4483 -0.015030
14.62015 2235890 -29.3492 -0.019628
14.62240 2240925 -13.2834 -0.008873
14.62465 2245971 -2.8261 -0.001886
14.62690 2251028 14.0728 0.009380
14.62915 2256096 31.1744 0.020755
14.63140 2261176 14.9860 0.009966
14.63364 2266268 9.2651 0.006154
14.63589 2271371 3.6267 0.002406
14.63814 2276485 10.6437 0.007054
14.64039 2281611 -0.6048 -0.000400
14.64264 2286749 -21.1419 -0.013981
14.64489 2291898 -2.6702 -0.001764
14.64714 2297059 -16.7971 -0.011083
14.64939 2302231 -3.9633 -0.002612
14.65164 2307415 -3.2063 -0.002111
14.65389 2312610 20.7059 0.013616
14.65614 2317818 24.7282 0.016242
14.65839 2323037 8.3893 0.005504
14.66063 2328267 -6.9032 -0.004524
14.66288 2333510 -1.4809 -0.000969
14.66513 2338764 16.4118 0.010732
14.66738 2344031 8.2162 0.005366
14.66963 2349309 -12.0766 -0.007879
14.67188 2354599 -25.6836 -0.016738
14.67413 2359900 -27.4214 -0.017850
14.67638 2365214 -25.8791 -0.016827
14.67863 2370540 -10.7155 -0.006960
14.68088 2375878 2.6949 0.001748
14.68313 2381227 0.7884 0.000511
14.68538 2386589 16.3016 0.010552
14.68762 2391963 19.8652 0.012844
14.68987 2397349 26.3937 0.017047
14.69212 2402747 26.1958 0.016900
14.69437 2408158 -17.1751 -0.011068
14.69662 2413580 -16.7732 -0.010797
14.69887 2419015 -13.9917 -0.008996
14.70112 2424462 -34.6587 -0.022259
14.70337 2429921 -25.2665 -0.016209
14.70562 2435392 -33.5271 -0.021484
14.70787 2440876 -28.2447 -0.018079
14.71012 2446372 -51.0174 -0.032618
14.71237 2451881 -50.5495 -0.032283
14.71461 2457401 -45.6724 -0.029135
14.71686 2462935 -47.8909 -0.030516
14.71911 2468481 -53.6691 -0.034159
14.72136 2474039 -25.0278 -0.015912
14.72361 2479610 -26.4596 -0.016803
14.72586 2485193 -49.6721 -0.031509
14.72811 2490789 -66.1375 -0.041906
14.73036 2496397 -60.6396 -0.038380
14.73261 2502018 -54.5750 -0.034502
14.73486 2507652 -72.5125 -0.045791
14.73711 2513299 -72.4614 -0.045707
14.73936 2518958 -80.6417 -0.050810
14.74161 2524630 -69.1269 -0.043506
14.74385 2530315 -65.5374 -0.041200
14.74610 2536012 -55.0979 -0.034599
14.74835 2541722 -66.5730 -0.041757
14.75060 2547446 -66.1239 -0.041429
14.75285 2553182 -58.5966 -0.036672
14.75510 2558931 -56.4066 -0.035261
14.75735 2564693 -85.3113 -0.053271
14.75960 2570468 -65.9579 -0.041140
14.76185 2576255 -75.7935 -0.047221
14.76410 2582056 -97.4549 -0.060649
14.76635 2587870 -115.2394 -0.071636
14.76860 2593698 -117.9891 -0.073263
14.77084 2599538 -120.0556 -0.074462
14.77309 2605391 -136.3111 -0.084449
14.77534 2611258 -144.6543 -0.089517
14.77759 2617137 -136.5451 -0.084404
14.77984 2623030 -124.0007 -0.076564
14.78209 2628937 -121.2128 -0.074758
14.78434 2634856 -109.6053 -0.067523
14.78659 2640789 -114.1244 -0.070228
14.78884 2646735 -73.9335 -0.045445
14.79109 2652695 -94.6308 -0.058102
14.79334 2658668 -89.9923 -0.055192
14.79559 2664655 -83.2079 -0.050973
14.79783 2670655 -99.1823 -0.060691
14.80008 2676668 -73.4034 -0.044866
14.80233 2682695 -43.3153 -0.026446
14.80458 2688736 -36.6108 -0.022327
14.80683 2694790 -43.8032 -0.026684
14.80908 2700858 -34.2752 -0.020856
14.81133 2706940 -39.5515 -0.024039
14.81358 2713035 -55.0555 -0.033425
14.81583 2719144 -47.6323 -0.028886
14.81808 2725266 -47.8056 -0.028958
14.82033 2731403 -49.4668 -0.029931
14.82258 2737553 -64.2662 -0.038842
14.82482 2743717 -61.6190 -0.037200
14.82707 2749895 -75.6239 -0.045604
14.82932 2756087 -57.8221 -0.034830
14.83157 2762293 -68.1375 -0.040997
14.83382 2768513 -108.8112 -0.065396
14.83607 2774747 -98.1369 -0.058914
14.83832 2780995 -116.7518 -0.070011
14.84057 2787257 -103.9915 -0.062289
14.84282 2793533 -105.4116 -0.063068
14.84507 2799823 -105.7841 -0.063220
14.84732 2806127 -88.4799 -0.052819
14.84957 2812446 -94.5852 -0.056400
14.85181 2818779 -112.9040 -0.067248
14.85406 2825126 -101.2681 -0.060250
14.85631 2831487 -127.7207 -0.075902
14.85856 2837863 -121.7193 -0.072254
14.86081 2844253 -112.8248 -0.066899
14.86306 2850657 -123.7073 -0.073269
14.86531 2857076 -115.1895 -0.068148
14.86756 2863509 -75.8898 -0.044847
14.86981 2869957 -104.2802 -0.061555
14.87206 2876419 -72.2346 -0.042591
14.87431 2882896 -85.0461 -0.050089
14.87655 2889387 -91.1356 -0.053615
14.87880 2895894 -104.4106 -0.061355
14.88105 2902414 -92.9086 -0.054535
14.88330 2908950 -85.9497 -0.050394
14.88555 2915500 -93.8484 -0.054963
14.88780 2922064 -108.2693 -0.063337
14.89005 2928644 -92.3231 -0.053948
14.89230 2935238 -84.7087 -0.049443
14.89455 2941848 -78.1261 -0.045550
14.89680 2948472 -84.4602 -0.049187
14.89905 2955111 -82.0467 -0.047728
14.90130 2961765 -99.4909 -0.057811
14.90355 2968434 -100.0788 -0.058087
14.90579 2975118 -108.2884 -0.062781
14.90804 2981817 -111.0728 -0.064323
14.91029 2988531 -103.8472 -0.060071
14.91254 2995261 -98.0786 -0.056670
14.91479 3002005 -56.9261 -0.032855
14.91704 3008765 -47.8425 -0.027582
14.91929 3015539 -80.4374 -0.046321
14.92154 3022329 -68.2729 -0.039271
14.92379 3029135 -73.6381 -0.042310
14.92604 3035956 -68.4718 -0.039297
14.92829 3042792 -73.9334 -0.042384
14.93054 3049643 -71.4481 -0.040913
14.93278 3056510 -68.1838 -0.039000
14.93503 3063392 -97.8507 -0.055907
14.93728 3070290 -85.1393 -0.048589
14.93953 3077203 -45.3677 -0.025862
14.94178 3084132 -64.7448 -0.036867
14.94403 3091077 -79.5470 -0.045245
14.94628 3098037 -40.6760 -0.023110
14.94853 3105013 -37.8717 -0.021492
14.95078 3112005 -16.3394 -0.009262
14.95303 3119012 4.5735 0.002590
14.95528 3126035 20.0580 0.011345
14.95753 3133074 35.3917 0.019995
14.95977 3140129 23.9551 0.013518
14.96202 3147199 8.0999 0.004566
14.96427 3154286 6.8344 0.003848
14.96652 3161388 7.3084 0.004110
14.96877 3168507 17.4728 0.009816
14.97102 3175641 5.5524 0.003116
14.97327 3182792 17.2053 0.009644
14.97552 3189959 48.9857 0.027427
14.97777 3197141 40.6712 0.022746
14.98002 3204340 63.6805 0.035574
14.98227 3211556 32.5369 0.018156
14.98452 3218787 25.8029 0.014382
14.98676 3226035 38.4968 0.021433
14.98901 3233299 68.4689 0.038078
14.99126 3240579 55.7236 0.030955
14.99351 3247876 52.6148 0.029195
14.99576 3255189 18.2993 0.010143
14.99801 3262519 14.6509 0.008111
15.00026 3269865 27.5323 0.015226
15.00251 3277228 -3.6730 -0.002029
15.00476 3284607 -6.5481 -0.003613
15.00701 3292003 -1.8342 -0.001011
15.00926 3299416 1.5010 0.000826
15.01151 3306845 3.7180 0.002045
15.01375 3314291 25.9345 0.014246
15.01600 3321754 35.5196 0.019489
15.01825 3329234 33.3732 0.018291
15.02050 3336730 22.7585 0.012459
15.02275 3344243 42.0074 0.022971
15.02500 3351773 32.0668 0.017515
15.02725 3359321 29.1080 0.015881
15.02950 3366885 2.7384 0.001492
15.03175 3374466 25.6647 0.013971
15.03400 3382064 30.8158 0.016756
15.03625 3389680 29.5985 0.016076
15.03850 3397312 48.3179 0.026214
15.04074 3404962 45.5852 0.024704
15.04299 3412629 63.8604 0.034569
15.04524 3420313 69.8035 0.037744
15.04749 3428015 89.1540 0.048153
15.04974 3435734 68.2358 0.036813
15.05199 3443470 82.3930 0.044401
15.05424 3451223 76.2568 0.041048
15.05649 3458995 46.2006 0.024841
15.05874 3466783 -0.7957 -0.000427
15.06099 3474589 12.0223 0.006450
15.06324 3482413 9.4992 0.005090
15.06549 3490254 9.6447 0.005162
15.06773 3498113 -4.2617 -0.002279
15.06998 3505990 3.3247 0.001776
15.07223 3513885 5.2666 0.002810
15.07448 3521797 14.4102 0.007679
15.07673 3529727 24.7453 0.013171
15.07898 3537675 31.8611 0.016940
15.08123 3545640 34.4071 0.018273
15.08348 3553624 23.3165 0.012369
15.08573 3561626 47.8980 0.025380
15.08798 3569646 58.2430 0.030827
15.09023 3577683 34.9639 0.018485
15.09248 3585739 16.2454 0.008579
15.09472 3593813 9.8618 0.005202
15.09697 3601905 12.7563 0.006721
15.09922 3610016 16.9689 0.008931
15.10147 3618144 34.2909 0.018028
15.10372 3626291 30.9376 0.016246
15.10597 3634457 37.4775 0.019659
15.10822 3642640 49.6042 0.025990
15.11047 3650843 66.5542 0.034832
15.11272 3659063 90.8202 0.047479
15.11497 3667302 53.8809 0.028136
15.11722 3675560 50.7987 0.026497
15.11947 3683836 46.7591 0.024362
15.12171 3692131 47.9506 0.024955
15.12396 3700445 29.4528 0.015311
15.12621 3708777 21.5857 0.011209
15.12846 3717128 21.8968 0.011357
15.13071 3725498 20.8336 0.010794
15.13296 3733887 15.0089 0.007767
15.13521 3742294 5.2625 0.002720
15.13746 3750721 -13.0595 -0.006743
15.13971 3759166 -14.1528 -0.007300
15.14196 3767631 -20.3857 -0.010502
15.14421 3776114 -15.3494 -0.007899
15.14646 3784617 -17.2837 -0.008884
15.14870 3793139 -38.7033 -0.019872
15.15095 3801680 -54.7545 -0.028082
15.15320 3810240 -56.4078 -0.028898
15.15545 3818819 -94.5146 -0.048365
15.15770 3827418 -105.9219 -0.054142
15.15995 3836036 -111.3183 -0.056836
15.16220 3844674 -100.0661 -0.051034
15.16445 3853331 -98.5669 -0.050213
15.16670 3862008 -82.2944 -0.041876
15.16895 3870704 -68.5307 -0.034833
15.17120 3879419 -57.7317 -0.029311
15.17345 3888155 -54.9183 -0.027851
15.17569 3896910 -74.6657 -0.037823
15.17794 3905684 -85.1375 -0.043080
15.18019 3914479 -110.6576 -0.055930
15.18244 3923293 -127.3267 -0.064283
15.18469 3932127 -143.7928 -0.072514
15.18694 3940981 -131.9660 -0.066475
15.18919 3949855 -111.7688 -0.056238
15.19144 3958749 -113.3200 -0.056954
15.19369 3967663 -105.4246 -0.052927
15.19594 3976597 -76.0326 -0.038128
15.19819 3985551 -93.6709 -0.046920
15.20044 3994525 -121.0217 -0.060552
15.20268 4003520 -111.1815 -0.055566
15.20493 4012534 -135.1073 -0.067448
15.20718 4021569 -150.6392 -0.075117
15.20943 4030625 -138.5264 -0.069000
15.21168 4039700 -165.5539 -0.082369
15.21393 4048797 -193.8215 -0.096325
15.21618 4057913 -188.2903 -0.093471
15.21843 4067050 -185.2126 -0.091840
15.22068 4076208 -189.0776 -0.093651
15.22293 4085387 -168.3779 -0.083305
15.22518 4094586 -201.1149 -0.099389
15.22743 4103805 -236.3589 -0.116675
15.22967 4113046 -229.4466 -0.113136
15.23192 4122307 -233.9457 -0.115225
15.23417 4131589 -195.5196 -0.096190
15.23642 4140893 -196.1995 -0.096416
15.23867 4150217 -206.3175 -0.101275
15.24092 4159562 -178.0771 -0.087314
15.24317 4168928 -181.6891 -0.088985
15.24542 4178315 -202.4509 -0.099042
15.24767 4187723 -204.3063 -0.099837
15.24992 4197153 -196.0582 -0.095699
15.25217 4206603 -219.5080 -0.107025
15.25442 4216075 -208.8741 -0.101726
15.25666 4225569 -216.8286 -0.105481
15.25891 4235083 -210.2533 -0.102167
15.26116 4244620 -217.2190 -0.105433
15.26341 4254177 -209.6078 -0.101625
15.26566 4263756 -211.0447 -0.102206
15.26791 4273357 -202.9212 -0.098162
15.27016 4282979 -182.3032 -0.088089
15.27241 4292623 -195.3119 -0.094269
15.27466 4302289 -163.2967 -0.078728
15.27691 4311976 -152.5732 -0.073475
15.27916 4321686 -108.6351 -0.052257
15.28141 4331417 -68.6206 -0.032972
15.28365 4341170 -109.6399 -0.052622
15.28590 4350945 -122.2774 -0.058621
15.28815 4360742 -121.8096 -0.058331
15.29040 4370561 -129.8997 -0.062135
15.29265 4380402 -123.6844 -0.059096
15.29490 4390266 -97.0014 -0.046295
15.29715 4400151 -118.4219 -0.056454
15.29940 4410059 -104.6633 -0.049839
15.30165 4419989 -115.5977 -0.054984
15.30390 4429942 -91.7827 -0.043608
15.30615 4439916 -45.8699 -0.021769
15.30840 4449914 -53.5660 -0.025393
15.31064 4459934 -34.9717 -0.016560
15.31289 4469976 -28.9824 -0.013708
15.31514 4480041 -1.7717 -0.000837
15.31739 4490129 21.0532 0.009935
15.31964 4500239 -1.6697 -0.000787
15.32189 4510372 1.3724 0.000646
15.32414 4520528 3.5060 0.001649
15.32639 4530707 17.2481 0.008103
15.32864 4540909 39.6239 0.018595
15.33089 4551134 8.6263 0.004044
15.33314 4561382 -9.8008 -0.004589
15.33539 4571653 -41.4030 -0.019364
15.33763 4581946 -17.8397 -0.008334
15.33988 4592264 -15.2689 -0.007125
15.34213 4602604 -49.1765 -0.022922
15.34438 4612968 -22.7496 -0.010592
15.34663 4623355 -37.2844 -0.017340
15.34888 4633765 -74.6967 -0.034700
15.35113 4644199 -58.0590 -0.026941
15.35338 4654656 -71.6469 -0.033209
15.35563 4665137 -51.8790 -0.024019
15.35788 4675642 -26.4882 -0.012250
15.36013 4686170 -17.5154 -0.008091
15.36238 4696722 -11.3053 -0.005217
15.36462 4707297 -35.5442 -0.016383
15.36687 4717897 -33.1730 -0.015273
15.36912 4728520 -36.8073 -0.016927
15.37137 4739167 3.8651 0.001775
15.37362 4749838 27.1379 0.012452
15.37587 4760534 16.9171 0.007753
15.37812 4771253 35.7073 0.016347
15.38037 4781996 1.9773 0.000904
15.38262 4792764 17.8359 0.008147
15.38487 4803556 -6.2482 -0.002851
15.38712 4814372 -21.4075 -0.009757
15.38937 4825212 -26.6200 -0.012119
15.39161 4836077 -61.6222 -0.028021
15.39386 4846967 -60.4968 -0.027479
15.39611 4857881 -44.6359 -0.020252
15.39836 4868819 -96.7331 -0.043839
15.40061 4879782 -85.5824 -0.038742
15.40286 4890770 -51.4546 -0.023267
15.40511 4901783 -40.9962 -0.018517
15.40736 4912820 -59.0590 -0.026645
15.40961 4923882 -47.8260 -0.021553
15.41186 4934969 -43.2888 -0.019486
15.41411 4946081 -55.1317 -0.024790
15.41636 4957218 -87.5069 -0.039303
15.41860 4968381 -98.1958 -0.044054
15.42085 4979568 -49.1466 -0.022024
15.42310 4990780 -56.9498 -0.025492
15.42535 5002018 -80.2201 -0.035868
15.42760 5013281 -76.0430 -0.033962
15.42985 5024570 -78.1780 -0.034877
15.43210 5035883 -78.4583 -0.034962
15.43435 5047223 -102.1900 -0.045486
15.43660 5058587 -90.9912 -0.040456
15.43885 5069978 -90.1984 -0.040059
15.44110 5081394 -88.8843 -0.039431
15.44335 5092836 -57.9334 -0.025671
15.44559 5104303 -50.4058 -0.022311
15.44784 5115797 -44.2682 -0.019572
15.45009 5127316 -44.5756 -0.019686
15.45234 5138861 -34.8969 -0.015394
15.45459 5150432 -14.7687 -0.006508
15.45684 5162029 -6.7375 -0.002965
15.45909 5173653 -16.1060 -0.007081
15.46134 5185302 -25.8387 -0.011347
15.46359 5196978 0.3868 0.000170
15.46584 5208680 -23.1955 -0.010163
15.46809 5220408 -33.0172 -0.014451
15.47034 5232163 -58.3507 -0.025510
15.47258 5243944 -22.4746 -0.009814
15.47483 5255752 -20.8649 -0.009101
15.47708 5267587 -49.5199 -0.021576
15.47933 5279448 -33.7417 -0.014685
15.48158 5291335 -35.5132 -0.015439
15.48383 5303250 -52.9110 -0.022976
15.48608 5315191 -67.7568 -0.029390
15.48833 5327159 -96.1251 -0.041647
15.49058 5339154 -160.6996 -0.069547
15.49283 5351177 -141.7234 -0.061266
15.49508 5363226 -164.0890 -0.070854
15.49733 5375302 -196.9012 -0.084927
15.49957 5387406 -186.8912 -0.080519
15.50182 5399537 -177.4505 -0.076366
15.50407 5411695 -203.9023 -0.087651
15.50632 5423880 -231.6931 -0.099485
15.50857 5436093 -217.0024 -0.093072
15.51082 5448334 -207.7737 -0.089014
15.51307 5460602 -223.8568 -0.095797
15.51532 5472897 -208.1622 -0.088980
15.51757 5485221 -242.5059 -0.103544
15.51982 5497572 -230.1551 -0.098160
15.52207 5509951 -190.3609 -0.081097
15.52432 5522357 -196.6821 -0.083696
15.52656 5534792 -150.1728 -0.063832
15.52881 5547255 -156.6422 -0.066507
15.53106 5559745 -177.1124 -0.075114
15.53331 5572264 -137.0884 -0.058074
15.53556 5584811 -127.9744 -0.054153
15.53781 5597387 -130.2715 -0.055063
15.54006 5609990 -112.1097 -0.047333
15.54231 5622622 -111.3976 -0.046979
15.54456 5635283 -125.7768 -0.052984
15.54681 5647972 -124.5124 -0.052392
15.54906 5660689 -155.4851 -0.065351
15.55131 5673435 -176.4181 -0.074066
15.55355 5686210 -153.8420 -0.064515
15.55580 5699014 -148.5395 -0.062222
15.55805 5711846 -98.5840 -0.041249
15.56030 5724708 -79.4218 -0.033194
15.56255 5737598 -78.6979 -0.032855
15.56480 5750517 -72.8214 -0.030367
15.56705 5763466 -73.9932 -0.030821
15.56930 5776443 -78.2867 -0.032573
15.57155 5789450 -83.7857 -0.034822
15.57380 5802486 -55.8357 -0.023180
15.57605 5815552 -31.6979 -0.013144
15.57830 5828647 -35.6929 -0.014784
15.58054 5841771 -33.8248 -0.013995
15.58279 5854925 -4.2984 -0.001776
15.58504 5868108 -28.4203 -0.011732
15.58729 5881322 -18.0901 -0.007459
15.58954 5894565 -29.3482 -0.012088
15.59179 5907837 -26.8945 -0.011065
15.59404 5921140 -51.3338 -0.021096
15.59629 5934473 -56.9187 -0.023365
15.59854 5947835 -78.3295 -0.032118
15.60079 5961228 -65.9988 -0.027031
15.60304 5974651 -34.4330 -0.014087
15.60529 5988104 -19.1369 -0.007820
15.60753 6001587 -28.1718 -0.011500
15.60978 6015101 -8.7886 -0.003583
15.61203 6028645 -15.8064 -0.006438
15.61428 6042220 -51.1833 -0.020822
15.61653 6055825 -71.4360 -0.029029
15.61878 6069461 -74.4009 -0.030200
15.62103 6083128 -58.8254 -0.023851
15.62328 6096825 -117.1806 -0.047457
15.62553 6110553 -114.0196 -0.046125
15.62778 6124313 -93.9683 -0.037971
15.63003 6138103 -111.1554 -0.044866
15.63228 6151924 -113.3534 -0.045701
15.63452 6165776 -86.4722 -0.034824
15.63677 6179660 -115.5550 -0.046484
15.63902 6193574 -162.2073 -0.065178
15.64127 6207520 -127.8535 -0.051316
15.64352 6221498 -142.3899 -0.057086
15.64577 6235507 -169.7435 -0.067976
15.64802 6249547 -151.7334 -0.060696
15.65027 6263619 -177.0460 -0.070741
15.65252 6277723 -186.1933 -0.074313
15.65477 6291859 -201.5819 -0.080364
15.65702 6306026 -182.5318 -0.072688
15.65927 6320225 -172.1116 -0.068461
15.66151 6334457 -168.2789 -0.066861
15.66376 6348720 -213.4824 -0.084726
15.66601 6363015 -227.2964 -0.090108
15.66826 6377343 -205.3409 -0.081312
15.67051 6391703 -212.5090 -0.084056
15.67276 6406095 -221.3816 -0.087467
15.67501 6420520 -206.1136 -0.081343
15.67726 6434977 -206.4090 -0.081368
15.67951 6449466 -182.0161 -0.071672
15.68176 6463989 -158.5791 -0.062373
15.68401 6478543 -171.8516 -0.067517
15.68626 6493131 -189.5283 -0.074378
15.68850 6507752 -184.8074 -0.072444
15.69075 6522405 -195.3442 -0.076489
15.69300 6537092 -236.2885 -0.092417
15.69525 6551811 -245.5261 -0.095922
15.69750 6566564 -228.7017 -0.089248
15.69975 6581350 -244.5530 -0.095327
15.70200 6596169 -222.2819 -0.086548
15.70425 6611022 -209.6672 -0.081545
15.70650 6625908 -245.3684 -0.095323
15.70875 6640827 -229.7293 -0.089147
15.71100 6655780 -224.3709 -0.086970
15.71325 6670767 -228.4641 -0.088457
15.71549 6685788 -243.8662 -0.094314
15.71774 6700842 -231.7921 -0.089543
15.71999 6715931 -246.0344 -0.094939
15.72224 6731053 -225.5460 -0.086935
15.72449 6746209 -192.2977 -0.074036
15.72674 6761400 -200.8736 -0.077251
15.72899 6776624 -197.0797 -0.075707
15.73124 6791883 -206.9089 -0.079393
15.73349 6807176 -214.6429 -0.082268
15.73574 6822504 -233.0625 -0.089228
15.73799 6837866 -266.7923 -0.102027
15.74024 6853263 -250.6744 -0.095755
15.74248 6868695 -293.4794 -0.111980
15.74473 6884161 -271.0521 -0.103306
15.74698 6899662 -282.7716 -0.107652
15.74923 6915198 -307.7150 -0.117016
15.75148 6930769 -302.7300 -0.114991
15.75373 6946375 -294.4158 -0.111707
15.75598 6962016 -290.2058 -0.109986
15.75823 6977692 -315.4669 -0.119426
15.76048 6993404 -298.6919 -0.112948
15.76273 7009151 -311.8665 -0.117797
15.76498 7024933 -305.8294 -0.115387
15.76723 7040752 -306.2991 -0.115435
15.76947 7056605 -318.1657 -0.119772
15.77172 7072495 -315.3455 -0.118577
15.77397 7088420 -315.9065 -0.118654
15.77622 7104381 -301.8652 -0.113253
15.77847 7120378 -300.5982 -0.112651
15.78072 7136410 -279.8156 -0.104745
15.78297 7152480 -267.1774 -0.099901
15.78522 7168585 -234.9940 -0.087769
15.78747 7184726 -261.4454 -0.097538
15.78972 7200904 -271.1827 -0.101057
15.79197 7217118 -249.8035 -0.092986
15.79422 7233369 -242.0206 -0.089987
15.79646 7249657 -250.0594 -0.092872
15.79871 7265981 -269.9916 -0.100162
15.80096 7282341 -288.5537 -0.106928
15.80321 7298739 -244.9790 -0.090679
15.80546 7315174 -244.1564 -0.090273
15.80771 7331645 -252.8330 -0.093376
15.80996 7348154 -229.4062 -0.084628
15.81221 7364700 -234.7510 -0.086503
15.81446 7381283 -247.7735 -0.091199
15.81671 7397903 -200.3150 -0.073648
15.81896 7414561 -192.6002 -0.070732
15.82121 7431256 -165.5980 -0.060747
15.82345 7447989 -151.3693 -0.055465
15.82570 7464760 -148.8520 -0.054481
15.82795 7481568 -143.6008 -0.052500
15.83020 7498415 -186.5236 -0.068116
15.83245 7515299 -170.8608 -0.062326
15.83470 7532221 -173.5521 -0.063237
15.83695 7549181 -135.2403 -0.049222
15.83920 7566180 -131.8704 -0.047941
15.84145 7583216 -177.6313 -0.064505
15.84370 7600292 -195.4144 -0.070883
15.84595 7617405 -188.1747 -0.068180
15.84820 7634557 -210.3698 -0.076136
15.85044 7651748 -200.5578 -0.072504
15.85269 7668977 -190.8640 -0.068922
15.85494 7686246 -168.9800 -0.060951
15.85719 7703553 -155.8666 -0.056157
15.85944 7720899 -145.1849 -0.052250
15.86169 7738284 -120.2595 -0.043231
15.86394 7755708 -108.5801 -0.038989
15.86619 7773172 -125.1738 -0.044897
15.86844 7790675 -113.2156 -0.040562
15.87069 7808217 -51.0775 -0.018279
15.87294 7825799 -46.6106 -0.016662
15.87519 7843420 -57.4015 -0.020496
15.87743 7861081 -58.1109 -0.020726
15.87968 7878782 -52.4451 -0.018684
15.88193 7896522 -18.6169 -0.006625
15.88418 7914303 -36.1555 -0.012852
15.88643 7932124 -54.8560 -0.019477
15.88868 7949984 -113.1362 -0.040125
15.89093 7967885 -78.8280 -0.027926
15.89318 7985827 -105.8045 -0.037441
15.89543 8003808 -67.3591 -0.023809
15.89768 8021830 -105.8679 -0.037379
15.89993 8039893 -55.3074 -0.019506
15.90218 8057997 -117.7101 -0.041467
15.90442 8076141 -112.3883 -0.039548
15.90667 8094326 -89.0795 -0.031310
15.90892 8112552 -81.5222 -0.028622
15.91117 8130819 -62.4628 -0.021906
15.91342 8149127 -47.1857 -0.016529
15.91567 8167476 -39.1580 -0.013702
15.91792 8185867 -58.3738 -0.020403
15.92017 8204299 -55.4096 -0.019345
15.92242 8222773 -56.3069 -0.019636
15.92467 8241288 -42.8661 -0.014932
15.92692 8259845 -20.9859 -0.007302
15.92917 8278444 -27.8785 -0.009689
15.93141 8297084 -2.8492 -0.000989
15.93366 8315767 2.7505 0.000954
15.93591 8334491 -25.9267 -0.008981
15.93816 8353258 -31.9136 -0.011042
15.94041 8372067 -24.4340 -0.008445
15.94266 8390918 20.4382 0.007056
15.94491 8409812 22.2565 0.007675
15.94716 8428749 52.5094 0.018087
15.94941 8447728 15.4393 0.005312
15.95166 8466749 10.9957 0.003779
15.95391 8485814 -38.6509 -0.013268
15.95616 8504921 -5.8937 -0.002021
15.95840 8524072 -38.5205 -0.013194
15.96065 8543266 -56.7198 -0.019405
15.96290 8562502 -67.3837 -0.023028
15.96515 8581783 -109.2794 -0.037303
15.96740 8601106 -119.8007 -0.040849
15.96965 8620473 -119.3630 -0.040654
15.97190 8639884 -131.4399 -0.044717
15.97415 8659338 -145.4401 -0.049424
15.97640 8678837 -156.1673 -0.053010
15.97865 8698379 -173.8794 -0.058956
15.98090 8717965 -181.8109 -0.061576
15.98315 8737595 -184.9795 -0.062579
15.98539 8757270 -150.7692 -0.050948
15.98764 8776988 -146.9205 -0.049592
15.98989 8796751 -140.1709 -0.047260
15.99214 8816559 -166.9550 -0.056228
15.99439 8836411 -172.0826 -0.057889
15.99664 8856308 -181.8936 -0.061121
15.99889 8876250 -200.6719 -0.067355
16.00114 8896237 -171.0302 -0.057342
16.00339 8916268 -155.6310 -0.052120
16.00564 8936345 -162.0652 -0.054214
16.00789 8956467 -169.6655 -0.056692
16.01014 8976634 -167.8924 -0.056037
16.01238 8996847 -155.2648 -0.051764
16.01463 9017105 -115.5788 -0.038490
16.01688 9037409 -105.5379 -0.035106
16.01913 9057758 -134.9164 -0.044829
16.02138 9078154 -144.4330 -0.047937
16.02363 9098595 -145.5196 -0.048243
16.02588 9119082 -144.8059 -0.047952
16.02813 9139616 -200.8949 -0.066452
16.03038 9160195 -213.6640 -0.070596
16.03263 9180821 -245.1203 -0.080898
16.03488 9201494 -245.0246 -0.080776
16.03713 9222213 -248.7063 -0.081897
16.03937 9242978 -228.8953 -0.075289
16.04162 9263791 -229.9693 -0.075557
16.04387 9284650 -189.0204 -0.062033
16.04612 9305556 -187.1322 -0.061345
16.04837 9326510 -207.5834 -0.067972
16.05062 9347510 -256.2829 -0.083825
16.05287 9368558 -256.9213 -0.083939
16.05512 9389653 -275.8814 -0.090032
16.05737 9410796 -280.4767 -0.091429
16.05962 9431986 -283.8008 -0.092409
16.06187 9453224 -290.1791 -0.094379
16.06412 9474510 -307.9324 -0.100041
16.06636 9495844 -329.4417 -0.106908
16.06861 9517225 -340.3106 -0.110311
16.07086 9538655 -338.6698 -0.109656
16.07311 9560134 -268.2341 -0.086753
16.07536 9581660 -236.1392 -0.076287
16.07761 9603235 -241.4274 -0.077907
16.07986 9624859 -258.5937 -0.083353
16.08211 9646531 -250.9526 -0.080799
16.08436 9668252 -273.9508 -0.088105
16.08661 9690022 -264.2962 -0.084904
16.08886 9711841 -297.9819 -0.095618
16.09111 9733709 -316.7225 -0.101517
16.09335 9755627 -321.9458 -0.103075
16.09560 9777593 -310.3708 -0.099258
16.09785 9799609 -362.3219 -0.115742
16.10010 9821675 -360.3875 -0.114994
16.10235 9843791 -383.8731 -0.122351
16.10460 9865956 -353.5720 -0.112566
16.10685 9888171 -384.1618 -0.122168
16.10910 9910436 -463.2732 -0.147160
16.11135 9932752 -447.6420 -0.142035
16.11360 9955117 -450.4481 -0.142765
16.11585 9977533 -517.6394 -0.163876
16.11810 10000000 -504.8661 -0.159653
