logY Y P PoverSqrtY
6.90675 999 -4.7008 -0.148725
6.90975 1002 -4.3646 -0.137882
6.91175 1004 -4.3287 -0.136613
6.91374 1006 -4.3367 -0.136728
6.91672 1009 -4.6048 -0.144965
6.91870 1011 -4.7393 -0.149052
6.92067 1013 -4.6871 -0.147264
6.92264 1015 -4.5494 -0.142797
6.92560 1018 -4.0696 -0.127549
6.92756 1020 -3.8607 -0.120884
6.92952 1022 -3.6860 -0.115299
6.93245 1025 -3.7402 -0.116824
6.93440 1027 -3.6587 -0.114166
6.93634 1029 -3.6437 -0.113589
6.93828 1031 -3.6898 -0.114915
6.94119 1034 -3.5716 -0.111073
6.94312 1036 -3.5080 -0.108987
6.94505 1038 -3.3832 -0.105008
6.94794 1041 -3.4403 -0.106628
6.94986 1043 -3.4491 -0.106797
6.95273 1046 -3.2206 -0.099581
6.95464 1048 -3.2423 -0.100156
6.95655 1050 -3.2821 -0.101288
6.95940 1053 -3.5411 -0.109124
6.96130 1055 -3.6626 -0.112762
6.96319 1057 -3.6816 -0.113241
6.96602 1060 -3.3742 -0.103639
6.96791 1062 -3.3272 -0.102097
6.97073 1065 -3.4118 -0.104547
6.97261 1067 -3.3169 -0.101544
6.97448 1069 -3.2986 -0.100887
6.97728 1072 -3.0538 -0.093269
6.97915 1074 -3.0969 -0.094499
6.98193 1077 -3.3895 -0.103284
6.98379 1079 -3.3492 -0.101959
6.98564 1081 -3.2112 -0.097668
6.98841 1084 -2.8840 -0.087594
6.99026 1086 -2.8022 -0.085031
6.99302 1089 -2.9877 -0.090536
6.99485 1091 -2.9590 -0.089584
6.99760 1094 -2.8277 -0.085493
6.99942 1096 -2.8443 -0.085914
7.00216 1099 -3.0206 -0.091115
7.00397 1101 -2.9187 -0.087962
7.00670 1104 -2.5173 -0.075761
7.00851 1106 -2.4703 -0.074279
7.01121 1109 -2.6822 -0.080542
7.01302 1111 -2.7779 -0.083342
7.01571 1114 -2.7764 -0.083185
7.01751 1116 -2.9343 -0.087837
7.02019 1119 -3.2713 -0.097793
7.02198 1121 -3.3888 -0.101215
7.02465 1124 -3.0438 -0.090788
7.02643 1126 -2.9016 -0.086470
7.02909 1129 -2.8681 -0.085359
7.03086 1131 -2.7870 -0.082872
7.03351 1134 -2.6056 -0.077375
7.03527 1136 -2.7017 -0.080159
7.03791 1139 -3.1401 -0.093043
7.03966 1141 -3.3907 -0.100381
7.04229 1144 -3.4451 -0.101855
7.04491 1147 -3.6770 -0.108571
7.04665 1149 -3.6333 -0.107186
7.04925 1152 -3.4795 -0.102515
7.05099 1154 -3.5244 -0.103749
7.05359 1157 -3.9014 -0.114697
7.05618 1160 -3.9592 -0.116245
7.05790 1162 -4.1048 -0.120416
7.06048 1165 -4.5206 -0.132444
7.06219 1167 -4.6113 -0.134984
7.06476 1170 -4.2697 -0.124826
7.06732 1173 -4.3973 -0.128392
7.06902 1175 -4.3003 -0.125453
7.07157 1178 -4.0811 -0.118907
7.07412 1181 -4.3107 -0.125435
7.07581 1183 -4.4049 -0.128069
7.07834 1186 -4.4386 -0.128886
7.08087 1189 -4.7173 -0.136806
7.08255 1191 -4.5762 -0.132601
7.08506 1194 -4.1887 -0.121222
7.08757 1197 -4.1227 -0.119162
7.08924 1199 -4.0199 -0.116094
7.09174 1202 -3.6485 -0.105237
7.09423 1205 -3.7357 -0.107617
7.09589 1207 -3.7117 -0.106836
7.09838 1210 -3.5541 -0.102173
7.10085 1213 -3.6522 -0.104864
7.10332 1216 -3.4793 -0.099775
7.10497 1218 -3.5819 -0.102633
7.10743 1221 -3.8095 -0.109020
7.10988 1224 -3.6737 -0.105004
7.11233 1227 -3.9695 -0.113323
7.11396 1229 -4.0990 -0.116923
7.11639 1232 -3.9723 -0.113170
7.11883 1235 -4.0173 -0.114314
7.12125 1238 -3.6351 -0.103313
7.12367 1241 -3.8000 -0.107871
7.12528 1243 -3.8439 -0.109028
7.12769 1246 -3.7647 -0.106652
7.13010 1249 -4.0261 -0.113920
7.13250 1252 -3.8081 -0.107624
7.13489 1255 -3.7885 -0.106940
7.13648 1257 -3.5318 -0.099615
7.13887 1260 -3.0884 -0.087006
7.14125 1263 -3.1637 -0.089022
7.14362 1266 -2.9037 -0.081609
7.14598 1269 -3.1588 -0.088673
7.14835 1272 -3.1188 -0.087448
7.14992 1274 -3.2113 -0.089971
7.15227 1277 -3.5446 -0.099192
7.15462 1280 -3.2126 -0.089795
7.15696 1283 -3.3624 -0.093873
7.15929 1286 -3.2500 -0.090628
7.16162 1289 -3.5679 -0.099378
7.16395 1292 -3.5850 -0.099738
7.16627 1295 -4.0418 -0.112315
7.16858 1298 -3.9716 -0.110238
7.17089 1301 -3.9355 -0.109110
7.17242 1303 -3.7999 -0.105270
7.17472 1306 -3.3458 -0.092582
7.17702 1309 -3.4341 -0.094918
7.17931 1312 -3.2740 -0.090388
7.18159 1315 -3.5785 -0.098681
7.18387 1318 -3.6770 -0.101283
7.18614 1321 -4.1863 -0.115180
7.18841 1324 -3.9961 -0.109822
7.19068 1327 -4.1736 -0.114572
7.19293 1330 -3.9813 -0.109170
7.19519 1333 -4.1325 -0.113187
7.19744 1336 -3.9143 -0.107091
7.19968 1339 -4.2240 -0.115435
7.20192 1342 -4.2170 -0.115115
7.20415 1345 -4.4123 -0.120311
7.20638 1348 -4.3067 -0.117300
7.20860 1351 -4.6040 -0.125258
7.21082 1354 -4.5975 -0.124943
7.21303 1357 -4.8206 -0.130861
7.21524 1360 -4.6905 -0.127188
7.21744 1363 -5.0314 -0.136282
7.22037 1367 -4.8833 -0.132077
7.22257 1370 -4.5584 -0.123155
7.22475 1373 -4.7748 -0.128861
7.22694 1376 -4.5404 -0.122402
7.22911 1379 -4.6414 -0.124988
7.23129 1382 -4.4818 -0.120558
7.23346 1385 -4.6887 -0.125988
7.23562 1388 -4.3514 -0.116799
7.23778 1391 -4.2585 -0.114181
7.23993 1394 -3.8728 -0.103729
7.24280 1398 -3.8512 -0.103000
7.24494 1401 -4.1029 -0.109616
7.24708 1404 -3.9241 -0.104728
7.24922 1407 -4.2558 -0.113458
7.25134 1410 -3.9040 -0.103967
7.25347 1413 -3.9629 -0.105424
7.25630 1417 -4.0506 -0.107607
7.25841 1420 -3.9804 -0.105629
7.26052 1423 -4.3039 -0.114093
7.26263 1426 -4.2598 -0.112806
7.26473 1429 -4.6475 -0.122942
7.26753 1433 -4.6832 -0.123714
7.26962 1436 -4.1336 -0.109081
7.27170 1439 -4.0827 -0.107625
7.27379 1442 -3.8215 -0.100636
7.27656 1446 -3.9729 -0.104477
7.27863 1449 -4.4701 -0.117432
7.28070 1452 -4.6791 -0.122795
7.28276 1455 -5.0174 -0.131537
7.28551 1459 -5.1587 -0.135056
7.28756 1462 -4.9365 -0.129105
7.28961 1465 -5.1852 -0.135472
7.29234 1469 -5.2340 -0.136560
7.29438 1472 -5.1861 -0.135173
7.29641 1475 -5.4731 -0.142508
7.29845 1478 -5.2467 -0.136473
7.30115 1482 -5.0339 -0.130763
7.30317 1485 -5.1617 -0.133945
7.30519 1488 -4.8816 -0.126550
7.30787 1492 -4.8632 -0.125905
7.30988 1495 -5.1300 -0.132678
7.31255 1499 -4.9614 -0.128147
7.31455 1502 -4.6342 -0.119574
7.31655 1505 -4.7558 -0.122590
7.31920 1509 -4.5044 -0.115956
7.32119 1512 -4.1881 -0.107706
7.32383 1516 -4.0054 -0.102871
7.32581 1519 -4.1058 -0.105346
7.32778 1522 -3.7126 -0.095164
7.33041 1526 -3.6269 -0.092846
7.33237 1529 -3.7685 -0.096374
7.33498 1533 -3.8566 -0.098500
7.33694 1536 -3.8054 -0.097096
7.33954 1540 -3.8728 -0.098688
7.34148 1543 -3.9191 -0.099770
7.34407 1547 -3.8639 -0.098238
7.34601 1550 -3.7162 -0.094392
7.34859 1554 -3.9460 -0.100100
7.35052 1557 -4.4707 -0.113300
7.35308 1561 -4.6742 -0.118306
7.35500 1564 -4.3987 -0.111225
7.35756 1568 -4.1988 -0.106037
7.35947 1571 -4.3085 -0.108702
7.36201 1575 -4.2173 -0.106267
7.36391 1578 -4.1391 -0.104195
7.36645 1582 -4.5072 -0.113319
7.36834 1585 -4.8778 -0.122520
7.37086 1589 -4.9321 -0.123729
7.37275 1592 -4.7284 -0.118506
7.37526 1596 -4.6935 -0.117485
7.37776 1600 -4.8250 -0.120624
7.37963 1603 -5.2773 -0.131808
7.38212 1607 -5.2499 -0.130961
7.38399 1610 -4.8658 -0.121266
7.38647 1614 -4.7104 -0.117249
7.38895 1618 -4.6232 -0.114937
7.39080 1621 -4.8053 -0.119352
7.39326 1625 -4.9464 -0.122706
7.39572 1629 -5.1379 -0.127300
7.39756 1632 -4.8539 -0.120153
7.40001 1636 -4.8778 -0.120595
7.40245 1640 -4.8253 -0.119153
7.40428 1643 -5.0258 -0.123990
7.40671 1647 -5.1060 -0.125815
7.40914 1651 -5.1995 -0.127964
7.41156 1655 -5.0170 -0.123324
7.41337 1658 -4.8791 -0.119826
7.41578 1662 -5.0974 -0.125036
7.41818 1666 -5.1613 -0.126450
7.41998 1669 -5.3734 -0.131529
7.42237 1673 -5.3360 -0.130457
7.42476 1677 -5.0735 -0.123892
7.42714 1681 -4.8999 -0.119510
7.42952 1685 -4.9198 -0.119852
7.43130 1688 -4.8224 -0.117377
7.43367 1692 -5.0382 -0.122482
7.43603 1696 -5.0067 -0.121573
7.43838 1700 -4.6537 -0.112868
7.44073 1704 -4.5989 -0.111409
7.44249 1707 -4.8539 -0.117483
7.44483 1711 -5.0044 -0.120984
7.44717 1715 -5.1748 -0.124957
7.44950 1719 -5.0135 -0.120920
7.45182 1723 -4.7118 -0.113512
7.45414 1727 -4.6840 -0.112711
7.45645 1731 -4.7222 -0.113500
7.45876 1735 -4.9298 -0.118354
7.46049 1738 -4.9761 -0.119361
7.46279 1742 -4.7176 -0.113031
7.46508 1746 -4.3438 -0.103955
7.46737 1750 -4.0216 -0.096134
7.46965 1754 -3.9998 -0.095503
7.47193 1758 -4.1748 -0.099570
7.47420 1762 -4.3168 -0.102838
7.47647 1766 -4.1626 -0.099053
7.47873 1770 -4.0281 -0.095743
7.48099 1774 -3.9756 -0.094389
7.48324 1778 -4.0390 -0.095787
7.48549 1782 -4.3335 -0.102656
7.48773 1786 -4.5226 -0.107017
7.48997 1790 -4.7816 -0.113017
7.49220 1794 -4.9913 -0.117842
7.49443 1798 -5.2814 -0.124552
7.49665 1802 -5.4835 -0.129174
7.49887 1806 -5.6134 -0.132089
7.50108 1810 -5.4637 -0.128425
7.50329 1814 -5.4490 -0.127937
7.50549 1818 -5.5467 -0.130088
7.50824 1823 -5.9697 -0.139818
7.51043 1827 -6.0519 -0.141586
7.51262 1831 -5.9606 -0.139299
7.51480 1835 -5.8279 -0.136048
7.51698 1839 -5.8279 -0.135900
7.51915 1843 -6.0306 -0.140475
7.52132 1847 -6.1773 -0.143735
7.52402 1852 -5.5024 -0.127859
7.52618 1856 -5.0752 -0.117806
7.52833 1860 -4.9457 -0.114676
7.53048 1864 -5.0681 -0.117387
7.53262 1868 -5.3430 -0.123622
7.53476 1872 -5.3112 -0.122755
7.53743 1877 -5.1583 -0.119062
7.53956 1881 -4.8408 -0.111615
7.54168 1885 -4.7571 -0.109569
7.54380 1889 -4.9585 -0.114087
7.54645 1894 -5.0378 -0.115759
7.54856 1898 -4.8332 -0.110940
7.55066 1902 -4.5947 -0.105355
7.55276 1906 -4.4258 -0.101376
7.55538 1911 -4.7393 -0.108413
7.55747 1915 -4.8886 -0.111712
7.55956 1919 -4.8563 -0.110858
7.56216 1924 -4.8023 -0.109483
7.56424 1928 -4.9083 -0.111785
7.56631 1932 -5.0250 -0.114322
7.56890 1937 -5.2752 -0.119861
7.57096 1941 -5.0027 -0.113551
7.57302 1945 -4.8468 -0.109900
7.57558 1950 -4.5739 -0.103579
7.57763 1954 -4.6379 -0.104921
7.58019 1959 -4.8917 -0.110521
7.58223 1963 -4.7746 -0.107765
7.58426 1967 -4.9543 -0.111707
7.58680 1972 -5.1257 -0.115426
7.58883 1976 -5.4288 -0.122127
7.59136 1981 -5.6311 -0.126518
7.59337 1985 -5.2131 -0.117009
7.59589 1990 -4.7659 -0.106837
7.59790 1994 -4.8539 -0.108701
7.60040 1999 -5.4086 -0.120969
7.60240 2003 -5.5240 -0.123427
7.60489 2008 -5.0155 -0.111927
7.60688 2012 -4.9244 -0.109784
7.60937 2017 -5.2515 -0.116931
7.61135 2021 -5.5450 -0.123344
7.61382 2026 -5.5005 -0.122203
7.61579 2030 -5.2860 -0.117321
7.61825 2035 -5.2249 -0.115824
7.62071 2040 -4.8176 -0.106663
7.62266 2044 -4.8123 -0.106442
7.62511 2049 -4.7919 -0.105862
7.62706 2053 -4.5977 -0.101472
7.62949 2058 -4.3232 -0.095298
7.63192 2063 -4.5446 -0.100058
7.63385 2067 -4.6287 -0.101809
7.63627 2072 -4.1801 -0.091833
7.63868 2077 -4.2889 -0.094108
7.64060 2081 -4.1042 -0.089969
7.64300 2086 -3.7953 -0.083097
7.64540 2091 -4.0754 -0.089123
7.64731 2095 -4.0573 -0.088644
7.64969 2100 -4.2535 -0.092818
7.65207 2105 -4.9952 -0.108874
7.65444 2110 -5.2244 -0.113735
7.65634 2114 -5.1664 -0.112366
7.65870 2119 -5.0118 -0.108875
7.66106 2124 -4.7478 -0.103018
7.66341 2129 -5.1250 -0.111072
7.66528 2133 -5.2828 -0.114386
7.66763 2138 -4.8365 -0.104599
7.66996 2143 -4.7111 -0.101768
7.67229 2148 -4.4983 -0.097059
7.67462 2153 -4.8852 -0.105283
7.67694 2158 -4.7378 -0.101989
7.67879 2162 -4.4830 -0.096413
7.68110 2167 -4.4287 -0.095137
7.68340 2172 -4.3214 -0.092724
7.68570 2177 -4.8073 -0.103032
7.68800 2182 -4.5955 -0.098379
7.69029 2187 -4.5911 -0.098174
7.69257 2192 -4.3268 -0.092416
7.69485 2197 -4.7403 -0.101133
7.69712 2202 -4.8336 -0.103006
7.69939 2207 -4.9646 -0.105678
7.70165 2212 -4.6225 -0.098285
7.70391 2217 -4.6183 -0.098084
7.70616 2222 -4.3389 -0.092047
7.70841 2227 -4.2242 -0.089512
7.71065 2232 -4.0600 -0.085937
7.71289 2237 -4.4798 -0.094717
7.71512 2242 -4.4240 -0.093432
7.71735 2247 -4.4180 -0.093202
7.71957 2252 -3.9470 -0.083173
7.72179 2257 -4.2129 -0.088678
7.72400 2262 -4.3016 -0.090445
7.72621 2267 -4.6069 -0.096757
7.72842 2272 -4.2578 -0.089328
7.73061 2277 -4.5855 -0.096096
7.73281 2282 -4.8354 -0.101222
7.73543 2288 -5.2603 -0.109972
7.73762 2293 -5.3094 -0.110877
7.73979 2298 -4.9636 -0.103543
7.74197 2303 -5.3321 -0.111109
7.74414 2308 -5.4323 -0.113076
7.74630 2313 -5.3532 -0.111307
7.74889 2319 -4.8720 -0.101171
7.75105 2324 -4.3134 -0.089475
7.75319 2329 -4.4932 -0.093104
7.75534 2334 -4.4850 -0.092835
7.75791 2340 -4.5712 -0.094499
7.76004 2345 -4.7280 -0.097635
7.76217 2350 -4.5959 -0.094806
7.76430 2355 -4.8817 -0.100594
7.76684 2361 -4.7890 -0.098560
7.76896 2366 -4.7697 -0.098058
7.77107 2371 -4.9838 -0.102351
7.77359 2377 -5.1737 -0.106117
7.77570 2382 -4.9414 -0.101247
7.77779 2387 -5.4046 -0.110622
7.78030 2393 -5.7620 -0.117788
7.78239 2398 -5.9234 -0.120960
7.78489 2404 -5.7554 -0.117383
7.78697 2409 -6.1078 -0.124443
7.78904 2414 -6.0763 -0.123671
7.79152 2420 -6.4191 -0.130487
7.79359 2425 -6.3231 -0.128403
7.79606 2431 -6.1784 -0.125308
7.79811 2436 -6.1683 -0.124976
7.80057 2442 -6.8488 -0.138594
7.80262 2447 -6.9279 -0.140050
7.80507 2453 -6.5919 -0.133094
7.80710 2458 -6.1315 -0.123673
7.80954 2464 -6.2698 -0.126308
7.81157 2469 -6.3941 -0.128682
7.81400 2475 -6.2773 -0.126179
7.81642 2481 -6.1047 -0.122561
7.81843 2486 -6.0850 -0.122041
7.82084 2492 -5.8296 -0.116779
7.82285 2497 -5.6176 -0.112419
7.82525 2503 -5.3747 -0.107430
7.82764 2509 -5.5380 -0.110561
7.82963 2514 -5.2489 -0.104686
7.83201 2520 -5.5947 -0.111449
7.83439 2526 -5.9644 -0.118673
7.83637 2531 -6.4836 -0.128875
7.83874 2537 -6.4097 -0.127255
7.84110 2543 -6.4148 -0.127207
7.84306 2548 -6.3384 -0.125567
7.84542 2554 -6.2586 -0.123842
7.84776 2560 -5.6752 -0.112166
7.85010 2566 -5.6279 -0.111100
7.85205 2571 -6.2209 -0.122689
7.85438 2577 -6.4159 -0.126386
7.85671 2583 -6.2846 -0.123655
7.85903 2589 -6.3239 -0.124284
7.86134 2595 -6.6803 -0.131138
7.86365 2601 -6.5926 -0.129266
7.86557 2606 -6.3615 -0.124616
7.86787 2612 -6.7455 -0.131986
7.87017 2618 -7.0888 -0.138543
7.87246 2624 -7.0487 -0.137603
7.87474 2630 -6.7295 -0.131222
7.87702 2636 -6.6101 -0.128747
7.87929 2642 -6.7070 -0.130486
7.88156 2648 -6.7820 -0.131795
7.88382 2654 -6.9097 -0.134125
7.88608 2660 -7.0596 -0.136880
7.88833 2666 -6.7647 -0.131014
7.89058 2672 -6.5719 -0.127138
7.89283 2678 -6.6259 -0.128038
7.89506 2684 -6.4326 -0.124164
7.89730 2690 -5.7613 -0.111082
7.89952 2696 -5.4184 -0.104354
7.90175 2702 -5.4683 -0.105198
7.90397 2708 -5.5298 -0.106263
7.90618 2714 -5.0104 -0.096176
7.90839 2720 -4.8094 -0.092216
7.91059 2726 -4.8582 -0.093049
7.91279 2732 -4.4614 -0.085355
7.91535 2739 -4.2391 -0.080999
7.91754 2745 -4.4505 -0.084945
7.91972 2751 -5.0171 -0.095655
7.92190 2757 -4.9096 -0.093503
7.92407 2763 -4.7856 -0.091044
7.92660 2770 -4.8963 -0.093030
7.92877 2776 -4.9368 -0.093700
7.93093 2782 -4.9171 -0.093224
7.93308 2788 -4.8176 -0.091240
7.93559 2795 -5.2440 -0.099191
7.93773 2801 -4.8261 -0.091188
7.93987 2807 -4.5959 -0.086745
7.94236 2814 -4.4074 -0.083084
7.94449 2820 -4.0405 -0.076087
7.94662 2826 -3.8972 -0.073311
7.94909 2833 -4.3542 -0.081806
7.95121 2839 -4.7314 -0.088798
7.95332 2845 -4.6357 -0.086911
7.95578 2852 -4.6792 -0.087619
7.95788 2858 -5.2640 -0.098466
7.96032 2865 -5.1669 -0.096531
7.96242 2871 -4.7874 -0.089348
7.96485 2878 -4.8795 -0.090955
7.96693 2884 -5.1891 -0.096625
7.96936 2891 -4.8713 -0.090599
7.97143 2897 -4.5413 -0.084374
7.97384 2904 -4.4434 -0.082454
7.97591 2910 -4.1725 -0.077349
7.97831 2917 -4.2539 -0.078763
7.98037 2923 -4.4226 -0.081801
7.98276 2930 -4.2408 -0.078346
7.98480 2936 -4.2199 -0.077880
7.98718 2943 -4.4903 -0.082771
7.98956 2950 -4.6186 -0.085035
7.99159 2956 -4.6971 -0.086392
7.99396 2963 -5.3693 -0.098639
7.99632 2970 -5.1007 -0.093596
7.99834 2976 -4.5589 -0.083569
8.00068 2983 -4.7628 -0.087204
8.00303 2990 -4.6992 -0.085938
8.00503 2996 -4.4037 -0.080455
8.00737 3003 -4.1055 -0.074919
8.00970 3010 -4.1729 -0.076060
8.01202 3017 -4.5605 -0.083028
8.01434 3024 -4.2658 -0.077573
8.01632 3030 -4.4586 -0.080999
8.01863 3037 -4.9516 -0.089851
8.02093 3044 -4.7688 -0.086434
8.02322 3051 -4.9620 -0.089833
8.02552 3058 -4.9936 -0.090302
8.02780 3065 -5.0331 -0.090911
8.03008 3072 -4.6425 -0.083761
8.03204 3078 -4.7482 -0.085585
8.03431 3085 -5.0796 -0.091454
8.03657 3092 -5.2367 -0.094175
8.03883 3099 -5.5799 -0.100234
8.04109 3106 -5.1451 -0.092320
8.04334 3113 -5.3928 -0.096656
8.04559 3120 -5.9008 -0.105641
8.04783 3127 -6.2917 -0.112513
8.05007 3134 -5.9302 -0.105930
8.05230 3141 -6.2114 -0.110829
8.05452 3148 -6.1872 -0.110275
8.05706 3156 -5.8872 -0.104796
8.05928 3163 -6.2666 -0.111426
8.06149 3170 -6.4614 -0.114762
8.06369 3177 -6.0644 -0.107592
8.06589 3184 -5.7579 -0.102042
8.06809 3191 -6.2959 -0.111453
8.07028 3198 -5.9182 -0.104653
8.07278 3206 -5.8991 -0.104185
8.07496 3213 -6.5157 -0.114949
8.07714 3220 -6.3864 -0.112546
8.07931 3227 -6.9542 -0.122419
8.08178 3235 -6.9030 -0.121366
8.08395 3242 -6.1239 -0.107553
8.08610 3249 -6.2232 -0.109178
8.08856 3257 -6.3142 -0.110639
8.09071 3264 -5.7394 -0.100460
8.09285 3271 -6.0782 -0.106276
8.09529 3279 -6.0418 -0.105510
8.09743 3286 -5.2101 -0.090889
8.09955 3293 -5.6412 -0.098305
8.10198 3301 -6.1640 -0.107286
8.10410 3308 -5.5797 -0.097013
8.10651 3316 -5.4618 -0.094847
8.10862 3323 -6.1302 -0.106343
8.11103 3331 -6.1896 -0.107244
8.11313 3338 -6.2212 -0.107680
8.11552 3346 -6.5464 -0.113172
8.11761 3353 -6.9562 -0.120131
8.11999 3361 -7.1309 -0.123001
8.12207 3368 -6.8337 -0.117752
8.12445 3376 -6.3415 -0.109141
8.12652 3383 -6.4599 -0.111064
8.12888 3391 -6.4834 -0.111337
8.13124 3399 -6.6442 -0.113964
8.13329 3406 -6.6666 -0.114230
8.13564 3414 -6.2573 -0.107092
8.13798 3422 -5.9545 -0.101790
8.14002 3429 -6.7399 -0.115099
8.14235 3437 -6.5202 -0.111218
8.14468 3445 -6.0725 -0.103461
8.14700 3453 -6.4022 -0.108950
8.14902 3460 -6.0876 -0.103491
8.15133 3468 -5.8256 -0.098924
8.15364 3476 -6.1553 -0.104401
8.15594 3484 -6.0679 -0.102801
8.15823 3492 -5.7573 -0.097427
8.16052 3500 -5.8119 -0.098239
8.16252 3507 -5.8531 -0.098836
8.16479 3515 -5.6615 -0.095492
8.16707 3523 -5.6836 -0.095757
8.16934 3531 -5.6856 -0.095681
8.17160 3539 -5.8134 -0.097721
8.17386 3547 -5.2020 -0.087345
8.17611 3555 -4.8809 -0.081861
8.17836 3563 -5.3903 -0.090303
8.18060 3571 -5.0028 -0.083717
8.18284 3579 -4.9644 -0.082982
8.18507 3587 -5.5115 -0.092024
8.18730 3595 -5.3716 -0.089588
8.18952 3603 -5.4885 -0.091438
8.19202 3612 -5.4352 -0.090435
8.19423 3620 -4.9601 -0.082440
8.19644 3628 -4.8787 -0.080998
8.19864 3636 -4.7225 -0.078318
8.20084 3644 -4.4657 -0.073977
8.20303 3652 -4.2409 -0.070176
8.20549 3661 -4.0175 -0.066397
8.20767 3669 -4.2626 -0.070372
8.20985 3677 -4.0947 -0.067527
8.21203 3685 -3.8608 -0.063600
8.21447 3694 -4.2900 -0.070584
8.21663 3702 -4.3629 -0.071707
8.21879 3710 -4.6551 -0.076426
8.22121 3719 -5.2887 -0.086723
8.22336 3727 -4.6672 -0.076450
8.22550 3735 -4.8127 -0.078749
8.22791 3744 -4.5423 -0.074234
8.23004 3752 -3.9174 -0.063954
8.23244 3761 -4.5036 -0.073436
8.23456 3769 -4.7671 -0.077649
8.23695 3778 -4.6954 -0.076390
8.23907 3786 -4.7724 -0.077561
8.24144 3795 -4.9915 -0.081027
8.24355 3803 -5.5616 -0.090185
8.24591 3812 -5.5860 -0.090474
8.24801 3820 -5.8957 -0.095390
8.25036 3829 -6.6396 -0.107300
8.25271 3838 -6.2589 -0.101029
8.25479 3846 -6.6072 -0.106540
8.25713 3855 -6.5718 -0.105846
8.25946 3864 -6.2645 -0.100778
8.26153 3872 -6.8856 -0.110656
8.26385 3881 -6.3437 -0.101829
8.26616 3890 -6.1085 -0.097940
8.26848 3899 -6.7766 -0.108527
8.27053 3907 -6.7125 -0.107389
8.27283 3916 -6.7136 -0.107283
8.27512 3925 -6.2558 -0.099853
8.27741 3934 -5.9814 -0.095364
8.27970 3943 -6.3949 -0.101841
8.28198 3952 -6.5421 -0.104066
8.28400 3960 -6.6234 -0.105253
8.28627 3969 -6.4369 -0.102173
8.28853 3978 -6.7022 -0.106263
8.29079 3987 -6.7525 -0.106940
8.29305 3996 -6.7620 -0.106969
8.29530 4005 -7.4679 -0.118005
8.29754 4014 -6.5434 -0.103280
8.29978 4023 -6.6509 -0.104859
8.30202 4032 -6.2647 -0.098660
8.30425 4041 -6.3491 -0.099877
8.30672 4051 -6.0750 -0.095447
8.30894 4060 -5.2318 -0.082108
8.31115 4069 -5.4491 -0.085425
8.31336 4078 -5.3438 -0.083681
8.31557 4087 -5.7572 -0.090055
8.31777 4096 -4.8315 -0.075492
8.32020 4106 -4.5367 -0.070799
8.32239 4115 -4.6057 -0.071797
8.32458 4124 -3.9742 -0.061885
8.32676 4133 -4.7731 -0.074245
8.32918 4143 -4.8299 -0.075037
8.33135 4152 -4.7616 -0.073897
8.33351 4161 -5.3515 -0.082962
8.33591 4171 -5.4727 -0.084739
8.33807 4180 -5.9255 -0.091651
8.34046 4190 -5.5268 -0.085382
8.34260 4199 -5.3596 -0.082710
8.34474 4208 -5.2347 -0.080696
8.34712 4218 -5.2995 -0.081598
8.34925 4227 -5.5626 -0.085558
8.35161 4237 -5.5188 -0.084784
8.35397 4247 -5.9520 -0.091332
8.35609 4256 -5.8858 -0.090220
8.35843 4266 -6.4291 -0.098433
8.36054 4275 -6.5080 -0.099537
8.36288 4285 -6.6474 -0.101550
8.36521 4295 -6.2155 -0.094841
8.36730 4304 -5.7277 -0.087306
8.36962 4314 -6.3561 -0.096773
8.37194 4324 -6.0665 -0.092257
8.37402 4333 -6.7935 -0.103205
8.37632 4343 -6.7002 -0.101670
8.37862 4353 -6.6568 -0.100895
8.38092 4363 -6.5199 -0.098708
8.38320 4373 -6.5196 -0.098589
8.38526 4382 -6.3513 -0.095946
8.38754 4392 -6.5185 -0.098360
8.38981 4402 -6.5425 -0.098610
8.39208 4412 -6.7287 -0.101300
8.39435 4422 -7.4968 -0.112737
8.39661 4432 -6.8587 -0.103025
8.39886 4442 -7.1338 -0.107037
8.40111 4452 -6.9896 -0.104755
8.40335 4462 -7.1204 -0.106595
8.40559 4472 -7.0347 -0.105195
8.40782 4482 -6.5612 -0.098005
8.41005 4492 -6.7809 -0.101174
8.41228 4502 -6.8904 -0.102694
8.41450 4512 -7.1887 -0.107021
8.41693 4523 -7.4382 -0.110600
8.41914 4533 -7.4815 -0.111120
8.42134 4543 -7.4532 -0.110579
8.42354 4553 -8.1913 -0.121396
8.42574 4563 -7.6679 -0.113515
8.42814 4574 -7.7447 -0.114513
8.43033 4584 -7.6422 -0.112875
8.43251 4594 -8.0866 -0.119308
8.43490 4605 -8.2047 -0.120906
8.43707 4615 -7.8389 -0.115390
8.43923 4625 -8.2259 -0.120956
8.44161 4636 -8.1666 -0.119941
8.44376 4646 -8.7566 -0.128468
8.44613 4657 -9.3902 -0.137602
8.44827 4667 -8.8577 -0.129659
8.45063 4678 -8.1651 -0.119380
8.45276 4688 -8.1067 -0.118400
8.45510 4699 -7.4093 -0.108087
8.45723 4709 -7.1933 -0.104825
8.45956 4720 -6.4605 -0.094037
8.46189 4731 -7.2279 -0.105083
8.46400 4741 -6.4659 -0.093906
8.46632 4752 -6.7341 -0.097688
8.46863 4763 -6.7929 -0.098427
8.47073 4773 -7.0871 -0.102582
8.47303 4784 -6.7478 -0.097559
8.47533 4795 -6.8638 -0.099122
8.47762 4806 -6.4447 -0.092963
8.47991 4817 -7.2672 -0.104708
8.48198 4827 -7.4352 -0.107018
8.48426 4838 -7.5605 -0.108698
8.48653 4849 -6.9138 -0.099287
8.48879 4860 -7.0592 -0.101260
8.49105 4871 -6.4620 -0.092588
8.49331 4882 -6.3985 -0.091575
8.49556 4893 -6.4996 -0.092918
8.49781 4904 -6.4019 -0.091419
8.50005 4915 -6.4119 -0.091458
8.50228 4926 -6.4589 -0.092026
8.50451 4937 -6.8275 -0.097170
8.50674 4948 -6.7444 -0.095880
8.50916 4960 -6.9697 -0.098963
8.51138 4971 -7.7719 -0.110231
8.51359 4982 -7.0184 -0.099434
8.51579 4993 -7.9829 -0.112974
8.51799 5004 -7.3154 -0.103414
8.52039 5016 -7.8254 -0.110491
8.52258 5027 -7.5698 -0.106766
8.52476 5038 -7.1320 -0.100481
8.52714 5050 -6.1803 -0.086968
8.52932 5061 -6.7465 -0.094833
8.53149 5072 -6.5705 -0.092259
8.53385 5084 -6.2655 -0.087873
8.53601 5095 -6.7642 -0.094764
8.53837 5107 -6.6796 -0.093469
8.54052 5118 -6.2604 -0.087509
8.54286 5130 -6.1376 -0.085691
8.54500 5141 -5.9129 -0.082466
8.54733 5153 -5.7138 -0.079596
8.54947 5164 -5.1998 -0.072360
8.55179 5176 -4.9385 -0.068643
8.55410 5188 -4.6182 -0.064117
8.55622 5199 -5.2351 -0.072605
8.55853 5211 -5.0497 -0.069953
8.56083 5223 -4.7523 -0.065757
8.56312 5235 -5.1021 -0.070517
8.56522 5246 -4.6922 -0.064783
8.56751 5258 -4.8751 -0.067232
8.56979 5270 -4.5735 -0.063000
8.57206 5282 -5.2832 -0.072694
8.57433 5294 -5.1146 -0.070294
8.57659 5306 -5.4780 -0.075204
8.57885 5318 -5.0513 -0.069268
8.58111 5330 -5.3869 -0.073786
8.58336 5342 -5.2595 -0.071960
8.58560 5354 -4.7786 -0.065307
8.58784 5366 -5.2438 -0.071585
8.59007 5378 -5.5519 -0.075706
8.59230 5390 -5.5561 -0.075679
8.59452 5402 -5.5715 -0.075804
8.59674 5414 -5.8282 -0.079210
8.59896 5426 -5.4578 -0.074093
8.60135 5439 -5.9433 -0.080587
8.60355 5451 -5.9445 -0.080515
8.60575 5463 -6.5114 -0.088096
8.60795 5475 -6.5555 -0.088596
8.61032 5488 -6.2942 -0.084963
8.61250 5500 -6.5491 -0.088308
8.61486 5513 -6.3599 -0.085656
8.61704 5525 -5.5982 -0.075316
8.61921 5537 -5.2088 -0.070000
8.62155 5550 -4.7286 -0.063472
8.62371 5562 -5.1436 -0.068968
8.62605 5575 -5.4857 -0.073470
8.62820 5587 -6.4314 -0.086043
8.63052 5600 -6.0116 -0.080334
8.63284 5613 -6.8349 -0.091230
8.63498 5625 -6.4280 -0.085706
8.63728 5638 -6.5818 -0.087656
8.63959 5651 -6.6057 -0.087874
8.64171 5663 -6.1649 -0.081923
8.64400 5676 -6.2225 -0.082593
8.64629 5689 -6.1495 -0.081531
8.64857 5702 -6.1674 -0.081675
8.65085 5715 -6.6192 -0.087559
8.65295 5727 -6.1077 -0.080707
8.65521 5740 -6.2580 -0.082600
8.65748 5753 -6.0721 -0.080056
8.65973 5766 -5.6763 -0.074753
8.66199 5779 -5.4983 -0.072327
8.66423 5792 -4.9215 -0.064668
8.66647 5805 -5.2318 -0.068668
8.66871 5818 -4.7197 -0.061876
8.67094 5831 -4.9512 -0.064840
8.67334 5845 -4.7255 -0.061810
8.67556 5858 -3.8006 -0.049657
8.67778 5871 -4.2264 -0.055159
8.67999 5884 -4.1913 -0.054641
8.68220 5897 -4.4256 -0.057631
8.68457 5911 -3.7901 -0.049296
8.68677 5924 -3.7948 -0.049304
8.68896 5937 -4.0918 -0.053104
8.69131 5951 -4.4393 -0.057547
8.69350 5964 -4.5498 -0.058915
8.69584 5978 -4.9200 -0.063633
8.69801 5991 -4.6499 -0.060075
8.70018 6004 -4.8300 -0.062335
8.70251 6018 -5.0763 -0.065437
8.70483 6032 -5.5722 -0.071745
8.70699 6045 -5.8290 -0.074972
8.70930 6059 -6.7392 -0.086579
8.71144 6072 -6.8343 -0.087706
8.71375 6086 -6.5438 -0.083881
8.71604 6100 -5.8271 -0.074608
8.71817 6113 -6.6792 -0.085427
8.72046 6127 -6.7849 -0.086681
8.72274 6141 -7.5792 -0.096717
8.72502 6155 -8.0814 -0.103009
8.72729 6169 -7.5022 -0.095517
8.72956 6183 -7.8637 -0.100006
8.73182 6197 -7.5919 -0.096441
8.73408 6211 -7.9011 -0.100255
8.73617 6224 -8.0271 -0.101747
8.73858 6239 -8.6284 -0.109238
8.74082 6253 -8.9741 -0.113487
8.74305 6267 -8.8790 -0.112159
8.74528 6281 -8.1442 -0.102763
8.74751 6295 -8.6758 -0.109348
8.74973 6309 -8.4170 -0.105968
8.75195 6323 -8.1967 -0.103081
8.75432 6338 -7.1176 -0.089404
8.75653 6352 -6.2076 -0.077888
8.75873 6366 -5.6229 -0.070473
8.76092 6380 -5.5583 -0.069587
8.76327 6395 -6.0342 -0.075457
8.76546 6409 -5.6756 -0.070896
8.76780 6424 -6.1381 -0.076583
8.76997 6438 -6.1502 -0.076650
8.77230 6453 -6.6387 -0.082643
8.77447 6467 -6.5514 -0.081468
8.77678 6482 -6.0603 -0.075273
8.77894 6496 -6.4908 -0.080534
8.78125 6511 -6.3850 -0.079130
8.78355 6526 -6.8437 -0.084717
8.78569 6540 -6.7980 -0.084061
8.78798 6555 -7.5038 -0.092682
8.79027 6570 -6.7190 -0.082894
8.79255 6585 -6.5018 -0.080122
8.79467 6599 -6.1452 -0.075647
8.79694 6614 -5.4843 -0.067436
8.79921 6629 -6.4693 -0.079457
8.80147 6644 -6.0882 -0.074692
8.80372 6659 -6.8285 -0.083680
8.80597 6674 -6.1638 -0.075449
8.80822 6689 -6.4155 -0.078442
8.81046 6704 -6.2037 -0.075767
8.81269 6719 -5.9082 -0.072078
8.81492 6734 -5.6510 -0.068863
8.81730 6750 -5.0109 -0.060990
8.81952 6765 -4.9839 -0.060595
8.82173 6780 -4.5594 -0.055372
8.82394 6795 -5.1918 -0.062983
8.82629 6811 -5.1408 -0.062291
8.82849 6826 -4.7005 -0.056893
8.83069 6841 -5.3216 -0.064340
8.83303 6857 -4.9902 -0.060263
8.83521 6872 -5.2953 -0.063878
8.83754 6888 -5.9381 -0.071549
8.83971 6903 -6.1891 -0.074492
8.84203 6919 -5.8725 -0.070600
8.84419 6934 -5.8621 -0.070398
8.84650 6950 -6.0294 -0.072324
8.84865 6965 -6.2781 -0.075226
8.85095 6981 -6.1923 -0.074112
8.85324 6997 -7.1008 -0.084888
8.85552 7013 -6.3677 -0.076038
8.85766 7028 -5.4058 -0.064483
8.85993 7044 -5.4246 -0.064634
8.86220 7060 -4.6343 -0.055155
8.86446 7076 -4.5416 -0.053990
8.86672 7092 -4.3772 -0.051978
8.86898 7108 -4.2517 -0.050430
8.87122 7124 -4.3884 -0.051992
8.87347 7140 -3.9738 -0.047028
8.87571 7156 -3.3653 -0.039782
8.87794 7172 -4.0988 -0.048399
8.88017 7188 -3.7980 -0.044797
8.88239 7204 -3.6874 -0.043444
8.88475 7221 -3.5530 -0.041812
8.88696 7237 -3.7084 -0.043592
8.88917 7253 -3.9200 -0.046028
8.89151 7270 -4.1725 -0.048936
8.89371 7286 -4.5250 -0.053012
8.89590 7302 -4.8753 -0.057053
8.89823 7319 -4.7423 -0.055433
8.90041 7335 -4.6580 -0.054388
8.90273 7352 -4.9762 -0.058035
8.90490 7368 -5.0750 -0.059123
8.90721 7385 -5.0342 -0.058581
8.90951 7402 -4.0454 -0.047021
8.91166 7418 -3.9020 -0.045304
8.91395 7435 -4.6080 -0.053441
8.91624 7452 -4.5324 -0.052503
8.91838 7468 -4.5777 -0.052971
8.92066 7485 -5.7290 -0.066219
8.92292 7502 -5.3673 -0.061968
8.92519 7519 -5.3645 -0.061866
8.92745 7536 -4.8115 -0.055426
8.92970 7553 -4.9925 -0.057446
8.93195 7570 -4.9494 -0.056886
8.93419 7587 -5.1946 -0.059637
8.93643 7604 -5.1242 -0.058763
8.93866 7621 -6.2519 -0.071615
8.94089 7638 -6.0618 -0.069360
8.94324 7656 -6.2777 -0.071747
8.94546 7673 -6.3035 -0.071961
8.94768 7690 -6.3274 -0.072155
8.94988 7707 -5.9631 -0.067925
8.95222 7725 -6.4071 -0.072897
8.95442 7742 -5.9629 -0.067769
8.95674 7760 -5.5480 -0.062980
8.95893 7777 -5.6009 -0.063512
8.96124 7795 -5.2012 -0.058911
8.96342 7812 -5.2023 -0.058859
8.96572 7830 -5.4559 -0.061657
8.96789 7847 -5.6240 -0.063489
8.97018 7865 -5.8099 -0.065512
8.97246 7883 -5.7838 -0.065143
8.97462 7900 -5.2469 -0.059032
8.97689 7918 -5.5890 -0.062810
8.97916 7936 -5.9925 -0.067267
8.98143 7954 -7.0275 -0.078796
8.98369 7972 -6.4296 -0.072011
8.98595 7990 -6.5853 -0.073671
8.98820 8008 -6.6118 -0.073885
8.99044 8026 -6.4027 -0.071468
8.99268 8044 -6.4837 -0.072291
8.99492 8062 -6.0481 -0.067359
8.99715 8080 -5.2909 -0.058861
8.99937 8098 -5.2338 -0.058161
9.00172 8117 -5.6322 -0.062514
9.00393 8135 -5.9382 -0.065838
9.00614 8153 -5.1854 -0.057428
9.00847 8172 -5.1273 -0.056719
9.01067 8190 -5.9357 -0.065588
9.01286 8208 -6.1089 -0.067428
9.01518 8227 -6.6303 -0.073099
9.01736 8245 -6.4767 -0.071327
9.01966 8264 -6.6522 -0.073176
9.02196 8283 -7.3069 -0.080286
9.02413 8301 -8.2019 -0.090023
9.02642 8320 -8.2382 -0.090317
9.02870 8339 -7.7489 -0.084856
9.03085 8357 -7.7662 -0.084954
9.03313 8376 -8.0510 -0.087970
9.03539 8395 -8.2879 -0.090455
9.03765 8414 -8.5818 -0.093557
9.03991 8433 -9.7844 -0.106547
9.04216 8452 -9.8057 -0.106660
9.04440 8471 -10.1517 -0.110299
9.04664 8490 -8.6096 -0.093439
9.04888 8509 -8.5194 -0.092357
9.05111 8528 -7.5832 -0.082117
9.05345 8548 -7.6472 -0.082713
9.05567 8567 -7.7184 -0.083390
9.05789 8586 -7.0642 -0.076237
9.06010 8605 -7.8893 -0.085048
9.06242 8625 -6.8176 -0.073409
9.06462 8644 -6.5257 -0.070189
9.06693 8664 -6.6907 -0.071880
9.06912 8683 -7.3480 -0.078856
9.07142 8703 -7.2417 -0.077626
9.07360 8722 -6.5543 -0.070181
9.07589 8742 -6.9030 -0.073830
9.07818 8762 -7.1414 -0.076293
9.08035 8781 -8.3528 -0.089137
9.08262 8801 -8.4464 -0.090034
9.08489 8821 -7.9026 -0.084142
9.08716 8841 -7.8579 -0.083571
9.08941 8861 -7.9770 -0.084742
9.09167 8881 -8.1738 -0.086735
9.09392 8901 -8.2593 -0.087543
9.09616 8921 -8.4933 -0.089923
9.09840 8941 -8.2590 -0.087344
9.10064 8961 -7.8807 -0.083251
9.10287 8981 -8.6833 -0.091627
9.10509 9001 -8.5759 -0.090393
9.10742 9022 -8.1437 -0.085737
9.10964 9042 -7.6569 -0.080523
9.11185 9062 -7.5068 -0.078858
9.11416 9083 -7.7873 -0.081710
9.11636 9103 -7.9136 -0.082944
9.11866 9124 -7.1228 -0.074569
9.12085 9144 -6.6794 -0.069850
9.12315 9165 -6.7327 -0.070328
9.12533 9185 -6.5514 -0.068359
9.12761 9206 -6.4661 -0.067392
9.12989 9227 -6.9718 -0.072579
9.13216 9248 -7.7183 -0.080259
9.13443 9269 -7.2893 -0.075713
9.13659 9289 -7.5126 -0.077948
9.13884 9310 -7.3344 -0.076013
9.14110 9331 -7.5983 -0.078660
9.14335 9352 -7.1730 -0.074174
9.14559 9373 -6.8610 -0.070868
9.14783 9394 -6.2876 -0.064873
9.15017 9416 -6.9511 -0.071634
9.15239 9437 -6.9144 -0.071177
9.15462 9458 -6.3035 -0.064816
9.15683 9479 -6.3968 -0.065703
9.15915 9501 -6.5387 -0.067082
9.16136 9522 -6.4063 -0.065651
9.16367 9544 -6.1857 -0.063317
9.16587 9565 -5.7240 -0.058527
9.16816 9587 -5.2856 -0.053983
9.17035 9608 -4.9650 -0.050652
9.17264 9630 -5.0744 -0.051710
9.17482 9651 -5.1771 -0.052698
9.17709 9673 -5.1304 -0.052164
9.17937 9695 -4.8931 -0.049695
9.18163 9717 -5.2022 -0.052774
9.18389 9739 -5.5209 -0.055944
9.18615 9761 -5.4999 -0.055668
9.18840 9783 -4.7594 -0.048119
9.19065 9805 -5.2115 -0.052631
9.19289 9827 -5.6302 -0.056795
9.19513 9849 -6.2960 -0.063440
9.19736 9871 -5.8823 -0.059206
9.19958 9893 -6.3068 -0.063408
9.20190 9916 -6.7301 -0.067585
9.20412 9938 -7.1847 -0.072071
9.20633 9960 -6.9127 -0.069265
9.20864 9983 -7.0025 -0.070085
9.21084 10005 -6.5699 -0.065683
9.21314 10028 -6.4442 -0.064352
9.21533 10050 -5.7528 -0.057385
9.21761 10073 -6.2571 -0.062344
9.21989 10096 -6.5932 -0.065618
9.22207 10118 -6.2785 -0.062418
9.22434 10141 -6.4255 -0.063807
9.22661 10164 -7.1421 -0.070843
9.22887 10187 -7.1258 -0.070601
9.23112 10210 -6.2032 -0.061391
9.23337 10233 -5.8164 -0.057498
9.23562 10256 -5.1977 -0.051324
9.23786 10279 -5.9267 -0.058457
9.24009 10302 -6.2866 -0.061937
9.24232 10325 -6.4388 -0.063366
9.24455 10348 -6.4020 -0.062935
9.24687 10372 -6.2878 -0.061740
9.24908 10395 -6.3396 -0.062180
9.25139 10419 -5.7833 -0.056658
9.25359 10442 -5.9104 -0.057839
9.25579 10465 -5.7452 -0.056161
9.25808 10489 -5.9132 -0.057738
9.26037 10513 -5.3820 -0.052490
9.26255 10536 -5.7176 -0.055702
9.26483 10560 -5.8703 -0.057125
9.26710 10584 -6.6941 -0.065067
9.26936 10608 -6.4674 -0.062793
9.27162 10632 -6.1255 -0.059407
9.27388 10656 -6.4728 -0.062704
9.27613 10680 -6.7803 -0.065609
9.27837 10704 -6.5261 -0.063078
9.28061 10728 -6.6229 -0.063942
9.28285 10752 -6.7105 -0.064716
9.28508 10776 -6.8023 -0.065528
9.28730 10800 -7.1185 -0.068498
9.28961 10825 -6.6886 -0.064287
9.29183 10849 -6.3096 -0.060577
9.29404 10873 -5.4892 -0.052642
9.29633 10898 -5.4071 -0.051795
9.29853 10922 -6.1246 -0.058604
9.30082 10947 -6.6388 -0.063451
9.30310 10972 -7.1549 -0.068307
9.30529 10996 -7.4799 -0.071331
9.30756 11021 -7.9776 -0.075991
9.30982 11046 -8.0451 -0.076547
9.31208 11071 -6.6703 -0.063395
9.31434 11096 -6.5437 -0.062121
9.31659 11121 -7.0534 -0.066885
9.31884 11146 -7.2174 -0.068363
9.32108 11171 -6.1650 -0.058329
9.32331 11196 -5.4762 -0.051754
9.32554 11221 -7.1827 -0.067807
9.32786 11247 -7.1536 -0.067454
9.33008 11272 -7.2402 -0.068195
9.33229 11297 -7.4980 -0.070544
9.33459 11323 -7.8374 -0.073653
9.33680 11348 -7.0207 -0.065905
9.33909 11374 -6.6334 -0.062198
9.34128 11399 -7.2578 -0.067979
9.34356 11425 -6.3806 -0.059694
9.34583 11451 -6.1831 -0.057781
9.34810 11477 -6.1673 -0.057568
9.35028 11502 -5.9025 -0.055037
9.35253 11528 -5.7077 -0.053160
9.35479 11554 -5.3338 -0.049622
9.35703 11580 -5.2901 -0.049160
9.35928 11606 -5.8538 -0.054337
9.36152 11632 -6.0224 -0.055840
9.36383 11659 -6.3317 -0.058640
9.36606 11685 -5.9495 -0.055039
9.36828 11711 -6.0591 -0.055990
9.37059 11738 -6.3125 -0.058264
9.37280 11764 -6.3252 -0.058318
9.37509 11791 -6.7683 -0.062331
9.37729 11817 -6.3163 -0.058104
9.37958 11844 -5.9813 -0.054960
9.38177 11870 -6.7520 -0.061973
9.38404 11897 -7.1142 -0.065224
9.38631 11924 -6.3026 -0.057718
9.38857 11951 -6.0119 -0.054993
9.39083 11978 -5.8017 -0.053011
9.39308 12005 -5.5296 -0.050467
9.39533 12032 -5.5581 -0.050671
9.39757 12059 -6.4206 -0.058469
9.39980 12086 -7.0843 -0.064440
9.40203 12113 -6.0334 -0.054820
9.40426 12140 -5.4321 -0.049301
9.40656 12168 -5.0046 -0.045369
9.40878 12195 -4.3778 -0.039643
9.41107 12223 -4.2417 -0.038366
9.41328 12250 -4.1684 -0.037662
9.41556 12278 -5.1902 -0.046840
9.41776 12305 -5.2532 -0.047357
9.42003 12333 -5.4349 -0.048939
9.42230 12361 -4.8686 -0.043790
9.42456 12389 -4.4711 -0.040169
9.42682 12417 -4.2325 -0.037983
9.42899 12444 -4.2816 -0.038381
9.43124 12472 -4.9703 -0.044506
9.43356 12501 -4.5644 -0.040823
9.43580 12529 -4.6978 -0.041970
9.43803 12557 -5.1860 -0.046280
9.44026 12585 -4.9701 -0.044304
9.44256 12614 -4.2882 -0.038181
9.44478 12642 -4.3971 -0.039108
9.44699 12670 -4.0318 -0.035818
9.44928 12699 -5.3717 -0.047668
9.45156 12728 -5.5349 -0.049060
9.45376 12756 -4.9594 -0.043911
9.45603 12785 -5.1857 -0.045863
9.45829 12814 -4.9106 -0.043380
9.46055 12843 -5.6585 -0.049931
9.46273 12871 -5.8174 -0.051277
9.46498 12900 -5.4945 -0.048376
9.46731 12930 -5.9859 -0.052642
9.46955 12959 -5.9660 -0.052408
9.47178 12988 -4.8630 -0.042671
9.47401 13017 -6.3464 -0.055625
9.47624 13046 -6.2217 -0.054471
9.47853 13076 -5.4273 -0.047462
9.48075 13105 -6.3284 -0.055281
9.48304 13135 -6.9212 -0.060390
9.48524 13164 -5.8872 -0.051312
9.48752 13194 -5.4055 -0.047060
9.48979 13224 -4.9512 -0.043055
9.49198 13253 -5.5830 -0.048497
9.49424 13283 -6.5242 -0.056608
9.49650 13313 -5.7397 -0.049745
9.49875 13343 -5.4040 -0.046783
9.50099 13373 -5.7167 -0.049435
9.50323 13403 -4.9588 -0.042833
9.50547 13433 -4.6113 -0.039787
9.50777 13464 -5.3290 -0.045926
9.51000 13494 -4.9659 -0.042749
9.51222 13524 -5.5334 -0.047582
9.51451 13555 -5.3391 -0.045858
9.51672 13585 -5.6183 -0.048203
9.51900 13616 -5.4111 -0.046373
9.52127 13647 -5.7252 -0.049008
9.52347 13677 -5.8833 -0.050306
9.52573 13708 -5.3656 -0.045828
9.52799 13739 -4.6145 -0.039368
9.53025 13770 -5.4117 -0.046118
9.53250 13801 -5.2680 -0.044843
9.53474 13832 -4.2868 -0.036449
9.53698 13863 -4.4755 -0.038012
9.53921 13894 -3.6977 -0.031370
9.54151 13926 -4.0034 -0.033925
9.54374 13957 -4.8247 -0.040839
9.54603 13989 -5.5175 -0.046650
9.54824 14020 -5.5257 -0.046667
9.55052 14052 -5.7388 -0.048412
9.55272 14083 -6.8573 -0.057784
9.55499 14115 -6.6753 -0.056187
9.55726 14147 -6.6796 -0.056159
9.55952 14179 -5.2805 -0.044346
9.56177 14211 -5.9331 -0.049771
9.56402 14243 -5.9442 -0.049807
9.56627 14275 -6.4429 -0.053925
9.56850 14307 -6.6724 -0.055784
9.57074 14339 -6.5379 -0.054598
9.57297 14371 -5.2977 -0.044192
9.57526 14404 -5.6657 -0.047208
9.57748 14436 -6.6724 -0.055534
9.57976 14469 -6.1541 -0.051162
9.58197 14501 -6.7605 -0.056141
9.58425 14534 -6.7037 -0.055606
9.58645 14566 -7.3090 -0.060560
9.58871 14599 -7.8879 -0.065283
9.59097 14632 -8.5135 -0.070381
9.59322 14665 -8.3998 -0.069363
9.59547 14698 -8.4221 -0.069469
9.59771 14731 -8.2280 -0.067792
9.59995 14764 -8.6321 -0.071042
9.60225 14798 -7.4215 -0.061009
9.60447 14831 -7.0287 -0.057715
9.60670 14864 -6.1364 -0.050332
9.60898 14898 -6.7147 -0.055012
9.61119 14931 -6.9340 -0.056747
9.61347 14965 -6.2387 -0.050999
9.61574 14999 -7.1432 -0.058326
9.61794 15032 -6.7189 -0.054801
9.62020 15066 -7.5164 -0.061236
9.62245 15100 -7.7250 -0.062865
9.62470 15134 -7.7342 -0.062869
9.62694 15168 -7.2871 -0.059169
9.62918 15202 -6.2585 -0.050760
9.63148 15237 -6.6538 -0.053904
9.63371 15271 -8.1127 -0.065650
9.63593 15305 -7.2188 -0.058351
9.63822 15340 -6.6305 -0.053534
9.64043 15374 -7.4277 -0.059905
9.64271 15409 -7.7911 -0.062764
9.64498 15444 -8.0544 -0.064812
9.64724 15479 -7.8679 -0.063239
9.64943 15513 -8.4961 -0.068213
9.65169 15548 -8.0526 -0.064581
9.65394 15583 -7.5517 -0.060495
9.65618 15618 -6.7311 -0.053861
9.65848 15654 -6.8825 -0.055009
9.66072 15689 -7.0298 -0.056123
9.66294 15724 -7.1998 -0.057417
9.66523 15760 -7.7691 -0.061886
9.66745 15795 -7.9413 -0.063188
9.66973 15831 -8.2019 -0.065187
9.67193 15866 -7.9766 -0.063326
9.67420 15902 -7.1298 -0.056540
9.67646 15938 -7.4572 -0.059069
9.67872 15974 -7.0519 -0.055795
9.68097 16010 -6.8032 -0.053767
9.68321 16046 -5.9997 -0.047364
9.68546 16082 -5.2295 -0.041237
9.68769 16118 -5.3641 -0.042251
9.68992 16154 -4.8515 -0.038172
9.69221 16191 -6.0751 -0.047744
9.69443 16227 -6.3393 -0.049765
9.69671 16264 -4.5883 -0.035978
9.69892 16300 -5.9366 -0.046499
9.70119 16337 -6.9732 -0.054557
9.70345 16374 -7.0061 -0.054752
9.70571 16411 -7.0613 -0.055121
9.70796 16448 -5.6620 -0.044148
9.71021 16485 -5.7039 -0.044425
9.71245 16522 -4.6481 -0.036161
9.71469 16559 -4.8694 -0.037841
9.71692 16596 -3.8632 -0.029988
9.71920 16634 -3.1345 -0.024304
9.72143 16671 -2.5455 -0.019715
9.72370 16709 -1.7620 -0.013631
9.72591 16746 -2.3233 -0.017953
9.72818 16784 -2.2705 -0.017526
9.73044 16822 -2.6387 -0.020345
9.73270 16860 -2.8776 -0.022161
9.73495 16898 -4.0496 -0.031153
9.73720 16936 -5.2321 -0.040204
9.73944 16974 -6.3732 -0.048918
9.74167 17012 -6.0198 -0.046153
9.74391 17050 -6.6355 -0.050817
9.74619 17089 -5.5815 -0.042696
9.74841 17127 -5.9112 -0.045168
9.75069 17166 -6.5411 -0.049925
9.75290 17204 -5.1659 -0.039385
9.75516 17243 -5.7383 -0.043700
9.75742 17282 -5.2786 -0.040153
9.75967 17321 -5.1444 -0.039088
9.76192 17360 -5.3042 -0.040257
9.76417 17399 -6.2384 -0.047294
9.76641 17438 -5.6365 -0.042683
9.76864 17477 -4.6637 -0.035278
9.77093 17517 -4.2472 -0.032090
9.77315 17556 -4.5924 -0.034660
9.77543 17596 -4.8613 -0.036648
9.77764 17635 -4.8848 -0.036784
9.77991 17675 -4.8703 -0.036633
9.78217 17715 -5.2928 -0.039766
9.78442 17755 -5.1524 -0.038668
9.78667 17795 -4.7687 -0.035748
9.78892 17835 -3.8510 -0.028836
9.79116 17875 -4.1530 -0.031063
9.79339 17915 -5.0608 -0.037810
9.79568 17956 -4.8220 -0.035985
9.79790 17996 -5.7014 -0.042500
9.80018 18037 -5.3855 -0.040100
9.80240 18077 -5.7660 -0.042886
9.80466 18118 -6.4337 -0.047798
9.80692 18159 -5.6434 -0.041879
9.80918 18200 -5.6928 -0.042198
9.81143 18241 -5.6845 -0.042089
9.81367 18282 -5.6608 -0.041866
9.81591 18323 -5.1588 -0.038111
9.81815 18364 -6.6544 -0.049105
9.82038 18405 -6.9412 -0.051164
9.82266 18447 -7.3073 -0.053801
9.82488 18488 -7.1742 -0.052763
9.82715 18530 -7.7240 -0.056742
9.82941 18572 -8.5419 -0.062679
9.83167 18614 -9.1396 -0.066989
9.83387 18655 -8.8092 -0.064497
9.83612 18697 -9.2065 -0.067330
9.83842 18740 -9.2267 -0.067400
9.84065 18782 -8.6756 -0.063304
9.84289 18824 -8.6799 -0.063264
9.84512 18866 -9.8947 -0.072038
9.84739 18909 -10.3060 -0.074947
9.84966 18952 -10.1796 -0.073944
9.85188 18994 -9.1544 -0.066423
9.85414 19037 -11.0177 -0.079853
9.85640 19080 -10.1869 -0.073748
9.85865 19123 -9.8687 -0.071364
9.86089 19166 -10.0458 -0.072564
9.86313 19209 -10.5144 -0.075864
9.86537 19252 -10.1099 -0.072863
9.86765 19296 -11.8156 -0.085059
9.86988 19339 -12.5466 -0.090221
9.87215 19383 -13.0304 -0.093594
9.87437 19426 -13.1319 -0.094218
9.87663 19470 -12.4236 -0.089036
9.87889 19514 -12.8667 -0.092108
9.88114 19558 -12.9955 -0.092924
9.88339 19602 -14.0819 -0.100580
9.88563 19646 -13.5552 -0.096710
9.88787 19690 -13.4157 -0.095607
9.89015 19735 -12.9459 -0.092154
9.89238 19779 -13.2068 -0.093906
9.89465 19824 -13.1502 -0.093398
9.89687 19868 -12.3358 -0.087517
9.89913 19913 -12.4864 -0.088485
9.90139 19958 -11.6233 -0.082275
9.90364 20003 -12.1969 -0.086239
9.90588 20048 -10.7066 -0.075617
9.90813 20093 -10.1256 -0.071433
9.91036 20138 -8.9346 -0.062961
9.91260 20183 -8.3323 -0.058651
9.91487 20229 -9.0479 -0.063615
9.91709 20274 -8.5470 -0.060027
9.91936 20320 -9.0537 -0.063513
9.92162 20366 -9.9700 -0.069862
9.92388 20412 -10.0550 -0.070378
9.92613 20458 -10.2692 -0.071797
9.92838 20504 -9.2333 -0.064482
9.93062 20550 -8.8681 -0.061862
9.93285 20596 -10.3185 -0.071899
9.93513 20643 -11.1192 -0.077390
9.93736 20689 -10.7580 -0.074793
9.93963 20736 -11.3421 -0.078765
9.94184 20782 -11.5411 -0.080058
9.94410 20829 -11.4792 -0.079538
9.94636 20876 -10.7095 -0.074122
9.94860 20923 -10.6608 -0.073702
9.95085 20970 -9.4943 -0.065564
9.95309 21017 -10.7188 -0.073937
9.95537 21065 -11.1548 -0.076857
9.95760 21112 -10.3694 -0.071365
9.95987 21160 -10.1381 -0.069694
9.96209 21207 -11.2853 -0.077495
9.96435 21255 -10.8073 -0.074129
9.96660 21303 -9.8850 -0.067726
9.96885 21351 -7.5744 -0.051837
9.97110 21399 -8.4354 -0.057664
9.97334 21447 -7.9700 -0.054422
9.97558 21495 -8.1606 -0.055662
9.97785 21544 -8.3037 -0.056573
9.98008 21592 -8.3781 -0.057016
9.98234 21641 -8.4848 -0.057677
9.98461 21690 -8.3596 -0.056762
9.98686 21739 -8.9352 -0.060602
9.98907 21787 -7.8434 -0.053138
9.99136 21837 -7.2746 -0.049228
9.99360 21886 -7.0300 -0.047519
9.99584 21935 -5.9840 -0.040404
9.99807 21984 -4.9708 -0.033526
10.00034 22034 -5.3349 -0.035940
10.00261 22084 -4.5151 -0.030383
10.00482 22133 -5.9900 -0.040263
10.00708 22183 -5.2669 -0.035362
10.00933 22233 -6.8827 -0.046159
10.01158 22283 -6.0466 -0.040507
10.01382 22333 -7.3967 -0.049495
10.01610 22384 -8.1589 -0.054534
10.01833 22434 -7.6822 -0.051290
10.02056 22484 -7.8225 -0.052169
10.02282 22535 -8.2829 -0.055177
10.02509 22586 -8.9885 -0.059809
10.02734 22637 -9.1269 -0.060661
10.02959 22688 -8.3971 -0.055749
10.03184 22739 -8.2084 -0.054434
10.03408 22790 -7.7406 -0.051275
10.03631 22841 -6.0467 -0.040009
10.03859 22893 -5.8814 -0.038871
10.04081 22944 -6.2557 -0.041299
10.04308 22996 -6.6153 -0.043624
10.04533 23048 -6.1685 -0.040632
10.04759 23100 -5.3490 -0.035194
10.04984 23152 -4.9809 -0.032735
10.05208 23204 -5.2624 -0.034546
10.05432 23256 -4.5446 -0.029801
10.05655 23308 -3.8489 -0.025211
10.05882 23361 -4.1191 -0.026950
10.06105 23413 -4.8744 -0.031856
10.06331 23466 -4.9417 -0.032260
10.06556 23519 -4.8409 -0.031566
10.06781 23572 -4.3767 -0.028507
10.07006 23625 -6.0361 -0.039271
10.07230 23678 -5.0812 -0.033021
10.07458 23732 -6.3112 -0.040968
10.07681 23785 -5.8856 -0.038163
10.07908 23839 -5.5158 -0.035725
10.08130 23892 -5.5833 -0.036121
10.08356 23946 -6.2458 -0.040362
10.08581 24000 -7.1982 -0.046464
10.08806 24054 -7.6464 -0.049302
10.09030 24108 -8.8325 -0.056886
10.09254 24162 -7.8261 -0.050348
10.09481 24217 -8.0635 -0.051816
10.09704 24271 -8.2863 -0.053188
10.09930 24326 -6.9594 -0.044621
10.10156 24381 -8.9657 -0.057419
10.10381 24436 -8.5427 -0.054649
10.10606 24491 -9.7394 -0.062234
10.10830 24546 -9.5803 -0.061149
10.11054 24601 -10.2418 -0.065298
10.11282 24657 -10.4643 -0.066641
10.11504 24712 -11.5132 -0.073239
10.11731 24768 -11.0653 -0.070310
10.11957 24824 -10.8124 -0.068625
10.12178 24879 -11.9797 -0.075950
10.12403 24935 -12.0011 -0.076001
10.12631 24992 -11.6444 -0.073658
10.12855 25048 -12.6440 -0.079891
10.13078 25104 -13.0441 -0.082327
10.13305 25161 -14.0127 -0.088340
10.13527 25217 -13.9575 -0.087894
10.13753 25274 -12.8672 -0.080937
10.13978 25331 -14.9877 -0.094169
10.14203 25388 -14.6747 -0.092099
10.14427 25445 -15.3680 -0.096342
10.14655 25503 -15.1184 -0.094669
10.14878 25560 -14.6450 -0.091603
10.15105 25618 -13.9397 -0.087093
10.15327 25675 -14.5087 -0.090547
10.15553 25733 -12.6766 -0.079024
10.15778 25791 -12.5284 -0.078012
10.16003 25849 -13.8700 -0.086269
10.16227 25907 -14.1255 -0.087760
10.16454 25966 -14.3079 -0.088792
10.16677 26024 -15.8227 -0.098083
10.16904 26083 -15.1817 -0.094003
10.17126 26141 -13.1450 -0.081302
10.17351 26200 -11.0803 -0.068454
10.17576 26259 -11.6844 -0.072105
10.17801 26318 -10.4845 -0.064628
10.18029 26378 -10.8498 -0.066804
10.18252 26437 -11.4381 -0.070347
10.18479 26497 -12.3617 -0.075942
10.18701 26556 -11.9150 -0.073116
10.18927 26616 -12.7707 -0.078279
10.19152 26676 -11.9263 -0.073020
10.19377 26736 -11.3926 -0.069675
10.19601 26796 -10.3408 -0.063171
10.19828 26857 -10.9064 -0.066551
10.20051 26917 -10.1515 -0.061875
10.20278 26978 -8.5607 -0.052120
10.20500 27038 -10.5708 -0.064286
10.20725 27099 -10.8227 -0.065745
10.20950 27160 -8.3903 -0.050911
10.21178 27222 -9.1560 -0.055494
10.21402 27283 -8.3175 -0.050356
10.21625 27344 -7.9000 -0.047775
10.21852 27406 -9.0112 -0.054432
10.22078 27468 -9.1556 -0.055243
10.22300 27529 -8.4702 -0.051050
10.22524 27591 -9.0170 -0.054285
10.22753 27654 -8.7180 -0.052425
10.22977 27716 -9.4130 -0.056541
10.23200 27778 -10.1972 -0.061183
10.23427 27841 -10.4793 -0.062804
10.23649 27903 -11.6695 -0.069860
10.23874 27966 -10.9372 -0.065402
10.24099 28029 -12.1793 -0.072748
10.24324 28092 -12.2393 -0.073024
10.24552 28156 -13.0493 -0.077768
10.24775 28219 -12.1514 -0.072336
10.25002 28283 -12.5290 -0.074500
10.25224 28346 -10.8801 -0.064623
10.25450 28410 -9.2172 -0.054685
10.25675 28474 -8.3547 -0.049512
10.25899 28538 -8.1476 -0.048230
10.26123 28602 -7.1397 -0.042216
10.26350 28667 -6.1670 -0.036424
10.26573 28731 -5.9647 -0.035190
10.26799 28796 -5.1586 -0.030400
10.27025 28861 -5.5937 -0.032926
10.27250 28926 -5.2696 -0.030984
10.27474 28991 -6.5147 -0.038262
10.27698 29056 -6.1078 -0.035832
10.27925 29122 -5.6709 -0.033231
10.28148 29187 -5.5129 -0.032269
10.28374 29253 -5.1269 -0.029976
10.28599 29319 -5.1950 -0.030340
10.28824 29385 -4.6760 -0.027278
10.29048 29451 -4.4034 -0.025659
10.29272 29517 -3.4793 -0.020251
10.29499 29584 -4.6976 -0.027312
10.29722 29650 -5.1048 -0.029646
10.29947 29717 -6.3258 -0.036696
10.30173 29784 -6.1933 -0.035886
10.30397 29851 -6.2636 -0.036253
10.30622 29918 -5.9636 -0.034478
10.30849 29986 -5.8044 -0.033519
10.31072 30053 -7.1427 -0.041202
10.31298 30121 -7.1175 -0.041010
10.31523 30189 -6.7230 -0.038693
10.31748 30257 -6.5827 -0.037843
10.31973 30325 -7.1723 -0.041187
10.32197 30393 -8.2874 -0.047537
10.32424 30462 -7.6622 -0.043901
10.32647 30530 -8.4229 -0.048206
10.32872 30599 -7.3964 -0.042283
10.33098 30668 -6.2519 -0.035700
10.33322 30737 -7.5258 -0.042926
10.33546 30806 -6.6229 -0.037734
10.33773 30876 -7.8753 -0.044818
10.33997 30945 -7.5981 -0.043193
10.34223 31015 -7.9892 -0.045364
10.34448 31085 -8.9688 -0.050870
10.34673 31155 -8.8185 -0.049961
10.34897 31225 -9.2026 -0.052079
10.35121 31295 -7.9355 -0.044858
10.35345 31365 -8.5572 -0.048318
10.35571 31436 -7.9746 -0.044977
10.35797 31507 -9.1063 -0.051302
10.36022 31578 -9.2371 -0.051981
10.36246 31649 -9.6374 -0.054173
10.36470 31720 -10.7380 -0.060292
10.36697 31792 -10.5928 -0.059409
10.36920 31863 -11.0748 -0.062043
10.37146 31935 -12.2650 -0.068633
10.37371 32007 -13.4823 -0.075360
10.37596 32079 -12.3384 -0.068889
10.37820 32151 -12.9295 -0.072108
10.38047 32224 -11.8912 -0.066242
10.38270 32296 -12.5234 -0.069686
10.38496 32369 -11.1780 -0.062130
10.38721 32442 -9.6860 -0.053776
10.38946 32515 -9.0526 -0.050203
10.39170 32588 -9.4538 -0.052369
10.39394 32661 -11.8861 -0.065769
10.39620 32735 -12.5608 -0.069424
10.39846 32809 -11.7923 -0.065103
10.40071 32883 -11.5553 -0.063723
10.40296 32957 -11.8187 -0.065102
10.40520 33031 -12.3063 -0.067712
10.40744 33105 -13.6822 -0.075198
10.40970 33180 -13.4498 -0.073838
10.41193 33254 -12.8897 -0.070684
10.41418 33329 -12.0860 -0.066202
10.41643 33404 -11.0630 -0.060530
10.41870 33480 -11.5998 -0.063395
10.42094 33555 -11.8666 -0.064781
10.42320 33631 -12.2109 -0.066585
10.42543 33706 -13.5032 -0.073550
10.42768 33782 -12.6298 -0.068716
10.42993 33858 -14.6634 -0.079690
10.43217 33934 -16.3186 -0.088586
10.43444 34011 -17.5479 -0.095152
10.43667 34087 -18.2995 -0.099116
10.43893 34164 -19.4440 -0.105196
10.44118 34241 -17.4924 -0.094531
10.44343 34318 -17.8663 -0.096444
10.44567 34395 -17.5357 -0.094553
10.44793 34473 -16.8800 -0.090915
10.45019 34551 -17.4140 -0.093685
10.45242 34628 -16.3852 -0.088052
10.45467 34706 -15.6922 -0.084233
10.45691 34784 -15.7531 -0.084465
10.45918 34863 -16.2000 -0.086763
10.46142 34941 -16.0541 -0.085885
10.46367 35020 -16.9310 -0.090474
10.46593 35099 -16.0526 -0.085684
10.46818 35178 -15.6070 -0.083211
10.47042 35257 -14.5187 -0.077323
10.47266 35336 -15.7739 -0.083913
10.47492 35416 -14.5048 -0.077075
10.47718 35496 -13.4706 -0.071499
10.47943 35576 -13.5010 -0.071579
10.48167 35656 -12.1152 -0.064160
10.48391 35736 -11.2116 -0.059308
10.48618 35817 -11.0286 -0.058274
10.48841 35897 -10.5959 -0.055926
10.49066 35978 -10.0698 -0.053089
10.49291 36059 -11.6365 -0.061280
10.49516 36140 -10.7026 -0.056298
10.49742 36222 -8.6184 -0.045284
10.49966 36303 -7.6054 -0.039916
10.50191 36385 -5.5888 -0.029300
10.50416 36467 -3.8276 -0.020043
10.50641 36549 -3.9586 -0.020706
10.50865 36631 -4.2340 -0.022122
10.51091 36714 -6.1603 -0.032150
10.51314 36796 -5.7154 -0.029795
10.51540 36879 -4.8095 -0.025044
10.51765 36962 -4.3681 -0.022720
10.51992 37046 -4.7135 -0.024489
10.52215 37129 -5.7966 -0.030083
10.52441 37213 -5.6232 -0.029150
10.52664 37296 -4.9088 -0.025418
10.52889 37380 -6.1940 -0.032037
10.53116 37465 -5.7263 -0.029584
10.53340 37549 -5.9112 -0.030505
10.53564 37633 -5.4383 -0.028033
10.53789 37718 -4.5209 -0.023278
10.54014 37803 -5.2180 -0.026837
10.54239 37888 -4.5767 -0.023513
10.54466 37974 -6.1892 -0.031761
10.54689 38059 -6.2850 -0.032216
10.54915 38145 -5.2976 -0.027124
10.55140 38231 -3.7370 -0.019112
10.55365 38317 -5.0641 -0.025871
10.55589 38403 -4.7193 -0.024082
10.55815 38490 -4.5858 -0.023374
10.56039 38576 -2.9894 -0.015220
10.56264 38663 -3.6939 -0.018786
10.56489 38750 -2.8273 -0.014363
10.56713 38837 -2.5300 -0.012838
10.56939 38925 -3.3426 -0.016942
10.57162 39012 -5.1765 -0.026208
10.57388 39100 -6.2302 -0.031508
10.57613 39188 -5.6833 -0.028710
10.57839 39277 -6.4585 -0.032588
10.58063 39365 -7.5972 -0.038291
10.58289 39454 -8.0404 -0.040479
10.58512 39542 -8.0300 -0.040382
10.58739 39632 -8.2162 -0.041271
10.58964 39721 -9.8173 -0.049258
10.59187 39810 -9.0138 -0.045176
10.59413 39900 -7.4515 -0.037304
10.59638 39990 -6.8428 -0.034218
10.59863 40080 -7.6011 -0.037968
10.60088 40170 -9.2936 -0.046370
10.60311 40260 -8.6094 -0.042908
10.60537 40351 -9.8538 -0.049054
10.60762 40442 -9.5394 -0.047435
10.60987 40533 -11.5166 -0.057203
10.61211 40624 -13.0340 -0.064667
10.61438 40716 -13.0580 -0.064713
10.61661 40807 -12.3317 -0.061046
10.61886 40899 -11.8224 -0.058459
10.62111 40991 -11.5595 -0.057094
10.62337 41084 -9.4341 -0.046544
10.62561 41176 -10.1423 -0.049982
10.62787 41269 -10.6199 -0.052277
10.63012 41362 -11.6553 -0.057309
10.63236 41455 -10.2195 -0.050193
10.63460 41548 -9.9491 -0.048810
10.63686 41642 -10.8609 -0.053223
10.63912 41736 -9.6279 -0.047128
10.64137 41830 -9.3975 -0.045948
10.64361 41924 -7.4123 -0.036201
10.64585 42018 -9.0767 -0.044280
10.64811 42113 -10.5028 -0.051179
10.65037 42208 -10.0771 -0.049050
10.65261 42303 -11.0768 -0.053855
10.65486 42398 -11.5872 -0.056274
10.65709 42493 -11.1949 -0.054308
10.65935 42589 -11.4875 -0.055664
10.66160 42685 -12.3500 -0.059776
10.66385 42781 -14.6203 -0.070685
10.66609 42877 -14.7731 -0.071344
10.66835 42974 -12.4796 -0.060200
10.67061 43071 -11.7165 -0.056455
10.67285 43168 -11.3613 -0.054683
10.67510 43265 -10.0318 -0.048229
10.67734 43362 -9.8739 -0.047417
10.67960 43460 -8.9637 -0.042997
10.68185 43558 -9.9552 -0.047700
10.68410 43656 -9.7881 -0.046847
10.68634 43754 -10.1726 -0.048632
10.68860 43853 -9.9210 -0.047376
10.69085 43952 -9.3743 -0.044714
10.69310 44051 -8.9043 -0.042425
10.69535 44150 -9.0742 -0.043186
10.69759 44249 -9.5211 -0.045262
10.69985 44349 -11.2120 -0.053240
10.70210 44449 -11.2429 -0.053327
10.70434 44549 -12.1796 -0.057705
10.70659 44649 -14.2442 -0.067411
10.70885 44750 -15.1803 -0.071760
10.71108 44850 -15.6683 -0.073984
10.71333 44951 -16.7446 -0.078978
10.71559 45053 -18.7844 -0.088498
10.71783 45154 -18.1689 -0.085503
10.72009 45256 -18.1125 -0.085141
10.72234 45358 -15.9252 -0.074775
10.72459 45460 -17.4483 -0.081835
10.72683 45562 -16.0072 -0.074992
10.72909 45665 -17.0776 -0.079916
10.73132 45767 -16.3996 -0.076658
10.73359 45871 -17.4979 -0.081699
10.73583 45974 -14.8164 -0.069101
10.73807 46077 -15.6097 -0.072720
10.74032 46181 -15.5707 -0.072457
10.74257 46285 -14.6652 -0.068166
10.74482 46389 -13.6131 -0.063205
10.74708 46494 -13.4024 -0.062156
10.74931 46598 -11.7477 -0.054421
10.75156 46703 -11.3743 -0.052632
10.75383 46809 -11.7056 -0.054104
10.75607 46914 -12.9855 -0.059952
10.75833 47020 -13.6843 -0.063108
10.76056 47125 -14.0255 -0.064609
10.76283 47232 -13.6282 -0.062708
10.76507 47338 -13.7468 -0.063183
10.76733 47445 -14.2769 -0.065545
10.76956 47551 -13.2447 -0.060738
10.77181 47658 -14.8671 -0.068102
10.77407 47766 -12.3933 -0.056706
10.77631 47873 -12.4072 -0.056706
10.77856 47981 -12.5113 -0.057117
10.78081 48089 -13.5654 -0.061860
10.78305 48197 -13.6776 -0.062302
10.78531 48306 -11.9449 -0.054348
10.78756 48415 -10.5585 -0.047986
10.78981 48524 -9.4146 -0.042739
10.79206 48633 -9.7158 -0.044057
10.79430 48742 -9.0408 -0.040950
10.79655 48852 -7.3960 -0.033462
10.79880 48962 -5.9486 -0.026883
10.80104 49072 -5.5292 -0.024960
10.80330 49183 -6.1977 -0.027946
10.80556 49294 -6.4274 -0.028949
10.80781 49405 -6.9559 -0.031295
10.81005 49516 -5.9429 -0.026707
10.81229 49627 -5.9072 -0.026517
10.81454 49739 -7.1611 -0.032109
10.81679 49851 -9.5639 -0.042835
10.81904 49963 -11.9537 -0.053478
10.82130 50076 -10.8437 -0.048458
10.82355 50189 -11.0666 -0.049398
10.82580 50302 -9.8801 -0.044052
10.82804 50415 -10.0685 -0.044842
10.83030 50529 -9.9948 -0.044463
10.83254 50642 -10.2149 -0.045392
10.83479 50756 -10.3797 -0.046072
10.83705 50871 -10.7601 -0.047707
10.83929 50985 -12.1864 -0.053970
10.84154 51100 -13.4848 -0.059653
10.84379 51215 -12.7169 -0.056193
10.84603 51330 -14.2981 -0.063109
10.84829 51446 -14.2760 -0.062941
10.85054 51562 -13.5153 -0.059520
10.85279 51678 -12.9529 -0.056979
10.85503 51794 -12.7293 -0.055932
10.85729 51911 -11.5893 -0.050866
10.85954 52028 -12.0822 -0.052970
10.86178 52145 -13.0998 -0.057366
10.86402 52262 -12.4013 -0.054247
10.86628 52380 -11.5739 -0.050571
10.86853 52498 -12.0008 -0.052377
10.87078 52616 -9.1327 -0.039815
10.87303 52735 -9.6746 -0.042129
10.87527 52853 -9.6023 -0.041768
10.87752 52972 -10.1689 -0.044183
10.87978 53092 -7.5665 -0.032838
10.88202 53211 -8.3794 -0.036326
10.88427 53331 -8.7646 -0.037953
10.88652 53451 -9.8102 -0.042433
10.88876 53571 -8.4253 -0.036401
10.89102 53692 -9.4049 -0.040588
10.89327 53813 -11.0918 -0.047814
10.89552 53934 -10.0622 -0.043327
10.89778 54056 -10.9976 -0.047302
10.90001 54177 -9.1793 -0.039437
10.90226 54299 -9.1675 -0.039342
10.90452 54422 -7.8576 -0.033682
10.90676 54544 -5.2002 -0.022266
10.90902 54667 -5.6610 -0.024212
10.91126 54790 -5.1728 -0.022099
10.91351 54913 -5.6824 -0.024249
10.91576 55037 -4.9540 -0.021117
10.91801 55161 -7.2671 -0.030942
10.92026 55285 -7.1644 -0.030470
10.92252 55410 -6.6922 -0.028430
10.92475 55534 -7.4170 -0.031474
10.92702 55660 -7.2927 -0.030911
10.92926 55785 -7.6638 -0.032448
10.93150 55910 -5.8969 -0.024939
10.93375 56036 -6.4341 -0.027180
10.93601 56163 -9.8890 -0.041728
10.93825 56289 -9.5521 -0.040261
10.94051 56416 -9.2259 -0.038842
10.94276 56543 -10.3808 -0.043656
10.94500 56670 -10.4562 -0.043923
10.94726 56798 -11.2815 -0.047337
10.94951 56926 -10.7956 -0.045247
10.95175 57054 -11.9030 -0.049832
10.95399 57182 -11.4259 -0.047782
10.95625 57311 -11.3640 -0.047469
10.95850 57440 -12.1040 -0.050503
10.96074 57569 -13.7272 -0.057212
10.96300 57699 -13.9090 -0.057904
10.96525 57829 -15.3400 -0.063790
10.96749 57959 -14.2825 -0.059326
10.96975 58090 -14.7382 -0.061149
10.97198 58220 -15.7098 -0.065108
10.97425 58352 -17.2271 -0.071315
10.97649 58483 -17.9453 -0.074205
10.97875 58615 -18.8359 -0.077800
10.98100 58747 -18.9319 -0.078109
10.98324 58879 -17.9815 -0.074105
10.98548 59011 -16.9177 -0.069643
10.98773 59144 -15.9889 -0.065745
10.98999 59278 -17.5212 -0.071964
10.99223 59411 -18.7713 -0.077012
10.99449 59545 -19.1293 -0.078393
10.99674 59679 -18.4631 -0.075578
10.99898 59813 -18.9970 -0.077676
11.00123 59948 -17.3625 -0.070913
11.00348 60083 -18.3954 -0.075047
11.00573 60218 -17.8387 -0.072694
11.00798 60354 -16.0934 -0.065508
11.01023 60490 -18.3358 -0.074552
11.01248 60626 -19.9034 -0.080835
11.01472 60762 -21.7486 -0.088230
11.01697 60899 -20.2885 -0.082214
11.01922 61036 -19.7141 -0.079797
11.02148 61174 -18.8775 -0.076324
11.02373 61312 -17.6452 -0.071261
11.02598 61450 -17.5755 -0.070900
11.02822 61588 -16.3312 -0.065807
11.03048 61727 -16.2744 -0.065504
11.03273 61866 -15.7639 -0.063378
11.03497 62005 -15.3323 -0.061573
11.03723 62145 -14.1389 -0.056717
11.03946 62284 -12.4450 -0.049866
11.04172 62425 -14.4736 -0.057929
11.04396 62565 -15.4152 -0.061629
11.04621 62706 -15.0562 -0.060126
11.04846 62847 -16.1193 -0.064299
11.05072 62989 -14.8933 -0.059342
11.05297 63131 -13.8211 -0.055007
11.05521 63273 -14.3054 -0.056871
11.05746 63415 -15.6304 -0.062069
11.05971 63558 -13.1006 -0.051964
11.06196 63701 -13.3874 -0.053042
11.06421 63845 -13.2401 -0.052400
11.06645 63988 -13.2646 -0.052438
11.06871 64133 -15.2153 -0.060081
11.07096 64277 -12.8709 -0.050767
11.07321 64422 -10.6136 -0.041816
11.07546 64567 -8.7764 -0.034539
11.07770 64712 -9.4870 -0.037294
11.07996 64858 -11.0565 -0.043415
11.08220 65004 -9.6316 -0.037777
11.08445 65150 -9.7284 -0.038114
11.08670 65297 -10.0303 -0.039253
11.08895 65444 -9.1791 -0.035881
11.09119 65591 -9.9251 -0.038754
11.09345 65739 -9.3362 -0.036413
11.09570 65887 -7.8320 -0.030512
11.09794 66035 -8.9239 -0.034727
11.10019 66184 -7.8479 -0.030505
11.10244 66333 -9.5841 -0.037212
11.10470 66483 -9.1288 -0.035404
11.10694 66632 -8.7466 -0.033884
11.10919 66782 -10.5721 -0.040910
11.11145 66933 -9.6390 -0.037257
11.11369 67083 -14.1393 -0.054591
11.11593 67234 -13.3364 -0.051433
11.11819 67386 -12.1607 -0.046846
11.12045 67538 -11.7467 -0.045200
11.12269 67690 -10.4927 -0.040330
11.12494 67842 -10.2442 -0.039330
11.12719 67995 -9.8029 -0.037594
11.12944 68148 -9.1524 -0.035060
11.13168 68301 -10.1128 -0.038695
11.13393 68455 -12.8120 -0.048968
11.13618 68609 -11.9301 -0.045546
11.13844 68764 -10.4502 -0.039852
11.14069 68919 -9.7843 -0.037270
11.14293 69074 -11.5155 -0.043815
11.14518 69229 -9.7890 -0.037204
11.14743 69385 -8.5874 -0.032601
11.14967 69541 -10.2024 -0.038688
11.15193 69698 -12.7956 -0.048467
11.15418 69855 -9.9418 -0.037616
11.15642 70012 -7.3409 -0.027744
11.15868 70170 -9.0044 -0.033992
11.16093 70328 -6.7690 -0.025525
11.16317 70486 -7.7024 -0.029012
11.16542 70645 -6.0030 -0.022585
11.16767 70804 -6.9664 -0.026180
11.16991 70963 -6.1585 -0.023118
11.17217 71123 -7.4975 -0.028113
11.17441 71283 -7.1830 -0.026904
11.17667 71444 -7.6334 -0.028559
11.17892 71605 -6.3550 -0.023749
11.18117 71766 -5.7481 -0.021457
11.18342 71928 -6.4106 -0.023903
11.18567 72090 -7.6310 -0.028421
11.18792 72252 -8.5482 -0.031802
11.19017 72415 -9.1079 -0.033846
11.19242 72578 -7.1742 -0.026630
11.19466 72741 -7.3622 -0.027297
11.19691 72905 -8.3139 -0.030791
11.19916 73069 -9.1286 -0.033770
11.20142 73234 -10.6124 -0.039216
11.20365 73398 -10.9714 -0.040497
11.20591 73564 -12.7015 -0.046830
11.20815 73729 -12.8239 -0.047228
11.21040 73895 -12.8478 -0.047263
11.21266 74062 -12.4097 -0.045600
11.21491 74229 -14.8569 -0.054531
11.21716 74396 -13.6370 -0.049997
11.21940 74563 -13.3948 -0.049054
11.22165 74731 -13.4145 -0.049071
11.22390 74899 -12.9325 -0.047255
11.22615 75068 -12.7456 -0.046519
11.22840 75237 -14.7190 -0.053661
11.23064 75406 -12.9955 -0.047325
11.23289 75576 -14.9742 -0.054469
11.23514 75746 -16.5733 -0.060218
11.23740 75917 -14.1303 -0.051284
11.23965 76088 -13.6926 -0.049639
11.24189 76259 -13.2337 -0.047922
11.24414 76431 -12.1649 -0.044002
11.24639 76603 -12.4691 -0.045052
11.24865 76776 -13.9664 -0.050405
11.25089 76948 -12.6588 -0.045634
11.25314 77122 -11.8342 -0.042614
11.25538 77295 -12.1438 -0.043679
11.25763 77469 -13.4162 -0.048202
11.25989 77644 -13.0611 -0.046873
11.26214 77819 -10.7238 -0.038442
11.26439 77994 -8.8664 -0.031748
11.26664 78170 -7.8549 -0.028094
11.26889 78346 -8.1082 -0.028968
11.27113 78522 -8.6405 -0.030835
11.27339 78699 -9.7077 -0.034604
11.27563 78876 -9.0407 -0.032191
11.27789 79054 -9.9966 -0.035554
11.28014 79232 -10.6271 -0.037754
11.28238 79410 -10.5679 -0.037502
11.28463 79589 -13.5319 -0.047966
11.28688 79768 -14.0288 -0.049671
11.28913 79948 -15.1832 -0.053698
11.29138 80128 -13.2159 -0.046688
11.29362 80308 -12.0917 -0.042669
11.29588 80489 -12.2515 -0.043184
11.29812 80670 -11.9681 -0.042137
11.30038 80852 -11.7456 -0.041308
11.30262 81034 -12.3160 -0.043265
11.30487 81216 -11.4915 -0.040323
11.30712 81399 -11.1247 -0.038992
11.30936 81582 -9.1331 -0.031976
11.31162 81766 -10.0959 -0.035307
11.31386 81950 -11.2998 -0.039473
11.31612 82135 -10.7136 -0.037383
11.31837 82320 -9.6316 -0.033570
11.32061 82505 -9.3032 -0.032389
11.32287 82691 -10.3804 -0.036098
11.32511 82877 -10.7297 -0.037271
11.32737 83064 -9.6983 -0.033650
11.32962 83251 -10.6035 -0.036750
11.33186 83438 -9.8237 -0.034009
11.33411 83626 -13.0361 -0.045079
11.33636 83814 -14.1555 -0.048895
11.33861 84003 -14.4405 -0.049824
11.34086 84192 -13.3024 -0.045845
11.34311 84382 -13.0377 -0.044883
11.34536 84572 -12.7058 -0.043691
11.34760 84762 -13.3129 -0.045727
11.34985 84953 -12.8466 -0.044076
11.35210 85144 -13.7186 -0.047014
11.35435 85336 -13.3835 -0.045814
11.35660 85528 -12.0501 -0.041204
11.35885 85721 -12.0165 -0.041043
11.36110 85914 -11.4950 -0.039217
11.36335 86107 -11.5284 -0.039287
11.36560 86301 -12.3333 -0.041983
11.36785 86496 -12.4790 -0.042431
11.37009 86690 -12.9548 -0.044000
11.37235 86886 -13.3745 -0.045373
11.37459 87081 -11.9018 -0.040332
11.37684 87277 -12.7697 -0.043224
11.37910 87474 -13.5604 -0.045849
11.38135 87671 -14.8151 -0.050035
11.38359 87868 -12.8340 -0.043296
11.38584 88066 -14.3615 -0.048394
11.38809 88264 -14.2086 -0.047825
11.39034 88463 -15.2712 -0.051344
11.39259 88662 -13.2884 -0.044628
11.39484 88862 -14.4589 -0.048504
11.39709 89062 -11.3638 -0.038078
11.39934 89263 -9.9876 -0.033429
11.40159 89464 -9.4147 -0.031476
11.40384 89665 -9.7232 -0.032471
11.40609 89867 -12.0545 -0.040211
11.40833 90069 -11.7117 -0.039024
11.41058 90272 -10.0434 -0.033428
11.41283 90475 -11.2171 -0.037292
11.41508 90679 -11.1533 -0.037038
11.41733 90883 -8.9181 -0.029582
11.41958 91088 -11.2578 -0.037301
11.42183 91293 -11.9902 -0.039683
11.42408 91499 -14.4761 -0.047857
11.42633 91705 -12.5372 -0.041400
11.42858 91911 -11.8295 -0.039020
11.43083 92118 -10.2582 -0.033799
11.43307 92325 -11.4400 -0.037650
11.43532 92533 -9.4915 -0.031202
11.43758 92742 -9.0250 -0.029635
11.43982 92950 -9.5774 -0.031414
11.44207 93160 -8.9480 -0.029317
11.44433 93370 -10.6736 -0.034931
11.44657 93580 -11.7646 -0.038458
11.44882 93791 -13.9134 -0.045431
11.45107 94002 -12.4515 -0.040612
11.45331 94213 -12.3260 -0.040157
11.45556 94425 -11.9432 -0.038867
11.45781 94638 -9.7558 -0.031712
11.46006 94851 -9.8572 -0.032006
11.46232 95065 -12.2644 -0.039778
11.46456 95279 -16.4747 -0.053373
11.46681 95493 -17.0619 -0.055213
11.46906 95708 -15.5245 -0.050181
11.47131 95924 -16.6955 -0.053906
11.47356 96140 -14.5525 -0.046934
11.47580 96356 -15.1934 -0.048946
11.47805 96573 -13.5643 -0.043648
11.48031 96791 -13.0561 -0.041966
11.48256 97009 -10.5310 -0.033811
11.48480 97227 -11.4018 -0.036566
11.48705 97446 -11.1405 -0.035688
11.48931 97666 -10.3521 -0.033125
11.49155 97885 -11.2615 -0.035995
11.49380 98106 -11.0496 -0.035277
11.49605 98327 -13.4980 -0.043046
11.49830 98548 -13.0735 -0.041646
11.50055 98770 -14.9982 -0.047723
11.50279 98992 -16.1798 -0.051425
11.50504 99215 -17.4199 -0.055304
11.50730 99439 -17.3030 -0.054871
11.50955 99663 -16.0896 -0.050966
11.51179 99887 -14.9343 -0.047253
11.51404 100112 -14.7995 -0.046774
11.51629 100337 -15.3237 -0.048376
11.51854 100563 -13.7801 -0.043454
11.52079 100790 -16.3921 -0.051633
11.52304 101017 -16.0963 -0.050644
11.52529 101244 -16.6559 -0.052346
11.52754 101472 -16.1894 -0.050823
11.52979 101701 -12.9045 -0.040465
11.53204 101930 -13.3014 -0.041663
11.53429 102159 -12.0204 -0.037608
11.53653 102389 -12.1993 -0.038125
11.53879 102620 -11.1270 -0.034735
11.54104 102851 -7.7826 -0.024267
11.54328 103082 -10.0476 -0.031295
11.54554 103315 -8.5069 -0.026466
11.54778 103547 -9.4647 -0.029413
11.55003 103780 -9.0879 -0.028210
11.55228 104014 -11.6420 -0.036098
11.55453 104248 -11.7604 -0.036424
11.55678 104483 -10.3047 -0.031879
11.55903 104718 -8.0559 -0.024895
11.56128 104954 -8.6475 -0.026693
11.56352 105190 -6.7136 -0.020700
11.56577 105427 -7.5134 -0.023140
11.56803 105665 -8.0526 -0.024773
11.57028 105903 -8.3918 -0.025787
11.57252 106141 -6.4884 -0.019916
11.57477 106380 -9.1346 -0.028006
11.57703 106620 -10.5193 -0.032216
11.57927 106860 -13.0160 -0.039817
11.58152 107100 -11.5719 -0.035360
11.58377 107341 -11.6434 -0.035538
11.58602 107583 -10.3262 -0.031482
11.58826 107825 -11.3170 -0.034464
11.59052 108068 -11.3079 -0.034398
11.59276 108311 -14.4329 -0.043855
11.59501 108555 -14.4131 -0.043745
11.59727 108800 -10.8890 -0.033012
11.59952 109045 -8.4873 -0.025702
11.60176 109290 -8.2116 -0.024839
11.60401 109536 -10.3494 -0.031271
11.60626 109783 -9.7184 -0.029331
11.60851 110030 -10.5990 -0.031953
11.61076 110278 -10.5642 -0.031812
11.61301 110526 -9.7140 -0.029219
11.61526 110775 -8.6733 -0.026059
11.61751 111025 -11.3647 -0.034107
11.61976 111275 -11.5160 -0.034523
11.62200 111525 -12.4023 -0.037138
11.62425 111776 -9.8076 -0.029335
11.62650 112028 -12.2896 -0.036718
11.62875 112280 -11.9024 -0.035521
11.63100 112533 -13.1237 -0.039122
11.63325 112786 -14.1979 -0.042276
11.63550 113040 -14.1596 -0.042115
11.63775 113295 -13.6898 -0.040672
11.64000 113550 -14.0211 -0.041609
11.64225 113806 -12.1837 -0.036116
11.64450 114062 -10.3235 -0.030567
11.64675 114319 -12.4638 -0.036863
11.64899 114576 -14.0786 -0.041592
11.65124 114834 -13.2693 -0.039157
11.65350 115093 -13.1524 -0.038769
11.65574 115352 -13.0681 -0.038477
11.65800 115612 -11.1928 -0.032918
11.66024 115872 -13.2507 -0.038927
11.66249 116133 -12.7241 -0.037338
11.66474 116394 -13.7718 -0.040367
11.66699 116657 -11.4395 -0.033493
11.66924 116919 -10.7032 -0.031302
11.67148 117182 -8.6769 -0.025348
11.67373 117446 -7.0249 -0.020499
11.67599 117711 -5.6122 -0.016358
11.67824 117976 -8.8469 -0.025757
11.68048 118241 -10.0817 -0.029319
11.68274 118508 -10.3961 -0.030199
11.68499 118775 -12.7683 -0.037048
11.68723 119042 -11.9180 -0.034542
11.68948 119310 -14.7441 -0.042685
11.69173 119579 -14.0464 -0.040620
11.69398 119848 -15.4358 -0.044588
11.69623 120118 -13.3371 -0.038482
11.69848 120388 -10.9391 -0.031527
11.70072 120659 -10.4399 -0.030055
11.70298 120931 -10.0098 -0.028784
11.70522 121203 -10.7345 -0.030834
11.70747 121476 -11.5922 -0.033260
11.70973 121750 -13.2856 -0.038076
11.71197 122024 -13.3090 -0.038100
11.71422 122299 -14.7616 -0.042211
11.71647 122574 -13.6705 -0.039047
11.71872 122850 -16.0280 -0.045729
11.72097 123127 -13.6825 -0.038993
11.72322 123404 -12.9956 -0.036994
11.72547 123682 -13.2865 -0.037780
11.72771 123960 -13.4975 -0.038337
11.72996 124239 -14.0353 -0.039819
11.73221 124519 -13.6824 -0.038774
11.73447 124800 -13.6179 -0.038548
11.73672 125081 -15.9571 -0.045119
11.73896 125362 -12.9514 -0.036579
11.74122 125645 -14.3352 -0.040442
11.74346 125927 -14.8183 -0.041758
11.74571 126211 -14.2455 -0.040099
11.74796 126495 -13.3790 -0.037617
11.75021 126780 -17.0971 -0.048017
11.75245 127065 -15.3642 -0.043102
11.75471 127352 -14.4538 -0.040502
11.75695 127638 -13.6707 -0.038265
11.75921 127926 -12.2214 -0.034170
11.76146 128214 -13.9465 -0.038949
11.76371 128503 -14.2337 -0.039707
11.76595 128792 -14.7074 -0.040982
11.76820 129082 -14.0248 -0.039036
11.77045 129373 -14.6669 -0.040777
11.77270 129664 -16.3347 -0.045363
11.77495 129956 -16.4219 -0.045554
11.77720 130248 -13.4271 -0.037205
11.77945 130542 -11.6666 -0.032290
11.78170 130836 -9.8918 -0.027347
11.78394 131130 -8.9000 -0.024578
11.78620 131426 -9.1937 -0.025360
11.78844 131721 -10.9688 -0.030223
11.79069 132018 -11.1614 -0.030719
11.79294 132315 -11.2201 -0.030846
11.79519 132613 -11.1274 -0.030556
11.79744 132912 -12.3081 -0.033760
11.79969 133211 -13.1454 -0.036017
11.80194 133511 -10.9336 -0.029923
11.80419 133812 -9.1666 -0.025059
11.80644 134113 -11.7617 -0.032117
11.80869 134415 -15.0083 -0.040936
11.81094 134718 -12.9516 -0.035287
11.81319 135021 -12.4019 -0.033751
11.81543 135325 -15.4594 -0.042025
11.81769 135630 -14.7893 -0.040158
11.81993 135935 -14.0007 -0.037974
11.82218 136241 -12.6325 -0.034224
11.82443 136548 -9.0979 -0.024620
11.82668 136855 -9.1022 -0.024605
11.82893 137164 -9.3523 -0.025252
11.83118 137472 -11.1988 -0.030204
11.83343 137782 -10.4705 -0.028208
11.83568 138092 -10.2677 -0.027631
11.83792 138403 -12.0740 -0.032455
11.84018 138715 -8.4938 -0.022806
11.84242 139027 -9.3173 -0.024989
11.84467 139340 -8.7502 -0.023441
11.84692 139654 -11.4413 -0.030616
11.84917 139968 -9.1757 -0.024526
11.85142 140284 -7.3049 -0.019503
11.85367 140600 -8.7348 -0.023295
11.85592 140916 -9.2145 -0.024547
11.85817 141233 -9.3570 -0.024898
11.86042 141551 -10.3498 -0.027509
11.86267 141870 -11.1002 -0.029470
11.86492 142190 -12.0142 -0.031861
11.86717 142510 -12.9928 -0.034418
11.86942 142831 -15.3549 -0.040629
11.87166 143152 -14.9938 -0.039629
11.87392 143475 -10.4688 -0.027638
11.87616 143798 -11.7776 -0.031059
11.87841 144121 -14.3081 -0.037689
11.88066 144446 -14.1485 -0.037227
11.88291 144771 -12.0917 -0.031780
11.88516 145097 -13.0707 -0.034314
11.88741 145424 -13.5306 -0.035481
11.88965 145751 -9.5733 -0.025076
11.89191 146080 -7.5729 -0.019814
11.89415 146408 -8.5241 -0.022278
11.89640 146738 -7.9898 -0.020858
11.89866 147069 -6.5345 -0.017039
11.90091 147400 -4.7566 -0.012389
11.90316 147732 -5.0728 -0.013198
11.90540 148064 -5.9127 -0.015366
11.90765 148398 -2.4416 -0.006338
11.90990 148732 -1.4625 -0.003792
11.91215 149067 -4.4245 -0.011460
11.91440 149402 -7.2814 -0.018838
11.91665 149739 -6.8112 -0.017602
11.91890 150076 -8.0111 -0.020679
11.92115 150414 -7.9065 -0.020387
11.92340 150753 -8.1024 -0.020868
11.92564 151092 -8.3304 -0.021431
11.92789 151432 -6.5944 -0.016946
11.93014 151773 -5.5840 -0.014333
11.93239 152115 -1.9163 -0.004913
11.93464 152457 -3.1787 -0.008141
11.93689 152801 -2.8092 -0.007186
11.93914 153145 -4.1557 -0.010619
11.94139 153490 -3.1119 -0.007943
11.94364 153835 -3.2492 -0.008284
11.94589 154182 -3.7582 -0.009571
11.94814 154529 -3.7902 -0.009642
11.95039 154877 -4.9906 -0.012681
11.95264 155226 -8.1066 -0.020576
11.95488 155575 -8.8511 -0.022440
11.95713 155925 -8.9858 -0.022756
11.95938 156276 -11.1727 -0.028262
11.96163 156628 -13.2424 -0.033460
11.96388 156981 -12.9516 -0.032689
11.96613 157335 -13.4546 -0.033920
11.96838 157689 -14.8002 -0.037271
11.97063 158044 -15.7148 -0.039529
11.97288 158400 -14.0047 -0.035188
11.97512 158756 -17.2327 -0.043250
11.97738 159114 -15.3182 -0.038402
11.97962 159472 -16.6312 -0.041647
11.98187 159831 -16.8192 -0.042070
11.98412 160191 -16.4172 -0.041018
11.98637 160552 -17.0234 -0.042485
11.98862 160913 -17.6886 -0.044096
11.99087 161276 -18.7923 -0.046794
11.99312 161639 -21.7481 -0.054094
11.99537 162003 -20.9452 -0.052038
11.99762 162368 -20.1002 -0.049883
11.99987 162733 -19.9440 -0.049440
12.00212 163100 -18.8199 -0.046601
12.00437 163467 -20.9280 -0.051762
12.00662 163835 -19.5550 -0.048312
12.00886 164204 -21.8484 -0.053917
12.01112 164574 -19.0466 -0.046950
12.01336 164944 -17.2136 -0.042384
12.01561 165316 -19.4374 -0.047806
12.01786 165688 -19.0372 -0.046769
12.02011 166061 -19.3107 -0.047388
12.02236 166435 -20.5330 -0.050330
12.02461 166810 -18.0645 -0.044230
12.02686 167185 -17.5363 -0.042888
12.02911 167562 -17.5453 -0.042862
12.03136 167939 -14.8098 -0.036139
12.03360 168317 -15.6518 -0.038151
12.03585 168696 -17.9498 -0.043703
12.03810 169076 -16.6623 -0.040522
12.04035 169457 -17.4111 -0.042296
12.04260 169838 -16.4541 -0.039926
12.04485 170221 -14.3483 -0.034777
12.04710 170604 -13.1339 -0.031798
12.04935 170988 -11.4628 -0.027721
12.05160 171373 -15.8064 -0.038182
12.05385 171759 -14.0768 -0.033966
12.05610 172146 -15.6987 -0.037837
12.05834 172533 -17.3582 -0.041790
12.06060 172922 -17.6536 -0.042453
12.06284 173311 -14.4739 -0.034768
12.06509 173701 -10.8004 -0.025914
12.06734 174093 -9.5915 -0.022988
12.06959 174485 -12.1821 -0.029164
12.07184 174877 -9.8350 -0.023518
12.07409 175271 -7.7792 -0.018582
12.07634 175666 -10.3215 -0.024626
12.07859 176061 -12.9036 -0.030752
12.08084 176458 -13.1721 -0.031357
12.08309 176855 -13.4945 -0.032088
12.08533 177253 -8.9660 -0.021296
12.08759 177653 -8.6520 -0.020527
12.08984 178053 -7.4984 -0.017770
12.09208 178453 -9.9526 -0.023560
12.09433 178855 -9.1253 -0.021577
12.09658 179258 -8.4694 -0.020004
12.09883 179662 -8.8641 -0.020913
12.10108 180066 -6.6647 -0.015706
12.10333 180472 -4.9312 -0.011608
12.10558 180878 -5.0137 -0.011789
12.10783 181285 -4.1028 -0.009636
12.11008 181694 0.6045 0.001418
12.11233 182103 -0.5844 -0.001369
12.11458 182513 -2.5767 -0.006031
12.11683 182924 -3.1848 -0.007446
12.11908 183336 -4.9480 -0.011556
12.12132 183748 -6.6251 -0.015456
12.12357 184162 -4.8816 -0.011375
12.12582 184577 -6.0442 -0.014069
12.12807 184992 -6.6095 -0.015367
12.13032 185409 -6.2101 -0.014422
12.13257 185826 -1.9828 -0.004600
12.13482 186245 0.3084 0.000715
12.13707 186664 5.9114 0.013682
12.13932 187085 6.9569 0.016084
12.14157 187506 8.1800 0.018891
12.14381 187928 6.9517 0.016036
12.14606 188351 4.9367 0.011375
12.14831 188775 5.6806 0.013074
12.15056 189200 3.0069 0.006913
12.15281 189626 5.3672 0.012325
12.15506 190053 2.3565 0.005405
12.15731 190481 -0.7095 -0.001626
12.15956 190910 -2.8709 -0.006570
12.16181 191340 -3.7978 -0.008682
12.16406 191771 -5.6174 -0.012828
12.16631 192203 -9.4469 -0.021548
12.16856 192636 -10.4554 -0.023822
12.17080 193069 -9.9031 -0.022538
12.17305 193504 -10.6789 -0.024276
12.17530 193940 -13.6855 -0.031076
12.17755 194376 -11.9889 -0.027193
12.17980 194814 -15.2546 -0.034561
12.18205 195253 -15.5032 -0.035085
12.18430 195692 -15.0610 -0.034046
12.18655 196133 -12.0667 -0.027247
12.18880 196575 -12.4317 -0.028039
12.19105 197017 -13.9702 -0.031474
12.19330 197461 -11.4746 -0.025822
12.19555 197906 -12.4600 -0.028009
12.19779 198351 -12.3274 -0.027679
12.20004 198798 -9.5601 -0.021442
12.20229 199245 -11.9252 -0.026716
12.20454 199694 -11.3229 -0.025338
12.20679 200144 -9.6544 -0.021580
12.20904 200594 -15.2795 -0.034115
12.21129 201046 -14.6032 -0.032569
12.21354 201499 -14.7915 -0.032952
12.21579 201952 -12.5715 -0.027975
12.21804 202407 -14.3201 -0.031830
12.22029 202863 -14.8760 -0.033028
12.22254 203320 -18.0491 -0.040028
12.22479 203778 -19.1232 -0.042363
12.22703 204236 -21.0440 -0.046565
12.22928 204696 -17.8441 -0.039440
12.23153 205157 -19.7841 -0.043679
12.23378 205619 -17.5122 -0.038620
12.23603 206082 -15.8080 -0.034822
12.23828 206546 -11.1466 -0.024526
12.24053 207011 -10.9483 -0.024063
12.24278 207477 -13.3583 -0.029327
12.24503 207945 -13.7303 -0.030110
12.24728 208413 -14.0160 -0.030702
12.24952 208882 -17.4838 -0.038255
12.25177 209352 -18.6904 -0.040849
12.25402 209824 -20.3926 -0.044519
12.25627 210296 -25.4648 -0.055530
12.25852 210770 -23.9561 -0.052181
12.26077 211244 -26.0433 -0.056664
12.26302 211720 -22.1036 -0.048038
12.26527 212197 -28.3133 -0.061464
12.26752 212675 -28.0613 -0.060848
12.26977 213154 -27.0355 -0.058558
12.27201 213633 -22.6168 -0.048932
12.27427 214115 -20.7499 -0.044843
12.27652 214597 -17.2870 -0.037317
12.27877 215080 -17.5559 -0.037855
12.28101 215564 -17.2159 -0.037080
12.28327 216050 -16.5165 -0.035534
12.28551 216536 -15.2229 -0.032714
12.28776 217024 -12.1695 -0.026123
12.29001 217512 -16.4844 -0.035345
12.29226 218002 -14.4346 -0.030915
12.29451 218493 -13.2428 -0.028331
12.29676 218985 -9.1380 -0.019527
12.29901 219478 -5.9140 -0.012624
12.30126 219972 -5.9965 -0.012785
12.30350 220467 -7.9904 -0.017018
12.30576 220964 -12.8671 -0.027373
12.30800 221461 -12.4508 -0.026458
12.31025 221960 -15.2922 -0.032459
12.31250 222460 -11.8223 -0.025066
12.31475 222961 -8.1634 -0.017288
12.31700 223463 -9.5187 -0.020136
12.31925 223966 -8.7367 -0.018461
12.32150 224470 -4.2035 -0.008872
12.32375 224976 -4.4367 -0.009354
12.32600 225482 -1.1528 -0.002428
12.32825 225990 0.1557 0.000327
12.33050 226499 -2.9031 -0.006100
12.33274 227009 -4.4646 -0.009370
12.33499 227520 -7.9978 -0.016767
12.33724 228032 -10.4482 -0.021880
12.33949 228546 -10.4068 -0.021769
12.34174 229061 -10.6124 -0.022174
12.34399 229576 -8.7526 -0.018267
12.34624 230093 -6.6637 -0.013892
12.34849 230611 -8.2476 -0.017175
12.35074 231131 -12.2168 -0.025411
12.35299 231651 -14.0295 -0.029149
12.35524 232173 -10.9718 -0.022770
12.35748 232695 -9.4714 -0.019635
12.35973 233219 -6.4852 -0.013429
12.36199 233745 -6.8936 -0.014259
12.36423 234271 -6.3010 -0.013018
12.36648 234798 -7.6644 -0.015817
12.36873 235327 -11.1439 -0.022972
12.37098 235857 -10.2366 -0.021078
12.37323 236388 -11.4065 -0.023461
12.37548 236920 -10.1057 -0.020762
12.37773 237454 -7.4341 -0.015256
12.37998 237988 -8.6439 -0.017719
12.38223 238524 -8.4843 -0.017372
12.38447 239061 -7.1098 -0.014541
12.38673 239600 -12.5886 -0.025718
12.38897 240139 -10.6666 -0.021767
12.39122 240680 -13.6181 -0.027759
12.39347 241222 -10.0197 -0.020401
12.39572 241765 -10.0500 -0.020439
12.39797 242309 -8.3885 -0.017041
12.40022 242855 -5.0221 -0.010191
12.40247 243402 -2.7091 -0.005491
12.40472 243950 -5.2680 -0.010666
12.40697 244499 -4.6666 -0.009438
12.40922 245050 -3.6624 -0.007398
12.41147 245602 -5.5347 -0.011168
12.41372 246155 -1.3394 -0.002700
12.41596 246709 -5.1676 -0.010404
12.41821 247264 -5.3885 -0.010836
12.42046 247821 -7.5263 -0.015119
12.42271 248379 -5.2763 -0.010587
12.42496 248938 -3.3356 -0.006685
12.42721 249499 -3.3171 -0.006641
12.42946 250061 -0.1828 -0.000366
12.43171 250624 0.7195 0.001437
12.43396 251188 0.4971 0.000992
12.43621 251754 2.1316 0.004248
12.43846 252321 0.4040 0.000804
12.44071 252889 -0.4091 -0.000813
12.44295 253458 -1.4022 -0.002785
12.44520 254029 -3.1616 -0.006273
12.44745 254601 -9.0942 -0.018023
12.44970 255174 -11.5416 -0.022848
12.45195 255749 -12.3850 -0.024490
12.45420 256325 -11.3040 -0.022327
12.45645 256902 -10.4944 -0.020705
12.45870 257480 -9.8762 -0.019463
12.46095 258060 -11.7488 -0.023128
12.46320 258641 -13.4889 -0.026523
12.46545 259224 -11.7821 -0.023141
12.46769 259807 -10.3956 -0.020395
12.46994 260392 -8.9988 -0.017635
12.47220 260979 -9.6040 -0.018800
12.47444 261566 -9.7352 -0.019035
12.47669 262155 -9.2646 -0.018095
12.47894 262745 -9.2928 -0.018129
12.48119 263337 -9.5978 -0.018703
12.48344 263930 -13.9859 -0.027224
12.48569 264524 -12.1902 -0.023702
12.48794 265120 -13.7211 -0.026648
12.49019 265717 -16.7987 -0.032589
12.49244 266315 -16.2415 -0.031472
12.49469 266915 -18.1390 -0.035110
12.49693 267516 -11.8415 -0.022895
12.49918 268118 -10.3682 -0.020024
12.50143 268722 -12.4657 -0.024047
12.50368 269327 -17.0813 -0.032914
12.50593 269934 -16.2753 -0.031326
12.50818 270541 -16.9577 -0.032602
12.51043 271151 -14.1357 -0.027146
12.51268 271761 -15.8626 -0.030429
12.51493 272373 -15.1985 -0.029122
12.51718 272986 -9.3966 -0.017985
12.51943 273601 -14.7473 -0.028194
12.52168 274217 -12.4545 -0.023784
12.52393 274835 -9.7976 -0.018689
12.52617 275453 -5.3785 -0.010248
12.52842 276074 -3.7239 -0.007087
12.53067 276695 -6.1570 -0.011705
12.53292 277318 0.2632 0.000500
12.53517 277943 -0.0420 -0.000080
12.53742 278569 0.3387 0.000642
12.53967 279196 -2.4361 -0.004610
12.54192 279824 -2.1947 -0.004149
12.54417 280455 -4.4376 -0.008379
12.54642 281086 -3.3297 -0.006280
12.54867 281719 -2.0402 -0.003844
12.55091 282353 -3.8451 -0.007236
12.55316 282989 -3.8877 -0.007308
12.55541 283626 -5.2136 -0.009790
12.55766 284265 -4.6987 -0.008813
12.55991 284905 -4.8049 -0.009002
12.56216 285547 -7.8466 -0.014684
12.56441 286190 -10.1387 -0.018952
12.56666 286834 -12.8928 -0.024073
12.56891 287480 -13.9074 -0.025938
12.57116 288127 -11.6081 -0.021626
12.57341 288776 -7.7455 -0.014414
12.57565 289426 -8.7760 -0.016313
12.57791 290078 -6.7618 -0.012555
12.58015 290731 -5.5761 -0.010341
12.58240 291386 -7.9982 -0.014817
12.58465 292042 -6.2818 -0.011624
12.58690 292699 -10.4903 -0.019390
12.58915 293358 -8.0441 -0.014852
12.59140 294019 -7.9673 -0.014693
12.59365 294681 -9.5599 -0.017611
12.59590 295345 -10.9660 -0.020178
12.59815 296010 -9.9604 -0.018307
12.60040 296676 -10.1583 -0.018650
12.60264 297344 -11.4542 -0.021006
12.60490 298014 -15.4562 -0.028313
12.60714 298685 -15.2812 -0.027961
12.60939 299357 -10.3255 -0.018872
12.61164 300031 -9.5550 -0.017444
12.61389 300707 -12.7338 -0.023221
12.61614 301384 -11.1671 -0.020341
12.61839 302063 -9.9888 -0.018175
12.62064 302743 -14.7494 -0.026806
12.62289 303424 -14.7325 -0.026745
12.62514 304108 -16.0884 -0.029174
12.62738 304792 -11.1311 -0.020162
12.62964 305479 -9.9474 -0.017998
12.63189 306167 -9.5732 -0.017301
12.63413 306856 -9.4751 -0.017105
12.63638 307547 -9.0094 -0.016246
12.63863 308239 -17.7426 -0.031958
12.64088 308933 -16.2014 -0.029149
12.64313 309629 -16.4755 -0.029609
12.64538 310326 -19.6605 -0.035293
12.64763 311025 -20.8505 -0.037387
12.64988 311725 -18.3556 -0.032876
12.65213 312427 -18.4961 -0.033091
12.65438 313131 -18.3477 -0.032788
12.65663 313836 -19.7965 -0.035338
12.65888 314543 -19.5924 -0.034934
12.66112 315251 -20.0993 -0.035798
12.66337 315961 -22.2495 -0.039583
12.66562 316672 -24.5905 -0.043698
12.66787 317385 -23.7975 -0.042241
12.67012 318100 -19.4702 -0.034521
12.67237 318816 -18.9213 -0.033510
12.67462 319534 -17.6043 -0.031143
12.67687 320253 -20.1166 -0.035547
12.67912 320975 -16.4879 -0.029102
12.68137 321697 -14.2872 -0.025190
12.68362 322422 -13.2692 -0.023369
12.68587 323148 -7.8847 -0.013870
12.68811 323875 -8.9328 -0.015696
12.69036 324605 -11.4697 -0.020132
12.69261 325335 -18.7137 -0.032809
12.69486 326068 -17.0354 -0.029833
12.69711 326802 -18.5524 -0.032453
12.69936 327538 -19.0355 -0.033261
12.70161 328276 -16.1675 -0.028218
12.70386 329015 -17.0292 -0.029688
12.70611 329756 -17.7022 -0.030827
12.70836 330498 -13.8779 -0.024140
12.71060 331242 -8.7409 -0.015187
12.71285 331988 -4.5694 -0.007930
12.71510 332736 -7.3845 -0.012802
12.71735 333485 -8.6160 -0.014920
12.71960 334236 -8.0401 -0.013907
12.72185 334988 -10.6564 -0.018412
12.72410 335743 -12.2747 -0.021184
12.72635 336499 -8.8586 -0.015271
12.72860 337256 -9.5033 -0.016364
12.73085 338016 -9.7484 -0.016767
12.73310 338777 -8.9697 -0.015411
12.73535 339540 -11.4164 -0.019592
12.73759 340304 -12.2934 -0.021074
12.73985 341071 -14.5294 -0.024879
12.74210 341839 -13.0688 -0.022352
12.74434 342608 -13.1149 -0.022406
12.74659 343380 -12.1948 -0.020811
12.74884 344153 -7.5944 -0.012945
12.75109 344928 -5.7563 -0.009801
12.75334 345705 -8.1697 -0.013895
12.75559 346483 -7.4481 -0.012653
12.75784 347263 -2.7523 -0.004671
12.76009 348045 -5.5569 -0.009419
12.76234 348829 -7.7103 -0.013055
12.76458 349614 -9.1453 -0.015467
12.76683 350401 -7.0380 -0.011890
12.76908 351190 -5.1280 -0.008653
12.77133 351981 -6.7131 -0.011315
12.77358 352774 -3.2841 -0.005529
12.77583 353568 -4.7722 -0.008026
12.77808 354364 -4.3743 -0.007348
12.78033 355162 -1.8424 -0.003091
12.78258 355962 -4.5074 -0.007555
12.78483 356763 -5.7052 -0.009552
12.78708 357567 -9.0152 -0.015076
12.78933 358372 -12.5130 -0.020902
12.79158 359179 -12.7091 -0.021206
12.79383 359988 -10.4004 -0.017334
12.79607 360798 -10.9385 -0.018211
12.79832 361611 -3.6468 -0.006064
12.80057 362425 -5.6868 -0.009446
12.80282 363241 -6.3196 -0.010486
12.80507 364059 -7.3210 -0.012133
12.80732 364879 -10.2899 -0.017035
12.80957 365700 -13.2209 -0.021862
12.81182 366524 -18.6728 -0.030843
12.81407 367349 -24.3997 -0.040257
12.81632 368176 -21.6539 -0.035687
12.81857 369005 -23.2048 -0.038200
12.82081 369836 -23.1144 -0.038008
12.82306 370669 -26.7351 -0.043913
12.82531 371503 -21.2973 -0.034942
12.82756 372340 -19.0859 -0.031278
12.82981 373178 -21.6097 -0.035375
12.83206 374019 -22.7366 -0.037177
12.83431 374861 -22.2082 -0.036273
12.83656 375705 -21.9734 -0.035849
12.83881 376551 -28.3987 -0.046279
12.84106 377399 -27.2788 -0.044404
12.84331 378248 -36.5403 -0.059413
12.84556 379100 -37.9184 -0.061585
12.84781 379954 -34.1248 -0.055361
12.85005 380809 -32.6733 -0.052947
12.85230 381667 -35.4579 -0.057395
12.85455 382526 -31.7028 -0.051259
12.85680 383388 -34.6718 -0.055996
12.85905 384251 -34.3994 -0.055494
12.86130 385116 -31.4409 -0.050664
12.86355 385983 -30.3991 -0.048930
12.86580 386852 -27.8357 -0.044754
12.86805 387723 -25.4301 -0.040840
12.87030 388596 -28.7065 -0.046050
12.87254 389471 -29.9571 -0.048002
12.87479 390348 -22.9718 -0.036768
12.87704 391227 -25.2952 -0.040441
12.87929 392108 -28.3528 -0.045279
12.88154 392991 -28.3332 -0.045196
12.88379 393876 -25.3248 -0.040352
12.88604 394763 -24.4616 -0.038933
12.88829 395652 -23.6332 -0.037572
12.89054 396543 -22.5032 -0.035735
12.89279 397436 -25.1773 -0.039937
12.89504 398331 -22.6693 -0.035918
12.89729 399228 -24.5010 -0.038777
12.89953 400126 -15.9620 -0.025234
12.90178 401027 -13.4468 -0.021234
12.90403 401930 -15.4244 -0.024329
12.90628 402835 -14.4412 -0.022753
12.90853 403743 -14.7715 -0.023247
12.91078 404652 -10.2019 -0.016038
12.91303 405563 -7.3806 -0.011589
12.91528 406476 -4.1124 -0.006450
12.91753 407391 0.9261 0.001451
12.91978 408309 -1.7294 -0.002707
12.92203 409228 -6.7211 -0.010507
12.92428 410149 -4.7803 -0.007464
12.92653 411073 -3.8966 -0.006078
12.92878 411999 -3.2521 -0.005067
12.93102 412926 -3.4812 -0.005417
12.93327 413856 -3.6265 -0.005637
12.93552 414788 -4.6489 -0.007218
12.93777 415722 -5.6167 -0.008711
12.94002 416658 -8.8240 -0.013670
12.94227 417596 -4.4691 -0.006916
12.94452 418536 -4.3495 -0.006723
12.94677 419479 -7.3795 -0.011394
12.94902 420423 -5.6668 -0.008740
12.95127 421370 -7.8899 -0.012155
12.95352 422319 -7.9463 -0.012228
12.95577 423270 -5.8744 -0.009029
12.95801 424223 -7.1372 -0.010958
12.96026 425178 -8.1480 -0.012496
12.96251 426136 -5.4912 -0.008412
12.96476 427095 -2.0799 -0.003183
12.96701 428057 0.3226 0.000493
12.96926 429021 -2.6320 -0.004018
12.97151 429987 -6.2060 -0.009464
12.97376 430955 -7.8207 -0.011913
12.97601 431925 -8.7540 -0.013320
12.97826 432898 -10.2727 -0.015613
12.98051 433873 -8.7334 -0.013259
12.98275 434849 -11.7520 -0.017821
12.98501 435829 -7.2392 -0.010966
12.98725 436810 -6.6459 -0.010056
12.98950 437794 -7.2383 -0.010940
12.99175 438779 -3.3004 -0.004982
12.99400 439767 -4.9257 -0.007428
12.99625 440758 -1.9210 -0.002894
12.99850 441750 1.6321 0.002456
13.00075 442745 -1.7115 -0.002572
13.00300 443742 -2.8291 -0.004247
13.00525 444741 -3.9506 -0.005924
13.00750 445742 -5.4478 -0.008160
13.00975 446746 -3.9757 -0.005948
13.01199 447752 -4.9501 -0.007398
13.01424 448760 1.7278 0.002579
13.01649 449771 2.6055 0.003885
13.01874 450783 -0.1132 -0.000169
13.02099 451798 -9.0562 -0.013473
13.02324 452816 -12.4926 -0.018565
13.02549 453835 -17.4461 -0.025897
13.02774 454857 -15.8952 -0.023568
13.02999 455881 -17.2711 -0.025580
13.03224 456908 -13.3051 -0.019684
13.03449 457937 -14.2597 -0.021072
13.03674 458968 -14.3409 -0.021168
13.03898 460001 -7.7383 -0.011409
13.04123 461037 -7.0363 -0.010363
13.04348 462075 -9.4021 -0.013831
13.04573 463116 -8.3309 -0.012242
13.04798 464158 -7.2853 -0.010693
13.05023 465204 -14.3467 -0.021034
13.05248 466251 -14.7248 -0.021565
13.05473 467301 -11.6479 -0.017039
13.05698 468353 -16.1381 -0.023581
13.05923 469408 -16.9238 -0.024701
13.06148 470465 -17.6069 -0.025670
13.06373 471524 -18.0679 -0.026312
13.06598 472586 -18.1665 -0.026426
13.06822 473650 -16.9297 -0.024599
13.07047 474716 -13.7386 -0.019940
13.07272 475785 -19.4478 -0.028195
13.07497 476857 -9.3327 -0.013515
13.07722 477930 -12.3466 -0.017859
13.07947 479007 -6.9460 -0.010036
13.08172 480085 -9.7273 -0.014039
13.08397 481166 -12.8462 -0.018519
13.08622 482250 -17.3847 -0.025034
13.08847 483335 -15.1766 -0.021830
13.09072 484424 -17.0599 -0.024511
13.09297 485515 -17.8120 -0.025563
13.09521 486608 -14.6156 -0.020952
13.09746 487703 -11.3423 -0.016241
13.09971 488802 -8.0843 -0.011563
13.10196 489902 -7.9946 -0.011422
13.10421 491005 -8.0892 -0.011544
13.10646 492111 -15.0369 -0.021435
13.10871 493219 -17.2469 -0.024558
13.11096 494330 -13.0242 -0.018524
13.11321 495443 -16.1855 -0.022995
13.11546 496558 -20.5925 -0.029223
13.11770 497676 -23.3675 -0.033124
13.11995 498797 -20.9454 -0.029657
13.12220 499920 -18.3091 -0.025895
13.12445 501046 -20.2176 -0.028562
13.12670 502174 -16.8289 -0.023748
13.12895 503305 -15.0415 -0.021202
13.13120 504438 -10.8030 -0.015210
13.13345 505574 -10.7861 -0.015170
13.13570 506712 -11.2693 -0.015831
13.13795 507853 -16.5968 -0.023289
13.14020 508997 -20.3807 -0.028567
13.14245 510143 -18.6996 -0.026181
13.14470 511292 -12.6577 -0.017702
13.14694 512443 -17.1710 -0.023987
13.14919 513597 -15.3026 -0.021353
13.15144 514753 -15.6349 -0.021792
13.15369 515912 -22.7333 -0.031650
13.15594 517074 -23.1167 -0.032148
13.15819 518238 -22.0681 -0.030655
13.16044 519405 -24.6927 -0.034262
13.16269 520575 -19.5688 -0.027122
13.16494 521747 -20.2740 -0.028068
13.16719 522922 -15.1444 -0.020943
13.16944 524099 -19.4105 -0.026812
13.17168 525279 -20.0036 -0.027600
13.17393 526462 -16.9477 -0.023358
13.17618 527648 -12.7897 -0.017607
13.17843 528836 -16.3838 -0.022530
13.18068 530026 -20.2558 -0.027823
13.18293 531220 -22.8697 -0.031378
13.18518 532416 -25.7132 -0.035240
13.18743 533615 -21.8806 -0.029953
13.18968 534816 -20.3831 -0.027872
13.19193 536021 -21.8141 -0.029795
13.19418 537228 -18.1077 -0.024705
13.19643 538437 -14.7128 -0.020051
13.19868 539650 -14.2645 -0.019418
13.20092 540865 -16.4863 -0.022417
13.20317 542083 -20.6383 -0.028031
13.20542 543303 -18.8374 -0.025556
13.20767 544527 -19.4773 -0.026395
13.20992 545753 -17.0087 -0.023024
13.21217 546982 -15.1798 -0.020525
13.21442 548213 -13.1150 -0.017713
13.21667 549448 -4.7909 -0.006463
13.21892 550685 -1.0427 -0.001405
13.22117 551925 -2.3229 -0.003127
13.22342 553168 -6.0049 -0.008074
13.22567 554413 -7.6455 -0.010268
13.22792 555662 -5.1693 -0.006935
13.23016 556913 -7.5990 -0.010183
13.23241 558167 -10.0350 -0.013432
13.23466 559424 -4.3268 -0.005785
13.23691 560683 -1.1087 -0.001481
13.23916 561946 -8.7698 -0.011699
13.24141 563211 -9.7328 -0.012969
13.24366 564479 -8.2538 -0.010986
13.24591 565750 -10.1220 -0.013457
13.24816 567024 -12.0490 -0.016001
13.25041 568301 -11.1981 -0.014854
13.25266 569581 -16.7674 -0.022217
13.25490 570863 -15.2759 -0.020218
13.25715 572149 -11.3057 -0.014947
13.25940 573437 -6.7455 -0.008908
13.26165 574728 -12.1477 -0.016024
13.26390 576022 -11.5833 -0.015262
13.26615 577319 -3.3889 -0.004460
13.26840 578619 1.4323 0.001883
13.27065 579922 -3.9472 -0.005183
13.27290 581228 -5.4948 -0.007207
13.27515 582537 -5.7916 -0.007588
13.27740 583848 -4.6210 -0.006048
13.27965 585163 -6.5671 -0.008585
13.28190 586481 -4.9574 -0.006473
13.28414 587801 -6.0739 -0.007922
13.28639 589125 -6.4322 -0.008380
13.28864 590451 -8.4844 -0.011042
13.29089 591781 -7.5254 -0.009783
13.29314 593113 -0.8961 -0.001164
13.29539 594449 1.1990 0.001555
13.29764 595787 -0.5474 -0.000709
13.29989 597129 0.7597 0.000983
13.30214 598473 -2.2412 -0.002897
13.30439 599821 -7.4753 -0.009652
13.30664 601172 -6.1064 -0.007876
13.30888 602525 0.1863 0.000240
13.31113 603882 7.1915 0.009254
13.31338 605242 6.9302 0.008908
13.31563 606604 5.5266 0.007096
13.31788 607970 -0.5085 -0.000652
13.32013 609339 -3.1826 -0.004077
13.32238 610711 -5.6127 -0.007182
13.32463 612087 -12.4175 -0.015872
13.32688 613465 -11.1858 -0.014281
13.32913 614846 -6.0661 -0.007736
13.33138 616231 -5.1736 -0.006591
13.33363 617618 -8.6669 -0.011028
13.33588 619009 -2.8962 -0.003681
13.33812 620403 -9.2029 -0.011684
13.34037 621800 -8.5264 -0.010813
13.34262 623200 -16.8809 -0.021384
13.34487 624603 -10.7547 -0.013608
13.34712 626009 -9.0112 -0.011389
13.34937 627419 -7.6993 -0.009720
13.35162 628832 -17.7182 -0.022343
13.35387 630248 -20.6602 -0.026024
13.35612 631667 -19.1800 -0.024133
13.35837 633089 -18.2725 -0.022965
13.36062 634515 -22.5632 -0.028326
13.36286 635943 -20.3712 -0.025545
13.36511 637375 -21.4964 -0.026926
13.36736 638811 -23.9294 -0.029940
13.36961 640249 -21.0648 -0.026326
13.37186 641691 -15.4005 -0.019225
13.37411 643135 -10.4043 -0.012974
13.37636 644584 -14.8547 -0.018502
13.37861 646035 -19.8238 -0.024664
13.38086 647490 -25.1048 -0.031199
13.38311 648948 -26.1826 -0.032502
13.38536 650409 -29.3152 -0.036350
13.38761 651873 -33.9459 -0.042044
13.38985 653341 -30.6385 -0.037905
13.39210 654812 -36.4163 -0.045003
13.39435 656287 -39.2389 -0.048436
13.39660 657765 -42.2356 -0.052077
13.39885 659246 -36.4260 -0.044863
13.40110 660730 -35.1998 -0.043304
13.40335 662218 -31.1159 -0.038237
13.40560 663709 -30.0842 -0.036927
13.40785 665203 -25.7543 -0.031577
13.41010 666701 -26.3156 -0.032229
13.41235 668203 -28.5781 -0.034961
13.41460 669707 -22.9765 -0.028076
13.41684 671215 -28.3363 -0.034587
13.41909 672726 -28.0043 -0.034143
13.42134 674241 -29.4603 -0.035878
13.42359 675759 -22.8824 -0.027836
13.42584 677281 -24.0987 -0.029283
13.42809 678806 -20.6430 -0.025055
13.43034 680335 -16.1302 -0.019556
13.43259 681866 -11.4372 -0.013851
13.43484 683402 -12.7735 -0.015452
13.43709 684941 -15.8456 -0.019146
13.43934 686483 -13.8249 -0.016686
13.44159 688029 -13.0104 -0.015685
13.44384 689578 -14.6048 -0.017587
13.44608 691131 -17.5239 -0.021079
13.44833 692687 -17.0817 -0.020524
13.45058 694247 -19.3734 -0.023251
13.45283 695810 -22.3969 -0.026850
13.45508 697377 -22.2631 -0.026660
13.45733 698947 -17.6552 -0.021118
13.45958 700521 -16.9091 -0.020203
13.46183 702098 -17.0816 -0.020386
13.46408 703679 -22.5244 -0.026851
13.46633 705263 -13.2404 -0.015766
13.46858 706851 -11.8516 -0.014097
13.47082 708443 -17.1130 -0.020332
13.47307 710038 -12.7356 -0.015114
13.47532 711637 -15.9652 -0.018925
13.47757 713239 -14.9322 -0.017681
13.47982 714845 -16.9681 -0.020069
13.48207 716455 -26.1506 -0.030895
13.48432 718068 -17.3441 -0.020468
13.48657 719685 -9.7202 -0.011458
13.48882 721306 0.1281 0.000151
13.49107 722930 -4.4228 -0.005202
13.49332 724558 -1.2561 -0.001476
13.49557 726189 -3.0160 -0.003539
13.49781 727824 -2.1888 -0.002566
13.50006 729463 4.7740 0.005590
13.50231 731106 1.9816 0.002318
13.50456 732752 7.6790 0.008971
13.50681 734402 0.7501 0.000875
13.50906 736056 3.0410 0.003545
13.51131 737713 6.2292 0.007252
13.51356 739374 4.5599 0.005303
13.51581 741039 4.9934 0.005801
13.51806 742707 4.9007 0.005687
13.52031 744380 5.7114 0.006620
13.52256 746056 4.2156 0.004881
13.52481 747736 -1.9842 -0.002295
13.52705 749419 -1.4275 -0.001649
13.52930 751107 -6.2381 -0.007198
13.53155 752798 -2.9428 -0.003392
13.53380 754493 0.3001 0.000346
13.53605 756192 -0.1661 -0.000191
13.53830 757895 -5.6137 -0.006448
13.54055 759601 -6.1320 -0.007036
13.54280 761312 -12.6377 -0.014484
13.54505 763026 -7.8786 -0.009019
13.54730 764744 -4.7501 -0.005432
13.54955 766466 -11.8409 -0.013525
13.55179 768192 -15.1485 -0.017284
13.55404 769922 -23.6974 -0.027007
13.55629 771655 -23.4977 -0.026749
13.55854 773393 -25.7675 -0.029300
13.56079 775134 -19.9277 -0.022634
13.56304 776880 -18.4482 -0.020930
13.56529 778629 -16.5523 -0.018758
13.56754 780382 -18.8629 -0.021353
13.56979 782139 -17.0319 -0.019258
13.57204 783901 -17.9492 -0.020273
13.57429 785666 -18.5534 -0.020932
13.57654 787435 -21.7966 -0.024563
13.57879 789208 -23.0694 -0.025968
13.58103 790985 -25.6809 -0.028875
13.58328 792766 -23.1116 -0.025957
13.58553 794551 -16.4074 -0.018407
13.58778 796340 -13.8238 -0.015491
13.59003 798133 -12.3101 -0.013779
13.59228 799930 -8.7863 -0.009824
13.59453 801732 -7.7006 -0.008600
13.59678 803537 7.4834 0.008348
13.59903 805346 7.4586 0.008311
13.60128 807160 10.4688 0.011652
13.60353 808977 12.3894 0.013775
13.60578 810799 11.7348 0.013032
13.60802 812624 6.7487 0.007486
13.61027 814454 6.1110 0.006771
13.61252 816288 -4.3347 -0.004798
13.61477 818126 3.9572 0.004375
13.61702 819968 -3.8431 -0.004244
13.61927 821815 -4.5876 -0.005061
13.62152 823665 -0.9546 -0.001052
13.62377 825520 -2.3501 -0.002587
13.62602 827379 -6.0511 -0.006652
13.62827 829242 -8.6293 -0.009476
13.63052 831109 -9.7849 -0.010733
13.63276 832980 -15.5863 -0.017078
13.63501 834856 -14.6863 -0.016073
13.63726 836736 -20.5495 -0.022465
13.63951 838620 -21.6758 -0.023670
13.64176 840508 -18.5125 -0.020193
13.64401 842401 -18.8170 -0.020502
13.64626 844297 -11.2423 -0.012235
13.64851 846199 -12.7287 -0.013837
13.65076 848104 -14.0494 -0.015256
13.65301 850014 -19.9982 -0.021691
13.65526 851928 -19.0063 -0.020592
13.65751 853846 -17.9845 -0.019463
13.65975 855768 -18.6703 -0.020182
13.66200 857695 -19.2300 -0.020764
13.66425 859627 -23.7229 -0.025587
13.66650 861562 -26.3429 -0.028381
13.66875 863502 -18.4328 -0.019836
13.67100 865447 -19.7041 -0.021181
13.67325 867395 -16.3433 -0.017548
13.67550 869348 -10.3722 -0.011124
13.67775 871306 -11.5118 -0.012333
13.68000 873268 -4.5336 -0.004851
13.68225 875234 -4.7593 -0.005087
13.68450 877205 -16.0486 -0.017135
13.68674 879180 -21.7650 -0.023212
13.68899 881160 -19.5662 -0.020844
13.69124 883144 -20.2612 -0.021560
13.69349 885133 -19.3863 -0.020606
13.69574 887126 -26.3986 -0.028028
13.69799 889123 -26.5534 -0.028160
13.70024 891125 -33.0610 -0.035022
13.70249 893132 -34.2975 -0.036291
13.70474 895143 -35.6324 -0.037662
13.70699 897158 -39.6585 -0.041870
13.70924 899178 -40.0790 -0.042266
13.71149 901203 -39.3103 -0.041409
13.71373 903232 -37.0485 -0.038983
13.71598 905266 -37.5232 -0.039438
13.71823 907305 -35.4072 -0.037172
13.72048 909348 -39.1639 -0.041070
13.72273 911395 -34.2598 -0.035887
13.72498 913447 -29.5029 -0.030869
13.72723 915504 -32.2914 -0.033749
13.72948 917566 -24.3373 -0.025407
13.73173 919632 -16.8800 -0.017602
13.73398 921702 -19.9555 -0.020786
13.73623 923778 -17.8846 -0.018608
13.73848 925858 -16.2857 -0.016925
13.74073 927943 -17.8947 -0.018576
13.74297 930032 -18.3592 -0.019037
13.74522 932126 -19.6438 -0.020346
13.74747 934225 -20.3422 -0.021046
13.74972 936329 -14.4165 -0.014899
13.75197 938437 -17.2161 -0.017772
13.75422 940550 -13.9236 -0.014357
13.75647 942668 -17.5409 -0.018066
13.75872 944791 -18.3675 -0.018896
13.76097 946918 -23.7262 -0.024382
13.76322 949050 -21.1665 -0.021727
13.76547 951187 -23.0843 -0.023669
13.76772 953329 -23.0811 -0.023639
13.76996 955475 -25.0172 -0.025593
13.77221 957627 -19.9182 -0.020354
13.77446 959783 -21.1506 -0.021589
13.77671 961944 -27.1134 -0.027644
13.77896 964110 -33.3691 -0.033985
13.78121 966281 -31.8030 -0.032353
13.78346 968457 -32.5488 -0.033075
13.78571 970638 -33.2733 -0.033773
13.78796 972823 -26.5379 -0.026906
13.79021 975014 -28.0603 -0.028418
13.79246 977209 -21.2473 -0.021494
13.79471 979410 -16.8329 -0.017009
13.79695 981615 -19.1791 -0.019358
13.79920 983825 -27.7357 -0.027963
13.80145 986041 -28.9084 -0.029112
13.80370 988261 -28.8325 -0.029003
13.80595 990486 -23.3188 -0.023430
13.80820 992716 -18.6174 -0.018686
13.81045 994952 -15.3050 -0.015344
13.81270 997192 -17.8880 -0.017913
13.81495 999437 -14.5931 -0.014597
13.81720 1001688 -10.7100 -0.010701
13.81945 1003943 -13.5836 -0.013557
13.82170 1006204 -15.1434 -0.015097
13.82394 1008470 -8.4136 -0.008378
13.82619 1010740 -8.5142 -0.008469
13.82844 1013016 -10.3870 -0.010320
13.83069 1015297 -12.6530 -0.012557
13.83294 1017583 -17.4576 -0.017306
13.83519 1019875 -20.6889 -0.020486
13.83744 1022171 -21.0513 -0.020822
13.83969 1024473 -18.8584 -0.018632
13.84194 1026780 -14.8706 -0.014675
13.84419 1029092 -11.9031 -0.011734
13.84644 1031409 -16.9250 -0.016665
13.84869 1033731 -15.9405 -0.015678
13.85093 1036059 -9.0527 -0.008894
13.85318 1038392 0.5276 0.000518
13.85543 1040730 -1.3660 -0.001339
13.85768 1043073 -7.1565 -0.007007
13.85993 1045422 -5.7848 -0.005658
13.86218 1047776 -9.1230 -0.008913
13.86443 1050135 -14.2337 -0.013890
13.86668 1052500 -11.5798 -0.011287
13.86893 1054870 -12.9639 -0.012622
13.87118 1057245 -14.3874 -0.013992
13.87343 1059626 -15.6159 -0.015170
13.87568 1062012 -14.5594 -0.014128
13.87792 1064403 -11.4864 -0.011133
13.88017 1066800 -13.4524 -0.013024
13.88242 1069202 -15.7870 -0.015268
13.88467 1071609 -14.3868 -0.013898
13.88692 1074022 -18.0376 -0.017405
13.88917 1076441 -15.7630 -0.015193
13.89142 1078864 -3.6365 -0.003501
13.89367 1081294 -1.3339 -0.001283
13.89592 1083728 -1.7794 -0.001709
13.89817 1086169 -3.7621 -0.003610
13.90042 1088614 7.5650 0.007251
13.90267 1091066 8.4323 0.008073
13.90491 1093522 4.4743 0.004279
13.90716 1095985 5.8286 0.005568
13.90941 1098452 5.5488 0.005294
13.91166 1100926 -1.5452 -0.001473
13.91391 1103405 1.4602 0.001390
13.91616 1105889 1.8284 0.001739
13.91841 1108379 -5.9690 -0.005670
13.92066 1110875 -6.4069 -0.006079
13.92291 1113377 -2.1227 -0.002012
13.92516 1115883 -6.6949 -0.006338
13.92741 1118396 0.1029 0.000097
13.92965 1120914 0.0799 0.000075
13.93190 1123438 -9.2540 -0.008731
13.93415 1125968 -7.3442 -0.006921
13.93640 1128503 -14.9479 -0.014071
13.93865 1131044 -15.6197 -0.014687
13.94090 1133591 -18.7826 -0.017641
13.94315 1136144 -10.2501 -0.009616
13.94540 1138702 -12.1116 -0.011350
13.94765 1141266 -6.8602 -0.006422
13.94990 1143836 -8.0130 -0.007492
13.95215 1146411 -11.3145 -0.010567
13.95440 1148993 -8.8495 -0.008256
13.95665 1151580 -6.8672 -0.006399
13.95889 1154173 -4.3187 -0.004020
13.96114 1156772 -8.7422 -0.008128
13.96339 1159376 -3.6159 -0.003358
13.96564 1161987 -14.5423 -0.013491
13.96789 1164603 -6.8619 -0.006358
13.97014 1167226 -17.0666 -0.015797
13.97239 1169854 -15.3649 -0.014206
13.97464 1172488 -10.7550 -0.009932
13.97689 1175128 -12.7527 -0.011764
13.97914 1177774 -22.7054 -0.020922
13.98139 1180426 -24.8301 -0.022854
13.98364 1183084 -23.6467 -0.021740
13.98588 1185748 -25.0328 -0.022989
13.98813 1188418 -21.7995 -0.019997
13.99038 1191094 -20.9595 -0.019205
13.99263 1193776 -23.4106 -0.021426
13.99488 1196464 -23.4984 -0.021483
13.99713 1199158 -37.4294 -0.034180
13.99938 1201858 -42.5912 -0.038850
14.00163 1204565 -36.0616 -0.032857
14.00388 1207277 -39.4585 -0.035912
14.00613 1209995 -40.1124 -0.036466
14.00838 1212720 -37.7253 -0.034257
14.01063 1215451 -36.3065 -0.032932
14.01287 1218187 -32.6945 -0.029622
14.01512 1220930 -25.5848 -0.023155
14.01737 1223680 -17.6283 -0.015936
14.01962 1226435 -21.8694 -0.019748
14.02187 1229196 -25.4064 -0.022916
14.02412 1231964 -17.6118 -0.015867
14.02637 1234738 -30.3996 -0.027358
14.02862 1237519 -36.4681 -0.032782
14.03087 1240305 -43.6436 -0.039188
14.03312 1243098 -45.5140 -0.040822
14.03537 1245897 -50.7467 -0.045464
14.03762 1248702 -45.0257 -0.040293
14.03986 1251514 -46.9663 -0.041982
14.04211 1254332 -43.5006 -0.038841
14.04436 1257156 -40.1976 -0.035851
14.04661 1259987 -35.9162 -0.031997
14.04886 1262824 -30.5471 -0.027183
14.05111 1265668 -21.8438 -0.019416
14.05336 1268518 -29.9353 -0.026579
14.05561 1271374 -33.9361 -0.030097
14.05786 1274237 -22.6081 -0.020028
14.06011 1277106 -14.1476 -0.012519
14.06236 1279982 -9.3273 -0.008244
14.06461 1282864 -12.0518 -0.010641
14.06685 1285752 -23.9000 -0.021077
14.06910 1288648 -26.9466 -0.023738
14.07135 1291549 -25.9750 -0.022856
14.07360 1294457 -37.7570 -0.033186
14.07585 1297372 -39.9182 -0.035046
14.07810 1300293 -33.3697 -0.029264
14.08035 1303221 -27.9286 -0.024465
14.08260 1306156 -29.7504 -0.026031
14.08485 1309097 -18.8808 -0.016502
14.08710 1312044 -10.3143 -0.009005
14.08935 1314999 -13.0381 -0.011370
14.09160 1317960 -12.0904 -0.010531
14.09384 1320927 -14.7873 -0.012866
14.09609 1323902 -11.1337 -0.009676
14.09834 1326883 -11.0285 -0.009574
14.10059 1329871 -6.4387 -0.005583
14.10284 1332865 -8.2364 -0.007134
14.10509 1335866 2.9837 0.002582
14.10734 1338874 12.5165 0.010817
14.10959 1341889 13.6696 0.011800
14.11184 1344910 13.2951 0.011464
14.11409 1347939 10.9540 0.009435
14.11634 1350974 6.6832 0.005750
14.11859 1354016 6.7592 0.005809
14.12083 1357065 3.9932 0.003428
14.12308 1360120 8.1518 0.006990
14.12533 1363183 2.8483 0.002440
14.12758 1366253 5.9502 0.005091
14.12983 1369329 11.3334 0.009685
14.13208 1372412 3.4748 0.002966
14.13433 1375502 14.0457 0.011976
14.13658 1378600 12.7203 0.010834
14.13883 1381704 8.5693 0.007290
14.14108 1384815 5.3036 0.004507
14.14333 1387933 6.2732 0.005325
14.14558 1391058 5.4345 0.004608
14.14782 1394191 2.6346 0.002231
14.15007 1397330 18.9352 0.016018
14.15232 1400476 14.4656 0.012224
14.15457 1403630 18.1945 0.015357
14.15682 1406790 22.9674 0.019364
14.15907 1409958 15.4436 0.013006
14.16132 1413133 24.9211 0.020964
14.16357 1416315 15.9444 0.013398
14.16582 1419504 10.7592 0.009031
14.16807 1422700 7.7945 0.006535
14.17032 1425904 4.8045 0.004023
14.17257 1429114 -2.0573 -0.001721
14.17481 1432332 1.5637 0.001307
14.17706 1435558 5.2538 0.004385
14.17931 1438790 -3.2216 -0.002686
14.18156 1442030 1.0484 0.000873
14.18381 1445277 7.0646 0.005876
14.18606 1448531 8.4766 0.007043
14.18831 1451793 4.8912 0.004059
14.19056 1455062 2.9830 0.002473
14.19281 1458338 6.3105 0.005226
14.19506 1461622 3.6024 0.002980
14.19731 1464913 13.3105 0.010997
14.19956 1468211 17.3009 0.014278
14.20180 1471517 22.6222 0.018649
14.20405 1474831 23.6598 0.019482
14.20630 1478152 24.2622 0.019956
14.20855 1481480 12.2172 0.010037
14.21080 1484816 18.4997 0.015182
14.21305 1488159 13.6144 0.011160
14.21530 1491510 19.7688 0.016187
14.21755 1494869 14.0214 0.011468
14.21980 1498235 11.5072 0.009401
14.22205 1501608 15.0836 0.012309
14.22430 1504989 5.0195 0.004092
14.22655 1508378 -0.4155 -0.000338
14.22880 1511775 -5.4433 -0.004427
14.23104 1515179 -11.9208 -0.009684
14.23329 1518590 -23.7042 -0.019236
14.23554 1522010 -18.8799 -0.015303
14.23779 1525437 -22.8820 -0.018527
14.24004 1528872 -17.1962 -0.013907
14.24229 1532314 -23.6868 -0.019135
14.24454 1535765 -26.3241 -0.021242
14.24679 1539223 -19.1490 -0.015435
14.24904 1542689 -23.9077 -0.019249
14.25129 1546162 -17.8821 -0.014381
14.25354 1549644 -20.4826 -0.016454
14.25578 1553133 -25.7328 -0.020648
14.25803 1556630 -27.9762 -0.022423
14.26028 1560135 -24.1379 -0.019325
14.26253 1563648 -21.5907 -0.017266
14.26478 1567169 -25.9357 -0.020718
14.26703 1570698 -31.3935 -0.025049
14.26928 1574235 -38.4846 -0.030673
14.27153 1577779 -38.6575 -0.030776
14.27378 1581332 -43.8230 -0.034849
14.27603 1584893 -51.3722 -0.040806
14.27828 1588461 -48.1076 -0.038170
14.28053 1592038 -36.3167 -0.028783
14.28277 1595623 -31.6590 -0.025063
14.28502 1599216 -34.7086 -0.027446
14.28727 1602817 -42.8568 -0.033851
14.28952 1606426 -48.7517 -0.038464
14.29177 1610043 -58.8501 -0.046380
14.29402 1613668 -67.0525 -0.052785
14.29627 1617302 -63.9677 -0.050300
14.29852 1620943 -73.2056 -0.057499
14.30077 1624593 -80.7532 -0.063356
14.30302 1628251 -71.0830 -0.055706
14.30527 1631918 -63.4455 -0.049665
14.30752 1635592 -56.5267 -0.044199
14.30976 1639275 -52.3219 -0.040866
14.31201 1642966 -52.1568 -0.040691
14.31426 1646666 -47.5823 -0.037080
14.31651 1650374 -53.2392 -0.041442
14.31876 1654090 -62.6196 -0.048689
14.32101 1657814 -64.4267 -0.050038
14.32326 1661547 -52.6735 -0.040864
14.32551 1665289 -41.4815 -0.032145
14.32776 1669038 -39.3994 -0.030497
14.33001 1672796 -32.2505 -0.024935
14.33226 1676563 -29.8258 -0.023035
14.33451 1680338 -34.1849 -0.026372
14.33675 1684122 -34.2676 -0.026406
14.33900 1687914 -26.9884 -0.020773
14.34125 1691715 -13.0273 -0.010016
14.34350 1695524 -12.5133 -0.009610
14.34575 1699342 -7.1445 -0.005481
14.34800 1703168 -0.9052 -0.000694
14.35025 1707003 6.2088 0.004752
14.35250 1710847 2.8319 0.002165
14.35475 1714699 6.6619 0.005087
14.35700 1718560 4.7783 0.003645
14.35925 1722430 14.3491 0.010933
14.36150 1726308 17.9893 0.013692
14.36374 1730195 16.2781 0.012375
14.36599 1734091 9.3137 0.007073
14.36824 1737996 8.4047 0.006375
14.37049 1741909 12.1894 0.009236
14.37274 1745831 10.7382 0.008127
14.37499 1749763 12.0382 0.009101
14.37724 1753702 2.8763 0.002172
14.37949 1757651 9.7616 0.007363
14.38174 1761609 8.8979 0.006704
14.38399 1765576 8.6897 0.006540
14.38624 1769551 8.4829 0.006377
14.38849 1773536 9.6044 0.007212
14.39073 1777529 3.6561 0.002742
14.39298 1781532 -1.0226 -0.000766
14.39523 1785543 -13.5539 -0.010143
14.39748 1789564 -9.9194 -0.007415
14.39973 1793593 -8.6504 -0.006459
14.40198 1797632 -10.2195 -0.007622
14.40423 1801679 -3.6575 -0.002725
14.40648 1805736 -6.5661 -0.004886
14.40873 1809802 -3.1663 -0.002354
14.41098 1813877 12.0884 0.008976
14.41323 1817962 18.3962 0.013644
14.41548 1822055 14.9495 0.011075
14.41772 1826158 14.7634 0.010925
14.41997 1830270 3.9869 0.002947
14.42222 1834391 7.9909 0.005900
14.42447 1838522 10.7074 0.007897
14.42672 1842661 17.5408 0.012922
14.42897 1846811 23.7882 0.017505
14.43122 1850969 27.9126 0.020516
14.43347 1855137 21.1775 0.015548
14.43572 1859314 10.4900 0.007693
14.43797 1863501 1.6257 0.001191
14.44022 1867697 11.0825 0.008109
14.44247 1871902 7.2236 0.005280
14.44471 1876117 -0.0387 -0.000028
14.44696 1880342 -6.1795 -0.004506
14.44921 1884576 -10.7993 -0.007867
14.45146 1888819 -4.2990 -0.003128
14.45371 1893072 -10.9636 -0.007968
14.45596 1897335 -3.9981 -0.002903
14.45821 1901607 -14.8290 -0.010754
14.46046 1905889 -10.4167 -0.007545
14.46271 1910180 -11.5824 -0.008380
14.46496 1914481 -13.0867 -0.009458
14.46721 1918792 -21.1036 -0.015235
14.46946 1923113 -14.0009 -0.010096
14.47170 1927443 -3.9806 -0.002867
14.47395 1931783 -17.3104 -0.012455
14.47620 1936133 -14.7472 -0.010598
14.47845 1940493 -7.9097 -0.005678
14.48070 1944862 -11.0710 -0.007939
14.48295 1949241 -12.7795 -0.009153
14.48520 1953630 -5.2760 -0.003775
14.48745 1958029 -17.0436 -0.012180
14.48970 1962438 -14.1297 -0.010086
14.49195 1966857 -17.9386 -0.012791
14.49420 1971286 -19.6501 -0.013996
14.49645 1975725 2.7422 0.001951
14.49869 1980173 -0.9680 -0.000688
14.50094 1984632 8.7194 0.006189
14.50319 1989101 8.1524 0.005780
14.50544 1993580 -0.1475 -0.000104
14.50769 1998069 -13.4793 -0.009536
14.50994 2002568 -15.7137 -0.011104
14.51219 2007077 -10.7110 -0.007560
14.51444 2011596 -20.4244 -0.014401
14.51669 2016126 -30.5432 -0.021511
14.51894 2020665 -37.7679 -0.026569
14.52119 2025215 -29.2370 -0.020545
14.52344 2029775 -25.6676 -0.018016
14.52568 2034346 -33.4253 -0.023435
14.52793 2038927 -40.0771 -0.028067
14.53018 2043518 -34.4466 -0.024097
14.53243 2048119 -32.1595 -0.022471
14.53468 2052731 -24.8286 -0.017330
14.53693 2057353 -23.9938 -0.016728
14.53918 2061986 -19.8073 -0.013794
14.54143 2066628 -19.7926 -0.013768
14.54368 2071282 -5.7506 -0.003996
14.54593 2075946 -11.6022 -0.008052
14.54818 2080620 -17.3962 -0.012060
14.55043 2085305 -1.0153 -0.000703
14.55268 2090001 2.7550 0.001906
14.55492 2094707 -7.2407 -0.005003
14.55717 2099423 -12.0795 -0.008337
14.55942 2104151 -6.5892 -0.004542
14.56167 2108889 -13.5045 -0.009299
14.56392 2113637 -24.5879 -0.016912
14.56617 2118396 -14.8857 -0.010227
14.56842 2123166 -14.6077 -0.010025
14.57067 2127947 -18.6944 -0.012815
14.57292 2132739 -32.7876 -0.022451
14.57517 2137541 -50.9125 -0.034823
14.57742 2142354 -59.7595 -0.040828
14.57966 2147178 -58.2426 -0.039747
14.58191 2152013 -61.2337 -0.041742
14.58416 2156858 -75.0017 -0.051069
14.58641 2161715 -89.6197 -0.060954
14.58866 2166583 -86.7571 -0.058941
14.59091 2171461 -97.0045 -0.065829
14.59316 2176350 -97.0586 -0.065791
14.59541 2181251 -114.6871 -0.077654
14.59766 2186162 -110.3439 -0.074629
14.59991 2191085 -93.8760 -0.063420
14.60216 2196019 -86.4479 -0.058336
14.60441 2200964 -70.1466 -0.047282
14.60665 2205919 -60.8771 -0.040988
14.60890 2210886 -56.9302 -0.038288
14.61115 2215865 -49.3184 -0.033131
14.61340 2220854 -55.9915 -0.037572
14.61565 2225855 -64.9776 -0.043553
14.61790 2230867 -62.7179 -0.041991
14.62015 2235890 -64.3004 -0.043002
14.62240 2240925 -61.0314 -0.040770
14.62465 2245971 -62.2356 -0.041528
14.62690 2251028 -58.4831 -0.038980
14.62915 2256096 -50.9829 -0.033943
14.63140 2261176 -46.1727 -0.030706
14.63364 2266268 -37.9541 -0.025212
14.63589 2271371 -34.1056 -0.022630
14.63814 2276485 -31.5963 -0.020941
14.64039 2281611 -34.1682 -0.022620
14.64264 2286749 -28.9866 -0.019168
14.64489 2291898 -15.0809 -0.009962
14.64714 2297059 -8.7254 -0.005757
14.64939 2302231 -0.4420 -0.000291
14.65164 2307415 2.3012 0.001515
14.65389 2312610 9.7756 0.006428
14.65614 2317818 14.4134 0.009467
14.65839 2323037 15.4618 0.010145
14.66063 2328267 15.2348 0.009984
14.66288 2333510 17.0138 0.011138
14.66513 2338764 20.9831 0.013721
14.66738 2344031 9.1588 0.005982
14.66963 2349309 14.2020 0.009266
14.67188 2354599 17.5481 0.011436
14.67413 2359900 20.2994 0.013214
14.67638 2365214 18.0060 0.011708
14.67863 2370540 -0.9437 -0.000613
14.68088 2375878 -3.1506 -0.002044
14.68313 2381227 -3.1166 -0.002020
14.68538 2386589 -2.8797 -0.001864
14.68762 2391963 0.3378 0.000218
14.68987 2397349 4.6810 0.003023
14.69212 2402747 2.4446 0.001577
14.69437 2408158 11.6984 0.007539
14.69662 2413580 13.0731 0.008415
14.69887 2419015 15.6697 0.010075
14.70112 2424462 9.9346 0.006380
14.70337 2429921 1.2045 0.000773
14.70562 2435392 7.3464 0.004707
14.70787 2440876 6.4406 0.004122
14.71012 2446372 5.3349 0.003411
14.71237 2451881 20.8666 0.013326
14.71461 2457401 26.9220 0.017174
14.71686 2462935 33.3084 0.021224
14.71911 2468481 27.0093 0.017191
14.72136 2474039 23.2556 0.014785
14.72361 2479610 24.1536 0.015339
14.72586 2485193 32.5188 0.020628
14.72811 2490789 31.4527 0.019929
14.73036 2496397 31.1117 0.019691
14.73261 2502018 34.2866 0.021676
14.73486 2507652 31.4131 0.019837
14.73711 2513299 30.4682 0.019219
14.73936 2518958 19.8449 0.012504
14.74161 2524630 19.5562 0.012308
14.74385 2530315 9.9921 0.006282
14.74610 2536012 10.6952 0.006716
14.74835 2541722 11.9216 0.007478
14.75060 2547446 17.3746 0.010886
14.75285 2553182 16.0388 0.010038
14.75510 2558931 -7.4761 -0.004674
14.75735 2564693 -11.5345 -0.007202
14.75960 2570468 -26.3905 -0.016460
14.76185 2576255 -20.7834 -0.012949
14.76410 2582056 -11.5786 -0.007206
14.76635 2587870 -13.0446 -0.008109
14.76860 2593698 -14.2152 -0.008827
14.77084 2599538 -16.7404 -0.010383
14.77309 2605391 -18.4317 -0.011419
14.77534 2611258 -24.9677 -0.015451
14.77759 2617137 -28.1074 -0.017374
14.77984 2623030 -26.1650 -0.016155
14.78209 2628937 -34.9381 -0.021548
14.78434 2634856 -28.2371 -0.017396
14.78659 2640789 -26.7982 -0.016491
14.78884 2646735 -19.4916 -0.011981
14.79109 2652695 -12.2449 -0.007518
14.79334 2658668 -12.7981 -0.007849
14.79559 2664655 -12.7476 -0.007809
14.79783 2670655 -8.2207 -0.005030
14.80008 2676668 -12.0304 -0.007353
14.80233 2682695 -15.0142 -0.009167
14.80458 2688736 -14.9542 -0.009120
14.80683 2694790 -15.9380 -0.009709
14.80908 2700858 -13.4372 -0.008176
14.81133 2706940 -3.3573 -0.002041
14.81358 2713035 12.9004 0.007832
14.81583 2719144 17.1825 0.010420
14.81808 2725266 17.1476 0.010387
14.82033 2731403 10.7212 0.006487
14.82258 2737553 -5.5565 -0.003358
14.82482 2743717 -12.5507 -0.007577
14.82707 2749895 -17.7542 -0.010706
14.82932 2756087 -26.0304 -0.015680
14.83157 2762293 -29.3383 -0.017652
14.83382 2768513 -26.2414 -0.015771
14.83607 2774747 -29.3614 -0.017626
14.83832 2780995 -28.1518 -0.016881
14.84057 2787257 -33.5205 -0.020078
14.84282 2793533 -27.5189 -0.016465
14.84507 2799823 -24.0889 -0.014396
14.84732 2806127 -17.9260 -0.010701
14.84957 2812446 -16.1401 -0.009624
14.85181 2818779 -19.1058 -0.011380
14.85406 2825126 -11.8584 -0.007055
14.85631 2831487 -25.3555 -0.015068
14.85856 2837863 -35.3893 -0.021008
14.86081 2844253 -37.6568 -0.022329
14.86306 2850657 -45.7018 -0.027068
14.86531 2857076 -47.0477 -0.027834
14.86756 2863509 -49.2239 -0.029089
14.86981 2869957 -56.2241 -0.033188
14.87206 2876419 -70.8828 -0.041794
14.87431 2882896 -76.0598 -0.044796
14.87655 2889387 -75.9526 -0.044683
14.87880 2895894 -82.1697 -0.048286
14.88105 2902414 -88.1846 -0.051762
14.88330 2908950 -81.3782 -0.047713
14.88555 2915500 -87.4199 -0.051198
14.88780 2922064 -82.1905 -0.048081
14.89005 2928644 -91.4232 -0.053422
14.89230 2935238 -83.7576 -0.048888
14.89455 2941848 -77.2202 -0.045022
14.89680 2948472 -70.6814 -0.041163
14.89905 2955111 -64.6103 -0.037585
14.90130 2961765 -67.7296 -0.039355
14.90355 2968434 -70.6179 -0.040987
14.90579 2975118 -64.6000 -0.037452
14.90804 2981817 -59.7245 -0.034587
14.91029 2988531 -63.2958 -0.036614
14.91254 2995261 -61.9113 -0.035773
14.91479 3002005 -71.6367 -0.041346
14.91704 3008765 -73.6092 -0.042436
14.91929 3015539 -57.4385 -0.033077
14.92154 3022329 -48.5959 -0.027953
14.92379 3029135 -46.9842 -0.026996
14.92604 3035956 -26.5674 -0.015248
14.92829 3042792 -48.1890 -0.027626
14.93054 3049643 -28.0180 -0.016044
14.93278 3056510 -21.2398 -0.012149
14.93503 3063392 -23.9710 -0.013696
14.93728 3070290 -22.2996 -0.012726
14.93953 3077203 -35.0051 -0.019955
14.94178 3084132 -35.4185 -0.020168
14.94403 3091077 -30.8351 -0.017538
14.94628 3098037 -31.9460 -0.018150
14.94853 3105013 -32.7719 -0.018598
14.95078 3112005 -23.6779 -0.013422
14.95303 3119012 -36.6645 -0.020760
14.95528 3126035 -8.9312 -0.005051
14.95753 3133074 -10.4814 -0.005922
14.95977 3140129 -1.7005 -0.000960
14.96202 3147199 24.1522 0.013614
14.96427 3154286 25.7734 0.014512
14.96652 3161388 28.0092 0.015753
14.96877 3168507 11.2811 0.006338
14.97102 3175641 -4.4836 -0.002516
14.97327 3182792 -4.4317 -0.002484
14.97552 3189959 -5.2489 -0.002939
14.97777 3197141 4.9582 0.002773
14.98002 3204340 6.7979 0.003798
14.98227 3211556 17.8538 0.009963
14.98452 3218787 9.1372 0.005093
14.98676 3226035 9.5480 0.005316
14.98901 3233299 15.0053 0.008345
14.99126 3240579 23.0407 0.012799
14.99351 3247876 7.7556 0.004303
14.99576 3255189 4.0090 0.002222
14.99801 3262519 4.8116 0.002664
15.00026 3269865 19.4981 0.010783
15.00251 3277228 29.8152 0.016470
15.00476 3284607 15.2382 0.008408
15.00701 3292003 28.9733 0.015969
15.00926 3299416 30.1507 0.016599
15.01151 3306845 19.0523 0.010477
15.01375 3314291 -2.8704 -0.001577
15.01600 3321754 -0.3457 -0.000190
15.01825 3329234 -16.1803 -0.008868
15.02050 3336730 -16.9680 -0.009289
15.02275 3344243 -4.8808 -0.002669
15.02500 3351773 -5.9341 -0.003241
15.02725 3359321 -7.8855 -0.004302
15.02950 3366885 -5.1916 -0.002829
15.03175 3374466 -8.6446 -0.004706
15.03400 3382064 -13.3463 -0.007257
15.03625 3389680 -7.6886 -0.004176
15.03850 3397312 -18.2104 -0.009880
15.04074 3404962 -19.2036 -0.010407
15.04299 3412629 -15.5879 -0.008438
15.04524 3420313 -20.0570 -0.010845
15.04749 3428015 -24.1981 -0.013070
15.04974 3435734 -21.9984 -0.011868
15.05199 3443470 -23.4694 -0.012647
15.05424 3451223 -8.9646 -0.004826
15.05649 3458995 -19.9862 -0.010746
15.05874 3466783 -21.0892 -0.011327
15.06099 3474589 -36.9832 -0.019840
15.06324 3482413 -38.0896 -0.020411
15.06549 3490254 -52.3630 -0.028028
15.06773 3498113 -63.5800 -0.033994
15.06998 3505990 -54.0845 -0.028885
15.07223 3513885 -63.7642 -0.034016
15.07448 3521797 -50.3656 -0.026838
15.07673 3529727 -53.8188 -0.028646
15.07898 3537675 -55.4011 -0.029455
15.08123 3545640 -49.0015 -0.026023
15.08348 3553624 -46.6863 -0.024766
15.08573 3561626 -47.6353 -0.025241
15.08798 3569646 -38.7707 -0.020521
15.09023 3577683 -40.2636 -0.021287
15.09248 3585739 -47.4668 -0.025067
15.09472 3593813 -35.4410 -0.018695
15.09697 3601905 -32.7598 -0.017261
15.09922 3610016 -23.4789 -0.012357
15.10147 3618144 -10.7096 -0.005630
15.10372 3626291 -8.7213 -0.004580
15.10597 3634457 -10.3541 -0.005431
15.10822 3642640 -12.2807 -0.006434
15.11047 3650843 -15.0958 -0.007901
15.11272 3659063 -17.2064 -0.008995
15.11497 3667302 -14.3611 -0.007499
15.11722 3675560 -28.1581 -0.014687
15.11947 3683836 -12.6533 -0.006593
15.12171 3692131 -36.8463 -0.019176
15.12396 3700445 -45.1993 -0.023497
15.12621 3708777 -39.4975 -0.020509
15.12846 3717128 -25.9864 -0.013479
15.13071 3725498 -40.3155 -0.020887
15.13296 3733887 -47.4877 -0.024575
15.13521 3742294 -36.6962 -0.018969
15.13746 3750721 -46.5051 -0.024013
15.13971 3759166 -30.7753 -0.015873
15.14196 3767631 -35.6194 -0.018351
15.14421 3776114 -28.7515 -0.014796
15.14646 3784617 -48.4223 -0.024891
15.14870 3793139 -43.4018 -0.022285
15.15095 3801680 -58.3995 -0.029952
15.15320 3810240 -54.7343 -0.028040
15.15545 3818819 -54.3847 -0.027830
15.15770 3827418 -36.2864 -0.018548
15.15995 3836036 -55.0078 -0.028086
15.16220 3844674 -64.1852 -0.032734
15.16445 3853331 -84.0853 -0.042835
15.16670 3862008 -76.0532 -0.038700
15.16895 3870704 -67.8804 -0.034502
15.17120 3879419 -70.9620 -0.036028
15.17345 3888155 -66.1588 -0.033552
15.17569 3896910 -71.3473 -0.036142
15.17794 3905684 -74.0012 -0.037445
15.18019 3914479 -55.2031 -0.027901
15.18244 3923293 -56.8859 -0.028720
15.18469 3932127 -55.7781 -0.028129
15.18694 3940981 -57.6081 -0.029019
15.18919 3949855 -59.4252 -0.029901
15.19144 3958749 -44.6392 -0.022436
15.19369 3967663 -44.8626 -0.022523
15.19594 3976597 -28.1051 -0.014094
15.19819 3985551 -41.9429 -0.021009
15.20044 3994525 -43.1542 -0.021592
15.20268 4003520 -56.2535 -0.028114
15.20493 4012534 -65.5829 -0.032740
15.20718 4021569 -67.8989 -0.033858
15.20943 4030625 -47.8153 -0.023817
15.21168 4039700 -51.8181 -0.025781
15.21393 4048797 -48.3118 -0.024010
15.21618 4057913 -58.9935 -0.029286
15.21843 4067050 -57.3006 -0.028413
15.22068 4076208 -38.7675 -0.019202
15.22293 4085387 -42.7662 -0.021158
15.22518 4094586 -27.2927 -0.013488
15.22743 4103805 -27.6505 -0.013649
15.22967 4113046 -16.8703 -0.008318
15.23192 4122307 -8.7809 -0.004325
15.23417 4131589 -20.4345 -0.010053
15.23642 4140893 -26.0320 -0.012793
15.23867 4150217 -25.1299 -0.012335
15.24092 4159562 -14.0257 -0.006877
15.24317 4168928 -11.9322 -0.005844
15.24542 4178315 -27.0470 -0.013232
15.24767 4187723 -24.0539 -0.011754
15.24992 4197153 -14.5779 -0.007116
15.25217 4206603 -33.7438 -0.016452
15.25442 4216075 -26.6635 -0.012986
15.25666 4225569 -21.1372 -0.010283
15.25891 4235083 -13.9992 -0.006803
15.26116 4244620 -20.4440 -0.009923
15.26341 4254177 -16.8271 -0.008158
15.26566 4263756 -11.3960 -0.005519
15.26791 4273357 -14.6547 -0.007089
15.27016 4282979 -11.8446 -0.005723
15.27241 4292623 -6.9229 -0.003341
15.27466 4302289 -21.4238 -0.010329
15.27691 4311976 -11.9692 -0.005764
15.27916 4321686 -0.0160 -0.000008
15.28141 4331417 16.6689 0.008009
15.28365 4341170 22.9242 0.011002
15.28590 4350945 25.5195 0.012234
15.28815 4360742 35.4454 0.016974
15.29040 4370561 36.2117 0.017321
15.29265 4380402 42.7268 0.020415
15.29490 4390266 49.2555 0.023508
15.29715 4400151 63.2999 0.030177
15.29940 4410059 53.3557 0.025407
15.30165 4419989 30.5723 0.014542
15.30390 4429942 32.4942 0.015439
15.30615 4439916 32.1541 0.015260
15.30840 4449914 33.2878 0.015780
15.31064 4459934 21.1736 0.010026
15.31289 4469976 24.1133 0.011405
15.31514 4480041 19.0251 0.008988
15.31739 4490129 19.9414 0.009411
15.31964 4500239 -1.1965 -0.000564
15.32189 4510372 2.1378 0.001007
15.32414 4520528 3.1449 0.001479
15.32639 4530707 11.6807 0.005488
15.32864 4540909 13.9843 0.006562
15.33089 4551134 12.3103 0.005770
15.33314 4561382 6.8300 0.003198
15.33539 4571653 8.6774 0.004058
15.33763 4581946 8.1380 0.003802
15.33988 4592264 -3.7191 -0.001736
15.34213 4602604 -4.0600 -0.001892
15.34438 4612968 -11.0251 -0.005133
15.34663 4623355 -3.7423 -0.001740
15.34888 4633765 6.0368 0.002804
15.35113 4644199 -3.5745 -0.001659
15.35338 4654656 -3.7825 -0.001753
15.35563 4665137 -17.4534 -0.008081
15.35788 4675642 -14.2959 -0.006611
15.36013 4686170 -5.9521 -0.002750
15.36238 4696722 -13.2515 -0.006115
15.36462 4707297 -20.1295 -0.009278
15.36687 4717897 -23.5639 -0.010849
15.36912 4728520 -31.5416 -0.014505
15.37137 4739167 -42.5336 -0.019538
15.37362 4749838 -50.5011 -0.023172
15.37587 4760534 -49.9334 -0.022886
15.37812 4771253 -40.3413 -0.018469
15.38037 4781996 -29.0211 -0.013271
15.38262 4792764 -29.4762 -0.013464
15.38487 4803556 -34.1075 -0.015562
15.38712 4814372 -56.2641 -0.025643
15.38937 4825212 -58.2734 -0.026528
15.39161 4836077 -65.8329 -0.029936
15.39386 4846967 -59.4752 -0.027015
15.39611 4857881 -64.7981 -0.029399
15.39836 4868819 -55.2246 -0.025028
15.40061 4879782 -60.8352 -0.027539
15.40286 4890770 -58.5247 -0.026464
15.40511 4901783 -75.1861 -0.033959
15.40736 4912820 -71.2784 -0.032158
15.40961 4923882 -73.8179 -0.033267
15.41186 4934969 -63.8696 -0.028751
15.41411 4946081 -70.3030 -0.031611
15.41636 4957218 -59.3541 -0.026658
15.41860 4968381 -48.2485 -0.021646
15.42085 4979568 -56.5198 -0.025328
15.42310 4990780 -40.4905 -0.018125
15.42535 5002018 -40.1550 -0.017954
15.42760 5013281 -57.8735 -0.025848
15.42985 5024570 -54.2978 -0.024223
15.43210 5035883 -72.4020 -0.032264
15.43435 5047223 -83.8622 -0.037328
15.43660 5058587 -95.2383 -0.042344
15.43885 5069978 -96.4880 -0.042852
15.44110 5081394 -87.2710 -0.038715
15.44335 5092836 -59.7527 -0.026478
15.44559 5104303 -47.1225 -0.020857
15.44784 5115797 -55.9477 -0.024736
15.45009 5127316 -60.8079 -0.026854
15.45234 5138861 -80.1778 -0.035369
15.45459 5150432 -65.3503 -0.028796
15.45684 5162029 -60.9467 -0.026825
15.45909 5173653 -57.4621 -0.025263
15.46134 5185302 -46.9101 -0.020601
15.46359 5196978 -24.9208 -0.010932
15.46584 5208680 -10.7523 -0.004711
15.46809 5220408 -16.8244 -0.007364
15.47034 5232163 -32.0458 -0.014010
15.47258 5243944 -20.5349 -0.008967
15.47483 5255752 -32.7661 -0.014292
15.47708 5267587 -28.1990 -0.012287
15.47933 5279448 -6.5461 -0.002849
15.48158 5291335 -17.5444 -0.007627
15.48383 5303250 1.4920 0.000648
15.48608 5315191 14.0068 0.006075
15.48833 5327159 23.4598 0.010164
15.49058 5339154 34.5005 0.014931
15.49283 5351177 27.4579 0.011870
15.49508 5363226 24.7027 0.010667
15.49733 5375302 29.1797 0.012586
15.49957 5387406 17.0846 0.007361
15.50182 5399537 -0.9442 -0.000406
15.50407 5411695 -2.6234 -0.001128
15.50632 5423880 0.7161 0.000307
15.50857 5436093 -3.1381 -0.001346
15.51082 5448334 5.7808 0.002477
15.51307 5460602 17.6583 0.007557
15.51532 5472897 -2.1363 -0.000913
15.51757 5485221 -20.0528 -0.008562
15.51982 5497572 -11.2012 -0.004777
15.52207 5509951 6.0237 0.002566
15.52432 5522357 5.7915 0.002464
15.52656 5534792 -5.5933 -0.002377
15.52881 5547255 -10.6450 -0.004520
15.53106 5559745 -33.6865 -0.014287
15.53331 5572264 -51.9095 -0.021990
15.53556 5584811 -50.1236 -0.021210
15.53781 5597387 -57.8903 -0.024469
15.54006 5609990 -41.5745 -0.017553
15.54231 5622622 -25.8797 -0.010914
15.54456 5635283 -26.1398 -0.011011
15.54681 5647972 -29.6906 -0.012493
15.54906 5660689 -31.0835 -0.013065
15.55131 5673435 -29.9564 -0.012577
15.55355 5686210 -40.9939 -0.017191
15.55580 5699014 -49.8907 -0.020899
15.55805 5711846 -60.8247 -0.025450
15.56030 5724708 -41.1365 -0.017193
15.56255 5737598 -58.6858 -0.024500
15.56480 5750517 -48.8609 -0.020375
15.56705 5763466 -37.3469 -0.015557
15.56930 5776443 -38.6179 -0.016068
15.57155 5789450 -56.0310 -0.023287
15.57380 5802486 -65.1310 -0.027038
15.57605 5815552 -84.1920 -0.034912
15.57830 5828647 -96.1166 -0.039812
15.58054 5841771 -75.3155 -0.031161
15.58279 5854925 -65.3221 -0.026996
15.58504 5868108 -48.8231 -0.020155
15.58729 5881322 -35.6468 -0.014699
15.58954 5894565 -16.1226 -0.006641
15.59179 5907837 -10.6476 -0.004381
15.59404 5921140 -26.6898 -0.010968
15.59629 5934473 -15.8300 -0.006498
15.59854 5947835 -1.8440 -0.000756
15.60079 5961228 12.4255 0.005089
15.60304 5974651 -4.4044 -0.001802
15.60529 5988104 -5.5363 -0.002262
15.60753 6001587 -20.6193 -0.008417
15.60978 6015101 -37.8166 -0.015419
15.61203 6028645 -40.6234 -0.016545
15.61428 6042220 -41.0897 -0.016716
15.61653 6055825 -25.1285 -0.010211
15.61878 6069461 -35.9111 -0.014576
15.62103 6083128 -27.2048 -0.011030
15.62328 6096825 -31.6501 -0.012818
15.62553 6110553 -37.5932 -0.015208
15.62778 6124313 -41.1284 -0.016619
15.63003 6138103 -53.6655 -0.021661
15.63228 6151924 -51.2911 -0.020679
15.63452 6165776 -59.4052 -0.023924
15.63677 6179660 -63.6288 -0.025596
15.63902 6193574 -49.2401 -0.019786
15.64127 6207520 -55.8014 -0.022397
15.64352 6221498 -61.3761 -0.024607
15.64577 6235507 -59.3033 -0.023749
15.64802 6249547 -64.8430 -0.025938
15.65027 6263619 -55.0407 -0.021992
15.65252 6277723 -66.8979 -0.026700
15.65477 6291859 -80.1374 -0.031948
15.65702 6306026 -97.3075 -0.038750
15.65927 6320225 -71.0227 -0.028251
15.66151 6334457 -52.8004 -0.020979
15.66376 6348720 -51.5842 -0.020473
15.66601 6363015 -62.5150 -0.024783
15.66826 6377343 -50.6291 -0.020048
15.67051 6391703 -52.2425 -0.020664
15.67276 6406095 -51.3534 -0.020290
15.67501 6420520 -48.1783 -0.019014
15.67726 6434977 -36.9525 -0.014567
15.67951 6449466 -42.4657 -0.016722
15.68176 6463989 -63.7782 -0.025085
15.68401 6478543 -47.0350 -0.018479
15.68626 6493131 -36.7577 -0.014425
15.68850 6507752 -28.5070 -0.011175
15.69075 6522405 -34.4435 -0.013487
15.69300 6537092 -44.1719 -0.017276
15.69525 6551811 -8.0267 -0.003136
15.69750 6566564 -27.1831 -0.010608
15.69975 6581350 -30.2783 -0.011803
15.70200 6596169 -30.3861 -0.011831
15.70425 6611022 -39.1322 -0.015219
15.70650 6625908 -43.5499 -0.016919
15.70875 6640827 -58.9973 -0.022894
15.71100 6655780 -55.8137 -0.021634
15.71325 6670767 -55.0462 -0.021313
15.71549 6685788 -60.5854 -0.023431
15.71774 6700842 -47.4618 -0.018335
15.71999 6715931 -23.4269 -0.009040
15.72224 6731053 -40.9904 -0.015799
15.72449 6746209 -59.6442 -0.022964
15.72674 6761400 -61.7210 -0.023736
15.72899 6776624 -66.8082 -0.025664
15.73124 6791883 -71.0311 -0.027255
15.73349 6807176 -80.7444 -0.030948
15.73574 6822504 -58.3668 -0.022346
15.73799 6837866 -66.7585 -0.025530
15.74024 6853263 -64.2787 -0.024554
15.74248 6868695 -56.1807 -0.021436
15.74473 6884161 -34.2959 -0.013071
15.74698 6899662 -23.6143 -0.008990
15.74923 6915198 -44.9389 -0.017089
15.75148 6930769 -48.8171 -0.018543
15.75373 6946375 -19.8101 -0.007516
15.75598 6962016 -11.0863 -0.004202
15.75823 6977692 -14.0460 -0.005317
15.76048 6993404 -13.2989 -0.005029
15.76273 7009151 -15.7725 -0.005958
15.76498 7024933 -15.1930 -0.005732
15.76723 7040752 -4.8593 -0.001831
15.76947 7056605 -8.9927 -0.003385
15.77172 7072495 -2.1894 -0.000823
15.77397 7088420 -5.1177 -0.001922
15.77622 7104381 -11.8536 -0.004447
15.77847 7120378 -2.1643 -0.000811
15.78072 7136410 -14.7001 -0.005503
15.78297 7152480 1.8372 0.000687
15.78522 7168585 -10.4080 -0.003887
15.78747 7184726 -27.9754 -0.010437
15.78972 7200904 -41.8870 -0.015609
15.79197 7217118 -14.8797 -0.005539
15.79422 7233369 6.1006 0.002268
15.79646 7249657 -19.0797 -0.007086
15.79871 7265981 -21.6241 -0.008022
15.80096 7282341 -18.7049 -0.006931
15.80321 7298739 -12.8169 -0.004744
15.80546 7315174 -6.2780 -0.002321
15.80771 7331645 1.3551 0.000500
15.80996 7348154 4.0235 0.001484
15.81221 7364700 12.4353 0.004582
15.81446 7381283 7.0913 0.002610
15.81671 7397903 7.3418 0.002699
15.81896 7414561 -2.3570 -0.000866
15.82121 7431256 7.9212 0.002906
15.82345 7447989 -10.6274 -0.003894
15.82570 7464760 -1.1251 -0.000412
15.82795 7481568 -6.6237 -0.002422
15.83020 7498415 -27.5162 -0.010049
15.83245 7515299 -22.0361 -0.008038
15.83470 7532221 -23.1027 -0.008418
15.83695 7549181 -8.5644 -0.003117
15.83920 7566180 25.6190 0.009314
15.84145 7583216 26.6417 0.009675
15.84370 7600292 24.7988 0.008995
15.84595 7617405 24.4352 0.008853
15.84820 7634557 14.7610 0.005342
15.85044 7651748 -4.8275 -0.001745
15.85269 7668977 -7.4334 -0.002684
15.85494 7686246 -13.7712 -0.004967
15.85719 7703553 -12.4205 -0.004475
15.85944 7720899 9.7054 0.003493
15.86169 7738284 0.1555 0.000056
15.86394 7755708 3.8396 0.001379
15.86619 7773172 21.1051 0.007570
15.86844 7790675 -1.7034 -0.000610
15.87069 7808217 4.3594 0.001560
15.87294 7825799 22.3773 0.007999
15.87519 7843420 27.0171 0.009647
15.87743 7861081 21.0118 0.007494
15.87968 7878782 -27.2233 -0.009699
15.88193 7896522 -4.8345 -0.001720
15.88418 7914303 -11.2791 -0.004009
15.88643 7932124 -33.5392 -0.011909
15.88868 7949984 -37.0564 -0.013143
15.89093 7967885 -43.2783 -0.015332
15.89318 7985827 -31.5390 -0.011161
15.89543 8003808 -55.9608 -0.019780
15.89768 8021830 -54.9277 -0.019393
15.89993 8039893 -47.1567 -0.016631
15.90218 8057997 -27.4552 -0.009672
15.90442 8076141 -24.8510 -0.008745
15.90667 8094326 -20.0467 -0.007046
15.90892 8112552 -44.3149 -0.015559
15.91117 8130819 -30.7421 -0.010781
15.91342 8149127 -56.6661 -0.019850
15.91567 8167476 -63.5747 -0.022245
15.91792 8185867 -52.1440 -0.018225
15.92017 8204299 -38.9195 -0.013588
15.92242 8222773 -33.4915 -0.011680
15.92467 8241288 -28.5178 -0.009934
15.92692 8259845 -27.2221 -0.009472
15.92917 8278444 -54.1002 -0.018803
15.93141 8297084 -33.4190 -0.011602
15.93366 8315767 -44.2185 -0.015334
15.93591 8334491 -20.5871 -0.007131
15.93816 8353258 -29.3385 -0.010151
15.94041 8372067 -27.1265 -0.009375
15.94266 8390918 -42.2328 -0.014580
15.94491 8409812 -47.2521 -0.016294
15.94716 8428749 -33.8617 -0.011663
15.94941 8447728 -37.0538 -0.012749
15.95166 8466749 -6.9533 -0.002390
15.95391 8485814 -13.2006 -0.004532
15.95616 8504921 -11.7262 -0.004021
15.95840 8524072 -30.9799 -0.010611
15.96065 8543266 -40.0373 -0.013698
15.96290 8562502 -23.9583 -0.008188
15.96515 8581783 -20.9919 -0.007166
15.96740 8601106 -21.4688 -0.007320
15.96965 8620473 -20.6044 -0.007018
15.97190 8639884 -7.9871 -0.002717
15.97415 8659338 -15.5876 -0.005297
15.97640 8678837 -5.0835 -0.001726
15.97865 8698379 -5.9637 -0.002022
15.98090 8717965 10.5439 0.003571
15.98315 8737595 6.5109 0.002203
15.98539 8757270 16.0282 0.005416
15.98764 8776988 6.7200 0.002268
15.98989 8796751 -4.3259 -0.001459
15.99214 8816559 -24.0453 -0.008098
15.99439 8836411 -25.2425 -0.008492
15.99664 8856308 -21.5362 -0.007237
15.99889 8876250 -20.5416 -0.006895
16.00114 8896237 -38.0648 -0.012762
16.00339 8916268 -27.4758 -0.009202
16.00564 8936345 -2.8677 -0.000959
16.00789 8956467 -47.2865 -0.015800
16.01014 8976634 -35.7503 -0.011932
16.01238 8996847 -24.3214 -0.008109
16.01463 9017105 -3.1411 -0.001046
16.01688 9037409 10.5876 0.003522
16.01913 9057758 5.9450 0.001975
16.02138 9078154 10.4136 0.003456
16.02363 9098595 -16.9160 -0.005608
16.02588 9119082 2.1557 0.000714
16.02813 9139616 1.4465 0.000478
16.03038 9160195 7.8127 0.002581
16.03263 9180821 0.4092 0.000135
16.03488 9201494 15.6338 0.005154
16.03713 9222213 6.8089 0.002242
16.03937 9242978 2.4392 0.000802
16.04162 9263791 18.4763 0.006070
16.04387 9284650 50.4719 0.016564
16.04612 9305556 48.9945 0.016061
16.04837 9326510 50.7111 0.016605
16.05062 9347510 36.0902 0.011804
16.05287 9368558 10.8733 0.003552
16.05512 9389653 9.4920 0.003098
16.05737 9410796 11.2799 0.003677
16.05962 9431986 25.8579 0.008420
16.06187 9453224 15.8300 0.005149
16.06412 9474510 23.7442 0.007714
16.06636 9495844 31.4585 0.010209
16.06861 9517225 44.4291 0.014402
16.07086 9538655 65.9185 0.021343
16.07311 9560134 80.0333 0.025884
16.07536 9581660 101.8628 0.032908
16.07761 9603235 108.6720 0.035068
16.07986 9624859 128.5176 0.041425
16.08211 9646531 98.6789 0.031772
16.08436 9668252 103.5501 0.033302
16.08661 9690022 113.0482 0.036316
16.08886 9711841 95.3484 0.030596
16.09111 9733709 98.1729 0.031467
16.09335 9755627 77.5966 0.024844
16.09560 9777593 57.8740 0.018508
16.09785 9799609 46.3747 0.014814
16.10010 9821675 24.7518 0.007898
16.10235 9843791 15.1276 0.004822
16.10460 9865956 12.0615 0.003840
16.10685 9888171 -21.1649 -0.006731
16.10910 9910436 -25.4204 -0.008075
16.11135 9932752 -29.0405 -0.009214
16.11360 9955117 -27.0703 -0.008580
16.11585 9977533 -16.6452 -0.005270
16.11810 10000000 -18.2000 -0.005755
