logY Y P PoverSqrtY
6.90675 999 -3.7059 -0.117251
6.90975 1002 -3.6147 -0.114193
6.91175 1004 -3.7545 -0.118491
6.91374 1006 -3.7336 -0.117714
6.91672 1009 -3.8719 -0.121892
6.91870 1011 -4.0583 -0.127633
6.92067 1013 -3.7810 -0.118796
6.92264 1015 -3.6397 -0.114242
6.92560 1018 -3.3745 -0.105763
6.92756 1020 -3.3010 -0.103359
6.92952 1022 -3.1989 -0.100065
6.93245 1025 -3.1866 -0.099533
6.93440 1027 -3.0577 -0.095413
6.93634 1029 -3.1104 -0.096963
6.93828 1031 -2.9158 -0.090809
6.94119 1034 -2.7034 -0.084071
6.94312 1036 -2.6999 -0.083881
6.94505 1038 -2.6598 -0.082556
6.94794 1041 -2.8216 -0.087451
6.94986 1043 -2.8792 -0.089151
6.95273 1046 -3.0021 -0.092824
6.95464 1048 -2.8507 -0.088059
6.95655 1050 -2.7530 -0.084960
6.95940 1053 -2.4192 -0.074552
6.96130 1055 -2.3654 -0.072823
6.96319 1057 -2.2594 -0.069496
6.96602 1060 -2.2677 -0.069650
6.96791 1062 -2.2875 -0.070193
6.97073 1065 -2.1351 -0.065426
6.97261 1067 -2.0181 -0.061781
6.97448 1069 -2.0691 -0.063284
6.97728 1072 -1.8427 -0.056280
6.97915 1074 -1.9758 -0.060289
6.98193 1077 -2.0699 -0.063073
6.98379 1079 -2.1980 -0.066914
6.98564 1081 -2.1307 -0.064806
6.98841 1084 -2.0120 -0.061111
6.99026 1086 -1.9450 -0.059020
6.99302 1089 -2.0293 -0.061493
6.99485 1091 -1.9588 -0.059302
6.99760 1094 -2.0296 -0.061363
6.99942 1096 -2.1441 -0.064766
7.00216 1099 -1.9949 -0.060175
7.00397 1101 -1.9366 -0.058365
7.00670 1104 -1.9056 -0.057352
7.00851 1106 -1.9599 -0.058932
7.01121 1109 -2.0471 -0.061471
7.01302 1111 -2.1245 -0.063739
7.01571 1114 -2.3549 -0.070555
7.01751 1116 -2.3278 -0.069682
7.02019 1119 -2.3979 -0.071682
7.02198 1121 -2.5490 -0.076132
7.02465 1124 -2.6008 -0.077574
7.02643 1126 -2.7232 -0.081155
7.02909 1129 -2.8812 -0.085747
7.03086 1131 -2.9416 -0.087469
7.03351 1134 -2.8324 -0.084111
7.03527 1136 -2.6819 -0.079569
7.03791 1139 -2.4410 -0.072328
7.03966 1141 -2.4201 -0.071647
7.04229 1144 -2.3347 -0.069026
7.04491 1147 -2.4342 -0.071875
7.04665 1149 -2.4448 -0.072124
7.04925 1152 -2.3480 -0.069180
7.05099 1154 -2.5651 -0.075508
7.05359 1157 -2.5140 -0.073910
7.05618 1160 -2.7188 -0.079828
7.05790 1162 -2.6705 -0.078343
7.06048 1165 -2.8464 -0.083393
7.06219 1167 -2.7273 -0.079837
7.06476 1170 -2.5979 -0.075950
7.06732 1173 -2.5494 -0.074437
7.06902 1175 -2.4830 -0.072437
7.07157 1178 -2.5094 -0.073115
7.07412 1181 -2.8046 -0.081611
7.07581 1183 -2.6613 -0.077377
7.07834 1186 -2.7004 -0.078412
7.08087 1189 -2.5772 -0.074740
7.08255 1191 -2.6160 -0.075801
7.08506 1194 -2.8028 -0.081114
7.08757 1197 -2.8567 -0.082570
7.08924 1199 -3.0502 -0.088089
7.09174 1202 -2.7212 -0.078489
7.09423 1205 -2.7618 -0.079561
7.09589 1207 -2.7748 -0.079870
7.09838 1210 -2.8543 -0.082055
7.10085 1213 -2.9068 -0.083460
7.10332 1216 -2.9055 -0.083320
7.10497 1218 -2.6913 -0.077115
7.10743 1221 -2.5909 -0.074147
7.10988 1224 -2.5169 -0.071940
7.11233 1227 -2.3178 -0.066169
7.11396 1229 -2.3688 -0.067570
7.11639 1232 -2.4327 -0.069309
7.11883 1235 -2.2524 -0.064094
7.12125 1238 -2.1753 -0.061824
7.12367 1241 -2.2538 -0.063977
7.12528 1243 -2.2564 -0.064001
7.12769 1246 -2.5096 -0.071097
7.13010 1249 -2.6749 -0.075689
7.13250 1252 -2.5604 -0.072361
7.13489 1255 -2.4192 -0.068289
7.13648 1257 -2.3856 -0.067286
7.13887 1260 -2.4873 -0.070072
7.14125 1263 -2.6217 -0.073769
7.14362 1266 -2.9286 -0.082308
7.14598 1269 -2.9127 -0.081766
7.14835 1272 -2.8236 -0.079169
7.14992 1274 -2.8366 -0.079471
7.15227 1277 -2.8686 -0.080275
7.15462 1280 -3.0383 -0.084923
7.15696 1283 -3.2494 -0.090717
7.15929 1286 -3.2027 -0.089310
7.16162 1289 -3.1700 -0.088295
7.16395 1292 -3.0821 -0.085747
7.16627 1295 -3.2581 -0.090538
7.16858 1298 -3.4149 -0.094784
7.17089 1301 -3.6911 -0.102335
7.17242 1303 -3.6144 -0.100130
7.17472 1306 -3.6172 -0.100092
7.17702 1309 -3.7042 -0.102382
7.17931 1312 -3.7128 -0.102504
7.18159 1315 -3.9505 -0.108942
7.18387 1318 -4.0769 -0.112299
7.18614 1321 -4.0625 -0.111773
7.18841 1324 -4.0462 -0.111199
7.19068 1327 -4.0533 -0.111270
7.19293 1330 -4.2701 -0.117088
7.19519 1333 -4.3052 -0.117918
7.19744 1336 -4.3825 -0.119899
7.19968 1339 -4.1300 -0.112866
7.20192 1342 -3.9372 -0.107476
7.20415 1345 -3.8600 -0.105250
7.20638 1348 -3.9036 -0.106323
7.20860 1351 -4.1496 -0.112897
7.21082 1354 -4.1021 -0.111480
7.21303 1357 -4.0184 -0.109085
7.21524 1360 -4.0341 -0.109389
7.21744 1363 -4.1174 -0.111527
7.22037 1367 -4.4396 -0.120076
7.22257 1370 -4.5598 -0.123193
7.22475 1373 -4.4130 -0.119097
7.22694 1376 -4.4889 -0.121013
7.22911 1379 -4.4990 -0.121153
7.23129 1382 -4.5514 -0.122430
7.23346 1385 -4.6791 -0.125729
7.23562 1388 -4.5620 -0.122449
7.23778 1391 -4.4368 -0.118962
7.23993 1394 -4.4941 -0.120369
7.24280 1398 -4.3079 -0.115216
7.24494 1401 -4.5277 -0.120964
7.24708 1404 -4.4363 -0.118396
7.24922 1407 -4.2979 -0.114581
7.25134 1410 -4.2630 -0.113529
7.25347 1413 -4.3484 -0.115681
7.25630 1417 -4.5303 -0.120348
7.25841 1420 -4.6605 -0.123678
7.26052 1423 -4.3913 -0.116410
7.26263 1426 -4.4504 -0.117852
7.26473 1429 -4.3645 -0.115456
7.26753 1433 -4.3903 -0.115978
7.26962 1436 -4.5297 -0.119533
7.27170 1439 -4.4902 -0.118369
7.27379 1442 -4.3377 -0.114230
7.27656 1446 -4.4615 -0.117327
7.27863 1449 -4.4068 -0.115768
7.28070 1452 -4.5259 -0.118775
7.28276 1455 -4.6060 -0.120752
7.28551 1459 -4.4249 -0.115844
7.28756 1462 -4.1445 -0.108392
7.28961 1465 -4.2301 -0.110517
7.29234 1469 -4.4396 -0.115832
7.29438 1472 -4.4601 -0.116249
7.29641 1475 -4.3928 -0.114379
7.29845 1478 -4.4108 -0.114731
7.30115 1482 -4.5173 -0.117342
7.30317 1485 -4.7866 -0.124213
7.30519 1488 -4.8122 -0.124751
7.30787 1492 -4.8711 -0.126109
7.30988 1495 -4.8316 -0.124959
7.31255 1499 -4.9665 -0.128276
7.31455 1502 -4.9368 -0.127382
7.31655 1505 -5.1230 -0.132056
7.31920 1509 -4.8098 -0.123818
7.32119 1512 -4.6358 -0.119221
7.32383 1516 -4.5575 -0.117052
7.32581 1519 -4.6027 -0.118096
7.32778 1522 -4.6030 -0.117987
7.33041 1526 -4.6013 -0.117789
7.33237 1529 -4.7178 -0.120652
7.33498 1533 -4.8086 -0.122814
7.33694 1536 -5.0358 -0.128490
7.33954 1540 -5.0770 -0.129375
7.34148 1543 -4.9695 -0.126511
7.34407 1547 -4.7490 -0.120742
7.34601 1550 -4.7848 -0.121534
7.34859 1554 -4.8513 -0.123066
7.35052 1557 -4.8746 -0.123537
7.35308 1561 -4.9284 -0.124739
7.35500 1564 -5.0146 -0.126800
7.35756 1568 -5.1039 -0.128894
7.35947 1571 -5.4600 -0.137754
7.36201 1575 -5.4825 -0.138147
7.36391 1578 -5.3756 -0.135323
7.36645 1582 -5.3453 -0.134389
7.36834 1585 -5.3362 -0.134034
7.37086 1589 -5.5702 -0.139735
7.37275 1592 -5.2058 -0.130471
7.37526 1596 -5.1429 -0.128734
7.37776 1600 -4.9115 -0.122787
7.37963 1603 -4.8457 -0.121030
7.38212 1607 -4.8024 -0.119799
7.38399 1610 -4.6436 -0.115729
7.38647 1614 -4.5398 -0.113002
7.38895 1618 -4.4349 -0.110255
7.39080 1621 -4.5463 -0.112919
7.39326 1625 -4.3793 -0.108636
7.39572 1629 -4.0779 -0.101036
7.39756 1632 -3.7530 -0.092902
7.40001 1636 -3.8516 -0.095225
7.40245 1640 -3.9426 -0.097357
7.40428 1643 -3.7143 -0.091633
7.40671 1647 -3.6402 -0.089697
7.40914 1651 -3.7588 -0.092507
7.41156 1655 -3.9213 -0.096389
7.41337 1658 -4.0323 -0.099029
7.41578 1662 -3.8747 -0.095043
7.41818 1666 -3.8725 -0.094876
7.41998 1669 -3.9181 -0.095906
7.42237 1673 -4.0680 -0.099457
7.42476 1677 -4.1099 -0.100362
7.42714 1681 -4.0670 -0.099195
7.42952 1685 -4.1256 -0.100505
7.43130 1688 -4.3044 -0.104768
7.43367 1692 -4.4764 -0.108824
7.43603 1696 -4.4203 -0.107335
7.43838 1700 -4.5510 -0.110379
7.44073 1704 -4.6963 -0.113768
7.44249 1707 -4.7123 -0.114055
7.44483 1711 -4.6117 -0.111489
7.44717 1715 -4.4497 -0.107449
7.44950 1719 -4.4233 -0.106686
7.45182 1723 -4.2943 -0.103455
7.45414 1727 -4.4175 -0.106300
7.45645 1731 -4.2882 -0.103068
7.45876 1735 -4.2132 -0.101148
7.46049 1738 -4.2716 -0.102463
7.46279 1742 -4.4658 -0.106997
7.46508 1746 -4.3959 -0.105201
7.46737 1750 -4.1264 -0.098639
7.46965 1754 -4.1458 -0.098990
7.47193 1758 -4.2950 -0.102435
7.47420 1762 -4.2707 -0.101741
7.47647 1766 -4.3761 -0.104135
7.47873 1770 -4.4372 -0.105469
7.48099 1774 -4.6889 -0.111326
7.48324 1778 -4.8012 -0.113865
7.48549 1782 -4.7536 -0.112608
7.48773 1786 -4.9557 -0.117264
7.48997 1790 -5.1174 -0.120955
7.49220 1794 -5.2871 -0.124827
7.49443 1798 -4.9927 -0.117744
7.49665 1802 -4.8711 -0.114749
7.49887 1806 -4.8442 -0.113990
7.50108 1810 -4.8221 -0.113344
7.50329 1814 -4.4248 -0.103891
7.50549 1818 -4.2137 -0.098826
7.50824 1823 -4.3310 -0.101436
7.51043 1827 -4.4009 -0.102960
7.51262 1831 -4.3552 -0.101779
7.51480 1835 -4.2433 -0.099058
7.51698 1839 -4.3240 -0.100830
7.51915 1843 -4.5322 -0.105572
7.52132 1847 -4.5853 -0.106692
7.52402 1852 -4.5393 -0.105479
7.52618 1856 -4.7230 -0.109629
7.52833 1860 -4.8736 -0.113004
7.53048 1864 -4.8074 -0.111349
7.53262 1868 -4.5230 -0.104651
7.53476 1872 -4.3550 -0.100655
7.53743 1877 -4.4522 -0.102763
7.53956 1881 -4.4715 -0.103100
7.54168 1885 -4.2794 -0.098565
7.54380 1889 -4.4737 -0.102933
7.54645 1894 -4.7870 -0.109994
7.54856 1898 -4.8246 -0.110742
7.55066 1902 -4.8221 -0.110568
7.55276 1906 -4.9128 -0.112530
7.55538 1911 -5.1424 -0.117634
7.55747 1915 -5.0162 -0.114628
7.55956 1919 -4.8043 -0.109672
7.56216 1924 -4.5490 -0.103707
7.56424 1928 -4.5745 -0.104182
7.56631 1932 -4.5485 -0.103481
7.56890 1937 -4.5877 -0.104240
7.57096 1941 -4.7206 -0.107147
7.57302 1945 -4.8767 -0.110576
7.57558 1950 -4.8569 -0.109987
7.57763 1954 -4.7126 -0.106609
7.58019 1959 -4.6825 -0.105795
7.58223 1963 -4.8748 -0.110027
7.58426 1967 -4.9906 -0.112525
7.58680 1972 -5.1232 -0.115368
7.58883 1976 -5.4760 -0.123188
7.59136 1981 -5.8923 -0.132385
7.59337 1985 -5.9013 -0.132455
7.59589 1990 -5.9113 -0.132511
7.59790 1994 -5.9651 -0.133585
7.60040 1999 -6.0191 -0.134624
7.60240 2003 -5.6874 -0.127078
7.60489 2008 -5.6293 -0.125625
7.60688 2012 -5.7621 -0.128461
7.60937 2017 -5.8212 -0.129616
7.61135 2021 -5.9925 -0.133299
7.61382 2026 -6.3448 -0.140960
7.61579 2030 -6.4762 -0.143738
7.61825 2035 -6.3296 -0.140311
7.62071 2040 -6.1475 -0.136108
7.62266 2044 -6.3343 -0.140105
7.62511 2049 -6.5561 -0.144835
7.62706 2053 -6.4297 -0.141904
7.62949 2058 -6.4918 -0.143101
7.63192 2063 -6.7750 -0.149162
7.63385 2067 -6.7381 -0.148206
7.63627 2072 -6.4487 -0.141670
7.63868 2077 -6.4432 -0.141378
7.64060 2081 -6.6688 -0.146187
7.64300 2086 -6.6135 -0.144803
7.64540 2091 -6.6730 -0.145930
7.64731 2095 -6.8222 -0.149051
7.64969 2100 -6.9677 -0.152047
7.65207 2105 -6.8518 -0.149340
7.65444 2110 -7.1012 -0.154593
7.65634 2114 -7.3621 -0.160121
7.65870 2119 -7.1852 -0.156089
7.66106 2124 -6.8481 -0.148591
7.66341 2129 -6.8155 -0.147710
7.66528 2133 -6.7722 -0.146634
7.66763 2138 -6.4651 -0.139821
7.66996 2143 -6.3196 -0.136515
7.67229 2148 -6.3900 -0.137875
7.67462 2153 -6.3097 -0.135985
7.67694 2158 -6.0703 -0.130672
7.67879 2162 -5.9558 -0.128088
7.68110 2167 -6.1112 -0.131280
7.68340 2172 -5.9367 -0.127384
7.68570 2177 -5.6753 -0.121636
7.68800 2182 -5.6257 -0.120434
7.69029 2187 -5.4482 -0.116500
7.69257 2192 -5.2338 -0.111789
7.69485 2197 -5.2814 -0.112677
7.69712 2202 -5.3296 -0.113576
7.69939 2207 -5.1246 -0.109084
7.70165 2212 -4.9520 -0.105291
7.70391 2217 -5.0584 -0.107432
7.70616 2222 -5.0883 -0.107944
7.70841 2227 -5.2405 -0.111049
7.71065 2232 -5.6022 -0.118580
7.71289 2237 -5.7581 -0.121744
7.71512 2242 -5.4765 -0.115660
7.71735 2247 -5.4231 -0.114406
7.71957 2252 -5.5274 -0.116476
7.72179 2257 -5.4006 -0.113678
7.72400 2262 -5.4278 -0.114124
7.72621 2267 -5.8231 -0.122300
7.72842 2272 -6.0845 -0.127650
7.73061 2277 -6.0843 -0.127506
7.73281 2282 -6.2755 -0.131369
7.73543 2288 -6.3935 -0.133663
7.73762 2293 -6.1710 -0.128870
7.73979 2298 -6.2027 -0.129392
7.74197 2303 -6.3423 -0.132161
7.74414 2308 -6.1228 -0.127448
7.74630 2313 -6.1786 -0.128470
7.74889 2319 -6.4569 -0.134084
7.75105 2324 -6.2464 -0.129573
7.75319 2329 -5.8748 -0.121733
7.75534 2334 -5.8370 -0.120820
7.75791 2340 -5.9512 -0.123027
7.76004 2345 -5.8606 -0.121024
7.76217 2350 -5.9416 -0.122565
7.76430 2355 -6.2619 -0.129036
7.76684 2361 -5.7115 -0.117544
7.76896 2366 -5.5509 -0.114119
7.77107 2371 -5.7729 -0.118558
7.77359 2377 -5.5919 -0.114696
7.77570 2382 -5.6747 -0.116272
7.77779 2387 -5.7540 -0.117772
7.78030 2393 -5.7081 -0.116687
7.78239 2398 -5.5526 -0.113389
7.78489 2404 -5.7285 -0.116835
7.78697 2409 -5.4547 -0.111136
7.78904 2414 -5.2966 -0.107802
7.79152 2420 -5.4158 -0.110092
7.79359 2425 -5.4949 -0.111585
7.79606 2431 -5.7687 -0.116999
7.79811 2436 -5.9159 -0.119863
7.80057 2442 -6.0421 -0.122268
7.80262 2447 -5.8086 -0.117424
7.80507 2453 -5.8671 -0.118460
7.80710 2458 -5.9662 -0.120339
7.80954 2464 -5.8758 -0.118372
7.81157 2469 -5.9794 -0.120337
7.81400 2475 -5.9902 -0.120408
7.81642 2481 -5.9269 -0.118991
7.81843 2486 -6.0638 -0.121616
7.82084 2492 -6.0952 -0.122100
7.82285 2497 -5.9461 -0.118993
7.82525 2503 -5.9484 -0.118896
7.82764 2509 -6.0444 -0.120671
7.82963 2514 -5.9680 -0.119026
7.83201 2520 -6.2594 -0.124689
7.83439 2526 -6.4842 -0.129016
7.83637 2531 -6.2308 -0.123851
7.83874 2537 -6.2141 -0.123372
7.84110 2543 -6.2668 -0.124272
7.84306 2548 -6.1006 -0.120857
7.84542 2554 -6.1960 -0.122603
7.84776 2560 -6.3724 -0.125945
7.85010 2566 -6.2194 -0.122778
7.85205 2571 -6.2445 -0.123154
7.85438 2577 -6.2092 -0.122314
7.85671 2583 -5.7784 -0.113696
7.85903 2589 -5.7303 -0.112619
7.86134 2595 -5.5601 -0.109147
7.86365 2601 -5.6900 -0.111569
7.86557 2606 -5.7184 -0.112018
7.86787 2612 -5.3624 -0.104923
7.87017 2618 -4.9060 -0.095883
7.87246 2624 -4.8898 -0.095457
7.87474 2630 -4.8399 -0.094375
7.87702 2636 -5.0216 -0.097808
7.87929 2642 -5.3152 -0.103407
7.88156 2648 -5.0748 -0.098619
7.88382 2654 -4.7825 -0.092833
7.88608 2660 -4.6939 -0.091011
7.88833 2666 -4.3441 -0.084134
7.89058 2672 -4.1732 -0.080732
7.89283 2678 -4.3389 -0.083845
7.89506 2684 -4.1884 -0.080846
7.89730 2690 -4.2362 -0.081677
7.89952 2696 -4.2675 -0.082188
7.90175 2702 -3.9695 -0.076365
7.90397 2708 -4.0176 -0.077205
7.90618 2714 -4.2590 -0.081752
7.90839 2720 -4.2720 -0.081912
7.91059 2726 -4.5725 -0.087576
7.91279 2732 -4.4234 -0.084628
7.91535 2739 -4.4026 -0.084123
7.91754 2745 -4.8310 -0.092207
7.91972 2751 -4.9261 -0.093920
7.92190 2757 -5.0123 -0.095459
7.92407 2763 -5.4333 -0.103366
7.92660 2770 -5.1799 -0.098419
7.92877 2776 -5.1427 -0.097607
7.93093 2782 -5.0761 -0.096240
7.93308 2788 -4.8351 -0.091571
7.93559 2795 -4.9009 -0.092701
7.93773 2801 -4.8030 -0.090751
7.93987 2807 -4.8086 -0.090761
7.94236 2814 -5.0619 -0.095423
7.94449 2820 -4.7618 -0.089670
7.94662 2826 -4.8352 -0.090955
7.94909 2833 -4.8178 -0.090517
7.95121 2839 -4.8453 -0.090936
7.95332 2845 -5.1604 -0.096748
7.95578 2852 -5.1855 -0.097100
7.95788 2858 -5.3094 -0.099315
7.96032 2865 -5.7800 -0.107986
7.96242 2871 -5.6618 -0.105667
7.96485 2878 -5.6121 -0.104611
7.96693 2884 -5.7424 -0.106929
7.96936 2891 -5.8470 -0.108745
7.97143 2897 -6.1358 -0.113998
7.97384 2904 -6.1196 -0.113560
7.97591 2910 -6.1252 -0.113546
7.97831 2917 -6.0612 -0.112226
7.98037 2923 -5.9876 -0.110749
7.98276 2930 -6.1944 -0.114437
7.98480 2936 -6.2505 -0.115355
7.98718 2943 -5.9439 -0.109567
7.98956 2950 -6.3653 -0.117194
7.99159 2956 -6.1503 -0.113121
7.99396 2963 -6.1241 -0.112507
7.99632 2970 -5.9250 -0.108721
7.99834 2976 -5.6282 -0.103169
8.00068 2983 -5.3805 -0.098513
8.00303 2990 -4.8712 -0.089083
8.00503 2996 -4.8002 -0.087697
8.00737 3003 -5.0225 -0.091652
8.00970 3010 -5.4221 -0.098829
8.01202 3017 -5.5239 -0.100568
8.01434 3024 -5.1172 -0.093055
8.01632 3030 -4.8638 -0.088359
8.01863 3037 -4.8404 -0.087834
8.02093 3044 -4.9823 -0.090305
8.02322 3051 -5.3945 -0.097662
8.02552 3058 -5.0333 -0.091019
8.02780 3065 -5.1148 -0.092388
8.03008 3072 -5.1484 -0.092888
8.03204 3078 -5.1806 -0.093378
8.03431 3085 -5.4547 -0.098206
8.03657 3092 -5.0719 -0.091213
8.03883 3099 -4.9681 -0.089245
8.04109 3106 -4.6660 -0.083722
8.04334 3113 -4.4109 -0.079057
8.04559 3120 -4.9369 -0.088385
8.04783 3127 -4.7863 -0.085592
8.05007 3134 -5.3020 -0.094708
8.05230 3141 -4.8904 -0.087258
8.05452 3148 -4.6732 -0.083290
8.05706 3156 -4.9612 -0.088311
8.05928 3163 -4.5318 -0.080579
8.06149 3170 -4.8977 -0.086989
8.06369 3177 -4.6329 -0.082194
8.06589 3184 -5.0023 -0.088650
8.06809 3191 -5.2633 -0.093173
8.07028 3198 -5.3077 -0.093857
8.07278 3206 -5.7787 -0.102058
8.07496 3213 -5.8837 -0.103800
8.07714 3220 -6.2129 -0.109488
8.07931 3227 -5.8899 -0.103684
8.08178 3235 -5.5880 -0.098247
8.08395 3242 -5.4122 -0.095053
8.08610 3249 -5.2005 -0.091237
8.08856 3257 -5.0801 -0.089016
8.09071 3264 -4.8063 -0.084127
8.09285 3271 -4.8768 -0.085270
8.09529 3279 -4.5884 -0.080129
8.09743 3286 -4.4082 -0.076901
8.09955 3293 -4.2705 -0.074419
8.10198 3301 -4.6047 -0.080145
8.10410 3308 -4.6609 -0.081038
8.10651 3316 -4.5492 -0.079000
8.10862 3323 -4.5956 -0.079722
8.11103 3331 -4.8493 -0.084022
8.11313 3338 -5.1809 -0.089674
8.11552 3346 -5.0602 -0.087478
8.11761 3353 -4.7878 -0.082684
8.11999 3361 -4.6375 -0.079993
8.12207 3368 -4.3300 -0.074611
8.12445 3376 -4.6145 -0.079418
8.12652 3383 -4.4824 -0.077066
8.12888 3391 -4.8849 -0.083887
8.13124 3399 -4.6550 -0.079844
8.13329 3406 -4.7470 -0.081339
8.13564 3414 -4.9676 -0.085019
8.13798 3422 -5.1577 -0.088169
8.14002 3429 -5.2490 -0.089638
8.14235 3437 -4.9268 -0.084038
8.14468 3445 -5.2485 -0.089422
8.14700 3453 -5.2253 -0.088922
8.14902 3460 -5.3482 -0.090922
8.15133 3468 -4.9875 -0.084692
8.15364 3476 -5.2711 -0.089405
8.15594 3484 -5.1788 -0.087738
8.15823 3492 -5.4806 -0.092744
8.16052 3500 -5.5781 -0.094287
8.16252 3507 -5.6735 -0.095804
8.16479 3515 -5.5487 -0.093590
8.16707 3523 -5.4423 -0.091691
8.16934 3531 -5.8434 -0.098336
8.17160 3539 -6.2755 -0.105488
8.17386 3547 -6.4044 -0.107535
8.17611 3555 -6.2523 -0.104863
8.17836 3563 -6.4399 -0.107888
8.18060 3571 -6.2545 -0.104664
8.18284 3579 -6.5828 -0.110035
8.18507 3587 -6.4499 -0.107693
8.18730 3595 -6.9363 -0.115686
8.18952 3603 -6.8718 -0.114482
8.19202 3612 -7.3185 -0.121773
8.19423 3620 -7.4850 -0.124405
8.19644 3628 -7.9969 -0.132766
8.19864 3636 -7.9961 -0.132607
8.20084 3644 -8.0949 -0.134097
8.20303 3652 -8.0233 -0.132766
8.20549 3661 -8.1623 -0.134900
8.20767 3669 -8.0220 -0.132436
8.20985 3677 -7.6466 -0.126102
8.21203 3685 -7.2706 -0.119770
8.21447 3694 -7.1844 -0.118206
8.21663 3702 -7.3348 -0.120552
8.21879 3710 -7.6553 -0.125683
8.22121 3719 -7.8415 -0.128584
8.22336 3727 -7.7591 -0.127095
8.22550 3735 -8.1126 -0.132744
8.22791 3744 -8.5430 -0.139618
8.23004 3752 -8.7012 -0.142052
8.23244 3761 -8.6753 -0.141459
8.23456 3769 -8.3653 -0.136259
8.23695 3778 -8.0459 -0.130901
8.23907 3786 -8.3913 -0.136376
8.24144 3795 -8.5601 -0.138955
8.24355 3803 -8.6250 -0.139862
8.24591 3812 -8.4937 -0.137569
8.24801 3820 -8.5525 -0.138377
8.25036 3829 -8.2742 -0.133715
8.25271 3838 -7.8480 -0.126680
8.25479 3846 -7.5328 -0.121465
8.25713 3855 -7.4628 -0.120197
8.25946 3864 -7.7174 -0.124151
8.26153 3872 -7.6445 -0.122852
8.26385 3881 -7.6355 -0.122565
8.26616 3890 -7.3036 -0.117101
8.26848 3899 -7.2162 -0.115566
8.27053 3907 -7.1767 -0.114816
8.27283 3916 -7.7738 -0.124225
8.27512 3925 -7.5707 -0.120842
8.27741 3934 -7.7205 -0.123091
8.27970 3943 -7.2509 -0.115472
8.28198 3952 -7.2751 -0.115725
8.28400 3960 -7.0393 -0.111861
8.28627 3969 -7.3930 -0.117349
8.28853 3978 -6.9337 -0.109935
8.29079 3987 -7.1205 -0.112769
8.29305 3996 -6.9081 -0.109282
8.29530 4005 -6.8407 -0.108094
8.29754 4014 -6.5288 -0.103048
8.29978 4023 -6.5578 -0.103391
8.30202 4032 -6.2893 -0.099047
8.30425 4041 -6.1273 -0.096388
8.30672 4051 -5.6428 -0.088657
8.30894 4060 -5.4360 -0.085314
8.31115 4069 -5.4773 -0.085866
8.31336 4078 -5.3449 -0.083698
8.31557 4087 -5.3541 -0.083749
8.31777 4096 -5.0718 -0.079248
8.32020 4106 -5.3387 -0.083316
8.32239 4115 -5.3294 -0.083080
8.32458 4124 -5.6614 -0.088159
8.32676 4133 -4.9272 -0.076642
8.32918 4143 -4.7982 -0.074545
8.33135 4152 -4.5661 -0.070862
8.33351 4161 -4.5890 -0.071140
8.33591 4171 -4.6159 -0.071472
8.33807 4180 -4.2488 -0.065717
8.34046 4190 -4.2680 -0.065935
8.34260 4199 -4.0646 -0.062726
8.34474 4208 -4.0930 -0.063097
8.34712 4218 -3.4478 -0.053088
8.34925 4227 -3.6489 -0.056124
8.35161 4237 -3.6729 -0.056427
8.35397 4247 -3.6065 -0.055341
8.35609 4256 -3.4635 -0.053089
8.35843 4266 -3.2390 -0.049591
8.36054 4275 -3.3861 -0.051788
8.36288 4285 -3.5007 -0.053478
8.36521 4295 -3.8568 -0.058850
8.36730 4304 -4.1009 -0.062509
8.36962 4314 -4.5187 -0.068797
8.37194 4324 -4.8148 -0.073221
8.37402 4333 -4.2278 -0.064227
8.37632 4343 -4.2539 -0.064549
8.37862 4353 -3.8764 -0.058754
8.38092 4363 -3.7614 -0.056945
8.38320 4373 -3.5785 -0.054114
8.38526 4382 -3.4024 -0.051398
8.38754 4392 -3.2257 -0.048673
8.38981 4402 -2.9911 -0.045082
8.39208 4412 -3.0605 -0.046076
8.39435 4422 -2.3236 -0.034942
8.39661 4432 -2.3124 -0.034735
8.39886 4442 -2.1084 -0.031635
8.40111 4452 -1.8847 -0.028246
8.40335 4462 -1.8555 -0.027777
8.40559 4472 -1.2465 -0.018639
8.40782 4482 -1.0952 -0.016359
8.41005 4492 -1.1636 -0.017361
8.41228 4502 -1.0324 -0.015387
8.41450 4512 -1.0331 -0.015380
8.41693 4523 -0.8138 -0.012101
8.41914 4533 -0.8925 -0.013256
8.42134 4543 -0.4717 -0.006999
8.42354 4553 -0.6482 -0.009607
8.42574 4563 -1.0306 -0.015257
8.42814 4574 -1.1475 -0.016967
8.43033 4584 -1.3223 -0.019530
8.43251 4594 -1.5728 -0.023204
8.43490 4605 -2.2794 -0.033589
8.43707 4615 -2.7148 -0.039962
8.43923 4625 -2.1822 -0.032087
8.44161 4636 -2.6122 -0.038365
8.44376 4646 -3.3077 -0.048528
8.44613 4657 -3.7764 -0.055338
8.44827 4667 -4.1366 -0.060551
8.45063 4678 -3.9463 -0.057698
8.45276 4688 -4.0897 -0.059730
8.45510 4699 -4.5025 -0.065682
8.45723 4709 -4.5272 -0.065973
8.45956 4720 -4.6817 -0.068145
8.46189 4731 -4.6685 -0.067874
8.46400 4741 -4.2101 -0.061145
8.46632 4752 -4.3295 -0.062806
8.46863 4763 -4.4188 -0.064027
8.47073 4773 -4.5210 -0.065439
8.47303 4784 -4.6924 -0.067842
8.47533 4795 -4.2898 -0.061951
8.47762 4806 -4.3816 -0.063204
8.47991 4817 -4.7804 -0.068877
8.48198 4827 -4.8849 -0.070310
8.48426 4838 -5.1731 -0.074374
8.48653 4849 -4.9429 -0.070984
8.48879 4860 -4.9800 -0.071435
8.49105 4871 -4.8771 -0.069881
8.49331 4882 -4.0380 -0.057792
8.49556 4893 -4.2498 -0.060755
8.49781 4904 -4.8058 -0.068627
8.50005 4915 -4.1719 -0.059507
8.50228 4926 -4.2948 -0.061192
8.50451 4937 -4.5311 -0.064487
8.50674 4948 -4.3670 -0.062082
8.50916 4960 -4.6317 -0.065765
8.51138 4971 -5.1650 -0.073257
8.51359 4982 -5.3010 -0.075102
8.51579 4993 -5.0677 -0.071718
8.51799 5004 -5.0209 -0.070978
8.52039 5016 -5.1263 -0.072380
8.52258 5027 -5.3696 -0.075734
8.52476 5038 -5.4313 -0.076520
8.52714 5050 -5.4574 -0.076796
8.52932 5061 -5.5753 -0.078371
8.53149 5072 -5.6565 -0.079426
8.53385 5084 -6.0539 -0.084905
8.53601 5095 -6.4937 -0.090975
8.53837 5107 -6.5409 -0.091527
8.54052 5118 -6.1125 -0.085441
8.54286 5130 -6.4902 -0.090615
8.54500 5141 -6.8177 -0.095086
8.54733 5153 -6.8852 -0.095915
8.54947 5164 -7.3787 -0.102680
8.55179 5176 -7.4589 -0.103675
8.55410 5188 -7.3928 -0.102639
8.55622 5199 -7.0443 -0.097697
8.55853 5211 -7.0053 -0.097043
8.56083 5223 -6.9893 -0.096710
8.56312 5235 -7.1114 -0.098288
8.56522 5246 -7.3588 -0.101600
8.56751 5258 -7.3312 -0.101103
8.56979 5270 -7.8767 -0.108502
8.57206 5282 -7.9145 -0.108899
8.57433 5294 -7.6083 -0.104567
8.57659 5306 -7.2531 -0.099573
8.57885 5318 -6.5740 -0.090148
8.58111 5330 -6.6727 -0.091398
8.58336 5342 -6.8994 -0.094398
8.58560 5354 -7.0086 -0.095784
8.58784 5366 -7.0225 -0.095867
8.59007 5378 -7.1171 -0.097050
8.59230 5390 -7.4503 -0.101480
8.59452 5402 -7.1666 -0.097507
8.59674 5414 -7.5245 -0.102262
8.59896 5426 -7.3008 -0.099114
8.60135 5439 -6.9438 -0.094153
8.60355 5451 -7.2581 -0.098307
8.60575 5463 -6.9892 -0.094561
8.60795 5475 -6.9077 -0.093356
8.61032 5488 -6.5620 -0.088578
8.61250 5500 -6.5527 -0.088357
8.61486 5513 -6.3284 -0.085232
8.61704 5525 -5.8574 -0.078802
8.61921 5537 -5.7940 -0.077865
8.62155 5550 -5.8001 -0.077855
8.62371 5562 -5.6383 -0.075602
8.62605 5575 -5.4101 -0.072458
8.62820 5587 -5.0299 -0.067293
8.63052 5600 -5.2111 -0.069636
8.63284 5613 -4.6368 -0.061890
8.63498 5625 -4.7529 -0.063372
8.63728 5638 -4.8185 -0.064173
8.63959 5651 -4.7090 -0.062642
8.64171 5663 -4.5352 -0.060266
8.64400 5676 -5.4343 -0.072132
8.64629 5689 -5.3298 -0.070663
8.64857 5702 -4.7879 -0.063406
8.65085 5715 -4.8235 -0.063806
8.65295 5727 -4.3504 -0.057487
8.65521 5740 -4.3903 -0.057948
8.65748 5753 -4.6878 -0.061804
8.65973 5766 -4.8216 -0.063497
8.66199 5779 -4.5661 -0.060065
8.66423 5792 -4.5958 -0.060387
8.66647 5805 -5.0844 -0.066732
8.66871 5818 -5.1761 -0.067860
8.67094 5831 -5.5573 -0.072776
8.67334 5845 -5.4163 -0.070845
8.67556 5858 -5.5291 -0.072241
8.67778 5871 -5.8201 -0.075958
8.67999 5884 -5.8830 -0.076695
8.68220 5897 -5.4246 -0.070640
8.68457 5911 -5.1663 -0.067197
8.68677 5924 -5.5547 -0.072170
8.68896 5937 -5.7119 -0.074131
8.69131 5951 -5.7810 -0.074939
8.69350 5964 -5.8270 -0.075453
8.69584 5978 -5.5785 -0.072151
8.69801 5991 -5.4617 -0.070564
8.70018 6004 -5.9761 -0.077125
8.70251 6018 -5.8101 -0.074896
8.70483 6032 -5.7324 -0.073809
8.70699 6045 -6.1824 -0.079516
8.70930 6059 -6.3945 -0.082149
8.71144 6072 -6.0109 -0.077139
8.71375 6086 -6.1655 -0.079032
8.71604 6100 -5.5428 -0.070968
8.71817 6113 -5.7098 -0.073029
8.72046 6127 -6.1249 -0.078248
8.72274 6141 -6.3960 -0.081618
8.72502 6155 -6.3698 -0.081192
8.72729 6169 -6.4321 -0.081893
8.72956 6183 -6.5022 -0.082691
8.73182 6197 -6.9002 -0.087654
8.73408 6211 -7.0371 -0.089292
8.73617 6224 -6.3670 -0.080705
8.73858 6239 -6.2607 -0.079262
8.74082 6253 -6.2539 -0.079088
8.74305 6267 -5.9217 -0.074803
8.74528 6281 -5.4761 -0.069097
8.74751 6295 -5.2596 -0.066291
8.74973 6309 -4.7051 -0.059237
8.75195 6323 -4.6334 -0.058270
8.75432 6338 -5.0907 -0.063945
8.75653 6352 -5.4752 -0.068698
8.75873 6366 -5.7595 -0.072185
8.76092 6380 -5.6226 -0.070393
8.76327 6395 -4.9283 -0.061628
8.76546 6409 -4.8681 -0.060808
8.76780 6424 -4.4897 -0.056016
8.76997 6438 -4.1728 -0.052005
8.77230 6453 -4.4224 -0.055053
8.77447 6467 -4.4365 -0.055168
8.77678 6482 -4.1328 -0.051332
8.77894 6496 -4.3023 -0.053380
8.78125 6511 -4.1122 -0.050962
8.78355 6526 -4.5224 -0.055981
8.78569 6540 -4.6558 -0.057572
8.78798 6555 -4.7802 -0.059042
8.79027 6570 -4.6554 -0.057435
8.79255 6585 -4.5707 -0.056326
8.79467 6599 -4.2927 -0.052844
8.79694 6614 -4.6966 -0.057750
8.79921 6629 -4.6051 -0.056561
8.80147 6644 -4.6961 -0.057614
8.80372 6659 -4.5897 -0.056244
8.80597 6674 -4.4065 -0.053939
8.80822 6689 -4.2385 -0.051824
8.81046 6704 -4.3154 -0.052705
8.81269 6719 -4.1989 -0.051225
8.81492 6734 -4.4167 -0.053822
8.81730 6750 -4.3254 -0.052648
8.81952 6765 -3.9197 -0.047656
8.82173 6780 -4.6657 -0.056663
8.82394 6795 -4.9361 -0.059881
8.82629 6811 -4.6829 -0.056743
8.82849 6826 -4.8035 -0.058140
8.83069 6841 -4.8249 -0.058335
8.83303 6857 -4.6077 -0.055644
8.83521 6872 -4.6301 -0.055853
8.83754 6888 -4.3228 -0.052086
8.83971 6903 -4.7987 -0.057757
8.84203 6919 -5.2231 -0.062792
8.84419 6934 -5.1219 -0.061509
8.84650 6950 -4.4012 -0.052793
8.84865 6965 -3.9619 -0.047473
8.85095 6981 -4.0232 -0.048152
8.85324 6997 -3.7082 -0.044332
8.85552 7013 -3.3630 -0.040158
8.85766 7028 -3.6598 -0.043655
8.85993 7044 -4.1818 -0.049826
8.86220 7060 -3.8983 -0.046395
8.86446 7076 -3.7512 -0.044595
8.86672 7092 -3.6267 -0.043066
8.86898 7108 -3.9894 -0.047319
8.87122 7124 -3.6562 -0.043318
8.87347 7140 -3.1493 -0.037270
8.87571 7156 -2.9529 -0.034907
8.87794 7172 -2.1874 -0.025829
8.88017 7188 -1.9641 -0.023167
8.88239 7204 -1.9515 -0.022992
8.88475 7221 -1.9565 -0.023023
8.88696 7237 -2.3929 -0.028128
8.88917 7253 -2.4283 -0.028513
8.89151 7270 -2.6016 -0.030512
8.89371 7286 -2.7212 -0.031880
8.89590 7302 -3.0529 -0.035726
8.89823 7319 -3.6617 -0.042801
8.90041 7335 -3.1249 -0.036486
8.90273 7352 -2.9974 -0.034957
8.90490 7368 -3.0674 -0.035736
8.90721 7385 -2.5878 -0.030114
8.90951 7402 -2.6167 -0.030415
8.91166 7418 -2.7951 -0.032453
8.91395 7435 -2.8281 -0.032798
8.91624 7452 -3.2544 -0.037699
8.91838 7468 -3.2408 -0.037502
8.92066 7485 -3.7394 -0.043222
8.92292 7502 -3.3937 -0.039182
8.92519 7519 -3.7062 -0.042741
8.92745 7536 -3.7026 -0.042651
8.92970 7553 -3.5304 -0.040622
8.93195 7570 -4.2531 -0.048883
8.93419 7587 -4.1900 -0.048103
8.93643 7604 -4.4882 -0.051470
8.93866 7621 -4.3822 -0.050198
8.94089 7638 -4.6415 -0.053109
8.94324 7656 -4.4952 -0.051375
8.94546 7673 -4.1052 -0.046866
8.94768 7690 -4.2654 -0.048641
8.94988 7707 -4.0786 -0.046458
8.95222 7725 -3.9905 -0.045402
8.95442 7742 -3.3337 -0.037887
8.95674 7760 -3.2370 -0.036746
8.95893 7777 -3.1050 -0.035209
8.96124 7795 -2.9581 -0.033505
8.96342 7812 -2.6627 -0.030126
8.96572 7830 -2.6128 -0.029527
8.96789 7847 -2.4949 -0.028164
8.97018 7865 -2.3747 -0.026776
8.97246 7883 -2.6961 -0.030366
8.97462 7900 -3.4060 -0.038320
8.97689 7918 -2.8948 -0.032532
8.97916 7936 -3.3536 -0.037645
8.98143 7954 -3.6323 -0.040728
8.98369 7972 -4.1718 -0.046725
8.98595 7990 -4.3405 -0.048559
8.98820 8008 -5.2359 -0.058510
8.99044 8026 -5.0392 -0.056248
8.99268 8044 -5.3066 -0.059167
8.99492 8062 -5.5415 -0.061718
8.99715 8080 -5.7511 -0.063980
8.99937 8098 -6.2852 -0.069844
9.00172 8117 -5.9571 -0.066120
9.00393 8135 -5.9674 -0.066161
9.00614 8153 -5.9025 -0.065370
9.00847 8172 -5.1164 -0.056598
9.01067 8190 -4.8938 -0.054077
9.01286 8208 -5.0953 -0.056240
9.01518 8227 -5.1413 -0.056683
9.01736 8245 -4.7947 -0.052804
9.01966 8264 -5.4634 -0.060099
9.02196 8283 -5.0192 -0.055149
9.02413 8301 -5.2176 -0.057267
9.02642 8320 -4.5851 -0.050268
9.02870 8339 -4.6713 -0.051155
9.03085 8357 -4.4451 -0.048625
9.03313 8376 -5.0660 -0.055354
9.03539 8395 -5.1418 -0.056119
9.03765 8414 -5.7263 -0.062427
9.03991 8433 -6.1883 -0.067388
9.04216 8452 -6.0070 -0.065340
9.04440 8471 -6.2529 -0.067939
9.04664 8490 -5.8547 -0.063541
9.04888 8509 -5.3631 -0.058140
9.05111 8528 -5.0027 -0.054173
9.05345 8548 -4.9483 -0.053521
9.05567 8567 -4.8848 -0.052776
9.05789 8586 -4.7686 -0.051463
9.06010 8605 -4.2930 -0.046279
9.06242 8625 -4.4422 -0.047832
9.06462 8644 -5.4322 -0.058428
9.06693 8664 -6.3009 -0.067693
9.06912 8683 -6.9105 -0.074161
9.07142 8703 -7.0983 -0.076089
9.07360 8722 -6.7941 -0.072748
9.07589 8742 -7.0352 -0.075244
9.07818 8762 -6.8728 -0.073423
9.08035 8781 -6.9712 -0.074394
9.08262 8801 -6.6731 -0.071132
9.08489 8821 -6.1681 -0.065674
9.08716 8841 -5.7860 -0.061536
9.08941 8861 -5.5306 -0.058754
9.09167 8881 -5.5962 -0.059383
9.09392 8901 -4.8712 -0.051631
9.09616 8921 -4.5314 -0.047976
9.09840 8941 -4.4191 -0.046735
9.10064 8961 -5.1368 -0.054264
9.10287 8981 -5.3512 -0.056466
9.10509 9001 -6.2210 -0.065571
9.10742 9022 -5.6023 -0.058981
9.10964 9042 -5.5081 -0.057925
9.11185 9062 -5.7750 -0.060666
9.11416 9083 -6.4384 -0.067556
9.11636 9103 -6.9091 -0.072415
9.11866 9124 -7.1880 -0.075252
9.12085 9144 -6.8643 -0.071784
9.12315 9165 -7.6521 -0.079931
9.12533 9185 -7.4559 -0.077796
9.12761 9206 -7.1952 -0.074991
9.12989 9227 -6.7594 -0.070368
9.13216 9248 -7.0950 -0.073778
9.13443 9269 -7.3960 -0.076821
9.13659 9289 -7.5767 -0.078614
9.13884 9310 -7.4589 -0.077304
9.14110 9331 -7.4410 -0.077031
9.14335 9352 -6.7336 -0.069630
9.14559 9373 -7.2726 -0.075120
9.14783 9394 -6.5525 -0.067605
9.15017 9416 -6.3671 -0.065616
9.15239 9437 -6.2175 -0.064003
9.15462 9458 -6.7601 -0.069511
9.15683 9479 -6.9460 -0.071343
9.15915 9501 -6.8015 -0.069778
9.16136 9522 -6.9697 -0.071425
9.16367 9544 -7.2496 -0.074207
9.16587 9565 -6.6565 -0.068062
9.16816 9587 -6.3680 -0.065037
9.17035 9608 -6.3788 -0.065076
9.17264 9630 -6.4957 -0.066193
9.17482 9651 -6.5039 -0.066204
9.17709 9673 -5.8695 -0.059679
9.17937 9695 -5.8026 -0.058932
9.18163 9717 -5.5327 -0.056127
9.18389 9739 -5.7933 -0.058704
9.18615 9761 -5.4869 -0.055537
9.18840 9783 -5.7143 -0.057773
9.19065 9805 -5.5673 -0.056224
9.19289 9827 -5.4588 -0.055066
9.19513 9849 -6.1282 -0.061750
9.19736 9871 -5.7459 -0.057833
9.19958 9893 -5.4385 -0.054678
9.20190 9916 -5.8251 -0.058497
9.20412 9938 -5.5961 -0.056135
9.20633 9960 -5.6193 -0.056305
9.20864 9983 -6.2127 -0.062180
9.21084 10005 -5.8793 -0.058778
9.21314 10028 -6.3740 -0.063651
9.21533 10050 -6.1871 -0.061716
9.21761 10073 -5.9894 -0.059677
9.21989 10096 -5.2515 -0.052265
9.22207 10118 -4.5841 -0.045573
9.22434 10141 -3.8893 -0.038622
9.22661 10164 -3.5834 -0.035544
9.22887 10187 -3.9191 -0.038829
9.23112 10210 -3.9235 -0.038830
9.23337 10233 -3.9345 -0.038894
9.23562 10256 -3.3437 -0.033017
9.23786 10279 -3.4811 -0.034336
9.24009 10302 -3.0594 -0.030142
9.24232 10325 -2.9313 -0.028848
9.24455 10348 -2.7842 -0.027370
9.24687 10372 -2.1408 -0.021020
9.24908 10395 -2.6149 -0.025648
9.25139 10419 -2.4247 -0.023755
9.25359 10442 -2.4416 -0.023893
9.25579 10465 -2.5921 -0.025339
9.25808 10489 -2.7655 -0.027003
9.26037 10513 -2.9978 -0.029237
9.26255 10536 -2.5088 -0.024441
9.26483 10560 -2.2216 -0.021619
9.26710 10584 -1.7597 -0.017105
9.26936 10608 -1.8719 -0.018175
9.27162 10632 -2.0904 -0.020273
9.27388 10656 -1.3513 -0.013091
9.27613 10680 -1.3457 -0.013022
9.27837 10704 -1.9186 -0.018545
9.28061 10728 -1.5645 -0.015104
9.28285 10752 -1.8904 -0.018231
9.28508 10776 -1.2788 -0.012319
9.28730 10800 -1.2353 -0.011887
9.28961 10825 -1.5772 -0.015159
9.29183 10849 -1.0896 -0.010461
9.29404 10873 -1.4873 -0.014264
9.29633 10898 -1.8018 -0.017260
9.29853 10922 -1.8451 -0.017655
9.30082 10947 -1.3897 -0.013282
9.30310 10972 -2.0737 -0.019797
9.30529 10996 -2.2006 -0.020986
9.30756 11021 -2.6605 -0.025343
9.30982 11046 -2.1255 -0.020224
9.31208 11071 -1.9085 -0.018138
9.31434 11096 -1.9173 -0.018202
9.31659 11121 -2.1351 -0.020247
9.31884 11146 -2.5824 -0.024460
9.32108 11171 -2.7016 -0.025561
9.32331 11196 -3.4598 -0.032697
9.32554 11221 -2.9095 -0.027466
9.32786 11247 -2.2667 -0.021374
9.33008 11272 -1.5714 -0.014801
9.33229 11297 -1.8912 -0.017793
9.33459 11323 -1.2069 -0.011342
9.33680 11348 -1.6440 -0.015433
9.33909 11374 -2.0678 -0.019389
9.34128 11399 -2.9373 -0.027512
9.34356 11425 -2.9136 -0.027259
9.34583 11451 -3.0829 -0.028809
9.34810 11477 -2.5182 -0.023506
9.35028 11502 -3.1843 -0.029691
9.35253 11528 -2.7733 -0.025830
9.35479 11554 -3.7796 -0.035162
9.35703 11580 -3.5818 -0.033285
9.35928 11606 -3.7526 -0.034833
9.36152 11632 -2.9979 -0.027797
9.36383 11659 -2.7264 -0.025250
9.36606 11685 -2.9005 -0.026832
9.36828 11711 -3.3190 -0.030670
9.37059 11738 -3.1439 -0.029018
9.37280 11764 -1.8502 -0.017058
9.37509 11791 -2.0631 -0.018999
9.37729 11817 -1.2283 -0.011300
9.37958 11844 -0.8962 -0.008235
9.38177 11870 -0.8854 -0.008127
9.38404 11897 -0.4728 -0.004335
9.38631 11924 -1.7384 -0.015920
9.38857 11951 -1.5483 -0.014163
9.39083 11978 -2.4092 -0.022013
9.39308 12005 -2.3558 -0.021501
9.39533 12032 -2.7412 -0.024990
9.39757 12059 -3.2218 -0.029339
9.39980 12086 -3.3611 -0.030573
9.40203 12113 -4.2400 -0.038524
9.40426 12140 -4.4162 -0.040081
9.40656 12168 -4.6769 -0.042398
9.40878 12195 -4.6084 -0.041731
9.41107 12223 -4.2607 -0.038539
9.41328 12250 -5.3987 -0.048778
9.41556 12278 -5.4762 -0.049421
9.41776 12305 -5.3134 -0.047899
9.42003 12333 -4.9204 -0.044306
9.42230 12361 -4.9800 -0.044792
9.42456 12389 -4.6350 -0.041642
9.42682 12417 -4.6552 -0.041777
9.42899 12444 -5.5208 -0.049491
9.43124 12472 -5.2323 -0.046852
9.43356 12501 -5.0052 -0.044766
9.43580 12529 -4.8097 -0.042969
9.43803 12557 -4.9378 -0.044064
9.44026 12585 -4.7745 -0.042560
9.44256 12614 -4.4224 -0.039376
9.44478 12642 -4.2946 -0.038196
9.44699 12670 -3.1521 -0.028004
9.44928 12699 -2.1869 -0.019406
9.45156 12728 -2.1890 -0.019403
9.45376 12756 -2.4894 -0.022042
9.45603 12785 -2.5506 -0.022557
9.45829 12814 -2.9865 -0.026383
9.46055 12843 -2.8027 -0.024731
9.46273 12871 -2.3803 -0.020981
9.46498 12900 -2.9760 -0.026202
9.46731 12930 -2.8917 -0.025431
9.46955 12959 -2.7917 -0.024524
9.47178 12988 -2.5357 -0.022249
9.47401 13017 -3.3649 -0.029493
9.47624 13046 -3.7004 -0.032397
9.47853 13076 -3.6689 -0.032085
9.48075 13105 -3.4926 -0.030509
9.48304 13135 -3.9150 -0.034160
9.48524 13164 -4.1998 -0.036605
9.48752 13194 -4.0366 -0.035142
9.48979 13224 -4.1729 -0.036288
9.49198 13253 -3.7879 -0.032904
9.49424 13283 -3.3537 -0.029099
9.49650 13313 -3.7744 -0.032712
9.49875 13343 -4.9032 -0.042447
9.50099 13373 -4.7852 -0.041380
9.50323 13403 -4.6101 -0.039821
9.50547 13433 -4.8015 -0.041428
9.50777 13464 -5.1674 -0.044534
9.51000 13494 -4.9102 -0.042269
9.51222 13524 -5.0557 -0.043474
9.51451 13555 -5.0169 -0.043091
9.51672 13585 -4.7286 -0.040570
9.51900 13616 -5.0236 -0.043052
9.52127 13647 -4.2139 -0.036072
9.52347 13677 -4.5267 -0.038706
9.52573 13708 -4.1380 -0.035343
9.52799 13739 -4.8905 -0.041723
9.53025 13770 -5.5138 -0.046988
9.53250 13801 -5.7857 -0.049249
9.53474 13832 -5.6415 -0.047968
9.53698 13863 -5.6233 -0.047760
9.53921 13894 -5.8113 -0.049301
9.54151 13926 -6.0600 -0.051352
9.54374 13957 -5.5237 -0.046756
9.54603 13989 -5.7058 -0.048242
9.54824 14020 -6.1941 -0.052312
9.55052 14052 -6.2985 -0.053134
9.55272 14083 -6.5314 -0.055038
9.55499 14115 -6.6896 -0.056306
9.55726 14147 -6.9331 -0.058290
9.55952 14179 -7.7764 -0.065306
9.56177 14211 -8.3781 -0.070280
9.56402 14243 -7.4246 -0.062212
9.56627 14275 -6.9095 -0.057831
9.56850 14307 -7.4790 -0.062527
9.57074 14339 -8.3966 -0.070120
9.57297 14371 -8.9405 -0.074579
9.57526 14404 -8.9381 -0.074474
9.57748 14436 -8.5721 -0.071345
9.57976 14469 -8.4697 -0.070412
9.58197 14501 -8.4073 -0.069816
9.58425 14534 -8.4558 -0.070140
9.58645 14566 -7.5140 -0.062258
9.58871 14599 -7.3955 -0.061208
9.59097 14632 -7.3697 -0.060925
9.59322 14665 -8.1791 -0.067541
9.59547 14698 -7.8349 -0.064625
9.59771 14731 -7.0022 -0.057692
9.59995 14764 -6.2117 -0.051122
9.60225 14798 -6.5015 -0.053445
9.60447 14831 -6.3789 -0.052379
9.60670 14864 -6.8897 -0.056511
9.60898 14898 -6.6885 -0.054798
9.61119 14931 -5.8406 -0.047798
9.61347 14965 -5.8924 -0.048167
9.61574 14999 -5.5634 -0.045427
9.61794 15032 -4.6324 -0.037783
9.62020 15066 -4.7661 -0.038830
9.62245 15100 -4.4267 -0.036024
9.62470 15134 -3.5410 -0.028784
9.62694 15168 -3.0814 -0.025020
9.62918 15202 -3.2193 -0.026110
9.63148 15237 -3.5423 -0.028697
9.63371 15271 -4.5436 -0.036767
9.63593 15305 -4.3555 -0.035207
9.63822 15340 -3.8934 -0.031436
9.64043 15374 -4.1699 -0.033630
9.64271 15409 -4.1953 -0.033797
9.64498 15444 -3.8258 -0.030785
9.64724 15479 -3.6970 -0.029715
9.64943 15513 -4.0373 -0.032415
9.65169 15548 -4.9199 -0.039457
9.65394 15583 -5.2054 -0.041699
9.65618 15618 -4.8090 -0.038481
9.65848 15654 -5.2707 -0.042126
9.66072 15689 -5.1249 -0.040916
9.66294 15724 -4.9389 -0.039386
9.66523 15760 -5.4177 -0.043155
9.66745 15795 -5.2010 -0.041383
9.66973 15831 -5.4771 -0.043531
9.67193 15866 -5.0011 -0.039704
9.67420 15902 -5.2970 -0.042005
9.67646 15938 -6.0698 -0.048079
9.67872 15974 -7.4447 -0.058903
9.68097 16010 -7.9635 -0.062937
9.68321 16046 -8.3695 -0.066072
9.68546 16082 -8.4999 -0.067026
9.68769 16118 -7.9695 -0.062773
9.68992 16154 -7.9199 -0.062313
9.69221 16191 -7.6506 -0.060125
9.69443 16227 -8.1672 -0.064115
9.69671 16264 -8.1561 -0.063955
9.69892 16300 -7.2613 -0.056875
9.70119 16337 -7.3899 -0.057816
9.70345 16374 -7.6918 -0.060110
9.70571 16411 -7.7630 -0.060598
9.70796 16448 -7.5848 -0.059141
9.71021 16485 -7.1901 -0.056000
9.71245 16522 -6.1804 -0.048082
9.71469 16559 -5.4670 -0.042485
9.71692 16596 -5.0103 -0.038892
9.71920 16634 -5.4746 -0.042448
9.72143 16671 -5.4104 -0.041904
9.72370 16709 -5.4878 -0.042455
9.72591 16746 -6.4215 -0.049622
9.72818 16784 -5.3750 -0.041489
9.73044 16822 -4.5367 -0.034978
9.73270 16860 -4.0952 -0.031539
9.73495 16898 -3.8331 -0.029487
9.73720 16936 -4.7885 -0.036795
9.73944 16974 -4.0951 -0.031432
9.74167 17012 -3.4106 -0.026149
9.74391 17050 -3.7659 -0.028841
9.74619 17089 -3.6433 -0.027870
9.74841 17127 -4.4541 -0.034034
9.75069 17166 -5.0496 -0.038541
9.75290 17204 -4.9014 -0.037369
9.75516 17243 -4.2891 -0.032663
9.75742 17282 -4.0172 -0.030558
9.75967 17321 -3.7110 -0.028197
9.76192 17360 -2.8037 -0.021279
9.76417 17399 -2.1598 -0.016374
9.76641 17438 -1.1882 -0.008998
9.76864 17477 -1.6801 -0.012708
9.77093 17517 -2.6173 -0.019775
9.77315 17556 -2.4001 -0.018114
9.77543 17596 -3.2822 -0.024743
9.77764 17635 -2.4754 -0.018641
9.77991 17675 -1.9868 -0.014944
9.78217 17715 -2.1556 -0.016196
9.78442 17755 -1.3597 -0.010204
9.78667 17795 -1.5678 -0.011753
9.78892 17835 -1.6862 -0.012626
9.79116 17875 -1.6929 -0.012662
9.79339 17915 -1.2587 -0.009404
9.79568 17956 -1.3308 -0.009931
9.79790 17996 -0.8941 -0.006665
9.80018 18037 -0.4412 -0.003285
9.80240 18077 -1.2741 -0.009476
9.80466 18118 -2.1005 -0.015605
9.80692 18159 -2.6184 -0.019431
9.80918 18200 -1.8725 -0.013880
9.81143 18241 -2.2377 -0.016569
9.81367 18282 -2.7574 -0.020394
9.81591 18323 -1.3514 -0.009984
9.81815 18364 -1.3045 -0.009626
9.82038 18405 -1.4091 -0.010386
9.82266 18447 -1.4792 -0.010891
9.82488 18488 -0.8366 -0.006153
9.82715 18530 0.3776 0.002774
9.82941 18572 0.2459 0.001804
9.83167 18614 1.3276 0.009731
9.83387 18655 1.5726 0.011514
9.83612 18697 0.4488 0.003282
9.83842 18740 1.2017 0.008779
9.84065 18782 1.6694 0.012181
9.84289 18824 1.6533 0.012050
9.84512 18866 1.6553 0.012052
9.84739 18909 1.4755 0.010730
9.84966 18952 0.6207 0.004509
9.85188 18994 0.5813 0.004218
9.85414 19037 1.2874 0.009331
9.85640 19080 1.1197 0.008106
9.85865 19123 0.4547 0.003288
9.86089 19166 0.0101 0.000073
9.86313 19209 -0.4534 -0.003272
9.86537 19252 -2.2923 -0.016521
9.86765 19296 -2.3399 -0.016845
9.86988 19339 -3.2722 -0.023530
9.87215 19383 -2.7677 -0.019880
9.87437 19426 -2.7207 -0.019520
9.87663 19470 -3.3152 -0.023759
9.87889 19514 -4.0266 -0.028825
9.88114 19558 -4.8624 -0.034768
9.88339 19602 -4.1514 -0.029651
9.88563 19646 -4.1085 -0.029312
9.88787 19690 -4.4744 -0.031887
9.89015 19735 -4.9232 -0.035045
9.89238 19779 -4.4068 -0.031335
9.89465 19824 -3.5002 -0.024860
9.89687 19868 -3.5890 -0.025462
9.89913 19913 -3.1646 -0.022426
9.90139 19958 -1.8738 -0.013264
9.90364 20003 -2.2309 -0.015774
9.90588 20048 -3.3755 -0.023840
9.90813 20093 -3.4125 -0.024074
9.91036 20138 -3.4587 -0.024373
9.91260 20183 -3.3436 -0.023535
9.91487 20229 -4.0127 -0.028213
9.91709 20274 -4.0369 -0.028351
9.91936 20320 -4.7535 -0.033346
9.92162 20366 -3.9664 -0.027794
9.92388 20412 -3.9997 -0.027995
9.92613 20458 -3.8482 -0.026905
9.92838 20504 -3.9163 -0.027350
9.93062 20550 -3.4001 -0.023719
9.93285 20596 -4.9820 -0.034714
9.93513 20643 -4.9321 -0.034327
9.93736 20689 -4.0573 -0.028208
9.93963 20736 -4.6955 -0.032608
9.94184 20782 -6.3025 -0.043719
9.94410 20829 -6.4988 -0.045030
9.94636 20876 -6.1788 -0.042764
9.94860 20923 -5.3038 -0.036667
9.95085 20970 -5.1172 -0.035337
9.95309 21017 -4.8989 -0.033792
9.95537 21065 -5.0244 -0.034618
9.95760 21112 -5.8828 -0.040487
9.95987 21160 -6.5063 -0.044728
9.96209 21207 -7.1483 -0.049086
9.96435 21255 -7.0076 -0.048066
9.96660 21303 -7.1547 -0.049020
9.96885 21351 -5.8989 -0.040370
9.97110 21399 -5.8803 -0.040198
9.97334 21447 -5.5155 -0.037662
9.97558 21495 -5.8475 -0.039884
9.97785 21544 -6.3756 -0.043437
9.98008 21592 -6.4768 -0.044077
9.98234 21641 -6.2670 -0.042601
9.98461 21690 -6.8945 -0.046814
9.98686 21739 -7.5590 -0.051268
9.98907 21787 -8.2559 -0.055933
9.99136 21837 -8.9753 -0.060737
9.99360 21886 -9.0456 -0.061144
9.99584 21935 -9.6151 -0.064921
9.99807 21984 -10.4968 -0.070795
10.00034 22034 -9.7655 -0.065788
10.00261 22084 -9.0129 -0.060649
10.00482 22133 -7.8862 -0.053009
10.00708 22183 -7.5093 -0.050419
10.00933 22233 -7.4862 -0.050207
10.01158 22283 -8.1934 -0.054888
10.01382 22333 -6.8891 -0.046099
10.01610 22384 -6.7142 -0.044877
10.01833 22434 -7.1936 -0.048028
10.02056 22484 -7.3709 -0.049157
10.02282 22535 -7.9186 -0.052750
10.02509 22586 -8.6812 -0.057764
10.02734 22637 -8.8098 -0.058554
10.02959 22688 -8.9353 -0.059321
10.03184 22739 -9.1421 -0.060626
10.03408 22790 -9.5986 -0.063582
10.03631 22841 -10.8605 -0.071861
10.03859 22893 -10.4465 -0.069043
10.04081 22944 -10.4422 -0.068938
10.04308 22996 -9.4743 -0.062477
10.04533 23048 -9.5987 -0.063226
10.04759 23100 -9.1871 -0.060447
10.04984 23152 -9.4214 -0.061919
10.05208 23204 -9.0081 -0.059136
10.05432 23256 -8.0444 -0.052750
10.05655 23308 -8.1083 -0.053110
10.05882 23361 -7.6053 -0.049759
10.06105 23413 -6.5310 -0.042683
10.06331 23466 -6.6979 -0.043724
10.06556 23519 -7.0750 -0.046134
10.06781 23572 -5.7243 -0.037284
10.07006 23625 -5.7669 -0.037520
10.07230 23678 -4.3584 -0.028324
10.07458 23732 -3.8598 -0.025055
10.07681 23785 -3.1691 -0.020549
10.07908 23839 -3.2628 -0.021133
10.08130 23892 -4.1211 -0.026662
10.08356 23946 -4.8236 -0.031171
10.08581 24000 -4.9759 -0.032120
10.08806 24054 -5.1992 -0.033523
10.09030 24108 -3.9969 -0.025742
10.09254 24162 -3.4777 -0.022373
10.09481 24217 -4.5914 -0.029505
10.09704 24271 -4.6045 -0.029555
10.09930 24326 -4.9129 -0.031499
10.10156 24381 -4.3050 -0.027570
10.10381 24436 -4.2461 -0.027163
10.10606 24491 -4.4010 -0.028122
10.10830 24546 -3.3543 -0.021410
10.11054 24601 -2.5884 -0.016503
10.11282 24657 -3.2674 -0.020808
10.11504 24712 -2.9636 -0.018853
10.11731 24768 -3.1145 -0.019790
10.11957 24824 -3.6521 -0.023180
10.12178 24879 -4.6109 -0.029233
10.12403 24935 -3.7167 -0.023537
10.12631 24992 -3.5884 -0.022699
10.12855 25048 -4.0342 -0.025490
10.13078 25104 -4.8828 -0.030818
10.13305 25161 -5.0657 -0.031936
10.13527 25217 -4.7926 -0.030180
10.13753 25274 -4.8441 -0.030471
10.13978 25331 -3.9554 -0.024852
10.14203 25388 -4.5608 -0.028624
10.14427 25445 -5.1590 -0.032342
10.14655 25503 -4.0877 -0.025597
10.14878 25560 -4.9883 -0.031201
10.15105 25618 -4.0790 -0.025485
10.15327 25675 -5.2967 -0.033056
10.15553 25733 -4.4415 -0.027688
10.15778 25791 -4.7808 -0.029769
10.16003 25849 -5.9790 -0.037188
10.16227 25907 -6.0362 -0.037502
10.16454 25966 -6.7839 -0.042099
10.16677 26024 -6.3233 -0.039197
10.16904 26083 -6.1463 -0.038057
10.17126 26141 -6.9878 -0.043219
10.17351 26200 -6.5857 -0.040687
10.17576 26259 -7.3438 -0.045319
10.17801 26318 -6.8061 -0.041954
10.18029 26378 -6.9224 -0.042622
10.18252 26437 -6.7532 -0.041534
10.18479 26497 -6.6184 -0.040659
10.18701 26556 -7.1338 -0.043777
10.18927 26616 -7.7893 -0.047745
10.19152 26676 -7.1255 -0.043627
10.19377 26736 -7.0752 -0.043271
10.19601 26796 -7.4985 -0.045808
10.19828 26857 -6.8123 -0.041569
10.20051 26917 -7.8476 -0.047833
10.20278 26978 -7.5364 -0.045884
10.20500 27038 -7.8230 -0.047576
10.20725 27099 -6.9732 -0.042360
10.20950 27160 -6.4867 -0.039361
10.21178 27222 -6.5755 -0.039854
10.21402 27283 -7.2913 -0.044143
10.21625 27344 -6.9694 -0.042146
10.21852 27406 -5.8786 -0.035510
10.22078 27468 -5.0867 -0.030692
10.22300 27529 -4.8788 -0.029405
10.22524 27591 -3.6394 -0.021910
10.22753 27654 -3.7683 -0.022660
10.22977 27716 -3.4879 -0.020951
10.23200 27778 -2.8009 -0.016805
10.23427 27841 -2.3502 -0.014085
10.23649 27903 -0.9976 -0.005972
10.23874 27966 -0.7434 -0.004445
10.24099 28029 -1.4782 -0.008829
10.24324 28092 -2.0186 -0.012044
10.24552 28156 -3.0020 -0.017890
10.24775 28219 -2.4977 -0.014869
10.25002 28283 -2.4134 -0.014350
10.25224 28346 -3.0835 -0.018314
10.25450 28410 -4.0505 -0.024031
10.25675 28474 -3.6916 -0.021877
10.25899 28538 -4.0776 -0.024138
10.26123 28602 -3.7633 -0.022252
10.26350 28667 -2.6848 -0.015857
10.26573 28731 -2.4407 -0.014399
10.26799 28796 -1.9718 -0.011620
10.27025 28861 -1.9868 -0.011695
10.27250 28926 -2.1112 -0.012413
10.27474 28991 -1.7702 -0.010397
10.27698 29056 -1.4770 -0.008665
10.27925 29122 -1.7845 -0.010457
10.28148 29187 -1.8200 -0.010653
10.28374 29253 -3.1941 -0.018675
10.28599 29319 -2.3530 -0.013742
10.28824 29385 -1.3626 -0.007949
10.29048 29451 -0.8352 -0.004867
10.29272 29517 -2.1400 -0.012456
10.29499 29584 -3.1905 -0.018550
10.29722 29650 -2.6618 -0.015458
10.29947 29717 -4.2284 -0.024529
10.30173 29784 -4.8993 -0.028389
10.30397 29851 -4.8846 -0.028271
10.30622 29918 -6.4525 -0.037305
10.30849 29986 -6.2141 -0.035885
10.31072 30053 -5.9029 -0.034050
10.31298 30121 -5.6776 -0.032714
10.31523 30189 -6.7493 -0.038845
10.31748 30257 -7.8042 -0.044866
10.31973 30325 -8.6669 -0.049769
10.32197 30393 -8.6618 -0.049685
10.32424 30462 -8.5014 -0.048709
10.32647 30530 -6.9351 -0.039691
10.32872 30599 -7.3277 -0.041890
10.33098 30668 -6.5640 -0.037482
10.33322 30737 -6.7727 -0.038630
10.33546 30806 -7.0062 -0.039918
10.33773 30876 -5.9515 -0.033870
10.33997 30945 -5.9202 -0.033654
10.34223 31015 -6.4286 -0.036503
10.34448 31085 -7.0981 -0.040259
10.34673 31155 -7.7310 -0.043800
10.34897 31225 -8.1869 -0.046330
10.35121 31295 -9.7648 -0.055198
10.35345 31365 -9.9393 -0.056122
10.35571 31436 -10.4916 -0.059174
10.35797 31507 -10.0783 -0.056779
10.36022 31578 -9.9888 -0.056211
10.36246 31649 -10.5841 -0.059494
10.36470 31720 -10.4215 -0.058514
10.36697 31792 -9.7535 -0.054702
10.36920 31863 -10.4686 -0.058647
10.37146 31935 -9.3467 -0.052303
10.37371 32007 -8.3023 -0.046406
10.37596 32079 -7.8934 -0.044071
10.37820 32151 -8.1021 -0.045186
10.38047 32224 -8.5593 -0.047681
10.38270 32296 -7.5114 -0.041797
10.38496 32369 -7.3468 -0.040835
10.38721 32442 -7.7406 -0.042976
10.38946 32515 -7.1020 -0.039386
10.39170 32588 -5.9348 -0.032876
10.39394 32661 -6.6836 -0.036982
10.39620 32735 -6.0814 -0.033612
10.39846 32809 -5.5539 -0.030662
10.40071 32883 -5.7019 -0.031444
10.40296 32957 -5.7089 -0.031447
10.40520 33031 -6.2680 -0.034488
10.40744 33105 -5.9246 -0.032562
10.40970 33180 -5.9380 -0.032599
10.41193 33254 -5.0070 -0.027457
10.41418 33329 -5.5003 -0.030128
10.41643 33404 -5.8274 -0.031884
10.41870 33480 -5.1290 -0.028031
10.42094 33555 -6.3493 -0.034661
10.42320 33631 -8.4886 -0.046288
10.42543 33706 -9.2846 -0.050572
10.42768 33782 -7.4590 -0.040582
10.42993 33858 -6.8655 -0.037311
10.43217 33934 -7.0005 -0.038002
10.43444 34011 -6.6569 -0.036096
10.43667 34087 -7.2494 -0.039265
10.43893 34164 -7.3276 -0.039644
10.44118 34241 -6.6381 -0.035873
10.44343 34318 -7.3539 -0.039697
10.44567 34395 -7.3641 -0.039707
10.44793 34473 -8.8442 -0.047634
10.45019 34551 -9.6901 -0.052131
10.45242 34628 -10.7341 -0.057684
10.45467 34706 -11.5538 -0.062019
10.45691 34784 -12.2640 -0.065757
10.45918 34863 -12.8556 -0.068851
10.46142 34941 -13.6550 -0.073051
10.46367 35020 -13.1781 -0.070420
10.46593 35099 -13.9361 -0.074387
10.46818 35178 -13.8855 -0.074033
10.47042 35257 -15.3679 -0.081845
10.47266 35336 -15.0287 -0.079949
10.47492 35416 -15.3971 -0.081816
10.47718 35496 -14.2336 -0.075549
10.47943 35576 -14.4564 -0.076645
10.48167 35656 -14.1433 -0.074900
10.48391 35736 -13.1963 -0.069807
10.48618 35817 -12.6820 -0.067011
10.48841 35897 -12.2217 -0.064506
10.49066 35978 -12.9519 -0.068283
10.49291 36059 -11.5474 -0.060810
10.49516 36140 -11.5653 -0.060836
10.49742 36222 -10.6872 -0.056154
10.49966 36303 -10.3092 -0.054107
10.50191 36385 -10.7700 -0.056462
10.50416 36467 -10.6769 -0.055911
10.50641 36549 -9.9929 -0.052270
10.50865 36631 -10.2352 -0.053477
10.51091 36714 -10.7321 -0.056011
10.51314 36796 -11.0431 -0.057569
10.51540 36879 -11.7640 -0.061259
10.51765 36962 -11.1834 -0.058170
10.51992 37046 -10.7960 -0.056091
10.52215 37129 -9.3250 -0.048394
10.52441 37213 -9.4658 -0.049069
10.52664 37296 -8.7219 -0.045163
10.52889 37380 -7.9886 -0.041319
10.53116 37465 -10.4199 -0.053833
10.53340 37549 -10.0910 -0.052076
10.53564 37633 -7.8652 -0.040544
10.53789 37718 -7.0660 -0.036383
10.54014 37803 -7.9229 -0.040749
10.54239 37888 -7.0267 -0.036099
10.54466 37974 -6.8161 -0.034978
10.54689 38059 -6.9334 -0.035540
10.54915 38145 -5.1568 -0.026403
10.55140 38231 -5.4727 -0.027990
10.55365 38317 -4.1516 -0.021209
10.55589 38403 -3.8700 -0.019748
10.55815 38490 -2.0422 -0.010409
10.56039 38576 -3.8568 -0.019637
10.56264 38663 -3.2564 -0.016561
10.56489 38750 -3.2517 -0.016519
10.56713 38837 -2.5225 -0.012800
10.56939 38925 -2.0311 -0.010295
10.57162 39012 -2.8364 -0.014360
10.57388 39100 -3.2744 -0.016559
10.57613 39188 -2.7496 -0.013890
10.57839 39277 -3.1130 -0.015708
10.58063 39365 -3.6138 -0.018214
10.58289 39454 -3.8201 -0.019232
10.58512 39542 -3.1203 -0.015691
10.58739 39632 -2.5771 -0.012945
10.58964 39721 -2.9282 -0.014693
10.59187 39810 -4.5379 -0.022744
10.59413 39900 -3.0135 -0.015086
10.59638 39990 -2.7058 -0.013531
10.59863 40080 -3.7666 -0.018814
10.60088 40170 -3.7388 -0.018654
10.60311 40260 -3.0476 -0.015189
10.60537 40351 -3.8215 -0.019024
10.60762 40442 -3.6003 -0.017903
10.60987 40533 -4.0012 -0.019874
10.61211 40624 -3.5760 -0.017742
10.61438 40716 -2.8126 -0.013939
10.61661 40807 -2.7474 -0.013600
10.61886 40899 -3.4049 -0.016836
10.62111 40991 -2.4982 -0.012339
10.62337 41084 -2.0893 -0.010308
10.62561 41176 -2.9750 -0.014661
10.62787 41269 -2.8165 -0.013864
10.63012 41362 -3.4213 -0.016822
10.63236 41455 -4.3805 -0.021515
10.63460 41548 -5.8122 -0.028514
10.63686 41642 -7.1195 -0.034888
10.63912 41736 -6.4978 -0.031806
10.64137 41830 -6.8891 -0.033684
10.64361 41924 -7.2217 -0.035270
10.64585 42018 -7.5079 -0.036627
10.64811 42113 -8.1535 -0.039732
10.65037 42208 -8.4765 -0.041259
10.65261 42303 -9.5337 -0.046353
10.65486 42398 -8.6563 -0.042040
10.65709 42493 -8.9211 -0.043277
10.65935 42589 -7.4319 -0.036013
10.66160 42685 -6.0679 -0.029370
10.66385 42781 -5.0850 -0.024585
10.66609 42877 -1.2592 -0.006081
10.66835 42974 0.0790 0.000381
10.67061 43071 -0.3690 -0.001778
10.67285 43168 -1.1775 -0.005667
10.67510 43265 -1.5850 -0.007620
10.67734 43362 -1.5384 -0.007388
10.67960 43460 -1.4229 -0.006825
10.68185 43558 -0.3188 -0.001527
10.68410 43656 -1.1475 -0.005492
10.68634 43754 -2.2933 -0.010964
10.68860 43853 -1.3169 -0.006288
10.69085 43952 -1.2375 -0.005903
10.69310 44051 -1.6259 -0.007747
10.69535 44150 -2.9714 -0.014141
10.69759 44249 -3.8149 -0.018136
10.69985 44349 -3.2902 -0.015623
10.70210 44449 -4.2221 -0.020026
10.70434 44549 -6.1501 -0.029138
10.70659 44649 -6.0897 -0.028820
10.70885 44750 -7.5473 -0.035678
10.71108 44850 -5.7158 -0.026990
10.71333 44951 -6.1227 -0.028878
10.71559 45053 -4.4282 -0.020862
10.71783 45154 -4.1898 -0.019717
10.72009 45256 -4.6944 -0.022067
10.72234 45358 -6.1505 -0.028879
10.72459 45460 -6.3103 -0.029596
10.72683 45562 -4.9716 -0.023291
10.72909 45665 -4.7866 -0.022399
10.73132 45767 -4.2271 -0.019759
10.73359 45871 -5.1574 -0.024080
10.73583 45974 -5.7962 -0.027032
10.73807 46077 -4.7863 -0.022297
10.74032 46181 -4.0169 -0.018692
10.74257 46285 -3.8373 -0.017837
10.74482 46389 -5.8410 -0.027119
10.74708 46494 -7.2363 -0.033560
10.74931 46598 -7.2007 -0.033358
10.75156 46703 -8.7626 -0.040547
10.75383 46809 -7.7550 -0.035844
10.75607 46914 -8.6728 -0.040041
10.75833 47020 -8.7988 -0.040577
10.76056 47125 -9.4143 -0.043368
10.76283 47232 -9.3169 -0.042870
10.76507 47338 -9.0756 -0.041713
10.76733 47445 -8.7161 -0.040015
10.76956 47551 -8.9188 -0.040900
10.77181 47658 -9.4003 -0.043060
10.77407 47766 -9.8535 -0.045085
10.77631 47873 -9.6734 -0.044211
10.77856 47981 -7.9114 -0.036118
10.78081 48089 -8.1241 -0.037047
10.78305 48197 -5.8079 -0.026455
10.78531 48306 -6.3154 -0.028734
10.78756 48415 -5.7965 -0.026343
10.78981 48524 -6.8278 -0.030996
10.79206 48633 -5.0716 -0.022997
10.79430 48742 -4.0730 -0.018448
10.79655 48852 -4.4214 -0.020004
10.79880 48962 -4.2567 -0.019237
10.80104 49072 -5.1860 -0.023411
10.80330 49183 -5.6014 -0.025258
10.80556 49294 -7.1259 -0.032095
10.80781 49405 -8.3360 -0.037503
10.81005 49516 -10.0021 -0.044949
10.81229 49627 -10.1449 -0.045540
10.81454 49739 -8.9197 -0.039995
10.81679 49851 -10.2678 -0.045987
10.81904 49963 -11.1093 -0.049701
10.82130 50076 -12.7814 -0.057117
10.82355 50189 -13.0715 -0.058347
10.82580 50302 -12.6194 -0.056266
10.82804 50415 -13.4502 -0.059903
10.83030 50529 -13.2848 -0.059099
10.83254 50642 -12.0312 -0.053463
10.83479 50756 -12.0548 -0.053508
10.83705 50871 -11.7774 -0.052217
10.83929 50985 -11.8348 -0.052413
10.84154 51100 -9.2759 -0.041034
10.84379 51215 -7.7705 -0.034336
10.84603 51330 -8.4605 -0.037343
10.84829 51446 -8.7754 -0.038689
10.85054 51562 -7.9813 -0.035149
10.85279 51678 -6.5729 -0.028914
10.85503 51794 -7.7136 -0.033893
10.85729 51911 -9.1578 -0.040194
10.85954 52028 -8.4441 -0.037020
10.86178 52145 -8.2698 -0.036215
10.86402 52262 -7.1572 -0.031307
10.86628 52380 -6.1979 -0.027081
10.86853 52498 -6.6500 -0.029024
10.87078 52616 -8.3134 -0.036243
10.87303 52735 -8.1798 -0.035620
10.87527 52853 -9.5928 -0.041726
10.87752 52972 -10.1442 -0.044075
10.87978 53092 -9.9648 -0.043247
10.88202 53211 -11.3371 -0.049147
10.88427 53331 -11.7684 -0.050960
10.88652 53451 -10.5230 -0.045516
10.88876 53571 -10.5619 -0.045633
10.89102 53692 -10.0057 -0.043181
10.89327 53813 -10.6321 -0.045833
10.89552 53934 -10.9077 -0.046968
10.89778 54056 -10.7483 -0.046229
10.90001 54177 -9.8633 -0.042376
10.90226 54299 -8.8867 -0.038137
10.90452 54422 -8.9743 -0.038469
10.90676 54544 -8.6850 -0.037187
10.90902 54667 -8.6338 -0.036926
10.91126 54790 -8.1276 -0.034723
10.91351 54913 -7.6951 -0.032838
10.91576 55037 -9.1548 -0.039023
10.91801 55161 -8.6189 -0.036697
10.92026 55285 -8.9084 -0.037888
10.92252 55410 -9.9853 -0.042420
10.92475 55534 -10.0983 -0.042852
10.92702 55660 -8.6947 -0.036854
10.92926 55785 -10.0011 -0.042344
10.93150 55910 -8.6694 -0.036664
10.93375 56036 -8.3390 -0.035228
10.93601 56163 -8.5391 -0.036032
10.93825 56289 -9.4433 -0.039803
10.94051 56416 -7.7391 -0.032583
10.94276 56543 -6.6539 -0.027983
10.94500 56670 -5.5677 -0.023389
10.94726 56798 -5.2782 -0.022147
10.94951 56926 -7.5372 -0.031590
10.95175 57054 -6.8573 -0.028709
10.95399 57182 -8.5525 -0.035765
10.95625 57311 -9.1515 -0.038227
10.95850 57440 -9.2304 -0.038514
10.96074 57569 -9.6287 -0.040130
10.96300 57699 -10.4784 -0.043623
10.96525 57829 -8.1499 -0.033891
10.96749 57959 -7.2747 -0.030217
10.96975 58090 -5.7867 -0.024009
10.97198 58220 -5.8926 -0.024421
10.97425 58352 -6.7458 -0.027926
10.97649 58483 -8.1793 -0.033822
10.97875 58615 -9.2507 -0.038210
10.98100 58747 -8.1216 -0.033508
10.98324 58879 -9.1425 -0.037678
10.98548 59011 -8.8794 -0.036553
10.98773 59144 -8.8820 -0.036522
10.98999 59278 -6.1809 -0.025387
10.99223 59411 -6.5180 -0.026741
10.99449 59545 -4.6676 -0.019128
10.99674 59679 -5.8945 -0.024129
10.99898 59813 -4.3481 -0.017779
11.00123 59948 -3.7532 -0.015329
11.00348 60083 -5.3023 -0.021632
11.00573 60218 -4.3131 -0.017576
11.00798 60354 -1.9162 -0.007800
11.01023 60490 -1.5756 -0.006406
11.01248 60626 -0.9440 -0.003834
11.01472 60762 1.1780 0.004779
11.01697 60899 1.0831 0.004389
11.01922 61036 0.6927 0.002804
11.02148 61174 0.6810 0.002753
11.02373 61312 -0.9056 -0.003657
11.02598 61450 -0.3103 -0.001252
11.02822 61588 -0.5540 -0.002232
11.03048 61727 -0.6054 -0.002437
11.03273 61866 1.0548 0.004241
11.03497 62005 0.9883 0.003969
11.03723 62145 2.2487 0.009021
11.03946 62284 2.0076 0.008044
11.04172 62425 0.9750 0.003902
11.04396 62565 3.1140 0.012450
11.04621 62706 2.7988 0.011177
11.04846 62847 2.9691 0.011843
11.05072 62989 2.0673 0.008237
11.05297 63131 3.2554 0.012956
11.05521 63273 2.9663 0.011793
11.05746 63415 2.7891 0.011076
11.05971 63558 0.5954 0.002362
11.06196 63701 1.1242 0.004454
11.06421 63845 1.2589 0.004982
11.06645 63988 0.7606 0.003007
11.06871 64133 -0.3656 -0.001444
11.07096 64277 -0.9128 -0.003600
11.07321 64422 -2.6037 -0.010258
11.07546 64567 -3.4893 -0.013732
11.07770 64712 -5.0263 -0.019759
11.07996 64858 -4.1043 -0.016116
11.08220 65004 -6.6371 -0.026032
11.08445 65150 -5.2461 -0.020553
11.08670 65297 -5.0213 -0.019650
11.08895 65444 -5.3540 -0.020929
11.09119 65591 -5.2638 -0.020553
11.09345 65739 -6.8784 -0.026827
11.09570 65887 -5.3195 -0.020724
11.09794 66035 -4.8542 -0.018890
11.10019 66184 -3.9809 -0.015474
11.10244 66333 -4.3383 -0.016844
11.10470 66483 -3.6158 -0.014023
11.10694 66632 -4.0030 -0.015507
11.10919 66782 -5.1398 -0.019889
11.11145 66933 -6.2220 -0.024050
11.11369 67083 -5.5280 -0.021343
11.11593 67234 -4.3717 -0.016860
11.11819 67386 -6.2020 -0.023892
11.12045 67538 -6.6448 -0.025569
11.12269 67690 -7.0271 -0.027009
11.12494 67842 -6.9945 -0.026854
11.12719 67995 -7.0252 -0.026942
11.12944 68148 -8.5073 -0.032589
11.13168 68301 -9.5703 -0.036619
11.13393 68455 -8.7640 -0.033497
11.13618 68609 -10.0529 -0.038380
11.13844 68764 -11.0201 -0.042025
11.14069 68919 -10.7168 -0.040822
11.14293 69074 -9.6053 -0.036547
11.14518 69229 -10.0800 -0.038310
11.14743 69385 -10.6908 -0.040586
11.14967 69541 -9.5859 -0.036350
11.15193 69698 -11.1041 -0.042060
11.15418 69855 -10.3622 -0.039206
11.15642 70012 -7.3131 -0.027639
11.15868 70170 -7.0711 -0.026694
11.16093 70328 -6.2006 -0.023381
11.16317 70486 -5.5664 -0.020966
11.16542 70645 -5.9884 -0.022530
11.16767 70804 -5.5493 -0.020855
11.16991 70963 -4.8979 -0.018386
11.17217 71123 -6.5580 -0.024590
11.17441 71283 -7.7264 -0.028939
11.17667 71444 -9.8795 -0.036962
11.17892 71605 -7.4678 -0.027908
11.18117 71766 -7.2655 -0.027121
11.18342 71928 -6.4608 -0.024090
11.18567 72090 -7.0060 -0.026094
11.18792 72252 -7.0955 -0.026397
11.19017 72415 -8.4026 -0.031225
11.19242 72578 -9.6209 -0.035712
11.19466 72741 -8.0157 -0.029720
11.19691 72905 -7.2773 -0.026952
11.19916 73069 -5.6611 -0.020943
11.20142 73234 -5.2079 -0.019245
11.20365 73398 -2.7549 -0.010169
11.20591 73564 -2.1235 -0.007829
11.20815 73729 -3.2319 -0.011903
11.21040 73895 -2.0309 -0.007471
11.21266 74062 -4.0217 -0.014778
11.21491 74229 -1.8332 -0.006729
11.21716 74396 -2.3252 -0.008525
11.21940 74563 -2.0937 -0.007668
11.22165 74731 -0.8135 -0.002976
11.22390 74899 0.2373 0.000867
11.22615 75068 1.4108 0.005149
11.22840 75237 -0.4798 -0.001749
11.23064 75406 -1.1714 -0.004266
11.23289 75576 -2.6240 -0.009545
11.23514 75746 0.0088 0.000032
11.23740 75917 0.0684 0.000248
11.23965 76088 -1.7260 -0.006257
11.24189 76259 -0.6066 -0.002197
11.24414 76431 0.4889 0.001768
11.24639 76603 -2.4194 -0.008741
11.24865 76776 -1.8435 -0.006653
11.25089 76948 -0.1554 -0.000560
11.25314 77122 -1.3232 -0.004765
11.25538 77295 -1.3303 -0.004785
11.25763 77469 -4.4985 -0.016162
11.25989 77644 -4.4022 -0.015799
11.26214 77819 -3.3863 -0.012139
11.26439 77994 -1.9394 -0.006944
11.26664 78170 -2.0566 -0.007356
11.26889 78346 -2.7622 -0.009868
11.27113 78522 -1.9081 -0.006809
11.27339 78699 -0.9170 -0.003269
11.27563 78876 -0.3147 -0.001121
11.27789 79054 1.1777 0.004189
11.28014 79232 0.6502 0.002310
11.28238 79410 2.8415 0.010083
11.28463 79589 5.4528 0.019328
11.28688 79768 5.2062 0.018433
11.28913 79948 4.6003 0.016270
11.29138 80128 5.7555 0.020333
11.29362 80308 7.6602 0.027031
11.29588 80489 7.8665 0.027728
11.29812 80670 7.6194 0.026826
11.30038 80852 5.5163 0.019400
11.30262 81034 2.9197 0.010257
11.30487 81216 4.9365 0.017322
11.30712 81399 5.2612 0.018441
11.30936 81582 3.2573 0.011404
11.31162 81766 4.0020 0.013996
11.31386 81950 3.0036 0.010492
11.31612 82135 3.0508 0.010645
11.31837 82320 2.3222 0.008094
11.32061 82505 2.1653 0.007538
11.32287 82691 -0.2881 -0.001002
11.32511 82877 -0.4641 -0.001612
11.32737 83064 -0.6353 -0.002204
11.32962 83251 -1.2310 -0.004266
11.33186 83438 -0.4205 -0.001456
11.33411 83626 -1.5363 -0.005313
11.33636 83814 -4.2740 -0.014763
11.33861 84003 -2.8282 -0.009758
11.34086 84192 -3.0670 -0.010570
11.34311 84382 -3.0626 -0.010543
11.34536 84572 -2.4979 -0.008589
11.34760 84762 -1.5328 -0.005265
11.34985 84953 -3.5137 -0.012055
11.35210 85144 -3.3655 -0.011534
11.35435 85336 -3.0321 -0.010379
11.35660 85528 -4.2976 -0.014695
11.35885 85721 -5.8016 -0.019815
11.36110 85914 -6.1161 -0.020866
11.36335 86107 -7.5862 -0.025853
11.36560 86301 -7.0545 -0.024014
11.36785 86496 -7.9240 -0.026943
11.37009 86690 -7.5263 -0.025562
11.37235 86886 -6.2892 -0.021336
11.37459 87081 -6.6525 -0.022544
11.37684 87277 -6.1291 -0.020746
11.37910 87474 -5.7350 -0.019391
11.38135 87671 -4.2945 -0.014504
11.38359 87868 -4.9321 -0.016639
11.38584 88066 -3.8873 -0.013099
11.38809 88264 -3.1234 -0.010513
11.39034 88463 -4.1866 -0.014076
11.39259 88662 -4.4129 -0.014820
11.39484 88862 -4.8653 -0.016321
11.39709 89062 -5.3012 -0.017764
11.39934 89263 -4.4103 -0.014762
11.40159 89464 -5.3956 -0.018039
11.40384 89665 -4.7055 -0.015714
11.40609 89867 -4.2027 -0.014019
11.40833 90069 -4.9595 -0.016525
11.41058 90272 -4.3686 -0.014540
11.41283 90475 -6.1720 -0.020519
11.41508 90679 -5.2026 -0.017277
11.41733 90883 -3.0043 -0.009965
11.41958 91088 -3.6394 -0.012059
11.42183 91293 -4.5589 -0.015088
11.42408 91499 -2.5396 -0.008396
11.42633 91705 -2.5239 -0.008335
11.42858 91911 -0.8910 -0.002939
11.43083 92118 -2.8412 -0.009361
11.43307 92325 -5.9889 -0.019710
11.43532 92533 -6.0043 -0.019738
11.43758 92742 -8.3954 -0.027568
11.43982 92950 -10.2829 -0.033728
11.44207 93160 -10.8293 -0.035480
11.44433 93370 -12.5114 -0.040945
11.44657 93580 -9.7763 -0.031958
11.44882 93791 -9.5704 -0.031250
11.45107 94002 -6.2832 -0.020493
11.45331 94213 -4.7944 -0.015620
11.45556 94425 -4.8179 -0.015679
11.45781 94638 -5.9564 -0.019362
11.46006 94851 -8.6019 -0.027930
11.46232 95065 -7.4543 -0.024177
11.46456 95279 -7.5666 -0.024513
11.46681 95493 -5.9572 -0.019278
11.46906 95708 -8.1423 -0.026319
11.47131 95924 -9.9264 -0.032050
11.47356 96140 -9.8494 -0.031766
11.47580 96356 -10.0092 -0.032245
11.47805 96573 -6.4710 -0.020823
11.48031 96791 -7.9842 -0.025663
11.48256 97009 -10.1209 -0.032495
11.48480 97227 -11.6482 -0.037356
11.48705 97446 -13.5198 -0.043310
11.48931 97666 -10.2564 -0.032819
11.49155 97885 -10.6986 -0.034195
11.49380 98106 -11.3476 -0.036229
11.49605 98327 -11.1121 -0.035437
11.49830 98548 -10.4724 -0.033360
11.50055 98770 -9.5302 -0.030324
11.50279 98992 -10.4609 -0.033248
11.50504 99215 -7.8382 -0.024884
11.50730 99439 -9.1282 -0.028947
11.50955 99663 -8.9625 -0.028390
11.51179 99887 -7.5434 -0.023868
11.51404 100112 -7.2452 -0.022898
11.51629 100337 -6.6853 -0.021105
11.51854 100563 -7.5795 -0.023901
11.52079 100790 -8.0847 -0.025466
11.52304 101017 -6.9110 -0.021744
11.52529 101244 -5.7342 -0.018021
11.52754 101472 -3.0947 -0.009715
11.52979 101701 -3.0073 -0.009430
11.53204 101930 -2.1716 -0.006802
11.53429 102159 -3.1728 -0.009927
11.53653 102389 -4.5944 -0.014358
11.53879 102620 -5.2345 -0.016340
11.54104 102851 -6.2983 -0.019639
11.54328 103082 -5.6470 -0.017588
11.54554 103315 -5.2793 -0.016425
11.54778 103547 -4.7622 -0.014799
11.55003 103780 -3.2867 -0.010202
11.55228 104014 -3.5260 -0.010933
11.55453 104248 -2.9993 -0.009289
11.55678 104483 -0.6581 -0.002036
11.55903 104718 0.0382 0.000118
11.56128 104954 -1.9103 -0.005897
11.56352 105190 -0.2043 -0.000630
11.56577 105427 -0.0191 -0.000059
11.56803 105665 0.6536 0.002011
11.57028 105903 1.5270 0.004692
11.57252 106141 2.0160 0.006188
11.57477 106380 4.8085 0.014743
11.57703 106620 3.8421 0.011767
11.57927 106860 3.7464 0.011460
11.58152 107100 5.5636 0.017000
11.58377 107341 4.3814 0.013373
11.58602 107583 3.8305 0.011679
11.58826 107825 5.3635 0.016334
11.59052 108068 4.7874 0.014563
11.59276 108311 4.6552 0.014145
11.59501 108555 7.1168 0.021600
11.59727 108800 6.4250 0.019479
11.59952 109045 6.0064 0.018189
11.60176 109290 8.5933 0.025994
11.60401 109536 10.0344 0.030319
11.60626 109783 10.1407 0.030605
11.60851 110030 8.7927 0.026507
11.61076 110278 11.7098 0.035262
11.61301 110526 13.2152 0.039750
11.61526 110775 13.8583 0.041638
11.61751 111025 10.4500 0.031362
11.61976 111275 9.6146 0.028823
11.62200 111525 9.3335 0.027948
11.62425 111776 9.8427 0.029440
11.62650 112028 10.1918 0.030450
11.62875 112280 11.9788 0.035749
11.63100 112533 10.2975 0.030697
11.63325 112786 10.4167 0.031017
11.63550 113040 10.2513 0.030490
11.63775 113295 11.3088 0.033598
11.64000 113550 9.3973 0.027887
11.64225 113806 9.4130 0.027903
11.64450 114062 9.9238 0.029384
11.64675 114319 10.0704 0.029784
11.64899 114576 10.8827 0.032151
11.65124 114834 14.8952 0.043955
11.65350 115093 16.3548 0.048208
11.65574 115352 16.1747 0.047624
11.65800 115612 16.9931 0.049977
11.66024 115872 16.0467 0.047141
11.66249 116133 15.9662 0.046852
11.66474 116394 16.1413 0.047312
11.66699 116657 15.7899 0.046230
11.66924 116919 16.0265 0.046870
11.67148 117182 15.7767 0.046088
11.67373 117446 16.9361 0.049419
11.67599 117711 14.3331 0.041776
11.67824 117976 11.9856 0.034895
11.68048 118241 10.6221 0.030891
11.68274 118508 10.0844 0.029294
11.68499 118775 8.8071 0.025555
11.68723 119042 7.7868 0.022569
11.68948 119310 6.8377 0.019796
11.69173 119579 6.0186 0.017405
11.69398 119848 8.1085 0.023422
11.69623 120118 7.7000 0.022217
11.69848 120388 6.5511 0.018881
11.70072 120659 5.0587 0.014563
11.70298 120931 3.7405 0.010756
11.70522 121203 1.7077 0.004905
11.70747 121476 1.9901 0.005710
11.70973 121750 1.0256 0.002939
11.71197 122024 0.7569 0.002167
11.71422 122299 -3.7889 -0.010834
11.71647 122574 -5.4758 -0.015640
11.71872 122850 -4.1656 -0.011885
11.72097 123127 -6.1158 -0.017429
11.72322 123404 -5.1742 -0.014729
11.72547 123682 -7.4233 -0.021108
11.72771 123960 -8.1606 -0.023178
11.72996 124239 -6.3885 -0.018125
11.73221 124519 -8.7665 -0.024843
11.73447 124800 -8.2601 -0.023382
11.73672 125081 -10.7033 -0.030264
11.73896 125362 -8.2717 -0.023362
11.74122 125645 -8.2806 -0.023361
11.74346 125927 -7.5112 -0.021166
11.74571 126211 -4.1283 -0.011620
11.74796 126495 -3.5923 -0.010100
11.75021 126780 -2.7466 -0.007714
11.75245 127065 -0.8753 -0.002455
11.75471 127352 -1.9602 -0.005493
11.75695 127638 -1.5645 -0.004379
11.75921 127926 -1.5210 -0.004253
11.76146 128214 -0.4755 -0.001328
11.76371 128503 -2.7419 -0.007649
11.76595 128792 -4.2194 -0.011757
11.76820 129082 -4.0509 -0.011275
11.77045 129373 -6.0041 -0.016693
11.77270 129664 -7.3352 -0.020370
11.77495 129956 -7.5359 -0.020904
11.77720 130248 -4.2709 -0.011834
11.77945 130542 -2.3874 -0.006608
11.78170 130836 -1.3056 -0.003610
11.78394 131130 -2.2110 -0.006106
11.78620 131426 -2.6343 -0.007266
11.78844 131721 -0.1515 -0.000417
11.79069 132018 1.8175 0.005002
11.79294 132315 0.2386 0.000656
11.79519 132613 -1.8846 -0.005175
11.79744 132912 -4.4693 -0.012259
11.79969 133211 -4.9134 -0.013462
11.80194 133511 -4.4571 -0.012198
11.80419 133812 -2.1246 -0.005808
11.80644 134113 -1.9505 -0.005326
11.80869 134415 -2.6469 -0.007220
11.81094 134718 -2.8591 -0.007790
11.81319 135021 -1.3980 -0.003805
11.81543 135325 -2.2879 -0.006220
11.81769 135630 -2.6329 -0.007149
11.81993 135935 -2.7447 -0.007444
11.82218 136241 -1.6312 -0.004419
11.82443 136548 0.9809 0.002654
11.82668 136855 0.1452 0.000393
11.82893 137164 0.5641 0.001523
11.83118 137472 -0.0993 -0.000268
11.83343 137782 -0.2188 -0.000589
11.83568 138092 -0.5335 -0.001436
11.83792 138403 0.6689 0.001798
11.84018 138715 -1.0242 -0.002750
11.84242 139027 -3.9859 -0.010690
11.84467 139340 -2.9265 -0.007840
11.84692 139654 -1.7996 -0.004816
11.84917 139968 -3.8058 -0.010173
11.85142 140284 -3.2900 -0.008784
11.85367 140600 -4.2736 -0.011397
11.85592 140916 -3.1016 -0.008262
11.85817 141233 1.5688 0.004174
11.86042 141551 2.3785 0.006322
11.86267 141870 3.8665 0.010265
11.86492 142190 4.1588 0.011029
11.86717 142510 8.1864 0.021686
11.86942 142831 4.5807 0.012120
11.87166 143152 6.1125 0.016155
11.87392 143475 7.2653 0.019181
11.87616 143798 3.9149 0.010324
11.87841 144121 5.9512 0.015676
11.88066 144446 5.1610 0.013579
11.88291 144771 5.1791 0.013612
11.88516 145097 5.8460 0.015347
11.88741 145424 3.5218 0.009235
11.88965 145751 3.3294 0.008721
11.89191 146080 0.9724 0.002544
11.89415 146408 -0.5179 -0.001354
11.89640 146738 -1.5079 -0.003936
11.89866 147069 -4.0470 -0.010553
11.90091 147400 -1.6966 -0.004419
11.90316 147732 -2.4746 -0.006438
11.90540 148064 -0.6776 -0.001761
11.90765 148398 0.9678 0.002512
11.90990 148732 3.9952 0.010359
11.91215 149067 4.9870 0.012917
11.91440 149402 4.8885 0.012647
11.91665 149739 2.0467 0.005289
11.91890 150076 2.0390 0.005263
11.92115 150414 3.7822 0.009752
11.92340 150753 5.1543 0.013275
11.92564 151092 5.1200 0.013172
11.92789 151432 5.9317 0.015243
11.93014 151773 6.7559 0.017341
11.93239 152115 4.5661 0.011707
11.93464 152457 2.4240 0.006208
11.93689 152801 3.3232 0.008501
11.93914 153145 2.8972 0.007403
11.94139 153490 2.4632 0.006287
11.94364 153835 3.5615 0.009080
11.94589 154182 2.6254 0.006686
11.94814 154529 2.5802 0.006564
11.95039 154877 3.7999 0.009656
11.95264 155226 4.7578 0.012076
11.95488 155575 7.7444 0.019634
11.95713 155925 8.1840 0.020726
11.95938 156276 7.1412 0.018064
11.96163 156628 8.6747 0.021919
11.96388 156981 6.0775 0.015339
11.96613 157335 5.6041 0.014128
11.96838 157689 10.0583 0.025329
11.97063 158044 11.1689 0.028095
11.97288 158400 10.5646 0.026544
11.97512 158756 10.0983 0.025344
11.97738 159114 10.0321 0.025150
11.97962 159472 11.4507 0.028674
11.98187 159831 9.7876 0.024482
11.98412 160191 7.9917 0.019967
11.98637 160552 6.7542 0.016857
11.98862 160913 8.3135 0.020725
11.99087 161276 9.0430 0.022518
11.99312 161639 9.9343 0.024710
11.99537 162003 11.6627 0.028976
11.99762 162368 12.6304 0.031345
11.99987 162733 13.6026 0.033720
12.00212 163100 10.0404 0.024861
12.00437 163467 9.9122 0.024516
12.00662 163835 10.9966 0.027168
12.00886 164204 12.9110 0.031862
12.01112 164574 11.8342 0.029171
12.01336 164944 10.4321 0.025687
12.01561 165316 13.0408 0.032074
12.01786 165688 11.3373 0.027852
12.02011 166061 11.2413 0.027586
12.02236 166435 12.4202 0.030444
12.02461 166810 12.1599 0.029773
12.02686 167185 16.1631 0.039530
12.02911 167562 19.7882 0.048341
12.03136 167939 18.4893 0.045117
12.03360 168317 18.5485 0.045211
12.03585 168696 19.2532 0.046876
12.03810 169076 18.1718 0.044193
12.04035 169457 16.9642 0.041210
12.04260 169838 16.0537 0.038954
12.04485 170221 13.4603 0.032625
12.04710 170604 11.9844 0.029015
12.04935 170988 12.5812 0.030426
12.05160 171373 13.6750 0.033034
12.05385 171759 12.5704 0.030331
12.05610 172146 9.3935 0.022640
12.05834 172533 8.7229 0.021000
12.06060 172922 11.1811 0.026888
12.06284 173311 16.0022 0.038438
12.06509 173701 15.9179 0.038193
12.06734 174093 11.6818 0.027997
12.06959 174485 8.7605 0.020973
12.07184 174877 7.6792 0.018363
12.07409 175271 6.9731 0.016656
12.07634 175666 9.1832 0.021910
12.07859 176061 6.4718 0.015424
12.08084 176458 6.7718 0.016121
12.08309 176855 5.2606 0.012509
12.08533 177253 5.6116 0.013329
12.08759 177653 4.8349 0.011471
12.08984 178053 4.8058 0.011389
12.09208 178453 6.0104 0.014228
12.09433 178855 8.1392 0.019246
12.09658 179258 10.7233 0.025327
12.09883 179662 11.9227 0.028129
12.10108 180066 11.5579 0.027237
12.10333 180472 9.2871 0.021861
12.10558 180878 10.9500 0.025747
12.10783 181285 6.6327 0.015578
12.11008 181694 7.0622 0.016568
12.11233 182103 6.1225 0.014347
12.11458 182513 4.8244 0.011293
12.11683 182924 5.2173 0.012199
12.11908 183336 2.4405 0.005700
12.12132 183748 -1.7036 -0.003974
12.12357 184162 -0.6269 -0.001461
12.12582 184577 -0.2486 -0.000579
12.12807 184992 1.5618 0.003631
12.13032 185409 0.0299 0.000069
12.13257 185826 -0.5430 -0.001260
12.13482 186245 1.5676 0.003632
12.13707 186664 3.2187 0.007450
12.13932 187085 1.2509 0.002892
12.14157 187506 2.3585 0.005447
12.14381 187928 2.5800 0.005951
12.14606 188351 0.0629 0.000145
12.14831 188775 -0.8717 -0.002006
12.15056 189200 -0.6034 -0.001387
12.15281 189626 -1.3540 -0.003109
12.15506 190053 -2.3945 -0.005493
12.15731 190481 -3.3803 -0.007745
12.15956 190910 -1.2329 -0.002822
12.16181 191340 -0.9730 -0.002224
12.16406 191771 -2.7052 -0.006177
12.16631 192203 -1.0963 -0.002501
12.16856 192636 0.1437 0.000327
12.17080 193069 1.0298 0.002344
12.17305 193504 1.0779 0.002450
12.17530 193940 0.1344 0.000305
12.17755 194376 -0.3240 -0.000735
12.17980 194814 -0.6506 -0.001474
12.18205 195253 6.9822 0.015801
12.18430 195692 7.8188 0.017675
12.18655 196133 7.4704 0.016868
12.18880 196575 4.8405 0.010918
12.19105 197017 2.6748 0.006026
12.19330 197461 2.1698 0.004883
12.19555 197906 -0.6881 -0.001547
12.19779 198351 1.0817 0.002429
12.20004 198798 -1.4230 -0.003192
12.20229 199245 -4.6965 -0.010522
12.20454 199694 -7.0409 -0.015756
12.20679 200144 -10.8293 -0.024206
12.20904 200594 -9.2236 -0.020594
12.21129 201046 -9.7659 -0.021780
12.21354 201499 -10.1512 -0.022614
12.21579 201952 -9.2465 -0.020576
12.21804 202407 -10.5308 -0.023407
12.22029 202863 -10.8588 -0.024109
12.22254 203320 -8.2259 -0.018243
12.22479 203778 -9.9205 -0.021976
12.22703 204236 -7.8637 -0.017401
12.22928 204696 -8.6173 -0.019047
12.23153 205157 -7.1766 -0.015844
12.23378 205619 -6.7055 -0.014788
12.23603 206082 -4.7821 -0.010534
12.23828 206546 -6.8296 -0.015028
12.24053 207011 -3.3709 -0.007409
12.24278 207477 -3.2850 -0.007212
12.24503 207945 -0.9328 -0.002045
12.24728 208413 -0.5843 -0.001280
12.24952 208882 -1.1394 -0.002493
12.25177 209352 -0.9957 -0.002176
12.25402 209824 -4.0664 -0.008877
12.25627 210296 -2.5978 -0.005665
12.25852 210770 -1.7038 -0.003711
12.26077 211244 -4.0323 -0.008773
12.26302 211720 -4.7537 -0.010331
12.26527 212197 -6.1363 -0.013321
12.26752 212675 -9.1761 -0.019898
12.26977 213154 -12.1373 -0.026289
12.27201 213633 -11.3630 -0.024584
12.27427 214115 -8.0166 -0.017325
12.27652 214597 -5.4302 -0.011722
12.27877 215080 -8.2503 -0.017790
12.28101 215564 -7.0640 -0.015215
12.28327 216050 -8.6541 -0.018619
12.28551 216536 -8.5192 -0.018308
12.28776 217024 -5.7911 -0.012431
12.29001 217512 -7.0344 -0.015083
12.29226 218002 -6.6796 -0.014306
12.29451 218493 -12.8282 -0.027444
12.29676 218985 -16.2914 -0.034814
12.29901 219478 -15.6536 -0.033413
12.30126 219972 -12.5516 -0.026762
12.30350 220467 -11.7692 -0.025065
12.30576 220964 -13.6016 -0.028935
12.30800 221461 -12.7418 -0.027076
12.31025 221960 -13.2558 -0.028136
12.31250 222460 -11.9575 -0.025352
12.31475 222961 -12.9911 -0.027513
12.31700 223463 -10.3714 -0.021940
12.31925 223966 -12.3724 -0.026143
12.32150 224470 -13.1802 -0.027819
12.32375 224976 -11.0987 -0.023399
12.32600 225482 -6.7973 -0.014315
12.32825 225990 -9.5489 -0.020087
12.33050 226499 -8.4596 -0.017775
12.33274 227009 -8.1858 -0.017181
12.33499 227520 -9.4942 -0.019904
12.33724 228032 -10.8220 -0.022663
12.33949 228546 -13.7017 -0.028661
12.34174 229061 -11.6984 -0.024443
12.34399 229576 -7.5584 -0.015775
12.34624 230093 -9.6471 -0.020112
12.34849 230611 -10.6429 -0.022163
12.35074 231131 -13.7587 -0.028619
12.35299 231651 -13.5131 -0.028076
12.35524 232173 -12.0173 -0.024940
12.35748 232695 -12.7451 -0.026421
12.35973 233219 -16.8235 -0.034837
12.36199 233745 -16.6080 -0.034351
12.36423 234271 -18.9744 -0.039202
12.36648 234798 -18.9740 -0.039157
12.36873 235327 -12.6944 -0.026168
12.37098 235857 -13.9394 -0.028703
12.37323 236388 -13.9428 -0.028677
12.37548 236920 -16.4060 -0.033706
12.37773 237454 -13.9058 -0.028537
12.37998 237988 -11.8391 -0.024268
12.38223 238524 -12.6876 -0.025979
12.38447 239061 -12.7125 -0.026000
12.38673 239600 -14.8895 -0.030419
12.38897 240139 -18.3026 -0.037349
12.39122 240680 -15.2081 -0.031000
12.39347 241222 -14.6250 -0.029777
12.39572 241765 -20.1235 -0.040927
12.39797 242309 -19.4694 -0.039552
12.40022 242855 -19.4839 -0.039537
12.40247 243402 -21.3005 -0.043174
12.40472 243950 -20.2337 -0.040966
12.40697 244499 -19.9090 -0.040263
12.40922 245050 -19.8704 -0.040140
12.41147 245602 -13.7311 -0.027707
12.41372 246155 -11.3047 -0.022785
12.41596 246709 -13.7436 -0.027670
12.41821 247264 -14.3915 -0.028942
12.42046 247821 -16.6884 -0.033523
12.42271 248379 -16.9627 -0.034036
12.42496 248938 -17.2973 -0.034668
12.42721 249499 -14.9553 -0.029941
12.42946 250061 -15.7109 -0.031418
12.43171 250624 -11.0549 -0.022082
12.43396 251188 -11.2063 -0.022359
12.43621 251754 -10.1282 -0.020186
12.43846 252321 -11.5085 -0.022911
12.44071 252889 -10.8354 -0.021547
12.44295 253458 -12.3488 -0.024529
12.44520 254029 -15.8811 -0.031509
12.44745 254601 -16.0665 -0.031841
12.44970 255174 -15.9656 -0.031606
12.45195 255749 -22.2938 -0.044084
12.45420 256325 -17.9006 -0.035357
12.45645 256902 -20.2374 -0.039927
12.45870 257480 -20.2113 -0.039831
12.46095 258060 -19.7033 -0.038786
12.46320 258641 -16.3076 -0.032066
12.46545 259224 -17.0286 -0.033446
12.46769 259807 -15.1296 -0.029683
12.46994 260392 -14.6629 -0.028735
12.47220 260979 -11.2006 -0.021925
12.47444 261566 -11.0362 -0.021579
12.47669 262155 -9.2837 -0.018132
12.47894 262745 -7.2869 -0.014216
12.48119 263337 -4.0764 -0.007944
12.48344 263930 -0.1185 -0.000231
12.48569 264524 -0.3862 -0.000751
12.48794 265120 1.2315 0.002392
12.49019 265717 0.5235 0.001016
12.49244 266315 -1.6986 -0.003292
12.49469 266915 0.8623 0.001669
12.49693 267516 0.9993 0.001932
12.49918 268118 0.1768 0.000341
12.50143 268722 1.3203 0.002547
12.50368 269327 -4.4836 -0.008640
12.50593 269934 -4.1125 -0.007916
12.50818 270541 -2.7249 -0.005239
12.51043 271151 -1.4439 -0.002773
12.51268 271761 3.0584 0.005867
12.51493 272373 4.9272 0.009441
12.51718 272986 7.0539 0.013501
12.51943 273601 12.4357 0.023775
12.52168 274217 7.5555 0.014428
12.52393 274835 7.8113 0.014900
12.52617 275453 6.8749 0.013099
12.52842 276074 10.1022 0.019227
12.53067 276695 13.6536 0.025957
12.53292 277318 12.4561 0.023653
12.53517 277943 11.2687 0.021374
12.53742 278569 6.5914 0.012489
12.53967 279196 9.4659 0.017915
12.54192 279824 12.2510 0.023159
12.54417 280455 14.9477 0.028226
12.54642 281086 12.2416 0.023090
12.54867 281719 12.2238 0.023030
12.55091 282353 9.9112 0.018652
12.55316 282989 8.5792 0.016127
12.55541 283626 9.7746 0.018354
12.55766 284265 14.5067 0.027209
12.55991 284905 13.7467 0.025754
12.56216 285547 13.7350 0.025703
12.56441 286190 11.4390 0.021383
12.56666 286834 11.1962 0.020905
12.56891 287480 10.4189 0.019432
12.57116 288127 10.7308 0.019991
12.57341 288776 11.6189 0.021622
12.57565 289426 8.1805 0.015206
12.57791 290078 4.5423 0.008434
12.58015 290731 6.2712 0.011631
12.58240 291386 7.7622 0.014380
12.58465 292042 5.9641 0.011036
12.58690 292699 5.7707 0.010666
12.58915 293358 9.8745 0.018231
12.59140 294019 14.4076 0.026571
12.59365 294681 9.6912 0.017853
12.59590 295345 4.6812 0.008614
12.59815 296010 5.0472 0.009277
12.60040 296676 3.2061 0.005886
12.60264 297344 4.6702 0.008565
12.60490 298014 1.4489 0.002654
12.60714 298685 3.6190 0.006622
12.60939 299357 3.6240 0.006624
12.61164 300031 2.3636 0.004315
12.61389 300707 1.6511 0.003011
12.61614 301384 1.8007 0.003280
12.61839 302063 -1.0941 -0.001991
12.62064 302743 -2.7038 -0.004914
12.62289 303424 -3.2794 -0.005953
12.62514 304108 -2.0599 -0.003735
12.62738 304792 -1.1827 -0.002142
12.62964 305479 -0.0253 -0.000046
12.63189 306167 3.1551 0.005702
12.63413 306856 5.4923 0.009915
12.63638 307547 4.6278 0.008345
12.63863 308239 1.8970 0.003417
12.64088 308933 5.4805 0.009860
12.64313 309629 8.4865 0.015251
12.64538 310326 8.3859 0.015054
12.64763 311025 7.3620 0.013201
12.64988 311725 7.3413 0.013149
12.65213 312427 7.9269 0.014182
12.65438 313131 2.7132 0.004849
12.65663 313836 1.9724 0.003521
12.65888 314543 -1.0973 -0.001957
12.66112 315251 1.0233 0.001823
12.66337 315961 3.3996 0.006048
12.66562 316672 6.0648 0.010777
12.66787 317385 4.2622 0.007566
12.67012 318100 -2.3153 -0.004105
12.67237 318816 -1.0906 -0.001931
12.67462 319534 -0.9285 -0.001643
12.67687 320253 -5.5218 -0.009757
12.67912 320975 -2.5699 -0.004536
12.68137 321697 -2.8271 -0.004984
12.68362 322422 -1.5763 -0.002776
12.68587 323148 -3.6511 -0.006423
12.68811 323875 -1.3104 -0.002303
12.69036 324605 -5.7711 -0.010129
12.69261 325335 -9.5704 -0.016779
12.69486 326068 -10.2379 -0.017929
12.69711 326802 -14.1476 -0.024748
12.69936 327538 -11.4712 -0.020044
12.70161 328276 -14.6732 -0.025610
12.70386 329015 -12.2181 -0.021301
12.70611 329756 -12.7079 -0.022130
12.70836 330498 -9.3333 -0.016235
12.71060 331242 -13.5653 -0.023570
12.71285 331988 -11.5163 -0.019987
12.71510 332736 -7.7762 -0.013481
12.71735 333485 -2.7968 -0.004843
12.71960 334236 2.0909 0.003617
12.72185 334988 5.3356 0.009219
12.72410 335743 3.7562 0.006483
12.72635 336499 4.2245 0.007283
12.72860 337256 -4.1327 -0.007116
12.73085 338016 -5.9453 -0.010226
12.73310 338777 -7.8669 -0.013516
12.73535 339540 -5.9494 -0.010210
12.73759 340304 -7.7527 -0.013290
12.73985 341071 -6.9708 -0.011936
12.74210 341839 -7.4727 -0.012781
12.74434 342608 -7.3810 -0.012610
12.74659 343380 -9.1050 -0.015538
12.74884 344153 -8.2453 -0.014055
12.75109 344928 -12.2561 -0.020868
12.75334 345705 -9.0922 -0.015464
12.75559 346483 -8.3461 -0.014179
12.75784 347263 -10.3430 -0.017552
12.76009 348045 -11.2750 -0.019112
12.76234 348829 -7.5024 -0.012703
12.76458 349614 -8.4680 -0.014321
12.76683 350401 -8.2197 -0.013886
12.76908 351190 -12.1325 -0.020473
12.77133 351981 -8.5289 -0.014376
12.77358 352774 -12.7087 -0.021397
12.77583 353568 -11.4833 -0.019312
12.77808 354364 -13.6046 -0.022854
12.78033 355162 -10.9120 -0.018310
12.78258 355962 -7.0321 -0.011787
12.78483 356763 -11.4782 -0.019217
12.78708 357567 -12.5341 -0.020961
12.78933 358372 -11.4639 -0.019150
12.79158 359179 -15.0249 -0.025070
12.79383 359988 -18.9715 -0.031620
12.79607 360798 -21.8915 -0.036445
12.79832 361611 -23.1216 -0.038450
12.80057 362425 -26.8692 -0.044632
12.80282 363241 -25.1356 -0.041705
12.80507 364059 -25.9183 -0.042956
12.80732 364879 -25.6376 -0.042443
12.80957 365700 -24.1404 -0.039919
12.81182 366524 -23.7149 -0.039171
12.81407 367349 -22.0587 -0.036395
12.81632 368176 -17.2003 -0.028347
12.81857 369005 -14.6268 -0.024079
12.82081 369836 -14.1557 -0.023277
12.82306 370669 -15.4595 -0.025392
12.82531 371503 -14.6151 -0.023978
12.82756 372340 -14.5082 -0.023776
12.82981 373178 -10.8932 -0.017832
12.83206 374019 -10.7049 -0.017504
12.83431 374861 -7.6460 -0.012488
12.83656 375705 -5.7867 -0.009441
12.83881 376551 -2.6196 -0.004269
12.84106 377399 -3.5594 -0.005794
12.84331 378248 -1.8686 -0.003038
12.84556 379100 -0.4931 -0.000801
12.84781 379954 -1.1752 -0.001906
12.85005 380809 0.9397 0.001523
12.85230 381667 3.4721 0.005620
12.85455 382526 4.5658 0.007382
12.85680 383388 8.5978 0.013886
12.85905 384251 8.3491 0.013469
12.86130 385116 7.7202 0.012440
12.86355 385983 4.2229 0.006797
12.86580 386852 4.0102 0.006448
12.86805 387723 8.9487 0.014371
12.87030 388596 10.9949 0.017638
12.87254 389471 9.3315 0.014953
12.87479 390348 5.3424 0.008551
12.87704 391227 3.7946 0.006067
12.87929 392108 4.2956 0.006860
12.88154 392991 -0.8826 -0.001408
12.88379 393876 -0.9457 -0.001507
12.88604 394763 -0.2740 -0.000436
12.88829 395652 1.6007 0.002545
12.89054 396543 -3.0827 -0.004895
12.89279 397436 -4.3008 -0.006822
12.89504 398331 -3.9375 -0.006239
12.89729 399228 -5.3397 -0.008451
12.89953 400126 -8.0104 -0.012664
12.90178 401027 -3.3563 -0.005300
12.90403 401930 -5.7130 -0.009011
12.90628 402835 -4.6603 -0.007343
12.90853 403743 -3.0340 -0.004775
12.91078 404652 -3.1146 -0.004896
12.91303 405563 -2.1218 -0.003332
12.91528 406476 -3.4035 -0.005338
12.91753 407391 -5.3812 -0.008431
12.91978 408309 -4.4306 -0.006934
12.92203 409228 -6.2114 -0.009710
12.92428 410149 0.6189 0.000966
12.92653 411073 2.6785 0.004178
12.92878 411999 1.6102 0.002509
12.93102 412926 0.3587 0.000558
12.93327 413856 -1.9087 -0.002967
12.93552 414788 0.4744 0.000737
12.93777 415722 1.8529 0.002874
12.94002 416658 0.8978 0.001391
12.94227 417596 4.4244 0.006847
12.94452 418536 0.0616 0.000095
12.94677 419479 -0.0223 -0.000034
12.94902 420423 1.2355 0.001906
12.95127 421370 -1.5801 -0.002434
12.95352 422319 -1.7916 -0.002757
12.95577 423270 -0.5128 -0.000788
12.95801 424223 2.3823 0.003658
12.96026 425178 9.0553 0.013887
12.96251 426136 8.0353 0.012309
12.96476 427095 8.5301 0.013052
12.96701 428057 5.9244 0.009055
12.96926 429021 8.6886 0.013265
12.97151 429987 6.2920 0.009595
12.97376 430955 6.9058 0.010520
12.97601 431925 4.7623 0.007246
12.97826 432898 4.5952 0.006984
12.98051 433873 6.2920 0.009552
12.98275 434849 9.8343 0.014913
12.98501 435829 8.5943 0.013018
12.98725 436810 10.2274 0.015475
12.98950 437794 4.2125 0.006366
12.99175 438779 -1.4624 -0.002208
12.99400 439767 -4.2961 -0.006478
12.99625 440758 -4.1663 -0.006276
12.99850 441750 -5.5378 -0.008332
13.00075 442745 -12.2544 -0.018417
13.00300 443742 -9.7075 -0.014573
13.00525 444741 -6.5447 -0.009814
13.00750 445742 -3.1531 -0.004723
13.00975 446746 -4.3264 -0.006473
13.01199 447752 1.7664 0.002640
13.01424 448760 -0.4949 -0.000739
13.01649 449771 2.2848 0.003407
13.01874 450783 4.6965 0.006995
13.02099 451798 4.6823 0.006966
13.02324 452816 7.1378 0.010607
13.02549 453835 7.8795 0.011696
13.02774 454857 9.1236 0.013528
13.02999 455881 4.1564 0.006156
13.03224 456908 5.2604 0.007782
13.03449 457937 7.0256 0.010382
13.03674 458968 4.5604 0.006731
13.03898 460001 0.5087 0.000750
13.04123 461037 -1.2043 -0.001774
13.04348 462075 -0.4754 -0.000699
13.04573 463116 -1.6613 -0.002441
13.04798 464158 -2.3069 -0.003386
13.05023 465204 -1.1015 -0.001615
13.05248 466251 -4.2673 -0.006249
13.05473 467301 -6.0864 -0.008904
13.05698 468353 -4.6850 -0.006846
13.05923 469408 -1.2298 -0.001795
13.06148 470465 -2.6114 -0.003807
13.06373 471524 -2.0131 -0.002932
13.06598 472586 -13.2484 -0.019272
13.06822 473650 -9.1066 -0.013232
13.07047 474716 -10.9222 -0.015852
13.07272 475785 -13.2398 -0.019195
13.07497 476857 -9.4498 -0.013685
13.07722 477930 -7.0526 -0.010202
13.07947 479007 -8.2449 -0.011913
13.08172 480085 -14.3537 -0.020716
13.08397 481166 -9.4918 -0.013684
13.08622 482250 -8.4588 -0.012181
13.08847 483335 -10.2780 -0.014784
13.09072 484424 -16.9041 -0.024287
13.09297 485515 -17.8691 -0.025645
13.09521 486608 -17.2263 -0.024695
13.09746 487703 -18.0901 -0.025904
13.09971 488802 -17.9424 -0.025663
13.10196 489902 -16.4966 -0.023569
13.10421 491005 -16.1940 -0.023111
13.10646 492111 -20.2689 -0.028893
13.10871 493219 -16.5218 -0.023525
13.11096 494330 -15.1389 -0.021532
13.11321 495443 -14.5598 -0.020685
13.11546 496558 -12.4986 -0.017737
13.11770 497676 -17.8566 -0.025312
13.11995 498797 -23.0965 -0.032703
13.12220 499920 -17.8707 -0.025275
13.12445 501046 -21.3526 -0.030166
13.12670 502174 -27.1490 -0.038311
13.12895 503305 -23.1890 -0.032686
13.13120 504438 -26.9247 -0.037909
13.13345 505574 -28.5789 -0.040193
13.13570 506712 -25.6402 -0.036020
13.13795 507853 -30.2287 -0.042418
13.14020 508997 -23.8949 -0.033493
13.14245 510143 -29.5035 -0.041307
13.14470 511292 -25.0869 -0.035084
13.14694 512443 -24.2435 -0.033867
13.14919 513597 -23.6314 -0.032974
13.15144 514753 -19.9034 -0.027741
13.15369 515912 -19.7326 -0.027472
13.15594 517074 -19.1226 -0.026593
13.15819 518238 -23.3787 -0.032476
13.16044 519405 -21.6027 -0.029975
13.16269 520575 -23.5836 -0.032687
13.16494 521747 -20.4226 -0.028274
13.16719 522922 -21.9981 -0.030421
13.16944 524099 -27.7031 -0.038267
13.17168 525279 -28.5040 -0.039329
13.17393 526462 -25.2319 -0.034775
13.17618 527648 -30.2733 -0.041676
13.17843 528836 -31.1714 -0.042864
13.18068 530026 -31.7478 -0.043608
13.18293 531220 -27.2204 -0.037347
13.18518 532416 -26.3025 -0.036047
13.18743 533615 -27.2195 -0.037262
13.18968 534816 -26.8384 -0.036699
13.19193 536021 -30.5783 -0.041766
13.19418 537228 -30.9021 -0.042161
13.19643 538437 -29.7411 -0.040531
13.19868 539650 -28.0916 -0.038240
13.20092 540865 -30.6868 -0.041726
13.20317 542083 -28.3692 -0.038531
13.20542 543303 -29.6032 -0.040162
13.20767 544527 -34.0316 -0.046118
13.20992 545753 -31.5168 -0.042662
13.21217 546982 -28.3016 -0.038267
13.21442 548213 -28.2487 -0.038153
13.21667 549448 -27.0018 -0.036428
13.21892 550685 -22.7492 -0.030656
13.22117 551925 -24.1419 -0.032496
13.22342 553168 -25.7453 -0.034615
13.22567 554413 -29.4048 -0.039491
13.22792 555662 -29.6605 -0.039790
13.23016 556913 -28.0034 -0.037525
13.23241 558167 -20.4927 -0.027429
13.23466 559424 -25.7851 -0.034474
13.23691 560683 -27.7261 -0.037028
13.23916 561946 -28.2564 -0.037694
13.24141 563211 -25.9529 -0.034582
13.24366 564479 -29.6083 -0.039408
13.24591 565750 -28.1836 -0.037470
13.24816 567024 -26.8698 -0.035683
13.25041 568301 -26.6569 -0.035361
13.25266 569581 -29.1770 -0.038660
13.25490 570863 -34.7116 -0.045942
13.25715 572149 -37.2954 -0.049306
13.25940 573437 -36.4244 -0.048101
13.26165 574728 -37.3873 -0.049317
13.26390 576022 -32.4713 -0.042784
13.26615 577319 -36.2557 -0.047716
13.26840 578619 -35.0709 -0.046105
13.27065 579922 -34.7731 -0.045662
13.27290 581228 -28.2731 -0.037085
13.27515 582537 -28.2732 -0.037044
13.27740 583848 -28.5848 -0.037410
13.27965 585163 -29.8618 -0.039037
13.28190 586481 -21.9059 -0.028605
13.28414 587801 -22.8496 -0.029803
13.28639 589125 -20.6503 -0.026904
13.28864 590451 -14.5066 -0.018879
13.29089 591781 -12.1484 -0.015792
13.29314 593113 -3.7126 -0.004821
13.29539 594449 -4.0616 -0.005268
13.29764 595787 -5.6214 -0.007283
13.29989 597129 -4.7461 -0.006142
13.30214 598473 -7.5041 -0.009700
13.30439 599821 -9.7920 -0.012643
13.30664 601172 -12.2866 -0.015846
13.30888 602525 -11.7182 -0.015096
13.31113 603882 -14.1279 -0.018180
13.31338 605242 -14.7886 -0.019009
13.31563 606604 -11.9231 -0.015309
13.31788 607970 -12.9436 -0.016600
13.32013 609339 -5.9719 -0.007650
13.32238 610711 -4.8930 -0.006261
13.32463 612087 -4.5908 -0.005868
13.32688 613465 -4.7722 -0.006093
13.32913 614846 -1.9638 -0.002504
13.33138 616231 -3.6124 -0.004602
13.33363 617618 -3.7558 -0.004779
13.33588 619009 0.0570 0.000073
13.33812 620403 -3.7723 -0.004789
13.34037 621800 -2.7492 -0.003486
13.34262 623200 0.1877 0.000238
13.34487 624603 -5.6145 -0.007104
13.34712 626009 -1.7328 -0.002190
13.34937 627419 0.1061 0.000134
13.35162 628832 3.0066 0.003791
13.35387 630248 3.2942 0.004150
13.35612 631667 4.0241 0.005063
13.35837 633089 3.1229 0.003925
13.36062 634515 7.4466 0.009348
13.36286 635943 11.6800 0.014646
13.36511 637375 13.4813 0.016886
13.36736 638811 13.0828 0.016369
13.36961 640249 10.7413 0.013424
13.37186 641691 14.9910 0.018714
13.37411 643135 16.0258 0.019983
13.37636 644584 15.3769 0.019153
13.37861 646035 18.2990 0.022767
13.38086 647490 23.2213 0.028858
13.38311 648948 27.8385 0.034557
13.38536 650409 31.8332 0.039472
13.38761 651873 30.9944 0.038389
13.38985 653341 25.2435 0.031231
13.39210 654812 25.8643 0.031963
13.39435 656287 25.1621 0.031060
13.39660 657765 23.0650 0.028439
13.39885 659246 17.3958 0.021425
13.40110 660730 11.6745 0.014362
13.40335 662218 9.4364 0.011596
13.40560 663709 4.0989 0.005031
13.40785 665203 5.0305 0.006168
13.41010 666701 5.5325 0.006776
13.41235 668203 12.4242 0.015199
13.41460 669707 11.9167 0.014562
13.41684 671215 15.8225 0.019313
13.41909 672726 14.4391 0.017604
13.42134 674241 17.4002 0.021191
13.42359 675759 12.3780 0.015058
13.42584 677281 10.4119 0.012652
13.42809 678806 11.9167 0.014464
13.43034 680335 12.3349 0.014955
13.43259 681866 13.2391 0.016033
13.43484 683402 8.9298 0.010802
13.43709 684941 5.5461 0.006701
13.43934 686483 8.2370 0.009942
13.44159 688029 9.1897 0.011079
13.44384 689578 7.8197 0.009417
13.44608 691131 9.0772 0.010919
13.44833 692687 6.1340 0.007370
13.45058 694247 5.9622 0.007156
13.45283 695810 0.6526 0.000782
13.45508 697377 2.6032 0.003117
13.45733 698947 3.7214 0.004451
13.45958 700521 0.5355 0.000640
13.46183 702098 2.2695 0.002708
13.46408 703679 -1.6568 -0.001975
13.46633 705263 1.3383 0.001594
13.46858 706851 3.0620 0.003642
13.47082 708443 1.3082 0.001554
13.47307 710038 0.9807 0.001164
13.47532 711637 3.8517 0.004566
13.47757 713239 9.8161 0.011623
13.47982 714845 10.5743 0.012507
13.48207 716455 14.4780 0.017105
13.48432 718068 13.6197 0.016073
13.48657 719685 13.8554 0.016332
13.48882 721306 17.3912 0.020477
13.49107 722930 16.3810 0.019266
13.49332 724558 14.9650 0.017581
13.49557 726189 16.0735 0.018862
13.49781 727824 15.5100 0.018180
13.50006 729463 13.4696 0.015771
13.50231 731106 6.9458 0.008123
13.50456 732752 11.6729 0.013636
13.50681 734402 2.1069 0.002459
13.50906 736056 6.2120 0.007241
13.51131 737713 8.2002 0.009547
13.51356 739374 5.4627 0.006353
13.51581 741039 6.4282 0.007467
13.51806 742707 6.2847 0.007292
13.52031 744380 8.0128 0.009287
13.52256 746056 2.9686 0.003437
13.52481 747736 4.5682 0.005283
13.52705 749419 7.5783 0.008754
13.52930 751107 7.2660 0.008384
13.53155 752798 2.2040 0.002540
13.53380 754493 1.6604 0.001912
13.53605 756192 0.5154 0.000593
13.53830 757895 -4.1112 -0.004722
13.54055 759601 -2.8821 -0.003307
13.54280 761312 -9.0100 -0.010326
13.54505 763026 -11.3064 -0.012944
13.54730 764744 -6.7621 -0.007733
13.54955 766466 -5.6219 -0.006422
13.55179 768192 -2.0156 -0.002300
13.55404 769922 4.6664 0.005318
13.55629 771655 -0.0264 -0.000030
13.55854 773393 -1.7914 -0.002037
13.56079 775134 -2.1305 -0.002420
13.56304 776880 -8.8333 -0.010022
13.56529 778629 -15.3309 -0.017374
13.56754 780382 -10.5742 -0.011970
13.56979 782139 -12.3072 -0.013916
13.57204 783901 -8.8060 -0.009946
13.57429 785666 -7.2811 -0.008214
13.57654 787435 -4.6734 -0.005267
13.57879 789208 -6.2323 -0.007015
13.58103 790985 -6.6519 -0.007479
13.58328 792766 -6.6275 -0.007443
13.58553 794551 -9.2915 -0.010424
13.58778 796340 -7.3491 -0.008235
13.59003 798133 -13.4877 -0.015097
13.59228 799930 -13.8776 -0.015516
13.59453 801732 -18.6835 -0.020866
13.59678 803537 -22.4963 -0.025096
13.59903 805346 -25.4496 -0.028359
13.60128 807160 -24.3988 -0.027157
13.60353 808977 -21.2911 -0.023672
13.60578 810799 -26.7486 -0.029706
13.60802 812624 -25.6833 -0.028491
13.61027 814454 -22.8640 -0.025335
13.61252 816288 -23.7359 -0.026271
13.61477 818126 -22.0943 -0.024427
13.61702 819968 -22.0466 -0.024347
13.61927 821815 -26.7465 -0.029504
13.62152 823665 -29.6895 -0.032714
13.62377 825520 -24.3577 -0.026808
13.62602 827379 -30.2671 -0.033275
13.62827 829242 -28.1994 -0.030967
13.63052 831109 -27.9101 -0.030615
13.63276 832980 -25.1504 -0.027557
13.63501 834856 -30.9330 -0.033854
13.63726 836736 -32.0893 -0.035081
13.63951 838620 -36.7586 -0.040140
13.64176 840508 -32.3509 -0.035287
13.64401 842401 -29.5551 -0.032201
13.64626 844297 -21.2803 -0.023160
13.64851 846199 -13.3540 -0.014517
13.65076 848104 -16.3816 -0.017788
13.65301 850014 -22.1036 -0.023975
13.65526 851928 -24.3305 -0.026360
13.65751 853846 -25.1447 -0.027212
13.65975 855768 -27.4709 -0.029696
13.66200 857695 -22.8009 -0.024620
13.66425 859627 -19.1933 -0.020701
13.66650 861562 -14.3673 -0.015479
13.66875 863502 -18.0267 -0.019399
13.67100 865447 -17.3103 -0.018607
13.67325 867395 -7.4427 -0.007991
13.67550 869348 -4.9686 -0.005329
13.67775 871306 -7.6578 -0.008204
13.68000 873268 -0.8346 -0.000893
13.68225 875234 3.9579 0.004231
13.68450 877205 12.0679 0.012885
13.68674 879180 15.2160 0.016228
13.68899 881160 11.7314 0.012498
13.69124 883144 7.0254 0.007476
13.69349 885133 6.5538 0.006966
13.69574 887126 6.7987 0.007218
13.69799 889123 1.3907 0.001475
13.70024 891125 -0.7376 -0.000781
13.70249 893132 -3.5309 -0.003736
13.70474 895143 -7.6786 -0.008116
13.70699 897158 -3.5171 -0.003713
13.70924 899178 -2.6515 -0.002796
13.71149 901203 -6.2205 -0.006553
13.71373 903232 -4.5601 -0.004798
13.71598 905266 -11.4866 -0.012073
13.71823 907305 -7.0285 -0.007379
13.72048 909348 -12.9461 -0.013576
13.72273 911395 -17.5664 -0.018400
13.72498 913447 -13.9656 -0.014612
13.72723 915504 -11.4711 -0.011989
13.72948 917566 -7.0125 -0.007321
13.73173 919632 -6.4405 -0.006716
13.73398 921702 -11.5591 -0.012040
13.73623 923778 -6.0747 -0.006320
13.73848 925858 -7.1101 -0.007389
13.74073 927943 -6.0312 -0.006261
13.74297 930032 -9.0561 -0.009391
13.74522 932126 -8.3688 -0.008668
13.74747 934225 -8.7825 -0.009086
13.74972 936329 -8.2343 -0.008510
13.75197 938437 -10.8876 -0.011239
13.75422 940550 3.7677 0.003885
13.75647 942668 -2.1764 -0.002242
13.75872 944791 -4.5564 -0.004688
13.76097 946918 -7.9130 -0.008132
13.76322 949050 -6.6500 -0.006826
13.76547 951187 3.6386 0.003731
13.76772 953329 2.5693 0.002631
13.76996 955475 -2.3781 -0.002433
13.77221 957627 -3.8688 -0.003953
13.77446 959783 -1.0514 -0.001073
13.77671 961944 -8.0908 -0.008249
13.77896 964110 -10.6421 -0.010838
13.78121 966281 -22.6686 -0.023061
13.78346 968457 -23.7228 -0.024106
13.78571 970638 -20.2001 -0.020503
13.78796 972823 -14.5718 -0.014774
13.79021 975014 -13.3432 -0.013513
13.79246 977209 -10.5174 -0.010639
13.79471 979410 -9.7252 -0.009827
13.79695 981615 -13.7414 -0.013870
13.79920 983825 -14.9690 -0.015092
13.80145 986041 -18.5098 -0.018640
13.80370 988261 -15.2187 -0.015309
13.80595 990486 -15.2265 -0.015299
13.80820 992716 -16.1004 -0.016159
13.81045 994952 -18.0014 -0.018047
13.81270 997192 -23.1401 -0.023173
13.81495 999437 -14.0480 -0.014052
13.81720 1001688 -11.4011 -0.011391
13.81945 1003943 -11.4694 -0.011447
13.82170 1006204 -17.1432 -0.017090
13.82394 1008470 -16.3213 -0.016253
13.82619 1010740 -22.7623 -0.022641
13.82844 1013016 -16.9595 -0.016850
13.83069 1015297 -16.5922 -0.016467
13.83294 1017583 -11.9912 -0.011887
13.83519 1019875 -12.0578 -0.011940
13.83744 1022171 -18.9330 -0.018727
13.83969 1024473 -18.4697 -0.018248
13.84194 1026780 -9.0009 -0.008883
13.84419 1029092 -7.2229 -0.007120
13.84644 1031409 8.2863 0.008159
13.84869 1033731 2.3013 0.002263
13.85093 1036059 7.7221 0.007587
13.85318 1038392 7.5997 0.007458
13.85543 1040730 9.3267 0.009142
13.85768 1043073 13.5339 0.013252
13.85993 1045422 14.2194 0.013907
13.86218 1047776 16.6215 0.016238
13.86443 1050135 22.7695 0.022219
13.86668 1052500 28.2978 0.027583
13.86893 1054870 36.5459 0.035583
13.87118 1057245 38.0337 0.036990
13.87343 1059626 39.5144 0.038387
13.87568 1062012 34.3887 0.033370
13.87792 1064403 39.4442 0.038232
13.88017 1066800 33.2482 0.032190
13.88242 1069202 31.8802 0.030831
13.88467 1071609 30.1018 0.029079
13.88692 1074022 36.2887 0.035016
13.88917 1076441 40.8310 0.039355
13.89142 1078864 43.9363 0.042300
13.89367 1081294 48.0688 0.046226
13.89592 1083728 40.9828 0.039368
13.89817 1086169 49.7677 0.047753
13.90042 1088614 53.0481 0.050843
13.90267 1091066 51.7390 0.049533
13.90491 1093522 51.9493 0.049678
13.90716 1095985 49.3464 0.047136
13.90941 1098452 46.4443 0.044314
13.91166 1100926 50.3248 0.047963
13.91391 1103405 42.9137 0.040853
13.91616 1105889 40.3860 0.038404
13.91841 1108379 37.2553 0.035387
13.92066 1110875 45.2863 0.042967
13.92291 1113377 52.4462 0.049704
13.92516 1115883 59.8169 0.056626
13.92741 1118396 60.2422 0.056964
13.92965 1120914 54.2338 0.051225
13.93190 1123438 59.4452 0.056084
13.93415 1125968 55.7151 0.052506
13.93640 1128503 53.9050 0.050743
13.93865 1131044 47.2020 0.044383
13.94090 1133591 42.1287 0.039569
13.94315 1136144 43.8423 0.041132
13.94540 1138702 42.1815 0.039529
13.94765 1141266 39.2417 0.036733
13.94990 1143836 40.4256 0.037799
13.95215 1146411 37.7893 0.035294
13.95440 1148993 35.4419 0.033064
13.95665 1151580 31.1768 0.029053
13.95889 1154173 29.7171 0.027661
13.96114 1156772 26.0758 0.024244
13.96339 1159376 29.1277 0.027052
13.96564 1161987 31.0424 0.028797
13.96789 1164603 28.6175 0.026518
13.97014 1167226 29.0226 0.026863
13.97239 1169854 34.5820 0.031973
13.97464 1172488 34.1806 0.031566
13.97689 1175128 39.3175 0.036270
13.97914 1177774 37.5341 0.034586
13.98139 1180426 46.8849 0.043153
13.98364 1183084 53.4655 0.049155
13.98588 1185748 53.7519 0.049363
13.98813 1188418 50.9093 0.046700
13.99038 1191094 45.9234 0.042079
13.99263 1193776 47.9266 0.043865
13.99488 1196464 42.7793 0.039110
13.99713 1199158 37.8015 0.034520
13.99938 1201858 39.6373 0.036156
14.00163 1204565 37.2871 0.033974
14.00388 1207277 26.4041 0.024031
14.00613 1209995 25.0812 0.022801
14.00838 1212720 21.6696 0.019678
14.01063 1215451 16.8554 0.015289
14.01287 1218187 20.3409 0.018429
14.01512 1220930 23.5061 0.021273
14.01737 1223680 17.6855 0.015988
14.01962 1226435 20.2499 0.018285
14.02187 1229196 13.1619 0.011872
14.02412 1231964 5.5758 0.005024
14.02637 1234738 -5.4429 -0.004898
14.02862 1237519 6.6144 0.005946
14.03087 1240305 11.1219 0.009987
14.03312 1243098 13.3480 0.011972
14.03537 1245897 22.0594 0.019763
14.03762 1248702 25.8830 0.023163
14.03986 1251514 33.0620 0.029554
14.04211 1254332 32.2183 0.028767
14.04436 1257156 29.2659 0.026102
14.04661 1259987 33.2237 0.029598
14.04886 1262824 39.5353 0.035181
14.05111 1265668 35.0151 0.031124
14.05336 1268518 38.3489 0.034049
14.05561 1271374 39.0895 0.034668
14.05786 1274237 39.8857 0.035334
14.06011 1277106 48.8589 0.043234
14.06236 1279982 51.3123 0.045354
14.06461 1282864 44.9652 0.039700
14.06685 1285752 44.3206 0.039087
14.06910 1288648 39.6662 0.034942
14.07135 1291549 33.1001 0.029126
14.07360 1294457 29.7000 0.026104
14.07585 1297372 32.0079 0.028101
14.07810 1300293 29.1906 0.025599
14.08035 1303221 32.2144 0.028219
14.08260 1306156 29.2172 0.025565
14.08485 1309097 29.3813 0.025679
14.08710 1312044 26.1046 0.022790
14.08935 1314999 23.0970 0.020142
14.09160 1317960 27.5818 0.024025
14.09384 1320927 31.2457 0.027186
14.09609 1323902 30.0806 0.026143
14.09834 1326883 19.7979 0.017187
14.10059 1329871 7.1393 0.006191
14.10284 1332865 1.8484 0.001601
14.10509 1335866 -3.3184 -0.002871
14.10734 1338874 -7.2713 -0.006284
14.10959 1341889 -10.0491 -0.008675
14.11184 1344910 -11.5783 -0.009984
14.11409 1347939 -18.5731 -0.015997
14.11634 1350974 -15.3779 -0.013230
14.11859 1354016 -12.8652 -0.011056
14.12083 1357065 -17.4540 -0.014983
14.12308 1360120 -13.5198 -0.011593
14.12533 1363183 -15.7207 -0.013465
14.12758 1366253 -12.4137 -0.010620
14.12983 1369329 -22.1005 -0.018886
14.13208 1372412 -8.8373 -0.007544
14.13433 1375502 -6.5268 -0.005565
14.13658 1378600 -9.6734 -0.008239
14.13883 1381704 -9.0618 -0.007709
14.14108 1384815 -9.1200 -0.007750
14.14333 1387933 -12.6547 -0.010742
14.14558 1391058 -9.9361 -0.008424
14.14782 1394191 0.0756 0.000064
14.15007 1397330 -6.7918 -0.005746
14.15232 1400476 -2.1469 -0.001814
14.15457 1403630 4.4943 0.003793
14.15682 1406790 7.5448 0.006361
14.15907 1409958 7.7101 0.006493
14.16132 1413133 9.2227 0.007758
14.16357 1416315 4.0701 0.003420
14.16582 1419504 4.6013 0.003862
14.16807 1422700 2.8007 0.002348
14.17032 1425904 1.9273 0.001614
14.17257 1429114 8.6243 0.007214
14.17481 1432332 11.3601 0.009492
14.17706 1435558 3.3761 0.002818
14.17931 1438790 -8.3438 -0.006956
14.18156 1442030 1.0923 0.000910
14.18381 1445277 2.9803 0.002479
14.18606 1448531 -7.5363 -0.006262
14.18831 1451793 -1.3876 -0.001152
14.19056 1455062 6.8519 0.005680
14.19281 1458338 -0.3512 -0.000291
14.19506 1461622 2.8852 0.002386
14.19731 1464913 4.8354 0.003995
14.19956 1468211 8.9057 0.007350
14.20180 1471517 11.3660 0.009370
14.20405 1474831 6.2050 0.005109
14.20630 1478152 3.4450 0.002834
14.20855 1481480 -1.0663 -0.000876
14.21080 1484816 2.9816 0.002447
14.21305 1488159 4.9913 0.004092
14.21530 1491510 9.2743 0.007594
14.21755 1494869 9.6855 0.007922
14.21980 1498235 3.0492 0.002491
14.22205 1501608 8.6529 0.007061
14.22430 1504989 10.7696 0.008779
14.22655 1508378 11.2591 0.009167
14.22880 1511775 6.3821 0.005191
14.23104 1515179 11.6606 0.009473
14.23329 1518590 5.4827 0.004449
14.23554 1522010 19.7623 0.016019
14.23779 1525437 19.0285 0.015407
14.24004 1528872 18.1113 0.014648
14.24229 1532314 16.7245 0.013511
14.24454 1535765 16.2232 0.013091
14.24679 1539223 14.5166 0.011701
14.24904 1542689 13.2466 0.010665
14.25129 1546162 11.3805 0.009152
14.25354 1549644 15.8334 0.012719
14.25578 1553133 10.3132 0.008275
14.25803 1556630 10.9436 0.008771
14.26028 1560135 12.0749 0.009667
14.26253 1563648 7.7671 0.006211
14.26478 1567169 5.3293 0.004257
14.26703 1570698 7.5025 0.005986
14.26928 1574235 10.0461 0.008007
14.27153 1577779 0.6832 0.000544
14.27378 1581332 1.4000 0.001113
14.27603 1584893 0.5444 0.000432
14.27828 1588461 -9.2431 -0.007334
14.28053 1592038 -1.6076 -0.001274
14.28277 1595623 10.2537 0.008117
14.28502 1599216 8.3681 0.006617
14.28727 1602817 15.5532 0.012285
14.28952 1606426 13.5831 0.010717
14.29177 1610043 21.7844 0.017168
14.29402 1613668 27.7680 0.021859
14.29627 1617302 32.6846 0.025701
14.29852 1620943 33.6959 0.026466
14.30077 1624593 43.1402 0.033846
14.30302 1628251 41.7719 0.032736
14.30527 1631918 36.8940 0.028881
14.30752 1635592 42.8632 0.033516
14.30976 1639275 47.9998 0.037490
14.31201 1642966 47.7334 0.037240
14.31426 1646666 53.3241 0.041555
14.31651 1650374 43.5103 0.033869
14.31876 1654090 49.5143 0.038499
14.32101 1657814 50.9369 0.039561
14.32326 1661547 50.4779 0.039160
14.32551 1665289 45.4109 0.035190
14.32776 1669038 38.7063 0.029960
14.33001 1672796 36.1365 0.027940
14.33226 1676563 29.7538 0.022979
14.33451 1680338 28.6412 0.022095
14.33675 1684122 28.6715 0.022093
14.33900 1687914 28.8691 0.022221
14.34125 1691715 28.5977 0.021987
14.34350 1695524 31.7774 0.024404
14.34575 1699342 28.3708 0.021764
14.34800 1703168 33.1111 0.025371
14.35025 1707003 28.5637 0.021862
14.35250 1710847 33.8144 0.025852
14.35475 1714699 36.8412 0.028135
14.35700 1718560 30.3291 0.023135
14.35925 1722430 18.1142 0.013802
14.36150 1726308 14.8177 0.011278
14.36374 1730195 10.2394 0.007784
14.36599 1734091 10.8332 0.008227
14.36824 1737996 4.4507 0.003376
14.37049 1741909 -1.7965 -0.001361
14.37274 1745831 15.6174 0.011820
14.37499 1749763 18.5113 0.013994
14.37724 1753702 21.9685 0.016589
14.37949 1757651 19.1476 0.014443
14.38174 1761609 21.6916 0.016343
14.38399 1765576 20.5538 0.015469
14.38624 1769551 17.4832 0.013143
14.38849 1773536 13.3413 0.010018
14.39073 1777529 18.5809 0.013937
14.39298 1781532 27.0738 0.020284
14.39523 1785543 25.0541 0.018750
14.39748 1789564 11.7691 0.008798
14.39973 1793593 2.1642 0.001616
14.40198 1797632 -5.9092 -0.004407
14.40423 1801679 -10.3250 -0.007692
14.40648 1805736 -10.7471 -0.007998
14.40873 1809802 -12.5735 -0.009346
14.41098 1813877 -16.3992 -0.012176
14.41323 1817962 -12.7824 -0.009480
14.41548 1822055 -19.7482 -0.014630
14.41772 1826158 -24.1701 -0.017886
14.41997 1830270 -20.1814 -0.014917
14.42222 1834391 -31.8760 -0.023535
14.42447 1838522 -34.4881 -0.025435
14.42672 1842661 -36.9183 -0.027197
14.42897 1846811 -29.8238 -0.021946
14.43122 1850969 -43.9370 -0.032295
14.43347 1855137 -33.2940 -0.024444
14.43572 1859314 -27.3861 -0.020084
14.43797 1863501 -22.9522 -0.016814
14.44022 1867697 -18.1656 -0.013292
14.44247 1871902 -16.0798 -0.011753
14.44471 1876117 -18.1605 -0.013259
14.44696 1880342 -28.3392 -0.020667
14.44921 1884576 -27.0109 -0.019676
14.45146 1888819 -21.3887 -0.015563
14.45371 1893072 -19.1402 -0.013911
14.45596 1897335 -23.4890 -0.017053
14.45821 1901607 -21.0232 -0.015245
14.46046 1905889 -21.8262 -0.015810
14.46271 1910180 -25.7590 -0.018638
14.46496 1914481 -27.8247 -0.020110
14.46721 1918792 -30.2317 -0.021825
14.46946 1923113 -34.7893 -0.025087
14.47170 1927443 -30.7183 -0.022126
14.47395 1931783 -22.1668 -0.015949
14.47620 1936133 -23.3550 -0.016785
14.47845 1940493 -14.1722 -0.010174
14.48070 1944862 -25.6764 -0.018412
14.48295 1949241 -31.0123 -0.022213
14.48520 1953630 -25.9446 -0.018562
14.48745 1958029 -28.4867 -0.020358
14.48970 1962438 -32.8087 -0.023420
14.49195 1966857 -30.9136 -0.022043
14.49420 1971286 -34.0659 -0.024263
14.49645 1975725 -23.9269 -0.017022
14.49869 1980173 -24.6262 -0.017500
14.50094 1984632 -29.7762 -0.021136
14.50319 1989101 -21.7447 -0.015418
14.50544 1993580 -22.6586 -0.016048
14.50769 1998069 -21.8621 -0.015466
14.50994 2002568 -19.7441 -0.013952
14.51219 2007077 -27.5410 -0.019440
14.51444 2011596 -18.4721 -0.013024
14.51669 2016126 -16.5346 -0.011645
14.51894 2020665 -13.1878 -0.009277
14.52119 2025215 -9.4899 -0.006668
14.52344 2029775 -22.4566 -0.015762
14.52568 2034346 -9.4963 -0.006658
14.52793 2038927 -7.5234 -0.005269
14.53018 2043518 5.7499 0.004022
14.53243 2048119 12.0103 0.008392
14.53468 2052731 2.2345 0.001560
14.53693 2057353 -1.4990 -0.001045
14.53918 2061986 -8.1497 -0.005675
14.54143 2066628 -6.1116 -0.004251
14.54368 2071282 -13.0888 -0.009095
14.54593 2075946 -25.3816 -0.017616
14.54818 2080620 -24.2166 -0.016789
14.55043 2085305 -17.1872 -0.011902
14.55268 2090001 -15.5327 -0.010744
14.55492 2094707 -8.3822 -0.005792
14.55717 2099423 -12.7842 -0.008823
14.55942 2104151 -11.9875 -0.008264
14.56167 2108889 -14.6804 -0.010109
14.56392 2113637 -16.6196 -0.011432
14.56617 2118396 -13.3793 -0.009192
14.56842 2123166 -4.8272 -0.003313
14.57067 2127947 -8.8068 -0.006037
14.57292 2132739 -7.7379 -0.005299
14.57517 2137541 -7.4309 -0.005083
14.57742 2142354 -7.1460 -0.004882
14.57966 2147178 -9.0189 -0.006155
14.58191 2152013 -6.0351 -0.004114
14.58416 2156858 -13.5754 -0.009244
14.58641 2161715 -19.6280 -0.013350
14.58866 2166583 -16.4687 -0.011188
14.59091 2171461 -29.5659 -0.020064
14.59316 2176350 -40.2785 -0.027303
14.59541 2181251 -45.5980 -0.030874
14.59766 2186162 -46.4551 -0.031419
14.59991 2191085 -45.4332 -0.030693
14.60216 2196019 -52.3914 -0.035354
14.60441 2200964 -53.9116 -0.036339
14.60665 2205919 -51.1597 -0.034446
14.60890 2210886 -43.2250 -0.029070
14.61115 2215865 -32.8211 -0.022049
14.61340 2220854 -40.6497 -0.027277
14.61565 2225855 -43.4190 -0.029103
14.61790 2230867 -42.6936 -0.028584
14.62015 2235890 -39.4738 -0.026399
14.62240 2240925 -35.2683 -0.023560
14.62465 2245971 -30.0985 -0.020084
14.62690 2251028 -18.4347 -0.012287
14.62915 2256096 -4.2422 -0.002824
14.63140 2261176 -8.0781 -0.005372
14.63364 2266268 -4.0961 -0.002721
14.63589 2271371 -3.8381 -0.002547
14.63814 2276485 -9.4708 -0.006277
14.64039 2281611 -9.5242 -0.006305
14.64264 2286749 -9.6439 -0.006377
14.64489 2291898 -5.7418 -0.003793
14.64714 2297059 1.2414 0.000819
14.64939 2302231 10.5413 0.006947
14.65164 2307415 11.8728 0.007816
14.65389 2312610 1.0284 0.000676
14.65614 2317818 -5.7087 -0.003750
14.65839 2323037 -14.0678 -0.009230
14.66063 2328267 -9.8030 -0.006425
14.66288 2333510 -4.4644 -0.002923
14.66513 2338764 -13.4264 -0.008779
14.66738 2344031 -10.7726 -0.007036
14.66963 2349309 -9.5827 -0.006252
14.67188 2354599 -0.7144 -0.000466
14.67413 2359900 -12.9556 -0.008434
14.67638 2365214 -4.6047 -0.002994
14.67863 2370540 0.3908 0.000254
14.68088 2375878 -5.8301 -0.003782
14.68313 2381227 -16.8056 -0.010891
14.68538 2386589 -18.4518 -0.011944
14.68762 2391963 -13.5166 -0.008740
14.68987 2397349 -4.9767 -0.003214
14.69212 2402747 -10.7267 -0.006920
14.69437 2408158 0.6194 0.000399
14.69662 2413580 2.2961 0.001478
14.69887 2419015 6.0313 0.003878
14.70112 2424462 19.3015 0.012396
14.70337 2429921 15.6986 0.010071
14.70562 2435392 13.5814 0.008703
14.70787 2440876 19.0213 0.012175
14.71012 2446372 26.1999 0.016751
14.71237 2451881 25.2177 0.016105
14.71461 2457401 26.4306 0.016860
14.71686 2462935 31.3294 0.019963
14.71911 2468481 41.3593 0.026324
14.72136 2474039 47.3195 0.030084
14.72361 2479610 57.3799 0.036439
14.72586 2485193 62.9599 0.039938
14.72811 2490789 62.9626 0.039895
14.73036 2496397 64.2160 0.040643
14.73261 2502018 63.0755 0.039876
14.73486 2507652 61.0707 0.038566
14.73711 2513299 50.4018 0.031792
14.73936 2518958 31.7486 0.020004
14.74161 2524630 41.2585 0.025967
14.74385 2530315 40.5609 0.025499
14.74610 2536012 38.0955 0.023922
14.74835 2541722 39.7669 0.024943
14.75060 2547446 37.4379 0.023456
14.75285 2553182 21.2346 0.013289
14.75510 2558931 16.7129 0.010448
14.75735 2564693 22.7528 0.014207
14.75960 2570468 24.8470 0.015498
14.76185 2576255 16.0342 0.009990
14.76410 2582056 17.8744 0.011124
14.76635 2587870 13.6539 0.008488
14.76860 2593698 6.0571 0.003761
14.77084 2599538 9.6522 0.005987
14.77309 2605391 10.9055 0.006756
14.77534 2611258 20.5109 0.012693
14.77759 2617137 21.3183 0.013178
14.77984 2623030 23.9198 0.014769
14.78209 2628937 12.6018 0.007772
14.78434 2634856 13.8493 0.008532
14.78659 2640789 24.3839 0.015005
14.78884 2646735 24.7845 0.015234
14.79109 2652695 35.1240 0.021566
14.79334 2658668 42.4146 0.026013
14.79559 2664655 41.1577 0.025213
14.79783 2670655 31.7299 0.019416
14.80008 2676668 24.5859 0.015028
14.80233 2682695 30.3272 0.018516
14.80458 2688736 28.4535 0.017352
14.80683 2694790 21.3227 0.012989
14.80908 2700858 19.6285 0.011944
14.81133 2706940 21.8767 0.013297
14.81358 2713035 24.8314 0.015076
14.81583 2719144 12.2677 0.007440
14.81808 2725266 0.9633 0.000583
14.82033 2731403 9.4143 0.005696
14.82258 2737553 22.2201 0.013430
14.82482 2743717 27.2549 0.016454
14.82707 2749895 40.0186 0.024133
14.82932 2756087 43.3109 0.026089
14.83157 2762293 47.8453 0.028788
14.83382 2768513 42.4648 0.025521
14.83607 2774747 51.3263 0.030813
14.83832 2780995 41.5193 0.024897
14.84057 2787257 31.2044 0.018691
14.84282 2793533 29.0261 0.017366
14.84507 2799823 38.0999 0.022770
14.84732 2806127 30.8068 0.018390
14.84957 2812446 32.9104 0.019624
14.85181 2818779 52.6266 0.031345
14.85406 2825126 55.2037 0.032843
14.85631 2831487 50.9761 0.030294
14.85856 2837863 51.8495 0.030779
14.86081 2844253 51.0475 0.030268
14.86306 2850657 55.4405 0.032836
14.86531 2857076 60.5100 0.035799
14.86756 2863509 57.9618 0.034253
14.86981 2869957 56.9703 0.033629
14.87206 2876419 48.1253 0.028376
14.87431 2882896 34.3431 0.020227
14.87655 2889387 45.8388 0.026967
14.87880 2895894 40.7595 0.023952
14.88105 2902414 38.3403 0.022505
14.88330 2908950 40.7226 0.023876
14.88555 2915500 40.4439 0.023686
14.88780 2922064 34.2112 0.020014
14.89005 2928644 19.5177 0.011405
14.89230 2935238 21.3957 0.012488
14.89455 2941848 15.7780 0.009199
14.89680 2948472 3.7246 0.002169
14.89905 2955111 -6.0272 -0.003506
14.90130 2961765 -7.8127 -0.004540
14.90355 2968434 1.2137 0.000704
14.90579 2975118 -3.1570 -0.001830
14.90804 2981817 -15.4424 -0.008943
14.91029 2988531 -14.1616 -0.008192
14.91254 2995261 -12.6688 -0.007320
14.91479 3002005 -12.1110 -0.006990
14.91704 3008765 -8.1977 -0.004726
14.91929 3015539 -10.1568 -0.005849
14.92154 3022329 -10.6819 -0.006144
14.92379 3029135 -18.1036 -0.010402
14.92604 3035956 -0.6079 -0.000349
14.92829 3042792 0.3609 0.000207
14.93054 3049643 6.9974 0.004007
14.93278 3056510 2.3650 0.001353
14.93503 3063392 2.0905 0.001194
14.93728 3070290 12.3521 0.007049
14.93953 3077203 14.4452 0.008235
14.94178 3084132 9.8915 0.005632
14.94403 3091077 7.3867 0.004201
14.94628 3098037 1.7975 0.001021
14.94853 3105013 -6.6628 -0.003781
14.95078 3112005 -22.0203 -0.012483
14.95303 3119012 -8.8748 -0.005025
14.95528 3126035 -12.4413 -0.007037
14.95753 3133074 -19.3411 -0.010927
14.95977 3140129 -14.3833 -0.008117
14.96202 3147199 -25.8377 -0.014564
14.96427 3154286 -28.5525 -0.016077
14.96652 3161388 -25.0612 -0.014095
14.96877 3168507 -9.1355 -0.005132
14.97102 3175641 -9.3176 -0.005229
14.97327 3182792 4.0111 0.002248
14.97552 3189959 -8.2984 -0.004646
14.97777 3197141 -20.7428 -0.011601
14.98002 3204340 -28.3283 -0.015825
14.98227 3211556 -18.2251 -0.010170
14.98452 3218787 -29.8005 -0.016610
14.98676 3226035 -34.5628 -0.019243
14.98901 3233299 -25.3983 -0.014125
14.99126 3240579 -27.2610 -0.015144
14.99351 3247876 -25.1417 -0.013951
14.99576 3255189 -45.1826 -0.025043
14.99801 3262519 -56.5265 -0.031295
15.00026 3269865 -56.4836 -0.031236
15.00251 3277228 -63.3237 -0.034979
15.00476 3284607 -78.3425 -0.043227
15.00701 3292003 -80.0582 -0.044124
15.00926 3299416 -81.7612 -0.045012
15.01151 3306845 -78.7018 -0.043279
15.01375 3314291 -82.3243 -0.045220
15.01600 3321754 -97.2297 -0.053348
15.01825 3329234 -104.8416 -0.057459
15.02050 3336730 -107.9409 -0.059092
15.02275 3344243 -116.6530 -0.063789
15.02500 3351773 -116.5947 -0.063686
15.02725 3359321 -105.4581 -0.057538
15.02950 3366885 -101.5153 -0.055324
15.03175 3374466 -113.2842 -0.061669
15.03400 3382064 -107.2119 -0.058298
15.03625 3389680 -101.7451 -0.055263
15.03850 3397312 -86.3544 -0.046851
15.04074 3404962 -84.3927 -0.045735
15.04299 3412629 -89.7493 -0.048583
15.04524 3420313 -70.8606 -0.038315
15.04749 3428015 -66.9212 -0.036145
15.04974 3435734 -67.5286 -0.036432
15.05199 3443470 -62.7110 -0.033794
15.05424 3451223 -53.3301 -0.028707
15.05649 3458995 -43.5586 -0.023421
15.05874 3466783 -43.5348 -0.023382
15.06099 3474589 -47.9099 -0.025702
15.06324 3482413 -49.9547 -0.026769
15.06549 3490254 -58.1138 -0.031106
15.06773 3498113 -75.2898 -0.040255
15.06998 3505990 -62.9432 -0.033616
15.07223 3513885 -66.3925 -0.035418
15.07448 3521797 -60.0956 -0.032023
15.07673 3529727 -67.7750 -0.036074
15.07898 3537675 -50.6643 -0.026937
15.08123 3545640 -42.0198 -0.022316
15.08348 3553624 -56.6357 -0.030044
15.08573 3561626 -68.8427 -0.036478
15.08798 3569646 -70.2395 -0.037177
15.09023 3577683 -60.2151 -0.031835
15.09248 3585739 -60.3016 -0.031845
15.09472 3593813 -58.3283 -0.030768
15.09697 3601905 -61.0757 -0.032181
15.09922 3610016 -65.0302 -0.034226
15.10147 3618144 -61.0125 -0.032076
15.10372 3626291 -63.9710 -0.033593
15.10597 3634457 -51.9564 -0.027253
15.10822 3642640 -49.2760 -0.025818
15.11047 3650843 -62.3898 -0.032653
15.11272 3659063 -59.4952 -0.031103
15.11497 3667302 -51.3175 -0.026797
15.11722 3675560 -59.3849 -0.030975
15.11947 3683836 -46.1335 -0.024036
15.12171 3692131 -41.6854 -0.021694
15.12396 3700445 -42.9678 -0.022337
15.12621 3708777 -28.8119 -0.014961
15.12846 3717128 -24.6333 -0.012777
15.13071 3725498 -30.6311 -0.015870
15.13296 3733887 -23.6803 -0.012255
15.13521 3742294 -19.0718 -0.009859
15.13746 3750721 -12.9757 -0.006700
15.13971 3759166 -6.8292 -0.003522
15.14196 3767631 -12.6774 -0.006531
15.14421 3776114 -12.4276 -0.006395
15.14646 3784617 5.2329 0.002690
15.14870 3793139 -5.4742 -0.002811
15.15095 3801680 -7.3394 -0.003764
15.15320 3810240 1.6204 0.000830
15.15545 3818819 2.5237 0.001291
15.15770 3827418 14.1813 0.007249
15.15995 3836036 11.2845 0.005762
15.16220 3844674 8.3447 0.004256
15.16445 3853331 20.1599 0.010270
15.16670 3862008 2.2599 0.001150
15.16895 3870704 15.2873 0.007770
15.17120 3879419 34.5107 0.017521
15.17345 3888155 47.9047 0.024294
15.17569 3896910 45.3987 0.022998
15.17794 3905684 37.8151 0.019134
15.18019 3914479 41.1753 0.020811
15.18244 3923293 51.7938 0.026149
15.18469 3932127 28.1073 0.014174
15.18694 3940981 31.7460 0.015991
15.18919 3949855 39.3451 0.019797
15.19144 3958749 35.2602 0.017722
15.19369 3967663 33.9790 0.017059
15.19594 3976597 31.7022 0.015898
15.19819 3985551 36.0514 0.018058
15.20044 3994525 44.7553 0.022393
15.20268 4003520 44.5436 0.022262
15.20493 4012534 43.9244 0.021928
15.20718 4021569 48.2611 0.024066
15.20943 4030625 45.6564 0.022741
15.21168 4039700 44.2308 0.022006
15.21393 4048797 47.2872 0.023501
15.21618 4057913 49.8371 0.024740
15.21843 4067050 35.9252 0.017814
15.22068 4076208 39.3676 0.019499
15.22293 4085387 51.8111 0.025633
15.22518 4094586 57.8503 0.028589
15.22743 4103805 43.6775 0.021561
15.22967 4113046 37.3323 0.018408
15.23192 4122307 33.8907 0.016692
15.23417 4131589 46.4616 0.022858
15.23642 4140893 54.2964 0.026682
15.23867 4150217 63.2103 0.031028
15.24092 4159562 77.6339 0.038065
15.24317 4168928 69.8401 0.034205
15.24542 4178315 60.3393 0.029519
15.24767 4187723 64.3379 0.031440
15.24992 4197153 57.2555 0.027947
15.25217 4206603 55.3871 0.027005
15.25442 4216075 46.6940 0.022741
15.25666 4225569 47.4746 0.023095
15.25891 4235083 61.4267 0.029849
15.26116 4244620 58.8879 0.028583
15.26341 4254177 67.4777 0.032715
15.26566 4263756 69.9706 0.033886
15.26791 4273357 62.0112 0.029998
15.27016 4282979 54.2892 0.026233
15.27241 4292623 49.3956 0.023841
15.27466 4302289 42.5849 0.020531
15.27691 4311976 34.2576 0.016498
15.27916 4321686 21.4184 0.010303
15.28141 4331417 21.7532 0.010452
15.28365 4341170 0.1612 0.000077
15.28590 4350945 1.2540 0.000601
15.28815 4360742 9.2457 0.004427
15.29040 4370561 12.9548 0.006197
15.29265 4380402 -4.4301 -0.002117
15.29490 4390266 1.5111 0.000721
15.29715 4400151 5.2663 0.002511
15.29940 4410059 7.8657 0.003746
15.30165 4419989 16.3769 0.007790
15.30390 4429942 14.0679 0.006684
15.30615 4439916 22.7841 0.010813
15.30840 4449914 12.4108 0.005883
15.31064 4459934 0.8216 0.000389
15.31289 4469976 -9.6463 -0.004563
15.31514 4480041 -8.8260 -0.004170
15.31739 4490129 -17.3255 -0.008176
15.31964 4500239 -16.9118 -0.007972
15.32189 4510372 -22.7280 -0.010702
15.32414 4520528 -21.0021 -0.009878
15.32639 4530707 -12.2651 -0.005762
15.32864 4540909 -15.6976 -0.007367
15.33089 4551134 -9.2828 -0.004351
15.33314 4561382 -12.9242 -0.006051
15.33539 4571653 -22.3403 -0.010448
15.33763 4581946 -21.0560 -0.009837
15.33988 4592264 -46.6791 -0.021783
15.34213 4602604 -50.4411 -0.023512
15.34438 4612968 -33.5937 -0.015641
15.34663 4623355 -31.4430 -0.014623
15.34888 4633765 -33.6277 -0.015622
15.35113 4644199 -30.0289 -0.013934
15.35338 4654656 -42.3031 -0.019608
15.35563 4665137 -22.6368 -0.010481
15.35788 4675642 -25.6877 -0.011880
15.36013 4686170 -33.0123 -0.015250
15.36238 4696722 -17.8455 -0.008234
15.36462 4707297 -25.5786 -0.011789
15.36687 4717897 -33.1606 -0.015267
15.36912 4728520 -48.3789 -0.022248
15.37137 4739167 -45.2085 -0.020767
15.37362 4749838 -48.4671 -0.022239
15.37587 4760534 -28.7455 -0.013175
15.37812 4771253 -27.1165 -0.012414
15.38037 4781996 -31.9664 -0.014618
15.38262 4792764 -25.9597 -0.011858
15.38487 4803556 -12.5651 -0.005733
15.38712 4814372 -17.0367 -0.007765
15.38937 4825212 -27.6302 -0.012578
15.39161 4836077 -29.4759 -0.013404
15.39386 4846967 -50.1973 -0.022801
15.39611 4857881 -51.6573 -0.023437
15.39836 4868819 -43.9657 -0.019925
15.40061 4879782 -33.5556 -0.015190
15.40286 4890770 -32.6073 -0.014744
15.40511 4901783 -21.7066 -0.009804
15.40736 4912820 -9.1882 -0.004145
15.40961 4923882 -19.4298 -0.008756
15.41186 4934969 -25.5203 -0.011488
15.41411 4946081 -12.8516 -0.005779
15.41636 4957218 -14.3359 -0.006439
15.41860 4968381 -14.2714 -0.006403
15.42085 4979568 -28.9308 -0.012965
15.42310 4990780 -21.7027 -0.009715
15.42535 5002018 -19.6364 -0.008780
15.42760 5013281 -33.6518 -0.015030
15.42985 5024570 -30.3530 -0.013541
15.43210 5035883 -32.6679 -0.014557
15.43435 5047223 -33.9819 -0.015126
15.43660 5058587 -47.6441 -0.021183
15.43885 5069978 -51.3496 -0.022805
15.44110 5081394 -67.1339 -0.029782
15.44335 5092836 -67.4466 -0.029887
15.44559 5104303 -58.2614 -0.025788
15.44784 5115797 -38.9895 -0.017238
15.45009 5127316 -47.6768 -0.021055
15.45234 5138861 -37.2872 -0.016449
15.45459 5150432 -40.8721 -0.018010
15.45684 5162029 -55.3704 -0.024371
15.45909 5173653 -55.8794 -0.024567
15.46134 5185302 -58.6937 -0.025775
15.46359 5196978 -46.9564 -0.020598
15.46584 5208680 -39.7628 -0.017423
15.46809 5220408 -36.5562 -0.016000
15.47034 5232163 -46.9607 -0.020530
15.47258 5243944 -28.5227 -0.012455
15.47483 5255752 -21.9421 -0.009571
15.47708 5267587 -3.8796 -0.001690
15.47933 5279448 -10.9532 -0.004767
15.48158 5291335 5.7930 0.002518
15.48383 5303250 -5.8340 -0.002533
15.48608 5315191 -14.5637 -0.006317
15.48833 5327159 -17.9454 -0.007775
15.49058 5339154 -33.6329 -0.014556
15.49283 5351177 -30.3712 -0.013129
15.49508 5363226 -36.6112 -0.015809
15.49733 5375302 -47.2378 -0.020375
15.49957 5387406 -37.7297 -0.016255
15.50182 5399537 -50.6876 -0.021813
15.50407 5411695 -44.8484 -0.019279
15.50632 5423880 -49.8108 -0.021388
15.50857 5436093 -52.1046 -0.022348
15.51082 5448334 -38.1984 -0.016365
15.51307 5460602 -18.5321 -0.007931
15.51532 5472897 -38.7007 -0.016543
15.51757 5485221 -36.6601 -0.015653
15.51982 5497572 -39.4300 -0.016817
15.52207 5509951 -26.5181 -0.011297
15.52432 5522357 -27.3399 -0.011634
15.52656 5534792 -31.7724 -0.013505
15.52881 5547255 -29.5616 -0.012551
15.53106 5559745 -39.7373 -0.016853
15.53331 5572264 -34.7887 -0.014737
15.53556 5584811 -37.1767 -0.015731
15.53781 5597387 -32.7492 -0.013842
15.54006 5609990 -48.6924 -0.020558
15.54231 5622622 -48.8943 -0.020620
15.54456 5635283 -72.7747 -0.030657
15.54681 5647972 -79.5225 -0.033461
15.54906 5660689 -84.3511 -0.035453
15.55131 5673435 -90.8672 -0.038149
15.55355 5686210 -99.1867 -0.041595
15.55580 5699014 -101.1185 -0.042358
15.55805 5711846 -111.3404 -0.046587
15.56030 5724708 -116.0244 -0.048492
15.56255 5737598 -109.6419 -0.045773
15.56480 5750517 -91.6881 -0.038235
15.56705 5763466 -79.4490 -0.033094
15.56930 5776443 -68.2294 -0.028388
15.57155 5789450 -83.2348 -0.034593
15.57380 5802486 -75.4998 -0.031343
15.57605 5815552 -85.6534 -0.035518
15.57830 5828647 -98.3720 -0.040746
15.58054 5841771 -91.0893 -0.037687
15.58279 5854925 -94.6225 -0.039105
15.58504 5868108 -98.1848 -0.040532
15.58729 5881322 -79.3987 -0.032740
15.58954 5894565 -85.5732 -0.035246
15.59179 5907837 -89.5452 -0.036841
15.59404 5921140 -94.6289 -0.038888
15.59629 5934473 -91.4347 -0.037534
15.59854 5947835 -115.8779 -0.047514
15.60079 5961228 -110.7541 -0.045362
15.60304 5974651 -103.9171 -0.042514
15.60529 5988104 -82.5859 -0.033749
15.60753 6001587 -64.3919 -0.026284
15.60978 6015101 -59.2250 -0.024148
15.61203 6028645 -56.9743 -0.023204
15.61428 6042220 -54.6842 -0.022247
15.61653 6055825 -49.8501 -0.020257
15.61878 6069461 -29.4696 -0.011962
15.62103 6083128 -43.4022 -0.017597
15.62328 6096825 -50.5110 -0.020457
15.62553 6110553 -55.0344 -0.022264
15.62778 6124313 -58.0530 -0.023458
15.63003 6138103 -57.7193 -0.023297
15.63228 6151924 -46.9691 -0.018937
15.63452 6165776 -40.8393 -0.016447
15.63677 6179660 -39.5107 -0.015894
15.63902 6193574 -49.8739 -0.020040
15.64127 6207520 -72.0925 -0.028935
15.64352 6221498 -59.4039 -0.023816
15.64577 6235507 -54.5587 -0.021849
15.64802 6249547 -38.7929 -0.015518
15.65027 6263619 -28.6813 -0.011460
15.65252 6277723 -12.3060 -0.004912
15.65477 6291859 -21.9857 -0.008765
15.65702 6306026 -27.2736 -0.010861
15.65927 6320225 -42.0481 -0.016726
15.66151 6334457 -63.1832 -0.025104
15.66376 6348720 -78.1433 -0.031013
15.66601 6363015 -76.9976 -0.030524
15.66826 6377343 -74.1948 -0.029380
15.67051 6391703 -61.6638 -0.024391
15.67276 6406095 -51.3811 -0.020301
15.67501 6420520 -58.1446 -0.022947
15.67726 6434977 -56.2240 -0.022164
15.67951 6449466 -44.1324 -0.017378
15.68176 6463989 -22.0984 -0.008692
15.68401 6478543 -17.3882 -0.006831
15.68626 6493131 -37.4852 -0.014711
15.68850 6507752 -55.4011 -0.021717
15.69075 6522405 -53.6508 -0.021007
15.69300 6537092 -57.1842 -0.022366
15.69525 6551811 -65.8429 -0.025723
15.69750 6566564 -67.2431 -0.026241
15.69975 6581350 -64.7342 -0.025233
15.70200 6596169 -76.6618 -0.029849
15.70425 6611022 -100.6475 -0.039144
15.70650 6625908 -114.2686 -0.044392
15.70875 6640827 -103.3028 -0.040087
15.71100 6655780 -132.1314 -0.051216
15.71325 6670767 -118.9347 -0.046049
15.71549 6685788 -84.4116 -0.032646
15.71774 6700842 -87.1690 -0.033674
15.71999 6715931 -95.9736 -0.037034
15.72224 6731053 -108.5665 -0.041846
15.72449 6746209 -109.5443 -0.042175
15.72674 6761400 -113.1321 -0.043508
15.72899 6776624 -99.7432 -0.038316
15.73124 6791883 -92.7408 -0.035586
15.73349 6807176 -116.3415 -0.044591
15.73574 6822504 -104.2017 -0.039894
15.73799 6837866 -102.9512 -0.039371
15.74024 6853263 -80.4391 -0.030727
15.74248 6868695 -77.3104 -0.029499
15.74473 6884161 -64.1799 -0.024461
15.74698 6899662 -62.1973 -0.023679
15.74923 6915198 -76.5017 -0.029092
15.75148 6930769 -91.5762 -0.034785
15.75373 6946375 -76.3005 -0.028950
15.75598 6962016 -53.8133 -0.020395
15.75823 6977692 -49.6814 -0.018808
15.76048 6993404 -50.7615 -0.019195
15.76273 7009151 -69.0604 -0.026085
15.76498 7024933 -60.1598 -0.022698
15.76723 7040752 -55.3750 -0.020869
15.76947 7056605 -56.0716 -0.021108
15.77172 7072495 -52.6610 -0.019802
15.77397 7088420 -51.5541 -0.019364
15.77622 7104381 -67.9641 -0.025499
15.77847 7120378 -47.4332 -0.017776
15.78072 7136410 -36.0141 -0.013481
15.78297 7152480 -41.7223 -0.015601
15.78522 7168585 -37.7905 -0.014115
15.78747 7184726 -38.7924 -0.014472
15.78972 7200904 -28.7606 -0.010718
15.79197 7217118 -23.7753 -0.008850
15.79422 7233369 -27.7621 -0.010322
15.79646 7249657 -23.0702 -0.008568
15.79871 7265981 -27.6715 -0.010266
15.80096 7282341 -16.1889 -0.005999
15.80321 7298739 -30.3615 -0.011238
15.80546 7315174 -23.1374 -0.008555
15.80771 7331645 -28.4380 -0.010503
15.80996 7348154 -13.2063 -0.004872
15.81221 7364700 -12.5047 -0.004608
15.81446 7381283 -25.3958 -0.009348
15.81671 7397903 -12.1160 -0.004455
15.81896 7414561 -23.7234 -0.008712
15.82121 7431256 -4.6047 -0.001689
15.82345 7447989 18.6593 0.006837
15.82570 7464760 7.0231 0.002571
15.82795 7481568 5.2402 0.001916
15.83020 7498415 -2.8347 -0.001035
15.83245 7515299 -9.8771 -0.003603
15.83470 7532221 -14.8540 -0.005412
15.83695 7549181 -20.7122 -0.007538
15.83920 7566180 -27.2181 -0.009895
15.84145 7583216 -30.0389 -0.010908
15.84370 7600292 -16.0633 -0.005827
15.84595 7617405 -46.8962 -0.016992
15.84820 7634557 -51.1500 -0.018512
15.85044 7651748 -60.0741 -0.021717
15.85269 7668977 -39.7020 -0.014337
15.85494 7686246 -42.3867 -0.015289
15.85719 7703553 -65.8598 -0.023729
15.85944 7720899 -57.3149 -0.020627
15.86169 7738284 -44.9692 -0.016166
15.86394 7755708 -25.1076 -0.009016
15.86619 7773172 -33.4806 -0.012009
15.86844 7790675 -43.4460 -0.015565
15.87069 7808217 -48.0073 -0.017180
15.87294 7825799 -51.0631 -0.018253
15.87519 7843420 -71.6027 -0.025567
15.87743 7861081 -80.3342 -0.028652
15.87968 7878782 -76.0722 -0.027102
15.88193 7896522 -81.0451 -0.028841
15.88418 7914303 -66.2247 -0.023540
15.88643 7932124 -70.5951 -0.025066
15.88868 7949984 -63.0060 -0.022346
15.89093 7967885 -73.4150 -0.026008
15.89318 7985827 -97.8239 -0.034617
15.89543 8003808 -89.1591 -0.031515
15.89768 8021830 -85.8319 -0.030305
15.89993 8039893 -91.1051 -0.032130
15.90218 8057997 -71.3526 -0.025136
15.90442 8076141 -105.1845 -0.037013
15.90667 8094326 -122.0175 -0.042888
15.90892 8112552 -103.6078 -0.036376
15.91117 8130819 -114.0906 -0.040011
15.91342 8149127 -118.9011 -0.041651
15.91567 8167476 -103.0500 -0.036058
15.91792 8185867 -85.1032 -0.029745
15.92017 8204299 -87.9957 -0.030721
15.92242 8222773 -99.0082 -0.034527
15.92467 8241288 -92.0804 -0.032075
15.92692 8259845 -108.6986 -0.037821
15.92917 8278444 -130.5369 -0.045369
15.93141 8297084 -122.8157 -0.042637
15.93366 8315767 -103.0220 -0.035726
15.93591 8334491 -117.0739 -0.040553
15.93816 8353258 -116.2717 -0.040230
15.94041 8372067 -120.3583 -0.041597
15.94266 8390918 -108.2238 -0.037361
15.94491 8409812 -99.9216 -0.034456
15.94716 8428749 -113.2106 -0.038995
15.94941 8447728 -114.7317 -0.039474
15.95166 8466749 -112.2736 -0.038585
15.95391 8485814 -95.5827 -0.032812
15.95616 8504921 -97.2885 -0.033360
15.95840 8524072 -104.2208 -0.035697
15.96065 8543266 -83.8943 -0.028703
15.96290 8562502 -82.9595 -0.028351
15.96515 8581783 -88.2038 -0.030109
15.96740 8601106 -54.2462 -0.018497
15.96965 8620473 -40.0734 -0.013649
15.97190 8639884 -34.6785 -0.011798
15.97415 8659338 -28.1287 -0.009559
15.97640 8678837 -48.6135 -0.016502
15.97865 8698379 -41.7508 -0.014156
15.98090 8717965 -43.9108 -0.014872
15.98315 8737595 -46.2790 -0.015656
15.98539 8757270 -71.7902 -0.024259
15.98764 8776988 -46.2536 -0.015613
15.98989 8796751 -54.2899 -0.018304
15.99214 8816559 -57.3826 -0.019325
15.99439 8836411 -65.1803 -0.021927
15.99664 8856308 -55.4913 -0.018647
15.99889 8876250 -43.5587 -0.014620
16.00114 8896237 -47.9793 -0.016086
16.00339 8916268 -38.7850 -0.012989
16.00564 8936345 -31.6524 -0.010588
16.00789 8956467 -14.3390 -0.004791
16.01014 8976634 -8.1214 -0.002711
16.01238 8996847 -16.1807 -0.005394
16.01463 9017105 -25.1210 -0.008366
16.01688 9037409 -30.2960 -0.010078
16.01913 9057758 -34.8238 -0.011571
16.02138 9078154 -25.6041 -0.008498
16.02363 9098595 -25.5590 -0.008473
16.02588 9119082 -34.3719 -0.011382
16.02813 9139616 -43.2724 -0.014314
16.03038 9160195 -42.7761 -0.014133
16.03263 9180821 -41.8166 -0.013801
16.03488 9201494 -56.0362 -0.018473
16.03713 9222213 -69.7740 -0.022976
16.03937 9242978 -79.9205 -0.026288
16.04162 9263791 -83.8947 -0.027564
16.04387 9284650 -91.3186 -0.029969
16.04612 9305556 -60.8732 -0.019955
16.04837 9326510 -54.5968 -0.017878
16.05062 9347510 -64.4667 -0.021086
16.05287 9368558 -67.8683 -0.022173
16.05512 9389653 -63.1381 -0.020605
16.05737 9410796 -50.0268 -0.016308
16.05962 9431986 -44.4950 -0.014488
16.06187 9453224 -55.0165 -0.017894
16.06412 9474510 -32.1993 -0.010461
16.06636 9495844 -8.3404 -0.002707
16.06861 9517225 16.6619 0.005401
16.07086 9538655 8.6696 0.002807
16.07311 9560134 -7.5941 -0.002456
16.07536 9581660 3.7308 0.001205
16.07761 9603235 -11.0854 -0.003577
16.07986 9624859 -26.4870 -0.008538
16.08211 9646531 -35.8486 -0.011542
16.08436 9668252 -55.6925 -0.017911
16.08661 9690022 -55.0367 -0.017680
16.08886 9711841 -62.4679 -0.020045
16.09111 9733709 -59.1457 -0.018958
16.09335 9755627 -49.3668 -0.015805
16.09560 9777593 -37.7906 -0.012086
16.09785 9799609 -45.1932 -0.014437
16.10010 9821675 -28.3996 -0.009062
16.10235 9843791 -32.8197 -0.010461
16.10460 9865956 -35.3320 -0.011249
16.10685 9888171 -12.7200 -0.004045
16.10910 9910436 -10.9505 -0.003478
16.11135 9932752 -26.3911 -0.008374
16.11360 9955117 2.2331 0.000708
16.11585 9977533 6.6529 0.002106
16.11810 10000000 17.0621 0.005396
