logY Y P PoverSqrtY
6.90675 999 -4.8761 -0.154273
6.90975 1002 -4.9397 -0.156051
6.91175 1004 -4.9959 -0.157669
6.91374 1006 -5.0899 -0.160477
6.91672 1009 -5.1578 -0.162376
6.91870 1011 -5.0577 -0.159067
6.92067 1013 -5.0504 -0.158679
6.92264 1015 -5.0770 -0.159358
6.92560 1018 -5.0920 -0.159594
6.92756 1020 -5.1447 -0.161087
6.92952 1022 -5.2067 -0.162869
6.93245 1025 -5.2816 -0.164970
6.93440 1027 -5.2159 -0.162759
6.93634 1029 -5.0665 -0.157943
6.93828 1031 -4.9572 -0.154387
6.94119 1034 -4.7687 -0.148299
6.94312 1036 -4.7310 -0.146986
6.94505 1038 -4.7585 -0.147698
6.94794 1041 -4.9351 -0.152959
6.94986 1043 -5.1229 -0.158626
6.95273 1046 -5.1826 -0.160245
6.95464 1048 -5.2250 -0.161399
6.95655 1050 -5.0534 -0.155952
6.95940 1053 -4.8692 -0.150054
6.96130 1055 -4.8143 -0.148220
6.96319 1057 -4.8487 -0.149138
6.96602 1060 -4.9909 -0.153293
6.96791 1062 -5.0439 -0.154776
6.97073 1065 -5.0587 -0.155010
6.97261 1067 -4.9918 -0.152817
6.97448 1069 -4.8669 -0.148855
6.97728 1072 -4.6938 -0.143359
6.97915 1074 -4.5897 -0.140049
6.98193 1077 -4.5726 -0.139333
6.98379 1079 -4.5510 -0.138547
6.98564 1081 -4.6222 -0.140583
6.98841 1084 -4.5148 -0.137128
6.99026 1086 -4.4643 -0.135467
6.99302 1089 -4.4825 -0.135832
6.99485 1091 -4.5389 -0.137416
6.99760 1094 -4.6597 -0.140879
6.99942 1096 -4.6450 -0.140307
7.00216 1099 -4.7645 -0.143721
7.00397 1101 -4.7009 -0.141674
7.00670 1104 -4.5971 -0.138356
7.00851 1106 -4.5371 -0.136427
7.01121 1109 -4.5975 -0.138056
7.01302 1111 -4.7062 -0.141193
7.01571 1114 -4.7761 -0.143098
7.01751 1116 -4.7919 -0.143442
7.02019 1119 -4.7257 -0.141271
7.02198 1121 -4.6294 -0.138268
7.02465 1124 -4.5479 -0.135651
7.02643 1126 -4.5120 -0.134461
7.02909 1129 -4.5172 -0.134439
7.03086 1131 -4.4957 -0.133680
7.03351 1134 -4.5785 -0.135962
7.03527 1136 -4.6711 -0.138589
7.03791 1139 -4.8372 -0.143330
7.03966 1141 -4.9096 -0.145345
7.04229 1144 -4.9291 -0.145732
7.04491 1147 -4.8850 -0.144238
7.04665 1149 -4.8535 -0.143184
7.04925 1152 -4.7885 -0.141082
7.05099 1154 -4.7631 -0.140213
7.05359 1157 -4.8210 -0.141731
7.05618 1160 -4.8618 -0.142747
7.05790 1162 -4.8417 -0.142035
7.06048 1165 -4.6408 -0.135965
7.06219 1167 -4.5937 -0.134472
7.06476 1170 -4.5189 -0.132110
7.06732 1173 -4.6173 -0.134816
7.06902 1175 -4.7493 -0.138552
7.07157 1178 -4.9252 -0.143498
7.07412 1181 -4.9858 -0.145082
7.07581 1183 -4.9822 -0.144852
7.07834 1186 -4.8259 -0.140132
7.08087 1189 -4.6821 -0.135783
7.08255 1191 -4.6521 -0.134801
7.08506 1194 -4.7402 -0.137181
7.08757 1197 -4.7789 -0.138129
7.08924 1199 -4.7904 -0.138346
7.09174 1202 -4.7641 -0.137414
7.09423 1205 -4.7772 -0.137620
7.09589 1207 -4.7527 -0.136801
7.09838 1210 -4.6864 -0.134725
7.10085 1213 -4.7200 -0.135522
7.10332 1216 -4.5686 -0.131014
7.10497 1218 -4.5450 -0.130230
7.10743 1221 -4.3378 -0.124139
7.10988 1224 -4.3393 -0.124031
7.11233 1227 -4.5077 -0.128685
7.11396 1229 -4.7198 -0.134632
7.11639 1232 -4.9280 -0.140401
7.11883 1235 -5.0040 -0.142390
7.12125 1238 -4.9402 -0.140406
7.12367 1241 -4.9474 -0.140441
7.12528 1243 -5.0194 -0.142369
7.12769 1246 -5.2272 -0.148086
7.13010 1249 -5.4874 -0.155269
7.13250 1252 -5.7727 -0.163147
7.13489 1255 -5.6641 -0.159886
7.13648 1257 -5.5253 -0.155844
7.13887 1260 -5.3385 -0.150396
7.14125 1263 -5.2743 -0.148411
7.14362 1266 -5.2426 -0.147342
7.14598 1269 -5.2491 -0.147351
7.14835 1272 -5.2018 -0.145851
7.14992 1274 -5.1899 -0.145405
7.15227 1277 -5.0785 -0.142115
7.15462 1280 -4.9550 -0.138498
7.15696 1283 -4.8621 -0.135740
7.15929 1286 -4.8806 -0.136099
7.16162 1289 -4.8892 -0.136180
7.16395 1292 -4.9249 -0.137015
7.16627 1295 -5.0640 -0.140721
7.16858 1298 -5.2848 -0.146686
7.17089 1301 -5.2197 -0.144713
7.17242 1303 -5.1958 -0.143939
7.17472 1306 -5.1513 -0.142542
7.17702 1309 -5.2044 -0.143847
7.17931 1312 -5.2515 -0.144984
7.18159 1315 -5.2424 -0.144566
7.18387 1318 -5.1668 -0.142320
7.18614 1321 -5.2349 -0.144032
7.18841 1324 -5.2616 -0.144602
7.19068 1327 -5.3396 -0.146578
7.19293 1330 -5.4816 -0.150309
7.19519 1333 -5.5985 -0.153341
7.19744 1336 -5.6597 -0.154844
7.19968 1339 -5.6252 -0.153726
7.20192 1342 -5.6462 -0.154128
7.20415 1345 -5.7882 -0.157827
7.20638 1348 -5.8905 -0.160438
7.20860 1351 -5.8381 -0.158835
7.21082 1354 -5.7181 -0.155398
7.21303 1357 -5.6034 -0.152112
7.21524 1360 -5.6582 -0.153429
7.21744 1363 -5.7912 -0.156862
7.22037 1367 -6.0881 -0.164664
7.22257 1370 -6.0274 -0.162842
7.22475 1373 -5.6951 -0.153696
7.22694 1376 -5.4045 -0.145695
7.22911 1379 -5.3122 -0.143051
7.23129 1382 -5.4258 -0.145951
7.23346 1385 -5.5595 -0.149385
7.23562 1388 -5.6676 -0.152127
7.23778 1391 -5.6313 -0.150990
7.23993 1394 -5.3736 -0.143923
7.24280 1398 -5.2301 -0.139879
7.24494 1401 -5.2356 -0.139878
7.24708 1404 -5.2933 -0.141269
7.24922 1407 -5.2718 -0.140545
7.25134 1410 -5.2703 -0.140355
7.25347 1413 -5.4018 -0.143704
7.25630 1417 -5.6451 -0.149964
7.25841 1420 -5.7637 -0.152953
7.26052 1423 -5.9151 -0.156804
7.26263 1426 -5.9137 -0.156602
7.26473 1429 -5.9888 -0.158426
7.26753 1433 -6.0711 -0.160378
7.26962 1436 -6.0974 -0.160905
7.27170 1439 -6.0854 -0.160420
7.27379 1442 -5.9001 -0.155373
7.27656 1446 -5.6926 -0.149702
7.27863 1449 -5.6054 -0.147255
7.28070 1452 -5.6458 -0.148163
7.28276 1455 -5.6769 -0.148825
7.28551 1459 -5.8192 -0.152347
7.28756 1462 -5.8805 -0.153794
7.28961 1465 -5.7870 -0.151194
7.29234 1469 -5.6769 -0.148116
7.29438 1472 -5.6525 -0.147328
7.29641 1475 -5.6497 -0.147105
7.29845 1478 -5.6961 -0.148163
7.30115 1482 -5.9488 -0.154527
7.30317 1485 -6.0415 -0.156776
7.30519 1488 -5.7669 -0.149500
7.30787 1492 -5.5727 -0.144271
7.30988 1495 -5.4274 -0.140370
7.31255 1499 -5.3544 -0.138297
7.31455 1502 -5.3664 -0.138468
7.31655 1505 -5.3046 -0.136737
7.31920 1509 -5.1244 -0.131917
7.32119 1512 -5.0029 -0.128660
7.32383 1516 -5.1074 -0.131175
7.32581 1519 -5.2699 -0.135216
7.32778 1522 -5.3263 -0.136528
7.33041 1526 -5.1916 -0.132900
7.33237 1529 -5.0857 -0.130061
7.33498 1533 -5.0265 -0.128380
7.33694 1536 -5.0870 -0.129797
7.33954 1540 -5.0808 -0.129470
7.34148 1543 -5.0336 -0.128144
7.34407 1547 -5.0917 -0.129455
7.34601 1550 -5.2696 -0.133848
7.34859 1554 -5.5798 -0.141544
7.35052 1557 -5.5433 -0.140483
7.35308 1561 -5.3106 -0.134412
7.35500 1564 -5.1891 -0.131212
7.35756 1568 -5.2894 -0.133577
7.35947 1571 -5.5251 -0.139396
7.36201 1575 -5.8609 -0.147680
7.36391 1578 -5.7729 -0.145326
7.36645 1582 -5.4082 -0.135972
7.36834 1585 -5.3030 -0.133202
7.37086 1589 -5.1874 -0.130134
7.37275 1592 -5.2009 -0.130349
7.37526 1596 -5.1880 -0.129863
7.37776 1600 -5.1241 -0.128102
7.37963 1603 -5.0009 -0.124905
7.38212 1607 -4.9315 -0.123018
7.38399 1610 -4.9484 -0.123326
7.38647 1614 -5.0125 -0.124767
7.38895 1618 -5.0838 -0.126385
7.39080 1621 -5.0487 -0.125398
7.39326 1625 -4.8481 -0.120266
7.39572 1629 -4.6635 -0.115546
7.39756 1632 -4.6806 -0.115861
7.40001 1636 -4.7475 -0.117375
7.40245 1640 -4.8049 -0.118648
7.40428 1643 -4.8868 -0.120561
7.40671 1647 -4.8428 -0.119329
7.40914 1651 -4.9026 -0.120657
7.41156 1655 -5.0369 -0.123813
7.41337 1658 -4.9654 -0.121944
7.41578 1662 -5.0561 -0.124023
7.41818 1666 -5.3330 -0.130658
7.41998 1669 -5.5929 -0.136903
7.42237 1673 -5.7428 -0.140402
7.42476 1677 -5.7222 -0.139733
7.42714 1681 -5.4953 -0.134033
7.42952 1685 -5.5129 -0.134302
7.43130 1688 -5.6933 -0.138573
7.43367 1692 -5.7414 -0.139578
7.43603 1696 -5.5007 -0.133569
7.43838 1700 -5.4294 -0.131683
7.44073 1704 -5.5920 -0.135467
7.44249 1707 -5.8669 -0.142001
7.44483 1711 -6.0876 -0.147171
7.44717 1715 -5.8354 -0.140908
7.44950 1719 -5.5940 -0.134923
7.45182 1723 -5.6524 -0.136173
7.45414 1727 -5.7034 -0.137241
7.45645 1731 -5.6952 -0.136887
7.45876 1735 -5.6532 -0.135720
7.46049 1738 -5.6794 -0.136231
7.46279 1742 -5.4870 -0.131464
7.46508 1746 -5.3435 -0.127881
7.46737 1750 -5.0938 -0.121765
7.46965 1754 -4.9797 -0.118903
7.47193 1758 -5.1552 -0.122951
7.47420 1762 -5.1758 -0.123302
7.47647 1766 -4.9069 -0.116765
7.47873 1770 -4.6474 -0.110464
7.48099 1774 -4.4557 -0.105788
7.48324 1778 -4.3652 -0.103524
7.48549 1782 -4.4183 -0.104666
7.48773 1786 -4.4399 -0.105058
7.48997 1790 -4.5294 -0.107057
7.49220 1794 -4.5577 -0.107606
7.49443 1798 -4.6133 -0.108797
7.49665 1802 -4.8062 -0.113219
7.49887 1806 -4.8809 -0.114853
7.50108 1810 -4.6323 -0.108882
7.50329 1814 -4.4292 -0.103993
7.50549 1818 -4.2549 -0.099792
7.50824 1823 -4.4786 -0.104894
7.51043 1827 -4.6162 -0.107999
7.51262 1831 -4.4423 -0.103815
7.51480 1835 -4.2504 -0.099224
7.51698 1839 -4.3483 -0.101398
7.51915 1843 -4.6264 -0.107765
7.52132 1847 -4.7919 -0.111501
7.52402 1852 -4.9213 -0.114355
7.52618 1856 -5.1000 -0.118381
7.52833 1860 -5.4039 -0.125300
7.53048 1864 -5.4520 -0.126280
7.53262 1868 -5.1655 -0.119515
7.53476 1872 -5.1600 -0.119260
7.53743 1877 -5.3788 -0.124153
7.53956 1881 -5.4814 -0.126384
7.54168 1885 -5.4887 -0.126419
7.54380 1889 -5.6510 -0.130020
7.54645 1894 -6.1142 -0.140491
7.54856 1898 -6.4559 -0.148187
7.55066 1902 -6.2663 -0.143682
7.55276 1906 -6.0733 -0.139111
7.55538 1911 -6.1010 -0.139563
7.55747 1915 -6.2093 -0.141891
7.55956 1919 -6.2779 -0.143309
7.56216 1924 -5.9909 -0.136580
7.56424 1928 -5.7732 -0.131481
7.56631 1932 -5.6183 -0.127822
7.56890 1937 -5.5512 -0.126132
7.57096 1941 -5.6652 -0.128588
7.57302 1945 -5.7529 -0.130445
7.57558 1950 -5.6389 -0.127696
7.57763 1954 -5.5598 -0.125777
7.58019 1959 -5.5438 -0.125255
7.58223 1963 -5.4476 -0.122955
7.58426 1967 -5.4504 -0.122892
7.58680 1972 -5.3920 -0.121422
7.58883 1976 -5.4907 -0.123520
7.59136 1981 -5.5798 -0.125366
7.59337 1985 -5.5334 -0.124198
7.59589 1990 -5.5694 -0.124848
7.59790 1994 -5.5977 -0.125357
7.60040 1999 -5.4195 -0.121214
7.60240 2003 -5.2646 -0.117631
7.60489 2008 -5.3272 -0.118882
7.60688 2012 -5.7033 -0.127150
7.60937 2017 -5.4899 -0.122239
7.61135 2021 -5.1396 -0.114327
7.61382 2026 -5.0829 -0.112926
7.61579 2030 -5.3127 -0.117915
7.61825 2035 -5.5848 -0.123802
7.62071 2040 -5.5420 -0.122703
7.62266 2044 -5.6449 -0.124859
7.62511 2049 -5.8391 -0.128995
7.62706 2053 -5.8091 -0.128208
7.62949 2058 -5.6303 -0.124112
7.63192 2063 -5.5550 -0.122303
7.63385 2067 -5.5054 -0.121093
7.63627 2072 -5.5434 -0.121782
7.63868 2077 -5.6281 -0.123493
7.64060 2081 -5.8512 -0.128266
7.64300 2086 -5.8568 -0.128234
7.64540 2091 -5.8496 -0.127923
7.64731 2095 -5.9865 -0.130791
7.64969 2100 -6.2144 -0.135610
7.65207 2105 -6.5054 -0.141791
7.65444 2110 -6.4453 -0.140313
7.65634 2114 -6.3429 -0.137954
7.65870 2119 -6.2487 -0.135745
7.66106 2124 -6.3844 -0.138529
7.66341 2129 -6.6726 -0.144613
7.66528 2133 -6.5994 -0.142893
7.66763 2138 -6.3662 -0.137682
7.66996 2143 -6.3207 -0.136539
7.67229 2148 -6.3390 -0.136773
7.67462 2153 -6.0875 -0.131195
7.67694 2158 -5.8201 -0.125286
7.67879 2162 -6.0033 -0.129111
7.68110 2167 -6.2687 -0.134664
7.68340 2172 -6.1416 -0.131781
7.68570 2177 -5.9207 -0.126894
7.68800 2182 -5.9730 -0.127869
7.69029 2187 -5.9213 -0.126617
7.69257 2192 -5.6924 -0.121585
7.69485 2197 -5.8616 -0.125054
7.69712 2202 -5.9668 -0.127155
7.69939 2207 -5.8544 -0.124618
7.70165 2212 -5.8447 -0.124270
7.70391 2217 -6.2395 -0.132516
7.70616 2222 -6.4925 -0.137734
7.70841 2227 -6.3835 -0.135269
7.71065 2232 -6.3036 -0.133427
7.71289 2237 -6.4230 -0.135801
7.71512 2242 -6.3096 -0.133254
7.71735 2247 -5.9758 -0.126066
7.71957 2252 -5.8421 -0.123108
7.72179 2257 -5.9696 -0.125656
7.72400 2262 -6.1580 -0.129477
7.72621 2267 -6.3126 -0.132581
7.72842 2272 -6.0486 -0.126897
7.73061 2277 -5.9402 -0.124487
7.73281 2282 -6.0251 -0.126126
7.73543 2288 -6.0339 -0.126145
7.73762 2293 -5.6522 -0.118037
7.73979 2298 -5.5260 -0.115276
7.74197 2303 -5.3139 -0.110730
7.74414 2308 -5.1345 -0.106876
7.74630 2313 -5.1761 -0.107626
7.74889 2319 -5.3465 -0.111024
7.75105 2324 -5.1951 -0.107764
7.75319 2329 -5.1349 -0.106401
7.75534 2334 -5.3523 -0.110788
7.75791 2340 -5.2592 -0.108720
7.76004 2345 -5.0106 -0.103472
7.76217 2350 -5.1249 -0.105718
7.76430 2355 -5.3288 -0.109808
7.76684 2361 -5.0647 -0.104232
7.76896 2366 -4.8861 -0.100450
7.77107 2371 -5.0756 -0.104238
7.77359 2377 -5.2713 -0.108119
7.77570 2382 -5.2567 -0.107706
7.77779 2387 -5.2262 -0.106969
7.78030 2393 -5.2018 -0.106337
7.78239 2398 -5.1216 -0.104587
7.78489 2404 -5.3137 -0.108374
7.78697 2409 -5.4798 -0.111647
7.78904 2414 -5.5447 -0.112852
7.79152 2420 -5.6165 -0.114171
7.79359 2425 -5.8190 -0.118167
7.79606 2431 -5.5846 -0.113265
7.79811 2436 -5.4669 -0.110765
7.80057 2442 -5.5116 -0.111533
7.80262 2447 -5.7141 -0.115514
7.80507 2453 -5.9707 -0.120552
7.80710 2458 -5.7390 -0.115756
7.80954 2464 -5.6198 -0.113214
7.81157 2469 -5.9039 -0.118816
7.81400 2475 -5.7571 -0.115722
7.81642 2481 -5.1991 -0.104379
7.81843 2486 -5.1529 -0.103347
7.82084 2492 -5.1428 -0.103021
7.82285 2497 -5.0082 -0.100225
7.82525 2503 -5.1700 -0.103339
7.82764 2509 -5.5188 -0.110178
7.82963 2514 -5.4751 -0.109197
7.83201 2520 -5.6291 -0.112134
7.83439 2526 -5.5741 -0.110906
7.83637 2531 -5.4676 -0.108680
7.83874 2537 -5.5241 -0.109673
7.84110 2543 -5.6904 -0.112842
7.84306 2548 -5.4522 -0.108013
7.84542 2554 -5.2524 -0.103932
7.84776 2560 -5.3591 -0.105919
7.85010 2566 -5.3690 -0.105990
7.85205 2571 -5.0627 -0.099846
7.85438 2577 -5.0420 -0.099321
7.85671 2583 -5.1454 -0.101240
7.85903 2589 -5.3274 -0.104701
7.86134 2595 -5.3126 -0.104288
7.86365 2601 -5.3976 -0.105836
7.86557 2606 -5.5305 -0.108338
7.86787 2612 -5.4776 -0.107178
7.87017 2618 -5.1344 -0.100348
7.87246 2624 -5.2291 -0.102081
7.87474 2630 -5.2608 -0.102583
7.87702 2636 -5.3614 -0.104425
7.87929 2642 -5.4601 -0.106228
7.88156 2648 -5.3716 -0.104386
7.88382 2654 -5.6816 -0.110286
7.88608 2660 -5.9944 -0.116227
7.88833 2666 -5.6311 -0.109060
7.89058 2672 -5.5691 -0.107738
7.89283 2678 -5.8701 -0.113432
7.89506 2684 -5.5972 -0.108039
7.89730 2690 -5.6650 -0.109225
7.89952 2696 -6.0610 -0.116730
7.90175 2702 -6.0775 -0.116919
7.90397 2708 -5.9917 -0.115139
7.90618 2714 -6.2076 -0.119158
7.90839 2720 -6.1663 -0.118233
7.91059 2726 -6.3357 -0.121348
7.91279 2732 -6.3173 -0.120862
7.91535 2739 -6.2134 -0.118723
7.91754 2745 -6.4829 -0.123736
7.91972 2751 -6.6598 -0.126974
7.92190 2757 -6.7635 -0.128812
7.92407 2763 -6.7135 -0.127720
7.92660 2770 -6.8280 -0.129733
7.92877 2776 -6.9220 -0.131378
7.93093 2782 -6.6719 -0.126494
7.93308 2788 -6.6776 -0.126467
7.93559 2795 -7.0698 -0.133726
7.93773 2801 -6.6186 -0.125058
7.93987 2807 -6.4329 -0.121418
7.94236 2814 -6.6984 -0.126272
7.94449 2820 -6.5434 -0.123219
7.94662 2826 -6.4811 -0.121917
7.94909 2833 -6.6869 -0.125632
7.95121 2839 -6.6898 -0.125553
7.95332 2845 -6.7641 -0.126815
7.95578 2852 -6.6403 -0.124340
7.95788 2858 -6.3081 -0.117997
7.96032 2865 -6.4018 -0.119603
7.96242 2871 -6.2484 -0.116614
7.96485 2878 -6.3430 -0.118236
7.96693 2884 -6.7588 -0.125856
7.96936 2891 -6.6635 -0.123931
7.97143 2897 -6.6147 -0.122895
7.97384 2904 -6.7067 -0.124455
7.97591 2910 -6.9150 -0.128187
7.97831 2917 -6.8547 -0.126918
7.98037 2923 -6.8476 -0.126655
7.98276 2930 -7.1724 -0.132505
7.98480 2936 -7.0817 -0.130696
7.98718 2943 -7.1685 -0.132139
7.98956 2950 -7.3266 -0.134894
7.99159 2956 -7.4566 -0.137147
7.99396 2963 -7.5931 -0.139494
7.99632 2970 -7.6140 -0.139713
7.99834 2976 -7.7006 -0.141159
8.00068 2983 -7.7894 -0.142619
8.00303 2990 -7.2728 -0.133004
8.00503 2996 -7.2878 -0.133146
8.00737 3003 -7.5839 -0.138393
8.00970 3010 -7.0848 -0.129135
8.01202 3017 -6.9739 -0.126966
8.01434 3024 -6.8515 -0.124594
8.01632 3030 -6.5317 -0.118661
8.01863 3037 -6.4879 -0.117728
8.02093 3044 -6.1864 -0.112129
8.02322 3051 -6.0590 -0.109694
8.02552 3058 -6.0333 -0.109103
8.02780 3065 -6.3653 -0.114974
8.03008 3072 -6.7537 -0.121851
8.03204 3078 -6.6137 -0.119209
8.03431 3085 -6.4673 -0.116438
8.03657 3092 -6.4006 -0.115107
8.03883 3099 -6.2968 -0.113112
8.04109 3106 -5.9177 -0.106182
8.04334 3113 -5.9609 -0.106836
8.04559 3120 -6.0428 -0.108184
8.04783 3127 -5.8640 -0.104864
8.05007 3134 -6.2371 -0.111412
8.05230 3141 -6.1085 -0.108994
8.05452 3148 -5.7785 -0.102991
8.05706 3156 -6.0314 -0.107361
8.05928 3163 -5.9377 -0.105578
8.06149 3170 -6.0104 -0.106751
8.06369 3177 -5.7549 -0.102101
8.06589 3184 -5.8111 -0.102985
8.06809 3191 -5.8756 -0.104013
8.07028 3198 -5.6325 -0.099600
8.07278 3206 -5.9246 -0.104636
8.07496 3213 -6.0163 -0.106140
8.07714 3220 -6.1513 -0.108402
8.07931 3227 -6.2368 -0.109790
8.08178 3235 -6.1469 -0.108073
8.08395 3242 -6.0531 -0.106309
8.08610 3249 -6.3394 -0.111217
8.08856 3257 -6.4807 -0.113556
8.09071 3264 -6.2711 -0.109767
8.09285 3271 -6.3166 -0.110445
8.09529 3279 -6.0861 -0.106283
8.09743 3286 -6.1298 -0.106934
8.09955 3293 -6.0964 -0.106238
8.10198 3301 -6.3517 -0.110553
8.10410 3308 -6.6043 -0.114828
8.10651 3316 -6.5669 -0.114039
8.10862 3323 -7.0820 -0.122854
8.11103 3331 -6.4335 -0.111471
8.11313 3338 -6.4197 -0.111115
8.11552 3346 -6.6440 -0.114859
8.11761 3353 -6.3241 -0.109215
8.11999 3361 -6.3591 -0.109689
8.12207 3368 -6.4399 -0.110968
8.12445 3376 -6.5518 -0.112761
8.12652 3383 -6.6700 -0.114676
8.12888 3391 -6.6588 -0.114349
8.13124 3399 -6.5879 -0.112998
8.13329 3406 -6.7662 -0.115937
8.13564 3414 -6.7917 -0.116237
8.13798 3422 -6.7584 -0.115532
8.14002 3429 -6.6654 -0.113827
8.14235 3437 -7.1567 -0.122075
8.14468 3445 -7.0853 -0.120715
8.14700 3453 -6.9083 -0.117564
8.14902 3460 -7.1980 -0.122370
8.15133 3468 -6.8388 -0.116128
8.15364 3476 -7.0461 -0.119511
8.15594 3484 -7.0594 -0.119600
8.15823 3492 -7.2226 -0.122223
8.16052 3500 -7.5371 -0.127401
8.16252 3507 -8.0038 -0.135155
8.16479 3515 -7.7591 -0.130872
8.16707 3523 -7.6416 -0.128744
8.16934 3531 -8.1069 -0.136428
8.17160 3539 -8.0855 -0.135916
8.17386 3547 -8.1919 -0.137548
8.17611 3555 -8.3536 -0.140105
8.17836 3563 -8.2240 -0.137777
8.18060 3571 -8.1186 -0.135858
8.18284 3579 -7.8188 -0.130695
8.18507 3587 -7.6054 -0.126985
8.18730 3595 -7.8418 -0.130787
8.18952 3603 -7.4578 -0.124245
8.19202 3612 -7.3284 -0.121938
8.19423 3620 -7.3064 -0.121436
8.19644 3628 -7.6701 -0.127342
8.19864 3636 -7.3584 -0.122031
8.20084 3644 -7.6957 -0.127484
8.20303 3652 -7.3901 -0.122288
8.20549 3661 -7.3673 -0.121761
8.20767 3669 -7.5139 -0.124049
8.20985 3677 -7.2051 -0.118820
8.21203 3685 -7.6195 -0.125519
8.21447 3694 -7.6787 -0.126340
8.21663 3702 -7.3947 -0.121535
8.21879 3710 -7.4229 -0.121868
8.22121 3719 -7.5076 -0.123109
8.22336 3727 -7.3526 -0.120438
8.22550 3735 -7.3387 -0.120080
8.22791 3744 -7.5830 -0.123929
8.23004 3752 -7.6878 -0.125508
8.23244 3761 -7.8151 -0.127434
8.23456 3769 -7.6043 -0.123864
8.23695 3778 -7.9755 -0.129756
8.23907 3786 -7.9681 -0.129498
8.24144 3795 -7.5670 -0.122833
8.24355 3803 -7.7974 -0.126441
8.24591 3812 -7.6855 -0.124479
8.24801 3820 -7.7115 -0.124768
8.25036 3829 -7.6900 -0.124274
8.25271 3838 -7.6395 -0.123314
8.25479 3846 -7.4985 -0.120912
8.25713 3855 -7.7964 -0.125568
8.25946 3864 -7.8175 -0.125762
8.26153 3872 -8.4164 -0.135256
8.26385 3881 -8.4342 -0.135385
8.26616 3890 -7.9005 -0.126671
8.26848 3899 -8.1608 -0.130694
8.27053 3907 -8.0409 -0.128641
8.27283 3916 -8.5834 -0.137163
8.27512 3925 -8.5612 -0.136652
8.27741 3934 -9.0224 -0.143848
8.27970 3943 -8.7340 -0.139092
8.28198 3952 -8.6359 -0.137373
8.28400 3960 -8.6467 -0.137406
8.28627 3969 -9.3268 -0.148045
8.28853 3978 -8.8354 -0.140085
8.29079 3987 -9.1558 -0.145001
8.29305 3996 -9.0164 -0.142633
8.29530 4005 -9.0088 -0.142352
8.29754 4014 -8.9888 -0.141878
8.29978 4023 -8.8952 -0.140244
8.30202 4032 -8.7182 -0.137299
8.30425 4041 -8.5076 -0.133832
8.30672 4051 -8.3662 -0.131446
8.30894 4060 -8.4274 -0.132261
8.31115 4069 -8.2074 -0.128666
8.31336 4078 -7.8090 -0.122285
8.31557 4087 -8.0672 -0.126189
8.31777 4096 -7.5982 -0.118722
8.32020 4106 -7.7908 -0.121583
8.32239 4115 -7.4150 -0.115591
8.32458 4124 -7.4762 -0.116418
8.32676 4133 -6.6806 -0.103915
8.32918 4143 -6.6047 -0.102611
8.33135 4152 -6.6785 -0.103645
8.33351 4161 -6.6779 -0.103525
8.33591 4171 -6.7407 -0.104372
8.33807 4180 -6.9423 -0.107377
8.34046 4190 -6.8136 -0.105262
8.34260 4199 -6.9722 -0.107597
8.34474 4208 -6.6222 -0.102085
8.34712 4218 -6.7829 -0.104438
8.34925 4227 -6.6150 -0.101744
8.35161 4237 -6.9708 -0.107091
8.35397 4247 -7.2490 -0.111234
8.35609 4256 -7.3487 -0.112644
8.35843 4266 -7.0367 -0.107736
8.36054 4275 -7.2517 -0.110910
8.36288 4285 -7.0858 -0.108246
8.36521 4295 -7.5512 -0.115222
8.36730 4304 -7.5405 -0.114938
8.36962 4314 -7.5958 -0.115646
8.37194 4324 -7.0352 -0.106988
8.37402 4333 -7.4115 -0.112592
8.37632 4343 -7.3834 -0.112037
8.37862 4353 -7.5289 -0.114114
8.38092 4363 -7.5126 -0.113736
8.38320 4373 -7.3710 -0.111464
8.38526 4382 -7.4667 -0.112795
8.38754 4392 -7.6834 -0.115937
8.38981 4402 -7.9298 -0.119519
8.39208 4412 -8.2002 -0.123454
8.39435 4422 -8.2910 -0.124680
8.39661 4432 -8.3417 -0.125301
8.39886 4442 -7.9977 -0.119999
8.40111 4452 -7.6720 -0.114983
8.40335 4462 -7.6926 -0.115162
8.40559 4472 -7.5019 -0.112181
8.40782 4482 -7.6610 -0.114433
8.41005 4492 -7.6187 -0.113674
8.41228 4502 -7.4852 -0.111558
8.41450 4512 -7.2174 -0.107447
8.41693 4523 -7.4892 -0.111358
8.41914 4533 -7.3896 -0.109757
8.42134 4543 -7.6953 -0.114171
8.42354 4553 -7.2646 -0.107662
8.42574 4563 -7.5801 -0.112215
8.42814 4574 -7.5407 -0.111498
8.43033 4584 -8.0980 -0.119607
8.43251 4594 -8.1064 -0.119601
8.43490 4605 -8.1091 -0.119498
8.43707 4615 -8.5920 -0.126476
8.43923 4625 -8.3721 -0.123105
8.44161 4636 -8.5654 -0.125799
8.44376 4646 -8.1046 -0.118903
8.44613 4657 -8.2048 -0.120231
8.44827 4667 -7.9896 -0.116952
8.45063 4678 -8.1339 -0.118924
8.45276 4688 -7.7125 -0.112642
8.45510 4699 -7.8346 -0.114292
8.45723 4709 -8.2077 -0.119607
8.45956 4720 -8.4869 -0.123531
8.46189 4731 -8.8931 -0.129293
8.46400 4741 -8.5347 -0.123953
8.46632 4752 -8.7498 -0.126929
8.46863 4763 -8.2882 -0.120093
8.47073 4773 -8.6160 -0.124713
8.47303 4784 -8.2790 -0.119697
8.47533 4795 -8.0546 -0.116319
8.47762 4806 -8.1412 -0.117434
8.47991 4817 -8.1621 -0.117602
8.48198 4827 -8.0699 -0.116153
8.48426 4838 -8.3517 -0.120072
8.48653 4849 -8.2887 -0.119031
8.48879 4860 -8.2345 -0.118119
8.49105 4871 -8.0942 -0.115976
8.49331 4882 -7.9137 -0.113261
8.49556 4893 -7.7810 -0.111237
8.49781 4904 -7.9903 -0.114100
8.50005 4915 -7.7154 -0.110052
8.50228 4926 -7.3894 -0.105283
8.50451 4937 -7.4333 -0.105791
8.50674 4948 -7.1803 -0.102077
8.50916 4960 -7.8550 -0.111533
8.51138 4971 -7.5643 -0.107286
8.51359 4982 -7.3952 -0.104772
8.51579 4993 -7.3096 -0.103446
8.51799 5004 -7.1335 -0.100842
8.52039 5016 -6.7985 -0.095992
8.52258 5027 -7.0188 -0.098993
8.52476 5038 -7.0573 -0.099428
8.52714 5050 -7.5762 -0.106612
8.52932 5061 -7.3348 -0.103102
8.53149 5072 -7.6681 -0.107671
8.53385 5084 -7.4415 -0.104365
8.53601 5095 -7.8986 -0.110657
8.53837 5107 -7.5101 -0.105091
8.54052 5118 -7.3945 -0.103361
8.54286 5130 -7.4295 -0.103729
8.54500 5141 -7.8334 -0.109252
8.54733 5153 -7.8282 -0.109051
8.54947 5164 -7.6401 -0.106318
8.55179 5176 -7.2415 -0.100654
8.55410 5188 -7.2773 -0.101034
8.55622 5199 -6.8325 -0.094759
8.55853 5211 -7.1297 -0.098766
8.56083 5223 -6.5725 -0.090944
8.56312 5235 -6.5800 -0.090943
8.56522 5246 -6.4729 -0.089368
8.56751 5258 -6.3043 -0.086942
8.56979 5270 -6.2366 -0.085910
8.57206 5282 -6.6981 -0.092163
8.57433 5294 -6.3405 -0.087143
8.57659 5306 -5.8979 -0.080968
8.57885 5318 -5.7712 -0.079139
8.58111 5330 -6.1212 -0.083844
8.58336 5342 -6.0651 -0.082982
8.58560 5354 -5.7174 -0.078137
8.58784 5366 -6.1772 -0.084327
8.59007 5378 -6.5917 -0.089884
8.59230 5390 -6.8396 -0.093161
8.59452 5402 -6.8253 -0.092863
8.59674 5414 -6.9913 -0.095016
8.59896 5426 -6.6918 -0.090846
8.60135 5439 -6.7077 -0.090953
8.60355 5451 -6.9077 -0.093561
8.60575 5463 -7.1064 -0.096147
8.60795 5475 -6.9947 -0.094532
8.61032 5488 -7.4601 -0.100702
8.61250 5500 -7.6195 -0.102741
8.61486 5513 -8.3087 -0.111902
8.61704 5525 -8.3215 -0.111952
8.61921 5537 -8.0919 -0.108746
8.62155 5550 -8.1570 -0.109493
8.62371 5562 -7.8110 -0.104735
8.62605 5575 -8.1042 -0.108540
8.62820 5587 -8.1113 -0.108517
8.63052 5600 -8.2299 -0.109977
8.63284 5613 -8.2539 -0.110170
8.63498 5625 -8.4470 -0.112627
8.63728 5638 -8.4488 -0.112521
8.63959 5651 -8.3512 -0.111093
8.64171 5663 -8.5396 -0.113479
8.64400 5676 -8.6440 -0.114734
8.64629 5689 -8.8567 -0.117423
8.64857 5702 -9.3847 -0.124281
8.65085 5715 -9.1588 -0.121151
8.65295 5727 -8.6562 -0.114384
8.65521 5740 -9.3360 -0.123226
8.65748 5753 -9.2070 -0.121386
8.65973 5766 -9.3535 -0.123179
8.66199 5779 -9.0994 -0.119698
8.66423 5792 -9.3169 -0.122422
8.66647 5805 -9.4326 -0.123803
8.66871 5818 -9.6141 -0.126044
8.67094 5831 -10.3804 -0.135939
8.67334 5845 -10.2396 -0.133935
8.67556 5858 -10.4821 -0.136954
8.67778 5871 -10.4614 -0.136532
8.67999 5884 -10.4924 -0.136785
8.68220 5897 -10.7184 -0.139577
8.68457 5911 -10.6670 -0.138743
8.68677 5924 -11.0381 -0.143413
8.68896 5937 -10.8288 -0.140539
8.69131 5951 -11.0126 -0.142757
8.69350 5964 -10.5155 -0.136164
8.69584 5978 -10.3110 -0.133359
8.69801 5991 -10.6009 -0.136960
8.70018 6004 -10.5727 -0.136447
8.70251 6018 -10.6987 -0.137913
8.70483 6032 -10.7221 -0.138054
8.70699 6045 -11.3371 -0.145816
8.70930 6059 -11.7743 -0.151263
8.71144 6072 -11.9857 -0.153815
8.71375 6086 -12.1478 -0.155715
8.71604 6100 -11.7370 -0.150277
8.71817 6113 -11.4428 -0.146354
8.72046 6127 -11.4602 -0.146409
8.72274 6141 -11.1288 -0.142014
8.72502 6155 -10.9443 -0.139499
8.72729 6169 -10.7951 -0.137442
8.72956 6183 -10.6924 -0.135980
8.73182 6197 -10.9996 -0.139729
8.73408 6211 -10.7274 -0.136118
8.73617 6224 -10.8927 -0.138070
8.73858 6239 -11.0972 -0.140493
8.74082 6253 -11.1840 -0.141434
8.74305 6267 -11.3081 -0.142844
8.74528 6281 -10.7490 -0.135629
8.74751 6295 -10.9212 -0.137649
8.74973 6309 -10.9579 -0.137958
8.75195 6323 -10.9367 -0.137539
8.75432 6338 -10.5901 -0.133023
8.75653 6352 -10.6698 -0.133875
8.75873 6366 -10.9924 -0.137771
8.76092 6380 -11.2154 -0.140412
8.76327 6395 -10.8505 -0.135685
8.76546 6409 -11.2683 -0.140755
8.76780 6424 -11.6335 -0.145147
8.76997 6438 -11.6643 -0.145373
8.77230 6453 -11.9705 -0.149016
8.77447 6467 -11.6887 -0.145350
8.77678 6482 -11.9370 -0.148266
8.77894 6496 -12.0379 -0.149357
8.78125 6511 -11.4546 -0.141957
8.78355 6526 -11.0295 -0.136531
8.78569 6540 -11.1320 -0.137653
8.78798 6555 -10.9279 -0.134974
8.79027 6570 -10.6091 -0.130887
8.79255 6585 -9.9494 -0.122608
8.79467 6599 -9.7393 -0.119892
8.79694 6614 -9.5993 -0.118034
8.79921 6629 -9.0058 -0.110611
8.80147 6644 -8.5562 -0.104970
8.80372 6659 -8.6410 -0.105891
8.80597 6674 -8.4357 -0.103259
8.80822 6689 -8.8452 -0.108150
8.81046 6704 -9.1612 -0.111889
8.81269 6719 -8.8848 -0.108392
8.81492 6734 -8.9571 -0.109152
8.81730 6750 -9.2393 -0.112457
8.81952 6765 -9.0302 -0.109790
8.82173 6780 -8.9416 -0.108592
8.82394 6795 -9.1219 -0.110660
8.82629 6811 -8.2004 -0.099364
8.82849 6826 -7.8768 -0.095338
8.83069 6841 -7.7269 -0.093421
8.83303 6857 -7.6212 -0.092036
8.83521 6872 -7.5513 -0.091092
8.83754 6888 -7.7113 -0.092914
8.83971 6903 -7.6703 -0.092319
8.84203 6919 -8.2906 -0.099670
8.84419 6934 -8.7194 -0.104712
8.84650 6950 -8.6148 -0.103336
8.84865 6965 -8.6002 -0.103050
8.85095 6981 -9.2573 -0.110797
8.85324 6997 -8.8619 -0.105943
8.85552 7013 -8.9738 -0.107158
8.85766 7028 -9.6204 -0.114756
8.85993 7044 -9.5272 -0.113515
8.86220 7060 -9.0668 -0.107907
8.86446 7076 -9.0046 -0.107046
8.86672 7092 -9.0268 -0.107188
8.86898 7108 -9.2013 -0.109138
8.87122 7124 -9.2246 -0.109292
8.87347 7140 -9.1267 -0.108010
8.87571 7156 -8.9274 -0.105533
8.87794 7172 -8.8113 -0.104045
8.88017 7188 -8.6874 -0.102467
8.88239 7204 -8.4897 -0.100025
8.88475 7221 -8.5164 -0.100221
8.88696 7237 -8.3770 -0.098471
8.88917 7253 -8.6525 -0.101597
8.89151 7270 -8.3679 -0.098141
8.89371 7286 -8.5697 -0.100397
8.89590 7302 -8.9121 -0.104294
8.89823 7319 -8.9695 -0.104844
8.90041 7335 -8.9681 -0.104712
8.90273 7352 -9.7146 -0.113298
8.90490 7368 -8.9630 -0.104419
8.90721 7385 -8.4444 -0.098263
8.90951 7402 -8.9000 -0.103447
8.91166 7418 -9.2319 -0.107188
8.91395 7435 -9.2516 -0.107294
8.91624 7452 -9.4111 -0.109020
8.91838 7468 -9.7114 -0.112378
8.92066 7485 -9.5839 -0.110776
8.92292 7502 -9.2421 -0.106704
8.92519 7519 -8.5541 -0.098649
8.92745 7536 -8.7171 -0.100416
8.92970 7553 -8.3777 -0.096398
8.93195 7570 -8.5484 -0.098251
8.93419 7587 -8.8654 -0.101780
8.93643 7604 -8.6551 -0.099254
8.93866 7621 -8.5979 -0.098488
8.94089 7638 -8.6663 -0.099162
8.94324 7656 -9.4596 -0.108111
8.94546 7673 -9.5656 -0.109201
8.94768 7690 -9.6205 -0.109707
8.94988 7707 -9.1610 -0.104352
8.95222 7725 -9.5210 -0.108326
8.95442 7742 -9.6112 -0.109232
8.95674 7760 -9.4369 -0.107126
8.95893 7777 -9.9318 -0.112622
8.96124 7795 -9.4932 -0.107524
8.96342 7812 -9.8678 -0.111645
8.96572 7830 -10.1596 -0.114814
8.96789 7847 -9.5721 -0.108057
8.97018 7865 -9.3744 -0.105704
8.97246 7883 -9.3468 -0.105273
8.97462 7900 -9.2647 -0.104236
8.97689 7918 -8.0372 -0.090322
8.97916 7936 -7.2993 -0.081937
8.98143 7954 -7.1024 -0.079637
8.98369 7972 -7.2793 -0.081528
8.98595 7990 -7.2206 -0.080779
8.98820 8008 -7.4767 -0.083551
8.99044 8026 -7.4982 -0.083697
8.99268 8044 -7.3736 -0.082214
8.99492 8062 -7.7669 -0.086502
8.99715 8080 -7.6196 -0.084767
8.99937 8098 -7.9319 -0.088144
9.00172 8117 -8.1602 -0.090574
9.00393 8135 -7.8010 -0.086491
9.00614 8153 -7.9863 -0.088448
9.00847 8172 -7.0273 -0.077736
9.01067 8190 -6.9836 -0.077168
9.01286 8208 -7.5816 -0.083684
9.01518 8227 -7.5939 -0.083723
9.01736 8245 -7.9884 -0.087976
9.01966 8264 -7.8967 -0.086866
9.02196 8283 -7.7243 -0.084872
9.02413 8301 -7.5873 -0.083276
9.02642 8320 -7.4714 -0.081911
9.02870 8339 -7.9715 -0.087293
9.03085 8357 -7.6664 -0.083863
9.03313 8376 -7.8687 -0.085978
9.03539 8395 -7.9273 -0.086520
9.03765 8414 -7.9476 -0.086643
9.03991 8433 -8.6980 -0.094717
9.04216 8452 -8.7220 -0.094871
9.04440 8471 -8.1585 -0.088642
9.04664 8490 -8.1655 -0.088619
9.04888 8509 -7.9323 -0.085993
9.05111 8528 -8.4673 -0.091690
9.05345 8548 -8.5111 -0.092057
9.05567 8567 -9.0562 -0.097843
9.05789 8586 -8.9998 -0.097127
9.06010 8605 -8.7265 -0.094073
9.06242 8625 -8.9189 -0.096036
9.06462 8644 -8.6771 -0.093329
9.06693 8664 -8.9097 -0.095720
9.06912 8683 -9.4511 -0.101425
9.07142 8703 -8.9823 -0.096284
9.07360 8722 -8.3682 -0.089604
9.07589 8742 -8.3012 -0.088784
9.07818 8762 -8.5841 -0.091705
9.08035 8781 -8.6118 -0.091901
9.08262 8801 -8.7574 -0.093349
9.08489 8821 -8.6207 -0.091788
9.08716 8841 -8.4607 -0.089982
9.08941 8861 -8.6468 -0.091858
9.09167 8881 -8.1228 -0.086193
9.09392 8901 -8.0884 -0.085732
9.09616 8921 -7.8684 -0.083306
9.09840 8941 -8.0692 -0.085337
9.10064 8961 -8.1380 -0.085969
9.10287 8981 -7.9731 -0.084132
9.10509 9001 -8.3125 -0.087617
9.10742 9022 -8.1098 -0.085380
9.10964 9042 -8.0143 -0.084282
9.11185 9062 -8.3403 -0.087613
9.11416 9083 -8.7999 -0.092335
9.11636 9103 -9.1520 -0.095923
9.11866 9124 -9.0465 -0.094708
9.12085 9144 -8.7063 -0.091046
9.12315 9165 -8.1400 -0.085028
9.12533 9185 -8.2342 -0.085917
9.12761 9206 -8.2658 -0.086149
9.12989 9227 -8.9020 -0.092674
9.13216 9248 -9.3579 -0.097310
9.13443 9269 -9.5807 -0.099513
9.13659 9289 -9.7799 -0.101472
9.13884 9310 -9.8053 -0.101622
9.14110 9331 -9.6813 -0.100224
9.14335 9352 -9.1823 -0.094951
9.14559 9373 -9.5526 -0.098669
9.14783 9394 -9.7342 -0.100432
9.15017 9416 -9.7469 -0.100446
9.15239 9437 -9.7096 -0.099951
9.15462 9458 -10.1785 -0.104661
9.15683 9479 -10.8842 -0.111793
9.15915 9501 -10.3680 -0.106368
9.16136 9522 -10.0365 -0.102853
9.16367 9544 -9.9412 -0.101759
9.16587 9565 -9.7063 -0.099245
9.16816 9587 -9.6420 -0.098475
9.17035 9608 -10.4560 -0.106672
9.17264 9630 -10.3948 -0.105926
9.17482 9651 -10.7425 -0.109350
9.17709 9673 -10.4477 -0.106228
9.17937 9695 -10.3706 -0.105325
9.18163 9717 -10.3720 -0.105219
9.18389 9739 -10.3150 -0.104523
9.18615 9761 -10.2152 -0.103395
9.18840 9783 -10.1625 -0.102746
9.19065 9805 -10.3274 -0.104296
9.19289 9827 -10.1703 -0.102594
9.19513 9849 -10.6282 -0.107094
9.19736 9871 -10.5565 -0.106253
9.19958 9893 -10.5627 -0.106196
9.20190 9916 -10.9558 -0.110021
9.20412 9938 -10.8184 -0.108521
9.20633 9960 -10.5483 -0.105694
9.20864 9983 -10.4580 -0.104669
9.21084 10005 -10.1541 -0.101516
9.21314 10028 -10.8827 -0.108675
9.21533 10050 -11.0847 -0.110571
9.21761 10073 -11.2750 -0.112341
9.21989 10096 -10.8392 -0.107876
9.22207 10118 -10.3509 -0.102904
9.22434 10141 -10.4451 -0.103722
9.22661 10164 -10.7749 -0.106876
9.22887 10187 -11.1619 -0.110590
9.23112 10210 -10.9254 -0.108124
9.23337 10233 -10.6673 -0.105451
9.23562 10256 -10.8436 -0.107074
9.23786 10279 -11.5158 -0.113584
9.24009 10302 -11.1916 -0.110264
9.24232 10325 -11.3483 -0.111682
9.24455 10348 -11.3385 -0.111462
9.24687 10372 -11.1952 -0.109926
9.24908 10395 -11.4934 -0.112729
9.25139 10419 -11.4756 -0.112425
9.25359 10442 -10.9733 -0.107385
9.25579 10465 -11.0177 -0.107702
9.25808 10489 -10.6377 -0.103867
9.26037 10513 -11.1812 -0.109050
9.26255 10536 -10.6102 -0.103368
9.26483 10560 -10.3857 -0.101065
9.26710 10584 -11.0040 -0.106961
9.26936 10608 -11.2600 -0.109325
9.27162 10632 -11.4869 -0.111403
9.27388 10656 -11.2540 -0.109021
9.27613 10680 -10.6422 -0.102979
9.27837 10704 -10.4889 -0.101381
9.28061 10728 -10.6160 -0.102495
9.28285 10752 -10.9399 -0.105504
9.28508 10776 -10.1823 -0.098088
9.28730 10800 -9.3316 -0.089794
9.28961 10825 -9.4516 -0.090843
9.29183 10849 -8.9455 -0.085884
9.29404 10873 -8.9285 -0.085625
9.29633 10898 -8.7011 -0.083349
9.29853 10922 -8.6974 -0.083222
9.30082 10947 -8.5274 -0.081502
9.30310 10972 -7.9447 -0.075846
9.30529 10996 -6.9754 -0.066519
9.30756 11021 -7.0005 -0.066684
9.30982 11046 -6.8270 -0.064958
9.31208 11071 -7.6096 -0.072322
9.31434 11096 -7.2752 -0.069066
9.31659 11121 -7.5034 -0.071152
9.31884 11146 -7.9361 -0.075170
9.32108 11171 -8.3043 -0.078570
9.32331 11196 -8.8375 -0.083521
9.32554 11221 -8.7763 -0.082851
9.32786 11247 -9.0886 -0.085700
9.33008 11272 -9.3644 -0.088202
9.33229 11297 -9.7462 -0.091696
9.33459 11323 -9.5898 -0.090121
9.33680 11348 -9.6780 -0.090850
9.33909 11374 -9.8378 -0.092245
9.34128 11399 -9.9874 -0.093545
9.34356 11425 -9.4934 -0.088816
9.34583 11451 -9.7628 -0.091233
9.34810 11477 -9.3042 -0.086849
9.35028 11502 -9.3626 -0.087299
9.35253 11528 -9.0364 -0.084162
9.35479 11554 -9.4616 -0.088023
9.35703 11580 -9.6420 -0.089601
9.35928 11606 -10.3180 -0.095776
9.36152 11632 -10.1604 -0.094207
9.36383 11659 -9.3107 -0.086229
9.36606 11685 -9.8234 -0.090875
9.36828 11711 -8.9862 -0.083039
9.37059 11738 -9.0152 -0.083211
9.37280 11764 -8.7289 -0.080479
9.37509 11791 -8.4257 -0.077594
9.37729 11817 -8.6726 -0.079780
9.37958 11844 -8.7502 -0.080402
9.38177 11870 -8.8526 -0.081254
9.38404 11897 -8.3087 -0.076175
9.38631 11924 -9.0315 -0.082708
9.38857 11951 -8.9068 -0.081474
9.39083 11978 -9.0533 -0.082721
9.39308 12005 -9.3110 -0.084980
9.39533 12032 -8.8242 -0.080447
9.39757 12059 -8.3320 -0.075874
9.39980 12086 -7.5418 -0.068602
9.40203 12113 -7.0478 -0.064037
9.40426 12140 -6.5513 -0.059459
9.40656 12168 -6.6498 -0.060283
9.40878 12195 -6.8494 -0.062024
9.41107 12223 -7.1214 -0.064414
9.41328 12250 -7.3843 -0.066718
9.41556 12278 -6.8565 -0.061878
9.41776 12305 -6.3004 -0.056797
9.42003 12333 -6.7136 -0.060454
9.42230 12361 -6.7583 -0.060787
9.42456 12389 -7.7769 -0.069870
9.42682 12417 -8.1785 -0.073395
9.42899 12444 -8.3422 -0.074783
9.43124 12472 -8.9564 -0.080198
9.43356 12501 -8.2005 -0.073344
9.43580 12529 -7.6708 -0.068530
9.43803 12557 -7.8760 -0.070285
9.44026 12585 -7.7671 -0.069236
9.44256 12614 -7.7280 -0.068808
9.44478 12642 -7.7528 -0.068953
9.44699 12670 -7.9352 -0.070497
9.44928 12699 -7.6906 -0.068246
9.45156 12728 -8.2126 -0.072795
9.45376 12756 -8.0616 -0.071378
9.45603 12785 -7.9443 -0.070259
9.45829 12814 -7.3775 -0.065173
9.46055 12843 -7.2771 -0.064213
9.46273 12871 -6.8997 -0.060817
9.46498 12900 -7.1315 -0.062789
9.46731 12930 -7.1351 -0.062748
9.46955 12959 -8.0435 -0.070658
9.47178 12988 -7.7632 -0.068119
9.47401 13017 -8.4850 -0.074370
9.47624 13046 -8.2325 -0.072077
9.47853 13076 -8.4289 -0.073711
9.48075 13105 -8.4688 -0.073978
9.48304 13135 -8.3929 -0.073231
9.48524 13164 -7.8211 -0.068167
9.48752 13194 -8.1162 -0.070659
9.48979 13224 -8.3051 -0.072221
9.49198 13253 -8.4844 -0.073699
9.49424 13283 -8.7077 -0.075553
9.49650 13313 -8.0804 -0.070032
9.49875 13343 -8.4451 -0.073111
9.50099 13373 -8.8512 -0.076540
9.50323 13403 -8.8850 -0.076746
9.50547 13433 -9.5828 -0.082681
9.50777 13464 -10.2134 -0.088020
9.51000 13494 -9.9451 -0.085613
9.51222 13524 -9.9321 -0.085406
9.51451 13555 -10.1923 -0.087543
9.51672 13585 -10.1541 -0.087119
9.51900 13616 -9.8508 -0.084420
9.52127 13647 -10.0164 -0.085742
9.52347 13677 -10.2038 -0.087250
9.52573 13708 -9.4988 -0.081130
9.52799 13739 -9.7382 -0.083081
9.53025 13770 -10.2342 -0.087214
9.53250 13801 -10.6050 -0.090272
9.53474 13832 -10.3963 -0.088397
9.53698 13863 -9.3998 -0.079834
9.53921 13894 -9.4007 -0.079753
9.54151 13926 -9.4945 -0.080456
9.54374 13957 -9.0076 -0.076245
9.54603 13989 -9.6867 -0.081900
9.54824 14020 -9.6524 -0.081520
9.55052 14052 -9.2270 -0.077838
9.55272 14083 -9.1059 -0.076732
9.55499 14115 -8.9352 -0.075208
9.55726 14147 -8.0588 -0.067754
9.55952 14179 -7.5013 -0.062996
9.56177 14211 -7.2748 -0.061025
9.56402 14243 -7.0301 -0.058906
9.56627 14275 -6.7789 -0.056738
9.56850 14307 -7.3797 -0.061697
9.57074 14339 -7.4552 -0.062259
9.57297 14371 -8.1667 -0.068124
9.57526 14404 -8.5489 -0.071231
9.57748 14436 -8.6970 -0.072384
9.57976 14469 -8.4865 -0.070552
9.58197 14501 -8.7230 -0.072438
9.58425 14534 -9.0979 -0.075466
9.58645 14566 -9.0632 -0.075095
9.58871 14599 -9.0247 -0.074691
9.59097 14632 -8.5839 -0.070964
9.59322 14665 -8.6335 -0.071292
9.59547 14698 -8.6099 -0.071018
9.59771 14731 -9.5712 -0.078859
9.59995 14764 -10.1170 -0.083263
9.60225 14798 -10.3691 -0.085239
9.60447 14831 -9.7694 -0.080220
9.60670 14864 -9.8126 -0.080485
9.60898 14898 -9.8613 -0.080792
9.61119 14931 -10.2115 -0.083569
9.61347 14965 -10.2142 -0.083496
9.61574 14999 -10.4649 -0.085448
9.61794 15032 -10.4678 -0.085378
9.62020 15066 -10.3272 -0.084136
9.62245 15100 -11.4114 -0.092865
9.62470 15134 -10.8806 -0.088446
9.62694 15168 -11.2306 -0.091189
9.62918 15202 -10.9327 -0.088670
9.63148 15237 -10.7641 -0.087203
9.63371 15271 -10.3768 -0.083971
9.63593 15305 -10.2319 -0.082706
9.63822 15340 -10.4064 -0.084021
9.64043 15374 -10.4938 -0.084633
9.64271 15409 -10.7131 -0.086304
9.64498 15444 -10.7133 -0.086207
9.64724 15479 -10.0484 -0.080765
9.64943 15513 -9.3807 -0.075316
9.65169 15548 -8.9587 -0.071847
9.65394 15583 -9.2751 -0.074301
9.65618 15618 -8.8626 -0.070917
9.65848 15654 -8.9843 -0.071808
9.66072 15689 -7.9841 -0.063743
9.66294 15724 -8.0772 -0.064413
9.66523 15760 -8.1778 -0.065141
9.66745 15795 -8.4994 -0.067628
9.66973 15831 -8.6767 -0.068961
9.67193 15866 -8.3244 -0.066088
9.67420 15902 -8.3225 -0.065997
9.67646 15938 -8.3178 -0.065886
9.67872 15974 -8.2669 -0.065408
9.68097 16010 -7.3432 -0.058035
9.68321 16046 -7.4386 -0.058723
9.68546 16082 -7.2878 -0.057468
9.68769 16118 -7.1308 -0.056167
9.68992 16154 -7.2180 -0.056791
9.69221 16191 -8.1300 -0.063893
9.69443 16227 -7.8569 -0.061678
9.69671 16264 -7.9266 -0.062155
9.69892 16300 -7.7727 -0.060880
9.70119 16337 -7.7288 -0.060468
9.70345 16374 -8.0897 -0.063220
9.70571 16411 -8.0978 -0.063212
9.70796 16448 -8.1111 -0.063245
9.71021 16485 -8.4354 -0.065700
9.71245 16522 -9.2464 -0.071935
9.71469 16559 -9.0862 -0.070610
9.71692 16596 -9.1973 -0.071393
9.71920 16634 -9.0221 -0.069954
9.72143 16671 -8.5070 -0.065887
9.72370 16709 -8.0898 -0.062584
9.72591 16746 -8.1245 -0.062783
9.72818 16784 -7.4988 -0.057882
9.73044 16822 -7.8280 -0.060355
9.73270 16860 -7.5421 -0.058085
9.73495 16898 -7.4013 -0.056936
9.73720 16936 -7.7646 -0.059664
9.73944 16974 -7.3248 -0.056222
9.74167 17012 -6.8592 -0.052589
9.74391 17050 -7.8143 -0.059845
9.74619 17089 -7.1695 -0.054844
9.74841 17127 -6.7351 -0.051464
9.75069 17166 -6.7704 -0.051675
9.75290 17204 -6.0400 -0.046050
9.75516 17243 -6.4580 -0.049181
9.75742 17282 -7.4325 -0.056538
9.75967 17321 -6.5561 -0.049815
9.76192 17360 -5.8874 -0.044684
9.76417 17399 -5.7133 -0.043314
9.76641 17438 -5.5480 -0.042013
9.76864 17477 -6.3198 -0.047805
9.77093 17517 -6.3609 -0.048061
9.77315 17556 -6.0768 -0.045863
9.77543 17596 -6.3438 -0.047824
9.77764 17635 -6.0376 -0.045465
9.77991 17675 -5.3860 -0.040513
9.78217 17715 -5.4256 -0.040764
9.78442 17755 -5.4043 -0.040558
9.78667 17795 -5.0551 -0.037895
9.78892 17835 -5.1227 -0.038358
9.79116 17875 -4.7022 -0.035170
9.79339 17915 -4.5333 -0.033869
9.79568 17956 -4.7752 -0.035636
9.79790 17996 -4.3495 -0.032423
9.80018 18037 -3.7925 -0.028239
9.80240 18077 -3.5290 -0.026247
9.80466 18118 -3.7209 -0.027644
9.80692 18159 -4.4868 -0.033296
9.80918 18200 -3.5559 -0.026358
9.81143 18241 -2.8696 -0.021247
9.81367 18282 -3.3026 -0.024426
9.81591 18323 -3.7036 -0.027360
9.81815 18364 -3.4794 -0.025675
9.82038 18405 -3.6271 -0.026736
9.82266 18447 -3.6457 -0.026842
9.82488 18488 -3.4889 -0.025659
9.82715 18530 -3.5857 -0.026341
9.82941 18572 -4.8199 -0.035368
9.83167 18614 -4.6850 -0.034339
9.83387 18655 -5.9376 -0.043473
9.83612 18697 -6.8087 -0.049794
9.83842 18740 -6.4398 -0.047042
9.84065 18782 -6.5821 -0.048028
9.84289 18824 -6.9684 -0.050790
9.84512 18866 -6.7212 -0.048934
9.84739 18909 -7.2773 -0.052922
9.84966 18952 -7.4479 -0.054101
9.85188 18994 -7.7796 -0.056448
9.85414 19037 -7.8227 -0.056697
9.85640 19080 -8.5712 -0.062051
9.85865 19123 -9.7078 -0.070201
9.86089 19166 -8.4190 -0.060813
9.86313 19209 -8.2344 -0.059413
9.86537 19252 -8.7264 -0.062892
9.86765 19296 -8.1932 -0.058982
9.86988 19339 -8.5028 -0.061142
9.87215 19383 -7.9136 -0.056841
9.87437 19426 -7.7253 -0.055427
9.87663 19470 -6.7001 -0.048017
9.87889 19514 -6.1795 -0.044236
9.88114 19558 -6.3661 -0.045521
9.88339 19602 -6.0530 -0.043233
9.88563 19646 -6.2206 -0.044381
9.88787 19690 -5.6653 -0.040374
9.89015 19735 -5.3076 -0.037782
9.89238 19779 -5.8435 -0.041550
9.89465 19824 -5.3804 -0.038214
9.89687 19868 -5.0180 -0.035600
9.89913 19913 -5.3413 -0.037851
9.90139 19958 -5.3632 -0.037963
9.90364 20003 -6.6384 -0.046937
9.90588 20048 -7.2532 -0.051226
9.90813 20093 -7.2931 -0.051451
9.91036 20138 -6.8909 -0.048559
9.91260 20183 -6.1663 -0.043404
9.91487 20229 -6.1202 -0.043030
9.91709 20274 -6.3871 -0.044857
9.91936 20320 -6.5458 -0.045920
9.92162 20366 -6.8109 -0.047726
9.92388 20412 -6.9652 -0.048752
9.92613 20458 -7.8868 -0.055141
9.92838 20504 -7.0566 -0.049281
9.93062 20550 -7.3401 -0.051203
9.93285 20596 -7.9119 -0.055130
9.93513 20643 -8.6777 -0.060397
9.93736 20689 -9.0327 -0.062798
9.93963 20736 -9.4813 -0.065842
9.94184 20782 -9.7026 -0.067304
9.94410 20829 -9.2491 -0.064086
9.94636 20876 -9.6713 -0.066936
9.94860 20923 -9.9739 -0.068953
9.95085 20970 -8.8884 -0.061380
9.95309 21017 -8.9192 -0.061523
9.95537 21065 -8.0276 -0.055310
9.95760 21112 -8.0905 -0.055681
9.95987 21160 -8.2606 -0.056788
9.96209 21207 -8.6095 -0.059120
9.96435 21255 -9.1810 -0.062974
9.96660 21303 -9.2995 -0.063714
9.96885 21351 -9.1842 -0.062854
9.97110 21399 -10.2092 -0.069790
9.97334 21447 -10.8226 -0.073901
9.97558 21495 -9.6963 -0.066136
9.97785 21544 -8.7634 -0.059705
9.98008 21592 -8.7238 -0.059369
9.98234 21641 -9.5071 -0.064626
9.98461 21690 -8.8552 -0.060127
9.98686 21739 -9.0863 -0.061627
9.98907 21787 -8.4968 -0.057565
9.99136 21837 -8.1909 -0.055429
9.99360 21886 -8.0986 -0.054742
9.99584 21935 -7.7513 -0.052337
9.99807 21984 -7.7019 -0.051945
10.00034 22034 -6.1061 -0.041135
10.00261 22084 -5.4484 -0.036663
10.00482 22133 -5.5310 -0.037177
10.00708 22183 -5.3971 -0.036237
10.00933 22233 -4.9062 -0.032904
10.01158 22283 -5.1665 -0.034610
10.01382 22333 -4.7968 -0.032098
10.01610 22384 -5.4948 -0.036727
10.01833 22434 -5.6842 -0.037951
10.02056 22484 -6.2206 -0.041485
10.02282 22535 -6.4229 -0.042786
10.02509 22586 -5.9517 -0.039602
10.02734 22637 -5.8046 -0.038580
10.02959 22688 -5.9447 -0.039467
10.03184 22739 -5.8435 -0.038751
10.03408 22790 -5.8080 -0.038473
10.03631 22841 -6.0437 -0.039989
10.03859 22893 -5.7399 -0.037936
10.04081 22944 -6.8128 -0.044977
10.04308 22996 -7.4042 -0.048826
10.04533 23048 -7.5278 -0.049585
10.04759 23100 -7.1683 -0.047164
10.04984 23152 -8.0290 -0.052767
10.05208 23204 -8.5748 -0.056292
10.05432 23256 -9.7026 -0.063624
10.05655 23308 -10.0268 -0.065677
10.05882 23361 -9.8979 -0.064758
10.06105 23413 -10.2096 -0.066724
10.06331 23466 -11.7062 -0.076418
10.06556 23519 -12.1663 -0.079332
10.06781 23572 -12.2884 -0.080038
10.07006 23625 -12.9970 -0.084559
10.07230 23678 -12.3364 -0.080171
10.07458 23732 -11.6620 -0.075702
10.07681 23785 -12.1390 -0.078710
10.07908 23839 -12.5384 -0.081208
10.08130 23892 -12.6661 -0.081944
10.08356 23946 -13.6496 -0.088207
10.08581 24000 -13.7009 -0.088439
10.08806 24054 -13.5490 -0.087360
10.09030 24108 -13.3194 -0.085783
10.09254 24162 -14.2451 -0.091643
10.09481 24217 -14.4681 -0.092972
10.09704 24271 -15.4412 -0.099115
10.09930 24326 -15.7069 -0.100706
10.10156 24381 -15.8809 -0.101707
10.10381 24436 -16.2173 -0.103744
10.10606 24491 -15.9380 -0.101843
10.10830 24546 -15.1963 -0.096994
10.11054 24601 -15.1482 -0.096579
10.11282 24657 -14.8815 -0.094771
10.11504 24712 -14.8111 -0.094218
10.11731 24768 -14.3403 -0.091120
10.11957 24824 -14.8942 -0.094532
10.12178 24879 -14.8675 -0.094259
10.12403 24935 -13.8734 -0.087857
10.12631 24992 -13.6302 -0.086219
10.12855 25048 -13.0848 -0.082676
10.13078 25104 -13.3071 -0.083987
10.13305 25161 -11.8166 -0.074496
10.13527 25217 -11.9443 -0.075216
10.13753 25274 -11.5564 -0.072692
10.13978 25331 -11.2291 -0.070553
10.14203 25388 -10.9797 -0.068909
10.14427 25445 -11.5958 -0.072694
10.14655 25503 -10.8887 -0.068184
10.14878 25560 -11.1659 -0.069841
10.15105 25618 -10.0915 -0.063050
10.15327 25675 -9.7130 -0.060618
10.15553 25733 -9.2191 -0.057471
10.15778 25791 -9.4739 -0.058992
10.16003 25849 -8.4777 -0.052730
10.16227 25907 -8.4974 -0.052793
10.16454 25966 -8.6238 -0.053517
10.16677 26024 -7.8997 -0.048969
10.16904 26083 -8.2990 -0.051386
10.17126 26141 -8.8409 -0.054681
10.17351 26200 -9.0186 -0.055717
10.17576 26259 -8.5601 -0.052825
10.17801 26318 -8.4964 -0.052373
10.18029 26378 -7.8621 -0.048408
10.18252 26437 -7.3657 -0.045301
10.18479 26497 -7.0893 -0.043552
10.18701 26556 -7.0389 -0.043194
10.18927 26616 -7.6305 -0.046772
10.19152 26676 -7.4174 -0.045414
10.19377 26736 -7.1647 -0.043818
10.19601 26796 -7.5357 -0.046035
10.19828 26857 -7.9878 -0.048742
10.20051 26917 -8.8915 -0.054195
10.20278 26978 -9.7479 -0.059348
10.20500 27038 -10.6074 -0.064509
10.20725 27099 -10.1136 -0.061437
10.20950 27160 -9.1673 -0.055626
10.21178 27222 -8.2217 -0.049831
10.21402 27283 -7.4927 -0.045362
10.21625 27344 -8.0442 -0.048647
10.21852 27406 -8.9623 -0.054137
10.22078 27468 -9.3461 -0.056392
10.22300 27529 -9.6495 -0.058158
10.22524 27591 -10.2428 -0.061665
10.22753 27654 -10.4020 -0.062552
10.22977 27716 -9.9920 -0.060019
10.23200 27778 -10.4027 -0.062416
10.23427 27841 -10.8931 -0.065284
10.23649 27903 -11.0726 -0.066286
10.23874 27966 -11.2217 -0.067103
10.24099 28029 -11.5083 -0.068740
10.24324 28092 -10.7784 -0.064308
10.24552 28156 -11.1358 -0.066364
10.24775 28219 -10.2052 -0.060751
10.25002 28283 -10.9035 -0.064834
10.25224 28346 -10.4726 -0.062203
10.25450 28410 -10.0696 -0.059741
10.25675 28474 -9.3919 -0.055658
10.25899 28538 -9.5656 -0.056624
10.26123 28602 -9.8568 -0.058283
10.26350 28667 -10.3587 -0.061181
10.26573 28731 -10.4273 -0.061517
10.26799 28796 -9.6841 -0.057068
10.27025 28861 -9.5403 -0.056158
10.27250 28926 -10.4655 -0.061534
10.27474 28991 -10.2883 -0.060424
10.27698 29056 -9.8387 -0.057719
10.27925 29122 -10.8204 -0.063406
10.28148 29187 -11.1521 -0.065277
10.28374 29253 -12.2332 -0.071524
10.28599 29319 -12.3390 -0.072062
10.28824 29385 -11.9084 -0.069469
10.29048 29451 -10.8565 -0.063261
10.29272 29517 -10.8317 -0.063047
10.29499 29584 -11.8626 -0.068969
10.29722 29650 -12.0320 -0.069876
10.29947 29717 -12.5703 -0.072919
10.30173 29784 -12.7805 -0.074055
10.30397 29851 -11.7807 -0.068186
10.30622 29918 -11.7112 -0.067707
10.30849 29986 -11.2730 -0.065100
10.31072 30053 -11.1507 -0.064322
10.31298 30121 -12.4968 -0.072005
10.31523 30189 -12.8264 -0.073821
10.31748 30257 -12.7598 -0.073355
10.31973 30325 -13.8597 -0.079589
10.32197 30393 -13.7406 -0.078817
10.32424 30462 -13.8098 -0.079124
10.32647 30530 -14.4239 -0.082550
10.32872 30599 -13.5185 -0.077282
10.33098 30668 -12.7944 -0.073060
10.33322 30737 -12.1405 -0.069248
10.33546 30806 -12.7609 -0.072705
10.33773 30876 -13.1199 -0.074666
10.33997 30945 -13.6539 -0.077618
10.34223 31015 -13.1601 -0.074726
10.34448 31085 -12.4275 -0.070487
10.34673 31155 -13.3898 -0.075860
10.34897 31225 -13.5023 -0.076411
10.35121 31295 -13.4561 -0.076064
10.35345 31365 -13.8105 -0.077981
10.35571 31436 -14.3910 -0.081166
10.35797 31507 -14.1297 -0.079603
10.36022 31578 -13.3858 -0.075327
10.36246 31649 -13.6037 -0.076468
10.36470 31720 -14.0750 -0.079028
10.36697 31792 -14.4939 -0.081288
10.36920 31863 -15.7639 -0.088312
10.37146 31935 -16.5814 -0.092787
10.37371 32007 -16.0570 -0.089752
10.37596 32079 -15.3254 -0.085566
10.37820 32151 -15.8571 -0.088436
10.38047 32224 -16.0678 -0.089509
10.38270 32296 -16.0786 -0.089469
10.38496 32369 -15.3635 -0.085393
10.38721 32442 -15.8431 -0.087960
10.38946 32515 -16.7693 -0.092998
10.39170 32588 -16.5950 -0.091928
10.39394 32661 -18.1853 -0.100625
10.39620 32735 -19.0313 -0.105187
10.39846 32809 -18.8171 -0.103886
10.40071 32883 -19.4524 -0.107272
10.40296 32957 -19.3116 -0.106376
10.40520 33031 -19.4180 -0.106843
10.40744 33105 -19.9931 -0.109884
10.40970 33180 -19.4172 -0.106598
10.41193 33254 -18.5178 -0.101547
10.41418 33329 -18.3238 -0.100370
10.41643 33404 -16.7297 -0.091535
10.41870 33480 -17.4920 -0.095598
10.42094 33555 -17.5014 -0.095542
10.42320 33631 -16.6418 -0.090747
10.42543 33706 -15.7216 -0.085634
10.42768 33782 -16.1158 -0.087682
10.42993 33858 -16.2632 -0.088384
10.43217 33934 -16.1770 -0.087817
10.43444 34011 -16.7037 -0.090574
10.43667 34087 -16.2419 -0.087972
10.43893 34164 -17.4871 -0.094609
10.44118 34241 -17.3799 -0.093924
10.44343 34318 -18.0862 -0.097631
10.44567 34395 -17.2456 -0.092989
10.44793 34473 -17.5245 -0.094386
10.45019 34551 -16.1981 -0.087143
10.45242 34628 -16.1834 -0.086968
10.45467 34706 -15.8066 -0.084847
10.45691 34784 -14.9743 -0.080289
10.45918 34863 -15.3686 -0.082310
10.46142 34941 -15.3723 -0.082238
10.46367 35020 -15.2880 -0.081695
10.46593 35099 -15.0480 -0.080322
10.46818 35178 -14.6560 -0.078141
10.47042 35257 -14.8546 -0.079111
10.47266 35336 -15.1610 -0.080653
10.47492 35416 -15.8980 -0.084478
10.47718 35496 -16.4345 -0.087230
10.47943 35576 -16.2490 -0.086149
10.48167 35656 -16.0319 -0.084902
10.48391 35736 -15.1712 -0.080254
10.48618 35817 -16.3605 -0.086447
10.48841 35897 -16.4374 -0.086757
10.49066 35978 -15.2122 -0.080200
10.49291 36059 -15.2416 -0.080265
10.49516 36140 -16.0779 -0.084574
10.49742 36222 -15.5381 -0.081641
10.49966 36303 -15.9063 -0.083483
10.50191 36385 -14.4874 -0.075950
10.50416 36467 -14.5473 -0.076178
10.50641 36549 -13.4824 -0.070523
10.50865 36631 -14.5478 -0.076011
10.51091 36714 -13.2500 -0.069151
10.51314 36796 -13.2952 -0.069310
10.51540 36879 -14.4029 -0.075000
10.51765 36962 -14.1044 -0.073363
10.51992 37046 -14.9557 -0.077703
10.52215 37129 -15.5416 -0.080656
10.52441 37213 -16.2185 -0.084074
10.52664 37296 -16.4672 -0.085268
10.52889 37380 -16.0084 -0.082800
10.53116 37465 -15.2925 -0.079007
10.53340 37549 -15.2372 -0.078633
10.53564 37633 -15.0382 -0.077519
10.53789 37718 -15.2740 -0.078646
10.54014 37803 -14.7188 -0.075702
10.54239 37888 -15.7299 -0.080812
10.54466 37974 -16.8112 -0.086269
10.54689 38059 -16.5180 -0.084670
10.54915 38145 -17.6254 -0.090244
10.55140 38231 -17.6363 -0.090199
10.55365 38317 -17.6658 -0.090248
10.55589 38403 -18.7123 -0.095487
10.55815 38490 -19.1980 -0.097855
10.56039 38576 -19.5351 -0.099462
10.56264 38663 -19.7284 -0.100333
10.56489 38750 -19.9921 -0.101560
10.56713 38837 -20.9408 -0.106260
10.56939 38925 -19.1309 -0.096966
10.57162 39012 -19.0569 -0.096483
10.57388 39100 -18.4164 -0.093136
10.57613 39188 -19.2845 -0.097416
10.57839 39277 -18.5993 -0.093848
10.58063 39365 -17.3149 -0.087270
10.58289 39454 -14.9424 -0.075227
10.58512 39542 -13.8466 -0.069633
10.58739 39632 -13.7061 -0.068848
10.58964 39721 -13.7306 -0.068893
10.59187 39810 -15.1256 -0.075808
10.59413 39900 -13.7947 -0.069060
10.59638 39990 -14.3234 -0.071626
10.59863 40080 -14.6631 -0.073242
10.60088 40170 -14.5628 -0.072660
10.60311 40260 -14.4768 -0.072150
10.60537 40351 -15.3062 -0.076197
10.60762 40442 -13.9878 -0.069556
10.60987 40533 -14.0038 -0.069557
10.61211 40624 -14.9539 -0.074193
10.61438 40716 -15.8334 -0.078468
10.61661 40807 -16.1335 -0.079866
10.61886 40899 -16.9054 -0.083593
10.62111 40991 -17.5883 -0.086872
10.62337 41084 -16.5798 -0.081798
10.62561 41176 -15.8582 -0.078151
10.62787 41269 -14.6068 -0.071902
10.63012 41362 -14.6009 -0.071792
10.63236 41455 -14.9946 -0.073646
10.63460 41548 -15.1583 -0.074366
10.63686 41642 -14.2436 -0.069800
10.63912 41736 -14.3375 -0.070181
10.64137 41830 -13.6721 -0.066848
10.64361 41924 -14.5831 -0.071223
10.64585 42018 -14.9100 -0.072738
10.64811 42113 -14.2773 -0.069572
10.65037 42208 -14.5332 -0.070740
10.65261 42303 -15.1206 -0.073517
10.65486 42398 -14.2294 -0.069106
10.65709 42493 -13.6530 -0.066232
10.65935 42589 -12.4901 -0.060523
10.66160 42685 -12.6765 -0.061356
10.66385 42781 -12.7532 -0.061659
10.66609 42877 -13.0942 -0.063237
10.66835 42974 -14.1296 -0.068160
10.67061 43071 -14.1024 -0.067951
10.67285 43168 -14.4028 -0.069321
10.67510 43265 -15.7130 -0.075542
10.67734 43362 -16.1939 -0.077767
10.67960 43460 -16.3398 -0.078379
10.68185 43558 -16.1069 -0.077175
10.68410 43656 -15.5487 -0.074417
10.68634 43754 -15.7047 -0.075079
10.68860 43853 -16.6960 -0.079728
10.69085 43952 -15.8224 -0.075472
10.69310 44051 -16.3955 -0.078117
10.69535 44150 -16.4153 -0.078124
10.69759 44249 -15.4775 -0.073578
10.69985 44349 -15.3270 -0.072780
10.70210 44449 -16.3052 -0.077338
10.70434 44549 -16.6105 -0.078698
10.70659 44649 -16.0357 -0.075890
10.70885 44750 -16.3760 -0.077412
10.71108 44850 -17.4771 -0.082526
10.71333 44951 -16.7799 -0.079144
10.71559 45053 -14.6143 -0.068852
10.71783 45154 -13.5305 -0.063675
10.72009 45256 -13.7111 -0.064451
10.72234 45358 -13.6784 -0.064226
10.72459 45460 -14.0499 -0.065896
10.72683 45562 -15.2816 -0.071592
10.72909 45665 -16.2894 -0.076228
10.73132 45767 -15.2543 -0.071304
10.73359 45871 -16.6332 -0.077662
10.73583 45974 -16.4979 -0.076943
10.73807 46077 -17.5033 -0.081541
10.74032 46181 -18.1676 -0.084541
10.74257 46285 -18.1783 -0.084495
10.74482 46389 -17.8182 -0.082729
10.74708 46494 -17.2310 -0.079912
10.74931 46598 -17.3715 -0.080473
10.75156 46703 -17.4401 -0.080700
10.75383 46809 -17.1550 -0.079292
10.75607 46914 -16.6063 -0.076669
10.75833 47020 -15.6541 -0.072191
10.76056 47125 -15.5602 -0.071678
10.76283 47232 -16.1632 -0.074372
10.76507 47338 -15.5908 -0.071658
10.76733 47445 -15.7023 -0.072089
10.76956 47551 -15.7723 -0.072329
10.77181 47658 -16.1287 -0.073881
10.77407 47766 -15.7905 -0.072250
10.77631 47873 -15.8929 -0.072637
10.77856 47981 -15.9773 -0.072941
10.78081 48089 -14.9702 -0.068266
10.78305 48197 -14.1208 -0.064321
10.78531 48306 -12.5100 -0.056919
10.78756 48415 -12.4368 -0.056522
10.78981 48524 -11.3513 -0.051531
10.79206 48633 -10.6278 -0.048192
10.79430 48742 -11.2213 -0.050827
10.79655 48852 -11.9239 -0.053948
10.79880 48962 -12.9991 -0.058747
10.80104 49072 -14.2688 -0.064412
10.80330 49183 -13.6892 -0.061726
10.80556 49294 -14.2269 -0.064078
10.80781 49405 -14.4724 -0.065111
10.81005 49516 -14.0656 -0.063210
10.81229 49627 -14.0078 -0.062880
10.81454 49739 -15.0842 -0.067635
10.81679 49851 -16.1461 -0.072316
10.81904 49963 -14.0183 -0.062715
10.82130 50076 -15.0065 -0.067060
10.82355 50189 -15.5011 -0.069192
10.82580 50302 -15.4900 -0.069065
10.82804 50415 -16.3387 -0.072767
10.83030 50529 -14.5467 -0.064714
10.83254 50642 -14.7503 -0.065546
10.83479 50756 -15.2303 -0.067603
10.83705 50871 -15.3865 -0.068219
10.83929 50985 -15.1303 -0.067008
10.84154 51100 -14.8862 -0.065853
10.84379 51215 -14.4977 -0.064062
10.84603 51330 -12.6640 -0.055896
10.84829 51446 -12.8721 -0.056751
10.85054 51562 -11.9155 -0.052474
10.85279 51678 -11.9066 -0.052376
10.85503 51794 -11.8969 -0.052275
10.85729 51911 -12.7471 -0.055948
10.85954 52028 -12.4352 -0.054517
10.86178 52145 -11.9512 -0.052336
10.86402 52262 -11.2594 -0.049252
10.86628 52380 -11.8098 -0.051601
10.86853 52498 -11.3958 -0.049736
10.87078 52616 -11.4045 -0.049719
10.87303 52735 -11.0152 -0.047967
10.87527 52853 -11.3783 -0.049493
10.87752 52972 -9.7666 -0.042435
10.87978 53092 -8.9313 -0.038762
10.88202 53211 -9.4737 -0.041069
10.88427 53331 -10.4329 -0.045177
10.88652 53451 -9.3085 -0.040263
10.88876 53571 -10.4909 -0.045326
10.89102 53692 -11.2062 -0.048362
10.89327 53813 -10.0281 -0.043229
10.89552 53934 -8.6290 -0.037156
10.89778 54056 -8.5217 -0.036652
10.90001 54177 -8.3149 -0.035723
10.90226 54299 -7.6655 -0.032896
10.90452 54422 -7.6537 -0.032808
10.90676 54544 -8.3765 -0.035867
10.90902 54667 -8.0248 -0.034322
10.91126 54790 -6.6952 -0.028603
10.91351 54913 -7.5824 -0.032357
10.91576 55037 -8.6619 -0.036922
10.91801 55161 -8.3492 -0.035549
10.92026 55285 -8.3585 -0.035549
10.92252 55410 -8.1445 -0.034599
10.92475 55534 -8.7249 -0.037024
10.92702 55660 -7.8355 -0.033212
10.92926 55785 -6.6579 -0.028189
10.93150 55910 -5.8524 -0.024751
10.93375 56036 -5.1030 -0.021557
10.93601 56163 -5.0138 -0.021156
10.93825 56289 -4.2069 -0.017732
10.94051 56416 -5.8728 -0.024726
10.94276 56543 -4.7897 -0.020143
10.94500 56670 -4.8267 -0.020275
10.94726 56798 -5.1142 -0.021459
10.94951 56926 -6.4635 -0.027090
10.95175 57054 -6.6288 -0.027752
10.95399 57182 -7.6655 -0.032056
10.95625 57311 -6.1091 -0.025519
10.95850 57440 -5.5656 -0.023222
10.96074 57569 -4.5861 -0.019114
10.96300 57699 -5.0989 -0.021227
10.96525 57829 -6.3593 -0.026445
10.96749 57959 -4.8634 -0.020201
10.96975 58090 -4.1211 -0.017099
10.97198 58220 -4.1919 -0.017373
10.97425 58352 -2.7459 -0.011367
10.97649 58483 -2.7517 -0.011379
10.97875 58615 -2.1933 -0.009059
10.98100 58747 -3.2105 -0.013246
10.98324 58879 -1.6654 -0.006863
10.98548 59011 -1.7797 -0.007326
10.98773 59144 -1.9237 -0.007910
10.98999 59278 -1.7882 -0.007345
10.99223 59411 -2.4854 -0.010197
10.99449 59545 -3.0148 -0.012355
10.99674 59679 -4.5059 -0.018445
10.99898 59813 -6.1659 -0.025212
11.00123 59948 -5.9634 -0.024356
11.00348 60083 -5.4671 -0.022304
11.00573 60218 -5.6810 -0.023151
11.00798 60354 -7.5816 -0.030861
11.01023 60490 -5.2762 -0.021453
11.01248 60626 -5.1186 -0.020788
11.01472 60762 -7.9859 -0.032397
11.01697 60899 -7.3823 -0.029915
11.01922 61036 -7.1116 -0.028786
11.02148 61174 -6.4885 -0.026234
11.02373 61312 -7.3755 -0.029786
11.02598 61450 -7.6280 -0.030772
11.02822 61588 -7.6366 -0.030772
11.03048 61727 -8.6536 -0.034830
11.03273 61866 -9.2884 -0.037343
11.03497 62005 -10.3602 -0.041606
11.03723 62145 -9.8328 -0.039443
11.03946 62284 -10.8241 -0.043371
11.04172 62425 -11.3453 -0.045409
11.04396 62565 -12.4608 -0.049817
11.04621 62706 -11.9387 -0.047676
11.04846 62847 -12.1134 -0.048320
11.05072 62989 -11.3813 -0.045348
11.05297 63131 -9.6312 -0.038332
11.05521 63273 -10.8300 -0.043055
11.05746 63415 -10.1415 -0.040272
11.05971 63558 -9.3776 -0.037197
11.06196 63701 -10.0067 -0.039648
11.06421 63845 -11.8373 -0.046848
11.06645 63988 -11.7925 -0.046618
11.06871 64133 -10.6392 -0.042011
11.07096 64277 -9.9454 -0.039228
11.07321 64422 -8.6771 -0.034187
11.07546 64567 -9.1652 -0.036069
11.07770 64712 -8.7350 -0.034338
11.07996 64858 -8.0050 -0.031433
11.08220 65004 -8.9526 -0.035114
11.08445 65150 -8.3698 -0.032791
11.08670 65297 -7.8745 -0.030816
11.08895 65444 -9.2471 -0.036147
11.09119 65591 -8.2078 -0.032048
11.09345 65739 -6.4123 -0.025009
11.09570 65887 -6.1130 -0.023815
11.09794 66035 -5.8499 -0.022764
11.10019 66184 -7.1496 -0.027791
11.10244 66333 -9.3652 -0.036362
11.10470 66483 -9.5868 -0.037181
11.10694 66632 -7.5745 -0.029344
11.10919 66782 -8.1752 -0.031635
11.11145 66933 -7.6817 -0.029692
11.11369 67083 -7.4303 -0.028688
11.11593 67234 -8.3085 -0.032043
11.11819 67386 -8.2640 -0.031835
11.12045 67538 -9.1841 -0.035340
11.12269 67690 -9.4377 -0.036275
11.12494 67842 -8.8534 -0.033991
11.12719 67995 -8.6164 -0.033043
11.12944 68148 -7.9211 -0.030343
11.13168 68301 -7.7694 -0.029729
11.13393 68455 -5.9394 -0.022701
11.13618 68609 -6.2927 -0.024024
11.13844 68764 -7.6399 -0.029135
11.14069 68919 -7.2924 -0.027778
11.14293 69074 -7.1255 -0.027112
11.14518 69229 -7.7453 -0.029437
11.14743 69385 -8.2072 -0.031157
11.14967 69541 -8.2212 -0.031176
11.15193 69698 -7.9373 -0.030065
11.15418 69855 -9.5282 -0.036050
11.15642 70012 -8.9416 -0.033793
11.15868 70170 -7.8339 -0.029574
11.16093 70328 -8.9272 -0.033663
11.16317 70486 -8.8787 -0.033442
11.16542 70645 -8.1581 -0.030694
11.16767 70804 -6.3789 -0.023973
11.16991 70963 -5.0401 -0.018920
11.17217 71123 -4.2823 -0.016057
11.17441 71283 -5.2536 -0.019677
11.17667 71444 -5.5761 -0.020862
11.17892 71605 -5.0450 -0.018853
11.18117 71766 -6.8710 -0.025648
11.18342 71928 -6.4377 -0.024004
11.18567 72090 -7.4698 -0.027821
11.18792 72252 -6.7454 -0.025095
11.19017 72415 -7.3006 -0.027130
11.19242 72578 -8.9153 -0.033093
11.19466 72741 -9.6288 -0.035701
11.19691 72905 -9.6120 -0.035599
11.19916 73069 -8.7459 -0.032355
11.20142 73234 -8.3959 -0.031025
11.20365 73398 -10.0737 -0.037183
11.20591 73564 -8.3296 -0.030711
11.20815 73729 -8.0110 -0.029503
11.21040 73895 -7.5268 -0.027689
11.21266 74062 -6.9345 -0.025481
11.21491 74229 -5.7511 -0.021109
11.21716 74396 -5.7081 -0.020927
11.21940 74563 -4.8284 -0.017683
11.22165 74731 -5.0878 -0.018611
11.22390 74899 -5.7787 -0.021115
11.22615 75068 -3.6726 -0.013404
11.22840 75237 -3.8484 -0.014030
11.23064 75406 -2.0098 -0.007319
11.23289 75576 -4.2519 -0.015467
11.23514 75746 -5.0874 -0.018485
11.23740 75917 -8.4820 -0.030784
11.23965 76088 -8.1594 -0.029580
11.24189 76259 -7.5486 -0.027335
11.24414 76431 -7.3909 -0.026734
11.24639 76603 -8.6499 -0.031253
11.24865 76776 -9.4506 -0.034107
11.25089 76948 -11.1014 -0.040020
11.25314 77122 -11.1009 -0.039973
11.25538 77295 -12.7005 -0.045682
11.25763 77469 -14.0224 -0.050380
11.25989 77644 -13.9203 -0.049957
11.26214 77819 -14.9734 -0.053676
11.26439 77994 -15.3026 -0.054794
11.26664 78170 -14.8571 -0.053139
11.26889 78346 -15.3370 -0.054794
11.27113 78522 -15.0449 -0.053690
11.27339 78699 -15.7005 -0.055966
11.27563 78876 -15.6848 -0.055848
11.27789 79054 -14.9984 -0.053344
11.28014 79232 -16.4526 -0.058450
11.28238 79410 -18.7324 -0.066475
11.28463 79589 -17.1625 -0.060835
11.28688 79768 -17.2456 -0.061061
11.28913 79948 -16.9163 -0.059828
11.29138 80128 -15.7960 -0.055803
11.29362 80308 -14.2882 -0.050419
11.29588 80489 -13.8660 -0.048874
11.29812 80670 -12.9274 -0.045515
11.30038 80852 -13.2952 -0.046757
11.30262 81034 -14.3811 -0.050519
11.30487 81216 -12.3413 -0.043305
11.30712 81399 -12.9762 -0.045482
11.30936 81582 -14.1931 -0.049691
11.31162 81766 -14.1787 -0.049585
11.31386 81950 -13.6032 -0.047519
11.31612 82135 -14.9821 -0.052277
11.31837 82320 -13.8635 -0.048319
11.32061 82505 -13.2629 -0.046174
11.32287 82691 -14.5101 -0.050459
11.32511 82877 -15.2826 -0.053086
11.32737 83064 -14.2960 -0.049603
11.32962 83251 -13.0672 -0.045288
11.33186 83438 -10.8675 -0.037623
11.33411 83626 -11.0852 -0.038333
11.33636 83814 -11.4510 -0.039553
11.33861 84003 -13.2137 -0.045591
11.34086 84192 -12.7638 -0.043989
11.34311 84382 -13.6182 -0.046881
11.34536 84572 -13.4056 -0.046097
11.34760 84762 -13.4325 -0.046138
11.34985 84953 -12.1413 -0.041656
11.35210 85144 -11.0946 -0.038022
11.35435 85336 -11.2580 -0.038538
11.35660 85528 -12.4365 -0.042525
11.35885 85721 -12.2550 -0.041857
11.36110 85914 -12.0177 -0.041000
11.36335 86107 -14.6926 -0.050070
11.36560 86301 -15.4007 -0.052424
11.36785 86496 -15.5326 -0.052813
11.37009 86690 -14.1206 -0.047959
11.37235 86886 -13.5467 -0.045958
11.37459 87081 -13.9604 -0.047308
11.37684 87277 -14.7523 -0.049935
11.37910 87474 -14.5959 -0.049350
11.38135 87671 -15.1536 -0.051178
11.38359 87868 -15.7414 -0.053104
11.38584 88066 -13.1726 -0.044388
11.38809 88264 -13.9058 -0.046806
11.39034 88463 -12.8403 -0.043171
11.39259 88662 -12.7460 -0.042806
11.39484 88862 -13.9108 -0.046665
11.39709 89062 -13.7329 -0.046017
11.39934 89263 -14.4019 -0.048204
11.40159 89464 -13.7924 -0.046112
11.40384 89665 -13.6578 -0.045611
11.40609 89867 -13.1719 -0.043939
11.40833 90069 -12.0671 -0.040208
11.41058 90272 -12.7360 -0.042389
11.41283 90475 -13.9160 -0.046265
11.41508 90679 -13.1715 -0.043740
11.41733 90883 -11.8039 -0.039155
11.41958 91088 -12.7376 -0.042204
11.42183 91293 -13.3029 -0.044028
11.42408 91499 -11.7430 -0.038822
11.42633 91705 -11.5934 -0.038284
11.42858 91911 -12.8565 -0.042407
11.43083 92118 -12.5630 -0.041393
11.43307 92325 -9.6180 -0.031654
11.43532 92533 -7.9545 -0.026150
11.43758 92742 -7.3551 -0.024152
11.43982 92950 -7.2837 -0.023891
11.44207 93160 -6.6293 -0.021720
11.44433 93370 -8.6997 -0.028471
11.44657 93580 -8.8706 -0.028998
11.44882 93791 -7.8833 -0.025741
11.45107 94002 -6.4877 -0.021160
11.45331 94213 -5.2986 -0.017263
11.45556 94425 -6.3242 -0.020581
11.45781 94638 -5.6244 -0.018283
11.46006 94851 -4.0004 -0.012989
11.46232 95065 -2.5465 -0.008259
11.46456 95279 -2.5812 -0.008362
11.46681 95493 -0.6546 -0.002118
11.46906 95708 -1.5081 -0.004875
11.47131 95924 -1.2690 -0.004097
11.47356 96140 -0.5827 -0.001879
11.47580 96356 0.1664 0.000536
11.47805 96573 -0.3595 -0.001157
11.48031 96791 0.0933 0.000300
11.48256 97009 1.2185 0.003912
11.48480 97227 -0.1791 -0.000575
11.48705 97446 -0.3415 -0.001094
11.48931 97666 1.3474 0.004312
11.49155 97885 0.5161 0.001650
11.49380 98106 0.8546 0.002728
11.49605 98327 0.5498 0.001753
11.49830 98548 -0.0362 -0.000115
11.50055 98770 -0.7215 -0.002296
11.50279 98992 -0.5760 -0.001831
11.50504 99215 -0.1801 -0.000572
11.50730 99439 -1.7424 -0.005525
11.50955 99663 -3.1432 -0.009957
11.51179 99887 -4.0216 -0.012725
11.51404 100112 -4.0765 -0.012884
11.51629 100337 -4.5037 -0.014218
11.51854 100563 -5.4285 -0.017118
11.52079 100790 -5.5002 -0.017325
11.52304 101017 -3.6675 -0.011539
11.52529 101244 -3.6061 -0.011333
11.52754 101472 -2.9091 -0.009132
11.52979 101701 -3.3908 -0.010633
11.53204 101930 -3.2473 -0.010171
11.53429 102159 -4.6311 -0.014489
11.53653 102389 -4.2493 -0.013280
11.53879 102620 -4.2685 -0.013325
11.54104 102851 -3.0509 -0.009513
11.54328 103082 -2.9038 -0.009044
11.54554 103315 -3.5361 -0.011001
11.54778 103547 -4.8017 -0.014922
11.55003 103780 -7.2035 -0.022361
11.55228 104014 -7.2951 -0.022620
11.55453 104248 -7.6442 -0.023675
11.55678 104483 -7.2023 -0.022282
11.55903 104718 -8.1923 -0.025316
11.56128 104954 -8.2331 -0.025413
11.56352 105190 -8.0395 -0.024788
11.56577 105427 -7.8148 -0.024068
11.56803 105665 -7.5585 -0.023253
11.57028 105903 -7.9357 -0.024386
11.57252 106141 -8.5421 -0.026219
11.57477 106380 -7.1873 -0.022036
11.57703 106620 -6.3903 -0.019570
11.57927 106860 -6.4332 -0.019680
11.58152 107100 -7.2591 -0.022181
11.58377 107341 -6.0086 -0.018340
11.58602 107583 -7.3765 -0.022489
11.58826 107825 -9.9501 -0.030302
11.59052 108068 -6.8826 -0.020937
11.59276 108311 -6.1157 -0.018583
11.59501 108555 -4.6285 -0.014048
11.59727 108800 -4.5469 -0.013785
11.59952 109045 -4.3688 -0.013230
11.60176 109290 -6.1046 -0.018466
11.60401 109536 -6.7993 -0.020544
11.60626 109783 -9.1577 -0.027639
11.60851 110030 -8.6967 -0.026218
11.61076 110278 -9.3580 -0.028180
11.61301 110526 -11.0866 -0.033348
11.61526 110775 -8.4555 -0.025405
11.61751 111025 -8.7116 -0.026145
11.61976 111275 -9.4191 -0.028236
11.62200 111525 -8.6372 -0.025863
11.62425 111776 -8.2869 -0.024787
11.62650 112028 -8.0364 -0.024010
11.62875 112280 -6.0722 -0.018122
11.63100 112533 -5.1372 -0.015314
11.63325 112786 -5.7261 -0.017050
11.63550 113040 -6.1634 -0.018332
11.63775 113295 -7.6961 -0.022865
11.64000 113550 -7.7569 -0.023019
11.64225 113806 -6.7716 -0.020073
11.64450 114062 -6.2798 -0.018594
11.64675 114319 -6.8748 -0.020333
11.64899 114576 -5.0134 -0.014811
11.65124 114834 -6.9556 -0.020526
11.65350 115093 -9.0781 -0.026759
11.65574 115352 -10.1514 -0.029889
11.65800 115612 -9.3278 -0.027433
11.66024 115872 -8.7689 -0.025761
11.66249 116133 -9.2906 -0.027263
11.66474 116394 -9.1374 -0.026783
11.66699 116657 -9.9232 -0.029053
11.66924 116919 -9.2558 -0.027069
11.67148 117182 -9.9699 -0.029125
11.67373 117446 -11.0149 -0.032141
11.67599 117711 -9.8881 -0.028821
11.67824 117976 -9.3703 -0.027281
11.68048 118241 -9.3575 -0.027213
11.68274 118508 -8.5784 -0.024919
11.68499 118775 -8.0971 -0.023495
11.68723 119042 -9.6386 -0.027936
11.68948 119310 -10.4932 -0.030379
11.69173 119579 -9.5058 -0.027489
11.69398 119848 -10.6636 -0.030803
11.69623 120118 -11.1643 -0.032213
11.69848 120388 -10.8862 -0.031375
11.70072 120659 -10.8613 -0.031268
11.70298 120931 -12.1858 -0.035042
11.70522 121203 -12.3618 -0.035508
11.70747 121476 -11.3507 -0.032567
11.70973 121750 -10.2104 -0.029262
11.71197 122024 -10.4409 -0.029889
11.71422 122299 -10.7830 -0.030834
11.71647 122574 -10.1664 -0.029038
11.71872 122850 -12.2211 -0.034868
11.72097 123127 -11.4982 -0.032768
11.72322 123404 -9.3214 -0.026535
11.72547 123682 -9.6385 -0.027407
11.72771 123960 -8.2322 -0.023382
11.72996 124239 -8.5136 -0.024154
11.73221 124519 -9.9939 -0.028321
11.73447 124800 -8.2056 -0.023227
11.73672 125081 -7.2246 -0.020428
11.73896 125362 -4.8379 -0.013664
11.74122 125645 -5.3786 -0.015174
11.74346 125927 -6.1174 -0.017239
11.74571 126211 -9.3808 -0.026405
11.74796 126495 -8.0561 -0.022651
11.75021 126780 -10.0671 -0.028273
11.75245 127065 -9.2331 -0.025902
11.75471 127352 -8.7940 -0.024642
11.75695 127638 -10.5307 -0.029476
11.75921 127926 -12.8999 -0.036067
11.76146 128214 -15.3355 -0.042828
11.76371 128503 -14.3604 -0.040060
11.76595 128792 -14.9300 -0.041602
11.76820 129082 -14.4785 -0.040299
11.77045 129373 -15.5939 -0.043354
11.77270 129664 -14.6614 -0.040716
11.77495 129956 -15.2306 -0.042249
11.77720 130248 -15.4690 -0.042862
11.77945 130542 -13.9115 -0.038503
11.78170 130836 -14.3941 -0.039794
11.78394 131130 -14.5119 -0.040075
11.78620 131426 -11.6769 -0.032210
11.78844 131721 -12.5038 -0.034452
11.79069 132018 -12.3551 -0.034004
11.79294 132315 -11.3328 -0.031155
11.79519 132613 -10.1659 -0.027916
11.79744 132912 -10.0518 -0.027572
11.79969 133211 -10.0430 -0.027517
11.80194 133511 -10.2296 -0.027996
11.80419 133812 -6.8576 -0.018747
11.80644 134113 -6.7897 -0.018540
11.80869 134415 -4.7593 -0.012981
11.81094 134718 -6.2495 -0.017027
11.81319 135021 -8.9243 -0.024287
11.81543 135325 -9.6015 -0.026101
11.81769 135630 -10.2811 -0.027917
11.81993 135935 -11.5991 -0.031460
11.82218 136241 -13.1263 -0.035562
11.82443 136548 -10.7178 -0.029004
11.82668 136855 -8.7325 -0.023605
11.82893 137164 -7.8421 -0.021175
11.83118 137472 -8.6652 -0.023371
11.83343 137782 -9.4305 -0.025406
11.83568 138092 -9.4800 -0.025511
11.83792 138403 -11.8403 -0.031826
11.84018 138715 -9.5886 -0.025745
11.84242 139027 -10.3550 -0.027772
11.84467 139340 -9.9953 -0.026777
11.84692 139654 -8.7176 -0.023328
11.84917 139968 -7.1454 -0.019099
11.85142 140284 -7.4208 -0.019813
11.85367 140600 -8.2727 -0.022062
11.85592 140916 -7.5634 -0.020148
11.85817 141233 -9.8848 -0.026303
11.86042 141551 -11.2882 -0.030003
11.86267 141870 -11.9539 -0.031737
11.86492 142190 -13.8693 -0.036781
11.86717 142510 -13.4292 -0.035574
11.86942 142831 -13.9893 -0.037016
11.87166 143152 -12.7307 -0.033647
11.87392 143475 -13.5624 -0.035805
11.87616 143798 -14.3515 -0.037846
11.87841 144121 -14.8874 -0.039215
11.88066 144446 -15.6303 -0.041126
11.88291 144771 -15.8511 -0.041660
11.88516 145097 -16.7337 -0.043930
11.88741 145424 -18.4161 -0.048293
11.88965 145751 -18.4161 -0.048238
11.89191 146080 -16.5814 -0.043384
11.89415 146408 -15.7818 -0.041245
11.89640 146738 -13.4985 -0.035238
11.89866 147069 -13.8425 -0.036096
11.90091 147400 -17.5482 -0.045707
11.90316 147732 -17.4130 -0.045304
11.90540 148064 -15.6584 -0.040693
11.90765 148398 -18.2139 -0.047281
11.90990 148732 -18.6078 -0.048250
11.91215 149067 -16.1083 -0.041721
11.91440 149402 -16.8034 -0.043473
11.91665 149739 -13.7353 -0.035495
11.91890 150076 -13.6643 -0.035272
11.92115 150414 -13.6895 -0.035297
11.92340 150753 -12.9348 -0.033314
11.92564 151092 -10.3125 -0.026530
11.92789 151432 -9.9508 -0.025571
11.93014 151773 -10.4978 -0.026946
11.93239 152115 -10.2786 -0.026354
11.93464 152457 -10.0466 -0.025730
11.93689 152801 -8.3546 -0.021373
11.93914 153145 -8.9756 -0.022936
11.94139 153490 -10.1951 -0.026023
11.94364 153835 -6.9159 -0.017633
11.94589 154182 -6.0840 -0.015494
11.94814 154529 -6.0874 -0.015485
11.95039 154877 -7.3985 -0.018800
11.95264 155226 -8.2767 -0.021007
11.95488 155575 -7.0119 -0.017777
11.95713 155925 -5.0971 -0.012908
11.95938 156276 -3.5115 -0.008883
11.96163 156628 -1.3970 -0.003530
11.96388 156981 -2.2978 -0.005800
11.96613 157335 -4.6176 -0.011641
11.96838 157689 -5.2603 -0.013247
11.97063 158044 -3.6458 -0.009171
11.97288 158400 -3.4343 -0.008629
11.97512 158756 -4.7350 -0.011884
11.97738 159114 -6.3178 -0.015839
11.97962 159472 -4.5552 -0.011407
11.98187 159831 -3.3980 -0.008500
11.98412 160191 -5.8790 -0.014689
11.98637 160552 -7.9765 -0.019907
11.98862 160913 -7.8410 -0.019547
11.99087 161276 -6.8493 -0.017055
11.99312 161639 -8.1549 -0.020284
11.99537 162003 -9.0761 -0.022549
11.99762 162368 -8.5473 -0.021212
11.99987 162733 -7.2340 -0.017932
12.00212 163100 -5.5375 -0.013711
12.00437 163467 -2.6008 -0.006433
12.00662 163835 -2.7454 -0.006783
12.00886 164204 -1.4039 -0.003465
12.01112 164574 -2.2992 -0.005668
12.01336 164944 -1.0602 -0.002611
12.01561 165316 2.5110 0.006176
12.01786 165688 2.5516 0.006269
12.02011 166061 -2.1502 -0.005276
12.02236 166435 -2.9346 -0.007193
12.02461 166810 -3.5901 -0.008790
12.02686 167185 -4.4538 -0.010893
12.02911 167562 -5.1459 -0.012571
12.03136 167939 -7.5357 -0.018389
12.03360 168317 -9.1019 -0.022185
12.03585 168696 -11.3573 -0.027652
12.03810 169076 -13.0681 -0.031781
12.04035 169457 -15.6596 -0.038041
12.04260 169838 -17.3010 -0.041981
12.04485 170221 -15.0738 -0.036536
12.04710 170604 -14.5893 -0.035322
12.04935 170988 -16.8609 -0.040775
12.05160 171373 -15.3273 -0.037025
12.05385 171759 -15.7295 -0.037954
12.05610 172146 -13.9549 -0.033634
12.05834 172533 -15.3112 -0.036861
12.06060 172922 -13.8320 -0.033263
12.06284 173311 -14.4357 -0.034676
12.06509 173701 -17.0264 -0.040853
12.06734 174093 -16.2119 -0.038855
12.06959 174485 -14.5360 -0.034799
12.07184 174877 -15.9665 -0.038181
12.07409 175271 -15.5603 -0.037168
12.07634 175666 -16.7838 -0.040045
12.07859 176061 -14.3349 -0.034164
12.08084 176458 -12.5387 -0.029849
12.08309 176855 -12.7972 -0.030430
12.08533 177253 -9.6302 -0.022874
12.08759 177653 -9.7800 -0.023204
12.08984 178053 -9.8360 -0.023310
12.09208 178453 -9.2955 -0.022005
12.09433 178855 -11.0102 -0.026034
12.09658 179258 -12.2309 -0.028888
12.09883 179662 -12.3558 -0.029150
12.10108 180066 -9.4189 -0.022196
12.10333 180472 -10.5201 -0.024764
12.10558 180878 -9.3475 -0.021979
12.10783 181285 -9.5293 -0.022381
12.11008 181694 -10.6612 -0.025011
12.11233 182103 -10.3936 -0.024356
12.11458 182513 -9.0067 -0.021082
12.11683 182924 -10.1419 -0.023713
12.11908 183336 -7.8271 -0.018280
12.12132 183748 -10.0039 -0.023338
12.12357 184162 -8.1802 -0.019062
12.12582 184577 -8.4634 -0.019700
12.12807 184992 -7.9612 -0.018510
12.13032 185409 -6.0586 -0.014070
12.13257 185826 -6.4355 -0.014929
12.13482 186245 -6.8448 -0.015861
12.13707 186664 -7.2152 -0.016700
12.13932 187085 -5.7712 -0.013343
12.14157 187506 -4.3544 -0.010056
12.14381 187928 -5.8671 -0.013534
12.14606 188351 -3.4988 -0.008062
12.14831 188775 -4.5934 -0.010572
12.15056 189200 -5.9672 -0.013719
12.15281 189626 -7.9692 -0.018301
12.15506 190053 -8.7204 -0.020003
12.15731 190481 -9.3916 -0.021519
12.15956 190910 -10.4953 -0.024020
12.16181 191340 -9.6983 -0.022171
12.16406 191771 -11.6896 -0.026694
12.16631 192203 -10.5462 -0.024056
12.16856 192636 -10.3091 -0.023488
12.17080 193069 -8.3127 -0.018918
12.17305 193504 -7.1686 -0.016296
12.17530 193940 -4.4851 -0.010184
12.17755 194376 -3.0631 -0.006948
12.17980 194814 -7.2165 -0.016350
12.18205 195253 -7.3470 -0.016627
12.18430 195692 -10.3942 -0.023497
12.18655 196133 -10.4736 -0.023649
12.18880 196575 -11.3874 -0.025684
12.19105 197017 -10.3249 -0.023261
12.19330 197461 -8.9520 -0.020145
12.19555 197906 -9.2046 -0.020691
12.19779 198351 -7.6597 -0.017199
12.20004 198798 -7.6057 -0.017058
12.20229 199245 -9.4335 -0.021134
12.20454 199694 -9.8404 -0.022021
12.20679 200144 -7.9324 -0.017731
12.20904 200594 -9.2400 -0.020631
12.21129 201046 -8.7294 -0.019469
12.21354 201499 -9.0246 -0.020104
12.21579 201952 -9.2068 -0.020487
12.21804 202407 -9.4516 -0.021008
12.22029 202863 -8.1780 -0.018157
12.22254 203320 -6.2918 -0.013954
12.22479 203778 -6.4539 -0.014297
12.22703 204236 -6.1685 -0.013649
12.22928 204696 -8.1834 -0.018087
12.23153 205157 -5.7535 -0.012702
12.23378 205619 -7.1084 -0.015676
12.23603 206082 -9.0731 -0.019986
12.23828 206546 -7.2915 -0.016044
12.24053 207011 -7.5851 -0.016671
12.24278 207477 -8.2501 -0.018112
12.24503 207945 -10.6201 -0.023289
12.24728 208413 -11.8425 -0.025941
12.24952 208882 -12.0477 -0.026361
12.25177 209352 -12.8093 -0.027995
12.25402 209824 -13.0369 -0.028461
12.25627 210296 -11.9352 -0.026026
12.25852 210770 -11.3625 -0.024750
12.26077 211244 -12.5960 -0.027406
12.26302 211720 -14.5697 -0.031664
12.26527 212197 -16.0467 -0.034835
12.26752 212675 -14.5796 -0.031615
12.26977 213154 -15.0301 -0.032555
12.27201 213633 -14.3658 -0.031081
12.27427 214115 -16.2906 -0.035206
12.27652 214597 -16.1745 -0.034916
12.27877 215080 -17.0698 -0.036807
12.28101 215564 -17.5656 -0.037833
12.28327 216050 -16.6014 -0.035716
12.28551 216536 -16.9540 -0.036434
12.28776 217024 -19.2831 -0.041393
12.29001 217512 -16.2468 -0.034836
12.29226 218002 -14.8720 -0.031852
12.29451 218493 -14.8792 -0.031832
12.29676 218985 -17.0613 -0.036459
12.29901 219478 -15.0633 -0.032153
12.30126 219972 -14.5816 -0.031090
12.30350 220467 -15.7725 -0.033591
12.30576 220964 -14.7885 -0.031460
12.30800 221461 -14.4622 -0.030732
12.31025 221960 -18.5434 -0.039360
12.31250 222460 -18.6812 -0.039608
12.31475 222961 -19.4570 -0.041206
12.31700 223463 -18.3568 -0.038832
12.31925 223966 -18.0091 -0.038054
12.32150 224470 -17.8067 -0.037584
12.32375 224976 -17.3856 -0.036654
12.32600 225482 -14.2440 -0.029997
12.32825 225990 -13.9418 -0.029327
12.33050 226499 -13.1453 -0.027621
12.33274 227009 -9.3355 -0.019594
12.33499 227520 -12.3805 -0.025955
12.33724 228032 -14.2386 -0.029817
12.33949 228546 -12.4943 -0.026135
12.34174 229061 -11.6658 -0.024375
12.34399 229576 -14.1201 -0.029470
12.34624 230093 -15.2883 -0.031872
12.34849 230611 -15.9927 -0.033303
12.35074 231131 -14.0398 -0.029203
12.35299 231651 -14.2768 -0.029663
12.35524 232173 -16.7009 -0.034660
12.35748 232695 -14.1492 -0.029332
12.35973 233219 -16.2430 -0.033634
12.36199 233745 -17.5481 -0.036296
12.36423 234271 -18.5936 -0.038415
12.36648 234798 -21.5634 -0.044501
12.36873 235327 -22.4180 -0.046213
12.37098 235857 -23.7630 -0.048930
12.37323 236388 -26.3280 -0.054151
12.37548 236920 -23.2085 -0.047681
12.37773 237454 -23.4645 -0.048153
12.37998 237988 -21.9401 -0.044974
12.38223 238524 -23.1593 -0.047420
12.38447 239061 -22.4484 -0.045913
12.38673 239600 -20.5157 -0.041912
12.38897 240139 -19.9563 -0.040724
12.39122 240680 -19.5600 -0.039870
12.39347 241222 -19.2134 -0.039120
12.39572 241765 -19.7172 -0.040100
12.39797 242309 -21.2668 -0.043203
12.40022 242855 -19.5388 -0.039648
12.40247 243402 -18.4423 -0.037381
12.40472 243950 -17.0685 -0.034558
12.40697 244499 -16.0935 -0.032547
12.40922 245050 -17.4306 -0.035212
12.41147 245602 -17.5351 -0.035383
12.41372 246155 -23.2531 -0.046868
12.41596 246709 -21.3860 -0.043056
12.41821 247264 -20.4555 -0.041137
12.42046 247821 -20.5110 -0.041202
12.42271 248379 -19.5930 -0.039314
12.42496 248938 -16.8263 -0.033724
12.42721 249499 -16.1742 -0.032381
12.42946 250061 -16.1035 -0.032203
12.43171 250624 -12.3618 -0.024693
12.43396 251188 -8.4594 -0.016879
12.43621 251754 -4.5889 -0.009146
12.43846 252321 -1.3121 -0.002612
12.44071 252889 -2.5327 -0.005036
12.44295 253458 -6.3581 -0.012629
12.44520 254029 -4.6894 -0.009304
12.44745 254601 -5.2103 -0.010326
12.44970 255174 -7.3012 -0.014454
12.45195 255749 -8.2909 -0.016394
12.45420 256325 -7.8166 -0.015439
12.45645 256902 -7.8915 -0.015569
12.45870 257480 -6.7045 -0.013213
12.46095 258060 -6.8995 -0.013582
12.46320 258641 -6.7144 -0.013203
12.46545 259224 -7.4489 -0.014630
12.46769 259807 -9.5770 -0.018789
12.46994 260392 -9.4736 -0.018565
12.47220 260979 -10.8607 -0.021260
12.47444 261566 -9.6706 -0.018909
12.47669 262155 -9.1574 -0.017885
12.47894 262745 -8.5654 -0.016710
12.48119 263337 -7.7704 -0.015142
12.48344 263930 -11.6149 -0.022609
12.48569 264524 -10.5640 -0.020540
12.48794 265120 -7.6739 -0.014904
12.49019 265717 -6.8331 -0.013256
12.49244 266315 -7.8638 -0.015238
12.49469 266915 -8.6563 -0.016755
12.49693 267516 -9.8234 -0.018993
12.49918 268118 -12.0516 -0.023274
12.50143 268722 -10.7607 -0.020758
12.50368 269327 -8.7820 -0.016922
12.50593 269934 -9.9210 -0.019095
12.50818 270541 -13.8646 -0.026656
12.51043 271151 -9.8550 -0.018926
12.51268 271761 -10.9956 -0.021092
12.51493 272373 -9.8788 -0.018929
12.51718 272986 -11.7173 -0.022426
12.51943 273601 -15.2267 -0.029110
12.52168 274217 -15.5391 -0.029674
12.52393 274835 -14.6238 -0.027895
12.52617 275453 -13.0820 -0.024926
12.52842 276074 -15.4250 -0.029357
12.53067 276695 -18.4008 -0.034981
12.53292 277318 -23.3373 -0.044316
12.53517 277943 -23.0857 -0.043789
12.53742 278569 -22.6199 -0.042857
12.53967 279196 -21.3921 -0.040486
12.54192 279824 -22.5899 -0.042704
12.54417 280455 -25.4972 -0.048146
12.54642 281086 -22.5153 -0.042468
12.54867 281719 -17.9359 -0.033792
12.55091 282353 -16.2344 -0.030552
12.55316 282989 -13.4018 -0.025193
12.55541 283626 -10.0036 -0.018784
12.55766 284265 -5.8996 -0.011065
12.55991 284905 -5.5047 -0.010313
12.56216 285547 -5.0670 -0.009482
12.56441 286190 -5.7018 -0.010658
12.56666 286834 -6.3357 -0.011830
12.56891 287480 -8.3802 -0.015630
12.57116 288127 -11.7221 -0.021838
12.57341 288776 -10.7001 -0.019912
12.57565 289426 -12.0468 -0.022392
12.57791 290078 -12.9728 -0.024087
12.58015 290731 -13.2417 -0.024558
12.58240 291386 -14.9298 -0.027658
12.58465 292042 -15.9323 -0.029482
12.58690 292699 -13.8662 -0.025630
12.58915 293358 -10.9398 -0.020198
12.59140 294019 -7.7124 -0.014223
12.59365 294681 -6.6450 -0.012241
12.59590 295345 -5.4033 -0.009943
12.59815 296010 -6.9238 -0.012726
12.60040 296676 -6.3718 -0.011698
12.60264 297344 -5.3329 -0.009780
12.60490 298014 -3.8120 -0.006983
12.60714 298685 -5.6335 -0.010308
12.60939 299357 -6.8950 -0.012602
12.61164 300031 -7.1929 -0.013132
12.61389 300707 -13.1511 -0.023982
12.61614 301384 -15.0206 -0.027361
12.61839 302063 -14.7993 -0.026927
12.62064 302743 -15.8225 -0.028757
12.62289 303424 -10.3035 -0.018705
12.62514 304108 -8.7990 -0.015956
12.62738 304792 -11.8768 -0.021513
12.62964 305479 -14.1922 -0.025678
12.63189 306167 -9.7462 -0.017614
12.63413 306856 -7.5033 -0.013545
12.63638 307547 -4.9007 -0.008837
12.63863 308239 -3.7920 -0.006830
12.64088 308933 -4.8642 -0.008751
12.64313 309629 -4.4803 -0.008052
12.64538 310326 -4.6422 -0.008333
12.64763 311025 -5.3449 -0.009584
12.64988 311725 -6.1118 -0.010947
12.65213 312427 -5.7203 -0.010234
12.65438 313131 -1.0857 -0.001940
12.65663 313836 -4.8519 -0.008661
12.65888 314543 -3.1086 -0.005543
12.66112 315251 -3.2597 -0.005806
12.66337 315961 -5.4259 -0.009653
12.66562 316672 -7.5031 -0.013333
12.66787 317385 -8.4939 -0.015077
12.67012 318100 -9.9807 -0.017696
12.67237 318816 -7.9611 -0.014100
12.67462 319534 -10.5043 -0.018583
12.67687 320253 -8.2879 -0.014645
12.67912 320975 -9.2001 -0.016239
12.68137 321697 -8.6813 -0.015306
12.68362 322422 -10.5256 -0.018537
12.68587 323148 -13.4022 -0.023576
12.68811 323875 -16.0929 -0.028278
12.69036 324605 -14.7588 -0.025904
12.69261 325335 -12.9433 -0.022692
12.69486 326068 -15.9066 -0.027856
12.69711 326802 -13.6604 -0.023896
12.69936 327538 -13.8105 -0.024131
12.70161 328276 -14.3062 -0.024969
12.70386 329015 -11.3194 -0.019734
12.70611 329756 -14.7047 -0.025607
12.70836 330498 -14.1522 -0.024617
12.71060 331242 -14.4414 -0.025092
12.71285 331988 -12.3804 -0.021487
12.71510 332736 -12.6699 -0.021965
12.71735 333485 -13.8931 -0.024058
12.71960 334236 -12.7589 -0.022069
12.72185 334988 -14.2976 -0.024703
12.72410 335743 -12.9158 -0.022290
12.72635 336499 -14.7426 -0.025415
12.72860 337256 -14.0672 -0.024223
12.73085 338016 -10.3857 -0.017864
12.73310 338777 -15.1019 -0.025946
12.73535 339540 -14.8900 -0.025553
12.73759 340304 -14.3744 -0.024641
12.73985 341071 -15.2309 -0.026080
12.74210 341839 -15.2324 -0.026053
12.74434 342608 -11.1859 -0.019110
12.74659 343380 -14.7375 -0.025150
12.74884 344153 -15.9514 -0.027191
12.75109 344928 -15.0583 -0.025640
12.75334 345705 -12.1345 -0.020638
12.75559 346483 -12.0411 -0.020456
12.75784 347263 -6.1685 -0.010468
12.76009 348045 -6.9762 -0.011825
12.76234 348829 -7.4247 -0.012571
12.76458 349614 -12.3195 -0.020835
12.76683 350401 -6.7588 -0.011418
12.76908 351190 -7.7893 -0.013144
12.77133 351981 -8.4564 -0.014254
12.77358 352774 -9.2769 -0.015619
12.77583 353568 -12.7643 -0.021466
12.77808 354364 -15.3264 -0.025746
12.78033 355162 -15.7537 -0.026434
12.78258 355962 -17.5264 -0.029376
12.78483 356763 -12.9424 -0.021668
12.78708 357567 -11.8424 -0.019804
12.78933 358372 -10.2540 -0.017129
12.79158 359179 -13.7203 -0.022893
12.79383 359988 -13.6840 -0.022807
12.79607 360798 -12.3234 -0.020516
12.79832 361611 -8.4218 -0.014005
12.80057 362425 -11.6917 -0.019421
12.80282 363241 -14.1864 -0.023538
12.80507 364059 -10.3611 -0.017172
12.80732 364879 -13.0820 -0.021657
12.80957 365700 -10.3449 -0.017107
12.81182 366524 -11.1908 -0.018485
12.81407 367349 -11.2733 -0.018600
12.81632 368176 -12.5507 -0.020684
12.81857 369005 -13.9389 -0.022946
12.82081 369836 -12.4772 -0.020517
12.82306 370669 -11.1068 -0.018243
12.82531 371503 -10.0585 -0.016503
12.82756 372340 -11.8046 -0.019346
12.82981 373178 -8.2505 -0.013506
12.83206 374019 -11.0505 -0.018069
12.83431 374861 -10.9629 -0.017906
12.83656 375705 -9.5967 -0.015657
12.83881 376551 -11.7894 -0.019212
12.84106 377399 -13.0953 -0.021316
12.84331 378248 -14.0211 -0.022798
12.84556 379100 -12.9305 -0.021001
12.84781 379954 -14.6877 -0.023828
12.85005 380809 -16.2468 -0.026328
12.85230 381667 -14.9775 -0.024244
12.85455 382526 -15.6535 -0.025309
12.85680 383388 -12.7014 -0.020513
12.85905 384251 -12.0109 -0.019376
12.86130 385116 -12.4884 -0.020124
12.86355 385983 -14.5032 -0.023344
12.86580 386852 -13.1768 -0.021185
12.86805 387723 -15.5264 -0.024935
12.87030 388596 -15.9656 -0.025612
12.87254 389471 -16.1252 -0.025839
12.87479 390348 -17.1459 -0.027443
12.87704 391227 -17.5667 -0.028085
12.87929 392108 -15.2339 -0.024328
12.88154 392991 -14.6722 -0.023405
12.88379 393876 -15.6095 -0.024872
12.88604 394763 -15.3454 -0.024424
12.88829 395652 -14.7205 -0.023403
12.89054 396543 -11.3428 -0.018013
12.89279 397436 -11.7563 -0.018648
12.89504 398331 -11.9427 -0.018923
12.89729 399228 -13.8392 -0.021903
12.89953 400126 -15.3209 -0.024221
12.90178 401027 -11.7296 -0.018522
12.90403 401930 -11.2325 -0.017718
12.90628 402835 -12.2615 -0.019319
12.90853 403743 -6.5097 -0.010245
12.91078 404652 -4.9311 -0.007752
12.91303 405563 -5.2212 -0.008199
12.91528 406476 -5.9869 -0.009390
12.91753 407391 -3.3515 -0.005251
12.91978 408309 -1.9648 -0.003075
12.92203 409228 0.5295 0.000828
12.92428 410149 -1.2432 -0.001941
12.92653 411073 -0.5289 -0.000825
12.92878 411999 -2.7339 -0.004259
12.93102 412926 -3.5872 -0.005582
12.93327 413856 -3.0822 -0.004791
12.93552 414788 -1.8684 -0.002901
12.93777 415722 -4.2217 -0.006548
12.94002 416658 -1.5110 -0.002341
12.94227 417596 0.6627 0.001025
12.94452 418536 5.3325 0.008243
12.94677 419479 7.0685 0.010914
12.94902 420423 8.1253 0.012531
12.95127 421370 10.3208 0.015899
12.95352 422319 9.4043 0.014471
12.95577 423270 7.8016 0.011992
12.95801 424223 7.9707 0.012238
12.96026 425178 9.2472 0.014182
12.96251 426136 9.1813 0.014065
12.96476 427095 10.4944 0.016058
12.96701 428057 8.7430 0.013363
12.96926 429021 7.9854 0.012191
12.97151 429987 10.9049 0.016630
12.97376 430955 10.1015 0.015388
12.97601 431925 8.5189 0.012962
12.97826 432898 7.5785 0.011518
12.98051 433873 8.0271 0.012186
12.98275 434849 7.3968 0.011217
12.98501 435829 7.5806 0.011483
12.98725 436810 6.1370 0.009286
12.98950 437794 7.0559 0.010664
12.99175 438779 4.9372 0.007453
12.99400 439767 3.1649 0.004773
12.99625 440758 3.4749 0.005234
12.99850 441750 7.7099 0.011600
13.00075 442745 7.0169 0.010546
13.00300 443742 10.4648 0.015710
13.00525 444741 8.0579 0.012083
13.00750 445742 6.9580 0.010422
13.00975 446746 10.2202 0.015291
13.01199 447752 12.5136 0.018701
13.01424 448760 11.6067 0.017326
13.01649 449771 6.3471 0.009464
13.01874 450783 7.8336 0.011668
13.02099 451798 5.7737 0.008590
13.02324 452816 11.4506 0.017016
13.02549 453835 8.1775 0.012139
13.02774 454857 6.0673 0.008996
13.02999 455881 5.3671 0.007949
13.03224 456908 1.5143 0.002240
13.03449 457937 -0.6486 -0.000958
13.03674 458968 -1.2616 -0.001862
13.03898 460001 -0.2701 -0.000398
13.04123 461037 -0.9790 -0.001442
13.04348 462075 -3.0322 -0.004461
13.04573 463116 -1.9305 -0.002837
13.04798 464158 -4.3351 -0.006363
13.05023 465204 -3.3852 -0.004963
13.05248 466251 -1.6461 -0.002411
13.05473 467301 1.9845 0.002903
13.05698 468353 -2.4498 -0.003580
13.05923 469408 -3.0780 -0.004493
13.06148 470465 -3.7704 -0.005497
13.06373 471524 -4.9069 -0.007146
13.06598 472586 -6.1608 -0.008962
13.06822 473650 -7.3092 -0.010620
13.07047 474716 -15.0867 -0.021897
13.07272 475785 -14.8617 -0.021546
13.07497 476857 -15.9878 -0.023152
13.07722 477930 -18.0585 -0.026122
13.07947 479007 -19.1889 -0.027725
13.08172 480085 -22.7587 -0.032846
13.08397 481166 -21.0639 -0.030366
13.08622 482250 -24.2532 -0.034925
13.08847 483335 -25.5566 -0.036760
13.09072 484424 -29.7598 -0.042758
13.09297 485515 -30.6924 -0.044048
13.09521 486608 -33.4630 -0.047971
13.09746 487703 -35.8039 -0.051269
13.09971 488802 -34.4744 -0.049309
13.10196 489902 -35.4716 -0.050679
13.10421 491005 -34.7647 -0.049613
13.10646 492111 -34.2970 -0.048891
13.10871 493219 -35.7711 -0.050934
13.11096 494330 -37.3098 -0.053066
13.11321 495443 -39.4981 -0.056115
13.11546 496558 -37.5979 -0.053355
13.11770 497676 -45.7234 -0.064813
13.11995 498797 -46.0484 -0.065201
13.12220 499920 -49.3060 -0.069735
13.12445 501046 -45.8029 -0.064708
13.12670 502174 -42.4163 -0.059856
13.12895 503305 -44.7629 -0.063096
13.13120 504438 -40.2158 -0.056623
13.13345 505574 -37.3714 -0.052559
13.13570 506712 -34.0432 -0.047824
13.13795 507853 -32.9486 -0.046235
13.14020 508997 -32.6898 -0.045820
13.14245 510143 -28.7742 -0.040286
13.14470 511292 -30.6916 -0.042922
13.14694 512443 -24.4196 -0.034113
13.14919 513597 -21.8227 -0.030451
13.15144 514753 -19.8193 -0.027624
13.15369 515912 -20.2658 -0.028215
13.15594 517074 -21.6094 -0.030051
13.15819 518238 -23.1351 -0.032137
13.16044 519405 -22.5486 -0.031287
13.16269 520575 -23.3998 -0.032432
13.16494 521747 -26.1736 -0.036235
13.16719 522922 -30.0654 -0.041576
13.16944 524099 -30.4416 -0.042049
13.17168 525279 -30.3265 -0.041843
13.17393 526462 -32.7235 -0.045100
13.17618 527648 -27.3499 -0.037652
13.17843 528836 -28.5150 -0.039211
13.18068 530026 -27.0139 -0.037106
13.18293 531220 -24.5503 -0.033684
13.18518 532416 -27.7917 -0.038088
13.18743 533615 -25.3874 -0.034754
13.18968 534816 -28.1582 -0.038504
13.19193 536021 -28.7467 -0.039264
13.19418 537228 -30.5942 -0.041741
13.19643 538437 -32.5176 -0.044315
13.19868 539650 -29.1021 -0.039616
13.20092 540865 -32.6076 -0.044338
13.20317 542083 -30.9682 -0.042061
13.20542 543303 -30.5827 -0.041491
13.20767 544527 -32.0615 -0.043448
13.20992 545753 -24.4916 -0.033153
13.21217 546982 -25.5998 -0.034614
13.21442 548213 -24.2951 -0.032813
13.21667 549448 -26.6502 -0.035953
13.21892 550685 -28.0855 -0.037847
13.22117 551925 -27.6891 -0.037271
13.22342 553168 -24.1225 -0.032433
13.22567 554413 -27.6988 -0.037200
13.22792 555662 -23.4618 -0.031474
13.23016 556913 -23.9096 -0.032039
13.23241 558167 -24.0837 -0.032236
13.23466 559424 -26.4319 -0.035339
13.23691 560683 -24.3051 -0.032459
13.23916 561946 -26.3338 -0.035129
13.24141 563211 -25.6288 -0.034150
13.24366 564479 -27.3262 -0.036371
13.24591 565750 -25.6458 -0.034096
13.24816 567024 -23.1288 -0.030715
13.25041 568301 -25.5869 -0.033941
13.25266 569581 -23.7463 -0.031464
13.25490 570863 -23.0293 -0.030480
13.25715 572149 -20.4219 -0.026999
13.25940 573437 -25.0166 -0.033036
13.26165 574728 -22.6347 -0.029857
13.26390 576022 -21.4629 -0.028279
13.26615 577319 -23.0489 -0.030335
13.26840 578619 -20.5401 -0.027003
13.27065 579922 -15.0049 -0.019704
13.27290 581228 -12.0913 -0.015860
13.27515 582537 -13.0961 -0.017159
13.27740 583848 -13.0005 -0.017014
13.27965 585163 -13.1511 -0.017192
13.28190 586481 -13.4163 -0.017519
13.28414 587801 -15.2861 -0.019938
13.28639 589125 -17.3629 -0.022621
13.28864 590451 -18.4598 -0.024023
13.29089 591781 -24.7707 -0.032200
13.29314 593113 -23.8953 -0.031027
13.29539 594449 -23.2791 -0.030193
13.29764 595787 -25.2965 -0.032773
13.29989 597129 -21.0637 -0.027258
13.30214 598473 -25.0919 -0.032435
13.30439 599821 -25.7816 -0.033289
13.30664 601172 -26.4439 -0.034106
13.30888 602525 -27.9862 -0.036054
13.31113 603882 -29.1748 -0.037543
13.31338 605242 -31.1515 -0.040042
13.31563 606604 -31.5712 -0.040536
13.31788 607970 -31.9366 -0.040959
13.32013 609339 -32.5854 -0.041744
13.32238 610711 -34.9698 -0.044748
13.32463 612087 -34.7542 -0.044422
13.32688 613465 -36.6151 -0.046748
13.32913 614846 -37.8071 -0.048216
13.33138 616231 -31.2776 -0.039844
13.33363 617618 -27.8583 -0.035448
13.33588 619009 -24.5059 -0.031147
13.33812 620403 -26.6807 -0.033874
13.34037 621800 -29.1638 -0.036984
13.34262 623200 -27.3971 -0.034705
13.34487 624603 -22.6934 -0.028714
13.34712 626009 -18.4120 -0.023271
13.34937 627419 -16.1488 -0.020387
13.35162 628832 -19.8147 -0.024987
13.35387 630248 -13.9021 -0.017512
13.35612 631667 -12.5904 -0.015841
13.35837 633089 -10.8088 -0.013585
13.36062 634515 -8.6914 -0.010911
13.36286 635943 -13.4139 -0.016821
13.36511 637375 -14.1593 -0.017736
13.36736 638811 -15.5865 -0.019501
13.36961 640249 -14.5622 -0.018199
13.37186 641691 -15.4214 -0.019251
13.37411 643135 -12.0554 -0.015032
13.37636 644584 -8.9542 -0.011153
13.37861 646035 -12.0576 -0.015001
13.38086 647490 -11.8210 -0.014690
13.38311 648948 -8.3078 -0.010313
13.38536 650409 -5.4411 -0.006747
13.38761 651873 -9.0631 -0.011225
13.38985 653341 -11.7530 -0.014540
13.39210 654812 -13.0784 -0.016162
13.39435 656287 -16.2205 -0.020022
13.39660 657765 -19.8902 -0.024525
13.39885 659246 -18.3191 -0.022562
13.40110 660730 -16.8195 -0.020692
13.40335 662218 -16.9415 -0.020819
13.40560 663709 -13.8464 -0.016996
13.40785 665203 -10.3168 -0.012649
13.41010 666701 -8.6519 -0.010596
13.41235 668203 -10.5402 -0.012894
13.41460 669707 -12.9754 -0.015855
13.41684 671215 -14.7033 -0.017947
13.41909 672726 -10.7749 -0.013137
13.42134 674241 -12.9026 -0.015713
13.42359 675759 -13.1042 -0.015941
13.42584 677281 -13.7114 -0.016661
13.42809 678806 -13.5562 -0.016454
13.43034 680335 -15.3112 -0.018563
13.43259 681866 -15.1816 -0.018385
13.43484 683402 -18.8007 -0.022742
13.43709 684941 -17.4470 -0.021081
13.43934 686483 -19.3958 -0.023410
13.44159 688029 -20.7361 -0.024999
13.44384 689578 -19.7836 -0.023824
13.44608 691131 -17.7432 -0.021343
13.44833 692687 -18.6926 -0.022460
13.45058 694247 -19.7178 -0.023665
13.45283 695810 -24.9125 -0.029866
13.45508 697377 -27.2780 -0.032665
13.45733 698947 -30.2466 -0.036179
13.45958 700521 -30.2653 -0.036161
13.46183 702098 -32.7513 -0.039087
13.46408 703679 -34.9991 -0.041722
13.46633 705263 -34.8252 -0.041469
13.46858 706851 -32.3944 -0.038531
13.47082 708443 -30.6144 -0.036373
13.47307 710038 -32.4642 -0.038527
13.47532 711637 -38.3789 -0.045495
13.47757 713239 -38.9833 -0.046159
13.47982 714845 -41.2217 -0.048755
13.48207 716455 -36.1800 -0.042744
13.48432 718068 -37.5572 -0.044321
13.48657 719685 -35.4137 -0.041745
13.48882 721306 -39.4137 -0.046407
13.49107 722930 -31.5282 -0.037081
13.49332 724558 -33.1684 -0.038966
13.49557 726189 -33.5563 -0.039378
13.49781 727824 -33.3548 -0.039097
13.50006 729463 -31.0069 -0.036304
13.50231 731106 -23.2182 -0.027154
13.50456 732752 -21.0450 -0.024585
13.50681 734402 -21.0781 -0.024596
13.50906 736056 -20.6957 -0.024123
13.51131 737713 -21.6750 -0.025236
13.51356 739374 -18.6272 -0.021663
13.51581 741039 -19.5832 -0.022749
13.51806 742707 -13.7567 -0.015963
13.52031 744380 -14.6303 -0.016957
13.52256 746056 -14.5892 -0.016891
13.52481 747736 -18.4756 -0.021366
13.52705 749419 -17.9213 -0.020702
13.52930 751107 -12.7242 -0.014682
13.53155 752798 -18.0972 -0.020858
13.53380 754493 -11.2246 -0.012922
13.53605 756192 -10.6893 -0.012292
13.53830 757895 -9.8975 -0.011369
13.54055 759601 -7.6969 -0.008831
13.54280 761312 -10.3815 -0.011898
13.54505 763026 -16.8668 -0.019309
13.54730 764744 -16.7793 -0.019187
13.54955 766466 -20.7471 -0.023698
13.55179 768192 -22.9987 -0.026240
13.55404 769922 -21.2161 -0.024179
13.55629 771655 -17.8207 -0.020287
13.55854 773393 -16.5710 -0.018843
13.56079 775134 -15.0166 -0.017056
13.56304 776880 -10.8370 -0.012295
13.56529 778629 -14.0403 -0.015912
13.56754 780382 -15.2516 -0.017265
13.56979 782139 -15.5512 -0.017584
13.57204 783901 -12.8370 -0.014499
13.57429 785666 -11.7890 -0.013300
13.57654 787435 -14.7388 -0.016609
13.57879 789208 -17.7349 -0.019963
13.58103 790985 -17.2632 -0.019411
13.58328 792766 -16.6350 -0.018683
13.58553 794551 -16.3967 -0.018395
13.58778 796340 -10.4337 -0.011692
13.59003 798133 -13.5215 -0.015135
13.59228 799930 -16.4708 -0.018416
13.59453 801732 -17.9515 -0.020049
13.59678 803537 -19.6271 -0.021895
13.59903 805346 -23.0725 -0.025710
13.60128 807160 -24.6576 -0.027445
13.60353 808977 -20.2186 -0.022479
13.60578 810799 -20.2677 -0.022509
13.60802 812624 -18.8708 -0.020934
13.61027 814454 -15.6734 -0.017367
13.61252 816288 -14.5462 -0.016100
13.61477 818126 -14.2105 -0.015711
13.61702 819968 -18.4361 -0.020360
13.61927 821815 -19.5262 -0.021539
13.62152 823665 -20.3743 -0.022450
13.62377 825520 -15.8409 -0.017435
13.62602 827379 -17.4593 -0.019194
13.62827 829242 -21.0166 -0.023079
13.63052 831109 -21.9248 -0.024050
13.63276 832980 -25.9907 -0.028477
13.63501 834856 -28.9183 -0.031650
13.63726 836736 -28.1870 -0.030814
13.63951 838620 -27.7890 -0.030345
13.64176 840508 -28.7584 -0.031368
13.64401 842401 -22.1295 -0.024111
13.64626 844297 -22.7772 -0.024789
13.64851 846199 -24.4574 -0.026587
13.65076 848104 -19.3233 -0.020982
13.65301 850014 -19.3737 -0.021014
13.65526 851928 -16.7165 -0.018111
13.65751 853846 -17.8126 -0.019277
13.65975 855768 -15.4554 -0.016707
13.66200 857695 -11.5874 -0.012512
13.66425 859627 -14.4400 -0.015574
13.66650 861562 -13.3540 -0.014387
13.66875 863502 -17.2533 -0.018567
13.67100 865447 -24.6254 -0.026471
13.67325 867395 -24.3290 -0.026123
13.67550 869348 -21.5111 -0.023071
13.67775 871306 -23.7449 -0.025438
13.68000 873268 -19.6944 -0.021075
13.68225 875234 -21.2941 -0.022761
13.68450 877205 -20.2087 -0.021577
13.68674 879180 -18.7484 -0.019995
13.68899 881160 -16.6297 -0.017716
13.69124 883144 -16.1235 -0.017157
13.69349 885133 -16.5472 -0.017588
13.69574 887126 -20.5815 -0.021852
13.69799 889123 -18.6930 -0.019824
13.70024 891125 -23.0637 -0.024432
13.70249 893132 -20.5804 -0.021777
13.70474 895143 -17.7919 -0.018805
13.70699 897158 -19.7541 -0.020856
13.70924 899178 -22.0805 -0.023286
13.71149 901203 -23.1332 -0.024368
13.71373 903232 -22.0978 -0.023251
13.71598 905266 -25.8351 -0.027153
13.71823 907305 -30.0594 -0.031558
13.72048 909348 -26.8109 -0.028116
13.72273 911395 -29.1019 -0.030484
13.72498 913447 -33.3972 -0.034944
13.72723 915504 -31.0320 -0.032432
13.72948 917566 -34.3472 -0.035857
13.73173 919632 -35.5693 -0.037091
13.73398 921702 -40.0978 -0.041766
13.73623 923778 -34.3952 -0.035786
13.73848 925858 -30.8068 -0.032016
13.74073 927943 -34.6980 -0.036020
13.74297 930032 -43.1585 -0.044752
13.74522 932126 -45.6640 -0.047297
13.74747 934225 -43.0199 -0.044509
13.74972 936329 -42.4398 -0.043859
13.75197 938437 -40.8134 -0.042131
13.75422 940550 -45.3484 -0.046760
13.75647 942668 -47.5032 -0.048926
13.75872 944791 -47.3379 -0.048701
13.76097 946918 -48.8986 -0.050250
13.76322 949050 -43.6956 -0.044853
13.76547 951187 -46.3859 -0.047561
13.76772 953329 -46.2684 -0.047387
13.76996 955475 -44.6769 -0.045706
13.77221 957627 -42.9313 -0.043871
13.77446 959783 -44.7751 -0.045704
13.77671 961944 -45.5645 -0.046457
13.77896 964110 -39.9908 -0.040728
13.78121 966281 -38.1479 -0.038808
13.78346 968457 -34.2913 -0.034845
13.78571 970638 -36.1655 -0.036708
13.78796 972823 -33.2706 -0.033732
13.79021 975014 -25.9798 -0.026311
13.79246 977209 -30.4262 -0.030779
13.79471 979410 -24.7269 -0.024986
13.79695 981615 -23.4380 -0.023656
13.79920 983825 -27.5271 -0.027752
13.80145 986041 -25.8584 -0.026041
13.80370 988261 -23.2028 -0.023340
13.80595 990486 -21.3988 -0.021501
13.80820 992716 -21.4661 -0.021545
13.81045 994952 -15.8763 -0.015917
13.81270 997192 -15.7970 -0.015819
13.81495 999437 -13.9172 -0.013921
13.81720 1001688 -11.6727 -0.011663
13.81945 1003943 -10.3297 -0.010309
13.82170 1006204 -7.0736 -0.007052
13.82394 1008470 -16.5885 -0.016519
13.82619 1010740 -18.9386 -0.018838
13.82844 1013016 -18.3630 -0.018245
13.83069 1015297 -26.6058 -0.026405
13.83294 1017583 -30.5164 -0.030252
13.83519 1019875 -32.7618 -0.032441
13.83744 1022171 -33.2537 -0.032891
13.83969 1024473 -34.9709 -0.034551
13.84194 1026780 -37.8221 -0.037326
13.84419 1029092 -37.4108 -0.036878
13.84644 1031409 -36.1488 -0.035594
13.84869 1033731 -32.2709 -0.031740
13.85093 1036059 -35.1338 -0.034517
13.85318 1038392 -38.6999 -0.037978
13.85543 1040730 -40.7819 -0.039976
13.85768 1043073 -42.9983 -0.042101
13.85993 1045422 -42.7375 -0.041799
13.86218 1047776 -40.2961 -0.039367
13.86443 1050135 -41.9965 -0.040982
13.86668 1052500 -40.9643 -0.039930
13.86893 1054870 -36.7556 -0.035787
13.87118 1057245 -32.4441 -0.031554
13.87343 1059626 -34.1149 -0.033141
13.87568 1062012 -33.8990 -0.032894
13.87792 1064403 -34.5909 -0.033528
13.88017 1066800 -37.5811 -0.036385
13.88242 1069202 -38.3285 -0.037067
13.88467 1071609 -35.1637 -0.033968
13.88692 1074022 -30.2890 -0.029227
13.88917 1076441 -31.5325 -0.030392
13.89142 1078864 -28.0991 -0.027053
13.89367 1081294 -26.4799 -0.025465
13.89592 1083728 -22.0776 -0.021208
13.89817 1086169 -22.3142 -0.021411
13.90042 1088614 -21.3988 -0.020509
13.90267 1091066 -24.8594 -0.023799
13.90491 1093522 -23.0413 -0.022034
13.90716 1095985 -23.5926 -0.022536
13.90941 1098452 -19.5900 -0.018692
13.91166 1100926 -16.2416 -0.015479
13.91391 1103405 -19.1159 -0.018198
13.91616 1105889 -21.0300 -0.019998
13.91841 1108379 -21.3568 -0.020286
13.92066 1110875 -24.2596 -0.023017
13.92291 1113377 -22.6931 -0.021507
13.92516 1115883 -19.0196 -0.018005
13.92741 1118396 -18.2286 -0.017237
13.92965 1120914 -20.8034 -0.019649
13.93190 1123438 -24.0838 -0.022722
13.93415 1125968 -26.7141 -0.025175
13.93640 1128503 -31.9625 -0.030088
13.93865 1131044 -33.6029 -0.031596
13.94090 1133591 -34.6878 -0.032580
13.94315 1136144 -39.5681 -0.037122
13.94540 1138702 -33.7583 -0.031636
13.94765 1141266 -31.6621 -0.029638
13.94990 1143836 -27.5328 -0.025744
13.95215 1146411 -32.3133 -0.030179
13.95440 1148993 -34.0241 -0.031742
13.95665 1151580 -34.1500 -0.031823
13.95889 1154173 -41.2588 -0.038404
13.96114 1156772 -41.1548 -0.038265
13.96339 1159376 -45.9438 -0.042669
13.96564 1161987 -40.9869 -0.038023
13.96789 1164603 -36.7631 -0.034066
13.97014 1167226 -35.7730 -0.033111
13.97239 1169854 -32.2071 -0.029777
13.97464 1172488 -30.0741 -0.027774
13.97689 1175128 -30.4398 -0.028080
13.97914 1177774 -32.1694 -0.029642
13.98139 1180426 -29.8923 -0.027513
13.98364 1183084 -21.0903 -0.019390
13.98588 1185748 -25.8908 -0.023777
13.98813 1188418 -26.8838 -0.024661
13.99038 1191094 -29.0469 -0.026615
13.99263 1193776 -29.5044 -0.027004
13.99488 1196464 -34.7097 -0.031732
13.99713 1199158 -39.5745 -0.036139
13.99938 1201858 -36.1779 -0.033000
14.00163 1204565 -29.1746 -0.026582
14.00388 1207277 -22.9472 -0.020885
14.00613 1209995 -15.1271 -0.013752
14.00838 1212720 -18.8357 -0.017104
14.01063 1215451 -15.4200 -0.013987
14.01287 1218187 -11.3543 -0.010287
14.01512 1220930 -17.3849 -0.015734
14.01737 1223680 -18.6473 -0.016857
14.01962 1226435 -9.4095 -0.008497
14.02187 1229196 -11.7556 -0.010603
14.02412 1231964 -17.3167 -0.015601
14.02637 1234738 -11.6541 -0.010488
14.02862 1237519 -8.2955 -0.007457
14.03087 1240305 -6.6779 -0.005996
14.03312 1243098 -7.4740 -0.006703
14.03537 1245897 -10.8243 -0.009697
14.03762 1248702 -8.5446 -0.007646
14.03986 1251514 -4.8075 -0.004297
14.04211 1254332 -4.3275 -0.003864
14.04436 1257156 -8.5979 -0.007668
14.04661 1259987 -13.5008 -0.012028
14.04886 1262824 -11.6837 -0.010397
14.05111 1265668 -23.9548 -0.021293
14.05336 1268518 -30.4725 -0.027056
14.05561 1271374 -30.7453 -0.027267
14.05786 1274237 -31.0914 -0.027543
14.06011 1277106 -32.0880 -0.028394
14.06236 1279982 -42.1592 -0.037264
14.06461 1282864 -37.3006 -0.032933
14.06685 1285752 -38.0809 -0.033584
14.06910 1288648 -34.7893 -0.030646
14.07135 1291549 -26.2759 -0.023121
14.07360 1294457 -22.3674 -0.019659
14.07585 1297372 -17.7839 -0.015613
14.07810 1300293 -10.6735 -0.009360
14.08035 1303221 -13.5354 -0.011857
14.08260 1306156 -7.7132 -0.006749
14.08485 1309097 -5.0614 -0.004424
14.08710 1312044 -5.7730 -0.005040
14.08935 1314999 4.3013 0.003751
14.09160 1317960 -0.8118 -0.000707
14.09384 1320927 -4.1016 -0.003569
14.09609 1323902 -6.2457 -0.005428
14.09834 1326883 -9.1854 -0.007974
14.10059 1329871 -12.3299 -0.010692
14.10284 1332865 -3.8486 -0.003334
14.10509 1335866 2.8399 0.002457
14.10734 1338874 0.2421 0.000209
14.10959 1341889 4.2976 0.003710
14.11184 1344910 -0.4749 -0.000409
14.11409 1347939 2.1529 0.001854
14.11634 1350974 6.3324 0.005448
14.11859 1354016 4.5560 0.003915
14.12083 1357065 10.4149 0.008940
14.12308 1360120 7.0285 0.006027
14.12533 1363183 6.9372 0.005942
14.12758 1366253 1.5220 0.001302
14.12983 1369329 6.9234 0.005917
14.13208 1372412 13.8563 0.011828
14.13433 1375502 12.8738 0.010977
14.13658 1378600 8.9733 0.007642
14.13883 1381704 5.9567 0.005068
14.14108 1384815 6.6582 0.005658
14.14333 1387933 7.0732 0.006004
14.14558 1391058 -0.4428 -0.000375
14.14782 1394191 -3.4004 -0.002880
14.15007 1397330 0.2430 0.000206
14.15232 1400476 2.7569 0.002330
14.15457 1403630 6.1905 0.005225
14.15682 1406790 5.3040 0.004472
14.15907 1409958 4.7654 0.004013
14.16132 1413133 6.5913 0.005545
14.16357 1416315 -0.6752 -0.000567
14.16582 1419504 -2.9991 -0.002517
14.16807 1422700 -9.2280 -0.007737
14.17032 1425904 -16.3804 -0.013718
14.17257 1429114 -15.4508 -0.012925
14.17481 1432332 -12.4166 -0.010375
14.17706 1435558 -13.0838 -0.010920
14.17931 1438790 -16.9812 -0.014157
14.18156 1442030 -14.8352 -0.012354
14.18381 1445277 -17.9173 -0.014904
14.18606 1448531 -25.4750 -0.021167
14.18831 1451793 -28.4650 -0.023624
14.19056 1455062 -25.9202 -0.021488
14.19281 1458338 -26.9066 -0.022281
14.19506 1461622 -29.9195 -0.024748
14.19731 1464913 -27.1996 -0.022473
14.19956 1468211 -27.1758 -0.022428
14.20180 1471517 -21.9723 -0.018113
14.20405 1474831 -23.3743 -0.019247
14.20630 1478152 -20.2146 -0.016627
14.20855 1481480 -21.8546 -0.017955
14.21080 1484816 -13.8378 -0.011356
14.21305 1488159 -15.1608 -0.012428
14.21530 1491510 -13.1646 -0.010779
14.21755 1494869 -15.3407 -0.012547
14.21980 1498235 -11.0683 -0.009043
14.22205 1501608 -5.1747 -0.004223
14.22430 1504989 -5.5522 -0.004526
14.22655 1508378 -0.8526 -0.000694
14.22880 1511775 -6.9531 -0.005655
14.23104 1515179 3.2947 0.002677
14.23329 1518590 8.3318 0.006761
14.23554 1522010 7.0775 0.005737
14.23779 1525437 4.7895 0.003878
14.24004 1528872 7.4007 0.005985
14.24229 1532314 -1.2744 -0.001030
14.24454 1535765 -7.5805 -0.006117
14.24679 1539223 -5.6926 -0.004588
14.24904 1542689 -7.0763 -0.005697
14.25129 1546162 -8.4165 -0.006769
14.25354 1549644 -3.0634 -0.002461
14.25578 1553133 -9.4363 -0.007572
14.25803 1556630 -9.5268 -0.007636
14.26028 1560135 -8.9612 -0.007174
14.26253 1563648 -3.5523 -0.002841
14.26478 1567169 -1.4982 -0.001197
14.26703 1570698 1.5130 0.001207
14.26928 1574235 -3.3178 -0.002644
14.27153 1577779 1.7407 0.001386
14.27378 1581332 -0.4364 -0.000347
14.27603 1584893 0.0779 0.000062
14.27828 1588461 0.0267 0.000021
14.28053 1592038 -9.0716 -0.007190
14.28277 1595623 4.8416 0.003833
14.28502 1599216 8.1243 0.006424
14.28727 1602817 1.6366 0.001293
14.28952 1606426 3.2947 0.002599
14.29177 1610043 4.0223 0.003170
14.29402 1613668 3.9171 0.003084
14.29627 1617302 0.2240 0.000176
14.29852 1620943 1.5970 0.001254
14.30077 1624593 -2.9630 -0.002325
14.30302 1628251 -3.4127 -0.002674
14.30527 1631918 0.0154 0.000012
14.30752 1635592 4.1354 0.003234
14.30976 1639275 2.3770 0.001857
14.31201 1642966 3.4407 0.002684
14.31426 1646666 9.3609 0.007295
14.31651 1650374 6.6301 0.005161
14.31876 1654090 1.9621 0.001526
14.32101 1657814 -7.9264 -0.006156
14.32326 1661547 -7.4859 -0.005807
14.32551 1665289 -4.9064 -0.003802
14.32776 1669038 -1.4014 -0.001085
14.33001 1672796 -3.7029 -0.002863
14.33226 1676563 -0.3341 -0.000258
14.33451 1680338 9.7452 0.007518
14.33675 1684122 5.2908 0.004077
14.33900 1687914 3.4451 0.002652
14.34125 1691715 -3.7165 -0.002857
14.34350 1695524 -4.0138 -0.003083
14.34575 1699342 -12.4531 -0.009553
14.34800 1703168 -7.6275 -0.005845
14.35025 1707003 -3.6998 -0.002832
14.35250 1710847 -6.7499 -0.005160
14.35475 1714699 -3.2898 -0.002512
14.35700 1718560 -9.2503 -0.007056
14.35925 1722430 -4.7654 -0.003631
14.36150 1726308 1.8419 0.001402
14.36374 1730195 1.6056 0.001221
14.36599 1734091 9.0408 0.006865
14.36824 1737996 13.8155 0.010480
14.37049 1741909 17.8827 0.013549
14.37274 1745831 14.3531 0.010863
14.37499 1749763 10.9185 0.008254
14.37724 1753702 7.5614 0.005710
14.37949 1757651 1.7312 0.001306
14.38174 1761609 -4.1490 -0.003126
14.38399 1765576 -11.7043 -0.008808
14.38624 1769551 -15.8405 -0.011908
14.38849 1773536 -17.8674 -0.013417
14.39073 1777529 -16.4097 -0.012308
14.39298 1781532 -14.1450 -0.010598
14.39523 1785543 -13.3378 -0.009982
14.39748 1789564 -14.6172 -0.010927
14.39973 1793593 -9.1234 -0.006812
14.40198 1797632 -3.9225 -0.002926
14.40423 1801679 -8.7861 -0.006546
14.40648 1805736 -6.8621 -0.005107
14.40873 1809802 -5.6666 -0.004212
14.41098 1813877 -6.1336 -0.004554
14.41323 1817962 -14.0498 -0.010420
14.41548 1822055 -16.7929 -0.012441
14.41772 1826158 -15.3494 -0.011359
14.41997 1830270 -30.0647 -0.022223
14.42222 1834391 -31.4163 -0.023196
14.42447 1838522 -32.2874 -0.023812
14.42672 1842661 -32.6472 -0.024050
14.42897 1846811 -31.2950 -0.023028
14.43122 1850969 -32.8816 -0.024169
14.43347 1855137 -39.5409 -0.029031
14.43572 1859314 -39.2316 -0.028771
14.43797 1863501 -42.9656 -0.031474
14.44022 1867697 -46.4003 -0.033952
14.44247 1871902 -53.3737 -0.039011
14.44471 1876117 -44.2403 -0.032299
14.44696 1880342 -41.1234 -0.029990
14.44921 1884576 -33.3416 -0.024287
14.45146 1888819 -34.3346 -0.024983
14.45371 1893072 -29.1918 -0.021217
14.45596 1897335 -31.0481 -0.022540
14.45821 1901607 -33.6966 -0.024436
14.46046 1905889 -47.4238 -0.034352
14.46271 1910180 -49.6250 -0.035906
14.46496 1914481 -50.7327 -0.036666
14.46721 1918792 -47.7334 -0.034459
14.46946 1923113 -57.1596 -0.041218
14.47170 1927443 -64.1352 -0.046196
14.47395 1931783 -65.9727 -0.047466
14.47620 1936133 -69.3540 -0.049843
14.47845 1940493 -65.8300 -0.047257
14.48070 1944862 -66.2245 -0.047487
14.48295 1949241 -74.1287 -0.053095
14.48520 1953630 -72.4555 -0.051838
14.48745 1958029 -74.4817 -0.053228
14.48970 1962438 -73.0606 -0.052154
14.49195 1966857 -75.4198 -0.053777
14.49420 1971286 -67.9973 -0.048430
14.49645 1975725 -75.5715 -0.053764
14.49869 1980173 -80.7054 -0.057352
14.50094 1984632 -80.0881 -0.056850
14.50319 1989101 -66.0974 -0.046866
14.50544 1993580 -75.3717 -0.053382
14.50769 1998069 -71.9999 -0.050936
14.50994 2002568 -74.4611 -0.052618
14.51219 2007077 -80.8588 -0.057075
14.51444 2011596 -83.1735 -0.058643
14.51669 2016126 -82.4983 -0.058101
14.51894 2020665 -90.3341 -0.063548
14.52119 2025215 -84.0452 -0.059058
14.52344 2029775 -85.1039 -0.059735
14.52568 2034346 -89.8623 -0.063004
14.52793 2038927 -89.5920 -0.062743
14.53018 2043518 -80.2878 -0.056164
14.53243 2048119 -78.9570 -0.055171
14.53468 2052731 -84.8694 -0.059236
14.53693 2057353 -83.4874 -0.058206
14.53918 2061986 -78.4505 -0.054633
14.54143 2066628 -69.2952 -0.048203
14.54368 2071282 -59.6693 -0.041460
14.54593 2075946 -50.0780 -0.034757
14.54818 2080620 -50.2799 -0.034858
14.55043 2085305 -45.5523 -0.031545
14.55268 2090001 -39.6716 -0.027441
14.55492 2094707 -44.3231 -0.030624
14.55717 2099423 -47.2252 -0.032593
14.55942 2104151 -42.8334 -0.029529
14.56167 2108889 -39.2621 -0.027036
14.56392 2113637 -40.0572 -0.027553
14.56617 2118396 -40.3060 -0.027693
14.56842 2123166 -42.8385 -0.029400
14.57067 2127947 -43.5556 -0.029858
14.57292 2132739 -36.2075 -0.024793
14.57517 2137541 -29.1983 -0.019971
14.57742 2142354 -18.9815 -0.012968
14.57966 2147178 -13.4437 -0.009175
14.58191 2152013 -14.6011 -0.009953
14.58416 2156858 -14.8256 -0.010095
14.58641 2161715 -14.0781 -0.009575
14.58866 2166583 -9.5274 -0.006473
14.59091 2171461 -11.2418 -0.007629
14.59316 2176350 -6.0814 -0.004122
14.59541 2181251 -4.3341 -0.002935
14.59766 2186162 -2.4116 -0.001631
14.59991 2191085 -6.0728 -0.004103
14.60216 2196019 -3.5285 -0.002381
14.60441 2200964 -9.7550 -0.006575
14.60665 2205919 -14.4036 -0.009698
14.60890 2210886 -14.0639 -0.009458
14.61115 2215865 -11.1239 -0.007473
14.61340 2220854 -13.3184 -0.008937
14.61565 2225855 -9.7064 -0.006506
14.61790 2230867 -11.6789 -0.007819
14.62015 2235890 -6.7659 -0.004525
14.62240 2240925 -11.0221 -0.007363
14.62465 2245971 -5.0971 -0.003401
14.62690 2251028 -10.5990 -0.007064
14.62915 2256096 -15.9449 -0.010616
14.63140 2261176 -15.0593 -0.010015
14.63364 2266268 -6.6538 -0.004420
14.63589 2271371 -6.3615 -0.004221
14.63814 2276485 -5.7971 -0.003842
14.64039 2281611 -6.7630 -0.004477
14.64264 2286749 -3.4613 -0.002289
14.64489 2291898 5.4553 0.003603
14.64714 2297059 -1.7366 -0.001146
14.64939 2302231 -0.6647 -0.000438
14.65164 2307415 10.1221 0.006664
14.65389 2312610 12.9448 0.008512
14.65614 2317818 2.2754 0.001495
14.65839 2323037 -11.8552 -0.007778
14.66063 2328267 -14.9022 -0.009766
14.66288 2333510 -10.8425 -0.007098
14.66513 2338764 -15.2182 -0.009951
14.66738 2344031 -15.4171 -0.010070
14.66963 2349309 -29.6186 -0.019324
14.67188 2354599 -41.6233 -0.027126
14.67413 2359900 -49.4520 -0.032191
14.67638 2365214 -40.6240 -0.026415
14.67863 2370540 -37.8213 -0.024565
14.68088 2375878 -43.9934 -0.028541
14.68313 2381227 -50.3121 -0.032604
14.68538 2386589 -50.8070 -0.032888
14.68762 2391963 -58.3814 -0.037748
14.68987 2397349 -52.5460 -0.033937
14.69212 2402747 -51.2334 -0.033052
14.69437 2408158 -50.1070 -0.032289
14.69662 2413580 -45.9486 -0.029576
14.69887 2419015 -41.6565 -0.026783
14.70112 2424462 -51.0157 -0.032764
14.70337 2429921 -47.0007 -0.030151
14.70562 2435392 -48.5447 -0.031107
14.70787 2440876 -45.0532 -0.028837
14.71012 2446372 -40.2992 -0.025765
14.71237 2451881 -40.5061 -0.025868
14.71461 2457401 -44.3653 -0.028301
14.71686 2462935 -54.3463 -0.034629
14.71911 2468481 -52.5574 -0.033452
14.72136 2474039 -59.4471 -0.037794
14.72361 2479610 -52.3581 -0.033250
14.72586 2485193 -45.8436 -0.029080
14.72811 2490789 -46.9025 -0.029719
14.73036 2496397 -54.2559 -0.034339
14.73261 2502018 -53.5660 -0.033864
14.73486 2507652 -56.1094 -0.035433
14.73711 2513299 -60.6029 -0.038227
14.73936 2518958 -65.4134 -0.041215
14.74161 2524630 -62.6740 -0.039445
14.74385 2530315 -70.3154 -0.044204
14.74610 2536012 -69.3377 -0.043541
14.74835 2541722 -66.2293 -0.041542
14.75060 2547446 -57.3067 -0.035905
14.75285 2553182 -53.1490 -0.033262
14.75510 2558931 -48.0741 -0.030053
14.75735 2564693 -57.4860 -0.035896
14.75960 2570468 -57.9155 -0.036123
14.76185 2576255 -60.4843 -0.037683
14.76410 2582056 -64.4338 -0.040099
14.76635 2587870 -65.6702 -0.040822
14.76860 2593698 -63.8139 -0.039624
14.77084 2599538 -57.3496 -0.035570
14.77309 2605391 -48.0151 -0.029747
14.77534 2611258 -53.9239 -0.033370
14.77759 2617137 -47.7821 -0.029536
14.77984 2623030 -44.0737 -0.027213
14.78209 2628937 -37.1334 -0.022902
14.78434 2634856 -35.9488 -0.022147
14.78659 2640789 -36.2562 -0.022311
14.78884 2646735 -40.6557 -0.024990
14.79109 2652695 -34.9005 -0.021428
14.79334 2658668 -37.1098 -0.022759
14.79559 2664655 -48.8550 -0.029929
14.79783 2670655 -42.9158 -0.026261
14.80008 2676668 -47.1102 -0.028795
14.80233 2682695 -49.4997 -0.030222
14.80458 2688736 -51.9444 -0.031679
14.80683 2694790 -49.8539 -0.030369
14.80908 2700858 -51.2180 -0.031165
14.81133 2706940 -64.9248 -0.039461
14.81358 2713035 -61.2249 -0.037171
14.81583 2719144 -62.3695 -0.037823
14.81808 2725266 -58.3833 -0.035366
14.82033 2731403 -46.5913 -0.028191
14.82258 2737553 -46.3455 -0.028011
14.82482 2743717 -46.2091 -0.027897
14.82707 2749895 -43.6519 -0.026324
14.82932 2756087 -41.8171 -0.025189
14.83157 2762293 -48.1679 -0.028982
14.83382 2768513 -49.4002 -0.029690
14.83607 2774747 -49.4527 -0.029688
14.83832 2780995 -45.3585 -0.027199
14.84057 2787257 -34.5647 -0.020704
14.84282 2793533 -37.4955 -0.022434
14.84507 2799823 -36.0761 -0.021560
14.84732 2806127 -35.0980 -0.020952
14.84957 2812446 -36.2727 -0.021629
14.85181 2818779 -46.6391 -0.027779
14.85406 2825126 -44.4519 -0.026447
14.85631 2831487 -27.3949 -0.016280
14.85856 2837863 -27.7210 -0.016456
14.86081 2844253 -22.0561 -0.013078
14.86306 2850657 -2.1634 -0.001281
14.86531 2857076 -3.1747 -0.001878
14.86756 2863509 -7.6165 -0.004501
14.86981 2869957 -9.1070 -0.005376
14.87206 2876419 -3.2127 -0.001894
14.87431 2882896 1.5489 0.000912
14.87655 2889387 -3.3432 -0.001967
14.87880 2895894 -1.5728 -0.000924
14.88105 2902414 -3.8441 -0.002256
14.88330 2908950 1.3640 0.000800
14.88555 2915500 1.9742 0.001156
14.88780 2922064 -7.8408 -0.004587
14.89005 2928644 -6.0538 -0.003538
14.89230 2935238 -6.0084 -0.003507
14.89455 2941848 -8.8650 -0.005169
14.89680 2948472 -5.5425 -0.003228
14.89905 2955111 1.0896 0.000634
14.90130 2961765 -4.6309 -0.002691
14.90355 2968434 1.1246 0.000653
14.90579 2975118 3.6413 0.002111
14.90804 2981817 -3.0754 -0.001781
14.91029 2988531 -13.1901 -0.007630
14.91254 2995261 -25.4132 -0.014684
14.91479 3002005 -26.5333 -0.015314
14.91704 3008765 -40.8212 -0.023534
14.91929 3015539 -35.8531 -0.020646
14.92154 3022329 -38.5860 -0.022195
14.92379 3029135 -28.0632 -0.016124
14.92604 3035956 -37.5413 -0.021546
14.92829 3042792 -32.5698 -0.018671
14.93054 3049643 -38.4296 -0.022006
14.93278 3056510 -31.1174 -0.017799
14.93503 3063392 -39.0840 -0.022330
14.93728 3070290 -47.6043 -0.027168
14.93953 3077203 -36.2450 -0.020662
14.94178 3084132 -34.2711 -0.019515
14.94403 3091077 -32.8541 -0.018687
14.94628 3098037 -28.6683 -0.016288
14.94853 3105013 -33.9958 -0.019293
14.95078 3112005 -38.9852 -0.022099
14.95303 3119012 -32.2712 -0.018273
14.95528 3126035 -21.4855 -0.012152
14.95753 3133074 -18.3078 -0.010343
14.95977 3140129 -25.9671 -0.014654
14.96202 3147199 -27.6218 -0.015570
14.96427 3154286 -37.2160 -0.020955
14.96652 3161388 -34.2618 -0.019270
14.96877 3168507 -35.4274 -0.019903
14.97102 3175641 -37.7288 -0.021172
14.97327 3182792 -38.8911 -0.021799
14.97552 3189959 -33.2646 -0.018625
14.97777 3197141 -39.4313 -0.022053
14.98002 3204340 -31.4487 -0.017568
14.98227 3211556 -37.7205 -0.021048
14.98452 3218787 -36.3968 -0.020287
14.98676 3226035 -38.5622 -0.021470
14.98901 3233299 -37.2345 -0.020707
14.99126 3240579 -25.8961 -0.014385
14.99351 3247876 -20.6816 -0.011476
14.99576 3255189 -15.4242 -0.008549
14.99801 3262519 -13.4568 -0.007450
15.00026 3269865 -20.5762 -0.011379
15.00251 3277228 -20.3607 -0.011247
15.00476 3284607 -28.0367 -0.015470
15.00701 3292003 -30.8403 -0.016998
15.00926 3299416 -29.0710 -0.016004
15.01151 3306845 -30.4359 -0.016737
15.01375 3314291 -42.9127 -0.023572
15.01600 3321754 -54.0212 -0.029640
15.01825 3329234 -50.5407 -0.027699
15.02050 3336730 -57.0788 -0.031247
15.02275 3344243 -58.6829 -0.032089
15.02500 3351773 -61.2620 -0.033462
15.02725 3359321 -62.9703 -0.034357
15.02950 3366885 -62.0963 -0.033842
15.03175 3374466 -56.1916 -0.030589
15.03400 3382064 -51.6448 -0.028082
15.03625 3389680 -48.9461 -0.026585
15.03850 3397312 -50.3692 -0.027327
15.04074 3404962 -48.5611 -0.026317
15.04299 3412629 -59.1908 -0.032041
15.04524 3420313 -69.4300 -0.037542
15.04749 3428015 -69.5287 -0.037553
15.04974 3435734 -56.0070 -0.030216
15.05199 3443470 -54.8693 -0.029569
15.05424 3451223 -55.2928 -0.029763
15.05649 3458995 -64.5596 -0.034712
15.05874 3466783 -65.4568 -0.035155
15.06099 3474589 -67.3803 -0.036148
15.06324 3482413 -72.9650 -0.039100
15.06549 3490254 -86.5958 -0.046352
15.06773 3498113 -81.4287 -0.043537
15.06998 3505990 -83.3627 -0.044521
15.07223 3513885 -82.5885 -0.044058
15.07448 3521797 -86.7022 -0.046201
15.07673 3529727 -75.9956 -0.040450
15.07898 3537675 -68.0278 -0.036168
15.08123 3545640 -62.9072 -0.033408
15.08348 3553624 -53.3345 -0.028293
15.08573 3561626 -42.8457 -0.022703
15.08798 3569646 -42.6924 -0.022596
15.09023 3577683 -44.9197 -0.023748
15.09248 3585739 -35.8625 -0.018939
15.09472 3593813 -33.1804 -0.017503
15.09697 3601905 -31.9347 -0.016827
15.09922 3610016 -30.4965 -0.016051
15.10147 3618144 -29.3395 -0.015424
15.10372 3626291 -31.6775 -0.016635
15.10597 3634457 -40.6858 -0.021341
15.10822 3642640 -38.5387 -0.020192
15.11047 3650843 -32.5581 -0.017040
15.11272 3659063 -25.2944 -0.013223
15.11497 3667302 -29.3209 -0.015311
15.11722 3675560 -23.1722 -0.012087
15.11947 3683836 -31.4354 -0.016378
15.12171 3692131 -41.3072 -0.021497
15.12396 3700445 -32.4156 -0.016851
15.12621 3708777 -41.8545 -0.021733
15.12846 3717128 -42.8347 -0.022217
15.13071 3725498 -23.0671 -0.011951
15.13296 3733887 -27.0420 -0.013995
15.13521 3742294 -23.7808 -0.012293
15.13746 3750721 -24.6582 -0.012732
15.13971 3759166 -16.0685 -0.008288
15.14196 3767631 -26.2710 -0.013535
15.14421 3776114 -22.7435 -0.011704
15.14646 3784617 -24.7258 -0.012710
15.14870 3793139 -36.5763 -0.018780
15.15095 3801680 -30.0557 -0.015415
15.15320 3810240 -32.5595 -0.016680
15.15545 3818819 -31.2471 -0.015990
15.15770 3827418 -29.5222 -0.015090
15.15995 3836036 -22.0240 -0.011245
15.16220 3844674 -24.4898 -0.012490
15.16445 3853331 -27.8187 -0.014172
15.16670 3862008 -38.5474 -0.019615
15.16895 3870704 -41.9023 -0.021298
15.17120 3879419 -34.2744 -0.017402
15.17345 3888155 -42.6596 -0.021634
15.17569 3896910 -42.1978 -0.021376
15.17794 3905684 -32.7084 -0.016551
15.18019 3914479 -36.6427 -0.018520
15.18244 3923293 -30.6777 -0.015488
15.18469 3932127 -38.6259 -0.019479
15.18694 3940981 -43.4836 -0.021904
15.18919 3949855 -34.9209 -0.017571
15.19144 3958749 -38.7758 -0.019489
15.19369 3967663 -35.6161 -0.017880
15.19594 3976597 -37.9569 -0.019034
15.19819 3985551 -38.8933 -0.019482
15.20044 3994525 -40.9790 -0.020504
15.20268 4003520 -42.8919 -0.021437
15.20493 4012534 -43.3461 -0.021639
15.20718 4021569 -26.2029 -0.013066
15.20943 4030625 -26.2542 -0.013077
15.21168 4039700 -24.2540 -0.012067
15.21393 4048797 -22.3760 -0.011120
15.21618 4057913 -24.6448 -0.012234
15.21843 4067050 -20.3862 -0.010109
15.22068 4076208 7.4456 0.003688
15.22293 4085387 2.6297 0.001301
15.22518 4094586 -5.6948 -0.002814
15.22743 4103805 6.2500 0.003085
15.22967 4113046 10.3219 0.005090
15.23192 4122307 11.3215 0.005576
15.23417 4131589 10.6941 0.005261
15.23642 4140893 3.8299 0.001882
15.23867 4150217 0.7550 0.000371
15.24092 4159562 2.0561 0.001008
15.24317 4168928 -9.2407 -0.004526
15.24542 4178315 -13.4020 -0.006556
15.24767 4187723 -18.8316 -0.009202
15.24992 4197153 -25.8152 -0.012601
15.25217 4206603 -30.4419 -0.014842
15.25442 4216075 -31.3918 -0.015288
15.25666 4225569 -27.1568 -0.013211
15.25891 4235083 -23.4542 -0.011397
15.26116 4244620 -40.7443 -0.019776
15.26341 4254177 -28.8779 -0.014001
15.26566 4263756 -28.3277 -0.013719
15.26791 4273357 -35.2685 -0.017061
15.27016 4282979 -31.1384 -0.015046
15.27241 4292623 -22.0070 -0.010622
15.27466 4302289 -34.4446 -0.016606
15.27691 4311976 -31.6093 -0.015222
15.27916 4321686 -33.9884 -0.016349
15.28141 4331417 -34.1892 -0.016428
15.28365 4341170 -35.1037 -0.016848
15.28590 4350945 -26.7037 -0.012802
15.28815 4360742 -23.5152 -0.011261
15.29040 4370561 -19.1337 -0.009152
15.29265 4380402 -11.9331 -0.005702
15.29490 4390266 -7.8186 -0.003732
15.29715 4400151 -14.6174 -0.006968
15.29940 4410059 -17.6329 -0.008397
15.30165 4419989 -20.5805 -0.009789
15.30390 4429942 -9.4955 -0.004511
15.30615 4439916 -23.0398 -0.010934
15.30840 4449914 -29.2755 -0.013878
15.31064 4459934 -41.5487 -0.019674
15.31289 4469976 -41.7888 -0.019766
15.31514 4480041 -40.5091 -0.019139
15.31739 4490129 -35.4752 -0.016742
15.31964 4500239 -54.3963 -0.025642
15.32189 4510372 -60.6359 -0.028551
15.32414 4520528 -54.6144 -0.025687
15.32639 4530707 -55.2882 -0.025975
15.32864 4540909 -51.6820 -0.024253
15.33089 4551134 -43.0271 -0.020169
15.33314 4561382 -49.0301 -0.022957
15.33539 4571653 -51.5324 -0.024101
15.33763 4581946 -53.0386 -0.024778
15.33988 4592264 -33.6394 -0.015698
15.34213 4602604 -32.2252 -0.015021
15.34438 4612968 -22.5150 -0.010483
15.34663 4623355 -23.2238 -0.010801
15.34888 4633765 -20.4873 -0.009517
15.35113 4644199 -29.3689 -0.013628
15.35338 4654656 -22.9220 -0.010624
15.35563 4665137 -15.5120 -0.007182
15.35788 4675642 -9.3937 -0.004344
15.36013 4686170 -8.6587 -0.004000
15.36238 4696722 -10.7221 -0.004947
15.36462 4707297 -6.3124 -0.002909
15.36687 4717897 -5.8459 -0.002691
15.36912 4728520 -11.6365 -0.005351
15.37137 4739167 -3.9814 -0.001829
15.37362 4749838 -13.2070 -0.006060
15.37587 4760534 -19.8549 -0.009100
15.37812 4771253 -4.3589 -0.001996
15.38037 4781996 -4.6903 -0.002145
15.38262 4792764 2.8282 0.001292
15.38487 4803556 4.0267 0.001837
15.38712 4814372 -0.1702 -0.000078
15.38937 4825212 -9.8119 -0.004467
15.39161 4836077 1.1565 0.000526
15.39386 4846967 -11.5796 -0.005260
15.39611 4857881 -18.8462 -0.008551
15.39836 4868819 -9.2088 -0.004173
15.40061 4879782 -5.0595 -0.002290
15.40286 4890770 -16.9579 -0.007668
15.40511 4901783 -25.7934 -0.011650
15.40736 4912820 -15.7476 -0.007105
15.40961 4923882 -19.8860 -0.008962
15.41186 4934969 -27.1073 -0.012202
15.41411 4946081 -46.2466 -0.020795
15.41636 4957218 -50.0377 -0.022474
15.41860 4968381 -44.2273 -0.019842
15.42085 4979568 -47.4887 -0.021281
15.42310 4990780 -46.3422 -0.020744
15.42535 5002018 -34.8376 -0.015577
15.42760 5013281 -32.3934 -0.014468
15.42985 5024570 -34.3902 -0.015342
15.43210 5035883 -36.7022 -0.016355
15.43435 5047223 -32.2901 -0.014373
15.43660 5058587 -33.9688 -0.015103
15.43885 5069978 -29.8467 -0.013255
15.44110 5081394 -40.5776 -0.018001
15.44335 5092836 -42.6444 -0.018897
15.44559 5104303 -49.9776 -0.022121
15.44784 5115797 -54.5048 -0.024098
15.45009 5127316 -47.8883 -0.021149
15.45234 5138861 -61.0239 -0.026919
15.45459 5150432 -64.5889 -0.028460
15.45684 5162029 -80.0127 -0.035217
15.45909 5173653 -82.9867 -0.036485
15.46134 5185302 -78.0562 -0.034278
15.46359 5196978 -73.7728 -0.032361
15.46584 5208680 -80.9342 -0.035462
15.46809 5220408 -75.1299 -0.032882
15.47034 5232163 -64.8500 -0.028351
15.47258 5243944 -51.9216 -0.022674
15.47483 5255752 -53.7396 -0.023441
15.47708 5267587 -66.3288 -0.028900
15.47933 5279448 -76.7095 -0.033385
15.48158 5291335 -74.6496 -0.032452
15.48383 5303250 -65.7334 -0.028544
15.48608 5315191 -75.5265 -0.032760
15.48833 5327159 -75.8187 -0.032849
15.49058 5339154 -81.1634 -0.035126
15.49283 5351177 -69.1116 -0.029876
15.49508 5363226 -82.0874 -0.035446
15.49733 5375302 -81.3398 -0.035083
15.49957 5387406 -80.0699 -0.034497
15.50182 5399537 -68.4070 -0.029439
15.50407 5411695 -61.0449 -0.026241
15.50632 5423880 -66.3836 -0.028504
15.50857 5436093 -77.6245 -0.033293
15.51082 5448334 -91.5653 -0.039228
15.51307 5460602 -96.9530 -0.041490
15.51532 5472897 -99.1393 -0.042378
15.51757 5485221 -105.6383 -0.045105
15.51982 5497572 -114.4669 -0.048820
15.52207 5509951 -111.4535 -0.047481
15.52432 5522357 -108.5396 -0.046188
15.52656 5534792 -105.2989 -0.044758
15.52881 5547255 -102.7266 -0.043616
15.53106 5559745 -93.2446 -0.039545
15.53331 5572264 -84.2173 -0.035677
15.53556 5584811 -79.2021 -0.033514
15.53781 5597387 -63.2448 -0.026732
15.54006 5609990 -57.6381 -0.024335
15.54231 5622622 -46.5451 -0.019629
15.54456 5635283 -39.9321 -0.016822
15.54681 5647972 -53.0511 -0.022323
15.54906 5660689 -50.5702 -0.021255
15.55131 5673435 -70.6751 -0.029672
15.55355 5686210 -57.6813 -0.024189
15.55580 5699014 -59.4290 -0.024894
15.55805 5711846 -65.6706 -0.027478
15.56030 5724708 -74.0470 -0.030948
15.56255 5737598 -88.6460 -0.037008
15.56480 5750517 -82.1463 -0.034256
15.56705 5763466 -103.8557 -0.043260
15.56930 5776443 -113.3063 -0.047144
15.57155 5789450 -111.7248 -0.046433
15.57380 5802486 -108.5712 -0.045072
15.57605 5815552 -87.9700 -0.036479
15.57830 5828647 -100.4340 -0.041600
15.58054 5841771 -96.8242 -0.040060
15.58279 5854925 -87.2633 -0.036064
15.58504 5868108 -77.6150 -0.032040
15.58729 5881322 -69.1794 -0.028526
15.58954 5894565 -62.0477 -0.025556
15.59179 5907837 -66.8556 -0.027506
15.59404 5921140 -65.1112 -0.026758
15.59629 5934473 -52.6347 -0.021606
15.59854 5947835 -74.6448 -0.030607
15.60079 5961228 -76.4037 -0.031293
15.60304 5974651 -83.4911 -0.034157
15.60529 5988104 -97.1582 -0.039704
15.60753 6001587 -91.4701 -0.037338
15.60978 6015101 -86.8803 -0.035424
15.61203 6028645 -72.0166 -0.029331
15.61428 6042220 -68.7004 -0.027949
15.61653 6055825 -78.3069 -0.031821
15.61878 6069461 -79.2408 -0.032164
15.62103 6083128 -86.7453 -0.035171
15.62328 6096825 -93.8107 -0.037993
15.62553 6110553 -96.0611 -0.038860
15.62778 6124313 -87.8078 -0.035482
15.63003 6138103 -85.1709 -0.034378
15.63228 6151924 -92.0529 -0.037113
15.63452 6165776 -86.2989 -0.034755
15.63677 6179660 -88.5119 -0.035606
15.63902 6193574 -94.8652 -0.038119
15.64127 6207520 -93.1201 -0.037375
15.64352 6221498 -102.1248 -0.040943
15.64577 6235507 -78.9864 -0.031631
15.64802 6249547 -95.8878 -0.038357
15.65027 6263619 -90.3453 -0.036099
15.65252 6277723 -99.1002 -0.039552
15.65477 6291859 -94.6305 -0.037726
15.65702 6306026 -82.8413 -0.032989
15.65927 6320225 -68.5490 -0.027267
15.66151 6334457 -80.7835 -0.032097
15.66376 6348720 -82.1678 -0.032611
15.66601 6363015 -73.6493 -0.029197
15.66826 6377343 -79.1535 -0.031344
15.67051 6391703 -83.9235 -0.033195
15.67276 6406095 -83.5968 -0.033029
15.67501 6420520 -92.0583 -0.036331
15.67726 6434977 -105.3241 -0.041520
15.67951 6449466 -110.4434 -0.043489
15.68176 6463989 -113.1184 -0.044492
15.68401 6478543 -107.3068 -0.042159
15.68626 6493131 -102.2081 -0.040110
15.68850 6507752 -107.5133 -0.042145
15.69075 6522405 -101.4853 -0.039737
15.69300 6537092 -93.2070 -0.036455
15.69525 6551811 -95.1363 -0.037168
15.69750 6566564 -97.3561 -0.037992
15.69975 6581350 -96.2027 -0.037500
15.70200 6596169 -92.4524 -0.035998
15.70425 6611022 -94.8794 -0.036901
15.70650 6625908 -98.3558 -0.038210
15.70875 6640827 -95.9395 -0.037229
15.71100 6655780 -101.5808 -0.039374
15.71325 6670767 -89.2044 -0.034538
15.71549 6685788 -92.0844 -0.035613
15.71774 6700842 -88.4517 -0.034170
15.71999 6715931 -74.5262 -0.028758
15.72224 6731053 -63.6204 -0.024522
15.72449 6746209 -63.2822 -0.024364
15.72674 6761400 -72.1852 -0.027761
15.72899 6776624 -74.1056 -0.028467
15.73124 6791883 -74.3832 -0.028542
15.73349 6807176 -72.9737 -0.027969
15.73574 6822504 -55.1599 -0.021118
15.73799 6837866 -64.1985 -0.024551
15.74024 6853263 -52.7220 -0.020139
15.74248 6868695 -38.2845 -0.014608
15.74473 6884161 -66.4767 -0.025336
15.74698 6899662 -64.6820 -0.024625
15.74923 6915198 -65.3355 -0.024845
15.75148 6930769 -71.6646 -0.027222
15.75373 6946375 -50.9420 -0.019328
15.75598 6962016 -45.1711 -0.017120
15.75823 6977692 -36.2325 -0.013716
15.76048 6993404 -39.3593 -0.014883
15.76273 7009151 -46.1893 -0.017446
15.76498 7024933 -34.8107 -0.013134
15.76723 7040752 -27.1965 -0.010250
15.76947 7056605 -39.1146 -0.014725
15.77172 7072495 -50.4466 -0.018969
15.77397 7088420 -42.1149 -0.015818
15.77622 7104381 -45.4838 -0.017065
15.77847 7120378 -39.5559 -0.014824
15.78072 7136410 -37.1068 -0.013890
15.78297 7152480 -40.7451 -0.015235
15.78522 7168585 -37.5309 -0.014018
15.78747 7184726 -60.6356 -0.022622
15.78972 7200904 -37.3820 -0.013931
15.79197 7217118 -29.3341 -0.010919
15.79422 7233369 -53.0307 -0.019718
15.79646 7249657 -70.8367 -0.026309
15.79871 7265981 -67.6009 -0.025079
15.80096 7282341 -69.4411 -0.025732
15.80321 7298739 -81.9846 -0.030346
15.80546 7315174 -69.3443 -0.025639
15.80771 7331645 -82.4750 -0.030459
15.80996 7348154 -81.0308 -0.029892
15.81221 7364700 -69.6160 -0.025653
15.81446 7381283 -86.6615 -0.031898
15.81671 7397903 -91.8644 -0.033775
15.81896 7414561 -100.0448 -0.036741
15.82121 7431256 -87.0447 -0.031931
15.82345 7447989 -70.6351 -0.025882
15.82570 7464760 -72.3185 -0.026469
15.82795 7481568 -74.9939 -0.027418
15.83020 7498415 -81.1576 -0.029638
15.83245 7515299 -75.7494 -0.027632
15.83470 7532221 -68.9007 -0.025105
15.83695 7549181 -80.9927 -0.029478
15.83920 7566180 -68.0540 -0.024741
15.84145 7583216 -57.7111 -0.020957
15.84370 7600292 -74.2969 -0.026950
15.84595 7617405 -74.7098 -0.027069
15.84820 7634557 -49.4795 -0.017907
15.85044 7651748 -45.1731 -0.016331
15.85269 7668977 -38.7159 -0.013980
15.85494 7686246 -46.3349 -0.016713
15.85719 7703553 -39.7196 -0.014311
15.85944 7720899 -50.4991 -0.018174
15.86169 7738284 -51.7513 -0.018604
15.86394 7755708 -66.3162 -0.023813
15.86619 7773172 -81.6251 -0.029277
15.86844 7790675 -93.8405 -0.033620
15.87069 7808217 -107.5464 -0.038488
15.87294 7825799 -107.3712 -0.038382
15.87519 7843420 -91.3915 -0.032633
15.87743 7861081 -103.0112 -0.036740
15.87968 7878782 -126.6183 -0.045109
15.88193 7896522 -122.4492 -0.043575
15.88418 7914303 -129.1880 -0.045921
15.88643 7932124 -145.4064 -0.051628
15.88868 7949984 -137.9396 -0.048922
15.89093 7967885 -141.7119 -0.050204
15.89318 7985827 -127.0035 -0.044942
15.89543 8003808 -118.7473 -0.041974
15.89768 8021830 -129.3899 -0.045684
15.89993 8039893 -132.7065 -0.046802
15.90218 8057997 -126.7912 -0.044666
15.90442 8076141 -138.6753 -0.048797
15.90667 8094326 -148.3128 -0.052130
15.90892 8112552 -159.0719 -0.055849
15.91117 8130819 -148.9710 -0.052244
15.91342 8149127 -145.1501 -0.050847
15.91567 8167476 -147.5412 -0.051626
15.91792 8185867 -143.9620 -0.050317
15.92017 8204299 -135.2142 -0.047206
15.92242 8222773 -128.4733 -0.044803
15.92467 8241288 -121.2695 -0.042243
15.92692 8259845 -140.8133 -0.048996
15.92917 8278444 -146.4848 -0.050912
15.93141 8297084 -169.2213 -0.058748
15.93366 8315767 -165.3447 -0.057338
15.93591 8334491 -167.2237 -0.057924
15.93816 8353258 -172.1244 -0.059554
15.94041 8372067 -165.3934 -0.057161
15.94266 8390918 -167.6116 -0.057863
15.94491 8409812 -179.6926 -0.061964
15.94716 8428749 -176.4123 -0.060764
15.94941 8447728 -193.0041 -0.066404
15.95166 8466749 -198.5562 -0.068238
15.95391 8485814 -188.6071 -0.064746
15.95616 8504921 -188.6632 -0.064692
15.95840 8524072 -199.8903 -0.068465
15.96065 8543266 -204.4288 -0.069941
15.96290 8562502 -212.6388 -0.072668
15.96515 8581783 -228.7653 -0.078091
15.96740 8601106 -215.7149 -0.073553
15.96965 8620473 -229.1788 -0.078056
15.97190 8639884 -201.6641 -0.068608
15.97415 8659338 -200.7447 -0.068218
15.97640 8678837 -194.8745 -0.066149
15.97865 8698379 -196.1951 -0.066523
15.98090 8717965 -202.4358 -0.068561
15.98315 8737595 -199.1987 -0.067389
15.98539 8757270 -185.8906 -0.062816
15.98764 8776988 -199.4751 -0.067331
15.98989 8796751 -201.1210 -0.067810
15.99214 8816559 -196.6654 -0.066234
15.99439 8836411 -191.2780 -0.064347
15.99664 8856308 -184.0142 -0.061834
15.99889 8876250 -203.0779 -0.068163
16.00114 8896237 -209.6200 -0.070280
16.00339 8916268 -189.5198 -0.063469
16.00564 8936345 -177.2908 -0.059307
16.00789 8956467 -191.7023 -0.064056
16.01014 8976634 -206.2787 -0.068849
16.01238 8996847 -215.8476 -0.071962
16.01463 9017105 -206.8599 -0.068888
16.01688 9037409 -205.0144 -0.068197
16.01913 9057758 -189.6781 -0.063024
16.02138 9078154 -189.5082 -0.062897
16.02363 9098595 -189.9113 -0.062960
16.02588 9119082 -164.5926 -0.054505
16.02813 9139616 -181.2318 -0.059947
16.03038 9160195 -165.0015 -0.054517
16.03263 9180821 -143.0860 -0.047223
16.03488 9201494 -136.2668 -0.044922
16.03713 9222213 -143.7494 -0.047336
16.03937 9242978 -130.2398 -0.042839
16.04162 9263791 -117.7418 -0.038684
16.04387 9284650 -132.1864 -0.043381
16.04612 9305556 -127.4816 -0.041790
16.04837 9326510 -134.2470 -0.043959
16.05062 9347510 -108.2675 -0.035412
16.05287 9368558 -95.0702 -0.031060
16.05512 9389653 -93.4963 -0.030512
16.05737 9410796 -92.0237 -0.029998
16.05962 9431986 -73.4147 -0.023905
16.06187 9453224 -77.9764 -0.025361
16.06412 9474510 -91.6799 -0.029785
16.06636 9495844 -94.5019 -0.030667
16.06861 9517225 -88.2695 -0.028612
16.07086 9538655 -78.5970 -0.025449
16.07311 9560134 -80.4813 -0.026029
16.07536 9581660 -80.2489 -0.025925
16.07761 9603235 -79.0988 -0.025525
16.07986 9624859 -59.9047 -0.019309
16.08211 9646531 -65.4091 -0.021060
16.08436 9668252 -79.1232 -0.025447
16.08661 9690022 -94.4568 -0.030344
16.08886 9711841 -71.2380 -0.022859
16.09111 9733709 -63.2677 -0.020279
16.09335 9755627 -66.3759 -0.021251
16.09560 9777593 -51.8862 -0.016593
16.09785 9799609 -57.9535 -0.018513
16.10010 9821675 -69.7837 -0.022267
16.10235 9843791 -63.5135 -0.020243
16.10460 9865956 -43.0490 -0.013705
16.10685 9888171 -51.5557 -0.016395
16.10910 9910436 -31.3505 -0.009959
16.11135 9932752 -47.0300 -0.014922
16.11360 9955117 -56.1561 -0.017798
16.11585 9977533 -50.6902 -0.016048
16.11810 10000000 -48.7949 -0.015430
