logY Y P PoverSqrtY
6.90675 999 -27.1610 -0.859337
6.90875 1001 -27.1610 -0.858478
6.91075 1003 -24.8354 -0.784190
6.91274 1005 -24.8354 -0.783409
6.91374 1006 -24.8354 -0.783020
6.91572 1008 -24.8354 -0.782242
6.91771 1010 -23.2866 -0.732731
6.91870 1011 -22.9250 -0.720998
6.92067 1013 -22.9250 -0.720285
6.92264 1015 -22.9250 -0.719575
6.92461 1017 -23.6193 -0.740640
6.92560 1018 -23.6193 -0.740276
6.92756 1020 -25.5906 -0.801274
6.92952 1022 -25.5906 -0.800490
6.93049 1023 -25.5906 -0.800098
6.93245 1025 -25.5906 -0.799317
6.93440 1027 -25.5906 -0.798539
6.93634 1029 -25.5906 -0.797762
6.93731 1030 -25.5906 -0.797375
6.93925 1032 -25.5906 -0.796602
6.94119 1034 -26.4799 -0.823485
6.94312 1036 -26.4799 -0.822690
6.94409 1037 -26.4799 -0.822293
6.94601 1039 -26.4799 -0.821501
6.94794 1041 -24.5393 -0.760567
6.94986 1043 -24.5393 -0.759837
6.95081 1044 -24.5393 -0.759473
6.95273 1046 -24.5393 -0.758747
6.95464 1048 -24.5393 -0.758023
6.95655 1050 -26.4555 -0.816436
6.95750 1051 -26.2913 -0.810982
6.95940 1053 -26.2913 -0.810211
6.96130 1055 -26.2913 -0.809443
6.96319 1057 -26.2913 -0.808677
6.96508 1059 -26.3358 -0.809280
6.96602 1060 -26.3358 -0.808898
6.96791 1062 -26.3358 -0.808136
6.96979 1064 -26.3358 -0.807376
6.97167 1066 -26.3358 -0.806618
6.97354 1068 -25.8324 -0.790459
6.97448 1069 -25.8324 -0.790089
6.97635 1071 -25.8324 -0.789351
6.97821 1073 -25.8324 -0.788615
6.98008 1075 -25.8324 -0.787881
6.98193 1077 -25.8324 -0.787149
6.98286 1078 -25.8324 -0.786784
6.98472 1080 -25.8324 -0.786055
6.98657 1082 -25.8324 -0.785329
6.98841 1084 -27.3214 -0.829829
6.99026 1086 -27.3214 -0.829065
6.99210 1088 -27.3214 -0.828302
6.99302 1089 -28.0102 -0.848793
6.99485 1091 -26.1529 -0.791786
6.99668 1093 -26.1529 -0.791061
6.99851 1095 -26.1529 -0.790338
7.00033 1097 -24.1885 -0.730308
7.00216 1099 -24.1885 -0.729644
7.00307 1100 -24.1885 -0.729312
7.00488 1102 -24.1885 -0.728650
7.00670 1104 -24.1885 -0.727989
7.00851 1106 -24.1885 -0.727331
7.01031 1108 -24.0091 -0.721284
7.01212 1110 -24.0091 -0.720633
7.01392 1112 -24.0091 -0.719985
7.01571 1114 -24.0091 -0.719339
7.01661 1115 -24.0091 -0.719016
7.01840 1117 -24.0091 -0.718372
7.02019 1119 -24.0091 -0.717730
7.02198 1121 -24.7877 -0.740343
7.02376 1123 -26.6920 -0.796511
7.02554 1125 -26.6920 -0.795802
7.02731 1127 -26.6920 -0.795096
7.02909 1129 -25.7390 -0.766027
7.03086 1131 -25.7390 -0.765349
7.03174 1132 -25.7390 -0.765011
7.03351 1134 -25.7390 -0.764336
7.03527 1136 -25.7390 -0.763663
7.03703 1138 -26.2232 -0.777345
7.03878 1140 -27.5830 -0.816938
7.04054 1142 -27.5830 -0.816222
7.04229 1144 -27.5830 -0.815508
7.04403 1146 -27.5830 -0.814796
7.04578 1148 -27.5830 -0.814086
7.04752 1150 -27.5830 -0.813378
7.04925 1152 -27.5830 -0.812672
7.05099 1154 -25.8505 -0.760967
7.05272 1156 -25.8505 -0.760309
7.05445 1158 -25.8505 -0.759652
7.05618 1160 -25.8505 -0.758997
7.05704 1161 -23.5631 -0.691539
7.05876 1163 -21.6639 -0.635253
7.06048 1165 -21.6639 -0.634707
7.06219 1167 -21.6639 -0.634163
7.06390 1169 -21.6639 -0.633620
7.06561 1171 -23.6389 -0.690794
7.06732 1173 -23.6389 -0.690205
7.06902 1175 -23.6389 -0.689617
7.07072 1177 -24.9946 -0.728547
7.07242 1179 -25.5486 -0.744063
7.07412 1181 -25.5486 -0.743433
7.07581 1183 -25.5486 -0.742804
7.07750 1185 -25.5486 -0.742177
7.07918 1187 -24.3811 -0.707667
7.08087 1189 -24.3811 -0.707071
7.08255 1191 -24.3811 -0.706477
7.08423 1193 -24.6516 -0.713714
7.08590 1195 -24.6516 -0.713116
7.08757 1197 -24.6516 -0.712520
7.08924 1199 -24.6516 -0.711926
7.09091 1201 -26.3866 -0.761400
7.09257 1203 -24.5828 -0.708758
7.09423 1205 -24.5828 -0.708170
7.09589 1207 -24.5828 -0.707583
7.09755 1209 -24.5828 -0.706997
7.10003 1212 -24.5828 -0.706122
7.10168 1214 -24.5828 -0.705540
7.10332 1216 -24.5828 -0.704959
7.10497 1218 -24.4976 -0.701940
7.10661 1220 -24.4976 -0.701365
7.10824 1222 -24.4976 -0.700790
7.10988 1224 -24.4976 -0.700218
7.11151 1226 -24.4976 -0.699646
7.11314 1228 -24.1688 -0.689694
7.11477 1230 -24.1688 -0.689133
7.11639 1232 -24.1688 -0.688573
7.11802 1234 -20.9208 -0.595554
7.11964 1236 -20.9208 -0.595072
7.12125 1238 -20.9208 -0.594592
7.12367 1241 -20.6802 -0.587043
7.12528 1243 -19.5638 -0.554904
7.12689 1245 -19.5638 -0.554458
7.12850 1247 -19.5638 -0.554013
7.13010 1249 -18.5191 -0.524010
7.13170 1251 -18.7427 -0.529912
7.13330 1253 -18.7427 -0.529489
7.13489 1255 -18.7427 -0.529067
7.13648 1257 -19.8902 -0.561011
7.13807 1259 -21.1632 -0.596442
7.14045 1262 -21.1632 -0.595733
7.14204 1264 -21.1632 -0.595262
7.14362 1266 -21.1632 -0.594791
7.14520 1268 -21.1632 -0.594322
7.14677 1270 -21.1632 -0.593854
7.14835 1272 -21.1632 -0.593387
7.14992 1274 -21.3055 -0.596908
7.15227 1277 -21.3055 -0.596207
7.15383 1279 -21.3055 -0.595740
7.15540 1281 -21.3055 -0.595275
7.15696 1283 -21.4547 -0.598977
7.15851 1285 -21.4547 -0.598511
7.16007 1287 -21.4547 -0.598045
7.16240 1290 -23.0341 -0.641323
7.16395 1292 -21.7241 -0.604380
7.16549 1294 -21.7241 -0.603913
7.16704 1296 -21.7241 -0.603447
7.16858 1298 -22.8203 -0.633409
7.17089 1301 -24.3911 -0.676226
7.17242 1303 -24.3911 -0.675707
7.17396 1305 -24.3911 -0.675189
7.17549 1307 -26.0752 -0.721257
7.17702 1309 -26.0752 -0.720706
7.17931 1312 -26.0752 -0.719882
7.18083 1314 -26.0752 -0.719334
7.18235 1316 -26.0752 -0.718787
7.18387 1318 -26.0752 -0.718241
7.18539 1320 -26.0752 -0.717697
7.18766 1323 -24.3380 -0.669123
7.18917 1325 -24.3380 -0.668618
7.19068 1327 -24.3380 -0.668113
7.19218 1329 -26.2987 -0.721394
7.19444 1332 -24.8362 -0.680507
7.19594 1334 -24.8362 -0.679996
7.19744 1336 -24.8362 -0.679487
7.19893 1338 -24.8362 -0.678979
7.20117 1341 -24.8362 -0.678219
7.20266 1343 -24.8362 -0.677714
7.20415 1345 -24.8362 -0.677210
7.20564 1347 -26.8266 -0.730940
7.20786 1350 -26.8266 -0.730127
7.20934 1352 -26.8266 -0.729587
7.21082 1354 -27.0594 -0.735376
7.21303 1357 -27.0594 -0.734563
7.21450 1359 -27.0594 -0.734022
7.21598 1361 -27.7706 -0.752761
7.21744 1363 -27.7706 -0.752208
7.21964 1366 -27.7706 -0.751382
7.22111 1368 -27.7706 -0.750832
7.22257 1370 -27.7706 -0.750284
7.22475 1373 -26.2514 -0.708463
7.22621 1375 -26.2514 -0.707947
7.22766 1377 -25.7792 -0.694708
7.22984 1380 -25.7792 -0.693952
7.23129 1382 -25.7792 -0.693450
7.23273 1384 -25.7792 -0.692949
7.23490 1387 -26.6884 -0.716612
7.23634 1389 -26.6884 -0.716096
7.23778 1391 -26.6884 -0.715581
7.23993 1394 -26.6884 -0.714810
7.24137 1396 -26.6884 -0.714298
7.24280 1398 -26.6884 -0.713787
7.24494 1401 -27.5414 -0.735812
7.24637 1403 -27.5414 -0.735288
7.24850 1406 -27.5414 -0.734503
7.24993 1408 -27.5414 -0.733981
7.25134 1410 -25.8682 -0.688900
7.25347 1413 -22.5860 -0.600852
7.25488 1415 -22.5860 -0.600427
7.25630 1417 -22.5860 -0.600003
7.25841 1420 -21.8262 -0.579207
7.25982 1422 -21.8262 -0.578799
7.26193 1425 -21.8262 -0.578190
7.26333 1427 -22.4934 -0.595448
7.26473 1429 -22.4934 -0.595031
7.26683 1432 -22.4934 -0.594407
7.26822 1434 -22.2463 -0.587467
7.27031 1437 -22.2463 -0.586854
7.27170 1439 -22.2463 -0.586446
7.27379 1442 -24.8776 -0.655128
7.27517 1444 -24.8776 -0.654674
7.27656 1446 -24.8776 -0.654221
7.27863 1449 -24.8776 -0.653544
7.28001 1451 -25.0182 -0.656785
7.28207 1454 -25.0182 -0.656107
7.28345 1456 -25.0182 -0.655656
7.28551 1459 -23.2307 -0.608183
7.28688 1461 -23.2307 -0.607767
7.28893 1464 -23.2307 -0.607144
7.29029 1466 -23.2307 -0.606729
7.29234 1469 -20.2029 -0.527111
7.29370 1471 -20.2029 -0.526752
7.29574 1474 -20.7524 -0.540528
7.29709 1476 -20.7524 -0.540162
7.29845 1478 -20.7524 -0.539797
7.30047 1481 -22.5366 -0.585613
7.30182 1483 -21.7473 -0.564722
7.30384 1486 -21.7473 -0.564152
7.30519 1488 -21.7473 -0.563772
7.30720 1491 -23.6358 -0.612113
7.30921 1494 -23.6358 -0.611498
7.31055 1496 -23.6358 -0.611089
7.31255 1499 -19.9446 -0.515139
7.31389 1501 -19.9446 -0.514796
7.31588 1504 -19.9446 -0.514282
7.31721 1506 -19.9446 -0.513941
7.31920 1509 -22.4946 -0.579073
7.32053 1511 -22.4946 -0.578690
7.32251 1514 -23.2754 -0.598184
7.32383 1516 -23.2754 -0.597789
7.32581 1519 -23.2754 -0.597199
7.32778 1522 -23.2754 -0.596610
7.32909 1524 -21.3781 -0.547616
7.33106 1527 -21.3781 -0.547078
7.33237 1529 -20.0006 -0.511493
7.33433 1532 -19.5871 -0.500426
7.33563 1534 -19.5871 -0.500100
7.33759 1537 -19.5871 -0.499611
7.33954 1540 -19.9690 -0.508858
7.34084 1542 -19.9690 -0.508528
7.34278 1545 -19.9690 -0.508034
7.34407 1547 -19.9690 -0.507705
7.34601 1550 -19.9690 -0.507214
7.34794 1553 -21.9628 -0.557317
7.34923 1555 -21.9628 -0.556958
7.35116 1558 -21.9628 -0.556422
7.35308 1561 -21.9628 -0.555887
7.35436 1563 -23.3791 -0.591356
7.35628 1566 -23.3791 -0.590789
7.35756 1568 -23.3791 -0.590413
7.35947 1571 -24.9173 -0.628656
7.36138 1574 -24.9173 -0.628056
7.36265 1576 -24.9173 -0.627658
7.36455 1579 -29.4748 -0.741753
7.36645 1582 -29.4748 -0.741049
7.36771 1584 -29.4748 -0.740581
7.36960 1587 -29.4748 -0.739881
7.37149 1590 -29.4748 -0.739183
7.37275 1592 -29.4748 -0.738718
7.37463 1595 -30.3231 -0.759265
7.37651 1598 -30.3231 -0.758552
7.37838 1601 -28.8862 -0.721929
7.37963 1603 -28.8862 -0.721478
7.38150 1606 -28.8862 -0.720804
7.38337 1609 -28.5654 -0.712135
7.38461 1611 -31.3393 -0.780804
7.38647 1614 -31.3393 -0.780078
7.38833 1617 -31.3393 -0.779354
7.39018 1620 -33.1771 -0.824291
7.39142 1622 -33.1771 -0.823783
7.39326 1625 -33.1771 -0.823022
7.39511 1628 -31.9887 -0.792812
7.39695 1631 -31.9887 -0.792082
7.39817 1633 -31.9887 -0.791597
7.40001 1636 -31.9887 -0.790871
7.40184 1639 -31.9887 -0.790147
7.40367 1642 -30.1527 -0.744115
7.40489 1644 -30.1527 -0.743662
7.40671 1647 -30.1527 -0.742985
7.40853 1650 -29.7868 -0.733299
7.41035 1653 -29.7868 -0.732634
7.41156 1655 -29.7868 -0.732191
7.41337 1658 -28.7465 -0.705981
7.41518 1661 -28.7465 -0.705343
7.41698 1664 -28.7465 -0.704707
7.41878 1667 -27.2884 -0.668359
7.41998 1669 -27.2884 -0.667959
7.42178 1672 -27.2884 -0.667359
7.42357 1675 -27.2884 -0.666761
7.42536 1678 -27.2884 -0.666165
7.42714 1681 -25.5635 -0.623501
7.42893 1684 -18.8376 -0.459044
7.43011 1686 -18.8376 -0.458772
7.43189 1689 -18.1124 -0.440717
7.43367 1692 -20.8367 -0.506557
7.43544 1695 -20.8367 -0.506109
7.43721 1698 -20.0224 -0.485901
7.43897 1701 -20.8425 -0.505357
7.44073 1704 -20.8425 -0.504912
7.44249 1707 -20.8039 -0.503533
7.44366 1709 -20.8039 -0.503238
7.44542 1712 -20.8039 -0.502797
7.44717 1715 -21.6710 -0.523294
7.44892 1718 -21.6710 -0.522837
7.45066 1721 -21.1073 -0.508795
7.45240 1724 -20.9780 -0.505236
7.45414 1727 -20.9780 -0.504797
7.45588 1730 -20.9780 -0.504360
7.45761 1733 -22.8502 -0.548897
7.45934 1736 -22.8502 -0.548423
7.46049 1738 -22.4429 -0.538336
7.46221 1741 -22.4429 -0.537872
7.46394 1744 -22.4429 -0.537409
7.46566 1747 -24.1188 -0.577044
7.46737 1750 -24.1188 -0.576549
7.46908 1753 -25.2024 -0.601937
7.47079 1756 -25.2024 -0.601423
7.47250 1759 -25.2024 -0.600909
7.47420 1762 -25.3894 -0.604854
7.47591 1765 -25.0711 -0.596761
7.47760 1768 -25.0711 -0.596254
7.47930 1771 -25.0711 -0.595749
7.48099 1774 -25.0711 -0.595245
7.48268 1777 -23.3317 -0.553481
7.48437 1780 -21.9231 -0.519627
7.48605 1783 -21.9231 -0.519190
7.48773 1786 -21.9231 -0.518754
7.48941 1789 -23.9067 -0.565215
7.49109 1792 -23.9067 -0.564742
7.49276 1795 -23.5910 -0.556818
7.49443 1798 -23.5910 -0.556353
7.49610 1801 -21.7637 -0.512832
7.49776 1804 -22.1635 -0.521818
7.49942 1807 -22.1635 -0.521385
7.50108 1810 -22.3950 -0.526396
7.50274 1813 -24.1653 -0.567536
7.50439 1816 -24.1653 -0.567067
7.50659 1820 -24.5342 -0.575091
7.50824 1823 -24.5342 -0.574618
7.50988 1826 -24.5342 -0.574146
7.51152 1829 -24.5342 -0.573675
7.51316 1832 -24.5342 -0.573205
7.51480 1835 -24.5342 -0.572736
7.51643 1838 -24.5342 -0.572268
7.51806 1841 -24.5342 -0.571802
7.51969 1844 -25.6796 -0.598008
7.52132 1847 -25.6796 -0.597522
7.52294 1850 -24.3437 -0.565979
7.52510 1854 -23.8844 -0.554703
7.52672 1857 -23.1461 -0.537121
7.52833 1860 -23.1461 -0.536688
7.52994 1863 -23.1461 -0.536256
7.53155 1866 -23.1461 -0.535824
7.53316 1869 -24.3083 -0.562277
7.53476 1872 -24.3083 -0.561826
7.53690 1876 -22.7931 -0.526244
7.53849 1879 -22.7931 -0.525824
7.54009 1882 -26.2521 -0.605138
7.54168 1885 -26.2521 -0.604656
7.54327 1888 -26.2521 -0.604176
7.54539 1892 -26.8910 -0.618224
7.54697 1895 -26.8910 -0.617735
7.54856 1898 -26.8910 -0.617246
7.55014 1901 -27.5218 -0.631228
7.55171 1904 -27.5218 -0.630730
7.55381 1908 -26.2219 -0.600308
7.55538 1911 -26.2219 -0.599837
7.55695 1914 -26.6312 -0.608722
7.55852 1917 -26.6312 -0.608246
7.56008 1920 -26.6312 -0.607770
7.56216 1924 -26.1610 -0.596419
7.56372 1927 -26.1610 -0.595954
7.56528 1930 -27.6210 -0.628726
7.56683 1933 -28.8443 -0.656060
7.56890 1937 -28.8443 -0.655382
7.57044 1940 -28.8443 -0.654875
7.57199 1943 -28.8443 -0.654369
7.57405 1947 -32.6768 -0.740553
7.57558 1950 -32.6768 -0.739983
7.57712 1953 -32.6768 -0.739415
7.57866 1956 -32.6768 -0.738848
7.58070 1960 -32.6768 -0.738093
7.58223 1963 -32.6768 -0.737529
7.58376 1966 -32.6768 -0.736966
7.58579 1970 -33.6699 -0.758593
7.58731 1973 -34.4898 -0.776475
7.58883 1976 -34.4898 -0.775885
7.59085 1980 -30.8524 -0.693356
7.59237 1983 -30.8524 -0.692831
7.59388 1986 -30.8524 -0.692308
7.59589 1990 -32.8376 -0.736114
7.59740 1993 -34.5620 -0.774185
7.59890 1996 -34.5620 -0.773603
7.60090 2000 -34.5620 -0.772829
7.60240 2003 -36.4692 -0.814864
7.60440 2007 -36.4692 -0.814052
7.60589 2010 -36.4692 -0.813444
7.60738 2013 -34.9761 -0.779561
7.60937 2017 -33.4277 -0.744310
7.61085 2020 -31.7586 -0.706620
7.61283 2024 -31.7586 -0.705922
7.61431 2027 -29.8360 -0.662694
7.61579 2030 -29.8360 -0.662204
7.61776 2034 -26.4625 -0.586754
7.61923 2037 -26.4625 -0.586321
7.62120 2041 -26.4625 -0.585746
7.62266 2044 -24.2912 -0.537290
7.62462 2048 -24.2912 -0.536765
7.62608 2051 -24.0298 -0.530600
7.62803 2055 -24.0298 -0.530083
7.62949 2058 -26.7915 -0.590574
7.63095 2061 -26.7915 -0.590144
7.63289 2065 -26.7915 -0.589572
7.63434 2068 -26.7915 -0.589144
7.63627 2072 -26.7915 -0.588575
7.63772 2075 -24.8088 -0.544625
7.63964 2079 -24.8088 -0.544101
7.64108 2082 -23.0321 -0.504770
7.64300 2086 -21.0887 -0.461734
7.64492 2090 -23.0464 -0.504114
7.64635 2093 -22.3828 -0.489248
7.64826 2097 -23.7941 -0.519600
7.64969 2100 -22.9273 -0.500314
7.65160 2104 -22.9273 -0.499838
7.65302 2107 -22.9273 -0.499482
7.65492 2111 -22.9273 -0.499009
7.65634 2114 -24.6669 -0.536492
7.65823 2118 -24.6669 -0.535985
7.65964 2121 -24.6669 -0.535606
7.66153 2125 -26.3177 -0.570912
7.66341 2129 -28.1668 -0.610448
7.66482 2132 -30.1161 -0.652236
7.66669 2136 -30.1161 -0.651625
7.66809 2139 -29.0798 -0.628762
7.66996 2143 -29.0798 -0.628175
7.67183 2147 -29.2680 -0.631650
7.67322 2150 -29.2680 -0.631209
7.67508 2154 -29.2023 -0.629208
7.67694 2158 -29.2023 -0.628625
7.67833 2161 -29.4040 -0.632528
7.68018 2165 -29.4040 -0.631943
7.68202 2169 -29.2326 -0.627679
7.68340 2172 -29.2326 -0.627246
7.68524 2176 -29.2326 -0.626669
7.68708 2180 -27.3757 -0.586324
7.68846 2183 -27.3757 -0.585921
7.69029 2187 -29.3264 -0.627096
7.69211 2191 -29.3264 -0.626523
7.69348 2194 -31.7917 -0.678728
7.69530 2198 -31.7917 -0.678110
7.69712 2202 -31.7917 -0.677494
7.69848 2205 -31.3185 -0.666955
7.70030 2209 -31.3185 -0.666351
7.70210 2213 -31.8909 -0.677916
7.70391 2217 -30.6697 -0.651369
7.70526 2220 -30.6697 -0.650929
7.70706 2224 -30.6697 -0.650343
7.70886 2228 -30.3508 -0.643003
7.71065 2232 -30.3508 -0.642427
7.71200 2235 -30.3508 -0.641995
7.71378 2239 -30.3508 -0.641422
7.71557 2243 -29.4805 -0.622472
7.71735 2247 -29.4805 -0.621918
7.71913 2251 -30.9331 -0.651983
7.72046 2254 -30.9331 -0.651549
7.72223 2258 -30.9331 -0.650971
7.72400 2262 -31.9309 -0.671375
7.72577 2266 -31.9309 -0.670782
7.72754 2270 -31.0591 -0.651891
7.72886 2273 -29.2133 -0.612746
7.73061 2277 -29.2133 -0.612208
7.73237 2281 -30.2871 -0.634154
7.73412 2285 -28.2885 -0.591788
7.73587 2289 -28.2885 -0.591271
7.73762 2293 -28.2885 -0.590755
7.73936 2297 -26.4911 -0.552739
7.74066 2300 -22.7282 -0.473916
7.74240 2304 -22.7282 -0.473505
7.74414 2308 -23.5265 -0.489711
7.74587 2312 -23.5265 -0.489287
7.74760 2316 -23.1670 -0.481394
7.74932 2320 -23.1670 -0.480979
7.75105 2324 -22.7660 -0.472246
7.75276 2328 -22.7660 -0.471841
7.75448 2332 -21.0501 -0.435904
7.75620 2336 -21.0501 -0.435530
7.75791 2340 -21.1183 -0.436566
7.75961 2344 -21.1183 -0.436193
7.76089 2347 -21.7764 -0.449499
7.76260 2351 -21.7764 -0.449117
7.76430 2355 -21.7764 -0.448735
7.76599 2359 -21.7764 -0.448355
7.76769 2363 -23.7576 -0.488732
7.76938 2367 -23.7576 -0.488318
7.77107 2371 -22.1905 -0.455723
7.77275 2375 -22.1905 -0.455339
7.77444 2379 -20.4662 -0.419605
7.77612 2383 -20.4662 -0.419252
7.77779 2387 -20.4662 -0.418901
7.77947 2391 -20.4662 -0.418550
7.78156 2396 -18.9863 -0.387880
7.78322 2400 -18.9863 -0.387557
7.78489 2404 -18.3895 -0.375062
7.78655 2408 -18.3895 -0.374750
7.78821 2412 -15.0655 -0.306758
7.78987 2416 -15.0655 -0.306504
7.79152 2420 -18.6741 -0.379605
7.79317 2424 -18.6741 -0.379292
7.79482 2428 -20.2912 -0.411798
7.79647 2432 -20.2912 -0.411459
7.79811 2436 -21.3987 -0.433560
7.79975 2440 -21.3987 -0.433205
7.80139 2444 -20.2519 -0.409652
7.80344 2449 -20.2519 -0.409233
7.80507 2453 -20.4912 -0.413731
7.80670 2457 -20.4912 -0.413394
7.80832 2461 -21.2780 -0.428919
7.80995 2465 -21.2780 -0.428571
7.81157 2469 -19.8269 -0.399020
7.81359 2474 -20.7542 -0.417260
7.81521 2478 -20.7542 -0.416923
7.81682 2482 -18.9357 -0.380084
7.81843 2486 -18.9357 -0.379778
7.82004 2490 -17.3294 -0.347282
7.82164 2494 -17.3294 -0.347004
7.82365 2499 -18.2347 -0.364767
7.82525 2503 -18.2347 -0.364476
7.82684 2507 -18.2347 -0.364185
7.82844 2511 -18.2347 -0.363895
7.83043 2516 -18.2347 -0.363533
7.83201 2520 -18.2347 -0.363244
7.83360 2524 -16.4950 -0.328328
7.83518 2528 -16.4950 -0.328068
7.83716 2533 -17.4015 -0.345756
7.83874 2537 -20.8004 -0.412964
7.84031 2541 -22.5755 -0.447852
7.84228 2546 -22.5755 -0.447413
7.84385 2550 -23.2435 -0.460290
7.84542 2554 -23.2435 -0.459930
7.84698 2558 -23.2435 -0.459570
7.84893 2563 -23.4989 -0.464165
7.85049 2567 -23.4989 -0.463803
7.85205 2571 -23.5319 -0.464093
7.85399 2576 -23.5319 -0.463643
7.85554 2580 -23.7457 -0.467493
7.85709 2584 -23.7457 -0.467131
7.85903 2589 -23.7457 -0.466679
7.86057 2593 -21.8662 -0.429410
7.86250 2598 -21.8662 -0.428997
7.86404 2602 -23.0810 -0.452482
7.86557 2606 -22.3669 -0.438145
7.86749 2611 -20.3819 -0.398880
7.86902 2615 -20.3819 -0.398575
7.87093 2620 -22.7841 -0.445125
7.87246 2624 -22.7841 -0.444785
7.87398 2628 -22.7841 -0.444447
7.87588 2633 -24.7804 -0.482929
7.87740 2637 -24.7804 -0.482563
7.87929 2642 -23.3062 -0.453425
7.88080 2646 -22.6923 -0.441146
7.88269 2651 -28.2009 -0.547719
7.88420 2655 -28.2009 -0.547307
7.88608 2660 -25.9061 -0.502297
7.88758 2664 -25.9061 -0.501920
7.88946 2669 -25.9061 -0.501449
7.89096 2673 -29.7235 -0.574911
7.89283 2678 -29.7235 -0.574374
7.89432 2682 -29.7235 -0.573946
7.89618 2687 -29.8277 -0.575421
7.89767 2691 -28.7948 -0.555082
7.89952 2696 -28.7948 -0.554568
7.90101 2700 -27.4955 -0.529152
7.90286 2705 -27.4955 -0.528662
7.90433 2709 -29.0636 -0.558400
7.90618 2714 -29.4081 -0.564498
7.90802 2719 -29.4081 -0.563979
7.90949 2723 -29.9519 -0.573986
7.91132 2728 -29.9519 -0.573459
7.91279 2732 -28.3476 -0.542346
7.91462 2737 -28.3476 -0.541850
7.91644 2742 -26.0874 -0.498193
7.91790 2746 -26.0874 -0.497830
7.91972 2751 -26.1641 -0.498839
7.92154 2756 -25.9852 -0.494978
7.92299 2760 -25.9852 -0.494620
7.92480 2765 -22.9824 -0.437066
7.92660 2770 -22.9824 -0.436672
7.92805 2774 -25.3604 -0.481507
7.92985 2779 -24.5880 -0.466421
7.93164 2784 -24.5880 -0.466002
7.93308 2788 -25.2291 -0.477810
7.93487 2793 -25.2291 -0.477383
7.93666 2798 -25.2291 -0.476956
7.93809 2802 -24.5677 -0.464121
7.93987 2807 -24.4658 -0.461783
7.94165 2812 -23.9003 -0.450708
7.94343 2817 -20.2412 -0.381367
7.94485 2821 -19.8220 -0.373203
7.94662 2826 -19.8220 -0.372873
7.94839 2831 -22.3473 -0.420005
7.95015 2836 -24.0717 -0.452015
7.95191 2841 -25.1714 -0.472250
7.95332 2845 -27.0785 -0.507671
7.95507 2850 -27.0785 -0.507226
7.95683 2855 -29.0405 -0.543502
7.95858 2860 -32.3337 -0.604606
7.96032 2865 -32.3337 -0.604078
7.96172 2869 -32.3337 -0.603656
7.96346 2874 -32.3337 -0.603131
7.96520 2879 -32.3337 -0.602607
7.96693 2884 -31.5217 -0.586964
7.96867 2889 -30.3881 -0.565365
7.97039 2894 -30.3881 -0.564877
7.97212 2899 -31.1921 -0.579322
7.97384 2904 -31.1921 -0.578823
7.97522 2908 -33.0422 -0.612733
7.97694 2913 -31.1173 -0.576543
7.97865 2918 -31.1173 -0.576049
7.98037 2923 -31.1173 -0.575556
7.98207 2928 -31.1173 -0.575065
7.98378 2933 -29.1987 -0.539147
7.98548 2938 -28.9939 -0.534910
7.98718 2943 -27.8855 -0.514024
7.98888 2948 -27.8855 -0.513588
7.99058 2953 -26.0046 -0.478540
7.99227 2958 -26.0046 -0.478136
7.99396 2963 -26.2552 -0.482337
7.99564 2968 -26.2552 -0.481930
7.99733 2973 -24.3801 -0.447134
7.99901 2978 -24.3801 -0.446758
8.00068 2983 -21.5812 -0.395138
8.00236 2988 -21.5812 -0.394807
8.00403 2993 -21.7044 -0.396730
8.00570 2998 -21.7044 -0.396399
8.00737 3003 -23.4440 -0.427812
8.00903 3008 -23.4440 -0.427457
8.01069 3013 -23.1822 -0.422333
8.01235 3018 -23.1822 -0.421983
8.01434 3024 -25.1725 -0.457757
8.01599 3029 -23.8064 -0.432557
8.01764 3034 -23.7643 -0.431437
8.01928 3039 -23.7643 -0.431082
8.02093 3044 -23.5489 -0.426824
8.02257 3049 -23.2238 -0.420585
8.02421 3054 -21.4653 -0.388420
8.02584 3059 -22.3658 -0.404385
8.02780 3065 -22.3658 -0.403989
8.02943 3070 -24.0556 -0.434158
8.03106 3075 -24.0556 -0.433805
8.03268 3080 -24.0556 -0.433452
8.03431 3085 -22.3551 -0.402485
8.03625 3091 -26.9288 -0.484358
8.03787 3096 -26.9288 -0.483967
8.03948 3101 -27.2008 -0.488462
8.04109 3106 -27.2008 -0.488069
8.04302 3112 -27.2008 -0.487598
8.04463 3117 -28.7651 -0.515225
8.04623 3122 -30.3004 -0.542291
8.04783 3127 -30.9927 -0.554237
8.04975 3133 -30.9927 -0.553707
8.05134 3138 -29.1418 -0.520224
8.05293 3143 -25.9754 -0.463329
8.05452 3148 -26.8032 -0.477716
8.05643 3154 -28.5620 -0.508578
8.05801 3159 -28.5620 -0.508176
8.05959 3164 -29.8286 -0.530292
8.06149 3170 -28.4977 -0.506150
8.06306 3175 -28.4977 -0.505752
8.06495 3181 -33.3095 -0.590591
8.06652 3186 -33.3095 -0.590127
8.06809 3191 -32.9149 -0.582678
8.06997 3197 -32.9149 -0.582131
8.07153 3202 -29.5939 -0.522988
8.07309 3207 -29.0487 -0.512952
8.07496 3213 -30.2238 -0.533204
8.07652 3218 -30.5764 -0.539006
8.07838 3224 -30.5764 -0.538504
8.07993 3229 -30.5764 -0.538087
8.08178 3235 -30.5764 -0.537588
8.08333 3240 -30.5764 -0.537173
8.08518 3246 -30.5764 -0.536676
8.08672 3251 -25.6511 -0.449881
8.08856 3257 -23.6632 -0.414633
8.09010 3262 -23.8451 -0.417501
8.09193 3268 -23.9526 -0.418997
8.09346 3273 -25.9366 -0.453356
8.09529 3279 -25.9366 -0.452941
8.09682 3284 -29.8352 -0.520627
8.09864 3290 -29.8352 -0.520152
8.10016 3295 -31.8312 -0.554530
8.10198 3301 -31.1312 -0.541842
8.10349 3306 -31.1312 -0.541432
8.10531 3312 -32.5124 -0.564942
8.10712 3318 -31.4825 -0.546551
8.10862 3323 -35.6018 -0.617599
8.11043 3329 -37.5752 -0.651245
8.11193 3334 -36.7149 -0.635856
8.11373 3340 -36.7149 -0.635285
8.11552 3346 -36.7149 -0.634715
8.11701 3351 -37.1001 -0.640896
8.11880 3357 -37.1001 -0.640323
8.12059 3363 -32.9454 -0.568108
8.12207 3368 -32.9454 -0.567686
8.12385 3374 -31.7747 -0.547028
8.12563 3380 -30.5962 -0.526271
8.12711 3385 -30.5962 -0.525882
8.12888 3391 -30.2666 -0.519756
8.13065 3397 -30.2666 -0.519297
8.13241 3403 -23.2131 -0.397927
8.13388 3408 -23.2131 -0.397635
8.13564 3414 -25.7332 -0.440416
8.13740 3420 -22.1054 -0.377994
8.13915 3426 -22.1054 -0.377663
8.14061 3431 -22.1054 -0.377388
8.14235 3437 -22.4469 -0.382883
8.14410 3443 -24.3946 -0.415743
8.14584 3449 -26.0367 -0.443343
8.14758 3455 -26.0367 -0.442958
8.14902 3460 -26.4881 -0.450312
8.15076 3466 -26.4881 -0.449922
8.15249 3472 -28.1481 -0.477705
8.15421 3478 -28.1481 -0.477292
8.15594 3484 -26.6434 -0.451389
8.15766 3490 -25.8327 -0.437278
8.15937 3496 -24.1304 -0.408111
8.16109 3502 -25.0056 -0.422552
8.16252 3507 -25.0056 -0.422250
8.16423 3513 -25.9129 -0.437197
8.16593 3519 -25.9129 -0.436824
8.16764 3525 -25.9129 -0.436452
8.16934 3531 -24.5590 -0.413296
8.17103 3537 -21.2946 -0.358056
8.17273 3543 -19.3279 -0.324713
8.17442 3549 -21.3196 -0.357871
8.17611 3555 -21.4383 -0.359559
8.17780 3561 -21.0257 -0.352342
8.17948 3567 -21.0257 -0.352046
8.18116 3573 -21.7885 -0.364511
8.18284 3579 -23.4736 -0.392373
8.18451 3585 -23.4736 -0.392044
8.18619 3591 -25.1500 -0.419692
8.18786 3597 -26.3882 -0.439987
8.18952 3603 -27.6722 -0.461011
8.19146 3610 -28.3591 -0.471997
8.19312 3616 -28.3591 -0.471605
8.19478 3622 -29.7173 -0.493782
8.19644 3628 -29.7173 -0.493374
8.19809 3634 -29.7173 -0.492966
8.19974 3640 -29.7173 -0.492560
8.20139 3646 -28.4087 -0.470482
8.20303 3652 -28.6810 -0.474602
8.20495 3659 -28.2592 -0.467174
8.20658 3665 -28.2592 -0.466792
8.20822 3671 -29.2400 -0.482597
8.20985 3677 -27.6945 -0.456717
8.21148 3683 -28.3143 -0.466557
8.21338 3690 -28.3143 -0.466114
8.21501 3696 -27.5676 -0.453454
8.21663 3702 -28.0152 -0.460443
8.21825 3708 -30.6233 -0.502900
8.22013 3715 -30.6233 -0.502426
8.22175 3721 -30.6233 -0.502021
8.22336 3727 -31.4208 -0.514680
8.22497 3733 -30.8734 -0.505307
8.22684 3740 -31.9893 -0.523081
8.22844 3746 -31.9893 -0.522662
8.23004 3752 -30.4684 -0.497414
8.23191 3759 -33.1632 -0.540904
8.23350 3765 -31.7323 -0.517152
8.23510 3771 -31.2796 -0.509370
8.23695 3778 -32.7381 -0.532626
8.23854 3784 -31.2476 -0.507974
8.24039 3791 -31.2476 -0.507505
8.24197 3797 -32.1887 -0.522377
8.24355 3803 -30.5509 -0.495406
8.24538 3810 -30.5509 -0.494951
8.24696 3816 -30.5509 -0.494562
8.24879 3823 -25.2484 -0.408348
8.25036 3829 -28.4283 -0.459418
8.25219 3836 -30.1247 -0.486389
8.25375 3842 -30.1247 -0.486009
8.25557 3849 -31.8314 -0.513075
8.25713 3855 -30.0724 -0.484346
8.25894 3862 -29.1823 -0.469584
8.26049 3868 -29.7799 -0.478828
8.26230 3875 -28.3325 -0.455145
8.26385 3881 -29.1638 -0.468135
8.26565 3888 -27.1084 -0.434751
8.26719 3894 -30.5932 -0.490261
8.26899 3901 -31.5020 -0.504371
8.27053 3907 -31.3357 -0.501324
8.27232 3914 -31.3357 -0.500875
8.27410 3921 -29.3717 -0.469062
8.27563 3927 -27.5598 -0.439791
8.27741 3934 -25.0613 -0.399564
8.27894 3940 -25.0613 -0.399260
8.28071 3947 -25.5537 -0.406742
8.28248 3954 -23.5027 -0.373765
8.28400 3960 -23.5027 -0.373482
8.28577 3967 -22.6588 -0.359754
8.28753 3974 -22.6910 -0.359948
8.28929 3981 -20.2152 -0.320393
8.29079 3987 -18.5553 -0.293862
8.29255 3994 -20.4930 -0.324266
8.29430 4001 -22.4905 -0.355562
8.29605 4008 -22.5761 -0.356602
8.29754 4014 -23.5069 -0.371028
8.29929 4021 -22.9643 -0.362147
8.30103 4028 -24.5414 -0.386682
8.30276 4035 -24.5414 -0.386347
8.30425 4041 -26.1593 -0.411511
8.30598 4048 -26.1593 -0.411155
8.30771 4055 -24.8379 -0.390049
8.30943 4062 -31.5978 -0.495778
8.31115 4069 -31.5978 -0.495351
8.31287 4076 -32.3552 -0.506788
8.31459 4083 -32.5969 -0.510137
8.31606 4089 -32.5969 -0.509763
8.31777 4096 -31.3877 -0.490433
8.31947 4103 -31.8910 -0.497872
8.32118 4110 -31.8910 -0.497448
8.32288 4117 -34.4795 -0.537367
8.32458 4124 -34.4795 -0.536910
8.32627 4131 -33.8238 -0.526253
8.32797 4138 -33.8238 -0.525808
8.32966 4145 -32.1575 -0.499482
8.33135 4152 -32.1575 -0.499060
8.33303 4159 -32.0116 -0.496378
8.33471 4166 -32.3392 -0.501036
8.33639 4173 -31.2685 -0.484041
8.33807 4180 -33.0074 -0.510532
8.33974 4187 -33.0074 -0.510105
8.34141 4194 -33.0074 -0.509679
8.34308 4201 -33.2067 -0.512329
8.34474 4208 -30.3574 -0.467979
8.34664 4216 -30.6082 -0.471397
8.34830 4223 -33.2790 -0.512107
8.34996 4230 -31.9650 -0.491479
8.35161 4237 -30.3071 -0.465602
8.35326 4244 -32.3470 -0.496531
8.35491 4251 -32.3470 -0.496122
8.35655 4258 -32.1624 -0.492884
8.35843 4266 -30.1901 -0.462226
8.36007 4273 -31.9375 -0.488579
8.36171 4280 -31.9375 -0.488179
8.36334 4287 -32.4772 -0.496022
8.36521 4295 -31.3055 -0.477682
8.36684 4302 -34.1317 -0.520383
8.36846 4309 -31.4669 -0.479364
8.37008 4316 -29.1429 -0.443600
8.37194 4324 -28.7289 -0.436893
8.37355 4331 -28.7289 -0.436540
8.37517 4338 -27.8442 -0.422757
8.37701 4346 -29.0738 -0.441019
8.37862 4353 -27.3188 -0.414064
8.38023 4360 -27.3188 -0.413732
8.38206 4368 -29.2940 -0.443238
8.38366 4375 -32.6300 -0.493320
8.38526 4382 -34.6060 -0.522776
8.38708 4390 -34.8291 -0.525666
8.38868 4397 -34.8291 -0.525247
8.39050 4405 -33.5805 -0.505958
8.39208 4412 -28.5974 -0.430535
8.39367 4419 -28.6617 -0.431162
8.39548 4427 -30.8895 -0.464255
8.39706 4434 -30.8895 -0.463888
8.39886 4442 -31.2435 -0.468781
8.40043 4449 -30.9194 -0.463554
8.40223 4457 -29.4745 -0.441495
8.40380 4464 -29.4745 -0.441148
8.40559 4472 -27.4870 -0.411033
8.40738 4480 -27.4870 -0.410666
8.40894 4487 -24.2961 -0.362710
8.41072 4495 -22.4000 -0.334105
8.41228 4502 -21.5284 -0.320855
8.41405 4510 -22.6342 -0.337037
8.41560 4517 -21.6604 -0.322287
8.41737 4525 -19.2836 -0.286667
8.41914 4533 -19.2836 -0.286414
8.42068 4540 -19.1870 -0.284760
8.42244 4548 -18.2772 -0.271019
8.42420 4556 -18.2772 -0.270781
8.42574 4563 -19.2235 -0.284581
8.42749 4571 -21.2120 -0.313744
8.42924 4579 -18.0726 -0.267076
8.43098 4587 -21.6921 -0.320285
8.43251 4594 -20.0336 -0.295572
8.43425 4602 -23.2192 -0.342274
8.43598 4610 -18.0355 -0.265630
8.43772 4618 -19.8938 -0.292746
8.43923 4625 -19.8938 -0.292525
8.44096 4633 -17.6503 -0.259311
8.44269 4641 -17.6503 -0.259088
8.44441 4649 -16.5830 -0.243211
8.44613 4657 -18.9926 -0.278312
8.44784 4665 -16.9933 -0.248801
8.44956 4673 -18.9744 -0.277568
8.45105 4680 -18.9744 -0.277360
8.45276 4688 -18.9744 -0.277124
8.45447 4696 -20.5886 -0.300443
8.45617 4704 -20.5886 -0.300187
8.45787 4712 -23.2797 -0.339137
8.45956 4720 -23.9372 -0.348419
8.46126 4728 -20.0617 -0.291762
8.46295 4736 -23.5713 -0.342514
8.46464 4744 -21.6452 -0.314259
8.46632 4752 -21.6452 -0.313995
8.46800 4760 -21.6452 -0.313731
8.46968 4768 -19.5997 -0.283846
8.47136 4776 -18.2418 -0.263958
8.47303 4784 -18.8334 -0.272291
8.47470 4792 -20.4139 -0.294895
8.47637 4800 -22.4119 -0.323487
8.47804 4808 -21.3459 -0.307844
8.47991 4817 -22.3427 -0.321919
8.48157 4825 -22.3427 -0.321652
8.48322 4833 -20.8012 -0.299213
8.48488 4841 -20.8012 -0.298966
8.48653 4849 -20.8012 -0.298719
8.48818 4857 -22.0256 -0.316041
8.49003 4866 -24.0019 -0.344080
8.49167 4874 -24.1490 -0.345905
8.49331 4882 -22.6663 -0.324400
8.49495 4890 -22.5439 -0.322385
8.49679 4899 -25.7634 -0.368086
8.49842 4907 -25.7634 -0.367786
8.50005 4915 -27.5252 -0.392617
8.50167 4923 -28.9461 -0.412549
8.50350 4932 -27.1352 -0.386386
8.50512 4940 -27.9056 -0.397035
8.50674 4948 -29.7316 -0.422672
8.50856 4957 -29.7316 -0.422289
8.51017 4965 -29.2805 -0.415545
8.51178 4973 -30.6494 -0.434623
8.51359 4982 -30.6494 -0.434230
8.51519 4990 -31.2959 -0.443034
8.51699 4999 -32.8236 -0.464242
8.51859 5007 -32.6014 -0.460731
8.52039 5016 -33.9404 -0.479224
8.52198 5024 -33.9404 -0.478842
8.52377 5033 -37.0678 -0.522496
8.52536 5041 -37.0678 -0.522082
8.52714 5050 -37.1815 -0.523216
8.52873 5058 -38.5688 -0.542309
8.53050 5067 -38.9113 -0.546638
8.53208 5075 -41.5783 -0.583645
8.53385 5084 -43.4382 -0.609213
8.53543 5092 -43.1596 -0.604829
8.53719 5101 -43.2523 -0.605593
8.53895 5110 -41.3367 -0.578263
8.54052 5118 -42.3866 -0.592487
8.54228 5127 -45.6296 -0.637258
8.54384 5135 -45.6296 -0.636761
8.54559 5144 -42.7225 -0.595671
8.54733 5153 -42.0843 -0.586259
8.54908 5162 -42.0843 -0.585748
8.55063 5170 -38.7451 -0.538854
8.55237 5179 -40.8199 -0.567216
8.55410 5188 -40.8199 -0.566724
8.55564 5196 -37.7776 -0.524083
8.55737 5205 -35.5283 -0.492452
8.55910 5214 -31.1338 -0.431168
8.56083 5223 -32.0463 -0.443422
8.56255 5232 -33.6047 -0.464586
8.56408 5240 -31.6722 -0.437535
8.56579 5249 -29.7091 -0.410064
8.56751 5258 -28.4832 -0.392806
8.56922 5267 -28.8626 -0.397698
8.57092 5276 -30.2912 -0.417027
8.57263 5285 -31.7802 -0.437154
8.57433 5294 -31.8190 -0.437315
8.57603 5303 -33.6700 -0.462362
8.57772 5312 -33.6700 -0.461970
8.57942 5321 -36.2756 -0.497300
8.58111 5330 -37.2061 -0.509625
8.58279 5339 -34.0837 -0.466462
8.58448 5348 -35.1810 -0.481075
8.58616 5357 -35.1810 -0.480671
8.58784 5366 -36.1061 -0.492895
8.58951 5375 -36.9802 -0.504405
8.59119 5384 -33.6073 -0.458016
8.59286 5393 -37.2865 -0.507735
8.59452 5402 -36.3601 -0.494707
8.59619 5411 -35.2188 -0.478779
8.59785 5420 -36.2811 -0.492811
8.59951 5429 -36.3177 -0.492900
8.60135 5439 -34.3437 -0.465680
8.60300 5448 -33.6542 -0.455953
8.60465 5457 -31.4623 -0.425906
8.60630 5466 -31.4623 -0.425555
8.60795 5475 -31.4623 -0.425205
8.60977 5485 -30.3824 -0.410236
8.61141 5494 -29.3537 -0.396021
8.61305 5503 -29.3537 -0.395697
8.61486 5513 -31.1373 -0.419360
8.61650 5522 -29.3064 -0.394380
8.61812 5531 -31.5504 -0.424231
8.61993 5541 -31.5504 -0.423848
8.62155 5550 -31.0676 -0.417023
8.62317 5559 -30.4946 -0.409001
8.62497 5569 -29.2835 -0.392404
8.62659 5578 -32.2766 -0.432164
8.62820 5587 -32.2766 -0.431816
8.62999 5597 -32.2766 -0.431430
8.63159 5606 -33.7666 -0.450983
8.63337 5616 -33.7666 -0.450581
8.63498 5625 -29.4826 -0.393101
8.63675 5635 -26.6177 -0.354588
8.63835 5644 -23.4344 -0.311933
8.64012 5654 -25.1431 -0.334381
8.64171 5663 -25.9878 -0.345339
8.64347 5673 -27.6015 -0.366460
8.64523 5683 -28.9662 -0.384240
8.64682 5692 -27.4454 -0.363778
8.64857 5702 -27.7506 -0.367501
8.65015 5711 -27.7506 -0.367211
8.65190 5721 -26.3001 -0.347714
8.65365 5731 -27.9637 -0.369385
8.65521 5740 -25.4409 -0.335797
8.65696 5750 -25.4409 -0.335505
8.65869 5760 -27.3178 -0.359943
8.66025 5769 -29.6724 -0.390664
8.66199 5779 -27.8541 -0.366406
8.66371 5789 -28.3398 -0.372473
8.66544 5799 -26.4316 -0.347094
8.66716 5809 -28.3354 -0.371774
8.66871 5818 -28.3354 -0.371486
8.67043 5828 -26.5744 -0.348100
8.67214 5838 -26.5593 -0.347604
8.67386 5848 -25.5046 -0.333514
8.67556 5858 -26.8703 -0.351073
8.67727 5868 -25.2037 -0.329018
8.67897 5878 -25.2037 -0.328738
8.68050 5887 -24.0090 -0.312915
8.68220 5897 -18.8087 -0.244931
8.68389 5907 -15.9434 -0.207443
8.68558 5917 -19.4642 -0.253038
8.68727 5927 -19.3290 -0.251069
8.68896 5937 -14.7793 -0.191810
8.69064 5947 -14.5684 -0.188914
8.69232 5957 -13.7755 -0.178481
8.69400 5967 -15.5463 -0.201256
8.69584 5978 -15.9360 -0.206111
8.69751 5988 -17.8173 -0.230251
8.69918 5998 -17.8173 -0.230059
8.70085 6008 -17.0767 -0.220312
8.70251 6018 -15.8757 -0.204647
8.70417 6028 -15.8757 -0.204477
8.70583 6038 -14.4888 -0.186460
8.70765 6049 -14.7979 -0.190265
8.70930 6059 -15.8095 -0.203103
8.71095 6069 -14.4198 -0.185098
8.71260 6079 -15.9563 -0.204652
8.71424 6089 -16.4915 -0.211343
8.71604 6100 -18.9351 -0.242439
8.71768 6110 -18.9351 -0.242241
8.71932 6120 -18.7049 -0.239100
8.72111 6131 -21.1494 -0.270104
8.72274 6141 -20.6076 -0.262970
8.72437 6151 -20.4737 -0.261050
8.72616 6162 -20.4737 -0.260817
8.72778 6172 -14.9925 -0.190836
8.72956 6183 -14.9925 -0.190666
8.73117 6193 -14.6379 -0.186007
8.73295 6204 -16.3477 -0.207549
8.73456 6214 -15.6301 -0.198279
8.73617 6224 -16.3872 -0.207716
8.73793 6235 -16.3872 -0.207533
8.73970 6246 -15.6741 -0.198327
8.74130 6256 -14.8147 -0.187303
8.74305 6267 -12.8777 -0.162671
8.74465 6277 -12.7555 -0.160999
8.74640 6288 -15.3278 -0.193296
8.74799 6298 -20.0159 -0.252216
8.74973 6309 -20.0842 -0.252856
8.75147 6320 -21.3924 -0.269092
8.75306 6330 -19.0287 -0.239170
8.75479 6341 -18.0622 -0.226826
8.75653 6352 -14.7134 -0.184611
8.75826 6363 -13.2681 -0.166332
8.75983 6373 -12.8225 -0.160621
8.76155 6384 -10.9873 -0.137514
8.76327 6395 -9.7594 -0.122040
8.76499 6406 -6.3958 -0.079910
8.76655 6416 -6.0347 -0.075339
8.76826 6427 -7.4250 -0.092618
8.76997 6438 -7.4250 -0.092538
8.77168 6449 -9.3832 -0.116844
8.77338 6460 -12.8287 -0.159613
8.77509 6471 -12.8287 -0.159477
8.77678 6482 -9.7845 -0.121530
8.77848 6493 -7.8501 -0.097421
8.78017 6504 -11.2971 -0.140081
8.78186 6515 -12.6811 -0.157108
8.78355 6526 -11.6503 -0.144216
8.78523 6537 -12.6123 -0.155994
8.78691 6548 -12.9962 -0.160607
8.78859 6559 -14.4657 -0.178617
8.79027 6570 -9.6269 -0.118770
8.79194 6581 -11.7459 -0.144791
8.79361 6592 -11.7459 -0.144670
8.79528 6603 -15.6597 -0.192714
8.79694 6614 -14.1564 -0.174068
8.79861 6625 -12.4529 -0.152995
8.80042 6637 -12.3509 -0.151605
8.80207 6648 -12.3509 -0.151479
8.80372 6659 -13.5059 -0.165507
8.80538 6670 -11.3724 -0.139248
8.80717 6682 -14.5181 -0.177605
8.80882 6693 -19.3364 -0.236355
8.81046 6704 -19.3364 -0.236161
8.81210 6715 -21.9162 -0.267450
8.81388 6727 -22.3367 -0.272338
8.81552 6738 -22.1100 -0.269354
8.81730 6750 -22.1100 -0.269114
8.81893 6761 -19.5268 -0.237480
8.82055 6772 -18.6747 -0.226932
8.82232 6784 -15.8300 -0.192193
8.82394 6795 -17.2558 -0.209334
8.82571 6807 -18.8827 -0.228868
8.82732 6818 -18.4296 -0.223197
8.82908 6830 -19.6615 -0.237907
8.83069 6841 -21.4332 -0.259136
8.83244 6853 -20.2387 -0.244480
8.83405 6864 -19.0844 -0.230351
8.83579 6876 -19.0844 -0.230150
8.83754 6888 -18.4170 -0.221907
8.83913 6899 -21.3740 -0.257332
8.84087 6911 -22.2856 -0.268074
8.84246 6922 -22.3804 -0.269000
8.84419 6934 -22.3804 -0.268767
8.84592 6946 -22.5995 -0.271163
8.84765 6958 -19.9329 -0.238962
8.84923 6969 -21.8427 -0.261651
8.85095 6981 -23.4170 -0.280267
8.85266 6993 -27.1312 -0.324442
8.85438 7005 -25.1817 -0.300872
8.85609 7017 -25.0774 -0.299369
8.85766 7028 -26.1688 -0.312154
8.85936 7040 -26.1688 -0.311888
8.86107 7052 -26.7664 -0.318737
8.86277 7064 -28.1405 -0.334816
8.86446 7076 -24.8461 -0.295369
8.86616 7088 -28.3968 -0.337293
8.86785 7100 -30.4889 -0.361837
8.86954 7112 -30.4889 -0.361532
8.87122 7124 -32.9282 -0.390127
8.87291 7136 -36.8514 -0.436241
8.87459 7148 -39.2236 -0.463933
8.87627 7160 -39.2236 -0.463544
8.87794 7172 -41.8476 -0.494140
8.87961 7184 -40.3204 -0.475709
8.88128 7196 -38.5485 -0.454425
8.88309 7209 -39.9392 -0.470394
8.88475 7221 -37.5904 -0.442362
8.88641 7233 -33.9708 -0.399436
8.88807 7245 -35.0547 -0.411839
8.88972 7257 -36.2169 -0.425140
8.89151 7270 -36.2169 -0.424760
8.89316 7282 -33.2198 -0.389289
8.89481 7294 -34.9717 -0.409481
8.89645 7306 -36.5248 -0.427314
8.89823 7319 -35.5958 -0.416076
8.89987 7331 -36.7662 -0.429405
8.90164 7344 -35.1469 -0.410130
8.90327 7356 -34.8873 -0.406767
8.90490 7368 -34.8261 -0.405723
8.90666 7381 -34.8850 -0.406052
8.90829 7393 -40.4981 -0.471004
8.91005 7406 -39.9542 -0.464270
8.91166 7418 -41.4289 -0.481017
8.91342 7431 -41.7489 -0.484308
8.91503 7443 -41.6237 -0.482465
8.91677 7456 -42.7400 -0.494973
8.91838 7468 -47.7939 -0.553058
8.92012 7481 -46.0872 -0.532845
8.92186 7494 -46.3296 -0.535182
8.92346 7506 -45.5781 -0.526080
8.92519 7519 -41.6031 -0.479783
8.92692 7532 -42.1130 -0.485245
8.92851 7544 -43.9976 -0.506556
8.93023 7557 -43.7027 -0.502728
8.93195 7570 -47.0122 -0.540335
8.93366 7583 -41.6460 -0.478248
8.93538 7596 -41.8087 -0.479705
8.93696 7608 -39.8849 -0.457271
8.93866 7621 -38.6054 -0.442224
8.94037 7634 -37.2422 -0.426245
8.94207 7647 -37.3146 -0.426710
8.94377 7660 -39.0707 -0.446413
8.94546 7673 -41.0120 -0.468197
8.94716 7686 -40.2222 -0.458792
8.94885 7699 -37.8961 -0.431894
8.95053 7712 -37.8961 -0.431530
8.95222 7725 -39.8005 -0.452834
8.95390 7738 -45.9821 -0.522726
8.95558 7751 -45.9821 -0.522288
8.95725 7764 -47.9605 -0.544303
8.95893 7777 -49.0820 -0.556565
8.96060 7790 -51.0685 -0.578607
8.96226 7803 -50.3581 -0.570084
8.96406 7817 -53.7706 -0.608169
8.96572 7830 -55.7689 -0.630247
8.96738 7843 -56.5955 -0.639059
8.96903 7856 -57.1696 -0.645007
8.97069 7869 -58.4399 -0.658794
8.97246 7883 -56.2019 -0.633002
8.97411 7896 -56.2019 -0.632481
8.97576 7909 -56.1390 -0.631253
8.97753 7923 -50.6043 -0.568516
8.97916 7936 -48.1241 -0.540209
8.98080 7949 -48.9745 -0.549305
8.98256 7963 -52.4447 -0.587710
8.98419 7976 -54.2483 -0.607426
8.98595 7990 -56.2301 -0.629065
8.98757 8003 -57.2703 -0.640181
8.98932 8017 -53.1994 -0.594157
8.99094 8030 -53.9801 -0.602388
8.99268 8044 -49.3063 -0.549751
8.99430 8057 -49.8092 -0.554911
8.99603 8071 -48.5346 -0.540241
8.99777 8085 -48.6576 -0.541141
8.99937 8098 -50.1214 -0.556973
9.00110 8112 -46.7051 -0.518562
9.00282 8126 -46.2691 -0.513278
9.00442 8139 -47.5524 -0.527092
9.00614 8153 -45.6818 -0.505923
9.00786 8167 -43.3806 -0.480026
9.00957 8181 -42.5058 -0.469943
9.01128 8195 -41.8825 -0.462656
9.01286 8208 -42.0771 -0.464437
9.01457 8222 -38.2523 -0.421860
9.01627 8236 -41.0095 -0.451883
9.01797 8250 -43.2387 -0.476043
9.01966 8264 -41.5373 -0.456923
9.02136 8278 -41.1476 -0.452253
9.02305 8292 -34.3117 -0.376802
9.02473 8306 -35.3420 -0.387789
9.02642 8320 -36.4121 -0.399194
9.02810 8334 -40.1937 -0.440282
9.02978 8348 -36.9723 -0.404655
9.03145 8362 -34.9006 -0.381661
9.03313 8376 -33.9868 -0.371358
9.03480 8390 -30.8562 -0.336870
9.03658 8405 -29.2472 -0.319018
9.03825 8419 -33.7209 -0.367510
9.03991 8433 -33.4286 -0.364021
9.04157 8447 -33.0517 -0.359619
9.04322 8461 -31.0255 -0.337294
9.04499 8476 -32.1921 -0.349666
9.04664 8490 -31.1371 -0.337928
9.04829 8504 -31.8164 -0.345016
9.05005 8519 -29.9266 -0.324238
9.05170 8533 -29.5363 -0.319746
9.05345 8548 -26.1663 -0.283015
9.05509 8562 -24.1705 -0.261215
9.05672 8576 -25.0217 -0.270194
9.05847 8591 -22.0635 -0.238041
9.06010 8605 -22.0635 -0.237848
9.06184 8620 -20.2129 -0.217709
9.06358 8635 -18.9894 -0.204352
9.06520 8649 -17.3640 -0.186710
9.06693 8664 -14.6771 -0.157682
9.06855 8678 -15.6031 -0.167494
9.07027 8693 -19.8816 -0.213239
9.07200 8708 -20.9598 -0.224610
9.07360 8722 -20.2527 -0.216857
9.07532 8737 -20.4737 -0.219036
9.07704 8752 -17.9144 -0.191491
9.07875 8767 -20.4345 -0.218243
9.08035 8781 -24.0984 -0.257168
9.08205 8796 -23.6954 -0.252651
9.08376 8811 -24.2660 -0.258515
9.08546 8826 -21.6983 -0.230964
9.08716 8841 -22.5731 -0.240072
9.08885 8856 -24.1755 -0.256895
9.09054 8871 -21.7822 -0.231268
9.09223 8886 -23.3301 -0.247494
9.09392 8901 -20.9254 -0.221796
9.09560 8916 -21.3501 -0.226107
9.09728 8931 -20.5605 -0.217563
9.09896 8946 -21.6584 -0.228988
9.10064 8961 -21.6584 -0.228796
9.10231 8976 -17.1594 -0.181117
9.10398 8991 -17.4306 -0.183827
9.10565 9006 -16.8554 -0.177612
9.10742 9022 -15.1418 -0.159414
9.10908 9037 -14.6193 -0.153785
9.11074 9052 -17.1409 -0.180162
9.11240 9067 -18.5242 -0.194539
9.11416 9083 -19.0188 -0.199557
9.11581 9098 -18.4205 -0.193120
9.11746 9113 -18.6242 -0.195096
9.11921 9129 -21.1963 -0.221844
9.12085 9144 -22.4366 -0.234633
9.12260 9160 -18.8328 -0.196774
9.12424 9175 -19.6754 -0.205410
9.12598 9191 -24.2019 -0.252446
9.12761 9206 -25.0936 -0.261534
9.12935 9222 -23.7145 -0.246945
9.13097 9237 -23.5448 -0.244979
9.13270 9253 -23.5350 -0.244666
9.13443 9269 -24.8754 -0.258376
9.13605 9284 -23.6301 -0.245243
9.13777 9300 -20.5943 -0.213553
9.13949 9316 -25.2168 -0.261261
9.14110 9331 -25.0074 -0.258884
9.14281 9347 -23.2201 -0.240175
9.14452 9363 -24.5913 -0.254140
9.14623 9379 -20.9497 -0.216322
9.14783 9394 -20.9497 -0.216149
9.14953 9410 -22.5173 -0.232125
9.15123 9426 -24.7493 -0.254918
9.15292 9442 -29.4741 -0.303325
9.15462 9458 -29.6074 -0.304439
9.15631 9474 -28.8365 -0.296262
9.15799 9490 -28.2268 -0.289754
9.15968 9506 -28.8119 -0.295510
9.16136 9522 -25.4205 -0.260507
9.16304 9538 -21.7915 -0.223130
9.16472 9554 -20.3053 -0.207739
9.16639 9570 -20.5502 -0.210068
9.16816 9587 -21.1234 -0.215736
9.16983 9603 -22.8750 -0.233430
9.17150 9619 -27.0405 -0.275708
9.17316 9635 -25.1384 -0.256102
9.17482 9651 -23.6426 -0.240663
9.17658 9668 -23.6426 -0.240452
9.17823 9684 -25.2727 -0.256817
9.17988 9700 -29.0751 -0.295212
9.18163 9717 -27.7942 -0.281961
9.18328 9733 -25.9703 -0.263241
9.18502 9750 -29.8496 -0.302299
9.18666 9766 -28.8659 -0.292096
9.18840 9783 -30.1900 -0.305230
9.19004 9799 -30.8287 -0.311433
9.19177 9816 -23.2576 -0.234746
9.19340 9832 -22.7707 -0.229644
9.19513 9849 -23.9461 -0.241289
9.19675 9865 -24.8949 -0.250646
9.19847 9882 -26.8317 -0.269914
9.20019 9899 -26.4254 -0.265599
9.20190 9916 -25.6841 -0.257926
9.20352 9932 -26.0004 -0.260893
9.20523 9949 -27.9419 -0.280135
9.20693 9966 -31.8651 -0.319194
9.20864 9983 -29.0554 -0.290801
9.21024 9999 -32.0088 -0.320104
9.21194 10016 -35.1865 -0.351584
9.21363 10033 -33.7387 -0.336832
9.21533 10050 -30.8269 -0.307501
9.21702 10067 -30.0463 -0.299461
9.21871 10084 -26.8330 -0.267210
9.22039 10101 -29.5688 -0.294206
9.22207 10118 -29.7043 -0.295306
9.22375 10135 -28.1868 -0.279984
9.22543 10152 -27.4085 -0.272025
9.22720 10170 -25.0233 -0.248133
9.22887 10187 -23.2962 -0.230814
9.23054 10204 -20.2045 -0.200015
9.23220 10221 -17.1382 -0.169519
9.23386 10238 -18.9591 -0.187374
9.23562 10256 -17.6894 -0.174672
9.23727 10273 -20.0613 -0.197929
9.23893 10290 -21.9690 -0.216572
9.24068 10308 -21.2445 -0.209247
9.24232 10325 -20.8621 -0.205312
9.24407 10343 -19.4771 -0.191515
9.24571 10360 -20.1083 -0.197559
9.24744 10378 -22.1163 -0.217098
9.24908 10395 -21.9526 -0.215314
9.25081 10413 -23.2726 -0.228064
9.25244 10430 -20.7717 -0.203390
9.25417 10448 -19.5317 -0.191083
9.25579 10465 -23.6701 -0.231382
9.25751 10483 -23.4438 -0.228973
9.25923 10501 -23.1429 -0.225841
9.26094 10519 -21.2655 -0.207343
9.26255 10536 -24.7918 -0.241529
9.26426 10554 -25.4338 -0.247573
9.26596 10572 -24.3496 -0.236818
9.26767 10590 -26.3397 -0.255955
9.26936 10608 -27.5083 -0.267084
9.27106 10626 -22.4898 -0.218173
9.27275 10644 -24.6115 -0.238553
9.27444 10662 -27.9950 -0.271120
9.27613 10680 -29.0926 -0.281512
9.27781 10698 -27.7791 -0.268576
9.27949 10716 -32.1494 -0.310568
9.28117 10734 -34.0667 -0.328813
9.28285 10752 -32.7238 -0.315587
9.28452 10770 -28.8644 -0.278134
9.28619 10788 -31.1941 -0.300333
9.28786 10806 -28.3736 -0.272949
9.28961 10825 -29.3330 -0.281931
9.29127 10843 -30.8584 -0.296346
9.29293 10861 -32.3909 -0.310805
9.29468 10880 -32.4587 -0.311184
9.29633 10898 -31.5453 -0.302177
9.29798 10916 -31.5453 -0.301928
9.29972 10935 -31.8115 -0.304211
9.30137 10953 -26.2969 -0.251269
9.30310 10972 -27.0445 -0.258188
9.30474 10990 -28.3487 -0.270417
9.30647 11009 -28.2714 -0.269447
9.30810 11027 -28.2334 -0.268865
9.30982 11046 -29.8700 -0.284205
9.31154 11065 -30.1146 -0.286287
9.31317 11083 -30.4998 -0.289714
9.31488 11102 -29.5954 -0.280882
9.31659 11121 -29.7606 -0.282208
9.31830 11140 -27.9970 -0.265258
9.31991 11158 -29.4587 -0.278882
9.32161 11177 -33.9897 -0.321503
9.32331 11196 -36.1432 -0.341582
9.32501 11215 -33.7187 -0.318399
9.32670 11234 -35.2211 -0.332304
9.32839 11253 -36.2305 -0.341539
9.33008 11272 -36.1408 -0.340406
9.33176 11291 -33.0325 -0.310868
9.33344 11310 -30.2841 -0.284762
9.33512 11329 -29.7522 -0.279526
9.33680 11348 -30.5079 -0.286387
9.33847 11367 -29.2321 -0.274181
9.34023 11387 -22.2320 -0.208341
9.34189 11406 -21.4869 -0.201190
9.34356 11425 -21.6786 -0.202816
9.34522 11444 -19.7179 -0.184320
9.34697 11464 -15.9635 -0.149093
9.34862 11483 -18.4848 -0.172499
9.35028 11502 -16.8632 -0.157237
9.35201 11522 -16.7352 -0.155908
9.35366 11541 -17.7239 -0.164982
9.35539 11561 -16.9285 -0.157442
9.35703 11580 -18.4604 -0.171549
9.35876 11600 -14.5283 -0.134892
9.36040 11619 -15.7109 -0.145752
9.36212 11639 -17.6024 -0.163160
9.36383 11659 -15.7772 -0.146116
9.36546 11678 -17.7234 -0.164008
9.36717 11698 -22.3622 -0.206756
9.36888 11718 -22.3120 -0.206116
9.37059 11738 -20.9065 -0.192967
9.37220 11757 -19.2362 -0.177407
9.37390 11777 -23.3864 -0.215500
9.37560 11797 -25.9553 -0.238968
9.37729 11817 -27.5041 -0.253014
9.37899 11837 -28.0053 -0.257406
9.38067 11857 -29.2484 -0.268606
9.38236 11877 -27.7653 -0.254770
9.38404 11897 -19.5862 -0.179569
9.38572 11917 -21.7642 -0.199369
9.38740 11937 -21.9934 -0.201300
9.38907 11957 -24.8269 -0.227044
9.39083 11978 -23.6761 -0.216331
9.39250 11998 -22.7941 -0.208098
9.39416 12018 -19.8513 -0.181081
9.39582 12038 -17.4982 -0.159483
9.39757 12059 -14.7239 -0.134081
9.39922 12079 -15.0486 -0.136925
9.40088 12099 -11.1319 -0.101204
9.40261 12120 -11.2182 -0.101900
9.40426 12140 -10.5007 -0.095303
9.40599 12161 -12.1523 -0.110198
9.40763 12181 -10.1265 -0.091753
9.40936 12202 -11.3468 -0.102721
9.41107 12223 -8.2736 -0.074835
9.41271 12243 -11.2508 -0.101681
9.41442 12264 -12.2057 -0.110216
9.41613 12285 -13.3093 -0.120079
9.41776 12305 -15.6549 -0.141127
9.41947 12326 -13.6677 -0.123107
9.42117 12347 -12.7212 -0.114484
9.42287 12368 -16.4327 -0.147761
9.42456 12389 -13.9641 -0.125457
9.42626 12410 -20.0194 -0.179707
9.42787 12430 -20.4577 -0.183493
9.42956 12451 -20.9599 -0.187839
9.43124 12472 -24.4064 -0.218542
9.43300 12494 -22.1048 -0.197759
9.43468 12515 -21.0760 -0.188396
9.43636 12536 -17.0195 -0.152009
9.43803 12557 -13.0861 -0.116779
9.43970 12578 -10.2633 -0.091512
9.44137 12599 -13.6455 -0.121568
9.44312 12621 -10.1254 -0.090129
9.44478 12642 -13.3918 -0.119105
9.44644 12663 -15.1753 -0.134856
9.44818 12685 -14.2803 -0.126792
9.44983 12706 -19.3937 -0.172050
9.45156 12728 -24.4061 -0.216331
9.45321 12749 -27.8892 -0.247000
9.45493 12771 -30.7067 -0.271719
9.45658 12792 -32.7311 -0.289396
9.45829 12814 -34.9394 -0.308655
9.45993 12835 -32.4534 -0.286459
9.46164 12857 -34.1780 -0.301423
9.46335 12879 -36.0796 -0.317922
9.46498 12900 -29.9078 -0.263324
9.46669 12922 -25.8692 -0.227571
9.46839 12944 -28.2726 -0.248503
9.47009 12966 -30.8797 -0.271188
9.47178 12988 -30.9444 -0.271526
9.47347 13010 -26.8636 -0.235519
9.47516 13032 -30.1988 -0.264535
9.47685 13054 -29.5552 -0.258679
9.47853 13076 -24.7169 -0.216151
9.48021 13098 -22.7197 -0.198518
9.48189 13120 -23.6835 -0.206766
9.48357 13142 -14.3297 -0.124999
9.48524 13164 -16.9813 -0.148005
9.48699 13187 -22.7392 -0.198017
9.48865 13209 -18.7056 -0.162756
9.49032 13231 -17.6039 -0.153042
9.49198 13253 -24.0875 -0.209235
9.49371 13276 -29.1339 -0.252851
9.49537 13298 -31.0358 -0.269134
9.49710 13321 -32.5518 -0.282037
9.49875 13343 -31.6995 -0.274426
9.50047 13366 -31.1062 -0.269058
9.50211 13388 -33.1071 -0.286130
9.50383 13411 -36.7963 -0.317742
9.50547 13433 -36.4375 -0.314385
9.50718 13456 -37.3123 -0.321658
9.50889 13479 -41.8834 -0.360756
9.51059 13502 -44.3970 -0.382080
9.51222 13524 -41.7564 -0.359063
9.51392 13547 -41.2496 -0.354403
9.51562 13570 -41.6999 -0.357969
9.51731 13593 -43.2190 -0.370696
9.51900 13616 -43.2190 -0.370382
9.52069 13639 -43.5015 -0.372489
9.52237 13662 -45.7604 -0.391501
9.52406 13685 -45.3764 -0.387889
9.52573 13708 -39.6290 -0.338474
9.52741 13731 -39.6668 -0.338514
9.52916 13755 -44.0972 -0.375993
9.53083 13778 -47.5225 -0.404861
9.53250 13801 -45.1875 -0.384648
9.53416 13824 -44.8540 -0.381491
9.53590 13848 -46.2803 -0.393281
9.53756 13871 -44.9402 -0.381576
9.53921 13894 -47.2769 -0.401084
9.54094 13918 -41.9472 -0.355561
9.54259 13941 -47.5705 -0.402894
9.54431 13965 -48.0359 -0.406486
9.54603 13989 -45.8814 -0.387921
9.54767 14012 -40.3020 -0.340468
9.54938 14036 -41.2011 -0.347766
9.55109 14060 -44.8758 -0.378460
9.55272 14083 -47.2802 -0.398412
9.55443 14107 -49.6712 -0.418203
9.55613 14131 -46.9083 -0.394606
9.55782 14155 -48.1417 -0.404638
9.55952 14179 -43.6232 -0.366348
9.56121 14203 -50.3637 -0.422598
9.56290 14227 -45.6234 -0.382500
9.56458 14251 -49.1323 -0.411571
9.56627 14275 -46.1033 -0.385873
9.56794 14299 -50.5751 -0.422945
9.56962 14323 -50.6668 -0.423357
9.57130 14347 -48.5267 -0.405135
9.57297 14371 -44.7294 -0.373121
9.57464 14395 -42.6944 -0.355849
9.57637 14420 -41.8527 -0.348531
9.57803 14444 -40.5955 -0.337780
9.57976 14469 -37.6858 -0.313299
9.58142 14493 -31.4070 -0.260884
9.58308 14517 -27.2020 -0.225768
9.58480 14542 -28.8878 -0.239554
9.58645 14566 -24.9284 -0.206550
9.58816 14591 -23.8237 -0.197227
9.58987 14616 -20.8744 -0.172663
9.59151 14640 -20.5049 -0.169468
9.59322 14665 -18.8269 -0.155467
9.59492 14690 -20.9532 -0.172878
9.59662 14715 -23.8191 -0.196357
9.59832 14740 -23.5248 -0.193766
9.59995 14764 -23.5586 -0.193887
9.60164 14789 -23.2433 -0.191130
9.60333 14814 -20.9084 -0.171785
9.60501 14839 -22.9684 -0.188550
9.60670 14864 -14.9085 -0.122283
9.60838 14889 -14.2010 -0.116382
9.61012 14915 -11.0075 -0.090132
9.61180 14940 -8.6353 -0.070649
9.61347 14965 -8.1572 -0.066681
9.61514 14990 -15.2561 -0.124607
9.61687 15016 -18.3202 -0.149504
9.61854 15041 -20.0571 -0.163542
9.62020 15066 -20.0571 -0.163406
9.62192 15092 -18.6024 -0.151425
9.62358 15117 -19.2038 -0.156190
9.62529 15143 -14.2986 -0.116195
9.62694 15168 -15.7973 -0.128269
9.62866 15194 -21.1386 -0.171491
9.63037 15220 -18.6603 -0.151255
9.63201 15245 -15.7858 -0.127851
9.63371 15271 -14.1657 -0.114632
9.63541 15297 -10.6453 -0.086071
9.63711 15323 -14.5311 -0.117388
9.63881 15349 -17.4621 -0.140948
9.64043 15374 -13.9276 -0.112327
9.64212 15400 -12.9885 -0.104664
9.64381 15426 -10.9718 -0.088339
9.64549 15452 -9.5855 -0.077112
9.64724 15479 -9.7961 -0.078738
9.64892 15505 -8.3026 -0.066677
9.65059 15531 -8.8514 -0.071025
9.65227 15557 -12.6753 -0.101623
9.65394 15583 -13.2427 -0.106085
9.65567 15610 -11.7006 -0.093650
9.65733 15636 -8.7126 -0.069677
9.65899 15662 -9.8265 -0.078519
9.66072 15689 -9.0667 -0.072385
9.66237 15715 -11.0842 -0.088419
9.66409 15742 -10.9320 -0.087130
9.66574 15768 -10.1442 -0.080785
9.66745 15795 -5.8661 -0.046676
9.66916 15822 -10.9229 -0.086838
9.67080 15848 -9.6892 -0.076966
9.67250 15875 -14.3120 -0.113591
9.67420 15902 -17.4161 -0.138110
9.67590 15929 -19.9030 -0.157697
9.67759 15956 -19.5707 -0.154933
9.67928 15983 -17.7285 -0.140230
9.68097 16010 -22.2348 -0.175727
9.68265 16037 -20.7140 -0.163569
9.68434 16064 -20.4874 -0.161644
9.68602 16091 -22.4076 -0.176646
9.68769 16118 -20.5103 -0.161554
9.68937 16145 -17.6985 -0.139289
9.69110 16173 -20.4333 -0.160673
9.69277 16200 -19.9501 -0.156743
9.69443 16227 -25.7173 -0.201886
9.69616 16255 -27.6982 -0.217249
9.69782 16282 -25.9480 -0.203353
9.69953 16310 -24.0872 -0.188608
9.70119 16337 -26.1726 -0.204767
9.70290 16365 -29.0608 -0.227169
9.70455 16392 -32.4359 -0.253344
9.70626 16420 -30.1939 -0.235631
9.70796 16448 -28.9990 -0.226114
9.70960 16475 -34.3196 -0.267380
9.71130 16503 -34.2451 -0.266574
9.71299 16531 -33.2812 -0.258850
9.71469 16559 -34.0233 -0.264399
9.71637 16587 -35.4430 -0.275198
9.71806 16615 -38.1078 -0.295641
9.71974 16643 -33.1892 -0.257265
9.72143 16671 -30.8314 -0.238788
9.72310 16699 -40.1368 -0.310597
9.72478 16727 -42.2545 -0.326711
9.72651 16756 -44.2034 -0.341484
9.72818 16784 -41.5599 -0.320794
9.72985 16812 -40.7301 -0.314127
9.73157 16841 -43.2696 -0.333426
9.73323 16869 -48.4642 -0.373144
9.73495 16898 -52.2029 -0.401584
9.73661 16926 -55.0308 -0.422988
9.73832 16955 -57.1712 -0.439065
9.73997 16983 -54.1029 -0.415158
9.74167 17012 -49.0186 -0.375823
9.74338 17041 -51.7310 -0.396281
9.74508 17070 -51.8484 -0.396843
9.74672 17098 -51.6950 -0.395344
9.74841 17127 -51.0768 -0.390286
9.75010 17156 -48.5498 -0.370663
9.75179 17185 -42.4952 -0.324165
9.75348 17214 -42.7301 -0.325681
9.75516 17243 -46.2574 -0.352269
9.75684 17272 -45.5764 -0.346792
9.75852 17301 -43.9504 -0.334139
9.76025 17331 -43.6796 -0.331793
9.76192 17360 -40.2606 -0.305566
9.76359 17389 -38.1473 -0.289285
9.76532 17419 -44.1938 -0.334850
9.76698 17448 -40.7935 -0.308829
9.76864 17477 -38.0268 -0.287645
9.77036 17507 -35.1521 -0.265672
9.77207 17537 -35.6553 -0.269245
9.77372 17566 -37.4293 -0.282407
9.77543 17596 -37.1791 -0.280280
9.77713 17626 -39.5540 -0.297930
9.77877 17655 -39.5725 -0.297824
9.78047 17685 -42.8338 -0.322095
9.78217 17715 -40.0602 -0.300983
9.78386 17745 -46.3862 -0.348218
9.78555 17775 -50.1627 -0.376249
9.78723 17805 -52.6895 -0.394869
9.78892 17835 -54.6121 -0.408933
9.79060 17865 -50.5358 -0.378092
9.79228 17895 -44.4016 -0.331920
9.79395 17925 -52.0710 -0.388925
9.79568 17956 -48.5292 -0.362158
9.79735 17986 -47.5993 -0.354922
9.79902 18016 -47.2620 -0.352114
9.80073 18047 -41.9685 -0.312407
9.80240 18077 -45.3763 -0.337494
9.80411 18108 -45.3252 -0.336825
9.80576 18138 -50.1486 -0.372361
9.80747 18169 -51.6472 -0.383161
9.80918 18200 -50.6277 -0.375278
9.81082 18230 -51.9261 -0.384585
9.81252 18261 -56.8974 -0.421046
9.81422 18292 -58.8186 -0.434894
9.81591 18323 -52.9507 -0.391177
9.81760 18354 -57.9395 -0.427670
9.81929 18385 -55.4803 -0.409173
9.82098 18416 -56.8911 -0.419224
9.82266 18447 -55.0341 -0.405199
9.82434 18478 -57.2586 -0.421224
9.82601 18509 -57.4459 -0.422248
9.82769 18540 -57.4830 -0.422167
9.82941 18572 -59.9506 -0.439911
9.83108 18603 -58.4188 -0.428313
9.83280 18635 -59.8861 -0.438694
9.83446 18666 -57.8794 -0.423641
9.83612 18697 -53.5727 -0.391794
9.83783 18729 -55.1123 -0.402709
9.83954 18761 -55.7459 -0.406991
9.84119 18792 -53.6105 -0.391078
9.84289 18824 -50.4584 -0.367771
9.84459 18856 -51.3310 -0.373814
9.84628 18888 -52.3916 -0.381214
9.84797 18920 -49.6661 -0.361076
9.84966 18952 -40.7677 -0.296134
9.85135 18984 -41.5806 -0.301784
9.85304 19016 -40.8497 -0.296230
9.85472 19048 -33.4508 -0.242371
9.85640 19080 -35.7863 -0.259076
9.85807 19112 -38.6356 -0.279470
9.85974 19144 -39.0656 -0.282344
9.86147 19177 -38.8059 -0.280225
9.86313 19209 -35.6921 -0.257525
9.86480 19241 -36.4466 -0.262750
9.86651 19274 -30.8144 -0.221957
9.86817 19306 -31.0023 -0.223125
9.86988 19339 -26.1258 -0.187868
9.87158 19372 -21.1290 -0.151807
9.87323 19404 -23.7287 -0.170344
9.87493 19437 -29.3584 -0.210580
9.87663 19470 -30.2143 -0.216536
9.87832 19503 -38.2222 -0.273694
9.88001 19536 -36.6619 -0.262299
9.88170 19569 -40.2537 -0.287754
9.88339 19602 -37.7041 -0.269301
9.88507 19635 -38.6009 -0.275475
9.88675 19668 -35.7009 -0.254565
9.88842 19701 -42.9029 -0.305663
9.89015 19735 -42.8143 -0.304768
9.89182 19768 -46.1026 -0.327902
9.89349 19801 -47.7723 -0.339494
9.89520 19835 -44.2846 -0.314439
9.89687 19868 -43.8094 -0.310807
9.89858 19902 -40.1785 -0.284803
9.90023 19935 -42.0173 -0.297591
9.90194 19969 -45.2201 -0.320003
9.90364 20003 -46.5829 -0.329366
9.90529 20036 -46.1136 -0.325779
9.90698 20070 -45.9858 -0.324602
9.90867 20104 -45.0030 -0.317395
9.91036 20138 -35.8775 -0.252821
9.91205 20172 -36.2466 -0.255207
9.91373 20206 -39.4756 -0.277708
9.91542 20240 -31.5996 -0.222114
9.91709 20274 -30.3177 -0.212925
9.91882 20309 -27.2225 -0.191022
9.92049 20343 -21.2725 -0.149146
9.92216 20377 -28.2325 -0.197778
9.92388 20412 -27.0964 -0.189657
9.92554 20446 -23.8476 -0.166779
9.92725 20481 -27.5945 -0.192818
9.92891 20515 -31.6253 -0.220800
9.93062 20550 -35.0543 -0.244532
9.93232 20585 -36.7826 -0.256370
9.93397 20619 -35.6537 -0.248296
9.93566 20654 -32.1383 -0.223625
9.93736 20689 -27.9347 -0.194212
9.93905 20724 -26.8271 -0.186353
9.94074 20759 -19.8678 -0.137895
9.94242 20794 -20.3192 -0.140908
9.94410 20829 -19.0477 -0.131980
9.94578 20864 -23.2533 -0.160985
9.94750 20900 -19.5757 -0.135408
9.94918 20935 -18.8506 -0.130283
9.95085 20970 -19.4512 -0.134322
9.95256 21006 -14.8599 -0.102528
9.95423 21041 -9.8346 -0.067799
9.95594 21077 -13.5520 -0.093347
9.95760 21112 -10.7848 -0.074224
9.95930 21148 -14.9614 -0.102882
9.96095 21183 -13.8576 -0.095212
9.96265 21219 -14.5642 -0.099983
9.96435 21255 -22.2160 -0.152382
9.96604 21291 -23.5798 -0.161601
9.96773 21327 -23.8347 -0.163209
9.96942 21363 -22.4903 -0.153873
9.97110 21399 -24.6940 -0.168809
9.97278 21435 -27.2438 -0.186083
9.97446 21471 -25.3165 -0.172774
9.97618 21508 -20.3515 -0.138770
9.97785 21544 -17.5663 -0.119679
9.97952 21580 -20.8513 -0.141941
9.98124 21617 -14.3471 -0.097581
9.98290 21653 -14.9273 -0.101443
9.98461 21690 -15.5939 -0.105883
9.98626 21726 -20.3683 -0.138186
9.98797 21763 -15.3211 -0.103856
9.98967 21800 -20.4692 -0.138635
9.99136 21837 -20.3145 -0.137471
9.99301 21873 -17.9729 -0.121524
9.99470 21910 -17.1265 -0.115704
9.99639 21947 -18.1829 -0.122737
9.99807 21984 -17.6241 -0.118865
9.99980 22022 -10.7927 -0.072728
10.00148 22059 -15.8993 -0.107049
10.00315 22096 -14.5274 -0.097731
10.00482 22133 -12.9270 -0.086892
10.00654 22171 -10.3986 -0.069836
10.00821 22208 -11.3259 -0.076000
10.00992 22246 -9.1657 -0.061452
10.01158 22283 -7.0918 -0.047508
10.01328 22321 -10.9065 -0.073001
10.01494 22358 -12.8975 -0.086256
10.01664 22396 -16.3949 -0.109553
10.01833 22434 -21.0494 -0.140536
10.02003 22472 -16.7079 -0.111455
10.02171 22510 -17.0771 -0.113822
10.02340 22548 -14.6104 -0.097299
10.02509 22586 -15.4621 -0.102884
10.02677 22624 -15.4496 -0.102714
10.02844 22662 -18.0680 -0.120022
10.03012 22700 -11.8606 -0.078722
10.03184 22739 -15.2661 -0.101237
10.03351 22777 -20.4009 -0.135177
10.03522 22816 -21.3225 -0.141162
10.03688 22854 -27.1604 -0.179661
10.03859 22893 -25.3575 -0.167592
10.04024 22931 -20.1277 -0.132918
10.04194 22970 -16.5866 -0.109440
10.04364 23009 -13.3245 -0.087842
10.04533 23048 -9.6851 -0.063795
10.04702 23087 -4.1131 -0.027070
10.04871 23126 -3.3803 -0.022228
10.05040 23165 -5.1560 -0.033876
10.05208 23204 -0.1409 -0.000925
10.05376 23243 -3.2395 -0.021249
10.05544 23282 0.8476 0.005555
10.05711 23321 4.7489 0.031097
10.05882 23361 10.1989 0.066728
10.06049 23400 6.7217 0.043941
10.06220 23440 17.8318 0.116471
10.06386 23479 17.2234 0.112403
10.06556 23519 14.8815 0.097037
10.06726 23559 13.0439 0.084982
10.06896 23599 19.1764 0.124830
10.07061 23638 20.3524 0.132376
10.07230 23678 18.2224 0.118422
10.07399 23718 16.8789 0.109598
10.07567 23758 15.6138 0.101299
10.07736 23798 8.5685 0.055544
10.07908 23839 7.9801 0.051685
10.08075 23879 6.1202 0.039605
10.08243 23919 2.9176 0.018865
10.08414 23960 4.8161 0.031114
10.08581 24000 -4.9103 -0.031696
10.08747 24040 1.0102 0.006516
10.08918 24081 2.0964 0.013510
10.09088 24122 3.1951 0.020572
10.09254 24162 4.9091 0.031581
10.09423 24203 7.8967 0.050759
10.09592 24244 8.2586 0.053040
10.09761 24285 10.3046 0.066125
10.09930 24326 15.0006 0.096177
10.10099 24367 18.2825 0.117121
10.10267 24408 16.6390 0.106503
10.10434 24449 16.0190 0.102449
10.10606 24491 20.7189 0.132393
10.10773 24532 15.8778 0.101373
10.10944 24574 8.0214 0.051170
10.11111 24615 9.3803 0.059789
10.11282 24657 14.0980 0.089782
10.11448 24698 1.5955 0.010153
10.11618 24740 2.4610 0.015647
10.11787 24782 0.7666 0.004870
10.11957 24824 2.1817 0.013847
10.12122 24865 -3.0957 -0.019632
10.12290 24907 -3.9308 -0.024907
10.12459 24949 -1.4528 -0.009198
10.12631 24992 -2.4054 -0.015216
10.12799 25034 -7.4926 -0.047355
10.12967 25076 -13.0084 -0.082148
10.13134 25118 -14.6063 -0.092161
10.13305 25161 -17.5992 -0.110951
10.13472 25203 -18.3182 -0.115387
10.13642 25246 -21.3755 -0.134531
10.13809 25288 -19.9003 -0.125142
10.13978 25331 -20.3929 -0.128131
10.14148 25374 -26.3196 -0.165228
10.14317 25417 -27.6348 -0.173338
10.14486 25460 -32.2884 -0.202357
10.14655 25503 -36.1673 -0.226475
10.14824 25546 -38.4245 -0.240407
10.14992 25589 -40.3934 -0.252513
10.15160 25632 -43.7309 -0.273147
10.15327 25675 -46.6582 -0.291188
10.15499 25719 -49.4458 -0.308321
10.15666 25762 -50.5733 -0.315088
10.15836 25806 -53.8615 -0.335288
10.16003 25849 -58.0145 -0.360840
10.16173 25893 -56.1620 -0.349021
10.16339 25936 -61.0429 -0.379039
10.16508 25980 -64.5749 -0.400630
10.16677 26024 -64.7860 -0.401600
10.16846 26068 -62.5251 -0.387258
10.17015 26112 -55.5270 -0.343625
10.17183 26156 -51.8873 -0.320831
10.17351 26200 -57.1732 -0.353217
10.17523 26245 -57.5606 -0.355306
10.17691 26289 -59.7562 -0.368550
10.17858 26333 -55.8289 -0.344040
10.18029 26378 -52.4966 -0.323229
10.18195 26422 -49.7175 -0.305863
10.18365 26467 -49.2479 -0.302716
10.18535 26512 -53.6984 -0.329792
10.18701 26556 -49.9454 -0.306489
10.18870 26601 -48.5998 -0.297979
10.19039 26646 -50.3579 -0.308498
10.19208 26691 -49.5872 -0.303520
10.19377 26736 -51.9753 -0.317869
10.19545 26781 -51.8824 -0.317035
10.19713 26826 -45.9669 -0.280651
10.19884 26872 -45.6525 -0.278493
10.20051 26917 -41.6400 -0.253803
10.20222 26963 -37.5122 -0.228449
10.20389 27008 -34.6084 -0.210589
10.20559 27054 -35.9029 -0.218280
10.20725 27099 -38.9995 -0.236910
10.20895 27145 -39.7848 -0.241475
10.21064 27191 -40.8136 -0.247510
10.21233 27237 -31.4501 -0.190564
10.21402 27283 -32.6794 -0.197846
10.21570 27329 -35.9243 -0.217308
10.21739 27375 -40.8653 -0.246989
10.21906 27421 -44.0175 -0.265818
10.22078 27468 -43.7550 -0.264006
10.22245 27514 -44.7630 -0.269863
10.22412 27560 -46.6075 -0.280748
10.22582 27607 -51.8737 -0.312204
10.22753 27654 -52.9152 -0.318201
10.22919 27700 -45.7974 -0.275170
10.23088 27747 -49.7820 -0.298858
10.23258 27794 -44.8994 -0.269318
10.23427 27841 -40.7538 -0.244245
10.23595 27888 -44.6585 -0.267421
10.23764 27935 -38.2713 -0.228981
10.23932 27982 -35.6217 -0.212949
10.24099 28029 -28.9774 -0.173084
10.24271 28077 -29.1915 -0.174213
10.24438 28124 -38.5421 -0.229825
10.24605 28171 -34.7237 -0.206883
10.24775 28219 -30.7694 -0.183167
10.24945 28267 -29.5469 -0.175740
10.25111 28314 -23.9858 -0.142546
10.25281 28362 -22.5176 -0.133707
10.25450 28410 -22.0588 -0.130872
10.25618 28458 -18.5371 -0.109885
10.25787 28506 -15.7500 -0.093285
10.25955 28554 -12.5043 -0.073999
10.26123 28602 -15.8739 -0.093861
10.26294 28651 -24.1695 -0.142790
10.26462 28699 -28.1642 -0.166251
10.26632 28748 -21.1305 -0.124625
10.26799 28796 -20.3816 -0.120108
10.26969 28845 -21.1899 -0.124765
10.27135 28893 -25.4607 -0.149787
10.27305 28942 -27.4220 -0.161189
10.27474 28991 -31.0366 -0.182281
10.27643 29040 -35.7868 -0.210003
10.27812 29089 -35.5242 -0.208286
10.27980 29138 -30.2007 -0.176924
10.28148 29187 -33.3999 -0.195502
10.28319 29237 -31.0199 -0.181415
10.28486 29286 -28.9121 -0.168946
10.28654 29335 -36.9223 -0.215573
10.28824 29385 -38.1507 -0.222556
10.28994 29435 -41.3186 -0.240831
10.29160 29484 -42.6223 -0.248224
10.29330 29534 -39.8572 -0.231924
10.29499 29584 -35.4076 -0.205858
10.29668 29634 -35.3336 -0.205255
10.29836 29684 -40.6088 -0.235700
10.30005 29734 -40.2282 -0.233294
10.30173 29784 -41.9752 -0.243221
10.30340 29834 -39.4216 -0.228233
10.30511 29885 -44.8066 -0.259189
10.30678 29935 -42.9238 -0.248089
10.30849 29986 -46.4325 -0.268141
10.31015 30036 -44.6208 -0.257464
10.31185 30087 -36.6206 -0.211123
10.31354 30138 -36.9531 -0.212860
10.31523 30189 -36.6937 -0.211187
10.31692 30240 -33.8564 -0.194693
10.31861 30291 -35.0657 -0.201477
10.32029 30342 -41.9875 -0.241045
10.32197 30393 -39.3633 -0.225790
10.32368 30445 -42.2653 -0.242229
10.32535 30496 -51.5377 -0.295123
10.32702 30547 -51.7740 -0.296229
10.32872 30599 -46.9366 -0.268323
10.33042 30651 -45.7490 -0.261312
10.33208 30702 -49.4845 -0.282414
10.33378 30754 -43.8166 -0.249855
10.33546 30806 -53.9279 -0.307253
10.33715 30858 -53.4920 -0.304513
10.33884 30910 -44.6902 -0.254193
10.34052 30962 -46.8027 -0.265985
10.34223 31015 -42.9377 -0.243811
10.34390 31067 -42.7576 -0.242585
10.34561 31120 -51.9401 -0.294431
10.34728 31172 -44.4141 -0.251558
10.34897 31225 -35.7078 -0.202075
10.35064 31277 -35.9425 -0.203234
10.35233 31330 -42.6774 -0.241111
10.35402 31383 -39.0747 -0.220571
10.35571 31436 -35.2709 -0.198931
10.35739 31489 -36.2783 -0.204441
10.35908 31542 -39.2653 -0.221088
10.36079 31596 -33.4402 -0.188128
10.36246 31649 -29.9981 -0.168622
10.36414 31702 -30.0752 -0.168914
10.36584 31756 -26.1013 -0.146470
10.36754 31810 -27.6881 -0.155243
10.36920 31863 -32.5243 -0.182207
10.37089 31917 -32.7059 -0.183069
10.37258 31971 -40.1830 -0.224732
10.37427 32025 -46.9471 -0.262340
10.37596 32079 -46.9420 -0.262090
10.37764 32133 -45.1836 -0.252061
10.37932 32187 -48.3028 -0.269236
10.38103 32242 -44.5647 -0.248187
10.38270 32296 -41.1490 -0.228973
10.38440 32351 -43.4717 -0.241692
10.38607 32405 -37.1070 -0.206134
10.38776 32460 -42.4699 -0.235726
10.38946 32515 -45.8695 -0.254379
10.39115 32570 -40.4369 -0.224063
10.39283 32625 -39.9251 -0.221040
10.39452 32680 -31.0898 -0.171979
10.39620 32735 -24.2082 -0.133800
10.39788 32790 -20.9091 -0.115469
10.39959 32846 -28.5433 -0.157494
10.40126 32901 -30.2265 -0.166642
10.40296 32957 -26.2646 -0.144676
10.40463 33012 -31.7407 -0.174695
10.40632 33068 -29.4374 -0.161881
10.40801 33124 -40.9560 -0.225033
10.40970 33180 -35.1604 -0.193026
10.41139 33236 -31.7887 -0.174369
10.41307 33292 -39.5932 -0.216995
10.41475 33348 -47.5382 -0.260320
10.41643 33404 -44.7797 -0.245009
10.41814 33461 -37.5469 -0.205260
10.41981 33517 -32.6979 -0.178602
10.42151 33574 -31.4606 -0.171698
10.42320 33631 -32.2279 -0.175737
10.42487 33687 -32.7586 -0.178482
10.42656 33744 -44.0641 -0.239876
10.42825 33801 -38.6659 -0.210312
10.42993 33858 -44.2590 -0.240531
10.43161 33915 -45.3405 -0.246202
10.43332 33973 -41.9480 -0.227586
10.43500 34030 -43.2959 -0.234701
10.43667 34087 -39.6069 -0.214524
10.43837 34145 -40.8182 -0.220897
10.44007 34203 -40.5646 -0.219339
10.44173 34260 -42.3997 -0.229070
10.44343 34318 -43.7791 -0.236323
10.44511 34376 -42.3170 -0.228237
10.44680 34434 -45.3730 -0.244514
10.44848 34492 -40.9966 -0.220744
10.45019 34551 -36.6665 -0.197260
10.45187 34609 -35.5811 -0.191260
10.45354 34667 -29.8916 -0.160543
10.45524 34726 -26.1431 -0.140291
10.45691 34784 -29.3261 -0.157240
10.45861 34843 -28.1979 -0.151063
10.46030 34902 -20.0318 -0.107224
10.46199 34961 -19.0484 -0.101875
10.46367 35020 -19.9675 -0.106700
10.46536 35079 -17.0588 -0.091081
10.46704 35138 -14.7756 -0.078824
10.46874 35198 -16.6694 -0.088851
10.47042 35257 -11.6278 -0.061926
10.47212 35317 -14.0556 -0.074792
10.47379 35376 -10.0049 -0.053193
10.47548 35436 -11.5752 -0.061490
10.47718 35496 -11.9327 -0.063336
10.47886 35556 -15.5244 -0.082330
10.48055 35616 -18.3643 -0.097308
10.48223 35676 -19.4775 -0.103121
10.48391 35736 -17.7207 -0.093741
10.48559 35796 -20.8847 -0.110385
10.48729 35857 -18.9300 -0.099968
10.48897 35917 -19.6531 -0.103701
10.49066 35978 -22.6374 -0.119346
10.49236 36039 -31.0014 -0.163303
10.49405 36100 -29.7471 -0.156564
10.49574 36161 -33.8814 -0.178173
10.49742 36222 -35.0778 -0.184309
10.49910 36283 -34.4414 -0.180813
10.50078 36344 -37.3807 -0.196079
10.50246 36405 -39.6219 -0.207661
10.50416 36467 -30.8793 -0.161703
10.50583 36528 -31.8728 -0.166766
10.50753 36590 -40.1801 -0.210053
10.50922 36652 -45.1772 -0.235977
10.51091 36714 -48.5732 -0.253502
10.51260 36776 -50.3578 -0.262594
10.51429 36838 -46.5925 -0.242755
10.51597 36900 -51.8520 -0.269931
10.51765 36962 -49.3268 -0.256570
10.51935 37025 -55.3212 -0.287504
10.52102 37087 -57.6130 -0.299164
10.52272 37150 -67.1378 -0.348327
10.52441 37213 -64.2404 -0.333013
10.52608 37275 -59.2717 -0.307000
10.52777 37338 -59.5902 -0.308389
10.52945 37401 -54.6056 -0.282355
10.53116 37465 -50.1614 -0.259153
10.53284 37528 -44.0116 -0.227190
10.53452 37591 -44.8793 -0.231475
10.53622 37655 -43.9386 -0.226430
10.53789 37718 -44.3972 -0.228603
10.53959 37782 -38.8606 -0.199925
10.54128 37846 -33.9237 -0.174378
10.54297 37910 -34.0174 -0.174713
10.54466 37974 -36.0189 -0.184836
10.54634 38038 -33.2929 -0.170704
10.54802 38102 -22.3229 -0.114361
10.54970 38166 -17.5881 -0.090029
10.55140 38231 -15.0467 -0.076954
10.55307 38295 -17.9217 -0.091581
10.55477 38360 -24.3550 -0.124351
10.55646 38425 -23.1723 -0.118212
10.55815 38490 -20.0625 -0.102261
10.55982 38554 -16.7018 -0.085061
10.56153 38620 -14.7137 -0.074872
10.56321 38685 -13.1137 -0.066674
10.56489 38750 -13.4170 -0.068158
10.56659 38816 -17.9545 -0.091131
10.56826 38881 -16.7813 -0.085106
10.56996 38947 -26.1590 -0.132551
10.57162 39012 -31.3668 -0.158807
10.57331 39078 -33.3508 -0.168710
10.57500 39144 -37.0326 -0.187177
10.57669 39210 -36.5308 -0.184485
10.57839 39277 -35.9639 -0.181467
10.58007 39343 -34.4932 -0.173900
10.58175 39409 -39.9888 -0.201438
10.58345 39476 -39.5984 -0.199302
10.58512 39542 -41.1423 -0.206899
10.58681 39609 -32.0674 -0.161127
10.58850 39676 -36.1910 -0.181693
10.59019 39743 -38.9462 -0.195359
10.59187 39810 -40.1638 -0.201298
10.59355 39877 -28.3877 -0.142157
10.59526 39945 -18.8456 -0.094293
10.59693 40012 -24.3682 -0.121823
10.59863 40080 -24.8401 -0.124076
10.60030 40147 -22.1594 -0.110594
10.60200 40215 -22.1291 -0.110350
10.60368 40283 -20.3943 -0.101613
10.60537 40351 -16.8991 -0.084127
10.60706 40419 2.9724 0.014785
10.60874 40487 0.0014 0.000007
10.61044 40556 1.8913 0.009391
10.61211 40624 3.8454 0.019079
10.61381 40693 -4.3382 -0.021506
10.61551 40762 -6.1758 -0.030589
10.61717 40830 -11.6326 -0.057569
10.61886 40899 -5.7786 -0.028574
10.62055 40968 -0.8465 -0.004182
10.62225 41038 3.5756 0.017651
10.62393 41107 0.1578 0.000778
10.62561 41176 -2.8764 -0.014175
10.62731 41246 -5.3541 -0.026363
10.62898 41315 -7.0365 -0.034618
10.63067 41385 -12.3483 -0.060700
10.63236 41455 -9.4957 -0.046638
10.63405 41525 -9.4632 -0.046439
10.63574 41595 -7.3704 -0.036138
10.63742 41665 -8.8855 -0.043531
10.63912 41736 -12.4456 -0.060920
10.64080 41806 -4.8308 -0.023627
10.64249 41877 -2.1610 -0.010560
10.64416 41947 -2.2675 -0.011071
10.64585 42018 3.9161 0.019105
10.64754 42089 4.8018 0.023405
10.64923 42160 -4.3835 -0.021349
10.65091 42231 -0.6904 -0.003360
10.65261 42303 0.3376 0.001641
10.65429 42374 -1.5589 -0.007573
10.65599 42446 1.7979 0.008726
10.65766 42517 -2.0840 -0.010107
10.65935 42589 -2.7496 -0.013324
10.66104 42661 -6.3240 -0.030618
10.66273 42733 -3.4455 -0.016668
10.66441 42805 -9.3560 -0.045221
10.66609 42877 -9.0320 -0.043619
10.66779 42950 -14.5895 -0.070398
10.66947 43022 -11.9468 -0.057598
10.67116 43095 -15.0554 -0.072523
10.67285 43168 -21.1974 -0.102024
10.67454 43241 -18.3065 -0.088036
10.67623 43314 -21.7075 -0.104303
10.67792 43387 -23.0790 -0.110800
10.67960 43460 -19.9696 -0.095791
10.68127 43533 -25.6832 -0.123095
10.68297 43607 -22.0621 -0.105650
10.68467 43681 -27.7475 -0.132763
10.68634 43754 -39.5419 -0.189038
10.68803 43828 -52.3831 -0.250216
10.68972 43902 -46.0779 -0.219913
10.69140 43976 -46.8886 -0.223594
10.69310 44051 -34.5149 -0.164448
10.69478 44125 -36.7906 -0.175144
10.69646 44199 -32.5196 -0.154682
10.69815 44274 -35.0740 -0.166690
10.69985 44349 -33.2918 -0.158087
10.70154 44424 -34.3412 -0.162932
10.70322 44499 -29.4300 -0.139513
10.70491 44574 -33.2112 -0.157305
10.70659 44649 -29.7078 -0.140593
10.70827 44724 -27.1353 -0.128311
10.70996 44800 -24.6707 -0.116558
10.71166 44876 -31.1317 -0.146959
10.71333 44951 -27.9352 -0.131760
10.71502 45027 -16.9428 -0.079845
10.71670 45103 -18.4019 -0.086648
10.71839 45179 -20.4586 -0.096252
10.72009 45256 -17.0074 -0.079946
10.72177 45332 -18.7014 -0.087836
10.72347 45409 -15.0302 -0.070533
10.72514 45485 -17.7682 -0.083312
10.72683 45562 -9.3078 -0.043606
10.72852 45639 -14.8172 -0.069358
10.73020 45716 -16.6038 -0.077656
10.73189 45793 -17.3859 -0.081245
10.73359 45871 -20.3037 -0.094800
10.73527 45948 -23.2404 -0.108420
10.73696 46026 -29.7863 -0.138840
10.73863 46103 -26.6300 -0.124024
10.74032 46181 -29.1163 -0.135489
10.74201 46259 -18.2578 -0.084889
10.74370 46337 -19.7422 -0.091713
10.74538 46415 -20.1018 -0.093305
10.74708 46494 -26.3178 -0.122054
10.74875 46572 -20.3891 -0.094479
10.75045 46651 -20.4783 -0.094812
10.75214 46730 -23.3193 -0.107874
10.75383 46809 -20.6007 -0.095217
10.75552 46888 -19.9825 -0.092283
10.75720 46967 -30.1986 -0.139345
10.75888 47046 -32.3980 -0.149368
10.76056 47125 -37.6885 -0.173613
10.76226 47205 -37.7621 -0.173805
10.76395 47285 -26.3959 -0.121388
10.76564 47365 -22.9444 -0.105426
10.76733 47445 -22.9987 -0.105587
10.76901 47525 -26.0674 -0.119574
10.77069 47605 -29.3914 -0.134708
10.77237 47685 -36.4158 -0.166763
10.77407 47766 -42.0180 -0.192254
10.77574 47846 -44.7330 -0.204506
10.77743 47927 -47.0369 -0.214857
10.77912 48008 -47.9116 -0.218667
10.78081 48089 -55.0550 -0.251058
10.78249 48170 -54.6232 -0.248879
10.78419 48252 -52.2116 -0.237689
10.78587 48333 -55.4085 -0.252031
10.78756 48415 -56.7695 -0.258003
10.78924 48496 -53.0687 -0.240982
10.79093 48578 -46.2073 -0.209648
10.79261 48660 -50.5261 -0.229050
10.79430 48742 -44.0990 -0.199746
10.79600 48825 -38.6130 -0.174748
10.79768 48907 -38.8034 -0.175463
10.79937 48990 -39.0326 -0.176349
10.80104 49072 -46.1020 -0.208115
10.80273 49155 -36.4931 -0.164599
10.80442 49238 -41.8783 -0.188729
10.80611 49321 -48.4066 -0.217966
10.80781 49405 -54.4117 -0.244797
10.80949 49488 -45.2507 -0.203411
10.81118 49572 -49.0543 -0.220322
10.81285 49655 -50.8063 -0.228001
10.81454 49739 -45.7967 -0.205346
10.81623 49823 -44.5450 -0.199565
10.81792 49907 -37.5900 -0.168264
10.81962 49992 -48.4204 -0.216560
10.82130 50076 -43.9807 -0.196538
10.82299 50161 -44.5932 -0.199106
10.82467 50245 -38.8855 -0.173477
10.82636 50330 -39.8732 -0.177733
10.82804 50415 -43.9265 -0.195635
10.82973 50500 -34.6260 -0.154083
10.83141 50585 -36.2117 -0.161004
10.83311 50671 -28.1251 -0.124944
10.83479 50756 -46.1989 -0.205063
10.83648 50842 -47.9293 -0.212564
10.83817 50928 -48.4662 -0.214763
10.83986 51014 -47.5376 -0.210471
10.84154 51100 -53.4756 -0.236562
10.84322 51186 -56.5558 -0.249978
10.84492 51273 -62.2150 -0.274758
10.84660 51359 -52.9493 -0.233643
10.84829 51446 -53.4023 -0.235442
10.84998 51533 -59.1462 -0.260546
10.85166 51620 -57.8042 -0.254419
10.85335 51707 -53.7506 -0.236379
10.85503 51794 -49.1998 -0.216184
10.85673 51882 -51.5146 -0.226163
10.85840 51969 -51.9547 -0.227904
10.86009 52057 -46.5981 -0.204234
10.86178 52145 -43.6586 -0.191189
10.86347 52233 -51.5325 -0.225480
10.86515 52321 -48.0253 -0.209958
10.86683 52409 -48.5921 -0.212258
10.86853 52498 -50.3683 -0.219830
10.87022 52587 -49.1565 -0.214359
10.87190 52675 -48.8746 -0.212952
10.87358 52764 -36.5292 -0.159027
10.87527 52853 -25.4202 -0.110572
10.87697 52943 -32.7461 -0.142317
10.87865 53032 -27.8918 -0.121118
10.88035 53122 -28.1509 -0.122139
10.88202 53211 -20.5502 -0.089087
10.88371 53301 -12.3977 -0.053700
10.88540 53391 -10.2473 -0.044348
10.88708 53481 -12.5476 -0.054258
10.88876 53571 -14.2026 -0.061363
10.89046 53662 -8.6922 -0.037523
10.89215 53753 -12.4435 -0.053671
10.89383 53843 -4.3955 -0.018943
10.89552 53934 0.4074 0.001754
10.89720 54025 0.9641 0.004148
10.89889 54116 4.3620 0.018751
10.90058 54208 9.0397 0.038826
10.90226 54299 10.1374 0.043504
10.90395 54391 5.1917 0.022261
10.90564 54483 12.5937 0.053954
10.90733 54575 15.2810 0.065411
10.90902 54667 15.3211 0.065528
10.91070 54759 7.0038 0.029930
10.91239 54852 6.3590 0.027151
10.91407 54944 10.8938 0.046475
10.91576 55037 11.8725 0.050608
10.91745 55130 5.6627 0.024118
10.91913 55223 7.6063 0.032368
10.92082 55316 3.3828 0.014383
10.92252 55410 -8.9228 -0.037906
10.92419 55503 -14.8681 -0.063110
10.92588 55597 -8.0931 -0.034323
10.92757 55691 -18.5718 -0.078698
10.92926 55785 -16.1837 -0.068520
10.93094 55879 -31.9955 -0.135352
10.93262 55973 -31.2091 -0.131914
10.93432 56068 -33.7261 -0.142432
10.93601 56163 -45.0466 -0.190080
10.93769 56257 -31.0935 -0.131094
10.93937 56352 -32.5755 -0.137226
10.94106 56447 -40.5065 -0.170492
10.94276 56543 -39.1921 -0.164820
10.94444 56638 -33.5443 -0.140950
10.94613 56734 -32.9094 -0.138165
10.94782 56830 -27.7271 -0.116310
10.94951 56926 -16.3931 -0.068708
10.95119 57022 -19.9122 -0.083387
10.95287 57118 -29.9941 -0.125502
10.95455 57214 -25.6616 -0.107284
10.95625 57311 -35.4759 -0.148189
10.95794 57408 -36.1597 -0.150917
10.95963 57505 -21.1038 -0.088005
10.96131 57602 -15.4321 -0.064299
10.96300 57699 -6.2089 -0.025848
10.96467 57796 8.0374 0.033432
10.96637 57894 8.0830 0.033594
10.96806 57992 0.7687 0.003192
10.96975 58090 2.4627 0.010218
10.97143 58188 -0.8410 -0.003487
10.97312 58286 8.2530 0.034184
10.97480 58384 7.7360 0.032016
10.97649 58483 15.4929 0.064064
10.97818 58582 16.2727 0.067232
10.97987 58681 11.7961 0.048696
10.98156 58780 13.4788 0.055595
10.98324 58879 17.7684 0.073227
10.98492 58978 19.9626 0.082200
10.98661 59078 16.8232 0.069214
10.98831 59178 24.8160 0.102012
10.98999 59278 22.6514 0.093036
10.99168 59378 17.9328 0.073593
10.99336 59478 10.4180 0.042717
10.99504 59578 7.1769 0.029403
10.99674 59679 -0.1529 -0.000626
10.99843 59780 -6.3556 -0.025994
11.00011 59881 -2.2080 -0.009023
11.00180 59982 0.3267 0.001334
11.00348 60083 -5.2021 -0.021223
11.00516 60184 -8.0309 -0.032736
11.00686 60286 -2.3537 -0.009586
11.00855 60388 -2.7926 -0.011364
11.01023 60490 -6.3959 -0.026005
11.01192 60592 -14.4516 -0.058709
11.01360 60694 -14.8871 -0.060428
11.01530 60797 -14.1756 -0.057491
11.01697 60899 -20.3638 -0.082519
11.01866 61002 -15.2022 -0.061551
11.02035 61105 -11.2852 -0.045653
11.02203 61208 -13.1880 -0.053306
11.02373 61312 -15.6255 -0.063105
11.02541 61415 -21.0798 -0.085061
11.02710 61519 -24.1471 -0.097355
11.02879 61623 -26.0255 -0.104840
11.03048 61727 -27.9300 -0.112417
11.03216 61831 -34.2803 -0.137861
11.03384 61935 -41.0492 -0.164944
11.03553 62040 -39.8051 -0.159810
11.03723 62145 -39.9059 -0.160079
11.03890 62249 -49.4187 -0.198073
11.04060 62355 -53.0040 -0.212262
11.04228 62460 -55.7379 -0.223023
11.04396 62565 -54.6021 -0.218295
11.04565 62671 -56.1239 -0.224189
11.04734 62777 -50.3122 -0.200804
11.04903 62883 -43.9753 -0.175365
11.05072 62989 -48.8302 -0.194561
11.05240 63095 -53.7814 -0.214109
11.05409 63202 -37.6524 -0.149771
11.05577 63308 -39.0094 -0.155039
11.05746 63415 -51.8218 -0.205786
11.05914 63522 -54.7530 -0.217243
11.06084 63630 -60.7589 -0.240868
11.06252 63737 -59.1551 -0.234313
11.06421 63845 -56.1476 -0.222212
11.06589 63952 -53.8062 -0.212767
11.06758 64060 -53.2686 -0.210464
11.06928 64169 -49.4466 -0.195197
11.07096 64277 -42.5473 -0.167820
11.07264 64385 -26.9749 -0.106308
11.07433 64494 -21.1893 -0.083437
11.07602 64603 -29.0907 -0.114453
11.07770 64712 -33.1468 -0.130302
11.07938 64821 -35.0398 -0.137627
11.08108 64931 -47.0920 -0.184808
11.08276 65040 -36.0057 -0.141182
11.08445 65150 -35.3712 -0.138578
11.08613 65260 -46.7179 -0.182877
11.08782 65370 -48.9585 -0.191487
11.08952 65481 -53.2385 -0.208050
11.09119 65591 -56.5547 -0.220824
11.09288 65702 -47.6933 -0.186066
11.09457 65813 -39.1974 -0.152792
11.09626 65924 -41.1347 -0.160209
11.09794 66035 -47.1434 -0.183457
11.09963 66147 -41.1018 -0.159811
11.10133 66259 -46.2268 -0.179586
11.10300 66370 -55.9862 -0.217318
11.10470 66483 -59.4359 -0.230512
11.10638 66595 -52.3227 -0.202754
11.10807 66707 -43.3961 -0.168022
11.10976 66820 -52.5675 -0.203359
11.11145 66933 -50.2702 -0.194308
11.11313 67046 -45.7110 -0.176537
11.11482 67159 -49.5051 -0.191028
11.11650 67272 -49.2744 -0.189978
11.11819 67386 -53.6717 -0.206757
11.11988 67500 -47.4854 -0.182771
11.12157 67614 -42.7909 -0.164563
11.12325 67728 -44.8012 -0.172149
11.12494 67842 -57.9221 -0.222380
11.12663 67957 -57.7730 -0.221620
11.12831 68071 -57.0806 -0.218780
11.12999 68186 -59.9980 -0.229768
11.13168 68301 -68.0161 -0.260254
11.13338 68417 -64.3328 -0.245952
11.13506 68532 -69.2781 -0.264636
11.13675 68648 -81.2018 -0.309922
11.13844 68764 -82.9403 -0.316290
11.14012 68880 -85.7529 -0.326740
11.14180 68996 -88.0297 -0.335133
11.14350 69113 -81.6445 -0.310561
11.14518 69229 -83.6512 -0.317928
11.14686 69346 -88.7917 -0.337180
11.14855 69463 -94.3921 -0.358145
11.15025 69581 -89.3776 -0.338831
11.15193 69698 -81.2351 -0.307704
11.15362 69816 -76.1355 -0.288144
11.15531 69934 -77.9578 -0.294792
11.15699 70052 -66.5095 -0.251289
11.15868 70170 -72.8200 -0.274900
11.16036 70288 -79.3344 -0.299241
11.16205 70407 -77.4785 -0.291994
11.16374 70526 -69.5231 -0.261791
11.16542 70645 -65.6798 -0.247111
11.16711 70764 -56.6359 -0.212905
11.16880 70884 -54.8347 -0.205959
11.17048 71003 -50.8721 -0.190916
11.17217 71123 -51.0015 -0.191240
11.17385 71243 -55.4881 -0.207888
11.17555 71364 -47.1561 -0.176522
11.17723 71484 -36.8992 -0.138011
11.17892 71605 -34.7928 -0.130022
11.18061 71726 -31.0728 -0.116022
11.18229 71847 -28.5110 -0.106367
11.18398 71968 -32.1922 -0.120000
11.18567 72090 -28.5955 -0.106503
11.18735 72211 -24.7242 -0.092007
11.18904 72333 -25.7816 -0.095861
11.19072 72455 -34.1320 -0.126802
11.19242 72578 -42.9480 -0.159419
11.19410 72700 -46.8917 -0.173912
11.19579 72823 -41.7788 -0.154818
11.19747 72946 -43.2378 -0.160090
11.19916 73069 -48.2594 -0.178532
11.20084 73192 -45.8818 -0.169593
11.20253 73316 -53.0699 -0.195997
11.20422 73440 -46.2132 -0.170529
11.20591 73564 -38.8153 -0.143110
11.20760 73688 -49.0130 -0.180557
11.20928 73812 -54.5475 -0.200776
11.21097 73937 -66.6187 -0.245000
11.21266 74062 -69.0219 -0.253623
11.21434 74187 -66.9441 -0.245781
11.21603 74312 -68.9516 -0.252939
11.21772 74438 -71.9781 -0.263817
11.21940 74563 -66.0947 -0.242050
11.22109 74689 -80.5061 -0.294578
11.22277 74815 -71.7016 -0.262141
11.22446 74941 -61.6661 -0.225261
11.22615 75068 -49.2098 -0.179607
11.22784 75195 -47.8136 -0.174364
11.22953 75322 -45.5387 -0.165928
11.23121 75449 -46.8468 -0.170551
11.23289 75576 -45.7166 -0.166296
11.23459 75704 -42.0793 -0.152936
11.23628 75832 -45.8227 -0.166400
11.23796 75960 -50.5847 -0.183538
11.23965 76088 -44.5922 -0.161659
11.24133 76216 -42.3590 -0.153434
11.24302 76345 -48.5989 -0.175888
11.24471 76474 -52.3518 -0.189310
11.24639 76603 -44.6249 -0.161233
11.24807 76732 -48.0985 -0.173637
11.24977 76862 -42.6344 -0.153782
11.25146 76992 -39.5832 -0.142655
11.25314 77122 -38.9558 -0.140276
11.25483 77252 -39.9960 -0.143900
11.25651 77382 -36.6665 -0.131810
11.25820 77513 -37.4058 -0.134354
11.25989 77644 -45.5169 -0.163350
11.26158 77775 -51.9424 -0.186252
11.26326 77906 -32.4973 -0.116429
11.26495 78038 -44.5422 -0.159448
11.26664 78170 -39.7849 -0.142298
11.26833 78302 -45.3367 -0.162018
11.27001 78434 -39.3231 -0.140409
11.27169 78566 -44.7531 -0.159664
11.27339 78699 -40.1169 -0.143002
11.27507 78832 -36.2167 -0.128991
11.27676 78965 -35.3602 -0.125834
11.27844 79098 -45.1531 -0.160548
11.28014 79232 -47.6072 -0.169131
11.28181 79365 -40.1457 -0.142503
11.28350 79499 -44.5014 -0.157831
11.28520 79634 -48.9908 -0.173606
11.28688 79768 -53.6683 -0.190022
11.28857 79903 -53.2834 -0.188500
11.29026 80038 -51.8940 -0.183429
11.29194 80173 -54.6025 -0.192841
11.29362 80308 -61.7387 -0.217860
11.29532 80444 -58.9938 -0.207998
11.29699 80579 -50.4735 -0.177808
11.29869 80716 -44.6486 -0.157155
11.30038 80852 -35.5059 -0.124869
11.30206 80988 -38.6698 -0.135882
11.30375 81125 -39.0176 -0.136988
11.30543 81262 -36.1073 -0.126663
11.30712 81399 -37.8776 -0.132762
11.30881 81537 -39.7146 -0.139083
11.31049 81674 -37.9240 -0.132700
11.31218 81812 -49.6172 -0.173470
11.31386 81950 -38.6832 -0.135129
11.31556 82089 -33.9646 -0.118545
11.31724 82227 -28.1399 -0.098133
11.31893 82366 -17.7818 -0.061959
11.32061 82505 -17.0289 -0.059285
11.32230 82644 -22.9197 -0.079727
11.32399 82784 -26.9162 -0.093549
11.32568 82924 -21.2135 -0.073667
11.32737 83064 -21.8075 -0.075666
11.32905 83204 -23.9977 -0.083195
11.33073 83344 -22.4073 -0.077616
11.33242 83485 -31.4074 -0.108699
11.33411 83626 -24.0913 -0.083308
11.33579 83767 -13.9512 -0.048203
11.33749 83909 -17.4899 -0.060379
11.33917 84050 -30.0851 -0.103773
11.34086 84192 -16.3388 -0.056310
11.34254 84334 -5.6962 -0.019615
11.34423 84477 -6.5722 -0.022612
11.34591 84619 -12.4945 -0.042952
11.34760 84762 12.4853 0.042884
11.34929 84905 -1.6231 -0.005570
11.35098 85049 -3.1164 -0.010686
11.35266 85192 -7.8659 -0.026949
11.35435 85336 -9.8886 -0.033851
11.35604 85480 -6.9111 -0.023638
11.35773 85625 0.0203 0.000069
11.35941 85769 0.5778 0.001973
11.36110 85914 16.6475 0.056796
11.36279 86059 19.5467 0.066631
11.36447 86204 20.0844 0.068406
11.36616 86350 23.3357 0.079413
11.36785 86496 17.1885 0.058444
11.36954 86642 25.5437 0.086780
11.37122 86788 23.2518 0.078927
11.37290 86934 25.8857 0.087794
11.37459 87081 31.3109 0.106105
11.37628 87228 32.4257 0.109790
11.37796 87375 26.2807 0.088908
11.37966 87523 23.2043 0.078435
11.38135 87671 27.0920 0.091498
11.38303 87819 23.3269 0.078716
11.38472 87967 26.0925 0.087974
11.38641 88116 14.5499 0.049016
11.38809 88264 16.5775 0.055799
11.38977 88413 19.2443 0.064721
11.39147 88563 23.9746 0.080561
11.39315 88712 23.7309 0.079675
11.39484 88862 36.1717 0.121342
11.39653 89012 43.1768 0.144719
11.39821 89162 28.4376 0.095236
11.39990 89313 27.6293 0.092451
11.40159 89464 20.0886 0.067162
11.40328 89615 18.1444 0.060611
11.40496 89766 20.0104 0.066788
11.40664 89917 23.2450 0.077519
11.40833 90069 22.9174 0.076362
11.41002 90221 32.4682 0.108095
11.41171 90374 38.7249 0.128816
11.41339 90526 37.7740 0.125547
11.41508 90679 44.9950 0.149421
11.41677 90832 35.4456 0.117610
11.41845 90985 34.6178 0.114766
11.42014 91139 45.2624 0.149929
11.42183 91293 48.0401 0.158996
11.42351 91447 45.6626 0.151000
11.42520 91601 41.7937 0.138090
11.42689 91756 35.3943 0.116847
11.42858 91911 33.9756 0.112068
11.43026 92066 31.4629 0.103693
11.43195 92222 14.3094 0.047120
11.43363 92377 21.3977 0.070402
11.43532 92533 15.0221 0.049383
11.43702 92690 21.2099 0.069666
11.43870 92846 18.7481 0.061528
11.44039 93003 0.1082 0.000355
11.44207 93160 -13.9032 -0.045551
11.44376 93317 -9.7357 -0.031870
11.44545 93475 6.3428 0.020746
11.44713 93632 8.1775 0.026725
11.44882 93791 4.6906 0.015316
11.45051 93949 11.7495 0.038333
11.45219 94107 11.8454 0.038614
11.45388 94266 10.6122 0.034564
11.45556 94425 -1.2852 -0.004182
11.45725 94585 -1.2852 -0.004179
11.45894 94745 -11.3391 -0.036838
11.46063 94905 -8.5068 -0.027614
11.46232 95065 -18.9616 -0.061499
11.46400 95225 -18.0379 -0.058454
11.46569 95386 -16.0511 -0.051971
11.46737 95547 -16.4274 -0.053145
11.46906 95708 -12.5998 -0.040728
11.47075 95870 -10.7802 -0.034816
11.47244 96032 -5.8348 -0.018829
11.47412 96194 -20.9834 -0.067655
11.47580 96356 -11.4483 -0.036881
11.47750 96519 -19.5135 -0.062810
11.47918 96682 -0.5067 -0.001630
11.48087 96845 -0.6337 -0.002036
11.48256 97009 -15.0211 -0.048228
11.48425 97173 -16.7996 -0.053892
11.48593 97337 -15.7742 -0.050560
11.48762 97501 -14.1344 -0.045266
11.48931 97666 -11.6347 -0.037229
11.49099 97830 -20.8967 -0.066810
11.49268 97996 -28.9898 -0.092606
11.49436 98161 -17.9124 -0.057172
11.49605 98327 -11.8284 -0.037722
11.49774 98493 -10.7221 -0.034165
11.49942 98659 -14.2860 -0.045482
11.50112 98826 -22.7466 -0.072357
11.50279 98992 -16.0799 -0.051107
11.50449 99160 -18.6520 -0.059232
11.50617 99327 -18.8004 -0.059653
11.50786 99495 -24.5372 -0.077790
11.50955 99663 -36.2127 -0.114708
11.51123 99831 -27.4970 -0.087027
11.51292 99999 -37.4680 -0.118485
11.51460 100168 -44.6416 -0.141051
11.51629 100337 -43.6971 -0.137950
11.51798 100507 -32.7899 -0.103429
11.51967 100677 -26.6301 -0.083928
11.52136 100847 -23.1687 -0.072958
11.52304 101017 -34.0476 -0.107125
11.52473 101187 -49.9301 -0.156964
11.52641 101358 -57.2393 -0.179790
11.52810 101529 -54.0969 -0.169776
11.52979 101701 -47.4799 -0.148884
11.53147 101872 -45.9228 -0.143880
11.53316 102044 -43.6297 -0.136580
11.53485 102217 -40.3557 -0.126224
11.53653 102389 -36.0909 -0.112790
11.53822 102562 -34.2947 -0.107086
11.53991 102735 -40.4343 -0.126151
11.54160 102909 -45.1296 -0.140681
11.54328 103082 -46.8613 -0.145956
11.54497 103256 -42.4705 -0.132169
11.54666 103431 -42.5651 -0.132351
11.54834 103605 -54.5074 -0.169342
11.55003 103780 -46.3317 -0.143821
11.55172 103956 -40.9692 -0.127067
11.55341 104131 -38.0239 -0.117833
11.55509 104307 -54.7841 -0.169628
11.55678 104483 -58.4762 -0.180907
11.55846 104659 -65.2216 -0.201606
11.56015 104836 -76.9442 -0.237641
11.56184 105013 -73.2374 -0.226001
11.56352 105190 -68.0198 -0.209724
11.56521 105368 -63.0581 -0.194262
11.56690 105546 -61.2574 -0.188555
11.56859 105724 -76.4479 -0.235114
11.57028 105903 -84.8290 -0.260669
11.57196 106081 -86.3107 -0.265000
11.57364 106260 -81.4719 -0.249933
11.57534 106440 -70.8702 -0.217226
11.57703 106620 -79.1545 -0.242413
11.57871 106800 -56.9338 -0.174215
11.58040 106980 -64.3359 -0.196699
11.58208 107160 -80.6966 -0.246512
11.58377 107341 -78.5594 -0.239781
11.58546 107523 -84.4151 -0.257436
11.58714 107704 -74.8765 -0.228155
11.58883 107886 -61.3080 -0.186653
11.59052 108068 -53.7456 -0.163491
11.59221 108251 -43.6845 -0.132774
11.59389 108433 -57.9984 -0.176131
11.59557 108616 -55.8754 -0.169541
11.59727 108800 -59.2350 -0.179582
11.59895 108983 -61.8265 -0.187282
11.60063 109167 -57.7072 -0.174656
11.60233 109352 -56.0312 -0.169440
11.60401 109536 -65.8355 -0.198921
11.60570 109721 -71.9833 -0.217313
11.60739 109907 -67.7714 -0.204425
11.60907 110092 -64.8625 -0.195486
11.61076 110278 -62.4370 -0.188017
11.61244 110464 -64.0000 -0.192562
11.61414 110651 -83.3121 -0.250455
11.61582 110837 -88.3137 -0.265268
11.61751 111025 -82.9975 -0.249089
11.61919 111212 -90.4767 -0.271307
11.62088 111400 -84.2968 -0.252562
11.62257 111588 -80.3664 -0.240583
11.62425 111776 -78.6456 -0.235234
11.62594 111965 -68.2067 -0.203838
11.62763 112154 -57.5924 -0.171972
11.62931 112343 -67.4660 -0.201285
11.63100 112533 -80.9819 -0.241406
11.63269 112723 -73.8066 -0.219831
11.63437 112913 -74.1393 -0.220636
11.63606 113104 -56.2815 -0.167350
11.63775 113295 -41.1658 -0.122301
11.63943 113486 -36.7354 -0.109047
11.64113 113678 -32.1671 -0.095406
11.64281 113870 -33.8008 -0.100166
11.64450 114062 -24.1867 -0.071615
11.64619 114255 -37.7902 -0.111800
11.64787 114447 -36.2372 -0.107115
11.64956 114641 -34.2444 -0.101139
11.65124 114834 -33.7082 -0.099472
11.65293 115028 -20.7046 -0.061047
11.65462 115222 -21.5492 -0.063484
11.65631 115417 -13.9262 -0.040992
11.65800 115612 -9.1325 -0.026859
11.65968 115807 -11.3705 -0.033413
11.66136 116002 -11.5941 -0.034041
11.66305 116198 -12.9006 -0.037845
11.66474 116394 -7.3929 -0.021670
11.66643 116591 -13.3003 -0.038952
11.66812 116788 -18.4833 -0.054086
11.66980 116985 -12.3783 -0.036191
11.67148 117182 -16.9848 -0.049617
11.67317 117380 -13.8680 -0.040478
11.67486 117578 -17.6277 -0.051408
11.67655 117777 -14.1565 -0.041250
11.67824 117976 -24.0231 -0.069941
11.67992 118175 1.9804 0.005761
11.68161 118375 15.0515 0.043747
11.68329 118574 12.5540 0.036457
11.68499 118775 9.2002 0.026695
11.68667 118975 3.8033 0.011026
11.68836 119176 9.3466 0.027075
11.69004 119377 -0.3461 -0.001002
11.69173 119579 13.9753 0.040414
11.69342 119781 -2.7294 -0.007886
11.69511 119983 9.2624 0.026740
11.69679 120185 3.8308 0.011050
11.69848 120388 14.8179 0.042707
11.70017 120592 -7.0864 -0.020406
11.70185 120795 0.2466 0.000709
11.70354 120999 -7.4192 -0.021329
11.70522 121203 -20.6623 -0.059350
11.70691 121408 -7.4824 -0.021474
11.70860 121613 -8.8762 -0.025453
11.71028 121818 -2.6823 -0.007685
11.71197 122024 -1.5028 -0.004302
11.71366 122230 -0.9759 -0.002791
11.71534 122436 -8.3071 -0.023741
11.71703 122643 -8.4664 -0.024176
11.71872 122850 -4.8942 -0.013964
11.72041 123058 -16.2467 -0.046314
11.72209 123265 -24.2097 -0.068956
11.72378 123473 -33.4863 -0.095297
11.72547 123682 -36.9780 -0.105145
11.72716 123891 -36.9051 -0.104850
11.72884 124100 -48.1847 -0.136780
11.73053 124309 -46.3826 -0.131554
11.73221 124519 -47.2276 -0.133838
11.73390 124729 -50.8582 -0.144005
11.73559 124940 -38.9017 -0.110057
11.73728 125151 -38.2392 -0.108091
11.73896 125362 -38.6322 -0.109111
11.74065 125574 -38.5621 -0.108821
11.74234 125786 -30.3985 -0.085711
11.74402 125998 -37.1515 -0.104663
11.74571 126211 -41.8947 -0.117926
11.74740 126424 -34.6051 -0.097325
11.74909 126638 -15.2648 -0.042895
11.75077 126851 -21.8746 -0.061418
11.75245 127065 -24.4271 -0.068527
11.75414 127280 -15.9195 -0.044622
11.75583 127495 -29.7679 -0.083368
11.75752 127710 -24.9381 -0.069783
11.75921 127926 -36.3879 -0.101737
11.76089 128142 -42.9400 -0.119955
11.76258 128358 -38.0917 -0.106321
11.76427 128575 -35.0754 -0.097819
11.76595 128792 -48.1658 -0.134213
11.76764 129009 -40.5166 -0.112804
11.76933 129227 -33.7952 -0.094011
11.77101 129445 -20.2128 -0.056180
11.77270 129664 -22.0512 -0.061238
11.77439 129883 -16.2335 -0.045044
11.77607 130102 -10.1137 -0.028039
11.77776 130322 -14.6116 -0.040475
11.77945 130542 -22.2030 -0.061452
11.78113 130762 -23.2967 -0.064425
11.78282 130983 -33.7687 -0.093305
11.78451 131204 -62.1942 -0.171702
11.78620 131426 -57.3841 -0.158289
11.78788 131647 -53.2459 -0.146751
11.78957 131870 -56.8708 -0.156609
11.79125 132092 -52.5221 -0.144512
11.79294 132315 -60.6756 -0.166805
11.79463 132539 -45.1746 -0.124086
11.79631 132762 -32.7590 -0.089907
11.79801 132987 -46.3472 -0.127092
11.79969 133211 -43.9682 -0.120467
11.80138 133436 -66.7156 -0.182638
11.80306 133661 -57.7555 -0.157976
11.80475 133887 -61.6574 -0.168506
11.80644 134113 -54.2849 -0.148233
11.80812 134339 -52.3820 -0.142916
11.80981 134566 -59.5423 -0.162315
11.81150 134793 -55.9412 -0.152369
11.81319 135021 -58.1350 -0.158211
11.81487 135249 -66.3112 -0.180310
11.81656 135477 -63.8323 -0.173423
11.81825 135706 -74.0840 -0.201106
11.81993 135935 -73.5923 -0.199603
11.82162 136165 -80.0762 -0.217006
11.82331 136395 -78.8936 -0.213620
11.82500 136625 -94.8321 -0.256561
11.82668 136855 -102.6565 -0.277495
11.82837 137087 -91.6840 -0.247625
11.83005 137318 -82.4803 -0.222580
11.83174 137550 -79.0193 -0.213060
11.83343 137782 -92.7148 -0.249777
11.83512 138015 -85.3564 -0.229759
11.83680 138248 -80.4678 -0.216418
11.83849 138481 -95.4449 -0.256482
11.84018 138715 -89.6088 -0.240596
11.84186 138949 -84.3370 -0.226251
11.84355 139184 -83.1487 -0.222875
11.84524 139419 -76.3031 -0.204353
11.84692 139654 -70.0939 -0.187566
11.84861 139890 -63.3297 -0.169322
11.85030 140126 -67.1015 -0.179256
11.85199 140363 -68.7783 -0.183580
11.85367 140600 -73.7428 -0.196665
11.85536 140837 -74.2102 -0.197745
11.85705 141075 -68.9932 -0.183688
11.85873 141313 -69.8740 -0.185877
11.86042 141551 -54.9310 -0.146003
11.86210 141790 -59.4988 -0.158010
11.86379 142030 -56.2119 -0.149155
11.86548 142270 -61.0534 -0.161865
11.86717 142510 -65.9764 -0.174770
11.86885 142750 -61.7053 -0.163318
11.87054 142991 -50.3834 -0.133240
11.87223 143233 -55.2142 -0.145891
11.87392 143475 -53.1920 -0.140430
11.87560 143717 -59.5723 -0.157141
11.87728 143959 -62.8767 -0.165718
11.87898 144203 -57.5082 -0.151441
11.88066 144446 -46.1139 -0.121333
11.88235 144690 -36.0610 -0.094802
11.88403 144934 -43.2201 -0.113527
11.88572 145179 -42.3607 -0.111176
11.88741 145424 -43.3456 -0.113665
11.88909 145669 -39.8904 -0.104516
11.89078 145915 -44.8642 -0.117449
11.89247 146162 -54.3961 -0.142282
11.89415 146408 -49.1496 -0.128451
11.89584 146656 -39.3278 -0.102695
11.89753 146903 -40.0358 -0.104456
11.89921 147151 -32.0106 -0.083447
11.90091 147400 -15.3435 -0.039965
11.90259 147649 -19.2359 -0.050061
11.90428 147898 -8.8190 -0.022932
11.90597 148148 -6.2303 -0.016187
11.90765 148398 -5.8450 -0.015173
11.90934 148648 -4.7517 -0.012325
11.91102 148899 -15.7238 -0.040748
11.91271 149151 -14.7587 -0.038215
11.91440 149402 -10.8809 -0.028150
11.91609 149655 -18.5875 -0.048048
11.91777 149907 -4.5346 -0.011712
11.91946 150160 -8.6975 -0.022445
11.92115 150414 -10.6468 -0.027452
11.92283 150668 -7.0453 -0.018150
11.92452 150922 -4.5764 -0.011780
11.92621 151177 -8.2913 -0.021325
11.92789 151432 -19.1693 -0.049260
11.92958 151688 -10.0707 -0.025857
11.93127 151944 -7.1888 -0.018442
11.93296 152201 19.4461 0.049845
11.93464 152457 17.0758 0.043733
11.93633 152715 10.5883 0.027095
11.93802 152973 13.2644 0.033914
11.93970 153231 17.8421 0.045580
11.94139 153490 17.0031 0.043400
11.94308 153749 11.0733 0.028241
11.94476 154008 20.6022 0.052498
11.94645 154268 6.1700 0.015709
11.94814 154529 7.2948 0.018557
11.94982 154790 2.8681 0.007290
11.95151 155051 6.8841 0.017483
11.95320 155313 13.5054 0.034269
11.95488 155575 11.0712 0.028069
11.95657 155838 5.4254 0.013743
11.95826 156101 -3.5104 -0.008885
11.95994 156364 -7.7657 -0.019639
11.96163 156628 -5.0285 -0.012706
11.96332 156893 -7.6720 -0.019369
11.96501 157158 -8.4475 -0.021309
11.96669 157423 -11.1333 -0.028060
11.96838 157689 -9.2670 -0.023337
11.97007 157955 -4.5280 -0.011393
11.97175 158222 -5.8040 -0.014591
11.97344 158489 -17.5512 -0.044087
11.97512 158756 -14.6657 -0.036808
11.97681 159024 -19.4010 -0.048651
11.97850 159293 -16.9072 -0.042362
11.98019 159562 -20.4138 -0.051105
11.98187 159831 -28.1148 -0.070324
11.98356 160101 -24.3276 -0.060800
11.98525 160371 -19.3650 -0.048356
11.98693 160642 -21.3161 -0.053184
11.98862 160913 -19.4793 -0.048560
11.99031 161185 -10.0095 -0.024932
11.99199 161457 -14.8483 -0.036953
11.99368 161730 -14.3921 -0.035787
11.99537 162003 -13.2500 -0.032920
11.99705 162276 -20.1812 -0.050098
11.99874 162550 -12.9507 -0.032122
12.00043 162825 -9.1567 -0.022692
12.00212 163100 1.3728 0.003399
12.00380 163375 2.5740 0.006368
12.00549 163651 7.3287 0.018116
12.00718 163927 -0.7648 -0.001889
12.00886 164204 13.9577 0.034445
12.01055 164481 5.4174 0.013358
12.01224 164759 23.5954 0.058130
12.01392 165037 7.7969 0.019192
12.01561 165316 27.4748 0.067574
12.01730 165595 15.6776 0.038526
12.01898 165874 4.0379 0.009914
12.02067 166154 11.2806 0.027674
12.02236 166435 20.0276 0.049092
12.02405 166716 24.3904 0.059735
12.02573 166997 47.0573 0.115152
12.02742 167279 35.6218 0.087095
12.02911 167562 26.7269 0.065292
12.03080 167845 15.3705 0.037518
12.03248 168128 19.4773 0.047502
12.03417 168412 14.2139 0.034636
12.03585 168696 10.1935 0.024818
12.03754 168981 2.6105 0.006350
12.03923 169266 -10.7735 -0.026186
12.04091 169552 -23.9570 -0.058181
12.04260 169838 -30.6326 -0.074330
12.04429 170125 -25.5146 -0.061859
12.04597 170412 -17.5752 -0.042575
12.04766 170700 -39.3942 -0.095349
12.04935 170988 -48.0013 -0.116083
12.05104 171277 -56.4433 -0.136384
12.05272 171566 -70.6060 -0.170461
12.05441 171856 -76.0151 -0.183365
12.05610 172146 -80.1247 -0.193116
12.05778 172436 -79.9238 -0.192470
12.05947 172727 -85.1332 -0.204842
12.06116 173019 -100.6151 -0.241889
12.06284 173311 -93.6437 -0.224939
12.06453 173604 -90.0930 -0.216228
12.06622 173897 -86.3533 -0.207078
12.06790 174190 -94.4988 -0.226420
12.06959 174485 -101.9376 -0.244037
12.07128 174779 -107.8722 -0.258027
12.07296 175074 -108.9661 -0.260424
12.07465 175370 -98.8137 -0.235961
12.07634 175666 -98.4495 -0.234893
12.07802 175962 -94.5547 -0.225410
12.07972 176260 -86.9974 -0.207219
12.08140 176557 -73.5110 -0.174948
12.08309 176855 -60.6551 -0.144231
12.08477 177154 -51.0400 -0.121265
12.08646 177453 -53.3591 -0.126668
12.08814 177752 -37.2578 -0.088371
12.08984 178053 -33.8630 -0.080251
12.09152 178353 -15.5721 -0.036873
12.09321 178654 -26.9963 -0.063870
12.09490 178956 -10.5379 -0.024910
12.09658 179258 -36.6516 -0.086567
12.09827 179561 -21.1234 -0.049849
12.09996 179864 -27.5867 -0.065047
12.10164 180167 -38.8043 -0.091420
12.10333 180472 -48.8040 -0.114882
12.10501 180776 -45.8210 -0.107769
12.10671 181082 -53.6786 -0.126143
12.10839 181387 -61.9486 -0.145455
12.11008 181694 -75.3157 -0.176691
12.11176 182000 -68.8998 -0.161504
12.11345 182308 -70.9079 -0.166070
12.11514 182615 -74.9896 -0.175482
12.11683 182924 -78.8103 -0.184267
12.11851 183232 -72.2046 -0.168680
12.12020 183542 -52.6833 -0.122972
12.12189 183852 -66.9135 -0.156056
12.12357 184162 -78.2308 -0.182296
12.12526 184473 -77.7985 -0.181136
12.12694 184784 -85.6003 -0.199133
12.12863 185096 -75.6605 -0.175861
12.13032 185409 -58.3826 -0.135587
12.13201 185722 -60.8680 -0.141240
12.13370 186036 -62.2221 -0.144260
12.13538 186350 -63.9414 -0.148121
12.13707 186664 -66.3300 -0.153525
12.13875 186979 -70.5678 -0.163196
12.14044 187295 -81.5939 -0.188536
12.14213 187611 -72.6094 -0.167635
12.14381 187928 -70.6410 -0.162952
12.14550 188245 -72.6616 -0.167472
12.14719 188563 -67.4466 -0.155322
12.14887 188881 -71.4797 -0.164471
12.15056 189200 -83.0863 -0.191016
12.15225 189520 -82.7116 -0.189994
12.15394 189840 -61.8841 -0.142032
12.15562 190160 -68.6144 -0.157346
12.15731 190481 -64.2927 -0.147311
12.15900 190803 -60.5140 -0.138536
12.16068 191125 -49.2958 -0.112759
12.16237 191448 -37.2532 -0.085141
12.16406 191771 -15.7198 -0.035897
12.16575 192095 -33.0959 -0.075512
12.16743 192419 -24.4753 -0.055796
12.16912 192744 -27.0976 -0.061722
12.17080 193069 -36.7836 -0.083714
12.17249 193395 -55.9002 -0.127113
12.17418 193722 -33.7413 -0.076661
12.17587 194049 -26.9743 -0.061234
12.17755 194376 -30.9114 -0.070113
12.17924 194705 -36.8858 -0.083593
12.18092 195033 -36.7976 -0.083323
12.18261 195363 -37.0417 -0.083805
12.18430 195692 -29.0789 -0.065734
12.18599 196023 -23.6696 -0.053461
12.18767 196354 -25.0819 -0.056603
12.18936 196685 -27.8202 -0.062730
12.19105 197017 -16.2925 -0.036706
12.19273 197350 -18.8307 -0.042388
12.19442 197683 -20.2697 -0.045589
12.19611 198017 -13.2861 -0.029857
12.19779 198351 1.3022 0.002924
12.19948 198686 4.3566 0.009774
12.20117 199022 15.1456 0.033950
12.20286 199358 35.3845 0.079249
12.20454 199694 15.8849 0.035547
12.20623 200031 13.7231 0.030683
12.20792 200369 25.9057 0.057874
12.20960 200707 23.3852 0.052199
12.21129 201046 13.2862 0.029631
12.21298 201386 15.7456 0.035087
12.21467 201726 19.9991 0.044528
12.21635 202066 14.6149 0.032513
12.21804 202407 16.1215 0.035834
12.21972 202749 7.3888 0.016409
12.22141 203091 1.1740 0.002605
12.22310 203434 19.7507 0.043789
12.22479 203778 29.4627 0.065267
12.22647 204122 44.9115 0.099406
12.22816 204466 52.3032 0.115669
12.22984 204811 53.9389 0.119186
12.23153 205157 65.3243 0.144222
12.23322 205504 63.8189 0.140779
12.23491 205851 57.6159 0.126989
12.23659 206198 63.2811 0.139358
12.23828 206546 79.4161 0.174743
12.23997 206895 70.2936 0.154540
12.24165 207244 88.8607 0.195195
12.24334 207594 80.3560 0.176364
12.24503 207945 79.7043 0.174786
12.24672 208296 81.2955 0.178125
12.24840 208647 103.8878 0.227436
12.25009 209000 100.3355 0.219473
12.25177 209352 81.7417 0.178651
12.25346 209706 68.2966 0.149140
12.25515 210060 69.6162 0.151893
12.25684 210415 59.3653 0.129418
12.25852 210770 57.2542 0.124710
12.26021 211126 53.6444 0.116749
12.26190 211482 27.0341 0.058786
12.26358 211839 28.9116 0.062816
12.26527 212197 22.9203 0.049757
12.26696 212555 8.4731 0.018378
12.26864 212914 8.7925 0.019055
12.27033 213273 -7.5546 -0.016358
12.27201 213633 12.3775 0.026779
12.27370 213994 15.8557 0.034276
12.27539 214355 9.3919 0.020286
12.27708 214717 20.3210 0.043854
12.27877 215080 28.2779 0.060974
12.28045 215443 35.6893 0.076890
12.28214 215807 10.2386 0.022040
12.28383 216171 -0.2728 -0.000587
12.28551 216536 3.6898 0.007929
12.28720 216902 -6.3986 -0.013739
12.28889 217268 -15.8465 -0.033997
12.29057 217635 -26.5936 -0.057005
12.29226 218002 -28.6705 -0.061405
12.29395 218370 -27.0409 -0.057866
12.29563 218739 -25.7449 -0.055046
12.29732 219108 -22.1771 -0.047378
12.29901 219478 -24.1680 -0.051588
12.30070 219849 -22.3313 -0.047627
12.30238 220220 -9.5641 -0.020380
12.30407 220591 9.0094 0.019182
12.30576 220964 13.7229 0.029193
12.30744 221337 14.7586 0.031370
12.30913 221711 24.6442 0.052339
12.31082 222085 24.3814 0.051737
12.31250 222460 19.0383 0.040365
12.31419 222835 26.1590 0.055415
12.31588 223212 27.7937 0.058829
12.31756 223589 27.9916 0.059197
12.31925 223966 23.3290 0.049295
12.32094 224344 10.0688 0.021258
12.32262 224723 12.0342 0.025386
12.32431 225102 3.3968 0.007159
12.32600 225482 6.8854 0.014500
12.32768 225863 9.2394 0.019441
12.32937 226244 8.9882 0.018897
12.33106 226626 -0.9390 -0.001972
12.33274 227009 4.1302 0.008669
12.33443 227392 -17.2237 -0.036119
12.33612 227776 -22.4804 -0.047103
12.33781 228161 -26.3171 -0.055096
12.33949 228546 -23.5560 -0.049274
12.34118 228932 -30.5497 -0.063849
12.34286 229318 -22.5295 -0.047047
12.34455 229705 -10.7407 -0.022410
12.34624 230093 -7.7290 -0.016113
12.34793 230482 -6.2053 -0.012925
12.34961 230871 1.1448 0.002383
12.35130 231261 4.7410 0.009859
12.35299 231651 18.8030 0.039067
12.35467 232042 21.3505 0.044322
12.35636 232434 11.4875 0.023827
12.35805 232826 -4.0354 -0.008363
12.35973 233219 -7.2111 -0.014932
12.36142 233613 -17.0662 -0.035309
12.36311 234008 -17.4366 -0.036045
12.36480 234403 -23.3833 -0.048297
12.36648 234798 -40.0616 -0.082676
12.36817 235195 -34.5814 -0.071306
12.36986 235592 -9.2221 -0.019000
12.37154 235990 18.6727 0.038438
12.37323 236388 0.9547 0.001964
12.37492 236787 16.1968 0.033285
12.37660 237187 33.4263 0.068635
12.37829 237587 31.8607 0.065365
12.37998 237988 35.1691 0.072091
12.38166 238390 26.9615 0.055220
12.38335 238793 4.1319 0.008455
12.38504 239196 5.3453 0.010929
12.38673 239600 1.8404 0.003760
12.38841 240004 0.5048 0.001030
12.39010 240409 0.4714 0.000961
12.39178 240815 2.1941 0.004471
12.39347 241222 -10.3353 -0.021043
12.39516 241629 -8.8034 -0.017909
12.39685 242037 -19.3217 -0.039274
12.39853 242446 -18.8618 -0.038307
12.40022 242855 -36.8779 -0.074833
12.40191 243265 -40.0916 -0.081286
12.40359 243676 -49.2920 -0.099855
12.40528 244087 -57.2952 -0.115970
12.40697 244499 -56.7858 -0.114842
12.40865 244912 -60.5723 -0.122397
12.41034 245326 -36.6204 -0.073935
12.41203 245740 -35.5182 -0.071649
12.41372 246155 -42.4857 -0.085632
12.41540 246570 -51.5056 -0.103725
12.41709 246986 -63.9183 -0.128614
12.41877 247403 -61.6973 -0.124041
12.42046 247821 -64.3392 -0.129243
12.42215 248240 -75.4683 -0.151471
12.42384 248659 -103.8677 -0.208295
12.42552 249078 -84.6406 -0.169594
12.42721 249499 -75.8328 -0.151818
12.42890 249920 -80.8096 -0.161645
12.43058 250342 -85.2984 -0.170480
12.43227 250765 -99.6834 -0.199062
12.43396 251188 -127.1295 -0.253657
12.43564 251612 -126.4450 -0.252079
12.43733 252037 -145.4771 -0.289776
12.43902 252463 -137.7013 -0.274056
12.44071 252889 -127.3274 -0.253196
12.44239 253316 -129.5857 -0.257470
12.44408 253743 -150.7473 -0.299263
12.44577 254172 -155.6960 -0.308826
12.44745 254601 -151.0630 -0.299384
12.44914 255031 -152.1117 -0.301208
12.45083 255461 -146.5479 -0.289946
12.45251 255893 -137.9863 -0.272776
12.45420 256325 -151.6248 -0.299485
12.45589 256757 -159.5208 -0.314815
12.45757 257191 -166.6426 -0.328593
12.45926 257625 -179.7381 -0.354116
12.46095 258060 -190.9099 -0.375810
12.46264 258496 -170.8529 -0.336043
12.46432 258932 -161.8067 -0.317983
12.46601 259369 -149.7687 -0.294078
12.46769 259807 -142.0413 -0.278669
12.46938 260246 -114.8981 -0.225227
12.47107 260685 -113.7040 -0.222699
12.47275 261125 -114.5720 -0.224210
12.47444 261566 -110.6730 -0.216397
12.47613 262008 -107.2376 -0.209503
12.47782 262450 -99.5451 -0.194311
12.47950 262893 -79.8851 -0.155803
12.48119 263337 -68.4915 -0.133469
12.48288 263782 -83.6521 -0.162875
12.48456 264227 -86.3182 -0.167924
12.48625 264673 -93.5274 -0.181796
12.48794 265120 -103.8318 -0.201655
12.48963 265568 -123.2313 -0.239129
12.49131 266016 -134.1649 -0.260127
12.49300 266465 -126.4331 -0.244929
12.49469 266915 -122.6231 -0.237348
12.49637 267366 -124.6186 -0.241007
12.49806 267817 -138.5864 -0.267794
12.49975 268269 -141.3435 -0.272892
12.50143 268722 -138.8769 -0.267903
12.50312 269176 -124.1220 -0.239238
12.50481 269630 -114.0904 -0.219718
12.50649 270085 -69.1397 -0.133038
12.50818 270541 -81.3111 -0.156327
12.50987 270998 -69.1452 -0.132825
12.51156 271456 -53.7562 -0.103176
12.51324 271914 -58.6610 -0.112495
12.51493 272373 -40.2297 -0.077084
12.51662 272833 -47.7427 -0.091403
12.51830 273293 -46.5637 -0.089070
12.51999 273755 -50.3772 -0.096284
12.52168 274217 -59.3737 -0.113383
12.52336 274680 -67.4946 -0.128782
12.52505 275144 -68.4398 -0.130475
12.52673 275608 -65.4471 -0.124665
12.52842 276074 -67.0232 -0.127559
12.53011 276540 -78.0302 -0.148383
12.53180 277007 -54.5011 -0.103552
12.53348 277474 -70.8365 -0.134476
12.53517 277943 -71.2742 -0.135193
12.53686 278412 -48.8323 -0.092547
12.53854 278882 -33.2920 -0.063042
12.54023 279353 -31.0025 -0.058657
12.54192 279824 -43.4240 -0.082090
12.54361 280297 -46.7543 -0.088310
12.54529 280770 -49.7256 -0.093844
12.54698 281244 -52.0173 -0.098086
12.54867 281719 -67.7963 -0.127732
12.55035 282195 -68.2057 -0.128394
12.55204 282671 -64.7761 -0.121836
12.55373 283148 -61.6599 -0.115877
12.55541 283626 -56.7406 -0.106542
12.55710 284105 -70.8600 -0.132942
12.55879 284585 -70.1625 -0.131522
12.56047 285065 -54.9076 -0.102840
12.56216 285547 -64.3137 -0.120355
12.56385 286029 -44.9140 -0.083980
12.56554 286512 -67.5554 -0.126208
12.56722 286995 -38.9037 -0.072620
12.56891 287480 -24.8939 -0.046429
12.57059 287965 -41.5777 -0.077480
12.57228 288451 -37.5925 -0.069995
12.57397 288938 -40.6865 -0.075692
12.57565 289426 -25.4036 -0.047220
12.57734 289915 -10.0750 -0.018712
12.57903 290404 -12.3127 -0.022848
12.58072 290895 -13.3776 -0.024803
12.58240 291386 14.0168 0.025967
12.58409 291878 -6.8318 -0.012646
12.58578 292370 -0.2204 -0.000408
12.58746 292864 -15.0335 -0.027780
12.58915 293358 -4.5612 -0.008421
12.59084 293854 -0.1170 -0.000216
12.59252 294350 -9.9534 -0.018346
12.59421 294847 -6.1952 -0.011409
12.59590 295345 -25.2525 -0.046466
12.59758 295843 -36.6326 -0.067350
12.59927 296343 -49.1924 -0.090365
12.60096 296843 -63.6472 -0.116820
12.60264 297344 -70.2564 -0.128842
12.60433 297846 -38.1175 -0.069844
12.60602 298349 -39.9418 -0.073125
12.60771 298853 -37.5192 -0.068632
12.60939 299357 -11.2788 -0.020614
12.61108 299863 -21.7010 -0.039629
12.61277 300369 -17.2521 -0.031479
12.61445 300876 -29.3361 -0.053482
12.61614 301384 -35.3024 -0.064305
12.61783 301893 -54.7499 -0.099645
12.61951 302402 -47.4562 -0.086298
12.62120 302913 -36.0989 -0.065590
12.62289 303424 -30.6397 -0.055624
12.62458 303937 -51.3036 -0.093058
12.62626 304450 -36.3516 -0.065882
12.62795 304964 -29.9542 -0.054242
12.62964 305479 -27.2242 -0.049257
12.63132 305994 -37.2986 -0.067427
12.63301 306511 -43.3190 -0.078245
12.63470 307029 -39.0317 -0.070441
12.63638 307547 -28.5405 -0.051464
12.63807 308066 -18.0954 -0.032602
12.63976 308586 -16.2611 -0.029273
12.64144 309107 1.7089 0.003074
12.64313 309629 0.6411 0.001152
12.64482 310152 -5.2470 -0.009422
12.64650 310675 6.3623 0.011415
12.64819 311200 0.3534 0.000633
12.64988 311725 -0.1206 -0.000216
12.65157 312252 -3.5907 -0.006426
12.65325 312779 -21.1469 -0.037812
12.65494 313307 -5.8655 -0.010479
12.65663 313836 -10.5080 -0.018757
12.65831 314366 -18.1187 -0.032315
12.66000 314896 -10.9994 -0.019601
12.66169 315428 1.8564 0.003305
12.66337 315961 -21.8025 -0.038787
12.66506 316494 -8.4617 -0.015041
12.66675 317028 -13.3522 -0.023714
12.66843 317564 -20.3208 -0.036060
12.67012 318100 -14.9994 -0.026595
12.67181 318637 -34.5381 -0.061186
12.67349 319175 -8.3878 -0.014847
12.67518 319714 -4.0579 -0.007177
12.67687 320253 -16.4607 -0.029087
12.67855 320794 -7.6278 -0.013467
12.68024 321336 -1.3685 -0.002414
12.68193 321878 17.7193 0.031232
12.68362 322422 19.0283 0.033511
12.68530 322966 13.9044 0.024467
12.68699 323511 -3.4106 -0.005996
12.68867 324057 -20.8054 -0.036548
12.69036 324605 5.1412 0.009024
12.69205 325153 9.6933 0.016999
12.69374 325702 2.4542 0.004300
12.69542 326251 -11.4861 -0.020109
12.69711 326802 -15.8488 -0.027724
12.69880 327354 -21.2400 -0.037123
12.70049 327907 -9.8046 -0.017122
12.70217 328460 -22.8624 -0.039892
12.70386 329015 -19.7564 -0.034443
12.70554 329570 -22.6005 -0.039368
12.70723 330127 -24.6334 -0.042873
12.70892 330684 -45.5448 -0.079201
12.71060 331242 -42.8845 -0.074512
12.71229 331802 -20.5542 -0.035683
12.71398 332362 -19.2941 -0.033467
12.71567 332923 -25.9769 -0.045021
12.71735 333485 -18.5994 -0.032208
12.71904 334048 -12.8695 -0.022267
12.72073 334612 -7.8462 -0.013564
12.72241 335177 3.4512 0.005961
12.72410 335743 -3.5382 -0.006106
12.72579 336310 -19.2969 -0.033275
12.72747 336877 -38.5264 -0.066378
12.72916 337446 -6.0937 -0.010490
12.73085 338016 -5.1723 -0.008896
12.73254 338587 -30.3267 -0.052118
12.73422 339158 -29.5172 -0.050684
12.73591 339731 -32.7617 -0.056208
12.73759 340304 -41.1276 -0.070502
12.73928 340879 -32.4486 -0.055577
12.74097 341454 -29.7587 -0.050927
12.74266 342031 -8.3488 -0.014275
12.74434 342608 -11.0960 -0.018957
12.74603 343187 -4.7077 -0.008036
12.74772 343766 15.1920 0.025911
12.74941 344347 31.3439 0.053414
12.75109 344928 27.8906 0.047489
12.75278 345510 20.0220 0.034063
12.75447 346094 -3.2532 -0.005530
12.75615 346678 -5.5854 -0.009486
12.75784 347263 -35.0522 -0.059482
12.75952 347849 -33.6504 -0.057055
12.76121 348437 -20.7952 -0.035229
12.76290 349025 -11.7704 -0.019923
12.76458 349614 -25.3840 -0.042930
12.76627 350205 -42.2484 -0.071392
12.76796 350796 -44.5458 -0.075211
12.76965 351388 -45.9644 -0.077540
12.77133 351981 -45.2229 -0.076225
12.77302 352576 -86.9055 -0.146360
12.77471 353171 -98.9739 -0.166544
12.77639 353767 -103.9803 -0.174821
12.77808 354364 -117.8467 -0.197967
12.77977 354963 -118.4161 -0.198755
12.78145 355562 -125.0104 -0.209647
12.78314 356162 -164.9354 -0.276369
12.78483 356763 -146.1198 -0.244635
12.78652 357366 -138.0934 -0.231002
12.78820 357969 -126.9984 -0.212264
12.78989 358573 -111.3894 -0.186018
12.79158 359179 -92.5125 -0.154364
12.79326 359785 -96.0317 -0.160101
12.79495 360393 -95.5851 -0.159222
12.79664 361001 -91.0711 -0.151575
12.79832 361611 -89.5100 -0.148851
12.80001 362221 -60.9139 -0.101212
12.80170 362833 -53.0397 -0.088054
12.80338 363445 -46.9369 -0.077856
12.80507 364059 -27.7810 -0.046043
12.80676 364673 1.6760 0.002775
12.80844 365289 -0.3699 -0.000612
12.81013 365906 13.0257 0.021534
12.81182 366524 4.7142 0.007787
12.81350 367142 3.0207 0.004985
12.81519 367762 -23.7449 -0.039155
12.81688 368383 -14.9179 -0.024579
12.81857 369005 -21.0576 -0.034665
12.82025 369628 -27.7104 -0.045578
12.82194 370252 -20.0670 -0.032979
12.82363 370877 -41.5258 -0.068187
12.82531 371503 -21.0432 -0.034525
12.82700 372131 -21.8314 -0.035788
12.82869 372759 -21.2692 -0.034837
12.83037 373388 -9.9318 -0.016254
12.83206 374019 -8.2070 -0.013420
12.83375 374650 -2.5289 -0.004132
12.83544 375283 2.5641 0.004186
12.83712 375916 15.5033 0.025286
12.83881 376551 14.3232 0.023341
12.84050 377187 13.5568 0.022074
12.84218 377823 8.8880 0.014460
12.84387 378461 14.1364 0.022979
12.84556 379100 3.0294 0.004920
12.84724 379740 4.6131 0.007486
12.84893 380381 13.1923 0.021390
12.85062 381024 27.0445 0.043813
12.85230 381667 30.3107 0.049063
12.85399 382311 9.4557 0.015293
12.85568 382957 8.5179 0.013764
12.85736 383603 -18.9727 -0.030633
12.85905 384251 -24.7634 -0.039949
12.86074 384900 -16.8773 -0.027204
12.86242 385549 13.7000 0.022064
12.86411 386200 21.6511 0.034840
12.86580 386852 22.5396 0.036239
12.86748 387505 35.1098 0.056401
12.86917 388160 28.3960 0.045578
12.87086 388815 -3.5616 -0.005712
12.87254 389471 25.4915 0.040847
12.87423 390129 17.6948 0.028330
12.87592 390788 15.4872 0.024774
12.87761 391447 13.8997 0.022216
12.87929 392108 21.1970 0.033851
12.88098 392770 5.3422 0.008524
12.88267 393433 1.6795 0.002678
12.88435 394098 -1.1932 -0.001901
12.88604 394763 7.1502 0.011380
12.88773 395429 -2.2553 -0.003586
12.88941 396097 0.7174 0.001140
12.89110 396766 -9.6629 -0.015340
12.89279 397436 -22.5767 -0.035812
12.89448 398107 -0.0985 -0.000156
12.89616 398779 -0.3258 -0.000516
12.89785 399452 18.8909 0.029890
12.89953 400126 27.5068 0.043485
12.90122 400802 25.8806 0.040880
12.90291 401479 3.7992 0.005996
12.90460 402156 16.9147 0.026673
12.90628 402835 22.8105 0.035939
12.90797 403516 48.0427 0.075631
12.90966 404197 49.7523 0.078256
12.91134 404879 37.6801 0.059217
12.91303 405563 59.5864 0.093566
12.91472 406247 69.0615 0.108353
12.91640 406933 79.6860 0.124917
12.91809 407620 106.8937 0.167427
12.91978 408309 98.5219 0.154184
12.92147 408998 86.5923 0.135400
12.92315 409688 98.0133 0.153129
12.92484 410380 108.1977 0.168898
12.92653 411073 128.8468 0.200962
12.92821 411767 122.4232 0.190782
12.92990 412462 99.4712 0.154884
12.93159 413158 103.2269 0.160596
12.93327 413856 65.1440 0.101263
12.93496 414555 38.9307 0.060465
12.93665 415255 30.2164 0.046890
12.93833 415956 18.2918 0.028362
12.94002 416658 23.1217 0.035820
12.94171 417361 20.5717 0.031843
12.94339 418066 24.6749 0.038162
12.94508 418772 9.4015 0.014528
12.94677 419479 13.0783 0.020193
12.94846 420187 9.0940 0.014029
12.95014 420896 6.7046 0.010334
12.95183 421607 35.6351 0.054881
12.95352 422319 22.6363 0.034833
12.95520 423032 -9.3165 -0.014324
12.95689 423746 14.9252 0.022928
12.95858 424462 28.3344 0.043491
12.96026 425178 19.1815 0.029417
12.96195 425896 24.3081 0.037248
12.96364 426615 8.6425 0.013232
12.96532 427335 10.6952 0.016361
12.96701 428057 9.8493 0.015054
12.96870 428779 -8.9289 -0.013636
12.97038 429503 0.0005 0.000001
12.97207 430228 -7.9053 -0.012052
12.97376 430955 14.9912 0.022836
12.97544 431682 29.7342 0.045256
12.97713 432411 0.7237 0.001101
12.97882 433141 4.3984 0.006683
12.98051 433873 3.5435 0.005380
12.98219 434605 -15.0013 -0.022755
12.98388 435339 -0.8925 -0.001353
12.98557 436074 -12.5808 -0.019052
12.98725 436810 9.4683 0.014326
12.98894 437547 21.1372 0.031955
12.99063 438286 12.2946 0.018571
12.99231 439026 18.8449 0.028441
12.99400 439767 20.5178 0.030940
12.99569 440510 14.1761 0.021359
12.99737 441253 2.4949 0.003756
12.99906 441998 23.6232 0.035533
13.00075 442745 36.5342 0.054906
13.00244 443492 48.0607 0.072168
13.00412 444241 59.3699 0.089075
13.00581 444991 47.0610 0.070548
13.00750 445742 18.1917 0.027248
13.00918 446495 4.2237 0.006321
13.01087 447249 -5.6734 -0.008483
13.01256 448004 -18.6503 -0.027864
13.01424 448760 -20.6863 -0.030880
13.01593 449518 -10.9635 -0.016352
13.01762 450277 -29.7116 -0.044278
13.01930 451037 -19.1913 -0.028576
13.02099 451798 -34.6167 -0.051501
13.02268 452561 -19.3931 -0.028828
13.02436 453325 -16.0495 -0.023837
13.02605 454090 -25.7538 -0.038218
13.02774 454857 -37.5870 -0.055731
13.02943 455625 -26.0009 -0.038520
13.03111 456394 -36.5923 -0.054165
13.03280 457165 -31.9152 -0.047202
13.03449 457937 -21.7890 -0.032198
13.03617 458710 -36.7770 -0.054301
13.03786 459484 -42.0529 -0.062038
13.03955 460260 -32.4143 -0.047779
13.04123 461037 -29.8665 -0.043986
13.04292 461815 -62.2961 -0.091670
13.04461 462595 -38.8248 -0.057083
13.04629 463376 -55.2323 -0.081138
13.04798 464158 -30.5191 -0.044796
13.04967 464942 -27.0403 -0.039656
13.05135 465727 -38.3443 -0.056187
13.05304 466513 -40.1760 -0.058821
13.05473 467301 -32.5298 -0.047586
13.05642 468090 -40.4841 -0.059173
13.05810 468880 -45.0009 -0.065719
13.05979 469672 -19.9128 -0.029056
13.06148 470465 -5.2497 -0.007654
13.06316 471259 9.7143 0.014151
13.06485 472055 -6.7207 -0.009782
13.06654 472852 -43.3931 -0.063104
13.06822 473650 -51.0289 -0.074146
13.06991 474450 -75.9409 -0.110251
13.07160 475251 -80.0422 -0.116107
13.07328 476053 -103.7664 -0.150393
13.07497 476857 -111.2123 -0.161049
13.07666 477662 -116.1037 -0.167991
13.07834 478468 -98.4881 -0.142383
13.08003 479276 -95.6035 -0.138096
13.08172 480085 -59.5272 -0.085912
13.08341 480896 -49.1181 -0.070830
13.08509 481708 -57.5723 -0.082951
13.08678 482521 -41.0772 -0.059135
13.08847 483335 -45.1537 -0.064948
13.09015 484151 -57.3182 -0.082376
13.09184 484969 -37.5477 -0.053917
13.09353 485788 -57.3313 -0.082256
13.09521 486608 -70.5382 -0.101119
13.09690 487429 -75.1006 -0.107569
13.09859 488252 -64.7433 -0.092656
13.10028 489077 -57.1825 -0.081766
13.10196 489902 -73.8522 -0.105514
13.10365 490729 -76.4763 -0.109171
13.10534 491558 -59.3454 -0.084645
13.10702 492388 -56.6628 -0.080750
13.10871 493219 -86.9161 -0.123760
13.11040 494052 -127.0691 -0.180781
13.11208 494886 -101.4552 -0.144219
13.11377 495721 -133.9137 -0.190198
13.11546 496558 -94.3134 -0.133841
13.11714 497397 -88.6807 -0.125741
13.11883 498236 -91.7843 -0.130032
13.12052 499078 -113.2315 -0.160281
13.12220 499920 -118.9927 -0.168295
13.12389 500764 -118.9695 -0.168120
13.12558 501610 -148.1671 -0.209203
13.12727 502457 -131.9992 -0.186218
13.12895 503305 -133.8866 -0.188722
13.13064 504155 -137.3311 -0.193414
13.13233 505006 -150.2575 -0.211440
13.13401 505858 -155.3526 -0.218426
13.13570 506712 -145.5443 -0.204463
13.13739 507568 -158.0473 -0.221840
13.13907 508425 -176.1449 -0.247034
13.14076 509283 -155.7716 -0.218277
13.14245 510143 -149.3339 -0.209080
13.14413 511004 -157.2197 -0.219935
13.14582 511867 -170.1826 -0.237868
13.14751 512731 -163.2959 -0.228050
13.14919 513597 -172.1623 -0.240230
13.15088 514464 -177.1597 -0.246995
13.15257 515332 -219.4849 -0.305746
13.15425 516202 -227.1362 -0.316138
13.15594 517074 -211.4547 -0.294063
13.15763 517947 -174.5619 -0.242553
13.15931 518821 -156.0641 -0.216668
13.16100 519697 -137.4221 -0.190626
13.16269 520575 -127.6677 -0.176945
13.16438 521454 -130.2169 -0.180326
13.16606 522334 -111.8876 -0.154813
13.16775 523216 -53.9595 -0.074598
13.16944 524099 -74.6472 -0.103111
13.17112 524984 -68.5048 -0.094547
13.17281 525870 -43.1628 -0.059521
13.17450 526758 -58.0733 -0.080015
13.17618 527648 -59.1650 -0.081450
13.17787 528538 -64.6446 -0.088919
13.17956 529431 -52.6042 -0.072296
13.18125 530325 -61.1381 -0.083954
13.18293 531220 -66.6275 -0.091415
13.18462 532117 -47.3723 -0.064941
13.18630 533015 -58.7302 -0.080444
13.18799 533915 -58.7205 -0.080363
13.18968 534816 -51.7413 -0.070751
13.19137 535719 -54.5258 -0.074496
13.19305 536624 -85.2617 -0.116391
13.19474 537530 -69.9553 -0.095416
13.19643 538437 -70.1895 -0.095654
13.19811 539346 -63.2725 -0.086155
13.19980 540257 -50.0112 -0.068040
13.20149 541169 -52.6240 -0.071535
13.20317 542083 -73.5623 -0.099913
13.20486 542998 -70.9036 -0.096221
13.20655 543915 -76.6937 -0.103991
13.20823 544833 -51.2040 -0.069370
13.20992 545753 -39.8185 -0.053900
13.21161 546674 -39.7287 -0.053733
13.21329 547597 -13.1856 -0.017818
13.21498 548522 -24.8727 -0.033584
13.21667 549448 -2.3252 -0.003137
13.21836 550375 -10.3977 -0.014016
13.22004 551305 0.6598 0.000889
13.22173 552235 -9.5112 -0.012799
13.22342 553168 15.5473 0.020904
13.22510 554102 8.7200 0.011714
13.22679 555037 20.9707 0.028148
13.22848 555974 0.2456 0.000329
13.23016 556913 8.3356 0.011170
13.23185 557853 3.9384 0.005273
13.23354 558795 -0.3940 -0.000527
13.23522 559738 32.0590 0.042851
13.23691 560683 42.4071 0.056634
13.23860 561630 46.7261 0.062350
13.24029 562578 51.3037 0.068400
13.24197 563528 69.3165 0.092338
13.24366 564479 50.3727 0.067046
13.24535 565432 38.2239 0.050833
13.24703 566387 32.3813 0.043027
13.24872 567343 30.3423 0.040283
13.25041 568301 11.4336 0.015167
13.25209 569260 -5.1872 -0.006875
13.25378 570221 -10.2249 -0.013541
13.25547 571184 -4.2233 -0.005588
13.25715 572149 3.4154 0.004515
13.25884 573114 -3.0097 -0.003976
13.26053 574082 -4.0955 -0.005405
13.26221 575051 -17.0165 -0.022440
13.26390 576022 -3.0611 -0.004033
13.26559 576995 14.9832 0.019725
13.26728 577969 7.1570 0.009414
13.26896 578945 5.0218 0.006600
13.27065 579922 11.7296 0.015403
13.27234 580901 42.9770 0.056388
13.27402 581882 35.3705 0.046369
13.27571 582864 32.1460 0.042106
13.27740 583848 -3.2740 -0.004285
13.27908 584834 -16.8909 -0.022087
13.28077 585821 -35.9848 -0.047015
13.28246 586810 -18.4621 -0.024101
13.28414 587801 -2.8307 -0.003692
13.28583 588793 -27.2108 -0.035462
13.28752 589788 -32.0874 -0.041782
13.28920 590783 8.9076 0.011589
13.29089 591781 24.0058 0.031206
13.29258 592780 24.8333 0.032254
13.29427 593781 11.0857 0.014386
13.29595 594783 5.5817 0.007238
13.29764 595787 8.1392 0.010545
13.29933 596793 16.6375 0.021537
13.30101 597801 -1.0396 -0.001345
13.30270 598810 -15.3162 -0.019793
13.30439 599821 -1.1570 -0.001494
13.30607 600834 2.2466 0.002898
13.30776 601848 20.1303 0.025948
13.30945 602864 9.8311 0.012662
13.31113 603882 42.1303 0.054215
13.31282 604901 34.3322 0.044143
13.31451 605923 16.9031 0.021715
13.31620 606946 9.0787 0.011653
13.31788 607970 -29.3607 -0.037655
13.31957 608997 -27.7255 -0.035528
13.32126 610025 -43.0266 -0.055089
13.32294 611055 -39.5397 -0.050582
13.32463 612087 -31.6751 -0.040487
13.32632 613120 -26.4810 -0.033819
13.32800 614155 -8.2498 -0.010527
13.32969 615192 -18.8623 -0.024049
13.33138 616231 -52.2416 -0.066549
13.33306 617271 -71.0350 -0.090414
13.33475 618313 -60.9135 -0.077466
13.33644 619357 -53.2056 -0.067606
13.33812 620403 -87.5720 -0.111180
13.33981 621450 -84.0486 -0.106617
13.34150 622499 -82.2533 -0.104252
13.34318 623550 -81.4704 -0.103173
13.34487 624603 -107.0543 -0.135457
13.34656 625657 -124.9320 -0.157945
13.34825 626714 -133.0288 -0.168039
13.34993 627772 -133.8472 -0.168931
13.35162 628832 -134.1405 -0.169158
13.35331 629893 -146.6800 -0.184815
13.35499 630957 -134.6364 -0.169497
13.35668 632022 -113.1107 -0.142278
13.35837 633089 -113.1306 -0.142183
13.36005 634158 -108.5514 -0.136313
13.36174 635229 -87.4001 -0.109660
13.36343 636301 -89.5727 -0.112291
13.36511 637375 -126.4279 -0.158360
13.36680 638451 -131.4043 -0.164455
13.36849 639529 -114.7821 -0.143531
13.37017 640609 -112.8008 -0.140934
13.37186 641691 -109.9725 -0.137284
13.37355 642774 -109.4869 -0.136563
13.37524 643859 -117.3278 -0.146220
13.37692 644946 -143.6232 -0.178839
13.37861 646035 -161.2557 -0.200626
13.38030 647126 -155.1094 -0.192816
13.38198 648218 -135.7864 -0.168654
13.38367 649313 -122.6450 -0.152203
13.38536 650409 -109.2897 -0.135515
13.38704 651507 -91.8775 -0.113828
13.38873 652607 -101.2536 -0.125338
13.39042 653709 -137.2700 -0.169779
13.39210 654812 -135.0081 -0.166840
13.39379 655918 -107.1091 -0.132252
13.39548 657025 -121.9289 -0.150424
13.39717 658135 -99.1173 -0.122178
13.39885 659246 -113.2768 -0.139514
13.40054 660359 -117.1319 -0.144140
13.40223 661474 -144.3970 -0.177542
13.40391 662590 -117.8635 -0.144796
13.40560 663709 -97.8459 -0.120103
13.40729 664830 -76.8581 -0.094262
13.40897 665952 -99.5616 -0.122003
13.41066 667076 -60.0472 -0.073520
13.41235 668203 -64.8479 -0.079331
13.41403 669331 -22.3735 -0.027347
13.41572 670461 -57.6128 -0.070361
13.41741 671593 -69.2341 -0.084483
13.41909 672726 -103.9399 -0.126725
13.42078 673862 -107.5077 -0.130965
13.42247 675000 -117.0585 -0.142479
13.42416 676140 -92.3023 -0.112252
13.42584 677281 -94.7758 -0.115163
13.42753 678424 -85.4905 -0.103793
13.42922 679570 -57.8270 -0.070148
13.43090 680717 -71.9305 -0.087183
13.43259 681866 -111.0780 -0.134517
13.43428 683018 -68.7514 -0.083189
13.43596 684171 -39.2739 -0.047481
13.43765 685326 -66.2742 -0.080056
13.43934 686483 -46.6848 -0.056346
13.44102 687642 -58.8219 -0.070935
13.44271 688803 -50.5404 -0.060896
13.44440 689966 -56.2639 -0.067735
13.44608 691131 -39.5200 -0.047538
13.44777 692297 -43.5499 -0.052341
13.44946 693466 -45.6216 -0.054785
13.45114 694637 -67.4354 -0.080911
13.45283 695810 -36.8492 -0.044176
13.45452 696985 16.9268 0.020275
13.45621 698161 12.1502 0.014541
13.45789 699340 7.6566 0.009156
13.45958 700521 3.5772 0.004274
13.46127 701703 -17.2808 -0.020629
13.46295 702888 -14.9708 -0.017857
13.46464 704075 -42.5361 -0.050693
13.46633 705263 -6.8344 -0.008138
13.46801 706454 3.1941 0.003800
13.46970 707647 12.6154 0.014997
13.47139 708842 22.5037 0.026729
13.47307 710038 56.6744 0.067258
13.47476 711237 81.7567 0.096943
13.47645 712438 89.8675 0.106470
13.47814 713641 106.3208 0.125857
13.47982 714845 112.4738 0.133029
13.48151 716052 65.5753 0.077494
13.48320 717261 33.2879 0.039305
13.48488 718472 39.1632 0.046203
13.48657 719685 21.9018 0.025817
13.48826 720900 51.6209 0.060798
13.48994 722117 71.3855 0.084005
13.49163 723336 58.0465 0.068251
13.49332 724558 60.9771 0.071636
13.49500 725781 30.9677 0.036350
13.49669 727006 18.5445 0.021749
13.49838 728234 25.3239 0.029675
13.50006 729463 12.4988 0.014634
13.50175 730695 20.1518 0.023575
13.50344 731928 -0.7955 -0.000930
13.50512 733164 2.7473 0.003209
13.50681 734402 16.4360 0.019179
13.50850 735642 47.3043 0.055153
13.51019 736884 19.6819 0.022928
13.51187 738128 30.3590 0.035336
13.51356 739374 48.9983 0.056983
13.51525 740622 17.7974 0.020680
13.51693 741873 28.7617 0.033393
13.51862 743125 42.4001 0.049185
13.52031 744380 31.1817 0.036141
13.52199 745637 50.6356 0.058640
13.52368 746895 61.8553 0.071573
13.52537 748156 89.4879 0.103459
13.52705 749419 103.5417 0.119606
13.52874 750685 92.2735 0.106500
13.53043 751952 123.6714 0.142618
13.53212 753222 99.9681 0.115186
13.53380 754493 99.4727 0.114519
13.53549 755767 100.0176 0.115049
13.53718 757043 108.3732 0.124555
13.53886 758321 77.4921 0.088988
13.54055 759601 49.3023 0.056568
13.54224 760884 52.3187 0.059979
13.54392 762169 63.6363 0.072892
13.54561 763455 92.7914 0.106198
13.54730 764744 62.5956 0.071579
13.54898 766035 49.8199 0.056922
13.55067 767329 55.0194 0.062809
13.55236 768624 67.2495 0.076706
13.55404 769922 62.0359 0.070700
13.55573 771222 83.1281 0.094658
13.55742 772524 79.5304 0.090485
13.55910 773828 80.9934 0.092072
13.56079 775134 100.4889 0.114138
13.56248 776443 62.0787 0.070451
13.56417 777754 56.0740 0.063583
13.56585 779067 31.6975 0.035912
13.56754 780382 -1.7933 -0.002030
13.56923 781700 -17.7323 -0.020056
13.57091 783020 -26.1513 -0.029553
13.57260 784342 -44.1692 -0.049873
13.57429 785666 -54.5533 -0.061546
13.57597 786992 -57.2618 -0.064548
13.57766 788321 -35.2899 -0.039746
13.57935 789652 -18.4020 -0.020708
13.58103 790985 -29.6294 -0.033315
13.58272 792320 -27.3902 -0.030771
13.58441 793658 -33.7266 -0.037858
13.58609 794998 -29.6495 -0.033253
13.58778 796340 -28.2469 -0.031653
13.58947 797685 -3.8625 -0.004325
13.59116 799031 21.0110 0.023505
13.59284 800380 18.7784 0.020990
13.59453 801732 7.4015 0.008266
13.59622 803085 -11.9762 -0.013364
13.59790 804441 -51.1917 -0.057076
13.59959 805799 -48.8444 -0.054413
13.60128 807160 -59.5081 -0.066236
13.60296 808522 -78.6661 -0.087487
13.60465 809887 -41.4490 -0.046058
13.60634 811255 -61.3318 -0.068094
13.60802 812624 -37.5457 -0.041650
13.60971 813996 -57.6367 -0.063883
13.61140 815371 -61.5238 -0.068134
13.61308 816747 -36.2962 -0.040162
13.61477 818126 7.9039 0.008738
13.61646 819507 33.6179 0.037136
13.61815 820891 21.7432 0.023998
13.61983 822277 15.1170 0.016671
13.62152 823665 33.2860 0.036676
13.62321 825056 36.5497 0.040239
13.62489 826449 12.2578 0.013484
13.62658 827844 26.6262 0.029264
13.62827 829242 18.1845 0.019969
13.62995 830642 26.5087 0.029086
13.63164 832044 34.6375 0.037973
13.63333 833449 -2.9044 -0.003181
13.63501 834856 29.3354 0.032106
13.63670 836265 -11.5236 -0.012601
13.63839 837677 -44.9883 -0.049154
13.64007 839091 -39.7631 -0.043409
13.64176 840508 -52.3294 -0.057079
13.64345 841927 -32.9898 -0.035954
13.64513 843348 -44.9438 -0.048940
13.64682 844772 -66.2987 -0.072133
13.64851 846199 -37.0103 -0.040233
13.65020 847627 -33.6764 -0.036578
13.65188 849058 -27.3549 -0.029687
13.65357 850492 -17.0369 -0.018474
13.65526 851928 37.2098 0.040314
13.65694 853366 21.7285 0.023521
13.65863 854807 -4.9808 -0.005387
13.66032 856250 -27.9842 -0.030242
13.66200 857695 -31.8222 -0.034361
13.66369 859143 -80.0467 -0.086360
13.66538 860594 -111.3860 -0.120069
13.66707 862047 -116.3879 -0.125355
13.66875 863502 -122.3731 -0.131690
13.67044 864960 -127.2037 -0.136773
13.67213 866420 -88.2735 -0.094834
13.67381 867883 -61.4087 -0.065917
13.67550 869348 -84.9617 -0.091123
13.67719 870816 -78.7343 -0.084373
13.67887 872286 -96.9616 -0.103817
13.68056 873759 -115.1450 -0.123183
13.68225 875234 -106.5947 -0.113939
13.68393 876712 -93.5217 -0.099881
13.68562 878192 -91.3302 -0.097458
13.68731 879675 -63.4662 -0.067668
13.68899 881160 -62.1615 -0.066221
13.69068 882648 -41.1473 -0.043797
13.69237 884138 -80.0267 -0.085109
13.69405 885630 -49.8293 -0.052949
13.69574 887126 -18.7009 -0.019855
13.69743 888623 -21.3302 -0.022628
13.69912 890124 -16.2906 -0.017267
13.70080 891626 18.6608 0.019762
13.70249 893132 21.3629 0.022605
13.70418 894640 31.5086 0.033312
13.70586 896150 11.7866 0.012451
13.70755 897663 31.5563 0.033306
13.70924 899178 14.9202 0.015734
13.71092 900697 6.0799 0.006406
13.71261 902217 16.7385 0.017622
13.71430 903740 -9.8405 -0.010351
13.71598 905266 13.0811 0.013748
13.71767 906795 43.5232 0.045705
13.71936 908326 13.3509 0.014008
13.72104 909859 60.6734 0.063608
13.72273 911395 89.6918 0.093951
13.72442 912934 84.2045 0.088128
13.72611 914475 79.6807 0.083323
13.72779 916019 91.1087 0.095194
13.72948 917566 107.7455 0.112481
13.73117 919115 102.5211 0.106937
13.73285 920666 90.3126 0.094123
13.73454 922221 67.0437 0.069814
13.73623 923778 47.7366 0.049667
13.73791 925337 22.3557 0.023240
13.73960 926900 13.4633 0.013984
13.74129 928465 10.3916 0.010784
13.74297 930032 31.7372 0.032909
13.74466 931602 48.0516 0.049784
13.74635 933175 55.8228 0.057787
13.74804 934751 99.6563 0.103076
13.74972 936329 95.3056 0.098493
13.75141 937910 118.9561 0.122831
13.75310 939493 114.5432 0.118174
13.75478 941079 96.7429 0.099725
13.75647 942668 105.5733 0.108736
13.75816 944259 79.1864 0.081490
13.75984 945854 117.8459 0.121172
13.76153 947451 66.5696 0.068391
13.76322 949050 29.8265 0.030617
13.76490 950652 28.1647 0.028886
13.76659 952257 7.9727 0.008170
13.76828 953865 25.1721 0.025774
13.76996 955475 48.8249 0.049950
13.77165 957089 -3.5062 -0.003584
13.77334 958704 -39.0307 -0.039862
13.77502 960323 -56.6778 -0.057837
13.77671 961944 -86.5661 -0.088262
13.77840 963568 -67.2829 -0.068543
13.78009 965195 4.8437 0.004930
13.78177 966825 -20.7419 -0.021095
13.78346 968457 -24.9374 -0.025340
13.78515 970092 -23.3342 -0.023691
13.78683 971730 -29.5288 -0.029955
13.78852 973370 -30.2514 -0.030662
13.79021 975014 -31.5336 -0.031935
13.79189 976660 -38.7350 -0.039195
13.79358 978309 -49.5714 -0.050118
13.79527 979960 -16.7940 -0.016965
13.79695 981615 -20.8796 -0.021074
13.79864 983272 -49.1833 -0.049600
13.80033 984932 -63.0797 -0.063560
13.80201 986595 -17.6055 -0.017725
13.80370 988261 -50.2161 -0.050513
13.80539 989929 -80.9109 -0.081321
13.80708 991601 -73.8654 -0.074178
13.80876 993275 -76.5398 -0.076798
13.81045 994952 -93.1571 -0.093393
13.81214 996631 -61.7855 -0.061890
13.81382 998314 -82.6883 -0.082758
13.81551 999999 -126.5924 -0.126592
