logY Y P PoverSqrtY
6.90675 999 -10.6869 -0.338120
6.90975 1002 -10.2748 -0.324593
6.91175 1004 -10.1175 -0.319305
6.91374 1006 -10.0023 -0.315355
6.91672 1009 -10.2940 -0.324070
6.91870 1011 -10.5906 -0.333076
6.92067 1013 -10.5425 -0.331236
6.92264 1015 -10.3272 -0.324153
6.92560 1018 -9.7043 -0.304151
6.92756 1020 -9.4984 -0.297407
6.92952 1022 -9.3906 -0.293744
6.93245 1025 -9.4236 -0.294345
6.93440 1027 -9.2215 -0.287751
6.93634 1029 -9.2249 -0.287577
6.93828 1031 -9.3441 -0.291010
6.94119 1034 -9.2327 -0.287125
6.94312 1036 -9.0898 -0.282407
6.94505 1038 -8.8018 -0.273196
6.94794 1041 -8.8550 -0.274450
6.94986 1043 -8.9977 -0.278606
6.95273 1046 -8.7342 -0.270059
6.95464 1048 -8.6725 -0.267894
6.95655 1050 -8.7415 -0.269769
6.95940 1053 -9.0051 -0.277507
6.96130 1055 -9.3453 -0.287718
6.96319 1057 -9.4519 -0.290723
6.96602 1060 -9.0872 -0.279112
6.96791 1062 -9.1447 -0.280611
6.97073 1065 -9.4301 -0.288962
6.97261 1067 -9.3650 -0.286698
6.97448 1069 -9.2848 -0.283979
6.97728 1072 -8.9170 -0.272347
6.97915 1074 -9.0988 -0.277641
6.98193 1077 -9.6231 -0.293228
6.98379 1079 -9.4883 -0.288854
6.98564 1081 -9.2082 -0.280066
6.98841 1084 -8.7764 -0.266564
6.99026 1086 -8.7058 -0.264178
6.99302 1089 -9.0906 -0.275472
6.99485 1091 -8.9996 -0.272465
6.99760 1094 -8.9266 -0.269885
6.99942 1096 -9.0000 -0.271854
7.00216 1099 -9.2702 -0.279633
7.00397 1101 -9.1262 -0.275039
7.00670 1104 -8.4577 -0.254546
7.00851 1106 -8.4260 -0.253364
7.01121 1109 -8.8862 -0.266841
7.01302 1111 -9.1022 -0.273081
7.01571 1114 -9.0537 -0.271259
7.01751 1116 -9.2722 -0.277555
7.02019 1119 -9.7547 -0.291609
7.02198 1121 -10.0747 -0.300905
7.02465 1124 -9.6987 -0.289288
7.02643 1126 -9.5431 -0.284393
7.02909 1129 -9.4503 -0.281254
7.03086 1131 -9.3972 -0.279426
7.03351 1134 -9.3449 -0.277503
7.03527 1136 -9.0975 -0.269919
7.03791 1139 -9.3063 -0.275749
7.03966 1141 -9.5872 -0.283824
7.04229 1144 -9.6811 -0.286227
7.04491 1147 -9.6978 -0.286346
7.04665 1149 -9.5299 -0.281143
7.04925 1152 -9.4979 -0.279834
7.05099 1154 -9.7712 -0.287636
7.05359 1157 -10.0998 -0.296925
7.05618 1160 -10.1417 -0.297771
7.05790 1162 -10.2737 -0.301386
7.06048 1165 -10.9444 -0.320647
7.06219 1167 -11.1965 -0.327752
7.06476 1170 -10.7031 -0.312909
7.06732 1173 -10.9564 -0.319904
7.06902 1175 -10.9843 -0.320445
7.07157 1178 -11.0599 -0.322240
7.07412 1181 -11.0902 -0.322711
7.07581 1183 -11.0917 -0.322483
7.07834 1186 -11.2345 -0.326219
7.08087 1189 -11.4118 -0.330952
7.08255 1191 -11.0510 -0.320219
7.08506 1194 -10.5211 -0.304479
7.08757 1197 -10.4211 -0.301208
7.08924 1199 -10.3963 -0.300240
7.09174 1202 -9.8120 -0.283013
7.09423 1205 -9.6983 -0.279385
7.09589 1207 -9.6582 -0.277998
7.09838 1210 -9.5898 -0.275687
7.10085 1213 -9.6331 -0.276589
7.10332 1216 -9.3628 -0.268495
7.10497 1218 -9.6400 -0.276220
7.10743 1221 -9.9423 -0.284530
7.10988 1224 -9.6965 -0.277156
7.11233 1227 -9.9342 -0.283604
7.11396 1229 -10.1481 -0.289474
7.11639 1232 -10.1278 -0.288543
7.11883 1235 -9.9259 -0.282446
7.12125 1238 -9.3202 -0.264890
7.12367 1241 -9.4124 -0.267186
7.12528 1243 -9.5125 -0.269809
7.12769 1246 -9.4317 -0.267196
7.13010 1249 -9.6765 -0.273802
7.13250 1252 -9.5679 -0.270405
7.13489 1255 -9.6250 -0.271694
7.13648 1257 -9.3785 -0.264525
7.13887 1260 -8.9885 -0.253223
7.14125 1263 -9.2449 -0.260136
7.14362 1266 -8.9871 -0.252583
7.14598 1269 -9.1943 -0.258100
7.14835 1272 -9.2777 -0.260133
7.14992 1274 -9.4027 -0.263431
7.15227 1277 -9.9326 -0.277952
7.15462 1280 -9.5918 -0.268099
7.15696 1283 -9.7764 -0.272940
7.15929 1286 -9.8573 -0.274877
7.16162 1289 -10.1773 -0.283470
7.16395 1292 -10.1831 -0.283301
7.16627 1295 -10.8129 -0.300475
7.16858 1298 -10.8627 -0.301509
7.17089 1301 -10.6851 -0.296238
7.17242 1303 -10.5709 -0.292846
7.17472 1306 -10.0011 -0.276742
7.17702 1309 -10.2118 -0.282249
7.17931 1312 -10.0021 -0.276137
7.18159 1315 -10.2640 -0.283043
7.18387 1318 -10.4196 -0.287006
7.18614 1321 -10.9589 -0.301520
7.18841 1324 -10.5769 -0.290681
7.19068 1327 -10.6300 -0.291810
7.19293 1330 -10.5103 -0.288197
7.19519 1333 -10.5276 -0.288346
7.19744 1336 -10.3469 -0.283077
7.19968 1339 -10.7960 -0.295034
7.20192 1342 -11.0514 -0.301676
7.20415 1345 -11.0385 -0.300989
7.20638 1348 -11.0343 -0.300538
7.20860 1351 -11.4340 -0.311080
7.21082 1354 -11.5504 -0.313896
7.21303 1357 -11.5356 -0.313149
7.21524 1360 -11.3962 -0.309022
7.21744 1363 -11.9898 -0.324761
7.22037 1367 -11.6228 -0.314358
7.22257 1370 -11.1272 -0.300625
7.22475 1373 -11.4595 -0.309264
7.22694 1376 -11.1512 -0.300615
7.22911 1379 -11.0679 -0.298046
7.23129 1382 -11.0728 -0.297853
7.23346 1385 -11.4460 -0.307559
7.23562 1388 -11.1925 -0.300422
7.23778 1391 -10.9450 -0.293463
7.23993 1394 -10.6747 -0.285907
7.24280 1398 -10.7992 -0.288828
7.24494 1401 -11.0313 -0.294719
7.24708 1404 -10.9655 -0.292646
7.24922 1407 -11.6346 -0.310172
7.25134 1410 -11.2369 -0.299252
7.25347 1413 -11.3167 -0.301057
7.25630 1417 -11.6774 -0.310213
7.25841 1420 -11.7331 -0.311365
7.26052 1423 -11.8060 -0.312967
7.26263 1426 -11.6531 -0.308591
7.26473 1429 -12.1615 -0.321716
7.26753 1433 -12.2958 -0.324813
7.26962 1436 -11.5311 -0.304294
7.27170 1439 -11.6324 -0.306646
7.27379 1442 -11.4632 -0.301871
7.27656 1446 -11.4788 -0.301866
7.27863 1449 -12.0031 -0.315325
7.28070 1452 -12.3552 -0.324239
7.28276 1455 -12.6550 -0.331764
7.28551 1459 -12.8583 -0.336633
7.28756 1462 -12.6946 -0.332007
7.28961 1465 -13.0707 -0.341491
7.29234 1469 -12.9803 -0.338669
7.29438 1472 -13.1158 -0.341855
7.29641 1475 -13.4480 -0.350156
7.29845 1478 -13.1754 -0.342709
7.30115 1482 -12.9092 -0.335332
7.30317 1485 -13.2129 -0.342875
7.30519 1488 -12.7739 -0.331148
7.30787 1492 -12.6909 -0.328554
7.30988 1495 -13.0012 -0.336250
7.31255 1499 -12.7422 -0.329111
7.31455 1502 -12.3947 -0.319816
7.31655 1505 -12.6039 -0.324890
7.31920 1509 -12.1943 -0.313915
7.32119 1512 -11.5571 -0.297218
7.32383 1516 -11.2171 -0.288093
7.32581 1519 -11.3607 -0.291491
7.32778 1522 -10.7618 -0.275852
7.33041 1526 -10.7647 -0.275567
7.33237 1529 -10.8914 -0.278535
7.33498 1533 -10.7299 -0.274046
7.33694 1536 -10.6389 -0.271457
7.33954 1540 -10.7218 -0.273216
7.34148 1543 -10.6689 -0.271604
7.34407 1547 -10.5991 -0.269478
7.34601 1550 -10.7140 -0.272136
7.34859 1554 -10.7093 -0.271667
7.35052 1557 -11.2616 -0.285402
7.35308 1561 -11.4370 -0.289475
7.35500 1564 -11.0062 -0.278303
7.35756 1568 -10.8156 -0.273135
7.35947 1571 -11.1881 -0.282272
7.36201 1575 -11.0786 -0.279154
7.36391 1578 -10.8574 -0.273320
7.36645 1582 -11.3854 -0.286250
7.36834 1585 -11.9223 -0.299464
7.37086 1589 -12.0029 -0.301109
7.37275 1592 -11.8689 -0.297467
7.37526 1596 -12.0105 -0.300637
7.37776 1600 -11.7796 -0.294490
7.37963 1603 -12.2870 -0.306887
7.38212 1607 -11.9451 -0.297976
7.38399 1610 -11.3284 -0.282329
7.38647 1614 -10.9739 -0.273155
7.38895 1618 -10.9519 -0.272271
7.39080 1621 -11.0354 -0.274092
7.39326 1625 -11.1540 -0.276696
7.39572 1629 -11.4436 -0.283531
7.39756 1632 -10.8955 -0.269703
7.40001 1636 -11.0716 -0.273729
7.40245 1640 -11.2613 -0.278079
7.40428 1643 -11.4055 -0.281381
7.40671 1647 -11.6186 -0.286290
7.40914 1651 -11.8840 -0.292474
7.41156 1655 -11.5438 -0.283759
7.41337 1658 -11.3676 -0.279174
7.41578 1662 -11.8007 -0.289463
7.41818 1666 -11.6698 -0.285907
7.41998 1669 -11.9469 -0.292434
7.42237 1673 -12.0967 -0.295746
7.42476 1677 -11.6894 -0.285446
7.42714 1681 -11.7440 -0.286440
7.42952 1685 -11.9425 -0.290935
7.43130 1688 -11.9374 -0.290551
7.43367 1692 -12.3626 -0.300546
7.43603 1696 -12.3703 -0.300378
7.43838 1700 -11.8110 -0.286460
7.44073 1704 -11.9949 -0.290577
7.44249 1707 -12.3401 -0.298677
7.44483 1711 -12.5313 -0.302950
7.44717 1715 -12.8582 -0.310489
7.44950 1719 -12.5444 -0.302559
7.45182 1723 -12.1282 -0.292181
7.45414 1727 -12.3761 -0.297808
7.45645 1731 -12.2821 -0.295204
7.45876 1735 -12.4106 -0.297949
7.46049 1738 -12.5732 -0.301592
7.46279 1742 -11.9964 -0.287426
7.46508 1746 -11.5000 -0.275217
7.46737 1750 -11.0450 -0.264025
7.46965 1754 -10.8853 -0.259911
7.47193 1758 -11.2186 -0.267566
7.47420 1762 -11.2604 -0.268258
7.47647 1766 -10.9582 -0.260762
7.47873 1770 -10.9655 -0.260639
7.48099 1774 -10.9934 -0.261010
7.48324 1778 -11.2502 -0.266804
7.48549 1782 -11.6556 -0.276110
7.48773 1786 -11.8723 -0.280927
7.48997 1790 -12.3682 -0.292335
7.49220 1794 -12.6263 -0.298102
7.49443 1798 -12.7791 -0.301374
7.49665 1802 -13.0973 -0.308536
7.49887 1806 -13.4564 -0.316644
7.50108 1810 -13.5079 -0.317505
7.50329 1814 -13.7417 -0.322643
7.50549 1818 -13.7842 -0.323285
7.50824 1823 -14.4265 -0.337884
7.51043 1827 -14.5195 -0.339689
7.51262 1831 -14.3689 -0.335799
7.51480 1835 -14.2411 -0.332451
7.51698 1839 -14.0456 -0.327529
7.51915 1843 -14.1083 -0.328633
7.52132 1847 -14.3537 -0.333987
7.52402 1852 -13.3848 -0.311021
7.52618 1856 -13.1444 -0.305106
7.52833 1860 -13.0421 -0.302405
7.53048 1864 -13.0601 -0.302499
7.53262 1868 -13.6409 -0.315612
7.53476 1872 -13.7184 -0.317066
7.53743 1877 -13.7040 -0.316312
7.53956 1881 -13.6957 -0.315785
7.54168 1885 -13.3628 -0.307781
7.54380 1889 -13.6306 -0.313616
7.54645 1894 -13.8403 -0.318021
7.54856 1898 -13.4481 -0.308682
7.55066 1902 -13.2456 -0.303715
7.55276 1906 -12.6586 -0.289951
7.55538 1911 -12.9091 -0.295302
7.55747 1915 -13.2613 -0.303042
7.55956 1919 -12.9127 -0.294768
7.56216 1924 -13.0040 -0.296466
7.56424 1928 -12.9331 -0.294543
7.56631 1932 -12.8088 -0.291410
7.56890 1937 -13.0222 -0.295882
7.57096 1941 -12.5298 -0.284401
7.57302 1945 -12.3857 -0.280841
7.57558 1950 -11.9880 -0.271474
7.57763 1954 -11.8466 -0.267999
7.58019 1959 -12.3182 -0.278310
7.58223 1963 -12.0239 -0.271385
7.58426 1967 -12.3417 -0.278274
7.58680 1972 -12.5356 -0.282288
7.58883 1976 -12.8388 -0.288824
7.59136 1981 -13.0209 -0.292548
7.59337 1985 -12.4213 -0.278796
7.59589 1990 -12.0460 -0.270033
7.59790 1994 -12.1809 -0.272782
7.60040 1999 -12.6498 -0.282930
7.60240 2003 -12.7709 -0.285352
7.60489 2008 -12.0362 -0.268602
7.60688 2012 -12.1070 -0.269912
7.60937 2017 -12.2980 -0.273830
7.61135 2021 -12.5483 -0.279127
7.61382 2026 -12.5965 -0.279853
7.61579 2030 -12.2141 -0.271091
7.61825 2035 -12.2421 -0.271378
7.62071 2040 -11.6164 -0.257192
7.62266 2044 -11.6397 -0.257455
7.62511 2049 -11.5132 -0.254347
7.62706 2053 -11.5077 -0.253976
7.62949 2058 -11.5433 -0.254453
7.63192 2063 -11.8511 -0.260922
7.63385 2067 -12.0820 -0.265748
7.63627 2072 -11.3649 -0.249673
7.63868 2077 -11.7015 -0.256757
7.64060 2081 -11.4782 -0.251615
7.64300 2086 -11.1110 -0.243273
7.64540 2091 -11.4024 -0.249356
7.64731 2095 -11.3417 -0.247792
7.64969 2100 -11.8808 -0.259260
7.65207 2105 -12.4972 -0.272387
7.65444 2110 -12.8891 -0.280595
7.65634 2114 -12.9498 -0.281650
7.65870 2119 -12.8682 -0.279545
7.66106 2124 -12.8052 -0.277849
7.66341 2129 -13.2304 -0.286738
7.66528 2133 -13.4689 -0.291633
7.66763 2138 -12.7241 -0.275185
7.66996 2143 -12.6986 -0.274313
7.67229 2148 -12.5386 -0.270540
7.67462 2153 -12.7637 -0.275078
7.67694 2158 -12.6377 -0.272046
7.67879 2162 -12.3054 -0.264648
7.68110 2167 -12.1748 -0.261536
7.68340 2172 -11.7285 -0.251659
7.68570 2177 -12.3316 -0.264295
7.68800 2182 -12.0539 -0.258048
7.69029 2187 -12.1563 -0.259943
7.69257 2192 -11.7991 -0.252016
7.69485 2197 -12.2184 -0.260674
7.69712 2202 -12.3859 -0.263948
7.69939 2207 -12.4167 -0.264305
7.70165 2212 -12.0896 -0.257051
7.70391 2217 -11.7749 -0.250077
7.70616 2222 -11.6730 -0.247633
7.70841 2227 -11.2073 -0.237488
7.71065 2232 -11.1908 -0.236872
7.71289 2237 -11.5719 -0.244664
7.71512 2242 -11.6093 -0.245181
7.71735 2247 -11.5900 -0.244502
7.71957 2252 -11.1411 -0.234771
7.72179 2257 -11.4920 -0.241897
7.72400 2262 -11.4320 -0.240367
7.72621 2267 -11.7987 -0.247803
7.72842 2272 -11.1534 -0.233993
7.73061 2277 -11.3841 -0.238571
7.73281 2282 -11.5685 -0.242169
7.73543 2288 -12.2897 -0.256930
7.73762 2293 -12.2902 -0.256660
7.73979 2298 -12.2261 -0.255043
7.74197 2303 -12.5326 -0.261152
7.74414 2308 -12.5575 -0.261388
7.74630 2313 -12.1377 -0.252377
7.74889 2319 -11.5741 -0.240346
7.75105 2324 -10.9264 -0.226652
7.75319 2329 -11.0418 -0.228799
7.75534 2334 -11.1607 -0.231016
7.75791 2340 -11.2166 -0.231875
7.76004 2345 -11.4448 -0.236341
7.76217 2350 -11.3698 -0.234541
7.76430 2355 -11.7551 -0.242232
7.76684 2361 -11.5304 -0.237299
7.76896 2366 -11.6089 -0.238661
7.77107 2371 -11.4444 -0.235031
7.77359 2377 -11.7547 -0.241101
7.77570 2382 -11.2452 -0.230407
7.77779 2387 -11.9362 -0.244309
7.78030 2393 -12.3892 -0.253263
7.78239 2398 -12.9271 -0.263983
7.78489 2404 -12.6883 -0.258783
7.78697 2409 -13.3226 -0.271437
7.78904 2414 -12.9106 -0.262771
7.79152 2420 -13.6565 -0.277607
7.79359 2425 -13.6270 -0.276723
7.79606 2431 -13.7731 -0.279344
7.79811 2436 -13.7347 -0.278279
7.80057 2442 -14.8843 -0.301200
7.80262 2447 -14.8269 -0.299732
7.80507 2453 -14.7378 -0.297567
7.80710 2458 -14.0219 -0.282823
7.80954 2464 -14.1577 -0.285215
7.81157 2469 -14.3108 -0.288007
7.81400 2475 -14.3346 -0.288137
7.81642 2481 -13.8702 -0.278464
7.81843 2486 -14.0948 -0.282689
7.82084 2492 -13.7290 -0.275021
7.82285 2497 -13.4535 -0.269231
7.82525 2503 -13.0178 -0.260200
7.82764 2509 -13.3015 -0.265552
7.82963 2514 -12.8715 -0.256712
7.83201 2520 -13.5956 -0.270830
7.83439 2526 -13.9807 -0.278170
7.83637 2531 -14.9779 -0.297717
7.83874 2537 -15.0008 -0.297820
7.84110 2543 -15.0014 -0.297480
7.84306 2548 -14.7618 -0.292442
7.84542 2554 -14.7732 -0.292324
7.84776 2560 -14.1887 -0.280429
7.85010 2566 -13.9608 -0.275602
7.85205 2571 -14.6456 -0.288839
7.85438 2577 -14.8935 -0.293387
7.85671 2583 -15.1231 -0.297563
7.85903 2589 -15.1660 -0.298060
7.86134 2595 -15.6177 -0.306583
7.86365 2601 -15.0983 -0.296046
7.86557 2606 -15.0342 -0.294506
7.86787 2612 -15.1784 -0.296989
7.87017 2618 -15.3411 -0.299828
7.87246 2624 -15.2072 -0.296872
7.87474 2630 -15.2066 -0.296519
7.87702 2636 -14.8735 -0.289694
7.87929 2642 -14.9957 -0.291743
7.88156 2648 -14.8565 -0.288707
7.88382 2654 -14.9379 -0.289960
7.88608 2660 -15.0089 -0.291011
7.88833 2666 -14.4246 -0.279366
7.89058 2672 -14.3785 -0.278160
7.89283 2678 -14.3586 -0.277464
7.89506 2684 -14.1211 -0.272569
7.89730 2690 -13.0121 -0.250882
7.89952 2696 -12.5520 -0.241743
7.90175 2702 -12.1621 -0.233973
7.90397 2708 -12.3606 -0.237527
7.90618 2714 -11.7020 -0.224623
7.90839 2720 -11.4550 -0.219640
7.91059 2726 -11.4208 -0.218742
7.91279 2732 -10.8988 -0.208515
7.91535 2739 -10.6956 -0.204367
7.91754 2745 -10.8956 -0.207960
7.91972 2751 -11.6443 -0.222007
7.92190 2757 -11.4974 -0.218968
7.92407 2763 -11.6147 -0.220963
7.92660 2770 -11.9744 -0.227518
7.92877 2776 -11.9949 -0.227659
7.93093 2782 -11.8833 -0.225298
7.93308 2788 -11.4853 -0.217518
7.93559 2795 -12.3647 -0.233880
7.93773 2801 -11.9965 -0.226673
7.93987 2807 -11.8820 -0.224269
7.94236 2814 -12.0402 -0.226971
7.94449 2820 -11.8100 -0.222396
7.94662 2826 -11.8956 -0.223770
7.94909 2833 -12.3871 -0.232727
7.95121 2839 -13.1039 -0.245934
7.95332 2845 -13.1003 -0.245606
7.95578 2852 -13.1198 -0.245670
7.95788 2858 -13.9704 -0.261323
7.96032 2865 -13.9132 -0.259935
7.96242 2871 -13.6516 -0.254782
7.96485 2878 -13.5953 -0.253421
7.96693 2884 -13.9527 -0.259813
7.96936 2891 -13.5236 -0.251518
7.97143 2897 -13.0883 -0.243169
7.97384 2904 -13.1298 -0.243646
7.97591 2910 -12.6568 -0.234627
7.97831 2917 -12.8381 -0.237702
7.98037 2923 -12.9855 -0.240183
7.98276 2930 -12.7184 -0.234962
7.98480 2936 -12.8915 -0.237916
7.98718 2943 -12.7715 -0.235423
7.98956 2950 -13.2078 -0.243175
7.99159 2956 -13.3417 -0.245391
7.99396 2963 -14.1493 -0.259937
7.99632 2970 -13.8359 -0.253880
7.99834 2976 -13.1144 -0.240399
8.00068 2983 -13.5558 -0.248199
8.00303 2990 -13.2603 -0.242503
8.00503 2996 -13.0708 -0.238798
8.00737 3003 -13.1449 -0.239872
8.00970 3010 -12.8026 -0.233354
8.01202 3017 -12.8927 -0.234723
8.01434 3024 -12.3315 -0.224246
8.01632 3030 -12.2130 -0.221871
8.01863 3037 -12.5351 -0.227460
8.02093 3044 -12.3458 -0.223767
8.02322 3051 -12.6616 -0.229228
8.02552 3058 -12.8627 -0.232603
8.02780 3065 -12.8592 -0.232274
8.03008 3072 -12.3772 -0.223312
8.03204 3078 -12.5026 -0.225354
8.03431 3085 -12.8845 -0.231974
8.03657 3092 -13.3422 -0.239942
8.03883 3099 -13.7071 -0.246226
8.04109 3106 -13.3507 -0.239554
8.04334 3113 -13.8637 -0.248479
8.04559 3120 -14.4899 -0.259411
8.04783 3127 -15.0017 -0.268273
8.05007 3134 -14.9627 -0.267277
8.05230 3141 -15.1332 -0.270020
8.05452 3148 -15.2002 -0.270915
8.05706 3156 -14.9523 -0.266158
8.05928 3163 -15.0250 -0.267157
8.06149 3170 -15.3397 -0.272451
8.06369 3177 -14.5266 -0.257724
8.06589 3184 -14.2774 -0.253025
8.06809 3191 -15.0130 -0.265769
8.07028 3198 -14.4963 -0.256341
8.07278 3206 -14.4508 -0.255218
8.07496 3213 -15.2714 -0.269416
8.07714 3220 -15.0984 -0.266074
8.07931 3227 -15.9414 -0.280625
8.08178 3235 -16.4043 -0.288416
8.08395 3242 -15.5906 -0.273814
8.08610 3249 -15.6954 -0.275357
8.08856 3257 -15.6262 -0.273806
8.09071 3264 -14.8194 -0.259392
8.09285 3271 -15.1084 -0.264168
8.09529 3279 -15.1865 -0.265209
8.09743 3286 -14.4116 -0.251407
8.09955 3293 -15.1003 -0.263142
8.10198 3301 -15.8617 -0.276075
8.10410 3308 -15.2412 -0.264995
8.10651 3316 -14.8367 -0.257650
8.10862 3323 -15.7642 -0.273469
8.11103 3331 -15.9185 -0.275814
8.11313 3338 -15.9205 -0.275559
8.11552 3346 -16.1758 -0.279642
8.11761 3353 -16.6970 -0.288352
8.11999 3361 -16.7425 -0.288792
8.12207 3368 -16.5112 -0.284507
8.12445 3376 -15.9507 -0.274522
8.12652 3383 -15.7675 -0.271089
8.12888 3391 -15.7596 -0.270634
8.13124 3399 -15.8433 -0.271750
8.13329 3406 -15.8977 -0.272403
8.13564 3414 -15.7804 -0.270076
8.13798 3422 -15.8999 -0.271803
8.14002 3429 -16.6460 -0.284267
8.14235 3437 -15.9780 -0.272542
8.14468 3445 -15.3433 -0.261411
8.14700 3453 -15.6352 -0.266075
8.14902 3460 -15.1959 -0.258339
8.15133 3468 -14.9714 -0.254228
8.15364 3476 -15.4418 -0.261913
8.15594 3484 -15.1059 -0.255922
8.15823 3492 -14.4319 -0.244223
8.16052 3500 -14.4019 -0.243437
8.16252 3507 -14.5155 -0.245111
8.16479 3515 -14.3375 -0.241830
8.16707 3523 -14.6547 -0.246899
8.16934 3531 -14.8274 -0.249526
8.17160 3539 -14.9109 -0.250647
8.17386 3547 -14.1495 -0.237580
8.17611 3555 -13.7721 -0.230983
8.17836 3563 -14.1738 -0.237453
8.18060 3571 -13.4504 -0.225081
8.18284 3579 -13.0606 -0.218314
8.18507 3587 -13.4301 -0.224240
8.18730 3595 -13.2508 -0.221001
8.18952 3603 -13.3575 -0.222532
8.19202 3612 -13.3360 -0.221898
8.19423 3620 -13.2379 -0.220021
8.19644 3628 -13.1115 -0.217680
8.19864 3636 -13.0079 -0.215722
8.20084 3644 -12.9352 -0.214281
8.20303 3652 -12.7427 -0.210860
8.20549 3661 -12.3716 -0.204468
8.20767 3669 -12.4286 -0.205186
8.20985 3677 -11.8115 -0.194787
8.21203 3685 -11.3347 -0.186720
8.21447 3694 -11.9275 -0.196246
8.21663 3702 -12.2010 -0.200529
8.21879 3710 -12.9784 -0.213077
8.22121 3719 -13.9120 -0.228127
8.22336 3727 -12.8860 -0.211076
8.22550 3735 -12.8248 -0.209849
8.22791 3744 -12.4645 -0.203707
8.23004 3752 -11.9326 -0.194806
8.23244 3761 -12.5933 -0.205347
8.23456 3769 -12.5184 -0.203908
8.23695 3778 -12.3544 -0.200997
8.23907 3786 -12.5048 -0.203230
8.24144 3795 -12.7005 -0.206166
8.24355 3803 -13.5620 -0.219919
8.24591 3812 -13.5113 -0.218838
8.24801 3820 -14.0476 -0.227284
8.25036 3829 -15.2622 -0.246646
8.25271 3838 -15.3309 -0.247466
8.25479 3846 -15.7952 -0.254695
8.25713 3855 -15.9812 -0.257393
8.25946 3864 -15.7523 -0.253411
8.26153 3872 -16.4417 -0.264229
8.26385 3881 -15.8893 -0.255054
8.26616 3890 -15.4902 -0.248361
8.26848 3899 -15.9507 -0.255449
8.27053 3907 -15.5284 -0.248430
8.27283 3916 -15.4713 -0.247233
8.27512 3925 -14.7007 -0.234648
8.27741 3934 -14.3200 -0.228310
8.27970 3943 -15.1244 -0.240860
8.28198 3952 -15.5385 -0.247173
8.28400 3960 -15.5806 -0.247592
8.28627 3969 -15.1529 -0.240522
8.28853 3978 -15.1047 -0.239486
8.29079 3987 -15.3496 -0.243095
8.29305 3996 -15.2191 -0.240756
8.29530 4005 -16.0007 -0.252835
8.29754 4014 -14.9817 -0.236468
8.29978 4023 -14.6982 -0.231733
8.30202 4032 -14.2704 -0.224738
8.30425 4041 -14.5901 -0.229516
8.30672 4051 -14.0716 -0.221086
8.30894 4060 -13.2370 -0.207743
8.31115 4069 -13.7067 -0.214877
8.31336 4078 -13.4334 -0.210359
8.31557 4087 -13.8816 -0.217138
8.31777 4096 -12.7210 -0.198765
8.32020 4106 -12.5954 -0.196563
8.32239 4115 -12.6993 -0.197968
8.32458 4124 -12.4595 -0.194017
8.32676 4133 -13.3866 -0.208227
8.32918 4143 -13.3753 -0.207800
8.33135 4152 -13.3201 -0.206718
8.33351 4161 -14.2064 -0.220234
8.33591 4171 -14.9895 -0.232095
8.33807 4180 -15.5773 -0.240938
8.34046 4190 -15.2664 -0.235846
8.34260 4199 -14.9958 -0.231419
8.34474 4208 -14.9712 -0.230791
8.34712 4218 -15.2694 -0.235108
8.34925 4227 -16.1412 -0.248267
8.35161 4237 -16.4037 -0.252007
8.35397 4247 -16.9030 -0.259371
8.35609 4256 -16.9649 -0.260046
8.35843 4266 -17.3545 -0.265706
8.36054 4275 -17.4251 -0.266507
8.36288 4285 -17.1864 -0.262548
8.36521 4295 -16.4484 -0.250982
8.36730 4304 -15.7265 -0.239716
8.36962 4314 -16.1974 -0.246608
8.37194 4324 -15.6939 -0.238665
8.37402 4333 -16.3323 -0.248114
8.37632 4343 -15.6877 -0.238047
8.37862 4353 -15.6325 -0.236937
8.38092 4363 -15.7685 -0.238724
8.38320 4373 -15.6888 -0.237246
8.38526 4382 -15.5365 -0.234702
8.38754 4392 -15.7929 -0.238304
8.38981 4402 -15.9759 -0.240792
8.39208 4412 -16.7364 -0.251967
8.39435 4422 -17.6781 -0.265843
8.39661 4432 -16.9381 -0.254429
8.39886 4442 -16.8387 -0.252650
8.40111 4452 -16.3940 -0.245701
8.40335 4462 -16.7677 -0.251021
8.40559 4472 -16.7086 -0.249855
8.40782 4482 -16.4338 -0.245472
8.41005 4492 -16.8384 -0.251236
8.41228 4502 -16.9824 -0.253103
8.41450 4512 -17.0105 -0.253240
8.41693 4523 -17.0751 -0.253892
8.41914 4533 -17.2273 -0.255873
8.42134 4543 -17.4415 -0.258769
8.42354 4553 -18.0946 -0.268164
8.42574 4563 -17.5939 -0.260457
8.42814 4574 -17.4958 -0.258693
8.43033 4584 -17.4360 -0.257528
8.43251 4594 -17.9433 -0.264732
8.43490 4605 -18.3247 -0.270036
8.43707 4615 -17.6723 -0.260141
8.43923 4625 -17.8319 -0.262205
8.44161 4636 -17.4810 -0.256741
8.44376 4646 -18.0753 -0.265184
8.44613 4657 -18.9263 -0.277341
8.44827 4667 -18.1768 -0.266072
8.45063 4678 -17.1470 -0.250702
8.45276 4688 -17.0391 -0.248859
8.45510 4699 -16.5692 -0.241712
8.45723 4709 -16.2907 -0.237398
8.45956 4720 -15.5813 -0.226794
8.46189 4731 -16.3507 -0.237717
8.46400 4741 -15.3476 -0.222898
8.46632 4752 -15.5379 -0.225400
8.46863 4763 -15.3569 -0.222517
8.47073 4773 -15.7438 -0.227884
8.47303 4784 -15.5528 -0.224860
8.47533 4795 -15.7790 -0.227868
8.47762 4806 -15.2922 -0.220587
8.47991 4817 -16.1190 -0.232246
8.48198 4827 -16.3142 -0.234815
8.48426 4838 -16.4255 -0.236149
8.48653 4849 -15.3049 -0.219788
8.48879 4860 -15.1471 -0.217275
8.49105 4871 -14.6077 -0.209302
8.49331 4882 -14.6782 -0.210075
8.49556 4893 -14.8918 -0.212892
8.49781 4904 -14.7443 -0.210547
8.50005 4915 -14.6657 -0.209191
8.50228 4926 -14.6910 -0.209316
8.50451 4937 -15.6234 -0.222353
8.50674 4948 -15.5468 -0.221018
8.50916 4960 -16.3158 -0.231669
8.51138 4971 -17.7384 -0.251589
8.51359 4982 -17.3425 -0.245702
8.51579 4993 -17.9501 -0.254030
8.51799 5004 -17.1500 -0.242441
8.52039 5016 -17.7332 -0.250384
8.52258 5027 -17.6913 -0.249519
8.52476 5038 -17.0265 -0.239881
8.52714 5050 -15.9116 -0.223907
8.52932 5061 -16.4472 -0.231193
8.53149 5072 -16.4583 -0.231098
8.53385 5084 -15.6479 -0.219459
8.53601 5095 -16.3303 -0.228783
8.53837 5107 -16.4353 -0.229983
8.54052 5118 -16.2747 -0.227491
8.54286 5130 -16.5399 -0.230927
8.54500 5141 -16.0944 -0.224466
8.54733 5153 -15.7229 -0.219029
8.54947 5164 -15.4059 -0.214385
8.55179 5176 -15.0967 -0.209838
8.55410 5188 -14.6907 -0.203958
8.55622 5199 -15.1899 -0.210666
8.55853 5211 -15.1871 -0.210384
8.56083 5223 -14.9252 -0.206519
8.56312 5235 -15.3388 -0.211998
8.56522 5246 -14.9790 -0.206809
8.56751 5258 -15.4263 -0.212741
8.56979 5270 -14.9734 -0.206260
8.57206 5282 -15.9182 -0.219026
8.57433 5294 -15.9237 -0.218852
8.57659 5306 -16.6258 -0.228244
8.57885 5318 -16.0547 -0.220155
8.58111 5330 -16.0952 -0.220461
8.58336 5342 -16.2954 -0.222953
8.58560 5354 -15.9757 -0.218334
8.58784 5366 -16.9283 -0.231093
8.59007 5378 -17.0628 -0.232669
8.59230 5390 -16.6013 -0.226124
8.59452 5402 -16.8082 -0.228689
8.59674 5414 -17.2354 -0.234240
8.59896 5426 -16.6302 -0.225765
8.60135 5439 -16.9713 -0.230121
8.60355 5451 -16.8940 -0.228820
8.60575 5463 -17.2343 -0.233173
8.60795 5475 -16.7910 -0.226926
8.61032 5488 -16.5499 -0.223403
8.61250 5500 -16.6509 -0.224520
8.61486 5513 -16.0555 -0.216238
8.61704 5525 -15.1856 -0.204299
8.61921 5537 -14.9218 -0.200533
8.62155 5550 -14.6047 -0.196040
8.62371 5562 -14.7415 -0.197663
8.62605 5575 -15.3077 -0.205016
8.62820 5587 -16.7043 -0.223480
8.63052 5600 -16.5871 -0.221655
8.63284 5613 -17.1208 -0.228522
8.63498 5625 -16.8040 -0.224054
8.63728 5638 -17.0784 -0.227450
8.63959 5651 -17.1091 -0.227596
8.64171 5663 -16.7989 -0.223232
8.64400 5676 -16.9732 -0.225290
8.64629 5689 -17.1885 -0.227888
8.64857 5702 -16.9098 -0.223936
8.65085 5715 -17.3715 -0.229790
8.65295 5727 -16.8464 -0.222610
8.65521 5740 -17.1220 -0.225994
8.65748 5753 -16.6086 -0.218971
8.65973 5766 -16.1556 -0.212758
8.66199 5779 -16.1179 -0.212022
8.66423 5792 -15.3404 -0.201569
8.66647 5805 -15.2751 -0.200486
8.66871 5818 -14.7677 -0.193610
8.67094 5831 -15.0143 -0.196623
8.67334 5845 -14.5814 -0.190725
8.67556 5858 -13.3177 -0.174002
8.67778 5871 -13.9637 -0.182241
8.67999 5884 -13.8407 -0.180436
8.68220 5897 -14.0173 -0.182537
8.68457 5911 -13.3689 -0.173887
8.68677 5924 -13.5111 -0.175543
8.68896 5937 -13.9857 -0.181510
8.69131 5951 -15.0110 -0.194587
8.69350 5964 -15.7789 -0.204318
8.69584 5978 -16.3988 -0.212097
8.69801 5991 -16.4272 -0.212233
8.70018 6004 -17.0025 -0.219428
8.70251 6018 -17.5456 -0.226173
8.70483 6032 -17.4201 -0.224296
8.70699 6045 -17.2793 -0.222243
8.70930 6059 -18.1549 -0.233235
8.71144 6072 -18.1896 -0.233431
8.71375 6086 -17.4846 -0.224124
8.71604 6100 -16.4114 -0.210126
8.71817 6113 -17.5570 -0.224555
8.72046 6127 -18.0716 -0.230872
8.72274 6141 -19.4152 -0.247755
8.72502 6155 -20.1846 -0.257280
8.72729 6169 -19.3967 -0.246957
8.72956 6183 -19.8500 -0.252442
8.73182 6197 -19.4309 -0.246833
8.73408 6211 -19.7065 -0.250050
8.73617 6224 -19.5700 -0.248060
8.73858 6239 -20.3485 -0.257617
8.74082 6253 -20.5000 -0.259245
8.74305 6267 -19.9444 -0.251936
8.74528 6281 -19.1185 -0.241235
8.74751 6295 -19.9753 -0.251766
8.74973 6309 -19.5730 -0.246421
8.75195 6323 -18.7777 -0.236146
8.75432 6338 -17.0933 -0.214708
8.75653 6352 -15.6791 -0.196728
8.75873 6366 -14.8499 -0.186119
8.76092 6380 -14.8674 -0.186133
8.76327 6395 -15.0991 -0.188813
8.76546 6409 -14.5653 -0.181939
8.76780 6424 -15.2685 -0.190499
8.76997 6438 -15.1501 -0.188817
8.77230 6453 -15.2169 -0.189429
8.77447 6467 -15.2195 -0.189255
8.77678 6482 -15.1325 -0.187956
8.77894 6496 -15.5227 -0.192594
8.78125 6511 -15.5150 -0.192277
8.78355 6526 -16.4227 -0.203293
8.78569 6540 -16.8223 -0.208016
8.78798 6555 -18.0508 -0.222951
8.79027 6570 -17.1180 -0.211188
8.79255 6585 -17.1236 -0.211016
8.79467 6599 -16.7733 -0.206481
8.79694 6614 -16.5944 -0.204047
8.79921 6629 -17.7844 -0.218431
8.80147 6644 -17.4239 -0.213762
8.80372 6659 -18.1831 -0.222825
8.80597 6674 -17.2755 -0.211464
8.80822 6689 -17.0421 -0.208373
8.81046 6704 -16.6123 -0.202891
8.81269 6719 -16.6608 -0.203256
8.81492 6734 -15.8318 -0.192927
8.81730 6750 -14.6186 -0.177931
8.81952 6765 -14.2452 -0.173195
8.82173 6780 -13.6556 -0.165843
8.82394 6795 -14.0927 -0.170962
8.82629 6811 -13.5917 -0.164691
8.82849 6826 -12.9497 -0.156739
8.83069 6841 -13.8511 -0.167465
8.83303 6857 -13.4910 -0.162921
8.83521 6872 -13.8623 -0.167222
8.83754 6888 -14.4698 -0.174348
8.83971 6903 -15.0110 -0.180672
8.84203 6919 -14.9173 -0.179336
8.84419 6934 -15.0107 -0.180263
8.84650 6950 -16.1647 -0.193899
8.84865 6965 -16.6121 -0.199050
8.85095 6981 -16.1605 -0.193417
8.85324 6997 -17.3132 -0.206977
8.85552 7013 -16.1349 -0.192671
8.85766 7028 -15.3521 -0.183127
8.85993 7044 -15.2113 -0.181241
8.86220 7060 -13.9644 -0.166196
8.86446 7076 -13.5723 -0.161347
8.86672 7092 -13.4026 -0.159149
8.86898 7108 -13.6833 -0.162300
8.87122 7124 -14.2029 -0.168274
8.87347 7140 -14.8458 -0.175693
8.87571 7156 -14.5210 -0.171657
8.87794 7172 -15.4556 -0.182501
8.88017 7188 -15.1051 -0.178163
8.88239 7204 -14.4462 -0.170203
8.88475 7221 -13.2594 -0.156037
8.88696 7237 -13.9202 -0.163632
8.88917 7253 -14.1746 -0.166438
8.89151 7270 -14.9267 -0.175064
8.89371 7286 -15.3258 -0.179547
8.89590 7302 -15.5957 -0.182509
8.89823 7319 -15.8352 -0.185096
8.90041 7335 -16.0031 -0.186854
8.90273 7352 -16.3461 -0.190639
8.90490 7368 -16.7899 -0.195602
8.90721 7385 -16.6618 -0.193887
8.90951 7402 -15.5972 -0.181289
8.91166 7418 -15.4371 -0.179235
8.91395 7435 -16.2896 -0.188916
8.91624 7452 -16.0829 -0.186306
8.91838 7468 -16.4220 -0.190030
8.92066 7485 -17.8709 -0.206562
8.92292 7502 -17.2523 -0.199186
8.92519 7519 -16.8711 -0.194564
8.92745 7536 -16.3428 -0.188259
8.92970 7553 -16.6062 -0.191078
8.93195 7570 -16.6071 -0.190874
8.93419 7587 -16.6573 -0.191236
8.93643 7604 -16.5221 -0.189472
8.93866 7621 -17.4204 -0.199550
8.94089 7638 -16.9178 -0.193577
8.94324 7656 -18.1832 -0.207812
8.94546 7673 -18.4927 -0.211114
8.94768 7690 -18.9788 -0.216425
8.94988 7707 -18.7830 -0.213955
8.95222 7725 -18.9388 -0.215478
8.95442 7742 -18.0377 -0.205000
8.95674 7760 -17.2970 -0.196354
8.95893 7777 -17.1091 -0.194008
8.96124 7795 -16.7044 -0.189201
8.96342 7812 -16.6577 -0.188467
8.96572 7830 -17.0834 -0.193061
8.96789 7847 -17.4693 -0.197207
8.97018 7865 -17.8799 -0.201612
8.97246 7883 -18.0746 -0.203574
8.97462 7900 -17.4523 -0.196354
8.97689 7918 -17.0087 -0.191145
8.97916 7936 -16.8121 -0.188721
8.98143 7954 -18.4082 -0.206404
8.98369 7972 -18.1659 -0.203457
8.98595 7990 -18.6775 -0.208951
8.98820 8008 -18.4246 -0.205891
8.99044 8026 -18.2485 -0.203694
8.99268 8044 -18.4239 -0.205421
8.99492 8062 -17.7370 -0.197541
8.99715 8080 -16.7444 -0.186279
8.99937 8098 -16.3042 -0.181180
9.00172 8117 -16.6060 -0.184318
9.00393 8135 -17.3682 -0.192564
9.00614 8153 -16.4998 -0.182735
9.00847 8172 -16.8263 -0.186133
9.01067 8190 -17.3482 -0.191696
9.01286 8208 -18.0341 -0.199056
9.01518 8227 -18.6162 -0.205244
9.01736 8245 -17.7681 -0.195680
9.01966 8264 -18.2190 -0.200415
9.02196 8283 -19.0170 -0.208952
9.02413 8301 -19.8369 -0.217725
9.02642 8320 -20.1113 -0.220484
9.02870 8339 -18.9529 -0.207548
9.03085 8357 -19.2251 -0.210301
9.03313 8376 -19.6785 -0.215017
9.03539 8395 -19.4452 -0.212228
9.03765 8414 -19.7613 -0.215434
9.03991 8433 -20.5902 -0.224218
9.04216 8452 -20.5190 -0.223191
9.04440 8471 -20.7220 -0.225146
9.04664 8490 -18.7082 -0.203038
9.04888 8509 -18.6758 -0.202460
9.05111 8528 -17.8703 -0.193512
9.05345 8548 -18.6349 -0.201555
9.05567 8567 -18.7881 -0.202988
9.05789 8586 -17.4831 -0.188678
9.06010 8605 -18.2015 -0.196215
9.06242 8625 -16.1988 -0.174422
9.06462 8644 -15.6207 -0.168013
9.06693 8664 -15.9712 -0.171585
9.06912 8683 -16.7492 -0.179746
9.07142 8703 -16.8159 -0.180255
9.07360 8722 -16.3019 -0.174554
9.07589 8742 -16.6210 -0.177767
9.07818 8762 -16.9529 -0.181110
9.08035 8781 -18.7585 -0.200182
9.08262 8801 -19.0060 -0.202593
9.08489 8821 -18.3491 -0.195369
9.08716 8841 -18.9502 -0.201541
9.08941 8861 -19.3580 -0.205646
9.09167 8881 -19.5851 -0.207824
9.09392 8901 -19.9030 -0.210960
9.09616 8921 -20.5245 -0.217303
9.09840 8941 -20.2853 -0.214530
9.10064 8961 -20.3464 -0.214936
9.10287 8981 -21.8766 -0.230843
9.10509 9001 -21.7630 -0.229389
9.10742 9022 -21.5121 -0.226480
9.10964 9042 -20.3599 -0.214114
9.11185 9062 -20.2070 -0.212270
9.11416 9083 -20.7671 -0.217902
9.11636 9103 -20.4715 -0.214565
9.11866 9124 -19.1835 -0.200833
9.12085 9144 -18.4269 -0.192701
9.12315 9165 -18.7871 -0.196242
9.12533 9185 -18.4802 -0.192827
9.12761 9206 -18.4467 -0.192258
9.12989 9227 -18.4744 -0.192327
9.13216 9248 -18.8840 -0.196368
9.13443 9269 -18.5057 -0.192215
9.13659 9289 -19.0853 -0.198023
9.13884 9310 -20.0075 -0.207357
9.14110 9331 -20.0531 -0.207596
9.14335 9352 -19.2692 -0.199256
9.14559 9373 -18.8156 -0.194348
9.14783 9394 -18.5348 -0.191233
9.15017 9416 -19.2363 -0.198238
9.15239 9437 -19.3872 -0.199572
9.15462 9458 -18.5028 -0.190256
9.15683 9479 -18.7642 -0.192729
9.15915 9501 -19.1027 -0.195979
9.16136 9522 -18.7120 -0.191760
9.16367 9544 -18.6990 -0.191405
9.16587 9565 -17.7776 -0.181773
9.16816 9587 -16.3066 -0.166542
9.17035 9608 -15.6200 -0.159354
9.17264 9630 -15.8997 -0.162023
9.17482 9651 -15.3812 -0.156568
9.17709 9673 -15.2950 -0.155514
9.17937 9695 -15.5092 -0.157512
9.18163 9717 -16.2609 -0.164960
9.18389 9739 -16.9768 -0.172027
9.18615 9761 -16.5598 -0.167613
9.18840 9783 -16.1036 -0.162812
9.19065 9805 -16.7001 -0.168654
9.19289 9827 -17.5671 -0.177211
9.19513 9849 -18.8231 -0.189668
9.19736 9871 -18.8658 -0.189887
9.19958 9893 -18.7811 -0.188824
9.20190 9916 -19.9214 -0.200056
9.20412 9938 -20.4713 -0.205351
9.20633 9960 -20.6971 -0.207386
9.20864 9983 -20.1623 -0.201795
9.21084 10005 -19.8428 -0.198378
9.21314 10028 -20.1768 -0.201486
9.21533 10050 -19.4447 -0.193962
9.21761 10073 -19.5269 -0.194560
9.21989 10096 -19.9739 -0.198787
9.22207 10118 -19.9543 -0.198376
9.22434 10141 -20.3309 -0.201891
9.22661 10164 -20.9363 -0.207667
9.22887 10187 -20.8374 -0.206453
9.23112 10210 -19.6591 -0.194559
9.23337 10233 -18.7997 -0.185845
9.23562 10256 -18.2647 -0.180353
9.23786 10279 -18.9979 -0.187383
9.24009 10302 -18.6613 -0.183858
9.24232 10325 -18.6134 -0.183181
9.24455 10348 -18.3623 -0.180509
9.24687 10372 -18.2880 -0.179571
9.24908 10395 -18.6440 -0.182863
9.25139 10419 -17.9302 -0.175660
9.25359 10442 -18.6794 -0.182798
9.25579 10465 -18.3502 -0.179379
9.25808 10489 -18.9429 -0.184961
9.26037 10513 -18.6752 -0.182138
9.26255 10536 -18.8590 -0.183730
9.26483 10560 -19.0482 -0.185363
9.26710 10584 -20.1462 -0.195825
9.26936 10608 -19.9950 -0.194136
9.27162 10632 -19.8213 -0.192231
9.27388 10656 -20.2783 -0.196442
9.27613 10680 -21.1833 -0.204978
9.27837 10704 -21.5004 -0.207813
9.28061 10728 -21.9384 -0.211810
9.28285 10752 -21.9558 -0.211741
9.28508 10776 -21.2479 -0.204685
9.28730 10800 -21.7180 -0.208981
9.28961 10825 -20.6517 -0.198492
9.29183 10849 -19.6531 -0.188685
9.29404 10873 -18.3436 -0.175918
9.29633 10898 -18.2300 -0.174628
9.29853 10922 -19.0535 -0.182316
9.30082 10947 -19.3978 -0.185398
9.30310 10972 -20.6052 -0.196713
9.30529 10996 -21.5825 -0.205819
9.30756 11021 -22.1382 -0.210878
9.30982 11046 -21.9319 -0.208676
9.31208 11071 -19.4897 -0.185230
9.31434 11096 -19.2076 -0.182344
9.31659 11121 -19.3903 -0.183871
9.31884 11146 -19.5264 -0.184954
9.32108 11171 -17.6518 -0.167010
9.32331 11196 -17.0636 -0.161265
9.32554 11221 -19.3333 -0.182512
9.32786 11247 -19.1239 -0.180325
9.33008 11272 -20.0697 -0.189035
9.33229 11297 -20.8503 -0.196169
9.33459 11323 -21.5634 -0.202645
9.33680 11348 -20.5016 -0.192455
9.33909 11374 -20.4489 -0.191740
9.34128 11399 -20.4627 -0.191659
9.34356 11425 -19.3960 -0.181461
9.34583 11451 -19.8136 -0.185158
9.34810 11477 -19.7588 -0.184436
9.35028 11502 -19.8811 -0.185376
9.35253 11528 -19.9743 -0.186035
9.35479 11554 -19.9458 -0.185560
9.35703 11580 -19.6511 -0.182614
9.35928 11606 -20.6513 -0.191693
9.36152 11632 -19.6966 -0.182627
9.36383 11659 -19.7563 -0.182968
9.36606 11685 -19.9751 -0.184788
9.36828 11711 -20.3805 -0.188329
9.37059 11738 -20.8899 -0.192815
9.37280 11764 -20.6840 -0.190703
9.37509 11791 -20.9777 -0.193189
9.37729 11817 -19.8965 -0.183030
9.37958 11844 -20.3990 -0.187439
9.38177 11870 -21.2292 -0.194853
9.38404 11897 -21.4474 -0.196633
9.38631 11924 -20.6183 -0.188817
9.38857 11951 -19.8267 -0.181363
9.39083 11978 -20.6086 -0.188303
9.39308 12005 -20.3055 -0.185325
9.39533 12032 -20.4115 -0.186083
9.39757 12059 -20.5345 -0.186995
9.39980 12086 -21.5697 -0.196202
9.40203 12113 -20.4185 -0.185523
9.40426 12140 -19.5087 -0.177059
9.40656 12168 -19.2614 -0.174614
9.40878 12195 -18.4395 -0.166977
9.41107 12223 -18.0551 -0.163309
9.41328 12250 -17.2082 -0.155478
9.41556 12278 -18.2192 -0.164424
9.41776 12305 -17.8395 -0.160820
9.42003 12333 -18.1817 -0.163719
9.42230 12361 -16.9766 -0.152694
9.42456 12389 -16.6786 -0.149845
9.42682 12417 -16.0318 -0.143872
9.42899 12444 -15.8675 -0.142242
9.43124 12472 -16.3711 -0.146592
9.43356 12501 -16.0038 -0.143137
9.43580 12529 -15.6402 -0.139729
9.43803 12557 -16.0015 -0.142796
9.44026 12585 -15.3649 -0.136963
9.44256 12614 -14.2755 -0.127106
9.44478 12642 -14.4309 -0.128347
9.44699 12670 -13.8114 -0.122701
9.44928 12699 -15.9912 -0.141905
9.45156 12728 -17.1413 -0.151937
9.45376 12756 -16.0467 -0.142079
9.45603 12785 -16.0577 -0.142015
9.45829 12814 -15.6890 -0.138596
9.46055 12843 -16.9421 -0.149498
9.46273 12871 -17.6494 -0.155569
9.46498 12900 -17.2024 -0.151459
9.46731 12930 -18.0530 -0.158763
9.46955 12959 -18.1371 -0.159324
9.47178 12988 -16.8291 -0.147669
9.47401 13017 -19.3936 -0.169982
9.47624 13046 -20.2585 -0.177365
9.47853 13076 -18.9094 -0.165363
9.48075 13105 -20.3601 -0.177853
9.48304 13135 -21.0743 -0.183882
9.48524 13164 -19.9072 -0.173507
9.48752 13194 -18.1876 -0.158338
9.48979 13224 -17.9747 -0.156308
9.49198 13253 -19.2090 -0.166858
9.49424 13283 -20.2473 -0.175679
9.49650 13313 -19.0298 -0.164928
9.49875 13343 -18.7303 -0.162150
9.50099 13373 -18.3128 -0.158358
9.50323 13403 -17.3705 -0.150041
9.50547 13433 -17.0689 -0.147272
9.50777 13464 -17.4655 -0.150520
9.51000 13494 -16.7030 -0.143788
9.51222 13524 -17.1110 -0.147138
9.51451 13555 -17.2809 -0.148428
9.51672 13585 -18.4960 -0.158689
9.51900 13616 -17.7772 -0.152348
9.52127 13647 -18.4809 -0.158199
9.52347 13677 -19.2953 -0.164989
9.52573 13708 -18.6470 -0.159266
9.52799 13739 -18.2341 -0.155563
9.53025 13770 -18.8684 -0.160793
9.53250 13801 -18.8699 -0.160625
9.53474 13832 -17.9300 -0.152453
9.53698 13863 -18.0922 -0.153661
9.53921 13894 -17.2117 -0.146019
9.54151 13926 -17.6222 -0.149330
9.54374 13957 -16.9962 -0.143865
9.54603 13989 -17.6223 -0.148994
9.54824 14020 -17.9431 -0.151539
9.55052 14052 -18.5276 -0.156297
9.55272 14083 -19.4421 -0.163830
9.55499 14115 -19.8954 -0.167461
9.55726 14147 -20.1228 -0.169183
9.55952 14179 -18.2388 -0.153170
9.56177 14211 -19.3829 -0.162595
9.56402 14243 -19.7642 -0.165607
9.56627 14275 -20.9365 -0.175233
9.56850 14307 -20.8290 -0.174138
9.57074 14339 -21.0304 -0.175626
9.57297 14371 -19.5691 -0.163240
9.57526 14404 -20.4961 -0.170777
9.57748 14436 -22.2498 -0.185184
9.57976 14469 -22.0309 -0.183152
9.58197 14501 -22.5000 -0.186846
9.58425 14534 -22.7667 -0.188846
9.58645 14566 -23.8573 -0.197675
9.58871 14599 -24.0844 -0.199331
9.59097 14632 -24.8145 -0.205141
9.59322 14665 -25.0118 -0.206540
9.59547 14698 -24.9184 -0.205537
9.59771 14731 -24.6677 -0.203241
9.59995 14764 -26.1634 -0.215324
9.60225 14798 -24.8132 -0.203977
9.60447 14831 -23.5686 -0.193530
9.60670 14864 -22.9507 -0.188247
9.60898 14898 -22.9484 -0.188013
9.61119 14931 -23.0381 -0.188540
9.61347 14965 -22.3848 -0.182985
9.61574 14999 -23.7916 -0.194264
9.61794 15032 -23.2290 -0.189462
9.62020 15066 -23.8403 -0.194228
9.62245 15100 -23.6775 -0.192684
9.62470 15134 -22.8033 -0.185362
9.62694 15168 -22.2881 -0.180971
9.62918 15202 -20.0999 -0.163021
9.63148 15237 -20.2822 -0.164311
9.63371 15271 -22.4172 -0.181404
9.63593 15305 -21.0860 -0.170442
9.63822 15340 -19.4069 -0.156691
9.64043 15374 -19.5063 -0.157319
9.64271 15409 -20.4470 -0.164719
9.64498 15444 -21.1542 -0.170222
9.64724 15479 -21.9667 -0.176561
9.64943 15513 -22.9999 -0.184662
9.65169 15548 -22.0372 -0.176734
9.65394 15583 -21.5047 -0.172270
9.65618 15618 -20.5320 -0.164293
9.65848 15654 -20.8763 -0.166855
9.66072 15689 -20.2484 -0.161657
9.66294 15724 -20.2814 -0.161740
9.66523 15760 -21.0931 -0.168021
9.66745 15795 -22.4731 -0.178815
9.66973 15831 -23.8418 -0.189490
9.67193 15866 -23.2634 -0.184688
9.67420 15902 -21.1862 -0.168007
9.67646 15938 -21.7414 -0.172215
9.67872 15974 -20.7804 -0.164417
9.68097 16010 -20.2574 -0.160099
9.68321 16046 -19.9436 -0.157442
9.68546 16082 -18.6963 -0.147430
9.68769 16118 -18.4504 -0.145328
9.68992 16154 -17.8726 -0.140620
9.69221 16191 -19.2222 -0.151066
9.69443 16227 -19.4258 -0.152496
9.69671 16264 -17.7189 -0.138939
9.69892 16300 -18.6398 -0.145998
9.70119 16337 -20.4575 -0.160054
9.70345 16374 -20.4274 -0.159638
9.70571 16411 -20.9340 -0.163412
9.70796 16448 -20.0828 -0.156591
9.71021 16485 -19.2177 -0.149677
9.71245 16522 -18.1540 -0.141234
9.71469 16559 -18.0249 -0.140073
9.71692 16596 -17.0362 -0.132242
9.71920 16634 -15.9183 -0.123424
9.72143 16671 -15.2260 -0.117925
9.72370 16709 -14.7100 -0.113798
9.72591 16746 -15.4385 -0.119302
9.72818 16784 -15.2540 -0.117743
9.73044 16822 -16.4440 -0.126785
9.73270 16860 -16.2289 -0.124986
9.73495 16898 -16.4262 -0.126363
9.73720 16936 -17.0702 -0.131170
9.73944 16974 -17.9334 -0.137648
9.74167 17012 -17.6977 -0.135687
9.74391 17050 -18.2481 -0.139751
9.74619 17089 -16.3100 -0.124766
9.74841 17127 -17.1291 -0.130886
9.75069 17166 -18.2934 -0.139624
9.75290 17204 -17.2626 -0.131611
9.75516 17243 -18.1166 -0.137966
9.75742 17282 -18.3274 -0.139413
9.75967 17321 -17.6207 -0.133886
9.76192 17360 -17.2149 -0.130656
9.76417 17399 -17.9753 -0.136274
9.76641 17438 -17.2287 -0.130468
9.76864 17477 -15.7552 -0.119176
9.77093 17517 -15.1470 -0.114445
9.77315 17556 -16.8581 -0.127232
9.77543 17596 -17.0532 -0.128558
9.77764 17635 -17.3902 -0.130954
9.77991 17675 -17.4963 -0.131603
9.78217 17715 -18.3888 -0.138161
9.78442 17755 -18.6950 -0.140303
9.78667 17795 -17.9280 -0.134395
9.78892 17835 -17.5171 -0.131167
9.79116 17875 -18.9222 -0.141530
9.79339 17915 -18.8517 -0.140845
9.79568 17956 -18.6773 -0.139383
9.79790 17996 -19.9202 -0.148493
9.80018 18037 -18.2165 -0.135638
9.80240 18077 -17.9850 -0.133767
9.80466 18118 -17.9253 -0.133172
9.80692 18159 -17.2681 -0.128144
9.80918 18200 -16.7990 -0.124523
9.81143 18241 -16.7984 -0.124378
9.81367 18282 -17.0504 -0.126102
9.81591 18323 -16.0292 -0.118417
9.81815 18364 -17.3806 -0.128257
9.82038 18405 -17.9353 -0.132203
9.82266 18447 -17.3677 -0.127873
9.82488 18488 -17.7112 -0.130257
9.82715 18530 -18.7158 -0.137490
9.82941 18572 -21.0919 -0.154770
9.83167 18614 -22.7527 -0.166768
9.83387 18655 -22.3423 -0.163580
9.83612 18697 -22.7493 -0.166373
9.83842 18740 -22.5439 -0.164681
9.84065 18782 -21.3317 -0.155652
9.84289 18824 -21.6334 -0.157678
9.84512 18866 -23.4647 -0.170834
9.84739 18909 -23.5254 -0.171082
9.84966 18952 -23.2151 -0.168633
9.85188 18994 -22.8887 -0.166078
9.85414 19037 -25.4042 -0.184122
9.85640 19080 -25.1298 -0.181928
9.85865 19123 -25.5306 -0.184622
9.86089 19166 -25.0659 -0.181058
9.86313 19209 -25.2808 -0.182406
9.86537 19252 -25.1357 -0.181156
9.86765 19296 -27.3021 -0.196545
9.86988 19339 -28.2631 -0.203237
9.87215 19383 -28.6551 -0.205822
9.87437 19426 -29.3020 -0.210235
9.87663 19470 -28.9731 -0.207641
9.87889 19514 -28.6200 -0.204879
9.88114 19558 -28.5551 -0.204184
9.88339 19602 -30.4501 -0.217490
9.88563 19646 -29.3834 -0.209636
9.88787 19690 -28.5257 -0.203289
9.89015 19735 -27.7323 -0.197409
9.89238 19779 -28.6031 -0.203382
9.89465 19824 -29.0484 -0.206313
9.89687 19868 -27.1876 -0.192883
9.89913 19913 -26.7927 -0.189866
9.90139 19958 -25.2205 -0.178524
9.90364 20003 -27.6948 -0.195817
9.90588 20048 -25.6569 -0.181204
9.90813 20093 -23.9673 -0.169082
9.91036 20138 -23.0307 -0.162293
9.91260 20183 -22.4779 -0.158220
9.91487 20229 -23.0946 -0.162376
9.91709 20274 -21.4012 -0.150303
9.91936 20320 -22.9862 -0.161252
9.92162 20366 -23.0297 -0.161374
9.92388 20412 -22.2285 -0.155585
9.92613 20458 -21.5096 -0.150384
9.92838 20504 -20.1034 -0.140394
9.93062 20550 -20.2467 -0.141237
9.93285 20596 -21.5127 -0.149901
9.93513 20643 -22.5742 -0.157118
9.93736 20689 -22.3499 -0.155384
9.93963 20736 -22.7599 -0.158055
9.94184 20782 -22.8141 -0.158256
9.94410 20829 -22.2554 -0.154206
9.94636 20876 -22.2877 -0.154256
9.94860 20923 -22.0288 -0.152293
9.95085 20970 -20.7696 -0.143426
9.95309 21017 -22.6282 -0.156086
9.95537 21065 -22.6281 -0.155908
9.95760 21112 -21.3257 -0.146770
9.95987 21160 -22.2987 -0.153293
9.96209 21207 -23.7723 -0.163242
9.96435 21255 -23.4742 -0.161013
9.96660 21303 -22.3011 -0.152794
9.96885 21351 -19.1470 -0.131036
9.97110 21399 -19.7863 -0.135259
9.97334 21447 -18.7296 -0.127893
9.97558 21495 -19.7020 -0.134382
9.97785 21544 -20.1413 -0.137222
9.98008 21592 -20.6903 -0.140806
9.98234 21641 -20.2710 -0.137796
9.98461 21690 -19.4141 -0.131822
9.98686 21739 -20.2924 -0.137630
9.98907 21787 -19.3741 -0.131257
9.99136 21837 -19.5960 -0.132608
9.99360 21886 -19.7133 -0.133253
9.99584 21935 -17.5770 -0.118680
9.99807 21984 -16.1033 -0.108608
10.00034 22034 -17.2820 -0.116425
10.00261 22084 -15.4223 -0.103779
10.00482 22133 -17.0605 -0.114676
10.00708 22183 -16.4604 -0.110517
10.00933 22233 -17.9123 -0.120131
10.01158 22283 -17.5820 -0.117782
10.01382 22333 -19.1406 -0.128080
10.01610 22384 -19.9884 -0.133601
10.01833 22434 -18.7180 -0.124970
10.02056 22484 -17.6024 -0.117391
10.02282 22535 -18.2748 -0.121737
10.02509 22586 -19.8396 -0.132012
10.02734 22637 -19.8474 -0.131915
10.02959 22688 -19.2400 -0.127734
10.03184 22739 -19.3729 -0.128472
10.03408 22790 -18.0901 -0.119831
10.03631 22841 -16.8235 -0.111316
10.03859 22893 -17.5337 -0.115884
10.04081 22944 -16.9225 -0.111720
10.04308 22996 -16.8541 -0.111142
10.04533 23048 -16.2143 -0.106802
10.04759 23100 -15.4190 -0.101450
10.04984 23152 -15.2821 -0.100436
10.05208 23204 -14.8787 -0.097675
10.05432 23256 -13.6384 -0.089432
10.05655 23308 -13.1817 -0.086341
10.05882 23361 -12.8502 -0.084075
10.06105 23413 -14.2484 -0.093119
10.06331 23466 -14.9025 -0.097283
10.06556 23519 -15.0911 -0.098404
10.06781 23572 -15.2745 -0.099488
10.07006 23625 -17.4826 -0.113742
10.07230 23678 -16.1309 -0.104830
10.07458 23732 -18.6465 -0.121040
10.07681 23785 -16.9213 -0.109719
10.07908 23839 -16.5300 -0.107060
10.08130 23892 -16.7997 -0.108686
10.08356 23946 -17.3695 -0.112246
10.08581 24000 -17.9801 -0.116061
10.08806 24054 -18.6585 -0.120305
10.09030 24108 -20.2360 -0.130330
10.09254 24162 -20.3885 -0.131165
10.09481 24217 -19.4516 -0.124996
10.09704 24271 -19.3413 -0.124149
10.09930 24326 -19.0167 -0.121927
10.10156 24381 -20.8117 -0.133285
10.10381 24436 -20.8335 -0.133274
10.10606 24491 -22.2739 -0.142329
10.10830 24546 -21.7406 -0.138765
10.11054 24601 -22.5806 -0.143966
10.11282 24657 -23.7719 -0.151389
10.11504 24712 -25.5956 -0.162821
10.11731 24768 -24.5141 -0.155765
10.11957 24824 -24.5474 -0.155801
10.12178 24879 -25.6715 -0.162755
10.12403 24935 -24.3987 -0.154512
10.12631 24992 -23.9011 -0.151188
10.12855 25048 -26.5666 -0.167861
10.13078 25104 -26.8055 -0.169181
10.13305 25161 -26.8337 -0.169168
10.13527 25217 -26.4930 -0.166834
10.13753 25274 -26.7481 -0.168251
10.13978 25331 -30.2313 -0.189946
10.14203 25388 -29.8996 -0.187651
10.14427 25445 -30.9878 -0.194263
10.14655 25503 -29.5623 -0.185115
10.14878 25560 -29.0437 -0.181665
10.15105 25618 -28.8509 -0.180255
10.15327 25675 -30.4109 -0.189790
10.15553 25733 -28.0792 -0.175041
10.15778 25791 -28.0300 -0.174538
10.16003 25849 -30.3212 -0.188592
10.16227 25907 -31.4571 -0.195438
10.16454 25966 -31.5287 -0.195661
10.16677 26024 -33.4398 -0.207289
10.16904 26083 -32.0344 -0.198353
10.17126 26141 -29.3190 -0.181337
10.17351 26200 -27.3490 -0.168963
10.17576 26259 -28.5841 -0.176395
10.17801 26318 -29.0452 -0.179039
10.18029 26378 -29.5700 -0.182066
10.18252 26437 -30.3794 -0.186841
10.18479 26497 -31.2529 -0.191996
10.18701 26556 -30.6299 -0.187960
10.18927 26616 -31.1818 -0.191130
10.19152 26676 -29.2970 -0.179375
10.19377 26736 -29.1432 -0.178233
10.19601 26796 -26.8279 -0.163890
10.19828 26857 -27.9194 -0.170364
10.20051 26917 -26.4558 -0.161253
10.20278 26978 -23.6464 -0.143966
10.20500 27038 -25.6433 -0.155951
10.20725 27099 -26.5575 -0.161328
10.20950 27160 -24.5454 -0.148938
10.21178 27222 -25.4569 -0.154293
10.21402 27283 -23.6994 -0.143480
10.21625 27344 -22.6336 -0.136874
10.21852 27406 -24.9555 -0.150745
10.22078 27468 -25.1307 -0.151632
10.22300 27529 -22.9524 -0.138335
10.22524 27591 -23.7866 -0.143202
10.22753 27654 -22.9988 -0.138301
10.22977 27716 -23.6923 -0.142312
10.23200 27778 -24.2907 -0.145744
10.23427 27841 -23.9121 -0.143309
10.23649 27903 -25.2665 -0.151258
10.23874 27966 -24.8974 -0.148881
10.24099 28029 -25.7053 -0.153539
10.24324 28092 -25.8297 -0.154109
10.24552 28156 -27.0391 -0.161141
10.24775 28219 -24.9051 -0.148258
10.25002 28283 -26.4819 -0.157466
10.25224 28346 -24.5157 -0.145612
10.25450 28410 -22.6597 -0.134437
10.25675 28474 -22.0801 -0.130851
10.25899 28538 -20.0646 -0.118773
10.26123 28602 -18.3952 -0.108769
10.26350 28667 -17.7779 -0.105000
10.26573 28731 -16.7550 -0.098848
10.26799 28796 -16.0724 -0.094714
10.27025 28861 -16.1550 -0.095093
10.27250 28926 -14.5089 -0.085308
10.27474 28991 -16.1069 -0.094597
10.27698 29056 -16.1553 -0.094775
10.27925 29122 -15.8191 -0.092698
10.28148 29187 -15.4052 -0.090172
10.28374 29253 -14.0195 -0.081968
10.28599 29319 -14.5664 -0.085070
10.28824 29385 -14.5036 -0.084608
10.29048 29451 -14.4272 -0.084068
10.29272 29517 -13.8184 -0.080431
10.29499 29584 -15.2267 -0.088528
10.29722 29650 -17.2684 -0.100286
10.29947 29717 -19.4501 -0.112829
10.30173 29784 -19.4127 -0.112485
10.30397 29851 -20.0796 -0.116219
10.30622 29918 -20.0474 -0.115902
10.30849 29986 -19.9527 -0.115224
10.31072 30053 -21.3441 -0.123121
10.31298 30121 -20.8941 -0.120390
10.31523 30189 -19.6318 -0.112989
10.31748 30257 -17.4520 -0.100330
10.31973 30325 -18.0612 -0.103716
10.32197 30393 -18.8515 -0.108133
10.32424 30462 -19.0552 -0.109178
10.32647 30530 -20.3370 -0.116392
10.32872 30599 -19.3967 -0.110886
10.33098 30668 -17.3179 -0.098890
10.33322 30737 -19.0943 -0.108911
10.33546 30806 -18.7368 -0.106753
10.33773 30876 -20.6554 -0.117550
10.33997 30945 -19.1754 -0.109006
10.34223 31015 -21.0233 -0.119376
10.34448 31085 -21.9213 -0.124334
10.34673 31155 -21.7061 -0.122976
10.34897 31225 -22.0138 -0.124579
10.35121 31295 -19.7149 -0.111444
10.35345 31365 -19.6903 -0.111181
10.35571 31436 -20.4654 -0.115427
10.35797 31507 -21.8928 -0.123338
10.36022 31578 -23.4446 -0.131932
10.36246 31649 -22.2456 -0.125044
10.36470 31720 -23.8383 -0.133847
10.36697 31792 -24.0507 -0.134887
10.36920 31863 -25.1313 -0.140790
10.37146 31935 -26.0930 -0.146013
10.37371 32007 -27.6494 -0.154548
10.37596 32079 -26.2067 -0.146319
10.37820 32151 -27.5253 -0.153509
10.38047 32224 -26.7227 -0.148864
10.38270 32296 -27.3333 -0.152096
10.38496 32369 -24.3866 -0.135546
10.38721 32442 -22.5745 -0.125333
10.38946 32515 -21.5096 -0.119287
10.39170 32588 -21.9179 -0.121414
10.39394 32661 -24.6157 -0.136206
10.39620 32735 -26.2801 -0.145251
10.39846 32809 -25.9525 -0.143279
10.40071 32883 -26.0163 -0.143470
10.40296 32957 -26.5094 -0.146024
10.40520 33031 -26.4908 -0.145759
10.40744 33105 -26.3058 -0.144579
10.40970 33180 -27.0222 -0.148348
10.41193 33254 -25.8737 -0.141885
10.41418 33329 -24.0680 -0.131834
10.41643 33404 -22.3252 -0.122151
10.41870 33480 -22.5091 -0.123017
10.42094 33555 -23.1379 -0.126312
10.42320 33631 -23.2976 -0.127040
10.42543 33706 -24.7171 -0.134630
10.42768 33782 -23.6732 -0.128799
10.42993 33858 -26.2358 -0.142582
10.43217 33934 -29.1883 -0.158450
10.43444 34011 -30.4648 -0.165192
10.43667 34087 -30.6633 -0.166083
10.43893 34164 -32.8333 -0.177635
10.44118 34241 -30.6218 -0.165485
10.44343 34318 -31.9441 -0.172437
10.44567 34395 -32.9783 -0.177820
10.44793 34473 -32.6087 -0.175628
10.45019 34551 -33.5568 -0.180531
10.45242 34628 -32.6471 -0.175441
10.45467 34706 -31.4423 -0.168776
10.45691 34784 -31.2646 -0.167634
10.45918 34863 -32.1125 -0.171985
10.46142 34941 -31.5754 -0.168920
10.46367 35020 -32.1280 -0.171682
10.46593 35099 -29.9944 -0.160100
10.46818 35178 -30.3292 -0.161706
10.47042 35257 -29.9605 -0.159561
10.47266 35336 -32.4638 -0.172700
10.47492 35416 -29.6295 -0.157443
10.47718 35496 -28.5692 -0.151638
10.47943 35576 -30.1472 -0.159834
10.48167 35656 -26.8506 -0.142196
10.48391 35736 -26.8685 -0.142131
10.48618 35817 -27.2668 -0.144075
10.48841 35897 -28.5107 -0.150480
10.49066 35978 -26.5259 -0.139847
10.49291 36059 -28.3910 -0.149511
10.49516 36140 -26.7501 -0.140712
10.49742 36222 -24.5975 -0.129242
10.49966 36303 -23.6170 -0.123952
10.50191 36385 -20.8351 -0.109228
10.50416 36467 -18.9153 -0.099052
10.50641 36549 -17.5032 -0.091555
10.50865 36631 -18.6483 -0.097435
10.51091 36714 -20.9762 -0.109474
10.51314 36796 -20.5216 -0.106982
10.51540 36879 -18.7814 -0.097800
10.51765 36962 -18.6907 -0.097218
10.51992 37046 -22.1359 -0.115008
10.52215 37129 -21.9861 -0.114102
10.52441 37213 -20.1650 -0.104532
10.52664 37296 -18.5652 -0.096132
10.52889 37380 -18.7908 -0.097191
10.53116 37465 -18.0292 -0.093146
10.53340 37549 -17.2674 -0.089110
10.53564 37633 -17.2377 -0.088858
10.53789 37718 -15.4306 -0.079453
10.54014 37803 -16.1359 -0.082991
10.54239 37888 -16.3990 -0.084250
10.54466 37974 -19.0805 -0.097914
10.54689 38059 -20.7139 -0.106178
10.54915 38145 -19.6441 -0.100580
10.55140 38231 -17.3363 -0.088664
10.55365 38317 -19.8700 -0.101508
10.55589 38403 -19.2374 -0.098167
10.55815 38490 -18.7726 -0.095686
10.56039 38576 -16.4281 -0.083643
10.56264 38663 -16.4938 -0.083883
10.56489 38750 -14.7616 -0.074989
10.56713 38837 -14.3693 -0.072914
10.56939 38925 -14.4783 -0.073384
10.57162 39012 -16.5628 -0.083856
10.57388 39100 -17.9293 -0.090672
10.57613 39188 -17.5767 -0.088789
10.57839 39277 -17.8770 -0.090204
10.58063 39365 -20.3077 -0.102354
10.58289 39454 -21.5115 -0.108299
10.58512 39542 -21.1686 -0.106454
10.58739 39632 -21.1069 -0.106023
10.58964 39721 -22.7394 -0.114096
10.59187 39810 -20.3642 -0.102064
10.59413 39900 -18.1976 -0.091102
10.59638 39990 -16.3053 -0.081537
10.59863 40080 -17.5087 -0.087456
10.60088 40170 -18.8937 -0.094269
10.60311 40260 -19.0939 -0.095161
10.60537 40351 -20.7179 -0.103138
10.60762 40442 -18.9827 -0.094393
10.60987 40533 -21.2060 -0.105330
10.61211 40624 -24.6105 -0.122104
10.61438 40716 -24.3692 -0.120770
10.61661 40807 -24.1555 -0.119577
10.61886 40899 -24.8370 -0.122813
10.62111 40991 -23.9343 -0.118216
10.62337 41084 -23.0448 -0.113694
10.62561 41176 -23.8846 -0.117705
10.62787 41269 -24.0434 -0.118354
10.63012 41362 -25.9474 -0.127583
10.63236 41455 -23.7070 -0.116436
10.63460 41548 -23.1487 -0.113567
10.63686 41642 -24.5267 -0.120191
10.63912 41736 -22.9494 -0.112335
10.64137 41830 -22.9066 -0.112000
10.64361 41924 -19.6170 -0.095808
10.64585 42018 -20.9277 -0.102095
10.64811 42113 -23.5160 -0.114592
10.65037 42208 -23.4312 -0.114051
10.65261 42303 -23.4905 -0.114211
10.65486 42398 -23.0790 -0.112084
10.65709 42493 -22.9501 -0.111333
10.65935 42589 -22.4717 -0.108890
10.66160 42685 -23.6692 -0.114564
10.66385 42781 -26.7126 -0.129149
10.66609 42877 -27.3770 -0.132213
10.66835 42974 -25.6595 -0.123778
10.67061 43071 -25.0109 -0.120514
10.67285 43168 -23.1252 -0.111302
10.67510 43265 -19.3392 -0.092976
10.67734 43362 -19.8703 -0.095422
10.67960 43460 -18.4822 -0.088656
10.68185 43558 -17.6747 -0.084687
10.68410 43656 -17.6760 -0.084598
10.68634 43754 -17.3001 -0.082706
10.68860 43853 -17.6665 -0.084363
10.69085 43952 -17.0737 -0.081440
10.69310 44051 -16.7916 -0.080005
10.69535 44150 -16.0304 -0.076292
10.69759 44249 -16.8837 -0.080263
10.69985 44349 -18.8370 -0.089448
10.70210 44449 -19.8350 -0.094081
10.70434 44549 -21.4042 -0.101410
10.70659 44649 -23.8193 -0.112726
10.70885 44750 -24.4775 -0.115710
10.71108 44850 -25.2314 -0.119141
10.71333 44951 -27.4896 -0.129658
10.71559 45053 -29.6040 -0.139472
10.71783 45154 -30.1122 -0.141708
10.72009 45256 -30.2981 -0.142422
10.72234 45358 -27.6214 -0.129694
10.72459 45460 -29.5061 -0.138387
10.72683 45562 -28.7963 -0.134907
10.72909 45665 -30.5152 -0.142799
10.73132 45767 -29.6239 -0.138473
10.73359 45871 -32.3553 -0.151069
10.73583 45974 -27.4956 -0.128235
10.73807 46077 -29.0747 -0.135448
10.74032 46181 -30.5380 -0.142105
10.74257 46285 -29.2059 -0.135753
10.74482 46389 -28.3837 -0.131784
10.74708 46494 -28.6262 -0.132760
10.74931 46598 -29.3005 -0.135735
10.75156 46703 -29.1804 -0.135026
10.75383 46809 -30.4870 -0.140913
10.75607 46914 -34.6356 -0.159908
10.75833 47020 -35.1257 -0.161988
10.76056 47125 -34.3910 -0.158423
10.76283 47232 -34.0793 -0.156810
10.76507 47338 -34.2501 -0.157419
10.76733 47445 -34.6797 -0.159213
10.76956 47551 -33.9437 -0.155661
10.77181 47658 -35.2722 -0.161572
10.77407 47766 -31.5420 -0.144321
10.77631 47873 -32.0916 -0.146671
10.77856 47981 -31.9836 -0.146013
10.78081 48089 -32.8489 -0.149795
10.78305 48197 -33.1681 -0.151081
10.78531 48306 -28.6438 -0.130326
10.78756 48415 -26.7887 -0.121748
10.78981 48524 -23.7271 -0.107713
10.79206 48633 -23.5552 -0.106812
10.79430 48742 -22.6301 -0.102503
10.79655 48852 -19.1314 -0.086558
10.79880 48962 -20.2646 -0.091582
10.80104 49072 -19.4465 -0.087786
10.80330 49183 -19.4176 -0.087556
10.80556 49294 -19.0358 -0.085738
10.80781 49405 -17.9666 -0.080831
10.81005 49516 -16.2541 -0.073045
10.81229 49627 -16.0807 -0.072185
10.81454 49739 -17.4780 -0.078369
10.81679 49851 -19.2501 -0.086218
10.81904 49963 -23.6287 -0.105710
10.82130 50076 -20.8937 -0.093369
10.82355 50189 -20.9352 -0.093449
10.82580 50302 -19.4761 -0.086838
10.82804 50415 -19.0520 -0.084852
10.83030 50529 -19.0218 -0.084622
10.83254 50642 -19.2343 -0.085471
10.83479 50756 -20.1457 -0.089421
10.83705 50871 -20.9150 -0.092730
10.83929 50985 -23.7248 -0.105071
10.84154 51100 -25.5620 -0.113080
10.84379 51215 -23.9372 -0.105773
10.84603 51330 -26.6998 -0.117848
10.84829 51446 -27.1467 -0.119685
10.85054 51562 -24.3616 -0.107285
10.85279 51678 -24.9930 -0.109943
10.85503 51794 -24.7264 -0.108648
10.85729 51911 -22.4042 -0.098333
10.85954 52028 -23.8588 -0.104600
10.86178 52145 -24.7076 -0.108199
10.86402 52262 -23.8621 -0.104379
10.86628 52380 -21.9455 -0.095888
10.86853 52498 -22.1073 -0.096486
10.87078 52616 -19.4830 -0.084937
10.87303 52735 -19.9676 -0.086951
10.87527 52853 -18.2434 -0.079354
10.87752 52972 -18.9793 -0.082462
10.87978 53092 -14.6843 -0.063729
10.88202 53211 -17.1589 -0.074386
10.88427 53331 -17.4957 -0.075760
10.88652 53451 -19.6468 -0.084979
10.88876 53571 -19.0807 -0.082438
10.89102 53692 -20.6799 -0.089247
10.89327 53813 -23.9335 -0.103172
10.89552 53934 -21.0913 -0.090818
10.89778 54056 -23.1713 -0.099662
10.90001 54177 -20.4871 -0.088018
10.90226 54299 -22.0679 -0.094703
10.90452 54422 -21.4109 -0.091780
10.90676 54544 -18.8075 -0.080530
10.90902 54667 -19.8095 -0.084725
10.91126 54790 -17.8401 -0.076216
10.91351 54913 -19.2827 -0.082287
10.91576 55037 -19.5798 -0.083461
10.91801 55161 -21.9671 -0.093531
10.92026 55285 -21.5304 -0.091569
10.92252 55410 -22.3152 -0.094800
10.92475 55534 -22.8629 -0.097018
10.92702 55660 -22.6356 -0.095944
10.92926 55785 -23.7498 -0.100555
10.93150 55910 -19.9268 -0.084274
10.93375 56036 -23.2366 -0.098161
10.93601 56163 -29.0388 -0.122533
10.93825 56289 -28.2290 -0.118983
10.94051 56416 -27.6538 -0.116427
10.94276 56543 -27.7726 -0.116796
10.94500 56670 -27.7764 -0.116681
10.94726 56798 -28.2918 -0.118712
10.94951 56926 -27.5366 -0.115413
10.95175 57054 -28.0784 -0.117552
10.95399 57182 -27.2305 -0.113874
10.95625 57311 -26.9373 -0.112521
10.95850 57440 -28.4648 -0.118768
10.96074 57569 -30.4665 -0.126978
10.96300 57699 -30.0403 -0.125060
10.96525 57829 -32.7760 -0.136296
10.96749 57959 -30.3464 -0.126051
10.96975 58090 -31.0119 -0.128670
10.97198 58220 -31.2798 -0.129637
10.97425 58352 -32.6467 -0.135149
10.97649 58483 -32.8132 -0.135686
10.97875 58615 -35.1152 -0.145041
10.98100 58747 -35.8501 -0.147910
10.98324 58879 -34.7713 -0.143298
10.98548 59011 -33.6480 -0.138514
10.98773 59144 -32.2962 -0.132799
10.98999 59278 -34.8960 -0.143327
10.99223 59411 -35.9405 -0.147452
10.99449 59545 -34.4902 -0.141342
10.99674 59679 -33.9957 -0.139160
10.99898 59813 -36.9544 -0.151101
11.00123 59948 -33.7042 -0.137657
11.00348 60083 -35.2846 -0.143949
11.00573 60218 -36.2620 -0.147771
11.00798 60354 -33.3059 -0.135571
11.01023 60490 -35.1884 -0.143073
11.01248 60626 -37.2346 -0.151223
11.01472 60762 -40.0613 -0.162521
11.01697 60899 -37.8018 -0.153182
11.01922 61036 -35.4589 -0.143526
11.02148 61174 -35.1190 -0.141990
11.02373 61312 -32.5290 -0.131371
11.02598 61450 -30.6127 -0.123492
11.02822 61588 -28.1393 -0.113388
11.03048 61727 -27.7426 -0.111663
11.03273 61866 -28.3126 -0.113829
11.03497 62005 -29.0855 -0.116806
11.03723 62145 -28.2452 -0.113303
11.03946 62284 -24.4666 -0.098036
11.04172 62425 -27.7355 -0.111009
11.04396 62565 -28.2592 -0.112978
11.04621 62706 -26.2549 -0.104847
11.04846 62847 -28.1485 -0.112283
11.05072 62989 -25.3940 -0.101181
11.05297 63131 -24.7968 -0.098690
11.05521 63273 -25.1965 -0.100169
11.05746 63415 -27.8223 -0.110483
11.05971 63558 -24.9261 -0.098871
11.06196 63701 -24.4468 -0.096861
11.06421 63845 -24.8583 -0.098380
11.06645 63988 -27.4542 -0.108532
11.06871 64133 -30.8155 -0.121683
11.07096 64277 -28.8551 -0.113814
11.07321 64422 -23.5358 -0.092728
11.07546 64567 -22.3870 -0.088103
11.07770 64712 -22.8826 -0.089953
11.07996 64858 -23.4813 -0.092202
11.08220 65004 -21.9960 -0.086273
11.08445 65150 -22.3000 -0.087367
11.08670 65297 -20.9505 -0.081987
11.08895 65444 -18.1046 -0.070771
11.09119 65591 -19.2584 -0.075197
11.09345 65739 -19.2501 -0.075080
11.09570 65887 -18.5044 -0.072090
11.09794 66035 -21.6773 -0.084357
11.10019 66184 -21.3589 -0.083024
11.10244 66333 -23.3128 -0.090517
11.10470 66483 -22.0289 -0.085435
11.10694 66632 -20.8690 -0.080847
11.10919 66782 -24.8727 -0.096249
11.11145 66933 -24.2731 -0.093822
11.11369 67083 -29.1716 -0.112630
11.11593 67234 -28.2041 -0.108772
11.11819 67386 -30.0379 -0.115714
11.12045 67538 -28.6654 -0.110302
11.12269 67690 -25.2620 -0.097097
11.12494 67842 -23.9419 -0.091920
11.12719 67995 -22.1344 -0.084885
11.12944 68148 -22.9540 -0.087929
11.13168 68301 -24.7984 -0.094888
11.13393 68455 -29.3919 -0.112338
11.13618 68609 -26.8832 -0.102634
11.13844 68764 -25.0926 -0.095690
11.14069 68919 -24.1125 -0.091849
11.14293 69074 -27.5970 -0.105004
11.14518 69229 -24.3778 -0.092651
11.14743 69385 -22.8157 -0.086616
11.14967 69541 -25.7318 -0.097578
11.15193 69698 -29.7811 -0.112805
11.15418 69855 -25.6528 -0.097059
11.15642 70012 -22.6998 -0.085790
11.15868 70170 -24.8216 -0.093703
11.16093 70328 -21.9709 -0.082848
11.16317 70486 -24.3603 -0.091755
11.16542 70645 -21.4930 -0.080864
11.16767 70804 -23.6408 -0.088845
11.16991 70963 -21.7507 -0.081650
11.17217 71123 -24.1687 -0.090625
11.17441 71283 -23.5014 -0.088024
11.17667 71444 -24.5625 -0.091894
11.17892 71605 -21.0146 -0.078533
11.18117 71766 -20.5246 -0.076615
11.18342 71928 -23.2792 -0.086800
11.18567 72090 -23.8806 -0.088942
11.18792 72252 -25.7626 -0.095844
11.19017 72415 -27.0114 -0.100377
11.19242 72578 -24.6538 -0.091513
11.19466 72741 -24.0164 -0.089047
11.19691 72905 -23.9306 -0.088629
11.19916 73069 -26.0751 -0.096463
11.20142 73234 -30.5578 -0.112919
11.20365 73398 -30.7226 -0.113401
11.20591 73564 -34.0620 -0.125585
11.20815 73729 -32.4290 -0.119430
11.21040 73895 -30.7710 -0.113197
11.21266 74062 -29.3891 -0.107991
11.21491 74229 -32.3813 -0.118852
11.21716 74396 -31.0230 -0.113739
11.21940 74563 -29.9765 -0.109779
11.22165 74731 -30.2244 -0.110562
11.22390 74899 -28.8138 -0.105284
11.22615 75068 -27.7699 -0.101356
11.22840 75237 -30.9092 -0.112686
11.23064 75406 -28.8687 -0.105129
11.23289 75576 -30.1479 -0.109664
11.23514 75746 -32.1217 -0.116713
11.23740 75917 -29.9225 -0.108600
11.23965 76088 -31.3516 -0.113658
11.24189 76259 -30.7973 -0.111524
11.24414 76431 -26.5162 -0.095913
11.24639 76603 -26.2505 -0.094845
11.24865 76776 -27.3818 -0.098821
11.25089 76948 -26.1411 -0.094238
11.25314 77122 -23.7712 -0.085598
11.25538 77295 -23.5406 -0.084673
11.25763 77469 -24.3006 -0.087308
11.25989 77644 -24.3650 -0.087440
11.26214 77819 -19.3859 -0.069493
11.26439 77994 -16.8210 -0.060231
11.26664 78170 -14.8545 -0.053130
11.26889 78346 -16.2996 -0.058233
11.27113 78522 -15.5563 -0.055515
11.27339 78699 -17.2256 -0.061403
11.27563 78876 -17.6986 -0.063018
11.27789 79054 -19.1486 -0.068104
11.28014 79232 -20.6511 -0.073366
11.28238 79410 -19.1119 -0.067821
11.28463 79589 -23.6556 -0.083851
11.28688 79768 -25.2974 -0.089570
11.28913 79948 -28.6532 -0.101337
11.29138 80128 -27.1368 -0.095866
11.29362 80308 -25.5779 -0.090258
11.29588 80489 -26.8578 -0.094668
11.29812 80670 -26.1507 -0.092072
11.30038 80852 -24.1243 -0.084842
11.30262 81034 -26.1195 -0.091755
11.30487 81216 -27.7629 -0.097419
11.30712 81399 -27.9041 -0.097804
11.30936 81582 -25.2023 -0.088235
11.31162 81766 -25.4554 -0.089021
11.31386 81950 -28.4275 -0.099303
11.31612 82135 -26.5457 -0.092625
11.31837 82320 -26.7249 -0.093146
11.32061 82505 -26.4224 -0.091988
11.32287 82691 -26.6342 -0.092621
11.32511 82877 -25.9186 -0.090031
11.32737 83064 -23.9106 -0.082963
11.32962 83251 -26.0161 -0.090167
11.33186 83438 -24.6360 -0.085288
11.33411 83626 -29.5241 -0.102095
11.33636 83814 -29.1614 -0.100728
11.33861 84003 -30.4243 -0.104972
11.34086 84192 -27.4212 -0.094504
11.34311 84382 -27.3180 -0.094043
11.34536 84572 -24.8488 -0.085446
11.34760 84762 -27.1956 -0.093411
11.34985 84953 -27.7839 -0.095324
11.35210 85144 -28.1377 -0.096430
11.35435 85336 -25.9485 -0.088827
11.35660 85528 -25.9037 -0.088574
11.35885 85721 -23.4664 -0.080150
11.36110 85914 -22.9415 -0.078269
11.36335 86107 -23.8293 -0.081207
11.36560 86301 -25.5761 -0.087062
11.36785 86496 -28.3723 -0.096471
11.37009 86690 -30.6584 -0.104127
11.37235 86886 -29.6752 -0.100674
11.37459 87081 -25.8708 -0.087669
11.37684 87277 -28.5497 -0.096639
11.37910 87474 -29.6980 -0.100412
11.38135 87671 -31.7321 -0.107169
11.38359 87868 -29.9096 -0.100901
11.38584 88066 -31.3640 -0.105688
11.38809 88264 -30.4976 -0.102653
11.39034 88463 -33.5997 -0.112968
11.39259 88662 -30.4357 -0.102215
11.39484 88862 -31.4738 -0.105582
11.39709 89062 -27.6751 -0.092735
11.39934 89263 -24.2989 -0.081330
11.40159 89464 -22.9899 -0.076862
11.40384 89665 -23.8080 -0.079508
11.40609 89867 -24.5479 -0.081887
11.40833 90069 -23.7680 -0.079196
11.41058 90272 -20.4760 -0.068150
11.41283 90475 -22.9574 -0.076324
11.41508 90679 -23.1427 -0.076853
11.41733 90883 -20.8300 -0.069095
11.41958 91088 -25.2609 -0.083699
11.42183 91293 -26.2162 -0.086766
11.42408 91499 -30.1537 -0.099686
11.42633 91705 -27.7700 -0.091702
11.42858 91911 -26.1570 -0.086279
11.43083 92118 -25.3744 -0.083603
11.43307 92325 -24.8082 -0.081646
11.43532 92533 -22.7810 -0.074890
11.43758 92742 -21.9637 -0.072122
11.43982 92950 -23.3072 -0.076448
11.44207 93160 -22.7981 -0.074694
11.44433 93370 -24.4369 -0.079973
11.44657 93580 -27.5030 -0.089906
11.44882 93791 -26.8211 -0.087578
11.45107 94002 -25.7578 -0.084012
11.45331 94213 -24.6228 -0.080220
11.45556 94425 -21.6286 -0.070386
11.45781 94638 -20.5128 -0.066680
11.46006 94851 -21.6004 -0.070136
11.46232 95065 -27.6255 -0.089598
11.46456 95279 -36.9034 -0.119555
11.46681 95493 -35.7670 -0.115744
11.46906 95708 -37.3105 -0.120603
11.47131 95924 -36.4574 -0.117713
11.47356 96140 -30.4756 -0.098288
11.47580 96356 -30.2428 -0.097428
11.47805 96573 -28.1725 -0.090656
11.48031 96791 -27.1078 -0.087132
11.48256 97009 -26.0313 -0.083578
11.48480 97227 -26.0469 -0.083534
11.48705 97446 -25.1931 -0.080705
11.48931 97666 -27.0775 -0.086644
11.49155 97885 -26.2603 -0.083935
11.49380 98106 -26.2880 -0.083928
11.49605 98327 -29.0381 -0.092604
11.49830 98548 -27.1225 -0.086398
11.50055 98770 -29.5729 -0.094098
11.50279 98992 -32.0127 -0.101747
11.50504 99215 -34.1400 -0.108386
11.50730 99439 -34.3504 -0.108931
11.50955 99663 -33.2116 -0.105202
11.51179 99887 -31.5864 -0.099941
11.51404 100112 -30.1257 -0.095213
11.51629 100337 -31.5609 -0.099637
11.51854 100563 -32.5019 -0.102492
11.52079 100790 -35.7550 -0.112623
11.52304 101017 -34.7358 -0.109290
11.52529 101244 -35.6601 -0.112072
11.52754 101472 -33.5857 -0.105434
11.52979 101701 -29.7405 -0.093258
11.53204 101930 -30.4913 -0.095505
11.53429 102159 -30.1244 -0.094250
11.53653 102389 -29.1073 -0.090965
11.53879 102620 -26.3680 -0.082312
11.54104 102851 -21.3916 -0.066702
11.54328 103082 -24.4515 -0.076158
11.54554 103315 -21.8650 -0.068025
11.54778 103547 -22.3587 -0.069483
11.55003 103780 -18.6665 -0.057944
11.55228 104014 -21.7545 -0.067453
11.55453 104248 -21.8905 -0.067799
11.55678 104483 -19.0775 -0.059020
11.55903 104718 -16.1980 -0.050055
11.56128 104954 -16.8742 -0.052086
11.56352 105190 -15.9302 -0.049117
11.56577 105427 -17.8253 -0.054899
11.56803 105665 -21.2373 -0.065333
11.57028 105903 -22.3143 -0.068569
11.57252 106141 -19.6066 -0.060181
11.57477 106380 -25.3540 -0.077735
11.57703 106620 -27.0829 -0.082942
11.57927 106860 -29.8363 -0.091272
11.58152 107100 -26.1012 -0.079756
11.58377 107341 -26.0234 -0.079429
11.58602 107583 -26.0631 -0.079461
11.58826 107825 -25.8436 -0.078703
11.59052 108068 -25.7141 -0.078221
11.59276 108311 -28.6567 -0.087074
11.59501 108555 -29.4755 -0.089462
11.59727 108800 -25.4055 -0.077022
11.59952 109045 -24.4696 -0.074101
11.60176 109290 -22.6901 -0.068635
11.60401 109536 -25.0104 -0.075569
11.60626 109783 -26.9051 -0.081202
11.60851 110030 -28.8853 -0.087081
11.61076 110278 -30.5624 -0.092033
11.61301 110526 -27.8873 -0.083883
11.61526 110775 -24.8550 -0.074678
11.61751 111025 -28.9593 -0.086912
11.61976 111275 -29.1549 -0.087400
11.62200 111525 -29.1336 -0.087238
11.62425 111776 -27.1944 -0.081340
11.62650 112028 -30.5253 -0.091200
11.62875 112280 -28.3503 -0.084607
11.63100 112533 -30.2310 -0.090118
11.63325 112786 -32.7411 -0.097491
11.63550 113040 -34.1327 -0.101521
11.63775 113295 -32.8118 -0.097482
11.64000 113550 -31.3047 -0.092900
11.64225 113806 -29.9329 -0.088729
11.64450 114062 -27.3982 -0.081125
11.64675 114319 -30.2761 -0.089545
11.64899 114576 -32.2444 -0.095259
11.65124 114834 -31.5723 -0.093169
11.65350 115093 -32.1381 -0.094732
11.65574 115352 -32.1997 -0.094807
11.65800 115612 -28.5076 -0.083842
11.66024 115872 -32.0461 -0.094142
11.66249 116133 -32.4753 -0.095296
11.66474 116394 -32.3401 -0.094793
11.66699 116657 -29.9424 -0.087666
11.66924 116919 -28.7810 -0.084171
11.67148 117182 -25.1564 -0.073488
11.67373 117446 -27.1023 -0.079084
11.67599 117711 -25.9171 -0.075540
11.67824 117976 -28.3515 -0.082543
11.68048 118241 -27.4649 -0.079872
11.68274 118508 -25.8668 -0.075140
11.68499 118775 -28.5094 -0.082723
11.68723 119042 -27.8216 -0.080637
11.68948 119310 -33.4122 -0.096731
11.69173 119579 -32.4916 -0.093960
11.69398 119848 -35.0656 -0.101290
11.69623 120118 -32.0900 -0.092590
11.69848 120388 -30.8006 -0.088770
11.70072 120659 -29.4145 -0.084680
11.70298 120931 -28.5008 -0.081957
11.70522 121203 -28.7557 -0.082598
11.70747 121476 -31.0409 -0.089061
11.70973 121750 -32.1584 -0.092164
11.71197 122024 -32.2750 -0.092394
11.71422 122299 -36.0098 -0.102970
11.71647 122574 -35.1320 -0.100347
11.71872 122850 -35.0020 -0.099863
11.72097 123127 -31.2800 -0.089144
11.72322 123404 -29.0878 -0.082803
11.72547 123682 -27.3973 -0.077903
11.72771 123960 -26.6274 -0.075629
11.72996 124239 -26.8897 -0.076288
11.73221 124519 -25.6386 -0.072657
11.73447 124800 -25.7602 -0.072919
11.73672 125081 -29.4216 -0.083190
11.73896 125362 -22.7724 -0.064317
11.74122 125645 -25.9487 -0.073205
11.74346 125927 -25.4387 -0.071686
11.74571 126211 -24.4999 -0.068963
11.74796 126495 -25.3681 -0.071326
11.75021 126780 -29.8745 -0.083902
11.75245 127065 -26.7403 -0.075016
11.75471 127352 -24.2308 -0.067899
11.75695 127638 -21.0846 -0.059017
11.75921 127926 -20.1793 -0.056419
11.76146 128214 -21.8806 -0.061107
11.76371 128503 -23.9365 -0.066773
11.76595 128792 -26.7418 -0.074516
11.76820 129082 -25.0834 -0.069816
11.77045 129373 -27.0427 -0.075184
11.77270 129664 -29.3695 -0.081562
11.77495 129956 -29.2134 -0.081037
11.77720 130248 -28.2414 -0.078253
11.77945 130542 -25.0756 -0.069403
11.78170 130836 -24.6369 -0.068112
11.78394 131130 -24.7001 -0.068210
11.78620 131426 -25.2626 -0.069685
11.78844 131721 -27.3775 -0.075434
11.79069 132018 -30.0027 -0.082574
11.79294 132315 -29.7130 -0.081685
11.79519 132613 -28.1497 -0.077300
11.79744 132912 -30.7021 -0.084214
11.79969 133211 -31.5305 -0.086389
11.80194 133511 -26.3670 -0.072161
11.80419 133812 -21.9148 -0.059909
11.80644 134113 -24.5969 -0.067165
11.80869 134415 -29.1931 -0.079626
11.81094 134718 -26.0690 -0.071025
11.81319 135021 -26.5406 -0.072229
11.81543 135325 -29.0667 -0.079014
11.81769 135630 -30.2384 -0.082107
11.81993 135935 -29.0236 -0.078720
11.82218 136241 -29.1575 -0.078994
11.82443 136548 -26.2051 -0.070916
11.82668 136855 -24.6633 -0.066668
11.82893 137164 -24.0831 -0.065027
11.83118 137472 -28.2706 -0.076248
11.83343 137782 -27.4468 -0.073943
11.83568 138092 -29.3526 -0.078988
11.83792 138403 -33.1998 -0.089241
11.84018 138715 -29.6043 -0.079486
11.84242 139027 -29.8649 -0.080096
11.84467 139340 -28.7806 -0.077101
11.84692 139654 -32.0931 -0.085879
11.84917 139968 -28.9115 -0.077278
11.85142 140284 -25.5787 -0.068293
11.85367 140600 -26.0384 -0.069442
11.85592 140916 -25.6486 -0.068326
11.85817 141233 -24.5304 -0.065273
11.86042 141551 -25.6053 -0.068057
11.86267 141870 -27.7638 -0.073711
11.86492 142190 -27.4391 -0.072767
11.86717 142510 -29.9487 -0.079333
11.86942 142831 -32.6414 -0.086369
11.87166 143152 -34.7808 -0.091926
11.87392 143475 -27.2463 -0.071932
11.87616 143798 -26.5938 -0.070130
11.87841 144121 -31.5403 -0.083081
11.88066 144446 -30.2812 -0.079675
11.88291 144771 -31.0807 -0.081686
11.88516 145097 -34.8789 -0.091566
11.88741 145424 -39.8186 -0.104416
11.88965 145751 -33.5076 -0.087768
11.89191 146080 -29.7638 -0.077874
11.89415 146408 -30.2384 -0.079027
11.89640 146738 -27.6289 -0.072126
11.89866 147069 -24.9922 -0.065169
11.90091 147400 -25.6799 -0.066888
11.90316 147732 -23.0946 -0.060086
11.90540 148064 -22.9566 -0.059660
11.90765 148398 -17.7535 -0.046086
11.90990 148732 -17.4246 -0.045182
11.91215 149067 -21.8215 -0.056519
11.91440 149402 -27.4088 -0.070911
11.91665 149739 -26.3140 -0.068002
11.91890 150076 -27.9433 -0.072131
11.92115 150414 -31.3541 -0.080844
11.92340 150753 -29.9258 -0.077075
11.92564 151092 -28.6207 -0.073631
11.92789 151432 -27.2168 -0.069940
11.93014 151773 -24.2462 -0.062237
11.93239 152115 -19.1693 -0.049150
11.93464 152457 -21.8476 -0.055954
11.93689 152801 -19.7970 -0.050645
11.93914 153145 -22.0972 -0.056466
11.94139 153490 -23.0008 -0.058709
11.94364 153835 -24.6658 -0.062888
11.94589 154182 -25.8392 -0.065806
11.94814 154529 -29.2999 -0.074535
11.95039 154877 -29.3462 -0.074569
11.95264 155226 -29.4890 -0.074848
11.95488 155575 -29.8106 -0.075579
11.95713 155925 -30.6503 -0.077621
11.95938 156276 -34.0127 -0.086039
11.96163 156628 -36.4276 -0.092044
11.96388 156981 -37.0804 -0.093588
11.96613 157335 -35.1123 -0.088521
11.96838 157689 -35.8104 -0.090180
11.97063 158044 -36.7865 -0.092534
11.97288 158400 -34.1315 -0.085759
11.97512 158756 -37.5822 -0.094323
11.97738 159114 -34.9161 -0.087533
11.97962 159472 -38.9348 -0.097498
11.98187 159831 -38.6937 -0.096785
11.98412 160191 -37.0007 -0.092447
11.98637 160552 -36.1203 -0.090145
11.98862 160913 -36.4811 -0.090944
11.99087 161276 -37.3053 -0.092894
11.99312 161639 -40.9909 -0.101956
11.99537 162003 -41.8167 -0.103894
11.99762 162368 -39.5561 -0.098167
11.99987 162733 -39.4727 -0.097850
12.00212 163100 -38.0430 -0.094199
12.00437 163467 -42.6392 -0.105462
12.00662 163835 -41.1920 -0.101768
12.00886 164204 -42.9487 -0.105988
12.01112 164574 -38.8597 -0.095790
12.01336 164944 -34.3481 -0.084573
12.01561 165316 -37.3860 -0.091950
12.01786 165688 -33.8171 -0.083079
12.02011 166061 -31.4836 -0.077259
12.02236 166435 -33.5133 -0.082148
12.02461 166810 -31.5746 -0.077308
12.02686 167185 -31.9157 -0.078056
12.02911 167562 -36.5987 -0.089408
12.03136 167939 -32.2940 -0.078804
12.03360 168317 -34.6903 -0.084556
12.03585 168696 -38.0881 -0.092734
12.03810 169076 -31.5614 -0.076756
12.04035 169457 -34.2436 -0.083186
12.04260 169838 -32.3513 -0.078501
12.04485 170221 -32.2880 -0.078259
12.04710 170604 -30.1559 -0.073009
12.04935 170988 -27.8291 -0.067300
12.05160 171373 -33.3562 -0.080576
12.05385 171759 -31.7240 -0.076547
12.05610 172146 -33.2206 -0.080068
12.05834 172533 -36.5968 -0.088106
12.06060 172922 -37.5680 -0.090343
12.06284 173311 -37.4517 -0.089962
12.06509 173701 -35.2184 -0.084502
12.06734 174093 -32.5959 -0.078122
12.06959 174485 -35.7586 -0.085605
12.07184 174877 -30.0138 -0.071772
12.07409 175271 -27.0667 -0.064652
12.07634 175666 -30.7084 -0.073268
12.07859 176061 -34.0416 -0.081129
12.08084 176458 -30.9892 -0.073772
12.08309 176855 -33.1282 -0.078775
12.08533 177253 -26.9429 -0.063995
12.08759 177653 -25.5811 -0.060692
12.08984 178053 -26.9913 -0.063966
12.09208 178453 -31.2072 -0.073874
12.09433 178855 -30.0871 -0.071143
12.09658 179258 -28.2176 -0.066647
12.09883 179662 -30.8243 -0.072722
12.10108 180066 -26.6350 -0.062768
12.10333 180472 -21.6713 -0.051013
12.10558 180878 -21.2371 -0.049935
12.10783 181285 -19.2142 -0.045127
12.11008 181694 -12.8328 -0.030106
12.11233 182103 -13.3015 -0.031170
12.11458 182513 -17.4870 -0.040932
12.11683 182924 -17.8963 -0.041843
12.11908 183336 -24.0571 -0.056185
12.12132 183748 -25.7481 -0.060067
12.12357 184162 -30.1246 -0.070197
12.12582 184577 -30.7099 -0.071481
12.12807 184992 -31.2229 -0.072593
12.13032 185409 -31.1697 -0.072388
12.13257 185826 -27.1060 -0.062880
12.13482 186245 -23.1167 -0.053565
12.13707 186664 -18.0539 -0.041787
12.13932 187085 -14.7524 -0.034107
12.14157 187506 -9.0378 -0.020872
12.14381 187928 -11.6147 -0.026793
12.14606 188351 -14.6513 -0.033759
12.14831 188775 -14.1858 -0.032650
12.15056 189200 -15.8701 -0.036485
12.15281 189626 -12.9474 -0.029733
12.15506 190053 -12.8106 -0.029385
12.15731 190481 -14.4845 -0.033188
12.15956 190910 -15.4189 -0.035289
12.16181 191340 -12.6106 -0.028829
12.16406 191771 -16.7773 -0.038312
12.16631 192203 -21.8102 -0.049748
12.16856 192636 -26.0875 -0.059438
12.17080 193069 -25.8831 -0.058906
12.17305 193504 -27.0781 -0.061556
12.17530 193940 -31.7201 -0.072028
12.17755 194376 -29.3838 -0.066648
12.17980 194814 -35.1922 -0.079733
12.18205 195253 -35.9206 -0.081291
12.18430 195692 -33.5256 -0.075786
12.18655 196133 -27.7113 -0.062572
12.18880 196575 -30.4635 -0.068709
12.19105 197017 -35.4868 -0.079949
12.19330 197461 -34.1322 -0.076811
12.19555 197906 -34.9834 -0.078638
12.19779 198351 -35.6512 -0.080049
12.20004 198798 -31.9873 -0.071742
12.20229 199245 -34.6735 -0.077679
12.20454 199694 -35.5697 -0.079597
12.20679 200144 -31.1454 -0.069618
12.20904 200594 -35.6247 -0.079541
12.21129 201046 -34.3106 -0.076521
12.21354 201499 -33.0779 -0.073689
12.21579 201952 -28.6886 -0.063839
12.21804 202407 -33.7352 -0.074984
12.22029 202863 -33.6698 -0.074755
12.22254 203320 -40.8156 -0.090518
12.22479 203778 -42.7729 -0.094752
12.22703 204236 -43.8555 -0.097042
12.22928 204696 -37.9711 -0.083926
12.23153 205157 -41.6799 -0.092020
12.23378 205619 -39.2924 -0.086652
12.23603 206082 -38.5552 -0.084930
12.23828 206546 -29.8301 -0.065637
12.24053 207011 -28.3996 -0.062419
12.24278 207477 -36.4624 -0.080050
12.24503 207945 -40.0054 -0.087729
12.24728 208413 -40.9937 -0.089796
12.24952 208882 -49.0922 -0.107414
12.25177 209352 -49.2820 -0.107708
12.25402 209824 -53.3659 -0.116503
12.25627 210296 -61.7218 -0.134593
12.25852 210770 -59.8815 -0.130433
12.26077 211244 -59.8477 -0.130213
12.26302 211720 -54.7376 -0.118961
12.26527 212197 -65.2275 -0.141599
12.26752 212675 -64.8485 -0.140618
12.26977 213154 -63.6101 -0.137778
12.27201 213633 -56.7034 -0.122680
12.27427 214115 -50.9530 -0.110115
12.27652 214597 -47.7241 -0.103021
12.27877 215080 -48.0912 -0.103697
12.28101 215564 -46.3651 -0.099863
12.28327 216050 -43.6631 -0.093937
12.28551 216536 -41.6774 -0.089564
12.28776 217024 -35.0352 -0.075206
12.29001 217512 -37.1796 -0.079719
12.29226 218002 -30.0125 -0.064279
12.29451 218493 -28.0676 -0.060046
12.29676 218985 -21.6275 -0.046217
12.29901 219478 -17.3856 -0.037110
12.30126 219972 -16.9696 -0.036182
12.30350 220467 -20.2705 -0.043171
12.30576 220964 -27.6734 -0.058871
12.30800 221461 -26.0864 -0.055433
12.31025 221960 -29.1884 -0.061954
12.31250 222460 -24.8366 -0.052658
12.31475 222961 -20.8404 -0.044136
12.31700 223463 -21.2655 -0.044986
12.31925 223966 -19.7036 -0.041635
12.32150 224470 -14.8917 -0.031432
12.32375 224976 -17.4722 -0.036837
12.32600 225482 -13.1210 -0.027632
12.32825 225990 -12.9379 -0.027216
12.33050 226499 -17.1772 -0.036093
12.33274 227009 -17.4981 -0.036726
12.33499 227520 -24.6860 -0.051754
12.33724 228032 -27.0932 -0.056736
12.33949 228546 -26.7628 -0.055982
12.34174 229061 -25.0255 -0.052289
12.34399 229576 -23.7341 -0.049535
12.34624 230093 -20.0311 -0.041759
12.34849 230611 -22.4823 -0.046817
12.35074 231131 -31.2500 -0.065001
12.35299 231651 -34.8733 -0.072456
12.35524 232173 -29.6511 -0.061537
12.35748 232695 -27.9372 -0.057915
12.35973 233219 -22.2194 -0.046010
12.36199 233745 -23.8005 -0.049228
12.36423 234271 -20.2382 -0.041813
12.36648 234798 -25.8827 -0.053415
12.36873 235327 -27.3262 -0.056330
12.37098 235857 -24.8210 -0.051109
12.37323 236388 -26.2183 -0.053925
12.37548 236920 -24.1086 -0.049530
12.37773 237454 -22.6629 -0.046508
12.37998 237988 -24.6013 -0.050429
12.38223 238524 -23.2444 -0.047594
12.38447 239061 -19.6746 -0.040239
12.38673 239600 -25.4709 -0.052036
12.38897 240139 -24.0452 -0.049068
12.39122 240680 -28.2540 -0.057592
12.39347 241222 -26.4991 -0.053954
12.39572 241765 -24.3027 -0.049426
12.39797 242309 -17.1597 -0.034860
12.40022 242855 -13.4171 -0.027226
12.40247 243402 -10.0438 -0.020358
12.40472 243950 -14.8546 -0.030075
12.40697 244499 -11.3244 -0.022902
12.40922 245050 -6.3551 -0.012838
12.41147 245602 -12.6506 -0.025527
12.41372 246155 -5.9847 -0.012062
12.41596 246709 -14.3794 -0.028950
12.41821 247264 -14.6244 -0.029410
12.42046 247821 -19.6046 -0.039381
12.42271 248379 -14.6336 -0.029363
12.42496 248938 -11.0758 -0.022199
12.42721 249499 -13.3853 -0.026797
12.42946 250061 -8.0585 -0.016115
12.43171 250624 -7.7849 -0.015550
12.43396 251188 -9.9623 -0.019877
12.43621 251754 -10.6429 -0.021211
12.43846 252321 -14.9944 -0.029850
12.44071 252889 -20.0127 -0.039796
12.44295 253458 -18.5486 -0.036843
12.44520 254029 -23.3683 -0.046365
12.44745 254601 -31.4982 -0.062425
12.44970 255174 -34.7718 -0.068835
12.45195 255749 -35.4520 -0.070103
12.45420 256325 -34.1425 -0.067437
12.45645 256902 -33.9915 -0.067064
12.45870 257480 -29.5858 -0.058306
12.46095 258060 -34.2908 -0.067502
12.46320 258641 -36.2183 -0.071216
12.46545 259224 -32.9814 -0.064779
12.46769 259807 -31.2304 -0.061271
12.46994 260392 -31.6356 -0.061996
12.47220 260979 -32.8346 -0.064273
12.47444 261566 -28.0434 -0.054833
12.47669 262155 -23.4142 -0.045730
12.47894 262745 -29.0620 -0.056697
12.48119 263337 -31.1573 -0.060716
12.48344 263930 -36.0489 -0.070169
12.48569 264524 -37.9445 -0.073776
12.48794 265120 -42.6504 -0.082833
12.49019 265717 -49.6260 -0.096272
12.49244 266315 -50.3149 -0.097499
12.49469 266915 -49.7868 -0.096367
12.49693 267516 -44.6246 -0.086278
12.49918 268118 -42.3735 -0.081833
12.50143 268722 -49.0581 -0.094637
12.50368 269327 -56.7040 -0.109263
12.50593 269934 -54.0165 -0.103968
12.50818 270541 -56.9601 -0.109510
12.51043 271151 -52.5674 -0.100951
12.51268 271761 -54.0282 -0.103640
12.51493 272373 -52.2008 -0.100022
12.51718 272986 -47.2489 -0.090432
12.51943 273601 -52.6241 -0.100606
12.52168 274217 -46.4282 -0.088661
12.52393 274835 -43.8337 -0.083613
12.52617 275453 -36.2906 -0.069147
12.52842 276074 -33.2992 -0.063375
12.53067 276695 -34.6361 -0.065846
12.53292 277318 -25.9860 -0.049346
12.53517 277943 -28.1794 -0.053451
12.53742 278569 -27.9878 -0.053028
12.53967 279196 -32.7792 -0.062036
12.54192 279824 -29.0247 -0.054869
12.54417 280455 -32.9636 -0.062245
12.54642 281086 -33.3183 -0.062844
12.54867 281719 -33.5488 -0.063208
12.55091 282353 -35.2796 -0.066394
12.55316 282989 -39.5573 -0.074360
12.55541 283626 -36.6122 -0.068747
12.55766 284265 -38.9087 -0.072977
12.55991 284905 -37.1678 -0.069633
12.56216 285547 -38.5227 -0.072090
12.56441 286190 -39.0666 -0.073026
12.56666 286834 -42.9405 -0.080177
12.56891 287480 -43.8563 -0.081795
12.57116 288127 -42.7406 -0.079625
12.57341 288776 -44.5651 -0.082930
12.57565 289426 -39.7401 -0.073869
12.57791 290078 -32.8018 -0.060903
12.58015 290731 -28.6628 -0.053158
12.58240 291386 -27.4594 -0.050869
12.58465 292042 -27.1095 -0.050165
12.58690 292699 -31.1469 -0.057571
12.58915 293358 -30.5201 -0.056349
12.59140 294019 -32.6548 -0.060223
12.59365 294681 -33.2780 -0.061303
12.59590 295345 -36.4730 -0.067113
12.59815 296010 -32.9474 -0.060557
12.60040 296676 -31.7323 -0.058259
12.60264 297344 -33.6545 -0.061718
12.60490 298014 -33.7201 -0.061769
12.60714 298685 -30.9876 -0.056700
12.60939 299357 -23.0058 -0.042048
12.61164 300031 -18.2902 -0.033391
12.61389 300707 -20.2925 -0.037005
12.61614 301384 -18.6492 -0.033970
12.61839 302063 -20.6524 -0.037577
12.62064 302743 -28.9575 -0.052629
12.62289 303424 -32.5720 -0.059132
12.62514 304108 -30.6785 -0.055631
12.62738 304792 -28.2804 -0.051225
12.62964 305479 -25.2407 -0.045668
12.63189 306167 -23.1567 -0.041850
12.63413 306856 -24.4503 -0.044138
12.63638 307547 -24.0837 -0.043428
12.63863 308239 -37.5200 -0.067580
12.64088 308933 -34.8492 -0.062699
12.64313 309629 -31.7431 -0.057046
12.64538 310326 -35.2812 -0.063334
12.64763 311025 -35.0181 -0.062791
12.64988 311725 -29.2442 -0.052379
12.65213 312427 -33.1362 -0.059283
12.65438 313131 -30.7525 -0.054956
12.65663 313836 -33.1333 -0.059144
12.65888 314543 -33.0847 -0.058991
12.66112 315251 -35.1749 -0.062648
12.66337 315961 -36.2934 -0.064567
12.66562 316672 -40.0399 -0.071152
12.66787 317385 -38.0845 -0.067601
12.67012 318100 -32.9473 -0.058417
12.67237 318816 -31.9885 -0.056653
12.67462 319534 -27.8448 -0.049259
12.67687 320253 -27.4438 -0.048495
12.67912 320975 -24.1317 -0.042594
12.68137 321697 -19.0569 -0.033599
12.68362 322422 -16.3467 -0.028788
12.68587 323148 -10.2943 -0.018109
12.68811 323875 -9.9391 -0.017465
12.69036 324605 -11.4858 -0.020160
12.69261 325335 -21.1429 -0.037068
12.69486 326068 -22.2809 -0.039019
12.69711 326802 -30.2162 -0.052856
12.69936 327538 -30.9385 -0.054059
12.70161 328276 -26.3603 -0.046008
12.70386 329015 -28.2746 -0.049293
12.70611 329756 -29.0836 -0.050647
12.70836 330498 -26.2407 -0.045645
12.71060 331242 -20.7608 -0.036072
12.71285 331988 -20.2698 -0.035179
12.71510 332736 -24.9786 -0.043303
12.71735 333485 -27.9001 -0.048313
12.71960 334236 -33.9991 -0.058809
12.72185 334988 -35.9899 -0.062182
12.72410 335743 -38.2150 -0.065952
12.72635 336499 -31.9930 -0.055152
12.72860 337256 -32.8742 -0.056608
12.73085 338016 -31.1111 -0.053511
12.73310 338777 -26.8481 -0.046127
12.73535 339540 -27.0120 -0.046357
12.73759 340304 -29.4279 -0.050446
12.73985 341071 -32.4709 -0.055600
12.74210 341839 -31.6594 -0.054149
12.74434 342608 -30.3616 -0.051871
12.74659 343380 -31.5558 -0.053851
12.74884 344153 -23.2433 -0.039621
12.75109 344928 -21.1537 -0.036018
12.75334 345705 -24.0607 -0.040922
12.75559 346483 -22.9483 -0.038986
12.75784 347263 -20.0380 -0.034004
12.76009 348045 -23.5399 -0.039901
12.76234 348829 -29.1616 -0.049375
12.76458 349614 -30.5878 -0.051731
12.76683 350401 -29.2127 -0.049350
12.76908 351190 -29.4046 -0.049619
12.77133 351981 -34.7590 -0.058588
12.77358 352774 -29.5662 -0.049779
12.77583 353568 -33.6781 -0.056638
12.77808 354364 -34.7915 -0.058445
12.78033 355162 -31.1606 -0.052287
12.78258 355962 -38.0303 -0.063742
12.78483 356763 -33.8002 -0.056589
12.78708 357567 -35.9683 -0.060151
12.78933 358372 -42.3442 -0.070734
12.79158 359179 -39.3043 -0.065582
12.79383 359988 -40.0334 -0.066724
12.79607 360798 -44.1792 -0.073550
12.79832 361611 -35.7807 -0.059501
12.80057 362425 -37.1760 -0.061752
12.80282 363241 -35.8200 -0.059433
12.80507 364059 -37.0801 -0.061455
12.80732 364879 -39.5696 -0.065507
12.80957 365700 -43.7746 -0.072387
12.81182 366524 -51.1319 -0.084458
12.81407 367349 -55.5257 -0.091613
12.81632 368176 -50.8386 -0.083785
12.81857 369005 -52.0854 -0.085743
12.82081 369836 -45.5172 -0.074846
12.82306 370669 -50.6070 -0.083122
12.82531 371503 -44.8226 -0.073539
12.82756 372340 -39.3936 -0.064559
12.82981 373178 -42.4082 -0.069421
12.83206 374019 -46.7422 -0.076430
12.83431 374861 -47.3195 -0.077287
12.83656 375705 -44.5323 -0.072653
12.83881 376551 -54.9562 -0.089558
12.84106 377399 -52.9041 -0.086117
12.84331 378248 -66.9839 -0.108914
12.84556 379100 -70.0955 -0.113845
12.84781 379954 -66.1079 -0.107248
12.85005 380809 -62.6980 -0.101602
12.85230 381667 -69.6217 -0.112694
12.85455 382526 -63.5502 -0.102751
12.85680 383388 -63.8857 -0.103177
12.85905 384251 -64.5497 -0.104133
12.86130 385116 -58.1598 -0.093719
12.86355 385983 -55.8716 -0.089930
12.86580 386852 -53.2659 -0.085640
12.86805 387723 -49.0231 -0.078730
12.87030 388596 -50.4486 -0.080928
12.87254 389471 -52.6142 -0.084307
12.87479 390348 -43.7234 -0.069982
12.87704 391227 -48.6035 -0.077706
12.87929 392108 -47.8297 -0.076383
12.88154 392991 -47.4782 -0.075736
12.88379 393876 -44.0194 -0.070140
12.88604 394763 -39.9444 -0.063575
12.88829 395652 -38.7406 -0.061590
12.89054 396543 -31.9836 -0.050791
12.89279 397436 -34.9376 -0.055419
12.89504 398331 -30.7715 -0.048756
12.89729 399228 -33.3103 -0.052719
12.89953 400126 -20.3070 -0.032103
12.90178 401027 -17.3434 -0.027387
12.90403 401930 -21.8576 -0.034477
12.90628 402835 -15.6230 -0.024615
12.90853 403743 -15.5341 -0.024447
12.91078 404652 -9.8656 -0.015509
12.91303 405563 -12.1230 -0.019036
12.91528 406476 -6.8505 -0.010745
12.91753 407391 -2.3150 -0.003627
12.91978 408309 -4.1920 -0.006560
12.92203 409228 -13.1806 -0.020604
12.92428 410149 -11.8998 -0.018581
12.92653 411073 -15.0560 -0.023483
12.92878 411999 -17.5610 -0.027359
12.93102 412926 -14.1115 -0.021960
12.93327 413856 -16.3787 -0.025460
12.93552 414788 -21.1491 -0.032838
12.93777 415722 -25.1428 -0.038995
12.94002 416658 -30.4411 -0.047160
12.94227 417596 -27.0911 -0.041923
12.94452 418536 -28.1980 -0.043587
12.94677 419479 -29.3687 -0.045345
12.94902 420423 -25.6769 -0.039600
12.95127 421370 -24.0610 -0.037067
12.95352 422319 -28.3767 -0.043666
12.95577 423270 -29.2728 -0.044994
12.95801 424223 -26.5686 -0.040792
12.96026 425178 -24.3352 -0.037321
12.96251 426136 -24.9332 -0.038195
12.96476 427095 -23.2423 -0.035564
12.96701 428057 -18.1753 -0.027780
12.96926 429021 -26.1721 -0.039958
12.97151 429987 -33.7595 -0.051484
12.97376 430955 -34.7384 -0.052917
12.97601 431925 -33.6260 -0.051165
12.97826 432898 -36.9310 -0.056130
12.98051 433873 -30.6985 -0.046605
12.98275 434849 -30.8230 -0.046742
12.98501 435829 -25.6045 -0.038784
12.98725 436810 -28.1875 -0.042649
12.98950 437794 -23.5415 -0.035579
12.99175 438779 -15.0365 -0.022700
12.99400 439767 -21.4349 -0.032323
12.99625 440758 -18.6568 -0.028102
12.99850 441750 -14.9102 -0.022433
13.00075 442745 -21.8119 -0.032781
13.00300 443742 -25.6893 -0.038564
13.00525 444741 -26.9724 -0.040445
13.00750 445742 -33.0006 -0.049429
13.00975 446746 -29.9448 -0.044801
13.01199 447752 -28.8095 -0.043054
13.01424 448760 -16.1310 -0.024080
13.01649 449771 -9.6592 -0.014403
13.01874 450783 -16.4928 -0.024565
13.02099 451798 -25.1121 -0.037360
13.02324 452816 -29.1927 -0.043382
13.02549 453835 -38.9856 -0.057870
13.02774 454857 -43.2987 -0.064200
13.02999 455881 -42.7525 -0.063319
13.03224 456908 -35.9811 -0.053231
13.03449 457937 -33.4939 -0.049495
13.03674 458968 -32.9279 -0.048604
13.03898 460001 -25.5929 -0.037735
13.04123 461037 -25.0092 -0.036833
13.04348 462075 -30.1447 -0.044346
13.04573 463116 -32.3225 -0.047496
13.04798 464158 -29.6064 -0.043456
13.05023 465204 -39.8493 -0.058425
13.05248 466251 -36.8505 -0.053968
13.05473 467301 -32.2037 -0.047109
13.05698 468353 -36.9284 -0.053960
13.05923 469408 -37.6193 -0.054908
13.06148 470465 -42.8563 -0.062481
13.06373 471524 -44.7735 -0.065203
13.06598 472586 -46.4487 -0.067567
13.06822 473650 -46.5418 -0.067626
13.07047 474716 -41.0188 -0.059534
13.07272 475785 -46.8916 -0.067981
13.07497 476857 -36.7802 -0.053262
13.07722 477930 -38.5530 -0.055767
13.07947 479007 -31.2076 -0.045091
13.08172 480085 -38.1223 -0.055020
13.08397 481166 -41.3948 -0.059676
13.08622 482250 -49.7398 -0.071626
13.08847 483335 -47.4229 -0.068212
13.09072 484424 -49.5341 -0.071169
13.09297 485515 -45.5662 -0.065395
13.09521 486608 -41.2087 -0.059074
13.09746 487703 -34.0218 -0.048717
13.09971 488802 -31.8877 -0.045610
13.10196 489902 -34.1977 -0.048859
13.10421 491005 -30.4559 -0.043464
13.10646 492111 -38.1154 -0.054334
13.10871 493219 -46.0168 -0.065523
13.11096 494330 -41.7731 -0.059414
13.11321 495443 -41.9362 -0.059579
13.11546 496558 -47.4986 -0.067406
13.11770 497676 -52.5613 -0.074506
13.11995 498797 -49.5049 -0.070095
13.12220 499920 -40.7112 -0.057579
13.12445 501046 -40.0348 -0.056559
13.12670 502174 -34.3136 -0.048422
13.12895 503305 -35.8243 -0.050497
13.13120 504438 -27.0214 -0.038046
13.13345 505574 -28.6050 -0.040230
13.13570 506712 -27.7960 -0.039048
13.13795 507853 -37.1150 -0.052081
13.14020 508997 -41.8180 -0.058615
13.14245 510143 -40.1269 -0.056181
13.14470 511292 -34.3742 -0.048073
13.14694 512443 -42.1138 -0.058830
13.14919 513597 -40.2815 -0.056207
13.15144 514753 -42.7713 -0.059615
13.15369 515912 -44.4315 -0.061859
13.15594 517074 -51.9328 -0.072221
13.15819 518238 -49.0712 -0.068165
13.16044 519405 -51.7066 -0.071745
13.16269 520575 -38.4252 -0.053257
13.16494 521747 -40.9003 -0.056624
13.16719 522922 -31.3220 -0.043314
13.16944 524099 -37.9553 -0.052428
13.17168 525279 -40.9317 -0.056476
13.17393 526462 -33.0421 -0.045539
13.17618 527648 -24.2480 -0.033381
13.17843 528836 -25.9811 -0.035727
13.18068 530026 -27.5072 -0.037783
13.18293 531220 -30.1604 -0.041381
13.18518 532416 -34.7457 -0.047618
13.18743 533615 -27.4420 -0.037567
13.18968 534816 -30.4322 -0.041613
13.19193 536021 -28.8334 -0.039383
13.19418 537228 -23.8414 -0.032528
13.19643 538437 -21.8526 -0.029781
13.19868 539650 -22.7967 -0.031032
13.20092 540865 -27.2766 -0.037089
13.20317 542083 -37.8831 -0.051453
13.20542 543303 -33.5008 -0.045450
13.20767 544527 -36.3857 -0.049308
13.20992 545753 -36.5627 -0.049493
13.21217 546982 -34.9908 -0.047312
13.21442 548213 -33.0461 -0.044632
13.21667 549448 -23.1563 -0.031240
13.21892 550685 -20.4867 -0.027607
13.22117 551925 -26.4408 -0.035591
13.22342 553168 -30.5144 -0.041028
13.22567 554413 -29.7970 -0.040018
13.22792 555662 -21.8912 -0.029367
13.23016 556913 -25.4255 -0.034070
13.23241 558167 -27.1703 -0.036367
13.23466 559424 -26.4690 -0.035389
13.23691 560683 -26.8844 -0.035904
13.23916 561946 -37.1241 -0.049523
13.24141 563211 -41.6163 -0.055453
13.24366 564479 -39.5371 -0.052624
13.24591 565750 -44.7053 -0.059436
13.24816 567024 -42.8941 -0.056964
13.25041 568301 -40.9837 -0.054365
13.25266 569581 -50.6478 -0.067109
13.25490 570863 -47.7121 -0.063148
13.25715 572149 -39.2041 -0.051830
13.25940 573437 -36.3470 -0.047998
13.26165 574728 -44.3124 -0.058451
13.26390 576022 -42.8744 -0.056491
13.26615 577319 -32.3800 -0.042616
13.26840 578619 -24.0667 -0.031639
13.27065 579922 -26.0650 -0.034227
13.27290 581228 -21.4482 -0.028133
13.27515 582537 -23.5960 -0.030915
13.27740 583848 -21.7797 -0.028504
13.27965 585163 -21.7083 -0.028378
13.28190 586481 -16.5232 -0.021576
13.28414 587801 -13.8719 -0.018093
13.28639 589125 -18.8150 -0.024513
13.28864 590451 -18.8126 -0.024483
13.29089 591781 -15.1043 -0.019634
13.29314 593113 -6.2457 -0.008110
13.29539 594449 -6.1794 -0.008015
13.29764 595787 -9.4073 -0.012188
13.29989 597129 -10.3993 -0.013458
13.30214 598473 -15.9899 -0.020669
13.30439 599821 -22.1748 -0.028632
13.30664 601172 -18.5153 -0.023880
13.30888 602525 -11.3301 -0.014596
13.31113 603882 -2.3525 -0.003027
13.31338 605242 -3.6059 -0.004635
13.31563 606604 -10.5688 -0.013570
13.31788 607970 -15.1434 -0.019422
13.32013 609339 -18.8322 -0.024125
13.32238 610711 -27.0584 -0.034625
13.32463 612087 -44.4231 -0.056781
13.32688 613465 -44.1794 -0.056406
13.32913 614846 -41.3043 -0.052676
13.33138 616231 -32.2610 -0.041097
13.33363 617618 -40.4559 -0.051478
13.33588 619009 -32.6141 -0.041453
13.33812 620403 -36.7599 -0.046670
13.34037 621800 -38.3828 -0.048676
13.34262 623200 -48.2103 -0.061070
13.34487 624603 -38.9357 -0.049266
13.34712 626009 -35.0208 -0.044262
13.34937 627419 -35.7050 -0.045076
13.35162 628832 -51.1000 -0.064440
13.35387 630248 -56.6214 -0.071322
13.35612 631667 -55.0230 -0.069231
13.35837 633089 -50.0165 -0.062861
13.36062 634515 -52.7099 -0.066172
13.36286 635943 -45.6471 -0.057241
13.36511 637375 -42.9046 -0.053741
13.36736 638811 -45.8009 -0.057304
13.36961 640249 -41.9782 -0.052462
13.37186 641691 -27.0346 -0.033749
13.37411 643135 -21.6798 -0.027034
13.37636 644584 -27.2035 -0.033883
13.37861 646035 -29.9246 -0.037231
13.38086 647490 -41.7956 -0.051941
13.38311 648948 -43.1020 -0.053505
13.38536 650409 -44.2709 -0.054894
13.38761 651873 -55.2950 -0.068486
13.38985 653341 -51.8006 -0.064086
13.39210 654812 -54.7471 -0.067655
13.39435 656287 -60.9781 -0.075271
13.39660 657765 -63.6938 -0.078535
13.39885 659246 -53.9598 -0.066458
13.40110 660730 -56.9557 -0.070069
13.40335 662218 -56.4531 -0.069373
13.40560 663709 -52.9955 -0.065050
13.40785 665203 -41.3170 -0.050658
13.41010 666701 -48.1788 -0.059005
13.41235 668203 -47.8417 -0.058527
13.41460 669707 -42.4254 -0.051842
13.41684 671215 -46.4608 -0.056709
13.41909 672726 -43.3501 -0.052853
13.42134 674241 -42.5798 -0.051856
13.42359 675759 -33.9831 -0.041340
13.42584 677281 -40.1469 -0.048783
13.42809 678806 -38.2175 -0.046386
13.43034 680335 -35.5744 -0.043130
13.43259 681866 -34.1880 -0.041402
13.43484 683402 -32.3903 -0.039181
13.43709 684941 -39.9029 -0.048215
13.43934 686483 -33.9326 -0.040955
13.44159 688029 -27.9351 -0.033678
13.44384 689578 -32.1718 -0.038742
13.44608 691131 -39.6972 -0.047751
13.44833 692687 -41.7335 -0.050144
13.45058 694247 -43.4097 -0.052099
13.45283 695810 -44.2041 -0.052993
13.45508 697377 -44.0428 -0.052740
13.45733 698947 -34.6541 -0.041451
13.45958 700521 -34.1308 -0.040779
13.46183 702098 -35.5217 -0.042393
13.46408 703679 -37.9255 -0.045211
13.46633 705263 -30.0603 -0.035795
13.46858 706851 -28.2949 -0.033655
13.47082 708443 -39.9763 -0.047495
13.47307 710038 -46.1431 -0.054760
13.47532 711637 -52.0387 -0.061688
13.47757 713239 -49.0315 -0.058057
13.47982 714845 -48.4509 -0.057305
13.48207 716455 -61.2627 -0.072377
13.48432 718068 -52.0927 -0.061474
13.48657 719685 -44.5460 -0.052509
13.48882 721306 -34.4325 -0.040542
13.49107 722930 -41.1082 -0.048348
13.49332 724558 -35.0871 -0.041220
13.49557 726189 -34.1120 -0.040030
13.49781 727824 -33.8164 -0.039638
13.50006 729463 -23.4625 -0.027471
13.50231 731106 -33.4435 -0.039113
13.50456 732752 -24.8996 -0.029088
13.50681 734402 -31.1678 -0.036370
13.50906 736056 -28.4799 -0.033196
13.51131 737713 -31.3562 -0.036507
13.51356 739374 -36.0896 -0.041971
13.51581 741039 -40.9462 -0.047566
13.51806 742707 -42.5650 -0.049391
13.52031 744380 -39.1152 -0.045336
13.52256 746056 -37.0080 -0.042846
13.52481 747736 -41.5062 -0.048000
13.52705 749419 -34.0658 -0.039351
13.52930 751107 -39.2269 -0.045262
13.53155 752798 -36.7414 -0.042346
13.53380 754493 -33.3331 -0.038375
13.53605 756192 -35.6554 -0.041002
13.53830 757895 -40.3269 -0.046322
13.54055 759601 -33.0933 -0.037971
13.54280 761312 -40.8677 -0.046838
13.54505 763026 -34.2685 -0.039231
13.54730 764744 -27.1013 -0.030991
13.54955 766466 -31.5731 -0.036064
13.55179 768192 -31.4922 -0.035931
13.55404 769922 -45.5121 -0.051868
13.55629 771655 -43.2818 -0.049271
13.55854 773393 -41.3552 -0.047025
13.56079 775134 -30.0061 -0.034082
13.56304 776880 -26.7963 -0.030402
13.56529 778629 -27.3875 -0.031038
13.56754 780382 -28.4757 -0.032235
13.56979 782139 -24.4631 -0.027661
13.57204 783901 -30.9912 -0.035003
13.57429 785666 -28.4294 -0.032074
13.57654 787435 -31.3109 -0.035285
13.57879 789208 -31.5972 -0.035567
13.58103 790985 -36.1310 -0.040625
13.58328 792766 -29.5242 -0.033159
13.58553 794551 -21.0076 -0.023568
13.58778 796340 -18.7914 -0.021058
13.59003 798133 -25.7233 -0.028793
13.59228 799930 -24.5495 -0.027448
13.59453 801732 -22.7916 -0.025454
13.59678 803537 -6.0308 -0.006728
13.59903 805346 -7.8966 -0.008799
13.60128 807160 0.1352 0.000150
13.60353 808977 1.8548 0.002062
13.60578 810799 -1.8947 -0.002104
13.60802 812624 -0.8118 -0.000900
13.61027 814454 -5.9289 -0.006570
13.61252 816288 -22.7099 -0.025136
13.61477 818126 -6.0862 -0.006729
13.61702 819968 -15.1546 -0.016736
13.61927 821815 -16.6148 -0.018328
13.62152 823665 -21.3314 -0.023504
13.62377 825520 -23.2093 -0.025545
13.62602 827379 -27.8558 -0.030624
13.62827 829242 -27.3354 -0.030018
13.63052 831109 -32.9853 -0.036182
13.63276 832980 -39.6402 -0.043433
13.63501 834856 -41.9155 -0.045874
13.63726 836736 -46.3335 -0.050652
13.63951 838620 -53.3422 -0.058249
13.64176 840508 -47.0603 -0.051331
13.64401 842401 -47.5411 -0.051798
13.64626 844297 -41.3855 -0.045040
13.64851 846199 -45.5826 -0.049552
13.65076 848104 -40.0910 -0.043533
13.65301 850014 -46.8416 -0.050806
13.65526 851928 -44.5257 -0.048240
13.65751 853846 -36.5547 -0.039560
13.65975 855768 -38.3488 -0.041455
13.66200 857695 -41.3327 -0.044630
13.66425 859627 -46.0056 -0.049620
13.66650 861562 -51.3752 -0.055349
13.66875 863502 -41.7078 -0.044883
13.67100 865447 -41.6556 -0.044777
13.67325 867395 -34.7577 -0.037320
13.67550 869348 -22.8696 -0.024528
13.67775 871306 -26.2350 -0.028106
13.68000 873268 -21.4123 -0.022913
13.68225 875234 -24.1385 -0.025802
13.68450 877205 -38.6232 -0.041238
13.68674 879180 -41.1829 -0.043922
13.68899 881160 -39.1818 -0.041740
13.69124 883144 -40.9681 -0.043594
13.69349 885133 -50.4037 -0.053574
13.69574 887126 -52.6454 -0.055894
13.69799 889123 -59.2679 -0.062855
13.70024 891125 -67.2218 -0.071210
13.70249 893132 -73.7324 -0.078019
13.70474 895143 -71.6544 -0.075735
13.70699 897158 -73.7814 -0.077896
13.70924 899178 -71.1511 -0.075034
13.71149 901203 -68.4427 -0.072097
13.71373 903232 -59.1379 -0.062225
13.71598 905266 -57.1057 -0.060019
13.71823 907305 -49.2814 -0.051738
13.72048 909348 -55.0200 -0.057697
13.72273 911395 -52.9314 -0.055445
13.72498 913447 -50.9810 -0.053342
13.72723 915504 -55.8602 -0.058381
13.72948 917566 -46.1058 -0.048132
13.73173 919632 -38.6034 -0.040255
13.73398 921702 -44.7232 -0.046584
13.73623 923778 -37.6823 -0.039206
13.73848 925858 -37.0507 -0.038506
13.74073 927943 -36.2384 -0.037619
13.74297 930032 -32.8521 -0.034065
13.74522 932126 -36.9007 -0.038221
13.74747 934225 -39.6340 -0.041006
13.74972 936329 -35.3695 -0.036552
13.75197 938437 -34.0319 -0.035130
13.75422 940550 -32.7177 -0.033736
13.75647 942668 -41.6229 -0.042870
13.75872 944791 -39.2095 -0.040339
13.76097 946918 -42.1750 -0.043341
13.76322 949050 -35.3304 -0.036266
13.76547 951187 -39.5429 -0.040545
13.76772 953329 -45.0653 -0.046155
13.76996 955475 -46.8761 -0.047956
13.77221 957627 -46.4129 -0.047429
13.77446 959783 -40.6078 -0.041450
13.77671 961944 -45.7632 -0.046660
13.77896 964110 -58.5100 -0.059589
13.78121 966281 -59.6224 -0.060654
13.78346 968457 -60.9784 -0.061964
13.78571 970638 -60.0828 -0.060985
13.78796 972823 -50.6557 -0.051358
13.79021 975014 -53.3605 -0.054040
13.79246 977209 -49.2234 -0.049794
13.79471 979410 -45.0604 -0.045532
13.79695 981615 -43.9426 -0.044352
13.79920 983825 -44.3646 -0.044728
13.80145 986041 -42.8215 -0.043124
13.80370 988261 -47.1476 -0.047427
13.80595 990486 -38.4172 -0.038601
13.80820 992716 -39.9826 -0.040129
13.81045 994952 -29.6276 -0.029703
13.81270 997192 -36.6188 -0.036670
13.81495 999437 -35.8480 -0.035858
13.81720 1001688 -32.3031 -0.032276
13.81945 1003943 -34.5579 -0.034490
13.82170 1006204 -29.1343 -0.029044
13.82394 1008470 -15.7815 -0.015715
13.82619 1010740 -24.5693 -0.024438
13.82844 1013016 -19.7874 -0.019660
13.83069 1015297 -34.1387 -0.033881
13.83294 1017583 -48.9003 -0.048476
13.83519 1019875 -62.9199 -0.062304
13.83744 1022171 -69.1365 -0.068383
13.83969 1024473 -59.9875 -0.059267
13.84194 1026780 -52.2753 -0.051589
13.84419 1029092 -43.9665 -0.043341
13.84644 1031409 -50.5697 -0.049794
13.84869 1033731 -51.3970 -0.050551
13.85093 1036059 -40.7475 -0.040032
13.85318 1038392 -28.3105 -0.027782
13.85543 1040730 -27.2364 -0.026698
13.85768 1043073 -37.0411 -0.036268
13.85993 1045422 -26.4749 -0.025893
13.86218 1047776 -33.4276 -0.032657
13.86443 1050135 -45.1071 -0.044017
13.86668 1052500 -39.0611 -0.038074
13.86893 1054870 -42.1923 -0.041080
13.87118 1057245 -39.6470 -0.038559
13.87343 1059626 -38.4989 -0.037400
13.87568 1062012 -39.0815 -0.037923
13.87792 1064403 -32.6764 -0.031672
13.88017 1066800 -33.5327 -0.032466
13.88242 1069202 -31.3379 -0.030307
13.88467 1071609 -36.1119 -0.034884
13.88692 1074022 -39.9457 -0.038545
13.88917 1076441 -32.7966 -0.031611
13.89142 1078864 -10.8428 -0.010439
13.89367 1081294 -18.6013 -0.017888
13.89592 1083728 -13.1206 -0.012604
13.89817 1086169 -2.8035 -0.002690
13.90042 1088614 10.6810 0.010237
13.90267 1091066 9.6445 0.009233
13.90491 1093522 7.7492 0.007410
13.90716 1095985 4.6404 0.004433
13.90941 1098452 5.5115 0.005259
13.91166 1100926 -12.3831 -0.011802
13.91391 1103405 -17.2126 -0.016386
13.91616 1105889 -17.4590 -0.016602
13.91841 1108379 -33.4025 -0.031727
13.92066 1110875 -35.7934 -0.033960
13.92291 1113377 -28.0501 -0.026584
13.92516 1115883 -34.8263 -0.032968
13.92741 1118396 -23.6316 -0.022346
13.92965 1120914 -17.3728 -0.016409
13.93190 1123438 -29.0859 -0.027442
13.93415 1125968 -23.8344 -0.022462
13.93640 1128503 -30.0811 -0.028317
13.93865 1131044 -28.9666 -0.027237
13.94090 1133591 -35.2128 -0.033073
13.94315 1136144 -31.6177 -0.029663
13.94540 1138702 -32.9510 -0.030879
13.94765 1141266 -28.8651 -0.027020
13.94990 1143836 -26.5274 -0.024804
13.95215 1146411 -27.5221 -0.025705
13.95440 1148993 -14.6878 -0.013702
13.95665 1151580 -10.2642 -0.009565
13.95889 1154173 -7.2523 -0.006751
13.96114 1156772 -17.1470 -0.015943
13.96339 1159376 -17.1036 -0.015885
13.96564 1161987 -26.9743 -0.025024
13.96789 1164603 -19.2260 -0.017816
13.97014 1167226 -25.0590 -0.023195
13.97239 1169854 -27.8859 -0.025782
13.97464 1172488 -23.9940 -0.022159
13.97689 1175128 -24.3741 -0.022485
13.97914 1177774 -44.8251 -0.041304
13.98139 1180426 -52.7190 -0.048523
13.98364 1183084 -47.7059 -0.043860
13.98588 1185748 -57.9011 -0.053173
13.98813 1188418 -49.1104 -0.045049
13.99038 1191094 -47.6298 -0.043642
13.99263 1193776 -51.3934 -0.047038
13.99488 1196464 -46.7633 -0.042752
13.99713 1199158 -58.9456 -0.053829
13.99938 1201858 -65.3582 -0.059617
14.00163 1204565 -63.4783 -0.057838
14.00388 1207277 -68.4108 -0.062262
14.00613 1209995 -71.1276 -0.064662
14.00838 1212720 -74.7166 -0.067848
14.01063 1215451 -77.3225 -0.070135
14.01287 1218187 -78.1573 -0.070813
14.01512 1220930 -72.1019 -0.065253
14.01737 1223680 -60.8794 -0.055035
14.01962 1226435 -66.4146 -0.059971
14.02187 1229196 -66.3005 -0.059801
14.02412 1231964 -58.4968 -0.052703
14.02637 1234738 -74.2386 -0.066810
14.02862 1237519 -83.7854 -0.075317
14.03087 1240305 -95.4415 -0.085698
14.03312 1243098 -90.2518 -0.080947
14.03537 1245897 -92.8046 -0.083144
14.03762 1248702 -87.5277 -0.078328
14.03986 1251514 -91.5138 -0.081803
14.04211 1254332 -81.1922 -0.072495
14.04436 1257156 -79.2034 -0.070640
14.04661 1259987 -80.4607 -0.071680
14.04886 1262824 -69.6275 -0.061960
14.05111 1265668 -55.9892 -0.049767
14.05336 1268518 -57.8871 -0.051396
14.05561 1271374 -54.5347 -0.048366
14.05786 1274237 -40.8958 -0.036229
14.06011 1277106 -31.2968 -0.027694
14.06236 1279982 -23.2029 -0.020509
14.06461 1282864 -35.4169 -0.031269
14.06685 1285752 -46.7762 -0.041252
14.06910 1288648 -48.3992 -0.042635
14.07135 1291549 -53.3307 -0.046927
14.07360 1294457 -67.2836 -0.059138
14.07585 1297372 -73.8404 -0.064828
14.07810 1300293 -62.1862 -0.054535
14.08035 1303221 -65.0106 -0.056948
14.08260 1306156 -73.9342 -0.064692
14.08485 1309097 -63.5574 -0.055550
14.08710 1312044 -44.2263 -0.038611
14.08935 1314999 -46.4659 -0.040520
14.09160 1317960 -39.7391 -0.034615
14.09384 1320927 -50.0756 -0.043570
14.09609 1323902 -42.6905 -0.037102
14.09834 1326883 -38.0549 -0.033037
14.10059 1329871 -33.3769 -0.028943
14.10284 1332865 -38.3136 -0.033186
14.10509 1335866 -29.6672 -0.025668
14.10734 1338874 -15.4597 -0.013361
14.10959 1341889 -15.9102 -0.013735
14.11184 1344910 -13.5309 -0.011668
14.11409 1347939 -24.0513 -0.020716
14.11634 1350974 -30.2393 -0.026016
14.11859 1354016 -33.8697 -0.029107
14.12083 1357065 -40.0312 -0.034364
14.12308 1360120 -36.1089 -0.030962
14.12533 1363183 -47.6560 -0.040817
14.12758 1366253 -30.2211 -0.025855
14.12983 1369329 -24.5866 -0.021011
14.13208 1372412 -30.1764 -0.025759
14.13433 1375502 -23.9003 -0.020379
14.13658 1378600 -24.6348 -0.020981
14.13883 1381704 -32.1284 -0.027333
14.14108 1384815 -31.3602 -0.026649
14.14333 1387933 -27.9947 -0.023762
14.14558 1391058 -30.1845 -0.025592
14.14782 1394191 -36.9788 -0.031318
14.15007 1397330 -6.1171 -0.005175
14.15232 1400476 -13.9001 -0.011746
14.15457 1403630 -7.0846 -0.005980
14.15682 1406790 0.6663 0.000562
14.15907 1409958 -1.8700 -0.001575
14.16132 1413133 15.6154 0.013136
14.16357 1416315 4.0727 0.003422
14.16582 1419504 -4.8829 -0.004098
14.16807 1422700 -4.5623 -0.003825
14.17032 1425904 -12.0097 -0.010057
14.17257 1429114 -25.0563 -0.020960
14.17481 1432332 -20.2965 -0.016959
14.17706 1435558 -14.1995 -0.011851
14.17931 1438790 -26.1654 -0.021814
14.18156 1442030 -16.0468 -0.013363
14.18381 1445277 -9.2960 -0.007733
14.18606 1448531 -4.9930 -0.004149
14.18831 1451793 -3.8513 -0.003196
14.19056 1455062 -8.3754 -0.006943
14.19281 1458338 -5.7415 -0.004754
14.19506 1461622 -3.5479 -0.002935
14.19731 1464913 12.7640 0.010546
14.19956 1468211 18.8101 0.015524
14.20180 1471517 31.8105 0.026223
14.20405 1474831 31.2602 0.025741
14.20630 1478152 31.1135 0.025591
14.20855 1481480 15.5549 0.012780
14.21080 1484816 21.2716 0.017457
14.21305 1488159 8.5131 0.006978
14.21530 1491510 15.1682 0.012420
14.21755 1494869 7.5659 0.006188
14.21980 1498235 11.5574 0.009442
14.22205 1501608 19.6347 0.016023
14.22430 1504989 13.7452 0.011204
14.22655 1508378 -7.4124 -0.006035
14.22880 1511775 -8.6398 -0.007027
14.23104 1515179 -13.2469 -0.010762
14.23329 1518590 -37.3322 -0.030294
14.23554 1522010 -38.2732 -0.031023
14.23779 1525437 -49.4630 -0.040048
14.24004 1528872 -50.6119 -0.040932
14.24229 1532314 -62.1634 -0.050218
14.24454 1535765 -63.2096 -0.051006
14.24679 1539223 -42.1342 -0.033961
14.24904 1542689 -51.7994 -0.041705
14.25129 1546162 -42.7557 -0.034385
14.25354 1549644 -45.2221 -0.036327
14.25578 1553133 -41.6177 -0.033394
14.25803 1556630 -47.4411 -0.038024
14.26028 1560135 -42.8275 -0.034288
14.26253 1563648 -40.5027 -0.032390
14.26478 1567169 -56.6142 -0.045224
14.26703 1570698 -57.6182 -0.045974
14.26928 1574235 -64.2488 -0.051207
14.27153 1577779 -68.2395 -0.054327
14.27378 1581332 -76.8744 -0.061132
14.27603 1584893 -96.1673 -0.076388
14.27828 1588461 -89.6362 -0.071121
14.28053 1592038 -68.3762 -0.054191
14.28277 1595623 -71.3888 -0.056515
14.28502 1599216 -77.7164 -0.061455
14.28727 1602817 -84.4781 -0.066727
14.28952 1606426 -90.0873 -0.071078
14.29177 1610043 -99.7955 -0.078649
14.29402 1613668 -112.6717 -0.088697
14.29627 1617302 -112.0608 -0.088117
14.29852 1620943 -125.6830 -0.098717
14.30077 1624593 -131.6812 -0.103312
14.30302 1628251 -115.2482 -0.090318
14.30527 1631918 -112.9428 -0.088412
14.30752 1635592 -111.1059 -0.086876
14.30976 1639275 -103.6503 -0.080955
14.31201 1642966 -104.3134 -0.081382
14.31426 1646666 -95.7269 -0.074599
14.31651 1650374 -106.5150 -0.082912
14.31876 1654090 -115.4485 -0.089765
14.32101 1657814 -109.9665 -0.085407
14.32326 1661547 -97.6449 -0.075752
14.32551 1665289 -78.8382 -0.061093
14.32776 1669038 -87.8144 -0.067972
14.33001 1672796 -69.8897 -0.054037
14.33226 1676563 -64.4678 -0.049789
14.33451 1680338 -75.4979 -0.058242
14.33675 1684122 -70.4899 -0.054318
14.33900 1687914 -61.9966 -0.047719
14.34125 1691715 -48.7291 -0.037465
14.34350 1695524 -51.2084 -0.039327
14.34575 1699342 -49.8226 -0.038220
14.34800 1703168 -41.0532 -0.031457
14.35025 1707003 -32.0188 -0.024507
14.35250 1710847 -38.6023 -0.029513
14.35475 1714699 -29.8488 -0.022795
14.35700 1718560 -29.4024 -0.022429
14.35925 1722430 -14.5463 -0.011084
14.36150 1726308 -12.0976 -0.009207
14.36374 1730195 -14.8489 -0.011289
14.36599 1734091 -20.5911 -0.015637
14.36824 1737996 -21.4392 -0.016262
14.37049 1741909 -19.5853 -0.014839
14.37274 1745831 -13.9311 -0.010543
14.37499 1749763 -13.5481 -0.010242
14.37724 1753702 -29.6348 -0.022378
14.37949 1757651 -20.7099 -0.015621
14.38174 1761609 -11.5920 -0.008734
14.38399 1765576 -3.3559 -0.002526
14.38624 1769551 -4.2827 -0.003219
14.38849 1773536 -4.7685 -0.003581
14.39073 1777529 -13.8440 -0.010384
14.39298 1781532 -20.0331 -0.015009
14.39523 1785543 -37.2773 -0.027897
14.39748 1789564 -32.9439 -0.024626
14.39973 1793593 -31.9188 -0.023833
14.40198 1797632 -39.5664 -0.029510
14.40423 1801679 -28.4878 -0.021224
14.40648 1805736 -32.5719 -0.024239
14.40873 1809802 -31.1000 -0.023118
14.41098 1813877 -12.4444 -0.009240
14.41323 1817962 -6.6803 -0.004955
14.41548 1822055 -11.2715 -0.008350
14.41772 1826158 -19.0515 -0.014098
14.41997 1830270 -31.0086 -0.022920
14.42222 1834391 -17.6561 -0.013036
14.42447 1838522 -15.9235 -0.011744
14.42672 1842661 -11.1110 -0.008185
14.42897 1846811 -4.4805 -0.003297
14.43122 1850969 14.3868 0.010575
14.43347 1855137 23.1937 0.017029
14.43572 1859314 8.2472 0.006048
14.43797 1863501 -10.8445 -0.007944
14.44022 1867697 -0.2727 -0.000200
14.44247 1871902 -4.5684 -0.003339
14.44471 1876117 -22.8435 -0.016678
14.44696 1880342 -24.6337 -0.017964
14.44921 1884576 -32.8455 -0.023926
14.45146 1888819 -21.8203 -0.015877
14.45371 1893072 -20.3919 -0.014821
14.45596 1897335 -13.5048 -0.009804
14.45821 1901607 -28.2882 -0.020514
14.46046 1905889 -18.1542 -0.013150
14.46271 1910180 -22.2994 -0.016135
14.46496 1914481 -16.6226 -0.012014
14.46721 1918792 -32.0329 -0.023125
14.46946 1923113 -36.1510 -0.026069
14.47170 1927443 -27.7907 -0.020017
14.47395 1931783 -42.8691 -0.030844
14.47620 1936133 -35.1648 -0.025272
14.47845 1940493 -34.2219 -0.024567
14.48070 1944862 -36.7087 -0.026322
14.48295 1949241 -44.5257 -0.031892
14.48520 1953630 -27.0608 -0.019361
14.48745 1958029 -35.6735 -0.025494
14.48970 1962438 -31.1937 -0.022267
14.49195 1966857 -37.2435 -0.026556
14.49420 1971286 -39.8543 -0.028386
14.49645 1975725 -5.6706 -0.004034
14.49869 1980173 -4.9562 -0.003522
14.50094 1984632 7.1552 0.005079
14.50319 1989101 -4.2291 -0.002999
14.50544 1993580 -18.0692 -0.012797
14.50769 1998069 -32.5711 -0.023042
14.50994 2002568 -37.4038 -0.026432
14.51219 2007077 -29.0954 -0.020537
14.51444 2011596 -50.7170 -0.035759
14.51669 2016126 -71.1647 -0.050119
14.51894 2020665 -77.3852 -0.054439
14.52119 2025215 -69.0222 -0.048501
14.52344 2029775 -62.6159 -0.043950
14.52568 2034346 -69.3928 -0.048652
14.52793 2038927 -75.4623 -0.052848
14.53018 2043518 -66.3213 -0.046394
14.53243 2048119 -62.0930 -0.043388
14.53468 2052731 -61.4630 -0.042899
14.53693 2057353 -53.6489 -0.037403
14.53918 2061986 -50.8268 -0.035396
14.54143 2066628 -55.3583 -0.038508
14.54368 2071282 -29.2634 -0.020333
14.54593 2075946 -43.3812 -0.030109
14.54818 2080620 -51.7405 -0.035870
14.55043 2085305 -30.0957 -0.020841
14.55268 2090001 -26.0087 -0.017991
14.55492 2094707 -42.9516 -0.029677
14.55717 2099423 -46.0161 -0.031759
14.55942 2104151 -43.5867 -0.030048
14.56167 2108889 -47.3736 -0.032622
14.56392 2113637 -54.7514 -0.037660
14.56617 2118396 -44.0103 -0.030238
14.56842 2123166 -36.5532 -0.025086
14.57067 2127947 -33.0222 -0.022637
14.57292 2132739 -55.9722 -0.038327
14.57517 2137541 -75.0942 -0.051363
14.57742 2142354 -101.5654 -0.069391
14.57966 2147178 -100.6318 -0.068675
14.58191 2152013 -110.4099 -0.075264
14.58416 2156858 -118.7509 -0.080859
14.58641 2161715 -129.8148 -0.088293
14.58866 2166583 -141.2725 -0.095978
14.59091 2171461 -154.7424 -0.105011
14.59316 2176350 -143.2222 -0.097084
14.59541 2181251 -156.8043 -0.106171
14.59766 2186162 -134.9147 -0.091247
14.59991 2191085 -121.5513 -0.082116
14.60216 2196019 -111.7231 -0.075392
14.60441 2200964 -98.2690 -0.066238
14.60665 2205919 -86.9007 -0.058510
14.60890 2210886 -89.6030 -0.060261
14.61115 2215865 -91.1188 -0.061212
14.61340 2220854 -94.0467 -0.063108
14.61565 2225855 -115.1732 -0.077197
14.61790 2230867 -111.9026 -0.074921
14.62015 2235890 -118.3081 -0.079121
14.62240 2240925 -103.7049 -0.069276
14.62465 2245971 -111.8676 -0.074645
14.62690 2251028 -103.7918 -0.069179
14.62915 2256096 -94.1885 -0.062707
14.63140 2261176 -88.1746 -0.058638
14.63364 2266268 -75.1202 -0.049900
14.63589 2271371 -67.5782 -0.044840
14.63814 2276485 -64.1738 -0.042533
14.64039 2281611 -73.1355 -0.048418
14.64264 2286749 -69.3533 -0.045863
14.64489 2291898 -56.2504 -0.037156
14.64714 2297059 -46.2281 -0.030501
14.64939 2302231 -35.7207 -0.023542
14.65164 2307415 -27.8301 -0.018321
14.65389 2312610 -19.8359 -0.013044
14.65614 2317818 -24.1863 -0.015887
14.65839 2323037 -29.1015 -0.019094
14.66063 2328267 -34.4725 -0.022592
14.66288 2333510 -27.9852 -0.018320
14.66513 2338764 -16.5150 -0.010799
14.66738 2344031 -32.6941 -0.021354
14.66963 2349309 -29.0619 -0.018961
14.67188 2354599 -19.1176 -0.012459
14.67413 2359900 -20.0327 -0.013040
14.67638 2365214 -14.0529 -0.009138
14.67863 2370540 -34.5738 -0.022456
14.68088 2375878 -37.1136 -0.024078
14.68313 2381227 -35.0041 -0.022684
14.68538 2386589 -31.2742 -0.020244
14.68762 2391963 -37.2968 -0.024115
14.68987 2397349 -27.5349 -0.017784
14.69212 2402747 -26.9877 -0.017411
14.69437 2408158 -17.8201 -0.011483
14.69662 2413580 -5.9410 -0.003824
14.69887 2419015 -9.4069 -0.006048
14.70112 2424462 -12.8062 -0.008225
14.70337 2429921 -18.0191 -0.011559
14.70562 2435392 -12.2485 -0.007849
14.70787 2440876 -14.4212 -0.009231
14.71012 2446372 -8.1758 -0.005227
14.71237 2451881 0.5113 0.000327
14.71461 2457401 7.3455 0.004686
14.71686 2462935 24.7801 0.015790
14.71911 2468481 10.5247 0.006699
14.72136 2474039 13.0313 0.008285
14.72361 2479610 13.9199 0.008840
14.72586 2485193 32.1854 0.020416
14.72811 2490789 34.8151 0.022060
14.73036 2496397 29.6603 0.018772
14.73261 2502018 20.0372 0.012668
14.73486 2507652 20.9919 0.013256
14.73711 2513299 17.9498 0.011322
14.73936 2518958 4.4926 0.002831
14.74161 2524630 -1.8400 -0.001158
14.74385 2530315 -9.0171 -0.005669
14.74610 2536012 -5.1230 -0.003217
14.74835 2541722 -6.8818 -0.004317
14.75060 2547446 -0.9315 -0.000584
14.75285 2553182 -12.6433 -0.007913
14.75510 2558931 -43.6722 -0.027301
14.75735 2564693 -51.5093 -0.032164
14.75960 2570468 -66.4116 -0.041423
14.76185 2576255 -54.7538 -0.034113
14.76410 2582056 -36.3137 -0.022599
14.76635 2587870 -26.8752 -0.016706
14.76860 2593698 -36.7229 -0.022802
14.77084 2599538 -49.7081 -0.030830
14.77309 2605391 -57.9718 -0.035915
14.77534 2611258 -63.8065 -0.039486
14.77759 2617137 -64.1759 -0.039670
14.77984 2623030 -46.1403 -0.028489
14.78209 2628937 -68.3042 -0.042127
14.78434 2634856 -52.9734 -0.032635
14.78659 2640789 -55.5444 -0.034180
14.78884 2646735 -53.5081 -0.032890
14.79109 2652695 -46.6972 -0.028671
14.79334 2658668 -67.5807 -0.041447
14.79559 2664655 -58.8772 -0.036068
14.79783 2670655 -50.3088 -0.030785
14.80008 2676668 -40.6830 -0.024867
14.80233 2682695 -46.9671 -0.028675
14.80458 2688736 -49.9951 -0.030490
14.80683 2694790 -41.6547 -0.025375
14.80908 2700858 -34.0831 -0.020739
14.81133 2706940 -21.3462 -0.012974
14.81358 2713035 5.0826 0.003086
14.81583 2719144 17.5993 0.010673
14.81808 2725266 2.6089 0.001580
14.82033 2731403 -9.4029 -0.005689
14.82258 2737553 -33.3800 -0.020175
14.82482 2743717 -51.1491 -0.030879
14.82707 2749895 -60.7962 -0.036662
14.82932 2756087 -73.8996 -0.044514
14.83157 2762293 -80.3135 -0.048323
14.83382 2768513 -65.4427 -0.039331
14.83607 2774747 -71.4079 -0.042868
14.83832 2780995 -66.5330 -0.039897
14.84057 2787257 -73.4229 -0.043979
14.84282 2793533 -60.6815 -0.036306
14.84507 2799823 -54.2543 -0.032424
14.84732 2806127 -50.5133 -0.030155
14.84957 2812446 -35.2040 -0.020992
14.85181 2818779 -44.0537 -0.026239
14.85406 2825126 -30.0353 -0.017870
14.85631 2831487 -44.6918 -0.026560
14.85856 2837863 -54.1214 -0.032127
14.86081 2844253 -57.3107 -0.033982
14.86306 2850657 -63.3336 -0.037511
14.86531 2857076 -62.8723 -0.037196
14.86756 2863509 -75.4702 -0.044599
14.86981 2869957 -86.0448 -0.050791
14.87206 2876419 -100.4503 -0.059228
14.87431 2882896 -113.7270 -0.066981
14.87655 2889387 -120.1441 -0.070680
14.87880 2895894 -125.9713 -0.074025
14.88105 2902414 -133.4772 -0.078348
14.88330 2908950 -142.7887 -0.083719
14.88555 2915500 -143.7849 -0.084209
14.88780 2922064 -135.0579 -0.079009
14.89005 2928644 -152.0955 -0.088876
14.89230 2935238 -128.2045 -0.074831
14.89455 2941848 -118.6251 -0.069162
14.89680 2948472 -112.2393 -0.065365
14.89905 2955111 -92.9179 -0.054052
14.90130 2961765 -94.5068 -0.054915
14.90355 2968434 -101.8400 -0.059109
14.90579 2975118 -101.2661 -0.058710
14.90804 2981817 -107.9854 -0.062535
14.91029 2988531 -104.4179 -0.060401
14.91254 2995261 -109.2413 -0.063120
14.91479 3002005 -123.8955 -0.071507
14.91704 3008765 -130.0325 -0.074965
14.91929 3015539 -107.7316 -0.062038
14.92154 3022329 -86.9142 -0.049994
14.92379 3029135 -92.1967 -0.052973
14.92604 3035956 -63.2510 -0.036301
14.92829 3042792 -92.8771 -0.053244
14.93054 3049643 -69.7182 -0.039923
14.93278 3056510 -57.9957 -0.033173
14.93503 3063392 -72.5866 -0.041472
14.93728 3070290 -75.3778 -0.043018
14.93953 3077203 -89.6375 -0.051099
14.94178 3084132 -76.2994 -0.043446
14.94403 3091077 -62.9413 -0.035800
14.94628 3098037 -57.2969 -0.032553
14.94853 3105013 -54.9431 -0.031180
14.95078 3112005 -54.3115 -0.030787
14.95303 3119012 -56.0494 -0.031737
14.95528 3126035 -15.3090 -0.008659
14.95753 3133074 -19.5271 -0.011032
14.95977 3140129 -5.3305 -0.003008
14.96202 3147199 25.6530 0.014460
14.96427 3154286 18.9132 0.010649
14.96652 3161388 18.5457 0.010430
14.96877 3168507 0.7773 0.000437
14.97102 3175641 -20.9123 -0.011735
14.97327 3182792 -21.7913 -0.012215
14.97552 3189959 -18.5600 -0.010392
14.97777 3197141 -2.0800 -0.001163
14.98002 3204340 -7.6645 -0.004282
14.98227 3211556 19.1489 0.010685
14.98452 3218787 5.6976 0.003176
14.98676 3226035 11.5933 0.006455
14.98901 3233299 24.4244 0.013583
14.99126 3240579 30.5009 0.016943
14.99351 3247876 18.5885 0.010314
14.99576 3255189 17.2125 0.009540
14.99801 3262519 16.3727 0.009065
15.00026 3269865 35.6993 0.019742
15.00251 3277228 43.8225 0.024207
15.00476 3284607 27.1894 0.015002
15.00701 3292003 38.7344 0.021348
15.00926 3299416 28.8150 0.015864
15.01151 3306845 26.6213 0.014639
15.01375 3314291 1.6069 0.000883
15.01600 3321754 12.5851 0.006905
15.01825 3329234 -18.4703 -0.010123
15.02050 3336730 -9.9254 -0.005434
15.02275 3344243 7.0197 0.003839
15.02500 3351773 3.3933 0.001853
15.02725 3359321 3.7923 0.002069
15.02950 3366885 -2.4865 -0.001355
15.03175 3374466 -25.1001 -0.013664
15.03400 3382064 -25.6294 -0.013936
15.03625 3389680 -26.5499 -0.014421
15.03850 3397312 -42.6772 -0.023154
15.04074 3404962 -27.0858 -0.014679
15.04299 3412629 -10.6386 -0.005759
15.04524 3420313 -10.0824 -0.005452
15.04749 3428015 -24.0289 -0.012978
15.04974 3435734 -35.9464 -0.019393
15.05199 3443470 -44.2340 -0.023837
15.05424 3451223 -24.0777 -0.012961
15.05649 3458995 -33.9929 -0.018277
15.05874 3466783 -44.0429 -0.023654
15.06099 3474589 -48.0744 -0.025791
15.06324 3482413 -51.3026 -0.027492
15.06549 3490254 -71.5003 -0.038272
15.06773 3498113 -82.7228 -0.044229
15.06998 3505990 -75.2596 -0.040194
15.07223 3513885 -96.0551 -0.051242
15.07448 3521797 -79.2220 -0.042215
15.07673 3529727 -97.5497 -0.051922
15.07898 3537675 -86.0006 -0.045724
15.08123 3545640 -80.4111 -0.042704
15.08348 3553624 -78.2160 -0.041492
15.08573 3561626 -85.9138 -0.045524
15.08798 3569646 -64.0184 -0.033884
15.09023 3577683 -73.2465 -0.038725
15.09248 3585739 -75.0537 -0.039635
15.09472 3593813 -52.3923 -0.027637
15.09697 3601905 -43.8808 -0.023121
15.09922 3610016 -32.2800 -0.016989
15.10147 3618144 -16.1820 -0.008507
15.10372 3626291 -19.5325 -0.010257
15.10597 3634457 -27.0110 -0.014168
15.10822 3642640 -23.1471 -0.012128
15.11047 3650843 -20.5273 -0.010743
15.11272 3659063 -43.8302 -0.022913
15.11497 3667302 -52.7611 -0.027551
15.11722 3675560 -70.6234 -0.036837
15.11947 3683836 -51.9604 -0.027072
15.12171 3692131 -103.8884 -0.054067
15.12396 3700445 -123.1366 -0.064012
15.12621 3708777 -119.8562 -0.062236
15.12846 3717128 -103.4597 -0.053662
15.13071 3725498 -125.4573 -0.064999
15.13296 3733887 -133.6055 -0.069142
15.13521 3742294 -116.3058 -0.060122
15.13746 3750721 -118.0348 -0.060947
15.13971 3759166 -99.7469 -0.051446
15.14196 3767631 -114.0574 -0.058761
15.14421 3776114 -111.2076 -0.057228
15.14646 3784617 -124.1316 -0.063807
15.14870 3793139 -115.6969 -0.059405
15.15095 3801680 -149.4270 -0.076637
15.15320 3810240 -135.3686 -0.069349
15.15545 3818819 -121.6469 -0.062250
15.15770 3827418 -88.6122 -0.045294
15.15995 3836036 -112.7689 -0.057577
15.16220 3844674 -125.1731 -0.063838
15.16445 3853331 -149.5332 -0.076176
15.16670 3862008 -131.1030 -0.066712
15.16895 3870704 -130.0650 -0.066110
15.17120 3879419 -127.1183 -0.064539
15.17345 3888155 -116.3189 -0.058990
15.17569 3896910 -118.7310 -0.060146
15.17794 3905684 -113.7310 -0.057548
15.18019 3914479 -91.7856 -0.046391
15.18244 3923293 -86.7018 -0.043773
15.18469 3932127 -84.9227 -0.042826
15.18694 3940981 -85.2315 -0.042934
15.18919 3949855 -79.1482 -0.039824
15.19144 3958749 -60.8756 -0.030596
15.19369 3967663 -75.4005 -0.037854
15.19594 3976597 -46.8840 -0.023511
15.19819 3985551 -72.6319 -0.036382
15.20044 3994525 -75.8593 -0.037956
15.20268 4003520 -83.4778 -0.041721
15.20493 4012534 -100.1686 -0.050006
15.20718 4021569 -98.0206 -0.048879
15.20943 4030625 -72.5994 -0.036162
15.21168 4039700 -67.8525 -0.033759
15.21393 4048797 -61.8504 -0.030738
15.21618 4057913 -83.3208 -0.041362
15.21843 4067050 -80.0532 -0.039695
15.22068 4076208 -51.0018 -0.025261
15.22293 4085387 -72.4036 -0.035822
15.22518 4094586 -46.7887 -0.023123
15.22743 4103805 -41.0757 -0.020276
15.22967 4113046 -27.4023 -0.013512
15.23192 4122307 -27.2641 -0.013428
15.23417 4131589 -47.5301 -0.023384
15.23642 4140893 -51.0286 -0.025076
15.23867 4150217 -40.9457 -0.020099
15.24092 4159562 -29.1476 -0.014292
15.24317 4168928 -16.3892 -0.008027
15.24542 4178315 -51.1365 -0.025017
15.24767 4187723 -42.0287 -0.020538
15.24992 4197153 -30.7846 -0.015026
15.25217 4206603 -55.3059 -0.026965
15.25442 4216075 -61.2300 -0.029820
15.25666 4225569 -61.2171 -0.029780
15.25891 4235083 -40.8602 -0.019855
15.26116 4244620 -54.3680 -0.026389
15.26341 4254177 -38.8273 -0.018825
15.26566 4263756 -24.9361 -0.012076
15.26791 4273357 -17.3881 -0.008411
15.27016 4282979 -17.5427 -0.008477
15.27241 4292623 -15.9235 -0.007686
15.27466 4302289 -43.7161 -0.021076
15.27691 4311976 -34.5587 -0.016643
15.27916 4321686 -37.8777 -0.018220
15.28141 4331417 -18.4012 -0.008842
15.28365 4341170 -2.8293 -0.001358
15.28590 4350945 11.1313 0.005336
15.28815 4360742 19.3086 0.009246
15.29040 4370561 7.9613 0.003808
15.29265 4380402 26.0977 0.012469
15.29490 4390266 47.4100 0.022627
15.29715 4400151 54.8880 0.026166
15.29940 4410059 41.1739 0.019606
15.30165 4419989 10.5682 0.005027
15.30390 4429942 7.0898 0.003369
15.30615 4439916 8.8679 0.004209
15.30840 4449914 6.9047 0.003273
15.31064 4459934 -2.8439 -0.001347
15.31289 4469976 -8.1778 -0.003868
15.31514 4480041 -1.3049 -0.000616
15.31739 4490129 -9.8558 -0.004651
15.31964 4500239 -47.2775 -0.022286
15.32189 4510372 -44.8258 -0.021107
15.32414 4520528 -38.5334 -0.018124
15.32639 4530707 -38.4346 -0.018057
15.32864 4540909 -37.4512 -0.017575
15.33089 4551134 -51.7190 -0.024243
15.33314 4561382 -60.0571 -0.028120
15.33539 4571653 -53.8841 -0.025201
15.33763 4581946 -49.7253 -0.023230
15.33988 4592264 -41.7593 -0.019487
15.34213 4602604 -41.4060 -0.019300
15.34438 4612968 -51.6691 -0.024057
15.34663 4623355 -51.3226 -0.023869
15.34888 4633765 -46.7929 -0.021738
15.35113 4644199 -60.1363 -0.027905
15.35338 4654656 -55.7525 -0.025842
15.35563 4665137 -76.8243 -0.035569
15.35788 4675642 -80.3223 -0.037146
15.36013 4686170 -59.8670 -0.027655
15.36238 4696722 -70.2956 -0.032436
15.36462 4707297 -83.6438 -0.038552
15.36687 4717897 -87.3614 -0.040220
15.36912 4728520 -106.5039 -0.048978
15.37137 4739167 -117.9210 -0.054168
15.37362 4749838 -118.4925 -0.054369
15.37587 4760534 -125.6579 -0.057592
15.37812 4771253 -104.0605 -0.047640
15.38037 4781996 -80.5390 -0.036830
15.38262 4792764 -75.8523 -0.034648
15.38487 4803556 -77.3114 -0.035275
15.38712 4814372 -125.9562 -0.057405
15.38937 4825212 -134.9983 -0.061457
15.39161 4836077 -137.1349 -0.062359
15.39386 4846967 -113.0098 -0.051331
15.39611 4857881 -108.3034 -0.049138
15.39836 4868819 -84.7207 -0.038395
15.40061 4879782 -83.3490 -0.037731
15.40286 4890770 -83.5468 -0.037778
15.40511 4901783 -115.8649 -0.052333
15.40736 4912820 -103.4239 -0.046661
15.40961 4923882 -122.2373 -0.055087
15.41186 4934969 -100.9089 -0.045424
15.41411 4946081 -101.7293 -0.045742
15.41636 4957218 -87.9958 -0.039522
15.41860 4968381 -78.0334 -0.035008
15.42085 4979568 -93.7134 -0.041996
15.42310 4990780 -80.9021 -0.036214
15.42535 5002018 -112.2476 -0.050189
15.42760 5013281 -133.8522 -0.059781
15.42985 5024570 -122.5620 -0.054677
15.43210 5035883 -139.3097 -0.062079
15.43435 5047223 -155.5783 -0.069250
15.43660 5058587 -185.9601 -0.082681
15.43885 5069978 -182.2794 -0.080953
15.44110 5081394 -171.6031 -0.076126
15.44335 5092836 -139.5814 -0.061851
15.44559 5104303 -123.1361 -0.054503
15.44784 5115797 -140.1469 -0.061962
15.45009 5127316 -133.3177 -0.058877
15.45234 5138861 -153.4309 -0.067683
15.45459 5150432 -154.2976 -0.067989
15.45684 5162029 -141.5026 -0.062281
15.45909 5173653 -131.9974 -0.058032
15.46134 5185302 -88.3484 -0.038798
15.46359 5196978 -52.2208 -0.022907
15.46584 5208680 -33.8634 -0.014838
15.46809 5220408 -50.3164 -0.022022
15.47034 5232163 -62.7424 -0.027430
15.47258 5243944 -48.3248 -0.021103
15.47483 5255752 -46.2074 -0.020156
15.47708 5267587 -57.7060 -0.025143
15.47933 5279448 -17.5952 -0.007658
15.48158 5291335 -26.1012 -0.011347
15.48383 5303250 3.6927 0.001604
15.48608 5315191 23.5166 0.010200
15.48833 5327159 33.3589 0.014453
15.49058 5339154 43.5074 0.018829
15.49283 5351177 19.5595 0.008455
15.49508 5363226 3.1752 0.001371
15.49733 5375302 19.1749 0.008270
15.49957 5387406 -1.7312 -0.000746
15.50182 5399537 -38.8285 -0.016710
15.50407 5411695 -44.5296 -0.019142
15.50632 5423880 -39.5707 -0.016991
15.50857 5436093 -37.3964 -0.016039
15.51082 5448334 -34.3901 -0.014733
15.51307 5460602 -18.5105 -0.007921
15.51532 5472897 -57.0590 -0.024390
15.51757 5485221 -76.8210 -0.032801
15.51982 5497572 -62.5301 -0.026669
15.52207 5509951 -42.0511 -0.017914
15.52432 5522357 -41.3527 -0.017597
15.52656 5534792 -52.1582 -0.022170
15.52881 5547255 -73.6277 -0.031261
15.53106 5559745 -106.6685 -0.045239
15.53331 5572264 -135.7416 -0.057504
15.53556 5584811 -134.1772 -0.056777
15.53781 5597387 -141.2815 -0.059716
15.54006 5609990 -116.2659 -0.049088
15.54231 5622622 -66.9742 -0.028245
15.54456 5635283 -65.5009 -0.027592
15.54681 5647972 -68.8211 -0.028958
15.54906 5660689 -70.6351 -0.029688
15.55131 5673435 -56.0666 -0.023539
15.55355 5686210 -67.4404 -0.028282
15.55580 5699014 -84.7683 -0.035509
15.55805 5711846 -107.8961 -0.045146
15.56030 5724708 -76.6460 -0.032034
15.56255 5737598 -104.7257 -0.043721
15.56480 5750517 -101.0391 -0.042134
15.56705 5763466 -114.8983 -0.047860
15.56930 5776443 -99.2106 -0.041279
15.57155 5789450 -94.1481 -0.039128
15.57380 5802486 -113.5182 -0.047126
15.57605 5815552 -146.1600 -0.060608
15.57830 5828647 -176.3866 -0.073060
15.58054 5841771 -149.2020 -0.061731
15.58279 5854925 -136.2146 -0.056294
15.58504 5868108 -110.0504 -0.045430
15.58729 5881322 -80.1312 -0.033042
15.58954 5894565 -40.6443 -0.016741
15.59179 5907837 -23.7921 -0.009789
15.59404 5921140 -43.4619 -0.017861
15.59629 5934473 -30.8036 -0.012645
15.59854 5947835 -15.2270 -0.006244
15.60079 5961228 -0.9994 -0.000409
15.60304 5974651 -25.8267 -0.010566
15.60529 5988104 -29.6590 -0.012120
15.60753 6001587 -47.8220 -0.019521
15.60978 6015101 -61.4737 -0.025065
15.61203 6028645 -79.1726 -0.032245
15.61428 6042220 -101.7444 -0.041392
15.61653 6055825 -83.2600 -0.033834
15.61878 6069461 -92.6816 -0.037620
15.62103 6083128 -69.5176 -0.028186
15.62328 6096825 -78.3415 -0.031728
15.62553 6110553 -85.8732 -0.034739
15.62778 6124313 -70.0295 -0.028298
15.63003 6138103 -96.3577 -0.038893
15.63228 6151924 -101.0330 -0.040734
15.63452 6165776 -113.8716 -0.045859
15.63677 6179660 -103.8864 -0.041790
15.63902 6193574 -79.8905 -0.032101
15.64127 6207520 -93.3424 -0.037465
15.64352 6221498 -87.1836 -0.034953
15.64577 6235507 -83.0624 -0.033264
15.64802 6249547 -100.7964 -0.040320
15.65027 6263619 -87.7729 -0.035071
15.65252 6277723 -99.9787 -0.039903
15.65477 6291859 -127.9790 -0.051021
15.65702 6306026 -151.5003 -0.060330
15.65927 6320225 -121.3317 -0.048262
15.66151 6334457 -103.8794 -0.041274
15.66376 6348720 -82.3496 -0.032683
15.66601 6363015 -99.3340 -0.039379
15.66826 6377343 -72.6895 -0.028784
15.67051 6391703 -85.4304 -0.033791
15.67276 6406095 -81.4660 -0.032187
15.67501 6420520 -75.6964 -0.029874
15.67726 6434977 -65.0647 -0.025649
15.67951 6449466 -71.8776 -0.028303
15.68176 6463989 -108.9766 -0.042863
15.68401 6478543 -71.7717 -0.028198
15.68626 6493131 -56.4859 -0.022167
15.68850 6507752 -54.9552 -0.021542
15.69075 6522405 -60.8712 -0.023835
15.69300 6537092 -66.0693 -0.025841
15.69525 6551811 -23.2508 -0.009084
15.69750 6566564 -52.7246 -0.020575
15.69975 6581350 -44.7289 -0.017435
15.70200 6596169 -55.6474 -0.021667
15.70425 6611022 -78.5084 -0.030534
15.70650 6625908 -94.0617 -0.036542
15.70875 6640827 -110.8046 -0.042998
15.71100 6655780 -116.6596 -0.045219
15.71325 6670767 -123.6067 -0.047858
15.71549 6685788 -130.9335 -0.050638
15.71774 6700842 -124.3068 -0.048021
15.71999 6715931 -91.2978 -0.035230
15.72224 6731053 -104.3587 -0.040224
15.72449 6746209 -115.8638 -0.044609
15.72674 6761400 -140.7798 -0.054140
15.72899 6776624 -139.7679 -0.053691
15.73124 6791883 -139.6251 -0.053576
15.73349 6807176 -158.5638 -0.060774
15.73574 6822504 -142.2403 -0.054457
15.73799 6837866 -150.4478 -0.057534
15.74024 6853263 -158.9331 -0.060711
15.74248 6868695 -148.4512 -0.056643
15.74473 6884161 -134.6299 -0.051312
15.74698 6899662 -141.0623 -0.053703
15.74923 6915198 -166.4043 -0.063279
15.75148 6930769 -173.5410 -0.065919
15.75373 6946375 -129.3336 -0.049072
15.75598 6962016 -119.5868 -0.045323
15.75823 6977692 -134.9328 -0.051081
15.76048 6993404 -130.2856 -0.049267
15.76273 7009151 -133.6710 -0.050490
15.76498 7024933 -132.1454 -0.049858
15.76723 7040752 -95.0089 -0.035806
15.76947 7056605 -107.6973 -0.040542
15.77172 7072495 -105.1022 -0.039521
15.77397 7088420 -95.2885 -0.035790
15.77622 7104381 -109.3962 -0.041043
15.77847 7120378 -95.1478 -0.035657
15.78072 7136410 -116.1927 -0.043495
15.78297 7152480 -93.8979 -0.035110
15.78522 7168585 -93.0707 -0.034761
15.78747 7184726 -112.5642 -0.041995
15.78972 7200904 -129.9779 -0.048437
15.79197 7217118 -95.7659 -0.035647
15.79422 7233369 -70.6456 -0.026267
15.79646 7249657 -86.2729 -0.032042
15.79871 7265981 -82.3056 -0.030534
15.80096 7282341 -81.3454 -0.030144
15.80321 7298739 -90.6321 -0.033547
15.80546 7315174 -71.5882 -0.026468
15.80771 7331645 -70.6082 -0.026077
15.80996 7348154 -64.3799 -0.023750
15.81221 7364700 -68.3215 -0.025176
15.81446 7381283 -65.2877 -0.024031
15.81671 7397903 -72.8807 -0.026795
15.81896 7414561 -91.0244 -0.033428
15.82121 7431256 -75.1635 -0.027572
15.82345 7447989 -85.9164 -0.031482
15.82570 7464760 -74.6462 -0.027321
15.82795 7481568 -72.0116 -0.026327
15.83020 7498415 -118.2621 -0.043188
15.83245 7515299 -115.2705 -0.042048
15.83470 7532221 -120.4400 -0.043884
15.83695 7549181 -110.6954 -0.040288
15.83920 7566180 -80.0940 -0.029118
15.84145 7583216 -58.6342 -0.021292
15.84370 7600292 -60.9118 -0.022095
15.84595 7617405 -46.7997 -0.016957
15.84820 7634557 -57.7667 -0.020907
15.85044 7651748 -98.4992 -0.035608
15.85269 7668977 -104.4499 -0.037717
15.85494 7686246 -122.5014 -0.044186
15.85719 7703553 -113.4689 -0.040882
15.85944 7720899 -86.3032 -0.031059
15.86169 7738284 -90.6523 -0.032588
15.86394 7755708 -82.7880 -0.029727
15.86619 7773172 -40.2113 -0.014423
15.86844 7790675 -65.8093 -0.023578
15.87069 7808217 -37.6408 -0.013470
15.87294 7825799 -15.0119 -0.005366
15.87519 7843420 -19.3010 -0.006892
15.87743 7861081 -35.5985 -0.012697
15.87968 7878782 -109.5479 -0.039028
15.88193 7896522 -80.7504 -0.028736
15.88418 7914303 -105.8571 -0.037628
15.88643 7932124 -112.4855 -0.039939
15.88868 7949984 -104.7183 -0.037140
15.89093 7967885 -117.4799 -0.041619
15.89318 7985827 -113.6496 -0.040217
15.89543 8003808 -142.9799 -0.050539
15.89768 8021830 -157.0840 -0.055462
15.89993 8039893 -145.2697 -0.051233
15.90218 8057997 -129.3359 -0.045562
15.90442 8076141 -140.7896 -0.049541
15.90667 8094326 -134.0628 -0.047121
15.90892 8112552 -158.3224 -0.055586
15.91117 8130819 -139.9235 -0.049071
15.91342 8149127 -173.6195 -0.060820
15.91567 8167476 -187.1616 -0.065490
15.91792 8185867 -178.7940 -0.062491
15.92017 8204299 -160.8492 -0.056156
15.92242 8222773 -160.6552 -0.056025
15.92467 8241288 -143.7634 -0.050078
15.92692 8259845 -140.7420 -0.048971
15.92917 8278444 -168.3677 -0.058517
15.93141 8297084 -134.4945 -0.046692
15.93366 8315767 -132.4247 -0.045922
15.93591 8334491 -87.0801 -0.030163
15.93816 8353258 -101.0708 -0.034970
15.94041 8372067 -107.2250 -0.037058
15.94266 8390918 -121.1061 -0.041808
15.94491 8409812 -122.6625 -0.042298
15.94716 8428749 -119.2167 -0.041063
15.94941 8447728 -112.8605 -0.038830
15.95166 8466749 -62.4941 -0.021477
15.95391 8485814 -94.7581 -0.032529
15.95616 8504921 -87.0791 -0.029859
15.95840 8524072 -122.5501 -0.041975
15.96065 8543266 -135.4585 -0.046344
15.96290 8562502 -103.4571 -0.035356
15.96515 8581783 -111.3030 -0.037994
15.96740 8601106 -107.3086 -0.036590
15.96965 8620473 -114.7914 -0.039097
15.97190 8639884 -105.0271 -0.035731
15.97415 8659338 -116.0666 -0.039443
15.97640 8678837 -105.0917 -0.035673
15.97865 8698379 -131.8847 -0.044717
15.98090 8717965 -108.7400 -0.036828
15.98315 8737595 -106.4348 -0.036007
15.98539 8757270 -81.6859 -0.027603
15.98764 8776988 -109.2010 -0.036860
15.98989 8796751 -123.4776 -0.041632
15.99214 8816559 -146.2320 -0.049248
15.99439 8836411 -155.8040 -0.052413
15.99664 8856308 -150.7893 -0.050669
15.99889 8876250 -142.9231 -0.047972
16.00114 8896237 -145.7402 -0.048863
16.00339 8916268 -144.9304 -0.048536
16.00564 8936345 -126.8154 -0.042422
16.00789 8956467 -162.8401 -0.054412
16.01014 8976634 -158.8681 -0.053025
16.01238 8996847 -139.0542 -0.046360
16.01463 9017105 -114.3130 -0.038068
16.01688 9037409 -100.2362 -0.033343
16.01913 9057758 -117.2005 -0.038942
16.02138 9078154 -113.9848 -0.037831
16.02363 9098595 -138.8412 -0.046029
16.02588 9119082 -127.7520 -0.042305
16.02813 9139616 -139.0705 -0.046001
16.03038 9160195 -132.5012 -0.043779
16.03263 9180821 -119.5798 -0.039465
16.03488 9201494 -119.1226 -0.039270
16.03713 9222213 -142.0060 -0.046762
16.03937 9242978 -121.4247 -0.039939
16.04162 9263791 -114.5995 -0.037652
16.04387 9284650 -88.3829 -0.029006
16.04612 9305556 -89.2058 -0.029243
16.04837 9326510 -82.0893 -0.026880
16.05062 9347510 -124.4006 -0.040689
16.05287 9368558 -140.9783 -0.046059
16.05512 9389653 -152.8624 -0.049886
16.05737 9410796 -143.8057 -0.046877
16.05962 9431986 -144.3617 -0.047006
16.06187 9453224 -188.0193 -0.061152
16.06412 9474510 -190.4255 -0.061865
16.06636 9495844 -178.8370 -0.058035
16.06861 9517225 -161.4085 -0.052320
16.07086 9538655 -138.5553 -0.044862
16.07311 9560134 -131.5846 -0.042557
16.07536 9581660 -96.5565 -0.031193
16.07761 9603235 -81.7313 -0.026374
16.07986 9624859 -38.5383 -0.012422
16.08211 9646531 -58.3025 -0.018772
16.08436 9668252 -30.7246 -0.009881
16.08661 9690022 8.0430 0.002584
16.08886 9711841 -39.7162 -0.012744
16.09111 9733709 -30.9302 -0.009914
16.09335 9755627 -47.4986 -0.015207
16.09560 9777593 -84.5911 -0.027053
16.09785 9799609 -86.7138 -0.027700
16.10010 9821675 -92.2834 -0.029446
16.10235 9843791 -128.3563 -0.040911
16.10460 9865956 -121.1859 -0.038582
16.10685 9888171 -154.6748 -0.049188
16.10910 9910436 -175.4946 -0.055746
16.11135 9932752 -182.1910 -0.057809
16.11360 9955117 -156.9995 -0.049759
16.11585 9977533 -157.1846 -0.049762
16.11810 10000000 -149.1620 -0.047169
