logY Y P PoverSqrtY
6.90675 999 -6.9006 -0.218326
6.90975 1002 -6.6851 -0.211189
6.91175 1004 -6.9540 -0.219468
6.91374 1006 -6.8633 -0.216387
6.91672 1009 -6.8682 -0.216220
6.91870 1011 -7.0070 -0.220372
6.92067 1013 -7.0619 -0.221878
6.92264 1015 -7.5385 -0.236620
6.92560 1018 -7.5444 -0.236455
6.92756 1020 -7.6667 -0.240052
6.92952 1022 -7.4059 -0.231660
6.93245 1025 -8.1303 -0.253947
6.93440 1027 -7.7288 -0.241173
6.93634 1029 -7.5827 -0.236383
6.93828 1031 -7.7515 -0.241410
6.94119 1034 -7.5905 -0.236055
6.94312 1036 -7.5035 -0.233124
6.94505 1038 -7.5711 -0.234996
6.94794 1041 -7.9369 -0.245995
6.94986 1043 -8.0182 -0.248275
6.95273 1046 -8.4263 -0.260538
6.95464 1048 -8.1932 -0.253087
6.95655 1050 -8.4554 -0.260941
6.95940 1053 -8.8156 -0.271666
6.96130 1055 -9.5261 -0.293283
6.96319 1057 -9.3089 -0.286327
6.96602 1060 -10.0467 -0.308582
6.96791 1062 -9.2173 -0.282841
6.97073 1065 -8.9652 -0.274718
6.97261 1067 -8.7963 -0.269288
6.97448 1069 -8.7014 -0.266133
6.97728 1072 -8.3986 -0.256514
6.97915 1074 -8.4487 -0.257803
6.98193 1077 -7.8114 -0.238023
6.98379 1079 -7.7853 -0.237010
6.98564 1081 -7.8667 -0.239266
6.98841 1084 -7.7291 -0.234754
6.99026 1086 -7.7627 -0.235558
6.99302 1089 -7.9647 -0.241353
6.99485 1091 -7.8881 -0.238814
6.99760 1094 -7.7963 -0.235712
6.99942 1096 -8.0505 -0.243173
7.00216 1099 -8.0393 -0.242503
7.00397 1101 -8.0763 -0.243399
7.00670 1104 -8.1123 -0.244152
7.00851 1106 -8.1000 -0.243561
7.01121 1109 -8.3715 -0.251384
7.01302 1111 -8.1768 -0.245315
7.01571 1114 -8.1760 -0.244963
7.01751 1116 -8.1476 -0.243892
7.02019 1119 -7.8452 -0.234525
7.02198 1121 -7.7541 -0.231594
7.02465 1124 -7.7107 -0.229990
7.02643 1126 -7.5362 -0.224586
7.02909 1129 -7.7139 -0.229576
7.03086 1131 -7.7468 -0.230351
7.03351 1134 -7.7016 -0.228706
7.03527 1136 -7.9724 -0.236537
7.03791 1139 -8.0730 -0.239205
7.03966 1141 -8.2960 -0.245600
7.04229 1144 -8.7977 -0.260110
7.04491 1147 -8.4607 -0.249818
7.04665 1149 -8.2599 -0.243676
7.04925 1152 -8.0758 -0.237936
7.05099 1154 -8.0126 -0.235869
7.05359 1157 -7.9429 -0.233513
7.05618 1160 -8.2556 -0.242392
7.05790 1162 -7.8987 -0.231714
7.06048 1165 -8.4993 -0.249012
7.06219 1167 -7.7405 -0.226585
7.06476 1170 -7.5958 -0.222064
7.06732 1173 -7.5423 -0.220218
7.06902 1175 -7.8408 -0.228738
7.07157 1178 -7.7077 -0.224571
7.07412 1181 -8.0099 -0.233079
7.07581 1183 -7.6440 -0.222243
7.07834 1186 -7.8763 -0.228708
7.08087 1189 -7.8873 -0.228738
7.08255 1191 -7.8756 -0.228206
7.08506 1194 -8.1658 -0.236318
7.08757 1197 -7.6569 -0.221314
7.08924 1199 -7.7469 -0.223726
7.09174 1202 -7.4715 -0.215504
7.09423 1205 -7.7120 -0.222165
7.09589 1207 -7.3747 -0.212271
7.09838 1210 -7.0346 -0.202231
7.10085 1213 -6.5699 -0.188638
7.10332 1216 -6.2955 -0.180537
7.10497 1218 -5.9878 -0.171572
7.10743 1221 -6.2753 -0.179586
7.10988 1224 -6.1545 -0.175915
7.11233 1227 -6.1858 -0.176593
7.11396 1229 -6.5132 -0.185787
7.11639 1232 -6.5353 -0.186191
7.11883 1235 -7.5047 -0.213549
7.12125 1238 -6.5851 -0.187156
7.12367 1241 -6.4417 -0.182858
7.12528 1243 -6.2055 -0.176012
7.12769 1246 -5.8576 -0.165943
7.13010 1249 -6.3363 -0.179289
7.13250 1252 -5.8097 -0.164191
7.13489 1255 -5.9605 -0.168252
7.13648 1257 -5.5506 -0.156556
7.13887 1260 -5.3693 -0.151263
7.14125 1263 -5.3508 -0.150562
7.14362 1266 -5.3101 -0.149240
7.14598 1269 -5.4077 -0.151803
7.14835 1272 -5.2233 -0.146454
7.14992 1274 -5.1749 -0.144983
7.15227 1277 -5.4090 -0.151364
7.15462 1280 -5.6618 -0.158251
7.15696 1283 -5.4304 -0.151605
7.15929 1286 -5.5162 -0.153822
7.16162 1289 -5.2808 -0.147086
7.16395 1292 -5.0442 -0.140333
7.16627 1295 -5.1102 -0.142003
7.16858 1298 -4.8820 -0.135505
7.17089 1301 -4.6801 -0.129752
7.17242 1303 -4.6267 -0.128173
7.17472 1306 -4.6610 -0.128977
7.17702 1309 -4.4647 -0.123402
7.17931 1312 -4.6859 -0.129368
7.18159 1315 -5.0095 -0.138145
7.18387 1318 -4.8775 -0.134350
7.18614 1321 -5.1406 -0.141437
7.18841 1324 -5.1885 -0.142592
7.19068 1327 -5.3141 -0.145880
7.19293 1330 -5.4305 -0.148907
7.19519 1333 -5.3057 -0.145320
7.19744 1336 -5.2266 -0.142993
7.19968 1339 -5.7739 -0.157791
7.20192 1342 -5.9276 -0.161809
7.20415 1345 -6.2886 -0.171471
7.20638 1348 -6.1624 -0.167845
7.20860 1351 -6.1141 -0.166344
7.21082 1354 -6.4678 -0.175770
7.21303 1357 -6.3536 -0.172477
7.21524 1360 -6.4249 -0.174221
7.21744 1363 -5.9649 -0.161567
7.22037 1367 -6.0687 -0.164140
7.22257 1370 -6.6070 -0.178502
7.22475 1373 -6.4339 -0.173636
7.22694 1376 -6.7354 -0.181574
7.22911 1379 -6.3537 -0.171097
7.23129 1382 -6.2672 -0.168586
7.23346 1385 -6.6055 -0.177492
7.23562 1388 -6.3774 -0.171177
7.23778 1391 -6.3353 -0.169866
7.23993 1394 -6.0982 -0.163333
7.24280 1398 -5.9838 -0.160038
7.24494 1401 -5.9831 -0.159849
7.24708 1404 -6.1476 -0.164069
7.24922 1407 -5.9050 -0.157426
7.25134 1410 -6.4099 -0.170704
7.25347 1413 -6.0752 -0.161617
7.25630 1417 -6.3704 -0.169232
7.25841 1420 -6.4230 -0.170448
7.26052 1423 -6.1307 -0.162519
7.26263 1426 -6.1649 -0.163256
7.26473 1429 -6.4583 -0.170844
7.26753 1433 -6.7976 -0.179569
7.26962 1436 -7.0201 -0.185254
7.27170 1439 -7.4357 -0.196015
7.27379 1442 -7.2991 -0.192214
7.27656 1446 -7.7492 -0.203785
7.27863 1449 -7.6615 -0.201270
7.28070 1452 -7.9219 -0.207896
7.28276 1455 -8.2194 -0.215481
7.28551 1459 -8.9201 -0.233530
7.28756 1462 -8.7530 -0.228920
7.28961 1465 -9.2822 -0.242511
7.29234 1469 -8.6648 -0.226072
7.29438 1472 -8.4867 -0.221200
7.29641 1475 -9.0294 -0.235107
7.29845 1478 -8.8237 -0.229515
7.30115 1482 -8.7811 -0.228099
7.30317 1485 -8.8457 -0.229546
7.30519 1488 -8.7501 -0.226836
7.30787 1492 -8.6254 -0.223303
7.30988 1495 -9.0712 -0.234607
7.31255 1499 -8.1845 -0.211394
7.31455 1502 -8.2358 -0.212505
7.31655 1505 -8.4246 -0.217160
7.31920 1509 -7.9496 -0.204646
7.32119 1512 -7.4424 -0.191397
7.32383 1516 -7.5607 -0.194183
7.32581 1519 -7.6308 -0.195790
7.32778 1522 -7.7601 -0.198911
7.33041 1526 -7.5593 -0.193510
7.33237 1529 -7.6432 -0.195467
7.33498 1533 -7.4613 -0.190566
7.33694 1536 -7.9118 -0.201874
7.33954 1540 -8.2909 -0.211272
7.34148 1543 -8.5140 -0.216747
7.34407 1547 -9.0349 -0.229709
7.34601 1550 -10.2050 -0.259208
7.34859 1554 -9.9845 -0.253281
7.35052 1557 -10.0415 -0.254481
7.35308 1561 -9.9771 -0.252525
7.35500 1564 -10.4679 -0.264693
7.35756 1568 -10.1929 -0.257409
7.35947 1571 -10.4684 -0.264113
7.36201 1575 -10.4222 -0.262614
7.36391 1578 -10.7631 -0.270946
7.36645 1582 -11.1572 -0.280514
7.36834 1585 -11.8573 -0.297831
7.37086 1589 -11.2455 -0.282110
7.37275 1592 -11.5188 -0.288692
7.37526 1596 -11.8202 -0.295874
7.37776 1600 -12.5213 -0.313033
7.37963 1603 -11.6217 -0.290271
7.38212 1607 -11.3653 -0.283514
7.38399 1610 -11.2263 -0.279785
7.38647 1614 -10.8988 -0.271285
7.38895 1618 -10.5007 -0.261053
7.39080 1621 -10.6958 -0.265656
7.39326 1625 -10.9685 -0.272096
7.39572 1629 -10.3974 -0.257611
7.39756 1632 -9.9387 -0.246019
7.40001 1636 -10.0236 -0.247818
7.40245 1640 -10.2633 -0.253434
7.40428 1643 -9.6823 -0.238868
7.40671 1647 -9.1003 -0.224237
7.40914 1651 -8.5854 -0.211295
7.41156 1655 -8.7259 -0.214492
7.41337 1658 -7.9130 -0.194334
7.41578 1662 -7.8198 -0.191813
7.41818 1666 -7.7991 -0.191076
7.41998 1669 -8.0217 -0.196354
7.42237 1673 -7.3680 -0.180137
7.42476 1677 -6.9324 -0.169285
7.42714 1681 -6.8294 -0.166570
7.42952 1685 -7.3301 -0.178572
7.43130 1688 -6.8742 -0.167316
7.43367 1692 -6.5447 -0.159108
7.43603 1696 -6.1804 -0.150074
7.43838 1700 -6.0511 -0.146761
7.44073 1704 -5.9092 -0.143150
7.44249 1707 -5.6113 -0.135815
7.44483 1711 -5.9274 -0.143299
7.44717 1715 -6.0016 -0.144922
7.44950 1719 -5.9750 -0.144113
7.45182 1723 -5.8810 -0.141680
7.45414 1727 -6.1560 -0.148134
7.45645 1731 -6.2446 -0.150093
7.45876 1735 -6.5430 -0.157083
7.46049 1738 -5.9429 -0.142553
7.46279 1742 -5.6914 -0.136363
7.46508 1746 -6.0739 -0.145359
7.46737 1750 -6.4769 -0.154828
7.46965 1754 -6.8705 -0.164050
7.47193 1758 -6.8080 -0.162370
7.47420 1762 -7.1003 -0.169151
7.47647 1766 -7.1914 -0.171127
7.47873 1770 -7.3176 -0.173934
7.48099 1774 -8.0124 -0.190234
7.48324 1778 -7.7965 -0.184900
7.48549 1782 -7.7859 -0.184440
7.48773 1786 -7.7111 -0.182464
7.48997 1790 -8.1660 -0.193012
7.49220 1794 -8.1457 -0.192316
7.49443 1798 -8.0565 -0.189998
7.49665 1802 -8.3613 -0.196968
7.49887 1806 -8.2671 -0.194534
7.50108 1810 -8.8992 -0.209177
7.50329 1814 -8.2237 -0.193086
7.50549 1818 -7.8614 -0.184376
7.50824 1823 -7.9081 -0.185215
7.51043 1827 -7.4186 -0.173562
7.51262 1831 -7.5972 -0.177546
7.51480 1835 -7.6816 -0.179323
7.51698 1839 -7.5480 -0.176011
7.51915 1843 -7.6009 -0.177054
7.52132 1847 -7.3788 -0.171694
7.52402 1852 -7.4729 -0.173647
7.52618 1856 -7.4030 -0.171838
7.52833 1860 -7.3655 -0.170783
7.53048 1864 -7.5971 -0.175965
7.53262 1868 -7.4124 -0.171503
7.53476 1872 -7.3994 -0.171019
7.53743 1877 -7.1983 -0.166149
7.53956 1881 -7.3589 -0.169676
7.54168 1885 -7.3758 -0.169883
7.54380 1889 -6.8252 -0.157036
7.54645 1894 -7.3108 -0.167987
7.54856 1898 -7.3587 -0.168910
7.55066 1902 -7.1775 -0.164577
7.55276 1906 -6.9064 -0.158193
7.55538 1911 -6.8171 -0.155945
7.55747 1915 -7.4448 -0.170125
7.55956 1919 -6.7326 -0.153689
7.56216 1924 -6.8240 -0.155573
7.56424 1928 -6.7996 -0.154857
7.56631 1932 -6.3147 -0.143664
7.56890 1937 -6.3984 -0.145380
7.57096 1941 -6.3689 -0.144562
7.57302 1945 -6.6421 -0.150607
7.57558 1950 -6.4887 -0.146940
7.57763 1954 -6.5486 -0.148145
7.58019 1959 -6.7953 -0.153530
7.58223 1963 -7.1094 -0.160461
7.58426 1967 -6.9134 -0.155879
7.58680 1972 -7.1041 -0.159977
7.58883 1976 -7.1124 -0.160001
7.59136 1981 -7.2434 -0.162742
7.59337 1985 -8.2963 -0.186211
7.59589 1990 -8.2012 -0.183844
7.59790 1994 -7.8232 -0.175194
7.60040 1999 -8.3144 -0.185963
7.60240 2003 -8.4831 -0.189545
7.60489 2008 -8.2965 -0.185147
7.60688 2012 -8.2512 -0.183953
7.60937 2017 -8.2293 -0.183235
7.61135 2021 -8.0827 -0.179794
7.61382 2026 -8.0112 -0.177984
7.61579 2030 -8.1926 -0.181834
7.61825 2035 -8.5189 -0.188843
7.62071 2040 -8.7980 -0.194791
7.62266 2044 -9.0173 -0.199452
7.62511 2049 -9.0561 -0.200064
7.62706 2053 -9.0157 -0.198977
7.62949 2058 -8.7370 -0.192593
7.63192 2063 -9.0154 -0.198489
7.63385 2067 -8.8971 -0.195694
7.63627 2072 -9.3475 -0.205353
7.63868 2077 -9.7465 -0.213861
7.64060 2081 -9.6961 -0.212551
7.64300 2086 -9.8018 -0.214609
7.64540 2091 -9.9624 -0.217864
7.64731 2095 -10.1283 -0.221282
7.64969 2100 -9.4271 -0.205716
7.65207 2105 -9.3960 -0.204795
7.65444 2110 -9.0801 -0.197675
7.65634 2114 -8.2598 -0.179647
7.65870 2119 -8.1604 -0.177274
7.66106 2124 -8.4100 -0.182481
7.66341 2129 -8.3110 -0.180121
7.66528 2133 -8.2746 -0.179164
7.66763 2138 -8.2081 -0.177517
7.66996 2143 -7.7861 -0.168193
7.67229 2148 -7.5636 -0.163196
7.67462 2153 -8.1363 -0.175349
7.67694 2158 -7.9891 -0.171978
7.67879 2162 -7.9970 -0.171988
7.68110 2167 -8.6563 -0.185952
7.68340 2172 -8.5059 -0.182511
7.68570 2177 -8.9210 -0.191199
7.68800 2182 -9.1054 -0.194927
7.69029 2187 -8.9266 -0.190880
7.69257 2192 -8.7432 -0.186745
7.69485 2197 -8.7272 -0.186192
7.69712 2202 -8.4417 -0.179896
7.69939 2207 -8.5470 -0.181933
7.70165 2212 -8.8109 -0.187339
7.70391 2217 -9.2459 -0.196365
7.70616 2222 -9.4255 -0.199956
7.70841 2227 -9.2159 -0.195290
7.71065 2232 -8.6954 -0.184054
7.71289 2237 -8.7915 -0.185878
7.71512 2242 -8.6839 -0.183399
7.71735 2247 -8.5757 -0.180913
7.71957 2252 -8.5035 -0.179190
7.72179 2257 -8.7941 -0.185107
7.72400 2262 -8.6752 -0.182403
7.72621 2267 -9.0405 -0.189876
7.72842 2272 -9.6352 -0.202141
7.73061 2277 -9.7088 -0.203462
7.73281 2282 -9.5921 -0.200797
7.73543 2288 -9.7845 -0.204556
7.73762 2293 -9.5283 -0.198981
7.73979 2298 -9.1431 -0.190731
7.74197 2303 -9.2075 -0.191865
7.74414 2308 -9.0476 -0.188329
7.74630 2313 -9.3291 -0.193979
7.74889 2319 -9.5252 -0.197798
7.75105 2324 -9.1366 -0.189526
7.75319 2329 -9.3922 -0.194619
7.75534 2334 -9.3805 -0.194168
7.75791 2340 -8.7241 -0.180348
7.76004 2345 -8.5510 -0.176581
7.76217 2350 -8.5547 -0.176471
7.76430 2355 -8.9340 -0.184098
7.76684 2361 -9.3316 -0.192048
7.76896 2366 -9.4391 -0.194055
7.77107 2371 -9.2510 -0.189987
7.77359 2377 -9.2610 -0.189951
7.77570 2382 -8.9881 -0.184161
7.77779 2387 -8.8676 -0.181502
7.78030 2393 -8.9062 -0.182064
7.78239 2398 -9.0636 -0.185087
7.78489 2404 -9.6744 -0.197313
7.78697 2409 -9.5784 -0.195153
7.78904 2414 -9.5699 -0.194778
7.79152 2420 -10.3955 -0.211319
7.79359 2425 -10.7806 -0.218921
7.79606 2431 -9.6372 -0.195461
7.79811 2436 -9.2869 -0.188162
7.80057 2442 -9.1495 -0.185151
7.80262 2447 -9.7172 -0.196437
7.80507 2453 -10.1107 -0.204141
7.80710 2458 -9.7471 -0.196600
7.80954 2464 -10.1134 -0.203741
7.81157 2469 -10.2547 -0.206377
7.81400 2475 -10.4627 -0.210307
7.81642 2481 -10.5628 -0.212063
7.81843 2486 -10.6865 -0.214331
7.82084 2492 -11.0897 -0.222150
7.82285 2497 -11.5606 -0.231351
7.82525 2503 -11.7682 -0.235222
7.82764 2509 -12.3731 -0.247018
7.82963 2514 -11.9780 -0.238892
7.83201 2520 -11.6834 -0.232738
7.83439 2526 -11.7743 -0.234272
7.83637 2531 -12.4648 -0.247765
7.83874 2537 -12.2660 -0.243525
7.84110 2543 -12.3860 -0.245618
7.84306 2548 -11.7549 -0.232872
7.84542 2554 -11.1099 -0.219836
7.84776 2560 -11.0037 -0.217479
7.85010 2566 -10.7127 -0.211480
7.85205 2571 -10.3664 -0.204445
7.85438 2577 -9.8501 -0.194037
7.85671 2583 -9.8257 -0.193332
7.85903 2589 -9.9889 -0.196315
7.86134 2595 -9.9710 -0.195737
7.86365 2601 -9.9252 -0.194611
7.86557 2606 -9.7568 -0.191127
7.86787 2612 -9.8929 -0.193570
7.87017 2618 -10.0825 -0.197054
7.87246 2624 -10.0921 -0.197015
7.87474 2630 -10.9967 -0.214429
7.87702 2636 -10.7148 -0.208694
7.87929 2642 -9.7764 -0.190201
7.88156 2648 -9.8311 -0.191049
7.88382 2654 -10.0649 -0.195371
7.88608 2660 -10.1761 -0.197305
7.88833 2666 -9.7956 -0.189716
7.89058 2672 -9.7425 -0.188473
7.89283 2678 -9.9821 -0.192894
7.89506 2684 -9.6596 -0.186452
7.89730 2690 -9.2344 -0.178046
7.89952 2696 -9.0027 -0.173386
7.90175 2702 -8.9885 -0.172920
7.90397 2708 -9.1993 -0.176780
7.90618 2714 -9.2062 -0.176717
7.90839 2720 -9.9241 -0.190286
7.91059 2726 -9.3231 -0.178566
7.91279 2732 -8.8238 -0.168817
7.91535 2739 -9.3673 -0.178986
7.91754 2745 -9.4391 -0.180160
7.91972 2751 -9.2832 -0.176992
7.92190 2757 -9.3036 -0.177188
7.92407 2763 -9.5119 -0.180958
7.92660 2770 -9.7692 -0.185617
7.92877 2776 -9.3007 -0.176524
7.93093 2782 -9.2090 -0.174596
7.93308 2788 -9.0609 -0.171604
7.93559 2795 -9.5906 -0.181408
7.93773 2801 -9.4530 -0.178613
7.93987 2807 -9.0486 -0.170790
7.94236 2814 -9.3190 -0.175674
7.94449 2820 -9.3095 -0.175308
7.94662 2826 -9.5938 -0.180469
7.94909 2833 -8.9534 -0.168215
7.95121 2839 -9.2364 -0.173349
7.95332 2845 -9.9680 -0.186882
7.95578 2852 -9.6645 -0.180969
7.95788 2858 -9.9252 -0.185655
7.96032 2865 -9.5364 -0.178165
7.96242 2871 -9.0236 -0.168407
7.96485 2878 -8.5195 -0.158807
7.96693 2884 -8.7651 -0.163215
7.96936 2891 -8.5522 -0.159058
7.97143 2897 -8.0298 -0.149187
7.97384 2904 -8.1633 -0.151483
7.97591 2910 -8.2973 -0.153812
7.97831 2917 -8.0745 -0.149502
7.98037 2923 -7.8598 -0.145377
7.98276 2930 -8.1725 -0.150981
7.98480 2936 -7.8342 -0.144583
7.98718 2943 -7.5602 -0.139359
7.98956 2950 -8.0821 -0.148804
7.99159 2956 -7.1172 -0.130905
7.99396 2963 -6.9838 -0.128300
7.99632 2970 -6.7001 -0.122943
7.99834 2976 -6.6015 -0.121011
8.00068 2983 -6.0164 -0.110156
8.00303 2990 -6.4041 -0.117117
8.00503 2996 -6.1277 -0.111951
8.00737 3003 -5.7535 -0.104991
8.00970 3010 -5.4676 -0.099657
8.01202 3017 -5.1877 -0.094446
8.01434 3024 -5.2999 -0.096378
8.01632 3030 -5.6907 -0.103382
8.01863 3037 -5.6794 -0.103057
8.02093 3044 -5.2742 -0.095595
8.02322 3051 -5.1391 -0.093038
8.02552 3058 -5.0258 -0.090884
8.02780 3065 -5.2478 -0.094790
8.03008 3072 -4.8342 -0.087219
8.03204 3078 -4.6806 -0.084365
8.03431 3085 -5.4316 -0.097791
8.03657 3092 -4.7834 -0.086024
8.03883 3099 -4.5535 -0.081797
8.04109 3106 -4.3350 -0.077784
8.04334 3113 -4.7539 -0.085204
8.04559 3120 -5.2632 -0.094227
8.04783 3127 -5.1136 -0.091445
8.05007 3134 -4.5440 -0.081168
8.05230 3141 -4.2144 -0.075197
8.05452 3148 -3.3363 -0.059464
8.05706 3156 -2.7730 -0.049362
8.05928 3163 -2.6143 -0.046484
8.06149 3170 -2.8071 -0.049857
8.06369 3177 -2.3125 -0.041027
8.06589 3184 -1.8285 -0.032405
8.06809 3191 -1.6406 -0.029043
8.07028 3198 -1.5456 -0.027332
8.07278 3206 -2.4400 -0.043094
8.07496 3213 -2.3723 -0.041853
8.07714 3220 -3.0845 -0.054358
8.07931 3227 -3.1008 -0.054585
8.08178 3235 -4.0011 -0.070347
8.08395 3242 -3.4042 -0.059788
8.08610 3249 -3.8350 -0.067281
8.08856 3257 -4.0375 -0.070747
8.09071 3264 -4.5672 -0.079942
8.09285 3271 -4.1078 -0.071824
8.09529 3279 -4.0293 -0.070365
8.09743 3286 -3.8527 -0.067210
8.09955 3293 -3.8300 -0.066743
8.10198 3301 -4.0254 -0.070063
8.10410 3308 -3.9067 -0.067924
8.10651 3316 -3.8779 -0.067343
8.10862 3323 -3.8077 -0.066054
8.11103 3331 -3.4075 -0.059041
8.11313 3338 -3.6995 -0.064032
8.11552 3346 -4.3936 -0.075955
8.11761 3353 -4.8322 -0.083450
8.11999 3361 -4.3067 -0.074286
8.12207 3368 -4.4515 -0.076704
8.12445 3376 -4.3134 -0.074237
8.12652 3383 -4.3519 -0.074822
8.12888 3391 -4.6372 -0.079633
8.13124 3399 -4.7140 -0.080856
8.13329 3406 -4.7995 -0.082239
8.13564 3414 -4.6095 -0.078890
8.13798 3422 -3.9640 -0.067764
8.14002 3429 -4.2160 -0.071997
8.14235 3437 -4.8355 -0.082481
8.14468 3445 -5.4436 -0.092744
8.14700 3453 -4.9695 -0.084569
8.14902 3460 -5.3297 -0.090608
8.15133 3468 -4.7832 -0.081224
8.15364 3476 -5.1730 -0.087741
8.15594 3484 -5.2190 -0.088419
8.15823 3492 -5.4274 -0.091845
8.16052 3500 -5.4605 -0.092299
8.16252 3507 -4.9621 -0.083791
8.16479 3515 -5.7042 -0.096212
8.16707 3523 -5.7846 -0.097458
8.16934 3531 -6.4721 -0.108917
8.17160 3539 -6.8798 -0.115647
8.17386 3547 -7.3089 -0.122722
8.17611 3555 -7.6645 -0.128547
8.17836 3563 -7.5449 -0.126400
8.18060 3571 -7.5250 -0.125925
8.18284 3579 -8.1515 -0.136257
8.18507 3587 -7.2234 -0.120608
8.18730 3595 -7.2019 -0.120115
8.18952 3603 -6.2475 -0.104082
8.19202 3612 -5.8114 -0.096695
8.19423 3620 -6.3675 -0.105832
8.19644 3628 -6.1157 -0.101534
8.19864 3636 -6.3436 -0.105202
8.20084 3644 -6.8434 -0.113365
8.20303 3652 -7.0066 -0.115942
8.20549 3661 -7.6686 -0.126741
8.20767 3669 -8.1439 -0.134449
8.20985 3677 -7.3948 -0.121950
8.21203 3685 -7.9737 -0.131354
8.21447 3694 -7.5673 -0.124507
8.21663 3702 -7.0100 -0.115213
8.21879 3710 -7.1699 -0.117714
8.22121 3719 -6.7634 -0.110906
8.22336 3727 -6.9691 -0.114155
8.22550 3735 -6.9540 -0.113786
8.22791 3744 -6.6994 -0.109488
8.23004 3752 -6.9400 -0.113300
8.23244 3761 -7.3382 -0.119656
8.23456 3769 -7.3266 -0.119340
8.23695 3778 -6.7895 -0.110461
8.23907 3786 -7.1803 -0.116695
8.24144 3795 -6.9901 -0.113470
8.24355 3803 -7.3754 -0.119597
8.24591 3812 -6.9046 -0.111831
8.24801 3820 -6.5492 -0.105963
8.25036 3829 -6.3216 -0.102161
8.25271 3838 -6.4417 -0.103979
8.25479 3846 -6.8905 -0.111108
8.25713 3855 -7.1011 -0.114370
8.25946 3864 -7.1542 -0.115091
8.26153 3872 -7.7277 -0.124189
8.26385 3881 -8.3733 -0.134407
8.26616 3890 -8.8657 -0.142148
8.26848 3899 -8.4843 -0.135875
8.27053 3907 -7.4541 -0.119254
8.27283 3916 -6.9853 -0.111625
8.27512 3925 -7.4036 -0.118175
8.27741 3934 -6.9123 -0.110206
8.27970 3943 -6.2113 -0.098916
8.28198 3952 -5.8462 -0.092997
8.28400 3960 -5.9680 -0.094837
8.28627 3969 -6.0545 -0.096103
8.28853 3978 -6.3422 -0.100555
8.29079 3987 -6.8221 -0.108042
8.29305 3996 -6.4108 -0.101415
8.29530 4005 -6.5222 -0.103061
8.29754 4014 -7.0371 -0.111072
8.29978 4023 -6.4763 -0.102106
8.30202 4032 -6.3394 -0.099837
8.30425 4041 -6.5431 -0.102929
8.30672 4051 -6.4105 -0.100720
8.30894 4060 -6.9536 -0.109131
8.31115 4069 -7.3923 -0.115887
8.31336 4078 -7.1148 -0.111413
8.31557 4087 -6.8070 -0.106476
8.31777 4096 -6.6554 -0.103991
8.32020 4106 -7.7206 -0.120487
8.32239 4115 -7.3613 -0.114754
8.32458 4124 -6.8815 -0.107158
8.32676 4133 -7.1888 -0.111822
8.32918 4143 -6.4816 -0.100699
8.33135 4152 -6.8417 -0.106178
8.33351 4161 -7.6054 -0.117903
8.33591 4171 -7.2630 -0.112460
8.33807 4180 -7.3157 -0.113154
8.34046 4190 -7.6322 -0.117907
8.34260 4199 -6.8879 -0.106295
8.34474 4208 -7.1494 -0.110213
8.34712 4218 -6.9931 -0.107676
8.34925 4227 -6.5561 -0.100840
8.35161 4237 -6.6926 -0.102818
8.35397 4247 -7.3559 -0.112874
8.35609 4256 -7.2412 -0.110997
8.35843 4266 -7.0262 -0.107574
8.36054 4275 -7.1395 -0.109194
8.36288 4285 -7.5586 -0.115470
8.36521 4295 -8.6501 -0.131989
8.36730 4304 -7.2311 -0.110223
8.36962 4314 -6.8555 -0.104375
8.37194 4324 -5.8742 -0.089332
8.37402 4333 -6.2016 -0.094213
8.37632 4343 -6.7459 -0.102363
8.37862 4353 -6.3425 -0.096131
8.38092 4363 -6.5102 -0.098560
8.38320 4373 -7.0898 -0.107213
8.38526 4382 -7.9921 -0.120733
8.38754 4392 -8.4005 -0.126758
8.38981 4402 -7.9163 -0.119315
8.39208 4412 -7.4790 -0.112597
8.39435 4422 -8.5119 -0.128003
8.39661 4432 -8.6252 -0.129559
8.39886 4442 -8.0070 -0.120138
8.40111 4452 -7.4954 -0.112336
8.40335 4462 -7.8431 -0.117415
8.40559 4472 -8.0484 -0.120353
8.40782 4482 -7.9502 -0.118752
8.41005 4492 -7.6033 -0.113445
8.41228 4502 -7.1967 -0.107259
8.41450 4512 -7.0428 -0.104848
8.41693 4523 -7.2809 -0.108261
8.41914 4533 -6.7977 -0.100965
8.42134 4543 -6.8663 -0.101871
8.42354 4553 -6.3946 -0.094769
8.42574 4563 -6.5229 -0.096564
8.42814 4574 -6.8429 -0.101179
8.43033 4584 -7.0405 -0.103987
8.43251 4594 -7.8234 -0.115426
8.43490 4605 -7.4984 -0.110498
8.43707 4615 -8.0770 -0.118896
8.43923 4625 -7.7643 -0.114168
8.44161 4636 -6.9491 -0.102060
8.44376 4646 -6.3497 -0.093157
8.44613 4657 -6.0629 -0.088844
8.44827 4667 -5.7645 -0.084380
8.45063 4678 -6.6283 -0.096911
8.45276 4688 -6.8281 -0.099726
8.45510 4699 -7.6496 -0.111593
8.45723 4709 -7.9643 -0.116060
8.45956 4720 -8.3047 -0.120879
8.46189 4731 -8.1231 -0.118099
8.46400 4741 -8.4855 -0.123237
8.46632 4752 -8.1101 -0.117648
8.46863 4763 -8.1457 -0.118029
8.47073 4773 -7.8130 -0.113089
8.47303 4784 -7.6602 -0.110750
8.47533 4795 -8.2965 -0.119812
8.47762 4806 -7.7698 -0.112078
8.47991 4817 -7.5194 -0.108342
8.48198 4827 -7.8178 -0.112525
8.48426 4838 -8.3254 -0.119695
8.48653 4849 -7.9924 -0.114775
8.48879 4860 -8.1136 -0.116385
8.49105 4871 -8.1570 -0.116875
8.49331 4882 -8.5026 -0.121689
8.49556 4893 -7.4214 -0.106096
8.49781 4904 -7.3993 -0.105662
8.50005 4915 -7.7893 -0.111105
8.50228 4926 -7.8349 -0.111631
8.50451 4937 -7.4535 -0.106079
8.50674 4948 -7.8446 -0.111521
8.50916 4960 -9.3397 -0.132615
8.51138 4971 -9.0387 -0.128199
8.51359 4982 -8.7353 -0.123759
8.51579 4993 -8.7544 -0.123893
8.51799 5004 -9.5136 -0.134489
8.52039 5016 -10.0992 -0.142596
8.52258 5027 -9.7580 -0.137627
8.52476 5038 -9.2566 -0.130414
8.52714 5050 -9.8382 -0.138442
8.52932 5061 -9.3805 -0.131858
8.53149 5072 -9.1573 -0.128581
8.53385 5084 -9.0284 -0.126621
8.53601 5095 -9.3842 -0.131469
8.53837 5107 -9.3619 -0.131003
8.54052 5118 -8.9599 -0.125244
8.54286 5130 -8.4109 -0.117431
8.54500 5141 -8.8139 -0.122927
8.54733 5153 -8.6671 -0.120738
8.54947 5164 -8.3033 -0.115546
8.55179 5176 -8.2078 -0.114086
8.55410 5188 -7.9623 -0.110545
8.55622 5199 -8.7008 -0.120670
8.55853 5211 -8.5915 -0.119016
8.56083 5223 -7.7631 -0.107417
8.56312 5235 -8.4644 -0.116987
8.56522 5246 -8.4471 -0.116625
8.56751 5258 -8.1053 -0.111778
8.56979 5270 -8.1814 -0.112700
8.57206 5282 -8.5851 -0.118126
8.57433 5294 -7.8121 -0.107368
8.57659 5306 -6.7996 -0.093347
8.57885 5318 -6.4344 -0.088233
8.58111 5330 -6.7694 -0.092723
8.58336 5342 -5.6141 -0.076812
8.58560 5354 -5.3437 -0.073031
8.58784 5366 -6.6556 -0.090857
8.59007 5378 -7.2194 -0.098445
8.59230 5390 -7.2827 -0.099197
8.59452 5402 -7.2380 -0.098479
8.59674 5414 -7.8647 -0.106886
8.59896 5426 -7.3870 -0.100283
8.60135 5439 -7.2742 -0.098634
8.60355 5451 -7.8279 -0.106025
8.60575 5463 -8.5728 -0.115986
8.60795 5475 -8.7070 -0.117673
8.61032 5488 -9.0230 -0.121798
8.61250 5500 -9.9370 -0.133991
8.61486 5513 -10.1643 -0.136893
8.61704 5525 -9.8399 -0.132380
8.61921 5537 -9.0762 -0.121974
8.62155 5550 -9.5045 -0.127580
8.62371 5562 -9.4244 -0.126369
8.62605 5575 -10.0095 -0.134057
8.62820 5587 -8.6571 -0.115820
8.63052 5600 -8.6432 -0.115499
8.63284 5613 -8.0382 -0.107290
8.63498 5625 -7.7603 -0.103471
8.63728 5638 -7.1214 -0.094842
8.63959 5651 -7.2012 -0.095795
8.64171 5663 -6.5530 -0.087079
8.64400 5676 -6.0981 -0.080942
8.64629 5689 -6.8079 -0.090260
8.64857 5702 -7.0426 -0.093265
8.65085 5715 -6.9530 -0.091974
8.65295 5727 -6.5465 -0.086505
8.65521 5740 -7.0095 -0.092519
8.65748 5753 -7.3932 -0.097473
8.65973 5766 -7.4971 -0.098731
8.66199 5779 -6.9805 -0.091824
8.66423 5792 -6.0780 -0.079863
8.66647 5805 -6.2218 -0.081661
8.66871 5818 -6.3974 -0.083872
8.67094 5831 -6.5459 -0.085723
8.67334 5845 -6.7996 -0.088938
8.67556 5858 -6.3165 -0.082527
8.67778 5871 -6.4899 -0.084700
8.67999 5884 -5.9938 -0.078139
8.68220 5897 -6.7751 -0.088227
8.68457 5911 -6.6828 -0.086922
8.68677 5924 -6.4056 -0.083225
8.68896 5937 -6.2560 -0.081191
8.69131 5951 -6.8222 -0.088436
8.69350 5964 -7.0238 -0.090951
8.69584 5978 -6.8750 -0.088920
8.69801 5991 -7.7050 -0.099546
8.70018 6004 -7.7797 -0.100402
8.70251 6018 -7.5542 -0.097378
8.70483 6032 -7.1698 -0.092316
8.70699 6045 -7.5343 -0.096905
8.70930 6059 -7.5252 -0.096676
8.71144 6072 -7.0757 -0.090803
8.71375 6086 -7.5272 -0.096487
8.71604 6100 -8.7200 -0.111648
8.71817 6113 -8.3973 -0.107402
8.72046 6127 -7.9626 -0.101725
8.72274 6141 -8.5377 -0.108949
8.72502 6155 -8.4482 -0.107684
8.72729 6169 -8.3211 -0.105943
8.72956 6183 -9.0095 -0.114578
8.73182 6197 -8.7450 -0.111088
8.73408 6211 -8.4763 -0.107553
8.73617 6224 -9.1786 -0.116344
8.73858 6239 -9.6031 -0.121578
8.74082 6253 -9.5624 -0.120927
8.74305 6267 -10.1044 -0.127638
8.74528 6281 -11.2911 -0.142469
8.74751 6295 -11.2709 -0.142057
8.74973 6309 -12.3170 -0.155068
8.75195 6323 -13.0579 -0.164215
8.75432 6338 -13.2185 -0.166038
8.75653 6352 -13.0277 -0.163460
8.75873 6366 -13.4388 -0.168433
8.76092 6380 -13.3648 -0.167322
8.76327 6395 -13.3357 -0.166761
8.76546 6409 -13.4307 -0.167766
8.76780 6424 -13.4626 -0.167967
8.76997 6438 -12.3309 -0.153681
8.77230 6453 -12.8845 -0.160393
8.77447 6467 -11.9150 -0.148165
8.77678 6482 -12.0774 -0.150009
8.77894 6496 -12.0018 -0.148909
8.78125 6511 -11.8280 -0.146585
8.78355 6526 -11.4812 -0.142123
8.78569 6540 -11.7980 -0.145888
8.78798 6555 -11.2434 -0.138871
8.79027 6570 -11.0664 -0.136529
8.79255 6585 -10.4650 -0.128962
8.79467 6599 -10.6019 -0.130510
8.79694 6614 -9.6960 -0.119223
8.79921 6629 -9.8640 -0.121152
8.80147 6644 -9.4016 -0.115341
8.80372 6659 -9.2882 -0.113823
8.80597 6674 -9.4949 -0.116224
8.80822 6689 -10.5029 -0.128419
8.81046 6704 -10.0627 -0.122898
8.81269 6719 -9.9834 -0.121794
8.81492 6734 -10.1262 -0.123399
8.81730 6750 -9.7429 -0.118587
8.81952 6765 -9.8857 -0.120191
8.82173 6780 -10.4056 -0.126373
8.82394 6795 -10.4307 -0.126537
8.82629 6811 -9.7567 -0.118222
8.82849 6826 -9.2778 -0.112296
8.83069 6841 -9.0967 -0.109983
8.83303 6857 -9.1049 -0.109953
8.83521 6872 -8.8210 -0.106408
8.83754 6888 -9.1229 -0.109922
8.83971 6903 -9.4424 -0.113648
8.84203 6919 -10.1087 -0.121527
8.84419 6934 -9.2482 -0.111062
8.84650 6950 -8.9101 -0.106879
8.84865 6965 -8.5242 -0.102139
8.85095 6981 -8.3743 -0.100229
8.85324 6997 -8.6634 -0.103569
8.85552 7013 -8.5128 -0.101652
8.85766 7028 -8.8090 -0.105078
8.85993 7044 -8.7319 -0.104040
8.86220 7060 -8.1971 -0.097557
8.86446 7076 -7.0398 -0.083688
8.86672 7092 -7.0615 -0.083852
8.86898 7108 -7.4065 -0.087850
8.87122 7124 -8.6206 -0.102135
8.87347 7140 -8.9352 -0.105744
8.87571 7156 -8.8858 -0.105042
8.87794 7172 -9.0002 -0.106275
8.88017 7188 -8.1667 -0.096326
8.88239 7204 -8.3308 -0.098153
8.88475 7221 -9.3823 -0.110411
8.88696 7237 -8.9140 -0.104784
8.88917 7253 -8.2759 -0.097176
8.89151 7270 -8.8620 -0.103936
8.89371 7286 -7.3648 -0.086281
8.89590 7302 -7.1485 -0.083655
8.89823 7319 -7.5421 -0.088158
8.90041 7335 -6.7568 -0.078893
8.90273 7352 -7.0332 -0.082026
8.90490 7368 -6.7103 -0.078175
8.90721 7385 -6.8172 -0.079329
8.90951 7402 -7.1257 -0.082824
8.91166 7418 -7.2836 -0.084568
8.91395 7435 -7.8394 -0.090917
8.91624 7452 -7.9459 -0.092047
8.91838 7468 -7.6520 -0.088547
8.92066 7485 -7.2114 -0.083354
8.92292 7502 -6.6362 -0.076618
8.92519 7519 -7.0592 -0.081410
8.92745 7536 -8.9145 -0.102689
8.92970 7553 -9.9287 -0.114244
8.93195 7570 -10.9621 -0.125993
8.93419 7587 -11.5931 -0.133096
8.93643 7604 -10.5407 -0.120879
8.93866 7621 -11.1740 -0.127998
8.94089 7638 -11.0940 -0.126940
8.94324 7656 -11.5227 -0.131690
8.94546 7673 -12.2503 -0.139851
8.94768 7690 -11.3583 -0.129524
8.94988 7707 -9.6590 -0.110024
8.95222 7725 -9.6847 -0.110189
8.95442 7742 -8.6939 -0.098807
8.95674 7760 -10.2023 -0.115815
8.95893 7777 -9.2013 -0.104338
8.96124 7795 -9.9848 -0.113092
8.96342 7812 -9.8384 -0.111312
8.96572 7830 -10.3368 -0.116816
8.96789 7847 -9.5880 -0.108237
8.97018 7865 -9.3145 -0.105029
8.97246 7883 -8.2059 -0.092423
8.97462 7900 -9.3342 -0.105018
8.97689 7918 -8.8778 -0.099770
8.97916 7936 -8.6709 -0.097333
8.98143 7954 -9.1980 -0.103134
8.98369 7972 -8.9769 -0.100541
8.98595 7990 -10.1677 -0.113750
8.98820 8008 -9.3967 -0.105006
8.99044 8026 -10.8780 -0.121423
8.99268 8044 -11.2952 -0.125939
8.99492 8062 -12.1990 -0.135864
8.99715 8080 -13.4051 -0.149130
8.99937 8098 -11.6768 -0.129758
9.00172 8117 -11.5908 -0.128652
9.00393 8135 -11.4276 -0.126700
9.00614 8153 -11.9995 -0.132894
9.00847 8172 -12.8871 -0.142558
9.01067 8190 -12.4225 -0.137267
9.01286 8208 -12.5354 -0.138363
9.01518 8227 -11.2527 -0.124061
9.01736 8245 -11.3158 -0.124620
9.01966 8264 -10.2584 -0.112845
9.02196 8283 -9.7928 -0.107600
9.02413 8301 -9.9436 -0.109138
9.02642 8320 -9.7466 -0.106854
9.02870 8339 -9.8395 -0.107750
9.03085 8357 -9.8584 -0.107840
9.03313 8376 -10.6961 -0.116872
9.03539 8395 -12.3231 -0.134496
9.03765 8414 -11.7284 -0.127861
9.03991 8433 -12.5355 -0.136505
9.04216 8452 -12.9261 -0.140600
9.04440 8471 -12.7535 -0.138568
9.04664 8490 -13.9214 -0.151087
9.04888 8509 -14.0445 -0.152253
9.05111 8528 -13.9175 -0.150708
9.05345 8548 -11.5860 -0.125314
9.05567 8567 -11.5458 -0.124741
9.05789 8586 -11.4639 -0.123719
9.06010 8605 -11.9701 -0.129039
9.06242 8625 -11.8004 -0.127062
9.06462 8644 -11.3652 -0.122242
9.06693 8664 -11.4569 -0.123086
9.06912 8683 -11.1780 -0.119958
9.07142 8703 -11.2128 -0.120193
9.07360 8722 -10.6398 -0.113927
9.07589 8742 -10.1816 -0.108896
9.07818 8762 -10.1071 -0.107975
9.08035 8781 -10.2950 -0.109864
9.08262 8801 -11.2356 -0.119765
9.08489 8821 -9.9661 -0.106112
9.08716 8841 -9.8408 -0.104659
9.08941 8861 -9.3510 -0.099338
9.09167 8881 -9.1294 -0.096875
9.09392 8901 -10.0240 -0.106249
9.09616 8921 -10.3730 -0.109824
9.09840 8941 -11.0179 -0.116522
9.10064 8961 -9.8281 -0.103823
9.10287 8981 -9.9207 -0.104684
9.10509 9001 -9.1943 -0.096911
9.10742 9022 -9.5969 -0.101037
9.10964 9042 -10.0094 -0.105263
9.11185 9062 -11.1817 -0.117461
9.11416 9083 -11.1578 -0.117075
9.11636 9103 -11.7252 -0.122894
9.11866 9124 -12.5845 -0.131748
9.12085 9144 -12.9838 -0.135779
9.12315 9165 -12.7514 -0.133196
9.12533 9185 -13.9002 -0.145038
9.12761 9206 -14.4553 -0.150658
9.12989 9227 -15.4065 -0.160389
9.13216 9248 -15.3750 -0.159879
9.13443 9269 -14.9003 -0.154767
9.13659 9289 -15.7235 -0.163142
9.13884 9310 -16.4436 -0.170420
9.14110 9331 -17.5676 -0.181865
9.14335 9352 -16.6724 -0.172404
9.14559 9373 -15.8766 -0.163991
9.14783 9394 -14.9801 -0.154557
9.15017 9416 -15.1360 -0.155984
9.15239 9437 -15.3622 -0.158138
9.15462 9458 -15.0529 -0.154782
9.15683 9479 -14.8669 -0.152700
9.15915 9501 -14.8255 -0.152099
9.16136 9522 -15.8428 -0.162356
9.16367 9544 -17.1074 -0.175113
9.16587 9565 -18.9463 -0.193724
9.16816 9587 -17.8694 -0.182502
9.17035 9608 -17.8257 -0.181857
9.17264 9630 -17.9338 -0.182751
9.17482 9651 -18.5447 -0.188771
9.17709 9673 -18.4764 -0.187861
9.17937 9695 -17.9068 -0.181862
9.18163 9717 -17.0291 -0.172753
9.18389 9739 -18.2640 -0.185071
9.18615 9761 -18.1142 -0.183347
9.18840 9783 -17.9989 -0.181974
9.19065 9805 -18.2733 -0.184542
9.19289 9827 -17.7966 -0.179526
9.19513 9849 -18.4306 -0.185714
9.19736 9871 -18.7724 -0.188947
9.19958 9893 -19.0008 -0.191033
9.20190 9916 -19.0390 -0.191195
9.20412 9938 -18.9475 -0.190065
9.20633 9960 -19.9957 -0.200358
9.20864 9983 -21.0156 -0.210335
9.21084 10005 -20.3729 -0.203678
9.21314 10028 -20.1449 -0.201167
9.21533 10050 -20.1368 -0.200867
9.21761 10073 -20.0471 -0.199743
9.21989 10096 -20.7175 -0.206188
9.22207 10118 -20.3132 -0.201944
9.22434 10141 -19.7041 -0.195667
9.22661 10164 -19.1063 -0.189515
9.22887 10187 -18.5181 -0.183474
9.23112 10210 -18.6226 -0.184301
9.23337 10233 -18.5028 -0.182910
9.23562 10256 -18.7888 -0.185528
9.23786 10279 -19.3345 -0.190703
9.24009 10302 -17.5552 -0.172960
9.24232 10325 -17.8054 -0.175229
9.24455 10348 -17.4447 -0.171489
9.24687 10372 -18.4508 -0.181169
9.24908 10395 -18.3366 -0.179849
9.25139 10419 -19.8487 -0.194455
9.25359 10442 -18.7100 -0.183098
9.25579 10465 -19.6065 -0.191659
9.25808 10489 -19.4526 -0.189938
9.26037 10513 -19.6208 -0.191361
9.26255 10536 -18.5692 -0.180907
9.26483 10560 -18.6300 -0.181293
9.26710 10584 -18.2952 -0.177833
9.26936 10608 -18.7776 -0.182315
9.27162 10632 -18.8156 -0.182478
9.27388 10656 -18.7519 -0.181655
9.27613 10680 -17.3745 -0.168123
9.27837 10704 -16.2086 -0.156665
9.28061 10728 -15.5626 -0.150253
9.28285 10752 -15.1177 -0.145794
9.28508 10776 -15.6732 -0.150984
9.28730 10800 -15.4212 -0.148391
9.28961 10825 -17.2265 -0.165570
9.29183 10849 -16.5438 -0.158833
9.29404 10873 -17.3357 -0.166252
9.29633 10898 -16.8104 -0.161030
9.29853 10922 -16.0279 -0.153365
9.30082 10947 -15.2470 -0.145726
9.30310 10972 -14.5736 -0.139131
9.30529 10996 -13.5869 -0.129569
9.30756 11021 -13.6077 -0.129621
9.30982 11046 -14.0024 -0.133230
9.31208 11071 -13.6105 -0.129355
9.31434 11096 -12.3006 -0.116773
9.31659 11121 -12.2728 -0.116378
9.31884 11146 -12.5796 -0.119153
9.32108 11171 -12.4280 -0.117586
9.32331 11196 -12.6349 -0.119410
9.32554 11221 -13.1855 -0.124474
9.32786 11247 -13.8437 -0.130537
9.33008 11272 -14.2595 -0.134309
9.33229 11297 -13.1227 -0.123465
9.33459 11323 -12.9724 -0.121910
9.33680 11348 -12.8338 -0.120474
9.33909 11374 -12.4868 -0.117083
9.34128 11399 -12.7100 -0.119046
9.34356 11425 -12.1298 -0.113482
9.34583 11451 -13.1117 -0.122529
9.34810 11477 -13.6083 -0.127025
9.35028 11502 -14.0579 -0.131079
9.35253 11528 -13.8138 -0.128657
9.35479 11554 -14.6610 -0.136394
9.35703 11580 -15.4103 -0.143204
9.35928 11606 -16.1045 -0.149488
9.36152 11632 -17.2163 -0.159630
9.36383 11659 -15.5895 -0.144378
9.36606 11685 -15.6031 -0.144343
9.36828 11711 -16.0481 -0.148295
9.37059 11738 -17.3088 -0.159761
9.37280 11764 -18.4046 -0.169687
9.37509 11791 -18.3062 -0.168587
9.37729 11817 -18.7500 -0.172483
9.37958 11844 -18.8823 -0.173502
9.38177 11870 -18.6440 -0.171125
9.38404 11897 -17.4828 -0.160285
9.38631 11924 -16.6855 -0.152802
9.38857 11951 -15.7222 -0.143817
9.39083 11978 -14.5272 -0.132736
9.39308 12005 -13.6804 -0.124859
9.39533 12032 -12.7955 -0.116651
9.39757 12059 -13.5461 -0.123356
9.39980 12086 -14.0902 -0.128167
9.40203 12113 -13.1532 -0.119511
9.40426 12140 -13.6220 -0.123632
9.40656 12168 -14.4483 -0.130980
9.40878 12195 -13.9697 -0.126502
9.41107 12223 -14.0881 -0.127428
9.41328 12250 -15.1053 -0.136478
9.41556 12278 -14.6988 -0.132653
9.41776 12305 -14.1391 -0.127462
9.42003 12333 -12.8080 -0.115332
9.42230 12361 -12.9151 -0.116164
9.42456 12389 -12.0453 -0.108218
9.42682 12417 -10.4921 -0.094157
9.42899 12444 -10.1855 -0.091307
9.43124 12472 -10.7887 -0.096605
9.43356 12501 -11.1253 -0.099504
9.43580 12529 -11.7977 -0.105400
9.43803 12557 -10.6628 -0.095155
9.44026 12585 -11.4445 -0.102017
9.44256 12614 -11.2412 -0.100089
9.44478 12642 -10.1700 -0.090451
9.44699 12670 -11.2375 -0.099834
9.44928 12699 -10.3997 -0.092286
9.45156 12728 -10.5008 -0.093077
9.45376 12756 -11.0587 -0.097915
9.45603 12785 -10.8752 -0.096181
9.45829 12814 -10.9656 -0.096870
9.46055 12843 -10.7869 -0.095184
9.46273 12871 -10.9706 -0.096700
9.46498 12900 -11.0269 -0.097087
9.46731 12930 -10.1287 -0.089075
9.46955 12959 -10.0871 -0.088609
9.47178 12988 -10.8401 -0.095118
9.47401 13017 -10.5456 -0.092430
9.47624 13046 -10.4758 -0.091717
9.47853 13076 -12.2283 -0.106937
9.48075 13105 -12.6464 -0.110471
9.48304 13135 -12.9453 -0.112953
9.48524 13164 -11.9050 -0.103762
9.48752 13194 -12.3423 -0.107451
9.48979 13224 -13.0936 -0.113861
9.49198 13253 -13.2811 -0.115366
9.49424 13283 -12.4391 -0.107930
9.49650 13313 -13.1575 -0.114034
9.49875 13343 -14.7807 -0.127958
9.50099 13373 -13.2393 -0.114486
9.50323 13403 -12.3304 -0.106507
9.50547 13433 -12.0650 -0.104098
9.50777 13464 -12.7946 -0.110265
9.51000 13494 -13.2225 -0.113826
9.51222 13524 -13.2739 -0.114142
9.51451 13555 -14.9757 -0.128629
9.51672 13585 -13.8226 -0.118593
9.51900 13616 -11.9587 -0.102485
9.52127 13647 -11.5216 -0.098627
9.52347 13677 -9.9563 -0.085134
9.52573 13708 -8.8787 -0.075833
9.52799 13739 -7.9736 -0.068026
9.53025 13770 -6.8031 -0.057975
9.53250 13801 -6.9393 -0.059069
9.53474 13832 -7.8251 -0.066534
9.53698 13863 -8.0523 -0.068390
9.53921 13894 -8.7078 -0.073874
9.54151 13926 -8.2178 -0.069637
9.54374 13957 -7.5244 -0.063691
9.54603 13989 -8.5254 -0.072081
9.54824 14020 -9.1585 -0.077348
9.55052 14052 -8.8021 -0.074253
9.55272 14083 -9.4135 -0.079324
9.55499 14115 -9.2790 -0.078101
9.55726 14147 -9.5843 -0.080580
9.55952 14179 -10.1089 -0.084895
9.56177 14211 -8.9900 -0.075413
9.56402 14243 -10.4963 -0.087950
9.56627 14275 -12.1572 -0.101752
9.56850 14307 -10.4935 -0.087730
9.57074 14339 -9.7516 -0.081436
9.57297 14371 -9.6472 -0.080474
9.57526 14404 -8.6387 -0.071979
9.57748 14436 -8.8017 -0.073256
9.57976 14469 -9.8115 -0.081567
9.58197 14501 -9.8238 -0.081579
9.58425 14534 -8.5988 -0.071326
9.58645 14566 -8.1655 -0.067657
9.58871 14599 -8.9204 -0.073828
9.59097 14632 -7.0968 -0.058669
9.59322 14665 -6.5664 -0.054223
9.59547 14698 -6.7284 -0.055499
9.59771 14731 -6.6837 -0.055068
9.59995 14764 -4.6230 -0.038047
9.60225 14798 -6.0538 -0.049765
9.60447 14831 -6.6314 -0.054453
9.60670 14864 -6.3131 -0.051782
9.60898 14898 -5.9789 -0.048984
9.61119 14931 -6.7683 -0.055390
9.61347 14965 -8.7207 -0.071287
9.61574 14999 -8.0596 -0.065808
9.61794 15032 -7.8921 -0.064370
9.62020 15066 -8.0389 -0.065493
9.62245 15100 -8.6594 -0.070470
9.62470 15134 -8.0967 -0.065816
9.62694 15168 -8.1593 -0.066251
9.62918 15202 -7.9653 -0.064603
9.63148 15237 -7.3200 -0.059301
9.63371 15271 -7.8274 -0.063341
9.63593 15305 -9.5541 -0.077228
9.63822 15340 -9.6782 -0.078142
9.64043 15374 -9.4788 -0.076447
9.64271 15409 -12.2632 -0.098791
9.64498 15444 -11.1708 -0.089888
9.64724 15479 -10.3500 -0.083189
9.64943 15513 -10.6222 -0.085284
9.65169 15548 -11.8353 -0.094917
9.65394 15583 -11.4574 -0.091782
9.65618 15618 -10.6678 -0.085361
9.65848 15654 -10.7749 -0.086120
9.66072 15689 -9.8083 -0.078306
9.66294 15724 -10.6259 -0.084739
9.66523 15760 -12.2079 -0.097244
9.66745 15795 -11.2882 -0.089818
9.66973 15831 -10.6129 -0.084349
9.67193 15866 -10.3419 -0.082105
9.67420 15902 -10.9896 -0.087147
9.67646 15938 -10.5108 -0.083256
9.67872 15974 -10.9997 -0.087031
9.68097 16010 -11.9358 -0.094331
9.68321 16046 -12.3623 -0.097593
9.68546 16082 -12.7142 -0.100258
9.68769 16118 -11.6041 -0.091402
9.68992 16154 -11.4235 -0.089879
9.69221 16191 -11.5807 -0.091012
9.69443 16227 -10.9693 -0.086111
9.69671 16264 -11.0890 -0.086952
9.69892 16300 -12.0034 -0.094018
9.70119 16337 -10.3460 -0.080944
9.70345 16374 -8.9181 -0.069694
9.70571 16411 -9.3350 -0.072869
9.70796 16448 -9.8644 -0.076915
9.71021 16485 -9.6469 -0.075135
9.71245 16522 -10.4224 -0.081084
9.71469 16559 -10.3707 -0.080592
9.71692 16596 -10.2705 -0.079724
9.71920 16634 -10.6344 -0.082454
9.72143 16671 -11.1007 -0.085974
9.72370 16709 -12.3916 -0.095863
9.72591 16746 -13.3702 -0.103319
9.72818 16784 -14.3737 -0.110948
9.73044 16822 -14.4516 -0.111423
9.73270 16860 -14.3944 -0.110857
9.73495 16898 -13.6216 -0.104788
9.73720 16936 -12.8332 -0.098612
9.73944 16974 -10.7581 -0.082574
9.74167 17012 -9.7836 -0.075011
9.74391 17050 -9.5553 -0.073179
9.74619 17089 -9.0439 -0.069182
9.74841 17127 -9.3721 -0.071614
9.75069 17166 -8.3792 -0.063954
9.75290 17204 -7.5907 -0.057872
9.75516 17243 -8.2209 -0.062605
9.75742 17282 -8.2925 -0.063080
9.75967 17321 -9.0285 -0.068601
9.76192 17360 -9.0148 -0.068420
9.76417 17399 -9.1453 -0.069333
9.76641 17438 -9.5073 -0.071996
9.76864 17477 -9.6013 -0.072627
9.77093 17517 -9.3257 -0.070461
9.77315 17556 -9.1218 -0.068844
9.77543 17596 -9.8570 -0.074308
9.77764 17635 -10.0193 -0.075449
9.77991 17675 -10.4280 -0.078437
9.78217 17715 -10.4551 -0.078552
9.78442 17755 -11.7470 -0.088159
9.78667 17795 -10.4025 -0.077981
9.78892 17835 -10.2973 -0.077106
9.79116 17875 -9.8105 -0.073378
9.79339 17915 -9.9339 -0.074219
9.79568 17956 -9.4263 -0.070345
9.79790 17996 -9.4710 -0.070601
9.80018 18037 -10.5914 -0.078862
9.80240 18077 -10.9993 -0.081809
9.80466 18118 -10.4513 -0.077645
9.80692 18159 -11.4077 -0.084655
9.80918 18200 -10.5161 -0.077950
9.81143 18241 -10.1063 -0.074828
9.81367 18282 -8.3263 -0.061580
9.81591 18323 -6.7026 -0.049516
9.81815 18364 -7.7499 -0.057189
9.82038 18405 -7.8843 -0.058116
9.82266 18447 -7.0551 -0.051945
9.82488 18488 -9.0444 -0.066517
9.82715 18530 -7.9759 -0.058592
9.82941 18572 -6.8116 -0.049983
9.83167 18614 -7.2024 -0.052790
9.83387 18655 -6.2844 -0.046012
9.83612 18697 -5.1190 -0.037437
9.83842 18740 -5.7062 -0.041683
9.84065 18782 -6.4230 -0.046867
9.84289 18824 -6.4300 -0.046866
9.84512 18866 -7.0973 -0.051672
9.84739 18909 -6.0675 -0.044124
9.84966 18952 -5.7798 -0.041984
9.85188 18994 -7.0199 -0.050935
9.85414 19037 -6.7993 -0.049279
9.85640 19080 -5.8500 -0.042351
9.85865 19123 -6.5590 -0.047431
9.86089 19166 -4.8868 -0.035299
9.86313 19209 -6.6265 -0.047811
9.86537 19252 -5.8605 -0.042237
9.86765 19296 -5.4934 -0.039547
9.86988 19339 -4.9746 -0.035772
9.87215 19383 -4.7649 -0.034225
9.87437 19426 -5.9609 -0.042768
9.87663 19470 -5.8706 -0.042073
9.87889 19514 -6.8651 -0.049144
9.88114 19558 -6.9233 -0.049506
9.88339 19602 -6.6159 -0.047254
9.88563 19646 -9.3399 -0.066635
9.88787 19690 -8.5992 -0.061282
9.89015 19735 -9.2177 -0.065615
9.89238 19779 -7.0266 -0.049962
9.89465 19824 -6.4055 -0.045495
9.89687 19868 -5.2436 -0.037201
9.89913 19913 -4.4708 -0.031682
9.90139 19958 -3.5619 -0.025213
9.90364 20003 -2.0526 -0.014513
9.90588 20048 -2.2998 -0.016243
9.90813 20093 -3.3474 -0.023615
9.91036 20138 -4.7599 -0.033542
9.91260 20183 -4.6802 -0.032944
9.91487 20229 -6.9510 -0.048872
9.91709 20274 -8.4045 -0.059026
9.91936 20320 -7.3140 -0.051309
9.92162 20366 -6.9940 -0.049009
9.92388 20412 -6.1778 -0.043241
9.92613 20458 -9.7295 -0.068023
9.92838 20504 -11.0609 -0.077245
9.93062 20550 -12.6554 -0.088282
9.93285 20596 -10.6267 -0.074047
9.93513 20643 -10.2195 -0.071128
9.93736 20689 -11.0753 -0.076999
9.93963 20736 -10.3495 -0.071871
9.94184 20782 -11.4291 -0.079281
9.94410 20829 -11.3999 -0.078989
9.94636 20876 -11.7217 -0.081128
9.94860 20923 -11.3975 -0.078795
9.95085 20970 -12.3868 -0.085538
9.95309 21017 -11.2563 -0.077644
9.95537 21065 -13.0988 -0.090251
9.95760 21112 -12.7675 -0.087870
9.95987 21160 -13.9155 -0.095662
9.96209 21207 -13.1276 -0.090146
9.96435 21255 -12.7851 -0.087695
9.96660 21303 -12.5253 -0.085816
9.96885 21351 -11.8437 -0.081055
9.97110 21399 -10.9689 -0.074984
9.97334 21447 -11.2847 -0.077056
9.97558 21495 -10.8511 -0.074012
9.97785 21544 -10.0812 -0.068683
9.98008 21592 -11.0639 -0.075294
9.98234 21641 -10.7147 -0.072835
9.98461 21690 -9.7783 -0.066394
9.98686 21739 -10.3034 -0.069881
9.98907 21787 -10.8311 -0.073380
9.99136 21837 -12.2451 -0.082864
9.99360 21886 -14.1227 -0.095463
9.99584 21935 -15.9093 -0.107419
9.99807 21984 -15.1334 -0.102066
10.00034 22034 -15.0530 -0.101409
10.00261 22084 -14.1912 -0.095495
10.00482 22133 -12.3899 -0.083281
10.00708 22183 -14.2365 -0.095586
10.00933 22233 -12.9925 -0.087135
10.01158 22283 -13.9557 -0.093490
10.01382 22333 -13.0999 -0.087658
10.01610 22384 -14.5459 -0.097224
10.01833 22434 -15.4055 -0.102854
10.02056 22484 -15.6540 -0.104397
10.02282 22535 -15.7495 -0.104915
10.02509 22586 -15.7931 -0.105087
10.02734 22637 -16.2372 -0.107920
10.02959 22688 -16.4306 -0.109082
10.03184 22739 -14.8052 -0.098181
10.03408 22790 -15.3999 -0.102011
10.03631 22841 -12.4152 -0.082148
10.03859 22893 -12.1988 -0.080625
10.04081 22944 -12.4980 -0.082510
10.04308 22996 -11.3200 -0.074649
10.04533 23048 -10.7809 -0.071013
10.04759 23100 -11.1840 -0.073585
10.04984 23152 -11.1658 -0.073383
10.05208 23204 -10.4739 -0.068759
10.05432 23256 -10.7026 -0.070182
10.05655 23308 -12.6329 -0.082747
10.05882 23361 -12.8735 -0.084227
10.06105 23413 -12.2548 -0.080090
10.06331 23466 -11.7547 -0.076734
10.06556 23519 -11.7892 -0.076873
10.06781 23572 -11.2563 -0.073316
10.07006 23625 -9.3832 -0.061047
10.07230 23678 -9.9133 -0.064424
10.07458 23732 -7.5617 -0.049086
10.07681 23785 -7.0665 -0.045820
10.07908 23839 -6.8436 -0.044324
10.08130 23892 -6.6524 -0.043038
10.08356 23946 -6.9526 -0.044930
10.08581 24000 -6.5977 -0.042588
10.08806 24054 -6.8140 -0.043935
10.09030 24108 -4.8915 -0.031504
10.09254 24162 -6.4427 -0.041448
10.09481 24217 -5.3678 -0.034494
10.09704 24271 -7.8387 -0.050315
10.09930 24326 -6.5211 -0.041810
10.10156 24381 -3.8324 -0.024544
10.10381 24436 -3.5455 -0.022681
10.10606 24491 -2.4506 -0.015659
10.10830 24546 -2.4568 -0.015681
10.11054 24601 -3.7985 -0.024218
10.11282 24657 -2.0938 -0.013334
10.11504 24712 -2.3265 -0.014799
10.11731 24768 -2.4867 -0.015801
10.11957 24824 -2.3909 -0.015175
10.12178 24879 -3.1683 -0.020087
10.12403 24935 -3.4207 -0.021662
10.12631 24992 -5.4746 -0.034630
10.12855 25048 -5.7645 -0.036423
10.13078 25104 -7.3826 -0.046595
10.13305 25161 -5.8968 -0.037175
10.13527 25217 -7.0361 -0.044308
10.13753 25274 -5.8538 -0.036821
10.13978 25331 -6.3263 -0.039749
10.14203 25388 -6.5226 -0.040936
10.14427 25445 -6.7958 -0.042603
10.14655 25503 -6.0980 -0.038185
10.14878 25560 -5.3671 -0.033571
10.15105 25618 -7.3279 -0.045783
10.15327 25675 -7.7175 -0.048164
10.15553 25733 -7.1636 -0.044657
10.15778 25791 -7.1487 -0.044514
10.16003 25849 -8.2370 -0.051232
10.16227 25907 -8.6425 -0.053695
10.16454 25966 -7.2253 -0.044839
10.16677 26024 -7.3644 -0.045651
10.16904 26083 -7.2751 -0.045046
10.17126 26141 -7.8198 -0.048365
10.17351 26200 -7.7776 -0.048050
10.17576 26259 -8.3215 -0.051352
10.17801 26318 -9.0547 -0.055815
10.18029 26378 -7.0855 -0.043627
10.18252 26437 -6.4918 -0.039926
10.18479 26497 -3.9258 -0.024117
10.18701 26556 -4.9681 -0.030487
10.18927 26616 -6.3055 -0.038650
10.19152 26676 -4.7457 -0.029057
10.19377 26736 -6.4171 -0.039245
10.19601 26796 -4.6851 -0.028621
10.19828 26857 -3.0729 -0.018751
10.20051 26917 -0.7500 -0.004572
10.20278 26978 -0.3857 -0.002348
10.20500 27038 -0.5750 -0.003497
10.20725 27099 -1.3561 -0.008238
10.20950 27160 -0.9804 -0.005949
10.21178 27222 0.2864 0.001736
10.21402 27283 0.4025 0.002437
10.21625 27344 0.0758 0.000458
10.21852 27406 1.3917 0.008407
10.22078 27468 0.8625 0.005204
10.22300 27529 -0.8138 -0.004905
10.22524 27591 -1.1702 -0.007045
10.22753 27654 -2.2677 -0.013637
10.22977 27716 -1.0290 -0.006181
10.23200 27778 -0.4694 -0.002816
10.23427 27841 -3.5478 -0.021263
10.23649 27903 -1.1500 -0.006884
10.23874 27966 0.4664 0.002789
10.24099 28029 0.0453 0.000270
10.24324 28092 0.7390 0.004409
10.24552 28156 1.9371 0.011544
10.24775 28219 0.8427 0.005017
10.25002 28283 -2.7880 -0.016578
10.25224 28346 -3.9623 -0.023534
10.25450 28410 -3.0077 -0.017844
10.25675 28474 -2.8048 -0.016622
10.25899 28538 -2.6047 -0.015419
10.26123 28602 -1.8522 -0.010952
10.26350 28667 -2.2577 -0.013334
10.26573 28731 -5.9120 -0.034878
10.26799 28796 -6.3362 -0.037339
10.27025 28861 -6.3471 -0.037361
10.27250 28926 -6.0033 -0.035297
10.27474 28991 -6.8638 -0.040312
10.27698 29056 -3.9818 -0.023359
10.27925 29122 -3.1932 -0.018712
10.28148 29187 -4.4904 -0.026284
10.28374 29253 -4.6049 -0.026923
10.28599 29319 -5.7105 -0.033351
10.28824 29385 -4.7379 -0.027639
10.29048 29451 -3.9264 -0.022879
10.29272 29517 -4.2683 -0.024844
10.29499 29584 -4.1002 -0.023838
10.29722 29650 -2.1409 -0.012433
10.29947 29717 -2.3816 -0.013816
10.30173 29784 -1.9154 -0.011099
10.30397 29851 -0.5597 -0.003240
10.30622 29918 -1.8556 -0.010728
10.30849 29986 -2.0068 -0.011589
10.31072 30053 -0.3005 -0.001734
10.31298 30121 -1.0549 -0.006078
10.31523 30189 0.8845 0.005091
10.31748 30257 -1.8125 -0.010420
10.31973 30325 0.1858 0.001067
10.32197 30393 0.6440 0.003694
10.32424 30462 -0.2148 -0.001231
10.32647 30530 -1.7720 -0.010142
10.32872 30599 1.1612 0.006638
10.33098 30668 1.0953 0.006254
10.33322 30737 0.6474 0.003693
10.33546 30806 -1.7927 -0.010214
10.33773 30876 -2.2982 -0.013079
10.33997 30945 -3.8727 -0.022015
10.34223 31015 -2.2286 -0.012655
10.34448 31085 -2.0362 -0.011549
10.34673 31155 -1.3549 -0.007676
10.34897 31225 -1.0045 -0.005684
10.35121 31295 -3.7968 -0.021462
10.35345 31365 -2.2416 -0.012657
10.35571 31436 -3.4737 -0.019592
10.35797 31507 -5.6955 -0.032087
10.36022 31578 -5.4154 -0.030475
10.36246 31649 -5.9270 -0.033316
10.36470 31720 -6.9200 -0.038854
10.36697 31792 -6.7358 -0.037777
10.36920 31863 -6.7340 -0.037725
10.37146 31935 -7.9710 -0.044605
10.37371 32007 -8.0629 -0.045068
10.37596 32079 -7.2574 -0.040520
10.37820 32151 -7.8489 -0.043773
10.38047 32224 -8.0779 -0.045000
10.38270 32296 -7.8861 -0.043882
10.38496 32369 -9.9294 -0.055190
10.38721 32442 -10.3985 -0.057732
10.38946 32515 -11.0099 -0.061058
10.39170 32588 -10.0347 -0.055587
10.39394 32661 -7.0049 -0.038761
10.39620 32735 -5.8974 -0.032595
10.39846 32809 -4.7515 -0.026232
10.40071 32883 -4.5192 -0.024921
10.40296 32957 -6.3714 -0.035096
10.40520 33031 -1.9442 -0.010697
10.40744 33105 -2.0085 -0.011039
10.40970 33180 -4.1299 -0.022672
10.41193 33254 -4.4910 -0.024628
10.41418 33329 -4.1798 -0.022895
10.41643 33404 -4.6702 -0.025553
10.41870 33480 -2.4193 -0.013222
10.42094 33555 -0.6874 -0.003753
10.42320 33631 -3.5715 -0.019475
10.42543 33706 -3.4340 -0.018704
10.42768 33782 -3.3723 -0.018348
10.42993 33858 -3.4209 -0.018591
10.43217 33934 -3.2338 -0.017555
10.43444 34011 -1.8607 -0.010089
10.43667 34087 -0.8497 -0.004603
10.43893 34164 -0.8236 -0.004456
10.44118 34241 -3.7817 -0.020437
10.44343 34318 -4.5195 -0.024397
10.44567 34395 -6.5650 -0.035399
10.44793 34473 -6.0414 -0.032539
10.45019 34551 -6.3463 -0.034142
10.45242 34628 -7.4417 -0.039991
10.45467 34706 -8.4233 -0.045215
10.45691 34784 -7.6324 -0.040923
10.45918 34863 -8.7376 -0.046796
10.46142 34941 -8.1084 -0.043378
10.46367 35020 -7.3776 -0.039424
10.46593 35099 -7.5152 -0.040114
10.46818 35178 -8.7846 -0.046837
10.47042 35257 -10.2401 -0.054536
10.47266 35336 -8.7689 -0.046649
10.47492 35416 -9.0982 -0.048345
10.47718 35496 -7.6883 -0.040808
10.47943 35576 -8.1081 -0.042987
10.48167 35656 -8.8565 -0.046903
10.48391 35736 -8.4102 -0.044489
10.48618 35817 -8.9761 -0.047429
10.48841 35897 -11.0860 -0.058512
10.49066 35978 -11.1209 -0.058630
10.49291 36059 -10.8544 -0.057161
10.49516 36140 -8.4896 -0.044657
10.49742 36222 -8.1695 -0.042925
10.49966 36303 -8.6572 -0.045437
10.50191 36385 -8.2854 -0.043436
10.50416 36467 -8.4242 -0.044114
10.50641 36549 -9.0600 -0.047391
10.50865 36631 -10.7466 -0.056149
10.51091 36714 -10.9617 -0.057209
10.51314 36796 -11.1170 -0.057955
10.51540 36879 -11.7272 -0.061067
10.51765 36962 -10.1839 -0.052971
10.51992 37046 -12.3952 -0.064399
10.52215 37129 -13.4548 -0.069827
10.52441 37213 -11.6165 -0.060218
10.52664 37296 -11.4567 -0.059323
10.52889 37380 -11.3036 -0.058465
10.53116 37465 -13.5389 -0.069947
10.53340 37549 -15.1325 -0.078093
10.53564 37633 -14.7480 -0.076024
10.53789 37718 -15.5112 -0.079868
10.54014 37803 -13.3699 -0.068765
10.54239 37888 -12.7240 -0.065369
10.54466 37974 -14.0947 -0.072329
10.54689 38059 -15.6049 -0.079990
10.54915 38145 -16.8954 -0.086507
10.55140 38231 -17.1942 -0.087937
10.55365 38317 -19.5301 -0.099772
10.55589 38403 -19.9949 -0.102032
10.55815 38490 -18.3261 -0.093410
10.56039 38576 -18.3594 -0.093476
10.56264 38663 -18.3409 -0.093277
10.56489 38750 -19.1817 -0.097443
10.56713 38837 -21.8888 -0.111070
10.56939 38925 -21.4364 -0.108652
10.57162 39012 -20.6350 -0.104473
10.57388 39100 -21.1482 -0.106951
10.57613 39188 -20.8380 -0.105264
10.57839 39277 -20.6511 -0.104202
10.58063 39365 -22.0903 -0.111339
10.58289 39454 -24.3752 -0.122716
10.58512 39542 -24.1658 -0.121527
10.58739 39632 -25.0665 -0.125913
10.58964 39721 -27.7050 -0.139011
10.59187 39810 -31.1751 -0.156247
10.59413 39900 -29.3604 -0.146986
10.59638 39990 -28.5708 -0.142872
10.59863 40080 -29.4744 -0.147225
10.60088 40170 -28.5158 -0.142277
10.60311 40260 -28.7828 -0.143448
10.60537 40351 -29.1229 -0.144980
10.60762 40442 -27.8880 -0.138676
10.60987 40533 -29.6287 -0.147166
10.61211 40624 -27.9272 -0.138560
10.61438 40716 -25.9180 -0.128446
10.61661 40807 -23.5412 -0.116536
10.61886 40899 -20.9521 -0.103603
10.62111 40991 -19.3183 -0.095417
10.62337 41084 -17.3742 -0.085717
10.62561 41176 -16.5179 -0.081402
10.62787 41269 -17.8462 -0.087849
10.63012 41362 -16.4812 -0.081038
10.63236 41455 -18.3378 -0.090065
10.63460 41548 -18.8465 -0.092460
10.63686 41642 -19.7400 -0.096734
10.63912 41736 -21.7151 -0.106294
10.64137 41830 -20.5256 -0.100358
10.64361 41924 -17.0327 -0.083186
10.64585 42018 -18.7346 -0.091396
10.64811 42113 -17.0502 -0.083085
10.65037 42208 -16.1611 -0.078664
10.65261 42303 -15.3977 -0.074864
10.65486 42398 -15.4348 -0.074960
10.65709 42493 -16.0250 -0.077739
10.65935 42589 -16.2464 -0.078724
10.66160 42685 -16.0349 -0.077612
10.66385 42781 -14.7498 -0.071312
10.66609 42877 -15.5685 -0.075185
10.66835 42974 -14.4591 -0.069749
10.67061 43071 -12.4994 -0.060228
10.67285 43168 -11.1407 -0.053620
10.67510 43265 -12.5701 -0.060432
10.67734 43362 -12.6881 -0.060931
10.67960 43460 -11.6823 -0.056038
10.68185 43558 -12.3611 -0.059227
10.68410 43656 -15.5491 -0.074419
10.68634 43754 -17.6056 -0.084167
10.68860 43853 -16.0407 -0.076599
10.69085 43952 -18.8117 -0.089730
10.69310 44051 -18.8110 -0.089626
10.69535 44150 -21.8994 -0.104224
10.69759 44249 -21.1129 -0.100368
10.69985 44349 -19.0125 -0.090281
10.70210 44449 -17.4363 -0.082703
10.70434 44549 -17.0139 -0.080609
10.70659 44649 -18.2989 -0.086600
10.70885 44750 -18.0880 -0.085505
10.71108 44850 -18.1026 -0.085479
10.71333 44951 -19.8244 -0.093504
10.71559 45053 -18.0039 -0.084821
10.71783 45154 -15.0469 -0.070811
10.72009 45256 -15.9727 -0.075083
10.72234 45358 -16.5285 -0.077608
10.72459 45460 -20.5039 -0.096166
10.72683 45562 -17.5477 -0.082209
10.72909 45665 -20.2909 -0.094953
10.73132 45767 -20.7953 -0.097205
10.73359 45871 -21.5562 -0.100648
10.73583 45974 -21.4599 -0.100086
10.73807 46077 -18.8204 -0.087677
10.74032 46181 -16.8395 -0.078360
10.74257 46285 -15.9100 -0.073952
10.74482 46389 -15.8998 -0.073822
10.74708 46494 -15.5699 -0.072208
10.74931 46598 -16.9871 -0.078693
10.75156 46703 -15.9700 -0.073898
10.75383 46809 -15.9612 -0.073773
10.75607 46914 -17.3746 -0.080217
10.75833 47020 -17.3576 -0.080048
10.76056 47125 -16.5180 -0.076091
10.76283 47232 -15.8038 -0.072718
10.76507 47338 -14.8437 -0.068224
10.76733 47445 -16.1192 -0.074003
10.76956 47551 -15.4273 -0.070747
10.77181 47658 -16.5412 -0.075770
10.77407 47766 -18.1356 -0.082980
10.77631 47873 -18.6551 -0.085261
10.77856 47981 -19.6027 -0.089491
10.78081 48089 -20.9335 -0.095459
10.78305 48197 -19.0170 -0.086623
10.78531 48306 -18.2629 -0.083094
10.78756 48415 -20.3860 -0.092649
10.78981 48524 -18.7783 -0.085247
10.79206 48633 -19.1944 -0.087038
10.79430 48742 -18.5398 -0.083976
10.79655 48852 -17.9104 -0.081034
10.79880 48962 -15.0181 -0.067871
10.80104 49072 -16.8464 -0.076048
10.80330 49183 -16.5328 -0.074549
10.80556 49294 -15.6477 -0.070478
10.80781 49405 -16.8343 -0.075737
10.81005 49516 -17.7288 -0.079672
10.81229 49627 -18.4154 -0.082665
10.81454 49739 -19.8260 -0.088897
10.81679 49851 -18.6711 -0.083624
10.81904 49963 -15.5000 -0.069344
10.82130 50076 -11.6110 -0.051886
10.82355 50189 -11.9647 -0.053407
10.82580 50302 -9.0977 -0.040564
10.82804 50415 -10.5505 -0.046989
10.83030 50529 -10.3514 -0.046050
10.83254 50642 -13.3024 -0.059112
10.83479 50756 -10.6698 -0.047360
10.83705 50871 -13.2425 -0.058713
10.83929 50985 -12.0624 -0.053421
10.84154 51100 -13.2056 -0.058418
10.84379 51215 -13.1047 -0.057907
10.84603 51330 -12.8620 -0.056770
10.84829 51446 -12.4113 -0.054719
10.85054 51562 -12.5409 -0.055229
10.85279 51678 -14.6154 -0.064292
10.85503 51794 -11.4228 -0.050192
10.85729 51911 -10.8991 -0.047837
10.85954 52028 -9.4961 -0.041632
10.86178 52145 -7.6393 -0.033454
10.86402 52262 -7.2169 -0.031569
10.86628 52380 -8.3476 -0.036474
10.86853 52498 -8.5769 -0.037433
10.87078 52616 -9.3731 -0.040862
10.87303 52735 -8.3967 -0.036564
10.87527 52853 -9.8121 -0.042680
10.87752 52972 -10.7588 -0.046746
10.87978 53092 -11.5829 -0.050269
10.88202 53211 -10.1980 -0.044209
10.88427 53331 -11.4784 -0.049704
10.88652 53451 -11.0347 -0.047729
10.88876 53571 -12.3016 -0.053149
10.89102 53692 -9.8013 -0.042299
10.89327 53813 -10.1304 -0.043670
10.89552 53934 -11.5610 -0.049781
10.89778 54056 -12.4494 -0.053546
10.90001 54177 -13.3392 -0.057309
10.90226 54299 -13.8238 -0.059324
10.90452 54422 -13.7192 -0.058809
10.90676 54544 -17.8434 -0.076402
10.90902 54667 -17.0040 -0.072726
10.91126 54790 -17.5366 -0.074919
10.91351 54913 -20.4937 -0.087455
10.91576 55037 -24.5138 -0.104492
10.91801 55161 -24.4288 -0.104013
10.92026 55285 -24.0182 -0.102150
10.92252 55410 -21.9377 -0.093196
10.92475 55534 -19.3385 -0.082062
10.92702 55660 -17.6998 -0.075023
10.92926 55785 -19.9178 -0.084330
10.93150 55910 -16.6279 -0.070322
10.93375 56036 -16.7800 -0.070886
10.93601 56163 -18.0182 -0.076030
10.93825 56289 -17.7570 -0.074844
10.94051 56416 -16.7893 -0.070686
10.94276 56543 -14.5971 -0.061387
10.94500 56670 -13.5743 -0.057022
10.94726 56798 -11.6228 -0.048769
10.94951 56926 -9.1699 -0.038433
10.95175 57054 -8.2501 -0.034539
10.95399 57182 -7.7703 -0.032494
10.95625 57311 -7.5194 -0.031410
10.95850 57440 -6.5870 -0.027484
10.96074 57569 -7.3678 -0.030707
10.96300 57699 -10.3671 -0.043159
10.96525 57829 -9.7147 -0.040398
10.96749 57959 -9.3593 -0.038876
10.96975 58090 -7.4431 -0.030882
10.97198 58220 -6.4221 -0.026616
10.97425 58352 -5.9063 -0.024450
10.97649 58483 -5.3601 -0.022165
10.97875 58615 -3.3093 -0.013669
10.98100 58747 -2.5510 -0.010525
10.98324 58879 -1.8807 -0.007751
10.98548 59011 -1.8230 -0.007505
10.98773 59144 -3.2476 -0.013354
10.98999 59278 -4.1967 -0.017237
10.99223 59411 -5.9658 -0.024476
10.99449 59545 -7.5060 -0.030760
10.99674 59679 -8.3118 -0.034024
10.99898 59813 -6.8307 -0.027930
11.00123 59948 -6.9775 -0.028498
11.00348 60083 -7.8508 -0.032028
11.00573 60218 -7.6488 -0.031170
11.00798 60354 -9.8105 -0.039934
11.01023 60490 -10.0066 -0.040686
11.01248 60626 -7.4498 -0.030256
11.01472 60762 -4.4620 -0.018101
11.01697 60899 -4.2220 -0.017109
11.01922 61036 -5.6821 -0.023000
11.02148 61174 -9.8538 -0.039840
11.02373 61312 -12.3754 -0.049979
11.02598 61450 -14.1245 -0.056979
11.02822 61588 -18.4613 -0.074390
11.03048 61727 -16.9313 -0.068148
11.03273 61866 -19.0964 -0.076776
11.03497 62005 -16.3451 -0.065641
11.03723 62145 -14.6903 -0.058929
11.03946 62284 -15.5958 -0.062491
11.04172 62425 -16.4091 -0.065676
11.04396 62565 -15.8784 -0.063481
11.04621 62706 -15.6695 -0.062575
11.04846 62847 -15.3405 -0.061192
11.05072 62989 -13.1843 -0.052532
11.05297 63131 -13.6075 -0.054157
11.05521 63273 -14.1338 -0.056189
11.05746 63415 -11.6925 -0.046431
11.05971 63558 -10.5824 -0.041976
11.06196 63701 -10.7493 -0.042590
11.06421 63845 -11.6165 -0.045974
11.06645 63988 -9.1164 -0.036039
11.06871 64133 -12.4544 -0.049179
11.07096 64277 -12.2477 -0.048309
11.07321 64422 -11.1036 -0.043747
11.07546 64567 -13.1571 -0.051779
11.07770 64712 -14.6483 -0.057583
11.07996 64858 -15.4884 -0.060817
11.08220 65004 -18.0562 -0.070820
11.08445 65150 -15.8277 -0.062010
11.08670 65297 -14.6220 -0.057222
11.08895 65444 -14.3550 -0.056113
11.09119 65591 -14.4591 -0.056457
11.09345 65739 -15.1839 -0.059220
11.09570 65887 -15.4731 -0.060281
11.09794 66035 -18.1023 -0.070445
11.10019 66184 -14.0294 -0.054533
11.10244 66333 -14.3120 -0.055569
11.10470 66483 -19.2446 -0.074637
11.10694 66632 -18.3057 -0.070916
11.10919 66782 -19.1278 -0.074017
11.11145 66933 -16.7609 -0.064785
11.11369 67083 -16.1851 -0.062490
11.11593 67234 -14.5914 -0.056273
11.11819 67386 -16.8923 -0.065073
11.12045 67538 -17.8987 -0.068873
11.12269 67690 -17.2963 -0.066480
11.12494 67842 -18.3136 -0.070311
11.12719 67995 -14.7121 -0.056420
11.12944 68148 -13.4897 -0.051675
11.13168 68301 -12.4786 -0.047748
11.13393 68455 -17.5366 -0.067026
11.13618 68609 -15.3616 -0.058647
11.13844 68764 -12.8619 -0.049048
11.14069 68919 -12.2814 -0.046782
11.14293 69074 -8.3049 -0.031599
11.14518 69229 -4.8595 -0.018469
11.14743 69385 -5.6897 -0.021600
11.14967 69541 -5.3995 -0.020475
11.15193 69698 -6.5550 -0.024829
11.15418 69855 -4.1471 -0.015691
11.15642 70012 -4.7619 -0.017997
11.15868 70170 -4.4837 -0.016926
11.16093 70328 -2.5810 -0.009732
11.16317 70486 -3.2585 -0.012274
11.16542 70645 -2.9586 -0.011131
11.16767 70804 -3.3918 -0.012747
11.16991 70963 -2.5827 -0.009695
11.17217 71123 -4.7422 -0.017782
11.17441 71283 -6.5973 -0.024710
11.17667 71444 -5.6488 -0.021133
11.17892 71605 -6.8128 -0.025460
11.18117 71766 -6.7947 -0.025364
11.18342 71928 -10.2223 -0.038115
11.18567 72090 -9.8894 -0.036833
11.18792 72252 -8.4377 -0.031391
11.19017 72415 -7.4819 -0.027803
11.19242 72578 -12.1066 -0.044939
11.19466 72741 -13.1246 -0.048663
11.19691 72905 -11.9539 -0.044272
11.19916 73069 -14.1210 -0.052239
11.20142 73234 -15.2069 -0.056193
11.20365 73398 -14.0788 -0.051966
11.20591 73564 -12.3634 -0.045583
11.20815 73729 -15.7257 -0.057915
11.21040 73895 -17.5738 -0.064649
11.21266 74062 -20.6124 -0.075741
11.21491 74229 -20.6302 -0.075721
11.21716 74396 -17.2323 -0.063178
11.21940 74563 -13.4354 -0.049203
11.22165 74731 -12.4631 -0.045591
11.22390 74899 -13.2037 -0.048246
11.22615 75068 -13.0936 -0.047789
11.22840 75237 -9.8474 -0.035901
11.23064 75406 -9.2743 -0.033774
11.23289 75576 -10.3728 -0.037732
11.23514 75746 -11.9733 -0.043504
11.23740 75917 -9.6083 -0.034872
11.23965 76088 -10.5303 -0.038175
11.24189 76259 -13.2231 -0.047884
11.24414 76431 -11.3228 -0.040956
11.24639 76603 -10.1639 -0.036723
11.24865 76776 -12.4984 -0.045107
11.25089 76948 -11.6101 -0.041854
11.25314 77122 -10.0557 -0.036210
11.25538 77295 -8.9550 -0.032210
11.25763 77469 -3.3371 -0.011990
11.25989 77644 -2.5796 -0.009258
11.26214 77819 -3.6854 -0.013211
11.26439 77994 -0.1343 -0.000481
11.26664 78170 -4.5113 -0.016135
11.26889 78346 -6.1423 -0.021944
11.27113 78522 -8.9797 -0.032046
11.27339 78699 -7.0355 -0.025079
11.27563 78876 -3.7667 -0.013412
11.27789 79054 -2.9511 -0.010496
11.28014 79232 -3.8284 -0.013601
11.28238 79410 -6.8122 -0.024174
11.28463 79589 -7.8249 -0.027736
11.28688 79768 -6.2103 -0.021989
11.28913 79948 -6.5318 -0.023101
11.29138 80128 -6.7352 -0.023793
11.29362 80308 -9.0957 -0.032096
11.29588 80489 -7.3575 -0.025934
11.29812 80670 -9.5263 -0.033540
11.30038 80852 -9.0201 -0.031723
11.30262 81034 -4.0858 -0.014353
11.30487 81216 -4.2468 -0.014902
11.30712 81399 -1.3300 -0.004662
11.30936 81582 -4.8872 -0.017110
11.31162 81766 -4.2404 -0.014829
11.31386 81950 -5.3549 -0.018706
11.31612 82135 -2.7114 -0.009461
11.31837 82320 -2.6461 -0.009223
11.32061 82505 -2.9475 -0.010262
11.32287 82691 -4.4395 -0.015438
11.32511 82877 -8.7016 -0.030226
11.32737 83064 -11.7504 -0.040770
11.32962 83251 -14.9505 -0.051816
11.33186 83438 -14.5777 -0.050467
11.33411 83626 -12.0571 -0.041694
11.33636 83814 -12.2314 -0.042249
11.33861 84003 -13.1783 -0.045469
11.34086 84192 -17.2440 -0.059430
11.34311 84382 -19.0274 -0.065502
11.34536 84572 -16.1793 -0.055635
11.34760 84762 -16.1692 -0.055538
11.34985 84953 -15.6050 -0.053539
11.35210 85144 -16.9953 -0.058244
11.35435 85336 -18.0178 -0.061679
11.35660 85528 -18.5395 -0.063393
11.35885 85721 -18.1206 -0.061891
11.36110 85914 -20.7201 -0.070690
11.36335 86107 -18.0008 -0.061344
11.36560 86301 -14.0274 -0.047750
11.36785 86496 -15.5795 -0.052973
11.37009 86690 -16.5514 -0.056215
11.37235 86886 -16.8999 -0.057334
11.37459 87081 -15.9490 -0.054047
11.37684 87277 -16.7454 -0.056682
11.37910 87474 -17.2982 -0.058487
11.38135 87671 -17.9967 -0.060781
11.38359 87868 -19.7854 -0.066747
11.38584 88066 -17.7106 -0.059680
11.38809 88264 -20.2424 -0.068135
11.39034 88463 -19.9363 -0.067029
11.39259 88662 -20.0972 -0.067494
11.39484 88862 -18.2862 -0.061343
11.39709 89062 -17.0676 -0.057191
11.39934 89263 -21.6992 -0.072629
11.40159 89464 -24.6773 -0.082504
11.40384 89665 -26.4331 -0.088275
11.40609 89867 -27.3764 -0.091322
11.40833 90069 -25.9947 -0.086616
11.41058 90272 -28.1891 -0.093822
11.41283 90475 -28.0916 -0.093393
11.41508 90679 -24.5860 -0.081646
11.41733 90883 -25.7992 -0.085579
11.41958 91088 -27.0607 -0.089662
11.42183 91293 -26.4933 -0.087684
11.42408 91499 -25.8668 -0.085513
11.42633 91705 -22.6769 -0.074884
11.42858 91911 -22.7102 -0.074909
11.43083 92118 -17.8371 -0.058770
11.43307 92325 -22.1776 -0.072989
11.43532 92533 -19.8077 -0.065116
11.43758 92742 -21.1634 -0.069494
11.43982 92950 -22.0327 -0.072268
11.44207 93160 -25.9171 -0.084913
11.44433 93370 -22.0925 -0.072300
11.44657 93580 -22.2484 -0.072729
11.44882 93791 -19.5206 -0.063740
11.45107 94002 -19.2500 -0.062786
11.45331 94213 -17.7089 -0.057695
11.45556 94425 -13.6142 -0.044305
11.45781 94638 -16.0869 -0.052293
11.46006 94851 -13.6223 -0.044231
11.46232 95065 -18.2057 -0.059047
11.46456 95279 -16.5733 -0.053692
11.46681 95493 -15.8680 -0.051349
11.46906 95708 -17.2427 -0.055735
11.47131 95924 -21.4274 -0.069184
11.47356 96140 -23.1152 -0.074550
11.47580 96356 -28.7922 -0.092755
11.47805 96573 -25.0931 -0.080747
11.48031 96791 -27.0247 -0.086865
11.48256 97009 -27.8098 -0.089288
11.48480 97227 -27.3449 -0.087697
11.48705 97446 -27.8036 -0.089067
11.48931 97666 -27.8264 -0.089040
11.49155 97885 -28.5027 -0.091102
11.49380 98106 -26.0321 -0.083112
11.49605 98327 -24.9275 -0.079495
11.49830 98548 -27.6391 -0.088044
11.50055 98770 -26.0561 -0.082908
11.50279 98992 -28.4028 -0.090274
11.50504 99215 -29.1224 -0.092457
11.50730 99439 -31.5944 -0.100192
11.50955 99663 -27.7399 -0.087869
11.51179 99887 -30.8233 -0.097527
11.51404 100112 -31.7080 -0.100213
11.51629 100337 -31.7234 -0.100149
11.51854 100563 -32.5446 -0.102626
11.52079 100790 -35.8876 -0.113041
11.52304 101017 -36.0277 -0.113355
11.52529 101244 -34.9381 -0.109803
11.52754 101472 -31.8603 -0.100018
11.52979 101701 -27.9079 -0.087511
11.53204 101930 -25.2153 -0.078979
11.53429 102159 -27.5722 -0.086265
11.53653 102389 -28.2676 -0.088341
11.53879 102620 -29.6793 -0.092648
11.54104 102851 -32.7269 -0.102047
11.54328 103082 -31.4128 -0.097840
11.54554 103315 -31.9012 -0.099249
11.54778 103547 -31.6230 -0.098273
11.55003 103780 -33.7081 -0.104635
11.55228 104014 -37.5516 -0.116435
11.55453 104248 -30.0379 -0.093033
11.55678 104483 -29.1187 -0.090084
11.55903 104718 -26.0347 -0.080453
11.56128 104954 -28.8178 -0.088953
11.56352 105190 -29.0285 -0.089503
11.56577 105427 -24.4354 -0.075256
11.56803 105665 -27.4834 -0.084548
11.57028 105903 -25.6306 -0.078760
11.57252 106141 -25.7922 -0.079167
11.57477 106380 -21.2179 -0.065054
11.57703 106620 -20.9077 -0.064031
11.57927 106860 -19.4490 -0.059496
11.58152 107100 -16.1062 -0.049215
11.58377 107341 -14.2864 -0.043605
11.58602 107583 -14.1937 -0.043274
11.58826 107825 -14.7621 -0.044956
11.59052 108068 -19.4051 -0.059029
11.59276 108311 -17.0271 -0.051737
11.59501 108555 -17.8958 -0.054316
11.59727 108800 -15.3359 -0.046494
11.59952 109045 -13.5190 -0.040939
11.60176 109290 -13.6655 -0.041337
11.60401 109536 -11.4161 -0.034494
11.60626 109783 -4.6142 -0.013926
11.60851 110030 -4.1583 -0.012536
11.61076 110278 -3.2352 -0.009742
11.61301 110526 -0.0328 -0.000099
11.61526 110775 -2.9304 -0.008805
11.61751 111025 -6.1875 -0.018570
11.61976 111275 -6.3726 -0.019104
11.62200 111525 -5.1650 -0.015466
11.62425 111776 -4.2854 -0.012818
11.62650 112028 -3.8236 -0.011424
11.62875 112280 -3.5507 -0.010597
11.63100 112533 -1.4102 -0.004204
11.63325 112786 -0.7653 -0.002279
11.63550 113040 0.0754 0.000224
11.63775 113295 1.7688 0.005255
11.64000 113550 5.7654 0.017110
11.64225 113806 0.8661 0.002567
11.64450 114062 2.0528 0.006078
11.64675 114319 1.1598 0.003430
11.64899 114576 -1.4749 -0.004357
11.65124 114834 -4.7688 -0.014073
11.65350 115093 -11.6782 -0.034423
11.65574 115352 -8.3324 -0.024533
11.65800 115612 -8.7704 -0.025794
11.66024 115872 -7.3556 -0.021609
11.66249 116133 -9.4521 -0.027736
11.66474 116394 -13.3969 -0.039268
11.66699 116657 -11.6187 -0.034017
11.66924 116919 -11.4854 -0.033590
11.67148 117182 -15.7836 -0.046108
11.67373 117446 -14.9785 -0.043707
11.67599 117711 -14.2753 -0.041608
11.67824 117976 -10.5535 -0.030726
11.68048 118241 -12.3218 -0.035834
11.68274 118508 -13.1617 -0.038233
11.68499 118775 -12.0850 -0.035066
11.68723 119042 -8.1948 -0.023751
11.68948 119310 -6.8704 -0.019890
11.69173 119579 -6.0828 -0.017590
11.69398 119848 -6.1592 -0.017791
11.69623 120118 -6.1485 -0.017740
11.69848 120388 -10.2078 -0.029420
11.70072 120659 -7.6520 -0.022029
11.70298 120931 -7.6034 -0.021864
11.70522 121203 -9.6855 -0.027821
11.70747 121476 -9.8840 -0.028359
11.70973 121750 -7.1808 -0.020580
11.71197 122024 -9.3298 -0.026708
11.71422 122299 -5.9653 -0.017058
11.71647 122574 -9.4084 -0.026873
11.71872 122850 -4.9102 -0.014009
11.72097 123127 -2.6378 -0.007517
11.72322 123404 0.9080 0.002585
11.72547 123682 -1.2804 -0.003641
11.72771 123960 -1.3951 -0.003963
11.72996 124239 2.2097 0.006269
11.73221 124519 6.7638 0.019168
11.73447 124800 5.0548 0.014308
11.73672 125081 4.6487 0.013144
11.73896 125362 0.9169 0.002590
11.74122 125645 -4.3230 -0.012196
11.74346 125927 -5.2685 -0.014847
11.74571 126211 -2.4596 -0.006923
11.74796 126495 -1.8842 -0.005298
11.75021 126780 -4.1786 -0.011736
11.75245 127065 -1.8656 -0.005234
11.75471 127352 -1.3670 -0.003831
11.75695 127638 -2.7735 -0.007763
11.75921 127926 -0.8894 -0.002487
11.76146 128214 0.9613 0.002685
11.76371 128503 0.8178 0.002281
11.76595 128792 1.7538 0.004887
11.76820 129082 5.2727 0.014676
11.77045 129373 3.2854 0.009134
11.77270 129664 3.6931 0.010256
11.77495 129956 0.1615 0.000448
11.77720 130248 2.3733 0.006576
11.77945 130542 4.3475 0.012033
11.78170 130836 2.0367 0.005631
11.78394 131130 2.1317 0.005887
11.78620 131426 3.4046 0.009391
11.78844 131721 4.0474 0.011152
11.79069 132018 2.4017 0.006610
11.79294 132315 1.0839 0.002980
11.79519 132613 2.9603 0.008129
11.79744 132912 2.9397 0.008063
11.79969 133211 5.9197 0.016219
11.80194 133511 8.2332 0.022533
11.80419 133812 10.4901 0.028677
11.80644 134113 9.0248 0.024643
11.80869 134415 11.6826 0.031865
11.81094 134718 11.9477 0.032551
11.81319 135021 14.2913 0.038893
11.81543 135325 12.2886 0.033405
11.81769 135630 13.3706 0.036305
11.81993 135935 8.6849 0.023556
11.82218 136241 8.4747 0.022960
11.82443 136548 3.6158 0.009785
11.82668 136855 -0.9371 -0.002533
11.82893 137164 -0.5919 -0.001598
11.83118 137472 -3.2731 -0.008828
11.83343 137782 -6.2640 -0.016876
11.83568 138092 -11.2007 -0.030141
11.83792 138403 -7.5306 -0.020242
11.84018 138715 -4.6228 -0.012412
11.84242 139027 -4.1267 -0.011068
11.84467 139340 -2.2229 -0.005955
11.84692 139654 -7.6444 -0.020456
11.84917 139968 -5.8134 -0.015539
11.85142 140284 -11.6585 -0.031127
11.85367 140600 -9.7483 -0.025998
11.85592 140916 -12.5294 -0.033377
11.85817 141233 -12.3304 -0.032810
11.86042 141551 -9.7063 -0.025799
11.86267 141870 -8.6991 -0.023096
11.86492 142190 -8.1295 -0.021559
11.86717 142510 -7.8950 -0.020914
11.86942 142831 -5.1233 -0.013556
11.87166 143152 -2.6329 -0.006959
11.87392 143475 -8.1406 -0.021492
11.87616 143798 -7.5884 -0.020011
11.87841 144121 0.8909 0.002347
11.88066 144446 3.6280 0.009546
11.88291 144771 4.6400 0.012195
11.88516 145097 1.9074 0.005007
11.88741 145424 0.6323 0.001658
11.88965 145751 0.0164 0.000043
11.89191 146080 -3.1892 -0.008344
11.89415 146408 -10.2463 -0.026778
11.89640 146738 -12.2196 -0.031900
11.89866 147069 -14.3613 -0.037448
11.90091 147400 -15.8414 -0.041261
11.90316 147732 -17.0532 -0.044368
11.90540 148064 -20.9993 -0.054573
11.90765 148398 -20.8367 -0.054090
11.90990 148732 -20.5375 -0.053253
11.91215 149067 -18.9057 -0.048967
11.91440 149402 -22.2640 -0.057600
11.91665 149739 -18.8735 -0.048774
11.91890 150076 -20.3813 -0.052611
11.92115 150414 -25.7417 -0.066373
11.92340 150753 -26.2500 -0.067608
11.92564 151092 -24.9631 -0.064221
11.92789 151432 -22.0008 -0.056537
11.93014 151773 -21.2709 -0.054600
11.93239 152115 -26.1010 -0.066922
11.93464 152457 -26.3654 -0.067524
11.93689 152801 -24.1714 -0.061836
11.93914 153145 -23.9461 -0.061190
11.94139 153490 -25.1757 -0.064260
11.94364 153835 -28.4815 -0.072616
11.94589 154182 -27.6704 -0.070469
11.94814 154529 -31.1990 -0.079366
11.95039 154877 -32.1831 -0.081778
11.95264 155226 -31.1366 -0.079029
11.95488 155575 -29.1556 -0.073918
11.95713 155925 -28.8315 -0.073014
11.95938 156276 -28.4230 -0.071899
11.96163 156628 -26.7016 -0.067469
11.96388 156981 -27.1025 -0.068405
11.96613 157335 -31.8842 -0.080383
11.96838 157689 -34.0310 -0.085699
11.97063 158044 -33.9182 -0.085319
11.97288 158400 -31.4728 -0.079078
11.97512 158756 -30.3935 -0.076281
11.97738 159114 -27.7953 -0.069682
11.97962 159472 -24.2552 -0.060738
11.98187 159831 -24.2270 -0.060600
11.98412 160191 -25.9007 -0.064713
11.98637 160552 -20.4213 -0.050965
11.98862 160913 -20.8985 -0.052098
11.99087 161276 -25.1556 -0.062640
11.99312 161639 -27.4435 -0.068260
11.99537 162003 -25.5424 -0.063460
11.99762 162368 -22.9835 -0.057038
11.99987 162733 -24.1473 -0.059859
12.00212 163100 -27.1041 -0.067113
12.00437 163467 -28.0903 -0.069477
12.00662 163835 -26.2573 -0.064870
12.00886 164204 -27.6484 -0.068230
12.01112 164574 -22.7651 -0.056116
12.01336 164944 -26.3710 -0.064932
12.01561 165316 -28.7629 -0.070742
12.01786 165688 -31.1340 -0.076487
12.02011 166061 -34.3783 -0.084363
12.02236 166435 -37.9808 -0.093098
12.02461 166810 -35.0018 -0.085700
12.02686 167185 -33.4722 -0.081863
12.02911 167562 -33.5799 -0.082033
12.03136 167939 -35.0538 -0.085538
12.03360 168317 -36.4323 -0.088802
12.03585 168696 -36.0157 -0.087688
12.03810 169076 -40.2524 -0.097893
12.04035 169457 -41.4119 -0.100599
12.04260 169838 -41.5858 -0.100908
12.04485 170221 -47.8719 -0.116031
12.04710 170604 -50.5805 -0.122459
12.04935 170988 -50.2996 -0.121641
12.05160 171373 -46.9329 -0.113372
12.05385 171759 -48.2621 -0.116452
12.05610 172146 -52.6109 -0.126802
12.05834 172533 -51.6746 -0.124406
12.06060 172922 -45.0186 -0.108260
12.06284 173311 -47.8355 -0.114905
12.06509 173701 -42.4529 -0.101861
12.06734 174093 -42.5737 -0.102035
12.06959 174485 -47.0553 -0.112650
12.07184 174877 -46.8256 -0.111974
12.07409 175271 -41.7519 -0.099729
12.07634 175666 -44.2225 -0.105511
12.07859 176061 -46.8486 -0.111652
12.08084 176458 -47.1983 -0.112359
12.08309 176855 -46.8842 -0.111485
12.08533 177253 -41.8556 -0.099416
12.08759 177653 -37.8539 -0.089810
12.08984 178053 -33.0118 -0.078234
12.09208 178453 -31.0040 -0.073393
12.09433 178855 -31.5261 -0.074545
12.09658 179258 -29.6019 -0.069917
12.09883 179662 -29.9567 -0.070675
12.10108 180066 -32.4975 -0.076583
12.10333 180472 -28.4100 -0.066875
12.10558 180878 -24.2869 -0.057106
12.10783 181285 -23.1639 -0.054404
12.11008 181694 -19.3035 -0.045286
12.11233 182103 -17.7599 -0.041618
12.11458 182513 -13.7748 -0.032243
12.11683 182924 -10.4811 -0.024506
12.11908 183336 -8.4201 -0.019665
12.12132 183748 -9.1387 -0.021319
12.12357 184162 -11.5967 -0.027023
12.12582 184577 -14.3062 -0.033299
12.12807 184992 -12.0071 -0.027916
12.13032 185409 -17.6387 -0.040964
12.13257 185826 -26.2171 -0.060818
12.13482 186245 -27.6560 -0.064084
12.13707 186664 -28.3368 -0.065587
12.13932 187085 -28.5278 -0.065955
12.14157 187506 -29.4986 -0.068123
12.14381 187928 -29.8494 -0.068856
12.14606 188351 -32.3125 -0.074454
12.14831 188775 -36.6251 -0.084296
12.15056 189200 -38.1628 -0.087736
12.15281 189626 -36.8163 -0.084546
12.15506 190053 -35.4566 -0.081332
12.15731 190481 -30.2673 -0.069350
12.15956 190910 -30.8718 -0.070656
12.16181 191340 -30.3454 -0.069373
12.16406 191771 -25.0831 -0.057278
12.16631 192203 -20.8329 -0.047519
12.16856 192636 -24.9312 -0.056803
12.17080 193069 -30.8769 -0.070271
12.17305 193504 -25.3759 -0.057687
12.17530 193940 -23.2787 -0.052860
12.17755 194376 -22.0528 -0.050020
12.17980 194814 -24.2138 -0.054860
12.18205 195253 -18.4671 -0.041793
12.18430 195692 -16.9910 -0.038409
12.18655 196133 -22.2879 -0.050326
12.18880 196575 -22.2214 -0.050119
12.19105 197017 -20.2571 -0.045638
12.19330 197461 -18.1589 -0.040865
12.19555 197906 -12.0506 -0.027088
12.19779 198351 -12.3606 -0.027754
12.20004 198798 -14.3693 -0.032228
12.20229 199245 -15.7519 -0.035289
12.20454 199694 -18.4924 -0.041382
12.20679 200144 -21.4696 -0.047990
12.20904 200594 -15.3028 -0.034167
12.21129 201046 -7.9645 -0.017763
12.21354 201499 -3.3990 -0.007572
12.21579 201952 -1.4495 -0.003225
12.21804 202407 -4.1608 -0.009248
12.22029 202863 -6.1993 -0.013764
12.22254 203320 -6.1281 -0.013590
12.22479 203778 -7.8565 -0.017404
12.22703 204236 -5.2299 -0.011572
12.22928 204696 -5.1852 -0.011461
12.23153 205157 -6.4323 -0.014201
12.23378 205619 -7.6254 -0.016816
12.23603 206082 -11.5263 -0.025390
12.23828 206546 -7.2437 -0.015939
12.24053 207011 -7.0734 -0.015547
12.24278 207477 -7.9733 -0.017505
12.24503 207945 -9.5424 -0.020926
12.24728 208413 -13.6731 -0.029951
12.24952 208882 -14.6064 -0.031959
12.25177 209352 -16.5648 -0.036203
12.25402 209824 -13.7381 -0.029992
12.25627 210296 -11.9661 -0.026094
12.25852 210770 -9.3911 -0.020456
12.26077 211244 -15.3314 -0.033357
12.26302 211720 -17.4141 -0.037846
12.26527 212197 -17.7055 -0.038436
12.26752 212675 -17.8450 -0.038695
12.26977 213154 -15.1566 -0.032829
12.27201 213633 -18.7721 -0.040614
12.27427 214115 -18.4936 -0.039967
12.27652 214597 -22.0253 -0.047545
12.27877 215080 -23.6582 -0.051013
12.28101 215564 -23.6503 -0.050939
12.28327 216050 -18.2330 -0.039227
12.28551 216536 -17.6697 -0.037972
12.28776 217024 -20.0502 -0.043039
12.29001 217512 -22.2919 -0.047797
12.29226 218002 -21.6410 -0.046350
12.29451 218493 -21.9785 -0.047020
12.29676 218985 -24.1176 -0.051538
12.29901 219478 -27.3127 -0.058300
12.30126 219972 -28.5615 -0.060897
12.30350 220467 -27.7500 -0.059101
12.30576 220964 -26.4453 -0.056258
12.30800 221461 -29.5911 -0.062880
12.31025 221960 -29.8900 -0.063444
12.31250 222460 -22.3276 -0.047339
12.31475 222961 -23.9348 -0.050689
12.31700 223463 -25.2605 -0.053437
12.31925 223966 -24.3609 -0.051476
12.32150 224470 -20.6216 -0.043526
12.32375 224976 -18.1263 -0.038216
12.32600 225482 -16.4036 -0.034545
12.32825 225990 -24.6075 -0.051763
12.33050 226499 -29.4456 -0.061871
12.33274 227009 -32.4190 -0.068042
12.33499 227520 -32.9677 -0.069116
12.33724 228032 -37.9531 -0.079478
12.33949 228546 -38.6213 -0.080787
12.34174 229061 -42.5341 -0.088871
12.34399 229576 -45.7893 -0.095565
12.34624 230093 -43.5901 -0.090873
12.34849 230611 -48.5745 -0.101151
12.35074 231131 -45.7109 -0.095080
12.35299 231651 -39.1330 -0.081307
12.35524 232173 -34.1214 -0.070814
12.35748 232695 -27.3212 -0.056638
12.35973 233219 -24.8356 -0.051427
12.36199 233745 -29.1092 -0.060209
12.36423 234271 -30.9690 -0.063983
12.36648 234798 -26.7302 -0.055164
12.36873 235327 -31.6880 -0.065322
12.37098 235857 -25.4332 -0.052369
12.37323 236388 -27.1791 -0.055901
12.37548 236920 -24.9422 -0.051243
12.37773 237454 -25.1166 -0.051543
12.37998 237988 -25.9858 -0.053267
12.38223 238524 -23.8202 -0.048773
12.38447 239061 -27.9576 -0.057180
12.38673 239600 -24.5510 -0.050156
12.38897 240139 -18.7802 -0.038324
12.39122 240680 -17.8160 -0.036315
12.39347 241222 -11.6043 -0.023627
12.39572 241765 -19.1806 -0.039009
12.39797 242309 -21.4267 -0.043528
12.40022 242855 -17.3233 -0.035153
12.40247 243402 -14.3879 -0.029163
12.40472 243950 -11.1997 -0.022675
12.40697 244499 -14.6027 -0.029532
12.40922 245050 -16.9173 -0.034175
12.41147 245602 -22.2935 -0.044984
12.41372 246155 -21.0401 -0.042408
12.41596 246709 -16.7117 -0.033646
12.41821 247264 -17.0049 -0.034197
12.42046 247821 -16.6545 -0.033455
12.42271 248379 -11.4663 -0.023007
12.42496 248938 -5.6302 -0.011284
12.42721 249499 -6.3333 -0.012679
12.42946 250061 -11.5698 -0.023137
12.43171 250624 -14.4961 -0.028956
12.43396 251188 -13.9543 -0.027843
12.43621 251754 -11.2717 -0.022465
12.43846 252321 -18.7359 -0.037299
12.44071 252889 -18.5088 -0.036806
12.44295 253458 -20.2509 -0.040225
12.44520 254029 -17.3943 -0.034512
12.44745 254601 -17.8922 -0.035460
12.44970 255174 -17.9704 -0.035575
12.45195 255749 -23.8316 -0.047124
12.45420 256325 -27.6674 -0.054648
12.45645 256902 -33.3740 -0.065845
12.45870 257480 -24.6299 -0.048539
12.46095 258060 -25.3140 -0.049831
12.46320 258641 -21.3750 -0.042030
12.46545 259224 -27.4559 -0.053926
12.46769 259807 -26.6006 -0.052187
12.46994 260392 -30.5682 -0.059904
12.47220 260979 -20.4302 -0.039992
12.47444 261566 -24.6589 -0.048215
12.47669 262155 -21.9538 -0.042878
12.47894 262745 -25.5677 -0.049880
12.48119 263337 -25.1946 -0.049097
12.48344 263930 -26.4174 -0.051422
12.48569 264524 -24.6762 -0.047978
12.48794 265120 -16.1031 -0.031274
12.49019 265717 -9.4129 -0.018260
12.49244 266315 -12.2296 -0.023698
12.49469 266915 -9.4612 -0.018313
12.49693 267516 -1.1748 -0.002271
12.49918 268118 -3.2711 -0.006317
12.50143 268722 -8.3022 -0.016016
12.50368 269327 -13.5769 -0.026161
12.50593 269934 -19.6270 -0.037777
12.50818 270541 -17.9751 -0.034558
12.51043 271151 -13.6587 -0.026230
12.51268 271761 -11.5920 -0.022236
12.51493 272373 -14.5415 -0.027863
12.51718 272986 -16.7180 -0.031997
12.51943 273601 -15.7831 -0.030174
12.52168 274217 -16.0830 -0.030713
12.52393 274835 -16.9898 -0.032408
12.52617 275453 -14.7523 -0.028108
12.52842 276074 -15.6075 -0.029704
12.53067 276695 -5.2043 -0.009894
12.53292 277318 -1.4712 -0.002794
12.53517 277943 -5.6492 -0.010715
12.53742 278569 -8.5570 -0.016213
12.53967 279196 -7.0330 -0.013310
12.54192 279824 -9.4724 -0.017907
12.54417 280455 1.3956 0.002635
12.54642 281086 5.0025 0.009436
12.54867 281719 6.4175 0.012091
12.55091 282353 12.1459 0.022858
12.55316 282989 8.2996 0.015602
12.55541 283626 4.2927 0.008060
12.55766 284265 -0.0694 -0.000130
12.55991 284905 -5.3098 -0.009948
12.56216 285547 -0.8609 -0.001611
12.56441 286190 2.1583 0.004034
12.56666 286834 -3.2488 -0.006066
12.56891 287480 -1.7619 -0.003286
12.57116 288127 -7.4130 -0.013810
12.57341 288776 -12.0507 -0.022425
12.57565 289426 -17.0822 -0.031752
12.57791 290078 -13.7713 -0.025569
12.58015 290731 -13.3348 -0.024731
12.58240 291386 -8.7417 -0.016194
12.58465 292042 -7.1087 -0.013154
12.58690 292699 -5.2781 -0.009756
12.58915 293358 -4.7369 -0.008746
12.59140 294019 -2.6820 -0.004946
12.59365 294681 2.2948 0.004227
12.59590 295345 4.0063 0.007372
12.59815 296010 -0.4277 -0.000786
12.60040 296676 5.3040 0.009738
12.60264 297344 6.9950 0.012828
12.60490 298014 5.6683 0.010383
12.60714 298685 -2.5908 -0.004740
12.60939 299357 -10.7996 -0.019739
12.61164 300031 -14.7037 -0.026844
12.61389 300707 -16.2505 -0.029634
12.61614 301384 -8.6869 -0.015824
12.61839 302063 -3.2665 -0.005943
12.62064 302743 0.4748 0.000863
12.62289 303424 1.5724 0.002855
12.62514 304108 6.1537 0.011159
12.62738 304792 11.2363 0.020353
12.62964 305479 9.3504 0.016918
12.63189 306167 6.2563 0.011307
12.63413 306856 5.3951 0.009739
12.63638 307547 6.8746 0.012396
12.63863 308239 11.8450 0.021335
12.64088 308933 12.7699 0.022975
12.64313 309629 13.0169 0.023393
12.64538 310326 18.0210 0.032350
12.64763 311025 17.3579 0.031124
12.64988 311725 17.4134 0.031189
12.65213 312427 14.2386 0.025474
12.65438 313131 6.8994 0.012329
12.65663 313836 7.5531 0.013483
12.65888 314543 3.3681 0.006006
12.66112 315251 -4.8329 -0.008608
12.66337 315961 -9.1857 -0.016342
12.66562 316672 -10.0188 -0.017804
12.66787 317385 -6.0592 -0.010755
12.67012 318100 -7.0174 -0.012442
12.67237 318816 -8.0264 -0.014215
12.67462 319534 -7.3566 -0.013014
12.67687 320253 -12.7918 -0.022604
12.67912 320975 -3.8755 -0.006841
12.68137 321697 -1.1905 -0.002099
12.68362 322422 3.1687 0.005580
12.68587 323148 4.1495 0.007300
12.68811 323875 1.1618 0.002041
12.69036 324605 2.1047 0.003694
12.69261 325335 0.1937 0.000340
12.69486 326068 6.1050 0.010691
12.69711 326802 10.3695 0.018139
12.69936 327538 10.0347 0.017534
12.70161 328276 13.5754 0.023694
12.70386 329015 10.9932 0.019165
12.70611 329756 13.2463 0.023067
12.70836 330498 14.6880 0.025549
12.71060 331242 13.0982 0.022758
12.71285 331988 4.4512 0.007725
12.71510 332736 10.0294 0.017387
12.71735 333485 12.5168 0.021675
12.71960 334236 16.4205 0.028403
12.72185 334988 24.3266 0.042031
12.72410 335743 26.5315 0.045789
12.72635 336499 21.6977 0.037404
12.72860 337256 19.0899 0.032872
12.73085 338016 17.8065 0.030627
12.73310 338777 14.5322 0.024967
12.73535 339540 22.3136 0.038293
12.73759 340304 23.7853 0.040773
12.73985 341071 23.7073 0.040594
12.74210 341839 25.3419 0.043344
12.74434 342608 29.9144 0.051107
12.74659 343380 30.0019 0.051199
12.74884 344153 35.0265 0.059706
12.75109 344928 38.1132 0.064895
12.75334 345705 33.3704 0.056756
12.75559 346483 28.9043 0.049104
12.75784 347263 28.4499 0.048278
12.76009 348045 23.1113 0.039175
12.76234 348829 16.6354 0.028166
12.76458 349614 18.6178 0.031487
12.76683 350401 22.3170 0.037701
12.76908 351190 18.0888 0.030524
12.77133 351981 15.4314 0.026010
12.77358 352774 17.3287 0.029175
12.77583 353568 21.6209 0.036361
12.77808 354364 24.7090 0.041508
12.78033 355162 21.3436 0.035814
12.78258 355962 21.7951 0.036531
12.78483 356763 17.3329 0.029019
12.78708 357567 10.5375 0.017622
12.78933 358372 8.4292 0.014081
12.79158 359179 6.2749 0.010470
12.79383 359988 1.3481 0.002247
12.79607 360798 -1.4873 -0.002476
12.79832 361611 -1.4457 -0.002404
12.80057 362425 -1.3045 -0.002167
12.80282 363241 -0.9619 -0.001596
12.80507 364059 -0.3685 -0.000611
12.80732 364879 -0.2386 -0.000395
12.80957 365700 0.8238 0.001362
12.81182 366524 2.0361 0.003363
12.81407 367349 -3.5458 -0.005850
12.81632 368176 -4.1873 -0.006901
12.81857 369005 -1.1069 -0.001822
12.82081 369836 -2.6638 -0.004380
12.82306 370669 4.5370 0.007452
12.82531 371503 4.4682 0.007331
12.82756 372340 -5.4836 -0.008987
12.82981 373178 -4.6793 -0.007660
12.83206 374019 0.3898 0.000637
12.83431 374861 -4.3884 -0.007168
12.83656 375705 -11.5497 -0.018843
12.83881 376551 -14.2531 -0.023227
12.84106 377399 -18.8785 -0.030730
12.84331 378248 -13.4752 -0.021910
12.84556 379100 -12.3329 -0.020030
12.84781 379954 -11.3331 -0.018386
12.85005 380809 -16.0723 -0.026045
12.85230 381667 -10.5829 -0.017130
12.85455 382526 -16.8424 -0.027232
12.85680 383388 -15.5616 -0.025132
12.85905 384251 -11.5644 -0.018656
12.86130 385116 -4.4682 -0.007200
12.86355 385983 2.7582 0.004440
12.86580 386852 1.3436 0.002160
12.86805 387723 -0.8914 -0.001432
12.87030 388596 -2.1439 -0.003439
12.87254 389471 -1.2485 -0.002000
12.87479 390348 -3.1781 -0.005087
12.87704 391227 -6.5525 -0.010476
12.87929 392108 -11.1701 -0.017838
12.88154 392991 -13.0774 -0.020861
12.88379 393876 -12.3782 -0.019723
12.88604 394763 -10.7332 -0.017083
12.88829 395652 -11.0070 -0.017499
12.89054 396543 -11.0846 -0.017602
12.89279 397436 -9.1113 -0.014453
12.89504 398331 -11.1487 -0.017665
12.89729 399228 -20.2186 -0.031999
12.89953 400126 -27.0413 -0.042749
12.90178 401027 -33.1947 -0.052418
12.90403 401930 -36.9833 -0.058335
12.90628 402835 -43.0593 -0.067843
12.90853 403743 -49.1249 -0.077312
12.91078 404652 -43.3851 -0.068202
12.91303 405563 -43.3614 -0.068089
12.91528 406476 -51.8575 -0.081338
12.91753 407391 -52.6328 -0.082461
12.91978 408309 -47.7956 -0.074799
12.92203 409228 -44.0561 -0.068869
12.92428 410149 -46.0379 -0.071886
12.92653 411073 -27.4546 -0.042821
12.92878 411999 -29.6141 -0.046137
12.93102 412926 -15.7638 -0.024532
12.93327 413856 -16.8882 -0.026252
12.93552 414788 -14.3332 -0.022255
12.93777 415722 -17.5487 -0.027217
12.94002 416658 -18.0859 -0.028019
12.94227 417596 -11.0086 -0.017035
12.94452 418536 -10.1721 -0.015723
12.94677 419479 -9.1116 -0.014068
12.94902 420423 -2.2163 -0.003418
12.95127 421370 3.2612 0.005024
12.95352 422319 1.9600 0.003016
12.95577 423270 5.5159 0.008478
12.95801 424223 2.7295 0.004191
12.96026 425178 7.4409 0.011411
12.96251 426136 13.2241 0.020258
12.96476 427095 11.7739 0.018016
12.96701 428057 7.3494 0.011233
12.96926 429021 12.0915 0.018460
12.97151 429987 11.8740 0.018108
12.97376 430955 14.4710 0.022044
12.97601 431925 17.4767 0.026592
12.97826 432898 14.8770 0.022611
12.98051 433873 21.7548 0.033027
12.98275 434849 29.9228 0.045377
12.98501 435829 25.3518 0.038402
12.98725 436810 25.2661 0.038229
12.98950 437794 28.3013 0.042773
12.99175 438779 36.1314 0.054546
12.99400 439767 32.4518 0.048936
12.99625 440758 30.3521 0.045718
12.99850 441750 37.7752 0.056835
13.00075 442745 42.1767 0.063386
13.00300 443742 34.0084 0.051053
13.00525 444741 27.8840 0.041812
13.00750 445742 22.8996 0.034299
13.00975 446746 16.4693 0.024640
13.01199 447752 21.8873 0.032709
13.01424 448760 18.6752 0.027878
13.01649 449771 15.6082 0.023273
13.01874 450783 12.7674 0.019016
13.02099 451798 17.0379 0.025348
13.02324 452816 29.4396 0.043749
13.02549 453835 32.8926 0.048826
13.02774 454857 22.9750 0.034066
13.02999 455881 20.7687 0.030760
13.03224 456908 15.7664 0.023325
13.03449 457937 18.9478 0.028000
13.03674 458968 16.9222 0.024978
13.03898 460001 6.3066 0.009299
13.04123 461037 1.0198 0.001502
13.04348 462075 6.7876 0.009985
13.04573 463116 8.4162 0.012367
13.04798 464158 8.8882 0.013046
13.05023 465204 7.9061 0.011591
13.05248 466251 6.5453 0.009586
13.05473 467301 8.3261 0.012180
13.05698 468353 2.5723 0.003759
13.05923 469408 1.3699 0.001999
13.06148 470465 16.6920 0.024336
13.06373 471524 20.0428 0.029188
13.06598 472586 19.2295 0.027972
13.06822 473650 7.0752 0.010280
13.07047 474716 2.1386 0.003104
13.07272 475785 7.3157 0.010606
13.07497 476857 5.2497 0.007602
13.07722 477930 7.7788 0.011252
13.07947 479007 4.0364 0.005832
13.08172 480085 4.9102 0.007087
13.08397 481166 13.1252 0.018922
13.08622 482250 13.3947 0.019288
13.08847 483335 7.3339 0.010549
13.09072 484424 3.2894 0.004726
13.09297 485515 8.8227 0.012662
13.09521 486608 10.5538 0.015129
13.09746 487703 17.9946 0.025767
13.09971 488802 15.4396 0.022084
13.10196 489902 10.8957 0.015567
13.10421 491005 9.8961 0.014123
13.10646 492111 2.3621 0.003367
13.10871 493219 -4.6856 -0.006672
13.11096 494330 1.4093 0.002004
13.11321 495443 -5.1206 -0.007275
13.11546 496558 -4.0161 -0.005699
13.11770 497676 -3.0556 -0.004331
13.11995 498797 1.8745 0.002654
13.12220 499920 -2.9582 -0.004184
13.12445 501046 -3.2074 -0.004531
13.12670 502174 -8.3764 -0.011820
13.12895 503305 -5.4985 -0.007751
13.13120 504438 -1.5286 -0.002152
13.13345 505574 6.3879 0.008984
13.13570 506712 15.1521 0.021286
13.13795 507853 19.3067 0.027092
13.14020 508997 15.2719 0.021406
13.14245 510143 11.9892 0.016786
13.14470 511292 18.1460 0.025377
13.14694 512443 22.4049 0.031298
13.14919 513597 28.7147 0.040068
13.15144 514753 22.7350 0.031688
13.15369 515912 22.1481 0.030835
13.15594 517074 21.8315 0.030360
13.15819 518238 22.3302 0.031019
13.16044 519405 32.0786 0.044511
13.16269 520575 28.5541 0.039576
13.16494 521747 18.9964 0.026299
13.16719 522922 11.0094 0.015225
13.16944 524099 4.7342 0.006539
13.17168 525279 9.6835 0.013361
13.17393 526462 12.1426 0.016735
13.17618 527648 18.4591 0.025412
13.17843 528836 11.9756 0.016468
13.18068 530026 8.4129 0.011556
13.18293 531220 13.8090 0.018946
13.18518 532416 13.8463 0.018976
13.18743 533615 10.4732 0.014337
13.18968 534816 17.9974 0.024610
13.19193 536021 4.2797 0.005846
13.19418 537228 0.6812 0.000929
13.19643 538437 -2.6870 -0.003662
13.19868 539650 0.1474 0.000201
13.20092 540865 -7.0383 -0.009570
13.20317 542083 -6.0550 -0.008224
13.20542 543303 -6.6780 -0.009060
13.20767 544527 -11.7943 -0.015983
13.20992 545753 -8.3354 -0.011283
13.21217 546982 -6.5016 -0.008791
13.21442 548213 -0.1283 -0.000173
13.21667 549448 -8.6340 -0.011648
13.21892 550685 -7.3265 -0.009873
13.22117 551925 -5.3836 -0.007247
13.22342 553168 -6.2698 -0.008430
13.22567 554413 -1.2451 -0.001672
13.22792 555662 7.5495 0.010128
13.23016 556913 6.7693 0.009071
13.23241 558167 16.3073 0.021827
13.23466 559424 22.0161 0.029435
13.23691 560683 17.9044 0.023911
13.23916 561946 21.2807 0.028388
13.24141 563211 33.5144 0.044658
13.24366 564479 32.2635 0.042943
13.24591 565750 24.8332 0.033016
13.24816 567024 26.2283 0.034831
13.25041 568301 27.8608 0.036958
13.25266 569581 30.5232 0.040444
13.25490 570863 24.4842 0.032406
13.25715 572149 18.4411 0.024380
13.25940 573437 15.9127 0.021014
13.26165 574728 10.9033 0.014382
13.26390 576022 4.0914 0.005391
13.26615 577319 4.2926 0.005649
13.26840 578619 7.2173 0.009488
13.27065 579922 0.6686 0.000878
13.27290 581228 4.3855 0.005752
13.27515 582537 18.4273 0.024144
13.27740 583848 1.4657 0.001918
13.27965 585163 1.6634 0.002174
13.28190 586481 -0.5022 -0.000656
13.28414 587801 -8.2745 -0.010793
13.28639 589125 -12.1189 -0.015789
13.28864 590451 -9.8945 -0.012877
13.29089 591781 -10.2989 -0.013388
13.29314 593113 -7.3292 -0.009517
13.29539 594449 9.7057 0.012588
13.29764 595787 5.5024 0.007129
13.29989 597129 5.1461 0.006660
13.30214 598473 4.1869 0.005412
13.30439 599821 -3.8430 -0.004962
13.30664 601172 0.2842 0.000367
13.30888 602525 -2.7735 -0.003573
13.31113 603882 -5.5126 -0.007094
13.31338 605242 -7.4483 -0.009574
13.31563 606604 -9.2957 -0.011935
13.31788 607970 -7.3284 -0.009399
13.32013 609339 -10.0630 -0.012891
13.32238 610711 -14.3242 -0.018330
13.32463 612087 -18.1882 -0.023248
13.32688 613465 -30.1385 -0.038479
13.32913 614846 -27.4175 -0.034966
13.33138 616231 -34.2674 -0.043652
13.33363 617618 -36.2967 -0.046186
13.33588 619009 -37.4018 -0.047538
13.33812 620403 -38.8039 -0.049265
13.34037 621800 -36.4939 -0.046280
13.34262 623200 -46.6967 -0.059152
13.34487 624603 -47.4468 -0.060035
13.34712 626009 -47.0957 -0.059524
13.34937 627419 -46.3588 -0.058527
13.35162 628832 -35.7939 -0.045138
13.35387 630248 -21.0543 -0.026521
13.35612 631667 -10.8030 -0.013593
13.35837 633089 -19.1753 -0.024100
13.36062 634515 -20.0327 -0.025149
13.36286 635943 -17.4141 -0.021837
13.36511 637375 -21.8484 -0.027367
13.36736 638811 -23.6657 -0.029610
13.36961 640249 -24.0320 -0.030034
13.37186 641691 -31.5863 -0.039431
13.37411 643135 -44.4507 -0.055428
13.37636 644584 -39.9683 -0.049782
13.37861 646035 -45.0266 -0.056020
13.38086 647490 -52.1722 -0.064837
13.38311 648948 -52.5568 -0.065241
13.38536 650409 -47.4099 -0.058786
13.38761 651873 -45.4860 -0.056337
13.38985 653341 -43.7616 -0.054141
13.39210 654812 -36.7532 -0.045419
13.39435 656287 -36.4081 -0.044942
13.39660 657765 -33.1882 -0.040921
13.39885 659246 -36.3371 -0.044753
13.40110 660730 -41.5038 -0.051059
13.40335 662218 -40.5642 -0.049847
13.40560 663709 -39.7629 -0.048808
13.40785 665203 -33.8157 -0.041461
13.41010 666701 -37.6847 -0.046153
13.41235 668203 -34.7648 -0.042529
13.41460 669707 -35.4964 -0.043375
13.41684 671215 -39.4008 -0.048092
13.41909 672726 -40.5130 -0.049394
13.42134 674241 -29.4792 -0.035901
13.42359 675759 -32.6624 -0.039733
13.42584 677281 -43.6390 -0.053026
13.42809 678806 -32.4482 -0.039384
13.43034 680335 -35.5551 -0.043106
13.43259 681866 -30.6850 -0.037160
13.43484 683402 -20.1210 -0.024339
13.43709 684941 -16.1136 -0.019470
13.43934 686483 -20.6648 -0.024941
13.44159 688029 -20.8185 -0.025098
13.44384 689578 -16.8342 -0.020272
13.44608 691131 -22.2544 -0.026769
13.44833 692687 -29.1589 -0.035035
13.45058 694247 -33.1989 -0.039844
13.45283 695810 -38.4137 -0.046051
13.45508 697377 -32.9900 -0.039505
13.45733 698947 -30.6298 -0.036637
13.45958 700521 -28.7110 -0.034303
13.46183 702098 -20.1865 -0.024091
13.46408 703679 -16.7914 -0.020017
13.46633 705263 -26.0306 -0.030996
13.46858 706851 -28.2486 -0.033600
13.47082 708443 -27.4559 -0.032620
13.47307 710038 -29.2229 -0.034680
13.47532 711637 -33.2101 -0.039368
13.47757 713239 -50.0111 -0.059217
13.47982 714845 -56.4419 -0.066757
13.48207 716455 -47.7776 -0.056446
13.48432 718068 -39.2040 -0.046264
13.48657 719685 -39.5142 -0.046578
13.48882 721306 -37.3404 -0.043966
13.49107 722930 -30.9458 -0.036396
13.49332 724558 -19.8449 -0.023314
13.49557 726189 -17.1023 -0.020069
13.49781 727824 -8.7457 -0.010251
13.50006 729463 -21.2093 -0.024833
13.50231 731106 -19.2287 -0.022488
13.50456 732752 -15.8536 -0.018520
13.50681 734402 -17.4715 -0.020387
13.50906 736056 -20.2363 -0.023587
13.51131 737713 -10.4586 -0.012177
13.51356 739374 -19.9771 -0.023233
13.51581 741039 -18.9048 -0.021961
13.51806 742707 -23.6068 -0.027392
13.52031 744380 -27.1919 -0.031517
13.52256 746056 -24.6856 -0.028580
13.52481 747736 -36.7859 -0.042541
13.52705 749419 -44.5277 -0.051436
13.52930 751107 -32.1536 -0.037100
13.53155 752798 -31.2667 -0.036037
13.53380 754493 -29.7514 -0.034251
13.53605 756192 -26.9815 -0.031028
13.53830 757895 -26.7031 -0.030673
13.54055 759601 -18.4234 -0.021139
13.54280 761312 -29.3521 -0.033640
13.54505 763026 -25.1659 -0.028810
13.54730 764744 -42.5534 -0.048661
13.54955 766466 -46.7531 -0.053403
13.55179 768192 -44.8578 -0.051180
13.55404 769922 -36.0436 -0.041078
13.55629 771655 -39.0550 -0.044460
13.55854 773393 -27.1677 -0.030892
13.56079 775134 -29.6362 -0.033662
13.56304 776880 -32.0700 -0.036385
13.56529 778629 -37.6937 -0.042717
13.56754 780382 -48.0020 -0.054338
13.56979 782139 -54.4504 -0.061569
13.57204 783901 -58.7130 -0.066314
13.57429 785666 -61.7977 -0.069719
13.57654 787435 -64.6549 -0.072861
13.57879 789208 -64.5032 -0.072608
13.58103 790985 -71.0582 -0.079897
13.58328 792766 -66.1728 -0.074320
13.58553 794551 -69.1736 -0.077603
13.58778 796340 -62.9915 -0.070588
13.59003 798133 -59.6326 -0.066749
13.59228 799930 -63.1051 -0.070557
13.59453 801732 -54.0741 -0.060391
13.59678 803537 -56.7077 -0.063261
13.59903 805346 -38.6330 -0.043049
13.60128 807160 -33.8585 -0.037687
13.60353 808977 -25.4288 -0.028272
13.60578 810799 -35.6985 -0.039645
13.60802 812624 -34.9319 -0.038751
13.61027 814454 -33.9325 -0.037600
13.61252 816288 -25.1774 -0.027867
13.61477 818126 -31.4245 -0.034742
13.61702 819968 -35.6948 -0.039419
13.61927 821815 -25.3304 -0.027942
13.62152 823665 -25.9501 -0.028593
13.62377 825520 -30.0080 -0.033027
13.62602 827379 -37.7991 -0.041556
13.62827 829242 -45.4057 -0.049862
13.63052 831109 -58.9072 -0.064616
13.63276 832980 -53.4798 -0.058597
13.63501 834856 -51.3325 -0.056181
13.63726 836736 -53.8551 -0.058875
13.63951 838620 -59.6274 -0.065112
13.64176 840508 -67.4403 -0.073561
13.64401 842401 -74.2246 -0.080870
13.64626 844297 -75.2750 -0.081922
13.64851 846199 -71.3158 -0.077526
13.65076 848104 -71.3548 -0.077482
13.65301 850014 -64.6205 -0.070090
13.65526 851928 -59.4804 -0.064443
13.65751 853846 -51.3299 -0.055550
13.65975 855768 -65.2712 -0.070558
13.66200 857695 -62.4750 -0.067459
13.66425 859627 -57.4419 -0.061955
13.66650 861562 -56.8365 -0.061233
13.66875 863502 -63.7156 -0.068567
13.67100 865447 -48.9310 -0.052597
13.67325 867395 -58.6775 -0.063003
13.67550 869348 -58.9314 -0.063205
13.67775 871306 -60.6715 -0.064998
13.68000 873268 -59.2275 -0.063380
13.68225 875234 -41.7822 -0.044661
13.68450 877205 -40.4767 -0.043217
13.68674 879180 -50.0028 -0.053328
13.68899 881160 -59.4679 -0.063351
13.69124 883144 -65.2323 -0.069414
13.69349 885133 -63.1594 -0.067133
13.69574 887126 -65.8311 -0.069894
13.69799 889123 -55.0498 -0.058381
13.70024 891125 -62.0487 -0.065730
13.70249 893132 -61.0850 -0.064636
13.70474 895143 -55.7619 -0.058937
13.70699 897158 -51.9119 -0.054807
13.70924 899178 -56.5188 -0.059603
13.71149 901203 -65.4749 -0.068971
13.71373 903232 -68.3787 -0.071948
13.71598 905266 -58.7182 -0.061714
13.71823 907305 -63.4982 -0.066663
13.72048 909348 -64.5137 -0.067653
13.72273 911395 -63.7788 -0.066807
13.72498 913447 -81.4618 -0.085234
13.72723 915504 -81.1410 -0.084803
13.72948 917566 -76.7603 -0.080134
13.73173 919632 -68.0034 -0.070913
13.73398 921702 -64.6967 -0.067389
13.73623 923778 -69.0684 -0.071861
13.73848 925858 -56.4997 -0.058718
13.74073 927943 -62.9057 -0.065302
13.74297 930032 -70.4417 -0.073043
13.74522 932126 -76.4171 -0.079150
13.74747 934225 -68.8844 -0.071268
13.74972 936329 -61.1508 -0.063196
13.75197 938437 -70.3816 -0.072654
13.75422 940550 -60.4962 -0.062379
13.75647 942668 -56.6059 -0.058302
13.75872 944791 -47.9832 -0.049365
13.76097 946918 -51.7210 -0.053151
13.76322 949050 -51.1206 -0.052475
13.76547 951187 -61.3778 -0.062933
13.76772 953329 -58.9411 -0.060367
13.76996 955475 -60.1728 -0.061559
13.77221 957627 -60.2912 -0.061611
13.77446 959783 -49.8442 -0.050878
13.77671 961944 -52.4249 -0.053452
13.77896 964110 -38.4072 -0.039115
13.78121 966281 -36.0393 -0.036663
13.78346 968457 -46.8860 -0.047643
13.78571 970638 -36.6268 -0.037177
13.78796 972823 -41.1853 -0.041757
13.79021 975014 -51.4114 -0.052066
13.79246 977209 -53.6679 -0.054290
13.79471 979410 -63.6494 -0.064315
13.79695 981615 -81.1097 -0.081866
13.79920 983825 -83.1347 -0.083815
13.80145 986041 -84.3673 -0.084962
13.80370 988261 -88.0947 -0.088616
13.80595 990486 -92.1028 -0.092544
13.80820 992716 -91.9813 -0.092318
13.81045 994952 -94.8942 -0.095135
13.81270 997192 -97.7133 -0.097851
13.81495 999437 -105.8674 -0.105897
13.81720 1001688 -106.4911 -0.106401
13.81945 1003943 -99.8078 -0.099612
13.82170 1006204 -88.6117 -0.088338
13.82394 1008470 -97.3508 -0.096941
13.82619 1010740 -94.6538 -0.094150
13.82844 1013016 -100.7833 -0.100134
13.83069 1015297 -89.1837 -0.088509
13.83294 1017583 -96.8881 -0.096047
13.83519 1019875 -99.6563 -0.098680
13.83744 1022171 -96.7685 -0.095713
13.83969 1024473 -97.5016 -0.096330
13.84194 1026780 -89.3255 -0.088153
13.84419 1029092 -77.3508 -0.076250
13.84644 1031409 -78.0912 -0.076893
13.84869 1033731 -77.1364 -0.075867
13.85093 1036059 -65.8959 -0.064739
13.85318 1038392 -79.1548 -0.077678
13.85543 1040730 -103.2386 -0.101198
13.85768 1043073 -79.8767 -0.078210
13.85993 1045422 -82.4155 -0.080605
13.86218 1047776 -93.3421 -0.091189
13.86443 1050135 -82.9111 -0.080908
13.86668 1052500 -66.6996 -0.065015
13.86893 1054870 -62.6160 -0.060966
13.87118 1057245 -65.0493 -0.063264
13.87343 1059626 -76.3032 -0.074125
13.87568 1062012 -86.3869 -0.083827
13.87792 1064403 -86.1015 -0.083456
13.88017 1066800 -84.8634 -0.082164
13.88242 1069202 -64.3922 -0.062274
13.88467 1071609 -53.9912 -0.052156
13.88692 1074022 -52.3192 -0.050484
13.88917 1076441 -50.4906 -0.048665
13.89142 1078864 -46.1781 -0.044458
13.89367 1081294 -39.5153 -0.038001
13.89592 1083728 -33.9207 -0.032584
13.89817 1086169 -18.7439 -0.017985
13.90042 1088614 -34.2287 -0.032806
13.90267 1091066 -38.9844 -0.037322
13.90491 1093522 -38.4533 -0.036772
13.90716 1095985 -33.6356 -0.032129
13.90941 1098452 -37.9272 -0.036188
13.91166 1100926 -38.8844 -0.037059
13.91391 1103405 -47.1724 -0.044908
13.91616 1105889 -52.3052 -0.049738
13.91841 1108379 -48.7587 -0.046314
13.92066 1110875 -65.5806 -0.062222
13.92291 1113377 -68.8689 -0.065268
13.92516 1115883 -57.6323 -0.054558
13.92741 1118396 -57.3415 -0.054221
13.92965 1120914 -50.9916 -0.048163
13.93190 1123438 -48.9536 -0.046186
13.93415 1125968 -49.2826 -0.046444
13.93640 1128503 -52.5904 -0.049506
13.93865 1131044 -46.3517 -0.043584
13.94090 1133591 -57.2887 -0.053807
13.94315 1136144 -45.7595 -0.042930
13.94540 1138702 -47.9399 -0.044925
13.94765 1141266 -50.7253 -0.047482
13.94990 1143836 -30.7989 -0.028797
13.95215 1146411 -26.1571 -0.024430
13.95440 1148993 -24.9383 -0.023265
13.95665 1151580 -14.5816 -0.013588
13.95889 1154173 -23.7526 -0.022109
13.96114 1156772 -21.5427 -0.020030
13.96339 1159376 -7.0041 -0.006505
13.96564 1161987 6.4196 0.005955
13.96789 1164603 -8.8234 -0.008176
13.97014 1167226 -9.8111 -0.009081
13.97239 1169854 -12.3356 -0.011405
13.97464 1172488 -2.0596 -0.001902
13.97689 1175128 -2.6372 -0.002433
13.97914 1177774 6.2825 0.005789
13.98139 1180426 7.6162 0.007010
13.98364 1183084 9.8404 0.009047
13.98588 1185748 0.9734 0.000894
13.98813 1188418 15.3159 0.014049
13.99038 1191094 13.6889 0.012543
13.99263 1193776 6.4031 0.005860
13.99488 1196464 -20.6724 -0.018899
13.99713 1199158 -18.1295 -0.016556
13.99938 1201858 -18.1250 -0.016533
14.00163 1204565 -16.5079 -0.015041
14.00388 1207277 -24.6627 -0.022446
14.00613 1209995 -21.0908 -0.019173
14.00838 1212720 -0.2841 -0.000258
14.01063 1215451 4.2845 0.003886
14.01287 1218187 2.8397 0.002573
14.01512 1220930 -1.8290 -0.001655
14.01737 1223680 -0.0285 -0.000026
14.01962 1226435 5.6156 0.005071
14.02187 1229196 -3.9072 -0.003524
14.02412 1231964 1.2048 0.001086
14.02637 1234738 -13.7894 -0.012410
14.02862 1237519 -21.7752 -0.019574
14.03087 1240305 -48.7119 -0.043739
14.03312 1243098 -32.0224 -0.028721
14.03537 1245897 -17.4674 -0.015649
14.03762 1248702 -16.7854 -0.015021
14.03986 1251514 -18.2456 -0.016309
14.04211 1254332 -6.8811 -0.006144
14.04436 1257156 8.1768 0.007293
14.04661 1259987 16.3824 0.014595
14.04886 1262824 3.0185 0.002686
14.05111 1265668 6.6910 0.005947
14.05336 1268518 2.2859 0.002030
14.05561 1271374 -3.7988 -0.003369
14.05786 1274237 4.8636 0.004309
14.06011 1277106 12.4887 0.011051
14.06236 1279982 13.3587 0.011808
14.06461 1282864 20.1542 0.017794
14.06685 1285752 14.9637 0.013197
14.06910 1288648 12.1386 0.010693
14.07135 1291549 15.1122 0.013298
14.07360 1294457 17.8445 0.015684
14.07585 1297372 16.3971 0.014396
14.07810 1300293 8.9058 0.007810
14.08035 1303221 10.0529 0.008806
14.08260 1306156 -1.7017 -0.001489
14.08485 1309097 3.5885 0.003136
14.08710 1312044 -8.2703 -0.007220
14.08935 1314999 -21.0210 -0.018331
14.09160 1317960 -36.9197 -0.032159
14.09384 1320927 -30.2352 -0.026307
14.09609 1323902 -25.7567 -0.022385
14.09834 1326883 -23.1945 -0.020136
14.10059 1329871 -13.8959 -0.012050
14.10284 1332865 -20.4462 -0.017710
14.10509 1335866 -16.7600 -0.014501
14.10734 1338874 -23.8474 -0.020610
14.10959 1341889 -29.4330 -0.025408
14.11184 1344910 -36.0184 -0.031058
14.11409 1347939 -34.0964 -0.029368
14.11634 1350974 -39.9089 -0.034336
14.11859 1354016 -44.5752 -0.038307
14.12083 1357065 -45.2457 -0.038840
14.12308 1360120 -53.2768 -0.045682
14.12533 1363183 -45.3883 -0.038875
14.12758 1366253 -44.0614 -0.037696
14.12983 1369329 -60.4950 -0.051697
14.13208 1372412 -58.3731 -0.049828
14.13433 1375502 -55.1855 -0.047054
14.13658 1378600 -46.2233 -0.039368
14.13883 1381704 -43.0587 -0.036631
14.14108 1384815 -39.4720 -0.033542
14.14333 1387933 -49.6148 -0.042114
14.14558 1391058 -63.5543 -0.053886
14.14782 1394191 -45.9458 -0.038912
14.15007 1397330 -45.3235 -0.038342
14.15232 1400476 -31.4171 -0.026548
14.15457 1403630 -41.2390 -0.034808
14.15682 1406790 -41.7510 -0.035201
14.15907 1409958 -61.5887 -0.051868
14.16132 1413133 -55.7078 -0.046862
14.16357 1416315 -49.1692 -0.041316
14.16582 1419504 -49.1535 -0.041256
14.16807 1422700 -48.4713 -0.040638
14.17032 1425904 -63.6462 -0.053300
14.17257 1429114 -51.1354 -0.042775
14.17481 1432332 -62.3171 -0.052070
14.17706 1435558 -65.9807 -0.055069
14.17931 1438790 -75.1890 -0.062684
14.18156 1442030 -89.2146 -0.074293
14.18381 1445277 -71.0549 -0.059104
14.18606 1448531 -67.8494 -0.056374
14.18831 1451793 -60.5336 -0.050239
14.19056 1455062 -57.1824 -0.047405
14.19281 1458338 -62.8433 -0.052039
14.19506 1461622 -60.9101 -0.050382
14.19731 1464913 -76.2155 -0.062971
14.19956 1468211 -80.2855 -0.066259
14.20180 1471517 -69.8879 -0.057613
14.20405 1474831 -62.5487 -0.051505
14.20630 1478152 -68.8772 -0.056652
14.20855 1481480 -76.4009 -0.062770
14.21080 1484816 -81.1311 -0.066581
14.21305 1488159 -85.2428 -0.069877
14.21530 1491510 -90.1179 -0.073790
14.21755 1494869 -81.5482 -0.066698
14.21980 1498235 -66.4813 -0.054314
14.22205 1501608 -72.6483 -0.059285
14.22430 1504989 -73.8504 -0.060199
14.22655 1508378 -75.8901 -0.061792
14.22880 1511775 -67.8639 -0.055194
14.23104 1515179 -67.8623 -0.055131
14.23329 1518590 -74.6034 -0.060539
14.23554 1522010 -70.5839 -0.057213
14.23779 1525437 -51.4524 -0.041659
14.24004 1528872 -29.5124 -0.023868
14.24229 1532314 -45.2491 -0.036554
14.24454 1535765 -31.9362 -0.025770
14.24679 1539223 -35.7218 -0.028793
14.24904 1542689 -31.4265 -0.025302
14.25129 1546162 -36.4559 -0.029318
14.25354 1549644 -36.5918 -0.029395
14.25578 1553133 -42.2728 -0.033920
14.25803 1556630 -47.6741 -0.038211
14.26028 1560135 -49.7694 -0.039846
14.26253 1563648 -48.1390 -0.038497
14.26478 1567169 -59.9311 -0.047873
14.26703 1570698 -26.4069 -0.021070
14.26928 1574235 -8.5994 -0.006854
14.27153 1577779 1.1710 0.000932
14.27378 1581332 0.1294 0.000103
14.27603 1584893 2.2945 0.001823
14.27828 1588461 -5.3207 -0.004222
14.28053 1592038 6.1797 0.004898
14.28277 1595623 -4.2599 -0.003372
14.28502 1599216 1.1586 0.000916
14.28727 1602817 -0.6470 -0.000511
14.28952 1606426 -18.0791 -0.014264
14.29177 1610043 -11.9029 -0.009381
14.29402 1613668 -2.8694 -0.002259
14.29627 1617302 -10.8573 -0.008537
14.29852 1620943 -21.5681 -0.016941
14.30077 1624593 -30.5787 -0.023991
14.30302 1628251 -28.0706 -0.021998
14.30527 1631918 -27.0737 -0.021193
14.30752 1635592 -15.5715 -0.012176
14.30976 1639275 -10.1460 -0.007924
14.31201 1642966 -13.5469 -0.010569
14.31426 1646666 -25.2905 -0.019709
14.31651 1650374 -25.3917 -0.019765
14.31876 1654090 -34.3218 -0.026686
14.32101 1657814 -39.7539 -0.030875
14.32326 1661547 -40.4681 -0.031395
14.32551 1665289 -41.9557 -0.032512
14.32776 1669038 -20.7092 -0.016030
14.33001 1672796 -15.7644 -0.012189
14.33226 1676563 -10.3413 -0.007987
14.33451 1680338 -25.6725 -0.019805
14.33675 1684122 -25.0400 -0.019295
14.33900 1687914 -8.9081 -0.006857
14.34125 1691715 -13.4588 -0.010348
14.34350 1695524 -17.7834 -0.013657
14.34575 1699342 -15.9032 -0.012200
14.34800 1703168 -29.4990 -0.022604
14.35025 1707003 -33.7726 -0.025849
14.35250 1710847 -19.6146 -0.014996
14.35475 1714699 -6.4009 -0.004888
14.35700 1718560 -4.8622 -0.003709
14.35925 1722430 -5.0165 -0.003822
14.36150 1726308 -13.4928 -0.010269
14.36374 1730195 5.2362 0.003981
14.36599 1734091 8.5989 0.006530
14.36824 1737996 16.6870 0.012658
14.37049 1741909 -11.1070 -0.008416
14.37274 1745831 -3.0812 -0.002332
14.37499 1749763 9.2048 0.006959
14.37724 1753702 9.0897 0.006864
14.37949 1757651 -10.3215 -0.007785
14.38174 1761609 -2.7202 -0.002049
14.38399 1765576 9.8608 0.007421
14.38624 1769551 11.2912 0.008488
14.38849 1773536 4.9530 0.003719
14.39073 1777529 -0.2577 -0.000193
14.39298 1781532 1.2789 0.000958
14.39523 1785543 -2.3157 -0.001733
14.39748 1789564 8.1073 0.006060
14.39973 1793593 -0.8349 -0.000623
14.40198 1797632 -13.4441 -0.010027
14.40423 1801679 3.4381 0.002561
14.40648 1805736 14.5633 0.010838
14.40873 1809802 4.4287 0.003292
14.41098 1813877 -3.4977 -0.002597
14.41323 1817962 4.5416 0.003368
14.41548 1822055 -12.9381 -0.009585
14.41772 1826158 -8.8980 -0.006584
14.41997 1830270 -18.4905 -0.013668
14.42222 1834391 2.7173 0.002006
14.42447 1838522 17.8331 0.013152
14.42672 1842661 13.3422 0.009829
14.42897 1846811 4.1368 0.003044
14.43122 1850969 -1.9441 -0.001429
14.43347 1855137 8.0820 0.005934
14.43572 1859314 23.1407 0.016971
14.43797 1863501 14.3944 0.010545
14.44022 1867697 16.6828 0.012207
14.44247 1871902 3.8446 0.002810
14.44471 1876117 16.2277 0.011848
14.44696 1880342 28.0060 0.020424
14.44921 1884576 36.9072 0.026885
14.45146 1888819 26.2885 0.019128
14.45371 1893072 46.7876 0.034005
14.45596 1897335 53.5456 0.038873
14.45821 1901607 66.7782 0.048426
14.46046 1905889 55.3585 0.040099
14.46271 1910180 45.4180 0.032862
14.46496 1914481 31.1173 0.022489
14.46721 1918792 39.8151 0.028743
14.46946 1923113 30.0353 0.021659
14.47170 1927443 36.6530 0.026401
14.47395 1931783 39.1151 0.028143
14.47620 1936133 64.6245 0.046444
14.47845 1940493 67.5414 0.048486
14.48070 1944862 75.5515 0.054175
14.48295 1949241 66.4220 0.047575
14.48520 1953630 64.8348 0.046386
14.48745 1958029 61.9774 0.044292
14.48970 1962438 67.3192 0.048055
14.49195 1966857 83.7982 0.059751
14.49420 1971286 69.8007 0.049715
14.49645 1975725 70.3773 0.050069
14.49869 1980173 45.7441 0.032507
14.50094 1984632 42.8339 0.030405
14.50319 1989101 51.9585 0.036841
14.50544 1993580 54.6652 0.038716
14.50769 1998069 65.8834 0.046609
14.50994 2002568 59.7530 0.042225
14.51219 2007077 54.7711 0.038661
14.51444 2011596 50.2249 0.035412
14.51669 2016126 47.2229 0.033258
14.51894 2020665 43.0563 0.030289
14.52119 2025215 51.9717 0.036520
14.52344 2029775 49.6588 0.034856
14.52568 2034346 42.1694 0.029566
14.52793 2038927 34.2537 0.023989
14.53018 2043518 36.8509 0.025779
14.53243 2048119 32.4151 0.022650
14.53468 2052731 32.8827 0.022951
14.53693 2057353 21.4840 0.014978
14.53918 2061986 53.0154 0.036920
14.54143 2066628 42.0493 0.029250
14.54368 2071282 51.6023 0.035855
14.54593 2075946 81.5608 0.056607
14.54818 2080620 73.3815 0.050873
14.55043 2085305 102.1875 0.070764
14.55268 2090001 91.6526 0.063397
14.55492 2094707 77.7597 0.053727
14.55717 2099423 78.6028 0.054249
14.55942 2104151 80.8306 0.055723
14.56167 2108889 52.1863 0.035936
14.56392 2113637 48.6695 0.033477
14.56617 2118396 48.7265 0.033478
14.56842 2123166 47.3428 0.032491
14.57067 2127947 34.1893 0.023437
14.57292 2132739 20.3094 0.013907
14.57517 2137541 14.5894 0.009979
14.57742 2142354 17.7494 0.012127
14.57966 2147178 19.5366 0.013333
14.58191 2152013 14.7997 0.010089
14.58416 2156858 20.1962 0.013752
14.58641 2161715 23.9059 0.016259
14.58866 2166583 28.6998 0.019498
14.59091 2171461 40.2006 0.027281
14.59316 2176350 18.8464 0.012775
14.59541 2181251 30.7150 0.020797
14.59766 2186162 29.5342 0.019975
14.59991 2191085 5.8445 0.003948
14.60216 2196019 11.4412 0.007721
14.60441 2200964 -3.4169 -0.002303
14.60665 2205919 14.5708 0.009810
14.60890 2210886 19.0417 0.012806
14.61115 2215865 4.6308 0.003111
14.61340 2220854 -4.8257 -0.003238
14.61565 2225855 -7.9627 -0.005337
14.61790 2230867 5.9036 0.003953
14.62015 2235890 7.3216 0.004896
14.62240 2240925 7.3931 0.004939
14.62465 2245971 -2.7868 -0.001860
14.62690 2251028 5.5449 0.003696
14.62915 2256096 -8.5687 -0.005705
14.63140 2261176 6.7248 0.004472
14.63364 2266268 8.5800 0.005699
14.63589 2271371 -8.9320 -0.005927
14.63814 2276485 -0.3154 -0.000209
14.64039 2281611 0.9348 0.000619
14.64264 2286749 5.7284 0.003788
14.64489 2291898 -21.8893 -0.014459
14.64714 2297059 -20.4219 -0.013474
14.64939 2302231 -30.8184 -0.020311
14.65164 2307415 -36.2578 -0.023869
14.65389 2312610 -41.5311 -0.027310
14.65614 2317818 -21.1680 -0.013904
14.65839 2323037 -23.2737 -0.015270
14.66063 2328267 -18.9477 -0.012418
14.66288 2333510 -5.3842 -0.003525
14.66513 2338764 -14.8954 -0.009740
14.66738 2344031 -21.7829 -0.014228
14.66963 2349309 -21.2805 -0.013884
14.67188 2354599 -7.0849 -0.004617
14.67413 2359900 9.2110 0.005996
14.67638 2365214 20.9849 0.013645
14.67863 2370540 14.4556 0.009389
14.68088 2375878 22.3887 0.014525
14.68313 2381227 23.4583 0.015202
14.68538 2386589 44.1494 0.028578
14.68762 2391963 43.5309 0.028146
14.68987 2397349 32.9936 0.021309
14.69212 2402747 36.7755 0.023725
14.69437 2408158 35.0127 0.022562
14.69662 2413580 41.7847 0.026896
14.69887 2419015 30.6795 0.019726
14.70112 2424462 19.9118 0.012788
14.70337 2429921 19.6256 0.012590
14.70562 2435392 11.5023 0.007371
14.70787 2440876 6.3297 0.004051
14.71012 2446372 2.1677 0.001386
14.71237 2451881 2.4386 0.001557
14.71461 2457401 -8.9121 -0.005685
14.71686 2462935 -7.5839 -0.004832
14.71911 2468481 -4.6035 -0.002930
14.72136 2474039 -18.4434 -0.011726
14.72361 2479610 -5.8456 -0.003712
14.72586 2485193 -0.5771 -0.000366
14.72811 2490789 0.4660 0.000295
14.73036 2496397 -5.5131 -0.003489
14.73261 2502018 5.8865 0.003721
14.73486 2507652 15.5750 0.009835
14.73711 2513299 27.1233 0.017109
14.73936 2518958 8.2422 0.005193
14.74161 2524630 10.8797 0.006847
14.74385 2530315 16.6580 0.010472
14.74610 2536012 9.3364 0.005863
14.74835 2541722 -1.2853 -0.000806
14.75060 2547446 10.8174 0.006777
14.75285 2553182 0.2665 0.000167
14.75510 2558931 -35.9796 -0.022492
14.75735 2564693 -35.4184 -0.022116
14.75960 2570468 -63.6237 -0.039684
14.76185 2576255 -61.2823 -0.038180
14.76410 2582056 -65.4391 -0.040724
14.76635 2587870 -63.1361 -0.039247
14.76860 2593698 -60.6014 -0.037629
14.77084 2599538 -67.5849 -0.041918
14.77309 2605391 -62.6288 -0.038801
14.77534 2611258 -53.5176 -0.033119
14.77759 2617137 -53.7249 -0.033210
14.77984 2623030 -45.8399 -0.028304
14.78209 2628937 -40.3287 -0.024873
14.78434 2634856 -27.2706 -0.016800
14.78659 2640789 -21.2880 -0.013100
14.78884 2646735 -4.9565 -0.003047
14.79109 2652695 -13.6370 -0.008373
14.79334 2658668 -22.4171 -0.013748
14.79559 2664655 -19.3619 -0.011861
14.79783 2670655 -17.7420 -0.010857
14.80008 2676668 -26.5105 -0.016204
14.80233 2682695 -28.1076 -0.017161
14.80458 2688736 -20.8265 -0.012701
14.80683 2694790 4.7196 0.002875
14.80908 2700858 4.3324 0.002636
14.81133 2706940 15.6921 0.009538
14.81358 2713035 19.4456 0.011806
14.81583 2719144 22.6546 0.013739
14.81808 2725266 30.1137 0.018241
14.82033 2731403 23.6216 0.014293
14.82258 2737553 19.6039 0.011848
14.82482 2743717 14.8010 0.008936
14.82707 2749895 6.9268 0.004177
14.82932 2756087 4.9573 0.002986
14.83157 2762293 30.4097 0.018297
14.83382 2768513 28.2998 0.017008
14.83607 2774747 10.4729 0.006287
14.83832 2780995 28.0010 0.016791
14.84057 2787257 49.5762 0.029695
14.84282 2793533 66.6802 0.039895
14.84507 2799823 64.6206 0.038619
14.84732 2806127 56.5650 0.033767
14.84957 2812446 69.9314 0.041699
14.85181 2818779 81.0563 0.048279
14.85406 2825126 81.3534 0.048401
14.85631 2831487 76.4593 0.045438
14.85856 2837863 90.4237 0.053677
14.86081 2844253 86.8593 0.051503
14.86306 2850657 92.4494 0.054756
14.86531 2857076 83.8429 0.049603
14.86756 2863509 94.6046 0.055907
14.86981 2869957 72.0159 0.042510
14.87206 2876419 79.8310 0.047070
14.87431 2882896 83.4642 0.049157
14.87655 2889387 67.3665 0.039632
14.87880 2895894 76.1990 0.044777
14.88105 2902414 81.5566 0.047872
14.88330 2908950 78.7178 0.046154
14.88555 2915500 49.1738 0.028799
14.88780 2922064 56.6276 0.033127
14.89005 2928644 58.2832 0.034057
14.89230 2935238 71.8826 0.041957
14.89455 2941848 58.5982 0.034164
14.89680 2948472 73.9993 0.043095
14.89905 2955111 74.2892 0.043215
14.90130 2961765 66.9749 0.038917
14.90355 2968434 69.6838 0.040445
14.90579 2975118 56.3099 0.032646
14.90804 2981817 43.2505 0.025047
14.91029 2988531 34.3815 0.019888
14.91254 2995261 19.0237 0.010992
14.91479 3002005 32.7030 0.018875
14.91704 3008765 24.1582 0.013927
14.91929 3015539 24.8073 0.014286
14.92154 3022329 19.7036 0.011334
14.92379 3029135 10.5913 0.006085
14.92604 3035956 6.8639 0.003939
14.92829 3042792 -12.7127 -0.007288
14.93054 3049643 -12.6710 -0.007256
14.93278 3056510 -4.8461 -0.002772
14.93503 3063392 -21.0170 -0.012008
14.93728 3070290 3.6668 0.002093
14.93953 3077203 1.8919 0.001078
14.94178 3084132 -10.2322 -0.005826
14.94403 3091077 4.9537 0.002818
14.94628 3098037 4.3243 0.002457
14.94853 3105013 10.2111 0.005795
14.95078 3112005 1.6158 0.000916
14.95303 3119012 -1.3611 -0.000771
14.95528 3126035 13.6473 0.007719
14.95753 3133074 7.6593 0.004327
14.95977 3140129 26.6030 0.015013
14.96202 3147199 7.2726 0.004099
14.96427 3154286 -7.6293 -0.004296
14.96652 3161388 -17.8668 -0.010049
14.96877 3168507 0.9086 0.000510
14.97102 3175641 -37.5331 -0.021062
14.97327 3182792 -20.2165 -0.011332
14.97552 3189959 -32.8451 -0.018390
14.97777 3197141 -46.6146 -0.026070
14.98002 3204340 -43.0647 -0.024058
14.98227 3211556 -47.0319 -0.026244
14.98452 3218787 -49.3311 -0.027496
14.98676 3226035 -36.7631 -0.020468
14.98901 3233299 -35.9429 -0.019989
14.99126 3240579 -32.1761 -0.017874
14.99351 3247876 -45.0322 -0.024988
14.99576 3255189 -50.2877 -0.027872
14.99801 3262519 -35.5588 -0.019687
15.00026 3269865 -39.0657 -0.021604
15.00251 3277228 -40.7977 -0.022536
15.00476 3284607 -20.2439 -0.011170
15.00701 3292003 4.3521 0.002399
15.00926 3299416 -6.0928 -0.003354
15.01151 3306845 -0.7834 -0.000431
15.01375 3314291 -2.0717 -0.001138
15.01600 3321754 4.1357 0.002269
15.01825 3329234 3.4090 0.001868
15.02050 3336730 5.5482 0.003037
15.02275 3344243 -7.3873 -0.004040
15.02500 3351773 -0.6239 -0.000341
15.02725 3359321 3.5191 0.001920
15.02950 3366885 3.0702 0.001673
15.03175 3374466 0.5823 0.000317
15.03400 3382064 2.2331 0.001214
15.03625 3389680 -5.9363 -0.003224
15.03850 3397312 -12.6436 -0.006860
15.04074 3404962 -19.6716 -0.010661
15.04299 3412629 -43.1268 -0.023345
15.04524 3420313 -27.6228 -0.014936
15.04749 3428015 -30.7853 -0.016627
15.04974 3435734 -45.7718 -0.024694
15.05199 3443470 -40.4345 -0.021790
15.05424 3451223 -50.1194 -0.026979
15.05649 3458995 -50.3233 -0.027058
15.05874 3466783 -29.3762 -0.015777
15.06099 3474589 -35.4828 -0.019036
15.06324 3482413 -48.6945 -0.026094
15.06549 3490254 -55.9973 -0.029974
15.06773 3498113 -33.4537 -0.017887
15.06998 3505990 -3.0853 -0.001648
15.07223 3513885 0.1683 0.000090
15.07448 3521797 12.2366 0.006520
15.07673 3529727 24.7790 0.013189
15.07898 3537675 4.6247 0.002459
15.08123 3545640 24.2439 0.012875
15.08348 3553624 38.4729 0.020409
15.08573 3561626 22.8750 0.012121
15.08798 3569646 11.2186 0.005938
15.09023 3577683 -10.7026 -0.005658
15.09248 3585739 -18.0324 -0.009523
15.09472 3593813 5.9347 0.003131
15.09697 3601905 21.5788 0.011370
15.09922 3610016 14.8356 0.007808
15.10147 3618144 17.5449 0.009224
15.10372 3626291 38.5209 0.020229
15.10597 3634457 50.1582 0.026310
15.10822 3642640 50.7032 0.026566
15.11047 3650843 11.6268 0.006085
15.11272 3659063 -9.0092 -0.004710
15.11497 3667302 -38.4279 -0.020067
15.11722 3675560 -30.9912 -0.016165
15.11947 3683836 -20.6712 -0.010770
15.12171 3692131 -43.2644 -0.022516
15.12396 3700445 -65.7948 -0.034203
15.12621 3708777 -38.7951 -0.020145
15.12846 3717128 -41.9605 -0.021764
15.13071 3725498 -22.5006 -0.011657
15.13296 3733887 -36.1866 -0.018727
15.13521 3742294 -51.7751 -0.026764
15.13746 3750721 -41.3996 -0.021377
15.13971 3759166 -30.1853 -0.015569
15.14196 3767631 20.8734 0.010754
15.14421 3776114 0.8229 0.000423
15.14646 3784617 -24.0501 -0.012362
15.14870 3793139 -12.2984 -0.006315
15.15095 3801680 -34.7815 -0.017839
15.15320 3810240 -38.2908 -0.019616
15.15545 3818819 -37.0906 -0.018980
15.15770 3827418 -33.3936 -0.017069
15.15995 3836036 -50.9324 -0.026005
15.16220 3844674 -34.0610 -0.017371
15.16445 3853331 -15.5878 -0.007941
15.16670 3862008 -11.4303 -0.005816
15.16895 3870704 -3.0860 -0.001569
15.17120 3879419 7.9487 0.004036
15.17345 3888155 30.6222 0.015530
15.17569 3896910 8.4500 0.004281
15.17794 3905684 16.2334 0.008214
15.18019 3914479 30.7447 0.015539
15.18244 3923293 20.7124 0.010457
15.18469 3932127 -9.1706 -0.004625
15.18694 3940981 11.2010 0.005642
15.18919 3949855 -28.6594 -0.014420
15.19144 3958749 -51.8099 -0.026040
15.19369 3967663 -82.2813 -0.041308
15.19594 3976597 -92.6010 -0.046437
15.19819 3985551 -65.2317 -0.032675
15.20044 3994525 -79.2748 -0.039665
15.20268 4003520 -83.7862 -0.041875
15.20493 4012534 -89.6460 -0.044753
15.20718 4021569 -85.1854 -0.042478
15.20943 4030625 -100.6167 -0.050117
15.21168 4039700 -110.1492 -0.054803
15.21393 4048797 -110.1772 -0.054756
15.21618 4057913 -125.1018 -0.062103
15.21843 4067050 -103.3585 -0.051251
15.22068 4076208 -119.7263 -0.059301
15.22293 4085387 -106.2712 -0.052577
15.22518 4094586 -123.2016 -0.060885
15.22743 4103805 -132.0089 -0.065164
15.22967 4113046 -132.2688 -0.065219
15.23192 4122307 -138.0698 -0.068003
15.23417 4131589 -136.4479 -0.067129
15.23642 4140893 -116.1289 -0.057068
15.23867 4150217 -117.6752 -0.057763
15.24092 4159562 -74.0543 -0.036310
15.24317 4168928 -69.0309 -0.033809
15.24542 4178315 -79.8813 -0.039079
15.24767 4187723 -91.0347 -0.044485
15.24992 4197153 -87.4374 -0.042680
15.25217 4206603 -99.7828 -0.048651
15.25442 4216075 -118.1081 -0.057521
15.25666 4225569 -132.8051 -0.064606
15.25891 4235083 -126.6174 -0.061527
15.26116 4244620 -115.1985 -0.055915
15.26341 4254177 -92.8999 -0.045041
15.26566 4263756 -78.4188 -0.037977
15.26791 4273357 -74.1810 -0.035885
15.27016 4282979 -41.5813 -0.020092
15.27241 4292623 -32.1518 -0.015518
15.27466 4302289 -37.7510 -0.018200
15.27691 4311976 -22.9008 -0.011028
15.27916 4321686 -34.7699 -0.016725
15.28141 4331417 0.4722 0.000227
15.28365 4341170 28.0215 0.013449
15.28590 4350945 30.2967 0.014525
15.28815 4360742 38.0089 0.018201
15.29040 4370561 12.2943 0.005881
15.29265 4380402 42.1064 0.020118
15.29490 4390266 38.4773 0.018364
15.29715 4400151 50.5009 0.024075
15.29940 4410059 65.7740 0.031321
15.30165 4419989 76.5613 0.036417
15.30390 4429942 66.3674 0.031532
15.30615 4439916 79.1966 0.037585
15.30840 4449914 70.4997 0.033420
15.31064 4459934 55.9387 0.026488
15.31289 4469976 56.4490 0.026700
15.31514 4480041 42.0178 0.019851
15.31739 4490129 43.8987 0.020717
15.31964 4500239 9.2375 0.004354
15.32189 4510372 7.5475 0.003554
15.32414 4520528 42.1688 0.019833
15.32639 4530707 38.1524 0.017924
15.32864 4540909 6.5599 0.003078
15.33089 4551134 11.0455 0.005178
15.33314 4561382 24.1638 0.011314
15.33539 4571653 8.1798 0.003826
15.33763 4581946 -5.0583 -0.002363
15.33988 4592264 1.9422 0.000906
15.34213 4602604 -3.3992 -0.001584
15.34438 4612968 -6.5758 -0.003062
15.34663 4623355 -13.8527 -0.006443
15.34888 4633765 -30.7953 -0.014306
15.35113 4644199 -42.5480 -0.019743
15.35338 4654656 -51.4078 -0.023828
15.35563 4665137 -48.9974 -0.022685
15.35788 4675642 -51.5826 -0.023855
15.36013 4686170 -62.8707 -0.029043
15.36238 4696722 -59.4649 -0.027439
15.36462 4707297 -72.5744 -0.033450
15.36687 4717897 -60.7010 -0.027946
15.36912 4728520 -61.8487 -0.028443
15.37137 4739167 -28.9070 -0.013279
15.37362 4749838 -37.4053 -0.017163
15.37587 4760534 -6.2558 -0.002867
15.37812 4771253 -13.3396 -0.006107
15.38037 4781996 -20.6416 -0.009439
15.38262 4792764 -4.9755 -0.002273
15.38487 4803556 2.7600 0.001259
15.38712 4814372 12.6626 0.005771
15.38937 4825212 26.1085 0.011886
15.39161 4836077 24.4011 0.011096
15.39386 4846967 22.9489 0.010424
15.39611 4857881 -10.8043 -0.004902
15.39836 4868819 -38.8870 -0.017624
15.40061 4879782 -49.5250 -0.022419
15.40286 4890770 -26.4762 -0.011972
15.40511 4901783 -44.9947 -0.020323
15.40736 4912820 -32.7719 -0.014785
15.40961 4923882 7.7502 0.003493
15.41186 4934969 22.0339 0.009919
15.41411 4946081 42.9965 0.019333
15.41636 4957218 27.7750 0.012475
15.41860 4968381 50.6824 0.022738
15.42085 4979568 30.7820 0.013794
15.42310 4990780 30.7243 0.013753
15.42535 5002018 19.4959 0.008717
15.42760 5013281 10.2364 0.004572
15.42985 5024570 -7.9256 -0.003536
15.43210 5035883 -9.4647 -0.004218
15.43435 5047223 -4.9369 -0.002197
15.43660 5058587 -27.1893 -0.012089
15.43885 5069978 -39.8217 -0.017685
15.44110 5081394 -36.5579 -0.016218
15.44335 5092836 -28.1929 -0.012493
15.44559 5104303 -10.4507 -0.004626
15.44784 5115797 -25.7011 -0.011363
15.45009 5127316 -6.6843 -0.002952
15.45234 5138861 -3.9675 -0.001750
15.45459 5150432 -6.4788 -0.002855
15.45684 5162029 -2.4953 -0.001098
15.45909 5173653 18.0442 0.007933
15.46134 5185302 -1.6390 -0.000720
15.46359 5196978 -18.8940 -0.008288
15.46584 5208680 -29.1749 -0.012783
15.46809 5220408 -25.9011 -0.011336
15.47034 5232163 -33.9536 -0.014844
15.47258 5243944 -18.9093 -0.008257
15.47483 5255752 -31.6469 -0.013804
15.47708 5267587 -40.7227 -0.017743
15.47933 5279448 -46.9626 -0.020439
15.48158 5291335 -40.7895 -0.017732
15.48383 5303250 -35.7838 -0.015539
15.48608 5315191 -47.4955 -0.020601
15.48833 5327159 -56.1644 -0.024334
15.49058 5339154 -61.3207 -0.026538
15.49283 5351177 -79.7652 -0.034482
15.49508 5363226 -66.0479 -0.028520
15.49733 5375302 -86.8490 -0.037460
15.49957 5387406 -82.3511 -0.035480
15.50182 5399537 -89.0830 -0.038337
15.50407 5411695 -88.8766 -0.038205
15.50632 5423880 -112.2265 -0.048188
15.50857 5436093 -140.6825 -0.060339
15.51082 5448334 -124.1656 -0.053195
15.51307 5460602 -111.6422 -0.047776
15.51532 5472897 -133.9118 -0.057241
15.51757 5485221 -128.6120 -0.054914
15.51982 5497572 -101.7260 -0.043386
15.52207 5509951 -107.3138 -0.045717
15.52432 5522357 -110.7108 -0.047112
15.52656 5534792 -124.4725 -0.052908
15.52881 5547255 -101.3599 -0.043036
15.53106 5559745 -109.2307 -0.046325
15.53331 5572264 -120.4219 -0.051014
15.53556 5584811 -126.1209 -0.053368
15.53781 5597387 -144.9852 -0.061282
15.54006 5609990 -153.0738 -0.064628
15.54231 5622622 -164.0687 -0.069192
15.54456 5635283 -185.8121 -0.078274
15.54681 5647972 -210.1941 -0.088445
15.54906 5660689 -200.3962 -0.084228
15.55131 5673435 -190.4252 -0.079947
15.55355 5686210 -214.1431 -0.089803
15.55580 5699014 -200.7213 -0.084080
15.55805 5711846 -190.1910 -0.079580
15.56030 5724708 -183.3136 -0.076616
15.56255 5737598 -189.0875 -0.078940
15.56480 5750517 -199.0580 -0.083009
15.56705 5763466 -191.0034 -0.079561
15.56930 5776443 -204.7519 -0.085192
15.57155 5789450 -182.0728 -0.075670
15.57380 5802486 -180.8757 -0.075088
15.57605 5815552 -165.7214 -0.068720
15.57830 5828647 -173.7157 -0.071954
15.58054 5841771 -105.9875 -0.043851
15.58279 5854925 -109.3551 -0.045194
15.58504 5868108 -130.7471 -0.053974
15.58729 5881322 -161.3651 -0.066538
15.58954 5894565 -191.2477 -0.078772
15.59179 5907837 -220.5986 -0.090759
15.59404 5921140 -200.4628 -0.082382
15.59629 5934473 -209.3205 -0.085925
15.59854 5947835 -201.4706 -0.082610
15.60079 5961228 -205.9267 -0.084342
15.60304 5974651 -194.1932 -0.079447
15.60529 5988104 -179.8548 -0.073498
15.60753 6001587 -163.6384 -0.066796
15.60978 6015101 -155.9782 -0.063598
15.61203 6028645 -138.1907 -0.056282
15.61428 6042220 -133.1067 -0.054150
15.61653 6055825 -110.2605 -0.044806
15.61878 6069461 -87.9386 -0.035695
15.62103 6083128 -96.1612 -0.038988
15.62328 6096825 -65.6412 -0.026584
15.62553 6110553 -51.8241 -0.020965
15.62778 6124313 -20.3125 -0.008208
15.63003 6138103 4.5788 0.001848
15.63228 6151924 0.1078 0.000043
15.63452 6165776 -11.5843 -0.004665
15.63677 6179660 12.3082 0.004951
15.63902 6193574 14.2983 0.005745
15.64127 6207520 13.2468 0.005317
15.64352 6221498 -11.3904 -0.004567
15.64577 6235507 5.6624 0.002268
15.64802 6249547 -11.5759 -0.004631
15.65027 6263619 -37.6132 -0.015029
15.65252 6277723 -60.4073 -0.024110
15.65477 6291859 -61.7267 -0.024608
15.65702 6306026 -68.6351 -0.027332
15.65927 6320225 -58.2312 -0.023163
15.66151 6334457 -25.8488 -0.010270
15.66376 6348720 -24.3045 -0.009646
15.66601 6363015 -21.1049 -0.008367
15.66826 6377343 -48.3349 -0.019140
15.67051 6391703 -61.3201 -0.024255
15.67276 6406095 -77.4178 -0.030588
15.67501 6420520 -80.2779 -0.031682
15.67726 6434977 -95.0044 -0.037452
15.67951 6449466 -112.4227 -0.044268
15.68176 6463989 -106.4788 -0.041881
15.68401 6478543 -89.2111 -0.035049
15.68626 6493131 -75.3495 -0.029570
15.68850 6507752 -77.6224 -0.030428
15.69075 6522405 -70.5264 -0.027615
15.69300 6537092 -62.1879 -0.024323
15.69525 6551811 -69.1201 -0.027004
15.69750 6566564 -38.0879 -0.014863
15.69975 6581350 -60.8575 -0.023722
15.70200 6596169 -27.7641 -0.010810
15.70425 6611022 3.4305 0.001334
15.70650 6625908 -18.3578 -0.007132
15.70875 6640827 -8.2376 -0.003197
15.71100 6655780 -7.8957 -0.003060
15.71325 6670767 -29.6038 -0.011462
15.71549 6685788 -14.7936 -0.005721
15.71774 6700842 -25.0375 -0.009672
15.71999 6715931 -47.3492 -0.018271
15.72224 6731053 -77.7612 -0.029972
15.72449 6746209 -113.2985 -0.043621
15.72674 6761400 -100.9696 -0.038830
15.72899 6776624 -64.8160 -0.024899
15.73124 6791883 -75.7095 -0.029051
15.73349 6807176 -62.5555 -0.023976
15.73574 6822504 -36.2209 -0.013867
15.73799 6837866 -36.0740 -0.013795
15.74024 6853263 -54.0466 -0.020645
15.74248 6868695 -30.9739 -0.011818
15.74473 6884161 -19.9340 -0.007597
15.74698 6899662 -7.7762 -0.002960
15.74923 6915198 -2.9709 -0.001130
15.75148 6930769 -1.8147 -0.000689
15.75373 6946375 2.6048 0.000988
15.75598 6962016 18.4534 0.006994
15.75823 6977692 7.9049 0.002993
15.76048 6993404 43.8565 0.016584
15.76273 7009151 6.5940 0.002491
15.76498 7024933 -14.7697 -0.005573
15.76723 7040752 -24.4164 -0.009202
15.76947 7056605 -50.7318 -0.019098
15.77172 7072495 -65.7435 -0.024721
15.77397 7088420 -124.5848 -0.046794
15.77622 7104381 -128.4023 -0.048174
15.77847 7120378 -144.0682 -0.053990
15.78072 7136410 -110.6714 -0.041428
15.78297 7152480 -91.9217 -0.034371
15.78522 7168585 -88.4266 -0.033027
15.78747 7184726 -83.9751 -0.031329
15.78972 7200904 -107.3743 -0.040014
15.79197 7217118 -114.2418 -0.042525
15.79422 7233369 -122.7772 -0.045651
15.79646 7249657 -105.7392 -0.039271
15.79871 7265981 -112.8226 -0.041855
15.80096 7282341 -137.8479 -0.051082
15.80321 7298739 -121.7271 -0.045057
15.80546 7315174 -86.1382 -0.031848
15.80771 7331645 -22.3667 -0.008260
15.80996 7348154 -1.1508 -0.000425
15.81221 7364700 -30.8198 -0.011357
15.81446 7381283 -18.5901 -0.006843
15.81671 7397903 -0.9380 -0.000345
15.81896 7414561 7.4636 0.002741
15.82121 7431256 38.1224 0.013985
15.82345 7447989 -0.3210 -0.000118
15.82570 7464760 10.7243 0.003925
15.82795 7481568 19.1807 0.007012
15.83020 7498415 10.8836 0.003975
15.83245 7515299 8.2338 0.003003
15.83470 7532221 12.2656 0.004469
15.83695 7549181 2.1694 0.000790
15.83920 7566180 -17.0156 -0.006186
15.84145 7583216 -48.1801 -0.017496
15.84370 7600292 -33.8674 -0.012285
15.84595 7617405 -48.7722 -0.017671
15.84820 7634557 -16.9632 -0.006139
15.85044 7651748 -1.7348 -0.000627
15.85269 7668977 1.1119 0.000401
15.85494 7686246 -11.0301 -0.003979
15.85719 7703553 -10.1789 -0.003667
15.85944 7720899 -28.3838 -0.010215
15.86169 7738284 -59.3518 -0.021336
15.86394 7755708 -25.5888 -0.009188
15.86619 7773172 1.1787 0.000423
15.86844 7790675 7.9143 0.002835
15.87069 7808217 10.3406 0.003701
15.87294 7825799 37.6830 0.013470
15.87519 7843420 50.6655 0.018091
15.87743 7861081 26.6782 0.009515
15.87968 7878782 20.7413 0.007389
15.88193 7896522 43.6924 0.015548
15.88418 7914303 66.1327 0.023508
15.88643 7932124 51.3158 0.018220
15.88868 7949984 36.7128 0.013021
15.89093 7967885 53.6770 0.019016
15.89318 7985827 37.8054 0.013378
15.89543 8003808 21.1750 0.007485
15.89768 8021830 39.8483 0.014069
15.89993 8039893 65.3704 0.023055
15.90218 8057997 57.3712 0.020211
15.90442 8076141 8.0142 0.002820
15.90667 8094326 28.3699 0.009972
15.90892 8112552 -19.7358 -0.006929
15.91117 8130819 -45.2036 -0.015853
15.91342 8149127 -48.9306 -0.017141
15.91567 8167476 -25.1485 -0.008800
15.91792 8185867 15.0742 0.005269
15.92017 8204299 23.4498 0.008187
15.92242 8222773 13.4619 0.004695
15.92467 8241288 -3.5049 -0.001221
15.92692 8259845 0.7660 0.000267
15.92917 8278444 -12.1960 -0.004239
15.93141 8297084 -1.6613 -0.000577
15.93366 8315767 21.5502 0.007473
15.93591 8334491 30.7895 0.010665
15.93816 8353258 37.4472 0.012957
15.94041 8372067 23.8582 0.008246
15.94266 8390918 0.6418 0.000222
15.94491 8409812 -1.6578 -0.000572
15.94716 8428749 -17.1432 -0.005905
15.94941 8447728 23.7827 0.008183
15.95166 8466749 27.5827 0.009479
15.95391 8485814 3.2381 0.001112
15.95616 8504921 -18.5641 -0.006366
15.95840 8524072 -52.4968 -0.017981
15.96065 8543266 -57.7448 -0.019756
15.96290 8562502 -29.9080 -0.010221
15.96515 8581783 -3.2906 -0.001123
15.96740 8601106 -1.0537 -0.000359
15.96965 8620473 14.1248 0.004811
15.97190 8639884 -20.8644 -0.007098
15.97415 8659338 -22.1332 -0.007521
15.97640 8678837 -35.2003 -0.011949
15.97865 8698379 -84.3649 -0.028605
15.98090 8717965 -112.7512 -0.038187
15.98315 8737595 -94.8231 -0.032079
15.98539 8757270 -76.5032 -0.025852
15.98764 8776988 -84.2092 -0.028424
15.98989 8796751 -39.3363 -0.013263
15.99214 8816559 -79.9050 -0.026911
15.99439 8836411 -80.7129 -0.027152
15.99664 8856308 -67.0557 -0.022532
15.99889 8876250 -61.4918 -0.020640
16.00114 8896237 -72.0624 -0.024160
16.00339 8916268 -94.3352 -0.031592
16.00564 8936345 -140.0719 -0.046857
16.00789 8956467 -159.1932 -0.053193
16.01014 8976634 -155.5052 -0.051902
16.01238 8996847 -139.3149 -0.046446
16.01463 9017105 -126.8722 -0.042251
16.01688 9037409 -96.8261 -0.032208
16.01913 9057758 -98.1832 -0.032623
16.02138 9078154 -49.4982 -0.016428
16.02363 9098595 -60.6842 -0.020118
16.02588 9119082 -59.9415 -0.019850
16.02813 9139616 -48.6393 -0.016089
16.03038 9160195 -46.4504 -0.015347
16.03263 9180821 -45.6052 -0.015051
16.03488 9201494 -29.0453 -0.009575
16.03713 9222213 -74.4778 -0.024525
16.03937 9242978 -64.9706 -0.021370
16.04162 9263791 -58.7630 -0.019307
16.04387 9284650 -85.7841 -0.028153
16.04612 9305556 -54.3029 -0.017801
16.04837 9326510 -77.3492 -0.025328
16.05062 9347510 -45.1196 -0.014758
16.05287 9368558 -50.0336 -0.016347
16.05512 9389653 -57.0978 -0.018633
16.05737 9410796 -66.2759 -0.021604
16.05962 9431986 -60.7241 -0.019772
16.06187 9453224 -66.5614 -0.021649
16.06412 9474510 -50.5920 -0.016436
16.06636 9495844 -42.8134 -0.013894
16.06861 9517225 -59.8470 -0.019399
16.07086 9538655 -35.9073 -0.011626
16.07311 9560134 -59.9314 -0.019383
16.07536 9581660 -69.5971 -0.022484
16.07761 9603235 -94.7369 -0.030571
16.07986 9624859 -79.2504 -0.025545
16.08211 9646531 -103.5917 -0.033353
16.08436 9668252 -128.2929 -0.041260
16.08661 9690022 -174.1626 -0.055949
16.08886 9711841 -168.1622 -0.053961
16.09111 9733709 -210.7353 -0.067546
16.09335 9755627 -228.5788 -0.073183
16.09560 9777593 -198.7960 -0.063576
16.09785 9799609 -174.9540 -0.055888
16.10010 9821675 -224.0114 -0.071479
16.10235 9843791 -243.7818 -0.077700
16.10460 9865956 -242.3462 -0.077155
16.10685 9888171 -210.8329 -0.067047
16.10910 9910436 -194.4595 -0.061771
16.11135 9932752 -169.1929 -0.053684
16.11360 9955117 -190.6487 -0.060424
16.11585 9977533 -192.4463 -0.060925
16.11810 10000000 -202.3779 -0.063998
