logY Y P PoverSqrtY
6.90675 999 -0.9516 -0.030107
6.90975 1002 -1.1350 -0.035857
6.91175 1004 -1.0357 -0.032686
6.91374 1006 -1.1616 -0.036624
6.91672 1009 -1.3074 -0.041158
6.91870 1011 -1.1299 -0.035535
6.92067 1013 -1.1858 -0.037256
6.92264 1015 -1.3046 -0.040949
6.92560 1018 -1.2543 -0.039313
6.92756 1020 -1.3209 -0.041360
6.92952 1022 -1.4286 -0.044687
6.93245 1025 -1.3934 -0.043523
6.93440 1027 -1.3630 -0.042531
6.93634 1029 -1.4117 -0.044007
6.93828 1031 -1.3740 -0.042791
6.94119 1034 -1.3265 -0.041253
6.94312 1036 -1.3640 -0.042377
6.94505 1038 -1.3475 -0.041823
6.94794 1041 -1.3624 -0.042226
6.94986 1043 -1.3944 -0.043177
6.95273 1046 -1.2304 -0.038045
6.95464 1048 -1.2467 -0.038511
6.95655 1050 -1.1428 -0.035269
6.95940 1053 -0.8330 -0.025670
6.96130 1055 -0.8241 -0.025371
6.96319 1057 -0.9016 -0.027731
6.96602 1060 -0.8508 -0.026133
6.96791 1062 -0.9066 -0.027821
6.97073 1065 -1.1412 -0.034970
6.97261 1067 -1.1399 -0.034897
6.97448 1069 -1.2315 -0.037665
6.97728 1072 -1.2177 -0.037190
6.97915 1074 -1.0186 -0.031080
6.98193 1077 -1.0612 -0.032336
6.98379 1079 -1.0200 -0.031053
6.98564 1081 -0.9281 -0.028229
6.98841 1084 -1.1796 -0.035827
6.99026 1086 -1.2770 -0.038751
6.99302 1089 -1.3696 -0.041504
6.99485 1091 -1.6843 -0.050992
6.99760 1094 -1.8161 -0.054906
6.99942 1096 -1.7996 -0.054358
7.00216 1099 -2.0207 -0.060955
7.00397 1101 -1.9911 -0.060006
7.00670 1104 -1.8684 -0.056233
7.00851 1106 -1.9108 -0.057457
7.01121 1109 -1.8585 -0.055810
7.01302 1111 -1.9571 -0.058715
7.01571 1114 -2.1154 -0.063379
7.01751 1116 -1.9129 -0.057262
7.02019 1119 -1.8081 -0.054051
7.02198 1121 -1.6441 -0.049105
7.02465 1124 -1.4177 -0.042285
7.02643 1126 -1.5392 -0.045868
7.02909 1129 -1.4804 -0.044058
7.03086 1131 -1.5102 -0.044905
7.03351 1134 -1.6984 -0.050437
7.03527 1136 -1.6500 -0.048955
7.03791 1139 -1.6915 -0.050119
7.03966 1141 -1.7952 -0.053146
7.04229 1144 -1.6541 -0.048905
7.04491 1147 -1.6842 -0.049729
7.04665 1149 -1.7086 -0.050407
7.04925 1152 -1.6724 -0.049275
7.05099 1154 -1.8669 -0.054956
7.05359 1157 -1.9499 -0.057325
7.05618 1160 -2.2267 -0.065378
7.05790 1162 -2.3087 -0.067727
7.06048 1165 -1.9502 -0.057138
7.06219 1167 -1.8448 -0.054004
7.06476 1170 -1.6732 -0.048915
7.06732 1173 -1.3814 -0.040334
7.06902 1175 -1.4807 -0.043198
7.07157 1178 -1.4612 -0.042573
7.07412 1181 -1.4781 -0.043010
7.07581 1183 -1.6142 -0.046930
7.07834 1186 -1.4860 -0.043150
7.08087 1189 -1.5045 -0.043632
7.08255 1191 -1.4807 -0.042906
7.08506 1194 -1.4099 -0.040803
7.08757 1197 -1.3847 -0.040023
7.08924 1199 -1.2338 -0.035630
7.09174 1202 -1.2358 -0.035644
7.09423 1205 -1.2835 -0.036974
7.09589 1207 -1.1795 -0.033951
7.09838 1210 -1.2742 -0.036631
7.10085 1213 -1.1300 -0.032445
7.10332 1216 -1.0994 -0.031527
7.10497 1218 -1.2349 -0.035384
7.10743 1221 -1.2517 -0.035820
7.10988 1224 -1.5597 -0.044582
7.11233 1227 -1.5921 -0.045452
7.11396 1229 -1.6949 -0.048348
7.11639 1232 -1.8143 -0.051690
7.11883 1235 -1.6355 -0.046540
7.12125 1238 -1.6322 -0.046388
7.12367 1241 -1.4216 -0.040353
7.12528 1243 -1.3881 -0.039372
7.12769 1246 -1.6430 -0.046546
7.13010 1249 -1.6333 -0.046215
7.13250 1252 -1.9709 -0.055701
7.13489 1255 -1.9650 -0.055467
7.13648 1257 -1.7624 -0.049711
7.13887 1260 -1.7032 -0.047983
7.14125 1263 -1.5726 -0.044249
7.14362 1266 -1.5655 -0.043998
7.14598 1269 -1.4867 -0.041733
7.14835 1272 -1.5354 -0.043051
7.14992 1274 -1.6744 -0.046910
7.15227 1277 -1.7212 -0.048164
7.15462 1280 -1.9553 -0.054652
7.15696 1283 -1.8599 -0.051925
7.15929 1286 -1.9093 -0.053243
7.16162 1289 -1.8732 -0.052174
7.16395 1292 -1.6560 -0.046071
7.16627 1295 -1.8271 -0.050774
7.16858 1298 -1.8494 -0.051332
7.17089 1301 -1.9947 -0.055300
7.17242 1303 -1.9514 -0.054059
7.17472 1306 -1.6822 -0.046548
7.17702 1309 -1.6519 -0.045658
7.17931 1312 -1.5313 -0.042277
7.18159 1315 -1.7063 -0.047053
7.18387 1318 -1.6929 -0.046630
7.18614 1321 -1.7074 -0.046976
7.18841 1324 -1.6119 -0.044299
7.19068 1327 -1.2432 -0.034127
7.19293 1330 -1.2392 -0.033980
7.19519 1333 -0.9674 -0.026495
7.19744 1336 -1.0102 -0.027638
7.19968 1339 -0.9429 -0.025769
7.20192 1342 -0.9927 -0.027097
7.20415 1345 -1.2508 -0.034107
7.20638 1348 -1.2639 -0.034424
7.20860 1351 -1.1638 -0.031662
7.21082 1354 -0.9693 -0.026341
7.21303 1357 -1.0413 -0.028266
7.21524 1360 -1.0073 -0.027316
7.21744 1363 -1.1067 -0.029976
7.22037 1367 -1.3207 -0.035720
7.22257 1370 -1.3750 -0.037149
7.22475 1373 -1.4832 -0.040027
7.22694 1376 -1.3678 -0.036875
7.22911 1379 -1.5629 -0.042088
7.23129 1382 -1.4966 -0.040259
7.23346 1385 -1.6107 -0.043281
7.23562 1388 -1.6025 -0.043013
7.23778 1391 -1.6044 -0.043017
7.23993 1394 -1.6562 -0.044360
7.24280 1398 -1.5646 -0.041845
7.24494 1401 -1.6132 -0.043100
7.24708 1404 -1.4558 -0.038853
7.24922 1407 -1.5742 -0.041968
7.25134 1410 -1.5110 -0.040239
7.25347 1413 -1.6780 -0.044641
7.25630 1417 -1.4916 -0.039625
7.25841 1420 -1.4898 -0.039536
7.26052 1423 -1.4336 -0.038003
7.26263 1426 -1.3718 -0.036327
7.26473 1429 -1.4917 -0.039462
7.26753 1433 -1.5928 -0.042077
7.26962 1436 -1.7821 -0.047028
7.27170 1439 -1.7822 -0.046982
7.27379 1442 -1.8536 -0.048812
7.27656 1446 -1.4218 -0.037390
7.27863 1449 -1.4097 -0.037034
7.28070 1452 -1.2000 -0.031491
7.28276 1455 -1.2609 -0.033056
7.28551 1459 -1.1489 -0.030078
7.28756 1462 -1.2218 -0.031955
7.28961 1465 -1.0796 -0.028207
7.29234 1469 -1.1741 -0.030633
7.29438 1472 -0.9931 -0.025884
7.29641 1475 -0.7770 -0.020232
7.29845 1478 -0.6144 -0.015981
7.30115 1482 -0.4333 -0.011256
7.30317 1485 -0.3251 -0.008436
7.30519 1488 0.1388 0.003599
7.30787 1492 0.3236 0.008378
7.30988 1495 0.6918 0.017892
7.31255 1499 0.6428 0.016603
7.31455 1502 0.6881 0.017754
7.31655 1505 0.5584 0.014393
7.31920 1509 0.7824 0.020142
7.32119 1512 0.8665 0.022284
7.32383 1516 0.9982 0.025638
7.32581 1519 0.8563 0.021971
7.32778 1522 0.9961 0.025533
7.33041 1526 0.8448 0.021626
7.33237 1529 0.9797 0.025054
7.33498 1533 0.9056 0.023131
7.33694 1536 1.0793 0.027539
7.33954 1540 1.2087 0.030800
7.34148 1543 1.4094 0.035879
7.34407 1547 1.3752 0.034964
7.34601 1550 1.3425 0.034098
7.34859 1554 1.1596 0.029416
7.35052 1557 1.3072 0.033127
7.35308 1561 1.1405 0.028866
7.35500 1564 1.1258 0.028466
7.35756 1568 0.9581 0.024195
7.35947 1571 1.1038 0.027849
7.36201 1575 1.0228 0.025772
7.36391 1578 1.2406 0.031230
7.36645 1582 1.2552 0.031558
7.36834 1585 1.3058 0.032799
7.37086 1589 1.1558 0.028994
7.37275 1592 1.0872 0.027248
7.37526 1596 0.8098 0.020270
7.37776 1600 0.9725 0.024312
7.37963 1603 0.9551 0.023856
7.38212 1607 1.2006 0.029949
7.38399 1610 1.0866 0.027080
7.38647 1614 1.2292 0.030598
7.38895 1618 0.9285 0.023082
7.39080 1621 0.8507 0.021129
7.39326 1625 0.6853 0.016999
7.39572 1629 0.7490 0.018558
7.39756 1632 0.6915 0.017117
7.40001 1636 0.7373 0.018229
7.40245 1640 0.6414 0.015837
7.40428 1643 0.4857 0.011982
7.40671 1647 0.5381 0.013260
7.40914 1651 0.5503 0.013544
7.41156 1655 0.5626 0.013830
7.41337 1658 0.3139 0.007708
7.41578 1662 0.4125 0.010119
7.41818 1666 0.2378 0.005826
7.41998 1669 0.2220 0.005434
7.42237 1673 0.0646 0.001578
7.42476 1677 0.0442 0.001080
7.42714 1681 -0.0799 -0.001948
7.42952 1685 -0.1421 -0.003462
7.43130 1688 -0.4945 -0.012037
7.43367 1692 -0.2758 -0.006704
7.43603 1696 -0.0460 -0.001116
7.43838 1700 0.0423 0.001026
7.44073 1704 0.0407 0.000987
7.44249 1707 -0.1987 -0.004810
7.44483 1711 -0.3076 -0.007436
7.44717 1715 -0.5995 -0.014476
7.44950 1719 -0.5722 -0.013800
7.45182 1723 -0.7197 -0.017339
7.45414 1727 -0.5910 -0.014222
7.45645 1731 -0.5579 -0.013409
7.45876 1735 -0.6601 -0.015846
7.46049 1738 -0.6230 -0.014944
7.46279 1742 -0.6514 -0.015608
7.46508 1746 -0.6447 -0.015429
7.46737 1750 -0.8670 -0.020725
7.46965 1754 -0.9134 -0.021809
7.47193 1758 -1.0250 -0.024447
7.47420 1762 -0.7440 -0.017723
7.47647 1766 -0.4707 -0.011201
7.47873 1770 -0.5030 -0.011957
7.48099 1774 -0.4082 -0.009692
7.48324 1778 -0.5722 -0.013569
7.48549 1782 -0.6232 -0.014764
7.48773 1786 -0.6178 -0.014619
7.48997 1790 -0.5711 -0.013499
7.49220 1794 -0.6685 -0.015782
7.49443 1798 -1.0378 -0.024475
7.49665 1802 -1.0409 -0.024520
7.49887 1806 -1.3851 -0.032592
7.50108 1810 -1.3502 -0.031738
7.50329 1814 -1.5596 -0.036619
7.50549 1818 -1.2323 -0.028901
7.50824 1823 -1.0370 -0.024289
7.51043 1827 -1.0778 -0.025216
7.51262 1831 -0.8594 -0.020085
7.51480 1835 -0.7022 -0.016391
7.51698 1839 -0.4988 -0.011631
7.51915 1843 -0.4733 -0.011024
7.52132 1847 -0.5073 -0.011804
7.52402 1852 -0.1751 -0.004070
7.52618 1856 -0.0826 -0.001918
7.52833 1860 0.1195 0.002772
7.53048 1864 0.0632 0.001464
7.53262 1868 -0.1369 -0.003169
7.53476 1872 -0.2746 -0.006346
7.53743 1877 -0.5130 -0.011841
7.53956 1881 -0.2215 -0.005107
7.54168 1885 0.0026 0.000060
7.54380 1889 -0.0572 -0.001315
7.54645 1894 -0.0938 -0.002156
7.54856 1898 -0.2307 -0.005296
7.55066 1902 -0.0420 -0.000964
7.55276 1906 -0.1122 -0.002569
7.55538 1911 -0.1525 -0.003490
7.55747 1915 -0.0359 -0.000821
7.55956 1919 -0.1718 -0.003921
7.56216 1924 -0.0172 -0.000393
7.56424 1928 0.1511 0.003441
7.56631 1932 -0.0399 -0.000909
7.56890 1937 -0.0941 -0.002137
7.57096 1941 -0.1422 -0.003228
7.57302 1945 -0.1431 -0.003245
7.57558 1950 0.1043 0.002362
7.57763 1954 0.0267 0.000604
7.58019 1959 -0.2979 -0.006731
7.58223 1963 -0.4265 -0.009627
7.58426 1967 -0.7683 -0.017324
7.58680 1972 -0.5055 -0.011383
7.58883 1976 -0.4983 -0.011211
7.59136 1981 -0.5497 -0.012350
7.59337 1985 -0.5690 -0.012772
7.59589 1990 -0.7592 -0.017020
7.59790 1994 -0.9745 -0.021824
7.60040 1999 -0.9424 -0.021079
7.60240 2003 -1.0306 -0.023028
7.60489 2008 -1.0823 -0.024154
7.60688 2012 -1.0810 -0.024101
7.60937 2017 -1.1416 -0.025420
7.61135 2021 -1.0151 -0.022581
7.61382 2026 -1.1657 -0.025897
7.61579 2030 -1.5918 -0.035329
7.61825 2035 -1.7738 -0.039322
7.62071 2040 -1.4009 -0.031016
7.62266 2044 -1.4427 -0.031910
7.62511 2049 -1.2790 -0.028255
7.62706 2053 -1.3975 -0.030844
7.62949 2058 -1.5255 -0.033626
7.63192 2063 -1.3466 -0.029648
7.63385 2067 -1.0722 -0.023584
7.63627 2072 -1.0006 -0.021983
7.63868 2077 -1.0865 -0.023841
7.64060 2081 -1.3696 -0.030023
7.64300 2086 -1.5574 -0.034100
7.64540 2091 -1.4579 -0.031882
7.64731 2095 -1.5682 -0.034262
7.64969 2100 -1.7442 -0.038062
7.65207 2105 -1.7781 -0.038755
7.65444 2110 -1.6094 -0.035037
7.65634 2114 -1.7444 -0.037939
7.65870 2119 -1.8062 -0.039237
7.66106 2124 -1.9977 -0.043346
7.66341 2129 -2.1450 -0.046488
7.66528 2133 -1.7646 -0.038207
7.66763 2138 -1.5785 -0.034138
7.66996 2143 -1.6148 -0.034882
7.67229 2148 -1.8835 -0.040640
7.67462 2153 -1.8399 -0.039652
7.67694 2158 -1.6150 -0.034765
7.67879 2162 -1.6312 -0.035081
7.68110 2167 -1.5510 -0.033319
7.68340 2172 -1.8078 -0.038789
7.68570 2177 -1.8994 -0.040709
7.68800 2182 -1.8272 -0.039116
7.69029 2187 -1.7485 -0.037389
7.69257 2192 -1.7282 -0.036912
7.69485 2197 -1.7020 -0.036311
7.69712 2202 -1.2841 -0.027365
7.69939 2207 -1.1757 -0.025027
7.70165 2212 -1.2076 -0.025675
7.70391 2217 -1.3627 -0.028942
7.70616 2222 -1.2486 -0.026488
7.70841 2227 -1.0305 -0.021837
7.71065 2232 -1.0058 -0.021290
7.71289 2237 -0.9265 -0.019589
7.71512 2242 -1.1665 -0.024636
7.71735 2247 -1.2899 -0.027211
7.71957 2252 -0.9479 -0.019974
7.72179 2257 -0.7212 -0.015180
7.72400 2262 -0.7710 -0.016212
7.72621 2267 -0.7425 -0.015595
7.72842 2272 -0.3325 -0.006976
7.73061 2277 -0.0773 -0.001621
7.73281 2282 0.0167 0.000350
7.73543 2288 0.0544 0.001138
7.73762 2293 0.4978 0.010397
7.73979 2298 0.6765 0.014113
7.74197 2303 0.6275 0.013076
7.74414 2308 0.5681 0.011824
7.74630 2313 0.7337 0.015256
7.74889 2319 0.9346 0.019408
7.75105 2324 0.9368 0.019433
7.75319 2329 0.9720 0.020140
7.75534 2334 0.7152 0.014805
7.75791 2340 0.5616 0.011609
7.76004 2345 0.5970 0.012328
7.76217 2350 0.5935 0.012244
7.76430 2355 0.4623 0.009527
7.76684 2361 0.3644 0.007499
7.76896 2366 0.2512 0.005165
7.77107 2371 0.1879 0.003859
7.77359 2377 0.3054 0.006264
7.77570 2382 0.2134 0.004373
7.77779 2387 0.2690 0.005506
7.78030 2393 0.3127 0.006393
7.78239 2398 0.3434 0.007012
7.78489 2404 0.1277 0.002603
7.78697 2409 0.2619 0.005336
7.78904 2414 0.5984 0.012180
7.79152 2420 0.7065 0.014361
7.79359 2425 0.5803 0.011784
7.79606 2431 0.6164 0.012502
7.79811 2436 0.7006 0.014195
7.80057 2442 0.8459 0.017117
7.80262 2447 0.9651 0.019509
7.80507 2453 0.8200 0.016557
7.80710 2458 0.8406 0.016954
7.80954 2464 0.8484 0.017092
7.81157 2469 0.8977 0.018065
7.81400 2475 1.0703 0.021513
7.81642 2481 1.4507 0.029124
7.81843 2486 1.3227 0.026528
7.82084 2492 1.0383 0.020800
7.82285 2497 0.9874 0.019759
7.82525 2503 1.2670 0.025324
7.82764 2509 1.3011 0.025975
7.82963 2514 1.2594 0.025118
7.83201 2520 1.0809 0.021531
7.83439 2526 0.9702 0.019305
7.83637 2531 1.1661 0.023180
7.83874 2537 1.0951 0.021742
7.84110 2543 0.8992 0.017831
7.84306 2548 0.9017 0.017863
7.84542 2554 0.9026 0.017860
7.84776 2560 0.9230 0.018242
7.85010 2566 0.9698 0.019146
7.85205 2571 0.9014 0.017776
7.85438 2577 0.6739 0.013276
7.85671 2583 0.3915 0.007703
7.85903 2589 -0.2397 -0.004711
7.86134 2595 0.1676 0.003289
7.86365 2601 0.3299 0.006468
7.86557 2606 0.1146 0.002244
7.86787 2612 -0.2253 -0.004408
7.87017 2618 -0.3138 -0.006133
7.87246 2624 -0.2544 -0.004967
7.87474 2630 -0.1969 -0.003839
7.87702 2636 0.0120 0.000234
7.87929 2642 0.1070 0.002082
7.88156 2648 -0.0664 -0.001290
7.88382 2654 -0.0957 -0.001857
7.88608 2660 0.0819 0.001589
7.88833 2666 0.2445 0.004736
7.89058 2672 0.3096 0.005989
7.89283 2678 0.1836 0.003548
7.89506 2684 0.3185 0.006148
7.89730 2690 0.3316 0.006393
7.89952 2696 0.1062 0.002045
7.90175 2702 -0.0976 -0.001878
7.90397 2708 -0.1883 -0.003618
7.90618 2714 0.0199 0.000383
7.90839 2720 0.3971 0.007614
7.91059 2726 0.4514 0.008646
7.91279 2732 0.5901 0.011290
7.91535 2739 0.4394 0.008395
7.91754 2745 0.0337 0.000643
7.91972 2751 0.1796 0.003424
7.92190 2757 0.3593 0.006843
7.92407 2763 0.4559 0.008674
7.92660 2770 0.2215 0.004209
7.92877 2776 0.0469 0.000889
7.93093 2782 0.0187 0.000355
7.93308 2788 -0.0996 -0.001887
7.93559 2795 -0.4227 -0.007995
7.93773 2801 -0.5036 -0.009516
7.93987 2807 -0.6036 -0.011392
7.94236 2814 -0.6171 -0.011633
7.94449 2820 -0.5792 -0.010907
7.94662 2826 -0.4732 -0.008902
7.94909 2833 -0.5777 -0.010854
7.95121 2839 -0.4907 -0.009210
7.95332 2845 -0.0940 -0.001762
7.95578 2852 0.1530 0.002865
7.95788 2858 0.0814 0.001523
7.96032 2865 -0.1368 -0.002556
7.96242 2871 0.1522 0.002841
7.96485 2878 0.1848 0.003445
7.96693 2884 0.1121 0.002087
7.96936 2891 0.2421 0.004502
7.97143 2897 0.0926 0.001720
7.97384 2904 0.0523 0.000971
7.97591 2910 0.1202 0.002228
7.97831 2917 0.2831 0.005242
7.98037 2923 0.2811 0.005199
7.98276 2930 -0.2609 -0.004820
7.98480 2936 -0.1824 -0.003366
7.98718 2943 0.0085 0.000156
7.98956 2950 -0.0674 -0.001242
7.99159 2956 -0.1837 -0.003378
7.99396 2963 0.0402 0.000739
7.99632 2970 0.3640 0.006679
7.99834 2976 0.2237 0.004101
8.00068 2983 0.2065 0.003781
8.00303 2990 0.3352 0.006130
8.00503 2996 0.4005 0.007318
8.00737 3003 0.4548 0.008299
8.00970 3010 0.8147 0.014849
8.01202 3017 0.6189 0.011267
8.01434 3024 0.2694 0.004899
8.01632 3030 0.4281 0.007778
8.01863 3037 0.4846 0.008793
8.02093 3044 0.2998 0.005434
8.02322 3051 -0.0236 -0.000427
8.02552 3058 -0.1973 -0.003567
8.02780 3065 -0.6699 -0.012101
8.03008 3072 -1.0054 -0.018140
8.03204 3078 -0.7736 -0.013944
8.03431 3085 -0.7863 -0.014156
8.03657 3092 -0.5905 -0.010620
8.03883 3099 -0.3757 -0.006749
8.04109 3106 -0.3005 -0.005392
8.04334 3113 -0.5477 -0.009817
8.04559 3120 -0.5077 -0.009090
8.04783 3127 -0.1869 -0.003342
8.05007 3134 -0.3432 -0.006130
8.05230 3141 -0.6008 -0.010720
8.05452 3148 -0.6631 -0.011818
8.05706 3156 -0.5750 -0.010235
8.05928 3163 -0.6917 -0.012299
8.06149 3170 -0.5567 -0.009887
8.06369 3177 -0.5952 -0.010559
8.06589 3184 -0.5505 -0.009755
8.06809 3191 -0.2475 -0.004382
8.07028 3198 0.0080 0.000142
8.07278 3206 -0.2881 -0.005088
8.07496 3213 0.0483 0.000853
8.07714 3220 0.2522 0.004445
8.07931 3227 0.3390 0.005967
8.08178 3235 0.3856 0.006779
8.08395 3242 0.6645 0.011670
8.08610 3249 1.1015 0.019325
8.08856 3257 1.2964 0.022716
8.09071 3264 1.6372 0.028656
8.09285 3271 1.4806 0.025888
8.09529 3279 1.8883 0.032976
8.09743 3286 2.1962 0.038313
8.09955 3293 2.2387 0.039011
8.10198 3301 1.9669 0.034234
8.10410 3308 2.2011 0.038269
8.10651 3316 2.1618 0.037541
8.10862 3323 1.7867 0.030995
8.11103 3331 1.6919 0.029314
8.11313 3338 1.7637 0.030527
8.11552 3346 1.6413 0.028374
8.11761 3353 1.5576 0.026899
8.11999 3361 1.2619 0.021767
8.12207 3368 1.1590 0.019970
8.12445 3376 1.7182 0.029571
8.12652 3383 1.9826 0.034087
8.12888 3391 1.7738 0.030460
8.13124 3399 1.9832 0.034017
8.13329 3406 2.1458 0.036768
8.13564 3414 1.8195 0.031140
8.13798 3422 1.6309 0.027879
8.14002 3429 1.8135 0.030970
8.14235 3437 1.9303 0.032925
8.14468 3445 2.1001 0.035780
8.14700 3453 2.1640 0.036826
8.14902 3460 1.9238 0.032705
8.15133 3468 2.3107 0.039237
8.15364 3476 2.1984 0.037288
8.15594 3484 1.7804 0.030164
8.15823 3492 1.5624 0.026440
8.16052 3500 1.8016 0.030453
8.16252 3507 1.5038 0.025393
8.16479 3515 1.4121 0.023817
8.16707 3523 1.5478 0.026076
8.16934 3531 1.5718 0.026451
8.17160 3539 1.9017 0.031967
8.17386 3547 1.8146 0.030468
8.17611 3555 1.7073 0.028635
8.17836 3563 1.9827 0.033217
8.18060 3571 1.9313 0.032320
8.18284 3579 1.7717 0.029614
8.18507 3587 2.1760 0.036333
8.18730 3595 2.1288 0.035505
8.18952 3603 2.0117 0.033515
8.19202 3612 1.9644 0.032686
8.19423 3620 2.0870 0.034687
8.19644 3628 2.2032 0.036579
8.19864 3636 2.1181 0.035126
8.20084 3644 1.5996 0.026498
8.20303 3652 1.7618 0.029153
8.20549 3661 1.7632 0.029141
8.20767 3669 1.5395 0.025416
8.20985 3677 1.6346 0.026956
8.21203 3685 1.6238 0.026750
8.21447 3694 1.2685 0.020871
8.21663 3702 1.0796 0.017743
8.21879 3710 0.9110 0.014956
8.22121 3719 0.8652 0.014187
8.22336 3727 0.9425 0.015439
8.22550 3735 0.6399 0.010471
8.22791 3744 1.0747 0.017564
8.23004 3752 1.3457 0.021969
8.23244 3761 1.0830 0.017659
8.23456 3769 1.0309 0.016792
8.23695 3778 0.8950 0.014562
8.23907 3786 0.7573 0.012307
8.24144 3795 0.9825 0.015949
8.24355 3803 0.9635 0.015625
8.24591 3812 1.0171 0.016474
8.24801 3820 0.8303 0.013434
8.25036 3829 0.4217 0.006816
8.25271 3838 0.7192 0.011609
8.25479 3846 0.6126 0.009879
8.25713 3855 0.1361 0.002193
8.25946 3864 0.0435 0.000700
8.26153 3872 0.0665 0.001069
8.26385 3881 0.0965 0.001550
8.26616 3890 -0.0811 -0.001301
8.26848 3899 -0.1512 -0.002421
8.27053 3907 0.1730 0.002768
8.27283 3916 0.2164 0.003458
8.27512 3925 0.0757 0.001209
8.27741 3934 0.0038 0.000060
8.27970 3943 -0.1036 -0.001649
8.28198 3952 -0.1150 -0.001830
8.28400 3960 0.2069 0.003287
8.28627 3969 0.0790 0.001253
8.28853 3978 0.5022 0.007962
8.29079 3987 0.4746 0.007516
8.29305 3996 0.8608 0.013618
8.29530 4005 0.8358 0.013207
8.29754 4014 0.6521 0.010292
8.29978 4023 0.9382 0.014792
8.30202 4032 1.1457 0.018042
8.30425 4041 1.2080 0.019004
8.30672 4051 1.3591 0.021353
8.30894 4060 1.5166 0.023801
8.31115 4069 1.7914 0.028084
8.31336 4078 1.7440 0.027309
8.31557 4087 1.7887 0.027979
8.31777 4096 1.7383 0.027161
8.32020 4106 1.4628 0.022828
8.32239 4115 1.7701 0.027594
8.32458 4124 1.4260 0.022206
8.32676 4133 1.0386 0.016156
8.32918 4143 0.4365 0.006782
8.33135 4152 0.3892 0.006041
8.33351 4161 0.7860 0.012185
8.33591 4171 0.3077 0.004764
8.33807 4180 0.8328 0.012881
8.34046 4190 0.8939 0.013809
8.34260 4199 0.4114 0.006349
8.34474 4208 0.7731 0.011918
8.34712 4218 0.7286 0.011219
8.34925 4227 0.5870 0.009028
8.35161 4237 0.7356 0.011301
8.35397 4247 0.7605 0.011670
8.35609 4256 0.6992 0.010718
8.35843 4266 0.7460 0.011422
8.36054 4275 1.0093 0.015437
8.36288 4285 0.6120 0.009349
8.36521 4295 0.3150 0.004807
8.36730 4304 0.3048 0.004647
8.36962 4314 0.2032 0.003093
8.37194 4324 0.5414 0.008233
8.37402 4333 0.7537 0.011449
8.37632 4343 1.1142 0.016908
8.37862 4353 0.8692 0.013174
8.38092 4363 1.3172 0.019942
8.38320 4373 1.6550 0.025027
8.38526 4382 1.2827 0.019376
8.38754 4392 1.6533 0.024947
8.38981 4402 1.5436 0.023265
8.39208 4412 1.5767 0.023737
8.39435 4422 1.3888 0.020884
8.39661 4432 1.1377 0.017089
8.39886 4442 1.3077 0.019621
8.40111 4452 1.0317 0.015462
8.40335 4462 1.3728 0.020551
8.40559 4472 0.9396 0.014050
8.40782 4482 0.7824 0.011687
8.41005 4492 0.6840 0.010205
8.41228 4502 0.4869 0.007257
8.41450 4512 0.5778 0.008603
8.41693 4523 0.6626 0.009852
8.41914 4533 0.9664 0.014353
8.42134 4543 0.7004 0.010391
8.42354 4553 1.6174 0.023970
8.42574 4563 1.4764 0.021856
8.42814 4574 1.6476 0.024361
8.43033 4584 1.4202 0.020976
8.43251 4594 1.4500 0.021393
8.43490 4605 1.3916 0.020507
8.43707 4615 1.5813 0.023277
8.43923 4625 1.5670 0.023042
8.44161 4636 1.0509 0.015435
8.44376 4646 1.3874 0.020354
8.44613 4657 1.0027 0.014693
8.44827 4667 0.5106 0.007475
8.45063 4678 0.5307 0.007759
8.45276 4688 0.6056 0.008845
8.45510 4699 0.3848 0.005613
8.45723 4709 0.2254 0.003285
8.45956 4720 -0.1860 -0.002708
8.46189 4731 -0.6542 -0.009511
8.46400 4741 -0.1498 -0.002176
8.46632 4752 -0.4391 -0.006369
8.46863 4763 -0.2330 -0.003376
8.47073 4773 -0.2003 -0.002899
8.47303 4784 0.0137 0.000198
8.47533 4795 -0.1945 -0.002808
8.47762 4806 0.0973 0.001404
8.47991 4817 -0.2544 -0.003666
8.48198 4827 0.0867 0.001248
8.48426 4838 -0.1506 -0.002166
8.48653 4849 -0.3756 -0.005393
8.48879 4860 -0.2443 -0.003504
8.49105 4871 -0.3183 -0.004561
8.49331 4882 -0.1193 -0.001707
8.49556 4893 0.3408 0.004872
8.49781 4904 0.4160 0.005941
8.50005 4915 -0.1281 -0.001827
8.50228 4926 0.1328 0.001893
8.50451 4937 0.1106 0.001574
8.50674 4948 -0.1296 -0.001842
8.50916 4960 -0.2923 -0.004150
8.51138 4971 -0.5901 -0.008370
8.51359 4982 -0.4926 -0.006978
8.51579 4993 -0.5292 -0.007489
8.51799 5004 -1.0206 -0.014427
8.52039 5016 -0.7384 -0.010425
8.52258 5027 -1.1397 -0.016075
8.52476 5038 -1.1375 -0.016026
8.52714 5050 -0.8830 -0.012425
8.52932 5061 -0.9057 -0.012731
8.53149 5072 -1.2453 -0.017486
8.53385 5084 -0.9452 -0.013256
8.53601 5095 -1.5399 -0.021573
8.53837 5107 -1.2526 -0.017528
8.54052 5118 -1.5511 -0.021682
8.54286 5130 -1.3475 -0.018813
8.54500 5141 -0.8910 -0.012427
8.54733 5153 -0.6160 -0.008581
8.54947 5164 -0.7372 -0.010259
8.55179 5176 -0.3333 -0.004633
8.55410 5188 -0.8208 -0.011395
8.55622 5199 -0.7096 -0.009841
8.55853 5211 -0.8050 -0.011152
8.56083 5223 -0.6856 -0.009486
8.56312 5235 -0.3874 -0.005354
8.56522 5246 -0.0253 -0.000350
8.56751 5258 -0.3593 -0.004955
8.56979 5270 -0.0039 -0.000054
8.57206 5282 -0.3384 -0.004656
8.57433 5294 -0.0883 -0.001214
8.57659 5306 0.0042 0.000057
8.57885 5318 0.0375 0.000514
8.58111 5330 0.4300 0.005890
8.58336 5342 0.5049 0.006908
8.58560 5354 0.9676 0.013224
8.58784 5366 1.1554 0.015772
8.59007 5378 0.9541 0.013011
8.59230 5390 1.2729 0.017339
8.59452 5402 1.5173 0.020644
8.59674 5414 1.2780 0.017369
8.59896 5426 1.5394 0.020898
8.60135 5439 1.2014 0.016290
8.60355 5451 1.6367 0.022168
8.60575 5463 1.2291 0.016629
8.60795 5475 1.2122 0.016382
8.61032 5488 0.8849 0.011944
8.61250 5500 0.9766 0.013168
8.61486 5513 1.2579 0.016942
8.61704 5525 1.4457 0.019449
8.61921 5537 1.1103 0.014922
8.62155 5550 1.3753 0.018460
8.62371 5562 1.4178 0.019011
8.62605 5575 1.8605 0.024917
8.62820 5587 1.9242 0.025743
8.63052 5600 1.6679 0.022288
8.63284 5613 1.4905 0.019895
8.63498 5625 0.8449 0.011266
8.63728 5638 1.0260 0.013665
8.63959 5651 0.4486 0.005967
8.64171 5663 0.4480 0.005953
8.64400 5676 0.5767 0.007655
8.64629 5689 0.1730 0.002294
8.64857 5702 0.5165 0.006840
8.65085 5715 0.6169 0.008160
8.65295 5727 0.7626 0.010078
8.65521 5740 0.3812 0.005032
8.65748 5753 0.3507 0.004623
8.65973 5766 0.6211 0.008179
8.66199 5779 0.4882 0.006422
8.66423 5792 0.7341 0.009646
8.66647 5805 0.8241 0.010816
8.66871 5818 0.9000 0.011799
8.67094 5831 0.9543 0.012497
8.67334 5845 1.1671 0.015265
8.67556 5858 1.5879 0.020747
8.67778 5871 1.8898 0.024663
8.67999 5884 2.4915 0.032481
8.68220 5897 2.3226 0.030246
8.68457 5911 2.2364 0.029088
8.68677 5924 2.1362 0.027754
8.68896 5937 1.7724 0.023002
8.69131 5951 2.0477 0.026544
8.69350 5964 1.8651 0.024151
8.69584 5978 1.2827 0.016590
8.69801 5991 0.7348 0.009493
8.70018 6004 1.0781 0.013913
8.70251 6018 1.2470 0.016074
8.70483 6032 1.1052 0.014230
8.70699 6045 1.2445 0.016006
8.70930 6059 0.7046 0.009052
8.71144 6072 0.9699 0.012448
8.71375 6086 0.6537 0.008379
8.71604 6100 0.8554 0.010952
8.71817 6113 1.3237 0.016931
8.72046 6127 1.3802 0.017632
8.72274 6141 1.7949 0.022904
8.72502 6155 1.7660 0.022510
8.72729 6169 2.3506 0.029928
8.72956 6183 1.8496 0.023523
8.73182 6197 1.7425 0.022136
8.73408 6211 1.7282 0.021929
8.73617 6224 1.3949 0.017681
8.73858 6239 1.6728 0.021178
8.74082 6253 1.6976 0.021468
8.74305 6267 1.0046 0.012690
8.74528 6281 0.9658 0.012186
8.74751 6295 1.3690 0.017255
8.74973 6309 1.1076 0.013945
8.75195 6323 1.4088 0.017716
8.75432 6338 0.8651 0.010867
8.75653 6352 1.0645 0.013356
8.75873 6366 0.8515 0.010673
8.76092 6380 0.8899 0.011141
8.76327 6395 0.9645 0.012060
8.76546 6409 0.4236 0.005292
8.76780 6424 0.0910 0.001135
8.76997 6438 -0.0630 -0.000785
8.77230 6453 -0.3420 -0.004258
8.77447 6467 -0.1190 -0.001479
8.77678 6482 0.0411 0.000511
8.77894 6496 -0.4051 -0.005026
8.78125 6511 -0.2856 -0.003540
8.78355 6526 -0.6557 -0.008116
8.78569 6540 -0.6960 -0.008606
8.78798 6555 -1.0485 -0.012951
8.79027 6570 -1.0954 -0.013515
8.79255 6585 -0.9202 -0.011340
8.79467 6599 -0.5407 -0.006656
8.79694 6614 -1.2873 -0.015829
8.79921 6629 -1.5536 -0.019082
8.80147 6644 -2.0960 -0.025714
8.80372 6659 -2.1391 -0.026213
8.80597 6674 -1.7984 -0.022013
8.80822 6689 -2.1704 -0.026538
8.81046 6704 -2.8019 -0.034221
8.81269 6719 -3.0158 -0.036792
8.81492 6734 -2.8855 -0.035163
8.81730 6750 -2.8097 -0.034199
8.81952 6765 -2.9357 -0.035692
8.82173 6780 -3.1505 -0.038262
8.82394 6795 -3.4453 -0.041796
8.82629 6811 -3.0924 -0.037470
8.82849 6826 -2.4667 -0.029857
8.83069 6841 -2.4125 -0.029168
8.83303 6857 -2.1387 -0.025827
8.83521 6872 -2.1420 -0.025839
8.83754 6888 -2.2024 -0.026537
8.83971 6903 -1.7515 -0.021081
8.84203 6919 -1.5432 -0.018552
8.84419 6934 -1.7058 -0.020485
8.84650 6950 -1.0664 -0.012792
8.84865 6965 -1.1313 -0.013556
8.85095 6981 -1.3317 -0.015938
8.85324 6997 -1.3520 -0.016163
8.85552 7013 -1.4736 -0.017597
8.85766 7028 -1.3880 -0.016557
8.85993 7044 -1.4046 -0.016735
8.86220 7060 -1.3752 -0.016366
8.86446 7076 -1.5647 -0.018601
8.86672 7092 -1.3741 -0.016317
8.86898 7108 -1.1437 -0.013565
8.87122 7124 -1.5719 -0.018624
8.87347 7140 -1.9240 -0.022769
8.87571 7156 -1.6149 -0.019090
8.87794 7172 -1.6507 -0.019491
8.88017 7188 -1.6420 -0.019367
8.88239 7204 -1.8622 -0.021940
8.88475 7221 -1.6769 -0.019733
8.88696 7237 -2.0722 -0.024358
8.88917 7253 -1.8940 -0.022240
8.89151 7270 -1.9682 -0.023083
8.89371 7286 -2.2337 -0.026169
8.89590 7302 -2.7798 -0.032530
8.89823 7319 -2.7265 -0.031869
8.90041 7335 -3.6496 -0.042614
8.90273 7352 -3.5704 -0.041641
8.90490 7368 -3.6325 -0.042319
8.90721 7385 -3.5092 -0.040835
8.90951 7402 -3.4099 -0.039634
8.91166 7418 -3.4980 -0.040614
8.91395 7435 -3.3976 -0.039404
8.91624 7452 -3.1015 -0.035928
8.91838 7468 -2.8998 -0.033556
8.92066 7485 -2.9248 -0.033806
8.92292 7502 -2.7081 -0.031266
8.92519 7519 -2.9678 -0.034226
8.92745 7536 -2.6861 -0.030942
8.92970 7553 -2.9461 -0.033899
8.93195 7570 -2.7146 -0.031200
8.93419 7587 -3.2880 -0.037749
8.93643 7604 -3.2381 -0.037134
8.93866 7621 -2.5785 -0.029536
8.94089 7638 -2.3441 -0.026822
8.94324 7656 -1.8866 -0.021561
8.94546 7673 -2.4247 -0.027681
8.94768 7690 -2.1395 -0.024398
8.94988 7707 -2.3562 -0.026840
8.95222 7725 -2.0965 -0.023853
8.95442 7742 -2.3904 -0.027167
8.95674 7760 -2.3042 -0.026157
8.95893 7777 -2.0719 -0.023494
8.96124 7795 -2.2325 -0.025286
8.96342 7812 -2.0061 -0.022697
8.96572 7830 -2.3407 -0.026453
8.96789 7847 -1.9845 -0.022403
8.97018 7865 -2.2559 -0.025437
8.97246 7883 -2.8150 -0.031705
8.97462 7900 -2.6867 -0.030228
8.97689 7918 -3.0191 -0.033928
8.97916 7936 -2.5712 -0.028863
8.98143 7954 -3.1450 -0.035264
8.98369 7972 -3.2725 -0.036652
8.98595 7990 -3.3965 -0.037997
8.98820 8008 -3.7445 -0.041844
8.99044 8026 -3.6256 -0.040470
8.99268 8044 -4.1771 -0.046573
8.99492 8062 -3.9259 -0.043724
8.99715 8080 -3.7070 -0.041240
8.99937 8098 -3.4958 -0.038847
9.00172 8117 -3.4987 -0.038834
9.00393 8135 -3.4943 -0.038742
9.00614 8153 -3.3720 -0.037345
9.00847 8172 -3.0631 -0.033884
9.01067 8190 -3.0370 -0.033559
9.01286 8208 -3.0375 -0.033527
9.01518 8227 -3.0417 -0.033535
9.01736 8245 -2.8950 -0.031882
9.01966 8264 -2.4023 -0.026426
9.02196 8283 -2.2107 -0.024290
9.02413 8301 -2.1935 -0.024075
9.02642 8320 -2.6185 -0.028708
9.02870 8339 -2.4761 -0.027115
9.03085 8357 -2.9668 -0.032454
9.03313 8376 -2.5269 -0.027610
9.03539 8395 -2.3842 -0.026021
9.03765 8414 -2.2143 -0.024139
9.03991 8433 -1.5146 -0.016493
9.04216 8452 -1.7094 -0.018593
9.04440 8471 -2.3322 -0.025339
9.04664 8490 -2.2206 -0.024100
9.04888 8509 -2.1587 -0.023402
9.05111 8528 -2.3982 -0.025970
9.05345 8548 -2.9802 -0.032234
9.05567 8567 -3.3688 -0.036397
9.05789 8586 -3.1115 -0.033579
9.06010 8605 -3.3944 -0.036593
9.06242 8625 -3.2123 -0.034589
9.06462 8644 -3.4829 -0.037461
9.06693 8664 -4.5480 -0.048861
9.06912 8683 -4.8747 -0.052313
9.07142 8703 -4.8217 -0.051686
9.07360 8722 -4.1742 -0.044695
9.07589 8742 -3.2068 -0.034297
9.07818 8762 -2.9986 -0.032034
9.08035 8781 -2.7219 -0.029047
9.08262 8801 -2.5131 -0.026788
9.08489 8821 -3.1329 -0.033357
9.08716 8841 -2.8630 -0.030448
9.08941 8861 -2.5095 -0.026659
9.09167 8881 -1.8336 -0.019456
9.09392 8901 -1.5207 -0.016119
9.09616 8921 -1.1519 -0.012195
9.09840 8941 -1.2392 -0.013105
9.10064 8961 -1.0248 -0.010826
9.10287 8981 -1.2481 -0.013170
9.10509 9001 -0.7468 -0.007872
9.10742 9022 -0.4469 -0.004706
9.10964 9042 -0.3227 -0.003393
9.11185 9062 0.1671 0.001755
9.11416 9083 0.6145 0.006447
9.11636 9103 -0.1147 -0.001202
9.11866 9124 -0.6434 -0.006736
9.12085 9144 -0.9032 -0.009446
9.12315 9165 -0.5843 -0.006103
9.12533 9185 -0.9030 -0.009422
9.12761 9206 -0.3909 -0.004074
9.12989 9227 -0.1531 -0.001594
9.13216 9248 -0.2087 -0.002170
9.13443 9269 -0.2171 -0.002255
9.13659 9289 -0.2147 -0.002228
9.13884 9310 -0.1635 -0.001694
9.14110 9331 0.1519 0.001572
9.14335 9352 -0.0741 -0.000767
9.14559 9373 -0.1492 -0.001541
9.14783 9394 0.1497 0.001545
9.15017 9416 0.7422 0.007649
9.15239 9437 1.0810 0.011127
9.15462 9458 1.5257 0.015688
9.15683 9479 1.1204 0.011507
9.15915 9501 1.2658 0.012986
9.16136 9522 2.0860 0.021378
9.16367 9544 2.2668 0.023203
9.16587 9565 2.4283 0.024829
9.16816 9587 3.2958 0.033661
9.17035 9608 3.1158 0.031788
9.17264 9630 2.6204 0.026703
9.17482 9651 2.4865 0.025310
9.17709 9673 2.4709 0.025123
9.17937 9695 2.1791 0.022131
9.18163 9717 1.6231 0.016466
9.18389 9739 1.7188 0.017417
9.18615 9761 1.5393 0.015580
9.18840 9783 1.3901 0.014054
9.19065 9805 1.4102 0.014241
9.19289 9827 1.1976 0.012081
9.19513 9849 0.8514 0.008579
9.19736 9871 1.2878 0.012962
9.19958 9893 1.5733 0.015818
9.20190 9916 0.8772 0.008809
9.20412 9938 0.4714 0.004729
9.20633 9960 0.4000 0.004008
9.20864 9983 0.2115 0.002117
9.21084 10005 -0.4827 -0.004826
9.21314 10028 -0.8525 -0.008514
9.21533 10050 -1.1778 -0.011749
9.21761 10073 -1.4406 -0.014353
9.21989 10096 -1.3541 -0.013476
9.22207 10118 -1.3655 -0.013576
9.22434 10141 -1.0245 -0.010173
9.22661 10164 -0.9484 -0.009407
9.22887 10187 -0.9260 -0.009175
9.23112 10210 -0.9974 -0.009871
9.23337 10233 -0.3522 -0.003481
9.23562 10256 -0.6950 -0.006863
9.23786 10279 -1.0117 -0.009979
9.24009 10302 -1.2045 -0.011868
9.24232 10325 -1.9524 -0.019215
9.24455 10348 -1.9487 -0.019156
9.24687 10372 -2.7227 -0.026734
9.24908 10395 -2.5511 -0.025022
9.25139 10419 -2.3057 -0.022589
9.25359 10442 -2.4235 -0.023716
9.25579 10465 -2.4846 -0.024288
9.25808 10489 -2.3719 -0.023159
9.26037 10513 -2.1174 -0.020651
9.26255 10536 -1.7710 -0.017254
9.26483 10560 -1.7030 -0.016572
9.26710 10584 -2.0830 -0.020248
9.26936 10608 -2.3975 -0.023278
9.27162 10632 -3.0515 -0.029594
9.27388 10656 -3.3517 -0.032469
9.27613 10680 -3.5913 -0.034751
9.27837 10704 -4.0072 -0.038732
9.28061 10728 -4.2412 -0.040947
9.28285 10752 -4.2972 -0.041442
9.28508 10776 -4.2327 -0.040774
9.28730 10800 -4.8389 -0.046562
9.28961 10825 -4.6791 -0.044973
9.29183 10849 -4.4679 -0.042895
9.29404 10873 -4.6875 -0.044954
9.29633 10898 -5.2926 -0.050699
9.29853 10922 -4.9915 -0.047762
9.30082 10947 -4.8726 -0.046571
9.30310 10972 -4.5832 -0.043755
9.30529 10996 -4.3727 -0.041700
9.30756 11021 -4.1138 -0.039186
9.30982 11046 -3.8069 -0.036222
9.31208 11071 -3.6739 -0.034917
9.31434 11096 -3.9865 -0.037845
9.31659 11121 -3.7262 -0.035334
9.31884 11146 -3.9311 -0.037235
9.32108 11171 -4.2218 -0.039944
9.32331 11196 -3.5446 -0.033499
9.32554 11221 -2.9986 -0.028307
9.32786 11247 -3.1113 -0.029338
9.33008 11272 -3.2896 -0.030985
9.33229 11297 -3.0680 -0.028865
9.33459 11323 -2.5245 -0.023724
9.33680 11348 -2.1997 -0.020649
9.33909 11374 -2.0247 -0.018985
9.34128 11399 -2.4630 -0.023069
9.34356 11425 -2.2877 -0.021403
9.34583 11451 -2.4880 -0.023250
9.34810 11477 -2.1651 -0.020210
9.35028 11502 -2.5383 -0.023668
9.35253 11528 -3.5542 -0.033103
9.35479 11554 -3.4254 -0.031867
9.35703 11580 -3.5636 -0.033116
9.35928 11606 -3.5856 -0.033283
9.36152 11632 -3.0665 -0.028432
9.36383 11659 -2.7449 -0.025421
9.36606 11685 -3.2919 -0.030454
9.36828 11711 -3.0368 -0.028062
9.37059 11738 -2.4971 -0.023048
9.37280 11764 -2.1016 -0.019376
9.37509 11791 -1.1039 -0.010166
9.37729 11817 -0.7629 -0.007018
9.37958 11844 -0.4472 -0.004109
9.38177 11870 -0.6088 -0.005588
9.38404 11897 -0.4410 -0.004043
9.38631 11924 -0.4478 -0.004101
9.38857 11951 -0.9245 -0.008457
9.39083 11978 -1.7992 -0.016440
9.39308 12005 -1.7012 -0.015527
9.39533 12032 -1.8996 -0.017318
9.39757 12059 -2.5632 -0.023341
9.39980 12086 -2.6646 -0.024237
9.40203 12113 -3.0334 -0.027562
9.40426 12140 -3.1161 -0.028281
9.40656 12168 -3.3618 -0.030477
9.40878 12195 -3.2499 -0.029429
9.41107 12223 -3.4676 -0.031365
9.41328 12250 -3.8685 -0.034952
9.41556 12278 -3.7906 -0.034210
9.41776 12305 -4.0968 -0.036932
9.42003 12333 -4.5073 -0.040587
9.42230 12361 -3.8725 -0.034831
9.42456 12389 -4.1349 -0.037149
9.42682 12417 -3.7321 -0.033492
9.42899 12444 -2.8683 -0.025712
9.43124 12472 -2.9267 -0.026207
9.43356 12501 -2.9427 -0.026319
9.43580 12529 -2.9903 -0.026715
9.43803 12557 -2.7666 -0.024689
9.44026 12585 -2.9026 -0.025874
9.44256 12614 -2.6747 -0.023815
9.44478 12642 -2.9321 -0.026078
9.44699 12670 -3.1934 -0.028371
9.44928 12699 -2.8574 -0.025357
9.45156 12728 -2.5598 -0.022690
9.45376 12756 -2.6227 -0.023222
9.45603 12785 -1.9203 -0.016983
9.45829 12814 -1.9517 -0.017241
9.46055 12843 -2.9017 -0.025605
9.46273 12871 -3.7490 -0.033046
9.46498 12900 -3.8371 -0.033784
9.46731 12930 -3.9597 -0.034823
9.46955 12959 -4.1271 -0.036254
9.47178 12988 -3.4915 -0.030637
9.47401 13017 -2.8987 -0.025406
9.47624 13046 -2.7241 -0.023850
9.47853 13076 -2.2486 -0.019665
9.48075 13105 -1.5310 -0.013373
9.48304 13135 -0.8446 -0.007370
9.48524 13164 -0.8801 -0.007671
9.48752 13194 -1.5343 -0.013358
9.48979 13224 -1.9552 -0.017003
9.49198 13253 -1.0169 -0.008833
9.49424 13283 -0.8703 -0.007551
9.49650 13313 -1.5990 -0.013858
9.49875 13343 -2.0747 -0.017961
9.50099 13373 -2.6394 -0.022824
9.50323 13403 -2.2735 -0.019638
9.50547 13433 -2.5536 -0.022033
9.50777 13464 -2.8411 -0.024485
9.51000 13494 -3.2570 -0.028038
9.51222 13524 -3.2517 -0.027961
9.51451 13555 -3.0699 -0.026367
9.51672 13585 -2.8668 -0.024596
9.51900 13616 -2.8193 -0.024161
9.52127 13647 -3.8596 -0.033039
9.52347 13677 -3.9988 -0.034193
9.52573 13708 -3.4349 -0.029338
9.52799 13739 -3.7967 -0.032391
9.53025 13770 -3.6004 -0.030682
9.53250 13801 -3.5466 -0.030189
9.53474 13832 -3.6275 -0.030844
9.53698 13863 -2.8598 -0.024289
9.53921 13894 -2.9651 -0.025155
9.54151 13926 -2.6718 -0.022641
9.54374 13957 -2.5300 -0.021415
9.54603 13989 -3.1654 -0.026763
9.54824 14020 -4.4506 -0.037588
9.55052 14052 -2.9755 -0.025101
9.55272 14083 -3.0336 -0.025563
9.55499 14115 -2.9763 -0.025052
9.55726 14147 -3.1871 -0.026795
9.55952 14179 -3.7291 -0.031317
9.56177 14211 -3.1432 -0.026367
9.56402 14243 -3.5280 -0.029562
9.56627 14275 -3.8896 -0.032555
9.56850 14307 -4.0683 -0.034012
9.57074 14339 -2.9629 -0.024743
9.57297 14371 -2.6616 -0.022202
9.57526 14404 -1.6999 -0.014164
9.57748 14436 -1.7060 -0.014199
9.57976 14469 -1.4419 -0.011987
9.58197 14501 -0.9399 -0.007805
9.58425 14534 -0.6192 -0.005136
9.58645 14566 -0.4201 -0.003480
9.58871 14599 -0.3581 -0.002964
9.59097 14632 0.0672 0.000556
9.59322 14665 -0.2322 -0.001917
9.59547 14698 -0.1600 -0.001320
9.59771 14731 -0.8829 -0.007275
9.59995 14764 -1.0454 -0.008604
9.60225 14798 -1.2097 -0.009945
9.60447 14831 -0.9615 -0.007895
9.60670 14864 -1.1334 -0.009297
9.60898 14898 -1.5892 -0.013020
9.61119 14931 -1.5381 -0.012588
9.61347 14965 -2.3972 -0.019596
9.61574 14999 -2.1538 -0.017586
9.61794 15032 -1.7846 -0.014556
9.62020 15066 -1.2277 -0.010002
9.62245 15100 -2.1169 -0.017227
9.62470 15134 -2.1174 -0.017212
9.62694 15168 -2.8530 -0.023165
9.62918 15202 -2.0789 -0.016861
9.63148 15237 -1.9738 -0.015990
9.63371 15271 -2.0798 -0.016830
9.63593 15305 -1.9462 -0.015732
9.63822 15340 -2.0892 -0.016868
9.64043 15374 -2.0281 -0.016357
9.64271 15409 -1.5082 -0.012150
9.64498 15444 -1.5894 -0.012790
9.64724 15479 -1.4331 -0.011518
9.64943 15513 -1.5331 -0.012309
9.65169 15548 -2.0563 -0.016491
9.65394 15583 -1.9278 -0.015443
9.65618 15618 -1.3049 -0.010442
9.65848 15654 -0.7976 -0.006375
9.66072 15689 -1.1063 -0.008833
9.66294 15724 -1.5726 -0.012541
9.66523 15760 -1.5527 -0.012369
9.66745 15795 -1.7964 -0.014294
9.66973 15831 -1.3037 -0.010361
9.67193 15866 -0.6234 -0.004949
9.67420 15902 -1.0179 -0.008072
9.67646 15938 -0.9717 -0.007697
9.67872 15974 -1.1524 -0.009118
9.68097 16010 -0.6259 -0.004947
9.68321 16046 -1.3935 -0.011001
9.68546 16082 -1.5468 -0.012198
9.68769 16118 -1.4163 -0.011156
9.68992 16154 -2.0578 -0.016191
9.69221 16191 -1.8682 -0.014682
9.69443 16227 -3.1208 -0.024499
9.69671 16264 -3.1496 -0.024697
9.69892 16300 -3.3812 -0.026483
9.70119 16337 -3.4678 -0.027131
9.70345 16374 -2.9779 -0.023272
9.70571 16411 -2.6573 -0.020743
9.70796 16448 -2.2136 -0.017260
9.71021 16485 -2.8602 -0.022277
9.71245 16522 -3.8666 -0.030082
9.71469 16559 -4.5325 -0.035223
9.71692 16596 -5.4412 -0.042237
9.71920 16634 -5.5223 -0.042817
9.72143 16671 -5.8166 -0.045049
9.72370 16709 -6.0025 -0.046436
9.72591 16746 -5.0524 -0.039043
9.72818 16784 -4.9762 -0.038411
9.73044 16822 -4.7238 -0.036421
9.73270 16860 -5.4022 -0.041605
9.73495 16898 -5.5213 -0.042474
9.73720 16936 -5.6244 -0.043218
9.73944 16974 -4.6037 -0.035336
9.74167 17012 -4.1961 -0.032172
9.74391 17050 -4.7102 -0.036072
9.74619 17089 -4.8704 -0.037257
9.74841 17127 -5.6414 -0.043107
9.75069 17166 -6.0099 -0.045870
9.75290 17204 -5.5896 -0.042616
9.75516 17243 -6.1443 -0.046792
9.75742 17282 -7.0114 -0.053335
9.75967 17321 -5.9018 -0.044844
9.76192 17360 -5.6472 -0.042861
9.76417 17399 -5.7124 -0.043307
9.76641 17438 -5.5118 -0.041739
9.76864 17477 -5.1128 -0.038675
9.77093 17517 -5.2517 -0.039680
9.77315 17556 -5.2976 -0.039982
9.77543 17596 -5.4125 -0.040803
9.77764 17635 -5.1725 -0.038950
9.77991 17675 -4.9133 -0.036956
9.78217 17715 -4.3927 -0.033004
9.78442 17755 -4.2509 -0.031902
9.78667 17795 -3.7141 -0.027842
9.78892 17835 -4.5132 -0.033794
9.79116 17875 -4.8321 -0.036142
9.79339 17915 -3.3485 -0.025017
9.79568 17956 -3.1977 -0.023863
9.79790 17996 -3.9765 -0.029643
9.80018 18037 -4.1165 -0.030651
9.80240 18077 -4.1327 -0.030738
9.80466 18118 -4.4809 -0.033289
9.80692 18159 -4.4087 -0.032716
9.80918 18200 -4.8539 -0.035979
9.81143 18241 -4.4668 -0.033073
9.81367 18282 -3.9586 -0.029277
9.81591 18323 -3.8237 -0.028248
9.81815 18364 -4.2069 -0.031044
9.82038 18405 -3.8501 -0.028380
9.82266 18447 -3.5222 -0.025933
9.82488 18488 -3.8278 -0.028151
9.82715 18530 -3.7343 -0.027433
9.82941 18572 -3.5863 -0.026316
9.83167 18614 -3.2208 -0.023607
9.83387 18655 -2.9158 -0.021348
9.83612 18697 -2.3779 -0.017390
9.83842 18740 -2.0085 -0.014672
9.84065 18782 -1.9103 -0.013939
9.84289 18824 -2.9686 -0.021637
9.84512 18866 -2.7559 -0.020065
9.84739 18909 -3.0647 -0.022287
9.84966 18952 -3.0202 -0.021939
9.85188 18994 -3.6135 -0.026219
9.85414 19037 -3.1579 -0.022888
9.85640 19080 -3.8290 -0.027720
9.85865 19123 -3.8514 -0.027851
9.86089 19166 -3.8754 -0.027993
9.86313 19209 -4.1579 -0.030000
9.86537 19252 -4.0475 -0.029171
9.86765 19296 -3.9648 -0.028542
9.86988 19339 -4.5241 -0.032533
9.87215 19383 -5.0176 -0.036040
9.87437 19426 -5.7410 -0.041190
9.87663 19470 -4.7586 -0.034103
9.87889 19514 -4.8676 -0.034845
9.88114 19558 -4.3036 -0.030773
9.88339 19602 -3.3945 -0.024245
9.88563 19646 -3.8608 -0.027545
9.88787 19690 -3.4954 -0.024910
9.89015 19735 -3.6753 -0.026162
9.89238 19779 -4.0262 -0.028628
9.89465 19824 -3.3159 -0.023551
9.89687 19868 -2.5960 -0.018417
9.89913 19913 -2.4089 -0.017071
9.90139 19958 -2.4808 -0.017561
9.90364 20003 -2.5524 -0.018047
9.90588 20048 -2.3411 -0.016534
9.90813 20093 -2.2836 -0.016110
9.91036 20138 -3.2389 -0.022824
9.91260 20183 -2.5284 -0.017797
9.91487 20229 -3.0995 -0.021792
9.91709 20274 -2.8982 -0.020354
9.91936 20320 -3.6999 -0.025955
9.92162 20366 -2.8102 -0.019691
9.92388 20412 -2.9332 -0.020530
9.92613 20458 -2.4232 -0.016942
9.92838 20504 -2.8196 -0.019691
9.93062 20550 -2.6082 -0.018194
9.93285 20596 -3.1369 -0.021858
9.93513 20643 -2.4814 -0.017270
9.93736 20689 -2.8114 -0.019546
9.93963 20736 -3.1436 -0.021830
9.94184 20782 -3.3846 -0.023478
9.94410 20829 -1.9284 -0.013362
9.94636 20876 -2.4133 -0.016703
9.94860 20923 -2.5609 -0.017704
9.95085 20970 -1.8101 -0.012500
9.95309 21017 -1.4018 -0.009669
9.95537 21065 -1.6033 -0.011047
9.95760 21112 -1.1880 -0.008176
9.95987 21160 -1.4669 -0.010084
9.96209 21207 -0.8642 -0.005934
9.96435 21255 -0.3925 -0.002692
9.96660 21303 0.7320 0.005015
9.96885 21351 1.1933 0.008167
9.97110 21399 1.0787 0.007374
9.97334 21447 0.6677 0.004560
9.97558 21495 -0.4027 -0.002747
9.97785 21544 -0.4576 -0.003118
9.98008 21592 -0.8686 -0.005911
9.98234 21641 -0.6081 -0.004133
9.98461 21690 -1.4281 -0.009696
9.98686 21739 -1.2541 -0.008506
9.98907 21787 -1.2528 -0.008488
9.99136 21837 -3.0625 -0.020724
9.99360 21886 -3.8915 -0.026305
9.99584 21935 -3.9226 -0.026485
9.99807 21984 -2.5862 -0.017442
10.00034 22034 -2.2217 -0.014967
10.00261 22084 -1.7406 -0.011713
10.00482 22133 -2.0816 -0.013992
10.00708 22183 -2.1089 -0.014160
10.00933 22233 -2.4375 -0.016347
10.01158 22283 -2.3910 -0.016017
10.01382 22333 -1.6925 -0.011325
10.01610 22384 -1.7868 -0.011943
10.01833 22434 -1.9683 -0.013141
10.02056 22484 -2.6944 -0.017969
10.02282 22535 -2.7370 -0.018232
10.02509 22586 -2.7753 -0.018467
10.02734 22637 -2.5728 -0.017100
10.02959 22688 -2.6024 -0.017277
10.03184 22739 -2.2034 -0.014612
10.03408 22790 -1.0334 -0.006845
10.03631 22841 -2.3109 -0.015291
10.03859 22893 -2.4315 -0.016070
10.04081 22944 -2.3237 -0.015341
10.04308 22996 -2.1487 -0.014169
10.04533 23048 -1.7220 -0.011342
10.04759 23100 -1.4752 -0.009706
10.04984 23152 -1.8170 -0.011942
10.05208 23204 -2.9963 -0.019670
10.05432 23256 -2.2415 -0.014698
10.05655 23308 -2.2596 -0.014800
10.05882 23361 -2.9734 -0.019454
10.06105 23413 -2.6673 -0.017432
10.06331 23466 -3.3393 -0.021799
10.06556 23519 -3.7692 -0.024578
10.06781 23572 -3.2172 -0.020955
10.07006 23625 -4.1534 -0.027022
10.07230 23678 -3.2873 -0.021363
10.07458 23732 -3.1494 -0.020444
10.07681 23785 -3.4230 -0.022195
10.07908 23839 -4.0410 -0.026172
10.08130 23892 -3.9450 -0.025522
10.08356 23946 -3.5276 -0.022796
10.08581 24000 -3.1370 -0.020249
10.08806 24054 -3.4515 -0.022255
10.09030 24108 -3.0065 -0.019364
10.09254 24162 -3.7063 -0.023844
10.09481 24217 -2.3513 -0.015109
10.09704 24271 -2.4955 -0.016018
10.09930 24326 -3.5686 -0.022880
10.10156 24381 -3.8929 -0.024932
10.10381 24436 -4.3725 -0.027971
10.10606 24491 -4.0360 -0.025790
10.10830 24546 -4.3354 -0.027672
10.11054 24601 -4.5273 -0.028864
10.11282 24657 -4.2690 -0.027186
10.11504 24712 -4.6233 -0.029410
10.11731 24768 -4.1245 -0.026207
10.11957 24824 -3.4106 -0.021647
10.12178 24879 -3.2194 -0.020411
10.12403 24935 -2.5204 -0.015961
10.12631 24992 -3.6547 -0.023118
10.12855 25048 -3.3454 -0.021138
10.13078 25104 -3.6942 -0.023315
10.13305 25161 -2.6838 -0.016919
10.13527 25217 -2.1953 -0.013824
10.13753 25274 -1.7303 -0.010884
10.13978 25331 -1.4215 -0.008931
10.14203 25388 -1.5412 -0.009673
10.14427 25445 -2.2107 -0.013859
10.14655 25503 -2.6141 -0.016369
10.14878 25560 -2.8449 -0.017794
10.15105 25618 -1.1135 -0.006957
10.15327 25675 -0.3963 -0.002473
10.15553 25733 -0.2090 -0.001303
10.15778 25791 -0.7336 -0.004568
10.16003 25849 -1.2849 -0.007992
10.16227 25907 -1.2576 -0.007813
10.16454 25966 -0.4361 -0.002706
10.16677 26024 -0.4028 -0.002497
10.16904 26083 -0.3941 -0.002440
10.17126 26141 1.1632 0.007194
10.17351 26200 1.9491 0.012042
10.17576 26259 2.4674 0.015226
10.17801 26318 2.2371 0.013790
10.18029 26378 2.0126 0.012392
10.18252 26437 2.0737 0.012754
10.18479 26497 2.3101 0.014192
10.18701 26556 2.2512 0.013814
10.18927 26616 2.8391 0.017402
10.19152 26676 2.7840 0.017045
10.19377 26736 2.3167 0.014169
10.19601 26796 1.9929 0.012175
10.19828 26857 1.8470 0.011270
10.20051 26917 1.1463 0.006987
10.20278 26978 2.4333 0.014815
10.20500 27038 2.2169 0.013482
10.20725 27099 2.1486 0.013052
10.20950 27160 2.3664 0.014359
10.21178 27222 1.1599 0.007030
10.21402 27283 2.7026 0.016362
10.21625 27344 3.4635 0.020945
10.21852 27406 3.8553 0.023288
10.22078 27468 3.0032 0.018120
10.22300 27529 2.5100 0.015128
10.22524 27591 2.1163 0.012741
10.22753 27654 2.6436 0.015897
10.22977 27716 2.2139 0.013298
10.23200 27778 2.8287 0.016972
10.23427 27841 1.5664 0.009388
10.23649 27903 0.4752 0.002844
10.23874 27966 0.6765 0.004045
10.24099 28029 -1.2060 -0.007203
10.24324 28092 -2.5074 -0.014960
10.24552 28156 -2.7785 -0.016559
10.24775 28219 -1.2623 -0.007514
10.25002 28283 -1.1567 -0.006878
10.25224 28346 -1.8923 -0.011239
10.25450 28410 -2.4458 -0.014511
10.25675 28474 -2.3190 -0.013743
10.25899 28538 -2.2053 -0.013055
10.26123 28602 -3.2142 -0.019005
10.26350 28667 -3.9603 -0.023391
10.26573 28731 -4.1020 -0.024201
10.26799 28796 -4.4932 -0.026478
10.27025 28861 -4.5649 -0.026871
10.27250 28926 -4.8820 -0.028705
10.27474 28991 -4.2899 -0.025195
10.27698 29056 -3.7640 -0.022082
10.27925 29122 -2.5689 -0.015054
10.28148 29187 -1.7695 -0.010357
10.28374 29253 -1.3650 -0.007981
10.28599 29319 -0.3024 -0.001766
10.28824 29385 -1.1230 -0.006551
10.29048 29451 -1.1517 -0.006711
10.29272 29517 -1.4957 -0.008706
10.29499 29584 -0.9758 -0.005673
10.29722 29650 -1.7263 -0.010026
10.29947 29717 -1.4013 -0.008129
10.30173 29784 -1.3346 -0.007733
10.30397 29851 -1.4790 -0.008561
10.30622 29918 -1.7922 -0.010362
10.30849 29986 -1.8548 -0.010711
10.31072 30053 -2.8900 -0.016671
10.31298 30121 -3.3308 -0.019191
10.31523 30189 -3.4447 -0.019826
10.31748 30257 -4.1742 -0.023997
10.31973 30325 -4.7114 -0.027055
10.32197 30393 -5.6018 -0.032132
10.32424 30462 -5.5281 -0.031674
10.32647 30530 -5.0200 -0.028730
10.32872 30599 -5.5687 -0.031835
10.33098 30668 -4.8619 -0.027763
10.33322 30737 -5.2839 -0.030139
10.33546 30806 -4.2151 -0.024015
10.33773 30876 -4.2796 -0.024355
10.33997 30945 -4.8500 -0.027571
10.34223 31015 -6.3896 -0.036281
10.34448 31085 -6.7195 -0.038112
10.34673 31155 -5.8583 -0.033190
10.34897 31225 -6.1587 -0.034853
10.35121 31295 -6.5168 -0.036838
10.35345 31365 -6.7771 -0.038267
10.35571 31436 -7.0003 -0.039482
10.35797 31507 -7.2291 -0.040727
10.36022 31578 -7.4215 -0.041763
10.36246 31649 -7.4250 -0.041737
10.36470 31720 -8.2656 -0.046410
10.36697 31792 -8.7940 -0.049321
10.36920 31863 -8.7240 -0.048873
10.37146 31935 -8.1766 -0.045755
10.37371 32007 -8.9177 -0.049846
10.37596 32079 -8.6244 -0.048153
10.37820 32151 -7.7912 -0.043452
10.38047 32224 -8.3058 -0.046269
10.38270 32296 -8.9300 -0.049691
10.38496 32369 -10.4327 -0.057987
10.38721 32442 -10.1574 -0.056393
10.38946 32515 -9.5158 -0.052772
10.39170 32588 -7.6274 -0.042252
10.39394 32661 -7.2431 -0.040079
10.39620 32735 -6.9405 -0.038361
10.39846 32809 -7.2118 -0.039815
10.40071 32883 -6.2694 -0.034573
10.40296 32957 -5.6600 -0.031178
10.40520 33031 -4.8942 -0.026929
10.40744 33105 -4.8476 -0.026643
10.40970 33180 -5.2564 -0.028857
10.41193 33254 -4.7873 -0.026253
10.41418 33329 -4.7574 -0.026059
10.41643 33404 -4.5303 -0.024787
10.41870 33480 -4.1968 -0.022936
10.42094 33555 -3.4990 -0.019101
10.42320 33631 -3.3671 -0.018361
10.42543 33706 -4.2021 -0.022888
10.42768 33782 -4.0010 -0.021768
10.42993 33858 -2.4057 -0.013074
10.43217 33934 -1.4201 -0.007709
10.43444 34011 -0.5846 -0.003170
10.43667 34087 -0.4056 -0.002197
10.43893 34164 0.4891 0.002646
10.44118 34241 0.6876 0.003716
10.44343 34318 0.6113 0.003300
10.44567 34395 0.6534 0.003523
10.44793 34473 1.4495 0.007807
10.45019 34551 2.1028 0.011313
10.45242 34628 2.2411 0.012043
10.45467 34706 2.3449 0.012587
10.45691 34784 2.3777 0.012749
10.45918 34863 1.9414 0.010398
10.46142 34941 1.3549 0.007248
10.46367 35020 -0.4864 -0.002599
10.46593 35099 -0.3175 -0.001695
10.46818 35178 0.3197 0.001704
10.47042 35257 -0.6850 -0.003648
10.47266 35336 -0.5763 -0.003066
10.47492 35416 -0.8424 -0.004476
10.47718 35496 1.5852 0.008414
10.47943 35576 1.0428 0.005529
10.48167 35656 2.1256 0.011257
10.48391 35736 2.2475 0.011889
10.48618 35817 1.1139 0.005886
10.48841 35897 1.0718 0.005657
10.49066 35978 1.3842 0.007298
10.49291 36059 2.5436 0.013395
10.49516 36140 3.1800 0.016728
10.49742 36222 2.6749 0.014055
10.49966 36303 2.7575 0.014472
10.50191 36385 0.8412 0.004410
10.50416 36467 1.9131 0.010018
10.50641 36549 0.8197 0.004287
10.50865 36631 -0.2339 -0.001222
10.51091 36714 -0.2953 -0.001541
10.51314 36796 -0.7142 -0.003723
10.51540 36879 -0.4049 -0.002108
10.51765 36962 0.3503 0.001822
10.51992 37046 0.3024 0.001571
10.52215 37129 1.8999 0.009860
10.52441 37213 1.7214 0.008924
10.52664 37296 0.9585 0.004963
10.52889 37380 -0.8670 -0.004485
10.53116 37465 -1.1278 -0.005827
10.53340 37549 -1.5694 -0.008099
10.53564 37633 -2.6360 -0.013588
10.53789 37718 -2.3738 -0.012223
10.54014 37803 -2.4174 -0.012433
10.54239 37888 -3.1235 -0.016047
10.54466 37974 -4.3945 -0.022551
10.54689 38059 -4.3101 -0.022093
10.54915 38145 -4.3351 -0.022196
10.55140 38231 -2.5172 -0.012874
10.55365 38317 -2.3557 -0.012035
10.55589 38403 -2.5062 -0.012789
10.55815 38490 -2.9468 -0.015020
10.56039 38576 -3.5136 -0.017890
10.56264 38663 -4.2662 -0.021697
10.56489 38750 -4.6037 -0.023387
10.56713 38837 -4.4940 -0.022804
10.56939 38925 -4.0519 -0.020537
10.57162 39012 -4.8705 -0.024659
10.57388 39100 -4.4711 -0.022611
10.57613 39188 -3.8265 -0.019330
10.57839 39277 -4.2890 -0.021641
10.58063 39365 -3.6412 -0.018352
10.58289 39454 -4.0840 -0.020561
10.58512 39542 -2.7479 -0.013819
10.58739 39632 -2.8956 -0.014545
10.58964 39721 -1.9054 -0.009560
10.59187 39810 -2.0322 -0.010185
10.59413 39900 -3.3540 -0.016791
10.59638 39990 -3.8952 -0.019478
10.59863 40080 -3.6980 -0.018471
10.60088 40170 -3.9247 -0.019582
10.60311 40260 -4.3829 -0.021844
10.60537 40351 -4.0928 -0.020375
10.60762 40442 -4.0005 -0.019893
10.60987 40533 -2.5662 -0.012746
10.61211 40624 -2.4499 -0.012155
10.61438 40716 -1.8782 -0.009308
10.61661 40807 -0.9665 -0.004785
10.61886 40899 0.0882 0.000436
10.62111 40991 -0.1938 -0.000957
10.62337 41084 -0.1272 -0.000627
10.62561 41176 -0.7922 -0.003904
10.62787 41269 -2.3016 -0.011330
10.63012 41362 -2.4187 -0.011893
10.63236 41455 -1.8685 -0.009177
10.63460 41548 -2.0751 -0.010180
10.63686 41642 -1.4994 -0.007348
10.63912 41736 -1.0749 -0.005261
10.64137 41830 -1.1628 -0.005685
10.64361 41924 -2.2636 -0.011055
10.64585 42018 -3.2521 -0.015865
10.64811 42113 -4.4402 -0.021637
10.65037 42208 -5.1895 -0.025260
10.65261 42303 -5.2722 -0.025633
10.65486 42398 -6.1140 -0.029693
10.65709 42493 -5.6508 -0.027413
10.65935 42589 -4.3775 -0.021212
10.66160 42685 -3.9758 -0.019244
10.66385 42781 -3.4676 -0.016765
10.66609 42877 -1.9694 -0.009511
10.66835 42974 -3.5738 -0.017240
10.67061 43071 -4.8681 -0.023456
10.67285 43168 -4.6859 -0.022554
10.67510 43265 -5.1819 -0.024913
10.67734 43362 -4.8507 -0.023294
10.67960 43460 -5.7813 -0.027732
10.68185 43558 -5.5957 -0.026811
10.68410 43656 -4.1422 -0.019825
10.68634 43754 -4.0956 -0.019580
10.68860 43853 -4.4384 -0.021195
10.69085 43952 -4.5342 -0.021628
10.69310 44051 -4.1320 -0.019687
10.69535 44150 -4.1283 -0.019647
10.69759 44249 -3.5144 -0.016707
10.69985 44349 -3.6632 -0.017395
10.70210 44449 -4.6306 -0.021964
10.70434 44549 -4.5385 -0.021503
10.70659 44649 -4.7450 -0.022456
10.70885 44750 -5.4565 -0.025794
10.71108 44850 -5.5290 -0.026107
10.71333 44951 -4.8873 -0.023051
10.71559 45053 -3.6764 -0.017321
10.71783 45154 -2.0022 -0.009423
10.72009 45256 -2.6729 -0.012564
10.72234 45358 -1.5945 -0.007487
10.72459 45460 -1.2114 -0.005681
10.72683 45562 -1.5365 -0.007198
10.72909 45665 0.4415 0.002066
10.73132 45767 1.3054 0.006102
10.73359 45871 0.0934 0.000436
10.73583 45974 0.6460 0.003013
10.73807 46077 0.5531 0.002577
10.74032 46181 1.2328 0.005737
10.74257 46285 0.6443 0.002995
10.74482 46389 0.3709 0.001722
10.74708 46494 0.8823 0.004092
10.74931 46598 1.3885 0.006432
10.75156 46703 2.3893 0.011056
10.75383 46809 1.8429 0.008518
10.75607 46914 1.3139 0.006066
10.75833 47020 1.7509 0.008075
10.76056 47125 2.9233 0.013466
10.76283 47232 2.6844 0.012352
10.76507 47338 2.0057 0.009218
10.76733 47445 0.3188 0.001463
10.76956 47551 -0.1108 -0.000508
10.77181 47658 -0.7323 -0.003354
10.77407 47766 -0.4266 -0.001952
10.77631 47873 -0.1523 -0.000696
10.77856 47981 -0.1449 -0.000661
10.78081 48089 0.2655 0.001211
10.78305 48197 -0.1803 -0.000821
10.78531 48306 -0.8197 -0.003729
10.78756 48415 -2.0377 -0.009261
10.78981 48524 -3.0672 -0.013924
10.79206 48633 -2.6168 -0.011866
10.79430 48742 -2.1668 -0.009814
10.79655 48852 -1.4638 -0.006623
10.79880 48962 -1.6226 -0.007333
10.80104 49072 -0.0808 -0.000365
10.80330 49183 0.1742 0.000785
10.80556 49294 1.1658 0.005251
10.80781 49405 0.6299 0.002834
10.81005 49516 0.7480 0.003361
10.81229 49627 2.1925 0.009842
10.81454 49739 1.4055 0.006302
10.81679 49851 2.6410 0.011829
10.81904 49963 1.2746 0.005702
10.82130 50076 0.4246 0.001898
10.82355 50189 0.7394 0.003300
10.82580 50302 1.0246 0.004568
10.82804 50415 0.5205 0.002318
10.83030 50529 0.3831 0.001704
10.83254 50642 2.5533 0.011346
10.83479 50756 3.1260 0.013876
10.83705 50871 2.0573 0.009122
10.83929 50985 2.9007 0.012846
10.84154 51100 0.6109 0.002702
10.84379 51215 0.3462 0.001530
10.84603 51330 1.3738 0.006064
10.84829 51446 2.0388 0.008989
10.85054 51562 2.4689 0.010873
10.85279 51678 2.6155 0.011505
10.85503 51794 1.3624 0.005986
10.85729 51911 1.1665 0.005120
10.85954 52028 2.3480 0.010294
10.86178 52145 2.5587 0.011205
10.86402 52262 2.3655 0.010347
10.86628 52380 1.6770 0.007327
10.86853 52498 1.8432 0.008045
10.87078 52616 2.7989 0.012202
10.87303 52735 4.2220 0.018385
10.87527 52853 4.4319 0.019278
10.87752 52972 3.5845 0.015574
10.87978 53092 1.7812 0.007730
10.88202 53211 3.3463 0.014507
10.88427 53331 2.9605 0.012820
10.88652 53451 3.2801 0.014188
10.88876 53571 2.1300 0.009203
10.89102 53692 1.5534 0.006704
10.89327 53813 2.0946 0.009030
10.89552 53934 2.4866 0.010707
10.89778 54056 2.8153 0.012109
10.90001 54177 1.3969 0.006002
10.90226 54299 0.2348 0.001008
10.90452 54422 0.2799 0.001200
10.90676 54544 -1.2055 -0.005162
10.90902 54667 -0.7930 -0.003392
10.91126 54790 -1.7982 -0.007682
10.91351 54913 -2.9233 -0.012475
10.91576 55037 -3.0175 -0.012862
10.91801 55161 -3.3484 -0.014257
10.92026 55285 -4.0782 -0.017345
10.92252 55410 -5.1777 -0.021996
10.92475 55534 -3.3539 -0.014232
10.92702 55660 -2.1980 -0.009317
10.92926 55785 -0.3530 -0.001495
10.93150 55910 -0.2795 -0.001182
10.93375 56036 -0.1796 -0.000759
10.93601 56163 0.3571 0.001507
10.93825 56289 1.3737 0.005790
10.94051 56416 2.7149 0.011430
10.94276 56543 3.7856 0.015920
10.94500 56670 3.0197 0.012685
10.94726 56798 3.3324 0.013983
10.94951 56926 3.7230 0.015604
10.95175 57054 1.5999 0.006698
10.95399 57182 0.7158 0.002993
10.95625 57311 1.0185 0.004254
10.95850 57440 1.0386 0.004334
10.96074 57569 3.3879 0.014120
10.96300 57699 4.7456 0.019757
10.96525 57829 4.0736 0.016940
10.96749 57959 3.8541 0.016009
10.96975 58090 4.6520 0.019302
10.97198 58220 4.2521 0.017623
10.97425 58352 4.7672 0.019735
10.97649 58483 6.0180 0.024885
10.97875 58615 6.5885 0.027213
10.98100 58747 5.9474 0.024538
10.98324 58879 5.1973 0.021419
10.98548 59011 5.1035 0.021009
10.98773 59144 5.8880 0.024211
10.98999 59278 6.0610 0.024894
10.99223 59411 6.4054 0.026279
10.99449 59545 4.2669 0.017486
10.99674 59679 3.4509 0.014126
10.99898 59813 4.5819 0.018735
11.00123 59948 4.8959 0.019996
11.00348 60083 6.3510 0.025910
11.00573 60218 5.9082 0.024077
11.00798 60354 5.7076 0.023233
11.01023 60490 6.5250 0.026530
11.01248 60626 7.0603 0.028674
11.01472 60762 6.4562 0.026191
11.01697 60899 6.2543 0.025344
11.01922 61036 4.6198 0.018699
11.02148 61174 6.4912 0.026245
11.02373 61312 8.1115 0.032759
11.02598 61450 6.9943 0.028215
11.02822 61588 7.2447 0.029193
11.03048 61727 5.4248 0.021835
11.03273 61866 4.6999 0.018896
11.03497 62005 3.9634 0.015917
11.03723 62145 4.9535 0.019871
11.03946 62284 4.1471 0.016617
11.04172 62425 2.1459 0.008589
11.04396 62565 0.8750 0.003498
11.04621 62706 -0.1589 -0.000635
11.04846 62847 -0.5712 -0.002278
11.05072 62989 0.2919 0.001163
11.05297 63131 1.0515 0.004185
11.05521 63273 0.6792 0.002700
11.05746 63415 0.8626 0.003426
11.05971 63558 0.2371 0.000940
11.06196 63701 0.4227 0.001675
11.06421 63845 0.8607 0.003406
11.06645 63988 0.7407 0.002928
11.06871 64133 0.6432 0.002540
11.07096 64277 -0.7100 -0.002801
11.07321 64422 -1.5630 -0.006158
11.07546 64567 -3.1239 -0.012294
11.07770 64712 -2.7684 -0.010883
11.07996 64858 -3.0702 -0.012056
11.08220 65004 -2.6640 -0.010449
11.08445 65150 -3.5209 -0.013794
11.08670 65297 -3.1974 -0.012513
11.08895 65444 -3.3943 -0.013268
11.09119 65591 -2.6334 -0.010283
11.09345 65739 -3.5913 -0.014007
11.09570 65887 -4.1882 -0.016316
11.09794 66035 -4.5728 -0.017795
11.10019 66184 -4.1558 -0.016154
11.10244 66333 -4.3598 -0.016928
11.10470 66483 -3.4913 -0.013540
11.10694 66632 -4.9496 -0.019175
11.10919 66782 -5.5820 -0.021600
11.11145 66933 -5.7681 -0.022295
11.11369 67083 -6.9640 -0.026888
11.11593 67234 -7.5011 -0.028929
11.11819 67386 -5.6702 -0.021843
11.12045 67538 -3.9227 -0.015094
11.12269 67690 -4.2968 -0.016515
11.12494 67842 -3.4866 -0.013386
11.12719 67995 -3.5918 -0.013774
11.12944 68148 -2.2718 -0.008703
11.13168 68301 -3.2113 -0.012287
11.13393 68455 -4.4286 -0.016926
11.13618 68609 -5.0519 -0.019287
11.13844 68764 -3.1513 -0.012017
11.14069 68919 -3.5138 -0.013385
11.14293 69074 -2.4136 -0.009184
11.14518 69229 -4.1066 -0.015608
11.14743 69385 -4.0906 -0.015529
11.14967 69541 -3.5150 -0.013329
11.15193 69698 -4.8780 -0.018477
11.15418 69855 -5.4406 -0.020585
11.15642 70012 -4.8490 -0.018326
11.15868 70170 -4.5352 -0.017121
11.16093 70328 -4.8407 -0.018253
11.16317 70486 -4.3287 -0.016304
11.16542 70645 -4.0255 -0.015145
11.16767 70804 -4.0731 -0.015307
11.16991 70963 -3.8417 -0.014422
11.17217 71123 -3.3241 -0.012464
11.17441 71283 -3.8812 -0.014537
11.17667 71444 -6.3075 -0.023598
11.17892 71605 -5.3573 -0.020020
11.18117 71766 -5.2255 -0.019506
11.18342 71928 -5.6796 -0.021177
11.18567 72090 -6.7524 -0.025149
11.18792 72252 -5.9909 -0.022288
11.19017 72415 -3.6988 -0.013745
11.19242 72578 -2.7730 -0.010293
11.19466 72741 -2.1449 -0.007953
11.19691 72905 -1.1168 -0.004136
11.19916 73069 0.8395 0.003106
11.20142 73234 -1.1144 -0.004118
11.20365 73398 -0.8884 -0.003279
11.20591 73564 -1.5803 -0.005827
11.20815 73729 -0.5316 -0.001958
11.21040 73895 -0.9038 -0.003325
11.21266 74062 -0.0907 -0.000333
11.21491 74229 -0.8103 -0.002974
11.21716 74396 1.8110 0.006640
11.21940 74563 1.7380 0.006365
11.22165 74731 0.5673 0.002075
11.22390 74899 -0.0538 -0.000196
11.22615 75068 0.7459 0.002722
11.22840 75237 1.1944 0.004355
11.23064 75406 -0.2233 -0.000813
11.23289 75576 -1.3419 -0.004881
11.23514 75746 -0.9033 -0.003282
11.23740 75917 1.3345 0.004843
11.23965 76088 1.1015 0.003993
11.24189 76259 0.0064 0.000023
11.24414 76431 0.6238 0.002256
11.24639 76603 0.4903 0.001771
11.24865 76776 -0.4823 -0.001741
11.25089 76948 -0.2077 -0.000749
11.25314 77122 -1.2021 -0.004329
11.25538 77295 -1.1593 -0.004170
11.25763 77469 -0.3624 -0.001302
11.25989 77644 -1.5844 -0.005686
11.26214 77819 -1.3094 -0.004694
11.26439 77994 -0.0815 -0.000292
11.26664 78170 -1.1205 -0.004008
11.26889 78346 -2.0634 -0.007372
11.27113 78522 -2.8687 -0.010237
11.27339 78699 -4.2892 -0.015289
11.27563 78876 -3.1933 -0.011370
11.27789 79054 -3.0616 -0.010889
11.28014 79232 -3.9461 -0.014019
11.28238 79410 -3.1166 -0.011060
11.28463 79589 -1.4244 -0.005049
11.28688 79768 -1.5687 -0.005554
11.28913 79948 1.4903 0.005271
11.29138 80128 -0.0107 -0.000038
11.29362 80308 -0.6524 -0.002302
11.29588 80489 -1.3418 -0.004730
11.29812 80670 -1.9261 -0.006781
11.30038 80852 -2.1780 -0.007660
11.30262 81034 -3.4601 -0.012155
11.30487 81216 -4.5769 -0.016060
11.30712 81399 -4.7055 -0.016493
11.30936 81582 -5.1841 -0.018150
11.31162 81766 -4.7001 -0.016437
11.31386 81950 -4.0179 -0.014035
11.31612 82135 -4.2950 -0.014987
11.31837 82320 -3.3128 -0.011546
11.32061 82505 -1.5180 -0.005285
11.32287 82691 -3.3730 -0.011730
11.32511 82877 -3.6856 -0.012803
11.32737 83064 -1.4180 -0.004920
11.32962 83251 -1.8201 -0.006308
11.33186 83438 -2.0109 -0.006962
11.33411 83626 -0.9914 -0.003428
11.33636 83814 0.5519 0.001906
11.33861 84003 0.6584 0.002272
11.34086 84192 0.1081 0.000373
11.34311 84382 -0.8933 -0.003075
11.34536 84572 0.2682 0.000922
11.34760 84762 -2.3011 -0.007904
11.34985 84953 -0.3302 -0.001133
11.35210 85144 0.7260 0.002488
11.35435 85336 -0.1991 -0.000682
11.35660 85528 1.4246 0.004871
11.35885 85721 0.4685 0.001600
11.36110 85914 1.6100 0.005493
11.36335 86107 0.1716 0.000585
11.36560 86301 1.8332 0.006240
11.36785 86496 1.5650 0.005321
11.37009 86690 3.0912 0.010499
11.37235 86886 4.5723 0.015512
11.37459 87081 4.6470 0.015747
11.37684 87277 3.6788 0.012452
11.37910 87474 2.5375 0.008580
11.38135 87671 3.2408 0.010945
11.38359 87868 3.3010 0.011136
11.38584 88066 3.6995 0.012466
11.38809 88264 2.4269 0.008169
11.39034 88463 4.5031 0.015140
11.39259 88662 3.4394 0.011551
11.39484 88862 3.7695 0.012645
11.39709 89062 6.8079 0.022812
11.39934 89263 8.4615 0.028321
11.40159 89464 8.3497 0.027916
11.40384 89665 5.5107 0.018403
11.40609 89867 4.8835 0.016291
11.40833 90069 1.6826 0.005606
11.41058 90272 1.4829 0.004935
11.41283 90475 1.5040 0.005000
11.41508 90679 0.9899 0.003287
11.41733 90883 1.6508 0.005476
11.41958 91088 2.4790 0.008214
11.42183 91293 2.0902 0.006918
11.42408 91499 4.4623 0.014752
11.42633 91705 4.7085 0.015548
11.42858 91911 6.1047 0.020136
11.43083 92118 6.2415 0.020564
11.43307 92325 5.0040 0.016469
11.43532 92533 5.3099 0.017456
11.43758 92742 5.4901 0.018028
11.43982 92950 4.8340 0.015856
11.44207 93160 7.1764 0.023512
11.44433 93370 8.0875 0.026467
11.44657 93580 7.3879 0.024151
11.44882 93791 8.1743 0.026691
11.45107 94002 10.1026 0.032951
11.45331 94213 9.0930 0.029625
11.45556 94425 7.4031 0.024092
11.45781 94638 8.3319 0.027084
11.46006 94851 6.7404 0.021886
11.46232 95065 5.4713 0.017745
11.46456 95279 2.1402 0.006933
11.46681 95493 5.0072 0.016204
11.46906 95708 3.9215 0.012676
11.47131 95924 3.8790 0.012524
11.47356 96140 3.6853 0.011886
11.47580 96356 2.4770 0.007980
11.47805 96573 2.4376 0.007844
11.48031 96791 1.9141 0.006152
11.48256 97009 1.9918 0.006395
11.48480 97227 0.9820 0.003149
11.48705 97446 1.4118 0.004522
11.48931 97666 3.3206 0.010625
11.49155 97885 1.4721 0.004705
11.49380 98106 2.0408 0.006516
11.49605 98327 3.2769 0.010450
11.49830 98548 3.1660 0.010085
11.50055 98770 3.7615 0.011969
11.50279 98992 3.6611 0.011636
11.50504 99215 4.2053 0.013351
11.50730 99439 7.4613 0.023661
11.50955 99663 7.3637 0.023325
11.51179 99887 6.7888 0.021480
11.51404 100112 5.9156 0.018696
11.51629 100337 4.4508 0.014051
11.51854 100563 4.0403 0.012741
11.52079 100790 3.5748 0.011260
11.52304 101017 3.7815 0.011898
11.52529 101244 5.4972 0.017276
11.52754 101472 4.9595 0.015569
11.52979 101701 5.5639 0.017447
11.53204 101930 7.3721 0.023091
11.53429 102159 6.4211 0.020089
11.53653 102389 7.3579 0.022995
11.53879 102620 8.5600 0.026721
11.54104 102851 8.3527 0.026045
11.54328 103082 6.8445 0.021318
11.54554 103315 7.6574 0.023823
11.54778 103547 8.0616 0.025052
11.55003 103780 8.9218 0.027695
11.55228 104014 8.6465 0.026810
11.55453 104248 10.6569 0.033006
11.55678 104483 10.0791 0.031182
11.55903 104718 9.0908 0.028093
11.56128 104954 7.7522 0.023929
11.56352 105190 5.5900 0.017235
11.56577 105427 5.1225 0.015776
11.56803 105665 4.2525 0.013082
11.57028 105903 3.1653 0.009727
11.57252 106141 2.8158 0.008643
11.57477 106380 0.7953 0.002438
11.57703 106620 0.8011 0.002453
11.57927 106860 1.4651 0.004482
11.58152 107100 1.2453 0.003805
11.58377 107341 0.8571 0.002616
11.58602 107583 0.4323 0.001318
11.58826 107825 -1.8345 -0.005587
11.59052 108068 -2.6620 -0.008098
11.59276 108311 -2.1568 -0.006553
11.59501 108555 -0.3731 -0.001132
11.59727 108800 -2.6652 -0.008080
11.59952 109045 -2.6919 -0.008152
11.60176 109290 -1.3769 -0.004165
11.60401 109536 -1.2179 -0.003680
11.60626 109783 0.1811 0.000547
11.60851 110030 2.0036 0.006040
11.61076 110278 0.8360 0.002518
11.61301 110526 0.1298 0.000390
11.61526 110775 0.1740 0.000523
11.61751 111025 -1.3950 -0.004187
11.61976 111275 -1.3451 -0.004032
11.62200 111525 -1.7724 -0.005307
11.62425 111776 -3.3446 -0.010004
11.62650 112028 -4.3531 -0.013006
11.62875 112280 -4.0940 -0.012218
11.63100 112533 -5.4416 -0.016221
11.63325 112786 -3.3777 -0.010058
11.63550 113040 -3.1588 -0.009395
11.63775 113295 -2.7560 -0.008188
11.64000 113550 -1.8068 -0.005362
11.64225 113806 0.9136 0.002708
11.64450 114062 0.7156 0.002119
11.64675 114319 -0.4816 -0.001424
11.64899 114576 -1.8604 -0.005496
11.65124 114834 -1.9209 -0.005669
11.65350 115093 -2.2225 -0.006551
11.65574 115352 -0.5632 -0.001658
11.65800 115612 3.0457 0.008957
11.66024 115872 2.8811 0.008464
11.66249 116133 4.0857 0.011989
11.66474 116394 3.8345 0.011239
11.66699 116657 2.3741 0.006951
11.66924 116919 0.5658 0.001655
11.67148 117182 -1.1319 -0.003307
11.67373 117446 -0.4852 -0.001416
11.67599 117711 -2.4952 -0.007273
11.67824 117976 -4.1716 -0.012145
11.68048 118241 -4.8079 -0.013982
11.68274 118508 -5.0106 -0.014555
11.68499 118775 -4.5877 -0.013312
11.68723 119042 -1.8772 -0.005441
11.68948 119310 1.9232 0.005568
11.69173 119579 0.8599 0.002487
11.69398 119848 1.4028 0.004052
11.69623 120118 1.1042 0.003186
11.69848 120388 0.2154 0.000621
11.70072 120659 -0.9847 -0.002835
11.70298 120931 -4.2774 -0.012300
11.70522 121203 -1.6283 -0.004677
11.70747 121476 -1.0279 -0.002949
11.70973 121750 -1.0507 -0.003011
11.71197 122024 -1.8493 -0.005294
11.71422 122299 -1.6765 -0.004794
11.71647 122574 -2.8103 -0.008027
11.71872 122850 -5.1553 -0.014708
11.72097 123127 -5.0037 -0.014260
11.72322 123404 -4.4768 -0.012744
11.72547 123682 -5.6960 -0.016196
11.72771 123960 -5.7872 -0.016437
11.72996 124239 -6.3201 -0.017931
11.73221 124519 -6.2125 -0.017606
11.73447 124800 -5.8611 -0.016591
11.73672 125081 -4.5861 -0.012967
11.73896 125362 -2.6146 -0.007385
11.74122 125645 -2.4009 -0.006773
11.74346 125927 -3.8790 -0.010931
11.74571 126211 -5.0096 -0.014101
11.74796 126495 -7.7374 -0.021755
11.75021 126780 -5.9056 -0.016586
11.75245 127065 -4.9756 -0.013958
11.75471 127352 -1.9649 -0.005506
11.75695 127638 1.1315 0.003167
11.75921 127926 4.1194 0.011517
11.76146 128214 5.9268 0.016552
11.76371 128503 6.5395 0.018243
11.76595 128792 6.5043 0.018124
11.76820 129082 6.7678 0.018837
11.77045 129373 4.8082 0.013368
11.77270 129664 3.1427 0.008728
11.77495 129956 0.4708 0.001306
11.77720 130248 0.4709 0.001305
11.77945 130542 0.6150 0.001702
11.78170 130836 -0.9869 -0.002728
11.78394 131130 0.6770 0.001870
11.78620 131426 -0.2228 -0.000614
11.78844 131721 0.9556 0.002633
11.79069 132018 2.0667 0.005688
11.79294 132315 4.0759 0.011205
11.79519 132613 3.6746 0.010090
11.79744 132912 4.2117 0.011553
11.79969 133211 2.3787 0.006517
11.80194 133511 2.4685 0.006756
11.80419 133812 0.5166 0.001412
11.80644 134113 1.4124 0.003857
11.80869 134415 -0.5613 -0.001531
11.81094 134718 -2.1141 -0.005760
11.81319 135021 -2.7423 -0.007463
11.81543 135325 -0.8019 -0.002180
11.81769 135630 -1.0236 -0.002779
11.81993 135935 -1.9218 -0.005213
11.82218 136241 -3.8589 -0.010455
11.82443 136548 -2.1546 -0.005831
11.82668 136855 -2.1659 -0.005855
11.82893 137164 -2.9267 -0.007902
11.83118 137472 -1.2375 -0.003338
11.83343 137782 0.2502 0.000674
11.83568 138092 0.3359 0.000904
11.83792 138403 -0.6508 -0.001749
11.84018 138715 1.2550 0.003370
11.84242 139027 0.5363 0.001438
11.84467 139340 0.6851 0.001835
11.84692 139654 -0.7774 -0.002080
11.84917 139968 -1.0736 -0.002870
11.85142 140284 -0.3351 -0.000895
11.85367 140600 0.4830 0.001288
11.85592 140916 -0.9188 -0.002448
11.85817 141233 1.0177 0.002708
11.86042 141551 3.8665 0.010277
11.86267 141870 4.3034 0.011425
11.86492 142190 3.5237 0.009345
11.86717 142510 1.0347 0.002741
11.86942 142831 2.4795 0.006561
11.87166 143152 4.3280 0.011439
11.87392 143475 4.7863 0.012636
11.87616 143798 4.5444 0.011984
11.87841 144121 3.8764 0.010211
11.88066 144446 2.0415 0.005372
11.88291 144771 4.2554 0.011184
11.88516 145097 2.8027 0.007358
11.88741 145424 2.1313 0.005589
11.88965 145751 3.3882 0.008875
11.89191 146080 1.7751 0.004644
11.89415 146408 4.9947 0.013054
11.89640 146738 5.2038 0.013585
11.89866 147069 3.6564 0.009534
11.90091 147400 1.3603 0.003543
11.90316 147732 1.3425 0.003493
11.90540 148064 0.8511 0.002212
11.90765 148398 2.2177 0.005757
11.90990 148732 1.4581 0.003781
11.91215 149067 0.9111 0.002360
11.91440 149402 1.1056 0.002860
11.91665 149739 4.3814 0.011323
11.91890 150076 5.1834 0.013380
11.92115 150414 7.0214 0.018104
11.92340 150753 4.9992 0.012875
11.92564 151092 6.4505 0.016595
11.92789 151432 3.8122 0.009796
11.93014 151773 4.0112 0.010296
11.93239 152115 5.5042 0.014113
11.93464 152457 7.0112 0.017956
11.93689 152801 6.5028 0.016636
11.93914 153145 7.5388 0.019264
11.94139 153490 7.8679 0.020083
11.94364 153835 10.1615 0.025908
11.94589 154182 11.3037 0.028787
11.94814 154529 13.4894 0.034315
11.95039 154877 15.5817 0.039593
11.95264 155226 16.0109 0.040638
11.95488 155575 15.2140 0.038572
11.95713 155925 17.2997 0.043811
11.95938 156276 17.9431 0.045389
11.96163 156628 16.6642 0.042107
11.96388 156981 17.5054 0.044182
11.96613 157335 17.0356 0.042948
11.96838 157689 19.1493 0.048223
11.97063 158044 17.2702 0.043442
11.97288 158400 15.6686 0.039369
11.97512 158756 14.0654 0.035301
11.97738 159114 15.4151 0.038645
11.97962 159472 14.7024 0.036817
11.98187 159831 11.9969 0.030008
11.98412 160191 9.1962 0.022977
11.98637 160552 10.7269 0.026771
11.98862 160913 11.0768 0.027613
11.99087 161276 13.0778 0.032565
11.99312 161639 14.3500 0.035693
11.99537 162003 14.7356 0.036611
11.99762 162368 13.9323 0.034576
11.99987 162733 12.4093 0.030762
12.00212 163100 12.6631 0.031355
12.00437 163467 14.1025 0.034880
12.00662 163835 13.0754 0.032304
12.00886 164204 13.1460 0.032441
12.01112 164574 15.0002 0.036976
12.01336 164944 13.7120 0.033762
12.01561 165316 11.6772 0.028720
12.01786 165688 8.8165 0.021660
12.02011 166061 9.9025 0.024300
12.02236 166435 9.2843 0.022758
12.02461 166810 11.2589 0.027567
12.02686 167185 12.8135 0.031338
12.02911 167562 10.4289 0.025477
12.03136 167939 11.4053 0.027831
12.03360 168317 13.6943 0.033379
12.03585 168696 11.5045 0.028010
12.03810 169076 11.6286 0.028280
12.04035 169457 10.7193 0.026040
12.04260 169838 9.5944 0.023281
12.04485 170221 5.8903 0.014277
12.04710 170604 6.8037 0.016472
12.04935 170988 7.2711 0.017584
12.05160 171373 8.0580 0.019465
12.05385 171759 7.0459 0.017001
12.05610 172146 7.6354 0.018403
12.05834 172533 7.1919 0.017314
12.06060 172922 8.5074 0.020458
12.06284 173311 5.5294 0.013282
12.06509 173701 3.6021 0.008643
12.06734 174093 3.4976 0.008383
12.06959 174485 -0.0127 -0.000030
12.07184 174877 1.9920 0.004763
12.07409 175271 -0.0842 -0.000201
12.07634 175666 1.4080 0.003359
12.07859 176061 0.5345 0.001274
12.08084 176458 -0.2270 -0.000540
12.08309 176855 0.9635 0.002291
12.08533 177253 -0.1087 -0.000258
12.08759 177653 2.0851 0.004947
12.08984 178053 -0.8185 -0.001940
12.09208 178453 -1.4345 -0.003396
12.09433 178855 -2.2327 -0.005279
12.09658 179258 -0.3324 -0.000785
12.09883 179662 -0.4870 -0.001149
12.10108 180066 -0.5194 -0.001224
12.10333 180472 -2.3562 -0.005546
12.10558 180878 -2.9629 -0.006967
12.10783 181285 -4.0512 -0.009515
12.11008 181694 -7.2191 -0.016936
12.11233 182103 -5.7152 -0.013393
12.11458 182513 -6.4223 -0.015033
12.11683 182924 -1.0520 -0.002460
12.11908 183336 0.2008 0.000469
12.12132 183748 -0.4759 -0.001110
12.12357 184162 1.5298 0.003565
12.12582 184577 -0.5442 -0.001267
12.12807 184992 -1.5667 -0.003643
12.13032 185409 -0.9277 -0.002155
12.13257 185826 0.8541 0.001981
12.13482 186245 -0.0049 -0.000011
12.13707 186664 0.8424 0.001950
12.13932 187085 -0.3244 -0.000750
12.14157 187506 2.4211 0.005591
12.14381 187928 0.8865 0.002045
12.14606 188351 2.0412 0.004703
12.14831 188775 3.0480 0.007015
12.15056 189200 2.9602 0.006806
12.15281 189626 1.6620 0.003817
12.15506 190053 1.2507 0.002869
12.15731 190481 0.5351 0.001226
12.15956 190910 2.8668 0.006561
12.16181 191340 0.1078 0.000246
12.16406 191771 1.9495 0.004452
12.16631 192203 2.7778 0.006336
12.16856 192636 3.2827 0.007479
12.17080 193069 5.3207 0.012109
12.17305 193504 3.8543 0.008762
12.17530 193940 2.0083 0.004560
12.17755 194376 0.7474 0.001695
12.17980 194814 -0.8875 -0.002011
12.18205 195253 1.0226 0.002314
12.18430 195692 -1.5290 -0.003456
12.18655 196133 -1.8449 -0.004166
12.18880 196575 -0.8417 -0.001898
12.19105 197017 -0.2597 -0.000585
12.19330 197461 0.7752 0.001744
12.19555 197906 0.0603 0.000136
12.19779 198351 -1.7959 -0.004032
12.20004 198798 -1.7256 -0.003870
12.20229 199245 1.7727 0.003971
12.20454 199694 1.5113 0.003382
12.20679 200144 0.9899 0.002213
12.20904 200594 1.0343 0.002309
12.21129 201046 -1.4905 -0.003324
12.21354 201499 -1.3393 -0.002984
12.21579 201952 -4.0289 -0.008965
12.21804 202407 -3.1035 -0.006898
12.22029 202863 0.9220 0.002047
12.22254 203320 1.3403 0.002972
12.22479 203778 2.2889 0.005070
12.22703 204236 2.6735 0.005916
12.22928 204696 2.3751 0.005250
12.23153 205157 1.3925 0.003074
12.23378 205619 1.0657 0.002350
12.23603 206082 2.2984 0.005063
12.23828 206546 0.0930 0.000205
12.24053 207011 -3.3060 -0.007266
12.24278 207477 -3.6165 -0.007940
12.24503 207945 -5.4807 -0.012019
12.24728 208413 -4.0632 -0.008900
12.24952 208882 -0.0661 -0.000145
12.25177 209352 -1.3425 -0.002934
12.25402 209824 -0.6918 -0.001510
12.25627 210296 3.0667 0.006687
12.25852 210770 0.7157 0.001559
12.26077 211244 3.2993 0.007178
12.26302 211720 3.8299 0.008323
12.26527 212197 8.8680 0.019251
12.26752 212675 10.2613 0.022251
12.26977 213154 10.3668 0.022454
12.27201 213633 10.1413 0.021941
12.27427 214115 9.1886 0.019858
12.27652 214597 9.6579 0.020848
12.27877 215080 9.4465 0.020369
12.28101 215564 8.9224 0.019217
12.28327 216050 10.8200 0.023278
12.28551 216536 11.7815 0.025318
12.28776 217024 11.0961 0.023819
12.29001 217512 9.4712 0.020308
12.29226 218002 9.2673 0.019848
12.29451 218493 11.2085 0.023979
12.29676 218985 11.5930 0.024774
12.29901 219478 12.0953 0.025818
12.30126 219972 10.1766 0.021698
12.30350 220467 9.3517 0.019917
12.30576 220964 7.8000 0.016593
12.30800 221461 7.8301 0.016639
12.31025 221960 10.0614 0.021356
12.31250 222460 7.1331 0.015124
12.31475 222961 5.6016 0.011863
12.31700 223463 6.7835 0.014350
12.31925 223966 5.2952 0.011189
12.32150 224470 7.0402 0.014859
12.32375 224976 7.0178 0.014796
12.32600 225482 6.9024 0.014536
12.32825 225990 9.7720 0.020556
12.33050 226499 10.3038 0.021650
12.33274 227009 10.5945 0.022236
12.33499 227520 11.5595 0.024234
12.33724 228032 10.3308 0.021634
12.33949 228546 10.4097 0.021775
12.34174 229061 9.5952 0.020048
12.34399 229576 12.1585 0.025376
12.34624 230093 10.5670 0.022029
12.34849 230611 14.8164 0.030853
12.35074 231131 15.8044 0.032874
12.35299 231651 15.9226 0.033082
12.35524 232173 14.5445 0.030185
12.35748 232695 15.6637 0.032471
12.35973 233219 15.5943 0.032291
12.36199 233745 14.0869 0.029137
12.36423 234271 15.8879 0.032825
12.36648 234798 16.5601 0.034176
12.36873 235327 18.2528 0.037627
12.37098 235857 13.4840 0.027765
12.37323 236388 13.0086 0.026756
12.37548 236920 12.6778 0.026046
12.37773 237454 13.4420 0.027585
12.37998 237988 10.5912 0.021710
12.38223 238524 13.5671 0.027779
12.38447 239061 12.5659 0.025700
12.38673 239600 14.7843 0.030204
12.38897 240139 13.0939 0.026720
12.39122 240680 10.8512 0.022119
12.39347 241222 9.9739 0.020308
12.39572 241765 9.2080 0.018727
12.39797 242309 6.3272 0.012854
12.40022 242855 5.9345 0.012042
12.40247 243402 7.6376 0.015481
12.40472 243950 6.6218 0.013407
12.40697 244499 7.6729 0.015517
12.40922 245050 2.5556 0.005163
12.41147 245602 2.0650 0.004167
12.41372 246155 3.3169 0.006685
12.41596 246709 1.7378 0.003499
12.41821 247264 -0.5063 -0.001018
12.42046 247821 -0.2410 -0.000484
12.42271 248379 -0.2663 -0.000534
12.42496 248938 -0.4486 -0.000899
12.42721 249499 -2.0551 -0.004114
12.42946 250061 2.5909 0.005181
12.43171 250624 3.1567 0.006306
12.43396 251188 1.9102 0.003811
12.43621 251754 0.9040 0.001802
12.43846 252321 3.6645 0.007295
12.44071 252889 4.3120 0.008575
12.44295 253458 3.4765 0.006905
12.44520 254029 4.2912 0.008514
12.44745 254601 6.2655 0.012417
12.44970 255174 2.0380 0.004034
12.45195 255749 4.1530 0.008212
12.45420 256325 2.0905 0.004129
12.45645 256902 -2.0827 -0.004109
12.45870 257480 -2.9709 -0.005855
12.46095 258060 -2.8175 -0.005546
12.46320 258641 -3.4863 -0.006855
12.46545 259224 -3.3651 -0.006609
12.46769 259807 -3.6782 -0.007216
12.46994 260392 -4.0058 -0.007850
12.47220 260979 -2.9961 -0.005865
12.47444 261566 -1.2402 -0.002425
12.47669 262155 0.6371 0.001244
12.47894 262745 1.6319 0.003184
12.48119 263337 5.5161 0.010749
12.48344 263930 4.1893 0.008155
12.48569 264524 3.4299 0.006669
12.48794 265120 1.3485 0.002619
12.49019 265717 -0.8790 -0.001705
12.49244 266315 -2.0233 -0.003921
12.49469 266915 -0.9578 -0.001854
12.49693 267516 2.1337 0.004125
12.49918 268118 -0.8432 -0.001628
12.50143 268722 4.9617 0.009571
12.50368 269327 6.9340 0.013361
12.50593 269934 5.1407 0.009895
12.50818 270541 4.9197 0.009459
12.51043 271151 3.6984 0.007102
12.51268 271761 0.5168 0.000991
12.51493 272373 1.0907 0.002090
12.51718 272986 2.2713 0.004347
12.51943 273601 -0.5334 -0.001020
12.52168 274217 -4.0294 -0.007695
12.52393 274835 -6.6472 -0.012679
12.52617 275453 -5.9762 -0.011387
12.52842 276074 -3.8487 -0.007325
12.53067 276695 -3.1289 -0.005948
12.53292 277318 -5.1850 -0.009846
12.53517 277943 -4.3392 -0.008231
12.53742 278569 -7.1606 -0.013567
12.53967 279196 -6.0508 -0.011451
12.54192 279824 -6.9947 -0.013223
12.54417 280455 -5.7210 -0.010803
12.54642 281086 -8.2925 -0.015641
12.54867 281719 -4.9597 -0.009344
12.55091 282353 -4.4047 -0.008289
12.55316 282989 -1.4123 -0.002655
12.55541 283626 0.0025 0.000005
12.55766 284265 0.2363 0.000443
12.55991 284905 -0.4919 -0.000922
12.56216 285547 1.6189 0.003030
12.56441 286190 1.2611 0.002357
12.56666 286834 1.2190 0.002276
12.56891 287480 -1.6279 -0.003036
12.57116 288127 -0.5772 -0.001075
12.57341 288776 0.2851 0.000530
12.57565 289426 -1.1269 -0.002095
12.57791 290078 -3.7654 -0.006991
12.58015 290731 -3.0666 -0.005687
12.58240 291386 -4.9825 -0.009230
12.58465 292042 -5.0610 -0.009365
12.58690 292699 -3.7302 -0.006895
12.58915 293358 -0.1673 -0.000309
12.59140 294019 -1.4727 -0.002716
12.59365 294681 1.0718 0.001974
12.59590 295345 -1.8434 -0.003392
12.59815 296010 -2.6777 -0.004922
12.60040 296676 -3.2200 -0.005912
12.60264 297344 -7.8413 -0.014380
12.60490 298014 -4.7638 -0.008726
12.60714 298685 -1.6187 -0.002962
12.60939 299357 -4.0035 -0.007317
12.61164 300031 -3.5163 -0.006419
12.61389 300707 -4.5676 -0.008329
12.61614 301384 0.0546 0.000100
12.61839 302063 -3.4645 -0.006304
12.62064 302743 -6.5423 -0.011890
12.62289 303424 -7.4609 -0.013545
12.62514 304108 -6.8633 -0.012446
12.62738 304792 -6.4162 -0.011622
12.62964 305479 -3.9241 -0.007100
12.63189 306167 -7.4732 -0.013506
12.63413 306856 -4.4074 -0.007956
12.63638 307547 -4.3846 -0.007906
12.63863 308239 -6.4717 -0.011657
12.64088 308933 -7.9677 -0.014335
12.64313 309629 -5.6378 -0.010132
12.64538 310326 -1.9180 -0.003443
12.64763 311025 -0.6308 -0.001131
12.64988 311725 -5.0356 -0.009019
12.65213 312427 -5.3503 -0.009572
12.65438 313131 -4.0197 -0.007183
12.65663 313836 -1.7453 -0.003115
12.65888 314543 1.0988 0.001959
12.66112 315251 2.2443 0.003997
12.66337 315961 2.5157 0.004476
12.66562 316672 2.0533 0.003649
12.66787 317385 2.2699 0.004029
12.67012 318100 1.8235 0.003233
12.67237 318816 -1.3689 -0.002424
12.67462 319534 0.4837 0.000856
12.67687 320253 0.2714 0.000480
12.67912 320975 -0.1427 -0.000252
12.68137 321697 3.9062 0.006887
12.68362 322422 1.3511 0.002379
12.68587 323148 0.1164 0.000205
12.68811 323875 1.5029 0.002641
12.69036 324605 2.5139 0.004412
12.69261 325335 1.3100 0.002297
12.69486 326068 1.9185 0.003360
12.69711 326802 3.9676 0.006940
12.69936 327538 5.0945 0.008902
12.70161 328276 4.0910 0.007140
12.70386 329015 6.8819 0.011998
12.70611 329756 5.8984 0.010272
12.70836 330498 2.6587 0.004625
12.71060 331242 2.7312 0.004746
12.71285 331988 0.3164 0.000549
12.71510 332736 -1.2468 -0.002161
12.71735 333485 2.4880 0.004308
12.71960 334236 7.2551 0.012549
12.72185 334988 9.0364 0.015613
12.72410 335743 9.2320 0.015933
12.72635 336499 6.8394 0.011790
12.72860 337256 4.2973 0.007400
12.73085 338016 8.3447 0.014353
12.73310 338777 10.3345 0.017755
12.73535 339540 10.6588 0.018292
12.73759 340304 7.3558 0.012609
12.73985 341071 11.7647 0.020145
12.74210 341839 7.6638 0.013108
12.74434 342608 8.9994 0.015375
12.74659 343380 10.6931 0.018248
12.74884 344153 15.0921 0.025726
12.75109 344928 18.0606 0.030752
12.75334 345705 15.6759 0.026661
12.75559 346483 18.2361 0.030981
12.75784 347263 12.8123 0.021742
12.76009 348045 7.5818 0.012852
12.76234 348829 10.5313 0.017831
12.76458 349614 6.4738 0.010949
12.76683 350401 9.0980 0.015370
12.76908 351190 8.8437 0.014923
12.77133 351981 14.3694 0.024220
12.77358 352774 20.4927 0.034503
12.77583 353568 21.9965 0.036993
12.77808 354364 25.4029 0.042673
12.78033 355162 23.8315 0.039989
12.78258 355962 23.6912 0.039709
12.78483 356763 22.9026 0.038344
12.78708 357567 28.2046 0.047167
12.78933 358372 27.6588 0.046203
12.79158 359179 29.7830 0.049695
12.79383 359988 27.3574 0.045596
12.79607 360798 26.0487 0.043366
12.79832 361611 27.2242 0.045272
12.80057 362425 29.0937 0.048327
12.80282 363241 29.5690 0.049061
12.80507 364059 28.5424 0.047305
12.80732 364879 29.7610 0.049269
12.80957 365700 30.0929 0.049762
12.81182 366524 27.5421 0.045493
12.81407 367349 26.1686 0.043176
12.81632 368176 23.5981 0.038891
12.81857 369005 25.6281 0.042189
12.82081 369836 23.3585 0.038410
12.82306 370669 22.6475 0.037199
12.82531 371503 24.2499 0.039786
12.82756 372340 22.8392 0.037429
12.82981 373178 19.8092 0.032427
12.83206 374019 20.8698 0.034125
12.83431 374861 17.3406 0.028322
12.83656 375705 19.0513 0.031081
12.83881 376551 16.1694 0.026350
12.84106 377399 12.4058 0.020194
12.84331 378248 15.2295 0.024763
12.84556 379100 16.2340 0.026366
12.84781 379954 15.2881 0.024802
12.85005 380809 10.5745 0.017136
12.85230 381667 9.3536 0.015140
12.85455 382526 9.0604 0.014649
12.85680 383388 7.1855 0.011605
12.85905 384251 8.9770 0.014482
12.86130 385116 10.8274 0.017447
12.86355 385983 14.0422 0.022602
12.86580 386852 14.4058 0.023161
12.86805 387723 12.5168 0.020102
12.87030 388596 8.8507 0.014198
12.87254 389471 10.7529 0.017230
12.87479 390348 10.8332 0.017339
12.87704 391227 11.5011 0.018388
12.87929 392108 13.3582 0.021333
12.88154 392991 15.8310 0.025253
12.88379 393876 12.7736 0.020353
12.88604 394763 11.0813 0.017637
12.88829 395652 14.2827 0.022707
12.89054 396543 12.1377 0.019275
12.89279 397436 9.5119 0.015088
12.89504 398331 9.8904 0.015671
12.89729 399228 5.1929 0.008219
12.89953 400126 5.6345 0.008908
12.90178 401027 6.8841 0.010871
12.90403 401930 10.2061 0.016098
12.90628 402835 7.9375 0.012506
12.90853 403743 9.5000 0.014951
12.91078 404652 4.3122 0.006779
12.91303 405563 7.0291 0.011037
12.91528 406476 6.6788 0.010476
12.91753 407391 6.3517 0.009951
12.91978 408309 2.6539 0.004153
12.92203 409228 4.3411 0.006786
12.92428 410149 2.6115 0.004078
12.92653 411073 3.2458 0.005063
12.92878 411999 3.4148 0.005320
12.93102 412926 5.2546 0.008177
12.93327 413856 9.9198 0.015420
12.93552 414788 8.3718 0.012999
12.93777 415722 7.1756 0.011129
12.94002 416658 6.4189 0.009944
12.94227 417596 7.9818 0.012352
12.94452 418536 4.4656 0.006903
12.94677 419479 3.5194 0.005434
12.94902 420423 4.6791 0.007216
12.95127 421370 3.2623 0.005026
12.95352 422319 2.9100 0.004478
12.95577 423270 1.5229 0.002341
12.95801 424223 3.3004 0.005067
12.96026 425178 5.3157 0.008152
12.96251 426136 2.1973 0.003366
12.96476 427095 2.3261 0.003559
12.96701 428057 2.7503 0.004204
12.96926 429021 6.9514 0.010613
12.97151 429987 5.3035 0.008088
12.97376 430955 6.2241 0.009481
12.97601 431925 1.5842 0.002410
12.97826 432898 0.2114 0.000321
12.98051 433873 3.1320 0.004755
12.98275 434849 -2.8934 -0.004388
12.98501 435829 0.8779 0.001330
12.98725 436810 3.9558 0.005985
12.98950 437794 -0.4361 -0.000659
12.99175 438779 0.6803 0.001027
12.99400 439767 2.3913 0.003606
12.99625 440758 0.4827 0.000727
12.99850 441750 -2.9306 -0.004409
13.00075 442745 2.6616 0.004000
13.00300 443742 3.4216 0.005136
13.00525 444741 3.9411 0.005910
13.00750 445742 9.1621 0.013723
13.00975 446746 10.3288 0.015453
13.01199 447752 5.4521 0.008148
13.01424 448760 10.2709 0.015332
13.01649 449771 9.2842 0.013844
13.01874 450783 8.6391 0.012867
13.02099 451798 6.5850 0.009797
13.02324 452816 6.5559 0.009742
13.02549 453835 3.5710 0.005301
13.02774 454857 2.5376 0.003763
13.02999 455881 3.5510 0.005259
13.03224 456908 2.0975 0.003103
13.03449 457937 -1.3421 -0.001983
13.03674 458968 -4.2262 -0.006238
13.03898 460001 -5.9405 -0.008759
13.04123 461037 -7.9041 -0.011641
13.04348 462075 -4.6818 -0.006887
13.04573 463116 -1.5803 -0.002322
13.04798 464158 4.3496 0.006384
13.05023 465204 5.4141 0.007938
13.05248 466251 4.2263 0.006189
13.05473 467301 0.8391 0.001228
13.05698 468353 -1.4459 -0.002113
13.05923 469408 0.9052 0.001321
13.06148 470465 3.0636 0.004467
13.06373 471524 4.6815 0.006818
13.06598 472586 8.6009 0.012511
13.06822 473650 8.2262 0.011953
13.07047 474716 10.3278 0.014990
13.07272 475785 9.0669 0.013145
13.07497 476857 7.8510 0.011369
13.07722 477930 7.6905 0.011124
13.07947 479007 7.8196 0.011298
13.08172 480085 8.0056 0.011554
13.08397 481166 9.9615 0.014361
13.08622 482250 8.1926 0.011797
13.08847 483335 9.1829 0.013209
13.09072 484424 7.8289 0.011248
13.09297 485515 11.3814 0.016334
13.09521 486608 15.9125 0.022811
13.09746 487703 19.9044 0.028502
13.09971 488802 18.5055 0.026469
13.10196 489902 17.0014 0.024290
13.10421 491005 19.3472 0.027611
13.10646 492111 18.4389 0.026285
13.10871 493219 16.7124 0.023797
13.11096 494330 18.1536 0.025820
13.11321 495443 17.1982 0.024434
13.11546 496558 19.3617 0.027476
13.11770 497676 18.9473 0.026858
13.11995 498797 13.1429 0.018609
13.12220 499920 12.8703 0.018203
13.12445 501046 13.0028 0.018369
13.12670 502174 11.5829 0.016345
13.12895 503305 13.6912 0.019299
13.13120 504438 10.5934 0.014915
13.13345 505574 9.3288 0.013120
13.13570 506712 9.0953 0.012777
13.13795 507853 10.0607 0.014118
13.14020 508997 10.2096 0.014310
13.14245 510143 4.3945 0.006153
13.14470 511292 -0.3387 -0.000474
13.14694 512443 3.7289 0.005209
13.14919 513597 2.8263 0.003944
13.15144 514753 -0.8179 -0.001140
13.15369 515912 -5.0855 -0.007080
13.15594 517074 -7.6624 -0.010656
13.15819 518238 -6.0206 -0.008363
13.16044 519405 -3.4475 -0.004784
13.16269 520575 -4.1763 -0.005788
13.16494 521747 -4.7000 -0.006507
13.16719 522922 -2.3983 -0.003317
13.16944 524099 1.0005 0.001382
13.17168 525279 3.3699 0.004650
13.17393 526462 1.4812 0.002041
13.17618 527648 -0.2405 -0.000331
13.17843 528836 0.5210 0.000716
13.18068 530026 2.2932 0.003150
13.18293 531220 2.5578 0.003509
13.18518 532416 2.4946 0.003419
13.18743 533615 5.6941 0.007795
13.18968 534816 7.3732 0.010082
13.19193 536021 5.8556 0.007998
13.19418 537228 3.6123 0.004928
13.19643 538437 -3.2748 -0.004463
13.19868 539650 -0.5365 -0.000730
13.20092 540865 2.1311 0.002898
13.20317 542083 -1.8432 -0.002504
13.20542 543303 -3.1507 -0.004275
13.20767 544527 -3.6797 -0.004987
13.20992 545753 -6.5275 -0.008836
13.21217 546982 -7.8090 -0.010559
13.21442 548213 -5.9598 -0.008049
13.21667 549448 -4.1100 -0.005545
13.21892 550685 -2.8495 -0.003840
13.22117 551925 -3.9857 -0.005365
13.22342 553168 -2.5212 -0.003390
13.22567 554413 -5.3214 -0.007147
13.22792 555662 -5.9765 -0.008018
13.23016 556913 -7.8987 -0.010584
13.23241 558167 -5.4283 -0.007266
13.23466 559424 -5.0425 -0.006742
13.23691 560683 -0.4094 -0.000547
13.23916 561946 1.9140 0.002553
13.24141 563211 4.6142 0.006148
13.24366 564479 5.9243 0.007885
13.24591 565750 3.0315 0.004030
13.24816 567024 4.9912 0.006628
13.25041 568301 2.3600 0.003131
13.25266 569581 4.1288 0.005471
13.25490 570863 -0.8028 -0.001062
13.25715 572149 1.5537 0.002054
13.25940 573437 2.6263 0.003468
13.26165 574728 0.3304 0.000436
13.26390 576022 0.4369 0.000576
13.26615 577319 -1.8997 -0.002500
13.26840 578619 4.1580 0.005466
13.27065 579922 9.3899 0.012330
13.27290 581228 7.6260 0.010003
13.27515 582537 6.2130 0.008140
13.27740 583848 6.4374 0.008425
13.27965 585163 6.1079 0.007985
13.28190 586481 13.4401 0.017550
13.28414 587801 16.5677 0.021610
13.28639 589125 18.4469 0.024034
13.28864 590451 22.2126 0.028907
13.29089 591781 24.6670 0.032065
13.29314 593113 26.1590 0.033967
13.29539 594449 26.3542 0.034182
13.29764 595787 29.3014 0.037961
13.29989 597129 33.3974 0.043219
13.30214 598473 29.1231 0.037646
13.30439 599821 32.9989 0.042608
13.30664 601172 28.9393 0.037324
13.30888 602525 27.4890 0.035414
13.31113 603882 27.7740 0.035741
13.31338 605242 29.8090 0.038316
13.31563 606604 32.3740 0.041567
13.31788 607970 29.8345 0.038263
13.32013 609339 31.4207 0.040252
13.32238 610711 30.4362 0.038947
13.32463 612087 28.0256 0.035822
13.32688 613465 30.3951 0.038807
13.32913 614846 31.5841 0.040280
13.33138 616231 32.5055 0.041408
13.33363 617618 26.3612 0.033543
13.33588 619009 19.0918 0.024266
13.33812 620403 21.3970 0.027165
13.34037 621800 18.0206 0.022853
13.34262 623200 22.7164 0.028776
13.34487 624603 21.7409 0.027509
13.34712 626009 20.8086 0.026300
13.34937 627419 17.9181 0.022621
13.35162 628832 10.7345 0.013537
13.35387 630248 11.2757 0.014203
13.35612 631667 9.5245 0.011984
13.35837 633089 9.4511 0.011878
13.36062 634515 8.0486 0.010104
13.36286 635943 4.8506 0.006083
13.36511 637375 5.1051 0.006394
13.36736 638811 5.7251 0.007163
13.36961 640249 3.4287 0.004285
13.37186 641691 7.5723 0.009453
13.37411 643135 11.3276 0.014125
13.37636 644584 18.6909 0.023280
13.37861 646035 10.7648 0.013393
13.38086 647490 15.5775 0.019359
13.38311 648948 12.3209 0.015295
13.38536 650409 11.6890 0.014494
13.38761 651873 12.1805 0.015086
13.38985 653341 8.0958 0.010016
13.39210 654812 0.6782 0.000838
13.39435 656287 3.8856 0.004796
13.39660 657765 5.9488 0.007335
13.39885 659246 8.4954 0.010463
13.40110 660730 9.4016 0.011566
13.40335 662218 9.1028 0.011186
13.40560 663709 10.2358 0.012564
13.40785 665203 3.8780 0.004755
13.41010 666701 9.2648 0.011347
13.41235 668203 8.6631 0.010598
13.41460 669707 10.2282 0.012498
13.41684 671215 10.6534 0.013003
13.41909 672726 6.1294 0.007473
13.42134 674241 2.3305 0.002838
13.42359 675759 2.4047 0.002925
13.42584 677281 7.2564 0.008817
13.42809 678806 6.2810 0.007624
13.43034 680335 0.9535 0.001156
13.43259 681866 -1.6206 -0.001963
13.43484 683402 1.3455 0.001628
13.43709 684941 -1.9409 -0.002345
13.43934 686483 -7.1760 -0.008661
13.44159 688029 -5.2289 -0.006304
13.44384 689578 -3.9114 -0.004710
13.44608 691131 -3.2270 -0.003882
13.44833 692687 -2.2637 -0.002720
13.45058 694247 -2.5382 -0.003046
13.45283 695810 -2.8114 -0.003370
13.45508 697377 0.2841 0.000340
13.45733 698947 2.8357 0.003392
13.45958 700521 2.3806 0.002844
13.46183 702098 -4.5303 -0.005407
13.46408 703679 -8.0759 -0.009627
13.46633 705263 -15.7711 -0.018780
13.46858 706851 -12.0048 -0.014279
13.47082 708443 -12.3695 -0.014696
13.47307 710038 -9.8984 -0.011747
13.47532 711637 -13.2728 -0.015734
13.47757 713239 -22.0010 -0.026051
13.47982 714845 -25.5114 -0.030174
13.48207 716455 -22.4207 -0.026488
13.48432 718068 -25.0295 -0.029537
13.48657 719685 -27.5084 -0.032426
13.48882 721306 -31.6212 -0.037232
13.49107 722930 -29.8757 -0.035137
13.49332 724558 -28.5326 -0.033520
13.49557 726189 -30.0980 -0.035319
13.49781 727824 -28.3038 -0.033177
13.50006 729463 -33.2811 -0.038967
13.50231 731106 -25.2896 -0.029577
13.50456 732752 -27.6703 -0.032325
13.50681 734402 -29.1586 -0.034025
13.50906 736056 -28.6386 -0.033381
13.51131 737713 -20.6765 -0.024073
13.51356 739374 -24.4907 -0.028482
13.51581 741039 -23.6032 -0.027419
13.51806 742707 -24.5006 -0.028429
13.52031 744380 -18.3528 -0.021272
13.52256 746056 -15.8411 -0.018340
13.52481 747736 -8.0444 -0.009303
13.52705 749419 -6.9534 -0.008032
13.52930 751107 -9.7249 -0.011221
13.53155 752798 -8.9922 -0.010364
13.53380 754493 -3.9817 -0.004584
13.53605 756192 -2.8092 -0.003230
13.53830 757895 -3.9089 -0.004490
13.54055 759601 -5.4978 -0.006308
13.54280 761312 -6.2044 -0.007111
13.54505 763026 -1.0192 -0.001167
13.54730 764744 2.9181 0.003337
13.54955 766466 4.7373 0.005411
13.55179 768192 7.2141 0.008231
13.55404 769922 5.1229 0.005838
13.55629 771655 5.3889 0.006135
13.55854 773393 6.5926 0.007496
13.56079 775134 6.9648 0.007911
13.56304 776880 7.8977 0.008960
13.56529 778629 6.4375 0.007295
13.56754 780382 -0.5987 -0.000678
13.56979 782139 4.2755 0.004834
13.57204 783901 4.2129 0.004758
13.57429 785666 4.0421 0.004560
13.57654 787435 8.7749 0.009889
13.57879 789208 8.6543 0.009742
13.58103 790985 6.5479 0.007362
13.58328 792766 5.0191 0.005637
13.58553 794551 5.2246 0.005861
13.58778 796340 5.8770 0.006586
13.59003 798133 7.6036 0.008511
13.59228 799930 12.0542 0.013478
13.59453 801732 9.7464 0.010885
13.59678 803537 6.5735 0.007333
13.59903 805346 2.4022 0.002677
13.60128 807160 8.9918 0.010008
13.60353 808977 7.0846 0.007877
13.60578 810799 11.0735 0.012298
13.60802 812624 8.7204 0.009674
13.61027 814454 11.9940 0.013290
13.61252 816288 10.0702 0.011146
13.61477 818126 11.2815 0.012473
13.61702 819968 12.8361 0.014175
13.61927 821815 14.9383 0.016478
13.62152 823665 16.6001 0.018291
13.62377 825520 19.8792 0.021879
13.62602 827379 25.2723 0.027784
13.62827 829242 26.6960 0.029316
13.63052 831109 19.5699 0.021466
13.63276 832980 22.9997 0.025200
13.63501 834856 20.3112 0.022230
13.63726 836736 14.6758 0.016044
13.63951 838620 14.8159 0.016179
13.64176 840508 10.5781 0.011538
13.64401 842401 14.2856 0.015565
13.64626 844297 11.0378 0.012013
13.64851 846199 5.0463 0.005486
13.65076 848104 3.0731 0.003337
13.65301 850014 4.0039 0.004343
13.65526 851928 4.5666 0.004948
13.65751 853846 1.4074 0.001523
13.65975 855768 6.5693 0.007101
13.66200 857695 10.6418 0.011491
13.66425 859627 11.6071 0.012519
13.66650 861562 9.1576 0.009866
13.66875 863502 9.6172 0.010349
13.67100 865447 2.9222 0.003141
13.67325 867395 6.5997 0.007086
13.67550 869348 8.6865 0.009316
13.67775 871306 2.5362 0.002717
13.68000 873268 3.3222 0.003555
13.68225 875234 3.3028 0.003530
13.68450 877205 6.1992 0.006619
13.68674 879180 11.3510 0.012106
13.68899 881160 12.1533 0.012947
13.69124 883144 10.6212 0.011302
13.69349 885133 15.6578 0.016643
13.69574 887126 16.1959 0.017195
13.69799 889123 19.3286 0.020498
13.70024 891125 18.9486 0.020073
13.70249 893132 23.2823 0.024636
13.70474 895143 25.5068 0.026959
13.70699 897158 28.1957 0.029768
13.70924 899178 28.4692 0.030023
13.71149 901203 27.3391 0.028799
13.71373 903232 27.2819 0.028706
13.71598 905266 36.9645 0.038850
13.71823 907305 41.1923 0.043245
13.72048 909348 33.2601 0.034879
13.72273 911395 32.8258 0.034384
13.72498 913447 39.7460 0.041586
13.72723 915504 37.3083 0.038992
13.72948 917566 38.7622 0.040466
13.73173 919632 39.5870 0.041281
13.73398 921702 38.6754 0.040285
13.73623 923778 35.0233 0.036440
13.73848 925858 36.4998 0.037933
13.74073 927943 40.8805 0.042438
13.74297 930032 40.3132 0.041802
13.74522 932126 41.0011 0.042468
13.74747 934225 42.3782 0.043845
13.74972 936329 36.1230 0.037331
13.75197 938437 34.8339 0.035958
13.75422 940550 39.6680 0.040902
13.75647 942668 42.0097 0.043268
13.75872 944791 44.5339 0.045817
13.76097 946918 37.4443 0.038480
13.76322 949050 34.7547 0.035675
13.76547 951187 29.6075 0.030358
13.76772 953329 25.8035 0.026428
13.76996 955475 24.6216 0.025189
13.77221 957627 23.5023 0.024017
13.77446 959783 21.4279 0.021872
13.77671 961944 20.1226 0.020517
13.77896 964110 18.2419 0.018578
13.78121 966281 12.0062 0.012214
13.78346 968457 11.2982 0.011481
13.78571 970638 12.7698 0.012961
13.78796 972823 10.1712 0.010312
13.79021 975014 9.4081 0.009528
13.79246 977209 9.2131 0.009320
13.79471 979410 12.5709 0.012702
13.79695 981615 18.3767 0.018548
13.79920 983825 13.8351 0.013948
13.80145 986041 13.0231 0.013115
13.80370 988261 15.5866 0.015679
13.80595 990486 8.4322 0.008473
13.80820 992716 16.7214 0.016783
13.81045 994952 14.7601 0.014798
13.81270 997192 16.9843 0.017008
13.81495 999437 16.2273 0.016232
13.81720 1001688 15.4868 0.015474
13.81945 1003943 17.9504 0.017915
13.82170 1006204 15.2269 0.015180
13.82394 1008470 10.5919 0.010547
13.82619 1010740 9.5684 0.009517
13.82844 1013016 13.4520 0.013365
13.83069 1015297 11.6810 0.011593
13.83294 1017583 12.2069 0.012101
13.83519 1019875 9.9498 0.009852
13.83744 1022171 5.9855 0.005920
13.83969 1024473 9.2111 0.009100
13.84194 1026780 6.7383 0.006650
13.84419 1029092 1.8760 0.001849
13.84644 1031409 3.7883 0.003730
13.84869 1033731 4.9049 0.004824
13.85093 1036059 0.3383 0.000332
13.85318 1038392 -3.5296 -0.003464
13.85543 1040730 -10.4498 -0.010243
13.85768 1043073 -8.7948 -0.008611
13.85993 1045422 -12.7302 -0.012451
13.86218 1047776 -13.6609 -0.013346
13.86443 1050135 -16.6069 -0.016206
13.86668 1052500 -16.0780 -0.015672
13.86893 1054870 -15.8235 -0.015406
13.87118 1057245 -8.6907 -0.008452
13.87343 1059626 -7.6320 -0.007414
13.87568 1062012 -1.6056 -0.001558
13.87792 1064403 -9.6689 -0.009372
13.88017 1066800 -5.4840 -0.005309
13.88242 1069202 -5.2379 -0.005066
13.88467 1071609 -5.1684 -0.004993
13.88692 1074022 -4.7929 -0.004625
13.88917 1076441 -7.7927 -0.007511
13.89142 1078864 -5.1381 -0.004947
13.89367 1081294 -10.1580 -0.009769
13.89592 1083728 -7.6662 -0.007364
13.89817 1086169 -4.2473 -0.004075
13.90042 1088614 2.2523 0.002159
13.90267 1091066 1.1280 0.001080
13.90491 1093522 8.5661 0.008192
13.90716 1095985 5.5510 0.005302
13.90941 1098452 6.0854 0.005806
13.91166 1100926 2.8959 0.002760
13.91391 1103405 12.4830 0.011884
13.91616 1105889 15.2588 0.014510
13.91841 1108379 12.9682 0.012318
13.92066 1110875 12.4147 0.011779
13.92291 1113377 7.5451 0.007151
13.92516 1115883 3.0155 0.002855
13.92741 1118396 -3.1877 -0.003014
13.92965 1120914 -8.0418 -0.007596
13.93190 1123438 -13.5562 -0.012790
13.93415 1125968 -13.7627 -0.012970
13.93640 1128503 -16.1324 -0.015186
13.93865 1131044 -12.2720 -0.011539
13.94090 1133591 -15.2699 -0.014342
13.94315 1136144 -9.3035 -0.008728
13.94540 1138702 -4.4684 -0.004187
13.94765 1141266 -0.8728 -0.000817
13.94990 1143836 -5.4528 -0.005098
13.95215 1146411 -11.1580 -0.010421
13.95440 1148993 -11.0327 -0.010293
13.95665 1151580 -6.9638 -0.006489
13.95889 1154173 -9.5586 -0.008897
13.96114 1156772 -6.3483 -0.005903
13.96339 1159376 -1.0692 -0.000993
13.96564 1161987 0.4260 0.000395
13.96789 1164603 5.8850 0.005453
13.97014 1167226 1.2936 0.001197
13.97239 1169854 6.0875 0.005628
13.97464 1172488 5.6629 0.005230
13.97689 1175128 -1.2291 -0.001134
13.97914 1177774 -6.6398 -0.006118
13.98139 1180426 -6.9446 -0.006392
13.98364 1183084 -9.9486 -0.009146
13.98588 1185748 -8.0002 -0.007347
13.98813 1188418 -2.7067 -0.002483
13.99038 1191094 -0.3587 -0.000329
13.99263 1193776 10.4288 0.009545
13.99488 1196464 6.8621 0.006274
13.99713 1199158 0.2637 0.000241
13.99938 1201858 -7.0128 -0.006397
14.00163 1204565 -4.8491 -0.004418
14.00388 1207277 -2.6070 -0.002373
14.00613 1209995 -8.3888 -0.007626
14.00838 1212720 -6.8093 -0.006183
14.01063 1215451 -2.7482 -0.002493
14.01287 1218187 -1.4691 -0.001331
14.01512 1220930 -2.9359 -0.002657
14.01737 1223680 -3.7415 -0.003382
14.01962 1226435 -1.8723 -0.001691
14.02187 1229196 -3.5216 -0.003176
14.02412 1231964 -2.5543 -0.002301
14.02637 1234738 -6.5676 -0.005910
14.02862 1237519 -9.6547 -0.008679
14.03087 1240305 -8.8161 -0.007916
14.03312 1243098 -8.7788 -0.007874
14.03537 1245897 -8.1254 -0.007280
14.03762 1248702 -9.5062 -0.008507
14.03986 1251514 -1.0807 -0.000966
14.04211 1254332 -2.2615 -0.002019
14.04436 1257156 6.0754 0.005419
14.04661 1259987 2.0223 0.001802
14.04886 1262824 3.6154 0.003217
14.05111 1265668 5.1917 0.004615
14.05336 1268518 6.1840 0.005491
14.05561 1271374 2.8978 0.002570
14.05786 1274237 5.5938 0.004955
14.06011 1277106 -0.8415 -0.000745
14.06236 1279982 -7.7870 -0.006883
14.06461 1282864 -3.4927 -0.003084
14.06685 1285752 -3.6675 -0.003234
14.06910 1288648 -1.4571 -0.001284
14.07135 1291549 -8.8174 -0.007759
14.07360 1294457 -15.7181 -0.013815
14.07585 1297372 -11.3010 -0.009922
14.07810 1300293 -19.6755 -0.017255
14.08035 1303221 -15.1032 -0.013230
14.08260 1306156 -12.6158 -0.011039
14.08485 1309097 -3.9991 -0.003495
14.08710 1312044 -2.1220 -0.001853
14.08935 1314999 -10.1372 -0.008840
14.09160 1317960 -1.0608 -0.000924
14.09384 1320927 3.5585 0.003096
14.09609 1323902 1.5405 0.001339
14.09834 1326883 7.3659 0.006395
14.10059 1329871 7.3979 0.006415
14.10284 1332865 11.7992 0.010220
14.10509 1335866 17.2425 0.014918
14.10734 1338874 25.7901 0.022289
14.10959 1341889 24.0682 0.020777
14.11184 1344910 16.0265 0.013819
14.11409 1347939 20.3109 0.017494
14.11634 1350974 26.1459 0.022495
14.11859 1354016 26.5410 0.022809
14.12083 1357065 33.2848 0.028572
14.12308 1360120 33.7439 0.028934
14.12533 1363183 28.3399 0.024273
14.12758 1366253 28.9224 0.024744
14.12983 1369329 32.3191 0.027619
14.13208 1372412 35.8146 0.030572
14.13433 1375502 35.9876 0.030685
14.13658 1378600 36.5992 0.031171
14.13883 1381704 36.9492 0.031434
14.14108 1384815 33.9535 0.028853
14.14333 1387933 29.3710 0.024931
14.14558 1391058 24.9576 0.021161
14.14782 1394191 27.0375 0.022898
14.15007 1397330 33.1998 0.028086
14.15232 1400476 33.0285 0.027909
14.15457 1403630 30.6400 0.025862
14.15682 1406790 28.2890 0.023851
14.15907 1409958 34.6735 0.029201
14.16132 1413133 44.1074 0.037104
14.16357 1416315 41.0670 0.034507
14.16582 1419504 36.1515 0.030343
14.16807 1422700 33.6872 0.028243
14.17032 1425904 33.5052 0.028059
14.17257 1429114 32.3604 0.027069
14.17481 1432332 29.0558 0.024278
14.17706 1435558 28.7651 0.024008
14.17931 1438790 30.4770 0.025408
14.18156 1442030 33.6223 0.027999
14.18381 1445277 35.6097 0.029621
14.18606 1448531 29.8677 0.024816
14.18831 1451793 30.0149 0.024911
14.19056 1455062 25.9887 0.021545
14.19281 1458338 25.8852 0.021435
14.19506 1461622 32.0964 0.026548
14.19731 1464913 30.5021 0.025201
14.19956 1468211 32.2071 0.026580
14.20180 1471517 34.5393 0.028473
14.20405 1474831 30.8699 0.025419
14.20630 1478152 34.6752 0.028521
14.20855 1481480 32.0481 0.026330
14.21080 1484816 31.2203 0.025621
14.21305 1488159 30.3328 0.024865
14.21530 1491510 38.4162 0.031456
14.21755 1494869 30.5789 0.025010
14.21980 1498235 27.5023 0.022469
14.22205 1501608 22.2694 0.018173
14.22430 1504989 22.8889 0.018658
14.22655 1508378 21.0591 0.017147
14.22880 1511775 15.7143 0.012781
14.23104 1515179 14.0692 0.011430
14.23329 1518590 14.4563 0.011731
14.23554 1522010 4.1049 0.003327
14.23779 1525437 2.5411 0.002057
14.24004 1528872 -0.7134 -0.000577
14.24229 1532314 -4.4989 -0.003634
14.24454 1535765 -5.9823 -0.004827
14.24679 1539223 -4.0211 -0.003241
14.24904 1542689 0.9466 0.000762
14.25129 1546162 1.5403 0.001239
14.25354 1549644 1.9767 0.001588
14.25578 1553133 -0.1596 -0.000128
14.25803 1556630 -2.3048 -0.001847
14.26028 1560135 -0.4857 -0.000389
14.26253 1563648 5.3831 0.004305
14.26478 1567169 6.0153 0.004805
14.26703 1570698 12.6342 0.010081
14.26928 1574235 9.9657 0.007943
14.27153 1577779 16.1022 0.012819
14.27378 1581332 16.4548 0.013085
14.27603 1584893 16.4424 0.013061
14.27828 1588461 16.6099 0.013179
14.28053 1592038 21.2649 0.016853
14.28277 1595623 18.4896 0.014637
14.28502 1599216 14.9579 0.011828
14.28727 1602817 19.5782 0.015464
14.28952 1606426 22.5143 0.017763
14.29177 1610043 28.9943 0.022850
14.29402 1613668 22.0110 0.017327
14.29627 1617302 10.7629 0.008463
14.29852 1620943 10.2736 0.008069
14.30077 1624593 1.5449 0.001212
14.30302 1628251 -10.9597 -0.008589
14.30527 1631918 -13.8876 -0.010871
14.30752 1635592 -16.5977 -0.012978
14.30976 1639275 -19.0324 -0.014865
14.31201 1642966 -12.4832 -0.009739
14.31426 1646666 -11.2853 -0.008794
14.31651 1650374 -4.5120 -0.003512
14.31876 1654090 -8.8872 -0.006910
14.32101 1657814 -7.4655 -0.005798
14.32326 1661547 2.5485 0.001977
14.32551 1665289 6.9262 0.005367
14.32776 1669038 11.7632 0.009105
14.33001 1672796 13.2374 0.010235
14.33226 1676563 1.5848 0.001224
14.33451 1680338 4.9609 0.003827
14.33675 1684122 1.1503 0.000886
14.33900 1687914 6.5388 0.005033
14.34125 1691715 8.4257 0.006478
14.34350 1695524 4.6520 0.003573
14.34575 1699342 13.9035 0.010666
14.34800 1703168 22.2708 0.017065
14.35025 1707003 34.0546 0.026065
14.35250 1710847 25.2549 0.019308
14.35475 1714699 26.2594 0.020054
14.35700 1718560 35.2044 0.026854
14.35925 1722430 40.7854 0.031077
14.36150 1726308 43.7715 0.033314
14.36374 1730195 41.5686 0.031602
14.36599 1734091 41.3841 0.031427
14.36824 1737996 31.9434 0.024230
14.37049 1741909 33.2775 0.025214
14.37274 1745831 37.4212 0.028322
14.37499 1749763 33.9087 0.025634
14.37724 1753702 30.0287 0.022676
14.37949 1757651 31.4465 0.023719
14.38174 1761609 31.8947 0.024031
14.38399 1765576 33.3857 0.025126
14.38624 1769551 27.3521 0.020562
14.38849 1773536 25.8184 0.019387
14.39073 1777529 24.6615 0.018497
14.39298 1781532 24.6754 0.018487
14.39523 1785543 8.1863 0.006126
14.39748 1789564 9.7991 0.007325
14.39973 1793593 13.3777 0.009989
14.40198 1797632 13.9309 0.010390
14.40423 1801679 21.1997 0.015794
14.40648 1805736 19.9984 0.014882
14.40873 1809802 12.6664 0.009415
14.41098 1813877 9.9909 0.007418
14.41323 1817962 12.0233 0.008917
14.41548 1822055 17.5147 0.012975
14.41772 1826158 9.0451 0.006693
14.41997 1830270 18.4618 0.013646
14.42222 1834391 24.6439 0.018195
14.42447 1838522 21.0359 0.015514
14.42672 1842661 26.0941 0.019223
14.42897 1846811 25.7671 0.018961
14.43122 1850969 31.8621 0.023419
14.43347 1855137 31.1789 0.022891
14.43572 1859314 32.4281 0.023782
14.43797 1863501 34.1074 0.024985
14.44022 1867697 40.1876 0.029406
14.44247 1871902 30.1333 0.022024
14.44471 1876117 16.5718 0.012099
14.44696 1880342 18.0503 0.013163
14.44921 1884576 19.5659 0.014253
14.45146 1888819 10.6951 0.007782
14.45371 1893072 3.4279 0.002491
14.45596 1897335 10.9641 0.007960
14.45821 1901607 15.9680 0.011580
14.46046 1905889 11.7842 0.008536
14.46271 1910180 15.8322 0.011455
14.46496 1914481 12.8425 0.009282
14.46721 1918792 9.9938 0.007215
14.46946 1923113 16.8166 0.012127
14.47170 1927443 15.6106 0.011244
14.47395 1931783 3.5230 0.002535
14.47620 1936133 5.3687 0.003858
14.47845 1940493 4.6048 0.003306
14.48070 1944862 2.4524 0.001759
14.48295 1949241 -4.1580 -0.002978
14.48520 1953630 -4.8342 -0.003459
14.48745 1958029 -1.1942 -0.000853
14.48970 1962438 -4.1531 -0.002965
14.49195 1966857 -10.8001 -0.007701
14.49420 1971286 -11.1705 -0.007956
14.49645 1975725 -4.7278 -0.003363
14.49869 1980173 -10.3385 -0.007347
14.50094 1984632 -8.7269 -0.006195
14.50319 1989101 -0.8215 -0.000583
14.50544 1993580 -6.4734 -0.004585
14.50769 1998069 -6.5106 -0.004606
14.50994 2002568 -8.5164 -0.006018
14.51219 2007077 -17.7705 -0.012543
14.51444 2011596 -8.5652 -0.006039
14.51669 2016126 -16.4649 -0.011596
14.51894 2020665 -21.1712 -0.014894
14.52119 2025215 -28.6750 -0.020150
14.52344 2029775 -39.5345 -0.027749
14.52568 2034346 -25.7782 -0.018073
14.52793 2038927 -19.0237 -0.013323
14.53018 2043518 -13.1126 -0.009173
14.53243 2048119 -14.0774 -0.009837
14.53468 2052731 -9.3189 -0.006504
14.53693 2057353 -1.0303 -0.000718
14.53918 2061986 11.0015 0.007661
14.54143 2066628 14.6634 0.010200
14.54368 2071282 17.4980 0.012158
14.54593 2075946 17.2039 0.011940
14.54818 2080620 20.9655 0.014535
14.55043 2085305 19.9013 0.013781
14.55268 2090001 18.9235 0.013090
14.55492 2094707 14.1180 0.009755
14.55717 2099423 16.3102 0.011257
14.55942 2104151 14.6029 0.010067
14.56167 2108889 17.5218 0.012066
14.56392 2113637 25.4929 0.017535
14.56617 2118396 26.2358 0.018026
14.56842 2123166 26.4977 0.018185
14.57067 2127947 20.8244 0.014275
14.57292 2132739 19.7146 0.013500
14.57517 2137541 13.4668 0.009211
14.57742 2142354 22.5126 0.015381
14.57966 2147178 31.4347 0.021452
14.58191 2152013 24.1572 0.016467
14.58416 2156858 18.9677 0.012915
14.58641 2161715 21.4858 0.014613
14.58866 2166583 28.2746 0.019209
14.59091 2171461 29.7868 0.020214
14.59316 2176350 17.4039 0.011797
14.59541 2181251 18.0011 0.012188
14.59766 2186162 11.6367 0.007870
14.59991 2191085 14.6974 0.009929
14.60216 2196019 15.1931 0.010252
14.60441 2200964 17.9812 0.012120
14.60665 2205919 17.8195 0.011998
14.60890 2210886 14.8715 0.010002
14.61115 2215865 20.1676 0.013548
14.61340 2220854 20.0470 0.013452
14.61565 2225855 30.0292 0.020128
14.61790 2230867 31.9602 0.021398
14.62015 2235890 38.7502 0.025915
14.62240 2240925 36.3937 0.024312
14.62465 2245971 20.6026 0.013747
14.62690 2251028 17.5178 0.011676
14.62915 2256096 17.7307 0.011805
14.63140 2261176 16.3869 0.010898
14.63364 2266268 13.7447 0.009130
14.63589 2271371 16.5238 0.010964
14.63814 2276485 16.8599 0.011174
14.64039 2281611 9.5279 0.006308
14.64264 2286749 22.0127 0.014557
14.64489 2291898 21.6848 0.014324
14.64714 2297059 27.0704 0.017861
14.64939 2302231 16.9360 0.011162
14.65164 2307415 18.4054 0.012117
14.65389 2312610 -5.4012 -0.003552
14.65614 2317818 -3.8631 -0.002537
14.65839 2323037 -1.1414 -0.000749
14.66063 2328267 10.7576 0.007050
14.66288 2333510 12.9636 0.008486
14.66513 2338764 18.1544 0.011871
14.66738 2344031 12.2831 0.008023
14.66963 2349309 9.3933 0.006128
14.67188 2354599 3.5968 0.002344
14.67413 2359900 -1.8984 -0.001236
14.67638 2365214 -1.5428 -0.001003
14.67863 2370540 -14.4556 -0.009389
14.68088 2375878 -14.0055 -0.009086
14.68313 2381227 -6.5856 -0.004268
14.68538 2386589 -2.1502 -0.001392
14.68762 2391963 -5.4372 -0.003516
14.68987 2397349 -1.3036 -0.000842
14.69212 2402747 3.2961 0.002126
14.69437 2408158 4.4338 0.002857
14.69662 2413580 15.0679 0.009699
14.69887 2419015 14.6733 0.009434
14.70112 2424462 15.4549 0.009926
14.70337 2429921 20.9813 0.013460
14.70562 2435392 17.3286 0.011104
14.70787 2440876 18.9419 0.012124
14.71012 2446372 17.0846 0.010923
14.71237 2451881 12.9559 0.008274
14.71461 2457401 5.1645 0.003294
14.71686 2462935 -0.9959 -0.000635
14.71911 2468481 -5.1463 -0.003276
14.72136 2474039 -5.9226 -0.003765
14.72361 2479610 -13.1866 -0.008374
14.72586 2485193 -17.8260 -0.011308
14.72811 2490789 -29.0581 -0.018412
14.73036 2496397 -16.2220 -0.010267
14.73261 2502018 -4.5401 -0.002870
14.73486 2507652 -11.0759 -0.006994
14.73711 2513299 -16.3029 -0.010284
14.73936 2518958 -13.3787 -0.008430
14.74161 2524630 -9.2410 -0.005816
14.74385 2530315 -21.3014 -0.013391
14.74610 2536012 -22.8761 -0.014365
14.74835 2541722 -13.7766 -0.008641
14.75060 2547446 -13.6656 -0.008562
14.75285 2553182 -5.0487 -0.003160
14.75510 2558931 -7.0126 -0.004384
14.75735 2564693 -9.1310 -0.005702
14.75960 2570468 -5.6081 -0.003498
14.76185 2576255 -18.4689 -0.011507
14.76410 2582056 -21.9643 -0.013669
14.76635 2587870 -24.6484 -0.015322
14.76860 2593698 -18.3654 -0.011404
14.77084 2599538 -29.2152 -0.018120
14.77309 2605391 -28.8871 -0.017897
14.77534 2611258 -26.1012 -0.016152
14.77759 2617137 -31.7432 -0.019622
14.77984 2623030 -33.3690 -0.020604
14.78209 2628937 -33.1374 -0.020438
14.78434 2634856 -20.7817 -0.012803
14.78659 2640789 -29.3802 -0.018080
14.78884 2646735 -32.4907 -0.019971
14.79109 2652695 -32.7130 -0.020085
14.79334 2658668 -35.4769 -0.021758
14.79559 2664655 -32.5871 -0.019963
14.79783 2670655 -31.6427 -0.019363
14.80008 2676668 -30.6912 -0.018759
14.80233 2682695 -25.5479 -0.015598
14.80458 2688736 -24.3764 -0.014866
14.80683 2694790 -26.0729 -0.015883
14.80908 2700858 -14.2591 -0.008676
14.81133 2706940 -12.3208 -0.007489
14.81358 2713035 -22.4825 -0.013650
14.81583 2719144 -18.8899 -0.011455
14.81808 2725266 -29.1984 -0.017687
14.82033 2731403 -20.6153 -0.012474
14.82258 2737553 -16.0242 -0.009685
14.82482 2743717 -18.6241 -0.011244
14.82707 2749895 -19.9779 -0.012047
14.82932 2756087 -23.6720 -0.014259
14.83157 2762293 -30.7281 -0.018488
14.83382 2768513 -33.8391 -0.020337
14.83607 2774747 -38.6334 -0.023193
14.83832 2780995 -49.1211 -0.029456
14.84057 2787257 -52.4397 -0.031410
14.84282 2793533 -36.1198 -0.021611
14.84507 2799823 -35.5562 -0.021250
14.84732 2806127 -38.8834 -0.023212
14.84957 2812446 -29.4829 -0.017580
14.85181 2818779 -23.1099 -0.013765
14.85406 2825126 -13.6684 -0.008132
14.85631 2831487 -24.1423 -0.014347
14.85856 2837863 -11.4395 -0.006791
14.86081 2844253 -8.0338 -0.004764
14.86306 2850657 -1.0107 -0.000599
14.86531 2857076 2.1545 0.001275
14.86756 2863509 -2.8095 -0.001660
14.86981 2869957 1.7919 0.001058
14.87206 2876419 -0.4134 -0.000244
14.87431 2882896 -9.0599 -0.005336
14.87655 2889387 -6.7634 -0.003979
14.87880 2895894 -8.7210 -0.005125
14.88105 2902414 -1.0055 -0.000590
14.88330 2908950 -7.8358 -0.004594
14.88555 2915500 -10.2340 -0.005994
14.88780 2922064 -17.2326 -0.010081
14.89005 2928644 -24.1451 -0.014109
14.89230 2935238 -22.9520 -0.013397
14.89455 2941848 -18.8713 -0.011003
14.89680 2948472 -14.9175 -0.008688
14.89905 2955111 -7.7205 -0.004491
14.90130 2961765 -7.3466 -0.004269
14.90355 2968434 -3.3994 -0.001973
14.90579 2975118 -1.6275 -0.000944
14.90804 2981817 -0.7752 -0.000449
14.91029 2988531 -1.6433 -0.000951
14.91254 2995261 3.4493 0.001993
14.91479 3002005 9.5270 0.005499
14.91704 3008765 10.2546 0.005912
14.91929 3015539 0.1219 0.000070
14.92154 3022329 7.9927 0.004598
14.92379 3029135 14.8119 0.008510
14.92604 3035956 18.9168 0.010857
14.92829 3042792 3.9894 0.002287
14.93054 3049643 13.2200 0.007570
14.93278 3056510 8.1139 0.004641
14.93503 3063392 7.7937 0.004453
14.93728 3070290 7.3051 0.004169
14.93953 3077203 18.9892 0.010825
14.94178 3084132 20.5479 0.011700
14.94403 3091077 16.8024 0.009557
14.94628 3098037 7.9427 0.004513
14.94853 3105013 -1.3204 -0.000749
14.95078 3112005 -14.8793 -0.008435
14.95303 3119012 -13.9517 -0.007900
14.95528 3126035 -11.9242 -0.006744
14.95753 3133074 -7.5437 -0.004262
14.95977 3140129 -8.4165 -0.004750
14.96202 3147199 -11.5439 -0.006507
14.96427 3154286 -14.3506 -0.008080
14.96652 3161388 -16.3609 -0.009202
14.96877 3168507 -22.9372 -0.012886
14.97102 3175641 -18.6369 -0.010458
14.97327 3182792 -23.9946 -0.013450
14.97552 3189959 -23.3295 -0.013062
14.97777 3197141 -16.6100 -0.009289
14.98002 3204340 -19.0708 -0.010654
14.98227 3211556 -27.0716 -0.015106
14.98452 3218787 -32.6465 -0.018197
14.98676 3226035 -32.5105 -0.018100
14.98901 3233299 -28.6805 -0.015950
14.99126 3240579 -51.2726 -0.028482
14.99351 3247876 -57.9784 -0.032171
14.99576 3255189 -61.5212 -0.034099
14.99801 3262519 -67.5062 -0.037374
15.00026 3269865 -63.7912 -0.035277
15.00251 3277228 -58.6613 -0.032404
15.00476 3284607 -64.4502 -0.035562
15.00701 3292003 -53.2133 -0.029329
15.00926 3299416 -48.1649 -0.026516
15.01151 3306845 -55.5077 -0.030524
15.01375 3314291 -65.4424 -0.035947
15.01600 3321754 -62.6645 -0.034383
15.01825 3329234 -69.7042 -0.038202
15.02050 3336730 -73.8764 -0.040443
15.02275 3344243 -78.6005 -0.042981
15.02500 3351773 -68.3133 -0.037314
15.02725 3359321 -58.7652 -0.032062
15.02950 3366885 -49.1137 -0.026766
15.03175 3374466 -40.1549 -0.021859
15.03400 3382064 -23.9609 -0.013029
15.03625 3389680 -23.9665 -0.013017
15.03850 3397312 -30.2202 -0.016396
15.04074 3404962 -20.5453 -0.011134
15.04299 3412629 -15.0159 -0.008128
15.04524 3420313 -7.7727 -0.004203
15.04749 3428015 -1.5302 -0.000826
15.04974 3435734 -1.0724 -0.000579
15.05199 3443470 0.0807 0.000043
15.05424 3451223 -0.3168 -0.000171
15.05649 3458995 8.9782 0.004827
15.05874 3466783 21.8680 0.011745
15.06099 3474589 31.0764 0.016672
15.06324 3482413 23.5658 0.012628
15.06549 3490254 38.9589 0.020853
15.06773 3498113 31.8401 0.017024
15.06998 3505990 35.7184 0.019076
15.07223 3513885 33.6907 0.017973
15.07448 3521797 29.4589 0.015698
15.07673 3529727 27.4209 0.014595
15.07898 3537675 9.7430 0.005180
15.08123 3545640 6.5403 0.003473
15.08348 3553624 -2.3779 -0.001261
15.08573 3561626 0.4218 0.000224
15.08798 3569646 -0.5006 -0.000265
15.09023 3577683 9.9900 0.005282
15.09248 3585739 17.5311 0.009258
15.09472 3593813 23.2962 0.012289
15.09697 3601905 28.5904 0.015064
15.09922 3610016 19.5958 0.010314
15.10147 3618144 11.5608 0.006078
15.10372 3626291 3.7265 0.001957
15.10597 3634457 -3.3196 -0.001741
15.10822 3642640 -1.5558 -0.000815
15.11047 3650843 4.1113 0.002152
15.11272 3659063 19.9305 0.010419
15.11497 3667302 15.6939 0.008195
15.11722 3675560 4.6588 0.002430
15.11947 3683836 -0.5531 -0.000288
15.12171 3692131 4.4382 0.002310
15.12396 3700445 0.8217 0.000427
15.12621 3708777 18.1953 0.009448
15.12846 3717128 14.4944 0.007518
15.13071 3725498 13.7933 0.007146
15.13296 3733887 19.7040 0.010197
15.13521 3742294 22.0356 0.011391
15.13746 3750721 15.1762 0.007836
15.13971 3759166 21.8078 0.011248
15.14196 3767631 25.5006 0.013138
15.14421 3776114 22.8014 0.011734
15.14646 3784617 35.0583 0.018021
15.14870 3793139 35.2042 0.018076
15.15095 3801680 37.5145 0.019240
15.15320 3810240 47.7138 0.024444
15.15545 3818819 49.7021 0.025434
15.15770 3827418 50.3495 0.025736
15.15995 3836036 54.9470 0.028055
15.16220 3844674 35.1011 0.017902
15.16445 3853331 34.3514 0.017500
15.16670 3862008 24.4262 0.012429
15.16895 3870704 28.7739 0.014625
15.17120 3879419 32.5397 0.016521
15.17345 3888155 30.7949 0.015617
15.17569 3896910 27.6555 0.014009
15.17794 3905684 23.1069 0.011692
15.18019 3914479 9.7367 0.004921
15.18244 3923293 19.2093 0.009698
15.18469 3932127 12.4814 0.006294
15.18694 3940981 5.4359 0.002738
15.18919 3949855 24.7893 0.012473
15.19144 3958749 35.2500 0.017717
15.19369 3967663 26.8219 0.013465
15.19594 3976597 19.8616 0.009960
15.19819 3985551 23.3373 0.011690
15.20044 3994525 14.2372 0.007123
15.20268 4003520 14.2550 0.007124
15.20493 4012534 20.2644 0.010116
15.20718 4021569 15.3785 0.007669
15.20943 4030625 11.5665 0.005761
15.21168 4039700 -3.3090 -0.001646
15.21393 4048797 10.5048 0.005221
15.21618 4057913 19.6932 0.009776
15.21843 4067050 16.0678 0.007967
15.22068 4076208 1.1881 0.000588
15.22293 4085387 -1.9794 -0.000979
15.22518 4094586 -5.6769 -0.002805
15.22743 4103805 -6.9326 -0.003422
15.22967 4113046 -10.6169 -0.005235
15.23192 4122307 -22.7611 -0.011210
15.23417 4131589 -43.8109 -0.021554
15.23642 4140893 -37.3721 -0.018365
15.23867 4150217 -43.4267 -0.021317
15.24092 4159562 -54.2457 -0.026598
15.24317 4168928 -58.0698 -0.028441
15.24542 4178315 -70.9817 -0.034725
15.24767 4187723 -83.3287 -0.040720
15.24992 4197153 -83.5443 -0.040779
15.25217 4206603 -78.3796 -0.038215
15.25442 4216075 -78.4084 -0.038186
15.25666 4225569 -88.4747 -0.043040
15.25891 4235083 -78.2639 -0.038030
15.26116 4244620 -83.8971 -0.040722
15.26341 4254177 -82.4189 -0.039959
15.26566 4263756 -91.0538 -0.044096
15.26791 4273357 -89.3791 -0.043237
15.27016 4282979 -94.3991 -0.045614
15.27241 4292623 -90.4774 -0.043670
15.27466 4302289 -85.8611 -0.041395
15.27691 4311976 -81.9103 -0.039446
15.27916 4321686 -90.6559 -0.043608
15.28141 4331417 -83.2706 -0.040011
15.28365 4341170 -71.2969 -0.034219
15.28590 4350945 -75.0713 -0.035990
15.28815 4360742 -91.8031 -0.043962
15.29040 4370561 -90.5378 -0.043307
15.29265 4380402 -85.6805 -0.040938
15.29490 4390266 -83.2394 -0.039727
15.29715 4400151 -78.9478 -0.037636
15.29940 4410059 -83.9475 -0.039975
15.30165 4419989 -84.5021 -0.040194
15.30390 4429942 -70.0923 -0.033302
15.30615 4439916 -70.0548 -0.033247
15.30840 4449914 -66.1393 -0.031353
15.31064 4459934 -64.2538 -0.030425
15.31289 4469976 -74.8459 -0.035401
15.31514 4480041 -64.2012 -0.030332
15.31739 4490129 -48.1163 -0.022707
15.31964 4500239 -37.6675 -0.017756
15.32189 4510372 -29.4143 -0.013850
15.32414 4520528 -31.0387 -0.014599
15.32639 4530707 -50.1560 -0.023564
15.32864 4540909 -58.7588 -0.027574
15.33089 4551134 -49.4380 -0.023174
15.33314 4561382 -51.9454 -0.024322
15.33539 4571653 -56.1078 -0.026241
15.33763 4581946 -46.7008 -0.021817
15.33988 4592264 -55.6300 -0.025959
15.34213 4602604 -53.5203 -0.024947
15.34438 4612968 -65.9533 -0.030708
15.34663 4623355 -67.5259 -0.031404
15.34888 4633765 -60.9779 -0.028327
15.35113 4644199 -65.8267 -0.030545
15.35338 4654656 -60.7818 -0.028173
15.35563 4665137 -55.8032 -0.025836
15.35788 4675642 -53.1565 -0.024583
15.36013 4686170 -51.4066 -0.023747
15.36238 4696722 -66.3820 -0.030630
15.36462 4707297 -69.3203 -0.031950
15.36687 4717897 -65.8865 -0.030333
15.36912 4728520 -57.9703 -0.026659
15.37137 4739167 -36.9864 -0.016990
15.37362 4749838 -28.4479 -0.013053
15.37587 4760534 -24.4728 -0.011216
15.37812 4771253 -17.8959 -0.008193
15.38037 4781996 -10.6552 -0.004873
15.38262 4792764 -20.2985 -0.009272
15.38487 4803556 -18.2965 -0.008348
15.38712 4814372 -16.3006 -0.007429
15.38937 4825212 -6.5900 -0.003000
15.39161 4836077 -4.0128 -0.001825
15.39386 4846967 11.5113 0.005229
15.39611 4857881 14.3239 0.006499
15.39836 4868819 26.1213 0.011838
15.40061 4879782 17.2189 0.007795
15.40286 4890770 16.5671 0.007491
15.40511 4901783 20.3415 0.009188
15.40736 4912820 36.9624 0.016676
15.40961 4923882 33.4866 0.015091
15.41186 4934969 37.7116 0.016976
15.41411 4946081 39.2996 0.017671
15.41636 4957218 45.8238 0.020581
15.41860 4968381 51.0070 0.022884
15.42085 4979568 65.1434 0.029193
15.42310 4990780 49.3376 0.022085
15.42535 5002018 50.9064 0.022761
15.42760 5013281 54.5880 0.024380
15.42985 5024570 59.7179 0.026641
15.43210 5035883 50.3939 0.022456
15.43435 5047223 52.4795 0.023360
15.43660 5058587 48.8172 0.021705
15.43885 5069978 65.3534 0.029025
15.44110 5081394 55.4917 0.024617
15.44335 5092836 68.6564 0.030423
15.44559 5104303 51.4378 0.022767
15.44784 5115797 51.5955 0.022812
15.45009 5127316 36.4776 0.016109
15.45234 5138861 39.1111 0.017253
15.45459 5150432 34.8087 0.015338
15.45684 5162029 52.9964 0.023326
15.45909 5173653 54.1939 0.023826
15.46134 5185302 60.2137 0.026443
15.46359 5196978 56.5594 0.024810
15.46584 5208680 45.0791 0.019752
15.46809 5220408 57.7340 0.025268
15.47034 5232163 67.6186 0.029561
15.47258 5243944 64.4064 0.028125
15.47483 5255752 60.3613 0.026329
15.47708 5267587 58.2181 0.025366
15.47933 5279448 47.1634 0.020526
15.48158 5291335 45.0352 0.019578
15.48383 5303250 63.2140 0.027450
15.48608 5315191 78.1102 0.033880
15.48833 5327159 89.6783 0.038854
15.49058 5339154 81.1719 0.035129
15.49283 5351177 73.9170 0.031954
15.49508 5363226 54.9009 0.023706
15.49733 5375302 58.6048 0.025277
15.49957 5387406 51.3601 0.022128
15.50182 5399537 47.5239 0.020452
15.50407 5411695 68.5488 0.029467
15.50632 5423880 71.9622 0.030899
15.50857 5436093 54.7963 0.023502
15.51082 5448334 58.7600 0.025174
15.51307 5460602 74.2633 0.031780
15.51532 5472897 79.6944 0.034066
15.51757 5485221 60.1199 0.025670
15.51982 5497572 71.2356 0.030382
15.52207 5509951 58.8473 0.025070
15.52432 5522357 42.4078 0.018046
15.52656 5534792 47.2930 0.020102
15.52881 5547255 43.7601 0.018580
15.53106 5559745 30.8425 0.013080
15.53331 5572264 29.7247 0.012592
15.53556 5584811 16.9697 0.007181
15.53781 5597387 13.9556 0.005899
15.54006 5609990 -5.1951 -0.002193
15.54231 5622622 -1.5890 -0.000670
15.54456 5635283 0.9589 0.000404
15.54681 5647972 -3.3144 -0.001395
15.54906 5660689 15.7042 0.006601
15.55131 5673435 25.0476 0.010516
15.55355 5686210 24.5104 0.010279
15.55580 5699014 62.4107 0.026143
15.55805 5711846 51.9680 0.021744
15.56030 5724708 44.9369 0.018781
15.56255 5737598 52.9703 0.022114
15.56480 5750517 65.1877 0.027184
15.56705 5763466 61.1030 0.025452
15.56930 5776443 68.0508 0.028314
15.57155 5789450 71.6909 0.029795
15.57380 5802486 62.1229 0.025790
15.57605 5815552 65.4310 0.027132
15.57830 5828647 82.9916 0.034376
15.58054 5841771 73.5314 0.030423
15.58279 5854925 82.7079 0.034181
15.58504 5868108 74.2472 0.030650
15.58729 5881322 81.8490 0.033750
15.58954 5894565 80.3417 0.033091
15.59179 5907837 77.9448 0.032068
15.59404 5921140 84.2311 0.034615
15.59629 5934473 71.2360 0.029242
15.59854 5947835 56.8763 0.023321
15.60079 5961228 63.0899 0.025840
15.60304 5974651 56.8611 0.023263
15.60529 5988104 30.4574 0.012447
15.60753 6001587 36.8283 0.015033
15.60978 6015101 32.9217 0.013423
15.61203 6028645 34.6710 0.014121
15.61428 6042220 39.2575 0.015971
15.61653 6055825 36.8995 0.014995
15.61878 6069461 37.9828 0.015417
15.62103 6083128 39.0863 0.015847
15.62328 6096825 30.9507 0.012535
15.62553 6110553 34.6903 0.014034
15.62778 6124313 48.0742 0.019426
15.63003 6138103 38.6911 0.015617
15.63228 6151924 46.2161 0.018633
15.63452 6165776 52.3901 0.021099
15.63677 6179660 53.6130 0.021567
15.63902 6193574 46.1135 0.018529
15.64127 6207520 36.0730 0.014478
15.64352 6221498 20.0339 0.008032
15.64577 6235507 29.3393 0.011749
15.64802 6249547 29.8215 0.011929
15.65027 6263619 18.4610 0.007376
15.65252 6277723 22.6090 0.009024
15.65477 6291859 24.1942 0.009645
15.65702 6306026 13.7820 0.005488
15.65927 6320225 6.4175 0.002553
15.66151 6334457 1.6152 0.000642
15.66376 6348720 -2.6225 -0.001041
15.66601 6363015 12.6868 0.005029
15.66826 6377343 5.6965 0.002256
15.67051 6391703 10.4780 0.004144
15.67276 6406095 4.7877 0.001892
15.67501 6420520 20.1582 0.007956
15.67726 6434977 20.0004 0.007884
15.67951 6449466 10.2629 0.004041
15.68176 6463989 5.8816 0.002313
15.68401 6478543 17.4430 0.006853
15.68626 6493131 31.6870 0.012435
15.68850 6507752 29.1300 0.011419
15.69075 6522405 48.3258 0.018922
15.69300 6537092 40.3777 0.015792
15.69525 6551811 55.5333 0.021696
15.69750 6566564 48.6573 0.018988
15.69975 6581350 49.2939 0.019215
15.70200 6596169 66.9272 0.026059
15.70425 6611022 63.8769 0.024843
15.70650 6625908 56.4330 0.021924
15.70875 6640827 47.7733 0.018538
15.71100 6655780 36.3186 0.014078
15.71325 6670767 46.4704 0.017992
15.71549 6685788 43.7260 0.016911
15.71774 6700842 44.9441 0.017362
15.71999 6715931 29.6202 0.011430
15.72224 6731053 36.2559 0.013975
15.72449 6746209 32.9902 0.012702
15.72674 6761400 35.2689 0.013564
15.72899 6776624 34.9595 0.013429
15.73124 6791883 22.2066 0.008521
15.73349 6807176 16.0185 0.006140
15.73574 6822504 27.6544 0.010587
15.73799 6837866 28.2187 0.010791
15.74024 6853263 19.3152 0.007378
15.74248 6868695 5.9110 0.002255
15.74473 6884161 -1.6960 -0.000646
15.74698 6899662 -7.3445 -0.002796
15.74923 6915198 -6.9174 -0.002631
15.75148 6930769 -11.6087 -0.004410
15.75373 6946375 4.2028 0.001595
15.75598 6962016 5.5295 0.002096
15.75823 6977692 2.5886 0.000980
15.76048 6993404 7.3198 0.002768
15.76273 7009151 8.4989 0.003210
15.76498 7024933 -5.3871 -0.002033
15.76723 7040752 1.2912 0.000487
15.76947 7056605 -22.7544 -0.008566
15.77172 7072495 -17.5723 -0.006608
15.77397 7088420 -16.8416 -0.006326
15.77622 7104381 -16.3675 -0.006141
15.77847 7120378 -18.5597 -0.006955
15.78072 7136410 -12.9394 -0.004844
15.78297 7152480 9.2969 0.003476
15.78522 7168585 10.2705 0.003836
15.78747 7184726 9.8033 0.003657
15.78972 7200904 5.2929 0.001972
15.79197 7217118 13.7518 0.005119
15.79422 7233369 21.2931 0.007917
15.79646 7249657 14.6199 0.005430
15.79871 7265981 7.2912 0.002705
15.80096 7282341 5.6412 0.002090
15.80321 7298739 6.0092 0.002224
15.80546 7315174 3.5959 0.001330
15.80771 7331645 3.9811 0.001470
15.80996 7348154 6.0714 0.002240
15.81221 7364700 25.9904 0.009577
15.81446 7381283 4.9935 0.001838
15.81671 7397903 0.9083 0.000334
15.81896 7414561 3.5957 0.001320
15.82121 7431256 17.4365 0.006396
15.82345 7447989 21.9354 0.008038
15.82570 7464760 20.3803 0.007459
15.82795 7481568 20.3754 0.007449
15.83020 7498415 26.0863 0.009526
15.83245 7515299 34.9565 0.012751
15.83470 7532221 17.2631 0.006290
15.83695 7549181 -1.6475 -0.000600
15.83920 7566180 8.5223 0.003098
15.84145 7583216 23.9913 0.008712
15.84370 7600292 27.7880 0.010080
15.84595 7617405 22.4772 0.008144
15.84820 7634557 18.1423 0.006566
15.85044 7651748 18.7444 0.006776
15.85269 7668977 -1.8984 -0.000686
15.85494 7686246 -6.8456 -0.002469
15.85719 7703553 5.8349 0.002102
15.85944 7720899 2.1708 0.000781
15.86169 7738284 0.6579 0.000237
15.86394 7755708 -13.0759 -0.004695
15.86619 7773172 8.6139 0.003090
15.86844 7790675 21.3134 0.007636
15.87069 7808217 19.2186 0.006878
15.87294 7825799 9.4445 0.003376
15.87519 7843420 -1.5076 -0.000538
15.87743 7861081 0.5025 0.000179
15.87968 7878782 -10.0117 -0.003567
15.88193 7896522 6.0406 0.002150
15.88418 7914303 15.7825 0.005610
15.88643 7932124 25.3383 0.008997
15.88868 7949984 34.8648 0.012365
15.89093 7967885 31.0955 0.011016
15.89318 7985827 31.1135 0.011010
15.89543 8003808 33.2806 0.011764
15.89768 8021830 28.9171 0.010210
15.89993 8039893 27.9143 0.009845
15.90218 8057997 51.7610 0.018234
15.90442 8076141 55.9720 0.019696
15.90667 8094326 49.2925 0.017326
15.90892 8112552 44.5329 0.015635
15.91117 8130819 41.9737 0.014720
15.91342 8149127 53.7684 0.018835
15.91567 8167476 45.2139 0.015821
15.91792 8185867 38.6104 0.013495
15.92017 8204299 40.7148 0.014215
15.92242 8222773 38.3131 0.013361
15.92467 8241288 8.9395 0.003114
15.92692 8259845 25.2868 0.008798
15.92917 8278444 24.0118 0.008345
15.93141 8297084 36.4306 0.012647
15.93366 8315767 50.6782 0.017574
15.93591 8334491 70.2176 0.024322
15.93816 8353258 63.4190 0.021943
15.94041 8372067 67.8105 0.023436
15.94266 8390918 63.6798 0.021983
15.94491 8409812 55.6293 0.019183
15.94716 8428749 43.8390 0.015100
15.94941 8447728 69.4238 0.023886
15.95166 8466749 90.1662 0.030987
15.95391 8485814 90.7937 0.031168
15.95616 8504921 73.0806 0.025059
15.95840 8524072 93.4585 0.032011
15.96065 8543266 93.7979 0.032091
15.96290 8562502 97.9983 0.033490
15.96515 8581783 117.9580 0.040266
15.96740 8601106 115.2861 0.039310
15.96965 8620473 116.8085 0.039784
15.97190 8639884 114.5814 0.038982
15.97415 8659338 97.9974 0.033302
15.97640 8678837 105.6773 0.035872
15.97865 8698379 105.3527 0.035721
15.98090 8717965 82.7352 0.028021
15.98315 8737595 81.0902 0.027433
15.98539 8757270 67.0345 0.022652
15.98764 8776988 34.4791 0.011638
15.98989 8796751 24.5510 0.008278
15.99214 8816559 15.2846 0.005148
15.99439 8836411 32.9489 0.011084
15.99664 8856308 21.2501 0.007141
15.99889 8876250 -0.5255 -0.000176
16.00114 8896237 -12.7847 -0.004286
16.00339 8916268 -2.9933 -0.001002
16.00564 8936345 8.1297 0.002720
16.00789 8956467 5.9981 0.002004
16.01014 8976634 28.4255 0.009488
16.01238 8996847 32.9212 0.010976
16.01463 9017105 47.2478 0.015734
16.01688 9037409 56.6091 0.018831
16.01913 9057758 63.4300 0.021076
16.02138 9078154 50.4478 0.016743
16.02363 9098595 49.3290 0.016354
16.02588 9119082 46.4684 0.015388
16.02813 9139616 43.4736 0.014380
16.03038 9160195 47.0924 0.015560
16.03263 9180821 31.5562 0.010415
16.03488 9201494 18.7537 0.006182
16.03713 9222213 13.9847 0.004605
16.03937 9242978 9.1602 0.003013
16.04162 9263791 7.3130 0.002403
16.04387 9284650 1.9989 0.000656
16.04612 9305556 10.4109 0.003413
16.04837 9326510 11.0366 0.003614
16.05062 9347510 -6.7166 -0.002197
16.05287 9368558 -13.7096 -0.004479
16.05512 9389653 -10.6574 -0.003478
16.05737 9410796 5.9102 0.001927
16.05962 9431986 2.0315 0.000661
16.06187 9453224 18.6409 0.006063
16.06412 9474510 27.4251 0.008910
16.06636 9495844 -1.9434 -0.000631
16.06861 9517225 -9.7517 -0.003161
16.07086 9538655 -22.8982 -0.007414
16.07311 9560134 -11.2967 -0.003654
16.07536 9581660 -4.5070 -0.001456
16.07761 9603235 4.4038 0.001421
16.07986 9624859 7.4299 0.002395
16.08211 9646531 -2.9796 -0.000959
16.08436 9668252 -25.5397 -0.008214
16.08661 9690022 -36.8173 -0.011827
16.08886 9711841 -45.4159 -0.014573
16.09111 9733709 -15.6346 -0.005011
16.09335 9755627 -19.5210 -0.006250
16.09560 9777593 -32.1370 -0.010278
16.09785 9799609 -40.3510 -0.012890
16.10010 9821675 -37.1501 -0.011854
16.10235 9843791 -39.4523 -0.012575
16.10460 9865956 -26.6853 -0.008496
16.10685 9888171 -9.2850 -0.002953
16.10910 9910436 -9.7391 -0.003094
16.11135 9932752 1.9038 0.000604
16.11360 9955117 9.4874 0.003007
16.11585 9977533 -17.7840 -0.005630
16.11810 10000000 -7.3072 -0.002311
