logY Y P PoverSqrtY
6.90675 999 -0.7208 -0.022806
6.90975 1002 -1.0138 -0.032028
6.91175 1004 -0.8486 -0.026781
6.91374 1006 -0.8253 -0.026022
6.91672 1009 -0.8979 -0.028267
6.91870 1011 -0.8643 -0.027183
6.92067 1013 -0.6702 -0.021056
6.92264 1015 -0.6261 -0.019654
6.92560 1018 -0.4077 -0.012777
6.92756 1020 -0.4774 -0.014949
6.92952 1022 -0.4398 -0.013758
6.93245 1025 -0.3334 -0.010413
6.93440 1027 -0.3012 -0.009399
6.93634 1029 -0.4433 -0.013818
6.93828 1031 -0.2006 -0.006249
6.94119 1034 -0.1825 -0.005675
6.94312 1036 -0.2580 -0.008016
6.94505 1038 -0.2809 -0.008717
6.94794 1041 -0.3747 -0.011614
6.94986 1043 -0.5650 -0.017493
6.95273 1046 -0.3327 -0.010286
6.95464 1048 -0.2604 -0.008043
6.95655 1050 -0.3580 -0.011049
6.95940 1053 -0.0318 -0.000980
6.96130 1055 0.0426 0.001311
6.96319 1057 0.0386 0.001186
6.96602 1060 0.2198 0.006751
6.96791 1062 0.0113 0.000347
6.97073 1065 -0.0027 -0.000083
6.97261 1067 0.4308 0.013188
6.97448 1069 0.5479 0.016757
6.97728 1072 0.7132 0.021782
6.97915 1074 0.7549 0.023034
6.98193 1077 0.5816 0.017721
6.98379 1079 0.7345 0.022362
6.98564 1081 0.7776 0.023649
6.98841 1084 0.7731 0.023481
6.99026 1086 0.7190 0.021818
6.99302 1089 0.9168 0.027783
6.99485 1091 1.0203 0.030890
6.99760 1094 1.0725 0.032425
6.99942 1096 1.0684 0.032273
7.00216 1099 0.9043 0.027277
7.00397 1101 0.8121 0.024476
7.00670 1104 0.8277 0.024911
7.00851 1106 0.9526 0.028643
7.01121 1109 1.1733 0.035234
7.01302 1111 1.1732 0.035198
7.01571 1114 0.8863 0.026554
7.01751 1116 0.6780 0.020295
7.02019 1119 0.1365 0.004079
7.02198 1121 0.0926 0.002766
7.02465 1124 0.1741 0.005193
7.02643 1126 -0.0461 -0.001375
7.02909 1129 -0.0616 -0.001834
7.03086 1131 -0.1153 -0.003428
7.03351 1134 -0.4052 -0.012033
7.03527 1136 -0.2494 -0.007401
7.03791 1139 -0.3588 -0.010632
7.03966 1141 -0.4176 -0.012364
7.04229 1144 -0.0606 -0.001792
7.04491 1147 -0.0783 -0.002313
7.04665 1149 -0.0619 -0.001826
7.04925 1152 0.1406 0.004143
7.05099 1154 0.0195 0.000574
7.05359 1157 0.0060 0.000178
7.05618 1160 -0.1124 -0.003301
7.05790 1162 -0.1484 -0.004353
7.06048 1165 -0.0693 -0.002031
7.06219 1167 -0.3664 -0.010725
7.06476 1170 -0.5378 -0.015723
7.06732 1173 -0.5117 -0.014939
7.06902 1175 -0.5589 -0.016304
7.07157 1178 -0.4367 -0.012724
7.07412 1181 -0.3860 -0.011232
7.07581 1183 -0.3282 -0.009541
7.07834 1186 -0.1954 -0.005673
7.08087 1189 -0.2979 -0.008638
7.08255 1191 -0.4322 -0.012525
7.08506 1194 -0.2877 -0.008325
7.08757 1197 -0.3662 -0.010584
7.08924 1199 -0.2977 -0.008598
7.09174 1202 -0.1841 -0.005310
7.09423 1205 -0.2400 -0.006914
7.09589 1207 -0.1267 -0.003648
7.09838 1210 -0.3570 -0.010264
7.10085 1213 -0.4756 -0.013656
7.10332 1216 -0.4347 -0.012467
7.10497 1218 -0.7187 -0.020594
7.10743 1221 -0.4672 -0.013370
7.10988 1224 -0.5741 -0.016409
7.11233 1227 -0.4388 -0.012528
7.11396 1229 -0.3562 -0.010161
7.11639 1232 -0.6111 -0.017409
7.11883 1235 -0.3110 -0.008849
7.12125 1238 -0.3570 -0.010145
7.12367 1241 -0.1145 -0.003250
7.12528 1243 -0.1245 -0.003532
7.12769 1246 -0.3944 -0.011172
7.13010 1249 -0.3886 -0.010995
7.13250 1252 -0.6182 -0.017472
7.13489 1255 -0.4480 -0.012646
7.13648 1257 -0.5207 -0.014685
7.13887 1260 -0.6597 -0.018586
7.14125 1263 -0.7403 -0.020832
7.14362 1266 -1.0905 -0.030650
7.14598 1269 -1.1471 -0.032202
7.14835 1272 -1.3042 -0.036568
7.14992 1274 -1.3578 -0.038042
7.15227 1277 -1.3052 -0.036525
7.15462 1280 -1.3240 -0.037007
7.15696 1283 -1.2318 -0.034389
7.15929 1286 -1.2810 -0.035720
7.16162 1289 -1.4081 -0.039220
7.16395 1292 -1.1797 -0.032821
7.16627 1295 -1.1468 -0.031867
7.16858 1298 -0.9317 -0.025861
7.17089 1301 -0.9854 -0.027320
7.17242 1303 -1.1090 -0.030722
7.17472 1306 -1.0402 -0.028782
7.17702 1309 -1.3922 -0.038481
7.17931 1312 -1.3798 -0.038093
7.18159 1315 -1.6018 -0.044172
7.18387 1318 -1.6042 -0.044186
7.18614 1321 -1.6503 -0.045405
7.18841 1324 -1.9327 -0.053115
7.19068 1327 -1.8973 -0.052084
7.19293 1330 -2.0236 -0.055488
7.19519 1333 -1.7495 -0.047917
7.19744 1336 -1.8518 -0.050663
7.19968 1339 -1.6903 -0.046192
7.20192 1342 -1.7594 -0.048026
7.20415 1345 -1.8051 -0.049219
7.20638 1348 -1.7390 -0.047363
7.20860 1351 -1.7816 -0.048470
7.21082 1354 -1.5990 -0.043456
7.21303 1357 -1.6630 -0.045143
7.21524 1360 -1.6266 -0.044108
7.21744 1363 -1.5593 -0.042235
7.22037 1367 -1.4602 -0.039493
7.22257 1370 -1.3469 -0.036390
7.22475 1373 -1.2362 -0.033362
7.22694 1376 -1.0047 -0.027084
7.22911 1379 -1.0219 -0.027519
7.23129 1382 -0.8911 -0.023970
7.23346 1385 -1.1029 -0.029635
7.23562 1388 -1.0583 -0.028406
7.23778 1391 -0.9916 -0.026586
7.23993 1394 -1.0908 -0.029217
7.24280 1398 -1.1889 -0.031798
7.24494 1401 -1.5719 -0.041997
7.24708 1404 -1.5334 -0.040924
7.24922 1407 -1.6071 -0.042846
7.25134 1410 -1.2447 -0.033149
7.25347 1413 -1.3014 -0.034620
7.25630 1417 -0.8088 -0.021487
7.25841 1420 -0.8492 -0.022536
7.26052 1423 -0.6281 -0.016651
7.26263 1426 -0.5492 -0.014544
7.26473 1429 -0.4842 -0.012809
7.26753 1433 -0.4313 -0.011393
7.26962 1436 -0.4481 -0.011826
7.27170 1439 -0.2938 -0.007746
7.27379 1442 -0.4310 -0.011351
7.27656 1446 -0.4130 -0.010860
7.27863 1449 -0.1161 -0.003051
7.28070 1452 0.1891 0.004962
7.28276 1455 0.1674 0.004390
7.28551 1459 0.3399 0.008898
7.28756 1462 0.1269 0.003319
7.28961 1465 0.0271 0.000707
7.29234 1469 -0.0243 -0.000635
7.29438 1472 -0.0882 -0.002299
7.29641 1475 -0.2045 -0.005326
7.29845 1478 -0.5461 -0.014205
7.30115 1482 -0.5546 -0.014406
7.30317 1485 -0.7193 -0.018665
7.30519 1488 -0.3228 -0.008369
7.30787 1492 -0.1432 -0.003707
7.30988 1495 0.0841 0.002175
7.31255 1499 -0.1769 -0.004570
7.31455 1502 -0.0241 -0.000623
7.31655 1505 -0.2440 -0.006290
7.31920 1509 -0.2611 -0.006723
7.32119 1512 -0.3345 -0.008601
7.32383 1516 -0.2623 -0.006737
7.32581 1519 -0.5276 -0.013537
7.32778 1522 -0.3125 -0.008011
7.33041 1526 -0.2423 -0.006202
7.33237 1529 0.0015 0.000038
7.33498 1533 -0.1612 -0.004117
7.33694 1536 -0.1581 -0.004035
7.33954 1540 -0.2207 -0.005624
7.34148 1543 -0.0175 -0.000445
7.34407 1547 -0.0373 -0.000948
7.34601 1550 0.0105 0.000267
7.34859 1554 -0.3306 -0.008385
7.35052 1557 -0.6034 -0.015291
7.35308 1561 -0.8119 -0.020549
7.35500 1564 -0.5464 -0.013818
7.35756 1568 -0.4077 -0.010297
7.35947 1571 -0.2215 -0.005588
7.36201 1575 -0.3678 -0.009269
7.36391 1578 -0.0980 -0.002467
7.36645 1582 0.0742 0.001865
7.36834 1585 0.3536 0.008881
7.37086 1589 0.2062 0.005172
7.37275 1592 0.2860 0.007168
7.37526 1596 -0.1868 -0.004676
7.37776 1600 -0.0360 -0.000899
7.37963 1603 -0.1372 -0.003428
7.38212 1607 0.1981 0.004942
7.38399 1610 0.0995 0.002480
7.38647 1614 0.1395 0.003471
7.38895 1618 0.1725 0.004290
7.39080 1621 0.2767 0.006872
7.39326 1625 0.2747 0.006815
7.39572 1629 0.2021 0.005007
7.39756 1632 -0.0516 -0.001277
7.40001 1636 0.1939 0.004794
7.40245 1640 0.4479 0.011060
7.40428 1643 0.5059 0.012480
7.40671 1647 0.4171 0.010278
7.40914 1651 0.2475 0.006091
7.41156 1655 0.3651 0.008974
7.41337 1658 0.4193 0.010299
7.41578 1662 0.3694 0.009062
7.41818 1666 0.3748 0.009182
7.41998 1669 0.4582 0.011215
7.42237 1673 0.1933 0.004726
7.42476 1677 0.5202 0.012704
7.42714 1681 0.6908 0.016850
7.42952 1685 0.7667 0.018679
7.43130 1688 0.5633 0.013710
7.43367 1692 0.3719 0.009041
7.43603 1696 0.6525 0.015845
7.43838 1700 0.7489 0.018164
7.44073 1704 0.7250 0.017563
7.44249 1707 0.3572 0.008645
7.44483 1711 0.5320 0.012860
7.44717 1715 0.3913 0.009450
7.44950 1719 0.3218 0.007762
7.45182 1723 0.2048 0.004935
7.45414 1727 -0.0762 -0.001833
7.45645 1731 -0.3361 -0.008078
7.45876 1735 -0.2630 -0.006315
7.46049 1738 -0.2454 -0.005886
7.46279 1742 -0.4912 -0.011769
7.46508 1746 -1.0561 -0.025275
7.46737 1750 -1.1650 -0.027848
7.46965 1754 -0.9995 -0.023865
7.47193 1758 -1.3256 -0.031616
7.47420 1762 -0.8548 -0.020364
7.47647 1766 -0.9765 -0.023236
7.47873 1770 -1.2577 -0.029894
7.48099 1774 -0.8509 -0.020203
7.48324 1778 -1.2341 -0.029268
7.48549 1782 -1.3640 -0.032312
7.48773 1786 -1.5743 -0.037252
7.48997 1790 -1.5473 -0.036572
7.49220 1794 -1.3941 -0.032914
7.49443 1798 -1.2864 -0.030337
7.49665 1802 -1.1057 -0.026048
7.49887 1806 -1.2674 -0.029823
7.50108 1810 -0.8606 -0.020228
7.50329 1814 -0.7512 -0.017638
7.50549 1818 -0.8185 -0.019197
7.50824 1823 -0.6031 -0.014126
7.51043 1827 -0.4606 -0.010777
7.51262 1831 -0.1617 -0.003779
7.51480 1835 -0.2480 -0.005788
7.51698 1839 -0.2742 -0.006395
7.51915 1843 -0.2593 -0.006040
7.52132 1847 -0.1577 -0.003669
7.52402 1852 0.0423 0.000982
7.52618 1856 -0.2239 -0.005198
7.52833 1860 -0.2579 -0.005979
7.53048 1864 -0.1042 -0.002414
7.53262 1868 -0.0729 -0.001686
7.53476 1872 -0.0048 -0.000112
7.53743 1877 0.0136 0.000313
7.53956 1881 0.0943 0.002175
7.54168 1885 0.6005 0.013831
7.54380 1889 0.7935 0.018257
7.54645 1894 0.7825 0.017980
7.54856 1898 0.3427 0.007866
7.55066 1902 -0.0127 -0.000291
7.55276 1906 -0.0989 -0.002265
7.55538 1911 -0.5448 -0.012461
7.55747 1915 -0.6963 -0.015911
7.55956 1919 -0.9474 -0.021626
7.56216 1924 -0.8050 -0.018353
7.56424 1928 -0.7151 -0.016285
7.56631 1932 -1.1272 -0.025646
7.56890 1937 -1.2211 -0.027745
7.57096 1941 -1.4541 -0.033005
7.57302 1945 -1.4663 -0.033248
7.57558 1950 -1.5930 -0.036074
7.57763 1954 -1.6398 -0.037096
7.58019 1959 -1.6047 -0.036257
7.58223 1963 -0.9911 -0.022370
7.58426 1967 -0.7987 -0.018010
7.58680 1972 -0.3878 -0.008732
7.58883 1976 -0.0662 -0.001489
7.59136 1981 0.2988 0.006713
7.59337 1985 0.5763 0.012935
7.59589 1990 0.4534 0.010163
7.59790 1994 0.3701 0.008289
7.60040 1999 0.6103 0.013650
7.60240 2003 0.5791 0.012939
7.60489 2008 0.6194 0.013822
7.60688 2012 0.5896 0.013145
7.60937 2017 0.4582 0.010202
7.61135 2021 0.5099 0.011343
7.61382 2026 0.1995 0.004432
7.61579 2030 -0.1953 -0.004335
7.61825 2035 -0.1516 -0.003360
7.62071 2040 -0.1029 -0.002279
7.62266 2044 -0.2262 -0.005004
7.62511 2049 -0.5092 -0.011249
7.62706 2053 -0.6481 -0.014304
7.62949 2058 -0.9336 -0.020579
7.63192 2063 -1.0775 -0.023722
7.63385 2067 -1.2642 -0.027807
7.63627 2072 -1.1505 -0.025274
7.63868 2077 -0.7155 -0.015700
7.64060 2081 -0.4550 -0.009973
7.64300 2086 -0.3426 -0.007501
7.64540 2091 -0.2914 -0.006373
7.64731 2095 0.1018 0.002225
7.64969 2100 0.1735 0.003786
7.65207 2105 0.3221 0.007020
7.65444 2110 0.3194 0.006954
7.65634 2114 0.2281 0.004962
7.65870 2119 0.2965 0.006441
7.66106 2124 0.2333 0.005062
7.66341 2129 -0.0223 -0.000483
7.66528 2133 0.0714 0.001546
7.66763 2138 0.1696 0.003668
7.66996 2143 -0.2048 -0.004425
7.67229 2148 -0.6802 -0.014676
7.67462 2153 -0.0035 -0.000075
7.67694 2158 0.1918 0.004128
7.67879 2162 0.2418 0.005201
7.68110 2167 0.5467 0.011744
7.68340 2172 0.6457 0.013856
7.68570 2177 0.6495 0.013920
7.68800 2182 0.5985 0.012812
7.69029 2187 0.4479 0.009578
7.69257 2192 0.6276 0.013405
7.69485 2197 0.6163 0.013149
7.69712 2202 0.4281 0.009124
7.69939 2207 0.2544 0.005416
7.70165 2212 0.0308 0.000655
7.70391 2217 0.1087 0.002309
7.70616 2222 0.1978 0.004196
7.70841 2227 0.3781 0.008011
7.71065 2232 0.4429 0.009375
7.71289 2237 0.6270 0.013256
7.71512 2242 0.2559 0.005404
7.71735 2247 0.0040 0.000083
7.71957 2252 -0.0387 -0.000816
7.72179 2257 -0.1017 -0.002140
7.72400 2262 -0.5776 -0.012145
7.72621 2267 -0.2704 -0.005680
7.72842 2272 -0.2729 -0.005725
7.73061 2277 -0.5172 -0.010840
7.73281 2282 -0.5790 -0.012120
7.73543 2288 -0.5875 -0.012282
7.73762 2293 -0.7963 -0.016628
7.73979 2298 -1.5434 -0.032196
7.74197 2303 -1.7164 -0.035766
7.74414 2308 -1.2867 -0.026782
7.74630 2313 -1.0249 -0.021311
7.74889 2319 -0.7416 -0.015400
7.75105 2324 -0.4731 -0.009814
7.75319 2329 -0.3191 -0.006612
7.75534 2334 -0.7010 -0.014509
7.75791 2340 -0.8602 -0.017782
7.76004 2345 -0.5688 -0.011747
7.76217 2350 -0.2950 -0.006086
7.76430 2355 -0.2436 -0.005020
7.76684 2361 -0.1019 -0.002096
7.76896 2366 0.0939 0.001930
7.77107 2371 0.2058 0.004227
7.77359 2377 0.0060 0.000123
7.77570 2382 0.0886 0.001815
7.77779 2387 0.3063 0.006268
7.78030 2393 0.0707 0.001445
7.78239 2398 0.1947 0.003976
7.78489 2404 0.3393 0.006921
7.78697 2409 -0.1809 -0.003686
7.78904 2414 -0.1610 -0.003276
7.79152 2420 -0.0199 -0.000404
7.79359 2425 0.1117 0.002269
7.79606 2431 -0.0402 -0.000815
7.79811 2436 -0.0218 -0.000442
7.80057 2442 0.1739 0.003518
7.80262 2447 0.4036 0.008159
7.80507 2453 0.2428 0.004902
7.80710 2458 0.1909 0.003850
7.80954 2464 0.1842 0.003710
7.81157 2469 -0.0712 -0.001434
7.81400 2475 0.1225 0.002462
7.81642 2481 0.1758 0.003529
7.81843 2486 -0.1401 -0.002811
7.82084 2492 -0.1400 -0.002804
7.82285 2497 0.2351 0.004704
7.82525 2503 0.3628 0.007251
7.82764 2509 0.2811 0.005613
7.82963 2514 0.2652 0.005289
7.83201 2520 0.3677 0.007324
7.83439 2526 0.2119 0.004215
7.83637 2531 0.5920 0.011766
7.83874 2537 0.7896 0.015676
7.84110 2543 0.6431 0.012752
7.84306 2548 0.5687 0.011267
7.84542 2554 0.7725 0.015285
7.84776 2560 0.7950 0.015712
7.85010 2566 0.5722 0.011295
7.85205 2571 0.2742 0.005407
7.85438 2577 -0.2919 -0.005749
7.85671 2583 -0.7558 -0.014871
7.85903 2589 -0.8503 -0.016712
7.86134 2595 -0.9084 -0.017832
7.86365 2601 -1.1294 -0.022145
7.86557 2606 -1.0382 -0.020337
7.86787 2612 -0.9169 -0.017941
7.87017 2618 -0.7504 -0.014666
7.87246 2624 -0.5364 -0.010470
7.87474 2630 -0.0402 -0.000784
7.87702 2636 -0.0514 -0.001002
7.87929 2642 -0.2294 -0.004463
7.88156 2648 -0.1286 -0.002499
7.88382 2654 -0.3923 -0.007615
7.88608 2660 -0.3597 -0.006974
7.88833 2666 -0.3315 -0.006420
7.89058 2672 -0.6140 -0.011879
7.89283 2678 -0.8123 -0.015696
7.89506 2684 -0.7958 -0.015360
7.89730 2690 -0.9301 -0.017933
7.89952 2696 -1.2330 -0.023747
7.90175 2702 -1.1726 -0.022559
7.90397 2708 -0.9798 -0.018829
7.90618 2714 -1.0843 -0.020813
7.90839 2720 -1.0998 -0.021088
7.91059 2726 -1.2139 -0.023250
7.91279 2732 -1.5548 -0.029747
7.91535 2739 -1.8716 -0.035762
7.91754 2745 -1.9545 -0.037305
7.91972 2751 -1.9878 -0.037899
7.92190 2757 -2.1277 -0.040523
7.92407 2763 -1.8631 -0.035445
7.92660 2770 -1.8734 -0.035596
7.92877 2776 -1.7361 -0.032951
7.93093 2782 -1.5517 -0.029418
7.93308 2788 -1.4761 -0.027956
7.93559 2795 -1.4540 -0.027502
7.93773 2801 -1.6021 -0.030271
7.93987 2807 -1.7995 -0.033966
7.94236 2814 -1.9788 -0.037302
7.94449 2820 -1.9560 -0.036835
7.94662 2826 -1.7878 -0.033630
7.94909 2833 -1.5793 -0.029672
7.95121 2839 -1.4198 -0.026647
7.95332 2845 -1.5373 -0.028821
7.95578 2852 -1.5412 -0.028858
7.95788 2858 -1.3149 -0.024595
7.96032 2865 -1.4410 -0.026922
7.96242 2871 -1.8017 -0.033626
7.96485 2878 -1.6807 -0.031329
7.96693 2884 -1.9515 -0.036338
7.96936 2891 -1.8332 -0.034094
7.97143 2897 -1.3978 -0.025969
7.97384 2904 -1.2842 -0.023830
7.97591 2910 -0.9757 -0.018087
7.97831 2917 -0.5083 -0.009412
7.98037 2923 -0.7829 -0.014482
7.98276 2930 -0.9537 -0.017620
7.98480 2936 -1.0486 -0.019353
7.98718 2943 -1.2989 -0.023942
7.98956 2950 -1.0646 -0.019601
7.99159 2956 -0.8232 -0.015141
7.99396 2963 -0.6061 -0.011135
7.99632 2970 -0.3250 -0.005963
7.99834 2976 -0.2205 -0.004042
8.00068 2983 -0.2333 -0.004272
8.00303 2990 -0.1440 -0.002633
8.00503 2996 -0.1750 -0.003196
8.00737 3003 -0.0852 -0.001555
8.00970 3010 0.4598 0.008381
8.01202 3017 0.3993 0.007269
8.01434 3024 0.3238 0.005888
8.01632 3030 0.3349 0.006084
8.01863 3037 0.3878 0.007037
8.02093 3044 0.5474 0.009922
8.02322 3051 0.8309 0.015043
8.02552 3058 0.8370 0.015135
8.02780 3065 0.8844 0.015975
8.03008 3072 0.6347 0.011451
8.03204 3078 0.2543 0.004584
8.03431 3085 0.6332 0.011400
8.03657 3092 0.7186 0.012923
8.03883 3099 0.8707 0.015641
8.04109 3106 1.4097 0.025294
8.04334 3113 1.1769 0.021094
8.04559 3120 1.1682 0.020914
8.04783 3127 1.6715 0.029891
8.05007 3134 1.6441 0.029369
8.05230 3141 1.5473 0.027609
8.05452 3148 1.5652 0.027898
8.05706 3156 0.9475 0.016865
8.05928 3163 1.5927 0.028320
8.06149 3170 1.4559 0.025858
8.06369 3177 1.3253 0.023513
8.06589 3184 1.4347 0.025426
8.06809 3191 1.2024 0.021286
8.07028 3198 0.9983 0.017654
8.07278 3206 0.8526 0.015058
8.07496 3213 0.2119 0.003738
8.07714 3220 0.3692 0.006507
8.07931 3227 -0.0087 -0.000154
8.08178 3235 -0.0891 -0.001566
8.08395 3242 -0.1122 -0.001970
8.08610 3249 -0.1575 -0.002764
8.08856 3257 0.4296 0.007527
8.09071 3264 0.0530 0.000927
8.09285 3271 -0.0767 -0.001342
8.09529 3279 -0.3168 -0.005533
8.09743 3286 -0.1420 -0.002478
8.09955 3293 0.3916 0.006825
8.10198 3301 0.6102 0.010620
8.10410 3308 0.6914 0.012021
8.10651 3316 0.9052 0.015720
8.10862 3323 0.5649 0.009800
8.11103 3331 0.3487 0.006041
8.11313 3338 0.1263 0.002186
8.11552 3346 0.3201 0.005533
8.11761 3353 0.3623 0.006258
8.11999 3361 -0.0548 -0.000946
8.12207 3368 -0.3821 -0.006584
8.12445 3376 -0.6991 -0.012031
8.12652 3383 -1.1379 -0.019563
8.12888 3391 -1.1748 -0.020175
8.13124 3399 -1.4003 -0.024018
8.13329 3406 -0.8365 -0.014334
8.13564 3414 -0.7802 -0.013354
8.13798 3422 -0.8111 -0.013865
8.14002 3429 -0.7262 -0.012401
8.14235 3437 -0.3578 -0.006103
8.14468 3445 -0.0554 -0.000944
8.14700 3453 -0.4426 -0.007532
8.14902 3460 -0.8839 -0.015027
8.15133 3468 -1.2107 -0.020559
8.15364 3476 -1.5680 -0.026595
8.15594 3484 -1.9221 -0.032564
8.15823 3492 -2.6192 -0.044322
8.16052 3500 -2.6456 -0.044719
8.16252 3507 -2.8170 -0.047569
8.16479 3515 -2.7353 -0.046136
8.16707 3523 -2.1000 -0.035380
8.16934 3531 -1.8239 -0.030693
8.17160 3539 -1.8428 -0.030976
8.17386 3547 -2.1385 -0.035908
8.17611 3555 -2.6958 -0.045214
8.17836 3563 -1.9761 -0.033105
8.18060 3571 -2.2559 -0.037751
8.18284 3579 -2.5564 -0.042731
8.18507 3587 -2.6664 -0.044520
8.18730 3595 -2.6135 -0.043588
8.18952 3603 -2.8753 -0.047902
8.19202 3612 -3.1016 -0.051607
8.19423 3620 -2.8733 -0.047756
8.19644 3628 -2.6559 -0.044095
8.19864 3636 -2.1437 -0.035552
8.20084 3644 -1.7314 -0.028683
8.20303 3652 -1.5303 -0.025323
8.20549 3661 -1.7266 -0.028535
8.20767 3669 -2.7092 -0.044726
8.20985 3677 -2.1842 -0.036020
8.21203 3685 -1.9913 -0.032803
8.21447 3694 -1.6996 -0.027964
8.21663 3702 -2.0803 -0.034190
8.21879 3710 -1.5041 -0.024694
8.22121 3719 -1.0122 -0.016598
8.22336 3727 -1.1914 -0.019515
8.22550 3735 -0.9548 -0.015623
8.22791 3744 -1.2145 -0.019849
8.23004 3752 -0.7497 -0.012240
8.23244 3761 -0.9818 -0.016009
8.23456 3769 -0.9664 -0.015741
8.23695 3778 -0.9109 -0.014819
8.23907 3786 -1.0192 -0.016563
8.24144 3795 -0.8897 -0.014442
8.24355 3803 -0.8453 -0.013706
8.24591 3812 -0.9639 -0.015612
8.24801 3820 -1.4584 -0.023597
8.25036 3829 -1.2657 -0.020455
8.25271 3838 -1.3660 -0.022050
8.25479 3846 -1.3086 -0.021102
8.25713 3855 -2.1423 -0.034504
8.25946 3864 -2.1505 -0.034595
8.26153 3872 -2.0439 -0.032846
8.26385 3881 -2.2419 -0.035987
8.26616 3890 -2.6900 -0.043129
8.26848 3899 -2.6633 -0.042652
8.27053 3907 -2.2314 -0.035698
8.27283 3916 -2.4981 -0.039920
8.27512 3925 -2.1006 -0.033530
8.27741 3934 -2.1610 -0.034454
8.27970 3943 -1.8025 -0.028705
8.28198 3952 -1.6893 -0.026871
8.28400 3960 -1.4648 -0.023277
8.28627 3969 -1.5740 -0.024984
8.28853 3978 -1.1110 -0.017616
8.29079 3987 -0.6317 -0.010005
8.29305 3996 0.0577 0.000912
8.29530 4005 -0.0103 -0.000163
8.29754 4014 -0.1641 -0.002590
8.29978 4023 0.0585 0.000923
8.30202 4032 0.6740 0.010615
8.30425 4041 0.8724 0.013724
8.30672 4051 1.2317 0.019352
8.30894 4060 1.0320 0.016197
8.31115 4069 1.2383 0.019412
8.31336 4078 1.6561 0.025933
8.31557 4087 1.4113 0.022076
8.31777 4096 1.3723 0.021442
8.32020 4106 0.9152 0.014283
8.32239 4115 0.5109 0.007964
8.32458 4124 -0.0160 -0.000249
8.32676 4133 -0.0451 -0.000702
8.32918 4143 -0.4362 -0.006777
8.33135 4152 -0.0970 -0.001506
8.33351 4161 0.1121 0.001738
8.33591 4171 0.3565 0.005520
8.33807 4180 0.8137 0.012585
8.34046 4190 1.2310 0.019018
8.34260 4199 1.0447 0.016123
8.34474 4208 1.0831 0.016696
8.34712 4218 1.2946 0.019934
8.34925 4227 1.3376 0.020573
8.35161 4237 1.6300 0.025041
8.35397 4247 1.6774 0.025739
8.35609 4256 1.3527 0.020734
8.35843 4266 1.7626 0.026986
8.36054 4275 1.6554 0.025318
8.36288 4285 1.5141 0.023131
8.36521 4295 1.6005 0.024422
8.36730 4304 1.6837 0.025664
8.36962 4314 1.2271 0.018683
8.37194 4324 1.2987 0.019750
8.37402 4333 0.7498 0.011390
8.37632 4343 1.1177 0.016960
8.37862 4353 0.1572 0.002382
8.38092 4363 0.4514 0.006833
8.38320 4373 0.4255 0.006434
8.38526 4382 0.7300 0.011028
8.38754 4392 0.3755 0.005666
8.38981 4402 -0.1733 -0.002612
8.39208 4412 -0.6233 -0.009383
8.39435 4422 -0.7218 -0.010854
8.39661 4432 -0.4073 -0.006118
8.39886 4442 -0.3804 -0.005707
8.40111 4452 -0.1844 -0.002764
8.40335 4462 0.1120 0.001677
8.40559 4472 -0.0379 -0.000567
8.40782 4482 -0.6750 -0.010082
8.41005 4492 0.0922 0.001375
8.41228 4502 0.2452 0.003654
8.41450 4512 0.9440 0.014053
8.41693 4523 0.7601 0.011301
8.41914 4533 1.0105 0.015009
8.42134 4543 0.7569 0.011229
8.42354 4553 0.7718 0.011438
8.42574 4563 0.1005 0.001488
8.42814 4574 0.4244 0.006275
8.43033 4584 0.2215 0.003272
8.43251 4594 0.2716 0.004008
8.43490 4605 -0.0694 -0.001023
8.43707 4615 -0.0951 -0.001400
8.43923 4625 -0.0556 -0.000817
8.44161 4636 -0.3024 -0.004441
8.44376 4646 -0.1446 -0.002122
8.44613 4657 -0.2996 -0.004391
8.44827 4667 -0.1565 -0.002291
8.45063 4678 -0.4592 -0.006714
8.45276 4688 -0.5126 -0.007487
8.45510 4699 -0.7412 -0.010812
8.45723 4709 -0.9416 -0.013722
8.45956 4720 -0.7569 -0.011017
8.46189 4731 -1.1207 -0.016294
8.46400 4741 -1.0693 -0.015529
8.46632 4752 -1.9426 -0.028180
8.46863 4763 -1.5456 -0.022395
8.47073 4773 -1.2859 -0.018613
8.47303 4784 -0.8253 -0.011933
8.47533 4795 -0.9040 -0.013055
8.47762 4806 -0.6193 -0.008933
8.47991 4817 -0.3319 -0.004782
8.48198 4827 -0.6508 -0.009368
8.48426 4838 -0.9353 -0.013446
8.48653 4849 -0.5266 -0.007563
8.48879 4860 -0.5090 -0.007301
8.49105 4871 -0.2291 -0.003283
8.49331 4882 -0.2150 -0.003077
8.49556 4893 0.0125 0.000178
8.49781 4904 0.1635 0.002334
8.50005 4915 -0.1185 -0.001690
8.50228 4926 -0.0768 -0.001094
8.50451 4937 -0.1874 -0.002667
8.50674 4948 -0.4866 -0.006918
8.50916 4960 -0.2669 -0.003790
8.51138 4971 0.0938 0.001331
8.51359 4982 0.3308 0.004687
8.51579 4993 0.2111 0.002988
8.51799 5004 0.0909 0.001285
8.52039 5016 0.3111 0.004392
8.52258 5027 0.1503 0.002120
8.52476 5038 -0.0343 -0.000483
8.52714 5050 0.4094 0.005760
8.52932 5061 0.4249 0.005973
8.53149 5072 0.6330 0.008888
8.53385 5084 0.7251 0.010170
8.53601 5095 -0.0738 -0.001034
8.53837 5107 -0.3557 -0.004978
8.54052 5118 -0.8505 -0.011888
8.54286 5130 -1.9150 -0.026737
8.54500 5141 -2.3940 -0.033389
8.54733 5153 -3.3050 -0.046041
8.54947 5164 -2.7665 -0.038498
8.55179 5176 -2.2447 -0.031201
8.55410 5188 -2.5389 -0.035248
8.55622 5199 -2.2343 -0.030987
8.55853 5211 -2.4547 -0.034004
8.56083 5223 -3.6852 -0.050992
8.56312 5235 -3.1777 -0.043920
8.56522 5246 -2.8822 -0.039793
8.56751 5258 -2.6945 -0.037160
8.56979 5270 -2.2796 -0.031402
8.57206 5282 -2.3610 -0.032486
8.57433 5294 -1.8935 -0.026024
8.57659 5306 -1.6531 -0.022695
8.57885 5318 -1.2388 -0.016987
8.58111 5330 -0.7269 -0.009956
8.58336 5342 -1.3199 -0.018059
8.58560 5354 -1.3558 -0.018529
8.58784 5366 -0.9105 -0.012429
8.59007 5378 -1.3222 -0.018030
8.59230 5390 -1.3593 -0.018515
8.59452 5402 -1.0169 -0.013836
8.59674 5414 -0.8762 -0.011909
8.59896 5426 -0.8184 -0.011110
8.60135 5439 -0.6310 -0.008556
8.60355 5451 -0.0952 -0.001290
8.60575 5463 0.5937 0.008033
8.60795 5475 0.5292 0.007152
8.61032 5488 0.5750 0.007762
8.61250 5500 0.6223 0.008392
8.61486 5513 0.7059 0.009507
8.61704 5525 0.8798 0.011837
8.61921 5537 0.6729 0.009042
8.62155 5550 0.3188 0.004280
8.62371 5562 0.2058 0.002760
8.62605 5575 0.4068 0.005448
8.62820 5587 0.5092 0.006812
8.63052 5600 0.8207 0.010967
8.63284 5613 0.6609 0.008821
8.63498 5625 0.6590 0.008787
8.63728 5638 0.9746 0.012980
8.63959 5651 0.4586 0.006101
8.64171 5663 -0.1075 -0.001429
8.64400 5676 -0.2512 -0.003335
8.64629 5689 -0.4808 -0.006374
8.64857 5702 -0.2951 -0.003908
8.65085 5715 -0.0066 -0.000088
8.65295 5727 -0.5141 -0.006794
8.65521 5740 -0.5540 -0.007312
8.65748 5753 -0.2923 -0.003854
8.65973 5766 -0.5383 -0.007089
8.66199 5779 -0.7545 -0.009925
8.66423 5792 -0.1649 -0.002166
8.66647 5805 0.2572 0.003375
8.66871 5818 0.3201 0.004196
8.67094 5831 0.4410 0.005776
8.67334 5845 0.5617 0.007347
8.67556 5858 0.5827 0.007613
8.67778 5871 -0.1369 -0.001787
8.67999 5884 -0.2119 -0.002762
8.68220 5897 0.1166 0.001519
8.68457 5911 0.3573 0.004647
8.68677 5924 0.3519 0.004573
8.68896 5937 0.0632 0.000820
8.69131 5951 -0.1057 -0.001371
8.69350 5964 -0.4309 -0.005580
8.69584 5978 0.5022 0.006495
8.69801 5991 0.6516 0.008418
8.70018 6004 0.6683 0.008624
8.70251 6018 0.7796 0.010050
8.70483 6032 0.8812 0.011346
8.70699 6045 1.2877 0.016563
8.70930 6059 1.5579 0.020014
8.71144 6072 1.6027 0.020567
8.71375 6086 1.4892 0.019089
8.71604 6100 1.8185 0.023283
8.71817 6113 1.8367 0.023491
8.72046 6127 1.5598 0.019927
8.72274 6141 1.5436 0.019697
8.72502 6155 1.0868 0.013853
8.72729 6169 0.6161 0.007844
8.72956 6183 0.8073 0.010267
8.73182 6197 1.2642 0.016059
8.73408 6211 1.0708 0.013587
8.73617 6224 1.2053 0.015278
8.73858 6239 1.6733 0.021184
8.74082 6253 1.8347 0.023201
8.74305 6267 1.9383 0.024485
8.74528 6281 1.5783 0.019915
8.74751 6295 0.8443 0.010641
8.74973 6309 0.0040 0.000051
8.75195 6323 0.4168 0.005241
8.75432 6338 0.8699 0.010926
8.75653 6352 1.1815 0.014824
8.75873 6366 0.8544 0.010709
8.76092 6380 1.1301 0.014148
8.76327 6395 1.3260 0.016582
8.76546 6409 1.9423 0.024262
8.76780 6424 1.7248 0.021520
8.76997 6438 1.7790 0.022172
8.77230 6453 2.2574 0.028102
8.77447 6467 1.7979 0.022357
8.77678 6482 1.4958 0.018579
8.77894 6496 1.5192 0.018849
8.78125 6511 1.3688 0.016964
8.78355 6526 1.6254 0.020121
8.78569 6540 1.5198 0.018793
8.78798 6555 0.9269 0.011449
8.79027 6570 0.7735 0.009543
8.79255 6585 0.3147 0.003878
8.79467 6599 0.0700 0.000861
8.79694 6614 -0.5019 -0.006171
8.79921 6629 -0.4353 -0.005346
8.80147 6644 -0.2171 -0.002664
8.80372 6659 -0.3836 -0.004701
8.80597 6674 -0.9207 -0.011270
8.80822 6689 -1.6036 -0.019607
8.81046 6704 -1.7726 -0.021650
8.81269 6719 -0.5770 -0.007040
8.81492 6734 -0.2421 -0.002950
8.81730 6750 -0.9011 -0.010968
8.81952 6765 -1.3712 -0.016671
8.82173 6780 -1.1690 -0.014197
8.82394 6795 -1.0448 -0.012674
8.82629 6811 -1.9501 -0.023629
8.82849 6826 -2.2378 -0.027085
8.83069 6841 -2.6780 -0.032379
8.83303 6857 -3.3047 -0.039908
8.83521 6872 -3.4274 -0.041345
8.83754 6888 -3.4706 -0.041818
8.83971 6903 -4.0602 -0.048868
8.84203 6919 -3.1194 -0.037501
8.84419 6934 -3.3633 -0.040389
8.84650 6950 -3.9554 -0.047446
8.84865 6965 -4.4155 -0.052907
8.85095 6981 -4.2628 -0.051020
8.85324 6997 -3.3554 -0.040113
8.85552 7013 -2.6847 -0.032058
8.85766 7028 -2.8698 -0.034232
8.85993 7044 -2.8015 -0.033379
8.86220 7060 -2.6888 -0.032000
8.86446 7076 -2.1784 -0.025897
8.86672 7092 -2.6046 -0.030929
8.86898 7108 -2.6755 -0.031734
8.87122 7124 -2.3492 -0.027833
8.87347 7140 -2.6985 -0.031936
8.87571 7156 -2.7897 -0.032978
8.87794 7172 -3.0364 -0.035855
8.88017 7188 -3.2000 -0.037744
8.88239 7204 -3.6089 -0.042519
8.88475 7221 -2.9364 -0.034555
8.88696 7237 -2.6699 -0.031384
8.88917 7253 -2.5875 -0.030382
8.89151 7270 -1.9193 -0.022510
8.89371 7286 -2.0688 -0.024237
8.89590 7302 -2.4042 -0.028136
8.89823 7319 -2.1841 -0.025530
8.90041 7335 -3.1351 -0.036606
8.90273 7352 -2.4873 -0.029008
8.90490 7368 -3.0267 -0.035262
8.90721 7385 -2.1683 -0.025232
8.90951 7402 -2.0287 -0.023580
8.91166 7418 -1.9842 -0.023038
8.91395 7435 -1.7452 -0.020240
8.91624 7452 -2.1069 -0.024407
8.91838 7468 -2.0359 -0.023559
8.92066 7485 -3.0838 -0.035644
8.92292 7502 -3.1410 -0.036264
8.92519 7519 -2.4699 -0.028484
8.92745 7536 -1.5388 -0.017726
8.92970 7553 -1.0354 -0.011913
8.93195 7570 -0.1401 -0.001610
8.93419 7587 -0.1046 -0.001200
8.93643 7604 -0.0908 -0.001041
8.93866 7621 0.1027 0.001176
8.94089 7638 -0.1810 -0.002072
8.94324 7656 0.7435 0.008497
8.94546 7673 0.6888 0.007863
8.94768 7690 0.8532 0.009730
8.94988 7707 0.1128 0.001285
8.95222 7725 -0.3166 -0.003602
8.95442 7742 -0.2158 -0.002452
8.95674 7760 -0.8501 -0.009650
8.95893 7777 -0.9418 -0.010680
8.96124 7795 -0.7143 -0.008090
8.96342 7812 -0.3610 -0.004085
8.96572 7830 -0.5457 -0.006167
8.96789 7847 -0.3209 -0.003623
8.97018 7865 0.8572 0.009666
8.97246 7883 0.0887 0.000999
8.97462 7900 0.4451 0.005008
8.97689 7918 -0.0402 -0.000451
8.97916 7936 -0.2413 -0.002709
8.98143 7954 -0.6716 -0.007530
8.98369 7972 -0.3957 -0.004432
8.98595 7990 0.1436 0.001606
8.98820 8008 0.0092 0.000102
8.99044 8026 -0.6049 -0.006752
8.99268 8044 -1.7610 -0.019634
8.99492 8062 -1.9000 -0.021161
8.99715 8080 -1.7657 -0.019644
8.99937 8098 -1.4693 -0.016328
9.00172 8117 -1.2516 -0.013892
9.00393 8135 -1.3257 -0.014698
9.00614 8153 -0.8805 -0.009752
9.00847 8172 -0.2090 -0.002312
9.01067 8190 0.5133 0.005672
9.01286 8208 1.6806 0.018550
9.01518 8227 1.4736 0.016246
9.01736 8245 2.0840 0.022951
9.01966 8264 2.8073 0.030882
9.02196 8283 2.4158 0.026544
9.02413 8301 2.2535 0.024734
9.02642 8320 2.5050 0.027463
9.02870 8339 2.3961 0.026239
9.03085 8357 2.5110 0.027468
9.03313 8376 2.9642 0.032388
9.03539 8395 3.4372 0.037514
9.03765 8414 3.5139 0.038308
9.03991 8433 3.4142 0.037179
9.04216 8452 3.5151 0.038234
9.04440 8471 3.2455 0.035262
9.04664 8490 2.5083 0.027223
9.04888 8509 1.8598 0.020162
9.05111 8528 1.8326 0.019844
9.05345 8548 1.5900 0.017197
9.05567 8567 1.3044 0.014093
9.05789 8586 1.1378 0.012280
9.06010 8605 1.9426 0.020941
9.06242 8625 1.2589 0.013555
9.06462 8644 1.3536 0.014559
9.06693 8664 0.8541 0.009176
9.06912 8683 0.4298 0.004612
9.07142 8703 -0.8615 -0.009235
9.07360 8722 -1.0682 -0.011437
9.07589 8742 -1.0954 -0.011716
9.07818 8762 -0.9585 -0.010239
9.08035 8781 -1.0895 -0.011627
9.08262 8801 -1.0883 -0.011601
9.08489 8821 -1.3249 -0.014107
9.08716 8841 -1.2703 -0.013510
9.08941 8861 -1.0008 -0.010632
9.09167 8881 0.1952 0.002071
9.09392 8901 0.9250 0.009804
9.09616 8921 0.4046 0.004284
9.09840 8941 0.0393 0.000415
9.10064 8961 -0.6247 -0.006599
9.10287 8981 -0.5945 -0.006273
9.10509 9001 -0.7544 -0.007951
9.10742 9022 -1.7004 -0.017902
9.10964 9042 -2.9068 -0.030569
9.11185 9062 -3.0014 -0.031530
9.11416 9083 -2.7820 -0.029191
9.11636 9103 -3.1100 -0.032597
9.11866 9124 -2.8366 -0.029696
9.12085 9144 -3.3722 -0.035265
9.12315 9165 -3.7854 -0.039541
9.12533 9185 -2.9700 -0.030990
9.12761 9206 -2.6662 -0.027788
9.12989 9227 -3.2526 -0.033861
9.13216 9248 -3.8002 -0.039517
9.13443 9269 -3.9477 -0.041005
9.13659 9289 -3.8631 -0.040082
9.13884 9310 -4.7659 -0.049393
9.14110 9331 -4.5547 -0.047151
9.14335 9352 -5.0930 -0.052665
9.14559 9373 -5.6602 -0.058464
9.14783 9394 -5.5601 -0.057366
9.15017 9416 -5.0802 -0.052354
9.15239 9437 -4.9905 -0.051372
9.15462 9458 -4.2112 -0.043302
9.15683 9479 -4.5712 -0.046952
9.15915 9501 -4.1616 -0.042694
9.16136 9522 -3.4257 -0.035106
9.16367 9544 -2.6050 -0.026665
9.16587 9565 -2.8635 -0.029279
9.16816 9587 -3.3376 -0.034088
9.17035 9608 -3.0157 -0.030766
9.17264 9630 -2.0458 -0.020847
9.17482 9651 -1.7570 -0.017885
9.17709 9673 -1.0553 -0.010730
9.17937 9695 -0.7583 -0.007701
9.18163 9717 0.1274 0.001292
9.18389 9739 1.1977 0.012136
9.18615 9761 1.6320 0.016518
9.18840 9783 0.7098 0.007176
9.19065 9805 0.9530 0.009624
9.19289 9827 1.5713 0.015851
9.19513 9849 2.2252 0.022422
9.19736 9871 2.4020 0.024176
9.19958 9893 2.4591 0.024723
9.20190 9916 2.1914 0.022007
9.20412 9938 1.6968 0.017021
9.20633 9960 0.6324 0.006337
9.20864 9983 0.3703 0.003707
9.21084 10005 0.4729 0.004727
9.21314 10028 0.2508 0.002505
9.21533 10050 -0.6002 -0.005987
9.21761 10073 -0.5289 -0.005270
9.21989 10096 -0.5860 -0.005832
9.22207 10118 -0.6216 -0.006179
9.22434 10141 -0.6404 -0.006360
9.22661 10164 -0.5586 -0.005540
9.22887 10187 0.1051 0.001041
9.23112 10210 0.9264 0.009168
9.23337 10233 0.8140 0.008047
9.23562 10256 0.2195 0.002167
9.23786 10279 0.6826 0.006733
9.24009 10302 0.0615 0.000606
9.24232 10325 -0.0836 -0.000823
9.24455 10348 -0.1886 -0.001854
9.24687 10372 -0.4003 -0.003931
9.24908 10395 -1.1647 -0.011424
9.25139 10419 -0.6171 -0.006045
9.25359 10442 -0.8421 -0.008241
9.25579 10465 -0.9727 -0.009509
9.25808 10489 -0.3972 -0.003878
9.26037 10513 0.0050 0.000049
9.26255 10536 -0.1467 -0.001429
9.26483 10560 -0.3193 -0.003107
9.26710 10584 -1.2831 -0.012472
9.26936 10608 -0.3426 -0.003326
9.27162 10632 0.6585 0.006386
9.27388 10656 0.8902 0.008624
9.27613 10680 -0.5388 -0.005213
9.27837 10704 -0.9525 -0.009207
9.28061 10728 -1.5235 -0.014709
9.28285 10752 -1.3421 -0.012943
9.28508 10776 -1.8351 -0.017678
9.28730 10800 -1.8778 -0.018069
9.28961 10825 -1.4164 -0.013613
9.29183 10849 -2.0225 -0.019417
9.29404 10873 -1.6925 -0.016231
9.29633 10898 -1.2043 -0.011536
9.29853 10922 -1.2205 -0.011679
9.30082 10947 -0.2917 -0.002788
9.30310 10972 0.4289 0.004094
9.30529 10996 0.2472 0.002358
9.30756 11021 0.9220 0.008783
9.30982 11046 0.6801 0.006471
9.31208 11071 0.1388 0.001319
9.31434 11096 0.4426 0.004202
9.31659 11121 -0.4751 -0.004506
9.31884 11146 -0.2184 -0.002069
9.32108 11171 0.1209 0.001144
9.32331 11196 -0.5274 -0.004984
9.32554 11221 -1.2093 -0.011416
9.32786 11247 -0.9006 -0.008492
9.33008 11272 -0.2112 -0.001989
9.33229 11297 0.8538 0.008033
9.33459 11323 -0.2113 -0.001985
9.33680 11348 -0.0741 -0.000696
9.33909 11374 -0.3244 -0.003041
9.34128 11399 -0.1863 -0.001745
9.34356 11425 -1.2453 -0.011650
9.34583 11451 -0.8992 -0.008403
9.34810 11477 -0.2214 -0.002066
9.35028 11502 -0.6978 -0.006506
9.35253 11528 -0.7003 -0.006522
9.35479 11554 -0.9592 -0.008924
9.35703 11580 -0.9592 -0.008914
9.35928 11606 -1.5861 -0.014723
9.36152 11632 -1.5489 -0.014362
9.36383 11659 -1.7710 -0.016402
9.36606 11685 -1.3727 -0.012699
9.36828 11711 -1.9244 -0.017783
9.37059 11738 -1.6061 -0.014824
9.37280 11764 -1.5537 -0.014325
9.37509 11791 -1.0476 -0.009647
9.37729 11817 -0.6292 -0.005788
9.37958 11844 0.0290 0.000267
9.38177 11870 0.1872 0.001718
9.38404 11897 0.4075 0.003736
9.38631 11924 0.8604 0.007879
9.38857 11951 1.7812 0.016293
9.39083 11978 2.1452 0.019601
9.39308 12005 2.3447 0.021400
9.39533 12032 2.8008 0.025533
9.39757 12059 2.2334 0.020338
9.39980 12086 2.6771 0.024351
9.40203 12113 1.7990 0.016346
9.40426 12140 0.8222 0.007462
9.40656 12168 1.0120 0.009174
9.40878 12195 1.6566 0.015001
9.41107 12223 2.6909 0.024339
9.41328 12250 2.4860 0.022461
9.41556 12278 2.6495 0.023911
9.41776 12305 2.3362 0.021061
9.42003 12333 0.5539 0.004988
9.42230 12361 0.3354 0.003017
9.42456 12389 -0.1112 -0.000999
9.42682 12417 0.0396 0.000355
9.42899 12444 -0.0862 -0.000773
9.43124 12472 1.1400 0.010208
9.43356 12501 0.4572 0.004089
9.43580 12529 0.2975 0.002658
9.43803 12557 1.2429 0.011091
9.44026 12585 1.0990 0.009797
9.44256 12614 1.3554 0.012068
9.44478 12642 1.4585 0.012972
9.44699 12670 1.0260 0.009115
9.44928 12699 0.7384 0.006552
9.45156 12728 -0.2089 -0.001852
9.45376 12756 -0.3636 -0.003220
9.45603 12785 -0.3327 -0.002942
9.45829 12814 0.9898 0.008744
9.46055 12843 0.6857 0.006051
9.46273 12871 -0.1692 -0.001492
9.46498 12900 -0.4599 -0.004049
9.46731 12930 -0.0090 -0.000079
9.46955 12959 0.2439 0.002143
9.47178 12988 1.6493 0.014472
9.47401 13017 2.2862 0.020039
9.47624 13046 2.5470 0.022299
9.47853 13076 1.3886 0.012144
9.48075 13105 1.2502 0.010921
9.48304 13135 0.9414 0.008214
9.48524 13164 1.0855 0.009461
9.48752 13194 0.6493 0.005653
9.48979 13224 0.4050 0.003522
9.49198 13253 0.3645 0.003166
9.49424 13283 0.3094 0.002684
9.49650 13313 -0.1425 -0.001235
9.49875 13343 -0.1367 -0.001183
9.50099 13373 -0.7472 -0.006462
9.50323 13403 -1.1728 -0.010130
9.50547 13433 -0.3693 -0.003186
9.50777 13464 -0.2259 -0.001946
9.51000 13494 -1.1516 -0.009914
9.51222 13524 -1.8153 -0.015610
9.51451 13555 -0.0320 -0.000275
9.51672 13585 -0.1925 -0.001652
9.51900 13616 -0.4047 -0.003468
9.52127 13647 0.0560 0.000480
9.52347 13677 -0.3382 -0.002892
9.52573 13708 -0.0325 -0.000277
9.52799 13739 -0.4087 -0.003486
9.53025 13770 -1.2639 -0.010770
9.53250 13801 -1.3654 -0.011623
9.53474 13832 -1.6216 -0.013788
9.53698 13863 -2.0289 -0.017232
9.53921 13894 -2.7372 -0.023221
9.54151 13926 -3.4141 -0.028931
9.54374 13957 -2.9908 -0.025315
9.54603 13989 -3.0517 -0.025802
9.54824 14020 -2.9613 -0.025010
9.55052 14052 -3.9369 -0.033211
9.55272 14083 -3.3115 -0.027905
9.55499 14115 -3.3982 -0.028602
9.55726 14147 -3.2625 -0.027429
9.55952 14179 -2.2998 -0.019314
9.56177 14211 -2.3054 -0.019339
9.56402 14243 -1.2998 -0.010891
9.56627 14275 -1.8092 -0.015142
9.56850 14307 -1.4857 -0.012421
9.57074 14339 -1.3328 -0.011130
9.57297 14371 -0.8370 -0.006982
9.57526 14404 -1.8336 -0.015278
9.57748 14436 -2.3527 -0.019582
9.57976 14469 -2.0314 -0.016888
9.58197 14501 -1.7112 -0.014211
9.58425 14534 -1.7349 -0.014390
9.58645 14566 -1.0428 -0.008640
9.58871 14599 -0.9446 -0.007818
9.59097 14632 -0.6535 -0.005402
9.59322 14665 0.0462 0.000382
9.59547 14698 -0.0716 -0.000591
9.59771 14731 0.7234 0.005961
9.59995 14764 1.6932 0.013935
9.60225 14798 1.3287 0.010923
9.60447 14831 1.4052 0.011539
9.60670 14864 1.0423 0.008549
9.60898 14898 0.9795 0.008025
9.61119 14931 0.1754 0.001435
9.61347 14965 0.6428 0.005255
9.61574 14999 0.1818 0.001484
9.61794 15032 -0.4073 -0.003322
9.62020 15066 -0.8048 -0.006557
9.62245 15100 0.5567 0.004530
9.62470 15134 -0.0125 -0.000101
9.62694 15168 1.0177 0.008263
9.62918 15202 1.3139 0.010657
9.63148 15237 -0.4225 -0.003422
9.63371 15271 -0.9945 -0.008048
9.63593 15305 -1.3276 -0.010731
9.63822 15340 -1.9682 -0.015891
9.64043 15374 -0.9627 -0.007764
9.64271 15409 -1.1513 -0.009274
9.64498 15444 -1.7643 -0.014197
9.64724 15479 -1.9460 -0.015641
9.64943 15513 -1.9427 -0.015597
9.65169 15548 -1.4547 -0.011666
9.65394 15583 -1.5395 -0.012332
9.65618 15618 -1.0986 -0.008791
9.65848 15654 -0.4082 -0.003262
9.66072 15689 -0.4573 -0.003651
9.66294 15724 -1.2470 -0.009945
9.66523 15760 -1.4278 -0.011373
9.66745 15795 -2.2949 -0.018260
9.66973 15831 -1.7132 -0.013616
9.67193 15866 -1.2947 -0.010278
9.67420 15902 -1.0975 -0.008703
9.67646 15938 -1.7557 -0.013907
9.67872 15974 -1.9365 -0.015322
9.68097 16010 -2.7703 -0.021895
9.68321 16046 -2.4761 -0.019547
9.68546 16082 -2.3518 -0.018545
9.68769 16118 -2.4119 -0.018998
9.68992 16154 -2.8848 -0.022697
9.69221 16191 -2.1808 -0.017139
9.69443 16227 -2.9101 -0.022844
9.69671 16264 -2.6889 -0.021084
9.69892 16300 -1.9431 -0.015220
9.70119 16337 -2.0176 -0.015785
9.70345 16374 -1.2078 -0.009439
9.70571 16411 -0.5311 -0.004146
9.70796 16448 0.1117 0.000871
9.71021 16485 0.0273 0.000213
9.71245 16522 0.7431 0.005781
9.71469 16559 1.1094 0.008621
9.71692 16596 1.3594 0.010552
9.71920 16634 3.1088 0.024104
9.72143 16671 2.5275 0.019575
9.72370 16709 2.9182 0.022576
9.72591 16746 2.6587 0.020545
9.72818 16784 1.5581 0.012027
9.73044 16822 1.6006 0.012341
9.73270 16860 1.9161 0.014756
9.73495 16898 1.0137 0.007798
9.73720 16936 1.7942 0.013787
9.73944 16974 1.0356 0.007948
9.74167 17012 1.7265 0.013237
9.74391 17050 1.8811 0.014406
9.74619 17089 1.7265 0.013207
9.74841 17127 1.7883 0.013665
9.75069 17166 1.7555 0.013399
9.75290 17204 1.5677 0.011952
9.75516 17243 1.5380 0.011713
9.75742 17282 1.6714 0.012714
9.75967 17321 0.5710 0.004339
9.76192 17360 -0.0364 -0.000276
9.76417 17399 0.7796 0.005910
9.76641 17438 0.7064 0.005349
9.76864 17477 0.5837 0.004415
9.77093 17517 1.7751 0.013412
9.77315 17556 2.6993 0.020372
9.77543 17596 3.0751 0.023182
9.77764 17635 2.6318 0.019818
9.77991 17675 3.0785 0.023156
9.78217 17715 2.6643 0.020018
9.78442 17755 2.8475 0.021370
9.78667 17795 2.7888 0.020906
9.78892 17835 2.1977 0.016456
9.79116 17875 2.1517 0.016094
9.79339 17915 1.6095 0.012025
9.79568 17956 0.9645 0.007198
9.79790 17996 1.0267 0.007653
9.80018 18037 1.2902 0.009606
9.80240 18077 1.4889 0.011074
9.80466 18118 1.8264 0.013569
9.80692 18159 1.2580 0.009335
9.80918 18200 1.5083 0.011180
9.81143 18241 -0.1092 -0.000809
9.81367 18282 -0.7868 -0.005819
9.81591 18323 -2.2322 -0.016490
9.81815 18364 -2.0687 -0.015265
9.82038 18405 -2.6528 -0.019554
9.82266 18447 -3.7140 -0.027345
9.82488 18488 -4.1700 -0.030669
9.82715 18530 -5.1465 -0.037808
9.82941 18572 -4.2468 -0.031163
9.83167 18614 -3.3558 -0.024597
9.83387 18655 -2.7111 -0.019849
9.83612 18697 -2.4072 -0.017605
9.83842 18740 -2.0130 -0.014705
9.84065 18782 -2.0905 -0.015254
9.84289 18824 -3.1235 -0.022766
9.84512 18866 -3.9989 -0.029114
9.84739 18909 -4.4136 -0.032097
9.84966 18952 -5.3686 -0.038997
9.85188 18994 -4.2362 -0.030737
9.85414 19037 -4.5902 -0.033268
9.85640 19080 -5.9122 -0.042802
9.85865 19123 -5.4032 -0.039073
9.86089 19166 -5.4068 -0.039055
9.86313 19209 -5.2788 -0.038087
9.86537 19252 -5.3130 -0.038292
9.86765 19296 -4.4870 -0.032302
9.86988 19339 -3.7926 -0.027272
9.87215 19383 -3.5273 -0.025336
9.87437 19426 -2.6792 -0.019223
9.87663 19470 -3.3114 -0.023732
9.87889 19514 -3.8216 -0.027357
9.88114 19558 -2.8278 -0.020220
9.88339 19602 -3.7600 -0.026856
9.88563 19646 -3.3940 -0.024215
9.88787 19690 -4.9385 -0.035194
9.89015 19735 -3.3429 -0.023796
9.89238 19779 -1.9571 -0.013916
9.89465 19824 -2.3177 -0.016461
9.89687 19868 -3.9274 -0.027863
9.89913 19913 -4.2914 -0.030411
9.90139 19958 -4.4732 -0.031663
9.90364 20003 -4.5194 -0.031955
9.90588 20048 -4.8869 -0.034514
9.90813 20093 -3.4366 -0.024244
9.91036 20138 -3.8847 -0.027375
9.91260 20183 -3.5103 -0.024709
9.91487 20229 -3.1065 -0.021841
9.91709 20274 -3.1342 -0.022012
9.91936 20320 -2.6744 -0.018762
9.92162 20366 -3.4241 -0.023994
9.92388 20412 -4.1978 -0.029382
9.92613 20458 -4.0548 -0.028349
9.92838 20504 -4.3287 -0.030230
9.93062 20550 -3.9484 -0.027543
9.93285 20596 -4.3263 -0.030146
9.93513 20643 -3.2989 -0.022961
9.93736 20689 -4.0978 -0.028490
9.93963 20736 -3.3964 -0.023586
9.94184 20782 -3.8846 -0.026947
9.94410 20829 -2.0430 -0.014156
9.94636 20876 0.4322 0.002991
9.94860 20923 1.9824 0.013705
9.95085 20970 2.0662 0.014268
9.95309 21017 1.5229 0.010505
9.95537 21065 1.7984 0.012391
9.95760 21112 2.2550 0.015520
9.95987 21160 2.2418 0.015411
9.96209 21207 2.6329 0.018080
9.96435 21255 1.9671 0.013492
9.96660 21303 2.1828 0.014955
9.96885 21351 2.4738 0.016930
9.97110 21399 3.3426 0.022850
9.97334 21447 3.0075 0.020536
9.97558 21495 3.0964 0.021120
9.97785 21544 3.1823 0.021681
9.98008 21592 3.0404 0.020691
9.98234 21641 2.1088 0.014335
9.98461 21690 2.0284 0.013773
9.98686 21739 2.3130 0.015687
9.98907 21787 2.6566 0.017998
9.99136 21837 2.6024 0.017611
9.99360 21886 2.3970 0.016203
9.99584 21935 2.3260 0.015705
9.99807 21984 1.9991 0.013483
10.00034 22034 0.5414 0.003647
10.00261 22084 1.8286 0.012305
10.00482 22133 1.9382 0.013028
10.00708 22183 1.5924 0.010692
10.00933 22233 0.0037 0.000025
10.01158 22283 0.7855 0.005262
10.01382 22333 1.9158 0.012820
10.01610 22384 2.0516 0.013713
10.01833 22434 1.3899 0.009279
10.02056 22484 2.1721 0.014486
10.02282 22535 2.0646 0.013753
10.02509 22586 2.5493 0.016963
10.02734 22637 3.8773 0.025771
10.02959 22688 2.7361 0.018165
10.03184 22739 3.8296 0.025396
10.03408 22790 1.5226 0.010086
10.03631 22841 0.9593 0.006347
10.03859 22893 -0.3793 -0.002507
10.04081 22944 -0.3512 -0.002319
10.04308 22996 -0.6250 -0.004122
10.04533 23048 -1.8212 -0.011996
10.04759 23100 -1.7295 -0.011379
10.04984 23152 -1.4313 -0.009407
10.05208 23204 -1.6244 -0.010664
10.05432 23256 -1.3660 -0.008958
10.05655 23308 -1.0088 -0.006608
10.05882 23361 -1.4945 -0.009778
10.06105 23413 0.4996 0.003265
10.06331 23466 -0.2302 -0.001503
10.06556 23519 -0.4321 -0.002817
10.06781 23572 0.1842 0.001199
10.07006 23625 0.9052 0.005889
10.07230 23678 1.4895 0.009680
10.07458 23732 1.6970 0.011016
10.07681 23785 0.8489 0.005505
10.07908 23839 2.3394 0.015152
10.08130 23892 2.6691 0.017268
10.08356 23946 3.1569 0.020401
10.08581 24000 3.2737 0.021132
10.08806 24054 1.8920 0.012199
10.09030 24108 0.0508 0.000327
10.09254 24162 -0.2105 -0.001354
10.09481 24217 -0.6669 -0.004286
10.09704 24271 -2.2697 -0.014569
10.09930 24326 -1.9691 -0.012625
10.10156 24381 -1.9594 -0.012549
10.10381 24436 -1.3395 -0.008569
10.10606 24491 -0.1648 -0.001053
10.10830 24546 0.2294 0.001464
10.11054 24601 0.0416 0.000265
10.11282 24657 -0.1912 -0.001218
10.11504 24712 -0.2306 -0.001467
10.11731 24768 1.0701 0.006800
10.11957 24824 0.5598 0.003553
10.12178 24879 -0.2404 -0.001524
10.12403 24935 -0.7732 -0.004896
10.12631 24992 -1.0875 -0.006879
10.12855 25048 -1.5319 -0.009679
10.13078 25104 -1.1808 -0.007452
10.13305 25161 -1.5797 -0.009959
10.13527 25217 -2.0364 -0.012824
10.13753 25274 -2.7970 -0.017594
10.13978 25331 -2.8096 -0.017653
10.14203 25388 -3.7037 -0.023245
10.14427 25445 -4.9140 -0.030806
10.14655 25503 -5.2079 -0.032611
10.14878 25560 -4.3325 -0.027099
10.15105 25618 -4.5377 -0.028351
10.15327 25675 -3.5231 -0.021987
10.15553 25733 -2.3068 -0.014380
10.15778 25791 -1.3193 -0.008215
10.16003 25849 -2.7188 -0.016910
10.16227 25907 -3.8296 -0.023793
10.16454 25966 -2.9535 -0.018329
10.16677 26024 -2.5367 -0.015725
10.16904 26083 -3.3169 -0.020538
10.17126 26141 -3.6762 -0.022737
10.17351 26200 -2.8037 -0.017321
10.17576 26259 -3.7603 -0.023205
10.17801 26318 -2.3103 -0.014241
10.18029 26378 -2.7552 -0.016964
10.18252 26437 -2.5408 -0.015626
10.18479 26497 -1.4965 -0.009193
10.18701 26556 -1.7662 -0.010838
10.18927 26616 -3.1897 -0.019552
10.19152 26676 -3.5369 -0.021655
10.19377 26736 -2.0814 -0.012730
10.19601 26796 -3.4224 -0.020907
10.19828 26857 -2.7187 -0.016590
10.20051 26917 -2.4379 -0.014859
10.20278 26978 -2.3845 -0.014517
10.20500 27038 -1.9488 -0.011851
10.20725 27099 -2.7205 -0.016526
10.20950 27160 -3.1178 -0.018918
10.21178 27222 -3.5561 -0.021553
10.21402 27283 -2.7110 -0.016413
10.21625 27344 -2.6902 -0.016269
10.21852 27406 -2.1642 -0.013073
10.22078 27468 -3.0558 -0.018438
10.22300 27529 -2.0039 -0.012077
10.22524 27591 -2.0043 -0.012066
10.22753 27654 -0.8033 -0.004831
10.22977 27716 -0.7464 -0.004483
10.23200 27778 0.8762 0.005257
10.23427 27841 1.6963 0.010166
10.23649 27903 0.7430 0.004448
10.23874 27966 -0.0983 -0.000588
10.24099 28029 0.8663 0.005174
10.24324 28092 2.5869 0.015434
10.24552 28156 2.5912 0.015443
10.24775 28219 1.5680 0.009334
10.25002 28283 1.6868 0.010030
10.25224 28346 0.7412 0.004402
10.25450 28410 1.9776 0.011733
10.25675 28474 3.2857 0.019472
10.25899 28538 3.7062 0.021939
10.26123 28602 4.5484 0.026894
10.26350 28667 4.0687 0.024030
10.26573 28731 4.7374 0.027949
10.26799 28796 3.1200 0.018386
10.27025 28861 3.1817 0.018728
10.27250 28926 2.2967 0.013504
10.27474 28991 0.7289 0.004281
10.27698 29056 -0.0967 -0.000567
10.27925 29122 0.5792 0.003394
10.28148 29187 0.4716 0.002761
10.28374 29253 0.1750 0.001023
10.28599 29319 0.6580 0.003843
10.28824 29385 1.4800 0.008634
10.29048 29451 0.9562 0.005572
10.29272 29517 0.7207 0.004195
10.29499 29584 0.2460 0.001430
10.29722 29650 -1.1865 -0.006890
10.29947 29717 -1.7181 -0.009967
10.30173 29784 -2.7635 -0.016013
10.30397 29851 -2.3433 -0.013563
10.30622 29918 -1.6751 -0.009685
10.30849 29986 -2.3645 -0.013655
10.31072 30053 -2.1221 -0.012241
10.31298 30121 -0.9439 -0.005439
10.31523 30189 -1.4610 -0.008409
10.31748 30257 -1.7757 -0.010208
10.31973 30325 -1.2314 -0.007071
10.32197 30393 -0.7398 -0.004244
10.32424 30462 -1.1890 -0.006812
10.32647 30530 0.3445 0.001971
10.32872 30599 1.0043 0.005741
10.33098 30668 -1.3281 -0.007584
10.33322 30737 0.1286 0.000733
10.33546 30806 1.5725 0.008959
10.33773 30876 2.8039 0.015957
10.33997 30945 3.5902 0.020409
10.34223 31015 2.0706 0.011757
10.34448 31085 1.2897 0.007315
10.34673 31155 0.6710 0.003802
10.34897 31225 1.4893 0.008428
10.35121 31295 1.0276 0.005809
10.35345 31365 1.0428 0.005888
10.35571 31436 1.8867 0.010641
10.35797 31507 1.7195 0.009687
10.36022 31578 0.4691 0.002640
10.36246 31649 0.8646 0.004860
10.36470 31720 0.7770 0.004363
10.36697 31792 0.8212 0.004605
10.36920 31863 1.2976 0.007269
10.37146 31935 1.5046 0.008419
10.37371 32007 0.9084 0.005078
10.37596 32079 -0.5391 -0.003010
10.37820 32151 -1.0244 -0.005713
10.38047 32224 -0.5855 -0.003262
10.38270 32296 -0.3766 -0.002096
10.38496 32369 -2.4920 -0.013851
10.38721 32442 -2.1994 -0.012211
10.38946 32515 -2.0215 -0.011210
10.39170 32588 -4.0832 -0.022619
10.39394 32661 -5.4872 -0.030363
10.39620 32735 -4.4603 -0.024652
10.39846 32809 -4.8396 -0.026718
10.40071 32883 -4.8582 -0.026791
10.40296 32957 -4.1214 -0.022702
10.40520 33031 -4.4630 -0.024556
10.40744 33105 -2.6695 -0.014672
10.40970 33180 -2.1318 -0.011703
10.41193 33254 -0.9325 -0.005113
10.41418 33329 -1.1192 -0.006130
10.41643 33404 -2.3539 -0.012879
10.41870 33480 -3.0099 -0.016450
10.42094 33555 -2.7614 -0.015075
10.42320 33631 -1.4062 -0.007668
10.42543 33706 -1.4785 -0.008053
10.42768 33782 -0.7739 -0.004211
10.42993 33858 -0.2399 -0.001304
10.43217 33934 0.3371 0.001830
10.43444 34011 0.3591 0.001947
10.43667 34087 -0.0756 -0.000410
10.43893 34164 0.2253 0.001219
10.44118 34241 -0.4678 -0.002528
10.44343 34318 0.6844 0.003695
10.44567 34395 0.9008 0.004857
10.44793 34473 1.0550 0.005682
10.45019 34551 -1.3711 -0.007376
10.45242 34628 -1.5884 -0.008536
10.45467 34706 -0.8793 -0.004720
10.45691 34784 0.5929 0.003179
10.45918 34863 2.1334 0.011426
10.46142 34941 3.1710 0.016964
10.46367 35020 2.4115 0.012886
10.46593 35099 1.9606 0.010465
10.46818 35178 2.5211 0.013442
10.47042 35257 2.1284 0.011335
10.47266 35336 1.8894 0.010051
10.47492 35416 2.6345 0.013999
10.47718 35496 3.8031 0.020186
10.47943 35576 4.7483 0.025174
10.48167 35656 7.2394 0.038339
10.48391 35736 5.1992 0.027503
10.48618 35817 5.6061 0.029622
10.48841 35897 3.8736 0.020445
10.49066 35978 2.5138 0.013253
10.49291 36059 3.3659 0.017725
10.49516 36140 2.9142 0.015329
10.49742 36222 1.4916 0.007837
10.49966 36303 0.4395 0.002307
10.50191 36385 0.4551 0.002386
10.50416 36467 2.3100 0.012096
10.50641 36549 3.2443 0.016970
10.50865 36631 1.9038 0.009947
10.51091 36714 0.8000 0.004175
10.51314 36796 -1.3917 -0.007255
10.51540 36879 -2.6198 -0.013642
10.51765 36962 -3.3869 -0.017617
10.51992 37046 -4.4214 -0.022972
10.52215 37129 -1.7739 -0.009206
10.52441 37213 -0.4180 -0.002167
10.52664 37296 -0.7919 -0.004100
10.52889 37380 1.0658 0.005513
10.53116 37465 0.0041 0.000021
10.53340 37549 -0.6163 -0.003181
10.53564 37633 -0.8844 -0.004559
10.53789 37718 -0.3115 -0.001604
10.54014 37803 -1.6002 -0.008230
10.54239 37888 -1.2817 -0.006585
10.54466 37974 -2.7158 -0.013937
10.54689 38059 -3.6857 -0.018893
10.54915 38145 -3.4917 -0.017878
10.55140 38231 -4.9634 -0.025385
10.55365 38317 -4.3902 -0.022428
10.55589 38403 -4.0001 -0.020412
10.55815 38490 -5.0929 -0.025959
10.56039 38576 -4.9748 -0.025329
10.56264 38663 -4.7087 -0.023947
10.56489 38750 -3.4018 -0.017281
10.56713 38837 -2.8583 -0.014504
10.56939 38925 -3.4063 -0.017265
10.57162 39012 -3.1734 -0.016066
10.57388 39100 -3.1995 -0.016181
10.57613 39188 -2.9006 -0.014652
10.57839 39277 -1.8768 -0.009470
10.58063 39365 -4.9170 -0.024782
10.58289 39454 -6.6360 -0.033409
10.58512 39542 -5.6969 -0.028649
10.58739 39632 -5.2264 -0.026253
10.58964 39721 -3.3081 -0.016599
10.59187 39810 -5.8250 -0.029195
10.59413 39900 -5.5104 -0.027587
10.59638 39990 -6.9838 -0.034924
10.59863 40080 -5.1966 -0.025957
10.60088 40170 -4.3161 -0.021535
10.60311 40260 -4.1638 -0.020752
10.60537 40351 -1.5656 -0.007794
10.60762 40442 0.1535 0.000763
10.60987 40533 0.5899 0.002930
10.61211 40624 0.7785 0.003862
10.61438 40716 1.1653 0.005775
10.61661 40807 4.0471 0.020035
10.61886 40899 3.5422 0.017515
10.62111 40991 4.3256 0.021365
10.62337 41084 6.2264 0.030719
10.62561 41176 6.8226 0.033622
10.62787 41269 7.0430 0.034669
10.63012 41362 8.0807 0.039733
10.63236 41455 7.3976 0.036333
10.63460 41548 8.1760 0.040111
10.63686 41642 9.0435 0.044317
10.63912 41736 8.4903 0.041559
10.64137 41830 6.8892 0.033684
10.64361 41924 5.9325 0.028974
10.64585 42018 6.1337 0.029923
10.64811 42113 6.4946 0.031648
10.65037 42208 4.6104 0.022441
10.65261 42303 5.1742 0.025157
10.65486 42398 6.7596 0.032829
10.65709 42493 6.8258 0.033113
10.65935 42589 7.3193 0.035466
10.66160 42685 6.0623 0.029342
10.66385 42781 4.1348 0.019991
10.66609 42877 3.9223 0.018942
10.66835 42974 2.9655 0.014305
10.67061 43071 1.5748 0.007588
10.67285 43168 -0.4216 -0.002029
10.67510 43265 -1.7430 -0.008380
10.67734 43362 -1.1529 -0.005536
10.67960 43460 -1.0903 -0.005230
10.68185 43558 -0.8430 -0.004039
10.68410 43656 0.0031 0.000015
10.68634 43754 -3.7249 -0.017808
10.68860 43853 -3.1283 -0.014938
10.69085 43952 -3.3481 -0.015970
10.69310 44051 -3.7506 -0.017870
10.69535 44150 -4.9396 -0.023509
10.69759 44249 -6.0062 -0.028553
10.69985 44349 -6.4150 -0.030462
10.70210 44449 -4.3493 -0.020629
10.70434 44549 -4.9948 -0.023665
10.70659 44649 -5.5084 -0.026069
10.70885 44750 -5.1865 -0.024517
10.71108 44850 -4.8796 -0.023041
10.71333 44951 -2.5334 -0.011949
10.71559 45053 -3.4409 -0.016211
10.71783 45154 -5.5869 -0.026292
10.72009 45256 -2.6931 -0.012660
10.72234 45358 -2.4519 -0.011512
10.72459 45460 -2.6056 -0.012221
10.72683 45562 -3.8270 -0.017929
10.72909 45665 -4.0751 -0.019070
10.73132 45767 -5.0447 -0.023581
10.73359 45871 -4.6822 -0.021862
10.73583 45974 -4.3293 -0.020191
10.73807 46077 -5.5445 -0.025830
10.74032 46181 -5.7587 -0.026798
10.74257 46285 -5.2603 -0.024451
10.74482 46389 -4.3566 -0.020228
10.74708 46494 -3.3457 -0.015516
10.74931 46598 -2.1258 -0.009848
10.75156 46703 -2.8883 -0.013365
10.75383 46809 -1.7182 -0.007941
10.75607 46914 -2.2179 -0.010240
10.75833 47020 -1.8307 -0.008443
10.76056 47125 -4.2830 -0.019730
10.76283 47232 -3.3659 -0.015488
10.76507 47338 -2.6878 -0.012354
10.76733 47445 -3.8964 -0.017888
10.76956 47551 -2.6195 -0.012013
10.77181 47658 -2.3352 -0.010697
10.77407 47766 -1.3261 -0.006068
10.77631 47873 -1.6929 -0.007737
10.77856 47981 -0.7577 -0.003459
10.78081 48089 -2.2555 -0.010286
10.78305 48197 -2.9948 -0.013641
10.78531 48306 -3.4454 -0.015676
10.78756 48415 -5.2305 -0.023771
10.78981 48524 -5.5914 -0.025383
10.79206 48633 -5.3514 -0.024266
10.79430 48742 -6.1739 -0.027964
10.79655 48852 -5.2052 -0.023550
10.79880 48962 -5.3401 -0.024133
10.80104 49072 -4.4074 -0.019896
10.80330 49183 -5.4031 -0.024363
10.80556 49294 -5.1096 -0.023014
10.80781 49405 -5.6513 -0.025425
10.81005 49516 -6.9217 -0.031106
10.81229 49627 -5.9833 -0.026858
10.81454 49739 -6.7357 -0.030202
10.81679 49851 -7.0591 -0.031616
10.81904 49963 -7.0574 -0.031573
10.82130 50076 -6.4804 -0.028959
10.82355 50189 -7.0272 -0.031368
10.82580 50302 -4.3411 -0.019356
10.82804 50415 -3.3442 -0.014894
10.83030 50529 -2.7979 -0.012447
10.83254 50642 -1.6327 -0.007255
10.83479 50756 -2.0655 -0.009168
10.83705 50871 -1.0899 -0.004832
10.83929 50985 -2.6209 -0.011607
10.84154 51100 -1.4044 -0.006213
10.84379 51215 1.1201 0.004949
10.84603 51330 0.5557 0.002453
10.84829 51446 0.7347 0.003239
10.85054 51562 -1.2098 -0.005328
10.85279 51678 -1.5971 -0.007026
10.85503 51794 -2.8795 -0.012653
10.85729 51911 -2.5555 -0.011216
10.85954 52028 -2.8086 -0.012313
10.86178 52145 -1.7728 -0.007764
10.86402 52262 -0.9825 -0.004298
10.86628 52380 -2.0342 -0.008888
10.86853 52498 -0.5306 -0.002316
10.87078 52616 -1.9724 -0.008599
10.87303 52735 -0.7695 -0.003351
10.87527 52853 -1.3806 -0.006005
10.87752 52972 -2.1250 -0.009233
10.87978 53092 -0.7261 -0.003151
10.88202 53211 0.1352 0.000586
10.88427 53331 -1.1217 -0.004857
10.88652 53451 0.9864 0.004267
10.88876 53571 0.9454 0.004085
10.89102 53692 2.2290 0.009620
10.89327 53813 1.5278 0.006586
10.89552 53934 1.0380 0.004469
10.89778 54056 1.9874 0.008548
10.90001 54177 2.4262 0.010423
10.90226 54299 1.5950 0.006845
10.90452 54422 2.5445 0.010907
10.90676 54544 2.7529 0.011787
10.90902 54667 6.0552 0.025898
10.91126 54790 4.8049 0.020527
10.91351 54913 4.0800 0.017411
10.91576 55037 2.9510 0.012579
10.91801 55161 1.8097 0.007706
10.92026 55285 2.9339 0.012478
10.92252 55410 -0.5518 -0.002344
10.92475 55534 2.0818 0.008834
10.92702 55660 3.7112 0.015730
10.92926 55785 4.4826 0.018979
10.93150 55910 4.8266 0.020413
10.93375 56036 4.5125 0.019063
10.93601 56163 3.2268 0.013616
10.93825 56289 2.1396 0.009018
10.94051 56416 1.8546 0.007808
10.94276 56543 -1.9507 -0.008204
10.94500 56670 -0.5881 -0.002471
10.94726 56798 0.8286 0.003477
10.94951 56926 0.6689 0.002804
10.95175 57054 0.2924 0.001224
10.95399 57182 1.4400 0.006022
10.95625 57311 2.4816 0.010366
10.95850 57440 2.1573 0.009001
10.96074 57569 0.8921 0.003718
10.96300 57699 2.1306 0.008870
10.96525 57829 3.3820 0.014064
10.96749 57959 4.7959 0.019921
10.96975 58090 5.5313 0.022949
10.97198 58220 6.5663 0.027214
10.97425 58352 6.6218 0.027412
10.97649 58483 6.1786 0.025549
10.97875 58615 6.5710 0.027141
10.98100 58747 6.6451 0.027416
10.98324 58879 6.5943 0.027176
10.98548 59011 6.3545 0.026159
10.98773 59144 7.6653 0.031519
10.98999 59278 4.9669 0.020401
10.99223 59411 2.9835 0.012240
10.99449 59545 0.8286 0.003396
10.99674 59679 1.2293 0.005032
10.99898 59813 -0.6734 -0.002753
11.00123 59948 -1.5798 -0.006452
11.00348 60083 -1.9878 -0.008109
11.00573 60218 -0.0789 -0.000322
11.00798 60354 0.9035 0.003678
11.01023 60490 1.9500 0.007928
11.01248 60626 2.5326 0.010286
11.01472 60762 1.9632 0.007964
11.01697 60899 1.1611 0.004705
11.01922 61036 2.3098 0.009349
11.02148 61174 2.4298 0.009824
11.02373 61312 0.4967 0.002006
11.02598 61450 -0.1644 -0.000663
11.02822 61588 -2.2580 -0.009099
11.03048 61727 -0.3160 -0.001272
11.03273 61866 -1.2489 -0.005021
11.03497 62005 -2.5173 -0.010109
11.03723 62145 -5.1682 -0.020732
11.03946 62284 -7.2275 -0.028960
11.04172 62425 -6.4888 -0.025971
11.04396 62565 -5.5919 -0.022356
11.04621 62706 -3.7553 -0.014997
11.04846 62847 -2.7055 -0.010792
11.05072 62989 -2.8469 -0.011343
11.05297 63131 -2.7688 -0.011020
11.05521 63273 -2.9286 -0.011643
11.05746 63415 -4.5298 -0.017988
11.05971 63558 -4.5315 -0.017975
11.06196 63701 -6.1898 -0.024525
11.06421 63845 -5.2132 -0.020632
11.06645 63988 -5.6323 -0.022266
11.06871 64133 -6.6843 -0.026395
11.07096 64277 -7.2373 -0.028546
11.07321 64422 -8.1108 -0.031955
11.07546 64567 -9.5096 -0.037424
11.07770 64712 -10.2516 -0.040299
11.07996 64858 -9.8765 -0.038781
11.08220 65004 -12.4829 -0.048960
11.08445 65150 -8.2405 -0.032285
11.08670 65297 -10.4056 -0.040721
11.08895 65444 -10.1895 -0.039831
11.09119 65591 -7.3859 -0.028839
11.09345 65739 -8.3127 -0.032421
11.09570 65887 -5.2075 -0.020288
11.09794 66035 -4.8558 -0.018896
11.10019 66184 -2.6505 -0.010303
11.10244 66333 -2.2850 -0.008872
11.10470 66483 -1.6346 -0.006339
11.10694 66632 -2.0918 -0.008104
11.10919 66782 -2.7417 -0.010609
11.11145 66933 -3.7731 -0.014584
11.11369 67083 -5.9092 -0.022815
11.11593 67234 -7.2008 -0.027771
11.11819 67386 -6.4502 -0.024848
11.12045 67538 -3.9372 -0.015150
11.12269 67690 -5.3446 -0.020542
11.12494 67842 -3.8538 -0.014796
11.12719 67995 -4.2956 -0.016473
11.12944 68148 -2.2337 -0.008556
11.13168 68301 -1.4663 -0.005611
11.13393 68455 -0.4549 -0.001739
11.13618 68609 0.1479 0.000564
11.13844 68764 -1.2693 -0.004841
11.14069 68919 -1.1433 -0.004355
11.14293 69074 0.5055 0.001923
11.14518 69229 -2.0164 -0.007663
11.14743 69385 -0.4354 -0.001653
11.14967 69541 1.9633 0.007445
11.15193 69698 2.9843 0.011304
11.15418 69855 3.4086 0.012897
11.15642 70012 3.1512 0.011909
11.15868 70170 3.8115 0.014389
11.16093 70328 6.9200 0.026094
11.16317 70486 9.2508 0.034844
11.16542 70645 7.1305 0.026828
11.16767 70804 7.8559 0.029523
11.16991 70963 6.0938 0.022876
11.17217 71123 7.0563 0.026459
11.17441 71283 7.3832 0.027654
11.17667 71444 8.4478 0.031605
11.17892 71605 10.8288 0.040468
11.18117 71766 9.5091 0.035496
11.18342 71928 8.4327 0.031443
11.18567 72090 7.9945 0.029775
11.18792 72252 8.2179 0.030573
11.19017 72415 7.5372 0.028009
11.19242 72578 3.8488 0.014286
11.19466 72741 6.0876 0.022571
11.19691 72905 5.2565 0.019468
11.19916 73069 5.5735 0.020619
11.20142 73234 4.5619 0.016857
11.20365 73398 4.4768 0.016524
11.20591 73564 3.8448 0.014175
11.20815 73729 2.6533 0.009772
11.21040 73895 -2.2590 -0.008310
11.21266 74062 -3.2887 -0.012085
11.21491 74229 -2.1587 -0.007923
11.21716 74396 -0.5937 -0.002177
11.21940 74563 -1.8347 -0.006719
11.22165 74731 0.9422 0.003447
11.22390 74899 -0.2085 -0.000762
11.22615 75068 0.0192 0.000070
11.22840 75237 0.3216 0.001173
11.23064 75406 0.2690 0.000979
11.23289 75576 0.7817 0.002843
11.23514 75746 1.7539 0.006373
11.23740 75917 2.0756 0.007533
11.23965 76088 2.4472 0.008872
11.24189 76259 3.4754 0.012585
11.24414 76431 3.2564 0.011779
11.24639 76603 2.2411 0.008097
11.24865 76776 0.4468 0.001612
11.25089 76948 0.7333 0.002644
11.25314 77122 0.1571 0.000566
11.25538 77295 2.3740 0.008539
11.25763 77469 2.4517 0.008808
11.25989 77644 0.5245 0.001882
11.26214 77819 0.4575 0.001640
11.26439 77994 0.0498 0.000178
11.26664 78170 0.9067 0.003243
11.26889 78346 0.8920 0.003187
11.27113 78522 -0.1943 -0.000693
11.27339 78699 -1.0277 -0.003663
11.27563 78876 -0.4563 -0.001625
11.27789 79054 -0.5968 -0.002123
11.28014 79232 -2.6309 -0.009347
11.28238 79410 -2.4019 -0.008524
11.28463 79589 -3.1506 -0.011168
11.28688 79768 -4.6886 -0.016601
11.28913 79948 -4.2651 -0.015084
11.29138 80128 -2.9372 -0.010376
11.29362 80308 -2.1456 -0.007571
11.29588 80489 -1.6164 -0.005698
11.29812 80670 -1.0372 -0.003652
11.30038 80852 -2.9768 -0.010469
11.30262 81034 -1.9324 -0.006788
11.30487 81216 -3.4149 -0.011983
11.30712 81399 -5.4907 -0.019245
11.30936 81582 -3.4993 -0.012251
11.31162 81766 -1.7430 -0.006095
11.31386 81950 1.7716 0.006189
11.31612 82135 3.0117 0.010509
11.31837 82320 2.1182 0.007383
11.32061 82505 1.7471 0.006082
11.32287 82691 -0.2672 -0.000929
11.32511 82877 -2.7966 -0.009714
11.32737 83064 -2.6721 -0.009271
11.32962 83251 -1.5655 -0.005426
11.33186 83438 -2.1287 -0.007369
11.33411 83626 -3.2356 -0.011189
11.33636 83814 -1.8622 -0.006432
11.33861 84003 -2.2502 -0.007764
11.34086 84192 -3.5279 -0.012159
11.34311 84382 -4.2231 -0.014538
11.34536 84572 -4.2305 -0.014547
11.34760 84762 -5.6652 -0.019459
11.34985 84953 -5.6094 -0.019245
11.35210 85144 -1.8743 -0.006423
11.35435 85336 0.2924 0.001001
11.35660 85528 0.2593 0.000887
11.35885 85721 1.0124 0.003458
11.36110 85914 0.9699 0.003309
11.36335 86107 0.0655 0.000223
11.36560 86301 0.3285 0.001118
11.36785 86496 -1.0142 -0.003449
11.37009 86690 -5.1259 -0.017409
11.37235 86886 -4.5968 -0.015595
11.37459 87081 -2.0432 -0.006924
11.37684 87277 -3.3105 -0.011206
11.37910 87474 -3.7448 -0.012662
11.38135 87671 -3.3795 -0.011414
11.38359 87868 -4.1321 -0.013940
11.38584 88066 -3.8473 -0.012964
11.38809 88264 -3.5070 -0.011804
11.39034 88463 -0.0554 -0.000186
11.39259 88662 -2.4650 -0.008279
11.39484 88862 -1.2337 -0.004139
11.39709 89062 -0.1523 -0.000510
11.39934 89263 0.0530 0.000177
11.40159 89464 0.2787 0.000932
11.40384 89665 -0.1302 -0.000435
11.40609 89867 -0.9414 -0.003140
11.40833 90069 -0.1769 -0.000589
11.41058 90272 0.5089 0.001694
11.41283 90475 -0.7873 -0.002617
11.41508 90679 1.0500 0.003487
11.41733 90883 0.0214 0.000071
11.41958 91088 -1.2861 -0.004261
11.42183 91293 -0.9914 -0.003281
11.42408 91499 -1.8459 -0.006102
11.42633 91705 -1.8231 -0.006020
11.42858 91911 -0.0269 -0.000089
11.43083 92118 0.0684 0.000225
11.43307 92325 -0.9905 -0.003260
11.43532 92533 0.9404 0.003092
11.43758 92742 -0.2533 -0.000832
11.43982 92950 2.0855 0.006840
11.44207 93160 1.3497 0.004422
11.44433 93370 1.7497 0.005726
11.44657 93580 1.1290 0.003691
11.44882 93791 0.2172 0.000709
11.45107 94002 3.8968 0.012710
11.45331 94213 3.2079 0.010451
11.45556 94425 2.0239 0.006586
11.45781 94638 1.8382 0.005975
11.46006 94851 0.3372 0.001095
11.46232 95065 -1.9930 -0.006464
11.46456 95279 -1.3517 -0.004379
11.46681 95493 -1.1917 -0.003857
11.46906 95708 -0.1345 -0.000435
11.47131 95924 -0.8052 -0.002600
11.47356 96140 -2.2426 -0.007233
11.47580 96356 0.4119 0.001327
11.47805 96573 -1.2893 -0.004149
11.48031 96791 0.4991 0.001604
11.48256 97009 -2.0632 -0.006624
11.48480 97227 -1.2273 -0.003936
11.48705 97446 -2.2300 -0.007144
11.48931 97666 0.9918 0.003174
11.49155 97885 1.0052 0.003213
11.49380 98106 1.0988 0.003508
11.49605 98327 -0.1134 -0.000362
11.49830 98548 0.9221 0.002937
11.50055 98770 -2.4212 -0.007704
11.50279 98992 -1.7438 -0.005542
11.50504 99215 -2.4049 -0.007635
11.50730 99439 -2.9132 -0.009238
11.50955 99663 -4.8282 -0.015294
11.51179 99887 -7.3737 -0.023331
11.51404 100112 -8.8545 -0.027985
11.51629 100337 -6.1613 -0.019451
11.51854 100563 -6.2201 -0.019614
11.52079 100790 -6.8464 -0.021565
11.52304 101017 -6.0635 -0.019078
11.52529 101244 -6.1150 -0.019218
11.52754 101472 -7.3002 -0.022917
11.52979 101701 -8.1343 -0.025507
11.53204 101930 -7.5066 -0.023512
11.53429 102159 -7.9480 -0.024867
11.53653 102389 -8.3111 -0.025974
11.53879 102620 -9.4901 -0.029625
11.54104 102851 -6.6128 -0.020620
11.54328 103082 -8.5681 -0.026687
11.54554 103315 -8.8885 -0.027653
11.54778 103547 -6.0503 -0.018802
11.55003 103780 -8.6398 -0.026819
11.55228 104014 -5.7681 -0.017885
11.55453 104248 -4.2194 -0.013068
11.55678 104483 0.3961 0.001225
11.55903 104718 2.4455 0.007557
11.56128 104954 3.1876 0.009839
11.56352 105190 5.1417 0.015853
11.56577 105427 5.2041 0.016028
11.56803 105665 4.8976 0.015067
11.57028 105903 6.3008 0.019361
11.57252 106141 8.3892 0.025750
11.57477 106380 6.7426 0.020673
11.57703 106620 7.5617 0.023158
11.57927 106860 7.5269 0.023026
11.58152 107100 7.9149 0.024185
11.58377 107341 7.9921 0.024394
11.58602 107583 1.3935 0.004248
11.58826 107825 1.2314 0.003750
11.59052 108068 3.5065 0.010667
11.59276 108311 4.4521 0.013528
11.59501 108555 0.4439 0.001347
11.59727 108800 2.2902 0.006943
11.59952 109045 2.3409 0.007089
11.60176 109290 5.0148 0.015169
11.60401 109536 8.0645 0.024367
11.60626 109783 7.8239 0.023613
11.60851 110030 5.7724 0.017402
11.61076 110278 5.5532 0.016722
11.61301 110526 5.0527 0.015198
11.61526 110775 4.9375 0.014835
11.61751 111025 7.7681 0.023313
11.61976 111275 4.5982 0.013784
11.62200 111525 3.7855 0.011335
11.62425 111776 5.9076 0.017670
11.62650 112028 7.3359 0.021918
11.62875 112280 6.6943 0.019978
11.63100 112533 5.4975 0.016388
11.63325 112786 5.0222 0.014954
11.63550 113040 4.8257 0.014353
11.63775 113295 5.9545 0.017691
11.64000 113550 6.6665 0.019783
11.64225 113806 3.9364 0.011669
11.64450 114062 2.9135 0.008627
11.64675 114319 2.9087 0.008603
11.64899 114576 1.5375 0.004542
11.65124 114834 -0.7801 -0.002302
11.65350 115093 -0.3891 -0.001147
11.65574 115352 0.9326 0.002746
11.65800 115612 0.3217 0.000946
11.66024 115872 1.0242 0.003009
11.66249 116133 2.9315 0.008602
11.66474 116394 1.0318 0.003024
11.66699 116657 7.0648 0.020685
11.66924 116919 4.4276 0.012949
11.67148 117182 5.2419 0.015313
11.67373 117446 5.4777 0.015984
11.67599 117711 1.6564 0.004828
11.67824 117976 2.5409 0.007398
11.68048 118241 3.1211 0.009077
11.68274 118508 2.6213 0.007615
11.68499 118775 0.9014 0.002615
11.68723 119042 -4.1472 -0.012020
11.68948 119310 -5.7643 -0.016688
11.69173 119579 -4.8227 -0.013946
11.69398 119848 -5.5793 -0.016116
11.69623 120118 -7.7958 -0.022493
11.69848 120388 -7.7639 -0.022376
11.70072 120659 -8.0022 -0.023037
11.70298 120931 -5.6921 -0.016368
11.70522 121203 -3.3000 -0.009479
11.70747 121476 -3.2328 -0.009275
11.70973 121750 -3.8458 -0.011022
11.71197 122024 -2.5965 -0.007433
11.71422 122299 -3.6082 -0.010318
11.71647 122574 -5.1741 -0.014779
11.71872 122850 -7.8870 -0.022502
11.72097 123127 -6.8221 -0.019442
11.72322 123404 -7.2812 -0.020727
11.72547 123682 -6.7776 -0.019272
11.72771 123960 -6.4223 -0.018241
11.72996 124239 -6.4264 -0.018232
11.73221 124519 -5.8020 -0.016442
11.73447 124800 -4.6491 -0.013160
11.73672 125081 -3.8875 -0.010992
11.73896 125362 -6.7748 -0.019134
11.74122 125645 -5.7771 -0.016298
11.74346 125927 -3.9340 -0.011086
11.74571 126211 -3.8110 -0.010727
11.74796 126495 -5.9957 -0.016858
11.75021 126780 -4.5222 -0.012700
11.75245 127065 -4.2931 -0.012044
11.75471 127352 -6.0555 -0.016969
11.75695 127638 -6.1073 -0.017094
11.75921 127926 -9.8333 -0.027493
11.76146 128214 -12.1707 -0.033990
11.76371 128503 -15.3155 -0.042724
11.76595 128792 -14.0794 -0.039232
11.76820 129082 -16.2621 -0.045263
11.77045 129373 -18.5696 -0.051627
11.77270 129664 -17.8104 -0.049461
11.77495 129956 -14.0359 -0.038935
11.77720 130248 -12.1556 -0.033681
11.77945 130542 -11.2816 -0.031225
11.78170 130836 -9.8558 -0.027248
11.78394 131130 -8.7542 -0.024175
11.78620 131426 -10.3361 -0.028511
11.78844 131721 -11.2019 -0.030865
11.79069 132018 -9.3589 -0.025758
11.79294 132315 -6.3616 -0.017489
11.79519 132613 -9.2677 -0.025450
11.79744 132912 -9.3449 -0.025633
11.79969 133211 -7.6798 -0.021042
11.80194 133511 -6.0356 -0.016518
11.80419 133812 -5.6900 -0.015555
11.80644 134113 -3.4561 -0.009437
11.80869 134415 -2.6628 -0.007263
11.81094 134718 0.0709 0.000193
11.81319 135021 1.4290 0.003889
11.81543 135325 -2.6773 -0.007278
11.81769 135630 -3.9186 -0.010640
11.81993 135935 -5.0945 -0.013818
11.82218 136241 -5.1235 -0.013881
11.82443 136548 -3.0879 -0.008357
11.82668 136855 -3.7491 -0.010134
11.82893 137164 -4.4066 -0.011898
11.83118 137472 -6.7829 -0.018294
11.83343 137782 -10.1341 -0.027302
11.83568 138092 -12.6532 -0.034050
11.83792 138403 -10.1594 -0.027308
11.84018 138715 -8.2484 -0.022147
11.84242 139027 -7.1779 -0.019251
11.84467 139340 -6.6940 -0.017933
11.84692 139654 -5.3543 -0.014328
11.84917 139968 -1.0675 -0.002853
11.85142 140284 0.6447 0.001721
11.85367 140600 4.9120 0.013100
11.85592 140916 3.2065 0.008542
11.85817 141233 3.6135 0.009615
11.86042 141551 3.4421 0.009149
11.86267 141870 2.8004 0.007435
11.86492 142190 4.7735 0.012659
11.86717 142510 5.9421 0.015741
11.86942 142831 4.9705 0.013152
11.87166 143152 0.6508 0.001720
11.87392 143475 -0.3862 -0.001020
11.87616 143798 -0.0274 -0.000072
11.87841 144121 0.1214 0.000320
11.88066 144446 0.7990 0.002102
11.88291 144771 0.8985 0.002362
11.88516 145097 3.1163 0.008181
11.88741 145424 3.5226 0.009237
11.88965 145751 5.7566 0.015079
11.89191 146080 7.0363 0.018410
11.89415 146408 10.4042 0.027191
11.89640 146738 8.1284 0.021220
11.89866 147069 9.0913 0.023706
11.90091 147400 8.6434 0.022513
11.90316 147732 13.3642 0.034770
11.90540 148064 11.1719 0.029034
11.90765 148398 13.9068 0.036101
11.90990 148732 15.7546 0.040851
11.91215 149067 15.0582 0.039002
11.91440 149402 11.8196 0.030579
11.91665 149739 14.3246 0.037018
11.91890 150076 11.7156 0.030242
11.92115 150414 10.3841 0.026775
11.92340 150753 9.3533 0.024090
11.92564 151092 10.7879 0.027753
11.92789 151432 11.8067 0.030340
11.93014 151773 9.2536 0.023753
11.93239 152115 3.1193 0.007998
11.93464 152457 -2.4327 -0.006230
11.93689 152801 -0.1901 -0.000486
11.93914 153145 0.3653 0.000933
11.94139 153490 -1.4013 -0.003577
11.94364 153835 2.6780 0.006828
11.94589 154182 1.3513 0.003441
11.94814 154529 1.8401 0.004681
11.95039 154877 -0.6783 -0.001724
11.95264 155226 0.3730 0.000947
11.95488 155575 -1.3486 -0.003419
11.95713 155925 0.5150 0.001304
11.95938 156276 3.7373 0.009454
11.96163 156628 4.4193 0.011167
11.96388 156981 5.2916 0.013356
11.96613 157335 5.5212 0.013919
11.96838 157689 7.0578 0.017773
11.97063 158044 5.2957 0.013321
11.97288 158400 4.8664 0.012227
11.97512 158756 7.1761 0.018010
11.97738 159114 4.4448 0.011143
11.97962 159472 3.8721 0.009696
11.98187 159831 2.9829 0.007461
11.98412 160191 5.6063 0.014007
11.98637 160552 3.0287 0.007559
11.98862 160913 5.8349 0.014546
11.99087 161276 2.9997 0.007469
11.99312 161639 4.4058 0.010959
11.99537 162003 2.3553 0.005852
11.99762 162368 0.6139 0.001523
11.99987 162733 2.8637 0.007099
12.00212 163100 6.3562 0.015739
12.00437 163467 4.1994 0.010387
12.00662 163835 5.2091 0.012870
12.00886 164204 6.5168 0.016082
12.01112 164574 5.7264 0.014116
12.01336 164944 6.9431 0.017096
12.01561 165316 9.2901 0.022849
12.01786 165688 6.8463 0.016819
12.02011 166061 7.6496 0.018772
12.02236 166435 9.4569 0.023181
12.02461 166810 5.9319 0.014524
12.02686 167185 5.3212 0.013014
12.02911 167562 0.6196 0.001514
12.03136 167939 0.1756 0.000429
12.03360 168317 -2.6981 -0.006577
12.03585 168696 2.1938 0.005341
12.03810 169076 1.2940 0.003147
12.04035 169457 -3.4523 -0.008387
12.04260 169838 -1.6118 -0.003911
12.04485 170221 -0.6625 -0.001606
12.04710 170604 -2.0477 -0.004958
12.04935 170988 -0.7693 -0.001861
12.05160 171373 -0.9209 -0.002225
12.05385 171759 2.8961 0.006988
12.05610 172146 4.9484 0.011927
12.05834 172533 2.3496 0.005657
12.06060 172922 -1.8929 -0.004552
12.06284 173311 -3.6745 -0.008826
12.06509 173701 -4.6431 -0.011140
12.06734 174093 -5.9150 -0.014176
12.06959 174485 -5.9100 -0.014148
12.07184 174877 -7.2882 -0.017428
12.07409 175271 -12.7968 -0.030566
12.07634 175666 -13.1032 -0.031263
12.07859 176061 -15.1369 -0.036075
12.08084 176458 -11.6380 -0.027705
12.08309 176855 -8.4818 -0.020169
12.08533 177253 -7.4942 -0.017800
12.08759 177653 -10.3256 -0.024498
12.08984 178053 -9.7761 -0.023168
12.09208 178453 -10.5921 -0.025074
12.09433 178855 -11.8036 -0.027910
12.09658 179258 -15.9852 -0.037755
12.09883 179662 -18.6985 -0.044114
12.10108 180066 -20.7412 -0.048879
12.10333 180472 -17.2612 -0.040632
12.10558 180878 -15.6283 -0.036747
12.10783 181285 -13.6389 -0.032033
12.11008 181694 -11.3097 -0.026533
12.11233 182103 -8.7236 -0.020443
12.11458 182513 -8.0835 -0.018921
12.11683 182924 -7.8783 -0.018420
12.11908 183336 -12.1197 -0.028305
12.12132 183748 -10.1068 -0.023578
12.12357 184162 -10.5379 -0.024556
12.12582 184577 -13.7014 -0.031891
12.12807 184992 -13.5045 -0.031398
12.13032 185409 -9.9411 -0.023087
12.13257 185826 -11.3815 -0.026403
12.13482 186245 -11.4725 -0.026584
12.13707 186664 -13.0232 -0.030143
12.13932 187085 -9.5972 -0.022188
12.14157 187506 -9.4323 -0.021783
12.14381 187928 -6.2069 -0.014318
12.14606 188351 -8.1849 -0.018859
12.14831 188775 -8.8426 -0.020352
12.15056 189200 -10.8157 -0.024865
12.15281 189626 -13.1235 -0.030137
12.15506 190053 -14.6947 -0.033707
12.15731 190481 -13.5098 -0.030954
12.15956 190910 -13.5563 -0.031026
12.16181 191340 -10.6563 -0.024361
12.16406 191771 -10.6434 -0.024305
12.16631 192203 -13.3030 -0.030344
12.16856 192636 -8.4311 -0.019209
12.17080 193069 -3.7276 -0.008483
12.17305 193504 -2.9252 -0.006650
12.17530 193940 -3.4568 -0.007850
12.17755 194376 -3.7980 -0.008614
12.17980 194814 -4.5633 -0.010339
12.18205 195253 -0.6619 -0.001498
12.18430 195692 -4.2178 -0.009535
12.18655 196133 -2.4141 -0.005451
12.18880 196575 2.6101 0.005887
12.19105 197017 0.1339 0.000302
12.19330 197461 0.3971 0.000894
12.19555 197906 1.4932 0.003357
12.19779 198351 5.6294 0.012640
12.20004 198798 3.2108 0.007201
12.20229 199245 6.8248 0.015290
12.20454 199694 7.6741 0.017173
12.20679 200144 5.1745 0.011566
12.20904 200594 1.5287 0.003413
12.21129 201046 0.9159 0.002043
12.21354 201499 0.7235 0.001612
12.21579 201952 6.0135 0.013381
12.21804 202407 7.4954 0.016660
12.22029 202863 11.6237 0.025807
12.22254 203320 15.4283 0.034216
12.22479 203778 11.5623 0.025613
12.22703 204236 15.3449 0.033955
12.22928 204696 15.7412 0.034792
12.23153 205157 13.6633 0.030166
12.23378 205619 14.6711 0.032354
12.23603 206082 16.7997 0.037007
12.23828 206546 20.5806 0.045285
12.24053 207011 22.4994 0.049451
12.24278 207477 22.8486 0.050162
12.24503 207945 19.5660 0.042907
12.24728 208413 20.8763 0.045729
12.24952 208882 23.2034 0.050769
12.25177 209352 21.4916 0.046971
12.25402 209824 18.5567 0.040511
12.25627 210296 19.0198 0.041475
12.25852 210770 19.6951 0.042900
12.26077 211244 15.5052 0.033735
12.26302 211720 15.1106 0.032840
12.26527 212197 13.4916 0.029288
12.26752 212675 9.9629 0.021604
12.26977 213154 5.6164 0.012165
12.27201 213633 4.2687 0.009236
12.27427 214115 5.2694 0.011388
12.27652 214597 6.5757 0.014195
12.27877 215080 9.1732 0.019780
12.28101 215564 7.8108 0.016823
12.28327 216050 4.7286 0.010173
12.28551 216536 6.5344 0.014042
12.28776 217024 5.5870 0.011993
12.29001 217512 0.0363 0.000078
12.29226 218002 -1.8499 -0.003962
12.29451 218493 -0.5273 -0.001128
12.29676 218985 -0.1836 -0.000392
12.29901 219478 2.2542 0.004812
12.30126 219972 -2.5947 -0.005532
12.30350 220467 -2.2601 -0.004813
12.30576 220964 -4.1004 -0.008723
12.30800 221461 -2.2677 -0.004819
12.31025 221960 -0.7013 -0.001489
12.31250 222460 -5.1369 -0.010891
12.31475 222961 -7.5672 -0.016026
12.31700 223463 -2.3355 -0.004941
12.31925 223966 -0.2494 -0.000527
12.32150 224470 -0.0737 -0.000156
12.32375 224976 2.5987 0.005479
12.32600 225482 4.8585 0.010232
12.32825 225990 1.8353 0.003861
12.33050 226499 4.3163 0.009069
12.33274 227009 3.0347 0.006369
12.33499 227520 -0.0798 -0.000167
12.33724 228032 2.6649 0.005581
12.33949 228546 -0.1714 -0.000359
12.34174 229061 3.0044 0.006277
12.34399 229576 1.1976 0.002500
12.34624 230093 -3.1946 -0.006660
12.34849 230611 -7.5506 -0.015723
12.35074 231131 -4.2185 -0.008775
12.35299 231651 -8.1988 -0.017035
12.35524 232173 -9.5081 -0.019733
12.35748 232695 -9.8827 -0.020487
12.35973 233219 -10.3100 -0.021349
12.36199 233745 -5.5314 -0.011441
12.36423 234271 -3.7802 -0.007810
12.36648 234798 -6.3476 -0.013100
12.36873 235327 -11.2855 -0.023264
12.37098 235857 -13.6963 -0.028202
12.37323 236388 -14.8947 -0.030635
12.37548 236920 -12.9942 -0.026696
12.37773 237454 -11.3812 -0.023356
12.37998 237988 -5.0285 -0.010308
12.38223 238524 -8.0712 -0.016526
12.38447 239061 -7.7370 -0.015824
12.38673 239600 -3.2445 -0.006628
12.38897 240139 -5.9778 -0.012199
12.39122 240680 -4.6171 -0.009411
12.39347 241222 -6.8293 -0.013905
12.39572 241765 -7.8283 -0.015921
12.39797 242309 -9.8422 -0.019994
12.40022 242855 -4.8700 -0.009882
12.40247 243402 -8.3129 -0.016850
12.40472 243950 -6.4598 -0.013079
12.40697 244499 -2.2194 -0.004489
12.40922 245050 -3.5965 -0.007265
12.41147 245602 -6.1715 -0.012453
12.41372 246155 -0.6947 -0.001400
12.41596 246709 0.8019 0.001614
12.41821 247264 3.0728 0.006180
12.42046 247821 2.2053 0.004430
12.42271 248379 2.1546 0.004323
12.42496 248938 -1.8118 -0.003631
12.42721 249499 -1.3351 -0.002673
12.42946 250061 -1.3309 -0.002662
12.43171 250624 3.2028 0.006398
12.43396 251188 3.2510 0.006487
12.43621 251754 -1.5548 -0.003099
12.43846 252321 -1.9876 -0.003957
12.44071 252889 -5.6464 -0.011228
12.44295 253458 -5.6359 -0.011195
12.44520 254029 -10.2363 -0.020310
12.44745 254601 -11.0404 -0.021880
12.44970 255174 -10.1251 -0.020044
12.45195 255749 -15.4163 -0.030484
12.45420 256325 -14.4844 -0.028609
12.45645 256902 -13.6635 -0.026957
12.45870 257480 -15.4887 -0.030524
12.46095 258060 -13.9580 -0.027477
12.46320 258641 -13.5911 -0.026724
12.46545 259224 -13.6690 -0.026847
12.46769 259807 -16.4251 -0.032224
12.46994 260392 -17.3640 -0.034028
12.47220 260979 -11.2927 -0.022105
12.47444 261566 -10.3585 -0.020254
12.47669 262155 -4.3142 -0.008426
12.47894 262745 -2.3804 -0.004644
12.48119 263337 -4.3475 -0.008472
12.48344 263930 -4.0521 -0.007888
12.48569 264524 -3.3823 -0.006576
12.48794 265120 1.9776 0.003841
12.49019 265717 4.9277 0.009560
12.49244 266315 -1.3303 -0.002578
12.49469 266915 -1.3928 -0.002696
12.49693 267516 -4.2623 -0.008241
12.49918 268118 -1.4571 -0.002814
12.50143 268722 0.0070 0.000013
12.50368 269327 1.8800 0.003623
12.50593 269934 3.6726 0.007069
12.50818 270541 6.2460 0.012008
12.51043 271151 6.1696 0.011848
12.51268 271761 5.6405 0.010820
12.51493 272373 5.8583 0.011225
12.51718 272986 1.5913 0.003046
12.51943 273601 2.9488 0.005637
12.52168 274217 0.7810 0.001491
12.52393 274835 3.3072 0.006308
12.52617 275453 4.9863 0.009501
12.52842 276074 1.1116 0.002116
12.53067 276695 -0.4027 -0.000766
12.53292 277318 0.7290 0.001384
12.53517 277943 -3.5801 -0.006791
12.53742 278569 0.5987 0.001134
12.53967 279196 -0.7030 -0.001330
12.54192 279824 -1.0194 -0.001927
12.54417 280455 -2.6916 -0.005082
12.54642 281086 1.1089 0.002092
12.54867 281719 -3.0324 -0.005713
12.55091 282353 -2.1113 -0.003973
12.55316 282989 1.2203 0.002294
12.55541 283626 2.3105 0.004338
12.55766 284265 5.1168 0.009597
12.55991 284905 2.8835 0.005402
12.56216 285547 3.3019 0.006179
12.56441 286190 5.4210 0.010133
12.56666 286834 5.1937 0.009698
12.56891 287480 3.3714 0.006288
12.57116 288127 -2.2823 -0.004252
12.57341 288776 -3.1113 -0.005790
12.57565 289426 -0.8584 -0.001596
12.57791 290078 1.3933 0.002587
12.58015 290731 4.2900 0.007956
12.58240 291386 3.6288 0.006723
12.58465 292042 4.6676 0.008637
12.58690 292699 6.0247 0.011136
12.58915 293358 5.4540 0.010070
12.59140 294019 8.0693 0.014881
12.59365 294681 2.2408 0.004128
12.59590 295345 -0.7875 -0.001449
12.59815 296010 -2.0199 -0.003713
12.60040 296676 -1.9817 -0.003638
12.60264 297344 2.5087 0.004601
12.60490 298014 4.8180 0.008826
12.60714 298685 6.5475 0.011980
12.60939 299357 8.9317 0.016324
12.61164 300031 9.1802 0.016760
12.61389 300707 2.9373 0.005356
12.61614 301384 1.9677 0.003584
12.61839 302063 1.3844 0.002519
12.62064 302743 -1.2332 -0.002241
12.62289 303424 4.1345 0.007506
12.62514 304108 5.5710 0.010102
12.62738 304792 4.7938 0.008683
12.62964 305479 2.8115 0.005087
12.63189 306167 2.4303 0.004392
12.63413 306856 2.0033 0.003616
12.63638 307547 -1.3386 -0.002414
12.63863 308239 -0.9693 -0.001746
12.64088 308933 3.2210 0.005795
12.64313 309629 -3.3832 -0.006080
12.64538 310326 -5.5724 -0.010003
12.64763 311025 -4.5458 -0.008151
12.64988 311725 -5.8944 -0.010557
12.65213 312427 -6.3713 -0.011399
12.65438 313131 -6.9251 -0.012375
12.65663 313836 -3.2978 -0.005887
12.65888 314543 0.6079 0.001084
12.66112 315251 2.5025 0.004457
12.66337 315961 1.8933 0.003368
12.66562 316672 2.0969 0.003726
12.66787 317385 2.9161 0.005176
12.67012 318100 2.2784 0.004040
12.67237 318816 1.6155 0.002861
12.67462 319534 4.5256 0.008006
12.67687 320253 9.8672 0.017436
12.67912 320975 6.8504 0.012092
12.68137 321697 6.1388 0.010823
12.68362 322422 6.0449 0.010646
12.68587 323148 1.8102 0.003184
12.68811 323875 1.2663 0.002225
12.69036 324605 3.7619 0.006603
12.69261 325335 0.9411 0.001650
12.69486 326068 1.5912 0.002787
12.69711 326802 -2.3387 -0.004091
12.69936 327538 4.9598 0.008666
12.70161 328276 3.1686 0.005530
12.70386 329015 6.6928 0.011668
12.70611 329756 6.0645 0.010561
12.70836 330498 1.7312 0.003011
12.71060 331242 -1.0326 -0.001794
12.71285 331988 -6.4360 -0.011170
12.71510 332736 -8.5990 -0.014907
12.71735 333485 -9.2164 -0.015960
12.71960 334236 -11.0523 -0.019117
12.72185 334988 -10.7932 -0.018648
12.72410 335743 -9.4285 -0.016272
12.72635 336499 -8.7388 -0.015065
12.72860 337256 -12.0662 -0.020777
12.73085 338016 -13.2804 -0.022842
12.73310 338777 -13.1213 -0.022543
12.73535 339540 -13.1515 -0.022570
12.73759 340304 -14.6136 -0.025051
12.73985 341071 -13.1677 -0.022547
12.74210 341839 -7.2558 -0.012410
12.74434 342608 -10.2107 -0.017444
12.74659 343380 -8.9805 -0.015326
12.74884 344153 -9.0905 -0.015496
12.75109 344928 -10.7483 -0.018301
12.75334 345705 -13.4884 -0.022941
12.75559 346483 -15.7515 -0.026760
12.75784 347263 -17.2848 -0.029332
12.76009 348045 -15.6898 -0.026595
12.76234 348829 -14.0703 -0.023823
12.76458 349614 -11.8165 -0.019984
12.76683 350401 -10.5602 -0.017840
12.76908 351190 -12.0258 -0.020293
12.77133 351981 -11.1739 -0.018834
12.77358 352774 -10.3963 -0.017504
12.77583 353568 -13.9487 -0.023458
12.77808 354364 -9.6087 -0.016141
12.78033 355162 -13.0769 -0.021943
12.78258 355962 -10.3770 -0.017393
12.78483 356763 -5.0640 -0.008478
12.78708 357567 -7.0911 -0.011859
12.78933 358372 -9.4793 -0.015835
12.79158 359179 -11.7620 -0.019626
12.79383 359988 -10.7747 -0.017958
12.79607 360798 -6.6211 -0.011023
12.79832 361611 -7.5010 -0.012474
12.80057 362425 -7.8990 -0.013121
12.80282 363241 -6.4750 -0.010743
12.80507 364059 -17.1790 -0.028472
12.80732 364879 -21.6027 -0.035763
12.80957 365700 -22.9643 -0.037974
12.81182 366524 -14.9889 -0.024758
12.81407 367349 -10.3019 -0.016997
12.81632 368176 -6.2046 -0.010226
12.81857 369005 -5.9164 -0.009740
12.82081 369836 -5.6872 -0.009352
12.82306 370669 -1.0229 -0.001680
12.82531 371503 -5.7294 -0.009400
12.82756 372340 -1.7208 -0.002820
12.82981 373178 0.7885 0.001291
12.83206 374019 2.7090 0.004430
12.83431 374861 -1.3840 -0.002260
12.83656 375705 -1.7670 -0.002883
12.83881 376551 0.6113 0.000996
12.84106 377399 -0.0476 -0.000078
12.84331 378248 4.1735 0.006786
12.84556 379100 5.8201 0.009453
12.84781 379954 2.1328 0.003460
12.85005 380809 6.7482 0.010935
12.85230 381667 6.6701 0.010797
12.85455 382526 8.3981 0.013579
12.85680 383388 7.4046 0.011959
12.85905 384251 9.3226 0.015039
12.86130 385116 10.4103 0.016775
12.86355 385983 11.1521 0.017950
12.86580 386852 14.0317 0.022560
12.86805 387723 8.5667 0.013758
12.87030 388596 8.1500 0.013074
12.87254 389471 5.3208 0.008526
12.87479 390348 5.4185 0.008673
12.87704 391227 4.4226 0.007071
12.87929 392108 7.1360 0.011396
12.88154 392991 5.5384 0.008835
12.88379 393876 7.9808 0.012717
12.88604 394763 12.4111 0.019753
12.88829 395652 9.8024 0.015584
12.89054 396543 3.9988 0.006350
12.89279 397436 -0.5585 -0.000886
12.89504 398331 4.0696 0.006448
12.89729 399228 7.9079 0.012516
12.89953 400126 6.0074 0.009497
12.90178 401027 3.3094 0.005226
12.90403 401930 5.1081 0.008057
12.90628 402835 3.0053 0.004735
12.90853 403743 2.8144 0.004429
12.91078 404652 -1.6069 -0.002526
12.91303 405563 -1.9411 -0.003048
12.91528 406476 6.6361 0.010409
12.91753 407391 9.3401 0.014633
12.91978 408309 8.1396 0.012738
12.92203 409228 7.8847 0.012325
12.92428 410149 10.6930 0.016697
12.92653 411073 5.5706 0.008688
12.92878 411999 7.2807 0.011343
12.93102 412926 8.4369 0.013130
12.93327 413856 12.4557 0.019362
12.93552 414788 14.7089 0.022839
12.93777 415722 14.7369 0.022856
12.94002 416658 18.7485 0.029045
12.94227 417596 25.3752 0.039267
12.94452 418536 24.7979 0.038331
12.94677 419479 24.0363 0.037112
12.94902 420423 18.2233 0.028105
12.95127 421370 18.0650 0.027830
12.95352 422319 19.7698 0.030422
12.95577 423270 21.7553 0.033439
12.95801 424223 15.0406 0.023092
12.96026 425178 15.3451 0.023533
12.96251 426136 11.0127 0.016870
12.96476 427095 8.2490 0.012622
12.96701 428057 11.0109 0.016829
12.96926 429021 19.2938 0.029456
12.97151 429987 12.6154 0.019239
12.97376 430955 11.6717 0.017779
12.97601 431925 14.7784 0.022487
12.97826 432898 11.9712 0.018195
12.98051 433873 12.6956 0.019274
12.98275 434849 8.8024 0.013348
12.98501 435829 7.5365 0.011416
12.98725 436810 9.9433 0.015045
12.98950 437794 7.9672 0.012041
12.99175 438779 -0.1976 -0.000298
12.99400 439767 -5.1168 -0.007716
12.99625 440758 -5.5092 -0.008298
12.99850 441750 -5.0690 -0.007627
13.00075 442745 -3.6762 -0.005525
13.00300 443742 -1.3194 -0.001981
13.00525 444741 -4.8012 -0.007199
13.00750 445742 -1.3976 -0.002093
13.00975 446746 -3.0031 -0.004493
13.01199 447752 -8.8521 -0.013229
13.01424 448760 -10.3935 -0.015515
13.01649 449771 -16.0900 -0.023992
13.01874 450783 -19.9364 -0.029694
13.02099 451798 -20.1582 -0.029990
13.02324 452816 -20.9061 -0.031068
13.02549 453835 -17.7471 -0.026344
13.02774 454857 -23.7416 -0.035202
13.02999 455881 -18.9309 -0.028038
13.03224 456908 -25.1668 -0.037232
13.03449 457937 -27.8192 -0.041109
13.03674 458968 -26.8788 -0.039675
13.03898 460001 -27.4037 -0.040405
13.04123 461037 -32.5312 -0.047911
13.04348 462075 -26.9542 -0.039653
13.04573 463116 -27.9974 -0.041141
13.04798 464158 -21.8095 -0.032012
13.05023 465204 -17.6093 -0.025818
13.05248 466251 -14.3078 -0.020954
13.05473 467301 -12.2326 -0.017895
13.05698 468353 -12.8342 -0.018754
13.05923 469408 -4.9964 -0.007293
13.06148 470465 -5.8274 -0.008496
13.06373 471524 1.4404 0.002098
13.06598 472586 4.1495 0.006036
13.06822 473650 2.9692 0.004314
13.07047 474716 7.0403 0.010218
13.07272 475785 5.9942 0.008690
13.07497 476857 -0.0638 -0.000092
13.07722 477930 -5.6149 -0.008122
13.07947 479007 -9.9032 -0.014309
13.08172 480085 -8.3858 -0.012103
13.08397 481166 -8.7731 -0.012648
13.08622 482250 -7.9404 -0.011434
13.08847 483335 -11.1798 -0.016081
13.09072 484424 -7.7328 -0.011110
13.09297 485515 -5.5620 -0.007982
13.09521 486608 -7.4069 -0.010618
13.09746 487703 -9.0315 -0.012932
13.09971 488802 -7.1137 -0.010175
13.10196 489902 -9.6430 -0.013777
13.10421 491005 -2.5205 -0.003597
13.10646 492111 0.9221 0.001315
13.10871 493219 -1.5731 -0.002240
13.11096 494330 -2.9140 -0.004145
13.11321 495443 4.8902 0.006948
13.11546 496558 13.1269 0.018628
13.11770 497676 14.2821 0.020245
13.11995 498797 12.7713 0.018083
13.12220 499920 10.5461 0.014916
13.12445 501046 20.4035 0.028825
13.12670 502174 18.0435 0.025462
13.12895 503305 12.8830 0.018159
13.13120 504438 6.4462 0.009076
13.13345 505574 10.7006 0.015049
13.13570 506712 -0.1926 -0.000271
13.13795 507853 -5.6094 -0.007871
13.14020 508997 -8.6509 -0.012126
13.14245 510143 -9.6840 -0.013558
13.14470 511292 -15.5053 -0.021684
13.14694 512443 -10.5665 -0.014761
13.14919 513597 -12.5556 -0.017520
13.15144 514753 -12.1512 -0.016936
13.15369 515912 -14.4153 -0.020069
13.15594 517074 -8.7675 -0.012193
13.15819 518238 -6.1584 -0.008555
13.16044 519405 -1.1525 -0.001599
13.16269 520575 1.3502 0.001871
13.16494 521747 -0.3634 -0.000503
13.16719 522922 -0.0929 -0.000128
13.16944 524099 -1.1089 -0.001532
13.17168 525279 -1.6247 -0.002242
13.17393 526462 3.1476 0.004338
13.17618 527648 5.0748 0.006986
13.17843 528836 3.3623 0.004624
13.18068 530026 6.3068 0.008663
13.18293 531220 4.3697 0.005995
13.18518 532416 2.5164 0.003449
13.18743 533615 1.9186 0.002626
13.18968 534816 4.2164 0.005766
13.19193 536021 4.3389 0.005926
13.19418 537228 1.6268 0.002219
13.19643 538437 1.0190 0.001389
13.19868 539650 -3.8701 -0.005268
13.20092 540865 -8.5296 -0.011598
13.20317 542083 -1.6382 -0.002225
13.20542 543303 1.0899 0.001479
13.20767 544527 -6.3997 -0.008673
13.20992 545753 1.3416 0.001816
13.21217 546982 -1.3676 -0.001849
13.21442 548213 -0.7527 -0.001017
13.21667 549448 -4.6796 -0.006313
13.21892 550685 -0.6645 -0.000895
13.22117 551925 0.3536 0.000476
13.22342 553168 -1.8364 -0.002469
13.22567 554413 -4.4817 -0.006019
13.22792 555662 -5.4934 -0.007370
13.23016 556913 -1.2004 -0.001609
13.23241 558167 -3.8142 -0.005105
13.23466 559424 -3.1369 -0.004194
13.23691 560683 -2.3345 -0.003118
13.23916 561946 -3.1869 -0.004251
13.24141 563211 3.4717 0.004626
13.24366 564479 0.9767 0.001300
13.24591 565750 0.9932 0.001320
13.24816 567024 5.8252 0.007736
13.25041 568301 1.8776 0.002491
13.25266 569581 2.6185 0.003470
13.25490 570863 -2.2301 -0.002952
13.25715 572149 -1.8278 -0.002416
13.25940 573437 1.2013 0.001586
13.26165 574728 -0.3013 -0.000397
13.26390 576022 3.9914 0.005259
13.26615 577319 4.3041 0.005665
13.26840 578619 5.6210 0.007390
13.27065 579922 4.5886 0.006026
13.27290 581228 0.9427 0.001237
13.27515 582537 -0.3258 -0.000427
13.27740 583848 -1.7363 -0.002272
13.27965 585163 6.2877 0.008220
13.28190 586481 2.5360 0.003311
13.28414 587801 3.7175 0.004849
13.28639 589125 4.7934 0.006245
13.28864 590451 2.1115 0.002748
13.29089 591781 6.0925 0.007920
13.29314 593113 7.3912 0.009597
13.29539 594449 4.5286 0.005874
13.29764 595787 -3.8678 -0.005011
13.29989 597129 3.6278 0.004695
13.30214 598473 0.7922 0.001024
13.30439 599821 -2.3383 -0.003019
13.30664 601172 2.5890 0.003339
13.30888 602525 -1.3586 -0.001750
13.31113 603882 -0.3651 -0.000470
13.31338 605242 -6.0089 -0.007724
13.31563 606604 -6.6899 -0.008589
13.31788 607970 -11.8730 -0.015227
13.32013 609339 -10.5949 -0.013573
13.32238 610711 -6.1413 -0.007859
13.32463 612087 -3.2389 -0.004140
13.32688 613465 -3.4916 -0.004458
13.32913 614846 -8.0299 -0.010241
13.33138 616231 -7.7320 -0.009850
13.33363 617618 -6.2897 -0.008003
13.33588 619009 -6.1170 -0.007775
13.33812 620403 -3.5231 -0.004473
13.34037 621800 -0.5525 -0.000701
13.34262 623200 -1.4841 -0.001880
13.34487 624603 -7.1194 -0.009008
13.34712 626009 -4.4167 -0.005582
13.34937 627419 -7.2095 -0.009102
13.35162 628832 -9.4363 -0.011900
13.35387 630248 -3.9361 -0.004958
13.35612 631667 -4.4561 -0.005607
13.35837 633089 -4.2844 -0.005385
13.36062 634515 -3.7370 -0.004691
13.36286 635943 -1.8031 -0.002261
13.36511 637375 3.7468 0.004693
13.36736 638811 10.7799 0.013487
13.36961 640249 17.2434 0.021550
13.37186 641691 19.8010 0.024719
13.37411 643135 17.3695 0.021659
13.37636 644584 17.1573 0.021370
13.37861 646035 18.3215 0.022795
13.38086 647490 23.6980 0.029451
13.38311 648948 27.9418 0.034686
13.38536 650409 25.2833 0.031350
13.38761 651873 21.3827 0.026484
13.38985 653341 20.2191 0.025015
13.39210 654812 15.8457 0.019582
13.39435 656287 15.0965 0.018635
13.39660 657765 15.2811 0.018842
13.39885 659246 17.7075 0.021809
13.40110 660730 18.4424 0.022689
13.40335 662218 19.6613 0.024161
13.40560 663709 14.8421 0.018218
13.40785 665203 17.1167 0.020987
13.41010 666701 17.2614 0.021140
13.41235 668203 18.9090 0.023132
13.41460 669707 2.5410 0.003105
13.41684 671215 3.3562 0.004097
13.41909 672726 -6.8012 -0.008292
13.42134 674241 -13.6342 -0.016604
13.42359 675759 -13.3406 -0.016229
13.42584 677281 -13.2893 -0.016148
13.42809 678806 -17.6926 -0.021474
13.43034 680335 -17.5409 -0.021266
13.43259 681866 -16.3661 -0.019820
13.43484 683402 -18.1911 -0.022005
13.43709 684941 -21.3248 -0.025767
13.43934 686483 -18.4337 -0.022248
13.44159 688029 -20.5904 -0.024823
13.44384 689578 -25.0964 -0.030222
13.44608 691131 -33.9797 -0.040873
13.44833 692687 -34.6691 -0.041656
13.45058 694247 -28.3919 -0.034075
13.45283 695810 -24.3048 -0.029137
13.45508 697377 -24.5648 -0.029416
13.45733 698947 -22.0816 -0.026412
13.45958 700521 -24.6734 -0.029479
13.46183 702098 -24.8723 -0.029684
13.46408 703679 -24.5680 -0.029288
13.46633 705263 -22.0865 -0.026300
13.46858 706851 -15.4804 -0.018413
13.47082 708443 -12.6590 -0.015040
13.47307 710038 -6.9935 -0.008300
13.47532 711637 4.9281 0.005842
13.47757 713239 -2.5117 -0.002974
13.47982 714845 2.8711 0.003396
13.48207 716455 2.5216 0.002979
13.48432 718068 -4.5196 -0.005334
13.48657 719685 -12.9099 -0.015218
13.48882 721306 -6.0994 -0.007182
13.49107 722930 -16.7140 -0.019658
13.49332 724558 -16.8813 -0.019832
13.49557 726189 -19.8273 -0.023267
13.49781 727824 -19.2183 -0.022527
13.50006 729463 -19.6112 -0.022962
13.50231 731106 -23.2573 -0.027200
13.50456 732752 -23.7691 -0.027767
13.50681 734402 -18.6513 -0.021764
13.50906 736056 -11.1853 -0.013037
13.51131 737713 -7.6142 -0.008865
13.51356 739374 -13.4790 -0.015676
13.51581 741039 -22.4387 -0.026066
13.51806 742707 -22.9568 -0.026638
13.52031 744380 -26.3103 -0.030495
13.52256 746056 -35.2029 -0.040756
13.52481 747736 -34.1745 -0.039521
13.52705 749419 -35.0897 -0.040534
13.52930 751107 -31.0633 -0.035842
13.53155 752798 -24.2780 -0.027982
13.53380 754493 -17.0260 -0.019601
13.53605 756192 -19.7633 -0.022727
13.53830 757895 -15.9459 -0.018317
13.54055 759601 -16.9228 -0.019417
13.54280 761312 -19.4799 -0.022326
13.54505 763026 -13.6402 -0.015615
13.54730 764744 -11.9839 -0.013704
13.54955 766466 -12.5382 -0.014322
13.55179 768192 -12.3616 -0.014104
13.55404 769922 -5.4454 -0.006206
13.55629 771655 -7.1564 -0.008147
13.55854 773393 -12.9734 -0.014752
13.56079 775134 -9.4587 -0.010743
13.56304 776880 -1.9987 -0.002268
13.56529 778629 0.3755 0.000426
13.56754 780382 7.9787 0.009032
13.56979 782139 10.4389 0.011804
13.57204 783901 4.2795 0.004834
13.57429 785666 7.2187 0.008144
13.57654 787435 4.9394 0.005566
13.57879 789208 11.9312 0.013430
13.58103 790985 18.9593 0.021318
13.58328 792766 13.0057 0.014607
13.58553 794551 17.4274 0.019551
13.58778 796340 21.0489 0.023587
13.59003 798133 25.0956 0.028090
13.59228 799930 22.4379 0.025087
13.59453 801732 29.5494 0.033002
13.59678 803537 24.6243 0.027470
13.59903 805346 34.4031 0.038336
13.60128 807160 37.3270 0.041547
13.60353 808977 41.8563 0.046536
13.60578 810799 50.2323 0.055786
13.60802 812624 48.6787 0.054000
13.61027 814454 46.5626 0.051595
13.61252 816288 43.1081 0.047713
13.61477 818126 37.2732 0.041208
13.61702 819968 40.0014 0.044175
13.61927 821815 45.2456 0.049910
13.62152 823665 42.9382 0.047312
13.62377 825520 43.7136 0.048112
13.62602 827379 31.9169 0.035089
13.62827 829242 20.4987 0.022511
13.63052 831109 16.5304 0.018132
13.63276 832980 18.8390 0.020641
13.63501 834856 19.2423 0.021060
13.63726 836736 10.5659 0.011551
13.63951 838620 6.4557 0.007049
13.64176 840508 7.1107 0.007756
13.64401 842401 2.1053 0.002294
13.64626 844297 -3.0829 -0.003355
13.64851 846199 -5.5768 -0.006062
13.65076 848104 -9.3572 -0.010161
13.65301 850014 6.4960 0.007046
13.65526 851928 1.1246 0.001218
13.65751 853846 2.7543 0.002981
13.65975 855768 1.4382 0.001555
13.66200 857695 0.1738 0.000188
13.66425 859627 2.6563 0.002865
13.66650 861562 -0.6244 -0.000673
13.66875 863502 -12.2416 -0.013174
13.67100 865447 -7.5054 -0.008068
13.67325 867395 -5.1153 -0.005492
13.67550 869348 -6.9711 -0.007477
13.67775 871306 -3.0578 -0.003276
13.68000 873268 -9.3670 -0.010024
13.68225 875234 -7.7081 -0.008239
13.68450 877205 -0.8161 -0.000871
13.68674 879180 -1.1189 -0.001193
13.68899 881160 -10.4157 -0.011096
13.69124 883144 -8.5127 -0.009058
13.69349 885133 -5.2860 -0.005619
13.69574 887126 -3.6859 -0.003913
13.69799 889123 -2.9410 -0.003119
13.70024 891125 -10.1849 -0.010789
13.70249 893132 -11.8922 -0.012584
13.70474 895143 -23.1819 -0.024502
13.70699 897158 -26.1453 -0.027603
13.70924 899178 -20.6216 -0.021747
13.71149 901203 -28.4662 -0.029986
13.71373 903232 -24.8124 -0.026108
13.71598 905266 -27.3057 -0.028699
13.71823 907305 -30.1893 -0.031694
13.72048 909348 -24.4144 -0.025602
13.72273 911395 -26.9314 -0.028210
13.72498 913447 -26.2151 -0.027429
13.72723 915504 -30.5833 -0.031963
13.72948 917566 -32.3137 -0.033734
13.73173 919632 -24.2369 -0.025274
13.73398 921702 -20.8012 -0.021667
13.73623 923778 -32.5699 -0.033887
13.73848 925858 -36.2489 -0.037672
13.74073 927943 -28.8347 -0.029933
13.74297 930032 -28.9249 -0.029993
13.74522 932126 -31.8485 -0.032988
13.74747 934225 -24.0247 -0.024856
13.74972 936329 -29.4445 -0.030429
13.75197 938437 -24.4276 -0.025216
13.75422 940550 -27.2717 -0.028120
13.75647 942668 -21.0332 -0.021663
13.75872 944791 -22.5258 -0.023175
13.76097 946918 -25.7207 -0.026432
13.76322 949050 -27.0314 -0.027747
13.76547 951187 -19.2312 -0.019719
13.76772 953329 -13.6874 -0.014018
13.76996 955475 -0.5315 -0.000544
13.77221 957627 2.7090 0.002768
13.77446 959783 11.3718 0.011608
13.77671 961944 5.4257 0.005532
13.77896 964110 7.9785 0.008126
13.78121 966281 2.2229 0.002261
13.78346 968457 0.5287 0.000537
13.78571 970638 0.4920 0.000499
13.78796 972823 2.5633 0.002599
13.79021 975014 0.8498 0.000861
13.79246 977209 4.0649 0.004112
13.79471 979410 -0.3183 -0.000322
13.79695 981615 1.4652 0.001479
13.79920 983825 2.5140 0.002535
13.80145 986041 2.1945 0.002210
13.80370 988261 4.7837 0.004812
13.80595 990486 -0.7916 -0.000795
13.80820 992716 2.4080 0.002417
13.81045 994952 -5.2753 -0.005289
13.81270 997192 -11.1461 -0.011162
13.81495 999437 -11.2391 -0.011242
13.81720 1001688 -13.8901 -0.013878
13.81945 1003943 -14.7648 -0.014736
13.82170 1006204 -13.8879 -0.013845
13.82394 1008470 -4.2623 -0.004244
13.82619 1010740 -2.1352 -0.002124
13.82844 1013016 6.1433 0.006104
13.83069 1015297 2.8926 0.002871
13.83294 1017583 -0.8088 -0.000802
13.83519 1019875 -10.3683 -0.010267
13.83744 1022171 -10.5125 -0.010398
13.83969 1024473 -12.3498 -0.012201
13.84194 1026780 -15.8809 -0.015672
13.84419 1029092 -16.9191 -0.016678
13.84644 1031409 -7.8715 -0.007751
13.84869 1033731 0.6151 0.000605
13.85093 1036059 5.6430 0.005544
13.85318 1038392 16.0373 0.015738
13.85543 1040730 18.6301 0.018262
13.85768 1043073 18.2813 0.017900
13.85993 1045422 26.8580 0.026268
13.86218 1047776 33.5707 0.032796
13.86443 1050135 34.5429 0.033708
13.86668 1052500 46.3972 0.045225
13.86893 1054870 38.8529 0.037829
13.87118 1057245 36.5199 0.035517
13.87343 1059626 31.0030 0.030118
13.87568 1062012 34.2523 0.033237
13.87792 1064403 34.6479 0.033583
13.88017 1066800 30.6077 0.029634
13.88242 1069202 23.3254 0.022558
13.88467 1071609 32.5586 0.031452
13.88692 1074022 27.8884 0.026910
13.88917 1076441 22.8328 0.022007
13.89142 1078864 22.0646 0.021243
13.89367 1081294 14.2345 0.013689
13.89592 1083728 10.9120 0.010482
13.89817 1086169 -4.9853 -0.004783
13.90042 1088614 -5.2966 -0.005076
13.90267 1091066 -14.3061 -0.013696
13.90491 1093522 -27.2971 -0.026104
13.90716 1095985 -25.8271 -0.024670
13.90941 1098452 -9.7656 -0.009318
13.91166 1100926 -8.9378 -0.008518
13.91391 1103405 -18.3127 -0.017434
13.91616 1105889 -14.6395 -0.013921
13.91841 1108379 -11.1130 -0.010556
13.92066 1110875 -5.1654 -0.004901
13.92291 1113377 -0.4334 -0.000411
13.92516 1115883 4.8482 0.004590
13.92741 1118396 4.0762 0.003854
13.92965 1120914 15.0141 0.014181
13.93190 1123438 15.1088 0.014255
13.93415 1125968 10.1527 0.009568
13.93640 1128503 4.6150 0.004344
13.93865 1131044 1.3081 0.001230
13.94090 1133591 3.1336 0.002943
13.94315 1136144 -1.4469 -0.001357
13.94540 1138702 -0.4622 -0.000433
13.94765 1141266 -2.9967 -0.002805
13.94990 1143836 -11.3087 -0.010574
13.95215 1146411 -8.1244 -0.007588
13.95440 1148993 -15.7349 -0.014679
13.95665 1151580 -23.4214 -0.021826
13.95889 1154173 -13.1019 -0.012195
13.96114 1156772 -6.7155 -0.006244
13.96339 1159376 -6.2818 -0.005834
13.96564 1161987 -8.2330 -0.007638
13.96789 1164603 -9.2385 -0.008561
13.97014 1167226 -10.6609 -0.009868
13.97239 1169854 -6.7847 -0.006273
13.97464 1172488 -0.2922 -0.000270
13.97689 1175128 -3.2955 -0.003040
13.97914 1177774 2.4730 0.002279
13.98139 1180426 -2.2922 -0.002110
13.98364 1183084 -3.9601 -0.003641
13.98588 1185748 -4.4136 -0.004053
13.98813 1188418 -1.5688 -0.001439
13.99038 1191094 -3.2690 -0.002995
13.99263 1193776 6.7339 0.006163
13.99488 1196464 1.1967 0.001094
13.99713 1199158 -4.1660 -0.003804
13.99938 1201858 -16.3187 -0.014885
14.00163 1204565 -25.0897 -0.022860
14.00388 1207277 -21.8863 -0.019919
14.00613 1209995 -24.7135 -0.022467
14.00838 1212720 -23.7684 -0.021583
14.01063 1215451 -18.0261 -0.016351
14.01287 1218187 -20.9753 -0.019004
14.01512 1220930 -26.3793 -0.023874
14.01737 1223680 -25.8100 -0.023332
14.01962 1226435 -12.8401 -0.011594
14.02187 1229196 -15.3153 -0.013814
14.02412 1231964 -7.3573 -0.006629
14.02637 1234738 -7.6248 -0.006862
14.02862 1237519 -4.5399 -0.004081
14.03087 1240305 -2.4217 -0.002174
14.03312 1243098 -0.0639 -0.000057
14.03537 1245897 -3.6966 -0.003312
14.03762 1248702 -6.3132 -0.005650
14.03986 1251514 -8.0825 -0.007225
14.04211 1254332 -3.6274 -0.003239
14.04436 1257156 -4.1637 -0.003713
14.04661 1259987 -10.9593 -0.009763
14.04886 1262824 -7.0007 -0.006230
14.05111 1265668 4.1187 0.003661
14.05336 1268518 2.2596 0.002006
14.05561 1271374 -2.1570 -0.001913
14.05786 1274237 -9.4424 -0.008365
14.06011 1277106 -7.5945 -0.006720
14.06236 1279982 -16.1176 -0.014246
14.06461 1282864 -17.1852 -0.015173
14.06685 1285752 -18.7113 -0.016502
14.06910 1288648 -14.9953 -0.013210
14.07135 1291549 -20.9300 -0.018417
14.07360 1294457 -14.7463 -0.012961
14.07585 1297372 -2.2579 -0.001982
14.07810 1300293 -14.4147 -0.012641
14.08035 1303221 -18.1564 -0.015905
14.08260 1306156 -8.7449 -0.007652
14.08485 1309097 -3.9725 -0.003472
14.08710 1312044 -14.6843 -0.012820
14.08935 1314999 -9.5988 -0.008371
14.09160 1317960 -17.9901 -0.015670
14.09384 1320927 -9.4576 -0.008229
14.09609 1323902 -16.0945 -0.013988
14.09834 1326883 -20.8038 -0.018060
14.10059 1329871 -28.5787 -0.024782
14.10284 1332865 -35.0969 -0.030400
14.10509 1335866 -23.9245 -0.020700
14.10734 1338874 -21.4970 -0.018578
14.10959 1341889 -14.7491 -0.012732
14.11184 1344910 -15.6467 -0.013492
14.11409 1347939 -16.7983 -0.014469
14.11634 1350974 -2.1156 -0.001820
14.11859 1354016 -6.6124 -0.005683
14.12083 1357065 5.1252 0.004400
14.12308 1360120 -4.9900 -0.004279
14.12533 1363183 -5.9813 -0.005123
14.12758 1366253 -2.5959 -0.002221
14.12983 1369329 0.8847 0.000756
14.13208 1372412 1.4349 0.001225
14.13433 1375502 1.3820 0.001178
14.13658 1378600 -12.1496 -0.010348
14.13883 1381704 -9.4270 -0.008020
14.14108 1384815 -3.0391 -0.002583
14.14333 1387933 5.6832 0.004824
14.14558 1391058 24.4702 0.020747
14.14782 1394191 28.4063 0.024058
14.15007 1397330 19.1572 0.016206
14.15232 1400476 14.3404 0.012118
14.15457 1403630 23.9365 0.020204
14.15682 1406790 23.6731 0.019959
14.15907 1409958 18.4525 0.015540
14.16132 1413133 15.5402 0.013073
14.16357 1416315 11.7927 0.009909
14.16582 1419504 11.4669 0.009624
14.16807 1422700 16.0818 0.013483
14.17032 1425904 17.6639 0.014792
14.17257 1429114 18.2306 0.015250
14.17481 1432332 15.7027 0.013121
14.17706 1435558 29.5832 0.024691
14.17931 1438790 24.4427 0.020377
14.18156 1442030 20.6512 0.017197
14.18381 1445277 17.5011 0.014558
14.18606 1448531 17.8991 0.014872
14.18831 1451793 12.4345 0.010320
14.19056 1455062 17.3533 0.014386
14.19281 1458338 30.7026 0.025424
14.19506 1461622 27.1480 0.022455
14.19731 1464913 12.8577 0.010623
14.19956 1468211 15.0305 0.012405
14.20180 1471517 25.5721 0.021081
14.20405 1474831 17.5904 0.014485
14.20630 1478152 17.5875 0.014466
14.20855 1481480 22.0776 0.018139
14.21080 1484816 2.8875 0.002370
14.21305 1488159 3.8151 0.003127
14.21530 1491510 3.8842 0.003180
14.21755 1494869 -4.2466 -0.003473
14.21980 1498235 -12.0539 -0.009848
14.22205 1501608 -9.0445 -0.007381
14.22430 1504989 -1.2401 -0.001011
14.22655 1508378 -10.7612 -0.008762
14.22880 1511775 -8.7101 -0.007084
14.23104 1515179 -10.0428 -0.008159
14.23329 1518590 -27.4678 -0.022290
14.23554 1522010 -20.8830 -0.016927
14.23779 1525437 -20.9817 -0.016988
14.24004 1528872 -14.3126 -0.011575
14.24229 1532314 -24.0137 -0.019399
14.24454 1535765 -21.6432 -0.017465
14.24679 1539223 -28.5149 -0.022984
14.24904 1542689 -37.5992 -0.030272
14.25129 1546162 -38.5525 -0.031004
14.25354 1549644 -41.4369 -0.033287
14.25578 1553133 -39.4916 -0.031688
14.25803 1556630 -33.0511 -0.026491
14.26028 1560135 -30.2690 -0.024234
14.26253 1563648 -26.8552 -0.021476
14.26478 1567169 -14.7622 -0.011792
14.26703 1570698 -16.2455 -0.012962
14.26928 1574235 -1.8276 -0.001457
14.27153 1577779 -6.0415 -0.004810
14.27378 1581332 -3.0122 -0.002395
14.27603 1584893 -9.6670 -0.007679
14.27828 1588461 -1.4716 -0.001168
14.28053 1592038 -7.5659 -0.005996
14.28277 1595623 -6.6595 -0.005272
14.28502 1599216 -9.8435 -0.007784
14.28727 1602817 -7.4918 -0.005918
14.28952 1606426 -2.4966 -0.001970
14.29177 1610043 9.3010 0.007330
14.29402 1613668 5.2850 0.004160
14.29627 1617302 -4.5699 -0.003593
14.29852 1620943 5.9938 0.004708
14.30077 1624593 -0.6363 -0.000499
14.30302 1628251 -1.8882 -0.001480
14.30527 1631918 -5.9881 -0.004687
14.30752 1635592 -7.9617 -0.006225
14.30976 1639275 6.8421 0.005344
14.31201 1642966 13.9522 0.010885
14.31426 1646666 20.0569 0.015630
14.31651 1650374 14.7801 0.011505
14.31876 1654090 4.4498 0.003460
14.32101 1657814 0.2268 0.000176
14.32326 1661547 -7.6417 -0.005928
14.32551 1665289 -16.0585 -0.012444
14.32776 1669038 -8.6824 -0.006721
14.33001 1672796 -15.2126 -0.011762
14.33226 1676563 -19.7869 -0.015282
14.33451 1680338 -24.4259 -0.018843
14.33675 1684122 -20.4939 -0.015792
14.33900 1687914 -29.5090 -0.022713
14.34125 1691715 -33.7860 -0.025976
14.34350 1695524 -36.1276 -0.027745
14.34575 1699342 -35.2469 -0.027038
14.34800 1703168 -29.8687 -0.022887
14.35025 1707003 -27.3814 -0.020957
14.35250 1710847 -18.5552 -0.014186
14.35475 1714699 -15.0204 -0.011471
14.35700 1718560 -19.8560 -0.015146
14.35925 1722430 -29.7231 -0.022648
14.36150 1726308 -47.4672 -0.036127
14.36374 1730195 -46.7741 -0.035560
14.36599 1734091 -38.5178 -0.029250
14.36824 1737996 -32.4230 -0.024594
14.37049 1741909 -37.1435 -0.028143
14.37274 1745831 -29.4222 -0.022268
14.37499 1749763 -28.7801 -0.021757
14.37724 1753702 -23.1706 -0.017497
14.37949 1757651 -20.0039 -0.015089
14.38174 1761609 -15.3329 -0.011552
14.38399 1765576 -13.5250 -0.010179
14.38624 1769551 -4.4314 -0.003331
14.38849 1773536 -6.5942 -0.004952
14.39073 1777529 -9.7926 -0.007345
14.39298 1781532 -11.1409 -0.008347
14.39523 1785543 -10.6896 -0.008000
14.39748 1789564 -7.5363 -0.005634
14.39973 1793593 -2.0780 -0.001552
14.40198 1797632 -16.1676 -0.012059
14.40423 1801679 -19.8553 -0.014792
14.40648 1805736 -18.4373 -0.013721
14.40873 1809802 -20.8473 -0.015497
14.41098 1813877 -16.4474 -0.012212
14.41323 1817962 -22.4638 -0.016661
14.41548 1822055 -27.2009 -0.020151
14.41772 1826158 -24.1083 -0.017840
14.41997 1830270 -25.4445 -0.018808
14.42222 1834391 -34.2756 -0.025307
14.42447 1838522 -29.7537 -0.021944
14.42672 1842661 -16.4127 -0.012091
14.42897 1846811 -21.2028 -0.015602
14.43122 1850969 -12.2879 -0.009032
14.43347 1855137 -7.1957 -0.005283
14.43572 1859314 -5.1419 -0.003771
14.43797 1863501 -2.0410 -0.001495
14.44022 1867697 8.6342 0.006318
14.44247 1871902 12.3267 0.009010
14.44471 1876117 20.7961 0.015183
14.44696 1880342 19.9601 0.014556
14.44921 1884576 24.5131 0.017856
14.45146 1888819 14.0179 0.010200
14.45371 1893072 13.8661 0.010078
14.45596 1897335 14.8890 0.010809
14.45821 1901607 0.3972 0.000288
14.46046 1905889 -0.7533 -0.000546
14.46271 1910180 5.0031 0.003620
14.46496 1914481 11.5600 0.008355
14.46721 1918792 -1.5421 -0.001113
14.46946 1923113 0.9792 0.000706
14.47170 1927443 5.7717 0.004157
14.47395 1931783 18.4728 0.013291
14.47620 1936133 4.7280 0.003398
14.47845 1940493 2.7730 0.001991
14.48070 1944862 13.9254 0.009985
14.48295 1949241 16.8348 0.012058
14.48520 1953630 22.0946 0.015808
14.48745 1958029 19.6430 0.014038
14.48970 1962438 10.4141 0.007434
14.49195 1966857 0.5909 0.000421
14.49420 1971286 2.5278 0.001800
14.49645 1975725 1.9618 0.001396
14.49869 1980173 12.3873 0.008803
14.50094 1984632 16.7974 0.011923
14.50319 1989101 3.2084 0.002275
14.50544 1993580 7.0674 0.005005
14.50769 1998069 11.6343 0.008231
14.50994 2002568 0.3527 0.000249
14.51219 2007077 2.4317 0.001716
14.51444 2011596 6.7605 0.004767
14.51669 2016126 5.4638 0.003848
14.51894 2020665 -6.0227 -0.004237
14.52119 2025215 -15.3366 -0.010777
14.52344 2029775 -12.7049 -0.008918
14.52568 2034346 -11.3718 -0.007973
14.52793 2038927 -6.1941 -0.004338
14.53018 2043518 -11.4807 -0.008031
14.53243 2048119 -15.9592 -0.011152
14.53468 2052731 -21.7824 -0.015203
14.53693 2057353 -15.6341 -0.010900
14.53918 2061986 -9.5471 -0.006649
14.54143 2066628 -10.8838 -0.007571
14.54368 2071282 -16.4806 -0.011451
14.54593 2075946 -24.7308 -0.017164
14.54818 2080620 -26.1767 -0.018148
14.55043 2085305 -29.1352 -0.020176
14.55268 2090001 -14.7376 -0.010194
14.55492 2094707 7.0060 0.004841
14.55717 2099423 2.4592 0.001697
14.55942 2104151 -4.5921 -0.003166
14.56167 2108889 -12.9107 -0.008890
14.56392 2113637 -14.6297 -0.010063
14.56617 2118396 -10.8389 -0.007447
14.56842 2123166 -16.7002 -0.011461
14.57067 2127947 -10.5234 -0.007214
14.57292 2132739 0.3294 0.000226
14.57517 2137541 4.1343 0.002828
14.57742 2142354 7.0512 0.004817
14.57966 2147178 -8.5869 -0.005860
14.58191 2152013 -2.0568 -0.001402
14.58416 2156858 0.3428 0.000233
14.58641 2161715 -4.6194 -0.003142
14.58866 2166583 -5.2880 -0.003593
14.59091 2171461 4.6318 0.003143
14.59316 2176350 -1.0674 -0.000724
14.59541 2181251 0.9290 0.000629
14.59766 2186162 -1.4656 -0.000991
14.59991 2191085 -19.4111 -0.013114
14.60216 2196019 -16.0776 -0.010849
14.60441 2200964 -13.3419 -0.008993
14.60665 2205919 -11.6315 -0.007831
14.60890 2210886 -16.2919 -0.010957
14.61115 2215865 -30.1933 -0.020283
14.61340 2220854 -29.5115 -0.019803
14.61565 2225855 -19.7991 -0.013271
14.61790 2230867 -24.6892 -0.016530
14.62015 2235890 -17.8579 -0.011943
14.62240 2240925 -17.7020 -0.011825
14.62465 2245971 -16.5768 -0.011061
14.62690 2251028 -16.0093 -0.010670
14.62915 2256096 -15.5960 -0.010383
14.63140 2261176 -15.8672 -0.010552
14.63364 2266268 -15.4285 -0.010249
14.63589 2271371 -17.0732 -0.011328
14.63814 2276485 -21.6805 -0.014369
14.64039 2281611 -11.5226 -0.007628
14.64264 2286749 -18.4112 -0.012175
14.64489 2291898 -6.2664 -0.004139
14.64714 2297059 -17.7367 -0.011703
14.64939 2302231 -18.5028 -0.012194
14.65164 2307415 -12.2547 -0.008068
14.65389 2312610 -1.3695 -0.000901
14.65614 2317818 -7.9108 -0.005196
14.65839 2323037 -21.5082 -0.014112
14.66063 2328267 -27.6350 -0.018111
14.66288 2333510 -26.1799 -0.017138
14.66513 2338764 -30.4981 -0.019942
14.66738 2344031 -24.2975 -0.015870
14.66963 2349309 -21.8801 -0.014275
14.67188 2354599 -25.7242 -0.016764
14.67413 2359900 -39.1722 -0.025499
14.67638 2365214 -35.3153 -0.022963
14.67863 2370540 -43.9850 -0.028568
14.68088 2375878 -49.5467 -0.032144
14.68313 2381227 -49.9870 -0.032393
14.68538 2386589 -41.1236 -0.026620
14.68762 2391963 -57.8231 -0.037387
14.68987 2397349 -51.9528 -0.033554
14.69212 2402747 -40.9765 -0.026435
14.69437 2408158 -41.2524 -0.026583
14.69662 2413580 -28.9018 -0.018603
14.69887 2419015 -14.0972 -0.009064
14.70112 2424462 -8.3668 -0.005373
14.70337 2429921 -16.3929 -0.010516
14.70562 2435392 -24.5710 -0.015745
14.70787 2440876 -16.3600 -0.010472
14.71012 2446372 -10.7016 -0.006842
14.71237 2451881 -13.4580 -0.008595
14.71461 2457401 -25.7948 -0.016455
14.71686 2462935 -13.7915 -0.008788
14.71911 2468481 -21.7675 -0.013855
14.72136 2474039 -16.5260 -0.010507
14.72361 2479610 -11.5339 -0.007325
14.72586 2485193 -17.7592 -0.011265
14.72811 2490789 -11.2537 -0.007131
14.73036 2496397 -21.5212 -0.013621
14.73261 2502018 -23.2779 -0.014716
14.73486 2507652 -19.3734 -0.012234
14.73711 2513299 -15.1248 -0.009540
14.73936 2518958 -15.2399 -0.009602
14.74161 2524630 -4.9967 -0.003145
14.74385 2530315 10.4948 0.006598
14.74610 2536012 16.2839 0.010225
14.74835 2541722 14.7908 0.009277
14.75060 2547446 23.8009 0.014912
14.75285 2553182 29.9686 0.018755
14.75510 2558931 23.8609 0.014916
14.75735 2564693 11.9344 0.007452
14.75960 2570468 10.3465 0.006453
14.76185 2576255 5.7801 0.003601
14.76410 2582056 3.8199 0.002377
14.76635 2587870 6.6273 0.004120
14.76860 2593698 -7.8774 -0.004891
14.77084 2599538 2.9176 0.001810
14.77309 2605391 6.4337 0.003986
14.77534 2611258 0.7142 0.000442
14.77759 2617137 -8.0678 -0.004987
14.77984 2623030 -1.0818 -0.000668
14.78209 2628937 -4.6262 -0.002853
14.78434 2634856 -5.0576 -0.003116
14.78659 2640789 -19.9684 -0.012288
14.78884 2646735 -20.4993 -0.012600
14.79109 2652695 -12.8038 -0.007861
14.79334 2658668 -5.2363 -0.003211
14.79559 2664655 -4.8986 -0.003001
14.79783 2670655 10.3383 0.006326
14.80008 2676668 -3.5935 -0.002196
14.80233 2682695 2.9774 0.001818
14.80458 2688736 4.7925 0.002923
14.80683 2694790 17.4246 0.010615
14.80908 2700858 19.0595 0.011597
14.81133 2706940 33.4396 0.020325
14.81358 2713035 23.9401 0.014534
14.81583 2719144 30.1800 0.018302
14.81808 2725266 24.1366 0.014621
14.82033 2731403 26.0024 0.015733
14.82258 2737553 14.6699 0.008866
14.82482 2743717 17.3147 0.010453
14.82707 2749895 -0.4303 -0.000259
14.82932 2756087 -1.8367 -0.001106
14.83157 2762293 -2.4669 -0.001484
14.83382 2768513 -3.7283 -0.002241
14.83607 2774747 -1.6074 -0.000965
14.83832 2780995 0.7178 0.000430
14.84057 2787257 -8.7282 -0.005228
14.84282 2793533 -5.1141 -0.003060
14.84507 2799823 -9.9982 -0.005975
14.84732 2806127 -23.6567 -0.014122
14.84957 2812446 -17.6480 -0.010523
14.85181 2818779 -24.6075 -0.014657
14.85406 2825126 -0.1084 -0.000064
14.85631 2831487 7.5695 0.004498
14.85856 2837863 -2.1776 -0.001293
14.86081 2844253 -7.6652 -0.004545
14.86306 2850657 -3.3174 -0.001965
14.86531 2857076 8.0397 0.004756
14.86756 2863509 21.0569 0.012444
14.86981 2869957 15.8042 0.009329
14.87206 2876419 14.4178 0.008501
14.87431 2882896 19.0537 0.011222
14.87655 2889387 9.1681 0.005394
14.87880 2895894 2.1594 0.001269
14.88105 2902414 -5.2668 -0.003092
14.88330 2908950 -7.1149 -0.004172
14.88555 2915500 -9.3064 -0.005450
14.88780 2922064 -15.2771 -0.008937
14.89005 2928644 -7.9301 -0.004634
14.89230 2935238 -27.6116 -0.016116
14.89455 2941848 -32.2663 -0.018812
14.89680 2948472 -30.0593 -0.017506
14.89905 2955111 -25.2288 -0.014676
14.90130 2961765 -28.3761 -0.016488
14.90355 2968434 -37.7897 -0.021934
14.90579 2975118 -49.8283 -0.028888
14.90804 2981817 -47.2517 -0.027364
14.91029 2988531 -37.7053 -0.021811
14.91254 2995261 -38.7178 -0.022371
14.91479 3002005 -45.0006 -0.025972
14.91704 3008765 -56.9873 -0.032854
14.91929 3015539 -69.1167 -0.039802
14.92154 3022329 -73.8511 -0.042480
14.92379 3029135 -54.3351 -0.031219
14.92604 3035956 -57.1470 -0.032798
14.92829 3042792 -53.9633 -0.030936
14.93054 3049643 -63.9409 -0.036615
14.93278 3056510 -64.4307 -0.036854
14.93503 3063392 -73.2737 -0.041865
14.93728 3070290 -64.3993 -0.036753
14.93953 3077203 -55.4255 -0.031596
14.94178 3084132 -44.5756 -0.025382
14.94403 3091077 -42.4067 -0.024120
14.94628 3098037 -27.2097 -0.015459
14.94853 3105013 -29.1675 -0.016553
14.95078 3112005 -28.1526 -0.015959
14.95303 3119012 -23.8594 -0.013510
14.95528 3126035 -27.9252 -0.015794
14.95753 3133074 -35.0816 -0.019820
14.95977 3140129 -24.6688 -0.013921
14.96202 3147199 -28.6868 -0.016170
14.96427 3154286 -37.2101 -0.020951
14.96652 3161388 -34.2172 -0.019244
14.96877 3168507 -34.4048 -0.019328
14.97102 3175641 -24.2152 -0.013589
14.97327 3182792 -9.5882 -0.005374
14.97552 3189959 -16.3827 -0.009173
14.97777 3197141 -44.4894 -0.024881
14.98002 3204340 -48.5445 -0.027119
14.98227 3211556 -51.5682 -0.028776
14.98452 3218787 -54.6315 -0.030451
14.98676 3226035 -63.9403 -0.035599
14.98901 3233299 -79.7247 -0.044337
14.99126 3240579 -72.2603 -0.040141
14.99351 3247876 -60.9805 -0.033837
14.99576 3255189 -74.2661 -0.041163
14.99801 3262519 -67.4473 -0.037341
15.00026 3269865 -84.0389 -0.046475
15.00251 3277228 -70.8726 -0.039149
15.00476 3284607 -66.4203 -0.036649
15.00701 3292003 -61.9105 -0.034122
15.00926 3299416 -55.7950 -0.030717
15.01151 3306845 -47.6567 -0.026207
15.01375 3314291 -34.2511 -0.018814
15.01600 3321754 -23.0014 -0.012620
15.01825 3329234 -12.9164 -0.007079
15.02050 3336730 -16.9536 -0.009281
15.02275 3344243 -16.9380 -0.009262
15.02500 3351773 3.2766 0.001790
15.02725 3359321 5.5564 0.003032
15.02950 3366885 7.1535 0.003899
15.03175 3374466 21.8148 0.011875
15.03400 3382064 13.8226 0.007516
15.03625 3389680 10.2329 0.005558
15.03850 3397312 10.5752 0.005737
15.04074 3404962 19.4587 0.010545
15.04299 3412629 -0.4796 -0.000260
15.04524 3420313 -6.7769 -0.003664
15.04749 3428015 -21.4214 -0.011570
15.04974 3435734 -9.6165 -0.005188
15.05199 3443470 -9.4074 -0.005070
15.05424 3451223 7.0586 0.003800
15.05649 3458995 1.7424 0.000937
15.05874 3466783 -11.8347 -0.006356
15.06099 3474589 -30.4347 -0.016327
15.06324 3482413 -28.0232 -0.015017
15.06549 3490254 -42.3061 -0.022645
15.06773 3498113 -48.3566 -0.025855
15.06998 3505990 -41.1505 -0.021977
15.07223 3513885 -44.1529 -0.023554
15.07448 3521797 -50.5514 -0.026937
15.07673 3529727 -28.3520 -0.015091
15.07898 3537675 -22.2068 -0.011807
15.08123 3545640 -10.1255 -0.005377
15.08348 3553624 -27.1920 -0.014425
15.08573 3561626 -17.5594 -0.009304
15.08798 3569646 -11.1623 -0.005908
15.09023 3577683 -10.7165 -0.005666
15.09248 3585739 -6.6954 -0.003536
15.09472 3593813 -5.0306 -0.002654
15.09697 3601905 5.7184 0.003013
15.09922 3610016 4.1299 0.002174
15.10147 3618144 8.3640 0.004397
15.10372 3626291 15.2854 0.008027
15.10597 3634457 7.9041 0.004146
15.10822 3642640 21.6471 0.011342
15.11047 3650843 4.3200 0.002261
15.11272 3659063 22.0996 0.011553
15.11497 3667302 28.7746 0.015026
15.11722 3675560 10.2817 0.005363
15.11947 3683836 -12.8762 -0.006709
15.12171 3692131 -20.2242 -0.010525
15.12396 3700445 -13.5685 -0.007053
15.12621 3708777 -14.4937 -0.007526
15.12846 3717128 -31.9965 -0.016596
15.13071 3725498 -38.5619 -0.019979
15.13296 3733887 -24.9470 -0.012910
15.13521 3742294 -9.4579 -0.004889
15.13746 3750721 -4.1246 -0.002130
15.13971 3759166 -5.5884 -0.002882
15.14196 3767631 -15.9581 -0.008221
15.14421 3776114 -17.8820 -0.009202
15.14646 3784617 -24.4483 -0.012567
15.14870 3793139 -24.5812 -0.012621
15.15095 3801680 -44.6323 -0.022891
15.15320 3810240 -24.7566 -0.012683
15.15545 3818819 -14.0496 -0.007190
15.15770 3827418 -2.9195 -0.001492
15.15995 3836036 2.8687 0.001465
15.16220 3844674 8.4925 0.004331
15.16445 3853331 9.2790 0.004727
15.16670 3862008 7.5252 0.003829
15.16895 3870704 -5.6125 -0.002853
15.17120 3879419 -11.6478 -0.005914
15.17345 3888155 -11.2225 -0.005691
15.17569 3896910 3.4682 0.001757
15.17794 3905684 2.2699 0.001149
15.18019 3914479 -5.1256 -0.002591
15.18244 3923293 -16.6230 -0.008392
15.18469 3932127 -32.9357 -0.016609
15.18694 3940981 -26.7200 -0.013460
15.18919 3949855 -21.2183 -0.010676
15.19144 3958749 -31.3855 -0.015774
15.19369 3967663 -19.1164 -0.009597
15.19594 3976597 -37.0095 -0.018559
15.19819 3985551 -39.7189 -0.019895
15.20044 3994525 -49.8632 -0.024949
15.20268 4003520 -38.1764 -0.019080
15.20493 4012534 -43.0170 -0.021475
15.20718 4021569 -44.9463 -0.022413
15.20943 4030625 -36.0098 -0.017936
15.21168 4039700 -40.7288 -0.020264
15.21393 4048797 -29.6564 -0.014739
15.21618 4057913 -26.3359 -0.013074
15.21843 4067050 -30.7923 -0.015269
15.22068 4076208 -29.5352 -0.014629
15.22293 4085387 -18.2165 -0.009013
15.22518 4094586 -16.0863 -0.007950
15.22743 4103805 -34.1822 -0.016874
15.22967 4113046 -46.1893 -0.022775
15.23192 4122307 -37.9595 -0.018696
15.23417 4131589 -46.4583 -0.022856
15.23642 4140893 -50.1728 -0.024656
15.23867 4150217 -49.7061 -0.024399
15.24092 4159562 -43.9181 -0.021534
15.24317 4168928 -48.7980 -0.023900
15.24542 4178315 -75.6217 -0.036995
15.24767 4187723 -58.8963 -0.028781
15.24992 4197153 -48.5333 -0.023690
15.25217 4206603 -38.6267 -0.018833
15.25442 4216075 -37.0963 -0.018067
15.25666 4225569 -42.5066 -0.020678
15.25891 4235083 -49.7755 -0.024187
15.26116 4244620 -62.6334 -0.030401
15.26341 4254177 -70.4130 -0.034139
15.26566 4263756 -87.5827 -0.042415
15.26791 4273357 -91.5916 -0.044307
15.27016 4282979 -96.2955 -0.046530
15.27241 4292623 -76.2569 -0.036806
15.27466 4302289 -53.5888 -0.025836
15.27691 4311976 -54.9369 -0.026456
15.27916 4321686 -52.8010 -0.025399
15.28141 4331417 -52.9508 -0.025442
15.28365 4341170 -54.5389 -0.026176
15.28590 4350945 -71.1788 -0.034124
15.28815 4360742 -73.8475 -0.035364
15.29040 4370561 -52.3227 -0.025028
15.29265 4380402 -45.3187 -0.021653
15.29490 4390266 -54.9968 -0.026248
15.29715 4400151 -51.9559 -0.024769
15.29940 4410059 -45.8343 -0.021826
15.30165 4419989 -51.6114 -0.024549
15.30390 4429942 -34.4751 -0.016380
15.30615 4439916 -47.4392 -0.022514
15.30840 4449914 -64.5423 -0.030596
15.31064 4459934 -70.2266 -0.033253
15.31289 4469976 -63.4269 -0.030000
15.31514 4480041 -67.4834 -0.031883
15.31739 4490129 -67.0171 -0.031627
15.31964 4500239 -97.3379 -0.045884
15.32189 4510372 -72.1800 -0.033987
15.32414 4520528 -82.5580 -0.038830
15.32639 4530707 -74.8402 -0.035160
15.32864 4540909 -68.6651 -0.032223
15.33089 4551134 -56.8157 -0.026632
15.33314 4561382 -66.0516 -0.030927
15.33539 4571653 -61.6180 -0.028818
15.33763 4581946 -67.7012 -0.031628
15.33988 4592264 -57.6261 -0.026891
15.34213 4602604 -52.7300 -0.024579
15.34438 4612968 -63.8653 -0.029735
15.34663 4623355 -62.6556 -0.029139
15.34888 4633765 -69.4010 -0.032240
15.35113 4644199 -54.0746 -0.025092
15.35338 4654656 -57.7346 -0.026760
15.35563 4665137 -63.3170 -0.029315
15.35788 4675642 -51.7151 -0.023916
15.36013 4686170 -50.2350 -0.023206
15.36238 4696722 -39.9213 -0.018421
15.36462 4707297 -56.3337 -0.025965
15.36687 4717897 -72.1523 -0.033218
15.36912 4728520 -74.3430 -0.034188
15.37137 4739167 -50.7329 -0.023304
15.37362 4749838 -36.6832 -0.016832
15.37587 4760534 -35.3949 -0.016222
15.37812 4771253 -54.6262 -0.025008
15.38037 4781996 -53.8854 -0.024641
15.38262 4792764 -42.9546 -0.019621
15.38487 4803556 -48.1118 -0.021952
15.38712 4814372 -23.8252 -0.010858
15.38937 4825212 -21.0504 -0.009583
15.39161 4836077 -43.2846 -0.019683
15.39386 4846967 -31.0988 -0.014126
15.39611 4857881 -30.1834 -0.013694
15.39836 4868819 -40.7732 -0.018478
15.40061 4879782 -45.7287 -0.020701
15.40286 4890770 -55.7230 -0.025197
15.40511 4901783 -57.6516 -0.026040
15.40736 4912820 -39.6517 -0.017889
15.40961 4923882 -27.9468 -0.012594
15.41186 4934969 -27.8410 -0.012533
15.41411 4946081 -44.2512 -0.019897
15.41636 4957218 -79.7657 -0.035826
15.41860 4968381 -61.1283 -0.027424
15.42085 4979568 -69.4304 -0.031114
15.42310 4990780 -64.3204 -0.028792
15.42535 5002018 -61.4223 -0.027463
15.42760 5013281 -46.4066 -0.020726
15.42985 5024570 -40.5970 -0.018111
15.43210 5035883 -56.7450 -0.025287
15.43435 5047223 -58.9323 -0.026232
15.43660 5058587 -61.5631 -0.027372
15.43885 5069978 -69.7785 -0.030990
15.44110 5081394 -64.0579 -0.028417
15.44335 5092836 -57.2455 -0.025367
15.44559 5104303 -46.0966 -0.020403
15.44784 5115797 -46.7681 -0.020677
15.45009 5127316 -45.5478 -0.020115
15.45234 5138861 -55.1871 -0.024345
15.45459 5150432 -50.9763 -0.022462
15.45684 5162029 -53.7053 -0.023638
15.45909 5173653 -67.9616 -0.029879
15.46134 5185302 -49.5992 -0.021781
15.46359 5196978 -46.4583 -0.020379
15.46584 5208680 -52.6605 -0.023074
15.46809 5220408 -50.9536 -0.022301
15.47034 5232163 -54.0535 -0.023631
15.47258 5243944 -46.4412 -0.020280
15.47483 5255752 -54.9776 -0.023981
15.47708 5267587 -68.5862 -0.029883
15.47933 5279448 -60.6263 -0.026386
15.48158 5291335 -62.4673 -0.027156
15.48383 5303250 -68.8172 -0.029883
15.48608 5315191 -70.2084 -0.030453
15.48833 5327159 -69.0421 -0.029913
15.49058 5339154 -66.8826 -0.028945
15.49283 5351177 -61.3275 -0.026511
15.49508 5363226 -43.8743 -0.018945
15.49733 5375302 -48.4475 -0.020896
15.49957 5387406 -49.8121 -0.021461
15.50182 5399537 -38.0432 -0.016372
15.50407 5411695 -26.4751 -0.011381
15.50632 5423880 -13.8624 -0.005952
15.50857 5436093 -10.8899 -0.004671
15.51082 5448334 -13.2027 -0.005656
15.51307 5460602 -4.7837 -0.002047
15.51532 5472897 -27.2938 -0.011667
15.51757 5485221 -11.8847 -0.005074
15.51982 5497572 -13.0371 -0.005560
15.52207 5509951 -7.9785 -0.003399
15.52432 5522357 -8.2331 -0.003504
15.52656 5534792 -13.6954 -0.005821
15.52881 5547255 -32.9809 -0.014003
15.53106 5559745 -41.6804 -0.017677
15.53331 5572264 -30.0829 -0.012744
15.53556 5584811 -31.7712 -0.013444
15.53781 5597387 -23.6459 -0.009995
15.54006 5609990 -35.2724 -0.014892
15.54231 5622622 -30.5925 -0.012902
15.54456 5635283 -31.3451 -0.013204
15.54681 5647972 -29.8174 -0.012547
15.54906 5660689 -36.8191 -0.015475
15.55131 5673435 -20.1272 -0.008450
15.55355 5686210 -0.9869 -0.000414
15.55580 5699014 -3.8198 -0.001600
15.55805 5711846 -7.5419 -0.003156
15.56030 5724708 14.1510 0.005914
15.56255 5737598 -22.0213 -0.009193
15.56480 5750517 -17.0773 -0.007121
15.56705 5763466 -9.3951 -0.003913
15.56930 5776443 -21.4245 -0.008914
15.57155 5789450 1.1719 0.000487
15.57380 5802486 16.3579 0.006791
15.57605 5815552 16.7100 0.006929
15.57830 5828647 20.7741 0.008605
15.58054 5841771 20.0002 0.008275
15.58279 5854925 -2.0218 -0.000836
15.58504 5868108 -19.9280 -0.008226
15.58729 5881322 -5.7941 -0.002389
15.58954 5894565 -5.3040 -0.002185
15.59179 5907837 -32.6286 -0.013424
15.59404 5921140 -65.1765 -0.026785
15.59629 5934473 -78.0290 -0.032031
15.59854 5947835 -83.5024 -0.034239
15.60079 5961228 -95.3571 -0.039056
15.60304 5974651 -106.3671 -0.043516
15.60529 5988104 -103.5822 -0.042329
15.60753 6001587 -106.4451 -0.043450
15.60978 6015101 -112.8975 -0.046032
15.61203 6028645 -85.2771 -0.034731
15.61428 6042220 -80.2087 -0.032630
15.61653 6055825 -85.4424 -0.034721
15.61878 6069461 -76.3413 -0.030987
15.62103 6083128 -83.6163 -0.033902
15.62328 6096825 -77.2537 -0.031287
15.62553 6110553 -78.4055 -0.031718
15.62778 6124313 -94.1531 -0.038046
15.63003 6138103 -83.8506 -0.033845
15.63228 6151924 -94.3501 -0.038040
15.63452 6165776 -120.3602 -0.048472
15.63677 6179660 -110.7378 -0.044546
15.63902 6193574 -130.6840 -0.052511
15.64127 6207520 -129.5772 -0.052008
15.64352 6221498 -143.2853 -0.057445
15.64577 6235507 -130.5490 -0.052280
15.64802 6249547 -121.6708 -0.048670
15.65027 6263619 -125.3267 -0.050076
15.65252 6277723 -138.0768 -0.055109
15.65477 6291859 -148.9353 -0.059376
15.65702 6306026 -125.0806 -0.049809
15.65927 6320225 -126.0198 -0.050127
15.66151 6334457 -149.2923 -0.059317
15.66376 6348720 -138.3818 -0.054921
15.66601 6363015 -140.6260 -0.055749
15.66826 6377343 -137.6781 -0.054519
15.67051 6391703 -148.6722 -0.058806
15.67276 6406095 -156.6189 -0.061880
15.67501 6420520 -162.6031 -0.064172
15.67726 6434977 -164.4542 -0.064829
15.67951 6449466 -173.3007 -0.068240
15.68176 6463989 -171.6322 -0.067507
15.68401 6478543 -159.4978 -0.062664
15.68626 6493131 -149.5047 -0.058672
15.68850 6507752 -155.9842 -0.061146
15.69075 6522405 -169.1150 -0.066218
15.69300 6537092 -168.9095 -0.066064
15.69525 6551811 -190.2752 -0.074336
15.69750 6566564 -175.2775 -0.068400
15.69975 6581350 -173.9719 -0.067814
15.70200 6596169 -175.5319 -0.068346
15.70425 6611022 -178.2994 -0.069345
15.70650 6625908 -167.0590 -0.064900
15.70875 6640827 -168.3912 -0.065344
15.71100 6655780 -169.9203 -0.065864
15.71325 6670767 -155.2335 -0.060103
15.71549 6685788 -155.7582 -0.060239
15.71774 6700842 -170.9679 -0.066047
15.71999 6715931 -136.7004 -0.052749
15.72224 6731053 -157.4052 -0.060671
15.72449 6746209 -157.1536 -0.060505
15.72674 6761400 -151.4293 -0.058236
15.72899 6776624 -157.9809 -0.060687
15.73124 6791883 -144.4506 -0.055427
15.73349 6807176 -114.9229 -0.044048
15.73574 6822504 -111.4561 -0.042671
15.73799 6837866 -130.7470 -0.050000
15.74024 6853263 -116.1342 -0.044362
15.74248 6868695 -111.2475 -0.042448
15.74473 6884161 -127.1323 -0.048454
15.74698 6899662 -126.2302 -0.048056
15.74923 6915198 -75.2077 -0.028600
15.75148 6930769 -59.6143 -0.022644
15.75373 6946375 -38.5390 -0.014622
15.75598 6962016 -40.7832 -0.015457
15.75823 6977692 -48.1793 -0.018239
15.76048 6993404 -50.6407 -0.019149
15.76273 7009151 -30.0041 -0.011333
15.76498 7024933 -26.1618 -0.009871
15.76723 7040752 -14.1814 -0.005345
15.76947 7056605 -23.8375 -0.008974
15.77172 7072495 -7.1517 -0.002689
15.77397 7088420 -7.3425 -0.002758
15.77622 7104381 11.2455 0.004219
15.77847 7120378 47.1116 0.017655
15.78072 7136410 74.4903 0.027884
15.78297 7152480 52.4192 0.019600
15.78522 7168585 41.8028 0.015613
15.78747 7184726 25.6952 0.009586
15.78972 7200904 26.6564 0.009934
15.79197 7217118 -8.4900 -0.003160
15.79422 7233369 0.5345 0.000199
15.79646 7249657 -2.2857 -0.000849
15.79871 7265981 -11.3410 -0.004207
15.80096 7282341 -30.8319 -0.011425
15.80321 7298739 -32.4582 -0.012014
15.80546 7315174 -30.3605 -0.011225
15.80771 7331645 -22.7597 -0.008406
15.80996 7348154 -29.7950 -0.010991
15.81221 7364700 -23.4163 -0.008629
15.81446 7381283 -32.1770 -0.011843
15.81671 7397903 -54.4991 -0.020037
15.81896 7414561 -71.9409 -0.026420
15.82121 7431256 -96.9864 -0.035578
15.82345 7447989 -74.7086 -0.027375
15.82570 7464760 -94.7573 -0.034682
15.82795 7481568 -99.3166 -0.036310
15.83020 7498415 -106.7121 -0.038970
15.83245 7515299 -92.7587 -0.033836
15.83470 7532221 -88.7381 -0.032333
15.83695 7549181 -67.4575 -0.024552
15.83920 7566180 -82.9223 -0.030146
15.84145 7583216 -88.7468 -0.032227
15.84370 7600292 -118.0740 -0.042829
15.84595 7617405 -114.0998 -0.041341
15.84820 7634557 -92.0318 -0.033308
15.85044 7651748 -92.2667 -0.033355
15.85269 7668977 -98.3245 -0.035505
15.85494 7686246 -131.4842 -0.047426
15.85719 7703553 -117.0628 -0.042177
15.85944 7720899 -119.9274 -0.043160
15.86169 7738284 -115.1432 -0.041392
15.86394 7755708 -108.3903 -0.038921
15.86619 7773172 -107.6372 -0.038607
15.86844 7790675 -106.3664 -0.038108
15.87069 7808217 -116.9194 -0.041842
15.87294 7825799 -95.1038 -0.033996
15.87519 7843420 -104.1926 -0.037204
15.87743 7861081 -111.3639 -0.039719
15.87968 7878782 -98.0301 -0.034924
15.88193 7896522 -77.5202 -0.027587
15.88418 7914303 -102.1588 -0.036314
15.88643 7932124 -84.3158 -0.029937
15.88868 7949984 -96.9354 -0.034379
15.89093 7967885 -82.9363 -0.029381
15.89318 7985827 -74.8423 -0.026484
15.89543 8003808 -67.6973 -0.023929
15.89768 8021830 -84.0676 -0.029682
15.89993 8039893 -101.5407 -0.035811
15.90218 8057997 -133.8863 -0.047165
15.90442 8076141 -135.0234 -0.047512
15.90667 8094326 -140.7543 -0.049473
15.90892 8112552 -127.8056 -0.044872
15.91117 8130819 -114.3428 -0.040100
15.91342 8149127 -121.1732 -0.042447
15.91567 8167476 -146.2701 -0.051181
15.91792 8185867 -151.1315 -0.052823
15.92017 8204299 -157.3552 -0.054936
15.92242 8222773 -162.7828 -0.056767
15.92467 8241288 -143.0199 -0.049819
15.92692 8259845 -182.2140 -0.063401
15.92917 8278444 -169.6462 -0.058962
15.93141 8297084 -185.2280 -0.064305
15.93366 8315767 -196.7783 -0.068238
15.93591 8334491 -207.0140 -0.071707
15.93816 8353258 -201.6413 -0.069767
15.94041 8372067 -228.0681 -0.078822
15.94266 8390918 -216.9537 -0.074897
15.94491 8409812 -187.5086 -0.064659
15.94716 8428749 -201.2661 -0.069325
15.94941 8447728 -201.7773 -0.069423
15.95166 8466749 -199.9174 -0.068706
15.95391 8485814 -184.6017 -0.063371
15.95616 8504921 -200.6893 -0.068816
15.95840 8524072 -200.2990 -0.068605
15.96065 8543266 -193.6306 -0.066246
15.96290 8562502 -207.1375 -0.070788
15.96515 8581783 -198.5784 -0.067787
15.96740 8601106 -235.2666 -0.080220
15.96965 8620473 -234.4054 -0.079837
15.97190 8639884 -236.0705 -0.080313
15.97415 8659338 -238.0069 -0.080881
15.97640 8678837 -218.3922 -0.074132
15.97865 8698379 -237.1036 -0.080393
15.98090 8717965 -246.8703 -0.083611
15.98315 8737595 -234.9145 -0.079472
15.98539 8757270 -217.3362 -0.073443
15.98764 8776988 -236.9775 -0.079990
15.98989 8796751 -221.3120 -0.074618
15.99214 8816559 -208.1285 -0.070094
15.99439 8836411 -204.3388 -0.068741
15.99664 8856308 -183.6957 -0.061727
15.99889 8876250 -179.8645 -0.060371
16.00114 8896237 -187.8056 -0.062966
16.00339 8916268 -185.8059 -0.062225
16.00564 8936345 -201.5742 -0.067430
16.00789 8956467 -226.7597 -0.075770
16.01014 8976634 -239.9362 -0.080083
16.01238 8996847 -239.5105 -0.079851
16.01463 9017105 -251.6440 -0.083802
16.01688 9037409 -248.6530 -0.082713
16.01913 9057758 -233.1205 -0.077459
16.02138 9078154 -220.2162 -0.073089
16.02363 9098595 -211.0217 -0.069958
16.02588 9119082 -195.5720 -0.064764
16.02813 9139616 -185.7067 -0.061428
16.03038 9160195 -154.6325 -0.051091
16.03263 9180821 -151.2276 -0.049910
16.03488 9201494 -161.1382 -0.053121
16.03713 9222213 -158.0931 -0.052059
16.03937 9242978 -159.9556 -0.052613
16.04162 9263791 -142.1345 -0.046699
16.04387 9284650 -152.8903 -0.050176
16.04612 9305556 -130.8830 -0.042905
16.04837 9326510 -121.7989 -0.039883
16.05062 9347510 -129.5320 -0.042367
16.05287 9368558 -142.3138 -0.046495
16.05512 9389653 -142.4167 -0.046477
16.05737 9410796 -159.3081 -0.051931
16.05962 9431986 -173.1963 -0.056395
16.06187 9453224 -135.8128 -0.044172
16.06412 9474510 -164.3722 -0.053401
16.06636 9495844 -169.0839 -0.054870
16.06861 9517225 -163.5642 -0.053019
16.07086 9538655 -144.3711 -0.046745
16.07311 9560134 -137.2250 -0.044381
16.07536 9581660 -158.2179 -0.051113
16.07761 9603235 -176.6843 -0.057015
16.07986 9624859 -165.6385 -0.053391
16.08211 9646531 -127.4916 -0.041048
16.08436 9668252 -126.9161 -0.040817
16.08661 9690022 -125.4962 -0.040315
16.08886 9711841 -113.4302 -0.036398
16.09111 9733709 -120.0641 -0.038483
16.09335 9755627 -92.1496 -0.029503
16.09560 9777593 -111.2518 -0.035579
16.09785 9799609 -90.1345 -0.028793
16.10010 9821675 -115.2937 -0.036789
16.10235 9843791 -158.6486 -0.050566
16.10460 9865956 -178.1375 -0.056713
16.10685 9888171 -199.9847 -0.063597
16.10910 9910436 -190.0188 -0.060360
16.11135 9932752 -170.7806 -0.054188
16.11360 9955117 -176.2141 -0.055849
16.11585 9977533 -178.9581 -0.056655
16.11810 10000000 -172.9622 -0.054695
