logY Y P PoverSqrtY
6.90776 1000 -8.2632 -0.261305
6.90975 1002 -8.3329 -0.263246
6.91075 1003 -8.4670 -0.267349
6.91274 1005 -8.4487 -0.266507
6.91473 1007 -8.5974 -0.270927
6.91572 1008 -8.7691 -0.276201
6.91771 1010 -8.6028 -0.270694
6.91968 1012 -8.6121 -0.270719
6.92166 1014 -8.4750 -0.266147
6.92264 1015 -8.4014 -0.263705
6.92461 1017 -8.4538 -0.265089
6.92658 1019 -8.5724 -0.268542
6.92756 1020 -8.5402 -0.267404
6.92952 1022 -8.6400 -0.270265
6.93147 1024 -8.7552 -0.273599
6.93342 1026 -8.8787 -0.277189
6.93440 1027 -9.0252 -0.281625
6.93634 1029 -9.0834 -0.283167
6.93828 1031 -8.8845 -0.276696
6.94022 1033 -8.7980 -0.273736
6.94119 1034 -8.6536 -0.269114
6.94312 1036 -8.5612 -0.265982
6.94505 1038 -8.7072 -0.270260
6.94698 1040 -8.6866 -0.269359
6.94794 1041 -8.7712 -0.271854
6.94986 1043 -8.8261 -0.273291
6.95177 1045 -8.6338 -0.267081
6.95368 1047 -8.5770 -0.265071
6.95464 1048 -8.6418 -0.266948
6.95655 1050 -8.5525 -0.263937
6.95845 1052 -8.6862 -0.267808
6.96035 1054 -8.5519 -0.263415
6.96130 1055 -8.4542 -0.260284
6.96319 1057 -8.4143 -0.258810
6.96508 1059 -8.3796 -0.257499
6.96697 1061 -8.3598 -0.256647
6.96885 1063 -8.4769 -0.259998
6.96979 1064 -8.2952 -0.254305
6.97167 1066 -8.0851 -0.247632
6.97354 1068 -8.0914 -0.247592
6.97541 1070 -7.9629 -0.243433
6.97728 1072 -8.0018 -0.244394
6.97821 1073 -8.1053 -0.247440
6.98008 1075 -7.9360 -0.242046
6.98193 1077 -7.8460 -0.239079
6.98379 1079 -7.7412 -0.235666
6.98564 1081 -7.5125 -0.228492
6.98749 1083 -7.5502 -0.229426
6.98841 1084 -7.4683 -0.226835
6.99026 1086 -7.3726 -0.223720
6.99210 1088 -7.4524 -0.225934
6.99393 1090 -7.3654 -0.223091
6.99577 1092 -7.5071 -0.227174
6.99760 1094 -7.6458 -0.231162
6.99851 1095 -7.7150 -0.233145
7.00033 1097 -7.8449 -0.236854
7.00216 1099 -7.7857 -0.234853
7.00397 1101 -7.6947 -0.231900
7.00579 1103 -7.8148 -0.235305
7.00760 1105 -7.6837 -0.231149
7.00941 1107 -7.7547 -0.233071
7.01031 1108 -7.7738 -0.233540
7.01212 1110 -7.5850 -0.227664
7.01392 1112 -7.6337 -0.228918
7.01571 1114 -7.6199 -0.228302
7.01751 1116 -7.5654 -0.226465
7.01930 1118 -7.7594 -0.232065
7.02108 1120 -7.5970 -0.227003
7.02287 1122 -7.5399 -0.225096
7.02376 1123 -7.6103 -0.227096
7.02554 1125 -7.4712 -0.222749
7.02731 1127 -7.5960 -0.226267
7.02909 1129 -7.7045 -0.229296
7.03086 1131 -7.5261 -0.223788
7.03262 1133 -7.5108 -0.223136
7.03439 1135 -7.3564 -0.218357
7.03615 1137 -7.4355 -0.220512
7.03791 1139 -7.4915 -0.221977
7.03966 1141 -7.4840 -0.221559
7.04141 1143 -7.6504 -0.226287
7.04229 1144 -7.5805 -0.224123
7.04403 1146 -7.6373 -0.225605
7.04578 1148 -7.8893 -0.232844
7.04752 1150 -7.8931 -0.232755
7.04925 1152 -7.9663 -0.234710
7.05099 1154 -7.8523 -0.231151
7.05272 1156 -7.6646 -0.225429
7.05445 1158 -7.7069 -0.226478
7.05618 1160 -7.5566 -0.221869
7.05790 1162 -7.6411 -0.224156
7.05962 1164 -7.5853 -0.222329
7.06133 1166 -7.4784 -0.219008
7.06305 1168 -7.5169 -0.219946
7.06476 1170 -7.3896 -0.216036
7.06647 1172 -7.5286 -0.219913
7.06817 1174 -7.6085 -0.222056
7.06987 1176 -7.6227 -0.222282
7.07157 1178 -7.8956 -0.230043
7.07327 1180 -7.9389 -0.231111
7.07496 1182 -8.1634 -0.237444
7.07665 1184 -8.2876 -0.240854
7.07834 1186 -8.1918 -0.237869
7.08003 1188 -8.2451 -0.239215
7.08171 1190 -8.1169 -0.235298
7.08339 1192 -8.2037 -0.237614
7.08506 1194 -8.3145 -0.240620
7.08674 1196 -8.2725 -0.239206
7.08841 1198 -8.3338 -0.240778
7.09008 1200 -8.0284 -0.231760
7.09174 1202 -7.9826 -0.230246
7.09340 1204 -7.9560 -0.229287
7.09506 1206 -7.9495 -0.228911
7.09672 1208 -8.0238 -0.230859
7.09838 1210 -7.9645 -0.228962
7.10003 1212 -8.1628 -0.234469
7.10168 1214 -8.2557 -0.236944
7.10332 1216 -8.2700 -0.237160
7.10497 1218 -8.2894 -0.237518
7.10661 1220 -8.0332 -0.229990
7.10824 1222 -8.0380 -0.229940
7.10988 1224 -8.1032 -0.231615
7.11151 1226 -8.1794 -0.233603
7.11396 1229 -8.4381 -0.240697
7.11558 1231 -8.4065 -0.239601
7.11721 1233 -8.5812 -0.244380
7.11883 1235 -8.5422 -0.243072
7.12044 1237 -8.5937 -0.244342
7.12206 1239 -8.6092 -0.244584
7.12367 1241 -8.4628 -0.240231
7.12528 1243 -8.5804 -0.243373
7.12689 1245 -8.4016 -0.238109
7.12850 1247 -8.4164 -0.238338
7.13010 1249 -8.4323 -0.238598
7.13250 1252 -8.2952 -0.234437
7.13409 1254 -8.2250 -0.232268
7.13569 1256 -8.1761 -0.230701
7.13728 1258 -8.3285 -0.234814
7.13887 1260 -8.2289 -0.231824
7.14045 1262 -8.2200 -0.231388
7.14204 1264 -8.1505 -0.229250
7.14362 1266 -8.1376 -0.228706
7.14598 1269 -8.1718 -0.229396
7.14756 1271 -8.2439 -0.231238
7.14913 1273 -8.4913 -0.237992
7.15070 1275 -8.4316 -0.236133
7.15227 1277 -8.5472 -0.239182
7.15383 1279 -8.5807 -0.239931
7.15540 1281 -8.5509 -0.238911
7.15774 1284 -8.4011 -0.234453
7.15929 1286 -8.1034 -0.225969
7.16085 1288 -8.0713 -0.224897
7.16240 1290 -7.8977 -0.219890
7.16395 1292 -7.8504 -0.218403
7.16549 1294 -7.8258 -0.217551
7.16781 1297 -7.6660 -0.212863
7.16935 1299 -7.6811 -0.213117
7.17089 1301 -7.7008 -0.213500
7.17242 1303 -7.8745 -0.218148
7.17396 1305 -7.7221 -0.213761
7.17625 1308 -7.5711 -0.209341
7.17778 1310 -7.3463 -0.202971
7.17931 1312 -7.3037 -0.201639
7.18083 1314 -7.3214 -0.201975
7.18235 1316 -7.3939 -0.203820
7.18463 1319 -7.3482 -0.202329
7.18614 1321 -7.3107 -0.201145
7.18766 1323 -7.4776 -0.205581
7.18917 1325 -7.4172 -0.203766
7.19143 1328 -7.6114 -0.208865
7.19293 1330 -7.3783 -0.202316
7.19444 1332 -7.3608 -0.201684
7.19594 1334 -7.3666 -0.201693
7.19818 1337 -7.3790 -0.201805
7.19968 1339 -7.2789 -0.198917
7.20117 1341 -7.0817 -0.193385
7.20266 1343 -7.1163 -0.194186
7.20489 1346 -6.9884 -0.190483
7.20638 1348 -7.2309 -0.196946
7.20786 1350 -7.2471 -0.197241
7.20934 1352 -7.2746 -0.197844
7.21156 1355 -7.0842 -0.192452
7.21303 1357 -7.0832 -0.192283
7.21450 1359 -7.1194 -0.193123
7.21671 1362 -7.0645 -0.191423
7.21818 1364 -7.0747 -0.191558
7.21964 1366 -7.0966 -0.192011
7.22184 1369 -7.1797 -0.194047
7.22330 1371 -7.1244 -0.192411
7.22475 1373 -7.0518 -0.190311
7.22694 1376 -6.6673 -0.179737
7.22839 1378 -6.7437 -0.181666
7.22984 1380 -6.5767 -0.177038
7.23129 1382 -6.6756 -0.179571
7.23346 1385 -6.5960 -0.177237
7.23490 1387 -6.5480 -0.175822
7.23634 1389 -6.5662 -0.176181
7.23850 1392 -6.6845 -0.179162
7.23993 1394 -6.7412 -0.180553
7.24208 1397 -6.7402 -0.180333
7.24351 1399 -6.7086 -0.179358
7.24494 1401 -6.6052 -0.176469
7.24708 1404 -6.5109 -0.173763
7.24850 1406 -6.1951 -0.165218
7.24993 1408 -6.1321 -0.163421
7.25205 1411 -5.8300 -0.155204
7.25347 1413 -5.8987 -0.156921
7.25559 1416 -5.7749 -0.153467
7.25700 1418 -5.8574 -0.155550
7.25841 1420 -5.6131 -0.148957
7.26052 1423 -5.5869 -0.148104
7.26193 1425 -5.5020 -0.145751
7.26403 1428 -5.6826 -0.150376
7.26543 1430 -5.5681 -0.147245
7.26683 1432 -5.6249 -0.148644
7.26892 1435 -5.6925 -0.150272
7.27031 1437 -5.8514 -0.154360
7.27240 1440 -5.7710 -0.152079
7.27379 1442 -5.7928 -0.152549
7.27517 1444 -5.7900 -0.152368
7.27725 1447 -5.9506 -0.156433
7.27863 1449 -5.9630 -0.156649
7.28070 1452 -5.9290 -0.155597
7.28207 1454 -5.8497 -0.153410
7.28413 1457 -5.6502 -0.148023
7.28551 1459 -5.6484 -0.147875
7.28756 1462 -5.5273 -0.144557
7.28893 1464 -5.5185 -0.144228
7.29097 1467 -5.5184 -0.144078
7.29234 1469 -5.6134 -0.146459
7.29438 1472 -5.5901 -0.145703
7.29574 1474 -5.5922 -0.145659
7.29709 1476 -5.6235 -0.146373
7.29912 1479 -5.7035 -0.148306
7.30047 1481 -5.7078 -0.148316
7.30250 1484 -5.6148 -0.145753
7.30384 1486 -5.5933 -0.145097
7.30586 1489 -5.6864 -0.147363
7.30787 1492 -5.7937 -0.149993
7.30921 1494 -5.7302 -0.148250
7.31122 1497 -5.6506 -0.146044
7.31255 1499 -5.6532 -0.146015
7.31455 1502 -5.8490 -0.150921
7.31588 1504 -5.9183 -0.152605
7.31788 1507 -5.7159 -0.147240
7.31920 1509 -5.6448 -0.145314
7.32119 1512 -5.6267 -0.144704
7.32251 1514 -5.6659 -0.145616
7.32449 1517 -5.6187 -0.144258
7.32581 1519 -5.7105 -0.146518
7.32778 1522 -5.9404 -0.152267
7.32975 1525 -6.0856 -0.155836
7.33106 1527 -6.0219 -0.154105
7.33302 1530 -5.8731 -0.150148
7.33433 1532 -5.9140 -0.151096
7.33629 1535 -5.9912 -0.152918
7.33759 1537 -6.0327 -0.153876
7.33954 1540 -5.7611 -0.146806
7.34148 1543 -5.6414 -0.143617
7.34278 1545 -5.4757 -0.139308
7.34472 1548 -5.6002 -0.142336
7.34666 1551 -5.5185 -0.140125
7.34794 1553 -5.7785 -0.146632
7.34987 1556 -5.7695 -0.146262
7.35116 1558 -5.8676 -0.148654
7.35308 1561 -5.4648 -0.138316
7.35500 1564 -5.3766 -0.135953
7.35628 1566 -5.2887 -0.133645
7.35819 1569 -5.4092 -0.136559
7.36010 1572 -5.3330 -0.134506
7.36138 1574 -5.1938 -0.130914
7.36328 1577 -5.1833 -0.130524
7.36518 1580 -5.2924 -0.133146
7.36645 1582 -5.2086 -0.130954
7.36834 1585 -5.0759 -0.127497
7.37023 1588 -5.2058 -0.130635
7.37149 1590 -5.0789 -0.127372
7.37337 1593 -5.0815 -0.127316
7.37526 1596 -4.9179 -0.123100
7.37651 1598 -5.1343 -0.128437
7.37838 1601 -5.3463 -0.133616
7.38026 1604 -5.5652 -0.138956
7.38150 1606 -5.5353 -0.138123
7.38337 1609 -5.5629 -0.138683
7.38523 1612 -5.6900 -0.141720
7.38709 1615 -5.6953 -0.141721
7.38833 1617 -5.7931 -0.144063
7.39018 1620 -5.9088 -0.146806
7.39203 1623 -6.2317 -0.154684
7.39388 1626 -5.9959 -0.148694
7.39511 1628 -5.9591 -0.147691
7.39695 1631 -5.6381 -0.139606
7.39879 1634 -5.5615 -0.137584
7.40062 1637 -5.4639 -0.135046
7.40184 1639 -5.4711 -0.135139
7.40367 1642 -5.5539 -0.137061
7.40550 1645 -5.7357 -0.141417
7.40732 1648 -5.9882 -0.147508
7.40853 1650 -5.9290 -0.145963
7.41035 1653 -6.0622 -0.149106
7.41216 1656 -6.0196 -0.147923
7.41397 1659 -6.0300 -0.148045
7.41578 1662 -6.0487 -0.148370
7.41698 1664 -6.1153 -0.149914
7.41878 1667 -6.2944 -0.154165
7.42058 1670 -6.2969 -0.154088
7.42237 1673 -6.4886 -0.158636
7.42417 1676 -6.4570 -0.157722
7.42536 1678 -6.7084 -0.163766
7.42714 1681 -6.4608 -0.157581
7.42893 1684 -6.3390 -0.154472
7.43071 1687 -6.3478 -0.154549
7.43248 1690 -6.4868 -0.157793
7.43426 1693 -6.5666 -0.159593
7.43603 1696 -6.4162 -0.155798
7.43721 1698 -6.5440 -0.158809
7.43897 1701 -6.5960 -0.159929
7.44073 1704 -6.7182 -0.162750
7.44249 1707 -6.9524 -0.168273
7.44425 1710 -7.0379 -0.170195
7.44600 1713 -7.0731 -0.170895
7.44775 1716 -6.7112 -0.162010
7.44950 1719 -6.6430 -0.160225
7.45066 1721 -6.5649 -0.158248
7.45240 1724 -6.6327 -0.159743
7.45414 1727 -6.4832 -0.156006
7.45588 1730 -6.2856 -0.151120
7.45761 1733 -6.4437 -0.154787
7.45934 1736 -6.4166 -0.154004
7.46107 1739 -6.6144 -0.158613
7.46279 1742 -6.7857 -0.162581
7.46451 1745 -6.7070 -0.160557
7.46623 1748 -6.7040 -0.160349
7.46794 1751 -6.6665 -0.159315
7.46965 1754 -6.8825 -0.164336
7.47136 1757 -6.9580 -0.165997
7.47307 1760 -6.8959 -0.164373
7.47477 1763 -7.0373 -0.167602
7.47647 1766 -7.0846 -0.168586
7.47817 1769 -7.1153 -0.169172
7.47986 1772 -7.1279 -0.169329
7.48156 1775 -7.2223 -0.171426
7.48324 1778 -7.5005 -0.177878
7.48493 1781 -7.2466 -0.171713
7.48661 1784 -7.3567 -0.174174
7.48829 1787 -7.5979 -0.179735
7.48997 1790 -7.7049 -0.182114
7.49165 1793 -8.0052 -0.189053
7.49332 1796 -7.9730 -0.188136
7.49499 1799 -8.1202 -0.191448
7.49665 1802 -8.2386 -0.194077
7.49832 1805 -8.2017 -0.193049
7.49998 1808 -8.3579 -0.196561
7.50163 1811 -8.2396 -0.193619
7.50329 1814 -7.9966 -0.187753
7.50494 1817 -7.9390 -0.186247
7.50659 1820 -7.9948 -0.187402
7.50824 1823 -8.2539 -0.193316
7.50988 1826 -8.2132 -0.192203
7.51152 1829 -8.2462 -0.192819
7.51316 1832 -8.3272 -0.194553
7.51480 1835 -8.1876 -0.191134
7.51698 1839 -8.0603 -0.187957
7.51861 1842 -8.0764 -0.188180
7.52023 1845 -8.0718 -0.187919
7.52186 1848 -8.1062 -0.188567
7.52348 1851 -8.0079 -0.186130
7.52510 1854 -8.1318 -0.188856
7.52672 1857 -7.9909 -0.185435
7.52833 1860 -7.8445 -0.181890
7.53048 1864 -7.9142 -0.183310
7.53209 1867 -7.9547 -0.184100
7.53369 1870 -7.8272 -0.181002
7.53530 1873 -8.0381 -0.185732
7.53690 1876 -8.1757 -0.188760
7.53849 1879 -8.3703 -0.193097
7.54009 1882 -8.1781 -0.188514
7.54221 1886 -7.8819 -0.181493
7.54380 1889 -7.8187 -0.179895
7.54539 1892 -7.6313 -0.175443
7.54697 1895 -7.5782 -0.174086
7.54856 1898 -7.5891 -0.174197
7.55066 1902 -7.2538 -0.166327
7.55224 1905 -6.9498 -0.159231
7.55381 1908 -7.0044 -0.160354
7.55538 1911 -6.9561 -0.159123
7.55695 1914 -6.6811 -0.152714
7.55904 1918 -6.6027 -0.150764
7.56060 1921 -6.6433 -0.151572
7.56216 1924 -6.8103 -0.155262
7.56372 1927 -6.9245 -0.157742
7.56579 1931 -6.7544 -0.153707
7.56735 1934 -6.5259 -0.148394
7.56890 1937 -6.3567 -0.144432
7.57044 1940 -6.3629 -0.144461
7.57250 1944 -6.5230 -0.147944
7.57405 1947 -6.5100 -0.147536
7.57558 1950 -6.3965 -0.144853
7.57763 1954 -6.5628 -0.148466
7.57917 1957 -6.5054 -0.147055
7.58070 1960 -6.4764 -0.146288
7.58274 1964 -6.6601 -0.150283
7.58426 1967 -6.6796 -0.150608
7.58579 1970 -6.6460 -0.149735
7.58782 1974 -6.6951 -0.150690
7.58934 1977 -6.6640 -0.149876
7.59085 1980 -6.5411 -0.147001
7.59287 1984 -6.4928 -0.145768
7.59438 1987 -6.6601 -0.149412
7.59589 1990 -6.6597 -0.149290
7.59790 1994 -6.9550 -0.155752
7.59940 1997 -7.2036 -0.161198
7.60090 2000 -7.0766 -0.158238
7.60290 2004 -7.0371 -0.157198
7.60440 2007 -7.0351 -0.157035
7.60589 2010 -7.1011 -0.158391
7.60788 2014 -7.2510 -0.161572
7.60937 2017 -7.3092 -0.162749
7.61135 2021 -7.3111 -0.162630
7.61283 2024 -7.2799 -0.161815
7.61431 2027 -7.4148 -0.164691
7.61628 2031 -7.6108 -0.168880
7.61776 2034 -7.5721 -0.167896
7.61972 2038 -7.7780 -0.172293
7.62120 2041 -7.9020 -0.174911
7.62315 2045 -7.9761 -0.176377
7.62462 2048 -8.2770 -0.182898
7.62657 2052 -8.4286 -0.186066
7.62803 2055 -8.3117 -0.183351
7.62998 2059 -7.9855 -0.175984
7.63143 2062 -7.9373 -0.174794
7.63289 2065 -7.8499 -0.172745
7.63482 2069 -7.4473 -0.163725
7.63627 2072 -7.3641 -0.161781
7.63820 2076 -7.4902 -0.164391
7.63964 2079 -7.6783 -0.168398
7.64156 2083 -8.0973 -0.177416
7.64300 2086 -8.1581 -0.178621
7.64492 2090 -7.9554 -0.174016
7.64683 2094 -8.1400 -0.177884
7.64826 2097 -8.4667 -0.184891
7.65017 2101 -8.3897 -0.183034
7.65160 2104 -8.4924 -0.185142
7.65349 2108 -8.8444 -0.192635
7.65492 2111 -8.7159 -0.189699
7.65681 2115 -8.8588 -0.192628
7.65823 2118 -9.0011 -0.195584
7.66011 2122 -8.9591 -0.194488
7.66200 2126 -9.2661 -0.200963
7.66341 2129 -9.6712 -0.209600
7.66528 2133 -9.9268 -0.214938
7.66669 2136 -9.8018 -0.212082
7.66856 2140 -9.9355 -0.214775
7.67043 2144 -9.9411 -0.214696
7.67183 2147 -9.8799 -0.213225
7.67369 2151 -9.9125 -0.213729
7.67508 2154 -9.8773 -0.212821
7.67694 2158 -9.7619 -0.210139
7.67879 2162 -9.7106 -0.208842
7.68018 2165 -9.6436 -0.207258
7.68202 2169 -9.7392 -0.209119
7.68386 2173 -10.0652 -0.215920
7.68524 2176 -10.0407 -0.215246
7.68708 2180 -9.9485 -0.213074
7.68891 2184 -9.8770 -0.211349
7.69029 2187 -9.5425 -0.204051
7.69211 2191 -9.2294 -0.197176
7.69394 2195 -9.1530 -0.195364
7.69530 2198 -9.3086 -0.198551
7.69712 2202 -9.3615 -0.199498
7.69894 2206 -9.2774 -0.197527
7.70075 2210 -9.0895 -0.193349
7.70210 2213 -9.1924 -0.195406
7.70391 2217 -9.3504 -0.198585
7.70571 2221 -9.3509 -0.198418
7.70751 2225 -9.3148 -0.197473
7.70886 2228 -9.4796 -0.200833
7.71065 2232 -9.1689 -0.194076
7.71244 2236 -9.0497 -0.191381
7.71423 2240 -8.9717 -0.189562
7.71557 2243 -8.8914 -0.187740
7.71735 2247 -8.8307 -0.186291
7.71913 2251 -8.9695 -0.189053
7.72091 2255 -8.7281 -0.183801
7.72268 2259 -8.6792 -0.182610
7.72400 2262 -8.6822 -0.182552
7.72577 2266 -8.6113 -0.180900
7.72754 2270 -8.7858 -0.184403
7.72930 2274 -8.6362 -0.181103
7.73105 2278 -8.6020 -0.180228
7.73281 2282 -8.5514 -0.179010
7.73412 2285 -8.5571 -0.179012
7.73587 2289 -8.5006 -0.177675
7.73762 2293 -8.6716 -0.181090
7.73936 2297 -8.6821 -0.181152
7.74110 2301 -8.7163 -0.181709
7.74284 2305 -8.6397 -0.179956
7.74457 2309 -8.4704 -0.176275
7.74630 2313 -8.6050 -0.178922
7.74803 2317 -8.6845 -0.180419
7.74932 2320 -8.4996 -0.176462
7.75105 2324 -8.4116 -0.174485
7.75276 2328 -8.6879 -0.180063
7.75448 2332 -8.4589 -0.175166
7.75620 2336 -8.4893 -0.175645
7.75791 2340 -8.6219 -0.178235
7.75961 2344 -8.5441 -0.176476
7.76132 2348 -8.6183 -0.177858
7.76302 2352 -8.5259 -0.175801
7.76472 2356 -8.3726 -0.172493
7.76642 2360 -8.3606 -0.172101
7.76811 2364 -8.2430 -0.169535
7.76980 2368 -8.2918 -0.170394
7.77149 2372 -8.4839 -0.174196
7.77317 2376 -8.4325 -0.172994
7.77486 2380 -8.5045 -0.174325
7.77654 2384 -8.8151 -0.180541
7.77821 2388 -8.8859 -0.181838
7.77989 2392 -8.7563 -0.179036
7.78156 2396 -8.6339 -0.176386
7.78322 2400 -8.5789 -0.175116
7.78489 2404 -8.7890 -0.179255
7.78655 2408 -8.6382 -0.176033
7.78821 2412 -8.2272 -0.167520
7.78987 2416 -8.2333 -0.167505
7.79152 2420 -8.2563 -0.167833
7.79317 2424 -8.4391 -0.171408
7.79523 2429 -8.4378 -0.171205
7.79688 2433 -8.3769 -0.169830
7.79852 2437 -8.3205 -0.168547
7.80016 2441 -8.0912 -0.163768
7.80180 2445 -7.8784 -0.159331
7.80344 2449 -8.0757 -0.163188
7.80507 2453 -8.3325 -0.168239
7.80670 2457 -8.1988 -0.165404
7.80873 2462 -7.8272 -0.157747
7.81035 2466 -7.5084 -0.151200
7.81197 2470 -7.4344 -0.149588
7.81359 2474 -7.2790 -0.146342
7.81521 2478 -7.2109 -0.144858
7.81682 2482 -7.1099 -0.142713
7.81883 2487 -6.9567 -0.139498
7.82044 2491 -6.9493 -0.139236
7.82204 2495 -6.8273 -0.136682
7.82365 2499 -6.9033 -0.138094
7.82525 2503 -7.1802 -0.143518
7.82724 2508 -7.2016 -0.143802
7.82883 2512 -7.1460 -0.142579
7.83043 2516 -7.2336 -0.144212
7.83201 2520 -7.1988 -0.143404
7.83400 2525 -7.2961 -0.145197
7.83558 2529 -7.1462 -0.142101
7.83716 2533 -7.0666 -0.140408
7.83874 2537 -7.1024 -0.141009
7.84071 2542 -7.2633 -0.144060
7.84228 2546 -7.5844 -0.150311
7.84385 2550 -7.6887 -0.152259
7.84581 2555 -7.7179 -0.152687
7.84737 2559 -8.0186 -0.158512
7.84893 2563 -7.9891 -0.157806
7.85088 2568 -8.0959 -0.159760
7.85244 2572 -8.0970 -0.159658
7.85399 2576 -8.0862 -0.159321
7.85593 2581 -7.9819 -0.157113
7.85748 2585 -7.7122 -0.151687
7.85903 2589 -7.8410 -0.154101
7.86096 2594 -7.9683 -0.156453
7.86250 2598 -7.9810 -0.156581
7.86404 2602 -8.1477 -0.159727
7.86596 2607 -8.2847 -0.162258
7.86749 2611 -8.2035 -0.160545
7.86940 2616 -7.9514 -0.155461
7.87093 2620 -7.6942 -0.150319
7.87284 2625 -7.9026 -0.154243
7.87436 2629 -7.8530 -0.153158
7.87588 2633 -7.9360 -0.154659
7.87778 2638 -8.1779 -0.159222
7.87929 2642 -8.1256 -0.158085
7.88118 2647 -8.1155 -0.157739
7.88269 2651 -8.0408 -0.156168
7.88458 2656 -8.2616 -0.160305
7.88608 2660 -8.2987 -0.160904
7.88796 2665 -8.1085 -0.157070
7.88946 2669 -8.2412 -0.159521
7.89133 2674 -8.1017 -0.156674
7.89283 2678 -8.1666 -0.157810
7.89469 2683 -7.9170 -0.152845
7.89618 2687 -7.7183 -0.148897
7.89804 2692 -7.7417 -0.149211
7.89952 2696 -7.6435 -0.147208
7.90138 2701 -7.7542 -0.149201
7.90286 2705 -7.5632 -0.145420
7.90470 2710 -7.4054 -0.142255
7.90655 2715 -7.2515 -0.139170
7.90802 2719 -7.2349 -0.138748
7.90986 2724 -7.5326 -0.144324
7.91132 2728 -7.7961 -0.149263
7.91316 2733 -7.7765 -0.148752
7.91498 2738 -7.7238 -0.147609
7.91644 2742 -7.8319 -0.149566
7.91826 2747 -8.2154 -0.156748
7.91972 2751 -8.2235 -0.156787
7.92154 2756 -8.1648 -0.155527
7.92335 2761 -8.0679 -0.153541
7.92480 2765 -8.1410 -0.154820
7.92660 2770 -8.2745 -0.157217
7.92841 2775 -8.5956 -0.163171
7.92985 2779 -9.0434 -0.171549
7.93164 2784 -8.8080 -0.166932
7.93344 2789 -8.8595 -0.167758
7.93523 2794 -8.9731 -0.169758
7.93666 2798 -9.0450 -0.170995
7.93845 2803 -8.9675 -0.169379
7.94023 2808 -8.9293 -0.168507
7.94165 2812 -9.0894 -0.171407
7.94343 2817 -8.9356 -0.168357
7.94520 2822 -9.2091 -0.173355
7.94697 2827 -9.3588 -0.176017
7.94839 2831 -9.1257 -0.171513
7.95015 2836 -8.8188 -0.165598
7.95191 2841 -8.7219 -0.163634
7.95367 2846 -8.7385 -0.163802
7.95543 2851 -8.5891 -0.160860
7.95683 2855 -8.8118 -0.164916
7.95858 2860 -8.8944 -0.166316
7.96032 2865 -9.2052 -0.171977
7.96207 2870 -9.4333 -0.176086
7.96381 2875 -9.4412 -0.176080
7.96555 2880 -9.5035 -0.177087
7.96728 2885 -9.4385 -0.175723
7.96867 2889 -9.7373 -0.181162
7.97039 2894 -9.5781 -0.178046
7.97212 2899 -9.6981 -0.180120
7.97384 2904 -9.5480 -0.177181
7.97556 2909 -9.5456 -0.176982
7.97728 2914 -9.8605 -0.182665
7.97900 2919 -9.8391 -0.182113
7.98071 2924 -9.8641 -0.182419
7.98242 2929 -10.0309 -0.185344
7.98412 2934 -10.2121 -0.188533
7.98582 2939 -9.9654 -0.183820
7.98752 2944 -10.1603 -0.187258
7.98888 2948 -10.3864 -0.191294
7.99058 2953 -10.7433 -0.197700
7.99227 2958 -10.6749 -0.196275
7.99396 2963 -10.4611 -0.192182
7.99564 2968 -10.3533 -0.190041
7.99733 2973 -10.3532 -0.189879
7.99901 2978 -10.8642 -0.199084
8.00068 2983 -11.2759 -0.206455
8.00269 2989 -10.9590 -0.200451
8.00437 2994 -10.7575 -0.196600
8.00603 2999 -11.0458 -0.201702
8.00770 3004 -10.7770 -0.196628
8.00936 3009 -10.7037 -0.195130
8.01102 3014 -10.6900 -0.194718
8.01268 3019 -10.7062 -0.194852
8.01434 3024 -10.8570 -0.197432
8.01599 3029 -11.3657 -0.206513
8.01764 3034 -11.5747 -0.210137
8.01928 3039 -11.7789 -0.213668
8.02126 3045 -11.9297 -0.216190
8.02290 3050 -11.7652 -0.213035
8.02453 3055 -11.6193 -0.210221
8.02617 3060 -11.3278 -0.204779
8.02780 3065 -11.5416 -0.208473
8.02943 3070 -11.7692 -0.212411
8.03106 3075 -12.1546 -0.219189
8.03301 3081 -11.9621 -0.215507
8.03463 3086 -12.0424 -0.216777
8.03625 3091 -11.8710 -0.213519
8.03787 3096 -12.0347 -0.216290
8.03980 3102 -12.2891 -0.220648
8.04141 3107 -12.0370 -0.215947
8.04302 3112 -11.7528 -0.210679
8.04463 3117 -11.8002 -0.211359
8.04655 3123 -11.8729 -0.212456
8.04815 3128 -11.7426 -0.209957
8.04975 3133 -11.5106 -0.205645
8.05134 3138 -11.3040 -0.201793
8.05325 3144 -11.1386 -0.198650
8.05484 3149 -11.1678 -0.199013
8.05643 3154 -11.4632 -0.204116
8.05833 3160 -11.2415 -0.199977
8.05991 3165 -11.3516 -0.201777
8.06149 3170 -11.2907 -0.200535
8.06338 3176 -10.8925 -0.193280
8.06495 3181 -10.6193 -0.188284
8.06652 3186 -10.7785 -0.190956
8.06840 3192 -10.7245 -0.189821
8.06997 3197 -11.1376 -0.196980
8.07184 3203 -11.4896 -0.203014
8.07340 3208 -11.5096 -0.203209
8.07496 3213 -11.5224 -0.203276
8.07683 3219 -11.3778 -0.200539
8.07838 3224 -10.9734 -0.193261
8.08024 3230 -10.8840 -0.191508
8.08178 3235 -10.6769 -0.187719
8.08364 3241 -10.8019 -0.189741
8.08518 3246 -10.7477 -0.188644
8.08703 3252 -10.9722 -0.192406
8.08856 3257 -11.0159 -0.193025
8.09040 3263 -11.0450 -0.193355
8.09193 3268 -10.7131 -0.187401
8.09377 3274 -10.8850 -0.190235
8.09529 3279 -10.7303 -0.187387
8.09712 3285 -10.9029 -0.190228
8.09864 3290 -10.8572 -0.189287
8.10046 3296 -10.9289 -0.190363
8.10198 3301 -11.0880 -0.192988
8.10380 3307 -11.2831 -0.196205
8.10531 3312 -10.8472 -0.188483
8.10712 3318 -11.0708 -0.192195
8.10892 3324 -11.1868 -0.194032
8.11043 3329 -11.2781 -0.195470
8.11223 3335 -10.7759 -0.186597
8.11373 3340 -10.8393 -0.187554
8.11552 3346 -10.5273 -0.181993
8.11731 3352 -10.8044 -0.186617
8.11880 3357 -10.7318 -0.185223
8.12059 3363 -10.5337 -0.181642
8.12237 3369 -10.3474 -0.178271
8.12385 3374 -10.5438 -0.181520
8.12563 3380 -10.0952 -0.173643
8.12740 3386 -10.1670 -0.174723
8.12917 3392 -10.0178 -0.172007
8.13065 3397 -9.9708 -0.171073
8.13241 3403 -10.0256 -0.171862
8.13417 3409 -9.9838 -0.170995
8.13593 3415 -9.9364 -0.170033
8.13740 3420 -9.9674 -0.170439
8.13915 3426 -10.0142 -0.171089
8.14090 3432 -9.8730 -0.168529
8.14265 3438 -9.9329 -0.169403
8.14410 3443 -10.1358 -0.172739
8.14584 3449 -10.2452 -0.174451
8.14758 3455 -10.0645 -0.171226
8.14931 3461 -10.2495 -0.174221
8.15104 3467 -9.8314 -0.166969
8.15277 3473 -9.9897 -0.169512
8.15421 3478 -9.9375 -0.168505
8.15594 3484 -9.5979 -0.162606
8.15766 3490 -9.5406 -0.161497
8.15937 3496 -9.4954 -0.160593
8.16109 3502 -9.6671 -0.163357
8.16280 3508 -10.0115 -0.169032
8.16451 3514 -10.0312 -0.169220
8.16622 3520 -9.9611 -0.167895
8.16792 3526 -10.2854 -0.173213
8.16962 3532 -10.3582 -0.174291
8.17132 3538 -10.7061 -0.179992
8.17301 3544 -10.4818 -0.176071
8.17470 3550 -10.3713 -0.174069
8.17639 3556 -10.4106 -0.174580
8.17808 3562 -10.4847 -0.175674
8.17976 3568 -10.3979 -0.174074
8.18144 3574 -10.3303 -0.172797
8.18312 3580 -10.3550 -0.173065
8.18479 3586 -10.1249 -0.169077
8.18646 3592 -10.2313 -0.170711
8.18813 3598 -9.9908 -0.166560
8.18980 3604 -9.8053 -0.163332
8.19146 3610 -9.0777 -0.151085
8.19312 3616 -8.9014 -0.148028
8.19478 3622 -8.8147 -0.146464
8.19644 3628 -9.0823 -0.150787
8.19809 3634 -8.8736 -0.147200
8.20001 3641 -8.8745 -0.147074
8.20166 3647 -9.3645 -0.155066
8.20330 3653 -9.3347 -0.154445
8.20495 3659 -9.2387 -0.152732
8.20658 3665 -9.1722 -0.151508
8.20822 3671 -9.2349 -0.152419
8.21012 3678 -9.5335 -0.157198
8.21175 3684 -9.1264 -0.150362
8.21338 3690 -9.0800 -0.149476
8.21501 3696 -9.2553 -0.152239
8.21690 3703 -9.1758 -0.150788
8.21852 3709 -8.7897 -0.144327
8.22013 3715 -8.8165 -0.144649
8.22175 3721 -8.8005 -0.144270
8.22363 3728 -9.2516 -0.151523
8.22524 3734 -9.1738 -0.150128
8.22684 3740 -9.0708 -0.148323
8.22871 3747 -9.2026 -0.150338
8.23031 3753 -9.2789 -0.151463
8.23191 3759 -9.3595 -0.152656
8.23377 3766 -9.3591 -0.152508
8.23536 3772 -9.2032 -0.149849
8.23695 3778 -9.2998 -0.151302
8.23880 3785 -8.9759 -0.145897
8.24039 3791 -8.8375 -0.143534
8.24197 3797 -8.7475 -0.141959
8.24381 3804 -8.8757 -0.143907
8.24538 3810 -8.8904 -0.144031
8.24722 3817 -9.1503 -0.148107
8.24879 3823 -8.9512 -0.144770
8.25062 3830 -8.5667 -0.138425
8.25219 3836 -8.3210 -0.134349
8.25401 3843 -8.1300 -0.131147
8.25557 3849 -8.3250 -0.134187
8.25713 3855 -8.3772 -0.134924
8.25894 3862 -8.2031 -0.131999
8.26075 3869 -8.1367 -0.130812
8.26230 3875 -7.9947 -0.128430
8.26411 3882 -8.1633 -0.131021
8.26565 3888 -7.8804 -0.126382
8.26745 3895 -7.6189 -0.122078
8.26899 3901 -8.1137 -0.129906
8.27078 3908 -8.0631 -0.128981
8.27232 3914 -8.1452 -0.130193
8.27410 3921 -8.3190 -0.132853
8.27589 3928 -8.7283 -0.139266
8.27741 3934 -8.9806 -0.143182
8.27919 3941 -9.1211 -0.145292
8.28096 3948 -9.2498 -0.147213
8.28248 3954 -9.0760 -0.144337
8.28425 3961 -8.7932 -0.139716
8.28602 3968 -9.4808 -0.150508
8.28753 3974 -9.5311 -0.151192
8.28929 3981 -9.4505 -0.149781
8.29105 3988 -9.6874 -0.153401
8.29280 3995 -9.2783 -0.146795
8.29430 4001 -9.2885 -0.146845
8.29605 4008 -9.0357 -0.142724
8.29779 4015 -8.9926 -0.141919
8.29953 4022 -9.4663 -0.149266
8.30103 4028 -9.5066 -0.149788
8.30276 4035 -9.3809 -0.147681
8.30449 4042 -9.0604 -0.142512
8.30623 4049 -8.9458 -0.140588
8.30795 4056 -9.1400 -0.143514
8.30943 4062 -9.2235 -0.144718
8.31115 4069 -9.1573 -0.143556
8.31287 4076 -8.9594 -0.140334
8.31459 4083 -8.9307 -0.139764
8.31630 4090 -8.8823 -0.138887
8.31801 4097 -8.8294 -0.137942
8.31972 4104 -8.8603 -0.138307
8.32142 4111 -8.6863 -0.135475
8.32312 4118 -8.3320 -0.129839
8.32482 4125 -7.9286 -0.123449
8.32652 4132 -8.0295 -0.124913
8.32821 4139 -8.0591 -0.125268
8.32990 4146 -8.2742 -0.128502
8.33159 4153 -8.7156 -0.135243
8.33327 4160 -8.5868 -0.133132
8.33495 4167 -8.4676 -0.131174
8.33663 4174 -8.5865 -0.132904
8.33831 4181 -8.2373 -0.127392
8.33998 4188 -8.5349 -0.131884
8.34165 4195 -8.3823 -0.129418
8.34332 4202 -8.7338 -0.134733
8.34498 4209 -8.2663 -0.127416
8.34664 4216 -7.7215 -0.118919
8.34830 4223 -8.1379 -0.125227
8.34996 4230 -7.9427 -0.122124
8.35161 4237 -7.7555 -0.119146
8.35350 4245 -7.8998 -0.121248
8.35514 4252 -8.1908 -0.125612
8.35679 4259 -7.9673 -0.122084
8.35843 4266 -7.7310 -0.118366
8.36007 4273 -7.9863 -0.122174
8.36194 4281 -8.0697 -0.123334
8.36358 4288 -8.6022 -0.131365
8.36521 4295 -8.5569 -0.130568
8.36684 4302 -8.5578 -0.130475
8.36869 4310 -8.8495 -0.134798
8.37032 4317 -8.7459 -0.133111
8.37194 4324 -8.3822 -0.127472
8.37355 4331 -8.4061 -0.127732
8.37540 4339 -8.5924 -0.130443
8.37701 4346 -8.9177 -0.135273
8.37862 4353 -9.1161 -0.138171
8.38046 4361 -9.1466 -0.138505
8.38206 4368 -9.0121 -0.136360
8.38366 4375 -9.2399 -0.139694
8.38549 4383 -8.7901 -0.132773
8.38708 4390 -8.3913 -0.126648
8.38891 4398 -8.3846 -0.126432
8.39050 4405 -8.5327 -0.128562
8.39231 4413 -8.4771 -0.127608
8.39389 4420 -8.3583 -0.125721
8.39548 4427 -8.4064 -0.126344
8.39728 4435 -8.1777 -0.122795
8.39886 4442 -8.0402 -0.120636
8.40066 4450 -8.0694 -0.120965
8.40223 4457 -8.1193 -0.121619
8.40402 4465 -8.2090 -0.122852
8.40559 4472 -8.1236 -0.121478
8.40738 4480 -7.8240 -0.116893
8.40916 4488 -7.5900 -0.113296
8.41072 4495 -7.6609 -0.114266
8.41250 4503 -7.8329 -0.116727
8.41405 4510 -7.5460 -0.112365
8.41582 4518 -7.9180 -0.117799
8.41759 4526 -8.0898 -0.120248
8.41914 4533 -8.0987 -0.120288
8.42090 4541 -7.5908 -0.112645
8.42266 4549 -7.8638 -0.116593
8.42420 4556 -7.3874 -0.109446
8.42595 4564 -7.4652 -0.110501
8.42771 4572 -7.6477 -0.113104
8.42924 4579 -7.9430 -0.117382
8.43098 4587 -7.7641 -0.114638
8.43272 4595 -8.0528 -0.118796
8.43446 4603 -8.0059 -0.118003
8.43598 4610 -7.8575 -0.115727
8.43772 4618 -8.2117 -0.120839
8.43945 4626 -8.4103 -0.123654
8.44118 4634 -8.5900 -0.126187
8.44290 4642 -8.2579 -0.121204
8.44441 4649 -8.1772 -0.119930
8.44613 4657 -8.0791 -0.118389
8.44784 4665 -8.2900 -0.121374
8.44956 4673 -8.4850 -0.124123
8.45127 4681 -8.5393 -0.124810
8.45297 4689 -8.1554 -0.119098
8.45468 4697 -7.9430 -0.115898
8.45638 4705 -7.8500 -0.114443
8.45808 4713 -7.9286 -0.115491
8.45978 4721 -7.9413 -0.115578
8.46147 4729 -7.8845 -0.114653
8.46316 4737 -7.7723 -0.112927
8.46485 4745 -7.7259 -0.112158
8.46653 4753 -8.3116 -0.120559
8.46821 4761 -7.9721 -0.115537
8.46989 4769 -7.9412 -0.114994
8.47157 4777 -7.9324 -0.114770
8.47324 4785 -7.8484 -0.113459
8.47491 4793 -8.0604 -0.116427
8.47658 4801 -8.3843 -0.121005
8.47824 4809 -8.4157 -0.121357
8.47991 4817 -8.4281 -0.121434
8.48157 4825 -8.5585 -0.123211
8.48322 4833 -8.6460 -0.124368
8.48508 4842 -8.9808 -0.129063
8.48673 4850 -8.9722 -0.128833
8.48838 4858 -8.9798 -0.128836
8.49003 4866 -8.6721 -0.124319
8.49167 4874 -8.7811 -0.125779
8.49352 4883 -8.6729 -0.124114
8.49515 4891 -8.7472 -0.125074
8.49679 4899 -8.5490 -0.122141
8.49842 4907 -8.3215 -0.118794
8.50025 4916 -8.2262 -0.117326
8.50188 4924 -8.4987 -0.121114
8.50350 4932 -8.4825 -0.120785
8.50532 4941 -8.1176 -0.115484
8.50694 4949 -7.9889 -0.113561
8.50856 4957 -8.0696 -0.114616
8.51037 4966 -7.9133 -0.112293
8.51198 4974 -7.8060 -0.110682
8.51359 4982 -7.9012 -0.111942
8.51539 4991 -7.9288 -0.112231
8.51699 4999 -8.3004 -0.117397
8.51879 5008 -8.6948 -0.122865
8.52039 5016 -8.3790 -0.118308
8.52218 5025 -8.7509 -0.123448
8.52377 5033 -8.7858 -0.123842
8.52556 5042 -8.9128 -0.125520
8.52714 5050 -9.3076 -0.130975
8.52892 5059 -9.4400 -0.132721
8.53050 5067 -9.3674 -0.131596
8.53228 5076 -9.5800 -0.134464
8.53385 5084 -9.3871 -0.131652
8.53562 5093 -9.7935 -0.137231
8.53719 5101 -9.8988 -0.138598
8.53895 5110 -9.8166 -0.137325
8.54071 5119 -9.6737 -0.135207
8.54228 5127 -9.7700 -0.136447
8.54403 5136 -9.7975 -0.136711
8.54578 5145 -10.1584 -0.141623
8.54733 5153 -10.5069 -0.146367
8.54908 5162 -10.4460 -0.145392
8.55082 5171 -10.4817 -0.145763
8.55237 5179 -10.7173 -0.148924
8.55410 5188 -10.6767 -0.148230
8.55584 5197 -10.0322 -0.139162
8.55757 5206 -9.5378 -0.132190
8.55929 5215 -9.6301 -0.133353
8.56083 5223 -9.5819 -0.132584
8.56255 5232 -9.6296 -0.133130
8.56427 5241 -9.5960 -0.132552
8.56598 5250 -9.3476 -0.129009
8.56770 5259 -9.4170 -0.129856
8.56941 5268 -9.6393 -0.132808
8.57092 5276 -10.3419 -0.142380
8.57263 5285 -10.1739 -0.139948
8.57433 5294 -10.1094 -0.138942
8.57603 5303 -10.3057 -0.141519
8.57772 5312 -9.8969 -0.135791
8.57942 5321 -9.6736 -0.132614
8.58111 5330 -9.7281 -0.133250
8.58279 5339 -9.2484 -0.126572
8.58448 5348 -9.2966 -0.127124
8.58616 5357 -9.2098 -0.125831
8.58784 5366 -9.2595 -0.126404
8.58951 5375 -9.1860 -0.125296
8.59119 5384 -8.7973 -0.119894
8.59286 5393 -8.9685 -0.122125
8.59471 5403 -9.1501 -0.124483
8.59637 5412 -8.9531 -0.121701
8.59804 5421 -9.1040 -0.123650
8.59969 5430 -9.3857 -0.127370
8.60135 5439 -9.3873 -0.127286
8.60300 5448 -9.9937 -0.135396
8.60484 5458 -9.8614 -0.133482
8.60649 5467 -9.7850 -0.132339
8.60813 5476 -9.7706 -0.132036
8.60977 5485 -9.7434 -0.131560
8.61141 5494 -10.0333 -0.135363
8.61323 5504 -10.1590 -0.136935
8.61486 5513 -10.4322 -0.140502
8.61650 5522 -10.6514 -0.143337
8.61830 5532 -10.9622 -0.147386
8.61993 5541 -10.6949 -0.143675
8.62155 5550 -10.7043 -0.143685
8.62335 5560 -10.8227 -0.145144
8.62497 5569 -11.1313 -0.149162
8.62676 5579 -11.4969 -0.153922
8.62838 5588 -11.3146 -0.151360
8.62999 5597 -10.9294 -0.146090
8.63177 5607 -11.1988 -0.149557
8.63337 5616 -11.7036 -0.156172
8.63515 5626 -11.7412 -0.156536
8.63675 5635 -11.2691 -0.150121
8.63853 5645 -11.1192 -0.147993
8.64012 5654 -11.4330 -0.152049
8.64189 5664 -11.2493 -0.149473
8.64347 5673 -11.3557 -0.150767
8.64523 5683 -11.4986 -0.152531
8.64699 5693 -11.4380 -0.151593
8.64857 5702 -11.5412 -0.152841
8.65032 5712 -11.2451 -0.148788
8.65190 5721 -10.7699 -0.142389
8.65365 5731 -10.4985 -0.138680
8.65539 5741 -10.7950 -0.142471
8.65713 5751 -10.5554 -0.139189
8.65869 5760 -10.3194 -0.135970
8.66043 5770 -10.4693 -0.137826
8.66216 5780 -10.3057 -0.135554
8.66371 5789 -10.5548 -0.138723
8.66544 5799 -10.3996 -0.136566
8.66716 5809 -9.9701 -0.130812
8.66888 5819 -10.0144 -0.131281
8.67060 5829 -10.3931 -0.136128
8.67214 5838 -10.7629 -0.140862
8.67386 5848 -10.8585 -0.141992
8.67556 5858 -10.9707 -0.143338
8.67727 5868 -11.0313 -0.144006
8.67897 5878 -11.2249 -0.146409
8.68067 5888 -10.7738 -0.140406
8.68237 5898 -10.5389 -0.137228
8.68406 5908 -10.5682 -0.137493
8.68575 5918 -10.3429 -0.134448
8.68744 5928 -10.8458 -0.140866
8.68913 5938 -10.8019 -0.140178
8.69081 5948 -11.0223 -0.142917
8.69249 5958 -11.1126 -0.143968
8.69417 5968 -10.6084 -0.137321
8.69584 5978 -10.3856 -0.134324
8.69751 5988 -10.4315 -0.134804
8.69918 5998 -10.6209 -0.137138
8.70085 6008 -10.3972 -0.134138
8.70251 6018 -10.1063 -0.130277
8.70434 6029 -10.0016 -0.128809
8.70599 6039 -9.8996 -0.127390
8.70765 6049 -10.1551 -0.130569
8.70930 6059 -10.3666 -0.133180
8.71095 6069 -10.2086 -0.131041
8.71276 6080 -10.3813 -0.133138
8.71440 6090 -10.2306 -0.131098
8.71604 6100 -9.8929 -0.126665
8.71785 6111 -10.2016 -0.130501
8.71948 6121 -9.7779 -0.124979
8.72111 6131 -9.7706 -0.124783
8.72291 6142 -9.6131 -0.122662
8.72453 6152 -9.4487 -0.120465
8.72616 6162 -9.5400 -0.121532
8.72794 6173 -9.9077 -0.126103
8.72956 6183 -9.7015 -0.123379
8.73134 6194 -9.0045 -0.114412
8.73295 6204 -9.0340 -0.114695
8.73472 6215 -8.4332 -0.106973
8.73633 6225 -8.3348 -0.105640
8.73809 6236 -7.6925 -0.097412
8.73970 6246 -7.1360 -0.090293
8.74146 6257 -6.9159 -0.087430
8.74305 6267 -7.1784 -0.090677
8.74481 6278 -6.9994 -0.088339
8.74640 6288 -6.6098 -0.083355
8.74815 6299 -6.5852 -0.082972
8.74989 6310 -6.1698 -0.077670
8.75147 6320 -6.1791 -0.077726
8.75321 6331 -5.7869 -0.072729
8.75495 6342 -5.5562 -0.069769
8.75653 6352 -5.4526 -0.068414
8.75826 6363 -5.3399 -0.066942
8.75998 6374 -5.0349 -0.063065
8.76171 6385 -5.2118 -0.065224
8.76327 6395 -5.2498 -0.065649
8.76499 6406 -5.3948 -0.067403
8.76671 6417 -5.3256 -0.066481
8.76842 6428 -5.6991 -0.071083
8.77013 6439 -5.6953 -0.070976
8.77168 6449 -5.5789 -0.069470
8.77338 6460 -5.5586 -0.069160
8.77509 6471 -5.8186 -0.072333
8.77678 6482 -6.3761 -0.079195
8.77848 6493 -6.1587 -0.076431
8.78017 6504 -6.2073 -0.076969
8.78186 6515 -6.1472 -0.076159
8.78355 6526 -6.2294 -0.077112
8.78523 6537 -5.6465 -0.069838
8.78691 6548 -5.7917 -0.071574
8.78859 6559 -5.3752 -0.066370
8.79027 6570 -5.4287 -0.066975
8.79194 6581 -5.2774 -0.065054
8.79361 6592 -5.3948 -0.066445
8.79543 6604 -5.8746 -0.072290
8.79710 6615 -5.5168 -0.067830
8.79876 6626 -5.3688 -0.065955
8.80042 6637 -6.1395 -0.075361
8.80207 6648 -6.1584 -0.075530
8.80387 6660 -5.6127 -0.068775
8.80553 6671 -5.6333 -0.068971
8.80717 6682 -5.6591 -0.069230
8.80882 6693 -6.1433 -0.075092
8.81061 6705 -6.2130 -0.075875
8.81225 6716 -5.8333 -0.071180
8.81388 6727 -6.4653 -0.078828
8.81567 6739 -6.3010 -0.076756
8.81730 6750 -6.1271 -0.074577
8.81893 6761 -6.1845 -0.075214
8.82070 6773 -6.6984 -0.081392
8.82232 6784 -6.8447 -0.083102
8.82409 6796 -6.6480 -0.080642
8.82571 6807 -6.8382 -0.082883
8.82747 6819 -6.8045 -0.082402
8.82908 6830 -7.0232 -0.084981
8.83084 6842 -7.2471 -0.087614
8.83244 6853 -7.8268 -0.094547
8.83419 6865 -7.8926 -0.095258
8.83579 6876 -8.0484 -0.097060
8.83754 6888 -8.3357 -0.100437
8.83928 6900 -8.1543 -0.098166
8.84087 6911 -7.9917 -0.096132
8.84260 6923 -8.1389 -0.097818
8.84434 6935 -8.1210 -0.097518
8.84592 6946 -8.2056 -0.098456
8.84765 6958 -8.3926 -0.100613
8.84937 6970 -7.8390 -0.093896
8.85109 6982 -7.9573 -0.095231
8.85266 6993 -7.7550 -0.092736
8.85438 7005 -7.6848 -0.091818
8.85609 7017 -7.4809 -0.089306
8.85780 7029 -7.4812 -0.089233
8.85951 7041 -7.4025 -0.088218
8.86121 7053 -7.6751 -0.091389
8.86291 7065 -7.6791 -0.091360
8.86446 7076 -8.1931 -0.097399
8.86616 7088 -7.9184 -0.094053
8.86785 7100 -7.9483 -0.094329
8.86954 7112 -7.7935 -0.092414
8.87122 7124 -7.8330 -0.092804
8.87291 7136 -7.4184 -0.087818
8.87459 7148 -7.3104 -0.086467
8.87640 7161 -7.0427 -0.083225
8.87808 7173 -7.3526 -0.086814
8.87975 7185 -6.9132 -0.081558
8.88142 7197 -7.0397 -0.082981
8.88309 7209 -7.0379 -0.082890
8.88475 7221 -7.1886 -0.084596
8.88641 7233 -6.9905 -0.082196
8.88820 7246 -6.5717 -0.077202
8.88986 7258 -6.9428 -0.081494
8.89151 7270 -6.4426 -0.075561
8.89316 7282 -6.7149 -0.078688
8.89494 7295 -6.8302 -0.079969
8.89659 7307 -7.2194 -0.084456
8.89823 7319 -7.1374 -0.083428
8.90000 7332 -7.8184 -0.091307
8.90164 7344 -7.9035 -0.092226
8.90327 7356 -8.0495 -0.093853
8.90504 7369 -7.6163 -0.088724
8.90666 7381 -7.6479 -0.089019
8.90842 7394 -7.5478 -0.087777
8.91005 7406 -7.3279 -0.085150
8.91180 7419 -7.4107 -0.086038
8.91342 7431 -7.0535 -0.081824
8.91516 7444 -6.6586 -0.077176
8.91677 7456 -6.1458 -0.071175
8.91852 7469 -6.3218 -0.073149
8.92026 7482 -6.0965 -0.070481
8.92186 7494 -6.2622 -0.072338
8.92359 7507 -6.4927 -0.074936
8.92532 7520 -5.8623 -0.067602
8.92692 7532 -5.5790 -0.064284
8.92864 7545 -5.6705 -0.065282
8.93036 7558 -5.8910 -0.067762
8.93195 7570 -5.7773 -0.066401
8.93366 7583 -6.3156 -0.072526
8.93538 7596 -6.4169 -0.073626
8.93709 7609 -5.9710 -0.068451
8.93879 7622 -5.6962 -0.065246
8.94050 7635 -6.0027 -0.068697
8.94207 7647 -6.3016 -0.072062
8.94377 7660 -6.2000 -0.070840
8.94546 7673 -6.4129 -0.073211
8.94716 7686 -6.1508 -0.070159
8.94885 7699 -6.0338 -0.068766
8.95053 7712 -6.0233 -0.068588
8.95222 7725 -5.9013 -0.067143
8.95390 7738 -5.5577 -0.063180
8.95558 7751 -5.6336 -0.063989
8.95725 7764 -6.0583 -0.068756
8.95905 7778 -6.2676 -0.071067
8.96072 7791 -6.0397 -0.068425
8.96239 7804 -6.1879 -0.070047
8.96406 7817 -6.3360 -0.071663
8.96572 7830 -5.9955 -0.067755
8.96738 7843 -5.4613 -0.061667
8.96916 7857 -5.3584 -0.060451
8.97081 7870 -4.8014 -0.054123
8.97246 7883 -5.1400 -0.057892
8.97424 7897 -4.7229 -0.053146
8.97588 7910 -5.0491 -0.056771
8.97753 7923 -4.9021 -0.055073
8.97929 7937 -4.8373 -0.054297
8.98093 7950 -4.5138 -0.050624
8.98256 7963 -4.1715 -0.046747
8.98432 7977 -4.2163 -0.047208
8.98595 7990 -4.1801 -0.046764
8.98770 8004 -4.7834 -0.053467
8.98932 8017 -4.5871 -0.051231
8.99106 8031 -4.5399 -0.050659
8.99268 8044 -4.1542 -0.046318
8.99442 8058 -4.4159 -0.049193
8.99616 8072 -4.3803 -0.048755
8.99777 8085 -4.3456 -0.048329
8.99950 8099 -4.8616 -0.054021
9.00122 8113 -5.4766 -0.060802
9.00282 8126 -5.3919 -0.059815
9.00455 8140 -4.9418 -0.054774
9.00626 8154 -5.5740 -0.061728
9.00786 8167 -5.8329 -0.064543
9.00957 8181 -6.3314 -0.070000
9.01128 8195 -6.1488 -0.067922
9.01299 8209 -6.4262 -0.070926
9.01469 8223 -6.6920 -0.073797
9.01639 8237 -6.9709 -0.076808
9.01809 8251 -7.1220 -0.078406
9.01966 8264 -6.6267 -0.072896
9.02136 8278 -7.1332 -0.078401
9.02305 8292 -7.2563 -0.079687
9.02473 8306 -6.3367 -0.069530
9.02642 8320 -6.3814 -0.069961
9.02810 8334 -6.1189 -0.067027
9.02990 8349 -5.4571 -0.059724
9.03157 8363 -4.9271 -0.053878
9.03325 8377 -5.0982 -0.055702
9.03491 8391 -4.4622 -0.048712
9.03658 8405 -4.6993 -0.051258
9.03825 8419 -4.8287 -0.052626
9.03991 8433 -5.4632 -0.059492
9.04169 8448 -5.3304 -0.057994
9.04334 8462 -5.3763 -0.058445
9.04499 8476 -5.5770 -0.060576
9.04676 8491 -6.0686 -0.065858
9.04841 8505 -6.2728 -0.068018
9.05005 8519 -5.9490 -0.064454
9.05181 8534 -6.5490 -0.070892
9.05345 8548 -6.8374 -0.073954
9.05521 8563 -6.5788 -0.071094
9.05684 8577 -6.5166 -0.070364
9.05847 8591 -6.1238 -0.066069
9.06021 8606 -5.7699 -0.062197
9.06184 8620 -5.8248 -0.062737
9.06358 8635 -5.7514 -0.061893
9.06531 8650 -6.3059 -0.067801
9.06693 8664 -7.0780 -0.076041
9.06866 8679 -6.9497 -0.074598
9.07027 8693 -6.8673 -0.073655
9.07200 8708 -7.5981 -0.081423
9.07372 8723 -7.4682 -0.079962
9.07544 8738 -7.5776 -0.081064
9.07704 8752 -8.2876 -0.088588
9.07875 8767 -8.4673 -0.090431
9.08046 8782 -8.5086 -0.090795
9.08217 8797 -8.0782 -0.086129
9.08387 8812 -8.1679 -0.087011
9.08546 8826 -7.8403 -0.083455
9.08716 8841 -7.8024 -0.082981
9.08885 8856 -7.7336 -0.082179
9.09054 8871 -7.9995 -0.084933
9.09223 8886 -7.6790 -0.081461
9.09392 8901 -7.6122 -0.080685
9.09560 8916 -7.5509 -0.079968
9.09728 8931 -7.8011 -0.082548
9.09896 8946 -7.1261 -0.075342
9.10075 8962 -7.1713 -0.075752
9.10242 8977 -7.2923 -0.076966
9.10409 8992 -7.7048 -0.081251
9.10576 9007 -8.1509 -0.085885
9.10742 9022 -7.8550 -0.082698
9.10908 9037 -7.3996 -0.077839
9.11085 9053 -7.5527 -0.079379
9.11251 9068 -7.6245 -0.080067
9.11416 9083 -7.9886 -0.083821
9.11592 9099 -8.5254 -0.089376
9.11757 9114 -8.1960 -0.085851
9.11921 9129 -8.2503 -0.086349
9.12096 9145 -8.3888 -0.087722
9.12260 9160 -8.0328 -0.083931
9.12435 9176 -8.2830 -0.086469
9.12598 9191 -8.6447 -0.090171
9.12772 9207 -7.8635 -0.081952
9.12935 9222 -7.8705 -0.081958
9.13108 9238 -7.9956 -0.083189
9.13270 9253 -7.5757 -0.078756
9.13443 9269 -7.7072 -0.080054
9.13616 9285 -7.2430 -0.075167
9.13777 9300 -7.1834 -0.074488
9.13949 9316 -7.3809 -0.076470
9.14120 9332 -7.3112 -0.075683
9.14292 9348 -7.2633 -0.075123
9.14452 9363 -7.1559 -0.073953
9.14623 9379 -6.4953 -0.067068
9.14793 9395 -6.4603 -0.066650
9.14963 9411 -6.5219 -0.067229
9.15133 9427 -7.0781 -0.072901
9.15303 9443 -6.8606 -0.070600
9.15472 9459 -6.7228 -0.069124
9.15641 9475 -7.2095 -0.074065
9.15810 9491 -7.6342 -0.078362
9.15978 9507 -7.8607 -0.080620
9.16147 9523 -8.4858 -0.086957
9.16314 9539 -8.7193 -0.089276
9.16482 9555 -8.7969 -0.089994
9.16649 9571 -8.4507 -0.086381
9.16816 9587 -8.7143 -0.089000
9.16983 9603 -9.0410 -0.092260
9.17150 9619 -9.2440 -0.094253
9.17326 9636 -9.2739 -0.094475
9.17492 9652 -9.9784 -0.101567
9.17658 9668 -9.6738 -0.098385
9.17833 9685 -9.7109 -0.098676
9.17998 9701 -9.8247 -0.099750
9.18163 9717 -9.4867 -0.096239
9.18338 9734 -8.8588 -0.089790
9.18502 9750 -9.2175 -0.093350
9.18676 9767 -8.9369 -0.090429
9.18840 9783 -8.3885 -0.084811
9.19014 9800 -8.3986 -0.084838
9.19177 9816 -7.8077 -0.078805
9.19350 9833 -8.2498 -0.083196
9.19513 9849 -8.1087 -0.081706
9.19685 9866 -8.4065 -0.084634
9.19857 9883 -8.8481 -0.089003
9.20019 9899 -8.0435 -0.080845
9.20190 9916 -7.9820 -0.080157
9.20362 9933 -7.7502 -0.077763
9.20533 9950 -7.5273 -0.075462
9.20693 9966 -7.3420 -0.073545
9.20864 9983 -7.5194 -0.075258
9.21034 10000 -7.6152 -0.076152
9.21204 10017 -7.7630 -0.077564
9.21373 10034 -7.5025 -0.074898
9.21543 10051 -7.5865 -0.075673
9.21712 10068 -7.3649 -0.073400
9.21880 10085 -7.6265 -0.075943
9.22049 10102 -7.0551 -0.070194
9.22217 10119 -7.1454 -0.071032
9.22385 10136 -7.2136 -0.071650
9.22552 10153 -6.3782 -0.063299
9.22720 10170 -6.5008 -0.064462
9.22887 10187 -6.3136 -0.062553
9.23054 10204 -6.3062 -0.062429
9.23230 10222 -5.6778 -0.056158
9.23396 10239 -5.6789 -0.056122
9.23562 10256 -5.9794 -0.059043
9.23737 10274 -5.8483 -0.057698
9.23903 10291 -5.6903 -0.056093
9.24068 10308 -5.9811 -0.058910
9.24242 10326 -5.8362 -0.057433
9.24407 10343 -6.5792 -0.064692
9.24580 10361 -6.5833 -0.064676
9.24744 10378 -6.3499 -0.062332
9.24918 10396 -5.8597 -0.057470
9.25081 10413 -6.3073 -0.061810
9.25254 10431 -5.5450 -0.054292
9.25417 10448 -5.0911 -0.049808
9.25589 10466 -4.9206 -0.048098
9.25761 10484 -4.7353 -0.046247
9.25923 10501 -4.6925 -0.045792
9.26094 10519 -4.5434 -0.044299
9.26265 10537 -4.0823 -0.039769
9.26435 10555 -4.2471 -0.041340
9.26596 10572 -4.1726 -0.040582
9.26767 10590 -4.0736 -0.039585
9.26936 10608 -4.3104 -0.041851
9.27106 10626 -4.1610 -0.040366
9.27275 10644 -4.5486 -0.044089
9.27444 10662 -4.1814 -0.040495
9.27613 10680 -3.7713 -0.036493
9.27781 10698 -3.8831 -0.037542
9.27949 10716 -2.6351 -0.025455
9.28117 10734 -2.6610 -0.025684
9.28285 10752 -2.0862 -0.020119
9.28452 10770 -2.2803 -0.021973
9.28628 10789 -3.1587 -0.030411
9.28795 10807 -3.1868 -0.030655
9.28961 10825 -3.5964 -0.034567
9.29127 10843 -3.5080 -0.033689
9.29303 10862 -3.0143 -0.028922
9.29468 10880 -3.1763 -0.030452
9.29633 10898 -3.7025 -0.035467
9.29808 10917 -4.1114 -0.039349
9.29972 10935 -3.8621 -0.036933
9.30146 10954 -4.3363 -0.041432
9.30310 10972 -3.5111 -0.033520
9.30483 10991 -3.1268 -0.029825
9.30647 11009 -2.8411 -0.027077
9.30819 11028 -2.8531 -0.027169
9.30982 11046 -2.6773 -0.025474
9.31154 11065 -2.1370 -0.020316
9.31326 11084 -1.8026 -0.017122
9.31497 11103 -1.5010 -0.014245
9.31659 11121 -1.3244 -0.012559
9.31830 11140 -1.3018 -0.012334
9.32000 11159 -1.5417 -0.014594
9.32170 11178 -1.7348 -0.016409
9.32340 11197 -2.1755 -0.020559
9.32501 11215 -2.0356 -0.019222
9.32670 11234 -2.2436 -0.021168
9.32839 11253 -3.0336 -0.028597
9.33008 11272 -2.8088 -0.026456
9.33176 11291 -3.2529 -0.030613
9.33344 11310 -3.5352 -0.033241
9.33521 11330 -4.1146 -0.038656
9.33688 11349 -4.2318 -0.039723
9.33856 11368 -3.6374 -0.034115
9.34023 11387 -3.6494 -0.034199
9.34189 11406 -4.0906 -0.038302
9.34365 11426 -4.3454 -0.040652
9.34531 11445 -3.9968 -0.037360
9.34697 11464 -3.4337 -0.032070
9.34862 11483 -3.6737 -0.034283
9.35036 11503 -3.8379 -0.035784
9.35201 11522 -3.5063 -0.032665
9.35375 11542 -3.9177 -0.036466
9.35539 11561 -4.1788 -0.038865
9.35712 11581 -4.1359 -0.038433
9.35876 11600 -4.0538 -0.037639
9.36048 11620 -3.2371 -0.030030
9.36212 11639 -3.2852 -0.030451
9.36383 11659 -3.8843 -0.035974
9.36555 11679 -4.7678 -0.044118
9.36726 11699 -4.2635 -0.039417
9.36888 11718 -4.9661 -0.045877
9.37059 11738 -5.0701 -0.046798
9.37229 11758 -4.7872 -0.044148
9.37399 11778 -4.7475 -0.043745
9.37569 11798 -4.3134 -0.039711
9.37738 11818 -4.9547 -0.045577
9.37907 11838 -5.4887 -0.050446
9.38067 11857 -5.3594 -0.049218
9.38244 11878 -5.0670 -0.046492
9.38413 11898 -5.6336 -0.051647
9.38581 11918 -5.5980 -0.051278
9.38748 11938 -6.5128 -0.059608
9.38916 11958 -6.6092 -0.060439
9.39083 11978 -7.1732 -0.065542
9.39250 11998 -7.3307 -0.066926
9.39424 12019 -7.3360 -0.066915
9.39591 12039 -7.4185 -0.067612
9.39757 12059 -8.0071 -0.072915
9.39931 12080 -7.0410 -0.064062
9.40096 12100 -6.8573 -0.062339
9.40261 12120 -6.4251 -0.058362
9.40434 12141 -6.4060 -0.058138
9.40599 12161 -6.7131 -0.060875
9.40771 12182 -6.7073 -0.060770
9.40936 12202 -6.7268 -0.060897
9.41107 12223 -6.2139 -0.056205
9.41279 12244 -6.0404 -0.054589
9.41442 12264 -6.1034 -0.055113
9.41613 12285 -6.4785 -0.058451
9.41784 12306 -6.5828 -0.059341
9.41955 12327 -6.9423 -0.062528
9.42117 12347 -6.9532 -0.062575
9.42287 12368 -7.1878 -0.064632
9.42456 12389 -6.8592 -0.061625
9.42626 12410 -7.2553 -0.065128
9.42795 12431 -7.1937 -0.064521
9.42964 12452 -6.4895 -0.058156
9.43132 12473 -6.3562 -0.056913
9.43300 12494 -5.9404 -0.053146
9.43468 12515 -5.7080 -0.051023
9.43636 12536 -5.8507 -0.052255
9.43803 12557 -5.8392 -0.052109
9.43978 12579 -5.7274 -0.051066
9.44145 12600 -5.4304 -0.048378
9.44312 12621 -5.9868 -0.053290
9.44478 12642 -5.9061 -0.052529
9.44652 12664 -6.4223 -0.057070
9.44818 12685 -6.4004 -0.056828
9.44991 12707 -6.3874 -0.056664
9.45156 12728 -6.7722 -0.060028
9.45329 12750 -7.0555 -0.062484
9.45493 12771 -6.2473 -0.055282
9.45665 12793 -6.2525 -0.055280
9.45829 12814 -5.9889 -0.052906
9.46001 12836 -6.7530 -0.059605
9.46172 12858 -6.2978 -0.055540
9.46335 12879 -6.1088 -0.053829
9.46506 12901 -6.2297 -0.054847
9.46676 12923 -5.9627 -0.052452
9.46846 12945 -5.6252 -0.049441
9.47009 12966 -5.4063 -0.047479
9.47178 12988 -4.9906 -0.043790
9.47347 13010 -4.8891 -0.042864
9.47516 13032 -4.3013 -0.037679
9.47685 13054 -4.3060 -0.037688
9.47853 13076 -3.8162 -0.033373
9.48021 13098 -4.1214 -0.036011
9.48189 13120 -3.8077 -0.033243
9.48364 13143 -4.0893 -0.035670
9.48532 13165 -4.2779 -0.037284
9.48699 13187 -4.1040 -0.035739
9.48865 13209 -3.3764 -0.029378
9.49039 13232 -3.3845 -0.029422
9.49205 13254 -3.7977 -0.032988
9.49371 13276 -3.9974 -0.034694
9.49544 13299 -3.6183 -0.031376
9.49710 13321 -4.2887 -0.037158
9.49882 13344 -3.7202 -0.032205
9.50047 13366 -4.2639 -0.036881
9.50219 13389 -3.5299 -0.030506
9.50383 13411 -3.7382 -0.032280
9.50554 13434 -4.3303 -0.037361
9.50725 13457 -5.0187 -0.043263
9.50889 13479 -4.9169 -0.042351
9.51059 13502 -4.3941 -0.037816
9.51230 13525 -4.3948 -0.037789
9.51399 13548 -4.6909 -0.040302
9.51569 13571 -4.7059 -0.040396
9.51738 13594 -4.6430 -0.039822
9.51907 13617 -4.9689 -0.042581
9.52076 13640 -4.1426 -0.035471
9.52245 13663 -4.4750 -0.038284
9.52413 13686 -3.9865 -0.034076
9.52581 13709 -4.1044 -0.035055
9.52748 13732 -3.7945 -0.032381
9.52916 13755 -4.1892 -0.035719
9.53083 13778 -5.0829 -0.043303
9.53257 13802 -5.3937 -0.045911
9.53423 13825 -5.2441 -0.044600
9.53590 13848 -4.4112 -0.037486
9.53763 13872 -3.8684 -0.032845
9.53928 13895 -3.6293 -0.030789
9.54094 13918 -3.2024 -0.027145
9.54266 13942 -2.5098 -0.021255
9.54431 13965 -2.3773 -0.020117
9.54603 13989 -2.4580 -0.020782
9.54774 14013 -2.8726 -0.024266
9.54938 14036 -2.9797 -0.025151
9.55109 14060 -3.0873 -0.026037
9.55279 14084 -3.0806 -0.025958
9.55450 14108 -2.5049 -0.021089
9.55613 14131 -1.5784 -0.013278
9.55782 14155 -1.0016 -0.008418
9.55952 14179 -1.2031 -0.010104
9.56121 14203 -1.1481 -0.009634
9.56290 14227 -0.6752 -0.005661
9.56458 14251 -0.3844 -0.003220
9.56627 14275 0.0334 0.000279
9.56794 14299 0.1657 0.001386
9.56962 14323 -0.6125 -0.005118
9.57137 14348 -0.7583 -0.006331
9.57304 14372 -0.3990 -0.003328
9.57471 14396 0.3496 0.002913
9.57637 14420 0.8850 0.007370
9.57810 14445 0.5042 0.004195
9.57976 14469 0.5085 0.004227
9.58142 14493 0.7319 0.006079
9.58314 14518 1.1105 0.009217
9.58480 14542 0.9674 0.008022
9.58651 14567 1.5504 0.012846
9.58823 14592 1.6863 0.013960
9.58987 14616 2.5143 0.020797
9.59158 14641 2.6619 0.021999
9.59329 14666 2.7016 0.022308
9.59492 14690 2.8907 0.023850
9.59662 14715 3.4972 0.028830
9.59832 14740 4.1354 0.034062
9.60001 14765 4.5194 0.037193
9.60171 14790 5.1654 0.042473
9.60340 14815 5.2630 0.043239
9.60508 14840 5.6756 0.046590
9.60676 14865 5.0914 0.041760
9.60845 14890 5.2273 0.042838
9.61012 14915 5.9277 0.048537
9.61180 14940 6.8250 0.055838
9.61354 14966 5.8039 0.047442
9.61521 14991 5.9112 0.048280
9.61687 15016 6.1933 0.050541
9.61854 15041 6.2866 0.051260
9.62026 15067 6.1650 0.050225
9.62192 15092 6.1014 0.049666
9.62364 15118 5.9360 0.048278
9.62529 15143 5.9714 0.048526
9.62701 15169 6.0369 0.049016
9.62866 15194 6.0404 0.049004
9.63037 15220 5.9949 0.048593
9.63207 15246 6.3490 0.051420
9.63378 15272 6.8909 0.055760
9.63541 15297 6.0653 0.049040
9.63711 15323 5.9173 0.047803
9.63881 15349 6.2567 0.050502
9.64050 15375 5.6755 0.045772
9.64219 15401 5.8095 0.046813
9.64387 15427 5.1596 0.041540
9.64556 15453 5.5271 0.044462
9.64724 15479 5.2604 0.042281
9.64892 15505 5.2340 0.042034
9.65059 15531 5.3029 0.042551
9.65233 15558 4.9603 0.039768
9.65400 15584 4.4185 0.035394
9.65567 15610 4.3948 0.035175
9.65733 15636 3.6444 0.029145
9.65906 15663 3.1800 0.025409
9.66072 15689 3.1125 0.024849
9.66243 15716 2.9351 0.023413
9.66409 15742 2.8216 0.022489
9.66580 15769 2.4105 0.019196
9.66751 15796 2.3612 0.018787
9.66916 15822 2.2028 0.017512
9.67086 15849 1.5611 0.012400
9.67256 15876 1.5963 0.012669
9.67420 15902 0.6717 0.005326
9.67590 15929 1.1628 0.009213
9.67759 15956 0.6769 0.005359
9.67928 15983 0.3777 0.002987
9.68097 16010 1.0437 0.008248
9.68265 16037 1.2673 0.010008
9.68434 16064 1.6583 0.013084
9.68602 16091 1.6633 0.013112
9.68775 16119 1.8689 0.014720
9.68943 16146 1.5964 0.012563
9.69110 16173 1.2036 0.009464
9.69277 16200 0.8863 0.006963
9.69449 16228 0.6060 0.004757
9.69616 16255 0.6786 0.005323
9.69788 16283 0.2044 0.001602
9.69953 16310 0.1812 0.001419
9.70125 16338 0.4116 0.003220
9.70290 16365 0.1198 0.000937
9.70461 16393 -0.3909 -0.003053
9.70626 16420 -0.1688 -0.001317
9.70796 16448 -0.0279 -0.000218
9.70966 16476 0.7709 0.006006
9.71136 16504 0.6726 0.005236
9.71305 16532 0.9740 0.007576
9.71475 16560 1.3340 0.010367
9.71637 16587 2.0157 0.015651
9.71806 16615 2.4014 0.018630
9.71981 16644 2.7448 0.021275
9.72149 16672 1.8711 0.014491
9.72316 16700 2.4321 0.018820
9.72484 16728 2.4309 0.018795
9.72651 16756 2.3158 0.017890
9.72824 16785 2.4856 0.019185
9.72991 16813 2.6726 0.020611
9.73157 16841 2.8565 0.022011
9.73329 16870 2.8129 0.021657
9.73495 16898 2.4333 0.018719
9.73667 16927 2.4506 0.018836
9.73832 16955 3.1919 0.024513
9.74003 16984 3.4947 0.026816
9.74173 17013 2.7080 0.020761
9.74338 17041 3.7009 0.028351
9.74508 17070 3.4797 0.026633
9.74678 17099 3.1237 0.023889
9.74847 17128 2.8798 0.022005
9.75016 17157 3.0510 0.023293
9.75185 17186 2.9302 0.022352
9.75354 17215 3.1594 0.024080
9.75522 17244 2.5490 0.019411
9.75690 17273 2.7323 0.020789
9.75858 17302 2.9400 0.022351
9.76025 17331 2.5031 0.019013
9.76192 17360 1.7259 0.013099
9.76365 17390 2.1011 0.015933
9.76532 17419 2.9696 0.022500
9.76704 17449 2.0916 0.015834
9.76870 17478 1.6268 0.012305
9.77036 17507 1.0922 0.008255
9.77207 17537 1.4426 0.010894
9.77378 17567 1.3024 0.009826
9.77543 17596 1.9122 0.014415
9.77713 17626 2.1825 0.016439
9.77883 17656 2.1673 0.016311
9.78053 17686 2.1055 0.015832
9.78217 17715 1.5501 0.011646
9.78386 17745 1.4206 0.010664
9.78555 17775 1.4981 0.011237
9.78723 17805 1.7521 0.013131
9.78892 17835 2.7612 0.020676
9.79060 17865 3.2204 0.024094
9.79233 17896 3.3704 0.025195
9.79401 17926 2.2676 0.016936
9.79568 17956 2.4354 0.018174
9.79735 17986 3.0066 0.022418
9.79907 18017 2.7461 0.020458
9.80073 18047 2.1978 0.016360
9.80245 18078 2.1608 0.016071
9.80411 18108 2.2236 0.016524
9.80582 18139 2.0377 0.015130
9.80747 18169 1.9212 0.014253
9.80918 18200 2.8697 0.021272
9.81088 18231 3.4926 0.025867
9.81258 18262 3.3477 0.024772
9.81422 18292 3.9708 0.029360
9.81591 18323 4.2745 0.031578
9.81760 18354 4.2689 0.031510
9.81929 18385 3.8351 0.028284
9.82098 18416 4.0991 0.030206
9.82266 18447 3.9330 0.028957
9.82434 18478 3.1761 0.023365
9.82607 18510 2.8954 0.021281
9.82774 18541 3.3196 0.024380
9.82941 18572 3.0479 0.022365
9.83113 18604 2.8116 0.020613
9.83280 18635 2.7015 0.019789
9.83446 18666 2.3506 0.017205
9.83617 18698 1.5344 0.011222
9.83788 18730 1.4141 0.010332
9.83954 18761 2.2461 0.016399
9.84124 18793 1.2211 0.008907
9.84294 18825 0.8483 0.006183
9.84459 18856 1.0746 0.007825
9.84628 18888 1.5096 0.010984
9.84797 18920 1.5874 0.011541
9.84966 18952 1.1873 0.008624
9.85135 18984 1.2711 0.009226
9.85304 19016 0.7849 0.005692
9.85472 19048 -0.1791 -0.001298
9.85640 19080 0.3884 0.002812
9.85812 19113 1.1455 0.008286
9.85980 19145 1.5365 0.011105
9.86147 19177 2.0477 0.014787
9.86319 19210 1.8760 0.013535
9.86485 19242 2.1844 0.015747
9.86651 19274 1.9181 0.013816
9.86822 19307 1.5279 0.010996
9.86993 19340 1.6881 0.012139
9.87158 19372 1.6595 0.011923
9.87329 19405 1.3347 0.009581
9.87499 19438 1.0304 0.007390
9.87668 19471 0.9886 0.007085
9.87832 19503 0.1282 0.000918
9.88001 19536 -0.3062 -0.002190
9.88170 19569 -1.1548 -0.008255
9.88339 19602 -0.6917 -0.004941
9.88507 19635 -0.5524 -0.003942
9.88680 19669 -0.1868 -0.001332
9.88848 19702 -0.0502 -0.000358
9.89015 19735 0.3816 0.002716
9.89182 19768 -0.0605 -0.000430
9.89354 19802 -1.1575 -0.008226
9.89520 19835 -0.5411 -0.003842
9.89692 19869 -0.6976 -0.004949
9.89858 19902 -1.4023 -0.009940
9.90028 19936 -1.0792 -0.007643
9.90194 19969 -0.7453 -0.005274
9.90364 20003 -0.9301 -0.006576
9.90534 20037 -0.8034 -0.005675
9.90703 20071 -0.2903 -0.002049
9.90872 20105 -0.2783 -0.001963
9.91041 20139 -0.3685 -0.002597
9.91210 20173 0.1531 0.001078
9.91378 20207 -0.5167 -0.003635
9.91547 20241 -0.3567 -0.002507
9.91714 20275 -0.6401 -0.004496
9.91882 20309 -0.8961 -0.006288
9.92049 20343 -0.9019 -0.006324
9.92221 20378 -1.2196 -0.008544
9.92388 20412 -1.3806 -0.009663
9.92559 20447 -1.2783 -0.008939
9.92725 20481 -1.5388 -0.010752
9.92896 20516 -1.4774 -0.010315
9.93062 20550 -1.9548 -0.013636
9.93232 20585 -1.5615 -0.010883
9.93402 20620 -1.0005 -0.006968
9.93571 20655 -1.2969 -0.009024
9.93741 20690 -0.7900 -0.005492
9.93905 20724 -0.3157 -0.002193
9.94074 20759 -0.7279 -0.005052
9.94247 20795 -0.2353 -0.001632
9.94415 20830 -0.2943 -0.002039
9.94583 20865 -0.5889 -0.004077
9.94750 20900 -1.0528 -0.007282
9.94918 20935 -1.3565 -0.009375
9.95090 20971 -0.7230 -0.004993
9.95256 21006 -0.5310 -0.003664
9.95428 21042 0.0245 0.000169
9.95594 21077 0.2271 0.001564
9.95764 21113 0.0160 0.000110
9.95930 21148 -0.7266 -0.004996
9.96100 21184 -0.9620 -0.006610
9.96270 21220 -0.9245 -0.006346
9.96439 21256 -0.3143 -0.002156
9.96604 21291 -0.4015 -0.002752
9.96773 21327 -0.6684 -0.004577
9.96942 21363 -1.2768 -0.008735
9.97110 21399 -1.3124 -0.008972
9.97283 21436 -2.3035 -0.015733
9.97451 21472 -2.6444 -0.018046
9.97618 21508 -2.6794 -0.018270
9.97785 21544 -3.1153 -0.021224
9.97957 21581 -2.7736 -0.018880
9.98124 21617 -2.3916 -0.016267
9.98295 21654 -2.1093 -0.014334
9.98461 21690 -2.2385 -0.015199
9.98631 21727 -2.1144 -0.014345
9.98801 21764 -1.5200 -0.010304
9.98967 21800 -2.0470 -0.013864
9.99136 21837 -2.3424 -0.015851
9.99305 21874 -2.1166 -0.014311
9.99474 21911 -1.6490 -0.011140
9.99643 21948 -2.0345 -0.013733
9.99812 21985 -2.2374 -0.015090
9.99980 22022 -2.2598 -0.015228
10.00148 22059 -2.8454 -0.019158
10.00315 22096 -2.3380 -0.015729
10.00487 22134 -1.5931 -0.010708
10.00654 22171 -1.2060 -0.008100
10.00825 22209 -1.2492 -0.008382
10.00992 22246 -0.9615 -0.006446
10.01162 22284 -1.9284 -0.012918
10.01328 22321 -1.4597 -0.009771
10.01498 22359 -1.7835 -0.011928
10.01668 22397 -1.9183 -0.012818
10.01833 22434 -2.4185 -0.016147
10.02003 22472 -1.5840 -0.010567
10.02171 22510 -0.5522 -0.003680
10.02340 22548 -0.1070 -0.000713
10.02509 22586 0.3628 0.002414
10.02677 22624 0.8411 0.005592
10.02849 22663 1.7927 0.011908
10.03016 22701 0.8435 0.005598
10.03184 22739 1.3672 0.009067
10.03355 22778 1.5562 0.010311
10.03522 22816 1.5413 0.010204
10.03693 22855 0.3249 0.002149
10.03859 22893 0.3461 0.002287
10.04029 22932 0.7147 0.004720
10.04199 22971 0.3325 0.002194
10.04364 23009 0.3596 0.002371
10.04533 23048 0.1453 0.000957
10.04702 23087 1.0518 0.006922
10.04871 23126 0.4098 0.002695
10.05040 23165 0.5048 0.003317
10.05208 23204 0.8602 0.005647
10.05376 23243 0.8506 0.005579
10.05548 23283 -0.1844 -0.001209
10.05715 23322 -0.1820 -0.001192
10.05882 23361 -0.4302 -0.002814
10.06053 23401 0.4429 0.002895
10.06220 23440 1.2391 0.008093
10.06390 23480 1.5565 0.010158
10.06561 23520 2.0530 0.013387
10.06726 23559 2.4581 0.016015
10.06896 23599 2.2405 0.014585
10.07065 23639 2.1936 0.014267
10.07234 23679 2.0709 0.013458
10.07403 23719 2.4209 0.015719
10.07572 23759 2.2080 0.014325
10.07740 23799 1.9128 0.012399
10.07908 23839 1.5154 0.009815
10.08075 23879 0.5299 0.003429
10.08247 23920 0.6168 0.003988
10.08414 23960 1.3633 0.008808
10.08581 24000 0.8525 0.005503
10.08752 24041 -0.4525 -0.002918
10.08922 24082 0.4989 0.003215
10.09088 24122 0.1629 0.001049
10.09258 24163 -0.2744 -0.001765
10.09427 24204 0.1738 0.001117
10.09597 24245 -0.0348 -0.000224
10.09766 24286 -0.5495 -0.003526
10.09934 24327 -0.2949 -0.001891
10.10103 24368 0.0001 0.000001
10.10271 24409 0.9957 0.006373
10.10439 24450 1.4911 0.009536
10.10606 24491 1.0071 0.006435
10.10777 24533 0.9980 0.006372
10.10944 24574 0.5696 0.003633
10.11115 24616 0.4030 0.002568
10.11282 24657 1.7052 0.010860
10.11452 24699 2.9235 0.018602
10.11618 24740 3.1214 0.019845
10.11787 24782 3.0837 0.019589
10.11957 24824 2.5172 0.015976
10.12126 24866 3.4309 0.021758
10.12294 24908 3.5025 0.022193
10.12463 24950 3.8715 0.024510
10.12631 24992 4.4751 0.028307
10.12799 25034 3.6635 0.023154
10.12971 25077 4.0602 0.025639
10.13138 25119 4.3661 0.027548
10.13305 25161 4.6701 0.029442
10.13476 25204 4.8443 0.030514
10.13642 25246 4.7326 0.029785
10.13812 25289 4.7828 0.030076
10.13982 25332 5.2259 0.032834
10.14148 25374 4.3377 0.027231
10.14317 25417 4.8546 0.030450
10.14486 25460 4.6069 0.028872
10.14655 25503 4.8721 0.030508
10.14824 25546 4.6270 0.028949
10.14992 25589 4.9544 0.030972
10.15164 25633 4.6225 0.028872
10.15331 25676 4.0371 0.025195
10.15499 25719 4.2501 0.026501
10.15669 25763 4.8357 0.030127
10.15836 25806 5.9789 0.037218
10.16007 25850 5.6312 0.035024
10.16173 25893 5.0336 0.031281
10.16343 25937 4.5293 0.028123
10.16512 25981 4.7847 0.029684
10.16681 26025 5.8839 0.036473
10.16850 26069 6.3826 0.039531
10.17019 26113 5.6486 0.034955
10.17187 26157 4.9098 0.030358
10.17355 26201 4.4894 0.027735
10.17523 26245 5.5177 0.034059
10.17691 26289 5.9588 0.036752
10.17862 26334 6.8850 0.042427
10.18029 26378 6.7870 0.041789
10.18199 26423 6.7986 0.041824
10.18365 26467 6.9857 0.042939
10.18535 26512 6.2060 0.038115
10.18705 26557 6.4073 0.039318
10.18874 26602 6.7030 0.041097
10.19043 26647 6.0135 0.036839
10.19212 26692 6.0911 0.037282
10.19380 26737 6.0655 0.037094
10.19549 26782 5.3361 0.032606
10.19716 26827 6.4687 0.039494
10.19884 26872 7.1296 0.043493
10.20055 26918 7.7257 0.047089
10.20222 26963 8.1154 0.049423
10.20393 27009 8.7323 0.053134
10.20559 27054 8.1230 0.049386
10.20729 27100 8.0272 0.048762
10.20898 27146 9.1552 0.055567
10.21064 27191 8.1202 0.049244
10.21233 27237 8.3460 0.050571
10.21402 27283 7.5226 0.045543
10.21570 27329 7.2832 0.044057
10.21742 27376 6.9374 0.041929
10.21910 27422 6.9930 0.042229
10.22078 27468 7.0539 0.042561
10.22245 27514 6.5312 0.039374
10.22416 27561 5.6699 0.034153
10.22582 27607 4.1249 0.024826
10.22753 27654 3.8513 0.023159
10.22922 27701 4.4068 0.026478
10.23088 27747 4.9385 0.029647
10.23258 27794 4.0643 0.024379
10.23427 27841 4.0331 0.024171
10.23595 27888 4.1440 0.024815
10.23764 27935 4.1732 0.024969
10.23932 27982 4.8001 0.028695
10.24103 28030 4.5130 0.026956
10.24271 28077 5.0661 0.030234
10.24438 28124 5.3766 0.032060
10.24608 28172 4.6262 0.027562
10.24779 28220 4.7581 0.028324
10.24945 28267 5.8114 0.034566
10.25115 28315 5.6415 0.033526
10.25284 28363 5.1769 0.030739
10.25453 28411 4.6095 0.027347
10.25622 28459 4.6742 0.027708
10.25790 28507 3.8184 0.022615
10.25959 28555 4.7554 0.028141
10.26127 28603 5.1148 0.030243
10.26294 28651 4.4578 0.026336
10.26465 28700 4.5156 0.026655
10.26632 28748 4.6983 0.027710
10.26803 28797 5.0984 0.030044
10.26969 28845 5.6225 0.033105
10.27139 28894 5.7360 0.033744
10.27308 28943 4.8479 0.028496
10.27478 28992 4.8746 0.028629
10.27643 29040 6.9064 0.040528
10.27815 29090 7.2492 0.042503
10.27983 29139 7.8806 0.046166
10.28151 29188 8.1745 0.047848
10.28319 29237 8.3492 0.048829
10.28486 29286 8.3008 0.048506
10.28657 29336 6.8822 0.040181
10.28824 29385 5.7460 0.033520
10.28994 29435 4.8845 0.028470
10.29164 29485 5.9011 0.034366
10.29333 29535 5.6651 0.032964
10.29499 29584 5.3036 0.030835
10.29668 29634 6.6766 0.038784
10.29836 29684 7.0328 0.040820
10.30005 29734 7.3368 0.042548
10.30176 29785 7.6532 0.044345
10.30344 29835 6.7206 0.038908
10.30511 29885 7.6887 0.044476
10.30682 29936 7.4699 0.043173
10.30849 29986 8.2993 0.047927
10.31019 30037 7.5483 0.043553
10.31188 30088 7.4268 0.042816
10.31354 30138 8.2135 0.047312
10.31523 30189 9.1220 0.052501
10.31692 30240 9.4848 0.054543
10.31861 30291 8.7911 0.050511
10.32029 30342 8.3184 0.047755
10.32200 30394 8.9205 0.051168
10.32368 30445 9.5894 0.054958
10.32535 30496 10.8658 0.062221
10.32705 30548 11.0160 0.063028
10.32872 30599 10.4271 0.059609
10.33042 30651 9.6463 0.055098
10.33212 30703 8.2257 0.046944
10.33381 30755 9.1112 0.051954
10.33550 30807 9.2649 0.052786
10.33718 30859 10.1929 0.058024
10.33887 30911 10.0716 0.057285
10.34055 30963 10.6440 0.060490
10.34223 31015 10.4324 0.059238
10.34393 31068 10.7224 0.060833
10.34561 31120 11.3854 0.064540
10.34731 31173 11.7048 0.066294
10.34897 31225 12.1189 0.068582
10.35067 31278 11.9700 0.067682
10.35236 31331 12.0423 0.068034
10.35405 31384 11.4032 0.064368
10.35574 31437 10.8280 0.061070
10.35743 31490 10.5398 0.059394
10.35911 31543 10.0791 0.056750
10.36079 31596 10.5137 0.059148
10.36246 31649 10.9272 0.061423
10.36417 31703 11.0620 0.062127
10.36584 31756 10.9773 0.061600
10.36754 31810 10.7863 0.060477
10.36923 31864 9.4617 0.053005
10.37093 31918 7.9753 0.044641
10.37258 31971 7.6824 0.042966
10.37427 32025 7.3838 0.041260
10.37596 32079 7.6494 0.042709
10.37767 32134 7.7313 0.043129
10.37935 32188 7.9097 0.044087
10.38103 32242 8.3247 0.046362
10.38273 32297 8.5335 0.047484
10.38440 32351 9.3798 0.052149
10.38610 32406 9.9218 0.055116
10.38779 32461 10.6313 0.059007
10.38946 32515 10.5700 0.058618
10.39115 32570 11.5678 0.064097
10.39283 32625 12.0381 0.066647
10.39452 32680 11.6425 0.064403
10.39620 32735 10.9666 0.060613
10.39791 32791 11.1053 0.061327
10.39959 32846 10.5625 0.058281
10.40129 32902 11.2504 0.062024
10.40296 32957 11.1495 0.061416
10.40466 33013 11.4834 0.063202
10.40632 33068 11.6597 0.064119
10.40801 33124 11.7388 0.064499
10.40970 33180 10.8905 0.059788
10.41139 33236 11.2785 0.061865
10.41307 33292 11.3310 0.062101
10.41478 33349 11.5917 0.063475
10.41646 33405 11.4497 0.062645
10.41814 33461 12.3898 0.067732
10.41984 33518 13.3561 0.072953
10.42151 33574 14.3822 0.078492
10.42320 33631 15.6261 0.085208
10.42490 33688 14.7067 0.080127
10.42659 33745 14.2976 0.077832
10.42828 33802 15.8220 0.086058
10.42996 33859 15.6278 0.084930
10.43164 33916 15.2639 0.082882
10.43332 33973 17.0571 0.092542
10.43500 34030 17.0400 0.092372
10.43670 34088 16.8212 0.091108
10.43837 34145 17.0713 0.092385
10.44007 34203 16.7035 0.090318
10.44176 34261 17.6881 0.095561
10.44345 34319 19.2520 0.103922
10.44514 34377 20.0587 0.108185
10.44683 34435 21.4306 0.115487
10.44851 34493 21.7113 0.116902
10.45019 34551 20.8800 0.112331
10.45187 34609 20.1133 0.108116
10.45357 34668 20.4493 0.109828
10.45524 34726 21.1084 0.113273
10.45694 34785 20.8280 0.111674
10.45864 34844 20.8774 0.111844
10.46033 34903 20.0259 0.107191
10.46199 34961 21.1157 0.112931
10.46370 35021 21.2372 0.113484
10.46539 35080 20.8395 0.111265
10.46707 35139 21.4964 0.114676
10.46874 35198 21.9872 0.117195
10.47045 35258 22.5457 0.120070
10.47212 35317 21.7422 0.115694
10.47382 35377 21.9380 0.116637
10.47548 35436 21.2480 0.112874
10.47718 35496 22.1152 0.117382
10.47886 35556 22.3476 0.118515
10.48055 35616 24.1842 0.128147
10.48223 35676 24.5960 0.130220
10.48394 35737 25.3002 0.133833
10.48562 35797 24.4022 0.128975
10.48729 35857 24.8504 0.131234
10.48899 35918 24.9264 0.131523
10.49069 35979 24.6838 0.130133
10.49236 36039 24.7622 0.130438
10.49405 36100 24.8062 0.130559
10.49574 36161 24.5018 0.128848
10.49742 36222 23.6322 0.124171
10.49910 36283 24.8030 0.130212
10.50081 36345 26.4282 0.138626
10.50249 36406 25.3345 0.132778
10.50416 36467 25.1674 0.131792
10.50586 36529 25.1814 0.131753
10.50756 36591 24.5117 0.128140
10.50922 36652 23.9748 0.125229
10.51091 36714 23.0930 0.120522
10.51260 36776 24.5794 0.128171
10.51429 36838 25.4302 0.132496
10.51599 36901 25.1729 0.131043
10.51767 36963 24.8296 0.129147
10.51935 37025 24.5701 0.127691
10.52105 37088 25.0250 0.129945
10.52272 37150 24.7399 0.128357
10.52441 37213 23.8252 0.123506
10.52610 37276 24.4858 0.126823
10.52779 37339 24.7277 0.127968
10.52948 37402 25.1782 0.130190
10.53116 37465 25.4418 0.131442
10.53284 37528 25.6043 0.132171
10.53455 37592 26.9036 0.138759
10.53622 37655 26.8409 0.138320
10.53792 37719 27.2481 0.140299
10.53959 37782 25.9745 0.133630
10.54128 37846 25.8809 0.133036
10.54297 37910 24.7614 0.127174
10.54466 37974 24.5851 0.126162
10.54634 38038 23.9221 0.122656
10.54802 38102 23.2577 0.119150
10.54973 38167 24.2336 0.124044
10.55140 38231 24.7092 0.126372
10.55310 38296 24.6749 0.126090
10.55477 38360 24.9511 0.127394
10.55646 38425 24.1730 0.123317
10.55815 38490 25.6170 0.130573
10.55984 38555 23.7132 0.120767
10.56153 38620 23.6839 0.120517
10.56321 38685 22.8754 0.116305
10.56491 38751 22.8590 0.116122
10.56659 38816 23.2474 0.117997
10.56829 38882 22.8322 0.115791
10.56996 38947 22.3770 0.113388
10.57165 39013 22.9468 0.116176
10.57334 39079 23.2141 0.117430
10.57503 39145 24.6897 0.124790
10.57671 39211 22.9414 0.115855
10.57839 39277 22.1971 0.112002
10.58007 39343 23.4909 0.118431
10.58177 39410 23.8271 0.120024
10.58345 39476 24.2882 0.122244
10.58514 39543 23.2549 0.116945
10.58684 39610 22.6319 0.113715
10.58853 39677 22.0770 0.110833
10.59021 39744 21.7507 0.109103
10.59190 39811 20.7430 0.103961
10.59358 39878 20.3292 0.101801
10.59526 39945 21.7519 0.108834
10.59696 40013 21.7139 0.108552
10.59863 40080 22.3426 0.111601
10.60033 40148 20.4941 0.102281
10.60202 40216 20.7291 0.103367
10.60371 40284 19.5789 0.097549
10.60540 40352 19.6241 0.097692
10.60708 40420 21.2560 0.105727
10.60876 40488 22.2213 0.110435
10.61044 40556 22.3377 0.110920
10.61214 40625 22.3537 0.110905
10.61381 40693 23.8876 0.118417
10.61551 40762 23.1213 0.114521
10.61720 40831 22.7517 0.112595
10.61889 40900 23.4726 0.116064
10.62057 40969 23.5750 0.116472
10.62225 41038 23.0790 0.113926
10.62393 41107 23.2646 0.114746
10.62564 41177 23.4361 0.115494
10.62731 41246 24.3466 0.119880
10.62901 41316 23.7579 0.116883
10.63070 41386 23.6329 0.116169
10.63239 41456 23.7206 0.116502
10.63408 41526 23.4705 0.115176
10.63576 41596 23.9911 0.117632
10.63744 41666 22.9643 0.112503
10.63912 41736 22.3697 0.109498
10.64082 41807 22.6937 0.110989
10.64249 41877 22.6453 0.110660
10.64419 41948 22.5708 0.110203
10.64588 42019 22.9911 0.112160
10.64757 42090 23.1458 0.112819
10.64925 42161 23.0555 0.112284
10.65093 42232 24.0471 0.117015
10.65261 42303 23.6044 0.114764
10.65431 42375 23.1738 0.112575
10.65599 42446 21.7443 0.105543
10.65768 42518 20.8921 0.101320
10.65937 42590 21.5457 0.104401
10.66106 42662 21.7503 0.105304
10.66275 42734 22.1918 0.107351
10.66443 42806 21.3486 0.103185
10.66611 42878 19.7033 0.095153
10.66779 42950 17.9602 0.086662
10.66949 43023 17.4932 0.084337
10.67119 43096 18.4364 0.088809
10.67285 43168 17.9680 0.086480
10.67454 43241 18.8057 0.090436
10.67623 43314 19.6230 0.094287
10.67792 43387 19.3864 0.093072
10.67962 43461 18.6860 0.089633
10.68130 43534 18.2098 0.087275
10.68297 43607 18.4858 0.088524
10.68467 43681 17.2609 0.082588
10.68636 43755 16.9122 0.080851
10.68805 43829 16.8936 0.080694
10.68974 43903 14.6534 0.069934
10.69142 43977 14.9529 0.071304
10.69310 44051 15.2918 0.072859
10.69478 44125 15.8646 0.075524
10.69648 44200 15.2353 0.072467
10.69818 44275 14.7626 0.070159
10.69985 44349 15.2624 0.072474
10.70154 44424 16.2731 0.077208
10.70322 44499 16.5137 0.078283
10.70491 44574 15.9357 0.075480
10.70661 44650 16.6649 0.078867
10.70829 44725 16.4274 0.077677
10.70996 44800 15.4984 0.073223
10.71166 44876 16.2100 0.076520
10.71335 44952 14.6344 0.069024
10.71504 45028 14.1767 0.066809
10.71673 45104 13.5072 0.063600
10.71841 45180 12.2844 0.057794
10.72009 45256 13.8469 0.065090
10.72179 45333 13.4181 0.063021
10.72347 45409 12.9864 0.060942
10.72516 45486 12.9245 0.060600
10.72685 45563 13.6892 0.064131
10.72852 45639 12.7926 0.059881
10.73023 45717 12.4748 0.058344
10.73191 45794 12.8361 0.059983
10.73359 45871 12.8275 0.059892
10.73527 45948 12.5232 0.058423
10.73696 46026 12.5783 0.058630
10.73865 46104 10.9227 0.050870
10.74035 46182 11.8544 0.055163
10.74203 46260 13.4577 0.062570
10.74372 46338 12.4705 0.057931
10.74540 46416 12.7687 0.059267
10.74708 46494 13.3584 0.061952
10.74878 46573 12.8971 0.059762
10.75045 46651 13.6638 0.063262
10.75214 46730 15.0559 0.069648
10.75383 46809 16.2485 0.075101
10.75552 46888 16.2992 0.075272
10.75720 46967 16.2123 0.074808
10.75890 47047 17.0558 0.078633
10.76058 47126 18.8627 0.086891
10.76228 47206 18.8420 0.086722
10.76395 47285 18.5782 0.085436
10.76564 47365 19.3286 0.088812
10.76733 47445 19.2677 0.088458
10.76901 47525 18.6475 0.085538
10.77069 47605 20.7483 0.095094
10.77239 47686 21.7507 0.099604
10.77407 47766 21.2510 0.097235
10.77576 47847 20.2804 0.092715
10.77746 47928 19.1983 0.087694
10.77914 48009 18.9170 0.086336
10.78083 48090 19.0628 0.086928
10.78251 48171 19.1997 0.087478
10.78419 48252 17.6504 0.080352
10.78589 48334 18.3757 0.083583
10.78756 48415 17.6855 0.080376
10.78926 48497 17.8177 0.080908
10.79095 48579 18.4516 0.083716
10.79263 48661 18.0851 0.081984
10.79432 48743 18.2554 0.082687
10.79600 48825 18.3636 0.083107
10.79770 48908 18.1130 0.081903
10.79937 48990 18.1885 0.082176
10.80106 49073 16.9324 0.076436
10.80275 49156 16.7033 0.075338
10.80444 49239 16.3812 0.073823
10.80613 49322 15.4796 0.069701
10.80781 49405 16.1789 0.072789
10.80951 49489 16.5729 0.074498
10.81118 49572 15.3170 0.068795
10.81287 49656 15.8841 0.071282
10.81456 49740 15.4945 0.069474
10.81625 49824 15.6272 0.070010
10.81794 49908 16.9146 0.075714
10.81962 49992 18.2123 0.081454
10.82130 50076 18.5913 0.083080
10.82299 50161 18.1759 0.081154
10.82469 50246 19.0311 0.084901
10.82638 50331 20.6828 0.092192
10.82806 50416 20.5799 0.091656
10.82975 50501 20.4554 0.091024
10.83143 50586 20.8875 0.092869
10.83311 50671 20.1874 0.089681
10.83480 50757 20.3026 0.090116
10.83650 50843 19.3473 0.085803
10.83817 50928 18.3848 0.081467
10.83986 51014 18.4779 0.081810
10.84154 51100 19.0829 0.084418
10.84324 51187 18.4851 0.081704
10.84492 51273 18.5584 0.081959
10.84661 51360 18.4580 0.081446
10.84829 51446 17.9465 0.079123
10.84998 51533 18.3330 0.080759
10.85166 51620 17.7805 0.078259
10.85335 51707 18.5257 0.081471
10.85505 51795 18.3945 0.080825
10.85673 51882 18.4385 0.080950
10.85842 51970 19.3816 0.085018
10.86011 52058 19.7482 0.086553
10.86178 52145 20.0322 0.087725
10.86347 52233 19.0811 0.083489
10.86517 52322 20.0003 0.087437
10.86685 52410 20.7966 0.090842
10.86853 52498 19.6467 0.085747
10.87022 52587 18.9832 0.082781
10.87192 52676 19.1943 0.083631
10.87360 52765 18.0617 0.078629
10.87529 52854 17.3889 0.075637
10.87697 52943 17.5376 0.076219
10.87867 53033 17.8395 0.077466
10.88035 53122 19.4283 0.084294
10.88204 53212 18.8461 0.081699
10.88373 53302 19.1847 0.083097
10.88542 53392 18.7114 0.080978
10.88710 53482 18.3979 0.079555
10.88878 53572 18.8524 0.081451
10.89046 53662 17.7550 0.076645
10.89215 53753 18.7915 0.081051
10.89385 53844 19.9593 0.086015
10.89553 53935 18.6853 0.080457
10.89722 54026 18.1599 0.078129
10.89890 54117 19.2927 0.082933
10.90058 54208 19.7792 0.084953
10.90228 54300 20.2939 0.087090
10.90397 54392 20.7583 0.089007
10.90564 54483 20.4869 0.087770
10.90733 54575 19.3587 0.082866
10.90902 54667 19.8550 0.084920
10.91072 54760 19.4162 0.082972
10.91239 54852 18.8173 0.080346
10.91409 54945 17.9667 0.076649
10.91578 55038 17.6638 0.075293
10.91747 55131 18.9678 0.080783
10.91915 55224 18.4430 0.078481
10.92084 55317 17.3639 0.073827
10.92252 55410 18.1100 0.076935
10.92421 55504 17.7730 0.075440
10.92588 55597 17.8416 0.075667
10.92757 55691 16.5433 0.070102
10.92926 55785 15.3627 0.065044
10.93096 55880 14.6940 0.062160
10.93264 55974 13.2732 0.056102
10.93432 56068 14.3881 0.060764
10.93601 56163 13.8406 0.058402
10.93770 56258 13.2626 0.055916
10.93939 56353 14.5480 0.061283
10.94108 56448 14.2618 0.060027
10.94276 56543 15.5613 0.065442
10.94445 56639 15.5064 0.065156
10.94613 56734 14.8387 0.062298
10.94782 56830 15.0057 0.062946
10.94951 56926 15.0216 0.062960
10.95119 57022 16.3955 0.068660
10.95287 57118 16.6934 0.069849
10.95457 57215 17.5857 0.073520
10.95625 57311 17.1288 0.071550
10.95794 57408 17.1968 0.071773
10.95963 57505 15.9235 0.066403
10.96131 57602 15.8728 0.066135
10.96301 57700 16.6059 0.069131
10.96469 57797 16.5202 0.068717
10.96639 57895 16.9663 0.070512
10.96806 57992 15.5859 0.064721
10.96975 58090 15.8586 0.065798
10.97143 58188 15.1340 0.062739
10.97312 58286 12.2714 0.050829
10.97481 58385 11.1692 0.046224
10.97649 58483 11.9456 0.049396
10.97818 58582 13.0464 0.053903
10.97987 58681 15.2909 0.063123
10.98156 58780 14.6593 0.060464
10.98324 58879 14.7424 0.060756
10.98494 58979 15.0846 0.062113
10.98661 59078 16.2270 0.066761
10.98831 59178 15.4940 0.063692
10.98999 59278 13.4247 0.055139
10.99168 59378 13.1020 0.053768
10.99336 59478 12.9101 0.052936
10.99506 59579 13.3032 0.054502
10.99674 59679 12.3909 0.050721
10.99843 59780 13.2472 0.054181
11.00011 59881 13.9895 0.057169
11.00180 59982 15.0385 0.061404
11.00348 60083 15.8050 0.064479
11.00518 60185 15.7557 0.064223
11.00686 60286 16.0440 0.065344
11.00855 60388 16.0891 0.065472
11.01023 60490 16.4444 0.066862
11.01192 60592 16.7960 0.068233
11.01362 60695 15.5628 0.063170
11.01530 60797 16.1699 0.065579
11.01699 60900 17.4428 0.070682
11.01868 61003 18.1058 0.073307
11.02037 61106 18.3616 0.074279
11.02205 61209 18.7760 0.075892
11.02373 61312 18.3060 0.073930
11.02543 61416 16.1242 0.065063
11.02710 61519 16.6538 0.067144
11.02879 61623 15.9053 0.064072
11.03048 61727 15.7434 0.063367
11.03216 61831 16.5756 0.066660
11.03386 61936 17.2392 0.069270
11.03553 62040 16.5302 0.066365
11.03723 62145 16.0205 0.064265
11.03891 62250 14.9080 0.059752
11.04060 62355 16.2713 0.065161
11.04228 62460 15.3864 0.061565
11.04398 62566 14.6109 0.058413
11.04565 62671 14.3646 0.057380
11.04734 62777 13.9105 0.055519
11.04903 62883 15.3472 0.061202
11.05072 62989 15.5221 0.061847
11.05241 63096 14.5214 0.057811
11.05409 63202 14.9370 0.059415
11.05578 63309 14.5828 0.057957
11.05747 63416 16.3128 0.064778
11.05916 63523 14.2881 0.056691
11.06084 63630 14.6308 0.058001
11.06254 63738 14.6728 0.058118
11.06421 63845 14.4678 0.057258
11.06590 63953 14.7965 0.058510
11.06759 64061 16.1745 0.063905
11.06928 64169 15.6905 0.061940
11.07096 64277 16.2322 0.064025
11.07265 64386 15.4102 0.060731
11.07434 64495 14.0320 0.055253
11.07603 64604 15.4865 0.060929
11.07772 64713 15.6617 0.061566
11.07940 64822 15.3031 0.060106
11.08108 64931 15.3092 0.060079
11.08277 65041 15.9810 0.062663
11.08446 65151 17.7510 0.069544
11.08615 65261 16.0564 0.062853
11.08783 65371 14.3064 0.055955
11.08952 65481 12.4959 0.048833
11.09121 65592 10.8297 0.042286
11.09290 65703 10.1363 0.039545
11.09459 65814 8.1252 0.031672
11.09627 65925 8.9322 0.034788
11.09796 66036 10.0899 0.039264
11.09963 66147 12.0124 0.046706
11.10133 66259 13.1265 0.050995
11.10302 66371 13.4368 0.052156
11.10470 66483 14.6862 0.056958
11.10638 66595 14.2952 0.055395
11.10808 66708 14.1194 0.054667
11.10976 66820 14.1368 0.054689
11.11145 66933 13.4602 0.052027
11.11313 67046 15.9043 0.061423
11.11482 67159 14.5265 0.056054
11.11651 67273 14.5696 0.056173
11.11819 67386 16.1892 0.062365
11.11988 67500 14.5066 0.055836
11.12157 67614 13.5184 0.051988
11.12325 67728 13.0884 0.050292
11.12494 67842 11.3381 0.043530
11.12663 67957 12.2802 0.047107
11.12832 68072 11.1814 0.042856
11.13001 68187 11.5644 0.044286
11.13169 68302 12.3697 0.047330
11.13338 68417 13.0580 0.049922
11.13507 68533 12.8528 0.049096
11.13675 68648 12.4820 0.047640
11.13844 68764 12.4212 0.047368
11.14012 68880 12.0328 0.045848
11.14182 68997 12.9025 0.049120
11.14350 69113 12.0415 0.045804
11.14519 69230 11.7014 0.044473
11.14688 69347 10.1810 0.038661
11.14856 69464 10.9471 0.041535
11.15025 69581 10.9664 0.041574
11.15194 69699 9.3377 0.035369
11.15362 69816 9.0304 0.034177
11.15531 69934 8.6086 0.032553
11.15699 70052 8.7657 0.033119
11.15868 70170 8.3867 0.031660
11.16037 70289 6.1775 0.023301
11.16206 70408 6.4779 0.024413
11.16374 70526 7.5655 0.028488
11.16542 70645 5.3766 0.020229
11.16712 70765 6.5182 0.024503
11.16880 70884 5.7045 0.021426
11.17049 71004 6.5722 0.024664
11.17218 71124 6.4910 0.024339
11.17387 71244 6.0538 0.022681
11.17555 71364 5.4189 0.020285
11.17724 71485 4.5417 0.016987
11.17892 71605 4.1532 0.015521
11.18061 71726 5.0059 0.018692
11.18229 71847 5.4797 0.020443
11.18399 71969 5.2401 0.019533
11.18567 72090 6.4863 0.024158
11.18736 72212 6.0540 0.022529
11.18905 72334 6.1397 0.022828
11.19073 72456 6.9330 0.025756
11.19242 72578 8.9586 0.033254
11.19411 72701 8.1760 0.030323
11.19579 72823 8.4687 0.031382
11.19747 72946 9.1078 0.033722
11.19917 73070 9.7646 0.036123
11.20086 73193 10.7241 0.039639
11.20253 73316 10.9152 0.040312
11.20422 73440 10.7738 0.039756
11.20591 73564 11.3487 0.041842
11.20760 73688 12.3429 0.045470
11.20929 73813 12.8784 0.047402
11.21097 73937 12.3134 0.045284
11.21266 74062 10.4917 0.038552
11.21434 74187 13.1170 0.048158
11.21604 74313 13.3096 0.048824
11.21772 74438 11.4841 0.042092
11.21941 74564 11.5763 0.042394
11.22110 74690 10.8127 0.039564
11.22279 74816 10.7783 0.039405
11.22447 74942 9.6214 0.035146
11.22616 75069 8.9066 0.032507
11.22784 75195 8.1700 0.029794
11.22953 75322 8.1750 0.029787
11.23121 75449 8.6459 0.031476
11.23291 75577 7.7387 0.028150
11.23459 75704 8.4991 0.030890
11.23628 75832 8.1023 0.029423
11.23796 75960 8.3027 0.030125
11.23965 76088 8.8161 0.031961
11.24134 76217 9.2250 0.033415
11.24303 76346 7.7643 0.028100
11.24471 76474 8.7774 0.031740
11.24640 76604 9.2974 0.033592
11.24809 76733 9.7844 0.035322
11.24977 76862 11.0268 0.039774
11.25146 76992 12.6759 0.045683
11.25314 77122 13.4912 0.048580
11.25483 77252 13.2620 0.047715
11.25652 77383 11.9916 0.043108
11.25820 77513 11.7104 0.042061
11.25989 77644 11.2395 0.040336
11.26158 77775 11.3500 0.040698
11.26327 77907 8.8656 0.031763
11.26495 78038 8.1499 0.029174
11.26664 78170 8.3774 0.029963
11.26833 78302 9.9770 0.035655
11.27001 78434 9.2240 0.032936
11.27171 78567 7.2918 0.026015
11.27339 78699 8.2748 0.029497
11.27507 78832 7.4488 0.026530
11.27676 78965 9.2951 0.033078
11.27846 79099 7.2441 0.025757
11.28014 79232 7.8076 0.027738
11.28183 79366 8.1763 0.029023
11.28351 79500 6.5913 0.023377
11.28520 79634 7.7694 0.027532
11.28689 79769 7.5249 0.026643
11.28857 79903 6.7714 0.023955
11.29026 80038 7.1045 0.025112
11.29194 80173 7.3120 0.025824
11.29364 80309 7.4797 0.026394
11.29532 80444 7.3486 0.025909
11.29701 80580 7.0912 0.024981
11.29869 80716 7.2979 0.025687
11.30038 80852 5.8032 0.020409
11.30207 80989 4.9703 0.017465
11.30376 81126 3.8328 0.013457
11.30543 81262 5.7345 0.020117
11.30713 81400 5.3432 0.018728
11.30881 81537 6.2539 0.021901
11.31050 81675 6.8662 0.024025
11.31219 81813 6.4932 0.022701
11.31388 81951 7.7296 0.027001
11.31556 82089 8.2113 0.028660
11.31725 82228 6.7925 0.023688
11.31894 82367 5.9117 0.020598
11.32063 82506 6.7225 0.023404
11.32231 82645 8.1796 0.028453
11.32399 82784 7.9229 0.027537
11.32568 82924 7.6056 0.026411
11.32737 83064 5.7447 0.019933
11.32905 83204 6.9080 0.023949
11.33074 83345 7.8852 0.027313
11.33243 83486 6.8290 0.023635
11.33412 83627 8.0385 0.027797
11.33581 83768 9.6690 0.033407
11.33749 83909 9.9572 0.034374
11.33918 84051 8.6070 0.029688
11.34087 84193 9.2978 0.032044
11.34255 84335 8.4183 0.028988
11.34423 84477 8.4412 0.029042
11.34593 84620 6.9584 0.023921
11.34761 84763 6.1170 0.021011
11.34930 84906 6.1451 0.021089
11.35098 85049 5.8696 0.020127
11.35267 85193 5.8577 0.020069
11.35436 85337 6.9941 0.023942
11.35605 85481 7.4926 0.025627
11.35773 85625 5.8312 0.019928
11.35942 85770 7.0418 0.024045
11.36110 85914 6.5580 0.022374
11.36279 86059 6.8175 0.023240
11.36448 86205 6.4899 0.022104
11.36616 86350 6.4162 0.021835
11.36785 86496 7.2482 0.024645
11.36954 86642 7.3933 0.025117
11.37122 86788 8.1971 0.027825
11.37292 86935 8.4320 0.028598
11.37461 87082 8.8546 0.030006
11.37629 87229 8.7721 0.029701
11.37798 87376 7.7448 0.026201
11.37966 87523 8.5611 0.028938
11.38135 87671 7.1687 0.024211
11.38303 87819 6.9183 0.023346
11.38473 87968 7.8332 0.026410
11.38641 88116 7.2884 0.024553
11.38810 88265 6.5815 0.022153
11.38979 88414 7.9920 0.026878
11.39147 88563 9.7839 0.032877
11.39316 88713 7.7497 0.026019
11.39484 88862 8.0589 0.027034
11.39653 89012 5.8144 0.019488
11.39822 89163 5.8567 0.019614
11.39990 89313 6.2230 0.020823
11.40159 89464 5.4293 0.018152
11.40328 89615 5.4115 0.018077
11.40496 89766 5.6190 0.018754
11.40665 89918 5.7197 0.019074
11.40834 90070 6.0713 0.020230
11.41003 90222 6.1756 0.020560
11.41171 90374 4.6636 0.015513
11.41340 90527 3.2310 0.010738
11.41509 90680 5.1110 0.016973
11.41678 90833 5.7440 0.019059
11.41846 90986 8.0151 0.026572
11.42015 91140 8.8985 0.029476
11.42183 91293 8.0910 0.026778
11.42353 91448 5.1465 0.017019
11.42521 91602 6.6934 0.022115
11.42690 91757 6.0778 0.020064
11.42859 91912 4.8037 0.015845
11.43027 92067 5.4335 0.017907
11.43195 92222 4.3718 0.014396
11.43364 92378 3.8858 0.012785
11.43533 92534 4.6862 0.015405
11.43702 92690 3.4051 0.011184
11.43871 92847 3.8434 0.012613
11.44039 93003 3.5673 0.011697
11.44207 93160 2.9520 0.009672
11.44377 93318 1.4397 0.004713
11.44545 93475 0.2547 0.000833
11.44714 93633 0.0574 0.000187
11.44882 93791 0.4459 0.001456
11.45051 93949 0.8536 0.002785
11.45220 94108 1.2556 0.004093
11.45389 94267 0.7979 0.002599
11.45557 94426 1.4524 0.004727
11.45725 94585 1.5991 0.005199
11.45894 94745 2.3264 0.007558
11.46063 94905 1.6346 0.005306
11.46232 95065 3.3835 0.010974
11.46401 95226 2.3739 0.007693
11.46570 95387 2.0861 0.006754
11.46738 95548 1.3286 0.004298
11.46907 95709 1.7019 0.005501
11.47075 95870 1.1028 0.003562
11.47244 96032 1.2414 0.004006
11.47412 96194 0.2569 0.000828
11.47582 96357 1.1896 0.003832
11.47751 96520 0.1425 0.000459
11.47919 96683 -0.9438 -0.003035
11.48088 96846 1.7272 0.005550
11.48256 97009 1.5357 0.004931
11.48425 97173 1.4858 0.004767
11.48593 97337 2.5307 0.008111
11.48762 97501 1.6548 0.005300
11.48931 97666 1.3498 0.004319
11.49100 97831 0.0401 0.000128
11.49268 97996 1.1982 0.003827
11.49437 98162 -0.3252 -0.001038
11.49605 98327 -1.0324 -0.003292
11.49774 98493 -0.2809 -0.000895
11.49943 98660 -1.9446 -0.006191
11.50112 98826 -2.5159 -0.008003
11.50280 98993 -0.7190 -0.002285
11.50449 99160 -1.1025 -0.003501
11.50618 99328 1.0476 0.003324
11.50786 99495 3.9227 0.012436
11.50955 99663 3.2858 0.010408
11.51123 99831 6.1787 0.019555
11.51293 100000 6.2682 0.019822
11.51461 100169 4.5816 0.014476
11.51630 100338 3.3345 0.010527
11.51798 100507 4.2470 0.013396
11.51967 100677 6.9569 0.021926
11.52136 100847 6.0890 0.019174
11.52304 101017 6.3948 0.020120
11.52474 101188 8.6317 0.027135
11.52642 101359 8.2868 0.026029
11.52811 101530 10.5410 0.033082
11.52979 101701 13.2897 0.041673
11.53148 101873 13.3645 0.041872
11.53317 102045 14.5102 0.045423
11.53485 102217 13.2735 0.041517
11.53654 102390 13.5765 0.042429
11.53823 102563 14.2745 0.044572
11.53992 102736 13.6550 0.042602
11.54160 102909 13.8062 0.043038
11.54329 103083 13.4887 0.042012
11.54498 103257 12.0720 0.037568
11.54666 103431 12.3863 0.038514
11.54835 103606 11.7829 0.036607
11.55004 103781 10.8558 0.033698
11.55172 103956 10.5542 0.032734
11.55341 104132 9.3218 0.028887
11.55509 104307 8.1158 0.025129
11.55678 104483 9.9039 0.030640
11.55847 104660 10.1623 0.031412
11.56016 104837 13.8459 0.042762
11.56185 105014 14.8996 0.045978
11.56353 105191 14.2407 0.043908
11.56521 105368 16.2617 0.050097
11.56690 105546 16.8354 0.051821
11.56860 105725 15.0382 0.046249
11.57028 105903 13.9529 0.042876
11.57197 106082 13.8456 0.042510
11.57365 106261 14.2877 0.043830
11.57534 106440 14.8047 0.045378
11.57703 106620 14.7360 0.045129
11.57871 106800 13.9807 0.042780
11.58040 106980 15.7478 0.048147
11.58209 107161 16.3845 0.050051
11.58378 107342 16.6166 0.050717
11.58546 107523 16.1771 0.049334
11.58715 107705 14.8101 0.045127
11.58883 107886 13.2247 0.040263
11.59053 108069 14.7263 0.044797
11.59221 108251 15.5964 0.047403
11.59390 108434 14.5644 0.044229
11.59558 108617 15.5667 0.047233
11.59727 108800 14.7038 0.044577
11.59896 108984 14.7051 0.044544
11.60064 109168 13.7955 0.041753
11.60233 109352 11.0386 0.033381
11.60402 109537 9.5677 0.028909
11.60571 109722 5.9429 0.017941
11.60739 109907 6.5021 0.019613
11.60908 110093 6.2269 0.018767
11.61076 110278 7.1446 0.021515
11.61245 110465 6.9634 0.020951
11.61414 110651 5.5385 0.016650
11.61582 110838 4.4228 0.013285
11.61751 111025 7.7088 0.023135
11.61920 111213 8.2350 0.024694
11.62088 111400 9.0613 0.027149
11.62257 111588 9.3004 0.027842
11.62426 111777 9.7210 0.029076
11.62595 111966 9.5525 0.028548
11.62764 112155 9.5987 0.028662
11.62932 112344 8.8604 0.026435
11.63101 112534 8.5810 0.025580
11.63270 112724 9.2689 0.027607
11.63438 112914 7.9473 0.023651
11.63606 113104 8.2644 0.024574
11.63775 113295 5.4853 0.016296
11.63944 113487 6.4326 0.019095
11.64113 113678 5.3998 0.016016
11.64281 113870 6.8165 0.020200
11.64450 114062 6.5427 0.019373
11.64619 114255 5.2560 0.015550
11.64788 114448 7.4858 0.022128
11.64956 114641 6.5533 0.019355
11.65125 114835 6.9348 0.020464
11.65294 115029 8.0076 0.023610
11.65462 115223 9.8894 0.029134
11.65631 115417 11.5734 0.034066
11.65800 115612 10.6228 0.031242
11.65968 115807 10.3749 0.030487
11.66137 116003 7.1982 0.021134
11.66306 116199 7.7636 0.022775
11.66474 116395 7.0431 0.020644
11.66643 116591 8.7657 0.025672
11.66812 116788 8.0805 0.023645
11.66980 116985 8.7342 0.025536
11.67149 117183 7.3031 0.021334
11.67318 117381 6.9864 0.020392
11.67487 117579 5.7234 0.016691
11.67655 117777 3.9785 0.011593
11.67824 117976 4.7829 0.013925
11.67993 118176 5.2589 0.015298
11.68161 118375 4.7091 0.013687
11.68330 118575 6.5311 0.018966
11.68499 118775 4.5922 0.013325
11.68668 118976 3.0498 0.008842
11.68836 119176 2.8461 0.008244
11.69005 119378 2.6099 0.007554
11.69173 119579 3.7980 0.010983
11.69342 119781 4.0739 0.011771
11.69511 119983 2.7739 0.008008
11.69680 120186 2.8557 0.008237
11.69848 120389 0.2871 0.000828
11.70017 120592 2.1557 0.006208
11.70186 120796 0.6506 0.001872
11.70355 121000 1.1314 0.003252
11.70523 121204 0.8311 0.002387
11.70691 121408 0.0311 0.000089
11.70860 121613 -3.1978 -0.009170
11.71029 121819 -2.3814 -0.006823
11.71197 122024 -2.7984 -0.008011
11.71366 122230 -1.9442 -0.005561
11.71535 122437 -1.3946 -0.003986
11.71704 122644 -1.8237 -0.005207
11.71873 122851 -1.7788 -0.005075
11.72041 123058 -2.4145 -0.006883
11.72210 123266 -0.6688 -0.001905
11.72379 123474 -1.6136 -0.004592
11.72547 123682 -1.6981 -0.004829
11.72716 123891 0.1839 0.000522
11.72884 124100 -2.1252 -0.006033
11.73053 124310 -4.8862 -0.013859
11.73222 124520 -4.6098 -0.013063
11.73391 124730 -5.0608 -0.014330
11.73560 124941 -5.6778 -0.016063
11.73728 125151 -6.5198 -0.018430
11.73897 125363 -6.8694 -0.019401
11.74065 125574 -7.0568 -0.019914
11.74234 125786 -6.4324 -0.018137
11.74403 125999 -6.5324 -0.018403
11.74571 126211 -6.3879 -0.017981
11.74740 126425 -7.0721 -0.019890
11.74909 126638 -6.4475 -0.018118
11.75078 126852 -9.1421 -0.025668
11.75246 127066 -6.8230 -0.019141
11.75415 127281 -6.1009 -0.017101
11.75583 127495 -3.0534 -0.008551
11.75753 127711 -2.0771 -0.005812
11.75921 127926 -1.9767 -0.005527
11.76089 128142 -1.3083 -0.003655
11.76259 128359 0.1512 0.000422
11.76427 128575 1.7170 0.004788
11.76595 128792 2.6073 0.007265
11.76765 129010 3.4117 0.009499
11.76933 129228 3.4352 0.009556
11.77102 129446 4.7658 0.013246
11.77270 129664 6.2091 0.017243
11.77439 129883 4.1478 0.011509
11.77608 130103 3.1272 0.008670
11.77776 130322 2.0306 0.005625
11.77945 130542 4.4244 0.012246
11.78114 130763 2.9824 0.008247
11.78282 130983 4.9640 0.013716
11.78451 131204 5.5666 0.015368
11.78620 131426 5.6037 0.015457
11.78789 131648 5.6541 0.015583
11.78957 131870 7.9638 0.021930
11.79126 132093 5.7515 0.015825
11.79295 132316 7.1773 0.019731
11.79463 132539 8.2019 0.022529
11.79632 132763 7.8896 0.021653
11.79801 132987 6.4898 0.017796
11.79970 133212 7.6705 0.021016
11.80138 133437 5.4739 0.014985
11.80307 133662 4.1579 0.011373
11.80475 133887 1.9856 0.005426
11.80645 134114 2.0009 0.005464
11.80813 134340 2.7582 0.007525
11.80982 134567 4.2722 0.011646
11.81150 134794 3.5967 0.009796
11.81319 135022 3.8559 0.010494
11.81487 135249 4.9997 0.013595
11.81656 135478 4.7182 0.012819
11.81825 135707 3.5310 0.009585
11.81994 135936 1.8889 0.005123
11.82162 136165 3.9141 0.010607
11.82331 136395 4.6460 0.012580
11.82500 136625 4.8494 0.013120
11.82668 136856 2.5222 0.006818
11.82837 137087 3.7621 0.010161
11.83005 137318 2.7727 0.007482
11.83174 137550 3.0027 0.008096
11.83344 137783 1.9911 0.005364
11.83512 138015 3.5067 0.009439
11.83680 138248 3.7593 0.010111
11.83850 138482 4.4124 0.011857
11.84018 138715 4.9752 0.013358
11.84187 138950 5.3431 0.014334
11.84355 139184 4.6366 0.012428
11.84524 139419 3.9252 0.010512
11.84693 139655 3.7104 0.009929
11.84861 139890 4.3388 0.011600
11.85030 140126 4.0890 0.010923
11.85199 140363 5.6329 0.015035
11.85367 140600 6.2083 0.016557
11.85536 140837 8.2010 0.021853
11.85705 141075 9.2040 0.024505
11.85873 141313 8.3937 0.022329
11.86042 141552 7.3155 0.019444
11.86211 141791 7.3679 0.019567
11.86379 142030 6.7525 0.017917
11.86548 142270 6.5386 0.017335
11.86717 142510 7.2916 0.019315
11.86886 142751 8.0844 0.021397
11.87054 142992 10.0813 0.026660
11.87223 143233 8.7527 0.023127
11.87392 143475 8.9607 0.023657
11.87560 143717 11.8886 0.031360
11.87729 143960 10.9799 0.028939
11.87898 144203 12.8932 0.033953
11.88066 144446 11.9629 0.031476
11.88235 144690 11.6247 0.030561
11.88404 144935 12.4883 0.032803
11.88572 145179 12.3423 0.032392
11.88741 145424 13.6237 0.035725
11.88910 145670 13.9169 0.036463
11.89079 145916 15.0136 0.039304
11.89247 146162 13.2752 0.034724
11.89416 146409 13.0587 0.034129
11.89584 146656 10.1406 0.026480
11.89753 146904 13.5784 0.035427
11.89922 147152 11.4968 0.029971
11.90091 147400 12.7504 0.033211
11.90259 147649 10.1451 0.026402
11.90428 147898 10.4864 0.027267
11.90597 148148 11.0906 0.028814
11.90765 148398 9.0264 0.023432
11.90934 148649 8.2617 0.021428
11.91103 148900 7.6551 0.019838
11.91271 149151 8.5183 0.022057
11.91440 149403 8.5236 0.022052
11.91609 149655 11.0221 0.028492
11.91778 149908 11.3565 0.029331
11.91946 150161 9.3726 0.024187
11.92115 150414 10.4590 0.026968
11.92283 150668 11.3832 0.029326
11.92453 150923 10.6697 0.027465
11.92621 151178 10.9491 0.028160
11.92790 151433 12.0892 0.031066
11.92958 151688 11.2590 0.028908
11.93127 151944 10.5627 0.027098
11.93296 152201 9.3308 0.023917
11.93464 152458 9.1333 0.023391
11.93633 152715 5.8961 0.015088
11.93802 152973 5.9636 0.015248
11.93970 153231 7.1592 0.018289
11.94139 153490 6.8866 0.017578
11.94308 153749 5.9679 0.015220
11.94477 154009 7.6434 0.019477
11.94645 154269 6.5166 0.016591
11.94814 154529 5.6646 0.014410
11.94982 154790 6.5873 0.016743
11.95152 155052 6.1932 0.015728
11.95320 155313 4.5164 0.011460
11.95489 155576 2.1280 0.005395
11.95657 155838 2.0059 0.005081
11.95826 156101 4.5655 0.011555
11.95995 156365 5.3293 0.013477
11.96164 156629 5.1069 0.012904
11.96332 156893 5.1231 0.012934
11.96501 157158 3.9851 0.010052
11.96670 157424 1.8287 0.004609
11.96838 157689 2.4207 0.006096
11.97007 157956 2.7635 0.006953
11.97175 158222 3.1261 0.007859
11.97344 158489 1.8890 0.004745
11.97513 158757 -0.4028 -0.001011
11.97682 159025 -1.4485 -0.003632
11.97850 159293 1.0789 0.002703
11.98019 159562 2.7916 0.006988
11.98188 159832 1.3335 0.003336
11.98357 160102 -0.6475 -0.001618
11.98525 160372 -1.6674 -0.004164
11.98694 160643 -2.8250 -0.007048
11.98863 160914 -1.7935 -0.004471
11.99031 161186 -2.1279 -0.005300
11.99200 161458 -3.4683 -0.008631
11.99368 161730 -3.2239 -0.008017
11.99537 162003 -1.7769 -0.004415
11.99706 162277 -0.8573 -0.002128
11.99875 162551 -2.3419 -0.005809
12.00043 162825 -2.2296 -0.005525
12.00212 163100 1.1410 0.002825
12.00380 163375 0.3706 0.000917
12.00549 163651 -2.1435 -0.005299
12.00718 163928 0.7224 0.001784
12.00886 164204 0.9052 0.002234
12.01056 164482 0.5649 0.001393
12.01224 164759 0.4962 0.001223
12.01392 165037 0.8178 0.002013
12.01561 165316 0.2839 0.000698
12.01730 165595 2.6752 0.006574
12.01899 165875 0.9594 0.002356
12.02068 166155 1.5619 0.003832
12.02236 166435 -0.4374 -0.001072
12.02405 166716 -0.9435 -0.002311
12.02574 166998 -0.1478 -0.000362
12.02742 167280 -0.0818 -0.000200
12.02911 167562 2.8157 0.006879
12.03080 167845 4.1500 0.010130
12.03248 168128 3.3927 0.008274
12.03417 168412 2.3113 0.005632
12.03586 168697 1.4826 0.003610
12.03754 168981 1.2045 0.002930
12.03923 169267 1.4928 0.003628
12.04091 169552 -1.8493 -0.004491
12.04261 169839 -0.2671 -0.000648
12.04429 170125 -1.2729 -0.003086
12.04598 170413 0.6846 0.001658
12.04766 170700 2.1141 0.005117
12.04935 170989 5.3766 0.013003
12.05104 171277 5.0618 0.012231
12.05272 171566 4.9283 0.011898
12.05441 171856 3.0679 0.007400
12.05610 172146 6.6452 0.016016
12.05779 172437 10.0007 0.024083
12.05947 172728 9.7333 0.023420
12.06116 173020 11.8778 0.028555
12.06285 173312 11.3634 0.027296
12.06453 173604 11.9597 0.028704
12.06622 173897 12.1609 0.029162
12.06791 174191 10.2628 0.024590
12.06959 174485 12.7500 0.030523
12.07128 174780 11.2703 0.026958
12.07297 175075 11.8636 0.028353
12.07465 175370 12.5731 0.030024
12.07634 175666 10.5815 0.025247
12.07803 175963 10.8995 0.025983
12.07972 176260 6.7227 0.016013
12.08140 176558 6.2300 0.014827
12.08309 176856 5.6126 0.013346
12.08477 177154 5.7948 0.013768
12.08646 177453 6.5040 0.015440
12.08815 177753 5.6806 0.013474
12.08984 178053 4.9692 0.011776
12.09153 178354 6.1581 0.014582
12.09321 178655 8.4922 0.020091
12.09490 178956 7.0124 0.016576
12.09659 179259 7.2590 0.017145
12.09827 179561 9.9330 0.023441
12.09996 179864 10.0069 0.023595
12.10165 180168 8.6616 0.020406
12.10333 180472 7.2818 0.017141
12.10502 180777 7.0741 0.016638
12.10671 181082 9.7245 0.022852
12.10839 181388 8.6818 0.020385
12.11008 181694 11.2937 0.026495
12.11177 182001 10.9946 0.025772
12.11345 182308 11.5112 0.026960
12.11514 182616 9.3923 0.021979
12.11683 182924 9.9577 0.023282
12.11851 183233 8.3624 0.019536
12.12020 183542 7.9914 0.018653
12.12189 183852 9.4086 0.021943
12.12358 184163 7.8520 0.018297
12.12526 184474 10.8042 0.025155
12.12695 184785 10.7351 0.024973
12.12864 185097 12.5058 0.029068
12.13032 185409 12.4546 0.028924
12.13201 185722 11.2716 0.026155
12.13370 186036 9.4700 0.021956
12.13538 186350 10.2150 0.023663
12.13707 186665 10.6086 0.024554
12.13876 186980 12.5494 0.029022
12.14045 187296 12.1470 0.028068
12.14213 187612 12.5687 0.029018
12.14382 187929 10.5380 0.024309
12.14550 188246 12.6949 0.029260
12.14719 188564 15.0884 0.034747
12.14888 188882 16.1934 0.037260
12.15057 189201 16.0295 0.036852
12.15225 189520 16.9459 0.038926
12.15394 189840 19.5794 0.044937
12.15563 190161 16.6879 0.038268
12.15731 190482 16.5479 0.037915
12.15900 190803 17.5630 0.040208
12.16069 191126 17.2234 0.039397
12.16237 191448 16.1566 0.036925
12.16406 191771 15.8803 0.036263
12.16575 192095 17.0726 0.038953
12.16744 192420 15.4018 0.035111
12.16912 192744 17.9602 0.040909
12.17081 193070 20.0853 0.045711
12.17250 193396 20.4770 0.046563
12.17418 193722 21.8493 0.049642
12.17587 194049 20.1435 0.045728
12.17755 194377 23.4079 0.053093
12.17924 194705 25.6163 0.058053
12.18093 195034 24.4347 0.055329
12.18261 195363 21.5750 0.048812
12.18430 195693 21.0903 0.047675
12.18599 196023 19.8263 0.044780
12.18767 196354 20.4132 0.046067
12.18936 196686 19.7021 0.044425
12.19105 197018 19.6064 0.044172
12.19273 197350 15.7157 0.035377
12.19443 197684 16.3129 0.036690
12.19611 198017 16.0588 0.036088
12.19780 198352 17.6364 0.039600
12.19949 198687 20.2312 0.045387
12.20117 199022 19.9211 0.044654
12.20286 199358 20.3147 0.045498
12.20455 199695 19.0025 0.042523
12.20623 200032 19.0751 0.042650
12.20792 200369 20.4545 0.045695
12.20961 200708 17.9773 0.040127
12.21129 201047 18.4121 0.041063
12.21298 201386 16.1895 0.036076
12.21467 201726 21.9720 0.048920
12.21635 202067 22.3414 0.049701
12.21804 202408 21.8792 0.048631
12.21972 202749 21.5091 0.047769
12.22141 203092 25.0311 0.055544
12.22310 203435 26.7800 0.059374
12.22479 203778 26.3498 0.058371
12.22647 204122 25.3871 0.056191
12.22816 204467 25.8686 0.057209
12.22985 204812 25.4859 0.056315
12.23154 205158 24.6242 0.054365
12.23322 205504 26.2249 0.057850
12.23491 205851 29.4475 0.064904
12.23660 206199 29.6724 0.065345
12.23828 206547 32.3004 0.071072
12.23997 206895 30.7015 0.067497
12.24166 207245 32.6098 0.071632
12.24334 207595 31.8146 0.069826
12.24503 207945 32.9192 0.072190
12.24672 208296 30.5398 0.066915
12.24840 208648 31.1201 0.068129
12.25009 209000 30.1497 0.065949
12.25178 209353 29.8747 0.065293
12.25346 209706 31.3843 0.068534
12.25515 210060 31.9731 0.069761
12.25684 210415 32.2412 0.070287
12.25852 210770 31.1077 0.067758
12.26021 211126 31.6516 0.068885
12.26190 211483 29.7179 0.064622
12.26359 211840 33.5366 0.072864
12.26527 212197 33.8740 0.073535
12.26696 212556 32.6231 0.070760
12.26864 212914 32.8955 0.071291
12.27033 213274 34.7288 0.075201
12.27202 213634 34.0383 0.073643
12.27371 213995 32.2112 0.069631
12.27539 214356 32.6181 0.070452
12.27708 214718 34.8433 0.075194
12.27877 215080 34.1047 0.073538
12.28045 215443 33.5363 0.072252
12.28214 215807 32.5413 0.070049
12.28383 216172 32.9271 0.070820
12.28552 216537 30.4009 0.065331
12.28720 216902 29.1080 0.062500
12.28889 217268 27.3097 0.058589
12.29057 217635 26.2460 0.056260
12.29226 218003 25.8814 0.055432
12.29395 218371 26.2636 0.056203
12.29563 218739 28.7157 0.061398
12.29732 219109 27.4927 0.058734
12.29901 219478 26.9661 0.057560
12.30070 219849 26.7863 0.057128
12.30238 220220 24.8331 0.052918
12.30407 220592 24.1723 0.051466
12.30576 220964 23.1564 0.049262
12.30744 221337 24.9838 0.053105
12.30913 221711 26.0185 0.055257
12.31082 222085 26.2641 0.055732
12.31250 222460 29.1268 0.061754
12.31419 222836 29.6471 0.062804
12.31588 223212 31.4826 0.066637
12.31756 223589 33.2271 0.070270
12.31925 223967 31.6098 0.066793
12.32094 224345 31.9319 0.067417
12.32262 224723 29.6144 0.062471
12.32431 225103 30.5879 0.064470
12.32600 225483 30.8943 0.065061
12.32769 225864 30.8204 0.064851
12.32937 226245 29.0453 0.061064
12.33106 226627 29.8687 0.062742
12.33274 227009 29.3386 0.061577
12.33444 227393 30.5436 0.064052
12.33612 227777 28.9520 0.060663
12.33781 228161 26.4980 0.055474
12.33949 228546 23.6751 0.049523
12.34118 228932 23.5565 0.049233
12.34287 229319 25.5092 0.053269
12.34456 229706 25.2533 0.052691
12.34624 230094 22.2298 0.046343
12.34793 230482 24.4140 0.050853
12.34961 230871 28.4692 0.059250
12.35130 231261 29.2518 0.060828
12.35299 231652 23.6808 0.049201
12.35468 232043 20.4850 0.042526
12.35636 232434 21.4857 0.044566
12.35805 232827 22.2050 0.046019
12.35974 233220 23.0903 0.047813
12.36143 233614 22.2746 0.046085
12.36311 234008 23.2567 0.048076
12.36480 234403 23.8187 0.049197
12.36649 234799 22.2488 0.045915
12.36817 235195 23.9752 0.049436
12.36986 235592 23.0911 0.047573
12.37154 235990 20.7927 0.042802
12.37323 236389 22.6060 0.046495
12.37492 236788 24.4232 0.050191
12.37660 237187 24.0005 0.049281
12.37829 237588 26.0700 0.053485
12.37998 237989 26.4227 0.054163
12.38167 238391 27.1003 0.055505
12.38335 238793 26.8840 0.055015
12.38504 239196 25.1700 0.051464
12.38673 239600 22.8659 0.046714
12.38842 240005 21.2723 0.043421
12.39010 240410 20.9755 0.042779
12.39179 240816 22.1689 0.045175
12.39347 241222 20.6202 0.041984
12.39516 241630 22.5035 0.045780
12.39685 242038 23.4900 0.047747
12.39853 242446 24.7248 0.050214
12.40022 242856 22.2107 0.045070
12.40191 243266 18.8330 0.038184
12.40359 243676 18.8140 0.038113
12.40528 244088 18.9437 0.038343
12.40697 244500 21.8846 0.044259
12.40866 244913 23.4437 0.047372
12.41034 245326 18.4401 0.037230
12.41203 245740 18.7823 0.037889
12.41372 246155 18.4214 0.037129
12.41541 246571 21.2506 0.042796
12.41709 246987 21.5315 0.043325
12.41878 247404 22.5470 0.045330
12.42047 247822 23.8213 0.047851
12.42215 248240 22.5296 0.045219
12.42384 248659 23.4087 0.046943
12.42553 249079 25.3935 0.050881
12.42721 249499 26.1989 0.052450
12.42890 249921 27.2517 0.054512
12.43059 250343 26.2766 0.052517
12.43227 250765 24.6857 0.049296
12.43396 251189 22.9527 0.045797
12.43565 251613 21.1203 0.042105
12.43734 252038 19.5671 0.038976
12.43902 252463 18.6796 0.037177
12.44071 252889 22.1380 0.044022
12.44239 253316 24.7072 0.049090
12.44408 253744 22.4036 0.044475
12.44577 254172 20.1482 0.039964
12.44745 254601 23.9235 0.047413
12.44914 255031 24.2827 0.048084
12.45083 255462 21.1802 0.041905
12.45251 255893 18.9397 0.037441
12.45420 256325 16.5402 0.032670
12.45589 256758 16.4768 0.032517
12.45757 257191 15.6116 0.030784
12.45926 257626 15.9053 0.031336
12.46095 258061 13.8564 0.027276
12.46264 258496 12.0410 0.023683
12.46432 258933 12.9696 0.025488
12.46601 259370 13.0444 0.025613
12.46770 259808 11.7812 0.023113
12.46938 260246 9.5358 0.018692
12.47107 260686 9.5048 0.018616
12.47276 261126 9.7067 0.018995
12.47445 261567 9.7006 0.018967
12.47613 262008 9.6470 0.018847
12.47782 262451 9.8463 0.019220
12.47951 262894 8.7235 0.017014
12.48119 263338 5.7448 0.011195
12.48288 263782 6.4650 0.012588
12.48457 264228 7.7887 0.015152
12.48625 264674 4.6460 0.009031
12.48794 265120 3.7905 0.007362
12.48963 265568 1.2692 0.002463
12.49131 266016 3.1236 0.006056
12.49300 266466 1.8687 0.003620
12.49469 266915 2.3446 0.004538
12.49637 267366 2.7901 0.005396
12.49806 267817 1.4304 0.002764
12.49975 268270 -0.0379 -0.000073
12.50143 268722 -0.6885 -0.001328
12.50312 269176 0.5131 0.000989
12.50481 269631 -0.8323 -0.001603
12.50650 270086 -0.3301 -0.000635
12.50818 270542 1.0166 0.001954
12.50987 270999 0.2963 0.000569
12.51156 271456 -0.5994 -0.001150
12.51324 271914 -1.2466 -0.002391
12.51493 272373 -1.7991 -0.003447
12.51662 272833 -2.6185 -0.005013
12.51830 273294 -3.8881 -0.007437
12.51999 273755 -4.5080 -0.008616
12.52168 274218 -4.9556 -0.009463
12.52337 274681 -6.2659 -0.011956
12.52505 275144 -6.2772 -0.011967
12.52674 275609 -4.3894 -0.008361
12.52842 276074 -6.7515 -0.012850
12.53011 276540 -5.5576 -0.010568
12.53180 277007 -3.3541 -0.006373
12.53349 277475 -1.6700 -0.003170
12.53517 277943 -4.5929 -0.008712
12.53686 278412 -3.3850 -0.006415
12.53854 278882 -5.5341 -0.010479
12.54023 279353 -5.3549 -0.010132
12.54192 279825 -5.3913 -0.010192
12.54361 280297 -4.0908 -0.007727
12.54529 280771 -3.4242 -0.006462
12.54698 281245 -4.2492 -0.008013
12.54867 281719 -9.0613 -0.017072
12.55035 282195 -13.5989 -0.025599
12.55204 282672 -10.7934 -0.020301
12.55373 283149 -12.8034 -0.024061
12.55542 283627 -10.9974 -0.020650
12.55710 284106 -9.6734 -0.018148
12.55879 284585 -3.0319 -0.005683
12.56048 285066 -5.1026 -0.009557
12.56216 285547 -9.0338 -0.016906
12.56385 286029 -7.4242 -0.013882
12.56554 286512 -6.7009 -0.012519
12.56722 286996 -6.2615 -0.011688
12.56891 287480 -6.9609 -0.012983
12.57060 287966 -4.9836 -0.009287
12.57228 288452 -6.5814 -0.012254
12.57397 288939 -3.1109 -0.005787
12.57566 289427 -3.6180 -0.006725
12.57734 289915 -4.1374 -0.007684
12.57903 290405 0.7821 0.001451
12.58072 290895 2.3449 0.004348
12.58240 291386 1.2290 0.002277
12.58409 291878 5.9153 0.010949
12.58578 292371 8.4011 0.015537
12.58746 292864 6.1925 0.011443
12.58915 293359 4.6393 0.008566
12.59084 293854 5.1729 0.009543
12.59252 294350 6.1017 0.011247
12.59421 294847 6.1710 0.011365
12.59590 295345 5.1880 0.009546
12.59759 295844 6.5320 0.012009
12.59927 296343 3.4832 0.006399
12.60096 296843 6.4165 0.011777
12.60265 297345 6.3390 0.011625
12.60434 297847 6.5763 0.012050
12.60602 298349 5.9663 0.010923
12.60771 298853 3.7789 0.006912
12.60940 299358 2.7295 0.004989
12.61108 299863 -2.7207 -0.004968
12.61277 300369 -2.0571 -0.003753
12.61446 300877 1.2616 0.002300
12.61614 301384 1.9351 0.003525
12.61783 301893 -1.6943 -0.003084
12.61952 302403 -2.4459 -0.004448
12.62120 302914 -5.2203 -0.009485
12.62289 303425 -7.4171 -0.013465
12.62458 303937 -7.0507 -0.012789
12.62626 304450 -4.9544 -0.008979
12.62795 304964 -6.1019 -0.011049
12.62964 305479 -7.5852 -0.013724
12.63132 305995 -6.4290 -0.011622
12.63301 306512 -6.1325 -0.011077
12.63470 307029 -6.8728 -0.012403
12.63638 307547 -5.7842 -0.010430
12.63807 308067 -3.6280 -0.006536
12.63976 308587 -5.3787 -0.009683
12.64145 309108 -5.4713 -0.009841
12.64313 309630 -6.4272 -0.011550
12.64482 310152 -6.0024 -0.010778
12.64651 310676 -8.0955 -0.014524
12.64819 311201 -4.8737 -0.008737
12.64988 311726 -7.4329 -0.013313
12.65157 312252 -3.3308 -0.005961
12.65325 312779 -4.0606 -0.007261
12.65494 313307 -5.0515 -0.009025
12.65663 313836 -11.9250 -0.021287
12.65831 314366 -12.1520 -0.021673
12.66000 314897 -10.5633 -0.018824
12.66169 315429 -6.7584 -0.012034
12.66337 315961 -9.5822 -0.017047
12.66506 316495 -10.4509 -0.018577
12.66675 317029 -7.9830 -0.014178
12.66843 317564 -8.7812 -0.015583
12.67012 318100 -6.8102 -0.012075
12.67181 318637 -7.8194 -0.013852
12.67349 319175 -5.6975 -0.010085
12.67518 319714 -9.6326 -0.017036
12.67687 320254 -9.1612 -0.016188
12.67856 320795 -8.3575 -0.014756
12.68024 321336 -8.2050 -0.014474
12.68193 321879 -5.5554 -0.009792
12.68362 322422 -3.8174 -0.006723
12.68531 322967 -7.4467 -0.013103
12.68699 323512 -7.0958 -0.012475
12.68868 324058 -9.6745 -0.016995
12.69036 324605 -9.2147 -0.016173
12.69205 325153 -8.2411 -0.014452
12.69374 325702 -8.8391 -0.015488
12.69543 326252 -11.4851 -0.020107
12.69711 326803 -10.6462 -0.018623
12.69880 327354 -9.6830 -0.016924
12.70049 327907 -9.7819 -0.017082
12.70217 328461 -9.5071 -0.016589
12.70386 329015 -10.9251 -0.019047
12.70555 329571 -15.4427 -0.026900
12.70723 330127 -15.2222 -0.026493
12.70892 330685 -13.8599 -0.024102
12.71061 331243 -18.3098 -0.031813
12.71229 331802 -15.1532 -0.026307
12.71398 332362 -13.3718 -0.023195
12.71567 332923 -15.2764 -0.026476
12.71735 333485 -17.7332 -0.030708
12.71904 334048 -19.7943 -0.034248
12.72073 334612 -16.1697 -0.027953
12.72241 335177 -16.6705 -0.028795
12.72410 335743 -17.5177 -0.030232
12.72579 336310 -19.5123 -0.033646
12.72748 336878 -17.9909 -0.030997
12.72916 337447 -14.3908 -0.024773
12.73085 338016 -11.7399 -0.020193
12.73254 338587 -11.1705 -0.019197
12.73422 339159 -8.8541 -0.015204
12.73591 339731 -11.6799 -0.020039
12.73760 340305 -12.7113 -0.021790
12.73928 340879 -13.1852 -0.022583
12.74097 341455 -14.4537 -0.024735
12.74266 342031 -17.4639 -0.029861
12.74435 342609 -16.8561 -0.028798
12.74603 343187 -17.4821 -0.029842
12.74772 343767 -16.4894 -0.028124
12.74941 344347 -17.4385 -0.029717
12.75109 344928 -17.3297 -0.029507
12.75278 345511 -17.8200 -0.030316
12.75447 346094 -19.0671 -0.032411
12.75615 346678 -20.9991 -0.035665
12.75784 347264 -20.9601 -0.035568
12.75953 347850 -20.9437 -0.035511
12.76121 348437 -20.9340 -0.035464
12.76290 349025 -26.0314 -0.044063
12.76459 349615 -31.2845 -0.052910
12.76627 350205 -34.4329 -0.058185
12.76796 350796 -40.7787 -0.068850
12.76965 351389 -42.1709 -0.071141
12.77134 351982 -36.4379 -0.061418
12.77302 352576 -33.8229 -0.056962
12.77471 353171 -31.6732 -0.053297
12.77640 353768 -34.9041 -0.058684
12.77808 354365 -31.5054 -0.052925
12.77977 354963 -29.8743 -0.050143
12.78145 355562 -32.6038 -0.054678
12.78314 356163 -32.6013 -0.054627
12.78483 356764 -35.4423 -0.059338
12.78652 357366 -32.8453 -0.054943
12.78820 357970 -34.4452 -0.057571
12.78989 358574 -38.2250 -0.063835
12.79158 359179 -36.6314 -0.061122
12.79326 359786 -35.6971 -0.059513
12.79495 360393 -33.1959 -0.055296
12.79664 361002 -35.5117 -0.059104
12.79832 361611 -36.0132 -0.059888
12.80001 362222 -36.8605 -0.061246
12.80170 362833 -31.4945 -0.052285
12.80339 363446 -32.4909 -0.053894
12.80507 364059 -31.4798 -0.052173
12.80676 364674 -31.7482 -0.052573
12.80845 365290 -30.7530 -0.050883
12.81013 365906 -28.9475 -0.047855
12.81182 366524 -32.4738 -0.053639
12.81351 367143 -31.5021 -0.051990
12.81519 367763 -33.3719 -0.055030
12.81688 368384 -32.5935 -0.053701
12.81857 369006 -36.3513 -0.059842
12.82026 369629 -36.0738 -0.059335
12.82194 370253 -40.9139 -0.067239
12.82363 370878 -40.8553 -0.067086
12.82531 371504 -36.5854 -0.060024
12.82700 372131 -35.7772 -0.058649
12.82869 372759 -38.0755 -0.062364
12.83038 373389 -40.7140 -0.066629
12.83206 374019 -43.2300 -0.070687
12.83375 374651 -44.2003 -0.072212
12.83544 375283 -45.6602 -0.074535
12.83712 375917 -43.9218 -0.071636
12.83881 376551 -43.0684 -0.070185
12.84050 377187 -46.6421 -0.075945
12.84218 377824 -46.0038 -0.074843
12.84387 378462 -47.8515 -0.077783
12.84556 379101 -45.1504 -0.073330
12.84724 379741 -44.4698 -0.072164
12.84893 380382 -41.7803 -0.067743
12.85062 381024 -45.1359 -0.073122
12.85230 381667 -45.7073 -0.073985
12.85399 382312 -47.6870 -0.077124
12.85568 382957 -46.3241 -0.074857
12.85737 383604 -49.0595 -0.079210
12.85905 384251 -48.7158 -0.078589
12.86074 384900 -47.5177 -0.076592
12.86243 385550 -42.6538 -0.068694
12.86411 386201 -43.2095 -0.069530
12.86580 386853 -44.6981 -0.071865
12.86749 387506 -41.0747 -0.065984
12.86917 388160 -39.4742 -0.063359
12.87086 388816 -34.6519 -0.055572
12.87255 389472 -34.7810 -0.055732
12.87424 390130 -31.7849 -0.050888
12.87592 390788 -32.8241 -0.052508
12.87761 391448 -32.6202 -0.052137
12.87930 392109 -32.7449 -0.052293
12.88098 392771 -36.8924 -0.058866
12.88267 393434 -36.3162 -0.057898
12.88435 394098 -41.3130 -0.065809
12.88604 394764 -38.1846 -0.060774
12.88773 395430 -32.6572 -0.051933
12.88942 396098 -33.3058 -0.052920
12.89110 396766 -33.8194 -0.053691
12.89279 397436 -34.4457 -0.054639
12.89448 398107 -34.2743 -0.054321
12.89616 398779 -38.3024 -0.060654
12.89785 399453 -37.3416 -0.059083
12.89954 400127 -35.1863 -0.055626
12.90122 400802 -38.5439 -0.060882
12.90291 401479 -41.1410 -0.064930
12.90460 402157 -41.3378 -0.065185
12.90628 402836 -41.1504 -0.064835
12.90797 403516 -40.1211 -0.063160
12.90966 404197 -38.8561 -0.061117
12.91135 404880 -37.8698 -0.059515
12.91303 405563 -31.9207 -0.050124
12.91472 406248 -32.8994 -0.051617
12.91641 406934 -28.6424 -0.044900
12.91809 407621 -28.5607 -0.044734
12.91978 408309 -27.9985 -0.043817
12.92147 408998 -21.2580 -0.033240
12.92315 409689 -22.2057 -0.034693
12.92484 410381 -21.1812 -0.033064
12.92653 411073 -21.7165 -0.033871
12.92821 411767 -20.4265 -0.031832
12.92990 412463 -16.6273 -0.025890
12.93159 413159 -17.1534 -0.026686
12.93328 413857 -14.4952 -0.022532
12.93496 414555 -16.1413 -0.025070
12.93665 415255 -10.7555 -0.016691
12.93833 415956 -9.1664 -0.014213
12.94002 416658 -10.2278 -0.015845
12.94171 417362 -13.2805 -0.020557
12.94340 418067 -17.3547 -0.026841
12.94508 418772 -17.0946 -0.026416
12.94677 419479 -16.1857 -0.024991
12.94846 420188 -19.2401 -0.029681
12.95014 420897 -23.1314 -0.035655
12.95183 421608 -21.5830 -0.033240
12.95352 422319 -19.2576 -0.029633
12.95520 423032 -20.8205 -0.032011
12.95689 423747 -17.7684 -0.027296
12.95858 424462 -13.7636 -0.021126
12.96027 425179 -14.8374 -0.022755
12.96195 425896 -13.0637 -0.020018
12.96364 426615 -10.6947 -0.016374
12.96533 427336 -13.6592 -0.020895
12.96701 428057 -16.4052 -0.025074
12.96870 428780 -13.1057 -0.020014
12.97039 429504 -13.5834 -0.020726
12.97207 430229 -14.0731 -0.021455
12.97376 430955 -13.1381 -0.020013
12.97545 431683 -17.4408 -0.026545
12.97713 432412 -14.1580 -0.021530
12.97882 433142 -11.9716 -0.018190
12.98051 433873 -15.5124 -0.023550
12.98220 434606 -15.8854 -0.024096
12.98388 435339 -13.8219 -0.020949
12.98557 436074 -14.6196 -0.022139
12.98725 436810 -18.1771 -0.027503
12.98894 437548 -19.4035 -0.029334
12.99063 438287 -16.8256 -0.025415
12.99232 439027 -22.4977 -0.033954
12.99400 439768 -24.4684 -0.036897
12.99569 440510 -22.8786 -0.034471
12.99738 441254 -24.0912 -0.036267
12.99906 441999 -25.2752 -0.038018
13.00075 442745 -18.9640 -0.028501
13.00244 443493 -20.9808 -0.031505
13.00412 444241 -23.7253 -0.035596
13.00581 444991 -20.9254 -0.031369
13.00750 445743 -19.5118 -0.029225
13.00918 446495 -14.5840 -0.021826
13.01087 447249 -14.9968 -0.022425
13.01256 448004 -13.6803 -0.020439
13.01425 448761 -16.6088 -0.024793
13.01593 449518 -13.1442 -0.019605
13.01762 450277 -15.1660 -0.022601
13.01930 451037 -13.2023 -0.019658
13.02099 451799 -14.9605 -0.022257
13.02268 452562 -16.5980 -0.024673
13.02437 453326 -15.3529 -0.022803
13.02605 454091 -12.4829 -0.018524
13.02774 454858 -11.0800 -0.016429
13.02943 455626 -10.3518 -0.015336
13.03111 456395 -9.0557 -0.013405
13.03280 457165 -7.0280 -0.010394
13.03449 457937 -7.1495 -0.010565
13.03617 458710 -11.3854 -0.016810
13.03786 459485 -14.1383 -0.020857
13.03955 460260 -11.5093 -0.016965
13.04124 461038 -11.9240 -0.017561
13.04292 461816 -11.4022 -0.016778
13.04461 462596 -13.3208 -0.019585
13.04630 463377 -16.3658 -0.024042
13.04798 464159 -17.8452 -0.026193
13.04967 464943 -25.9316 -0.038030
13.05135 465727 -24.8698 -0.036442
13.05304 466514 -23.1879 -0.033949
13.05473 467301 -22.2996 -0.032621
13.05642 468090 -18.9006 -0.027626
13.05810 468881 -19.8456 -0.028982
13.05979 469672 -21.7194 -0.031692
13.06148 470465 -18.2154 -0.026557
13.06316 471259 -18.4932 -0.026939
13.06485 472055 -22.8612 -0.033274
13.06654 472852 -20.3341 -0.029571
13.06822 473650 -23.2867 -0.033836
13.06991 474450 -24.8078 -0.036016
13.07160 475251 -23.5670 -0.034186
13.07328 476053 -25.0928 -0.036368
13.07497 476857 -27.4020 -0.039681
13.07666 477662 -25.1621 -0.036407
13.07835 478469 -25.7939 -0.037290
13.08003 479276 -25.3112 -0.036561
13.08172 480086 -25.1239 -0.036260
13.08341 480896 -27.8111 -0.040104
13.08509 481708 -30.7829 -0.044352
13.08678 482521 -26.3723 -0.037966
13.08847 483336 -27.0523 -0.038912
13.09015 484152 -22.6046 -0.032487
13.09184 484969 -26.5505 -0.038125
13.09353 485788 -25.9966 -0.037299
13.09521 486608 -23.7648 -0.034068
13.09690 487430 -25.3858 -0.036361
13.09859 488253 -21.3547 -0.030561
13.10028 489077 -21.7973 -0.031168
13.10196 489903 -22.1858 -0.031697
13.10365 490730 -17.9040 -0.025558
13.10534 491558 -19.9027 -0.028387
13.10702 492388 -20.7779 -0.029611
13.10871 493220 -18.6176 -0.026510
13.11040 494052 -19.1706 -0.027274
13.11208 494886 -19.1874 -0.027275
13.11377 495722 -21.1864 -0.030091
13.11546 496559 -18.8800 -0.026793
13.11714 497397 -14.4323 -0.020464
13.11883 498237 -17.1017 -0.024228
13.12052 499078 -15.7606 -0.022309
13.12221 499921 -13.3288 -0.018851
13.12389 500765 -13.6499 -0.019289
13.12558 501610 -18.1860 -0.025678
13.12727 502457 -14.9904 -0.021148
13.12895 503305 -16.5060 -0.023266
13.13064 504155 -16.3779 -0.023066
13.13233 505006 -17.2019 -0.024206
13.13401 505859 -16.6770 -0.023448
13.13570 506713 -16.5631 -0.023268
13.13739 507568 -21.8764 -0.030706
13.13907 508425 -18.0832 -0.025361
13.14076 509284 -23.8392 -0.033405
13.14245 510143 -25.3129 -0.035440
13.14413 511005 -24.8405 -0.034749
13.14582 511867 -30.5524 -0.042704
13.14751 512732 -33.4141 -0.046664
13.14919 513597 -33.5113 -0.046761
13.15088 514464 -30.1107 -0.041980
13.15257 515333 -29.5898 -0.041219
13.15426 516203 -29.0358 -0.040413
13.15594 517074 -27.9301 -0.038842
13.15763 517947 -25.9620 -0.036074
13.15932 518822 -29.6641 -0.041183
13.16100 519698 -30.4277 -0.042208
13.16269 520575 -31.7033 -0.043940
13.16438 521454 -29.1457 -0.040361
13.16606 522335 -27.4734 -0.038014
13.16775 523216 -28.7282 -0.039716
13.16944 524100 -23.4696 -0.032419
13.17112 524985 -21.5189 -0.029699
13.17281 525871 -21.8893 -0.030185
13.17450 526759 -22.9021 -0.031555
13.17618 527648 -23.2686 -0.032033
13.17787 528539 -20.2536 -0.027859
13.17956 529431 -19.7052 -0.027082
13.18125 530325 -19.3998 -0.026639
13.18293 531220 -19.4615 -0.026702
13.18462 532117 -19.7804 -0.027116
13.18631 533016 -18.7598 -0.025696
13.18799 533915 -15.5163 -0.021235
13.18968 534817 -16.1598 -0.022097
13.19137 535720 -20.5261 -0.028044
13.19305 536624 -19.5993 -0.026755
13.19474 537530 -14.1306 -0.019273
13.19643 538438 -13.7585 -0.018750
13.19811 539347 -19.3736 -0.026380
13.19980 540257 -18.5334 -0.025215
13.20149 541170 -13.8099 -0.018773
13.20317 542083 -15.7726 -0.021423
13.20486 542998 -17.6016 -0.023887
13.20655 543915 -18.4284 -0.024987
13.20823 544833 -16.7597 -0.022706
13.20992 545753 -14.4940 -0.019620
13.21161 546675 -15.0522 -0.020358
13.21330 547598 -9.6161 -0.012995
13.21498 548522 -12.1652 -0.016426
13.21667 549448 -15.6610 -0.021128
13.21836 550376 -18.4402 -0.024856
13.22004 551305 -20.2041 -0.027211
13.22173 552236 -18.6043 -0.025035
13.22342 553168 -13.5270 -0.018188
13.22510 554102 -9.6489 -0.012962
13.22679 555038 -7.6664 -0.010290
13.22848 555975 -10.1443 -0.013605
13.23016 556913 -9.5323 -0.012773
13.23185 557853 -14.1919 -0.019001
13.23354 558795 -14.1971 -0.018992
13.23523 559739 -15.1178 -0.020207
13.23691 560684 -12.3219 -0.016456
13.23860 561630 -13.6207 -0.018175
13.24029 562579 -13.9896 -0.018652
13.24197 563528 -14.7949 -0.019709
13.24366 564480 -23.3188 -0.031037
13.24535 565433 -23.5821 -0.031361
13.24703 566387 -26.4511 -0.035147
13.24872 567344 -27.6405 -0.036696
13.25041 568301 -25.1831 -0.033406
13.25209 569261 -19.4447 -0.025772
13.25378 570222 -15.6028 -0.020662
13.25547 571185 -13.3678 -0.017688
13.25715 572149 -15.6735 -0.020721
13.25884 573115 -19.2193 -0.025387
13.26053 574083 -16.1255 -0.021283
13.26222 575052 -10.9133 -0.014391
13.26390 576023 -8.1053 -0.010679
13.26559 576995 -11.8615 -0.015615
13.26728 577969 -6.0152 -0.007912
13.26896 578945 -3.5620 -0.004681
13.27065 579923 -7.1882 -0.009439
13.27234 580902 -4.1946 -0.005504
13.27402 581882 -1.0247 -0.001343
13.27571 582865 -1.3211 -0.001730
13.27740 583849 -1.7838 -0.002334
13.27908 584834 3.0310 0.003963
13.28077 585822 -1.2393 -0.001619
13.28246 586811 1.2908 0.001685
13.28415 587802 3.4772 0.004535
13.28583 588794 8.8996 0.011598
13.28752 589788 9.7934 0.012752
13.28921 590784 8.9928 0.011700
13.29089 591781 11.1120 0.014445
13.29258 592780 9.8903 0.012846
13.29427 593781 10.4683 0.013585
13.29595 594784 11.8221 0.015329
13.29764 595788 11.7213 0.015186
13.29933 596794 10.8916 0.014099
13.30101 597801 7.1154 0.009203
13.30270 598810 10.4336 0.013483
13.30439 599821 6.2075 0.008015
13.30607 600834 4.0691 0.005250
13.30776 601848 -0.2378 -0.000306
13.30945 602865 6.1941 0.007978
13.31113 603882 9.4651 0.012180
13.31282 604902 11.8511 0.015238
13.31451 605923 10.8898 0.013990
13.31620 606946 7.3829 0.009477
13.31788 607971 13.0090 0.016684
13.31957 608997 8.6700 0.011110
13.32126 610025 3.5258 0.004514
13.32294 611055 4.3252 0.005533
13.32463 612087 3.3483 0.004280
13.32632 613120 5.7563 0.007351
13.32800 614156 5.3478 0.006824
13.32969 615192 4.0016 0.005102
13.33138 616231 10.0367 0.012785
13.33306 617271 9.9144 0.012619
13.33475 618314 10.6017 0.013483
13.33644 619357 12.0153 0.015267
13.33812 620403 9.3518 0.011873
13.33981 621451 9.9828 0.012663
13.34150 622500 9.4468 0.011973
13.34319 623551 7.9099 0.010017
13.34487 624603 14.1696 0.017929
13.34656 625658 19.2140 0.024291
13.34825 626714 20.9892 0.026513
13.34993 627772 20.2138 0.025512
13.35162 628832 18.0308 0.022738
13.35331 629894 17.9187 0.022577
13.35499 630957 16.3927 0.020637
13.35668 632023 17.9145 0.022534
13.35837 633090 15.6267 0.019640
13.36005 634158 17.5349 0.022019
13.36174 635229 15.9434 0.020004
13.36343 636302 19.2184 0.024093
13.36512 637376 16.9000 0.021169
13.36680 638452 16.7365 0.020946
13.36849 639530 17.9357 0.022428
13.37018 640610 18.4366 0.023035
13.37186 641691 18.2712 0.022809
13.37355 642774 20.2434 0.025250
13.37524 643860 17.9215 0.022335
13.37692 644947 16.5835 0.020650
13.37861 646036 14.2864 0.017774
13.38030 647126 11.6982 0.014542
13.38198 648219 4.8313 0.006001
13.38367 649313 2.1269 0.002640
13.38536 650409 3.0956 0.003838
13.38704 651507 2.6052 0.003228
13.38873 652607 3.7990 0.004703
13.39042 653709 8.1248 0.010049
13.39210 654813 2.7895 0.003447
13.39379 655918 3.8902 0.004803
13.39548 657026 -0.4902 -0.000605
13.39717 658135 1.8899 0.002330
13.39885 659246 6.0544 0.007457
13.40054 660359 6.6725 0.008211
13.40223 661474 8.2281 0.010117
13.40391 662591 9.8862 0.012145
13.40560 663709 8.3782 0.010284
13.40729 664830 7.3492 0.009013
13.40897 665952 8.7947 0.010777
13.41066 667077 14.4699 0.017716
13.41235 668203 11.2201 0.013726
13.41403 669331 15.4810 0.018923
13.41572 670461 18.1151 0.022123
13.41741 671593 15.5685 0.018997
13.41909 672727 15.7513 0.019204
13.42078 673863 14.3012 0.017422
13.42247 675000 11.3267 0.013786
13.42416 676140 12.9213 0.015714
13.42584 677282 18.3441 0.022290
13.42753 678425 23.0297 0.027960
13.42922 679570 21.2210 0.025742
13.43090 680718 20.9614 0.025406
13.43259 681867 17.9692 0.021761
13.43428 683018 19.8817 0.024057
13.43596 684171 18.6497 0.022547
13.43765 685326 18.6614 0.022542
13.43934 686483 20.6833 0.024963
13.44102 687642 21.6093 0.026059
13.44271 688803 22.5949 0.027225
13.44440 689966 28.5436 0.034363
13.44608 691131 19.4606 0.023409
13.44777 692298 13.7006 0.016466
13.44946 693467 13.0310 0.015648
13.45115 694638 12.9076 0.015487
13.45283 695810 16.5437 0.019833
13.45452 696985 19.5339 0.023398
13.45621 698162 20.3435 0.024347
13.45789 699340 19.7500 0.023617
13.45958 700521 17.7225 0.021175
13.46127 701704 17.9124 0.021383
13.46295 702889 10.6864 0.012746
13.46464 704075 9.8697 0.011762
13.46633 705264 8.8485 0.010536
13.46801 706455 13.4336 0.015983
13.46970 707647 12.8697 0.015299
13.47139 708842 12.6320 0.015004
13.47308 710039 16.5732 0.019668
13.47476 711238 16.7151 0.019820
13.47645 712438 11.3370 0.013432
13.47814 713641 14.7949 0.017513
13.47982 714846 13.5272 0.015999
13.48151 716053 14.2080 0.016790
13.48320 717262 16.4884 0.019469
13.48488 718473 15.1388 0.017860
13.48657 719686 11.5960 0.013669
13.48826 720901 11.2079 0.013200
13.48994 722118 10.3879 0.012224
13.49163 723337 10.5774 0.012437
13.49332 724558 15.5224 0.018236
13.49500 725781 9.2085 0.010809
13.49669 727007 7.7802 0.009125
13.49838 728234 7.7317 0.009060
13.50007 729464 8.2636 0.009675
13.50175 730695 12.3680 0.014469
13.50344 731929 10.6771 0.012480
13.50513 733165 12.4310 0.014518
13.50681 734402 16.6911 0.019477
13.50850 735642 6.3987 0.007460
13.51019 736884 5.3385 0.006219
13.51187 738128 -0.2466 -0.000287
13.51356 739375 -2.8585 -0.003324
13.51525 740623 3.7868 0.004400
13.51693 741873 -2.2667 -0.002632
13.51862 743126 -3.0359 -0.003522
13.52031 744380 3.7696 0.004369
13.52199 745637 -0.0434 -0.000050
13.52368 746896 0.6623 0.000766
13.52537 748157 1.5172 0.001754
13.52705 749420 6.4801 0.007485
13.52874 750685 8.2843 0.009561
13.53043 751953 -1.4938 -0.001723
13.53212 753222 -4.8176 -0.005551
13.53380 754494 -3.5039 -0.004034
13.53549 755768 -8.0845 -0.009299
13.53718 757044 -4.4742 -0.005142
13.53886 758322 4.6471 0.005336
13.54055 759602 -1.3002 -0.001492
13.54224 760884 3.1198 0.003577
13.54392 762169 3.4780 0.003984
13.54561 763456 -1.6159 -0.001849
13.54730 764745 -3.6866 -0.004216
13.54898 766036 -0.6087 -0.000695
13.55067 767329 4.4564 0.005087
13.55236 768625 4.7668 0.005437
13.55404 769922 1.6268 0.001854
13.55573 771222 -0.2795 -0.000318
13.55742 772524 -1.1304 -0.001286
13.55910 773828 -1.5863 -0.001803
13.56079 775135 3.7756 0.004288
13.56248 776444 2.5763 0.002924
13.56417 777754 4.3655 0.004950
13.56585 779068 2.4816 0.002812
13.56754 780383 -3.9212 -0.004439
13.56923 781700 -3.6237 -0.004099
13.57091 783020 -9.5818 -0.010828
13.57260 784342 -2.6583 -0.003002
13.57429 785666 -2.8674 -0.003235
13.57597 786993 -10.8830 -0.012268
13.57766 788321 -8.6116 -0.009699
13.57935 789652 -8.5860 -0.009662
13.58103 790985 -5.1904 -0.005836
13.58272 792321 -2.3004 -0.002584
13.58441 793659 1.4320 0.001607
13.58609 794998 4.9540 0.005556
13.58778 796341 4.8119 0.005392
13.58947 797685 4.9883 0.005585
13.59116 799032 7.2640 0.008126
13.59284 800381 8.5690 0.009578
13.59453 801732 12.6629 0.014142
13.59622 803086 13.9880 0.015609
13.59790 804442 12.5674 0.014012
13.59959 805800 13.5955 0.015145
13.60128 807160 18.9731 0.021118
13.60296 808523 18.4352 0.020502
13.60465 809888 20.7296 0.023034
13.60634 811255 25.4263 0.028230
13.60803 812625 25.9887 0.028830
13.60971 813997 27.5074 0.030489
13.61140 815371 26.8762 0.029764
13.61309 816748 32.5443 0.036011
13.61477 818127 24.9852 0.027623
13.61646 819508 24.4093 0.026964
13.61815 820891 25.1361 0.027743
13.61983 822277 22.5586 0.024877
13.62152 823666 24.2656 0.026737
13.62321 825056 24.1483 0.026586
13.62489 826449 24.7637 0.027240
13.62658 827844 24.4497 0.026872
13.62827 829242 25.7598 0.028288
13.62995 830642 28.3826 0.031142
13.63164 832044 33.0051 0.036183
13.63333 833449 27.7892 0.030439
13.63501 834856 24.0593 0.026332
13.63670 836266 21.0472 0.023016
13.63839 837678 21.5000 0.023491
13.64008 839092 19.4568 0.021241
13.64176 840509 19.3612 0.021118
13.64345 841928 19.6852 0.021454
13.64514 843349 20.4434 0.022261
13.64682 844773 24.6280 0.026795
13.64851 846199 23.5960 0.025651
13.65020 847628 23.0418 0.025027
13.65188 849059 20.2460 0.021972
13.65357 850492 16.1760 0.017540
13.65526 851928 19.8117 0.021464
13.65694 853366 21.2483 0.023002
13.65863 854807 25.3657 0.027435
13.66032 856250 24.6508 0.026640
13.66201 857696 18.7552 0.020251
13.66369 859144 10.7694 0.011619
13.66538 860594 5.7931 0.006245
13.66707 862047 0.5178 0.000558
13.66875 863503 -0.1210 -0.000130
13.67044 864961 4.0898 0.004397
13.67213 866421 2.8038 0.003012
13.67381 867884 -3.7574 -0.004033
13.67550 869349 -2.8877 -0.003097
13.67719 870817 -6.3621 -0.006818
13.67887 872287 -4.3713 -0.004680
13.68056 873760 -5.2554 -0.005622
13.68225 875235 -1.2913 -0.001380
13.68393 876712 -4.4175 -0.004718
13.68562 878193 -8.0409 -0.008580
13.68731 879675 -9.1327 -0.009737
13.68899 881160 -9.0973 -0.009691
13.69068 882648 -7.7572 -0.008257
13.69237 884138 -11.2557 -0.011970
13.69406 885631 -13.4881 -0.014333
13.69574 887126 -10.4914 -0.011139
13.69743 888624 -10.5267 -0.011167
13.69912 890124 -12.8936 -0.013666
13.70080 891627 -11.9498 -0.012655
13.70249 893132 -11.5816 -0.012255
13.70418 894640 -9.4186 -0.009958
13.70586 896151 -11.8426 -0.012510
13.70755 897663 -10.4807 -0.011062
13.70924 899179 -6.0684 -0.006400
13.71092 900697 1.9272 0.002031
13.71261 902218 6.9570 0.007324
13.71430 903741 4.5563 0.004793
13.71599 905267 -0.1298 -0.000136
13.71767 906795 5.5721 0.005851
13.71936 908326 -3.4964 -0.003669
13.72105 909860 -8.1591 -0.008554
13.72273 911396 -9.7477 -0.010210
13.72442 912934 -8.9680 -0.009386
13.72611 914476 -8.4443 -0.008830
13.72779 916020 -8.7710 -0.009164
13.72948 917566 -9.0525 -0.009450
13.73117 919115 -2.6839 -0.002800
13.73285 920667 1.0139 0.001057
13.73454 922221 -0.0051 -0.000005
13.73623 923778 -5.9083 -0.006147
13.73791 925338 -18.8911 -0.019638
13.73960 926900 -11.9398 -0.012402
13.74129 928465 -14.4927 -0.015041
13.74298 930033 -4.6286 -0.004800
13.74466 931603 -2.6913 -0.002788
13.74635 933176 1.9955 0.002066
13.74804 934751 6.3553 0.006573
13.74972 936329 3.7745 0.003901
13.75141 937910 3.2874 0.003395
13.75310 939493 2.8791 0.002970
13.75478 941080 1.3719 0.001414
13.75647 942668 0.9962 0.001026
13.75816 944260 -3.0501 -0.003139
13.75984 945854 -4.0622 -0.004177
13.76153 947451 1.8183 0.001868
13.76322 949051 1.1610 0.001192
13.76490 950653 -2.5788 -0.002645
13.76659 952258 -0.9243 -0.000947
13.76828 953866 -0.9803 -0.001004
13.76996 955476 -3.9082 -0.003998
13.77165 957089 -1.6114 -0.001647
13.77334 958705 -1.5349 -0.001568
13.77503 960324 -4.0084 -0.004090
13.77671 961945 -2.6939 -0.002747
13.77840 963569 2.5047 0.002552
13.78009 965196 0.8732 0.000889
13.78177 966825 2.6724 0.002718
13.78346 968458 -7.5696 -0.007692
13.78515 970093 1.1346 0.001152
13.78683 971730 4.6586 0.004726
13.78852 973371 5.1123 0.005182
13.79021 975014 2.0929 0.002120
13.79189 976660 5.8362 0.005906
13.79358 978309 5.1343 0.005191
13.79527 979961 7.1045 0.007177
13.79695 981615 8.5422 0.008622
13.79864 983273 6.3192 0.006373
13.80033 984933 14.1849 0.014293
13.80202 986596 12.9420 0.013030
13.80370 988261 5.5347 0.005567
13.80539 989930 5.4456 0.005473
13.80708 991601 6.4747 0.006502
13.80876 993275 2.2763 0.002284
13.81045 994952 0.0602 0.000060
13.81214 996632 -1.0946 -0.001096
13.81382 998315 0.5947 0.000595
13.81551 1000000 -5.5589 -0.005559
