logY Y P PoverSqrtY
6.90675 999 -1.1201 -0.035438
6.90975 1002 -1.3094 -0.041366
6.91175 1004 -1.2049 -0.038027
6.91374 1006 -1.3293 -0.041911
6.91672 1009 -1.4795 -0.046577
6.91870 1011 -1.2680 -0.039878
6.92067 1013 -1.2934 -0.040639
6.92264 1015 -1.3855 -0.043488
6.92560 1018 -1.3018 -0.040801
6.92756 1020 -1.3506 -0.042289
6.92952 1022 -1.4441 -0.045172
6.93245 1025 -1.3945 -0.043555
6.93440 1027 -1.3589 -0.042402
6.93634 1029 -1.4060 -0.043831
6.93828 1031 -1.3704 -0.042680
6.94119 1034 -1.3329 -0.041450
6.94312 1036 -1.3814 -0.042918
6.94505 1038 -1.3796 -0.042821
6.94794 1041 -1.4234 -0.044116
6.94986 1043 -1.4791 -0.045800
6.95273 1046 -1.3575 -0.041975
6.95464 1048 -1.4066 -0.043449
6.95655 1050 -1.3174 -0.040657
6.95940 1053 -1.0040 -0.030941
6.96130 1055 -0.9973 -0.030704
6.96319 1057 -1.0806 -0.033236
6.96602 1060 -1.0044 -0.030849
6.96791 1062 -1.0341 -0.031733
6.97073 1065 -1.2364 -0.037887
6.97261 1067 -1.2147 -0.037185
6.97448 1069 -1.2859 -0.039329
6.97728 1072 -1.2483 -0.038127
6.97915 1074 -1.0379 -0.031672
6.98193 1077 -1.0704 -0.032616
6.98379 1079 -1.0269 -0.031263
6.98564 1081 -0.9363 -0.028479
6.98841 1084 -1.1966 -0.036343
6.99026 1086 -1.3044 -0.039581
6.99302 1089 -1.4193 -0.043008
6.99485 1091 -1.7533 -0.053081
6.99760 1094 -1.9209 -0.058076
6.99942 1096 -1.9328 -0.058384
7.00216 1099 -2.1830 -0.065849
7.00397 1101 -2.1499 -0.064793
7.00670 1104 -2.0289 -0.061064
7.00851 1106 -2.0770 -0.062453
7.01121 1109 -1.9985 -0.060011
7.01302 1111 -2.0702 -0.062110
7.01571 1114 -2.1952 -0.065769
7.01751 1116 -1.9750 -0.059119
7.02019 1119 -1.8503 -0.055313
7.02198 1121 -1.6776 -0.050105
7.02465 1124 -1.4448 -0.043096
7.02643 1126 -1.5666 -0.046688
7.02909 1129 -1.5151 -0.045091
7.03086 1131 -1.5542 -0.046215
7.03351 1134 -1.7633 -0.052362
7.03527 1136 -1.7332 -0.051423
7.03791 1139 -1.8090 -0.053601
7.03966 1141 -1.9401 -0.057435
7.04229 1144 -1.8468 -0.054603
7.04491 1147 -1.9329 -0.057072
7.04665 1149 -1.9583 -0.057773
7.04925 1152 -1.9304 -0.056875
7.05099 1154 -2.1349 -0.062846
7.05359 1157 -2.2163 -0.065158
7.05618 1160 -2.4530 -0.072022
7.05790 1162 -2.5127 -0.073711
7.06048 1165 -2.1276 -0.062334
7.06219 1167 -2.0090 -0.058808
7.06476 1170 -1.8242 -0.053330
7.06732 1173 -1.5274 -0.044598
7.06902 1175 -1.6280 -0.047493
7.07157 1178 -1.6170 -0.047112
7.07412 1181 -1.6506 -0.048029
7.07581 1183 -1.8023 -0.052399
7.07834 1186 -1.7044 -0.049490
7.08087 1189 -1.7612 -0.051075
7.08255 1191 -1.7675 -0.051214
7.08506 1194 -1.7475 -0.050573
7.08757 1197 -1.7580 -0.050813
7.08924 1199 -1.6072 -0.046416
7.09174 1202 -1.6163 -0.046618
7.09423 1205 -1.6791 -0.048370
7.09589 1207 -1.5489 -0.044583
7.09838 1210 -1.6110 -0.046313
7.10085 1213 -1.4423 -0.041413
7.10332 1216 -1.3954 -0.040016
7.10497 1218 -1.5245 -0.043683
7.10743 1221 -1.5385 -0.044029
7.10988 1224 -1.8519 -0.052932
7.11233 1227 -1.8976 -0.054174
7.11396 1229 -2.0139 -0.057446
7.11639 1232 -2.1601 -0.061543
7.11883 1235 -2.0164 -0.057378
7.12125 1238 -2.0562 -0.058439
7.12367 1241 -1.8969 -0.053845
7.12528 1243 -1.9021 -0.053951
7.12769 1246 -2.1985 -0.062283
7.13010 1249 -2.1806 -0.061701
7.13250 1252 -2.5182 -0.071167
7.13489 1255 -2.4994 -0.070553
7.13648 1257 -2.2640 -0.063858
7.13887 1260 -2.1623 -0.060916
7.14125 1263 -1.9973 -0.056200
7.14362 1266 -1.9639 -0.055197
7.14598 1269 -1.8670 -0.052410
7.14835 1272 -1.9057 -0.053434
7.14992 1274 -2.0426 -0.057225
7.15227 1277 -2.0885 -0.058445
7.15462 1280 -2.3278 -0.065064
7.15696 1283 -2.2457 -0.062696
7.15929 1286 -2.3165 -0.064598
7.16162 1289 -2.3099 -0.064339
7.16395 1292 -2.1304 -0.059268
7.16627 1295 -2.3269 -0.064661
7.16858 1298 -2.3418 -0.064999
7.17089 1301 -2.4878 -0.068974
7.17242 1303 -2.4496 -0.067861
7.17472 1306 -2.1335 -0.059037
7.17702 1309 -2.0645 -0.057060
7.17931 1312 -1.9132 -0.052820
7.18159 1315 -2.0656 -0.056962
7.18387 1318 -2.0378 -0.056131
7.18614 1321 -2.0460 -0.056293
7.18841 1324 -1.9523 -0.053655
7.19068 1327 -1.5936 -0.043746
7.19293 1330 -1.6077 -0.044084
7.19519 1333 -1.3617 -0.037297
7.19744 1336 -1.4386 -0.039357
7.19968 1339 -1.4134 -0.038626
7.20192 1342 -1.5134 -0.041311
7.20415 1345 -1.7891 -0.048783
7.20638 1348 -1.8074 -0.049228
7.20860 1351 -1.7206 -0.046813
7.21082 1354 -1.5068 -0.040951
7.21303 1357 -1.5403 -0.041813
7.21524 1360 -1.4725 -0.039929
7.21744 1363 -1.5461 -0.041879
7.22037 1367 -1.7384 -0.047018
7.22257 1370 -1.7860 -0.048252
7.22475 1373 -1.8898 -0.051000
7.22694 1376 -1.7782 -0.047937
7.22911 1379 -1.9852 -0.053459
7.23129 1382 -1.9389 -0.052155
7.23346 1385 -2.0811 -0.055921
7.23562 1388 -2.1091 -0.056613
7.23778 1391 -2.1554 -0.057792
7.23993 1394 -2.2190 -0.059432
7.24280 1398 -2.1283 -0.056921
7.24494 1401 -2.1872 -0.058434
7.24708 1404 -1.9853 -0.052985
7.24922 1407 -2.0674 -0.055116
7.25134 1410 -1.9760 -0.052623
7.25347 1413 -2.1230 -0.056477
7.25630 1417 -1.9224 -0.051070
7.25841 1420 -1.9195 -0.050939
7.26052 1423 -1.8703 -0.049580
7.26263 1426 -1.8236 -0.048292
7.26473 1429 -1.9668 -0.052029
7.26753 1433 -2.1115 -0.055779
7.26962 1436 -2.3430 -0.061829
7.27170 1439 -2.3934 -0.063094
7.27379 1442 -2.5021 -0.065890
7.27656 1446 -2.0765 -0.054606
7.27863 1449 -2.0785 -0.054603
7.28070 1452 -1.8477 -0.048490
7.28276 1455 -1.8740 -0.049130
7.28551 1459 -1.7286 -0.045255
7.28756 1462 -1.7859 -0.046707
7.28961 1465 -1.6362 -0.042749
7.29234 1469 -1.7333 -0.045224
7.29438 1472 -1.5637 -0.040758
7.29641 1475 -1.3673 -0.035600
7.29845 1478 -1.2323 -0.032054
7.30115 1482 -1.1008 -0.028596
7.30317 1485 -1.0392 -0.026968
7.30519 1488 -0.6301 -0.016335
7.30787 1492 -0.4891 -0.012663
7.30988 1495 -0.1319 -0.003411
7.31255 1499 -0.2081 -0.005375
7.31455 1502 -0.1227 -0.003167
7.31655 1505 -0.2205 -0.005684
7.31920 1509 0.0336 0.000865
7.32119 1512 0.1306 0.003360
7.32383 1516 0.2671 0.006860
7.32581 1519 0.1193 0.003060
7.32778 1522 0.2450 0.006279
7.33041 1526 0.0623 0.001594
7.33237 1529 0.1641 0.004198
7.33498 1533 0.0335 0.000855
7.33694 1536 0.1588 0.004051
7.33954 1540 0.2410 0.006140
7.34148 1543 0.4427 0.011270
7.34407 1547 0.3973 0.010102
7.34601 1550 0.3875 0.009843
7.34859 1554 0.2498 0.006337
7.35052 1557 0.4218 0.010689
7.35308 1561 0.2750 0.006960
7.35500 1564 0.2657 0.006718
7.35756 1568 0.0945 0.002386
7.35947 1571 0.2286 0.005768
7.36201 1575 0.1194 0.003009
7.36391 1578 0.3067 0.007720
7.36645 1582 0.2679 0.006735
7.36834 1585 0.2689 0.006755
7.37086 1589 0.0636 0.001595
7.37275 1592 -0.0035 -0.000087
7.37526 1596 -0.2914 -0.007295
7.37776 1600 -0.0869 -0.002172
7.37963 1603 -0.0656 -0.001639
7.38212 1607 0.2187 0.005456
7.38399 1610 0.1244 0.003099
7.38647 1614 0.2806 0.006985
7.38895 1618 -0.0210 -0.000522
7.39080 1621 -0.1089 -0.002705
7.39326 1625 -0.3004 -0.007452
7.39572 1629 -0.2772 -0.006868
7.39756 1632 -0.3746 -0.009274
7.40001 1636 -0.3946 -0.009757
7.40245 1640 -0.5060 -0.012495
7.40428 1643 -0.6665 -0.016444
7.40671 1647 -0.5999 -0.014781
7.40914 1651 -0.5200 -0.012797
7.41156 1655 -0.4544 -0.011169
7.41337 1658 -0.6726 -0.016519
7.41578 1662 -0.5460 -0.013393
7.41818 1666 -0.7071 -0.017324
7.41998 1669 -0.7222 -0.017679
7.42237 1673 -0.8914 -0.021793
7.42476 1677 -0.9378 -0.022901
7.42714 1681 -1.1025 -0.026890
7.42952 1685 -1.2198 -0.029715
7.43130 1688 -1.5821 -0.038508
7.43367 1692 -1.3599 -0.033060
7.43603 1696 -1.1174 -0.027133
7.43838 1700 -0.9661 -0.023430
7.44073 1704 -0.9190 -0.022262
7.44249 1707 -1.1314 -0.027384
7.44483 1711 -1.2169 -0.029418
7.44717 1715 -1.4999 -0.036217
7.44950 1719 -1.4780 -0.035648
7.45182 1723 -1.6455 -0.039642
7.45414 1727 -1.5512 -0.037326
7.45645 1731 -1.5669 -0.037660
7.45876 1735 -1.7323 -0.041588
7.46049 1738 -1.6882 -0.040495
7.46279 1742 -1.7200 -0.041209
7.46508 1746 -1.6902 -0.040449
7.46737 1750 -1.8630 -0.044534
7.46965 1754 -1.8744 -0.044755
7.47193 1758 -1.9654 -0.046876
7.47420 1762 -1.6783 -0.039981
7.47647 1766 -1.4133 -0.033632
7.47873 1770 -1.4684 -0.034902
7.48099 1774 -1.4108 -0.033495
7.48324 1778 -1.6263 -0.038569
7.48549 1782 -1.7435 -0.041301
7.48773 1786 -1.7758 -0.042021
7.48997 1790 -1.7387 -0.041096
7.49220 1794 -1.8396 -0.043431
7.49443 1798 -2.1651 -0.051059
7.49665 1802 -2.1368 -0.050337
7.49887 1806 -2.4603 -0.057893
7.50108 1810 -2.4155 -0.056776
7.50329 1814 -2.6293 -0.061733
7.50549 1818 -2.3208 -0.054429
7.50824 1823 -2.1694 -0.050810
7.51043 1827 -2.2512 -0.052667
7.51262 1831 -2.0847 -0.048719
7.51480 1835 -1.9527 -0.045584
7.51698 1839 -1.7478 -0.040757
7.51915 1843 -1.7119 -0.039877
7.52132 1847 -1.6801 -0.039092
7.52402 1852 -1.2858 -0.029878
7.52618 1856 -1.1598 -0.026922
7.52833 1860 -0.9387 -0.021765
7.53048 1864 -0.9905 -0.022941
7.53262 1868 -1.2005 -0.027777
7.53476 1872 -1.3625 -0.031490
7.53743 1877 -1.6516 -0.038122
7.53956 1881 -1.4169 -0.032670
7.54168 1885 -1.1992 -0.027621
7.54380 1889 -1.2581 -0.028948
7.54645 1894 -1.2529 -0.028788
7.54856 1898 -1.3398 -0.030753
7.55066 1902 -1.1096 -0.025442
7.55276 1906 -1.1506 -0.026355
7.55538 1911 -1.1749 -0.026876
7.55747 1915 -1.0616 -0.024260
7.55956 1919 -1.2153 -0.027742
7.56216 1924 -1.1033 -0.025153
7.56424 1928 -0.9853 -0.022439
7.56631 1932 -1.2173 -0.027694
7.56890 1937 -1.2380 -0.028130
7.57096 1941 -1.2522 -0.028421
7.57302 1945 -1.1722 -0.026579
7.57558 1950 -0.8441 -0.019115
7.57763 1954 -0.8733 -0.019757
7.58019 1959 -1.1579 -0.026160
7.58223 1963 -1.2706 -0.028679
7.58426 1967 -1.6110 -0.036325
7.58680 1972 -1.3667 -0.030778
7.58883 1976 -1.3907 -0.031284
7.59136 1981 -1.4803 -0.033260
7.59337 1985 -1.4799 -0.033217
7.59589 1990 -1.6453 -0.036882
7.59790 1994 -1.7917 -0.040123
7.60040 1999 -1.6937 -0.037882
7.60240 2003 -1.7453 -0.038996
7.60489 2008 -1.7714 -0.039532
7.60688 2012 -1.7659 -0.039370
7.60937 2017 -1.8416 -0.041005
7.61135 2021 -1.7434 -0.038781
7.61382 2026 -1.9496 -0.043313
7.61579 2030 -2.4161 -0.053624
7.61825 2035 -2.5924 -0.057467
7.62071 2040 -2.1954 -0.048607
7.62266 2044 -2.1853 -0.048335
7.62511 2049 -1.9770 -0.043674
7.62706 2053 -2.0760 -0.045819
7.62949 2058 -2.1999 -0.048494
7.63192 2063 -2.0397 -0.044906
7.63385 2067 -1.7963 -0.039511
7.63627 2072 -1.7839 -0.039190
7.63868 2077 -1.9515 -0.042821
7.64060 2081 -2.2550 -0.049432
7.64300 2086 -2.4631 -0.053929
7.64540 2091 -2.3239 -0.050820
7.64731 2095 -2.4022 -0.052483
7.64969 2100 -2.5586 -0.055832
7.65207 2105 -2.5953 -0.056567
7.65444 2110 -2.4520 -0.053381
7.65634 2114 -2.6196 -0.056976
7.65870 2119 -2.7278 -0.059257
7.66106 2124 -2.9881 -0.064835
7.66341 2129 -3.1856 -0.069041
7.66528 2133 -2.8121 -0.060889
7.66763 2138 -2.6135 -0.056522
7.66996 2143 -2.5974 -0.056109
7.67229 2148 -2.8364 -0.061199
7.67462 2153 -2.7855 -0.060032
7.67694 2158 -2.5715 -0.055355
7.67879 2162 -2.6117 -0.056169
7.68110 2167 -2.5819 -0.055464
7.68340 2172 -2.9116 -0.062474
7.68570 2177 -3.0778 -0.065964
7.68800 2182 -3.0190 -0.064630
7.69029 2187 -2.9281 -0.062612
7.69257 2192 -2.8456 -0.060779
7.69485 2197 -2.7799 -0.059307
7.69712 2202 -2.3450 -0.049974
7.69939 2207 -2.2423 -0.047729
7.70165 2212 -2.3022 -0.048950
7.70391 2217 -2.5081 -0.053268
7.70616 2222 -2.4673 -0.052341
7.70841 2227 -2.2863 -0.048447
7.71065 2232 -2.2592 -0.047819
7.71289 2237 -2.1387 -0.045219
7.71512 2242 -2.3194 -0.048984
7.71735 2247 -2.4059 -0.050755
7.71957 2252 -2.0497 -0.043191
7.72179 2257 -1.8313 -0.038547
7.72400 2262 -1.9120 -0.040202
7.72621 2267 -1.9370 -0.040682
7.72842 2272 -1.6030 -0.033629
7.73061 2277 -1.3764 -0.028844
7.73281 2282 -1.2868 -0.026937
7.73543 2288 -1.1762 -0.024590
7.73762 2293 -0.6788 -0.014176
7.73979 2298 -0.4688 -0.009778
7.74197 2303 -0.5090 -0.010606
7.74414 2308 -0.5822 -0.012118
7.74630 2313 -0.4528 -0.009416
7.74889 2319 -0.3253 -0.006755
7.75105 2324 -0.3886 -0.008061
7.75319 2329 -0.3600 -0.007459
7.75534 2334 -0.6030 -0.012481
7.75791 2340 -0.6875 -0.014211
7.76004 2345 -0.6192 -0.012787
7.76217 2350 -0.6124 -0.012633
7.76430 2355 -0.7559 -0.015577
7.76684 2361 -0.8984 -0.018489
7.76896 2366 -1.0735 -0.022069
7.77107 2371 -1.2213 -0.025081
7.77359 2377 -1.1294 -0.023165
7.77570 2382 -1.2293 -0.025189
7.77779 2387 -1.1220 -0.022965
7.78030 2393 -1.0458 -0.021379
7.78239 2398 -1.0130 -0.020687
7.78489 2404 -1.2474 -0.025441
7.78697 2409 -1.1393 -0.023212
7.78904 2414 -0.8515 -0.017330
7.79152 2420 -0.8317 -0.016906
7.79359 2425 -0.9746 -0.019790
7.79606 2431 -0.9364 -0.018992
7.79811 2436 -0.7830 -0.015864
7.80057 2442 -0.5844 -0.011825
7.80262 2447 -0.4455 -0.009006
7.80507 2453 -0.5967 -0.012049
7.80710 2458 -0.6062 -0.012227
7.80954 2464 -0.6642 -0.013380
7.81157 2469 -0.6945 -0.013978
7.81400 2475 -0.5392 -0.010838
7.81642 2481 -0.1458 -0.002926
7.81843 2486 -0.2192 -0.004396
7.82084 2492 -0.4679 -0.009373
7.82285 2497 -0.5139 -0.010285
7.82525 2503 -0.2582 -0.005161
7.82764 2509 -0.2805 -0.005600
7.82963 2514 -0.3836 -0.007650
7.83201 2520 -0.6369 -0.012688
7.83439 2526 -0.7528 -0.014978
7.83637 2531 -0.5114 -0.010166
7.83874 2537 -0.4980 -0.009887
7.84110 2543 -0.6420 -0.012730
7.84306 2548 -0.6210 -0.012302
7.84542 2554 -0.6277 -0.012420
7.84776 2560 -0.6474 -0.012795
7.85010 2566 -0.6731 -0.013287
7.85205 2571 -0.7656 -0.015100
7.85438 2577 -1.0027 -0.019753
7.85671 2583 -1.2042 -0.023695
7.85903 2589 -1.7870 -0.035120
7.86134 2595 -1.3637 -0.026771
7.86365 2601 -1.2180 -0.023882
7.86557 2606 -1.4718 -0.028832
7.86787 2612 -1.8878 -0.036937
7.87017 2618 -2.0610 -0.040279
7.87246 2624 -1.9990 -0.039023
7.87474 2630 -1.8888 -0.036831
7.87702 2636 -1.6185 -0.031524
7.87929 2642 -1.4946 -0.029078
7.88156 2648 -1.6716 -0.032484
7.88382 2654 -1.7338 -0.033655
7.88608 2660 -1.6184 -0.031379
7.88833 2666 -1.5504 -0.030028
7.89058 2672 -1.4901 -0.028827
7.89283 2678 -1.5921 -0.030765
7.89506 2684 -1.4043 -0.027107
7.89730 2690 -1.3710 -0.026435
7.89952 2696 -1.5913 -0.030648
7.90175 2702 -1.8191 -0.034996
7.90397 2708 -1.9662 -0.037783
7.90618 2714 -1.8469 -0.035452
7.90839 2720 -1.4831 -0.028437
7.91059 2726 -1.4104 -0.027013
7.91279 2732 -1.2005 -0.022967
7.91535 2739 -1.3092 -0.025016
7.91754 2745 -1.7141 -0.032717
7.91972 2751 -1.5999 -0.030503
7.92190 2757 -1.4844 -0.028270
7.92407 2763 -1.4844 -0.028239
7.92660 2770 -1.7502 -0.033254
7.92877 2776 -1.9056 -0.036167
7.93093 2782 -1.8830 -0.035701
7.93308 2788 -1.9823 -0.037542
7.93559 2795 -2.3239 -0.043958
7.93773 2801 -2.4526 -0.046342
7.93987 2807 -2.6154 -0.049365
7.94236 2814 -2.7228 -0.051328
7.94449 2820 -2.6949 -0.050748
7.94662 2826 -2.5477 -0.047925
7.94909 2833 -2.5963 -0.048779
7.95121 2839 -2.4966 -0.046856
7.95332 2845 -2.1196 -0.039739
7.95578 2852 -1.9368 -0.036266
7.95788 2858 -2.0985 -0.039254
7.96032 2865 -2.3917 -0.044683
7.96242 2871 -2.1205 -0.039574
7.96485 2878 -1.9835 -0.036973
7.96693 2884 -2.0020 -0.037279
7.96936 2891 -1.8497 -0.034402
7.97143 2897 -2.0154 -0.037444
7.97384 2904 -2.1155 -0.039256
7.97591 2910 -2.1342 -0.039562
7.97831 2917 -1.9824 -0.036705
7.98037 2923 -1.9494 -0.036056
7.98276 2930 -2.4200 -0.044707
7.98480 2936 -2.3153 -0.042729
7.98718 2943 -2.1350 -0.039354
7.98956 2950 -2.2656 -0.041713
7.99159 2956 -2.4639 -0.045319
7.99396 2963 -2.2926 -0.042118
7.99632 2970 -1.9461 -0.035711
7.99834 2976 -1.9972 -0.036611
8.00068 2983 -1.9405 -0.035529
8.00303 2990 -1.7675 -0.032325
8.00503 2996 -1.6994 -0.031048
8.00737 3003 -1.6831 -0.030714
8.00970 3010 -1.3849 -0.025242
8.01202 3017 -1.5641 -0.028477
8.01434 3024 -1.8188 -0.033075
8.01632 3030 -1.5966 -0.029005
8.01863 3037 -1.5071 -0.027348
8.02093 3044 -1.7031 -0.030868
8.02322 3051 -2.0819 -0.037691
8.02552 3058 -2.3552 -0.042590
8.02780 3065 -2.8288 -0.051096
8.03008 3072 -3.1075 -0.056066
8.03204 3078 -2.8272 -0.050959
8.03431 3085 -2.8243 -0.050850
8.03657 3092 -2.6468 -0.047599
8.03883 3099 -2.4804 -0.044557
8.04109 3106 -2.4978 -0.044819
8.04334 3113 -2.7595 -0.049458
8.04559 3120 -2.6612 -0.047642
8.04783 3127 -2.2557 -0.040339
8.05007 3134 -2.3716 -0.042363
8.05230 3141 -2.6330 -0.046981
8.05452 3148 -2.7434 -0.048895
8.05706 3156 -2.7644 -0.049207
8.05928 3163 -2.8810 -0.051227
8.06149 3170 -2.6833 -0.047659
8.06369 3177 -2.6620 -0.047229
8.06589 3184 -2.6018 -0.046109
8.06809 3191 -2.3275 -0.041204
8.07028 3198 -2.1449 -0.037929
8.07278 3206 -2.5576 -0.045170
8.07496 3213 -2.2425 -0.039561
8.07714 3220 -1.9642 -0.034614
8.07931 3227 -1.8239 -0.032107
8.08178 3235 -1.7702 -0.031124
8.08395 3242 -1.5325 -0.026915
8.08610 3249 -1.1792 -0.020687
8.08856 3257 -1.0693 -0.018737
8.09071 3264 -0.7393 -0.012941
8.09285 3271 -0.8205 -0.014347
8.09529 3279 -0.3609 -0.006302
8.09743 3286 -0.0549 -0.000957
8.09955 3293 -0.0586 -0.001021
8.10198 3301 -0.4372 -0.007610
8.10410 3308 -0.2204 -0.003831
8.10651 3316 -0.1955 -0.003395
8.10862 3323 -0.4904 -0.008507
8.11103 3331 -0.5478 -0.009491
8.11313 3338 -0.4905 -0.008490
8.11552 3346 -0.6837 -0.011820
8.11761 3353 -0.8564 -0.014790
8.11999 3361 -1.1679 -0.020146
8.12207 3368 -1.1779 -0.020297
8.12445 3376 -0.5667 -0.009753
8.12652 3383 -0.2867 -0.004930
8.12888 3391 -0.5242 -0.009001
8.13124 3399 -0.3859 -0.006619
8.13329 3406 -0.2300 -0.003941
8.13564 3414 -0.4873 -0.008340
8.13798 3422 -0.5810 -0.009932
8.14002 3429 -0.3627 -0.006194
8.14235 3437 -0.2594 -0.004424
8.14468 3445 -0.1607 -0.002738
8.14700 3453 -0.1645 -0.002800
8.14902 3460 -0.4013 -0.006822
8.15133 3468 0.0783 0.001329
8.15364 3476 0.0030 0.000051
8.15594 3484 -0.4316 -0.007312
8.15823 3492 -0.7113 -0.012037
8.16052 3500 -0.5674 -0.009590
8.16252 3507 -0.8710 -0.014707
8.16479 3515 -0.8805 -0.014851
8.16707 3523 -0.7000 -0.011794
8.16934 3531 -0.6889 -0.011594
8.17160 3539 -0.4298 -0.007224
8.17386 3547 -0.6453 -0.010835
8.17611 3555 -0.7875 -0.013207
8.17836 3563 -0.4255 -0.007128
8.18060 3571 -0.3906 -0.006537
8.18284 3579 -0.5219 -0.008724
8.18507 3587 -0.1469 -0.002452
8.18730 3595 -0.2812 -0.004690
8.18952 3603 -0.4189 -0.006979
8.19202 3612 -0.3895 -0.006480
8.19423 3620 -0.1973 -0.003279
8.19644 3628 -0.0692 -0.001149
8.19864 3636 -0.2003 -0.003321
8.20084 3644 -0.8224 -0.013624
8.20303 3652 -0.6817 -0.011280
8.20549 3661 -0.5980 -0.009884
8.20767 3669 -0.7466 -0.012326
8.20985 3677 -0.6078 -0.010023
8.21203 3685 -0.6326 -0.010421
8.21447 3694 -1.0728 -0.017651
8.21663 3702 -1.2539 -0.020608
8.21879 3710 -1.3251 -0.021755
8.22121 3719 -1.2830 -0.021039
8.22336 3727 -1.1889 -0.019475
8.22550 3735 -1.5326 -0.025077
8.22791 3744 -1.2129 -0.019822
8.23004 3752 -0.9424 -0.015386
8.23244 3761 -1.1115 -0.018123
8.23456 3769 -1.1235 -0.018300
8.23695 3778 -1.2832 -0.020877
8.23907 3786 -1.5027 -0.024422
8.24144 3795 -1.3966 -0.022671
8.24355 3803 -1.4329 -0.023235
8.24591 3812 -1.3070 -0.021169
8.24801 3820 -1.4909 -0.024123
8.25036 3829 -1.9653 -0.031761
8.25271 3838 -1.8068 -0.029164
8.25479 3846 -2.0158 -0.032505
8.25713 3855 -2.4703 -0.039787
8.25946 3864 -2.5040 -0.040282
8.26153 3872 -2.4900 -0.040015
8.26385 3881 -2.5391 -0.040758
8.26616 3890 -2.8691 -0.046001
8.26848 3899 -2.9959 -0.047979
8.27053 3907 -2.5938 -0.041497
8.27283 3916 -2.5043 -0.040019
8.27512 3925 -2.6625 -0.042498
8.27741 3934 -2.8175 -0.044921
8.27970 3943 -3.0194 -0.048084
8.28198 3952 -3.0094 -0.047871
8.28400 3960 -2.5970 -0.041269
8.28627 3969 -2.6742 -0.042448
8.28853 3978 -2.2735 -0.036047
8.29079 3987 -2.3967 -0.037956
8.29305 3996 -2.0087 -0.031776
8.29530 4005 -1.9135 -0.030235
8.29754 4014 -2.0093 -0.031714
8.29978 4023 -1.6927 -0.026687
8.30202 4032 -1.5259 -0.024030
8.30425 4041 -1.5134 -0.023807
8.30672 4051 -1.2788 -0.020092
8.30894 4060 -1.0114 -0.015874
8.31115 4069 -0.6993 -0.010964
8.31336 4078 -0.7806 -0.012224
8.31557 4087 -0.8354 -0.013068
8.31777 4096 -0.8748 -0.013669
8.32020 4106 -1.0176 -0.015881
8.32239 4115 -0.6680 -0.010413
8.32458 4124 -1.0428 -0.016239
8.32676 4133 -1.5341 -0.023863
8.32918 4143 -2.1568 -0.033508
8.33135 4152 -2.0857 -0.032368
8.33351 4161 -1.6026 -0.024844
8.33591 4171 -2.0707 -0.032062
8.33807 4180 -1.6135 -0.024957
8.34046 4190 -1.6109 -0.024886
8.34260 4199 -2.0225 -0.031212
8.34474 4208 -1.5767 -0.024305
8.34712 4218 -1.6122 -0.024823
8.34925 4227 -1.8219 -0.028023
8.35161 4237 -1.7735 -0.027246
8.35397 4247 -1.6942 -0.025997
8.35609 4256 -1.6299 -0.024984
8.35843 4266 -1.5292 -0.023413
8.36054 4275 -1.2946 -0.019801
8.36288 4285 -1.7684 -0.027015
8.36521 4295 -2.0061 -0.030610
8.36730 4304 -1.9115 -0.029136
8.36962 4314 -1.9825 -0.030184
8.37194 4324 -1.7039 -0.025911
8.37402 4333 -1.5986 -0.024285
8.37632 4343 -1.1906 -0.018066
8.37862 4353 -1.3152 -0.019934
8.38092 4363 -0.8367 -0.012666
8.38320 4373 -0.5587 -0.008449
8.38526 4382 -1.0404 -0.015717
8.38754 4392 -0.6442 -0.009720
8.38981 4402 -0.6552 -0.009876
8.39208 4412 -0.6137 -0.009240
8.39435 4422 -0.8835 -0.013286
8.39661 4432 -1.2379 -0.018595
8.39886 4442 -1.0241 -0.015365
8.40111 4452 -1.1973 -0.017945
8.40335 4462 -0.8290 -0.012411
8.40559 4472 -1.3253 -0.019818
8.40782 4482 -1.5710 -0.023466
8.41005 4492 -1.6155 -0.024103
8.41228 4502 -1.7264 -0.025729
8.41450 4512 -1.6388 -0.024398
8.41693 4523 -1.6618 -0.024710
8.41914 4533 -1.4477 -0.021503
8.42134 4543 -1.6364 -0.024279
8.42354 4553 -0.6258 -0.009274
8.42574 4563 -0.7611 -0.011267
8.42814 4574 -0.6868 -0.010155
8.43033 4584 -0.9444 -0.013949
8.43251 4594 -0.7873 -0.011616
8.43490 4605 -0.7587 -0.011180
8.43707 4615 -0.5845 -0.008605
8.43923 4625 -0.7047 -0.010362
8.44161 4636 -1.2112 -0.017789
8.44376 4646 -0.7503 -0.011008
8.44613 4657 -1.1024 -0.016154
8.44827 4667 -1.6595 -0.024291
8.45063 4678 -1.7453 -0.025518
8.45276 4688 -1.6091 -0.023501
8.45510 4699 -1.7305 -0.025244
8.45723 4709 -1.8942 -0.027603
8.45956 4720 -2.3934 -0.034837
8.46189 4731 -2.8980 -0.042132
8.46400 4741 -2.2769 -0.033068
8.46632 4752 -2.4952 -0.036197
8.46863 4763 -2.3274 -0.033723
8.47073 4773 -2.4242 -0.035089
8.47303 4784 -2.1877 -0.031630
8.47533 4795 -2.2880 -0.033042
8.47762 4806 -1.9976 -0.028814
8.47991 4817 -2.4599 -0.035443
8.48198 4827 -2.1970 -0.031622
8.48426 4838 -2.3420 -0.033671
8.48653 4849 -2.5001 -0.035904
8.48879 4860 -2.4112 -0.034588
8.49105 4871 -2.6369 -0.037782
8.49331 4882 -2.4321 -0.034808
8.49556 4893 -1.8892 -0.027008
8.49781 4904 -1.8403 -0.026280
8.50005 4915 -2.5200 -0.035945
8.50228 4926 -2.3815 -0.033931
8.50451 4937 -2.3383 -0.033279
8.50674 4948 -2.5512 -0.036268
8.50916 4960 -2.8086 -0.039879
8.51138 4971 -3.2642 -0.046297
8.51359 4982 -3.1447 -0.044553
8.51579 4993 -3.1035 -0.043921
8.51799 5004 -3.6227 -0.051213
8.52039 5016 -3.4575 -0.048818
8.52258 5027 -3.8703 -0.054587
8.52476 5038 -3.6909 -0.052000
8.52714 5050 -3.3553 -0.047216
8.52932 5061 -3.4179 -0.048045
8.53149 5072 -3.8046 -0.053422
8.53385 5084 -3.3628 -0.047162
8.53601 5095 -3.8651 -0.054149
8.53837 5107 -3.6017 -0.050400
8.54052 5118 -3.9725 -0.055528
8.54286 5130 -3.6415 -0.050841
8.54500 5141 -3.0511 -0.042553
8.54733 5153 -2.7545 -0.038372
8.54947 5164 -2.9672 -0.041290
8.55179 5176 -2.5079 -0.034859
8.55410 5188 -2.8417 -0.039452
8.55622 5199 -2.7037 -0.037498
8.55853 5211 -2.8946 -0.040099
8.56083 5223 -2.8003 -0.038747
8.56312 5235 -2.3376 -0.032309
8.56522 5246 -1.9390 -0.026771
8.56751 5258 -2.3576 -0.032514
8.56979 5270 -2.0737 -0.028566
8.57206 5282 -2.2700 -0.031234
8.57433 5294 -1.9574 -0.026902
8.57659 5306 -1.8976 -0.026051
8.57885 5318 -1.9046 -0.026117
8.58111 5330 -1.3761 -0.018849
8.58336 5342 -1.2340 -0.016883
8.58560 5354 -0.8341 -0.011399
8.58784 5366 -0.7224 -0.009862
8.59007 5378 -0.7992 -0.010898
8.59230 5390 -0.4007 -0.005458
8.59452 5402 -0.2033 -0.002766
8.59674 5414 -0.4970 -0.006755
8.59896 5426 -0.1011 -0.001373
8.60135 5439 -0.3238 -0.004391
8.60355 5451 0.0826 0.001118
8.60575 5463 -0.4022 -0.005442
8.60795 5475 -0.3184 -0.004304
8.61032 5488 -0.5714 -0.007713
8.61250 5500 -0.5464 -0.007368
8.61486 5513 -0.3698 -0.004981
8.61704 5525 -0.0861 -0.001159
8.61921 5537 -0.3703 -0.004976
8.62155 5550 -0.1860 -0.002497
8.62371 5562 -0.2476 -0.003320
8.62605 5575 0.2805 0.003757
8.62820 5587 0.3842 0.005140
8.63052 5600 0.0471 0.000630
8.63284 5613 -0.1999 -0.002668
8.63498 5625 -0.6816 -0.009088
8.63728 5638 -0.4147 -0.005522
8.63959 5651 -1.0579 -0.014073
8.64171 5663 -1.0904 -0.014490
8.64400 5676 -0.8079 -0.010724
8.64629 5689 -1.1851 -0.015712
8.64857 5702 -0.9201 -0.012185
8.65085 5715 -0.7443 -0.009846
8.65295 5727 -0.4131 -0.005459
8.65521 5740 -0.7403 -0.009771
8.65748 5753 -0.8692 -0.011460
8.65973 5766 -0.5022 -0.006614
8.66199 5779 -0.5064 -0.006661
8.66423 5792 -0.2842 -0.003734
8.66647 5805 -0.3057 -0.004013
8.66871 5818 -0.1341 -0.001758
8.67094 5831 -0.0134 -0.000176
8.67334 5845 0.1002 0.001311
8.67556 5858 0.4138 0.005407
8.67778 5871 0.8203 0.010706
8.67999 5884 1.4622 0.019062
8.68220 5897 1.1810 0.015379
8.68457 5911 1.0686 0.013899
8.68677 5924 1.0707 0.013911
8.68896 5937 0.6566 0.008522
8.69131 5951 0.7481 0.009697
8.69350 5964 0.6037 0.007817
8.69584 5978 0.0677 0.000876
8.69801 5991 -0.5467 -0.007063
8.70018 6004 -0.2841 -0.003666
8.70251 6018 0.0207 0.000267
8.70483 6032 -0.1009 -0.001299
8.70699 6045 -0.0842 -0.001083
8.70930 6059 -0.5610 -0.007207
8.71144 6072 -0.1410 -0.001810
8.71375 6086 -0.4614 -0.005914
8.71604 6100 -0.3573 -0.004575
8.71817 6113 0.2269 0.002902
8.72046 6127 0.3526 0.004505
8.72274 6141 0.6814 0.008695
8.72502 6155 0.6249 0.007965
8.72729 6169 1.4157 0.018024
8.72956 6183 0.9607 0.012218
8.73182 6197 0.7839 0.009958
8.73408 6211 0.9108 0.011557
8.73617 6224 0.6639 0.008416
8.73858 6239 0.8521 0.010787
8.74082 6253 0.8432 0.010663
8.74305 6267 0.2901 0.003665
8.74528 6281 0.2593 0.003272
8.74751 6295 0.5611 0.007072
8.74973 6309 0.4422 0.005567
8.75195 6323 0.8489 0.010676
8.75432 6338 0.2221 0.002790
8.75653 6352 0.4260 0.005346
8.75873 6366 0.3481 0.004362
8.76092 6380 0.3445 0.004313
8.76327 6395 0.2944 0.003682
8.76546 6409 -0.1234 -0.001541
8.76780 6424 -0.4328 -0.005400
8.76997 6438 -0.7482 -0.009325
8.77230 6453 -0.9824 -0.012229
8.77447 6467 -0.6416 -0.007979
8.77678 6482 -0.5518 -0.006854
8.77894 6496 -1.0800 -0.013399
8.78125 6511 -0.8079 -0.010012
8.78355 6526 -1.2079 -0.014952
8.78569 6540 -1.3981 -0.017288
8.78798 6555 -1.6834 -0.020792
8.79027 6570 -1.6862 -0.020803
8.79255 6585 -1.6408 -0.020220
8.79467 6599 -1.2188 -0.015003
8.79694 6614 -1.8717 -0.023014
8.79921 6629 -2.2417 -0.027533
8.80147 6644 -2.8915 -0.035474
8.80372 6659 -2.7623 -0.033850
8.80597 6674 -2.4252 -0.029686
8.80822 6689 -2.8999 -0.035458
8.81046 6704 -3.3954 -0.041469
8.81269 6719 -3.5899 -0.043795
8.81492 6734 -3.6191 -0.044102
8.81730 6750 -3.3632 -0.040936
8.81952 6765 -3.3624 -0.040881
8.82173 6780 -3.6536 -0.044372
8.82394 6795 -3.8744 -0.047002
8.82629 6811 -3.3803 -0.040959
8.82849 6826 -2.8321 -0.034279
8.83069 6841 -2.8325 -0.034245
8.83303 6857 -2.3667 -0.028581
8.83521 6872 -2.3837 -0.028754
8.83754 6888 -2.5095 -0.030238
8.83971 6903 -1.8821 -0.022653
8.84203 6919 -1.6875 -0.020287
8.84419 6934 -1.9674 -0.023627
8.84650 6950 -1.2075 -0.014484
8.84865 6965 -1.2851 -0.015398
8.85095 6981 -1.6497 -0.019744
8.85324 6997 -1.5667 -0.018730
8.85552 7013 -1.6761 -0.020015
8.85766 7028 -1.7616 -0.021013
8.85993 7044 -1.6650 -0.019838
8.86220 7060 -1.5865 -0.018882
8.86446 7076 -1.9581 -0.023278
8.86672 7092 -1.6579 -0.019687
8.86898 7108 -1.3371 -0.015859
8.87122 7124 -1.9020 -0.022535
8.87347 7140 -2.1735 -0.025722
8.87571 7156 -1.7502 -0.020689
8.87794 7172 -1.9027 -0.022468
8.88017 7188 -1.8531 -0.021858
8.88239 7204 -1.9674 -0.023179
8.88475 7221 -1.9206 -0.022601
8.88696 7237 -2.2853 -0.026864
8.88917 7253 -2.0316 -0.023855
8.89151 7270 -2.2786 -0.026724
8.89371 7286 -2.5449 -0.029815
8.89590 7302 -3.0337 -0.035502
8.89823 7319 -3.1588 -0.036923
8.90041 7335 -4.0424 -0.047200
8.90273 7352 -3.8581 -0.044996
8.90490 7368 -4.0596 -0.047294
8.90721 7385 -3.8953 -0.045328
8.90951 7402 -3.7483 -0.043567
8.91166 7418 -4.0298 -0.046788
8.91395 7435 -3.8129 -0.044219
8.91624 7452 -3.4061 -0.039456
8.91838 7468 -3.3242 -0.038467
8.92066 7485 -3.1939 -0.036917
8.92292 7502 -2.8991 -0.033472
8.92519 7519 -3.2994 -0.038050
8.92745 7536 -2.8834 -0.033215
8.92970 7553 -3.1162 -0.035857
8.93195 7570 -3.0357 -0.034891
8.93419 7587 -3.5045 -0.040234
8.93643 7604 -3.5038 -0.040181
8.93866 7621 -2.9707 -0.034029
8.94089 7638 -2.5826 -0.029551
8.94324 7656 -2.1777 -0.024888
8.94546 7673 -2.8504 -0.032540
8.94768 7690 -2.3759 -0.027094
8.94988 7707 -2.6643 -0.030348
8.95222 7725 -2.3812 -0.027092
8.95442 7742 -2.4613 -0.027973
8.95674 7760 -2.4329 -0.027618
8.95893 7777 -2.0515 -0.023263
8.96124 7795 -2.0514 -0.023235
8.96342 7812 -1.9213 -0.021738
8.96572 7830 -2.0895 -0.023613
8.96789 7847 -1.6882 -0.019058
8.97018 7865 -2.0936 -0.023607
8.97246 7883 -2.5263 -0.028453
8.97462 7900 -2.4379 -0.027429
8.97689 7918 -2.8753 -0.032313
8.97916 7936 -2.2512 -0.025270
8.98143 7954 -2.9390 -0.032954
8.98369 7972 -3.0823 -0.034521
8.98595 7990 -3.1667 -0.035427
8.98820 8008 -3.7225 -0.041598
8.99044 8026 -3.4714 -0.038749
8.99268 8044 -3.9965 -0.044559
8.99492 8062 -3.8888 -0.043311
8.99715 8080 -3.5537 -0.039535
8.99937 8098 -3.4552 -0.038396
9.00172 8117 -3.5496 -0.039398
9.00393 8135 -3.4502 -0.038252
9.00614 8153 -3.5232 -0.039020
9.00847 8172 -3.1517 -0.034864
9.01067 8190 -3.1221 -0.034499
9.01286 8208 -3.2697 -0.036090
9.01518 8227 -3.1553 -0.034787
9.01736 8245 -3.1180 -0.034338
9.01966 8264 -2.7132 -0.029846
9.02196 8283 -2.4511 -0.026932
9.02413 8301 -2.6249 -0.028810
9.02642 8320 -2.9206 -0.032019
9.02870 8339 -2.7909 -0.030563
9.03085 8357 -3.4502 -0.037742
9.03313 8376 -2.8277 -0.030896
9.03539 8395 -2.7765 -0.030303
9.03765 8414 -2.5835 -0.028164
9.03991 8433 -1.8096 -0.019706
9.04216 8452 -2.1564 -0.023456
9.04440 8471 -2.6098 -0.028356
9.04664 8490 -2.4764 -0.026876
9.04888 8509 -2.4016 -0.026035
9.05111 8528 -2.4742 -0.026792
9.05345 8548 -3.1796 -0.034390
9.05567 8567 -3.3890 -0.036615
9.05789 8586 -3.1134 -0.033600
9.06010 8605 -3.4312 -0.036989
9.06242 8625 -3.0541 -0.032885
9.06462 8644 -3.4738 -0.037363
9.06693 8664 -4.4047 -0.047322
9.06912 8683 -4.7590 -0.051072
9.07142 8703 -4.8184 -0.051650
9.07360 8722 -3.9896 -0.042719
9.07589 8742 -3.1826 -0.034039
9.07818 8762 -2.8494 -0.030441
9.08035 8781 -2.5400 -0.027105
9.08262 8801 -2.3660 -0.025220
9.08489 8821 -2.7592 -0.029379
9.08716 8841 -2.6034 -0.027687
9.08941 8861 -2.0844 -0.022143
9.09167 8881 -1.3944 -0.014796
9.09392 8901 -1.0732 -0.011375
9.09616 8921 -0.5468 -0.005789
9.09840 8941 -0.7758 -0.008205
9.10064 8961 -0.4115 -0.004347
9.10287 8981 -0.7162 -0.007557
9.10509 9001 -0.2691 -0.002836
9.10742 9022 0.0368 0.000387
9.10964 9042 -0.0735 -0.000773
9.11185 9062 0.5603 0.005886
9.11416 9083 0.8708 0.009137
9.11636 9103 0.2002 0.002098
9.11866 9124 -0.3761 -0.003937
9.12085 9144 -0.7754 -0.008109
9.12315 9165 -0.2919 -0.003049
9.12533 9185 -0.7363 -0.007682
9.12761 9206 -0.0406 -0.000423
9.12989 9227 0.1716 0.001786
9.13216 9248 0.1783 0.001854
9.13443 9269 0.2297 0.002386
9.13659 9289 0.0835 0.000866
9.13884 9310 0.2666 0.002763
9.14110 9331 0.3870 0.004006
9.14335 9352 0.2956 0.003057
9.14559 9373 0.1481 0.001530
9.14783 9394 0.4575 0.004721
9.15017 9416 1.1421 0.011769
9.15239 9437 1.3448 0.013843
9.15462 9458 1.9830 0.020391
9.15683 9479 1.4544 0.014938
9.15915 9501 1.8275 0.018749
9.16136 9522 2.5999 0.026644
9.16367 9544 2.8626 0.029302
9.16587 9565 3.0371 0.031054
9.16816 9587 3.8000 0.038810
9.17035 9608 3.6796 0.037539
9.17264 9630 2.9585 0.030148
9.17482 9651 2.9617 0.030148
9.17709 9673 2.7273 0.027730
9.17937 9695 2.5136 0.025528
9.18163 9717 1.7854 0.018113
9.18389 9739 1.8189 0.018431
9.18615 9761 1.6873 0.017078
9.18840 9783 1.4615 0.014777
9.19065 9805 1.6041 0.016200
9.19289 9827 1.2456 0.012566
9.19513 9849 1.1233 0.011319
9.19736 9871 1.4599 0.014694
9.19958 9893 1.9230 0.019334
9.20190 9916 1.0948 0.010995
9.20412 9938 0.8307 0.008333
9.20633 9960 0.7299 0.007314
9.20864 9983 0.5512 0.005517
9.21084 10005 -0.1130 -0.001130
9.21314 10028 -0.5945 -0.005937
9.21533 10050 -0.7545 -0.007526
9.21761 10073 -1.1439 -0.011398
9.21989 10096 -0.8227 -0.008188
9.22207 10118 -0.9441 -0.009385
9.22434 10141 -0.4330 -0.004299
9.22661 10164 -0.5387 -0.005344
9.22887 10187 -0.3564 -0.003531
9.23112 10210 -0.5573 -0.005516
9.23337 10233 0.2606 0.002576
9.23562 10256 -0.1189 -0.001174
9.23786 10279 -0.3750 -0.003699
9.24009 10302 -0.5709 -0.005625
9.24232 10325 -1.3246 -0.013036
9.24455 10348 -1.2300 -0.012092
9.24687 10372 -2.0354 -0.019986
9.24908 10395 -1.7459 -0.017124
9.25139 10419 -1.6152 -0.015824
9.25359 10442 -1.5823 -0.015485
9.25579 10465 -1.8070 -0.017664
9.25808 10489 -1.5851 -0.015477
9.26037 10513 -1.4799 -0.014433
9.26255 10536 -0.9353 -0.009112
9.26483 10560 -1.0200 -0.009926
9.26710 10584 -1.2581 -0.012229
9.26936 10608 -1.7686 -0.017171
9.27162 10632 -2.2298 -0.021625
9.27388 10656 -2.6817 -0.025978
9.27613 10680 -2.7655 -0.026760
9.27837 10704 -3.3744 -0.032615
9.28061 10728 -3.5045 -0.033835
9.28285 10752 -3.8061 -0.036706
9.28508 10776 -3.6426 -0.035090
9.28730 10800 -4.4185 -0.042517
9.28961 10825 -4.0074 -0.038517
9.29183 10849 -3.9061 -0.037501
9.29404 10873 -3.8611 -0.037029
9.29633 10898 -4.5016 -0.043122
9.29853 10922 -3.8592 -0.036927
9.30082 10947 -3.7434 -0.035778
9.30310 10972 -3.1820 -0.030377
9.30529 10996 -3.0623 -0.029203
9.30756 11021 -2.6108 -0.024869
9.30982 11046 -2.4701 -0.023503
9.31208 11071 -2.2019 -0.020927
9.31434 11096 -2.6511 -0.025168
9.31659 11121 -2.1988 -0.020850
9.31884 11146 -2.5512 -0.024165
9.32108 11171 -2.7167 -0.025704
9.32331 11196 -2.2099 -0.020885
9.32554 11221 -1.4611 -0.013794
9.32786 11247 -1.7298 -0.016311
9.33008 11272 -1.7824 -0.016788
9.33229 11297 -1.7950 -0.016888
9.33459 11323 -1.1805 -0.011094
9.33680 11348 -1.0938 -0.010268
9.33909 11374 -0.8422 -0.007897
9.34128 11399 -1.4669 -0.013739
9.34356 11425 -1.2780 -0.011956
9.34583 11451 -1.6163 -0.015104
9.34810 11477 -1.2338 -0.011516
9.35028 11502 -1.5810 -0.014742
9.35253 11528 -2.5890 -0.024113
9.35479 11554 -2.4030 -0.022355
9.35703 11580 -2.5998 -0.024160
9.35928 11606 -2.5763 -0.023914
9.36152 11632 -2.2748 -0.021092
9.36383 11659 -1.8723 -0.017340
9.36606 11685 -2.6087 -0.024133
9.36828 11711 -2.2432 -0.020728
9.37059 11738 -1.9532 -0.018028
9.37280 11764 -1.4961 -0.013794
9.37509 11791 -0.6469 -0.005958
9.37729 11817 -0.1603 -0.001475
9.37958 11844 0.0894 0.000821
9.38177 11870 -0.0795 -0.000729
9.38404 11897 0.1639 0.001503
9.38631 11924 0.1402 0.001284
9.38857 11951 -0.1502 -0.001374
9.39083 11978 -1.0365 -0.009471
9.39308 12005 -0.6807 -0.006213
9.39533 12032 -0.9825 -0.008957
9.39757 12059 -1.4457 -0.013165
9.39980 12086 -1.5834 -0.014403
9.40203 12113 -1.8400 -0.016718
9.40426 12140 -1.9338 -0.017551
9.40656 12168 -2.2143 -0.020074
9.40878 12195 -2.0449 -0.018517
9.41107 12223 -2.4880 -0.022504
9.41328 12250 -2.6755 -0.024174
9.41556 12278 -2.7149 -0.024501
9.41776 12305 -2.8350 -0.025557
9.42003 12333 -3.3210 -0.029905
9.42230 12361 -2.6103 -0.023478
9.42456 12389 -2.8055 -0.025206
9.42682 12417 -2.5217 -0.022630
9.42899 12444 -1.5227 -0.013650
9.43124 12472 -1.8158 -0.016259
9.43356 12501 -1.6676 -0.014915
9.43580 12529 -1.7536 -0.015667
9.43803 12557 -1.4299 -0.012760
9.44026 12585 -1.4387 -0.012825
9.44256 12614 -1.2973 -0.011551
9.44478 12642 -1.3377 -0.011897
9.44699 12670 -1.7122 -0.015211
9.44928 12699 -1.2272 -0.010890
9.45156 12728 -0.9788 -0.008676
9.45376 12756 -1.1095 -0.009823
9.45603 12785 -0.3845 -0.003401
9.45829 12814 -0.6753 -0.005966
9.46055 12843 -1.4793 -0.013053
9.46273 12871 -2.4593 -0.021677
9.46498 12900 -2.5696 -0.022624
9.46731 12930 -2.5931 -0.022804
9.46955 12959 -2.8135 -0.024715
9.47178 12988 -1.9882 -0.017446
9.47401 13017 -1.4920 -0.013077
9.47624 13046 -1.2194 -0.010676
9.47853 13076 -0.7010 -0.006130
9.48075 13105 -0.1358 -0.001186
9.48304 13135 0.7291 0.006362
9.48524 13164 0.5553 0.004840
9.48752 13194 -0.0546 -0.000475
9.48979 13224 -0.4130 -0.003592
9.49198 13253 0.4088 0.003551
9.49424 13283 0.7687 0.006670
9.49650 13313 -0.0302 -0.000262
9.49875 13343 -0.5241 -0.004538
9.50099 13373 -1.0509 -0.009087
9.50323 13403 -0.8661 -0.007481
9.50547 13433 -1.0576 -0.009125
9.50777 13464 -1.4416 -0.012424
9.51000 13494 -2.0486 -0.017635
9.51222 13524 -1.8821 -0.016184
9.51451 13555 -1.8033 -0.015489
9.51672 13585 -1.4890 -0.012775
9.51900 13616 -1.3348 -0.011439
9.52127 13647 -2.4928 -0.021339
9.52347 13677 -2.5053 -0.021422
9.52573 13708 -1.9399 -0.016569
9.52799 13739 -2.3934 -0.020419
9.53025 13770 -2.0995 -0.017891
9.53250 13801 -2.2020 -0.018744
9.53474 13832 -2.2919 -0.019488
9.53698 13863 -1.5159 -0.012875
9.53921 13894 -1.8633 -0.015807
9.54151 13926 -1.6059 -0.013608
9.54374 13957 -1.5769 -0.013348
9.54603 13989 -2.3463 -0.019838
9.54824 14020 -3.4864 -0.029444
9.55052 14052 -2.0959 -0.017681
9.55272 14083 -2.2798 -0.019211
9.55499 14115 -2.0349 -0.017128
9.55726 14147 -2.3360 -0.019640
9.55952 14179 -2.9762 -0.024994
9.56177 14211 -2.2073 -0.018516
9.56402 14243 -2.6480 -0.022188
9.56627 14275 -2.9355 -0.024569
9.56850 14307 -2.8796 -0.024075
9.57074 14339 -1.8292 -0.015275
9.57297 14371 -1.4034 -0.011707
9.57526 14404 -0.2525 -0.002104
9.57748 14436 -0.3651 -0.003039
9.57976 14469 -0.0634 -0.000527
9.58197 14501 0.4285 0.003559
9.58425 14534 0.5217 0.004327
9.58645 14566 0.8616 0.007139
9.58871 14599 1.0146 0.008398
9.59097 14632 1.3278 0.010977
9.59322 14665 1.2109 0.009999
9.59547 14698 1.4890 0.012282
9.59771 14731 0.6861 0.005653
9.59995 14764 0.5424 0.004464
9.60225 14798 0.3958 0.003254
9.60447 14831 0.4112 0.003376
9.60670 14864 0.1354 0.001110
9.60898 14898 -0.2850 -0.002335
9.61119 14931 -0.4249 -0.003477
9.61347 14965 -1.4685 -0.012004
9.61574 14999 -1.0632 -0.008681
9.61794 15032 -0.7741 -0.006314
9.62020 15066 -0.3479 -0.002835
9.62245 15100 -1.2006 -0.009771
9.62470 15134 -1.2687 -0.010313
9.62694 15168 -2.1371 -0.017352
9.62918 15202 -1.2851 -0.010423
9.63148 15237 -1.1071 -0.008969
9.63371 15271 -1.2197 -0.009870
9.63593 15305 -0.9931 -0.008027
9.63822 15340 -0.8551 -0.006904
9.64043 15374 -0.7515 -0.006061
9.64271 15409 -0.2979 -0.002400
9.64498 15444 -0.1862 -0.001498
9.64724 15479 -0.0165 -0.000133
9.64943 15513 -0.3542 -0.002844
9.65169 15548 -0.8561 -0.006865
9.65394 15583 -0.6480 -0.005191
9.65618 15618 -0.1133 -0.000906
9.65848 15654 0.2702 0.002159
9.66072 15689 0.1422 0.001135
9.66294 15724 -0.2158 -0.001721
9.66523 15760 -0.2932 -0.002336
9.66745 15795 -0.5801 -0.004616
9.66973 15831 0.0212 0.000169
9.67193 15866 0.6366 0.005054
9.67420 15902 0.0544 0.000431
9.67646 15938 0.1356 0.001074
9.67872 15974 -0.0946 -0.000748
9.68097 16010 0.3035 0.002399
9.68321 16046 -0.5860 -0.004626
9.68546 16082 -0.6825 -0.005382
9.68769 16118 -0.4854 -0.003824
9.68992 16154 -1.2047 -0.009479
9.69221 16191 -1.1156 -0.008768
9.69443 16227 -2.3131 -0.018158
9.69671 16264 -2.4232 -0.019001
9.69892 16300 -2.7437 -0.021490
9.70119 16337 -2.8561 -0.022345
9.70345 16374 -2.1670 -0.016935
9.70571 16411 -1.7402 -0.013584
9.70796 16448 -1.3314 -0.010382
9.71021 16485 -2.0010 -0.015585
9.71245 16522 -2.9318 -0.022809
9.71469 16559 -3.7121 -0.028847
9.71692 16596 -4.7737 -0.037056
9.71920 16634 -4.9215 -0.038159
9.72143 16671 -5.1015 -0.039511
9.72370 16709 -5.0639 -0.039175
9.72591 16746 -3.9465 -0.030497
9.72818 16784 -3.8254 -0.029528
9.73044 16822 -3.4409 -0.026530
9.73270 16860 -4.0336 -0.031064
9.73495 16898 -4.1291 -0.031764
9.73720 16936 -4.3612 -0.033512
9.73944 16974 -3.2983 -0.025316
9.74167 17012 -2.6929 -0.020646
9.74391 17050 -3.1316 -0.023983
9.74619 17089 -3.3516 -0.025639
9.74841 17127 -4.3067 -0.032909
9.75069 17166 -4.6840 -0.035751
9.75290 17204 -4.2423 -0.032343
9.75516 17243 -4.9604 -0.037775
9.75742 17282 -5.9471 -0.045239
9.75967 17321 -4.8263 -0.036671
9.76192 17360 -4.5238 -0.034334
9.76417 17399 -4.5143 -0.034224
9.76641 17438 -4.3435 -0.032892
9.76864 17477 -4.0104 -0.030335
9.77093 17517 -4.2263 -0.031933
9.77315 17556 -4.1552 -0.031360
9.77543 17596 -4.1106 -0.030989
9.77764 17635 -3.8235 -0.028792
9.77991 17675 -3.6134 -0.027179
9.78217 17715 -3.1473 -0.023646
9.78442 17755 -2.7815 -0.020875
9.78667 17795 -2.0137 -0.015095
9.78892 17835 -2.7034 -0.020243
9.79116 17875 -2.9541 -0.022096
9.79339 17915 -1.5745 -0.011763
9.79568 17956 -1.5419 -0.011506
9.79790 17996 -2.3519 -0.017532
9.80018 18037 -2.5403 -0.018915
9.80240 18077 -2.6180 -0.019472
9.80466 18118 -3.1312 -0.023262
9.80692 18159 -3.1770 -0.023576
9.80918 18200 -3.7191 -0.027568
9.81143 18241 -3.3758 -0.024995
9.81367 18282 -3.0510 -0.022565
9.81591 18323 -3.0081 -0.022223
9.81815 18364 -3.4322 -0.025328
9.82038 18405 -3.1952 -0.023552
9.82266 18447 -2.7675 -0.020377
9.82488 18488 -3.0103 -0.022140
9.82715 18530 -2.9034 -0.021329
9.82941 18572 -2.8137 -0.020646
9.83167 18614 -2.5004 -0.018327
9.83387 18655 -2.2873 -0.016747
9.83612 18697 -1.8057 -0.013205
9.83842 18740 -1.3224 -0.009660
9.84065 18782 -0.9679 -0.007062
9.84289 18824 -1.8912 -0.013784
9.84512 18866 -1.6294 -0.011863
9.84739 18909 -1.9064 -0.013864
9.84966 18952 -1.8958 -0.013771
9.85188 18994 -2.5844 -0.018752
9.85414 19037 -2.0163 -0.014613
9.85640 19080 -2.6700 -0.019329
9.85865 19123 -2.5638 -0.018540
9.86089 19166 -2.5638 -0.018519
9.86313 19209 -2.7927 -0.020150
9.86537 19252 -2.7488 -0.019811
9.86765 19296 -2.7203 -0.019583
9.86988 19339 -3.3851 -0.024342
9.87215 19383 -3.9170 -0.028135
9.87437 19426 -4.6660 -0.033478
9.87663 19470 -3.5919 -0.025742
9.87889 19514 -3.5691 -0.025550
9.88114 19558 -3.0106 -0.021527
9.88339 19602 -2.1149 -0.015106
9.88563 19646 -2.7086 -0.019324
9.88787 19690 -2.5260 -0.018001
9.89015 19735 -2.8791 -0.020495
9.89238 19779 -3.3810 -0.024040
9.89465 19824 -2.6579 -0.018878
9.89687 19868 -1.8521 -0.013140
9.89913 19913 -1.5299 -0.010842
9.90139 19958 -1.4955 -0.010586
9.90364 20003 -1.5211 -0.010755
9.90588 20048 -1.2265 -0.008662
9.90813 20093 -1.0376 -0.007320
9.91036 20138 -1.9281 -0.013587
9.91260 20183 -1.0797 -0.007600
9.91487 20229 -1.6210 -0.011397
9.91709 20274 -1.5167 -0.010652
9.91936 20320 -2.5415 -0.017829
9.92162 20366 -1.7396 -0.012190
9.92388 20412 -1.9421 -0.013594
9.92613 20458 -1.3372 -0.009349
9.92838 20504 -1.6089 -0.011236
9.93062 20550 -1.4064 -0.009811
9.93285 20596 -2.0516 -0.014296
9.93513 20643 -1.4472 -0.010073
9.93736 20689 -1.8916 -0.013151
9.93963 20736 -2.3307 -0.016185
9.94184 20782 -2.6345 -0.018275
9.94410 20829 -1.1979 -0.008300
9.94636 20876 -1.6594 -0.011485
9.94860 20923 -1.7083 -0.011810
9.95085 20970 -0.7766 -0.005363
9.95309 21017 -0.2317 -0.001598
9.95537 21065 -0.2192 -0.001510
9.95760 21112 0.3732 0.002568
9.95987 21160 0.2030 0.001396
9.96209 21207 0.9291 0.006380
9.96435 21255 1.4895 0.010217
9.96660 21303 2.5763 0.017651
9.96885 21351 3.0008 0.020537
9.97110 21399 2.8087 0.019200
9.97334 21447 2.3709 0.016189
9.97558 21495 1.3150 0.008969
9.97785 21544 1.4107 0.009611
9.98008 21592 1.0172 0.006922
9.98234 21641 1.3126 0.008922
9.98461 21690 0.4194 0.002848
9.98686 21739 0.4189 0.002841
9.98907 21787 0.3158 0.002140
9.99136 21837 -1.6124 -0.010911
9.99360 21886 -2.5509 -0.017243
9.99584 21935 -2.5287 -0.017074
9.99807 21984 -1.1843 -0.007988
10.00034 22034 -0.8739 -0.005888
10.00261 22084 -0.4172 -0.002808
10.00482 22133 -0.6903 -0.004640
10.00708 22183 -0.6264 -0.004206
10.00933 22233 -0.7984 -0.005355
10.01158 22283 -0.7346 -0.004921
10.01382 22333 -0.1323 -0.000885
10.01610 22384 -0.2683 -0.001793
10.01833 22434 -0.5980 -0.003993
10.02056 22484 -1.2975 -0.008653
10.02282 22535 -1.2843 -0.008555
10.02509 22586 -1.2299 -0.008184
10.02734 22637 -1.0953 -0.007280
10.02959 22688 -1.1878 -0.007886
10.03184 22739 -0.9490 -0.006294
10.03408 22790 0.1749 0.001159
10.03631 22841 -1.2346 -0.008169
10.03859 22893 -1.5031 -0.009934
10.04081 22944 -1.5353 -0.010136
10.04308 22996 -1.5121 -0.009971
10.04533 23048 -1.2774 -0.008414
10.04759 23100 -1.0861 -0.007146
10.04984 23152 -1.3801 -0.009070
10.05208 23204 -2.5706 -0.016875
10.05432 23256 -1.6624 -0.010901
10.05655 23308 -1.6242 -0.010639
10.05882 23361 -2.1896 -0.014326
10.06105 23413 -1.8323 -0.011975
10.06331 23466 -2.5318 -0.016528
10.06556 23519 -2.9053 -0.018945
10.06781 23572 -2.1633 -0.014090
10.07006 23625 -2.8832 -0.018758
10.07230 23678 -1.8016 -0.011708
10.07458 23732 -1.6391 -0.010640
10.07681 23785 -2.0867 -0.013530
10.07908 23839 -2.6528 -0.017182
10.08130 23892 -2.6104 -0.016888
10.08356 23946 -2.0294 -0.013115
10.08581 24000 -1.6155 -0.010428
10.08806 24054 -2.0642 -0.013309
10.09030 24108 -1.8173 -0.011704
10.09254 24162 -2.6308 -0.016925
10.09481 24217 -1.2716 -0.008171
10.09704 24271 -1.2809 -0.008222
10.09930 24326 -2.2783 -0.014607
10.10156 24381 -2.5477 -0.016317
10.10381 24436 -2.8344 -0.018132
10.10606 24491 -2.4167 -0.015443
10.10830 24546 -2.5650 -0.016372
10.11054 24601 -2.6368 -0.016811
10.11282 24657 -2.3936 -0.015243
10.11504 24712 -2.6919 -0.017124
10.11731 24768 -2.2718 -0.014435
10.11957 24824 -1.4994 -0.009516
10.12178 24879 -1.2172 -0.007717
10.12403 24935 -0.5858 -0.003710
10.12631 24992 -1.7105 -0.010820
10.12855 25048 -1.5259 -0.009642
10.13078 25104 -1.9742 -0.012460
10.13305 25161 -1.1320 -0.007136
10.13527 25217 -0.6696 -0.004217
10.13753 25274 0.0115 0.000072
10.13978 25331 0.5144 0.003232
10.14203 25388 0.5618 0.003526
10.14427 25445 -0.1422 -0.000892
10.14655 25503 -0.7313 -0.004579
10.14878 25560 -0.9423 -0.005894
10.15105 25618 0.8694 0.005432
10.15327 25675 1.7946 0.011200
10.15553 25733 2.0302 0.012656
10.15778 25791 1.3957 0.008691
10.16003 25849 0.7695 0.004786
10.16227 25907 0.9208 0.005721
10.16454 25966 1.9393 0.012035
10.16677 26024 2.0169 0.012503
10.16904 26083 1.8141 0.011232
10.17126 26141 3.1255 0.019331
10.17351 26200 3.7816 0.023363
10.17576 26259 4.4024 0.027168
10.17801 26318 4.1581 0.025631
10.18029 26378 3.6652 0.022567
10.18252 26437 3.5055 0.021560
10.18479 26497 3.6238 0.022262
10.18701 26556 3.4913 0.021425
10.18927 26616 3.8649 0.023690
10.19152 26676 3.5092 0.021485
10.19377 26736 3.2154 0.019665
10.19601 26796 3.0565 0.018672
10.19828 26857 2.9985 0.018297
10.20051 26917 2.2136 0.013492
10.20278 26978 3.4113 0.020769
10.20500 27038 3.4045 0.020705
10.20725 27099 3.3384 0.020280
10.20950 27160 3.3351 0.020237
10.21178 27222 1.7468 0.010587
10.21402 27283 3.2233 0.019514
10.21625 27344 4.0441 0.024457
10.21852 27406 4.4032 0.026598
10.22078 27468 3.4038 0.020538
10.22300 27529 2.8452 0.017148
10.22524 27591 2.4388 0.014682
10.22753 27654 2.7569 0.016578
10.22977 27716 2.5127 0.015093
10.23200 27778 3.4409 0.020645
10.23427 27841 2.2081 0.013234
10.23649 27903 1.0439 0.006250
10.23874 27966 1.3898 0.008311
10.24099 28029 -0.3360 -0.002007
10.24324 28092 -1.7942 -0.010705
10.24552 28156 -2.2166 -0.013210
10.24775 28219 -0.7626 -0.004540
10.25002 28283 -0.7858 -0.004673
10.25224 28346 -1.7191 -0.010210
10.25450 28410 -2.0941 -0.012424
10.25675 28474 -1.8514 -0.010972
10.25899 28538 -1.9577 -0.011588
10.26123 28602 -2.9637 -0.017524
10.26350 28667 -3.7303 -0.022032
10.26573 28731 -4.0273 -0.023759
10.26799 28796 -4.4104 -0.025990
10.27025 28861 -4.2641 -0.025100
10.27250 28926 -4.6842 -0.027542
10.27474 28991 -4.0435 -0.023748
10.27698 29056 -3.2230 -0.018908
10.27925 29122 -1.9898 -0.011660
10.28148 29187 -1.0913 -0.006388
10.28374 29253 -0.6691 -0.003912
10.28599 29319 0.1638 0.000956
10.28824 29385 -0.6092 -0.003554
10.29048 29451 -0.2689 -0.001567
10.29272 29517 -0.7184 -0.004182
10.29499 29584 -0.2137 -0.001243
10.29722 29650 -1.0004 -0.005810
10.29947 29717 -0.9219 -0.005348
10.30173 29784 -0.7652 -0.004434
10.30397 29851 -1.0925 -0.006323
10.30622 29918 -1.6226 -0.009381
10.30849 29986 -1.5489 -0.008945
10.31072 30053 -2.4645 -0.014216
10.31298 30121 -2.6621 -0.015339
10.31523 30189 -2.6065 -0.015001
10.31748 30257 -3.5201 -0.020237
10.31973 30325 -3.9005 -0.022399
10.32197 30393 -4.9098 -0.028163
10.32424 30462 -4.8513 -0.027796
10.32647 30530 -4.1626 -0.023823
10.32872 30599 -4.8511 -0.027732
10.33098 30668 -4.1309 -0.023588
10.33322 30737 -4.8538 -0.027685
10.33546 30806 -3.8259 -0.021798
10.33773 30876 -3.8775 -0.022067
10.33997 30945 -4.6961 -0.026696
10.34223 31015 -6.2211 -0.035325
10.34448 31085 -6.5128 -0.036939
10.34673 31155 -5.1897 -0.029402
10.34897 31225 -5.3529 -0.030293
10.35121 31295 -5.8831 -0.033256
10.35345 31365 -6.1948 -0.034979
10.35571 31436 -6.7554 -0.038101
10.35797 31507 -6.7143 -0.037827
10.36022 31578 -7.1053 -0.039984
10.36246 31649 -7.0455 -0.039603
10.36470 31720 -8.0586 -0.045247
10.36697 31792 -8.4964 -0.047652
10.36920 31863 -8.6046 -0.048204
10.37146 31935 -8.2145 -0.045967
10.37371 32007 -9.0961 -0.050843
10.37596 32079 -8.7964 -0.049113
10.37820 32151 -7.7778 -0.043377
10.38047 32224 -8.2731 -0.046087
10.38270 32296 -8.7452 -0.048663
10.38496 32369 -10.4502 -0.058085
10.38721 32442 -10.1550 -0.056380
10.38946 32515 -9.5416 -0.052915
10.39170 32588 -7.3046 -0.040464
10.39394 32661 -6.9019 -0.038190
10.39620 32735 -6.5327 -0.036107
10.39846 32809 -6.8941 -0.038061
10.40071 32883 -5.7361 -0.031632
10.40296 32957 -5.3537 -0.029490
10.40520 33031 -4.7767 -0.026282
10.40744 33105 -5.0710 -0.027871
10.40970 33180 -5.3405 -0.029319
10.41193 33254 -4.9378 -0.027078
10.41418 33329 -5.0176 -0.027484
10.41643 33404 -4.8539 -0.026558
10.41870 33480 -4.4052 -0.024076
10.42094 33555 -3.5294 -0.019267
10.42320 33631 -3.3718 -0.018386
10.42543 33706 -4.0516 -0.022068
10.42768 33782 -3.9289 -0.021376
10.42993 33858 -2.1693 -0.011789
10.43217 33934 -1.3882 -0.007536
10.43444 34011 -0.5881 -0.003189
10.43667 34087 -0.7499 -0.004062
10.43893 34164 0.1140 0.000617
10.44118 34241 0.4730 0.002556
10.44343 34318 0.3483 0.001880
10.44567 34395 0.5951 0.003209
10.44793 34473 1.2798 0.006893
10.45019 34551 2.2994 0.012370
10.45242 34628 2.5079 0.013477
10.45467 34706 2.6702 0.014333
10.45691 34784 2.7003 0.014478
10.45918 34863 2.2409 0.012001
10.46142 34941 2.0432 0.010931
10.46367 35020 0.1241 0.000663
10.46593 35099 0.2116 0.001129
10.46818 35178 0.8962 0.004778
10.47042 35257 -0.0342 -0.000182
10.47266 35336 0.2332 0.001241
10.47492 35416 -0.0880 -0.000468
10.47718 35496 2.2250 0.011810
10.47943 35576 1.8670 0.009898
10.48167 35656 2.9229 0.015479
10.48391 35736 3.1516 0.016672
10.48618 35817 2.2726 0.012008
10.48841 35897 2.2984 0.012131
10.49066 35978 2.9439 0.015520
10.49291 36059 4.1844 0.022036
10.49516 36140 4.6236 0.024321
10.49742 36222 4.0722 0.021396
10.49966 36303 4.2255 0.022177
10.50191 36385 2.2441 0.011765
10.50416 36467 3.2287 0.016907
10.50641 36549 2.0040 0.010482
10.50865 36631 0.7725 0.004036
10.51091 36714 0.8393 0.004380
10.51314 36796 0.4726 0.002464
10.51540 36879 0.8691 0.004526
10.51765 36962 2.0210 0.010512
10.51992 37046 2.2513 0.011697
10.52215 37129 3.6979 0.019191
10.52441 37213 3.2771 0.016988
10.52664 37296 2.6755 0.013854
10.52889 37380 0.8671 0.004485
10.53116 37465 0.4183 0.002161
10.53340 37549 0.0358 0.000185
10.53564 37633 -1.0407 -0.005364
10.53789 37718 -0.9379 -0.004829
10.54014 37803 -1.0954 -0.005634
10.54239 37888 -1.6653 -0.008556
10.54466 37974 -2.7692 -0.014210
10.54689 38059 -2.7132 -0.013907
10.54915 38145 -2.7755 -0.014211
10.55140 38231 -1.0942 -0.005596
10.55365 38317 -0.9584 -0.004896
10.55589 38403 -0.9775 -0.004988
10.55815 38490 -1.4688 -0.007487
10.56039 38576 -2.0206 -0.010288
10.56264 38663 -2.6885 -0.013673
10.56489 38750 -3.0525 -0.015507
10.56713 38837 -3.3532 -0.017015
10.56939 38925 -2.8960 -0.014679
10.57162 39012 -3.1488 -0.015942
10.57388 39100 -2.5250 -0.012769
10.57613 39188 -1.8737 -0.009465
10.57839 39277 -2.3466 -0.011841
10.58063 39365 -1.7074 -0.008606
10.58289 39454 -1.9498 -0.009816
10.58512 39542 -0.5364 -0.002697
10.58739 39632 -0.7524 -0.003780
10.58964 39721 0.1031 0.000518
10.59187 39810 -0.2167 -0.001086
10.59413 39900 -1.8597 -0.009310
10.59638 39990 -2.6658 -0.013331
10.59863 40080 -2.3527 -0.011752
10.60088 40170 -2.4683 -0.012316
10.60311 40260 -3.1808 -0.015853
10.60537 40351 -2.9521 -0.014696
10.60762 40442 -2.7249 -0.013550
10.60987 40533 -1.3601 -0.006756
10.61211 40624 -1.3093 -0.006496
10.61438 40716 -0.6756 -0.003348
10.61661 40807 0.0777 0.000385
10.61886 40899 0.8010 0.003961
10.62111 40991 0.2381 0.001176
10.62337 41084 0.3260 0.001608
10.62561 41176 -0.0979 -0.000483
10.62787 41269 -1.5229 -0.007497
10.63012 41362 -1.6326 -0.008028
10.63236 41455 -1.1488 -0.005642
10.63460 41548 -1.4871 -0.007296
10.63686 41642 -0.9883 -0.004843
10.63912 41736 -0.5507 -0.002696
10.64137 41830 -0.6692 -0.003272
10.64361 41924 -1.9972 -0.009754
10.64585 42018 -3.3830 -0.016504
10.64811 42113 -4.7459 -0.023127
10.65037 42208 -5.5298 -0.026916
10.65261 42303 -5.9398 -0.028879
10.65486 42398 -6.9411 -0.033710
10.65709 42493 -6.4084 -0.031088
10.65935 42589 -5.1995 -0.025195
10.66160 42685 -4.8140 -0.023301
10.66385 42781 -4.0984 -0.019815
10.66609 42877 -2.6505 -0.012800
10.66835 42974 -4.5209 -0.021808
10.67061 43071 -5.9644 -0.028739
10.67285 43168 -5.8449 -0.028132
10.67510 43265 -6.4102 -0.030818
10.67734 43362 -6.1500 -0.029534
10.67960 43460 -7.0075 -0.033614
10.68185 43558 -6.5940 -0.031595
10.68410 43656 -4.8380 -0.023155
10.68634 43754 -4.5518 -0.021761
10.68860 43853 -4.5838 -0.021889
10.69085 43952 -4.5956 -0.021920
10.69310 44051 -4.3443 -0.020699
10.69535 44150 -4.3806 -0.020848
10.69759 44249 -3.5370 -0.016815
10.69985 44349 -3.8190 -0.018134
10.70210 44449 -4.9144 -0.023310
10.70434 44549 -4.7834 -0.022663
10.70659 44649 -5.1804 -0.024516
10.70885 44750 -6.0613 -0.028653
10.71108 44850 -6.0652 -0.028639
10.71333 44951 -5.5006 -0.025944
10.71559 45053 -4.3691 -0.020584
10.71783 45154 -2.8761 -0.013535
10.72009 45256 -3.5487 -0.016681
10.72234 45358 -2.4102 -0.011317
10.72459 45460 -2.2447 -0.010528
10.72683 45562 -2.5890 -0.012129
10.72909 45665 -0.6082 -0.002846
10.73132 45767 0.0557 0.000260
10.73359 45871 -0.9539 -0.004454
10.73583 45974 -0.1227 -0.000572
10.73807 46077 -0.4355 -0.002029
10.74032 46181 0.0478 0.000222
10.74257 46285 -0.6477 -0.003010
10.74482 46389 -1.1405 -0.005295
10.74708 46494 -0.7226 -0.003351
10.74931 46598 -0.4254 -0.001970
10.75156 46703 0.1790 0.000828
10.75383 46809 -0.7472 -0.003454
10.75607 46914 -1.3208 -0.006098
10.75833 47020 -0.6082 -0.002805
10.76056 47125 0.7163 0.003300
10.76283 47232 0.4058 0.001867
10.76507 47338 -0.3149 -0.001447
10.76733 47445 -2.1599 -0.009916
10.76956 47551 -2.6560 -0.012180
10.77181 47658 -3.0342 -0.013899
10.77407 47766 -2.7906 -0.012769
10.77631 47873 -2.5485 -0.011648
10.77856 47981 -2.2198 -0.010134
10.78081 48089 -1.9037 -0.008681
10.78305 48197 -2.4197 -0.011022
10.78531 48306 -3.0092 -0.013692
10.78756 48415 -4.2905 -0.019499
10.78981 48524 -5.4379 -0.024686
10.79206 48633 -4.9518 -0.022454
10.79430 48742 -4.4023 -0.019940
10.79655 48852 -3.8688 -0.017504
10.79880 48962 -4.2327 -0.019129
10.80104 49072 -2.5689 -0.011597
10.80330 49183 -2.1769 -0.009816
10.80556 49294 -0.8753 -0.003943
10.80781 49405 -1.2630 -0.005682
10.81005 49516 -1.2676 -0.005696
10.81229 49627 0.5358 0.002405
10.81454 49739 -0.0990 -0.000444
10.81679 49851 0.6663 0.002984
10.81904 49963 -0.9668 -0.004325
10.82130 50076 -1.7582 -0.007857
10.82355 50189 -1.6671 -0.007441
10.82580 50302 -1.2020 -0.005359
10.82804 50415 -1.4842 -0.006610
10.83030 50529 -1.8896 -0.008406
10.83254 50642 0.0768 0.000341
10.83479 50756 0.7825 0.003473
10.83705 50871 -0.4202 -0.001863
10.83929 50985 0.0380 0.000168
10.84154 51100 -1.9907 -0.008806
10.84379 51215 -2.3362 -0.010323
10.84603 51330 -1.4487 -0.006394
10.84829 51446 -0.4759 -0.002098
10.85054 51562 -0.3828 -0.001686
10.85279 51678 -0.2155 -0.000948
10.85503 51794 -1.0152 -0.004461
10.85729 51911 -1.5166 -0.006656
10.85954 52028 -0.3374 -0.001479
10.86178 52145 -0.3500 -0.001533
10.86402 52262 -0.8846 -0.003870
10.86628 52380 -1.4246 -0.006224
10.86853 52498 -1.4380 -0.006276
10.87078 52616 -0.2999 -0.001307
10.87303 52735 1.3978 0.006087
10.87527 52853 1.8618 0.008099
10.87752 52972 0.9209 0.004001
10.87978 53092 -1.2559 -0.005450
10.88202 53211 0.5574 0.002416
10.88427 53331 -0.0463 -0.000201
10.88652 53451 0.5902 0.002553
10.88876 53571 -0.6661 -0.002878
10.89102 53692 -1.0378 -0.004479
10.89327 53813 -0.0389 -0.000168
10.89552 53934 0.3919 0.001687
10.89778 54056 0.8606 0.003702
10.90001 54177 -0.5684 -0.002442
10.90226 54299 -1.5150 -0.006502
10.90452 54422 -1.5174 -0.006505
10.90676 54544 -2.8163 -0.012059
10.90902 54667 -2.6378 -0.011282
10.91126 54790 -3.4436 -0.014712
10.91351 54913 -4.1685 -0.017788
10.91576 55037 -4.2111 -0.017950
10.91801 55161 -4.3056 -0.018332
10.92026 55285 -5.0776 -0.021595
10.92252 55410 -6.1229 -0.026011
10.92475 55534 -4.2304 -0.017952
10.92702 55660 -3.0896 -0.013096
10.92926 55785 -1.3886 -0.005879
10.93150 55910 -0.7226 -0.003056
10.93375 56036 -0.5038 -0.002128
10.93601 56163 0.3582 0.001511
10.93825 56289 1.4119 0.005951
10.94051 56416 2.6039 0.010963
10.94276 56543 3.8750 0.016296
10.94500 56670 2.8596 0.012012
10.94726 56798 2.8872 0.012115
10.94951 56926 3.3148 0.013893
10.95175 57054 1.2220 0.005116
10.95399 57182 0.8210 0.003433
10.95625 57311 0.9271 0.003872
10.95850 57440 0.7761 0.003238
10.96074 57569 3.4472 0.014367
10.96300 57699 4.5176 0.018807
10.96525 57829 3.7898 0.015759
10.96749 57959 3.4569 0.014359
10.96975 58090 4.0797 0.016927
10.97198 58220 3.8556 0.015979
10.97425 58352 4.2681 0.017669
10.97649 58483 5.2409 0.021671
10.97875 58615 6.3029 0.026034
10.98100 58747 5.5835 0.023036
10.98324 58879 4.3820 0.018059
10.98548 59011 4.2730 0.017590
10.98773 59144 5.0390 0.020720
10.98999 59278 5.6484 0.023199
10.99223 59411 6.1352 0.025171
10.99449 59545 4.3006 0.017624
10.99674 59679 3.7655 0.015414
10.99898 59813 4.6560 0.019038
11.00123 59948 4.7275 0.019308
11.00348 60083 6.2398 0.025456
11.00573 60218 5.6456 0.023006
11.00798 60354 5.5014 0.022393
11.01023 60490 5.9783 0.024307
11.01248 60626 6.5744 0.026701
11.01472 60762 6.1281 0.024861
11.01697 60899 5.9020 0.023916
11.01922 61036 4.2873 0.017354
11.02148 61174 5.9773 0.024167
11.02373 61312 7.6812 0.031021
11.02598 61450 6.3669 0.025684
11.02822 61588 6.4133 0.025843
11.03048 61727 4.7014 0.018923
11.03273 61866 3.9890 0.016037
11.03497 62005 3.1565 0.012676
11.03723 62145 3.8630 0.015496
11.03946 62284 2.6493 0.010615
11.04172 62425 0.6445 0.002580
11.04396 62565 -1.0178 -0.004069
11.04621 62706 -2.0006 -0.007989
11.04846 62847 -2.2345 -0.008913
11.05072 62989 -1.2424 -0.004950
11.05297 63131 -0.4844 -0.001928
11.05521 63273 -0.7619 -0.003029
11.05746 63415 -0.2961 -0.001176
11.05971 63558 -1.0798 -0.004283
11.06196 63701 -1.1939 -0.004730
11.06421 63845 -0.3787 -0.001499
11.06645 63988 -0.4600 -0.001819
11.06871 64133 -0.4714 -0.001861
11.07096 64277 -2.1651 -0.008540
11.07321 64422 -2.8019 -0.011039
11.07546 64567 -4.5421 -0.017875
11.07770 64712 -4.5643 -0.017942
11.07996 64858 -4.9765 -0.019541
11.08220 65004 -4.4547 -0.017472
11.08445 65150 -5.1706 -0.020257
11.08670 65297 -4.8581 -0.019012
11.08895 65444 -4.8012 -0.018768
11.09119 65591 -3.9561 -0.015447
11.09345 65739 -5.1536 -0.020100
11.09570 65887 -5.7539 -0.022416
11.09794 66035 -6.0871 -0.023688
11.10019 66184 -5.1174 -0.019892
11.10244 66333 -5.5915 -0.021710
11.10470 66483 -4.6743 -0.018128
11.10694 66632 -6.4077 -0.024823
11.10919 66782 -7.2091 -0.027897
11.11145 66933 -7.7016 -0.029769
11.11369 67083 -8.9362 -0.034502
11.11593 67234 -9.3428 -0.036032
11.11819 67386 -7.7041 -0.029678
11.12045 67538 -5.8400 -0.022472
11.12269 67690 -5.9309 -0.022796
11.12494 67842 -4.7538 -0.018251
11.12719 67995 -5.0116 -0.019219
11.12944 68148 -3.7101 -0.014212
11.13168 68301 -4.7628 -0.018224
11.13393 68455 -6.1103 -0.023354
11.13618 68609 -6.5766 -0.025108
11.13844 68764 -4.8662 -0.018557
11.14069 68919 -5.7476 -0.021894
11.14293 69074 -5.1084 -0.019437
11.14518 69229 -6.7575 -0.025683
11.14743 69385 -6.7053 -0.025456
11.14967 69541 -6.1393 -0.023281
11.15193 69698 -7.3925 -0.028002
11.15418 69855 -8.0125 -0.030316
11.15642 70012 -7.2354 -0.027345
11.15868 70170 -6.8398 -0.025821
11.16093 70328 -7.1020 -0.026780
11.16317 70486 -7.0165 -0.026428
11.16542 70645 -6.6673 -0.025085
11.16767 70804 -6.5717 -0.024697
11.16991 70963 -6.0788 -0.022819
11.17217 71123 -5.6865 -0.021323
11.17441 71283 -6.0755 -0.022756
11.17667 71444 -8.5634 -0.032038
11.17892 71605 -7.7539 -0.028977
11.18117 71766 -7.2434 -0.027038
11.18342 71928 -7.0513 -0.026292
11.18567 72090 -8.1424 -0.030326
11.18792 72252 -7.8052 -0.029038
11.19017 72415 -5.3137 -0.019746
11.19242 72578 -4.6014 -0.017080
11.19466 72741 -4.2525 -0.015767
11.19691 72905 -2.8829 -0.010677
11.19916 73069 -0.6115 -0.002262
11.20142 73234 -2.9751 -0.010994
11.20365 73398 -2.1515 -0.007941
11.20591 73564 -3.0998 -0.011429
11.20815 73729 -2.1581 -0.007948
11.21040 73895 -2.5183 -0.009264
11.21266 74062 -1.3660 -0.005020
11.21491 74229 -1.9400 -0.007120
11.21716 74396 0.8553 0.003136
11.21940 74563 0.8743 0.003202
11.22165 74731 -0.5701 -0.002086
11.22390 74899 -1.9081 -0.006972
11.22615 75068 -0.6739 -0.002460
11.22840 75237 -0.3664 -0.001336
11.23064 75406 -1.2535 -0.004565
11.23289 75576 -2.5741 -0.009363
11.23514 75746 -2.1214 -0.007708
11.23740 75917 -0.4009 -0.001455
11.23965 76088 -0.4590 -0.001664
11.24189 76259 -1.4698 -0.005323
11.24414 76431 -1.0291 -0.003722
11.24639 76603 -1.3333 -0.004817
11.24865 76776 -2.2552 -0.008139
11.25089 76948 -2.3411 -0.008439
11.25314 77122 -3.1811 -0.011455
11.25538 77295 -3.4763 -0.012504
11.25763 77469 -2.2576 -0.008111
11.25989 77644 -3.2932 -0.011819
11.26214 77819 -2.3556 -0.008444
11.26439 77994 -1.4798 -0.005299
11.26664 78170 -2.7543 -0.009851
11.26889 78346 -3.9421 -0.014084
11.27113 78522 -4.9422 -0.017637
11.27339 78699 -6.0442 -0.021545
11.27563 78876 -4.8865 -0.017399
11.27789 79054 -5.2696 -0.018742
11.28014 79232 -5.6027 -0.019904
11.28238 79410 -4.9718 -0.017643
11.28463 79589 -3.1339 -0.011108
11.28688 79768 -3.0466 -0.010787
11.28913 79948 -0.0226 -0.000080
11.29138 80128 -1.6335 -0.005771
11.29362 80308 -2.1201 -0.007481
11.29588 80489 -3.6995 -0.013040
11.29812 80670 -4.4872 -0.015799
11.30038 80852 -4.4955 -0.015810
11.30262 81034 -5.6169 -0.019732
11.30487 81216 -6.7270 -0.023605
11.30712 81399 -6.8937 -0.024163
11.30936 81582 -7.4561 -0.026105
11.31162 81766 -7.1633 -0.025051
11.31386 81950 -6.0970 -0.021298
11.31612 82135 -6.4091 -0.022363
11.31837 82320 -5.5741 -0.019428
11.32061 82505 -4.2214 -0.014697
11.32287 82691 -6.5124 -0.022647
11.32511 82877 -7.2663 -0.025240
11.32737 83064 -4.5126 -0.015657
11.32962 83251 -4.9171 -0.017042
11.33186 83438 -5.1404 -0.017796
11.33411 83626 -4.1484 -0.014345
11.33636 83814 -3.0645 -0.010585
11.33861 84003 -2.9801 -0.010282
11.34086 84192 -3.5031 -0.012073
11.34311 84382 -4.2598 -0.014664
11.34536 84572 -3.1140 -0.010708
11.34760 84762 -6.1027 -0.020961
11.34985 84953 -4.7916 -0.016440
11.35210 85144 -3.6824 -0.012620
11.35435 85336 -4.2802 -0.014652
11.35660 85528 -2.3759 -0.008124
11.35885 85721 -3.2157 -0.010983
11.36110 85914 -2.2007 -0.007508
11.36335 86107 -3.1806 -0.010839
11.36560 86301 -1.5722 -0.005352
11.36785 86496 -1.8312 -0.006226
11.37009 86690 -0.1621 -0.000550
11.37235 86886 1.2025 0.004080
11.37459 87081 1.0296 0.003489
11.37684 87277 -0.2901 -0.000982
11.37910 87474 -1.3810 -0.004669
11.38135 87671 -0.1975 -0.000667
11.38359 87868 0.5964 0.002012
11.38584 88066 0.6442 0.002171
11.38809 88264 -0.7983 -0.002687
11.39034 88463 1.2676 0.004262
11.39259 88662 -0.1004 -0.000337
11.39484 88862 0.2979 0.000999
11.39709 89062 2.7463 0.009202
11.39934 89263 4.4140 0.014774
11.40159 89464 4.2854 0.014327
11.40384 89665 1.0732 0.003584
11.40609 89867 1.0501 0.003503
11.40833 90069 -2.3721 -0.007904
11.41058 90272 -2.5748 -0.008570
11.41283 90475 -2.7603 -0.009177
11.41508 90679 -4.1165 -0.013670
11.41733 90883 -3.0629 -0.010160
11.41958 91088 -2.0239 -0.006706
11.42183 91293 -2.1723 -0.007190
11.42408 91499 0.1367 0.000452
11.42633 91705 0.0277 0.000092
11.42858 91911 2.0254 0.006681
11.43083 92118 2.6516 0.008737
11.43307 92325 1.4660 0.004825
11.43532 92533 1.6945 0.005571
11.43758 92742 1.6781 0.005510
11.43982 92950 0.9655 0.003167
11.44207 93160 3.3260 0.010897
11.44433 93370 4.3421 0.014210
11.44657 93580 4.0834 0.013348
11.44882 93791 4.7219 0.015418
11.45107 94002 6.3054 0.020566
11.45331 94213 5.6130 0.018287
11.45556 94425 4.3586 0.014184
11.45781 94638 5.5937 0.018183
11.46006 94851 3.5593 0.011557
11.46232 95065 2.1948 0.007118
11.46456 95279 -1.3125 -0.004252
11.46681 95493 1.7128 0.005543
11.46906 95708 0.9257 0.002992
11.47131 95924 0.7427 0.002398
11.47356 96140 1.0209 0.003293
11.47580 96356 -0.3528 -0.001137
11.47805 96573 -0.3459 -0.001113
11.48031 96791 -0.4548 -0.001462
11.48256 97009 -0.5374 -0.001726
11.48480 97227 -1.7743 -0.005690
11.48705 97446 -1.3609 -0.004360
11.48931 97666 1.0128 0.003241
11.49155 97885 -0.3743 -0.001196
11.49380 98106 0.4242 0.001354
11.49605 98327 1.5501 0.004943
11.49830 98548 1.2734 0.004056
11.50055 98770 1.7365 0.005525
11.50279 98992 1.6573 0.005267
11.50504 99215 2.1527 0.006834
11.50730 99439 5.9997 0.019026
11.50955 99663 5.7422 0.018189
11.51179 99887 5.4366 0.017202
11.51404 100112 5.0227 0.015874
11.51629 100337 3.4066 0.010754
11.51854 100563 2.8218 0.008898
11.52079 100790 1.5279 0.004813
11.52304 101017 1.7073 0.005372
11.52529 101244 3.9301 0.012352
11.52754 101472 3.7856 0.011884
11.52979 101701 4.1120 0.012894
11.53204 101930 6.2135 0.019462
11.53429 102159 5.6237 0.017595
11.53653 102389 6.1763 0.019302
11.53879 102620 7.6118 0.023761
11.54104 102851 7.2471 0.022598
11.54328 103082 5.1498 0.016040
11.54554 103315 6.1579 0.019158
11.54778 103547 7.1873 0.022336
11.55003 103780 8.5094 0.026414
11.55228 104014 8.0468 0.024950
11.55453 104248 10.1402 0.031406
11.55678 104483 9.7063 0.030028
11.55903 104718 9.0588 0.027994
11.56128 104954 7.5247 0.023227
11.56352 105190 5.3607 0.016529
11.56577 105427 4.6867 0.014434
11.56803 105665 4.1024 0.012620
11.57028 105903 3.3450 0.010279
11.57252 106141 3.1480 0.009663
11.57477 106380 1.1182 0.003428
11.57703 106620 0.7421 0.002273
11.57927 106860 1.3844 0.004235
11.58152 107100 0.8021 0.002451
11.58377 107341 -0.1044 -0.000319
11.58602 107583 -1.3486 -0.004112
11.58826 107825 -3.4722 -0.010574
11.59052 108068 -4.1618 -0.012660
11.59276 108311 -4.0074 -0.012177
11.59501 108555 -2.6335 -0.007993
11.59727 108800 -5.3479 -0.016213
11.59952 109045 -5.5406 -0.016779
11.60176 109290 -4.6508 -0.014068
11.60401 109536 -3.9541 -0.011947
11.60626 109783 -2.7638 -0.008341
11.60851 110030 -0.6173 -0.001861
11.61076 110278 -1.4243 -0.004289
11.61301 110526 -1.6871 -0.005075
11.61526 110775 -2.2864 -0.006870
11.61751 111025 -3.9869 -0.011965
11.61976 111275 -3.9194 -0.011749
11.62200 111525 -4.2439 -0.012708
11.62425 111776 -6.0250 -0.018021
11.62650 112028 -7.2779 -0.021744
11.62875 112280 -7.3228 -0.021854
11.63100 112533 -8.5181 -0.025392
11.63325 112786 -6.1973 -0.018453
11.63550 113040 -6.4664 -0.019233
11.63775 113295 -6.4911 -0.019285
11.64000 113550 -5.2386 -0.015546
11.64225 113806 -2.3587 -0.006992
11.64450 114062 -2.8779 -0.008521
11.64675 114319 -3.8267 -0.011318
11.64899 114576 -5.0652 -0.014964
11.65124 114834 -4.9551 -0.014622
11.65350 115093 -5.4274 -0.015998
11.65574 115352 -3.4134 -0.010050
11.65800 115612 -0.0446 -0.000131
11.66024 115872 0.4036 0.001186
11.66249 116133 1.8945 0.005559
11.66474 116394 1.8919 0.005545
11.66699 116657 0.2739 0.000802
11.66924 116919 -0.9767 -0.002856
11.67148 117182 -3.0974 -0.009048
11.67373 117446 -2.4668 -0.007198
11.67599 117711 -4.6935 -0.013680
11.67824 117976 -5.8300 -0.016973
11.68048 118241 -6.4498 -0.018757
11.68274 118508 -6.6879 -0.019428
11.68499 118775 -6.6643 -0.019337
11.68723 119042 -4.5300 -0.013129
11.68948 119310 -0.8564 -0.002479
11.69173 119579 -1.9734 -0.005707
11.69398 119848 -1.8515 -0.005348
11.69623 120118 -1.8950 -0.005468
11.69848 120388 -2.3471 -0.006764
11.70072 120659 -3.8645 -0.011125
11.70298 120931 -7.8174 -0.022480
11.70522 121203 -5.4460 -0.015643
11.70747 121476 -4.6762 -0.013417
11.70973 121750 -4.6183 -0.013236
11.71197 122024 -5.6298 -0.016117
11.71422 122299 -5.9318 -0.016962
11.71647 122574 -7.1552 -0.020437
11.71872 122850 -9.4182 -0.026871
11.72097 123127 -9.6095 -0.027386
11.72322 123404 -9.3426 -0.026595
11.72547 123682 -9.8759 -0.028082
11.72771 123960 -9.6930 -0.027531
11.72996 124239 -9.9708 -0.028288
11.73221 124519 -9.7895 -0.027742
11.73447 124800 -8.9003 -0.025194
11.73672 125081 -7.9444 -0.022463
11.73896 125362 -5.8243 -0.016450
11.74122 125645 -5.7633 -0.016259
11.74346 125927 -6.6483 -0.018735
11.74571 126211 -7.5928 -0.021373
11.74796 126495 -10.7196 -0.030140
11.75021 126780 -9.8808 -0.027750
11.75245 127065 -8.7564 -0.024565
11.75471 127352 -6.0699 -0.017009
11.75695 127638 -3.4634 -0.009694
11.75921 127926 -0.4630 -0.001294
11.76146 128214 1.3327 0.003722
11.76371 128503 2.2949 0.006402
11.76595 128792 2.1666 0.006037
11.76820 129082 1.9797 0.005510
11.77045 129373 0.5595 0.001555
11.77270 129664 -0.4090 -0.001136
11.77495 129956 -3.2491 -0.009013
11.77720 130248 -2.7492 -0.007618
11.77945 130542 -2.4880 -0.006886
11.78170 130836 -4.3054 -0.011903
11.78394 131130 -2.8940 -0.007992
11.78620 131426 -4.3581 -0.012021
11.78844 131721 -2.4846 -0.006846
11.79069 132018 -1.2157 -0.003346
11.79294 132315 0.7679 0.002111
11.79519 132613 0.2722 0.000748
11.79744 132912 0.7528 0.002065
11.79969 133211 -1.5853 -0.004343
11.80194 133511 -2.1226 -0.005809
11.80419 133812 -3.8495 -0.010523
11.80644 134113 -2.8922 -0.007898
11.80869 134415 -4.6478 -0.012677
11.81094 134718 -6.3984 -0.017433
11.81319 135021 -6.9272 -0.018852
11.81543 135325 -5.0907 -0.013839
11.81769 135630 -6.0782 -0.016504
11.81993 135935 -7.1591 -0.019417
11.82218 136241 -8.8954 -0.024100
11.82443 136548 -6.8725 -0.018598
11.82668 136855 -6.9555 -0.018802
11.82893 137164 -7.8270 -0.021134
11.83118 137472 -6.5800 -0.017747
11.83343 137782 -5.3512 -0.014416
11.83568 138092 -5.6215 -0.015127
11.83792 138403 -6.3307 -0.017017
11.84018 138715 -3.8673 -0.010383
11.84242 139027 -5.3671 -0.014394
11.84467 139340 -5.5197 -0.014787
11.84692 139654 -6.6818 -0.017880
11.84917 139968 -7.3713 -0.019703
11.85142 140284 -6.3602 -0.016981
11.85367 140600 -5.7165 -0.015245
11.85592 140916 -7.1832 -0.019136
11.85817 141233 -6.0114 -0.015996
11.86042 141551 -3.8050 -0.010113
11.86267 141870 -3.1218 -0.008288
11.86492 142190 -3.9940 -0.010592
11.86717 142510 -7.3773 -0.019542
11.86942 142831 -5.4837 -0.014510
11.87166 143152 -3.9561 -0.010456
11.87392 143475 -3.5472 -0.009365
11.87616 143798 -3.6732 -0.009687
11.87841 144121 -4.0865 -0.010764
11.88066 144446 -5.5637 -0.014639
11.88291 144771 -4.0540 -0.010655
11.88516 145097 -5.3394 -0.014017
11.88741 145424 -5.8915 -0.015449
11.88965 145751 -5.6811 -0.014881
11.89191 146080 -6.8284 -0.017866
11.89415 146408 -2.9185 -0.007627
11.89640 146738 -2.7780 -0.007252
11.89866 147069 -4.3532 -0.011351
11.90091 147400 -6.5388 -0.017031
11.90316 147732 -5.8282 -0.015163
11.90540 148064 -6.5786 -0.017096
11.90765 148398 -4.8609 -0.012618
11.90990 148732 -4.9759 -0.012902
11.91215 149067 -5.8568 -0.015170
11.91440 149402 -6.0892 -0.015754
11.91665 149739 -2.2294 -0.005761
11.91890 150076 -1.0201 -0.002633
11.92115 150414 0.8471 0.002184
11.92340 150753 -1.2051 -0.003104
11.92564 151092 -0.1146 -0.000295
11.92789 151432 -3.2514 -0.008355
11.93014 151773 -2.9646 -0.007610
11.93239 152115 -0.9102 -0.002334
11.93464 152457 1.1099 0.002842
11.93689 152801 0.5172 0.001323
11.93914 153145 1.4211 0.003632
11.94139 153490 1.6476 0.004206
11.94364 153835 3.7730 0.009620
11.94589 154182 5.2040 0.013253
11.94814 154529 8.1688 0.020780
11.95039 154877 10.1122 0.025695
11.95264 155226 10.8257 0.027477
11.95488 155575 9.7568 0.024736
11.95713 155925 11.3840 0.028829
11.95938 156276 12.2204 0.030913
11.96163 156628 11.3072 0.028571
11.96388 156981 12.2523 0.030924
11.96613 157335 10.9233 0.027539
11.96838 157689 13.1789 0.033188
11.97063 158044 10.7284 0.026986
11.97288 158400 9.3262 0.023433
11.97512 158756 8.6103 0.021610
11.97738 159114 9.8473 0.024687
11.97962 159472 8.3864 0.021001
11.98187 159831 6.1103 0.015284
11.98412 160191 3.4791 0.008693
11.98637 160552 5.0700 0.012653
11.98862 160913 6.0716 0.015136
11.99087 161276 7.6857 0.019138
11.99312 161639 7.9951 0.019886
11.99537 162003 9.1100 0.022634
11.99762 162368 8.4340 0.020931
11.99987 162733 6.9929 0.017335
12.00212 163100 7.1488 0.017701
12.00437 163467 8.6890 0.021491
12.00662 163835 7.2387 0.017884
12.00886 164204 7.5605 0.018658
12.01112 164574 9.7772 0.024101
12.01336 164944 7.9490 0.019572
12.01561 165316 5.7398 0.014117
12.01786 165688 2.3241 0.005710
12.02011 166061 3.3694 0.008268
12.02236 166435 2.6274 0.006440
12.02461 166810 5.3108 0.013003
12.02686 167185 6.8984 0.016871
12.02911 167562 4.2069 0.010277
12.03136 167939 5.0926 0.012427
12.03360 168317 7.3072 0.017811
12.03585 168696 5.3689 0.013072
12.03810 169076 5.1017 0.012407
12.04035 169457 3.6380 0.008837
12.04260 169838 2.4255 0.005886
12.04485 170221 -0.9004 -0.002182
12.04710 170604 -0.1564 -0.000379
12.04935 170988 0.6126 0.001481
12.05160 171373 1.6252 0.003926
12.05385 171759 0.4342 0.001048
12.05610 172146 1.7232 0.004153
12.05834 172533 1.7299 0.004165
12.06060 172922 2.5040 0.006022
12.06284 173311 -1.2413 -0.002982
12.06509 173701 -3.0501 -0.007318
12.06734 174093 -3.8147 -0.009143
12.06959 174485 -6.7275 -0.016105
12.07184 174877 -5.2067 -0.012451
12.07409 175271 -7.5952 -0.018142
12.07634 175666 -6.0186 -0.014360
12.07859 176061 -6.7472 -0.016080
12.08084 176458 -7.6476 -0.018206
12.08309 176855 -5.7256 -0.013615
12.08533 177253 -7.2132 -0.017133
12.08759 177653 -5.4445 -0.012917
12.08984 178053 -7.9864 -0.018927
12.09208 178453 -8.0808 -0.019129
12.09433 178855 -7.9306 -0.018752
12.09658 179258 -6.1331 -0.014486
12.09883 179662 -7.3172 -0.017263
12.10108 180066 -7.2037 -0.016976
12.10333 180472 -8.6090 -0.020265
12.10558 180878 -9.6512 -0.022693
12.10783 181285 -10.3729 -0.024362
12.11008 181694 -14.1016 -0.033083
12.11233 182103 -12.6102 -0.029550
12.11458 182513 -12.3396 -0.028884
12.11683 182924 -6.8023 -0.015905
12.11908 183336 -6.0889 -0.014220
12.12132 183748 -6.4680 -0.015089
12.12357 184162 -5.1496 -0.012000
12.12582 184577 -6.4851 -0.015095
12.12807 184992 -7.1531 -0.016631
12.13032 185409 -6.7135 -0.015591
12.13257 185826 -4.4158 -0.010244
12.13482 186245 -5.0154 -0.011621
12.13707 186664 -4.3317 -0.010026
12.13932 187085 -4.2793 -0.009894
12.14157 187506 -2.1337 -0.004928
12.14381 187928 -3.4495 -0.007957
12.14606 188351 -2.5133 -0.005791
12.14831 188775 -2.0736 -0.004773
12.15056 189200 -2.2142 -0.005090
12.15281 189626 -3.7547 -0.008622
12.15506 190053 -4.9425 -0.011337
12.15731 190481 -4.9978 -0.011451
12.15956 190910 -2.5760 -0.005896
12.16181 191340 -4.9894 -0.011406
12.16406 191771 -3.1960 -0.007298
12.16631 192203 -2.6784 -0.006109
12.16856 192636 -1.6679 -0.003800
12.17080 193069 0.2059 0.000468
12.17305 193504 -1.9503 -0.004434
12.17530 193940 -4.0264 -0.009143
12.17755 194376 -5.7662 -0.013079
12.17980 194814 -7.0631 -0.016002
12.18205 195253 -5.0636 -0.011459
12.18430 195692 -7.5744 -0.017122
12.18655 196133 -7.0435 -0.015904
12.18880 196575 -6.2595 -0.014118
12.19105 197017 -4.9450 -0.011141
12.19330 197461 -4.0449 -0.009103
12.19555 197906 -4.3838 -0.009854
12.19779 198351 -6.1317 -0.013768
12.20004 198798 -5.8820 -0.013192
12.20229 199245 -2.1329 -0.004778
12.20454 199694 -3.1690 -0.007091
12.20679 200144 -4.2268 -0.009448
12.20904 200594 -3.4433 -0.007688
12.21129 201046 -6.4362 -0.014354
12.21354 201499 -7.2230 -0.016091
12.21579 201952 -10.7998 -0.024032
12.21804 202407 -10.3353 -0.022973
12.22029 202863 -5.2814 -0.011726
12.22254 203320 -5.3571 -0.011881
12.22479 203778 -3.9199 -0.008684
12.22703 204236 -3.8638 -0.008550
12.22928 204696 -3.8886 -0.008595
12.23153 205157 -4.0263 -0.008889
12.23378 205619 -4.7954 -0.010575
12.23603 206082 -3.2922 -0.007252
12.23828 206546 -6.0870 -0.013394
12.24053 207011 -9.3603 -0.020573
12.24278 207477 -9.9505 -0.021845
12.24503 207945 -12.8644 -0.028211
12.24728 208413 -12.0374 -0.026368
12.24952 208882 -7.9325 -0.017356
12.25177 209352 -8.9957 -0.019661
12.25402 209824 -7.9329 -0.017318
12.25627 210296 -3.8925 -0.008488
12.25852 210770 -4.9826 -0.010853
12.26077 211244 -1.3642 -0.002968
12.26302 211720 -0.7346 -0.001597
12.26527 212197 4.2770 0.009285
12.26752 212675 6.2347 0.013519
12.26977 213154 6.6668 0.014440
12.27201 213633 6.3881 0.013821
12.27427 214115 5.5779 0.012054
12.27652 214597 6.2169 0.013420
12.27877 215080 6.1611 0.013285
12.28101 215564 5.2881 0.011390
12.28327 216050 7.4197 0.015963
12.28551 216536 8.0745 0.017352
12.28776 217024 7.4025 0.015890
12.29001 217512 5.8705 0.012587
12.29226 218002 4.8581 0.010405
12.29451 218493 7.0896 0.015167
12.29676 218985 6.8618 0.014663
12.29901 219478 7.4682 0.015941
12.30126 219972 5.0433 0.010753
12.30350 220467 4.1152 0.008764
12.30576 220964 2.8281 0.006016
12.30800 221461 2.1416 0.004551
12.31025 221960 4.7432 0.010068
12.31250 222460 1.0183 0.002159
12.31475 222961 0.1642 0.000348
12.31700 223463 0.5344 0.001130
12.31925 223966 -0.7556 -0.001597
12.32150 224470 1.1493 0.002426
12.32375 224976 0.8661 0.001826
12.32600 225482 1.1858 0.002497
12.32825 225990 3.8510 0.008101
12.33050 226499 4.1830 0.008789
12.33274 227009 4.6125 0.009681
12.33499 227520 5.5530 0.011642
12.33724 228032 3.6820 0.007711
12.33949 228546 3.4890 0.007298
12.34174 229061 3.1443 0.006570
12.34399 229576 5.8677 0.012246
12.34624 230093 4.0758 0.008497
12.34849 230611 7.9715 0.016600
12.35074 231131 9.9841 0.020767
12.35299 231651 9.2464 0.019211
12.35524 232173 7.9492 0.016497
12.35748 232695 8.5164 0.017655
12.35973 233219 8.6084 0.017825
12.36199 233745 6.5739 0.013597
12.36423 234271 8.3857 0.017325
12.36648 234798 8.7886 0.018137
12.36873 235327 11.0979 0.022877
12.37098 235857 6.4230 0.013226
12.37323 236388 6.1921 0.012736
12.37548 236920 5.8878 0.012096
12.37773 237454 6.5501 0.013442
12.37998 237988 3.7760 0.007740
12.38223 238524 5.7601 0.011794
12.38447 239061 4.6701 0.009551
12.38673 239600 6.0081 0.012274
12.38897 240139 4.0975 0.008362
12.39122 240680 1.5246 0.003108
12.39347 241222 1.4377 0.002927
12.39572 241765 0.0830 0.000169
12.39797 242309 -2.3048 -0.004682
12.40022 242855 -2.1781 -0.004420
12.40247 243402 0.1283 0.000260
12.40472 243950 -1.1554 -0.002339
12.40697 244499 0.9740 0.001970
12.40922 245050 -4.1586 -0.008401
12.41147 245602 -3.8061 -0.007680
12.41372 246155 -2.8449 -0.005734
12.41596 246709 -4.0869 -0.008228
12.41821 247264 -6.0985 -0.012264
12.42046 247821 -5.0732 -0.010191
12.42271 248379 -5.3125 -0.010660
12.42496 248938 -5.1424 -0.010307
12.42721 249499 -6.2756 -0.012564
12.42946 250061 -1.3071 -0.002614
12.43171 250624 -1.1993 -0.002396
12.43396 251188 -1.0412 -0.002078
12.43621 251754 -1.6994 -0.003387
12.43846 252321 1.2715 0.002531
12.44071 252889 2.4268 0.004826
12.44295 253458 2.2973 0.004563
12.44520 254029 2.4363 0.004834
12.44745 254601 4.7086 0.009332
12.44970 255174 -0.6077 -0.001203
12.45195 255749 0.8703 0.001721
12.45420 256325 -1.8293 -0.003613
12.45645 256902 -5.5793 -0.011008
12.45870 257480 -7.0424 -0.013879
12.46095 258060 -6.2369 -0.012277
12.46320 258641 -7.3467 -0.014446
12.46545 259224 -7.1984 -0.014138
12.46769 259807 -7.7611 -0.015226
12.46994 260392 -7.4429 -0.014586
12.47220 260979 -6.5333 -0.012789
12.47444 261566 -4.8551 -0.009493
12.47669 262155 -3.5724 -0.006977
12.47894 262745 -1.8449 -0.003599
12.48119 263337 1.9047 0.003712
12.48344 263930 0.3534 0.000688
12.48569 264524 -0.4576 -0.000890
12.48794 265120 -2.3414 -0.004547
12.49019 265717 -4.7698 -0.009253
12.49244 266315 -5.9296 -0.011490
12.49469 266915 -4.5949 -0.008894
12.49693 267516 -1.6397 -0.003170
12.49918 268118 -4.3975 -0.008493
12.50143 268722 1.0934 0.002109
12.50368 269327 3.3769 0.006507
12.50593 269934 1.3755 0.002647
12.50818 270541 1.1118 0.002138
12.51043 271151 -0.5224 -0.001003
12.51268 271761 -3.0791 -0.005907
12.51493 272373 -2.3517 -0.004506
12.51718 272986 -0.9923 -0.001899
12.51943 273601 -4.4355 -0.008480
12.52168 274217 -8.9865 -0.017161
12.52393 274835 -12.3486 -0.023555
12.52617 275453 -12.4980 -0.023813
12.52842 276074 -10.2192 -0.019449
12.53067 276695 -10.2208 -0.019430
12.53292 277318 -12.2207 -0.023206
12.53517 277943 -11.4328 -0.021686
12.53742 278569 -13.8284 -0.026200
12.53967 279196 -12.8828 -0.024381
12.54192 279824 -14.0329 -0.026528
12.54417 280455 -12.8893 -0.024339
12.54642 281086 -15.5067 -0.029248
12.54867 281719 -11.7722 -0.022179
12.55091 282353 -11.4652 -0.021577
12.55316 282989 -7.5566 -0.014205
12.55541 283626 -6.3332 -0.011892
12.55766 284265 -5.9863 -0.011228
12.55991 284905 -6.0531 -0.011340
12.56216 285547 -3.6470 -0.006825
12.56441 286190 -3.2125 -0.006005
12.56666 286834 -3.0325 -0.005662
12.56891 287480 -6.1603 -0.011489
12.57116 288127 -5.8778 -0.010950
12.57341 288776 -5.3582 -0.009971
12.57565 289426 -6.7901 -0.012621
12.57791 290078 -9.9923 -0.018553
12.58015 290731 -8.7925 -0.016307
12.58240 291386 -10.0097 -0.018543
12.58465 292042 -8.5620 -0.015844
12.58690 292699 -7.3425 -0.013572
12.58915 293358 -3.5180 -0.006495
12.59140 294019 -4.7165 -0.008698
12.59365 294681 -2.5648 -0.004725
12.59590 295345 -5.1301 -0.009440
12.59815 296010 -5.8238 -0.010704
12.60040 296676 -5.9896 -0.010997
12.60264 297344 -10.6743 -0.019575
12.60490 298014 -7.4272 -0.013605
12.60714 298685 -3.7312 -0.006827
12.60939 299357 -6.5466 -0.011965
12.61164 300031 -5.3295 -0.009730
12.61389 300707 -6.5941 -0.012025
12.61614 301384 -2.0885 -0.003804
12.61839 302063 -5.3993 -0.009824
12.62064 302743 -8.9554 -0.016276
12.62289 303424 -9.7824 -0.017759
12.62514 304108 -9.2054 -0.016693
12.62738 304792 -9.0091 -0.016318
12.62964 305479 -6.6960 -0.012115
12.63189 306167 -11.0846 -0.020033
12.63413 306856 -7.7434 -0.013979
12.63638 307547 -8.2356 -0.014850
12.63863 308239 -11.6437 -0.020972
12.64088 308933 -12.5903 -0.022652
12.64313 309629 -10.6759 -0.019186
12.64538 310326 -6.7705 -0.012154
12.64763 311025 -5.1527 -0.009239
12.64988 311725 -10.1454 -0.018171
12.65213 312427 -11.0604 -0.019788
12.65438 313131 -10.4062 -0.018596
12.65663 313836 -8.7653 -0.015646
12.65888 314543 -6.1916 -0.011040
12.66112 315251 -5.2407 -0.009334
12.66337 315961 -5.5773 -0.009922
12.66562 316672 -5.6161 -0.009980
12.66787 317385 -5.3187 -0.009441
12.67012 318100 -4.9383 -0.008756
12.67237 318816 -7.9858 -0.014143
12.67462 319534 -7.0648 -0.012498
12.67687 320253 -7.4428 -0.013152
12.67912 320975 -8.5180 -0.015035
12.68137 321697 -4.7110 -0.008306
12.68362 322422 -6.8799 -0.012116
12.68587 323148 -8.1977 -0.014421
12.68811 323875 -7.3895 -0.012985
12.69036 324605 -6.3461 -0.011139
12.69261 325335 -7.5312 -0.013204
12.69486 326068 -7.9896 -0.013992
12.69711 326802 -5.2911 -0.009256
12.69936 327538 -4.9402 -0.008632
12.70161 328276 -6.3371 -0.011060
12.70386 329015 -2.6657 -0.004647
12.70611 329756 -3.9326 -0.006848
12.70836 330498 -6.4768 -0.011266
12.71060 331242 -5.3538 -0.009302
12.71285 331988 -8.5431 -0.014827
12.71510 332736 -10.1091 -0.017525
12.71735 333485 -6.3371 -0.010974
12.71960 334236 -2.9964 -0.005183
12.72185 334988 -1.2542 -0.002167
12.72410 335743 -1.6881 -0.002913
12.72635 336499 -4.9346 -0.008507
12.72860 337256 -6.8264 -0.011755
12.73085 338016 -2.7899 -0.004799
12.73310 338777 -0.2940 -0.000505
12.73535 339540 0.5986 0.001027
12.73759 340304 -2.5107 -0.004304
12.73985 341071 1.4945 0.002559
12.74210 341839 -2.0191 -0.003453
12.74434 342608 -0.1978 -0.000338
12.74659 343380 0.8728 0.001489
12.74884 344153 4.5336 0.007728
12.75109 344928 7.6437 0.013015
12.75334 345705 4.5537 0.007745
12.75559 346483 7.0559 0.011987
12.75784 347263 2.1255 0.003607
12.76009 348045 -3.5730 -0.006056
12.76234 348829 -0.3680 -0.000623
12.76458 349614 -4.7715 -0.008070
12.76683 350401 -2.7770 -0.004691
12.76908 351190 -3.1344 -0.005289
12.77133 351981 2.0319 0.003425
12.77358 352774 8.6840 0.014621
12.77583 353568 10.9852 0.018474
12.77808 354364 13.7507 0.023099
12.78033 355162 12.1675 0.020417
12.78258 355962 11.0610 0.018539
12.78483 356763 9.7073 0.016252
12.78708 357567 16.4737 0.027549
12.78933 358372 15.9359 0.026620
12.79158 359179 18.7556 0.031295
12.79383 359988 16.0735 0.026790
12.79607 360798 15.7778 0.026267
12.79832 361611 16.9218 0.028140
12.80057 362425 18.8239 0.031268
12.80282 363241 19.7295 0.032735
12.80507 364059 18.8647 0.031265
12.80732 364879 19.8652 0.032887
12.80957 365700 20.4689 0.033848
12.81182 366524 18.1683 0.030010
12.81407 367349 17.3714 0.028661
12.81632 368176 14.6621 0.024164
12.81857 369005 16.8469 0.027733
12.82081 369836 13.9598 0.022955
12.82306 370669 12.6487 0.020776
12.82531 371503 14.3685 0.023574
12.82756 372340 12.8812 0.021110
12.82981 373178 10.5484 0.017267
12.83206 374019 11.6341 0.019023
12.83431 374861 7.4382 0.012149
12.83656 375705 9.5121 0.015519
12.83881 376551 7.0022 0.011411
12.84106 377399 4.6426 0.007557
12.84331 378248 7.1672 0.011654
12.84556 379100 8.3043 0.013487
12.84781 379954 7.5567 0.012259
12.85005 380809 2.4501 0.003970
12.85230 381667 0.9000 0.001457
12.85455 382526 -0.2233 -0.000361
12.85680 383388 -1.7456 -0.002819
12.85905 384251 0.0195 0.000032
12.86130 385116 2.1676 0.003493
12.86355 385983 5.4081 0.008705
12.86580 386852 5.7066 0.009175
12.86805 387723 4.2863 0.006884
12.87030 388596 -0.1890 -0.000303
12.87254 389471 0.8518 0.001365
12.87479 390348 0.8105 0.001297
12.87704 391227 1.9626 0.003138
12.87929 392108 4.8820 0.007796
12.88154 392991 7.7181 0.012312
12.88379 393876 3.4586 0.005511
12.88604 394763 1.4725 0.002344
12.88829 395652 5.2882 0.008407
12.89054 396543 2.5994 0.004128
12.89279 397436 1.3653 0.002166
12.89504 398331 0.9034 0.001431
12.89729 399228 -3.5148 -0.005563
12.89953 400126 -3.6657 -0.005795
12.90178 401027 -2.7349 -0.004319
12.90403 401930 -0.0766 -0.000121
12.90628 402835 -3.5060 -0.005524
12.90853 403743 -0.7678 -0.001208
12.91078 404652 -5.9303 -0.009323
12.91303 405563 -3.0852 -0.004845
12.91528 406476 -3.7748 -0.005921
12.91753 407391 -3.1438 -0.004926
12.91978 408309 -6.8157 -0.010666
12.92203 409228 -4.9358 -0.007716
12.92428 410149 -6.7260 -0.010502
12.92653 411073 -5.8780 -0.009168
12.92878 411999 -5.6007 -0.008726
12.93102 412926 -4.1163 -0.006406
12.93327 413856 0.5077 0.000789
12.93552 414788 -0.9520 -0.001478
12.93777 415722 -1.3568 -0.002104
12.94002 416658 -3.3589 -0.005204
12.94227 417596 -1.3900 -0.002151
12.94452 418536 -4.4856 -0.006934
12.94677 419479 -3.9046 -0.006029
12.94902 420423 -2.8199 -0.004349
12.95127 421370 -4.0137 -0.006183
12.95352 422319 -3.6102 -0.005555
12.95577 423270 -4.1775 -0.006421
12.95801 424223 -1.5177 -0.002330
12.96026 425178 0.2316 0.000355
12.96251 426136 -2.6208 -0.004015
12.96476 427095 -3.1597 -0.004835
12.96701 428057 -2.0566 -0.003143
12.96926 429021 1.0834 0.001654
12.97151 429987 -1.1147 -0.001700
12.97376 430955 -1.3821 -0.002105
12.97601 431925 -6.1806 -0.009404
12.97826 432898 -7.1436 -0.010857
12.98051 433873 -3.3646 -0.005108
12.98275 434849 -8.9679 -0.013599
12.98501 435829 -4.3676 -0.006616
12.98725 436810 -2.3119 -0.003498
12.98950 437794 -6.2377 -0.009427
12.99175 438779 -5.0958 -0.007693
12.99400 439767 -2.2794 -0.003437
12.99625 440758 -4.4184 -0.006655
12.99850 441750 -7.9835 -0.012012
13.00075 442745 -2.4985 -0.003755
13.00300 443742 -1.6924 -0.002541
13.00525 444741 -2.1941 -0.003290
13.00750 445742 2.4148 0.003617
13.00975 446746 3.3635 0.005032
13.01199 447752 -0.7112 -0.001063
13.01424 448760 3.7402 0.005583
13.01649 449771 3.2468 0.004841
13.01874 450783 2.0476 0.003050
13.02099 451798 -0.0036 -0.000005
13.02324 452816 0.5415 0.000805
13.02549 453835 -1.8597 -0.002761
13.02774 454857 -3.1991 -0.004743
13.02999 455881 -2.6126 -0.003869
13.03224 456908 -3.8305 -0.005667
13.03449 457937 -6.4127 -0.009476
13.03674 458968 -9.1530 -0.013511
13.03898 460001 -10.2617 -0.015130
13.04123 461037 -13.8004 -0.020325
13.04348 462075 -10.7467 -0.015810
13.04573 463116 -9.3028 -0.013670
13.04798 464158 -2.7716 -0.004068
13.05023 465204 -2.1326 -0.003127
13.05248 466251 -3.1292 -0.004583
13.05473 467301 -8.0723 -0.011809
13.05698 468353 -10.2049 -0.014911
13.05923 469408 -9.0330 -0.013184
13.06148 470465 -6.3467 -0.009253
13.06373 471524 -5.4800 -0.007980
13.06598 472586 -0.7687 -0.001118
13.06822 473650 -0.6095 -0.000886
13.07047 474716 1.4156 0.002055
13.07272 475785 -0.2736 -0.000397
13.07497 476857 -1.8468 -0.002674
13.07722 477930 -2.0607 -0.002981
13.07947 479007 -2.3260 -0.003361
13.08172 480085 -2.3081 -0.003331
13.08397 481166 -0.7709 -0.001111
13.08622 482250 -2.5575 -0.003683
13.08847 483335 -2.0529 -0.002953
13.09072 484424 -3.4634 -0.004976
13.09297 485515 -0.6098 -0.000875
13.09521 486608 4.6403 0.006652
13.09746 487703 7.7623 0.011115
13.09971 488802 6.6376 0.009494
13.10196 489902 4.5578 0.006512
13.10421 491005 6.5348 0.009326
13.10646 492111 5.4937 0.007831
13.10871 493219 3.4213 0.004872
13.11096 494330 4.8836 0.006946
13.11321 495443 3.5243 0.005007
13.11546 496558 6.1680 0.008753
13.11770 497676 5.4796 0.007767
13.11995 498797 -0.2612 -0.000370
13.12220 499920 -0.8639 -0.001222
13.12445 501046 -0.7261 -0.001026
13.12670 502174 -2.7003 -0.003811
13.12895 503305 -0.1727 -0.000243
13.13120 504438 -2.9766 -0.004191
13.13345 505574 -4.0030 -0.005630
13.13570 506712 -4.7417 -0.006661
13.13795 507853 -4.0453 -0.005677
13.14020 508997 -3.3372 -0.004678
13.14245 510143 -7.9323 -0.011106
13.14470 511292 -14.0578 -0.019660
13.14694 512443 -9.6032 -0.013415
13.14919 513597 -10.9144 -0.015230
13.15144 514753 -13.0617 -0.018205
13.15369 515912 -17.1606 -0.023892
13.15594 517074 -19.3953 -0.026972
13.15819 518238 -17.6402 -0.024504
13.16044 519405 -14.2210 -0.019732
13.16269 520575 -14.8197 -0.020540
13.16494 521747 -15.9866 -0.022132
13.16719 522922 -13.8973 -0.019218
13.16944 524099 -9.9253 -0.013710
13.17168 525279 -7.3921 -0.010199
13.17393 526462 -9.9693 -0.013740
13.17618 527648 -12.1832 -0.016772
13.17843 528836 -10.0260 -0.013787
13.18068 530026 -7.2446 -0.009951
13.18293 531220 -7.3830 -0.010130
13.18518 532416 -8.0078 -0.010975
13.18743 533615 -4.6854 -0.006414
13.18968 534816 -2.7843 -0.003807
13.19193 536021 -3.4356 -0.004693
13.19418 537228 -5.0089 -0.006834
13.19643 538437 -11.0137 -0.015009
13.19868 539650 -7.6834 -0.010459
13.20092 540865 -4.0103 -0.005453
13.20317 542083 -9.3314 -0.012674
13.20542 543303 -10.2422 -0.013895
13.20767 544527 -11.7229 -0.015886
13.20992 545753 -14.5870 -0.019745
13.21217 546982 -15.2587 -0.020632
13.21442 548213 -13.6940 -0.018495
13.21667 549448 -11.9567 -0.016130
13.21892 550685 -11.4104 -0.015376
13.22117 551925 -12.2178 -0.016446
13.22342 553168 -10.8318 -0.014564
13.22567 554413 -12.4633 -0.016739
13.22792 555662 -12.7737 -0.017136
13.23016 556913 -14.9538 -0.020038
13.23241 558167 -13.4097 -0.017949
13.23466 559424 -13.2025 -0.017652
13.23691 560683 -9.1325 -0.012196
13.23916 561946 -7.5491 -0.010070
13.24141 563211 -3.9746 -0.005296
13.24366 564479 -2.7379 -0.003644
13.24591 565750 -5.7639 -0.007663
13.24816 567024 -2.6028 -0.003456
13.25041 568301 -5.5756 -0.007396
13.25266 569581 -3.5275 -0.004674
13.25490 570863 -8.5380 -0.011300
13.25715 572149 -5.9957 -0.007927
13.25940 573437 -4.7652 -0.006293
13.26165 574728 -7.3045 -0.009635
13.26390 576022 -6.0270 -0.007941
13.26615 577319 -8.5940 -0.011311
13.26840 578619 -2.8211 -0.003709
13.27065 579922 1.2852 0.001688
13.27290 581228 -0.3694 -0.000485
13.27515 582537 -1.4921 -0.001955
13.27740 583848 -0.8782 -0.001149
13.27965 585163 -0.7320 -0.000957
13.28190 586481 5.8162 0.007595
13.28414 587801 8.2818 0.010802
13.28639 589125 9.8424 0.012823
13.28864 590451 14.3943 0.018733
13.29089 591781 16.5584 0.021525
13.29314 593113 18.0255 0.023406
13.29539 594449 18.1719 0.023569
13.29764 595787 20.9043 0.027083
13.29989 597129 24.9921 0.032342
13.30214 598473 19.3104 0.024961
13.30439 599821 22.6066 0.029189
13.30664 601172 18.5537 0.023929
13.30888 602525 17.0047 0.021907
13.31113 603882 17.9803 0.023138
13.31338 605242 20.8798 0.026839
13.31563 606604 23.0959 0.029654
13.31788 607970 20.0778 0.025750
13.32013 609339 23.1785 0.029693
13.32238 610711 22.7469 0.029107
13.32463 612087 20.1452 0.025749
13.32688 613465 21.8768 0.027931
13.32913 614846 22.9726 0.029297
13.33138 616231 23.8729 0.030411
13.33363 617618 16.0110 0.020373
13.33588 619009 7.0978 0.009021
13.33812 620403 9.3410 0.011859
13.34037 621800 6.3631 0.008069
13.34262 623200 11.5772 0.014665
13.34487 624603 11.0793 0.014019
13.34712 626009 10.1903 0.012879
13.34937 627419 6.4284 0.008116
13.35162 628832 -0.6931 -0.000874
13.35387 630248 0.3970 0.000500
13.35612 631667 -1.3929 -0.001753
13.35837 633089 -1.4096 -0.001772
13.36062 634515 -1.4121 -0.001773
13.36286 635943 -3.4697 -0.004351
13.36511 637375 -3.4527 -0.004325
13.36736 638811 -3.1360 -0.003924
13.36961 640249 -4.6565 -0.005819
13.37186 641691 -0.7079 -0.000884
13.37411 643135 3.0887 0.003851
13.37636 644584 10.8056 0.013459
13.37861 646035 1.8141 0.002257
13.38086 647490 7.0225 0.008727
13.38311 648948 4.8426 0.006011
13.38536 650409 4.4875 0.005564
13.38761 651873 4.8548 0.006013
13.38985 653341 0.2728 0.000337
13.39210 654812 -8.1946 -0.010127
13.39435 656287 -6.7373 -0.008316
13.39660 657765 -4.7705 -0.005882
13.39885 659246 -1.5827 -0.001949
13.40110 660730 -1.2131 -0.001492
13.40335 662218 -1.1562 -0.001421
13.40560 663709 2.0915 0.002567
13.40785 665203 -3.9389 -0.004829
13.41010 666701 1.6142 0.001977
13.41235 668203 0.8493 0.001039
13.41460 669707 2.3914 0.002922
13.41684 671215 4.1992 0.005125
13.41909 672726 -0.1471 -0.000179
13.42134 674241 -5.4723 -0.006664
13.42359 675759 -6.1098 -0.007432
13.42584 677281 -1.3998 -0.001701
13.42809 678806 -1.3395 -0.001626
13.43034 680335 -5.7900 -0.007020
13.43259 681866 -8.2337 -0.009971
13.43484 683402 -4.7033 -0.005689
13.43709 684941 -7.2558 -0.008767
13.43934 686483 -11.8261 -0.014273
13.44159 688029 -10.6043 -0.012784
13.44384 689578 -7.2579 -0.008740
13.44608 691131 -4.6604 -0.005606
13.44833 692687 -4.8321 -0.005806
13.45058 694247 -4.9315 -0.005919
13.45283 695810 -4.1073 -0.004924
13.45508 697377 0.2511 0.000301
13.45733 698947 1.8612 0.002226
13.45958 700521 0.9619 0.001149
13.46183 702098 -5.5642 -0.006641
13.46408 703679 -10.2488 -0.012218
13.46633 705263 -18.8822 -0.022484
13.46858 706851 -16.7592 -0.019934
13.47082 708443 -19.0024 -0.022576
13.47307 710038 -16.0493 -0.019047
13.47532 711637 -19.6153 -0.023252
13.47757 713239 -30.3362 -0.035921
13.47982 714845 -34.1956 -0.040445
13.48207 716455 -30.2622 -0.035752
13.48432 718068 -31.8034 -0.037531
13.48657 719685 -33.9687 -0.040041
13.48882 721306 -37.1214 -0.043708
13.49107 722930 -36.6016 -0.043048
13.49332 724558 -35.2348 -0.041394
13.49557 726189 -36.4706 -0.042798
13.49781 727824 -33.7089 -0.039512
13.50006 729463 -36.5613 -0.042808
13.50231 731106 -27.7421 -0.032445
13.50456 732752 -29.8852 -0.034912
13.50681 734402 -31.1468 -0.036345
13.50906 736056 -30.0397 -0.035014
13.51131 737713 -22.2389 -0.025892
13.51356 739374 -26.7780 -0.031142
13.51581 741039 -27.2128 -0.031612
13.51806 742707 -27.9554 -0.032438
13.52031 744380 -22.2664 -0.025808
13.52256 746056 -20.3366 -0.023545
13.52481 747736 -12.6407 -0.014618
13.52705 749419 -11.9297 -0.013781
13.52930 751107 -15.4038 -0.017774
13.53155 752798 -13.7861 -0.015889
13.53380 754493 -10.3152 -0.011875
13.53605 756192 -8.9989 -0.010348
13.53830 757895 -10.0005 -0.011487
13.54055 759601 -11.5333 -0.013233
13.54280 761312 -13.2211 -0.015153
13.54505 763026 -7.1461 -0.008181
13.54730 764744 -3.9216 -0.004484
13.54955 766466 -2.0756 -0.002371
13.55179 768192 0.2823 0.000322
13.55404 769922 -2.6875 -0.003063
13.55629 771655 -1.9434 -0.002212
13.55854 773393 -1.2209 -0.001388
13.56079 775134 -0.3004 -0.000341
13.56304 776880 1.9745 0.002240
13.56529 778629 -0.2580 -0.000292
13.56754 780382 -8.6292 -0.009768
13.56979 782139 -2.3331 -0.002638
13.57204 783901 -2.1321 -0.002408
13.57429 785666 -2.1463 -0.002421
13.57654 787435 0.7028 0.000792
13.57879 789208 -0.1164 -0.000131
13.58103 790985 -0.3216 -0.000362
13.58328 792766 -2.3877 -0.002682
13.58553 794551 -3.1232 -0.003504
13.58778 796340 -2.2931 -0.002570
13.59003 798133 0.1830 0.000205
13.59228 799930 3.5617 0.003982
13.59453 801732 0.9387 0.001048
13.59678 803537 -2.3380 -0.002608
13.59903 805346 -7.9059 -0.008810
13.60128 807160 -1.6295 -0.001814
13.60353 808977 -3.4765 -0.003865
13.60578 810799 0.3239 0.000360
13.60802 812624 -2.2817 -0.002531
13.61027 814454 0.4073 0.000451
13.61252 816288 -0.4731 -0.000524
13.61477 818126 2.8315 0.003130
13.61702 819968 4.2728 0.004719
13.61927 821815 6.8927 0.007603
13.62152 823665 8.9634 0.009876
13.62377 825520 10.4692 0.011523
13.62602 827379 15.4380 0.016972
13.62827 829242 16.0252 0.017598
13.63052 831109 6.5561 0.007192
13.63276 832980 10.1914 0.011166
13.63501 834856 7.5897 0.008307
13.63726 836736 1.7067 0.001866
13.63951 838620 2.5021 0.002732
13.64176 840508 -2.1733 -0.002371
13.64401 842401 2.7147 0.002958
13.64626 844297 0.5705 0.000621
13.64851 846199 -6.3544 -0.006908
13.65076 848104 -8.8357 -0.009594
13.65301 850014 -7.2806 -0.007897
13.65526 851928 -7.4354 -0.008056
13.65751 853846 -11.8963 -0.012874
13.65975 855768 -6.3532 -0.006868
13.66200 857695 -0.1385 -0.000150
13.66425 859627 0.1166 0.000126
13.66650 861562 -2.6891 -0.002897
13.66875 863502 -1.7604 -0.001894
13.67100 865447 -7.3895 -0.007943
13.67325 867395 -4.5345 -0.004869
13.67550 869348 -2.4428 -0.002620
13.67775 871306 -8.0769 -0.008653
13.68000 873268 -6.7219 -0.007193
13.68225 875234 -7.4453 -0.007958
13.68450 877205 -2.6587 -0.002839
13.68674 879180 3.1743 0.003385
13.68899 881160 3.0132 0.003210
13.69124 883144 -0.1654 -0.000176
13.69349 885133 4.8026 0.005105
13.69574 887126 5.2635 0.005588
13.69799 889123 9.1542 0.009708
13.70024 891125 9.1598 0.009703
13.70249 893132 13.1728 0.013939
13.70474 895143 15.2478 0.016116
13.70699 897158 19.3549 0.020434
13.70924 899178 19.7994 0.020880
13.71149 901203 17.9709 0.018930
13.71373 903232 19.9496 0.020991
13.71598 905266 30.7674 0.032337
13.71823 907305 34.9771 0.036720
13.72048 909348 27.9878 0.029350
13.72273 911395 26.0559 0.027293
13.72498 913447 33.3682 0.034913
13.72723 915504 32.6125 0.034084
13.72948 917566 36.0203 0.037604
13.73173 919632 37.6400 0.039250
13.73398 921702 35.9948 0.037492
13.73623 923778 35.2632 0.036689
13.73848 925858 37.2133 0.038675
13.74073 927943 39.4368 0.040939
13.74297 930032 38.9090 0.040346
13.74522 932126 39.3024 0.040708
13.74747 934225 41.7997 0.043246
13.74972 936329 34.7542 0.035916
13.75197 938437 34.3432 0.035452
13.75422 940550 39.3065 0.040530
13.75647 942668 42.0690 0.043329
13.75872 944791 45.6905 0.047006
13.76097 946918 37.9940 0.039044
13.76322 949050 33.6298 0.034521
13.76547 951187 27.7412 0.028444
13.76772 953329 24.5838 0.025178
13.76996 955475 23.0799 0.023612
13.77221 957627 23.2519 0.023761
13.77446 959783 19.9465 0.020360
13.77671 961944 19.3572 0.019736
13.77896 964110 19.2950 0.019651
13.78121 966281 13.2895 0.013519
13.78346 968457 12.2809 0.012479
13.78571 970638 14.5549 0.014773
13.78796 972823 13.4605 0.013647
13.79021 975014 12.3419 0.012499
13.79246 977209 12.0695 0.012209
13.79471 979410 14.2099 0.014358
13.79695 981615 19.8412 0.020026
13.79920 983825 14.4374 0.014556
13.80145 986041 12.4166 0.012504
13.80370 988261 14.1055 0.014189
13.80595 990486 8.5212 0.008562
13.80820 992716 16.8061 0.016868
13.81045 994952 13.9890 0.014024
13.81270 997192 16.1045 0.016127
13.81495 999437 15.4880 0.015492
13.81720 1001688 13.4614 0.013450
13.81945 1003943 18.2477 0.018212
13.82170 1006204 16.1521 0.016102
13.82394 1008470 11.1447 0.011098
13.82619 1010740 9.5172 0.009466
13.82844 1013016 12.3296 0.012250
13.83069 1015297 9.4223 0.009351
13.83294 1017583 7.9187 0.007850
13.83519 1019875 7.3192 0.007247
13.83744 1022171 1.7544 0.001735
13.83969 1024473 5.0465 0.004986
13.84194 1026780 1.0550 0.001041
13.84419 1029092 -3.8488 -0.003794
13.84644 1031409 -1.4036 -0.001382
13.84869 1033731 -0.7188 -0.000707
13.85093 1036059 -5.8205 -0.005718
13.85318 1038392 -8.9615 -0.008794
13.85543 1040730 -16.2162 -0.015896
13.85768 1043073 -15.2156 -0.014898
13.85993 1045422 -20.6826 -0.020228
13.86218 1047776 -21.7563 -0.021255
13.86443 1050135 -24.9521 -0.024349
13.86668 1052500 -24.2463 -0.023634
13.86893 1054870 -25.2118 -0.024547
13.87118 1057245 -18.8276 -0.018311
13.87343 1059626 -17.8334 -0.017324
13.87568 1062012 -13.5924 -0.013190
13.87792 1064403 -24.3537 -0.023605
13.88017 1066800 -20.9142 -0.020249
13.88242 1069202 -20.8024 -0.020118
13.88467 1071609 -19.7988 -0.019126
13.88692 1074022 -19.0177 -0.018351
13.88917 1076441 -22.1447 -0.021344
13.89142 1078864 -18.6058 -0.017913
13.89367 1081294 -24.0463 -0.023125
13.89592 1083728 -23.1815 -0.022268
13.89817 1086169 -18.7263 -0.017968
13.90042 1088614 -12.4436 -0.011926
13.90267 1091066 -13.9525 -0.013358
13.90491 1093522 -8.0963 -0.007742
13.90716 1095985 -12.6138 -0.012049
13.90941 1098452 -13.0637 -0.012465
13.91166 1100926 -14.7977 -0.014103
13.91391 1103405 -5.7689 -0.005492
13.91616 1105889 -3.1363 -0.002982
13.91841 1108379 -6.7547 -0.006416
13.92066 1110875 -6.3729 -0.006046
13.92291 1113377 -9.7870 -0.009275
13.92516 1115883 -12.3545 -0.011695
13.92741 1118396 -20.0796 -0.018987
13.92965 1120914 -25.2347 -0.023835
13.93190 1123438 -31.3580 -0.029585
13.93415 1125968 -33.0950 -0.031189
13.93640 1128503 -36.3901 -0.034256
13.93865 1131044 -32.5067 -0.030566
13.94090 1133591 -34.5795 -0.032478
13.94315 1136144 -30.4884 -0.028603
13.94540 1138702 -25.5204 -0.023916
13.94765 1141266 -22.5188 -0.021079
13.94990 1143836 -28.0042 -0.026184
13.95215 1146411 -32.8760 -0.030705
13.95440 1148993 -32.0158 -0.029868
13.95665 1151580 -27.0039 -0.025164
13.95889 1154173 -29.2190 -0.027198
13.96114 1156772 -27.2815 -0.025366
13.96339 1159376 -21.3259 -0.019806
13.96564 1161987 -18.1869 -0.016872
13.96789 1164603 -14.5947 -0.013524
13.97014 1167226 -18.3517 -0.016986
13.97239 1169854 -12.7526 -0.011791
13.97464 1172488 -13.2921 -0.012275
13.97689 1175128 -19.0729 -0.017594
13.97914 1177774 -24.9970 -0.023033
13.98139 1180426 -24.5603 -0.022605
13.98364 1183084 -28.2595 -0.025981
13.98588 1185748 -24.8261 -0.022799
13.98813 1188418 -20.2746 -0.018598
13.99038 1191094 -17.8339 -0.016341
13.99263 1193776 -9.1362 -0.008362
13.99488 1196464 -9.9590 -0.009105
13.99713 1199158 -15.6253 -0.014269
13.99938 1201858 -23.0865 -0.021059
14.00163 1204565 -22.6110 -0.020602
14.00388 1207277 -20.8753 -0.018999
14.00613 1209995 -28.6537 -0.026049
14.00838 1212720 -28.3662 -0.025759
14.01063 1215451 -26.1774 -0.023744
14.01287 1218187 -23.4264 -0.021225
14.01512 1220930 -23.0997 -0.020905
14.01737 1223680 -25.9707 -0.023477
14.01962 1226435 -23.9317 -0.021610
14.02187 1229196 -24.0662 -0.021707
14.02412 1231964 -24.1466 -0.021755
14.02637 1234738 -27.7353 -0.024960
14.02862 1237519 -29.4312 -0.026456
14.03087 1240305 -30.8427 -0.027694
14.03312 1243098 -28.4175 -0.025488
14.03537 1245897 -28.0355 -0.025117
14.03762 1248702 -29.6054 -0.026494
14.03986 1251514 -23.3663 -0.020887
14.04211 1254332 -25.9312 -0.023153
14.04436 1257156 -15.0450 -0.013418
14.04661 1259987 -16.7380 -0.014911
14.04886 1262824 -15.4864 -0.013781
14.05111 1265668 -13.6082 -0.012096
14.05336 1268518 -13.3756 -0.011876
14.05561 1271374 -18.7192 -0.016602
14.05786 1274237 -16.2971 -0.014437
14.06011 1277106 -21.2069 -0.018766
14.06236 1279982 -28.2425 -0.024963
14.06461 1282864 -22.8896 -0.020209
14.06685 1285752 -21.3223 -0.018804
14.06910 1288648 -19.3818 -0.017074
14.07135 1291549 -26.0087 -0.022886
14.07360 1294457 -32.0902 -0.028205
14.07585 1297372 -25.6805 -0.022546
14.07810 1300293 -32.9965 -0.028937
14.08035 1303221 -25.4465 -0.022290
14.08260 1306156 -23.3229 -0.020407
14.08485 1309097 -14.9518 -0.013068
14.08710 1312044 -11.8339 -0.010331
14.08935 1314999 -17.8874 -0.015599
14.09160 1317960 -9.3085 -0.008108
14.09384 1320927 -6.3103 -0.005491
14.09609 1323902 -6.6735 -0.005800
14.09834 1326883 -2.6785 -0.002325
14.10059 1329871 -0.2975 -0.000258
14.10284 1332865 1.2392 0.001073
14.10509 1335866 6.6068 0.005716
14.10734 1338874 15.7351 0.013599
14.10959 1341889 14.2618 0.012312
14.11184 1344910 4.7400 0.004087
14.11409 1347939 9.2462 0.007964
14.11634 1350974 12.7008 0.010927
14.11859 1354016 13.9471 0.011986
14.12083 1357065 21.5244 0.018477
14.12308 1360120 21.2545 0.018225
14.12533 1363183 16.2282 0.013899
14.12758 1366253 16.2851 0.013932
14.12983 1369329 20.5511 0.017562
14.13208 1372412 24.6523 0.021043
14.13433 1375502 25.8276 0.022022
14.13658 1378600 26.2933 0.022394
14.13883 1381704 26.0914 0.022197
14.14108 1384815 22.4754 0.019099
14.14333 1387933 17.5333 0.014883
14.14558 1391058 14.3466 0.012164
14.14782 1394191 17.9903 0.015236
14.15007 1397330 25.2691 0.021377
14.15232 1400476 24.6337 0.020816
14.15457 1403630 21.0210 0.017743
14.15682 1406790 18.1317 0.015287
14.15907 1409958 25.9528 0.021857
14.16132 1413133 36.5751 0.030768
14.16357 1416315 32.0316 0.026915
14.16582 1419504 25.7434 0.021607
14.16807 1422700 24.0834 0.020191
14.17032 1425904 23.6550 0.019810
14.17257 1429114 25.3675 0.021220
14.17481 1432332 21.9774 0.018363
14.17706 1435558 22.7626 0.018998
14.17931 1438790 24.6246 0.020529
14.18156 1442030 29.5685 0.024623
14.18381 1445277 29.5678 0.024595
14.18606 1448531 22.9276 0.019050
14.18831 1451793 21.5761 0.017907
14.19056 1455062 18.5803 0.015403
14.19281 1458338 18.5924 0.015396
14.19506 1461622 24.4200 0.020199
14.19731 1464913 21.7233 0.017948
14.19956 1468211 22.2702 0.018379
14.20180 1471517 25.7678 0.021242
14.20405 1474831 22.2947 0.018358
14.20630 1478152 24.6961 0.020313
14.20855 1481480 21.8456 0.017948
14.21080 1484816 20.9196 0.017168
14.21305 1488159 20.1835 0.016545
14.21530 1491510 30.4961 0.024971
14.21755 1494869 23.7814 0.019451
14.21980 1498235 17.8355 0.014571
14.22205 1501608 10.7702 0.008789
14.22430 1504989 11.8267 0.009640
14.22655 1508378 9.7387 0.007930
14.22880 1511775 6.1121 0.004971
14.23104 1515179 5.2897 0.004297
14.23329 1518590 5.6352 0.004573
14.23554 1522010 -4.6802 -0.003794
14.23779 1525437 -5.7003 -0.004615
14.24004 1528872 -6.9702 -0.005637
14.24229 1532314 -12.6100 -0.010187
14.24454 1535765 -13.5014 -0.010895
14.24679 1539223 -11.1585 -0.008994
14.24904 1542689 -7.0354 -0.005664
14.25129 1546162 -9.7533 -0.007844
14.25354 1549644 -9.1470 -0.007348
14.25578 1553133 -10.5709 -0.008482
14.25803 1556630 -13.6781 -0.010963
14.26028 1560135 -12.1991 -0.009767
14.26253 1563648 -6.0005 -0.004799
14.26478 1567169 -5.0126 -0.004004
14.26703 1570698 1.1070 0.000883
14.26928 1574235 -4.0477 -0.003226
14.27153 1577779 2.5246 0.002010
14.27378 1581332 5.1089 0.004063
14.27603 1584893 6.9461 0.005517
14.27828 1588461 6.4489 0.005117
14.28053 1592038 10.3995 0.008242
14.28277 1595623 8.6976 0.006885
14.28502 1599216 7.6110 0.006018
14.28727 1602817 10.3774 0.008197
14.28952 1606426 12.0665 0.009520
14.29177 1610043 19.1022 0.015054
14.29402 1613668 11.1565 0.008783
14.29627 1617302 1.3596 0.001069
14.29852 1620943 0.3131 0.000246
14.30077 1624593 -7.7113 -0.006050
14.30302 1628251 -19.9572 -0.015640
14.30527 1631918 -23.3473 -0.018276
14.30752 1635592 -25.4168 -0.019874
14.30976 1639275 -28.9808 -0.022635
14.31201 1642966 -21.6231 -0.016870
14.31426 1646666 -20.4558 -0.015941
14.31651 1650374 -16.2546 -0.012653
14.31876 1654090 -23.2436 -0.018073
14.32101 1657814 -21.8412 -0.016963
14.32326 1661547 -12.1260 -0.009407
14.32551 1665289 -7.3901 -0.005727
14.32776 1669038 -3.8128 -0.002951
14.33001 1672796 -2.7581 -0.002133
14.33226 1676563 -15.6022 -0.012050
14.33451 1680338 -10.4101 -0.008031
14.33675 1684122 -13.4244 -0.010344
14.33900 1687914 -9.3476 -0.007195
14.34125 1691715 -9.0207 -0.006935
14.34350 1695524 -13.9370 -0.010703
14.34575 1699342 -3.7490 -0.002876
14.34800 1703168 5.7602 0.004414
14.35025 1707003 18.2899 0.013999
14.35250 1710847 9.0403 0.006912
14.35475 1714699 6.7504 0.005155
14.35700 1718560 17.1600 0.013090
14.35925 1722430 22.4991 0.017143
14.36150 1726308 26.3530 0.020057
14.36374 1730195 23.4261 0.017810
14.36599 1734091 22.4749 0.017067
14.36824 1737996 13.4737 0.010220
14.37049 1741909 14.0461 0.010642
14.37274 1745831 18.1487 0.013735
14.37499 1749763 14.4045 0.010890
14.37724 1753702 12.5475 0.009475
14.37949 1757651 11.4018 0.008600
14.38174 1761609 14.2477 0.010735
14.38399 1765576 16.6480 0.012529
14.38624 1769551 9.6810 0.007278
14.38849 1773536 7.9314 0.005956
14.39073 1777529 9.5150 0.007137
14.39298 1781532 9.1980 0.006891
14.39523 1785543 -7.1129 -0.005323
14.39748 1789564 -3.9253 -0.002934
14.39973 1793593 1.7793 0.001329
14.40198 1797632 3.5150 0.002622
14.40423 1801679 8.9070 0.006636
14.40648 1805736 7.0963 0.005281
14.40873 1809802 -1.6719 -0.001243
14.41098 1813877 -4.0245 -0.002988
14.41323 1817962 -4.2922 -0.003183
14.41548 1822055 -0.2556 -0.000189
14.41772 1826158 -9.0747 -0.006715
14.41997 1830270 -1.5023 -0.001110
14.42222 1834391 6.2749 0.004633
14.42447 1838522 0.6816 0.000503
14.42672 1842661 6.9729 0.005137
14.42897 1846811 6.5081 0.004789
14.43122 1850969 11.5096 0.008460
14.43347 1855137 12.6503 0.009288
14.43572 1859314 14.8304 0.010876
14.43797 1863501 15.9419 0.011678
14.44022 1867697 20.5004 0.015001
14.44247 1871902 12.5357 0.009162
14.44471 1876117 -2.8088 -0.002051
14.44696 1880342 -0.5425 -0.000396
14.44921 1884576 -0.5448 -0.000397
14.45146 1888819 -9.4893 -0.006905
14.45371 1893072 -15.5145 -0.011276
14.45596 1897335 -9.2453 -0.006712
14.45821 1901607 -2.4658 -0.001788
14.46046 1905889 -7.3085 -0.005294
14.46271 1910180 -2.8525 -0.002064
14.46496 1914481 -5.0962 -0.003683
14.46721 1918792 -7.7534 -0.005597
14.46946 1923113 -0.4334 -0.000313
14.47170 1927443 -1.3784 -0.000993
14.47395 1931783 -13.8734 -0.009982
14.47620 1936133 -13.8279 -0.009938
14.47845 1940493 -12.3048 -0.008833
14.48070 1944862 -16.4513 -0.011797
14.48295 1949241 -20.9363 -0.014996
14.48520 1953630 -19.6914 -0.014088
14.48745 1958029 -16.8788 -0.012062
14.48970 1962438 -18.7932 -0.013415
14.49195 1966857 -26.0355 -0.018564
14.49420 1971286 -31.9042 -0.022723
14.49645 1975725 -24.1322 -0.017169
14.49869 1980173 -28.8472 -0.020500
14.50094 1984632 -26.9480 -0.019129
14.50319 1989101 -16.1843 -0.011475
14.50544 1993580 -22.3455 -0.015826
14.50769 1998069 -22.3557 -0.015816
14.50994 2002568 -24.2213 -0.017116
14.51219 2007077 -33.6565 -0.023757
14.51444 2011596 -24.5668 -0.017321
14.51669 2016126 -33.0365 -0.023267
14.51894 2020665 -38.2455 -0.026905
14.52119 2025215 -46.0576 -0.032364
14.52344 2029775 -55.1513 -0.038711
14.52568 2034346 -38.8294 -0.027224
14.52793 2038927 -32.2181 -0.022563
14.53018 2043518 -24.9725 -0.017469
14.53243 2048119 -24.3502 -0.017015
14.53468 2052731 -22.4200 -0.015648
14.53693 2057353 -16.1963 -0.011292
14.53918 2061986 -5.5784 -0.003885
14.54143 2066628 0.6502 0.000452
14.54368 2071282 3.9388 0.002737
14.54593 2075946 1.1675 0.000810
14.54818 2080620 6.1478 0.004262
14.55043 2085305 7.5144 0.005204
14.55268 2090001 4.1929 0.002900
14.55492 2094707 -3.4839 -0.002407
14.55717 2099423 -1.5391 -0.001062
14.55942 2104151 -2.8369 -0.001956
14.56167 2108889 1.7896 0.001232
14.56392 2113637 7.8940 0.005430
14.56617 2118396 7.7675 0.005337
14.56842 2123166 9.3431 0.006412
14.57067 2127947 3.2069 0.002198
14.57292 2132739 1.6420 0.001124
14.57517 2137541 -6.3313 -0.004330
14.57742 2142354 2.9893 0.002042
14.57966 2147178 14.8096 0.010107
14.58191 2152013 7.8334 0.005340
14.58416 2156858 3.5668 0.002429
14.58641 2161715 7.7017 0.005238
14.58866 2166583 15.7724 0.010715
14.59091 2171461 16.4735 0.011179
14.59316 2176350 4.3453 0.002945
14.59541 2181251 6.0221 0.004078
14.59766 2186162 1.4793 0.001000
14.59991 2191085 5.7553 0.003888
14.60216 2196019 6.2461 0.004215
14.60441 2200964 8.4096 0.005669
14.60665 2205919 8.0753 0.005437
14.60890 2210886 5.2016 0.003498
14.61115 2215865 12.7610 0.008573
14.61340 2220854 14.3974 0.009661
14.61565 2225855 25.8152 0.017303
14.61790 2230867 26.6834 0.017865
14.62015 2235890 36.0821 0.024131
14.62240 2240925 35.7223 0.023863
14.62465 2245971 20.2353 0.013502
14.62690 2251028 18.0705 0.012044
14.62915 2256096 18.2683 0.012162
14.63140 2261176 15.4225 0.010256
14.63364 2266268 12.5742 0.008353
14.63589 2271371 16.5278 0.010967
14.63814 2276485 18.3975 0.012193
14.64039 2281611 13.8206 0.009150
14.64264 2286749 24.7264 0.016351
14.64489 2291898 23.4640 0.015499
14.64714 2297059 32.9121 0.021716
14.64939 2302231 24.2624 0.015990
14.65164 2307415 24.3065 0.016001
14.65389 2312610 0.9582 0.000630
14.65614 2317818 3.1306 0.002056
14.65839 2323037 4.8809 0.003202
14.66063 2328267 14.4795 0.009489
14.66288 2333510 14.4200 0.009440
14.66513 2338764 21.4936 0.014055
14.66738 2344031 16.4099 0.010718
14.66963 2349309 12.1216 0.007908
14.67188 2354599 7.2268 0.004710
14.67413 2359900 1.8901 0.001230
14.67638 2365214 -0.3159 -0.000205
14.67863 2370540 -16.9359 -0.011000
14.68088 2375878 -14.6470 -0.009502
14.68313 2381227 -8.9575 -0.005805
14.68538 2386589 -3.8470 -0.002490
14.68762 2391963 -5.1759 -0.003347
14.68987 2397349 -2.9096 -0.001879
14.69212 2402747 3.2882 0.002121
14.69437 2408158 4.6048 0.002967
14.69662 2413580 14.0325 0.009032
14.69887 2419015 13.7454 0.008838
14.70112 2424462 17.1229 0.010997
14.70337 2429921 23.9916 0.015391
14.70562 2435392 17.6782 0.011328
14.70787 2440876 19.3263 0.012370
14.71012 2446372 16.7722 0.010723
14.71237 2451881 12.0628 0.007704
14.71461 2457401 1.4112 0.000900
14.71686 2462935 -5.3558 -0.003413
14.71911 2468481 -7.3152 -0.004656
14.72136 2474039 -7.9728 -0.005069
14.72361 2479610 -14.9576 -0.009499
14.72586 2485193 -19.5366 -0.012393
14.72811 2490789 -32.7882 -0.020775
14.73036 2496397 -19.7966 -0.012530
14.73261 2502018 -10.3591 -0.006549
14.73486 2507652 -14.1153 -0.008914
14.73711 2513299 -19.5146 -0.012309
14.73936 2518958 -16.4293 -0.010352
14.74161 2524630 -12.0799 -0.007603
14.74385 2530315 -26.2672 -0.016513
14.74610 2536012 -25.3387 -0.015911
14.74835 2541722 -17.6528 -0.011073
14.75060 2547446 -16.3607 -0.010251
14.75285 2553182 -6.4942 -0.004064
14.75510 2558931 -9.4975 -0.005937
14.75735 2564693 -11.5520 -0.007213
14.75960 2570468 -8.5334 -0.005323
14.76185 2576255 -20.6250 -0.012850
14.76410 2582056 -22.1941 -0.013812
14.76635 2587870 -25.0110 -0.015548
14.76860 2593698 -18.0300 -0.011195
14.77084 2599538 -27.0211 -0.016759
14.77309 2605391 -25.8216 -0.015997
14.77534 2611258 -24.5074 -0.015166
14.77759 2617137 -31.1002 -0.019224
14.77984 2623030 -33.5415 -0.020710
14.78209 2628937 -35.7418 -0.022044
14.78434 2634856 -21.7070 -0.013373
14.78659 2640789 -31.2206 -0.019212
14.78884 2646735 -36.0914 -0.022184
14.79109 2652695 -34.4305 -0.021140
14.79334 2658668 -35.0338 -0.021486
14.79559 2664655 -32.4597 -0.019885
14.79783 2670655 -32.4895 -0.019881
14.80008 2676668 -30.6573 -0.018739
14.80233 2682695 -20.7371 -0.012661
14.80458 2688736 -17.5558 -0.010706
14.80683 2694790 -18.2575 -0.011122
14.80908 2700858 -8.0006 -0.004868
14.81133 2706940 -6.1795 -0.003756
14.81358 2713035 -20.1866 -0.012256
14.81583 2719144 -16.5163 -0.010016
14.81808 2725266 -28.0439 -0.016988
14.82033 2731403 -19.5244 -0.011814
14.82258 2737553 -16.0844 -0.009721
14.82482 2743717 -16.5906 -0.010016
14.82707 2749895 -15.1403 -0.009130
14.82932 2756087 -20.5224 -0.012362
14.83157 2762293 -26.4178 -0.015895
14.83382 2768513 -31.2771 -0.018798
14.83607 2774747 -34.6214 -0.020784
14.83832 2780995 -43.3943 -0.026022
14.84057 2787257 -46.8473 -0.028061
14.84282 2793533 -32.3171 -0.019335
14.84507 2799823 -28.7082 -0.017157
14.84732 2806127 -29.8197 -0.017801
14.84957 2812446 -22.5192 -0.013428
14.85181 2818779 -16.5272 -0.009844
14.85406 2825126 -8.2552 -0.004911
14.85631 2831487 -19.2010 -0.011411
14.85856 2837863 -7.7652 -0.004610
14.86081 2844253 -4.8826 -0.002895
14.86306 2850657 0.3953 0.000234
14.86531 2857076 4.8415 0.002864
14.86756 2863509 2.3004 0.001359
14.86981 2869957 8.4296 0.004976
14.87206 2876419 7.5129 0.004430
14.87431 2882896 -3.3540 -0.001975
14.87655 2889387 -0.4698 -0.000276
14.87880 2895894 1.7009 0.001000
14.88105 2902414 9.1901 0.005394
14.88330 2908950 2.7359 0.001604
14.88555 2915500 0.8716 0.000510
14.88780 2922064 -7.0712 -0.004137
14.89005 2928644 -14.3001 -0.008356
14.89230 2935238 -13.3292 -0.007780
14.89455 2941848 -10.4089 -0.006069
14.89680 2948472 -4.9888 -0.002905
14.89905 2955111 0.4972 0.000289
14.90130 2961765 0.3250 0.000189
14.90355 2968434 1.6780 0.000974
14.90579 2975118 4.8422 0.002807
14.90804 2981817 4.3561 0.002523
14.91029 2988531 6.7972 0.003932
14.91254 2995261 12.6793 0.007326
14.91479 3002005 19.5197 0.011266
14.91704 3008765 19.6391 0.011322
14.91929 3015539 12.3929 0.007137
14.92154 3022329 23.1213 0.013300
14.92379 3029135 31.1297 0.017886
14.92604 3035956 38.5589 0.022130
14.92829 3042792 27.0579 0.015512
14.93054 3049643 36.9846 0.021179
14.93278 3056510 31.7625 0.018168
14.93503 3063392 33.1072 0.018916
14.93728 3070290 32.7760 0.018705
14.93953 3077203 43.0746 0.024555
14.94178 3084132 48.0420 0.027356
14.94403 3091077 43.5497 0.024770
14.94628 3098037 35.2886 0.020049
14.94853 3105013 27.5330 0.015625
14.95078 3112005 11.9643 0.006782
14.95303 3119012 13.1111 0.007424
14.95528 3126035 12.5514 0.007099
14.95753 3133074 14.0119 0.007916
14.95977 3140129 14.4559 0.008158
14.96202 3147199 8.3792 0.004723
14.96427 3154286 5.7405 0.003232
14.96652 3161388 5.7573 0.003238
14.96877 3168507 0.6223 0.000350
14.97102 3175641 4.8819 0.002739
14.97327 3182792 -1.7299 -0.000970
14.97552 3189959 -3.2213 -0.001804
14.97777 3197141 2.4031 0.001344
14.98002 3204340 -0.6547 -0.000366
14.98227 3211556 -8.3168 -0.004641
14.98452 3218787 -13.5606 -0.007558
14.98676 3226035 -11.6244 -0.006472
14.98901 3233299 -7.8379 -0.004359
14.99126 3240579 -32.0726 -0.017817
14.99351 3247876 -39.3678 -0.021844
14.99576 3255189 -42.0448 -0.023304
14.99801 3262519 -49.5208 -0.027416
15.00026 3269865 -44.6518 -0.024693
15.00251 3277228 -38.4758 -0.021254
15.00476 3284607 -44.8962 -0.024772
15.00701 3292003 -31.8657 -0.017563
15.00926 3299416 -30.0880 -0.016564
15.01151 3306845 -36.7268 -0.020196
15.01375 3314291 -44.7703 -0.024592
15.01600 3321754 -43.8611 -0.024066
15.01825 3329234 -48.2887 -0.026465
15.02050 3336730 -57.5707 -0.031517
15.02275 3344243 -63.2296 -0.034576
15.02500 3351773 -53.3397 -0.029135
15.02725 3359321 -42.1019 -0.022971
15.02950 3366885 -34.0083 -0.018534
15.03175 3374466 -26.3851 -0.014363
15.03400 3382064 -8.6327 -0.004694
15.03625 3389680 -10.8262 -0.005880
15.03850 3397312 -16.4645 -0.008933
15.04074 3404962 -8.6602 -0.004693
15.04299 3412629 -2.7473 -0.001487
15.04524 3420313 1.9508 0.001055
15.04749 3428015 10.0895 0.005449
15.04974 3435734 12.3907 0.006685
15.05199 3443470 14.1797 0.007641
15.05424 3451223 13.3041 0.007161
15.05649 3458995 23.2714 0.012513
15.05874 3466783 38.3470 0.020595
15.06099 3474589 44.5686 0.023910
15.06324 3482413 38.0501 0.020390
15.06549 3490254 54.2555 0.029041
15.06773 3498113 44.9804 0.024050
15.06998 3505990 50.2533 0.026839
15.07223 3513885 45.6618 0.024359
15.07448 3521797 44.5287 0.023728
15.07673 3529727 40.0363 0.021310
15.07898 3537675 21.7221 0.011549
15.08123 3545640 18.6388 0.009899
15.08348 3553624 13.1913 0.006998
15.08573 3561626 18.4387 0.009770
15.08798 3569646 18.4710 0.009776
15.09023 3577683 31.2560 0.016525
15.09248 3585739 39.4049 0.020809
15.09472 3593813 45.6838 0.024098
15.09697 3601905 50.6641 0.026695
15.09922 3610016 43.6550 0.022976
15.10147 3618144 31.9110 0.016776
15.10372 3626291 22.3837 0.011754
15.10597 3634457 15.3205 0.008036
15.10822 3642640 17.9736 0.009417
15.11047 3650843 23.3005 0.012195
15.11272 3659063 41.3789 0.021632
15.11497 3667302 38.8888 0.020307
15.11722 3675560 26.3938 0.013767
15.11947 3683836 19.3768 0.010096
15.12171 3692131 22.9895 0.011964
15.12396 3700445 19.1711 0.009966
15.12621 3708777 36.9843 0.019204
15.12846 3717128 33.2603 0.017251
15.13071 3725498 34.2423 0.017741
15.13296 3733887 44.9006 0.023237
15.13521 3742294 45.0572 0.023291
15.13746 3750721 37.5522 0.019390
15.13971 3759166 42.3152 0.021825
15.14196 3767631 45.2559 0.023315
15.14421 3776114 44.4588 0.022879
15.14646 3784617 57.0027 0.029301
15.14870 3793139 57.4201 0.029483
15.15095 3801680 58.7394 0.030126
15.15320 3810240 70.5991 0.036168
15.15545 3818819 73.2687 0.037493
15.15770 3827418 73.8063 0.037726
15.15995 3836036 75.9074 0.038756
15.16220 3844674 58.3878 0.029778
15.16445 3853331 59.7020 0.030414
15.16670 3862008 50.0093 0.025447
15.16895 3870704 57.4746 0.029213
15.17120 3879419 59.0784 0.029995
15.17345 3888155 56.5228 0.028665
15.17569 3896910 52.9911 0.026844
15.17794 3905684 51.7458 0.026183
15.18019 3914479 38.0091 0.019211
15.18244 3923293 49.0025 0.024740
15.18469 3932127 45.1584 0.022773
15.18694 3940981 33.2367 0.016742
15.18919 3949855 52.6216 0.026477
15.19144 3958749 60.7392 0.030527
15.19369 3967663 53.9940 0.027107
15.19594 3976597 45.2646 0.022699
15.19819 3985551 47.2819 0.023684
15.20044 3994525 38.5436 0.019285
15.20268 4003520 36.2446 0.018114
15.20493 4012534 37.7712 0.018856
15.20718 4021569 34.7678 0.017337
15.20943 4030625 29.7132 0.014800
15.21168 4039700 16.5776 0.008248
15.21393 4048797 31.6627 0.015736
15.21618 4057913 43.9532 0.021819
15.21843 4067050 42.4379 0.021043
15.22068 4076208 27.7253 0.013732
15.22293 4085387 25.6327 0.012682
15.22518 4094586 18.9896 0.009384
15.22743 4103805 14.7253 0.007269
15.22967 4113046 10.7431 0.005297
15.23192 4122307 0.3328 0.000164
15.23417 4131589 -20.2729 -0.009974
15.23642 4140893 -15.4824 -0.007608
15.23867 4150217 -24.7564 -0.012152
15.24092 4159562 -37.9376 -0.018601
15.24317 4168928 -43.1628 -0.021140
15.24542 4178315 -57.1453 -0.027956
15.24767 4187723 -68.1999 -0.033327
15.24992 4197153 -70.8605 -0.034588
15.25217 4206603 -63.5142 -0.030967
15.25442 4216075 -65.0451 -0.031678
15.25666 4225569 -79.4428 -0.038647
15.25891 4235083 -70.0387 -0.034034
15.26116 4244620 -79.9684 -0.038815
15.26341 4254177 -75.6742 -0.036689
15.26566 4263756 -85.8895 -0.041595
15.26791 4273357 -86.0909 -0.041646
15.27016 4282979 -87.1337 -0.042103
15.27241 4292623 -82.5003 -0.039819
15.27466 4302289 -78.4254 -0.037810
15.27691 4311976 -72.9943 -0.035152
15.27916 4321686 -82.2328 -0.039557
15.28141 4331417 -75.4620 -0.036259
15.28365 4341170 -64.4795 -0.030947
15.28590 4350945 -70.1369 -0.033624
15.28815 4360742 -86.5167 -0.041430
15.29040 4370561 -82.0832 -0.039263
15.29265 4380402 -78.9731 -0.037733
15.29490 4390266 -78.4861 -0.037458
15.29715 4400151 -74.5525 -0.035541
15.29940 4410059 -80.1390 -0.038161
15.30165 4419989 -82.1840 -0.039091
15.30390 4429942 -69.2332 -0.032894
15.30615 4439916 -72.9484 -0.034620
15.30840 4449914 -70.8715 -0.033597
15.31064 4459934 -70.0942 -0.033191
15.31289 4469976 -77.8781 -0.036835
15.31514 4480041 -67.7365 -0.032002
15.31739 4490129 -54.7623 -0.025844
15.31964 4500239 -47.0087 -0.022160
15.32189 4510372 -42.0443 -0.019797
15.32414 4520528 -41.9894 -0.019749
15.32639 4530707 -62.7520 -0.029481
15.32864 4540909 -70.5325 -0.033099
15.33089 4551134 -62.3413 -0.029222
15.33314 4561382 -67.9646 -0.031823
15.33539 4571653 -70.5419 -0.032992
15.33763 4581946 -64.3611 -0.030068
15.33988 4592264 -74.5508 -0.034789
15.34213 4602604 -73.5209 -0.034270
15.34438 4612968 -86.0988 -0.040087
15.34663 4623355 -87.6929 -0.040784
15.34888 4633765 -86.1673 -0.040029
15.35113 4644199 -93.0281 -0.043168
15.35338 4654656 -87.3886 -0.040505
15.35563 4665137 -82.0918 -0.038007
15.35788 4675642 -82.9158 -0.038346
15.36013 4686170 -80.7103 -0.037284
15.36238 4696722 -93.6159 -0.043197
15.36462 4707297 -95.6812 -0.044100
15.36687 4717897 -90.9652 -0.041879
15.36912 4728520 -81.7712 -0.037604
15.37137 4739167 -62.1674 -0.028557
15.37362 4749838 -54.8218 -0.025154
15.37587 4760534 -50.7641 -0.023266
15.37812 4771253 -44.5299 -0.020386
15.38037 4781996 -39.3558 -0.017997
15.38262 4792764 -48.4653 -0.022138
15.38487 4803556 -43.7051 -0.019941
15.38712 4814372 -38.6690 -0.017624
15.38937 4825212 -29.4197 -0.013393
15.39161 4836077 -28.0523 -0.012756
15.39386 4846967 -8.1555 -0.003704
15.39611 4857881 -5.9910 -0.002718
15.39836 4868819 9.7077 0.004400
15.40061 4879782 1.0607 0.000480
15.40286 4890770 3.2129 0.001453
15.40511 4901783 6.9641 0.003145
15.40736 4912820 22.6876 0.010236
15.40961 4923882 20.8745 0.009407
15.41186 4934969 26.8031 0.012065
15.41411 4946081 27.1383 0.012203
15.41636 4957218 36.4402 0.016367
15.41860 4968381 39.5451 0.017741
15.42085 4979568 54.5719 0.024455
15.42310 4990780 38.5049 0.017236
15.42535 5002018 40.0354 0.017901
15.42760 5013281 43.5311 0.019442
15.42985 5024570 46.7788 0.020869
15.43210 5035883 37.4309 0.016680
15.43435 5047223 39.8809 0.017752
15.43660 5058587 33.8982 0.015072
15.43885 5069978 49.5308 0.021997
15.44110 5081394 35.1641 0.015599
15.44335 5092836 48.6925 0.021577
15.44559 5104303 30.4543 0.013480
15.44784 5115797 29.8479 0.013196
15.45009 5127316 16.8706 0.007451
15.45234 5138861 21.4189 0.009449
15.45459 5150432 16.5757 0.007304
15.45684 5162029 34.9177 0.015369
15.45909 5173653 34.7122 0.015261
15.46134 5185302 42.2238 0.018543
15.46359 5196978 37.3984 0.016405
15.46584 5208680 23.7069 0.010387
15.46809 5220408 36.1377 0.015816
15.47034 5232163 45.5717 0.019923
15.47258 5243944 45.7965 0.019999
15.47483 5255752 42.3872 0.018489
15.47708 5267587 40.6871 0.017728
15.47933 5279448 30.3956 0.013229
15.48158 5291335 27.1929 0.011822
15.48383 5303250 39.9037 0.017328
15.48608 5315191 49.8315 0.021614
15.48833 5327159 60.9135 0.026392
15.49058 5339154 54.6352 0.023645
15.49283 5351177 46.8216 0.020240
15.49508 5363226 27.1474 0.011722
15.49733 5375302 30.3387 0.013086
15.49957 5387406 21.6705 0.009336
15.50182 5399537 17.9175 0.007711
15.50407 5411695 38.0330 0.016349
15.50632 5423880 39.8775 0.017123
15.50857 5436093 21.6189 0.009272
15.51082 5448334 25.0091 0.010714
15.51307 5460602 39.1260 0.016743
15.51532 5472897 44.9337 0.019207
15.51757 5485221 26.3884 0.011267
15.51982 5497572 35.8935 0.015308
15.52207 5509951 26.3985 0.011246
15.52432 5522357 14.2528 0.006065
15.52656 5534792 14.5719 0.006194
15.52881 5547255 11.3293 0.004810
15.53106 5559745 1.1274 0.000478
15.53331 5572264 0.2155 0.000091
15.53556 5584811 -12.3705 -0.005235
15.53781 5597387 -12.6963 -0.005366
15.54006 5609990 -32.0482 -0.013531
15.54231 5622622 -32.5628 -0.013733
15.54456 5635283 -25.2115 -0.010620
15.54681 5647972 -27.9986 -0.011781
15.54906 5660689 -10.0488 -0.004224
15.55131 5673435 2.8212 0.001184
15.55355 5686210 -0.5335 -0.000224
15.55580 5699014 39.4501 0.016525
15.55805 5711846 33.5118 0.014022
15.56030 5724708 21.4157 0.008951
15.56255 5737598 29.7790 0.012432
15.56480 5750517 42.4972 0.017722
15.56705 5763466 39.2866 0.016365
15.56930 5776443 44.9697 0.018711
15.57155 5789450 52.2850 0.021730
15.57380 5802486 40.8303 0.016950
15.57605 5815552 43.7280 0.018133
15.57830 5828647 60.2498 0.024956
15.58054 5841771 46.6072 0.019283
15.58279 5854925 60.3916 0.024958
15.58504 5868108 54.5822 0.022532
15.58729 5881322 60.4963 0.024945
15.58954 5894565 57.1590 0.023543
15.59179 5907837 57.5277 0.023668
15.59404 5921140 61.8458 0.025416
15.59629 5934473 50.6451 0.020790
15.59854 5947835 34.9696 0.014339
15.60079 5961228 45.2913 0.018550
15.60304 5974651 38.8166 0.015880
15.60529 5988104 7.9619 0.003254
15.60753 6001587 16.2515 0.006634
15.60978 6015101 12.4371 0.005071
15.61203 6028645 11.6106 0.004729
15.61428 6042220 15.4425 0.006282
15.61653 6055825 10.6530 0.004329
15.61878 6069461 9.7351 0.003952
15.62103 6083128 11.9519 0.004846
15.62328 6096825 4.9817 0.002018
15.62553 6110553 12.6104 0.005101
15.62778 6124313 21.9522 0.008871
15.63003 6138103 7.8919 0.003185
15.63228 6151924 18.1900 0.007334
15.63452 6165776 23.0504 0.009283
15.63677 6179660 22.2727 0.008960
15.63902 6193574 15.0839 0.006061
15.64127 6207520 2.9254 0.001174
15.64352 6221498 -12.2339 -0.004905
15.64577 6235507 -4.1108 -0.001646
15.64802 6249547 -4.1829 -0.001673
15.65027 6263619 -12.6492 -0.005054
15.65252 6277723 -7.8322 -0.003126
15.65477 6291859 -5.3666 -0.002140
15.65702 6306026 -16.6739 -0.006640
15.65927 6320225 -24.7191 -0.009833
15.66151 6334457 -28.0938 -0.011162
15.66376 6348720 -31.7235 -0.012590
15.66601 6363015 -20.5145 -0.008133
15.66826 6377343 -29.0530 -0.011505
15.67051 6391703 -27.6623 -0.010942
15.67276 6406095 -34.8734 -0.013778
15.67501 6420520 -20.9774 -0.008279
15.67726 6434977 -20.5709 -0.008109
15.67951 6449466 -30.1882 -0.011887
15.68176 6463989 -35.4580 -0.013946
15.68401 6478543 -19.5153 -0.007667
15.68626 6493131 -3.5221 -0.001382
15.68850 6507752 -7.5489 -0.002959
15.69075 6522405 11.8149 0.004626
15.69300 6537092 0.5428 0.000212
15.69525 6551811 17.6563 0.006898
15.69750 6566564 10.6365 0.004151
15.69975 6581350 13.7077 0.005343
15.70200 6596169 33.7177 0.013128
15.70425 6611022 32.6396 0.012694
15.70650 6625908 25.2192 0.009797
15.70875 6640827 20.0221 0.007770
15.71100 6655780 12.8741 0.004990
15.71325 6670767 28.4352 0.011010
15.71549 6685788 22.0226 0.008517
15.71774 6700842 22.8802 0.008839
15.71999 6715931 10.3991 0.004013
15.72224 6731053 12.3221 0.004749
15.72449 6746209 8.6483 0.003330
15.72674 6761400 8.4862 0.003264
15.72899 6776624 6.3187 0.002427
15.73124 6791883 -8.8479 -0.003395
15.73349 6807176 -16.7962 -0.006438
15.73574 6822504 -3.4153 -0.001308
15.73799 6837866 -0.5720 -0.000219
15.74024 6853263 -13.7710 -0.005260
15.74248 6868695 -27.6524 -0.010551
15.74473 6884161 -34.2881 -0.013068
15.74698 6899662 -44.5359 -0.016955
15.74923 6915198 -46.8467 -0.017815
15.75148 6930769 -51.8518 -0.019696
15.75373 6946375 -33.1955 -0.012595
15.75598 6962016 -28.2256 -0.010697
15.75823 6977692 -30.4374 -0.011523
15.76048 6993404 -19.8850 -0.007519
15.76273 7009151 -21.6795 -0.008189
15.76498 7024933 -36.0586 -0.013605
15.76723 7040752 -29.7807 -0.011223
15.76947 7056605 -53.4755 -0.020131
15.77172 7072495 -44.1492 -0.016601
15.77397 7088420 -44.1366 -0.016578
15.77622 7104381 -44.6698 -0.016759
15.77847 7120378 -45.3840 -0.017008
15.78072 7136410 -40.3666 -0.015111
15.78297 7152480 -18.4409 -0.006895
15.78522 7168585 -14.3757 -0.005369
15.78747 7184726 -17.9132 -0.006683
15.78972 7200904 -29.6727 -0.011058
15.79197 7217118 -21.1274 -0.007864
15.79422 7233369 -15.5245 -0.005772
15.79646 7249657 -21.4531 -0.007968
15.79871 7265981 -32.6920 -0.012128
15.80096 7282341 -37.9057 -0.014047
15.80321 7298739 -42.2617 -0.015643
15.80546 7315174 -42.5604 -0.015736
15.80771 7331645 -43.1435 -0.015934
15.80996 7348154 -42.0739 -0.015521
15.81221 7364700 -24.1728 -0.008907
15.81446 7381283 -46.5792 -0.017145
15.81671 7397903 -44.0944 -0.016212
15.81896 7414561 -39.2522 -0.014415
15.82121 7431256 -24.0347 -0.008817
15.82345 7447989 -18.1774 -0.006661
15.82570 7464760 -15.8560 -0.005803
15.82795 7481568 -18.0746 -0.006608
15.83020 7498415 -17.7328 -0.006476
15.83245 7515299 -7.3191 -0.002670
15.83470 7532221 -22.1931 -0.008086
15.83695 7549181 -40.8062 -0.014852
15.83920 7566180 -30.9259 -0.011243
15.84145 7583216 -14.9695 -0.005436
15.84370 7600292 -10.0469 -0.003644
15.84595 7617405 -13.6024 -0.004928
15.84820 7634557 -17.5126 -0.006338
15.85044 7651748 -16.1816 -0.005850
15.85269 7668977 -38.6059 -0.013941
15.85494 7686246 -40.6386 -0.014658
15.85719 7703553 -31.4372 -0.011327
15.85944 7720899 -33.9916 -0.012233
15.86169 7738284 -38.1819 -0.013726
15.86394 7755708 -49.5647 -0.017798
15.86619 7773172 -30.7773 -0.011039
15.86844 7790675 -15.4877 -0.005549
15.87069 7808217 -21.4375 -0.007672
15.87294 7825799 -30.4869 -0.010898
15.87519 7843420 -38.7784 -0.013846
15.87743 7861081 -39.4445 -0.014068
15.87968 7878782 -45.7753 -0.016308
15.88193 7896522 -26.7234 -0.009510
15.88418 7914303 -19.7141 -0.007008
15.88643 7932124 -10.2157 -0.003627
15.88868 7949984 -1.6373 -0.000581
15.89093 7967885 -3.2329 -0.001145
15.89318 7985827 -4.2509 -0.001504
15.89543 8003808 -1.5035 -0.000531
15.89768 8021830 -3.7046 -0.001308
15.89993 8039893 -5.9866 -0.002111
15.90218 8057997 15.6072 0.005498
15.90442 8076141 17.5441 0.006173
15.90667 8094326 12.7188 0.004470
15.90892 8112552 2.1909 0.000769
15.91117 8130819 -0.3560 -0.000125
15.91342 8149127 10.5384 0.003692
15.91567 8167476 3.2058 0.001122
15.91792 8185867 -5.4237 -0.001896
15.92017 8204299 -0.4509 -0.000157
15.92242 8222773 -2.2485 -0.000784
15.92467 8241288 -33.0814 -0.011524
15.92692 8259845 -16.0063 -0.005569
15.92917 8278444 -16.8894 -0.005870
15.93141 8297084 -1.5858 -0.000551
15.93366 8315767 13.0417 0.004523
15.93591 8334491 31.6882 0.010976
15.93816 8353258 26.4380 0.009147
15.94041 8372067 32.4489 0.011215
15.94266 8390918 31.2669 0.010794
15.94491 8409812 25.3479 0.008741
15.94716 8428749 9.8316 0.003386
15.94941 8447728 37.4255 0.012877
15.95166 8466749 60.3394 0.020737
15.95391 8485814 64.2701 0.022063
15.95616 8504921 44.7148 0.015333
15.95840 8524072 69.0289 0.023643
15.96065 8543266 69.1459 0.023657
15.96290 8562502 72.7013 0.024845
15.96515 8581783 93.1727 0.031805
15.96740 8601106 90.9388 0.031008
15.96965 8620473 97.7696 0.033300
15.97190 8639884 98.2534 0.033427
15.97415 8659338 84.4654 0.028704
15.97640 8678837 92.3387 0.031344
15.97865 8698379 89.4527 0.030330
15.98090 8717965 62.1212 0.021039
15.98315 8737595 64.0619 0.021672
15.98539 8757270 55.9314 0.018900
15.98764 8776988 28.1604 0.009505
15.98989 8796751 8.9905 0.003031
15.99214 8816559 2.0904 0.000704
15.99439 8836411 19.9856 0.006723
15.99664 8856308 10.9079 0.003665
15.99889 8876250 -8.6928 -0.002918
16.00114 8896237 -20.9952 -0.007039
16.00339 8916268 -9.0100 -0.003017
16.00564 8936345 -0.9873 -0.000330
16.00789 8956467 -2.1021 -0.000702
16.01014 8976634 21.3309 0.007120
16.01238 8996847 26.9238 0.008976
16.01463 9017105 48.2982 0.016084
16.01688 9037409 57.8773 0.019252
16.01913 9057758 59.1211 0.019644
16.02138 9078154 43.0762 0.014297
16.02363 9098595 47.2490 0.015664
16.02588 9119082 44.0316 0.014581
16.02813 9139616 45.2510 0.014968
16.03038 9160195 53.5867 0.017705
16.03263 9180821 35.7001 0.011782
16.03488 9201494 17.6219 0.005809
16.03713 9222213 10.7233 0.003531
16.03937 9242978 3.1316 0.001030
16.04162 9263791 2.5982 0.000854
16.04387 9284650 -1.4899 -0.000489
16.04612 9305556 6.1843 0.002027
16.04837 9326510 6.8281 0.002236
16.05062 9347510 -12.8720 -0.004210
16.05287 9368558 -17.4569 -0.005703
16.05512 9389653 -7.2380 -0.002362
16.05737 9410796 11.1776 0.003644
16.05962 9431986 7.1653 0.002333
16.06187 9453224 28.7012 0.009335
16.06412 9474510 40.3189 0.013099
16.06636 9495844 5.7368 0.001862
16.06861 9517225 -2.5844 -0.000838
16.07086 9538655 -14.7143 -0.004764
16.07311 9560134 -2.9487 -0.000954
16.07536 9581660 7.9815 0.002578
16.07761 9603235 16.4485 0.005308
16.07986 9624859 14.2849 0.004604
16.08211 9646531 3.2592 0.001049
16.08436 9668252 -18.5560 -0.005968
16.08661 9690022 -33.2743 -0.010689
16.08886 9711841 -40.1871 -0.012895
16.09111 9733709 -11.0778 -0.003551
16.09335 9755627 -21.9843 -0.007039
16.09560 9777593 -33.6139 -0.010750
16.09785 9799609 -38.0792 -0.012164
16.10010 9821675 -35.4192 -0.011302
16.10235 9843791 -34.7105 -0.011063
16.10460 9865956 -27.0914 -0.008625
16.10685 9888171 -3.9572 -0.001258
16.10910 9910436 -7.9160 -0.002515
16.11135 9932752 8.2308 0.002612
16.11360 9955117 19.8260 0.006284
16.11585 9977533 -6.2612 -0.001982
16.11810 10000000 6.4395 0.002036
