logY Y P PoverSqrtY
6.90675 999 -10.6253 -0.336171
6.90875 1001 -10.6253 -0.335835
6.91075 1003 -10.6253 -0.335500
6.91274 1005 -10.6253 -0.335166
6.91374 1006 -10.6253 -0.334999
6.91572 1008 -10.6253 -0.334666
6.91771 1010 -8.8928 -0.279818
6.91870 1011 -8.8928 -0.279680
6.92067 1013 -8.8928 -0.279404
6.92264 1015 -8.8928 -0.279128
6.92461 1017 -8.8928 -0.278854
6.92560 1018 -8.8928 -0.278717
6.92756 1020 -10.6744 -0.334227
6.92952 1022 -10.6744 -0.333900
6.93049 1023 -10.6744 -0.333737
6.93245 1025 -10.6744 -0.333411
6.93440 1027 -10.6744 -0.333086
6.93634 1029 -10.6744 -0.332762
6.93731 1030 -10.6744 -0.332601
6.93925 1032 -8.7123 -0.271201
6.94119 1034 -10.4418 -0.324724
6.94312 1036 -10.4418 -0.324410
6.94409 1037 -10.4418 -0.324254
6.94601 1039 -10.4418 -0.323942
6.94794 1041 -10.4418 -0.323630
6.94986 1043 -10.4418 -0.323320
6.95081 1044 -10.4418 -0.323165
6.95273 1046 -10.4418 -0.322856
6.95464 1048 -10.4418 -0.322548
6.95655 1050 -10.4418 -0.322240
6.95750 1051 -10.1233 -0.312263
6.95940 1053 -10.1233 -0.311966
6.96130 1055 -10.1233 -0.311671
6.96319 1057 -10.1233 -0.311376
6.96508 1059 -10.1233 -0.311081
6.96602 1060 -10.1233 -0.310935
6.96791 1062 -8.5186 -0.261400
6.96979 1064 -8.5186 -0.261154
6.97167 1066 -8.5186 -0.260909
6.97354 1068 -8.5186 -0.260665
6.97448 1069 -8.5186 -0.260543
6.97635 1071 -8.5186 -0.260299
6.97821 1073 -7.1695 -0.218871
6.98008 1075 -7.1695 -0.218667
6.98193 1077 -7.1695 -0.218464
6.98286 1078 -7.1695 -0.218362
6.98472 1080 -7.1695 -0.218160
6.98657 1082 -7.1695 -0.217958
6.98841 1084 -7.1695 -0.217757
6.99026 1086 -7.1695 -0.217557
6.99210 1088 -8.2743 -0.250852
6.99302 1089 -8.2743 -0.250736
6.99485 1091 -8.2743 -0.250506
6.99668 1093 -7.3228 -0.221497
6.99851 1095 -7.3228 -0.221294
7.00033 1097 -7.3228 -0.221092
7.00216 1099 -7.3228 -0.220891
7.00307 1100 -7.3228 -0.220791
7.00488 1102 -7.3228 -0.220590
7.00670 1104 -6.5071 -0.195840
7.00851 1106 -6.5071 -0.195663
7.01031 1108 -6.5071 -0.195486
7.01212 1110 -6.5071 -0.195310
7.01392 1112 -6.5071 -0.195134
7.01571 1114 -6.5071 -0.194959
7.01661 1115 -6.5071 -0.194872
7.01840 1117 -8.4985 -0.254281
7.02019 1119 -8.4985 -0.254054
7.02198 1121 -8.4985 -0.253827
7.02376 1123 -8.4985 -0.253601
7.02554 1125 -8.4985 -0.253375
7.02731 1127 -8.4985 -0.253150
7.02909 1129 -6.7715 -0.201530
7.03086 1131 -6.7715 -0.201352
7.03174 1132 -6.7715 -0.201263
7.03351 1134 -6.7715 -0.201086
7.03527 1136 -6.7715 -0.200908
7.03703 1138 -6.7715 -0.200732
7.03878 1140 -6.7715 -0.200556
7.04054 1142 -6.7715 -0.200380
7.04229 1144 -6.7715 -0.200205
7.04403 1146 -6.7715 -0.200030
7.04578 1148 -6.7715 -0.199856
7.04752 1150 -6.7715 -0.199682
7.04925 1152 -6.7715 -0.199508
7.05099 1154 -6.7715 -0.199335
7.05272 1156 -6.7715 -0.199163
7.05445 1158 -6.7715 -0.198991
7.05618 1160 -6.7715 -0.198819
7.05704 1161 -6.7715 -0.198734
7.05876 1163 -4.8052 -0.140903
7.06048 1165 -4.8052 -0.140782
7.06219 1167 -4.8052 -0.140661
7.06390 1169 -4.8052 -0.140541
7.06561 1171 -5.1072 -0.149246
7.06732 1173 -5.1072 -0.149119
7.06902 1175 -5.1072 -0.148992
7.07072 1177 -4.7579 -0.138684
7.07242 1179 -4.7579 -0.138566
7.07412 1181 -4.7579 -0.138449
7.07581 1183 -4.7579 -0.138332
7.07750 1185 -4.7579 -0.138215
7.07918 1187 -6.7002 -0.194473
7.08087 1189 -6.7002 -0.194310
7.08255 1191 -6.7002 -0.194146
7.08423 1193 -6.7002 -0.193984
7.08590 1195 -6.7002 -0.193821
7.08757 1197 -6.7002 -0.193659
7.08924 1199 -8.1188 -0.234468
7.09091 1201 -8.0325 -0.231783
7.09257 1203 -8.0325 -0.231590
7.09423 1205 -8.0325 -0.231398
7.09589 1207 -8.0325 -0.231206
7.09755 1209 -8.0325 -0.231015
7.10003 1212 -8.0325 -0.230729
7.10168 1214 -6.9865 -0.200518
7.10332 1216 -6.9865 -0.200353
7.10497 1218 -6.9865 -0.200188
7.10661 1220 -6.7515 -0.193295
7.10824 1222 -6.7515 -0.193137
7.10988 1224 -6.7515 -0.192979
7.11151 1226 -6.7515 -0.192822
7.11314 1228 -6.7515 -0.192664
7.11477 1230 -7.3919 -0.210766
7.11639 1232 -7.3919 -0.210595
7.11802 1234 -7.3919 -0.210425
7.11964 1236 -7.3919 -0.210254
7.12125 1238 -7.3919 -0.210084
7.12367 1241 -7.3919 -0.209830
7.12528 1243 -7.6990 -0.218374
7.12689 1245 -7.6990 -0.218198
7.12850 1247 -11.1057 -0.314493
7.13010 1249 -11.1057 -0.314241
7.13170 1251 -11.1057 -0.313990
7.13330 1253 -11.1057 -0.313739
7.13489 1255 -11.1057 -0.313489
7.13648 1257 -11.1057 -0.313240
7.13807 1259 -11.1057 -0.312991
7.14045 1262 -11.1057 -0.312619
7.14204 1264 -11.1057 -0.312371
7.14362 1266 -11.1057 -0.312124
7.14520 1268 -11.1057 -0.311878
7.14677 1270 -11.1057 -0.311633
7.14835 1272 -11.1057 -0.311387
7.14992 1274 -11.1057 -0.311143
7.15227 1277 -11.1057 -0.310777
7.15383 1279 -11.1057 -0.310534
7.15540 1281 -11.1057 -0.310292
7.15696 1283 -11.8078 -0.329653
7.15851 1285 -11.8078 -0.329396
7.16007 1287 -11.8078 -0.329140
7.16240 1290 -13.2468 -0.368822
7.16395 1292 -13.2468 -0.368536
7.16549 1294 -13.2468 -0.368251
7.16704 1296 -13.2468 -0.367967
7.16858 1298 -14.9720 -0.415567
7.17089 1301 -14.9720 -0.415088
7.17242 1303 -13.0020 -0.360196
7.17396 1305 -13.0020 -0.359920
7.17549 1307 -13.0020 -0.359644
7.17702 1309 -13.0020 -0.359369
7.17931 1312 -13.0020 -0.358958
7.18083 1314 -13.0020 -0.358685
7.18235 1316 -13.0020 -0.358412
7.18387 1318 -13.0020 -0.358140
7.18539 1320 -13.0020 -0.357869
7.18766 1323 -13.0020 -0.357463
7.18917 1325 -13.0020 -0.357193
7.19068 1327 -11.2352 -0.308422
7.19218 1329 -11.2352 -0.308189
7.19444 1332 -10.6785 -0.292590
7.19594 1334 -10.6785 -0.292370
7.19744 1336 -10.6785 -0.292151
7.19893 1338 -10.6785 -0.291933
7.20117 1341 -10.6785 -0.291606
7.20266 1343 -10.6785 -0.291389
7.20415 1345 -10.6785 -0.291172
7.20564 1347 -10.6785 -0.290956
7.20786 1350 -10.6785 -0.290632
7.20934 1352 -10.6785 -0.290417
7.21082 1354 -10.6785 -0.290203
7.21303 1357 -10.6785 -0.289882
7.21450 1359 -10.6785 -0.289668
7.21598 1361 -10.6785 -0.289456
7.21744 1363 -10.6785 -0.289243
7.21964 1366 -10.6785 -0.288925
7.22111 1368 -11.0825 -0.299636
7.22257 1370 -12.8218 -0.346408
7.22475 1373 -11.0195 -0.297391
7.22621 1375 -11.0195 -0.297175
7.22766 1377 -11.0195 -0.296959
7.22984 1380 -11.0195 -0.296636
7.23129 1382 -12.2650 -0.329924
7.23273 1384 -12.2650 -0.329685
7.23490 1387 -12.2650 -0.329328
7.23634 1389 -12.2650 -0.329091
7.23778 1391 -12.2650 -0.328855
7.23993 1394 -12.2650 -0.328501
7.24137 1396 -12.2650 -0.328265
7.24280 1398 -13.8099 -0.369349
7.24494 1401 -13.8099 -0.368953
7.24637 1403 -13.8099 -0.368690
7.24850 1406 -13.8099 -0.368297
7.24993 1408 -13.8099 -0.368035
7.25134 1410 -12.4203 -0.330768
7.25347 1413 -12.4203 -0.330417
7.25488 1415 -12.4203 -0.330183
7.25630 1417 -12.4203 -0.329950
7.25841 1420 -12.4203 -0.329602
7.25982 1422 -12.4203 -0.329370
7.26193 1425 -14.3447 -0.379999
7.26333 1427 -14.3447 -0.379733
7.26473 1429 -14.9401 -0.395218
7.26683 1432 -14.9401 -0.394804
7.26822 1434 -14.9401 -0.394528
7.27031 1437 -14.9401 -0.394116
7.27170 1439 -15.6593 -0.412803
7.27379 1442 -15.6593 -0.412373
7.27517 1444 -15.6593 -0.412087
7.27656 1446 -15.6593 -0.411802
7.27863 1449 -15.6593 -0.411376
7.28001 1451 -13.6863 -0.359297
7.28207 1454 -13.2467 -0.347397
7.28345 1456 -13.2467 -0.347158
7.28551 1459 -13.2467 -0.346801
7.28688 1461 -13.2467 -0.346564
7.28893 1464 -13.2467 -0.346209
7.29029 1466 -13.2467 -0.345972
7.29234 1469 -13.2467 -0.345619
7.29370 1471 -12.5705 -0.327752
7.29574 1474 -12.5705 -0.327419
7.29709 1476 -12.5705 -0.327197
7.29845 1478 -12.5705 -0.326975
7.30047 1481 -12.4920 -0.324605
7.30182 1483 -12.4920 -0.324386
7.30384 1486 -12.4920 -0.324058
7.30519 1488 -12.4920 -0.323841
7.30720 1491 -12.4920 -0.323515
7.30921 1494 -13.7442 -0.355585
7.31055 1496 -13.7442 -0.355347
7.31255 1499 -12.5293 -0.323612
7.31389 1501 -12.5293 -0.323397
7.31588 1504 -12.5293 -0.323074
7.31721 1506 -12.5293 -0.322859
7.31920 1509 -15.1240 -0.389333
7.32053 1511 -15.1240 -0.389075
7.32251 1514 -15.1240 -0.388689
7.32383 1516 -15.1240 -0.388433
7.32581 1519 -15.1240 -0.388049
7.32778 1522 -15.1240 -0.387667
7.32909 1524 -15.3893 -0.394208
7.33106 1527 -15.3893 -0.393821
7.33237 1529 -15.3893 -0.393563
7.33433 1532 -15.3893 -0.393178
7.33563 1534 -15.3893 -0.392921
7.33759 1537 -12.2273 -0.311883
7.33954 1540 -12.2273 -0.311579
7.34084 1542 -8.8246 -0.224726
7.34278 1545 -8.8246 -0.224507
7.34407 1547 -8.8246 -0.224362
7.34601 1550 -10.8183 -0.274786
7.34794 1553 -10.8183 -0.274521
7.34923 1555 -10.8183 -0.274344
7.35116 1558 -10.8183 -0.274080
7.35308 1561 -10.8183 -0.273816
7.35436 1563 -10.8183 -0.273641
7.35628 1566 -10.8183 -0.273379
7.35756 1568 -10.8183 -0.273204
7.35947 1571 -10.8183 -0.272943
7.36138 1574 -10.8183 -0.272683
7.36265 1576 -10.8183 -0.272510
7.36455 1579 -12.7749 -0.321488
7.36645 1582 -12.7749 -0.321183
7.36771 1584 -11.6287 -0.292182
7.36960 1587 -11.6287 -0.291906
7.37149 1590 -11.6287 -0.291630
7.37275 1592 -11.4607 -0.287238
7.37463 1595 -11.4607 -0.286967
7.37651 1598 -9.6552 -0.241530
7.37838 1601 -9.6552 -0.241304
7.37963 1603 -9.6552 -0.241153
7.38150 1606 -9.6552 -0.240928
7.38337 1609 -7.6796 -0.191452
7.38461 1611 -7.6796 -0.191333
7.38647 1614 -7.6796 -0.191155
7.38833 1617 -7.6796 -0.190977
7.39018 1620 -9.2622 -0.230122
7.39142 1622 -8.2211 -0.204129
7.39326 1625 -8.2211 -0.203941
7.39511 1628 -8.2211 -0.203753
7.39695 1631 -8.2211 -0.203566
7.39817 1633 -6.5561 -0.162239
7.40001 1636 -6.5561 -0.162090
7.40184 1639 -3.9373 -0.097253
7.40367 1642 -3.9373 -0.097165
7.40489 1644 -3.9373 -0.097105
7.40671 1647 -3.9373 -0.097017
7.40853 1650 -3.9373 -0.096929
7.41035 1653 -3.9373 -0.096841
7.41156 1655 -3.9373 -0.096782
7.41337 1658 -3.9373 -0.096695
7.41518 1661 -3.5453 -0.086991
7.41698 1664 -4.4569 -0.109258
7.41878 1667 -4.2031 -0.102945
7.41998 1669 -4.2031 -0.102883
7.42178 1672 -4.2031 -0.102791
7.42357 1675 -4.2031 -0.102699
7.42536 1678 -4.2031 -0.102607
7.42714 1681 -4.2031 -0.102515
7.42893 1684 -4.2031 -0.102424
7.43011 1686 -4.2031 -0.102363
7.43189 1689 -4.2031 -0.102272
7.43367 1692 -4.2031 -0.102181
7.43544 1695 -4.2031 -0.102091
7.43721 1698 -4.2031 -0.102001
7.43897 1701 -4.2031 -0.101911
7.44073 1704 -4.2031 -0.101821
7.44249 1707 -4.2031 -0.101731
7.44366 1709 -6.1974 -0.149914
7.44542 1712 -6.1974 -0.149782
7.44717 1715 -6.1974 -0.149651
7.44892 1718 -6.1974 -0.149521
7.45066 1721 -6.1974 -0.149390
7.45240 1724 -8.0672 -0.194292
7.45414 1727 -8.0672 -0.194123
7.45588 1730 -8.0672 -0.193955
7.45761 1733 -7.6126 -0.182866
7.45934 1736 -7.6126 -0.182708
7.46049 1738 -7.6126 -0.182603
7.46221 1741 -7.6126 -0.182446
7.46394 1744 -7.6126 -0.182289
7.46566 1747 -8.9371 -0.213820
7.46737 1750 -8.9371 -0.213637
7.46908 1753 -8.9371 -0.213454
7.47079 1756 -8.9371 -0.213272
7.47250 1759 -10.8758 -0.259315
7.47420 1762 -10.8758 -0.259094
7.47591 1765 -10.8758 -0.258873
7.47760 1768 -10.8758 -0.258654
7.47930 1771 -10.8758 -0.258435
7.48099 1774 -10.8758 -0.258216
7.48268 1777 -10.8758 -0.257998
7.48437 1780 -10.8758 -0.257780
7.48605 1783 -10.8758 -0.257563
7.48773 1786 -10.8758 -0.257347
7.48941 1789 -11.9980 -0.283663
7.49109 1792 -11.9980 -0.283426
7.49276 1795 -10.0782 -0.237877
7.49443 1798 -10.0782 -0.237678
7.49610 1801 -10.8448 -0.255544
7.49776 1804 -10.8448 -0.255331
7.49942 1807 -10.8448 -0.255119
7.50108 1810 -10.8448 -0.254907
7.50274 1813 -10.8448 -0.254696
7.50439 1816 -10.8448 -0.254486
7.50659 1820 -11.5181 -0.269988
7.50824 1823 -11.5181 -0.269766
7.50988 1826 -11.5181 -0.269544
7.51152 1829 -11.5181 -0.269323
7.51316 1832 -9.6880 -0.226346
7.51480 1835 -9.6880 -0.226161
7.51643 1838 -9.6880 -0.225976
7.51806 1841 -9.6880 -0.225792
7.51969 1844 -9.6880 -0.225608
7.52132 1847 -9.6880 -0.225425
7.52294 1850 -11.4118 -0.265319
7.52510 1854 -11.4118 -0.265033
7.52672 1857 -11.4118 -0.264819
7.52833 1860 -11.4118 -0.264605
7.52994 1863 -11.4118 -0.264392
7.53155 1866 -11.4118 -0.264179
7.53316 1869 -11.4118 -0.263967
7.53476 1872 -9.7399 -0.225115
7.53690 1876 -11.5891 -0.267569
7.53849 1879 -13.5840 -0.313374
7.54009 1882 -13.5840 -0.313124
7.54168 1885 -13.5840 -0.312875
7.54327 1888 -13.5840 -0.312626
7.54539 1892 -13.5840 -0.312296
7.54697 1895 -13.5840 -0.312048
7.54856 1898 -13.5840 -0.311802
7.55014 1901 -13.1495 -0.301591
7.55171 1904 -13.1495 -0.301354
7.55381 1908 -13.1495 -0.301038
7.55538 1911 -13.1495 -0.300801
7.55695 1914 -12.3800 -0.282976
7.55852 1917 -12.3800 -0.282754
7.56008 1920 -12.3800 -0.282533
7.56216 1924 -12.3800 -0.282239
7.56372 1927 -12.3800 -0.282020
7.56528 1930 -12.3800 -0.281800
7.56683 1933 -11.4187 -0.259717
7.56890 1937 -11.4187 -0.259449
7.57044 1940 -11.4187 -0.259248
7.57199 1943 -11.2245 -0.254642
7.57405 1947 -11.2245 -0.254381
7.57558 1950 -11.2245 -0.254185
7.57712 1953 -11.2245 -0.253990
7.57866 1956 -11.2245 -0.253795
7.58070 1960 -11.2245 -0.253536
7.58223 1963 -12.0539 -0.272062
7.58376 1966 -12.0539 -0.271855
7.58579 1970 -12.4021 -0.279424
7.58731 1973 -12.4021 -0.279211
7.58883 1976 -12.4021 -0.278999
7.59085 1980 -12.4021 -0.278717
7.59237 1983 -12.4021 -0.278506
7.59388 1986 -12.4021 -0.278296
7.59589 1990 -12.4021 -0.278016
7.59740 1993 -12.4021 -0.277807
7.59890 1996 -12.4021 -0.277598
7.60090 2000 -14.7366 -0.329521
7.60240 2003 -13.0437 -0.291448
7.60440 2007 -13.0437 -0.291157
7.60589 2010 -13.0437 -0.290940
7.60738 2013 -14.9320 -0.332809
7.60937 2017 -13.0864 -0.291386
7.61085 2020 -13.0864 -0.291170
7.61283 2024 -13.0864 -0.290882
7.61431 2027 -15.0525 -0.334335
7.61579 2030 -15.0525 -0.334088
7.61776 2034 -15.0525 -0.333760
7.61923 2037 -15.0525 -0.333514
7.62120 2041 -14.8694 -0.329134
7.62266 2044 -14.8694 -0.328892
7.62462 2048 -14.8694 -0.328571
7.62608 2051 -14.8694 -0.328331
7.62803 2055 -16.8647 -0.372025
7.62949 2058 -16.8647 -0.371754
7.63095 2061 -14.6397 -0.322473
7.63289 2065 -14.6397 -0.322160
7.63434 2068 -14.6397 -0.321926
7.63627 2072 -15.2363 -0.334723
7.63772 2075 -15.2363 -0.334481
7.63964 2079 -15.2363 -0.334159
7.64108 2082 -13.3861 -0.293369
7.64300 2086 -13.1589 -0.288112
7.64492 2090 -11.6828 -0.255548
7.64635 2093 -11.6828 -0.255365
7.64826 2097 -11.6828 -0.255121
7.64969 2100 -11.6828 -0.254939
7.65160 2104 -8.8490 -0.192917
7.65302 2107 -8.8490 -0.192779
7.65492 2111 -8.2810 -0.180234
7.65634 2114 -8.2810 -0.180106
7.65823 2118 -8.2810 -0.179936
7.65964 2121 -8.2810 -0.179808
7.66153 2125 -6.8501 -0.148600
7.66341 2129 -5.4147 -0.117351
7.66482 2132 -5.4147 -0.117268
7.66669 2136 -5.4147 -0.117158
7.66809 2139 -5.3486 -0.115646
7.66996 2143 -6.6437 -0.143516
7.67183 2147 -6.6437 -0.143382
7.67322 2150 -6.6437 -0.143282
7.67508 2154 -7.4155 -0.159778
7.67694 2158 -7.4155 -0.159630
7.67833 2161 -7.4155 -0.159519
7.68018 2165 -7.4155 -0.159371
7.68202 2169 -8.7962 -0.188870
7.68340 2172 -8.7962 -0.188740
7.68524 2176 -8.7962 -0.188566
7.68708 2180 -9.7186 -0.208150
7.68846 2183 -9.7186 -0.208007
7.69029 2187 -9.7186 -0.207817
7.69211 2191 -9.7186 -0.207627
7.69348 2194 -9.7186 -0.207485
7.69530 2198 -9.7186 -0.207296
7.69712 2202 -9.7186 -0.207108
7.69848 2205 -9.7186 -0.206967
7.70030 2209 -8.5941 -0.182853
7.70210 2213 -6.7871 -0.144275
7.70391 2217 -6.7871 -0.144145
7.70526 2220 -6.7871 -0.144047
7.70706 2224 -5.1821 -0.109885
7.70886 2228 -5.1821 -0.109786
7.71065 2232 -5.1821 -0.109688
7.71200 2235 -5.1821 -0.109614
7.71378 2239 -7.1777 -0.151691
7.71557 2243 -7.1777 -0.151556
7.71735 2247 -7.1777 -0.151421
7.71913 2251 -7.3964 -0.155896
7.72046 2254 -7.3964 -0.155792
7.72223 2258 -7.3964 -0.155654
7.72400 2262 -7.3964 -0.155516
7.72577 2266 -7.3964 -0.155379
7.72754 2270 -5.5169 -0.115794
7.72886 2273 -5.5169 -0.115717
7.73061 2277 -5.5169 -0.115615
7.73237 2281 -5.4706 -0.114543
7.73412 2285 -5.4706 -0.114443
7.73587 2289 -5.4706 -0.114343
7.73762 2293 -5.5243 -0.115364
7.73936 2297 -6.9175 -0.144335
7.74066 2300 -6.9175 -0.144240
7.74240 2304 -6.9175 -0.144115
7.74414 2308 -6.9175 -0.143990
7.74587 2312 -4.9345 -0.102625
7.74760 2316 -4.9345 -0.102536
7.74932 2320 -4.9345 -0.102448
7.75105 2324 -6.8429 -0.141946
7.75276 2328 -6.8429 -0.141824
7.75448 2332 -6.8429 -0.141702
7.75620 2336 -8.0805 -0.167188
7.75791 2340 -9.5682 -0.197798
7.75961 2344 -9.5682 -0.197629
7.76089 2347 -7.7012 -0.158966
7.76260 2351 -7.7012 -0.158830
7.76430 2355 -7.7012 -0.158695
7.76599 2359 -7.7012 -0.158561
7.76769 2363 -7.7012 -0.158426
7.76938 2367 -7.7012 -0.158293
7.77107 2371 -7.7012 -0.158159
7.77275 2375 -7.7012 -0.158026
7.77444 2379 -5.9611 -0.122216
7.77612 2383 -4.3304 -0.088709
7.77779 2387 -4.3304 -0.088635
7.77947 2391 -4.6745 -0.095598
7.78156 2396 -4.6745 -0.095498
7.78322 2400 -4.6745 -0.095419
7.78489 2404 -4.6745 -0.095339
7.78655 2408 -4.6745 -0.095260
7.78821 2412 -4.6745 -0.095181
7.78987 2416 -4.6745 -0.095102
7.79152 2420 -6.5254 -0.132648
7.79317 2424 -7.7258 -0.156920
7.79482 2428 -7.7258 -0.156790
7.79647 2432 -7.7258 -0.156661
7.79811 2436 -7.7258 -0.156533
7.79975 2440 -9.2555 -0.187372
7.80139 2444 -9.2555 -0.187218
7.80344 2449 -9.5586 -0.193152
7.80507 2453 -9.5586 -0.192995
7.80670 2457 -9.5586 -0.192837
7.80832 2461 -8.5489 -0.172327
7.80995 2465 -8.5489 -0.172188
7.81157 2469 -8.5489 -0.172048
7.81359 2474 -9.9832 -0.200710
7.81521 2478 -9.9832 -0.200548
7.81682 2482 -12.2682 -0.246252
7.81843 2486 -12.2682 -0.246054
7.82004 2490 -12.2682 -0.245856
7.82164 2494 -12.2682 -0.245659
7.82365 2499 -12.2682 -0.245413
7.82525 2503 -10.7520 -0.214911
7.82684 2507 -10.4647 -0.209002
7.82844 2511 -10.4647 -0.208835
7.83043 2516 -10.4647 -0.208627
7.83201 2520 -10.4647 -0.208462
7.83360 2524 -9.6916 -0.192908
7.83518 2528 -9.6916 -0.192755
7.83716 2533 -11.6644 -0.231763
7.83874 2537 -11.6644 -0.231580
7.84031 2541 -11.6644 -0.231398
7.84228 2546 -11.8285 -0.234423
7.84385 2550 -12.4667 -0.246877
7.84542 2554 -12.4667 -0.246683
7.84698 2558 -10.5889 -0.209363
7.84893 2563 -10.5662 -0.208710
7.85049 2567 -10.5662 -0.208547
7.85205 2571 -10.5662 -0.208385
7.85399 2576 -10.5662 -0.208183
7.85554 2580 -10.5662 -0.208021
7.85709 2584 -10.5662 -0.207860
7.85903 2589 -10.5662 -0.207660
7.86057 2593 -11.9222 -0.234130
7.86250 2598 -11.9222 -0.233904
7.86404 2602 -14.4214 -0.282718
7.86557 2606 -14.4214 -0.282501
7.86749 2611 -14.4214 -0.282231
7.86902 2615 -14.4214 -0.282015
7.87093 2620 -14.4214 -0.281746
7.87246 2624 -14.4214 -0.281531
7.87398 2628 -11.0772 -0.216082
7.87588 2633 -11.9498 -0.232881
7.87740 2637 -11.9498 -0.232704
7.87929 2642 -11.9498 -0.232484
7.88080 2646 -11.9498 -0.232308
7.88269 2651 -10.7284 -0.208368
7.88420 2655 -10.7284 -0.208211
7.88608 2660 -9.3340 -0.180978
7.88758 2664 -9.3340 -0.180842
7.88946 2669 -9.3340 -0.180673
7.89096 2673 -11.0915 -0.214531
7.89283 2678 -11.0915 -0.214331
7.89432 2682 -11.0915 -0.214171
7.89618 2687 -9.5441 -0.184121
7.89767 2691 -11.2681 -0.217218
7.89952 2696 -11.2681 -0.217016
7.90101 2700 -9.7853 -0.188319
7.90286 2705 -9.7853 -0.188145
7.90433 2709 -9.7853 -0.188006
7.90618 2714 -7.8589 -0.150854
7.90802 2719 -7.8589 -0.150715
7.90949 2723 -7.8589 -0.150604
7.91132 2728 -7.8589 -0.150466
7.91279 2732 -8.0576 -0.154157
7.91462 2737 -8.0576 -0.154017
7.91644 2742 -7.6244 -0.145603
7.91790 2746 -7.6244 -0.145497
7.91972 2751 -7.6244 -0.145364
7.92154 2756 -5.7800 -0.110100
7.92299 2760 -5.7800 -0.110020
7.92480 2765 -5.7800 -0.109921
7.92660 2770 -6.7111 -0.127512
7.92805 2774 -6.7111 -0.127420
7.92985 2779 -6.7111 -0.127306
7.93164 2784 -5.7337 -0.108667
7.93308 2788 -5.7337 -0.108589
7.93487 2793 -5.7337 -0.108492
7.93666 2798 -7.2694 -0.137428
7.93809 2802 -5.3672 -0.101395
7.93987 2807 -5.3672 -0.101305
7.94165 2812 -6.5423 -0.123373
7.94343 2817 -6.5423 -0.123264
7.94485 2821 -6.5423 -0.123176
7.94662 2826 -6.5423 -0.123067
7.94839 2831 -6.5423 -0.122959
7.95015 2836 -6.5423 -0.122850
7.95191 2841 -8.5388 -0.160200
7.95332 2845 -7.2673 -0.136249
7.95507 2850 -7.2673 -0.136129
7.95683 2855 -5.3770 -0.100633
7.95858 2860 -7.1169 -0.133079
7.96032 2865 -7.1169 -0.132963
7.96172 2869 -7.1169 -0.132870
7.96346 2874 -7.1169 -0.132754
7.96520 2879 -8.7612 -0.163284
7.96693 2884 -8.8115 -0.164080
7.96867 2889 -8.8115 -0.163937
7.97039 2894 -10.4212 -0.193717
7.97212 2899 -10.4212 -0.193550
7.97384 2904 -10.4212 -0.193383
7.97522 2908 -10.4212 -0.193250
7.97694 2913 -11.0199 -0.204177
7.97865 2918 -11.0199 -0.204002
7.98037 2923 -10.6871 -0.197672
7.98207 2928 -8.7940 -0.162518
7.98378 2933 -8.7940 -0.162379
7.98548 2938 -8.7940 -0.162241
7.98718 2943 -8.7940 -0.162103
7.98888 2948 -8.7940 -0.161966
7.99058 2953 -8.7940 -0.161829
7.99227 2958 -8.7940 -0.161692
7.99396 2963 -10.7179 -0.196899
7.99564 2968 -10.7179 -0.196734
7.99733 2973 -9.5446 -0.175049
7.99901 2978 -9.5446 -0.174902
8.00068 2983 -9.5446 -0.174755
8.00236 2988 -9.5446 -0.174609
8.00403 2993 -9.5446 -0.174463
8.00570 2998 -9.5446 -0.174317
8.00737 3003 -9.5446 -0.174172
8.00903 3008 -9.5446 -0.174027
8.01069 3013 -10.3524 -0.188600
8.01235 3018 -10.3524 -0.188443
8.01434 3024 -9.0063 -0.163778
8.01599 3029 -9.0063 -0.163643
8.01764 3034 -9.0063 -0.163508
8.01928 3039 -9.0063 -0.163373
8.02093 3044 -9.0063 -0.163239
8.02257 3049 -12.8412 -0.232555
8.02421 3054 -13.0413 -0.235986
8.02584 3059 -13.0413 -0.235793
8.02780 3065 -12.0729 -0.218070
8.02943 3070 -11.7032 -0.211220
8.03106 3075 -11.7032 -0.211048
8.03268 3080 -11.7032 -0.210877
8.03431 3085 -11.7032 -0.210706
8.03625 3091 -14.2831 -0.256906
8.03787 3096 -14.2831 -0.256698
8.03948 3101 -14.2831 -0.256491
8.04109 3106 -13.6385 -0.244718
8.04302 3112 -13.9794 -0.250593
8.04463 3117 -13.9794 -0.250392
8.04623 3122 -15.4854 -0.277145
8.04783 3127 -15.4854 -0.276923
8.04975 3133 -15.4854 -0.276658
8.05134 3138 -15.5405 -0.277421
8.05293 3143 -15.5405 -0.277200
8.05452 3148 -15.5405 -0.276980
8.05643 3154 -17.2730 -0.307564
8.05801 3159 -17.2730 -0.307321
8.05959 3164 -14.6152 -0.259828
8.06149 3170 -14.6152 -0.259582
8.06306 3175 -14.6152 -0.259377
8.06495 3181 -14.6152 -0.259132
8.06652 3186 -14.6152 -0.258929
8.06809 3191 -12.9637 -0.229492
8.06997 3197 -12.9637 -0.229276
8.07153 3202 -12.9637 -0.229097
8.07309 3207 -14.7252 -0.260024
8.07496 3213 -14.7252 -0.259781
8.07652 3218 -13.0009 -0.229182
8.07838 3224 -11.1938 -0.197142
8.07993 3229 -12.7216 -0.223875
8.08178 3235 -12.7216 -0.223668
8.08333 3240 -12.7216 -0.223495
8.08518 3246 -12.7216 -0.223288
8.08672 3251 -12.7216 -0.223117
8.08856 3257 -14.1537 -0.248006
8.09010 3262 -15.9426 -0.279136
8.09193 3268 -15.9426 -0.278880
8.09346 3273 -17.8142 -0.311383
8.09529 3279 -18.7810 -0.327980
8.09682 3284 -18.7810 -0.327730
8.09864 3290 -18.7810 -0.327431
8.10016 3295 -18.7810 -0.327183
8.10198 3301 -16.0044 -0.278559
8.10349 3306 -16.0044 -0.278348
8.10531 3312 -16.0044 -0.278096
8.10712 3318 -17.8486 -0.309860
8.10862 3323 -19.8160 -0.343757
8.11043 3329 -20.9881 -0.363760
8.11193 3334 -20.9881 -0.363488
8.11373 3340 -20.9881 -0.363161
8.11552 3346 -20.2547 -0.350157
8.11701 3351 -19.4084 -0.335276
8.11880 3357 -19.4084 -0.334976
8.12059 3363 -19.3551 -0.333759
8.12207 3368 -19.3551 -0.333511
8.12385 3374 -17.3668 -0.298983
8.12563 3380 -17.3668 -0.298718
8.12711 3385 -17.3668 -0.298497
8.12888 3391 -15.4478 -0.265278
8.13065 3397 -17.5167 -0.300542
8.13241 3403 -17.5167 -0.300277
8.13388 3408 -17.5167 -0.300056
8.13564 3414 -19.1988 -0.328580
8.13740 3420 -19.1988 -0.328292
8.13915 3426 -19.1988 -0.328004
8.14061 3431 -21.4871 -0.366831
8.14235 3437 -21.4871 -0.366511
8.14410 3443 -21.4871 -0.366192
8.14584 3449 -21.4871 -0.365873
8.14758 3455 -21.4871 -0.365555
8.14902 3460 -21.4871 -0.365291
8.15076 3466 -21.4871 -0.364975
8.15249 3472 -21.0245 -0.356809
8.15421 3478 -21.4793 -0.364212
8.15594 3484 -21.4793 -0.363898
8.15766 3490 -19.3149 -0.326948
8.15937 3496 -19.3149 -0.326667
8.16109 3502 -19.3149 -0.326387
8.16252 3507 -19.3149 -0.326155
8.16423 3513 -20.1253 -0.339550
8.16593 3519 -20.1253 -0.339260
8.16764 3525 -20.1253 -0.338972
8.16934 3531 -18.9459 -0.318835
8.17103 3537 -18.9459 -0.318564
8.17273 3543 -20.5393 -0.345065
8.17442 3549 -20.5393 -0.344773
8.17611 3555 -20.7628 -0.348230
8.17780 3561 -20.4802 -0.343201
8.17948 3567 -20.4802 -0.342912
8.18116 3573 -18.5680 -0.310634
8.18284 3579 -18.5680 -0.310373
8.18451 3585 -18.1115 -0.302489
8.18619 3591 -18.1115 -0.302236
8.18786 3597 -18.1631 -0.302844
8.18952 3603 -18.1631 -0.302592
8.19146 3610 -16.1740 -0.269193
8.19312 3616 -14.8625 -0.247159
8.19478 3622 -14.8625 -0.246954
8.19644 3628 -13.9637 -0.231828
8.19809 3634 -13.9637 -0.231637
8.19974 3640 -12.0819 -0.200255
8.20139 3646 -13.2085 -0.218749
8.20303 3652 -13.2085 -0.218569
8.20495 3659 -13.2085 -0.218360
8.20658 3665 -13.2085 -0.218181
8.20822 3671 -13.2085 -0.218003
8.20985 3677 -14.8924 -0.245595
8.21148 3683 -17.0024 -0.280162
8.21338 3690 -17.0024 -0.279896
8.21501 3696 -15.1711 -0.249546
8.21663 3702 -13.7398 -0.225821
8.21825 3708 -17.5352 -0.287966
8.22013 3715 -17.5352 -0.287694
8.22175 3721 -17.6711 -0.289690
8.22336 3727 -17.6711 -0.289457
8.22497 3733 -16.6999 -0.273329
8.22684 3740 -15.7790 -0.258014
8.22844 3746 -15.7790 -0.257807
8.23004 3752 -18.6046 -0.303731
8.23191 3759 -18.6046 -0.303448
8.23350 3765 -18.1079 -0.295111
8.23510 3771 -16.7419 -0.272632
8.23695 3778 -16.7419 -0.272379
8.23854 3784 -16.7419 -0.272163
8.24039 3791 -16.7419 -0.271912
8.24197 3797 -16.7419 -0.271697
8.24355 3803 -17.4103 -0.282321
8.24538 3810 -17.4103 -0.282062
8.24696 3816 -17.4103 -0.281840
8.24879 3823 -21.8635 -0.353605
8.25036 3829 -21.8635 -0.353328
8.25219 3836 -21.8136 -0.352198
8.25375 3842 -21.8136 -0.351923
8.25557 3849 -20.1038 -0.324045
8.25713 3855 -18.1141 -0.291745
8.25894 3862 -18.1141 -0.291480
8.26049 3868 -18.1141 -0.291254
8.26230 3875 -18.1141 -0.290991
8.26385 3881 -18.1141 -0.290766
8.26565 3888 -18.1141 -0.290504
8.26719 3894 -16.9428 -0.271511
8.26899 3901 -16.9428 -0.271267
8.27053 3907 -17.9998 -0.287969
8.27232 3914 -17.9998 -0.287712
8.27410 3921 -16.0799 -0.256794
8.27563 3927 -16.0799 -0.256597
8.27741 3934 -17.1503 -0.273436
8.27894 3940 -17.1503 -0.273227
8.28071 3947 -17.5687 -0.279644
8.28248 3954 -19.7062 -0.313389
8.28400 3960 -22.0967 -0.351140
8.28577 3967 -22.0967 -0.350830
8.28753 3974 -20.6352 -0.327337
8.28929 3981 -20.6352 -0.327049
8.29079 3987 -20.6352 -0.326803
8.29255 3994 -20.6352 -0.326516
8.29430 4001 -18.7910 -0.297074
8.29605 4008 -18.7910 -0.296815
8.29754 4014 -19.6250 -0.309758
8.29929 4021 -21.2656 -0.335359
8.30103 4028 -22.8154 -0.359488
8.30276 4035 -22.6227 -0.356142
8.30425 4041 -22.6227 -0.355877
8.30598 4048 -22.6227 -0.355569
8.30771 4055 -22.6227 -0.355262
8.30943 4062 -22.1044 -0.346824
8.31115 4069 -22.1044 -0.346526
8.31287 4076 -22.1044 -0.346228
8.31459 4083 -22.1044 -0.345931
8.31606 4089 -22.1044 -0.345677
8.31777 4096 -22.1044 -0.345382
8.31947 4103 -23.2145 -0.362417
8.32118 4110 -23.2145 -0.362108
8.32288 4117 -23.5943 -0.367720
8.32458 4124 -23.5943 -0.367408
8.32627 4131 -25.5681 -0.397806
8.32797 4138 -25.5681 -0.397469
8.32966 4145 -27.2728 -0.423612
8.33135 4152 -27.2728 -0.423255
8.33303 4159 -30.1480 -0.467481
8.33471 4166 -30.1480 -0.467088
8.33639 4173 -32.7585 -0.507106
8.33807 4180 -32.7585 -0.506682
8.33974 4187 -29.2556 -0.452124
8.34141 4194 -29.2556 -0.451747
8.34308 4201 -31.1879 -0.481182
8.34474 4208 -31.1879 -0.480782
8.34664 4216 -32.4857 -0.500313
8.34830 4223 -32.4857 -0.499898
8.34996 4230 -31.1789 -0.479392
8.35161 4237 -31.1789 -0.478996
8.35326 4244 -32.6483 -0.501156
8.35491 4251 -32.6483 -0.500743
8.35655 4258 -34.6460 -0.530945
8.35843 4266 -34.6460 -0.530447
8.36007 4273 -34.0639 -0.521108
8.36171 4280 -30.8065 -0.470891
8.36334 4287 -30.8065 -0.470507
8.36521 4295 -30.8065 -0.470068
8.36684 4302 -30.8065 -0.469686
8.36846 4309 -30.8065 -0.469304
8.37008 4316 -30.8065 -0.468923
8.37194 4324 -29.4258 -0.447492
8.37355 4331 -30.6376 -0.465544
8.37517 4338 -30.5905 -0.464453
8.37701 4346 -30.5905 -0.464026
8.37862 4353 -30.3019 -0.459277
8.38023 4360 -30.3019 -0.458908
8.38206 4368 -28.3109 -0.428363
8.38366 4375 -28.3109 -0.428020
8.38526 4382 -31.4459 -0.475037
8.38708 4390 -31.4459 -0.474604
8.38868 4397 -29.7820 -0.449134
8.39050 4405 -29.7820 -0.448726
8.39208 4412 -27.1916 -0.409370
8.39367 4419 -27.1916 -0.409046
8.39548 4427 -25.5634 -0.384206
8.39706 4434 -25.5634 -0.383902
8.39886 4442 -22.8390 -0.342679
8.40043 4449 -22.0222 -0.330163
8.40223 4457 -22.0222 -0.329867
8.40380 4464 -20.9337 -0.313318
8.40559 4472 -20.9337 -0.313037
8.40738 4480 -20.3003 -0.303293
8.40894 4487 -18.3964 -0.274634
8.41072 4495 -16.6713 -0.248659
8.41228 4502 -16.6713 -0.248465
8.41405 4510 -16.6713 -0.248245
8.41560 4517 -18.6691 -0.277778
8.41737 4525 -15.0551 -0.223808
8.41914 4533 -14.2479 -0.211621
8.42068 4540 -14.2479 -0.211458
8.42244 4548 -13.1220 -0.194576
8.42420 4556 -13.1220 -0.194405
8.42574 4563 -11.1908 -0.165667
8.42749 4571 -11.1908 -0.165522
8.42924 4579 -11.1908 -0.165377
8.43098 4587 -11.1908 -0.165233
8.43251 4594 -11.1908 -0.165107
8.43425 4602 -10.4795 -0.154479
8.43598 4610 -12.3125 -0.181342
8.43772 4618 -12.3125 -0.181184
8.43923 4625 -10.5058 -0.154481
8.44096 4633 -10.3733 -0.152400
8.44269 4641 -10.3733 -0.152268
8.44441 4649 -12.9035 -0.189246
8.44613 4657 -10.9709 -0.160764
8.44784 4665 -9.4266 -0.138016
8.44956 4673 -7.9970 -0.116985
8.45105 4680 -7.9970 -0.116897
8.45276 4688 -11.0261 -0.161037
8.45447 4696 -11.3256 -0.165272
8.45617 4704 -12.1681 -0.177414
8.45787 4712 -12.1681 -0.177264
8.45956 4720 -12.1681 -0.177113
8.46126 4728 -9.8969 -0.143933
8.46295 4736 -6.2163 -0.090328
8.46464 4744 -6.3266 -0.091854
8.46632 4752 -6.3266 -0.091777
8.46800 4760 -4.3048 -0.062395
8.46968 4768 -4.3048 -0.062343
8.47136 4776 -4.3048 -0.062290
8.47303 4784 -5.7937 -0.083765
8.47470 4792 -7.7917 -0.112557
8.47637 4800 -9.3885 -0.135512
8.47804 4808 -9.3885 -0.135399
8.47991 4817 -9.7352 -0.140268
8.48157 4825 -9.7352 -0.140152
8.48322 4833 -8.1529 -0.117275
8.48488 4841 -8.1529 -0.117178
8.48653 4849 -8.1529 -0.117081
8.48818 4857 -9.6335 -0.138230
8.49003 4866 -8.7762 -0.125811
8.49167 4874 -8.2110 -0.117613
8.49331 4882 -8.2110 -0.117517
8.49495 4890 -8.2110 -0.117420
8.49679 4899 -8.2110 -0.117313
8.49842 4907 -8.2110 -0.117217
8.50005 4915 -9.8960 -0.141155
8.50167 4923 -9.8960 -0.141041
8.50350 4932 -9.8960 -0.140912
8.50512 4940 -14.4481 -0.205564
8.50674 4948 -16.3629 -0.232619
8.50856 4957 -14.6659 -0.208305
8.51017 4965 -14.6659 -0.208137
8.51178 4973 -16.4571 -0.233369
8.51359 4982 -16.4571 -0.233158
8.51519 4990 -16.4571 -0.232971
8.51699 4999 -17.6450 -0.249563
8.51859 5007 -17.6450 -0.249364
8.52039 5016 -16.4647 -0.232474
8.52198 5024 -16.9472 -0.239096
8.52377 5033 -19.4010 -0.273471
8.52536 5041 -21.2522 -0.299326
8.52714 5050 -21.2522 -0.299060
8.52873 5058 -19.3144 -0.271576
8.53050 5067 -19.3144 -0.271335
8.53208 5075 -22.1391 -0.310772
8.53385 5084 -20.2622 -0.284173
8.53543 5092 -20.2622 -0.283950
8.53719 5101 -21.5767 -0.302105
8.53895 5110 -23.5632 -0.329628
8.54052 5118 -23.5632 -0.329371
8.54228 5127 -23.6792 -0.330700
8.54384 5135 -23.6792 -0.330443
8.54559 5144 -23.6792 -0.330153
8.54733 5153 -22.3603 -0.311492
8.54908 5162 -22.3603 -0.311221
8.55063 5170 -23.7333 -0.330075
8.55237 5179 -23.7333 -0.329788
8.55410 5188 -23.7333 -0.329502
8.55564 5196 -21.9782 -0.304900
8.55737 5205 -22.4085 -0.310600
8.55910 5214 -23.8373 -0.330120
8.56083 5223 -23.8373 -0.329835
8.56255 5232 -23.3527 -0.322852
8.56408 5240 -23.1606 -0.319951
8.56579 5249 -23.1606 -0.319677
8.56751 5258 -23.1606 -0.319403
8.56922 5267 -24.2984 -0.334809
8.57092 5276 -23.5250 -0.323874
8.57263 5285 -21.7595 -0.299314
8.57433 5294 -18.9021 -0.259787
8.57603 5303 -17.9856 -0.246982
8.57772 5312 -17.9856 -0.246772
8.57942 5321 -17.9856 -0.246564
8.58111 5330 -17.9856 -0.246355
8.58279 5339 -17.9856 -0.246148
8.58448 5348 -17.9856 -0.245940
8.58616 5357 -18.0424 -0.246510
8.58784 5366 -18.8892 -0.257863
8.58951 5375 -18.8892 -0.257647
8.59119 5384 -18.8892 -0.257431
8.59286 5393 -19.4289 -0.264565
8.59452 5402 -23.6433 -0.321685
8.59619 5411 -23.6433 -0.321417
8.59785 5420 -23.6812 -0.321666
8.59951 5429 -23.6812 -0.321399
8.60135 5439 -23.6812 -0.321103
8.60300 5448 -24.4365 -0.331070
8.60465 5457 -24.4365 -0.330797
8.60630 5466 -20.8854 -0.282493
8.60795 5475 -22.8083 -0.308248
8.60977 5485 -20.8155 -0.281059
8.61141 5494 -17.4658 -0.235638
8.61305 5503 -18.8793 -0.254498
8.61486 5513 -21.2005 -0.285530
8.61650 5522 -21.2005 -0.285298
8.61812 5531 -24.8732 -0.334448
8.61993 5541 -24.1450 -0.324364
8.62155 5550 -24.1450 -0.324101
8.62317 5559 -24.1450 -0.323839
8.62497 5569 -22.5818 -0.302600
8.62659 5578 -23.7158 -0.317541
8.62820 5587 -25.8266 -0.345524
8.62999 5597 -26.2270 -0.350566
8.63159 5606 -26.2270 -0.350285
8.63337 5616 -24.1892 -0.322781
8.63498 5625 -22.7059 -0.302745
8.63675 5635 -22.7059 -0.302477
8.63835 5644 -24.6867 -0.328601
8.64012 5654 -26.0983 -0.347084
8.64171 5663 -28.0479 -0.372716
8.64347 5673 -29.5249 -0.391996
8.64523 5683 -29.5249 -0.391651
8.64682 5692 -29.5249 -0.391341
8.64857 5702 -28.8181 -0.381639
8.65015 5711 -28.8181 -0.381338
8.65190 5721 -31.2895 -0.413678
8.65365 5731 -31.2895 -0.413317
8.65521 5740 -31.3306 -0.413535
8.65696 5750 -31.2402 -0.411983
8.65869 5760 -31.2402 -0.411625
8.66025 5769 -31.2402 -0.411304
8.66199 5779 -26.9974 -0.355137
8.66371 5789 -25.0042 -0.328633
8.66544 5799 -23.3548 -0.306690
8.66716 5809 -24.0746 -0.315870
8.66871 5818 -24.0746 -0.315625
8.67043 5828 -24.5153 -0.321128
8.67214 5838 -24.5153 -0.320852
8.67386 5848 -25.4677 -0.333032
8.67556 5858 -23.9032 -0.312306
8.67727 5868 -24.2737 -0.316877
8.67897 5878 -24.2737 -0.316607
8.68050 5887 -23.7597 -0.309667
8.68220 5897 -23.8543 -0.310635
8.68389 5907 -23.7463 -0.308967
8.68558 5917 -23.7463 -0.308706
8.68727 5927 -22.8091 -0.296272
8.68896 5937 -22.8091 -0.296022
8.69064 5947 -22.8091 -0.295773
8.69232 5957 -23.6122 -0.305930
8.69400 5967 -23.6122 -0.305674
8.69584 5978 -23.6122 -0.305393
8.69751 5988 -22.0196 -0.284556
8.69918 5998 -21.0678 -0.272030
8.70085 6008 -23.0498 -0.297373
8.70251 6018 -22.7614 -0.293409
8.70417 6028 -22.7614 -0.293165
8.70583 6038 -24.2648 -0.312270
8.70765 6049 -25.6045 -0.329211
8.70930 6059 -25.6045 -0.328939
8.71095 6069 -25.6045 -0.328668
8.71260 6079 -27.0049 -0.346359
8.71424 6089 -27.0049 -0.346075
8.71604 6100 -25.0114 -0.320238
8.71768 6110 -25.2554 -0.323097
8.71932 6120 -24.6998 -0.315731
8.72111 6131 -27.1787 -0.347107
8.72274 6141 -25.3812 -0.323886
8.72437 6151 -26.1225 -0.333075
8.72616 6162 -26.1225 -0.332778
8.72778 6172 -26.1225 -0.332508
8.72956 6183 -26.1225 -0.332212
8.73117 6193 -26.1225 -0.331944
8.73295 6204 -24.6201 -0.312574
8.73456 6214 -24.9449 -0.316443
8.73617 6224 -22.9954 -0.291479
8.73793 6235 -22.9954 -0.291222
8.73970 6246 -21.0646 -0.266534
8.74130 6256 -21.0646 -0.266321
8.74305 6267 -21.4677 -0.271179
8.74465 6277 -23.4661 -0.296187
8.74640 6288 -24.2347 -0.305620
8.74799 6298 -24.2347 -0.305377
8.74973 6309 -22.2784 -0.280481
8.75147 6320 -21.2038 -0.266719
8.75306 6330 -20.5733 -0.258584
8.75479 6341 -18.8352 -0.236533
8.75653 6352 -18.5044 -0.232177
8.75826 6363 -18.5435 -0.232466
8.75983 6373 -15.6052 -0.195478
8.76155 6384 -17.5698 -0.219897
8.76327 6395 -17.5698 -0.219708
8.76499 6406 -17.5698 -0.219519
8.76655 6416 -13.0836 -0.163341
8.76826 6427 -13.1574 -0.164122
8.76997 6438 -13.1574 -0.163982
8.77168 6449 -14.0271 -0.174672
8.77338 6460 -13.2914 -0.165370
8.77509 6471 -13.5926 -0.168973
8.77678 6482 -13.5926 -0.168829
8.77848 6493 -12.7819 -0.158625
8.78017 6504 -12.7819 -0.158491
8.78186 6515 -12.7819 -0.158357
8.78355 6526 -10.8780 -0.134656
8.78523 6537 -10.8780 -0.134542
8.78691 6548 -10.0833 -0.124609
8.78859 6559 -9.3256 -0.115149
8.79027 6570 -10.4494 -0.128917
8.79194 6581 -10.5195 -0.129673
8.79361 6592 -12.3101 -0.151618
8.79528 6603 -12.3101 -0.151492
8.79694 6614 -12.3101 -0.151366
8.79861 6625 -11.0283 -0.135493
8.80042 6637 -10.7485 -0.131936
8.80207 6648 -10.7485 -0.131827
8.80372 6659 -10.4968 -0.128633
8.80538 6670 -11.8360 -0.144924
8.80717 6682 -13.7816 -0.168596
8.80882 6693 -12.3806 -0.151332
8.81046 6704 -11.8339 -0.144530
8.81210 6715 -11.8339 -0.144412
8.81388 6727 -11.8339 -0.144283
8.81552 6738 -11.8295 -0.144112
8.81730 6750 -12.3963 -0.150883
8.81893 6761 -15.6934 -0.190858
8.82055 6772 -14.6357 -0.177851
8.82232 6784 -14.6357 -0.177693
8.82394 6795 -12.2597 -0.148725
8.82571 6807 -12.2597 -0.148594
8.82732 6818 -12.2597 -0.148474
8.82908 6830 -12.4461 -0.150600
8.83069 6841 -13.7692 -0.166475
8.83244 6853 -13.7692 -0.166329
8.83405 6864 -12.2070 -0.147340
8.83579 6876 -12.6420 -0.152457
8.83754 6888 -11.0676 -0.133354
8.83913 6899 -12.7030 -0.152937
8.84087 6911 -13.8237 -0.166285
8.84246 6922 -15.8223 -0.190175
8.84419 6934 -12.2233 -0.146790
8.84592 6946 -9.9015 -0.118804
8.84765 6958 -9.9015 -0.118702
8.84923 6969 -10.3191 -0.123610
8.85095 6981 -10.3191 -0.123504
8.85266 6993 -8.4808 -0.101415
8.85438 7005 -8.0636 -0.096344
8.85609 7017 -5.7711 -0.068894
8.85766 7028 -5.7711 -0.068840
8.85936 7040 -6.3419 -0.075585
8.86107 7052 -5.4995 -0.065489
8.86277 7064 -6.0132 -0.071545
8.86446 7076 -6.0949 -0.072455
8.86616 7088 -8.0795 -0.095968
8.86785 7100 -8.0795 -0.095887
8.86954 7112 -9.7647 -0.115788
8.87122 7124 -11.6155 -0.137619
8.87291 7136 -13.5235 -0.160089
8.87459 7148 -10.5887 -0.125242
8.87627 7160 -11.9386 -0.141090
8.87794 7172 -11.9263 -0.140827
8.87961 7184 -9.8315 -0.115994
8.88128 7196 -11.4943 -0.135499
8.88309 7209 -11.3171 -0.133290
8.88475 7221 -12.3858 -0.145755
8.88641 7233 -12.3858 -0.145634
8.88807 7245 -12.3858 -0.145514
8.88972 7257 -17.0326 -0.199941
8.89151 7270 -13.4497 -0.157742
8.89316 7282 -13.4497 -0.157611
8.89481 7294 -8.9422 -0.104704
8.89645 7306 -9.0335 -0.105686
8.89823 7319 -7.1564 -0.083651
8.89987 7331 -9.0510 -0.105710
8.90164 7344 -9.3139 -0.108684
8.90327 7356 -7.4833 -0.087251
8.90490 7368 -7.4833 -0.087180
8.90666 7381 -7.4833 -0.087103
8.90829 7393 -9.4447 -0.109844
8.91005 7406 -6.7541 -0.078483
8.91166 7418 -5.9814 -0.069448
8.91342 7431 -5.9814 -0.069387
8.91503 7443 -5.9814 -0.069331
8.91677 7456 -5.9814 -0.069270
8.91838 7468 -8.9847 -0.103968
8.92012 7481 -7.9641 -0.092078
8.92186 7494 -8.2854 -0.095710
8.92346 7506 -7.3874 -0.085268
8.92519 7519 -8.4480 -0.097426
8.92692 7532 -7.3377 -0.084548
8.92851 7544 -5.3950 -0.062114
8.93023 7557 -7.2312 -0.083183
8.93195 7570 -9.1315 -0.104953
8.93366 7583 -9.6111 -0.110371
8.93538 7596 -10.2422 -0.117517
8.93696 7608 -10.4786 -0.120135
8.93866 7621 -8.1250 -0.093072
8.94037 7634 -8.1572 -0.093361
8.94207 7647 -8.0623 -0.092196
8.94377 7660 -8.0623 -0.092118
8.94546 7673 -11.3150 -0.129173
8.94716 7686 -11.3506 -0.129470
8.94885 7699 -7.9467 -0.090567
8.95053 7712 -7.3922 -0.084177
8.95222 7725 -8.0459 -0.091543
8.95390 7738 -8.0459 -0.091466
8.95558 7751 -4.4468 -0.050508
8.95725 7764 -7.5130 -0.085265
8.95893 7777 -7.5130 -0.085193
8.96060 7790 -7.5130 -0.085122
8.96226 7803 -7.9774 -0.090308
8.96406 7817 -10.9223 -0.123536
8.96572 7830 -9.1061 -0.102909
8.96738 7843 -11.0100 -0.124321
8.96903 7856 -11.0100 -0.124219
8.97069 7869 -11.0100 -0.124116
8.97246 7883 -8.1156 -0.091406
8.97411 7896 -8.1156 -0.091330
8.97576 7909 -7.8216 -0.087950
8.97753 7923 -9.4231 -0.105864
8.97916 7936 -10.6772 -0.119855
8.98080 7949 -12.6760 -0.142175
8.98256 7963 -12.3138 -0.137992
8.98419 7976 -12.3138 -0.137880
8.98595 7990 -12.9445 -0.144814
8.98757 8003 -16.6286 -0.185879
8.98932 8017 -16.3388 -0.182480
8.99094 8030 -14.4851 -0.161645
8.99268 8044 -12.6055 -0.140547
8.99430 8057 -12.6055 -0.140434
8.99603 8071 -13.7625 -0.153191
8.99777 8085 -13.7625 -0.153058
8.99937 8098 -13.7844 -0.153179
9.00110 8112 -13.2350 -0.146947
9.00282 8126 -12.6875 -0.140746
9.00442 8139 -9.5552 -0.105914
9.00614 8153 -10.1792 -0.112734
9.00786 8167 -10.1792 -0.112637
9.00957 8181 -11.5636 -0.127846
9.01128 8195 -9.9729 -0.110166
9.01286 8208 -9.9729 -0.110079
9.01457 8222 -8.2945 -0.091475
9.01627 8236 -6.5570 -0.072252
9.01797 8250 -8.4726 -0.093281
9.01966 8264 -6.7128 -0.073843
9.02136 8278 -7.3182 -0.080435
9.02305 8292 -7.3182 -0.080367
9.02473 8306 -8.6284 -0.094675
9.02642 8320 -10.6879 -0.117174
9.02810 8334 -8.4585 -0.092655
9.02978 8348 -8.4585 -0.092577
9.03145 8362 -6.6078 -0.072261
9.03313 8376 -5.1819 -0.056620
9.03480 8390 -6.6356 -0.072444
9.03658 8405 -6.6356 -0.072379
9.03825 8419 -6.6356 -0.072319
9.03991 8433 -10.0197 -0.109109
9.04157 8447 -8.7877 -0.095615
9.04322 8461 -7.4721 -0.081233
9.04499 8476 -6.8618 -0.074531
9.04664 8490 -6.8618 -0.074470
9.04829 8504 -6.8618 -0.074409
9.05005 8519 -5.0595 -0.054816
9.05170 8533 -5.5847 -0.060457
9.05345 8548 -7.2467 -0.078380
9.05509 8562 -7.2467 -0.078316
9.05672 8576 -5.5913 -0.060377
9.05847 8591 -8.2289 -0.088781
9.06010 8605 -6.4231 -0.069242
9.06184 8620 -7.4489 -0.080230
9.06358 8635 -4.1375 -0.044526
9.06520 8649 -5.1899 -0.055806
9.06693 8664 -6.7061 -0.072046
9.06855 8678 -8.7050 -0.093445
9.07027 8693 -9.8692 -0.105851
9.07200 8708 -9.8692 -0.105760
9.07360 8722 -8.7105 -0.093268
9.07532 8737 -8.6181 -0.092200
9.07704 8752 -9.8289 -0.105064
9.07875 8767 -9.7956 -0.104618
9.08035 8781 -7.8314 -0.083574
9.08205 8796 -7.8314 -0.083502
9.08376 8811 -6.4589 -0.068809
9.08546 8826 -5.2546 -0.055931
9.08716 8841 -6.0400 -0.064237
9.08885 8856 -1.8190 -0.019329
9.09054 8871 -3.2886 -0.034916
9.09223 8886 -3.2886 -0.034886
9.09392 8901 -3.5270 -0.037384
9.09560 8916 -3.5270 -0.037353
9.09728 8931 -6.1134 -0.064689
9.09896 8946 -6.8074 -0.071972
9.10064 8961 -10.1044 -0.106741
9.10231 8976 -11.1918 -0.118130
9.10398 8991 -11.1918 -0.118031
9.10565 9006 -11.5629 -0.121843
9.10742 9022 -8.2580 -0.086941
9.10908 9037 -11.3647 -0.119549
9.11074 9052 -9.4643 -0.099476
9.11240 9067 -13.6573 -0.143428
9.11416 9083 -9.7569 -0.102376
9.11581 9098 -10.4986 -0.110067
9.11746 9113 -12.3267 -0.129126
9.11921 9129 -12.3267 -0.129013
9.12085 9144 -12.3593 -0.129249
9.12260 9160 -14.6286 -0.152846
9.12424 9175 -14.6286 -0.152721
9.12598 9191 -14.6800 -0.153124
9.12761 9206 -15.4299 -0.160815
9.12935 9222 -17.2330 -0.179452
9.13097 9237 -18.7654 -0.195251
9.13270 9253 -16.8555 -0.175226
9.13443 9269 -16.8555 -0.175075
9.13605 9284 -14.1076 -0.146415
9.13777 9300 -13.6541 -0.141587
9.13949 9316 -13.9276 -0.144298
9.14110 9331 -15.8822 -0.164417
9.14281 9347 -15.8822 -0.164276
9.14452 9363 -16.4899 -0.170416
9.14623 9379 -18.4511 -0.190521
9.14783 9394 -17.8087 -0.183741
9.14953 9410 -17.4751 -0.180146
9.15123 9426 -15.6078 -0.160760
9.15292 9442 -17.9337 -0.184560
9.15462 9458 -17.9337 -0.184403
9.15631 9474 -17.4234 -0.179005
9.15799 9490 -21.0901 -0.216494
9.15968 9506 -21.1235 -0.216654
9.16136 9522 -21.0915 -0.216144
9.16304 9538 -21.0915 -0.215963
9.16472 9554 -21.0915 -0.215782
9.16639 9570 -23.7337 -0.242610
9.16816 9587 -25.7265 -0.262748
9.16983 9603 -27.4278 -0.279890
9.17150 9619 -25.8306 -0.263372
9.17316 9635 -25.5506 -0.260301
9.17482 9651 -23.8429 -0.242701
9.17658 9668 -22.8247 -0.232133
9.17823 9684 -22.5698 -0.229351
9.17988 9700 -25.0259 -0.254099
9.18163 9717 -25.3146 -0.256806
9.18328 9733 -19.7069 -0.199754
9.18502 9750 -18.5482 -0.187845
9.18666 9766 -18.5482 -0.187691
9.18840 9783 -17.2457 -0.174360
9.19004 9799 -16.8431 -0.170150
9.19177 9816 -18.8200 -0.189956
9.19340 9832 -20.8190 -0.209961
9.19513 9849 -20.0728 -0.202261
9.19675 9865 -16.7115 -0.168254
9.19847 9882 -14.7434 -0.148311
9.20019 9899 -14.7434 -0.148184
9.20190 9916 -11.6028 -0.116519
9.20352 9932 -10.0210 -0.100553
9.20523 9949 -10.5733 -0.106004
9.20693 9966 -10.5733 -0.105913
9.20864 9983 -8.2959 -0.083030
9.21024 9999 -8.2959 -0.082964
9.21194 10016 -6.2999 -0.062948
9.21363 10033 -3.3124 -0.033069
9.21533 10050 -5.2702 -0.052571
9.21702 10067 -5.5186 -0.055002
9.21871 10084 -5.5186 -0.054956
9.22039 10101 -5.6223 -0.055941
9.22207 10118 -1.9437 -0.019324
9.22375 10135 -3.3617 -0.033392
9.22543 10152 -1.4236 -0.014129
9.22720 10170 -3.3588 -0.033306
9.22887 10187 -3.3588 -0.033278
9.23054 10204 -2.9808 -0.029509
9.23220 10221 -2.9808 -0.029484
9.23386 10238 -4.1761 -0.041273
9.23562 10256 -8.9788 -0.088661
9.23727 10273 -11.5020 -0.113481
9.23893 10290 -11.4278 -0.112657
9.24068 10308 -12.9070 -0.127127
9.24232 10325 -12.8762 -0.126720
9.24407 10343 -14.8475 -0.145993
9.24571 10360 -15.9866 -0.157063
9.24744 10378 -14.8067 -0.145346
9.24908 10395 -14.8067 -0.145227
9.25081 10413 -15.6026 -0.152901
9.25244 10430 -14.9276 -0.146167
9.25417 10448 -13.7167 -0.134194
9.25579 10465 -13.5892 -0.132839
9.25751 10483 -17.3905 -0.169851
9.25923 10501 -16.3205 -0.159264
9.26094 10519 -13.2195 -0.128892
9.26255 10536 -15.1700 -0.147791
9.26426 10554 -15.1700 -0.147665
9.26596 10572 -13.6295 -0.132556
9.26767 10590 -14.0699 -0.136724
9.26936 10608 -15.7275 -0.152702
9.27106 10626 -16.5542 -0.160592
9.27275 10644 -16.7126 -0.161992
9.27444 10662 -21.7950 -0.211075
9.27613 10680 -21.8754 -0.211676
9.27781 10698 -23.8029 -0.230133
9.27949 10716 -22.4173 -0.216554
9.28117 10734 -22.5894 -0.218034
9.28285 10752 -22.3182 -0.215236
9.28452 10770 -21.6354 -0.208477
9.28619 10788 -19.8370 -0.190988
9.28786 10806 -21.6630 -0.208395
9.28961 10825 -18.9410 -0.182050
9.29127 10843 -17.9938 -0.172802
9.29293 10861 -13.8061 -0.132476
9.29468 10880 -14.2754 -0.136860
9.29633 10898 -15.3884 -0.147408
9.29798 10916 -15.7865 -0.151096
9.29972 10935 -16.4327 -0.157145
9.30137 10953 -18.3247 -0.175093
9.30310 10972 -16.4070 -0.156634
9.30474 10990 -13.0154 -0.124153
9.30647 11009 -13.2183 -0.125980
9.30810 11027 -11.2469 -0.107104
9.30982 11046 -11.2469 -0.107012
9.31154 11065 -7.9458 -0.075538
9.31317 11083 -6.7226 -0.063857
9.31488 11102 -6.1847 -0.058697
9.31659 11121 -6.0959 -0.057805
9.31830 11140 -7.7859 -0.073768
9.31991 11158 -7.7859 -0.073708
9.32161 11177 -4.7467 -0.044898
9.32331 11196 -5.3985 -0.051021
9.32501 11215 -5.7859 -0.054635
9.32670 11234 -5.7859 -0.054588
9.32839 11253 -4.2054 -0.039644
9.33008 11272 -6.1383 -0.057816
9.33176 11291 -5.2400 -0.049313
9.33344 11310 -7.5836 -0.071309
9.33512 11329 -7.8961 -0.074185
9.33680 11348 -7.5310 -0.070696
9.33847 11367 -5.3282 -0.049976
9.34023 11387 -3.1865 -0.029861
9.34189 11406 -1.2245 -0.011465
9.34356 11425 -0.5843 -0.005466
9.34522 11444 -0.5843 -0.005462
9.34697 11464 0.4465 0.004170
9.34862 11483 0.5171 0.004825
9.35028 11502 0.6371 0.005940
9.35201 11522 0.7605 0.007085
9.35366 11541 0.7605 0.007079
9.35539 11561 -2.7068 -0.025174
9.35703 11580 -4.5521 -0.042301
9.35876 11600 -7.2635 -0.067440
9.36040 11619 -9.0001 -0.083496
9.36212 11639 -6.1096 -0.056631
9.36383 11659 -7.2188 -0.066855
9.36546 11678 -5.4792 -0.050703
9.36717 11698 -5.4792 -0.050660
9.36888 11718 -2.9406 -0.027165
9.37059 11738 -5.5846 -0.051546
9.37220 11757 -3.6912 -0.034043
9.37390 11777 -6.9630 -0.064162
9.37560 11797 -7.9795 -0.073466
9.37729 11817 -9.1205 -0.083900
9.37899 11837 -5.7327 -0.052691
9.38067 11857 -7.3372 -0.067382
9.38236 11877 -5.7015 -0.052316
9.38404 11897 -9.3304 -0.085542
9.38572 11917 -11.4087 -0.104509
9.38740 11937 -9.6383 -0.088217
9.38907 11957 -11.7952 -0.107868
9.39083 11978 -13.6914 -0.125099
9.39250 11998 -12.4510 -0.113671
9.39416 12018 -12.9118 -0.117780
9.39582 12038 -18.4116 -0.167808
9.39757 12059 -19.5902 -0.178396
9.39922 12079 -19.5902 -0.178248
9.40088 12099 -23.3592 -0.212366
9.40261 12120 -19.6081 -0.178109
9.40426 12140 -19.0817 -0.173184
9.40599 12161 -19.3771 -0.175713
9.40763 12181 -18.5031 -0.167650
9.40936 12202 -18.5031 -0.167505
9.41107 12223 -21.8226 -0.197387
9.41271 12243 -21.8226 -0.197225
9.41442 12264 -22.6581 -0.204601
9.41613 12285 -22.6581 -0.204426
9.41776 12305 -20.3211 -0.183192
9.41947 12326 -23.1021 -0.208084
9.42117 12347 -25.0554 -0.225487
9.42287 12368 -25.0770 -0.225489
9.42456 12389 -24.7802 -0.222632
9.42626 12410 -24.8012 -0.222632
9.42787 12430 -26.8195 -0.240555
9.42956 12451 -28.8725 -0.258752
9.43124 12472 -29.3980 -0.263238
9.43300 12494 -29.3980 -0.263006
9.43468 12515 -35.0120 -0.312969
9.43636 12536 -35.2463 -0.314800
9.43803 12557 -39.2510 -0.350274
9.43970 12578 -40.1581 -0.358070
9.44137 12599 -36.0234 -0.320935
9.44312 12621 -33.5905 -0.298999
9.44478 12642 -32.1241 -0.285709
9.44644 12663 -32.3686 -0.287644
9.44818 12685 -34.6371 -0.307536
9.44983 12706 -34.6371 -0.307282
9.45156 12728 -29.1017 -0.257952
9.45321 12749 -29.1017 -0.257739
9.45493 12771 -28.0984 -0.248639
9.45658 12792 -27.7168 -0.245061
9.45829 12814 -25.3784 -0.224193
9.45993 12835 -24.9407 -0.220146
9.46164 12857 -22.0512 -0.194474
9.46335 12879 -23.7286 -0.209089
9.46498 12900 -19.9890 -0.175994
9.46669 12922 -18.7679 -0.165101
9.46839 12944 -19.4091 -0.170597
9.47009 12966 -20.7324 -0.182073
9.47178 12988 -18.2249 -0.159917
9.47347 13010 -15.7126 -0.137756
9.47516 13032 -13.1041 -0.114789
9.47685 13054 -14.6585 -0.128298
9.47853 13076 -12.9213 -0.112998
9.48021 13098 -13.9303 -0.121719
9.48189 13120 -12.4844 -0.108993
9.48357 13142 -14.7302 -0.128493
9.48524 13164 -13.8739 -0.120922
9.48699 13187 -12.8568 -0.111959
9.48865 13209 -16.6261 -0.144663
9.49032 13231 -15.2157 -0.132280
9.49198 13253 -17.6964 -0.153719
9.49371 13276 -17.8807 -0.155185
9.49537 13298 -13.5116 -0.117169
9.49710 13321 -15.4225 -0.133625
9.49875 13343 -16.8471 -0.145848
9.50047 13366 -16.8471 -0.145722
9.50211 13388 -15.1085 -0.130576
9.50383 13411 -22.2414 -0.192057
9.50547 13433 -18.0300 -0.155564
9.50718 13456 -18.0047 -0.155213
9.50889 13479 -15.6202 -0.134542
9.51059 13502 -15.6202 -0.134428
9.51222 13524 -16.1448 -0.138829
9.51392 13547 -16.1448 -0.138711
9.51562 13570 -13.7657 -0.118170
9.51731 13593 -12.6288 -0.108319
9.51900 13616 -12.6288 -0.108228
9.52069 13639 -7.0351 -0.060239
9.52237 13662 -7.0351 -0.060189
9.52406 13685 -9.7837 -0.083633
9.52573 13708 -6.8065 -0.058135
9.52741 13731 -10.8477 -0.092573
9.52916 13755 -10.8477 -0.092492
9.53083 13778 -12.6041 -0.107379
9.53250 13801 -13.3195 -0.113379
9.53416 13824 -13.3195 -0.113285
9.53590 13848 -12.5842 -0.106938
9.53756 13871 -12.5842 -0.106850
9.53921 13894 -11.9091 -0.101034
9.54094 13918 -8.9177 -0.075590
9.54259 13941 -6.5797 -0.055726
9.54431 13965 -6.5797 -0.055678
9.54603 13989 -7.0014 -0.059196
9.54767 14012 -2.0104 -0.016984
9.54938 14036 1.9612 0.016554
9.55109 14060 2.9826 0.025153
9.55272 14083 2.2161 0.018675
9.55443 14107 -1.9233 -0.016193
9.55613 14131 2.8619 0.024075
9.55782 14155 4.9172 0.041330
9.55952 14179 3.3010 0.027722
9.56121 14203 6.4466 0.054093
9.56290 14227 9.4524 0.079247
9.56458 14251 9.2581 0.077553
9.56627 14275 10.8731 0.091005
9.56794 14299 10.3091 0.086212
9.56962 14323 13.0608 0.109132
9.57130 14347 17.4181 0.145419
9.57297 14371 18.9053 0.157703
9.57464 14395 20.1951 0.168322
9.57637 14420 24.1623 0.201213
9.57803 14444 23.4128 0.194809
9.57976 14469 24.3197 0.202180
9.58142 14493 23.3867 0.194263
9.58308 14517 22.7400 0.188734
9.58480 14542 25.1631 0.208666
9.58645 14566 24.4475 0.202565
9.58816 14591 24.4475 0.202391
9.58987 14616 21.3139 0.176299
9.59151 14640 22.9111 0.189355
9.59322 14665 21.4566 0.177182
9.59492 14690 13.6343 0.112492
9.59662 14715 13.6343 0.112396
9.59832 14740 15.3194 0.126181
9.59995 14764 15.3375 0.126227
9.60164 14789 10.0436 0.082589
9.60333 14814 12.0250 0.098798
9.60501 14839 10.0688 0.082656
9.60670 14864 8.3027 0.068101
9.60838 14889 9.7891 0.080225
9.61012 14915 12.4032 0.101560
9.61180 14940 5.9542 0.048713
9.61347 14965 4.9247 0.040257
9.61514 14990 5.8913 0.048119
9.61687 15016 5.8913 0.048077
9.61854 15041 4.6623 0.038016
9.62020 15066 2.5689 0.020929
9.62192 15092 4.1669 0.033919
9.62358 15117 0.9679 0.007873
9.62529 15143 -1.4667 -0.011919
9.62694 15168 -6.9548 -0.056471
9.62866 15194 -5.5123 -0.044720
9.63037 15220 -4.3944 -0.035620
9.63201 15245 -5.9608 -0.048277
9.63371 15271 -2.3508 -0.019023
9.63541 15297 -4.3013 -0.034778
9.63711 15323 -1.2993 -0.010496
9.63881 15349 3.9621 0.031981
9.64043 15374 -1.4135 -0.011400
9.64212 15400 0.5839 0.004705
9.64381 15426 2.5635 0.020640
9.64549 15452 2.2703 0.018264
9.64724 15479 -1.0016 -0.008051
9.64892 15505 -3.5188 -0.028259
9.65059 15531 -2.1283 -0.017078
9.65227 15557 -2.8948 -0.023209
9.65394 15583 -0.4979 -0.003989
9.65567 15610 1.2230 0.009789
9.65733 15636 3.7144 0.029705
9.65899 15662 -0.3088 -0.002468
9.66072 15689 2.4274 0.019379
9.66237 15715 2.5214 0.020114
9.66409 15742 6.2518 0.049828
9.66574 15768 5.1712 0.041182
9.66745 15795 6.6729 0.053095
9.66916 15822 4.0108 0.031886
9.67080 15848 4.8504 0.038529
9.67250 15875 6.1612 0.048900
9.67420 15902 7.5630 0.059975
9.67590 15929 5.5109 0.043665
9.67759 15956 3.7737 0.029875
9.67928 15983 0.4619 0.003654
9.68097 16010 0.4619 0.003651
9.68265 16037 -0.5763 -0.004551
9.68434 16064 2.8084 0.022158
9.68602 16091 -2.0436 -0.016110
9.68769 16118 1.5023 0.011833
9.68937 16145 2.2661 0.017835
9.69110 16173 -3.9734 -0.031244
9.69277 16200 -1.5939 -0.012523
9.69443 16227 -2.8971 -0.022742
9.69616 16255 -2.8713 -0.022521
9.69782 16282 -2.8713 -0.022502
9.69953 16310 -2.8944 -0.022664
9.70119 16337 -1.4275 -0.011169
9.70290 16365 -2.7934 -0.021836
9.70455 16392 2.0100 0.015699
9.70626 16420 0.7926 0.006186
9.70796 16448 -2.2119 -0.017247
9.70960 16475 -5.9007 -0.045972
9.71130 16503 -9.3715 -0.072951
9.71299 16531 -11.1529 -0.086744
9.71469 16559 -8.4737 -0.065850
9.71637 16587 -5.2543 -0.040797
9.71806 16615 -6.2284 -0.048320
9.71974 16643 -9.4395 -0.073170
9.72143 16671 -15.9205 -0.123303
9.72310 16699 -13.9956 -0.108305
9.72478 16727 -18.0148 -0.139290
9.72651 16756 -21.8377 -0.168703
9.72818 16784 -23.1286 -0.178526
9.72985 16812 -26.6515 -0.205548
9.73157 16841 -23.7499 -0.183011
9.73323 16869 -22.7132 -0.174878
9.73495 16898 -21.7596 -0.167392
9.73661 16926 -21.7962 -0.167534
9.73832 16955 -20.9749 -0.161084
9.73997 16983 -19.7241 -0.151352
9.74167 17012 -21.8526 -0.167543
9.74338 17041 -15.8662 -0.121542
9.74508 17070 -19.5632 -0.149735
9.74672 17098 -18.0518 -0.138053
9.74841 17127 -15.2576 -0.116586
9.75010 17156 -18.2113 -0.139038
9.75179 17185 -16.2845 -0.124222
9.75348 17214 -22.1690 -0.168968
9.75516 17243 -21.4519 -0.163365
9.75684 17272 -20.9376 -0.159315
9.75852 17301 -24.3631 -0.185224
9.76025 17331 -23.9400 -0.181850
9.76192 17360 -24.2186 -0.183812
9.76359 17389 -26.8942 -0.203949
9.76532 17419 -32.0598 -0.242912
9.76698 17448 -26.1834 -0.198223
9.76864 17477 -25.8464 -0.195509
9.77036 17507 -21.4174 -0.161868
9.77207 17537 -22.4890 -0.169821
9.77372 17566 -23.7784 -0.179410
9.77543 17596 -23.7263 -0.178864
9.77713 17626 -24.3533 -0.183434
9.77877 17655 -25.5036 -0.191941
9.78047 17685 -27.7994 -0.209042
9.78217 17715 -29.1437 -0.218965
9.78386 17745 -29.1437 -0.218780
9.78555 17775 -25.6594 -0.192461
9.78723 17805 -24.6668 -0.184860
9.78892 17835 -25.3219 -0.189609
9.79060 17865 -23.8224 -0.178231
9.79228 17895 -22.8343 -0.170695
9.79395 17925 -19.4076 -0.144958
9.79568 17956 -20.5797 -0.153580
9.79735 17986 -21.6992 -0.161799
9.79902 18016 -22.0067 -0.163955
9.80073 18047 -19.2302 -0.143146
9.80240 18077 -21.1558 -0.157349
9.80411 18108 -24.9913 -0.185718
9.80576 18138 -22.5796 -0.167657
9.80747 18169 -24.4938 -0.181715
9.80918 18200 -25.8339 -0.191494
9.81082 18230 -28.0169 -0.207504
9.81252 18261 -27.2568 -0.201703
9.81422 18292 -30.4146 -0.224880
9.81591 18323 -23.6980 -0.175071
9.81760 18354 -23.1960 -0.171217
9.81929 18385 -24.9814 -0.184240
9.82098 18416 -17.8634 -0.131634
9.82266 18447 -20.5196 -0.151079
9.82434 18478 -25.0284 -0.184122
9.82601 18509 -24.3147 -0.178722
9.82769 18540 -20.2230 -0.148522
9.82941 18572 -22.5709 -0.165622
9.83108 18603 -24.7622 -0.181550
9.83280 18635 -26.9473 -0.197402
9.83446 18666 -26.9473 -0.197238
9.83612 18697 -21.6715 -0.158491
9.83783 18729 -21.2224 -0.155073
9.83954 18761 -20.4871 -0.149573
9.84119 18792 -22.2698 -0.162453
9.84289 18824 -22.9476 -0.167256
9.84459 18856 -25.9195 -0.188757
9.84628 18888 -27.8419 -0.202585
9.84797 18920 -27.3553 -0.198875
9.84966 18952 -26.7451 -0.194275
9.85135 18984 -30.2649 -0.219657
9.85304 19016 -30.8224 -0.223515
9.85472 19048 -32.3115 -0.234117
9.85640 19080 -31.8968 -0.230918
9.85807 19112 -31.1770 -0.225518
9.85974 19144 -30.6283 -0.221364
9.86147 19177 -31.0862 -0.224480
9.86313 19209 -30.7109 -0.221585
9.86480 19241 -25.9436 -0.187033
9.86651 19274 -25.5053 -0.183715
9.86817 19306 -24.8890 -0.179127
9.86988 19339 -24.8651 -0.178803
9.87158 19372 -24.8231 -0.178348
9.87323 19404 -23.1569 -0.166240
9.87493 19437 -25.5139 -0.183004
9.87663 19470 -26.9056 -0.192823
9.87832 19503 -32.6855 -0.234048
9.88001 19536 -32.3508 -0.231455
9.88170 19569 -33.5876 -0.240101
9.88339 19602 -30.4102 -0.217204
9.88507 19635 -30.6720 -0.218890
9.88675 19668 -33.1938 -0.236688
9.88842 19701 -30.3525 -0.216247
9.89015 19735 -30.6471 -0.218158
9.89182 19768 -29.3511 -0.208758
9.89349 19801 -30.0454 -0.213518
9.89520 19835 -30.5250 -0.216740
9.89687 19868 -28.6774 -0.203452
9.89858 19902 -26.1936 -0.185672
9.90023 19935 -26.0855 -0.184753
9.90194 19969 -29.2911 -0.207280
9.90364 20003 -24.6609 -0.174366
9.90529 20036 -25.2430 -0.178335
9.90698 20070 -24.0769 -0.169952
9.90867 20104 -20.2165 -0.142582
9.91036 20138 -20.4743 -0.144278
9.91205 20172 -22.8105 -0.160605
9.91373 20206 -21.4342 -0.150788
9.91542 20240 -22.8395 -0.160540
9.91709 20274 -24.4913 -0.172005
9.91882 20309 -22.3726 -0.156990
9.92049 20343 -24.5492 -0.172119
9.92216 20377 -25.0540 -0.175512
9.92388 20412 -24.9577 -0.174687
9.92554 20446 -25.4102 -0.177707
9.92725 20481 -26.6201 -0.186009
9.92891 20515 -26.5344 -0.185257
9.93062 20550 -20.9761 -0.146325
9.93232 20585 -25.0008 -0.174253
9.93397 20619 -23.3265 -0.162449
9.93566 20654 -25.4903 -0.177367
9.93736 20689 -25.8261 -0.179551
9.93905 20724 -21.4471 -0.148981
9.94074 20759 -20.9052 -0.145094
9.94242 20794 -23.7106 -0.164427
9.94410 20829 -25.5465 -0.177010
9.94578 20864 -23.3240 -0.161475
9.94750 20900 -23.3568 -0.161563
9.94918 20935 -20.9632 -0.144884
9.95085 20970 -16.9247 -0.116875
9.95256 21006 -16.7328 -0.115451
9.95423 21041 -16.0881 -0.110910
9.95594 21077 -20.4356 -0.140761
9.95760 21112 -17.6608 -0.121548
9.95930 21148 -17.6717 -0.121519
9.96095 21183 -24.2406 -0.166552
9.96265 21219 -25.1959 -0.172969
9.96435 21255 -22.2612 -0.152693
9.96604 21291 -20.9196 -0.143369
9.96773 21327 -22.1422 -0.151620
9.96942 21363 -20.3743 -0.139397
9.97110 21399 -21.9227 -0.149864
9.97278 21435 -26.0450 -0.177895
9.97446 21471 -26.2995 -0.179482
9.97618 21508 -19.1880 -0.130837
9.97785 21544 -17.2027 -0.117201
9.97952 21580 -16.3029 -0.110978
9.98124 21617 -17.7544 -0.120756
9.98290 21653 -17.7544 -0.120655
9.98461 21690 -15.4465 -0.104882
9.98626 21726 -13.8944 -0.094265
9.98797 21763 -11.8128 -0.080074
9.98967 21800 -16.9137 -0.114554
9.99136 21837 -17.6348 -0.119337
9.99301 21873 -17.6170 -0.119118
9.99470 21910 -16.6982 -0.112810
9.99639 21947 -14.9212 -0.100720
9.99807 21984 -16.8321 -0.113523
9.99980 22022 -19.3669 -0.130507
10.00148 22059 -22.1586 -0.149193
10.00315 22096 -24.0195 -0.161587
10.00482 22133 -21.0244 -0.141320
10.00654 22171 -23.8153 -0.159942
10.00821 22208 -24.0881 -0.161640
10.00992 22246 -25.9354 -0.173887
10.01158 22283 -24.5416 -0.164405
10.01328 22321 -21.2504 -0.142236
10.01494 22358 -24.5847 -0.164418
10.01664 22396 -23.1463 -0.154667
10.01833 22434 -26.0950 -0.174223
10.02003 22472 -26.7395 -0.178374
10.02171 22510 -26.5066 -0.176671
10.02340 22548 -27.9651 -0.186235
10.02509 22586 -28.6636 -0.190726
10.02677 22624 -30.2799 -0.201312
10.02844 22662 -32.2189 -0.214023
10.03012 22700 -30.7272 -0.203944
10.03184 22739 -28.6440 -0.189954
10.03351 22777 -28.6855 -0.190070
10.03522 22816 -29.0589 -0.192380
10.03688 22854 -30.3889 -0.201017
10.03859 22893 -30.4161 -0.201026
10.04024 22931 -27.7598 -0.183318
10.04194 22970 -23.8814 -0.157572
10.04364 23009 -24.8141 -0.163587
10.04533 23048 -28.3898 -0.187002
10.04702 23087 -27.2479 -0.179329
10.04871 23126 -25.3487 -0.166688
10.05040 23165 -26.5330 -0.174329
10.05208 23204 -27.5567 -0.180903
10.05376 23243 -29.0628 -0.190630
10.05544 23282 -31.1979 -0.204463
10.05711 23321 -24.6622 -0.161495
10.05882 23361 -22.4973 -0.147192
10.06049 23400 -22.4973 -0.147069
10.06220 23440 -18.9588 -0.123832
10.06386 23479 -20.6664 -0.134873
10.06556 23519 -21.1221 -0.137730
10.06726 23559 -17.8847 -0.116521
10.06896 23599 -17.1585 -0.111695
10.07061 23638 -16.0032 -0.104088
10.07230 23678 -15.7717 -0.102496
10.07399 23718 -13.7423 -0.089232
10.07567 23758 -16.7104 -0.108413
10.07736 23798 -22.5630 -0.146260
10.07908 23839 -23.5692 -0.152651
10.08075 23879 -24.3904 -0.157838
10.08243 23919 -20.2173 -0.130723
10.08414 23960 -26.6203 -0.171977
10.08581 24000 -21.9734 -0.141837
10.08747 24040 -20.0972 -0.129619
10.08918 24081 -19.4197 -0.125143
10.09088 24122 -16.0846 -0.103563
10.09254 24162 -16.5809 -0.106670
10.09423 24203 -15.8018 -0.101571
10.09592 24244 -15.5321 -0.099753
10.09761 24285 -13.8713 -0.089012
10.09930 24326 -12.2748 -0.078701
10.10099 24367 -10.4824 -0.067152
10.10267 24408 -9.6904 -0.062026
10.10434 24449 -10.0506 -0.064278
10.10606 24491 -9.7117 -0.062057
10.10773 24532 -10.6630 -0.068079
10.10944 24574 -4.9704 -0.031707
10.11111 24615 -4.2520 -0.027101
10.11282 24657 -0.3513 -0.002237
10.11448 24698 -11.4878 -0.073098
10.11618 24740 -10.2841 -0.065383
10.11787 24782 -7.7375 -0.049151
10.11957 24824 -5.7882 -0.036737
10.12122 24865 -6.5729 -0.041683
10.12290 24907 -6.9767 -0.044207
10.12459 24949 -8.7753 -0.055556
10.12631 24992 -4.3295 -0.027386
10.12799 25034 -2.2743 -0.014374
10.12967 25076 -1.7953 -0.011337
10.13134 25118 -2.8743 -0.018136
10.13305 25161 1.0215 0.006440
10.13472 25203 -2.7280 -0.017184
10.13642 25246 -4.4183 -0.027807
10.13809 25288 1.8639 0.011721
10.13978 25331 0.2438 0.001532
10.14148 25374 0.0972 0.000610
10.14317 25417 -2.8803 -0.018067
10.14486 25460 -11.6658 -0.073112
10.14655 25503 -8.2874 -0.051895
10.14824 25546 -7.2535 -0.045382
10.14992 25589 -12.5309 -0.078335
10.15160 25632 -15.2228 -0.095083
10.15327 25675 -14.4185 -0.089984
10.15499 25719 -13.6127 -0.084882
10.15666 25762 -14.1700 -0.088283
10.15836 25806 -16.1209 -0.100353
10.16003 25849 -11.8479 -0.073692
10.16173 25893 -12.4366 -0.077288
10.16339 25936 -12.4366 -0.077223
10.16508 25980 -16.3701 -0.101562
10.16677 26024 -19.7776 -0.122599
10.16846 26068 -22.8926 -0.141789
10.17015 26112 -21.3074 -0.131859
10.17183 26156 -21.5894 -0.133492
10.17351 26200 -26.7907 -0.165513
10.17523 26245 -22.3098 -0.137712
10.17691 26289 -21.0548 -0.129856
10.17858 26333 -19.7812 -0.121900
10.18029 26378 -22.7616 -0.140146
10.18195 26422 -22.8487 -0.140566
10.18365 26467 -19.1743 -0.117860
10.18535 26512 -12.6037 -0.077406
10.18701 26556 -13.5683 -0.083261
10.18870 26601 -16.4760 -0.101019
10.19039 26646 -16.4572 -0.100819
10.19208 26691 -14.5358 -0.088973
10.19377 26736 -12.7961 -0.078258
10.19545 26781 -12.6170 -0.077098
10.19713 26826 -9.0504 -0.055257
10.19884 26872 -3.1253 -0.019065
10.20051 26917 -5.1295 -0.031265
10.20222 26963 -9.0780 -0.055285
10.20389 27008 -8.6049 -0.052360
10.20559 27054 -6.2632 -0.038078
10.20725 27099 -6.3407 -0.038518
10.20895 27145 -7.2247 -0.043850
10.21064 27191 -7.2247 -0.043813
10.21233 27237 -3.1263 -0.018943
10.21402 27283 -5.3762 -0.032548
10.21570 27329 -5.0592 -0.030603
10.21739 27375 -10.1136 -0.061126
10.21906 27421 -8.6983 -0.052528
10.22078 27468 -14.3731 -0.086723
10.22245 27514 -13.9086 -0.083851
10.22412 27560 -11.0284 -0.066431
10.22582 27607 -8.4866 -0.051077
10.22753 27654 -16.6723 -0.100257
10.22919 27700 -16.5309 -0.099325
10.23088 27747 -10.2468 -0.061515
10.23258 27794 -14.9795 -0.089851
10.23427 27841 -12.1479 -0.072804
10.23595 27888 -11.3882 -0.068194
10.23764 27935 -13.2373 -0.079200
10.23932 27982 -10.1518 -0.060688
10.24099 28029 -10.7842 -0.064414
10.24271 28077 -9.5403 -0.056936
10.24438 28124 -7.2417 -0.043182
10.24605 28171 -7.5014 -0.044693
10.24775 28219 -14.0174 -0.083444
10.24945 28267 -13.3592 -0.079459
10.25111 28314 -12.0402 -0.071554
10.25281 28362 -14.1459 -0.083997
10.25450 28410 -11.2369 -0.066667
10.25618 28458 -13.0749 -0.077506
10.25787 28506 -5.7842 -0.034259
10.25955 28554 -2.6647 -0.015769
10.26123 28602 -4.0032 -0.023670
10.26294 28651 -6.7818 -0.040066
10.26462 28699 -6.6594 -0.039310
10.26632 28748 -10.4068 -0.061378
10.26799 28796 -8.6226 -0.050813
10.26969 28845 -3.9943 -0.023518
10.27135 28893 -5.2332 -0.030788
10.27305 28942 0.8024 0.004716
10.27474 28991 1.1255 0.006610
10.27643 29040 -0.4526 -0.002656
10.27812 29089 0.6648 0.003898
10.27980 29138 -0.3029 -0.001774
10.28148 29187 -1.0450 -0.006117
10.28319 29237 0.2415 0.001412
10.28486 29286 -0.1512 -0.000883
10.28654 29335 2.3955 0.013986
10.28824 29385 9.1369 0.053301
10.28994 29435 9.5472 0.055647
10.29160 29484 6.9749 0.040620
10.29330 29534 8.9010 0.051794
10.29499 29584 13.6583 0.079408
10.29668 29634 14.6869 0.085317
10.29836 29684 18.6936 0.108500
10.30005 29734 16.4180 0.095212
10.30173 29784 14.6760 0.085038
10.30340 29834 20.7638 0.120213
10.30511 29885 24.6221 0.142429
10.30678 29935 28.1103 0.162471
10.30849 29986 33.2336 0.191919
10.31015 30036 31.0596 0.179215
10.31185 30087 34.6156 0.199564
10.31354 30138 39.1688 0.225623
10.31523 30189 40.4753 0.232952
10.31692 30240 37.8031 0.217388
10.31861 30291 33.2696 0.191157
10.32029 30342 30.4839 0.175004
10.32197 30393 26.1275 0.149869
10.32368 30445 29.0998 0.166775
10.32535 30496 25.7179 0.147270
10.32702 30547 24.8242 0.142033
10.32872 30599 22.8705 0.130744
10.33042 30651 24.6211 0.140632
10.33208 30702 24.0239 0.137107
10.33378 30754 22.3938 0.127696
10.33546 30806 19.3479 0.110234
10.33715 30858 16.8926 0.096164
10.33884 30910 14.6156 0.083132
10.34052 30962 9.1342 0.051910
10.34223 31015 9.4398 0.053602
10.34390 31067 11.3600 0.064451
10.34561 31120 4.9381 0.027992
10.34728 31172 1.8432 0.010440
10.34897 31225 0.6364 0.003602
10.35064 31277 0.9077 0.005133
10.35233 31330 -1.1562 -0.006532
10.35402 31383 -6.7291 -0.037985
10.35571 31436 -8.4777 -0.047815
10.35739 31489 -8.6613 -0.048810
10.35908 31542 -10.9843 -0.061848
10.36079 31596 -12.1608 -0.068414
10.36246 31649 -11.2282 -0.063115
10.36414 31702 -7.9985 -0.044923
10.36584 31756 -9.4544 -0.053054
10.36754 31810 -10.7227 -0.060121
10.36920 31863 -11.3733 -0.063715
10.37089 31917 -7.3921 -0.041377
10.37258 31971 -0.9409 -0.005262
10.37427 32025 -5.6364 -0.031496
10.37596 32079 -12.1677 -0.067936
10.37764 32133 -11.3841 -0.063507
10.37932 32187 -13.7713 -0.076760
10.38103 32242 -12.7033 -0.070747
10.38270 32296 -12.8219 -0.071347
10.38440 32351 -15.4640 -0.085976
10.38607 32405 -18.3544 -0.101961
10.38776 32460 -16.9406 -0.094027
10.38946 32515 -17.5675 -0.097424
10.39115 32570 -21.6229 -0.119813
10.39283 32625 -17.2534 -0.095521
10.39452 32680 -18.4854 -0.102256
10.39620 32735 -16.7414 -0.092531
10.39788 32790 -18.9780 -0.104804
10.39959 32846 -22.0893 -0.121882
10.40126 32901 -23.3021 -0.128467
10.40296 32957 -22.0325 -0.121364
10.40463 33012 -22.0045 -0.121109
10.40632 33068 -18.4005 -0.101187
10.40801 33124 -21.9059 -0.120362
10.40970 33180 -21.9678 -0.120600
10.41139 33236 -26.0620 -0.142956
10.41307 33292 -27.6494 -0.151536
10.41475 33348 -27.5991 -0.151134
10.41643 33404 -27.6970 -0.151542
10.41814 33461 -31.1911 -0.170514
10.41981 33517 -30.2226 -0.165082
10.42151 33574 -28.8742 -0.157583
10.42320 33631 -27.0187 -0.147331
10.42487 33687 -30.6236 -0.166850
10.42656 33744 -30.9000 -0.168213
10.42825 33801 -28.0918 -0.152797
10.42993 33858 -30.7639 -0.167190
10.43161 33915 -27.1689 -0.147529
10.43332 33973 -27.0213 -0.146602
10.43500 34030 -24.2841 -0.131641
10.43667 34087 -22.1823 -0.120147
10.43837 34145 -22.6380 -0.122511
10.44007 34203 -27.6743 -0.149639
10.44173 34260 -29.8497 -0.161267
10.44343 34318 -26.9712 -0.145593
10.44511 34376 -32.5823 -0.175733
10.44680 34434 -34.6727 -0.186850
10.44848 34492 -31.4727 -0.169463
10.45019 34551 -27.5258 -0.148085
10.45187 34609 -25.3004 -0.135998
10.45354 34667 -20.2829 -0.108936
10.45524 34726 -14.4127 -0.077342
10.45691 34784 -16.8006 -0.090082
10.45861 34843 -13.5864 -0.072786
10.46030 34902 -14.6879 -0.078620
10.46199 34961 -14.0611 -0.075201
10.46367 35020 -13.7469 -0.073459
10.46536 35079 -14.8624 -0.079353
10.46704 35138 -15.0434 -0.080252
10.46874 35198 -11.6231 -0.061953
10.47042 35257 -12.1472 -0.064692
10.47212 35317 -11.6899 -0.062204
10.47379 35376 -3.7072 -0.019710
10.47548 35436 -8.2191 -0.043662
10.47718 35496 -8.4320 -0.044755
10.47886 35556 -10.4208 -0.055264
10.48055 35616 -11.9048 -0.063081
10.48223 35676 -11.8413 -0.062692
10.48391 35736 -12.1182 -0.064104
10.48559 35796 -12.1315 -0.064120
10.48729 35857 -11.6938 -0.061754
10.48897 35917 -9.1227 -0.048137
10.49066 35978 -12.5246 -0.066030
10.49236 36039 -14.7018 -0.077444
10.49405 36100 -19.9495 -0.104997
10.49574 36161 -16.0378 -0.084338
10.49742 36222 -18.6338 -0.097907
10.49910 36283 -23.4828 -0.123282
10.50078 36344 -28.9989 -0.152112
10.50246 36405 -27.5518 -0.144401
10.50416 36467 -23.0266 -0.120581
10.50583 36528 -22.3516 -0.116949
10.50753 36590 -16.6970 -0.087289
10.50922 36652 -20.3991 -0.106552
10.51091 36714 -15.5861 -0.081343
10.51260 36776 -11.8201 -0.061637
10.51429 36838 -13.3434 -0.069521
10.51597 36900 -10.5036 -0.054680
10.51765 36962 -10.7309 -0.055816
10.51935 37025 -17.7277 -0.092131
10.52102 37087 -14.9035 -0.077389
10.52272 37150 -12.0759 -0.062653
10.52441 37213 -7.5047 -0.038903
10.52608 37275 -4.7959 -0.024840
10.52777 37338 -4.8125 -0.024905
10.52945 37401 -3.8256 -0.019782
10.53116 37465 -3.0575 -0.015796
10.53284 37528 5.2220 0.026956
10.53452 37591 2.8160 0.014524
10.53622 37655 7.4252 0.038265
10.53789 37718 8.3944 0.043223
10.53959 37782 8.3951 0.043190
10.54128 37846 4.6530 0.023918
10.54297 37910 6.8666 0.035266
10.54466 37974 8.8437 0.045383
10.54634 38038 3.0464 0.015620
10.54802 38102 -1.0733 -0.005499
10.54970 38166 1.0436 0.005342
10.55140 38231 3.4191 0.017487
10.55307 38295 7.3396 0.037506
10.55477 38360 8.5216 0.043509
10.55646 38425 7.8350 0.039970
10.55815 38490 9.5406 0.048630
10.55982 38554 5.2429 0.026702
10.56153 38620 3.3043 0.016814
10.56321 38685 2.4306 0.012358
10.56489 38750 2.6608 0.013517
10.56659 38816 -1.2197 -0.006191
10.56826 38881 -2.3091 -0.011710
10.56996 38947 -6.1129 -0.030975
10.57162 39012 -8.4089 -0.042574
10.57331 39078 -3.1645 -0.016008
10.57500 39144 3.7939 0.019176
10.57669 39210 4.0687 0.020547
10.57839 39277 8.8915 0.044865
10.58007 39343 4.3785 0.022075
10.58175 39409 1.8215 0.009175
10.58345 39476 0.3407 0.001715
10.58512 39542 -6.0165 -0.030256
10.58681 39609 -9.1014 -0.045731
10.58850 39676 -14.1484 -0.071030
10.59019 39743 -7.8095 -0.039174
10.59187 39810 -7.5141 -0.037660
10.59355 39877 -9.1036 -0.045588
10.59526 39945 -6.0604 -0.030323
10.59693 40012 -1.2839 -0.006419
10.59863 40080 0.9735 0.004863
10.60030 40147 1.8301 0.009133
10.60200 40215 1.9256 0.009602
10.60368 40283 3.8998 0.019430
10.60537 40351 7.7850 0.038755
10.60706 40419 9.3418 0.046466
10.60874 40487 10.7110 0.053232
10.61044 40556 12.6531 0.062830
10.61211 40624 10.0180 0.049704
10.61381 40693 7.5721 0.037537
10.61551 40762 11.1735 0.055343
10.61717 40830 12.1899 0.060327
10.61886 40899 11.3463 0.056105
10.62055 40968 7.3775 0.036449
10.62225 41038 6.1170 0.030196
10.62393 41107 9.8273 0.048470
10.62561 41176 14.3413 0.070675
10.62731 41246 20.4968 0.100924
10.62898 41315 18.6578 0.091792
10.63067 41385 21.1741 0.104084
10.63236 41455 22.0646 0.108369
10.63405 41525 18.2200 0.089412
10.63574 41595 14.2184 0.069715
10.63742 41665 15.8532 0.077666
10.63912 41736 15.2549 0.074671
10.64080 41806 16.6271 0.081320
10.64249 41877 13.7062 0.066978
10.64416 41947 9.3597 0.045700
10.64585 42018 7.4448 0.036319
10.64754 42089 7.6072 0.037080
10.64923 42160 7.1671 0.034906
10.65091 42231 13.9232 0.067752
10.65261 42303 10.8066 0.052542
10.65429 42374 9.1873 0.044631
10.65599 42446 17.5346 0.085109
10.65766 42517 14.7268 0.071421
10.65935 42589 18.4752 0.089524
10.66104 42661 14.2249 0.068870
10.66273 42733 15.5211 0.075083
10.66441 42805 12.0553 0.058268
10.66609 42877 5.8153 0.028084
10.66779 42950 8.6714 0.041841
10.66947 43022 9.9392 0.047919
10.67116 43095 12.8222 0.061766
10.67285 43168 10.3203 0.049672
10.67454 43241 6.1195 0.029429
10.67623 43314 11.7373 0.056397
10.67792 43387 8.1719 0.039232
10.67960 43460 10.7486 0.051559
10.68127 43533 9.3678 0.044898
10.68297 43607 7.6936 0.036843
10.68467 43681 11.0273 0.052762
10.68634 43754 3.9555 0.018910
10.68803 43828 4.4930 0.021462
10.68972 43902 2.8228 0.013472
10.69140 43976 8.9082 0.042480
10.69310 44051 7.8342 0.037326
10.69478 44125 7.7718 0.036998
10.69646 44199 13.7624 0.065462
10.69815 44274 11.1311 0.052901
10.69985 44349 10.9804 0.052141
10.70154 44424 16.8449 0.079921
10.70322 44499 13.1374 0.062278
10.70491 44574 7.1261 0.033753
10.70659 44649 12.3457 0.058426
10.70827 44724 7.3510 0.034760
10.70996 44800 6.5804 0.031090
10.71166 44876 13.1496 0.062073
10.71333 44951 15.8926 0.074959
10.71502 45027 12.0035 0.056568
10.71670 45103 10.5711 0.049776
10.71839 45179 7.1071 0.033437
10.72009 45256 6.9614 0.032724
10.72177 45332 10.0526 0.047215
10.72347 45409 4.7123 0.022114
10.72514 45485 8.4572 0.039654
10.72683 45562 7.6365 0.035776
10.72852 45639 12.8587 0.060191
10.73020 45716 10.8427 0.050711
10.73189 45793 13.3246 0.062266
10.73359 45871 9.8812 0.046136
10.73527 45948 5.3891 0.025141
10.73696 46026 2.1478 0.010011
10.73863 46103 -3.6417 -0.016960
10.74032 46181 0.9148 0.004257
10.74201 46259 0.5791 0.002692
10.74370 46337 -1.3926 -0.006469
10.74538 46415 -3.0881 -0.014334
10.74708 46494 -4.2804 -0.019851
10.74875 46572 -5.9884 -0.027749
10.75045 46651 -1.0585 -0.004901
10.75214 46730 0.4877 0.002256
10.75383 46809 -10.6218 -0.049095
10.75552 46888 -11.2441 -0.051927
10.75720 46967 -5.8490 -0.026989
10.75888 47046 -5.8605 -0.027019
10.76056 47125 -7.6265 -0.035132
10.76226 47205 -5.0949 -0.023450
10.76395 47285 -3.7872 -0.017416
10.76564 47365 -7.5424 -0.034656
10.76733 47445 -8.8406 -0.040587
10.76901 47525 -9.0062 -0.041313
10.77069 47605 3.0330 0.013901
10.77237 47685 8.3401 0.038193
10.77407 47766 3.1347 0.014343
10.77574 47846 5.7629 0.026346
10.77743 47927 2.5523 0.011658
10.77912 48008 3.5816 0.016346
10.78081 48089 2.4192 0.011032
10.78249 48170 1.6091 0.007332
10.78419 48252 0.0448 0.000204
10.78587 48333 -0.0914 -0.000416
10.78756 48415 -3.6380 -0.016534
10.78924 48496 -10.8098 -0.049087
10.79093 48578 -12.0680 -0.054754
10.79261 48660 -14.4521 -0.065516
10.79430 48742 -14.9574 -0.067749
10.79600 48825 -19.7323 -0.089301
10.79768 48907 -22.9490 -0.103772
10.79937 48990 -25.6887 -0.116062
10.80104 49072 -24.2214 -0.109341
10.80273 49155 -20.8081 -0.093853
10.80442 49238 -23.5640 -0.106194
10.80611 49321 -17.4079 -0.078385
10.80781 49405 -17.8780 -0.080433
10.80949 49488 -23.4336 -0.105339
10.81118 49572 -29.2910 -0.131558
10.81285 49655 -25.1795 -0.112997
10.81454 49739 -31.4032 -0.140807
10.81623 49823 -32.2611 -0.144532
10.81792 49907 -29.0824 -0.130182
10.81962 49992 -25.5947 -0.114472
10.82130 50076 -29.3521 -0.131167
10.82299 50161 -25.8589 -0.115459
10.82467 50245 -34.1164 -0.152201
10.82636 50330 -33.3972 -0.148866
10.82804 50415 -27.7120 -0.123420
10.82973 50500 -26.2514 -0.116817
10.83141 50585 -22.9849 -0.102196
10.83311 50671 -21.1351 -0.093891
10.83479 50756 -17.3645 -0.077076
10.83648 50842 -14.0377 -0.062257
10.83817 50928 -15.4862 -0.068622
10.83986 51014 -16.9391 -0.074997
10.84154 51100 -22.5613 -0.099805
10.84322 51186 -23.9235 -0.105742
10.84492 51273 -22.5087 -0.099404
10.84660 51359 -20.4756 -0.090350
10.84829 51446 -22.7968 -0.100507
10.84998 51533 -18.7613 -0.082646
10.85166 51620 -16.2537 -0.071539
10.85335 51707 -8.9100 -0.039184
10.85503 51794 -4.6107 -0.020259
10.85673 51882 -8.3407 -0.036618
10.85840 51969 -15.6181 -0.068510
10.86009 52057 -18.6594 -0.081782
10.86178 52145 -13.3578 -0.058497
10.86347 52233 -6.9814 -0.030547
10.86515 52321 -13.6736 -0.059779
10.86683 52409 -12.3773 -0.054066
10.86853 52498 -18.5983 -0.081171
10.87022 52587 -23.5173 -0.102553
10.87190 52675 -16.5401 -0.072067
10.87358 52764 -10.6033 -0.046161
10.87527 52853 -13.1933 -0.057388
10.87697 52943 -15.2031 -0.066074
10.87865 53032 -15.5348 -0.067459
10.88035 53122 -16.5242 -0.071694
10.88202 53211 -14.8824 -0.064517
10.88371 53301 -11.3479 -0.049153
10.88540 53391 -5.0974 -0.022060
10.88708 53481 2.1150 0.009145
10.88876 53571 -0.2118 -0.000915
10.89046 53662 0.3775 0.001630
10.89215 53753 1.0083 0.004349
10.89383 53843 4.4562 0.019204
10.89552 53934 6.2033 0.026711
10.89720 54025 7.4287 0.031960
10.89889 54116 3.3308 0.014318
10.90058 54208 10.1134 0.043437
10.90226 54299 9.5347 0.040918
10.90395 54391 2.9578 0.012683
10.90564 54483 5.4802 0.023478
10.90733 54575 1.9693 0.008430
10.90902 54667 -3.0359 -0.012985
10.91070 54759 -0.0597 -0.000255
10.91239 54852 2.8320 0.012092
10.91407 54944 6.7824 0.028935
10.91576 55037 6.1819 0.026351
10.91745 55130 2.3536 0.010024
10.91913 55223 4.1991 0.017869
10.92082 55316 4.1089 0.017470
10.92252 55410 7.3670 0.031296
10.92419 55503 9.4534 0.040126
10.92588 55597 7.4629 0.031651
10.92757 55691 3.8346 0.016249
10.92926 55785 10.3526 0.043832
10.93094 55879 12.0777 0.051093
10.93262 55973 11.4074 0.048217
10.93432 56068 3.6054 0.015226
10.93601 56163 0.3475 0.001466
10.93769 56257 -2.0503 -0.008644
10.93937 56352 0.1352 0.000570
10.94106 56447 2.6999 0.011364
10.94276 56543 3.2107 0.013502
10.94444 56638 2.3281 0.009782
10.94613 56734 8.8073 0.036976
10.94782 56830 9.7670 0.040970
10.94951 56926 17.0266 0.071363
10.95119 57022 18.7617 0.078569
10.95287 57118 17.2371 0.072124
10.95455 57214 16.1035 0.067324
10.95625 57311 16.0517 0.067051
10.95794 57408 18.7597 0.078296
10.95963 57505 20.7539 0.086546
10.96131 57602 19.3213 0.080504
10.96300 57699 24.6390 0.102574
10.96467 57796 23.7792 0.098912
10.96637 57894 29.0343 0.120669
10.96806 57992 31.1599 0.129394
10.96975 58090 33.4433 0.138758
10.97143 58188 31.1806 0.129261
10.97312 58286 30.6691 0.127034
10.97480 58384 27.6535 0.114447
10.97649 58483 25.2349 0.104349
10.97818 58582 28.9443 0.119586
10.97987 58681 26.1432 0.107922
10.98156 58780 18.2595 0.075314
10.98324 58879 22.2126 0.091542
10.98492 58978 21.6227 0.089036
10.98661 59078 18.9592 0.078002
10.98831 59178 19.2357 0.079073
10.98999 59278 17.6150 0.072349
10.99168 59378 11.2351 0.046107
10.99336 59478 4.9310 0.020219
10.99504 59578 -0.8866 -0.003632
10.99674 59679 -1.9158 -0.007842
10.99843 59780 -7.0390 -0.028789
11.00011 59881 -14.1226 -0.057713
11.00180 59982 -6.3635 -0.025983
11.00348 60083 -11.3336 -0.046237
11.00516 60184 -16.2037 -0.066050
11.00686 60286 -15.1282 -0.061614
11.00855 60388 -11.1258 -0.045275
11.01023 60490 -15.4718 -0.062907
11.01192 60592 -15.7882 -0.064140
11.01360 60694 -19.7411 -0.080131
11.01530 60797 -16.6146 -0.067383
11.01697 60899 -9.4636 -0.038349
11.01866 61002 -6.3687 -0.025786
11.02035 61105 -10.7103 -0.043328
11.02203 61208 -11.5459 -0.046669
11.02373 61312 -19.2844 -0.077881
11.02541 61415 -19.4417 -0.078451
11.02710 61519 -18.5459 -0.074773
11.02879 61623 -22.5094 -0.090676
11.03048 61727 -22.3369 -0.089905
11.03216 61831 -13.8819 -0.055827
11.03384 61935 -8.2517 -0.033157
11.03553 62040 -8.1046 -0.032539
11.03723 62145 -1.5859 -0.006362
11.03890 62249 -6.0297 -0.024167
11.04060 62355 -4.7903 -0.019183
11.04228 62460 4.5241 0.018102
11.04396 62565 9.0323 0.036110
11.04565 62671 12.6679 0.050602
11.04734 62777 19.2027 0.076641
11.04903 62883 7.8795 0.031422
11.05072 62989 6.5588 0.026133
11.05240 63095 7.1899 0.028624
11.05409 63202 6.1563 0.024488
11.05577 63308 2.4415 0.009704
11.05746 63415 -6.7366 -0.026751
11.05914 63522 -6.7936 -0.026955
11.06084 63630 -2.6765 -0.010611
11.06252 63737 8.6439 0.034238
11.06421 63845 11.8541 0.046914
11.06589 63952 17.5317 0.069326
11.06758 64060 26.6548 0.105313
11.06928 64169 24.9831 0.098624
11.07096 64277 27.6441 0.109037
11.07264 64385 23.7294 0.093518
11.07433 64494 12.1216 0.047731
11.07602 64603 13.3647 0.052581
11.07770 64712 8.9418 0.035150
11.07938 64821 5.6428 0.022163
11.08108 64931 2.6958 0.010580
11.08276 65040 5.2044 0.020407
11.08445 65150 -4.2921 -0.016816
11.08613 65260 -2.2412 -0.008773
11.08782 65370 0.6035 0.002360
11.08952 65481 -0.8378 -0.003274
11.09119 65591 -0.5878 -0.002295
11.09288 65702 -2.5146 -0.009810
11.09457 65813 -4.4294 -0.017266
11.09626 65924 -10.7984 -0.042057
11.09794 66035 -10.6274 -0.041356
11.09963 66147 -6.1830 -0.024041
11.10133 66259 -2.0703 -0.008043
11.10300 66370 -1.0134 -0.003933
11.10470 66483 3.2239 0.012503
11.10638 66595 -0.4659 -0.001805
11.10807 66707 1.2262 0.004747
11.10976 66820 -3.6970 -0.014302
11.11145 66933 0.0740 0.000286
11.11313 67046 1.0444 0.004034
11.11482 67159 -0.4605 -0.001777
11.11650 67272 11.9983 0.046260
11.11819 67386 13.4838 0.051943
11.11988 67500 21.4536 0.082575
11.12157 67614 27.0073 0.103863
11.12325 67728 18.5409 0.071244
11.12494 67842 20.0370 0.076928
11.12663 67957 21.4764 0.082384
11.12831 68071 19.2639 0.073835
11.12999 68186 19.5472 0.074858
11.13168 68301 26.0759 0.099776
11.13338 68417 17.9165 0.068497
11.13506 68532 18.9772 0.072491
11.13675 68648 14.0662 0.053686
11.13844 68764 11.8438 0.045166
11.14012 68880 9.6395 0.036729
11.14180 68996 6.3842 0.024305
11.14350 69113 4.9788 0.018938
11.14518 69229 12.3105 0.046788
11.14686 69346 13.2212 0.050207
11.14855 69463 15.9888 0.060665
11.15025 69581 14.5824 0.055282
11.15193 69698 13.8689 0.052533
11.15362 69816 14.0870 0.053314
11.15531 69934 16.1432 0.061044
11.15699 70052 14.2620 0.053885
11.15868 70170 19.4808 0.073541
11.16036 70288 15.5497 0.058652
11.16205 70407 10.0612 0.037918
11.16374 70526 15.2302 0.057350
11.16542 70645 12.2249 0.045994
11.16711 70764 13.4431 0.050535
11.16880 70884 14.0086 0.052616
11.17048 71003 11.5445 0.043325
11.17217 71123 22.0193 0.082565
11.17385 71243 23.0331 0.086294
11.17555 71364 13.2344 0.049541
11.17723 71484 10.5229 0.039358
11.17892 71605 4.5327 0.016939
11.18061 71726 2.4665 0.009209
11.18229 71847 8.3504 0.031153
11.18398 71968 4.8690 0.018150
11.18567 72090 0.2662 0.000991
11.18735 72211 -1.9361 -0.007205
11.18904 72333 -2.5400 -0.009444
11.19072 72455 -7.0971 -0.026366
11.19242 72578 -4.5490 -0.016885
11.19410 72700 -7.3192 -0.027145
11.19579 72823 -10.6776 -0.039568
11.19747 72946 -7.7754 -0.028789
11.19916 73069 -12.1127 -0.044810
11.20084 73192 -9.1585 -0.033853
11.20253 73316 -5.7270 -0.021151
11.20422 73440 -2.4108 -0.008896
11.20591 73564 -5.5838 -0.020587
11.20760 73688 -2.0309 -0.007482
11.20928 73812 -7.5491 -0.027786
11.21097 73937 -1.0842 -0.003987
11.21266 74062 2.2478 0.008259
11.21434 74187 -0.2051 -0.000753
11.21603 74312 5.1416 0.018861
11.21772 74438 0.4314 0.001581
11.21940 74563 -2.7317 -0.010004
11.22109 74689 -2.9997 -0.010976
11.22277 74815 -7.1167 -0.026019
11.22446 74941 -6.9862 -0.025520
11.22615 75068 -9.4047 -0.034326
11.22784 75195 -3.4385 -0.012539
11.22953 75322 -1.6868 -0.006146
11.23121 75449 0.0999 0.000364
11.23289 75576 0.9163 0.003333
11.23459 75704 -6.6431 -0.024144
11.23628 75832 -5.0078 -0.018185
11.23796 75960 2.3171 0.008407
11.23965 76088 -4.0143 -0.014553
11.24133 76216 0.2337 0.000847
11.24302 76345 -3.8358 -0.013882
11.24471 76474 0.7610 0.002752
11.24639 76603 11.2868 0.040780
11.24807 76732 13.5044 0.048751
11.24977 76862 2.8932 0.010436
11.25146 76992 -0.7154 -0.002578
11.25314 77122 2.3721 0.008542
11.25483 77252 9.9768 0.035895
11.25651 77382 15.0480 0.054095
11.25820 77513 15.9897 0.057432
11.25989 77644 18.6044 0.066767
11.26158 77775 22.7473 0.081566
11.26326 77906 27.0059 0.096755
11.26495 78038 23.8279 0.085297
11.26664 78170 29.3731 0.105058
11.26833 78302 25.5438 0.091285
11.27001 78434 18.8644 0.067358
11.27169 78566 11.5431 0.041182
11.27339 78699 9.1459 0.032602
11.27507 78832 7.6163 0.027126
11.27676 78965 6.5227 0.023212
11.27844 79098 -4.4877 -0.015957
11.28014 79232 -0.5091 -0.001809
11.28181 79365 -8.6114 -0.030567
11.28350 79499 -3.9241 -0.013917
11.28520 79634 -6.6827 -0.023681
11.28688 79768 -15.7425 -0.055739
11.28857 79903 -11.0909 -0.039236
11.29026 80038 -13.6757 -0.048339
11.29194 80173 -23.5878 -0.083306
11.29362 80308 -24.2941 -0.085728
11.29532 80444 -19.8460 -0.069972
11.29699 80579 -15.2414 -0.053692
11.29869 80716 -16.1468 -0.056834
11.30038 80852 -32.0196 -0.112608
11.30206 80988 -38.4968 -0.135274
11.30375 81125 -33.5862 -0.117919
11.30543 81262 -35.6047 -0.124900
11.30712 81399 -39.4447 -0.138254
11.30881 81537 -38.7452 -0.135688
11.31049 81674 -37.8096 -0.132300
11.31218 81812 -30.6581 -0.107186
11.31386 81950 -29.3918 -0.102672
11.31556 82089 -31.1174 -0.108608
11.31724 82227 -37.8014 -0.131826
11.31893 82366 -37.0381 -0.129055
11.32061 82505 -40.0916 -0.139577
11.32230 82644 -40.7907 -0.141891
11.32399 82784 -39.4601 -0.137146
11.32568 82924 -45.1264 -0.156708
11.32737 83064 -43.2156 -0.149946
11.32905 83204 -46.5195 -0.161273
11.33073 83344 -40.9142 -0.141722
11.33242 83485 -40.3478 -0.139642
11.33411 83626 -46.8493 -0.162006
11.33579 83767 -46.1933 -0.159604
11.33749 83909 -42.6629 -0.147281
11.33917 84050 -43.5229 -0.150124
11.34086 84192 -47.7147 -0.164444
11.34254 84334 -52.2747 -0.180007
11.34423 84477 -48.7179 -0.167617
11.34591 84619 -48.3831 -0.166326
11.34760 84762 -48.0818 -0.165151
11.34929 84905 -48.4846 -0.166394
11.35098 85049 -52.7318 -0.180816
11.35266 85192 -56.3320 -0.192999
11.35435 85336 -63.5231 -0.217453
11.35604 85480 -70.9491 -0.242669
11.35773 85625 -69.4632 -0.237386
11.35941 85769 -68.9791 -0.235533
11.36110 85914 -66.5432 -0.227024
11.36279 86059 -79.1812 -0.269913
11.36447 86204 -72.7351 -0.247731
11.36616 86350 -81.7580 -0.278227
11.36785 86496 -88.6291 -0.301355
11.36954 86642 -88.9504 -0.302193
11.37122 86788 -88.9838 -0.302052
11.37290 86934 -94.3624 -0.320040
11.37459 87081 -103.1132 -0.349424
11.37628 87228 -98.0061 -0.331837
11.37796 87375 -101.4194 -0.343105
11.37966 87523 -107.5865 -0.363661
11.38135 87671 -102.1949 -0.345145
11.38303 87819 -99.8113 -0.336811
11.38472 87967 -107.6081 -0.362815
11.38641 88116 -108.8805 -0.366795
11.38809 88264 -124.4906 -0.419030
11.38977 88413 -124.3909 -0.418341
11.39147 88563 -116.0198 -0.389857
11.39315 88712 -112.0380 -0.376161
11.39484 88862 -110.4608 -0.370553
11.39653 89012 -117.6430 -0.394314
11.39821 89162 -116.1147 -0.388864
11.39990 89313 -110.8240 -0.370831
11.40159 89464 -113.2851 -0.378747
11.40328 89615 -121.6301 -0.406304
11.40496 89766 -113.2065 -0.377847
11.40664 89917 -111.6162 -0.372226
11.40833 90069 -106.8550 -0.356047
11.41002 90221 -97.8640 -0.325814
11.41171 90374 -105.5139 -0.350985
11.41339 90526 -94.8705 -0.315315
11.41508 90679 -91.2126 -0.302902
11.41677 90832 -92.1072 -0.305615
11.41845 90985 -100.4641 -0.333063
11.42014 91139 -110.2398 -0.365163
11.42183 91293 -115.3088 -0.381631
11.42351 91447 -110.3488 -0.364907
11.42520 91601 -112.2015 -0.370722
11.42689 91756 -113.2682 -0.373931
11.42858 91911 -117.1661 -0.386472
11.43026 92066 -115.7749 -0.381562
11.43195 92222 -113.7503 -0.374572
11.43363 92377 -119.4655 -0.393062
11.43532 92533 -124.5494 -0.409443
11.43702 92690 -127.7095 -0.419476
11.43870 92846 -133.0751 -0.436732
11.44039 93003 -136.9439 -0.449049
11.44207 93160 -147.3162 -0.482654
11.44376 93317 -146.7102 -0.480264
11.44545 93475 -141.3314 -0.462265
11.44713 93632 -132.8832 -0.434268
11.44882 93791 -128.4569 -0.419447
11.45051 93949 -125.4937 -0.409427
11.45219 94107 -124.2813 -0.405131
11.45388 94266 -121.7353 -0.396496
11.45556 94425 -124.5452 -0.405306
11.45725 94585 -126.2325 -0.410450
11.45894 94745 -125.9063 -0.409043
11.46063 94905 -116.6685 -0.378712
11.46232 95065 -116.2762 -0.377121
11.46400 95225 -115.7690 -0.375160
11.46569 95386 -108.5786 -0.351562
11.46737 95547 -113.1632 -0.366098
11.46906 95708 -116.1593 -0.375474
11.47075 95870 -114.8522 -0.370935
11.47244 96032 -116.5033 -0.375950
11.47412 96194 -126.6608 -0.408383
11.47580 96356 -125.8749 -0.405508
11.47750 96519 -138.1278 -0.444605
11.47918 96682 -136.8342 -0.440070
11.48087 96845 -141.0782 -0.453337
11.48256 97009 -134.0882 -0.430511
11.48425 97173 -120.2352 -0.385708
11.48593 97337 -125.5155 -0.402308
11.48762 97501 -119.7599 -0.383537
11.48931 97666 -117.7345 -0.376732
11.49099 97830 -119.9391 -0.383464
11.49268 97996 -118.1376 -0.377384
11.49436 98161 -120.1591 -0.383519
11.49605 98327 -120.1655 -0.383216
11.49774 98493 -123.6028 -0.393845
11.49942 98659 -129.2976 -0.411644
11.50112 98826 -133.5690 -0.424884
11.50279 98992 -132.0406 -0.419670
11.50449 99160 -133.5544 -0.424121
11.50617 99327 -127.5464 -0.404701
11.50786 99495 -108.7178 -0.344667
11.50955 99663 -104.9207 -0.332349
11.51123 99831 -101.6709 -0.321784
11.51292 99999 -106.7179 -0.337473
11.51460 100168 -110.1496 -0.348031
11.51629 100337 -110.4471 -0.348677
11.51798 100507 -116.0985 -0.366208
11.51967 100677 -122.1519 -0.384977
11.52136 100847 -111.4068 -0.350817
11.52304 101017 -108.5623 -0.341572
11.52473 101187 -99.2197 -0.311915
11.52641 101358 -110.2745 -0.346375
11.52810 101529 -105.2525 -0.330322
11.52979 101701 -102.6469 -0.321872
11.53147 101872 -102.8746 -0.322315
11.53316 102044 -98.9212 -0.309668
11.53485 102217 -99.1071 -0.309987
11.53653 102389 -98.3087 -0.307231
11.53822 102562 -92.7269 -0.289543
11.53991 102735 -87.3256 -0.272447
11.54160 102909 -83.7827 -0.261173
11.54328 103082 -76.5739 -0.238501
11.54497 103256 -66.3889 -0.206603
11.54666 103431 -63.0277 -0.195978
11.54834 103605 -72.7854 -0.226128
11.55003 103780 -73.9130 -0.229437
11.55172 103956 -76.5440 -0.237403
11.55341 104131 -76.0630 -0.235713
11.55509 104307 -77.7986 -0.240888
11.55678 104483 -88.8648 -0.274920
11.55846 104659 -86.3427 -0.266893
11.56015 104836 -90.4109 -0.279232
11.56184 105013 -97.5230 -0.300944
11.56352 105190 -99.4130 -0.306518
11.56521 105368 -94.4178 -0.290870
11.56690 105546 -98.1194 -0.302019
11.56859 105724 -93.7713 -0.288392
11.57028 105903 -86.2659 -0.265085
11.57196 106081 -81.8877 -0.251420
11.57364 106260 -75.6261 -0.231999
11.57534 106440 -73.4191 -0.225038
11.57703 106620 -75.5344 -0.231327
11.57871 106800 -75.1990 -0.230105
11.58040 106980 -79.2740 -0.242370
11.58208 107160 -84.9235 -0.259425
11.58377 107341 -86.8647 -0.265131
11.58546 107523 -83.9799 -0.256109
11.58714 107704 -83.5263 -0.254511
11.58883 107886 -90.4018 -0.275229
11.59052 108068 -88.1090 -0.268023
11.59221 108251 -77.0729 -0.234253
11.59389 108433 -72.8184 -0.221137
11.59557 108616 -74.6769 -0.226589
11.59727 108800 -82.3382 -0.249624
11.59895 108983 -85.4116 -0.258725
11.60063 109167 -80.0417 -0.242254
11.60233 109352 -78.8583 -0.238470
11.60401 109536 -84.2872 -0.254673
11.60570 109721 -84.4192 -0.254857
11.60739 109907 -64.6589 -0.195036
11.60907 110092 -54.0317 -0.162844
11.61076 110278 -52.6190 -0.158452
11.61244 110464 -43.5577 -0.131055
11.61414 110651 -45.3870 -0.136444
11.61582 110837 -45.5564 -0.136838
11.61751 111025 -47.9870 -0.144017
11.61919 111212 -43.7750 -0.131265
11.62088 111400 -44.5024 -0.133334
11.62257 111588 -51.0332 -0.152772
11.62425 111776 -51.6924 -0.154615
11.62594 111965 -50.8765 -0.152046
11.62763 112154 -43.4109 -0.129626
11.62931 112343 -49.0398 -0.146310
11.63100 112533 -43.7053 -0.130285
11.63269 112723 -39.1158 -0.116505
11.63437 112913 -43.5470 -0.129594
11.63606 113104 -30.3740 -0.090316
11.63775 113295 -25.0773 -0.074503
11.63943 113486 -32.4134 -0.096217
11.64113 113678 -23.8996 -0.070885
11.64281 113870 -21.7286 -0.064391
11.64450 114062 -19.9828 -0.059168
11.64619 114255 -24.4488 -0.072330
11.64787 114447 -25.7546 -0.076129
11.64956 114641 -17.7500 -0.052424
11.65124 114834 -31.5520 -0.093109
11.65293 115028 -35.2143 -0.103829
11.65462 115222 -42.6892 -0.125762
11.65631 115417 -44.1145 -0.129851
11.65800 115612 -44.4782 -0.130812
11.65968 115807 -52.1911 -0.153366
11.66136 116002 -50.9708 -0.149654
11.66305 116198 -51.3704 -0.150700
11.66474 116394 -62.7420 -0.183905
11.66643 116591 -67.7062 -0.198288
11.66812 116788 -73.3986 -0.214778
11.66980 116985 -71.9275 -0.210296
11.67148 117182 -72.9010 -0.212962
11.67317 117380 -74.5684 -0.217650
11.67486 117578 -66.2012 -0.193065
11.67655 117777 -57.4875 -0.167511
11.67824 117976 -58.9406 -0.171600
11.67992 118175 -52.9220 -0.153948
11.68161 118375 -49.6407 -0.144281
11.68329 118574 -44.8741 -0.130317
11.68499 118775 -37.9561 -0.110133
11.68667 118975 -36.6605 -0.106285
11.68836 119176 -35.6356 -0.103226
11.69004 119377 -39.5066 -0.114343
11.69173 119579 -43.9521 -0.127102
11.69342 119781 -36.7303 -0.106128
11.69511 119983 -32.8321 -0.094785
11.69679 120185 -28.1203 -0.081114
11.69848 120388 -30.7640 -0.088665
11.70017 120592 -28.2883 -0.081461
11.70185 120795 -27.3989 -0.078833
11.70354 120999 -41.3734 -0.118941
11.70522 121203 -38.7306 -0.111249
11.70691 121408 -37.7498 -0.108340
11.70860 121613 -53.5201 -0.153471
11.71028 121818 -54.1249 -0.155075
11.71197 122024 -60.4031 -0.172917
11.71366 122230 -55.7097 -0.159346
11.71534 122436 -61.4480 -0.175611
11.71703 122643 -67.0277 -0.191396
11.71872 122850 -59.8522 -0.170763
11.72041 123058 -57.3643 -0.163526
11.72209 123265 -58.9362 -0.167866
11.72378 123473 -53.0268 -0.150907
11.72547 123682 -62.8408 -0.178685
11.72716 123891 -74.9590 -0.212963
11.72884 124100 -69.8276 -0.198217
11.73053 124309 -71.5500 -0.202936
11.73221 124519 -68.4076 -0.193859
11.73390 124729 -63.3611 -0.179407
11.73559 124940 -64.1786 -0.181568
11.73728 125151 -65.6484 -0.185570
11.73896 125362 -86.0258 -0.242966
11.74065 125574 -83.8247 -0.236550
11.74234 125786 -87.0987 -0.245581
11.74402 125998 -86.2575 -0.243005
11.74571 126211 -91.3275 -0.257071
11.74740 126424 -73.1860 -0.205832
11.74909 126638 -68.1054 -0.191381
11.75077 126851 -63.3109 -0.177759
11.75245 127065 -59.2019 -0.166082
11.75414 127280 -49.0807 -0.137572
11.75583 127495 -49.4917 -0.138607
11.75752 127710 -55.6373 -0.155687
11.75921 127926 -65.8946 -0.184234
11.76089 128142 -61.6155 -0.172125
11.76258 128358 -63.9843 -0.178592
11.76427 128575 -55.8377 -0.155722
11.76595 128792 -58.9103 -0.164152
11.76764 129009 -62.7333 -0.174658
11.76933 129227 -60.5610 -0.168468
11.77101 129445 -55.3015 -0.153707
11.77270 129664 -47.6988 -0.132464
11.77439 129883 -47.5682 -0.131990
11.77607 130102 -57.2717 -0.158781
11.77776 130322 -55.9161 -0.154892
11.77945 130542 -57.0735 -0.157964
11.78113 130762 -60.5159 -0.167351
11.78282 130983 -51.2638 -0.141646
11.78451 131204 -45.5486 -0.125748
11.78620 131426 -45.3019 -0.124961
11.78788 131647 -45.7730 -0.126155
11.78957 131870 -51.8002 -0.142645
11.79125 132092 -54.6921 -0.150483
11.79294 132315 -50.9902 -0.140179
11.79463 132539 -61.7373 -0.169580
11.79631 132762 -67.1204 -0.184212
11.79801 132987 -55.2545 -0.151518
11.79969 133211 -60.1632 -0.164839
11.80138 133436 -56.7985 -0.155489
11.80306 133661 -48.2855 -0.132073
11.80475 133887 -37.4486 -0.102345
11.80644 134113 -28.5444 -0.077945
11.80812 134339 -34.1304 -0.093119
11.80981 134566 -35.2664 -0.096138
11.81150 134793 -34.1696 -0.093069
11.81319 135021 -24.2544 -0.066007
11.81487 135249 -25.2436 -0.068641
11.81656 135477 -20.5268 -0.055768
11.81825 135706 -26.6507 -0.072345
11.81993 135935 -31.4843 -0.085394
11.82162 136165 -22.4050 -0.060717
11.82331 136395 -15.8985 -0.043048
11.82500 136625 -10.3234 -0.027929
11.82668 136855 -4.5958 -0.012423
11.82837 137087 -8.9914 -0.024285
11.83005 137318 -4.4194 -0.011926
11.83174 137550 0.1156 0.000312
11.83343 137782 -8.8996 -0.023976
11.83512 138015 -1.1462 -0.003085
11.83680 138248 -0.2132 -0.000573
11.83849 138481 -1.2018 -0.003229
11.84018 138715 2.5161 0.006756
11.84186 138949 10.0555 0.026976
11.84355 139184 7.7415 0.020751
11.84524 139419 13.2542 0.035497
11.84692 139654 7.1540 0.019144
11.84861 139890 4.6387 0.012402
11.85030 140126 1.8769 0.005014
11.85199 140363 -5.5761 -0.014884
11.85367 140600 -7.3283 -0.019544
11.85536 140837 -8.1285 -0.021660
11.85705 141075 -18.0263 -0.047993
11.85873 141313 -18.4595 -0.049105
11.86042 141551 -9.8355 -0.026142
11.86210 141790 -12.0379 -0.031969
11.86379 142030 -19.6161 -0.052050
11.86548 142270 -20.9126 -0.055443
11.86717 142510 -26.6484 -0.070591
11.86885 142750 -12.8125 -0.033911
11.87054 142991 -16.5730 -0.043828
11.87223 143233 -25.3801 -0.067061
11.87392 143475 -15.9146 -0.042015
11.87560 143717 -27.0403 -0.071327
11.87728 143959 -27.8776 -0.073474
11.87898 144203 -29.8463 -0.078597
11.88066 144446 -18.0358 -0.047455
11.88235 144690 -23.5305 -0.061860
11.88403 144934 -17.4145 -0.045743
11.88572 145179 -9.9992 -0.026243
11.88741 145424 -9.8126 -0.025732
11.88909 145669 -4.8831 -0.012794
11.89078 145915 8.4810 0.022202
11.89247 146162 9.4285 0.024662
11.89415 146408 4.6872 0.012250
11.89584 146656 4.7756 0.012470
11.89753 146903 0.7787 0.002032
11.89921 147151 3.9017 0.010171
11.90091 147400 17.6455 0.045961
11.90259 147649 29.7079 0.077314
11.90428 147898 36.7625 0.095593
11.90597 148148 38.8319 0.100888
11.90765 148398 38.6227 0.100260
11.90934 148648 40.4520 0.104921
11.91102 148899 43.7924 0.113489
11.91271 149151 43.6695 0.113075
11.91440 149402 27.3356 0.070721
11.91609 149655 21.6373 0.055932
11.91777 149907 20.8422 0.053831
11.91946 150160 16.3444 0.042179
11.92115 150414 14.7687 0.038080
11.92283 150668 16.0363 0.041314
11.92452 150922 8.1736 0.021040
11.92621 151177 19.5679 0.050327
11.92789 151432 3.1501 0.008095
11.92958 151688 5.6050 0.014391
11.93127 151944 -9.7618 -0.025043
11.93296 152201 0.3094 0.000793
11.93464 152457 -0.8242 -0.002111
11.93633 152715 -11.0944 -0.028390
11.93802 152973 -13.1496 -0.033621
11.93970 153231 -10.4232 -0.026627
11.94139 153490 -6.0536 -0.015452
11.94308 153749 -10.7296 -0.027364
11.94476 154008 -12.4664 -0.031766
11.94645 154268 -17.5981 -0.044805
11.94814 154529 -19.4052 -0.049364
11.94982 154790 -30.6677 -0.077949
11.95151 155051 -34.5759 -0.087808
11.95320 155313 -47.6728 -0.120967
11.95488 155575 -64.3622 -0.163178
11.95657 155838 -74.1573 -0.187853
11.95826 156101 -79.2081 -0.200478
11.95994 156364 -79.5668 -0.201216
11.96163 156628 -72.7163 -0.183737
11.96332 156893 -74.6405 -0.188440
11.96501 157158 -71.0967 -0.179342
11.96669 157423 -63.3024 -0.159546
11.96838 157689 -59.9689 -0.151017
11.97007 157955 -65.4108 -0.164582
11.97175 158222 -62.2836 -0.156581
11.97344 158489 -59.2449 -0.148817
11.97512 158756 -52.7627 -0.132423
11.97681 159024 -66.7952 -0.167500
11.97850 159293 -59.1171 -0.148120
11.98019 159562 -46.5011 -0.116412
11.98187 159831 -44.6760 -0.111749
11.98356 160101 -50.3570 -0.125853
11.98525 160371 -40.5353 -0.101221
11.98693 160642 -29.9215 -0.074654
11.98862 160913 -31.3192 -0.078076
11.99031 161185 -20.0831 -0.050023
11.99199 161457 -16.8881 -0.042029
11.99368 161730 2.7662 0.006879
11.99537 162003 -12.3325 -0.030640
11.99705 162276 -14.9853 -0.037200
11.99874 162550 -21.6315 -0.053653
12.00043 162825 -17.4651 -0.043282
12.00212 163100 -18.0233 -0.044628
12.00380 163375 -15.6490 -0.038716
12.00549 163651 -19.8783 -0.049138
12.00718 163927 -14.0759 -0.034766
12.00886 164204 -12.6629 -0.031249
12.01055 164481 -4.9340 -0.012166
12.01224 164759 -5.6247 -0.013857
12.01392 165037 -10.3907 -0.025577
12.01561 165316 -19.4422 -0.047818
12.01730 165595 -32.6087 -0.080133
12.01898 165874 -26.5552 -0.065202
12.02067 166154 -20.2267 -0.049621
12.02236 166435 -26.3067 -0.064483
12.02405 166716 -15.9052 -0.038954
12.02573 166997 -13.5555 -0.033171
12.02742 167279 -9.4888 -0.023200
12.02911 167562 -18.3954 -0.044939
12.03080 167845 -11.1235 -0.027151
12.03248 168128 -12.1236 -0.029567
12.03417 168412 -0.3500 -0.000853
12.03585 168696 10.3778 0.025267
12.03754 168981 9.5784 0.023301
12.03923 169266 5.3578 0.013023
12.04091 169552 9.3001 0.022586
12.04260 169838 13.2217 0.032083
12.04429 170125 1.6801 0.004073
12.04597 170412 0.3472 0.000841
12.04766 170700 10.7558 0.026033
12.04935 170988 15.1430 0.036621
12.05104 171277 15.1144 0.036521
12.05272 171566 12.0395 0.029066
12.05441 171856 2.2577 0.005446
12.05610 172146 4.8734 0.011746
12.05778 172436 4.8298 0.011631
12.05947 172727 -4.1611 -0.010012
12.06116 173019 -13.7158 -0.032974
12.06284 173311 -15.3083 -0.036772
12.06453 173604 -11.5287 -0.027670
12.06622 173897 -17.5835 -0.042166
12.06790 174190 -27.8867 -0.066817
12.06959 174485 -22.4979 -0.053859
12.07128 174779 -25.9036 -0.061961
12.07296 175074 -29.4503 -0.070385
12.07465 175370 -19.0060 -0.045385
12.07634 175666 -3.8425 -0.009168
12.07802 175962 -5.5606 -0.013256
12.07972 176260 -9.5130 -0.022659
12.08140 176557 -10.0451 -0.023906
12.08309 176855 -12.8806 -0.030629
12.08477 177154 -3.4361 -0.008164
12.08646 177453 6.3380 0.015046
12.08814 177752 14.5958 0.034620
12.08984 178053 10.6065 0.025136
12.09152 178353 11.6469 0.027579
12.09321 178654 9.3546 0.022132
12.09490 178956 14.0503 0.033213
12.09658 179258 10.8569 0.025643
12.09827 179561 11.3288 0.026735
12.09996 179864 -3.4213 -0.008067
12.10164 180167 -1.3237 -0.003119
12.10333 180472 -14.0724 -0.033126
12.10501 180776 -15.1537 -0.035641
12.10671 181082 -27.4152 -0.064425
12.10839 181387 -21.3348 -0.050094
12.11008 181694 -18.0372 -0.042316
12.11176 182000 -18.0418 -0.042291
12.11345 182308 -11.6730 -0.027339
12.11514 182615 -26.2591 -0.061448
12.11683 182924 -22.5629 -0.052755
12.11851 183232 -14.0165 -0.032745
12.12020 183542 -2.8014 -0.006539
12.12189 183852 -2.1335 -0.004976
12.12357 184162 1.5025 0.003501
12.12526 184473 9.9579 0.023185
12.12694 184784 -3.7306 -0.008679
12.12863 185096 -13.1448 -0.030553
12.13032 185409 -11.0359 -0.025630
12.13201 185722 -10.2137 -0.023700
12.13370 186036 -18.3917 -0.042641
12.13538 186350 -17.0935 -0.039597
12.13707 186664 -21.1589 -0.048974
12.13875 186979 -26.1250 -0.060417
12.14044 187295 -20.8352 -0.048143
12.14213 187611 -27.2134 -0.062828
12.14381 187928 -24.7820 -0.057166
12.14550 188245 -6.3186 -0.014563
12.14719 188563 -7.7790 -0.017914
12.14887 188881 -16.9447 -0.038989
12.15056 189200 -18.4063 -0.042316
12.15225 189520 -18.9481 -0.043525
12.15394 189840 -11.7710 -0.027016
12.15562 190160 5.7194 0.013116
12.15731 190481 0.5919 0.001356
12.15900 190803 2.8708 0.006572
12.16068 191125 -4.3239 -0.009890
12.16237 191448 -12.8208 -0.029301
12.16406 191771 -11.5465 -0.026367
12.16575 192095 -11.2576 -0.025685
12.16743 192419 -16.9169 -0.038565
12.16912 192744 -17.2622 -0.039319
12.17080 193069 -25.2212 -0.057400
12.17249 193395 -25.5449 -0.058087
12.17418 193722 -24.4083 -0.055456
12.17587 194049 -29.1269 -0.066121
12.17755 194376 -16.2393 -0.036834
12.17924 194705 -13.4250 -0.030425
12.18092 195033 -22.7140 -0.051433
12.18261 195363 -26.5633 -0.060098
12.18430 195692 -26.4939 -0.059891
12.18599 196023 -19.7631 -0.044638
12.18767 196354 -20.1681 -0.045514
12.18936 196685 -11.1930 -0.025238
12.19105 197017 -18.5079 -0.041697
12.19273 197350 -8.5214 -0.019182
12.19442 197683 -20.3612 -0.045795
12.19611 198017 -20.8980 -0.046963
12.19779 198351 -26.2985 -0.059049
12.19948 198686 -32.5915 -0.073117
12.20117 199022 -44.8074 -0.100438
12.20286 199358 -41.8483 -0.093726
12.20454 199694 -48.3484 -0.108193
12.20623 200031 -43.3246 -0.096869
12.20792 200369 -44.9097 -0.100329
12.20960 200707 -45.5732 -0.101725
12.21129 201046 -49.3370 -0.110033
12.21298 201386 -52.9001 -0.117881
12.21467 201726 -56.5836 -0.125982
12.21635 202066 -42.1007 -0.093657
12.21804 202407 -42.9325 -0.095427
12.21972 202749 -34.2022 -0.075958
12.22141 203091 -50.5306 -0.112127
12.22310 203434 -55.2063 -0.122399
12.22479 203778 -53.3445 -0.118171
12.22647 204122 -36.0858 -0.079871
12.22816 204466 -32.9227 -0.072809
12.22984 204811 -34.5865 -0.076424
12.23153 205157 -37.5556 -0.082915
12.23322 205504 -41.9758 -0.092595
12.23491 205851 -30.5419 -0.067316
12.23659 206198 -21.0221 -0.046295
12.23828 206546 -23.5263 -0.051766
12.23997 206895 -23.5639 -0.051805
12.24165 207244 -24.2076 -0.053175
12.24334 207594 -28.7737 -0.063152
12.24503 207945 -32.4450 -0.071150
12.24672 208296 -31.0659 -0.068068
12.24840 208647 -38.1139 -0.083441
12.25009 209000 -31.5647 -0.069044
12.25177 209352 -30.0642 -0.065707
12.25346 209706 -30.9461 -0.067577
12.25515 210060 -24.2635 -0.052940
12.25684 210415 -6.6883 -0.014581
12.25852 210770 -12.0363 -0.026217
12.26021 211126 -17.7084 -0.038540
12.26190 211482 -22.4046 -0.048719
12.26358 211839 -20.1467 -0.043772
12.26527 212197 -12.4172 -0.026956
12.26696 212555 -25.1897 -0.054637
12.26864 212914 -24.8737 -0.053906
12.27033 213273 -24.6608 -0.053400
12.27201 213633 -24.2385 -0.052441
12.27370 213994 -21.3070 -0.046060
12.27539 214355 -20.9196 -0.045184
12.27708 214717 -14.1609 -0.030560
12.27877 215080 -8.2040 -0.017690
12.28045 215443 -5.1641 -0.011126
12.28214 215807 -10.1733 -0.021899
12.28383 216171 0.2770 0.000596
12.28551 216536 5.6708 0.012186
12.28720 216902 17.7901 0.038199
12.28889 217268 28.0403 0.060157
12.29057 217635 39.2591 0.084154
12.29226 218002 25.4542 0.054517
12.29395 218370 33.2352 0.071122
12.29563 218739 21.6529 0.046297
12.29732 219108 23.1098 0.049370
12.29901 219478 21.7902 0.046512
12.30070 219849 22.3704 0.047710
12.30238 220220 30.9240 0.065897
12.30407 220591 36.1435 0.076955
12.30576 220964 50.2368 0.106871
12.30744 221337 72.5439 0.154196
12.30913 221711 75.4335 0.160203
12.31082 222085 82.1093 0.174234
12.31250 222460 85.3439 0.180945
12.31419 222835 87.6031 0.185579
12.31588 223212 78.8152 0.166821
12.31756 223589 80.4709 0.170182
12.31925 223966 73.0783 0.154418
12.32094 224344 83.8579 0.177046
12.32262 224723 78.4506 0.165490
12.32431 225102 65.6262 0.138321
12.32600 225482 65.1046 0.137106
12.32768 225863 65.5833 0.137997
12.32937 226244 62.9865 0.132422
12.33106 226626 61.2480 0.128658
12.33274 227009 72.5569 0.152285
12.33443 227392 71.9727 0.150932
12.33612 227776 70.1127 0.146907
12.33781 228161 70.8155 0.148254
12.33949 228546 69.2588 0.144873
12.34118 228932 62.6445 0.130927
12.34286 229318 59.0793 0.123372
12.34455 229705 49.9180 0.104153
12.34624 230093 47.9658 0.099995
12.34793 230482 55.5872 0.115786
12.34961 230871 50.1532 0.104379
12.35130 231261 54.7045 0.113755
12.35299 231651 43.6454 0.090682
12.35467 232042 32.9635 0.068431
12.35636 232434 38.0171 0.078855
12.35805 232826 34.9339 0.072399
12.35973 233219 41.5614 0.086061
12.36142 233613 42.2863 0.087489
12.36311 234008 38.4036 0.079388
12.36480 234403 40.8169 0.084306
12.36648 234798 39.7199 0.081971
12.36817 235195 29.0703 0.059943
12.36986 235592 29.9550 0.061715
12.37154 235990 35.8401 0.073777
12.37323 236388 30.1342 0.061979
12.37492 236787 32.5627 0.066918
12.37660 237187 43.0524 0.088400
12.37829 237587 68.1526 0.139821
12.37998 237988 70.4426 0.144397
12.38166 238390 68.4329 0.140159
12.38335 238793 66.0473 0.135159
12.38504 239196 58.7817 0.120189
12.38673 239600 47.2905 0.096612
12.38841 240004 58.0348 0.118462
12.39010 240409 64.7662 0.132091
12.39178 240815 63.0363 0.128454
12.39347 241222 46.0605 0.093782
12.39516 241629 48.7122 0.099098
12.39685 242037 47.7017 0.096960
12.39853 242446 47.3621 0.096189
12.40022 242855 56.7902 0.115239
12.40191 243265 64.4090 0.130589
12.40359 243676 62.9166 0.127456
12.40528 244087 72.4921 0.146730
12.40697 244499 61.4803 0.124336
12.40865 244912 65.0742 0.131493
12.41034 245326 70.3446 0.142023
12.41203 245740 83.2395 0.167916
12.41372 246155 77.2558 0.155714
12.41540 246570 72.2358 0.145473
12.41709 246986 69.5509 0.139948
12.41877 247403 62.8618 0.126382
12.42046 247821 55.0995 0.110682
12.42215 248240 64.0042 0.128461
12.42384 248659 47.2713 0.094797
12.42552 249078 55.9299 0.112067
12.42721 249499 47.6546 0.095405
12.42890 249920 57.7685 0.115556
12.43058 250342 52.0947 0.104118
12.43227 250765 61.6810 0.123174
12.43396 251188 56.9837 0.113698
12.43564 251612 54.9123 0.109472
12.43733 252037 42.1500 0.083959
12.43902 252463 33.9938 0.067655
12.44071 252889 37.5229 0.074616
12.44239 253316 39.3887 0.078260
12.44408 253743 43.0944 0.085551
12.44577 254172 48.1235 0.095454
12.44745 254601 46.5084 0.092172
12.44914 255031 32.2815 0.063923
12.45083 255461 31.2536 0.061836
12.45251 255893 38.7957 0.076693
12.45420 256325 50.0202 0.098798
12.45589 256757 43.8828 0.086603
12.45757 257191 50.8375 0.100243
12.45926 257625 63.5157 0.125137
12.46095 258060 65.4667 0.128873
12.46264 258496 68.3042 0.134345
12.46432 258932 83.4391 0.163975
12.46601 259369 59.8421 0.117503
12.46769 259807 56.5382 0.110922
12.46938 260246 55.5451 0.108881
12.47107 260685 47.1182 0.092285
12.47275 261125 58.8236 0.115114
12.47444 261566 71.3583 0.139526
12.47613 262008 57.3486 0.112038
12.47782 262450 37.7354 0.073659
12.47950 262893 46.7367 0.091153
12.48119 263337 38.3961 0.074822
12.48288 263782 45.1020 0.087816
12.48456 264227 44.5521 0.086672
12.48625 264673 58.5589 0.113825
12.48794 265120 62.6776 0.121728
12.48963 265568 81.0767 0.157329
12.49131 266016 81.2022 0.157440
12.49300 266465 80.6427 0.156223
12.49469 266915 95.3065 0.184474
12.49637 267366 109.2338 0.211254
12.49806 267817 102.5858 0.198229
12.49975 268269 104.2443 0.201264
12.50143 268722 98.6518 0.190306
12.50312 269176 98.8274 0.190484
12.50481 269630 100.7157 0.193960
12.50649 270085 105.9811 0.203929
12.50818 270541 103.4246 0.198842
12.50987 270998 105.1432 0.201975
12.51156 271456 112.3128 0.215566
12.51324 271914 100.0300 0.191829
12.51493 272373 96.2673 0.184458
12.51662 272833 75.6085 0.144751
12.51830 273293 68.9076 0.131811
12.51999 273755 59.9615 0.114602
12.52168 274217 58.1366 0.111020
12.52336 274680 67.1338 0.128094
12.52505 275144 44.9541 0.085702
12.52673 275608 49.4679 0.094228
12.52842 276074 45.6322 0.086848
12.53011 276540 47.7574 0.090816
12.53180 277007 55.5066 0.105463
12.53348 277474 60.3344 0.114539
12.53517 277943 67.2964 0.127648
12.53686 278412 71.9166 0.136297
12.53854 278882 75.0274 0.142072
12.54023 279353 94.3783 0.178565
12.54192 279824 87.9523 0.166266
12.54361 280297 75.5746 0.142747
12.54529 280770 69.9583 0.132027
12.54698 281244 78.4845 0.147993
12.54867 281719 91.3721 0.172149
12.55035 282195 76.6397 0.144271
12.55204 282671 74.0530 0.139284
12.55373 283148 68.4468 0.128631
12.55541 283626 66.8770 0.125575
12.55710 284105 58.3865 0.109540
12.55879 284585 57.0188 0.106884
12.56047 285065 52.8874 0.099056
12.56216 285547 34.5742 0.064701
12.56385 286029 19.8902 0.037191
12.56554 286512 13.5814 0.025373
12.56722 286995 13.6550 0.025489
12.56891 287480 5.7429 0.010711
12.57059 287965 13.5366 0.025226
12.57228 288451 3.8483 0.007165
12.57397 288938 -0.8318 -0.001548
12.57565 289426 -4.7693 -0.008865
12.57734 289915 -2.9499 -0.005479
12.57903 290404 -5.3820 -0.009987
12.58072 290895 -5.6975 -0.010564
12.58240 291386 -16.6485 -0.030842
12.58409 291878 -13.7657 -0.025480
12.58578 292370 -4.1956 -0.007759
12.58746 292864 -11.1623 -0.020626
12.58915 293358 -6.6931 -0.012357
12.59084 293854 9.5034 0.017531
12.59252 294350 -2.5442 -0.004689
12.59421 294847 -11.1031 -0.020448
12.59590 295345 -2.8712 -0.005283
12.59758 295843 -19.9541 -0.036686
12.59927 296343 -12.0512 -0.022138
12.60096 296843 -20.6725 -0.037943
12.60264 297344 -20.3501 -0.037320
12.60433 297846 1.7647 0.003233
12.60602 298349 12.8567 0.023538
12.60771 298853 19.7056 0.036046
12.60939 299357 9.1950 0.016806
12.61108 299863 14.8942 0.027199
12.61277 300369 9.7774 0.017840
12.61445 300876 18.9115 0.034477
12.61614 301384 16.6243 0.030282
12.61783 301893 21.2071 0.038597
12.61951 302402 21.3126 0.038756
12.62120 302913 13.4010 0.024349
12.62289 303424 30.9815 0.056244
12.62458 303937 35.7626 0.064869
12.62626 304450 32.2250 0.058403
12.62795 304964 17.7759 0.032189
12.62964 305479 14.6763 0.026554
12.63132 305994 14.4698 0.026158
12.63301 306511 9.6068 0.017352
12.63470 307029 18.0014 0.032488
12.63638 307547 36.0992 0.065094
12.63807 308066 43.3833 0.078163
12.63976 308586 59.5549 0.107209
12.64144 309107 56.5458 0.101706
12.64313 309629 70.2189 0.126192
12.64482 310152 77.7632 0.139633
12.64650 310675 70.6145 0.126690
12.64819 311200 73.9623 0.132584
12.64988 311725 70.0065 0.125387
12.65157 312252 68.9430 0.123378
12.65325 312779 77.4388 0.138465
12.65494 313307 71.6120 0.127938
12.65663 313836 63.4763 0.113308
12.65831 314366 70.4095 0.125578
12.66000 314896 76.5102 0.136344
12.66169 315428 100.5936 0.179110
12.66337 315961 82.2001 0.146236
12.66506 316494 67.9297 0.120747
12.66675 317028 55.2870 0.098192
12.66843 317564 61.9157 0.109871
12.67012 318100 78.5569 0.139284
12.67181 318637 74.2171 0.131479
12.67349 319175 77.8916 0.137872
12.67518 319714 71.5538 0.126547
12.67687 320253 68.9029 0.121756
12.67855 320794 75.4429 0.133200
12.68024 321336 52.1886 0.092065
12.68193 321878 66.2330 0.116742
12.68362 322422 77.6515 0.136753
12.68530 322966 82.0566 0.144389
12.68699 323511 82.9845 0.145899
12.68867 324057 80.8108 0.141958
12.69036 324605 81.1708 0.142470
12.69205 325153 78.1068 0.136976
12.69374 325702 75.5347 0.132354
12.69542 326251 71.3514 0.124918
12.69711 326802 67.4658 0.118016
12.69880 327354 49.5028 0.086521
12.70049 327907 31.0692 0.054257
12.70217 328460 21.9659 0.038327
12.70386 329015 17.4889 0.030490
12.70554 329570 28.7308 0.050047
12.70723 330127 35.7736 0.062262
12.70892 330684 25.4510 0.044259
12.71060 331242 43.4352 0.075469
12.71229 331802 37.7159 0.065476
12.71398 332362 46.2683 0.080256
12.71567 332923 46.7022 0.080940
12.71735 333485 30.5769 0.052949
12.71904 334048 40.2239 0.069595
12.72073 334612 28.9048 0.049969
12.72241 335177 24.0966 0.041622
12.72410 335743 17.3358 0.029919
12.72579 336310 20.6258 0.035567
12.72747 336877 25.4422 0.043835
12.72916 337446 5.9081 0.010171
12.73085 338016 3.9882 0.006860
12.73254 338587 -8.1531 -0.014012
12.73422 339158 -1.1355 -0.001950
12.73591 339731 8.5172 0.014613
12.73759 340304 -10.0027 -0.017147
12.73928 340879 -14.5287 -0.024884
12.74097 341454 -10.9980 -0.018821
12.74266 342031 -4.0023 -0.006843
12.74434 342608 2.4091 0.004116
12.74603 343187 2.5656 0.004379
12.74772 343766 -10.7499 -0.018335
12.74941 344347 4.8696 0.008298
12.75109 344928 -1.7274 -0.002941
12.75278 345510 -1.2932 -0.002200
12.75447 346094 17.4586 0.029676
12.75615 346678 19.1001 0.032439
12.75784 347263 26.6248 0.045181
12.75952 347849 19.8530 0.033661
12.76121 348437 19.9010 0.033714
12.76290 349025 -3.1081 -0.005261
12.76458 349614 13.4118 0.022683
12.76627 350205 2.7648 0.004672
12.76796 350796 4.4207 0.007464
12.76965 351388 -6.9763 -0.011769
12.77133 351981 2.5133 0.004236
12.77302 352576 -4.1670 -0.007018
12.77471 353171 -1.8631 -0.003135
12.77639 353767 -4.1525 -0.006982
12.77808 354364 3.9943 0.006710
12.77977 354963 -3.0843 -0.005177
12.78145 355562 10.3670 0.017386
12.78314 356162 -19.2709 -0.032291
12.78483 356763 -15.8343 -0.026510
12.78652 357366 -12.5043 -0.020917
12.78820 357969 -22.6384 -0.037838
12.78989 358573 -21.5792 -0.036037
12.79158 359179 -11.1659 -0.018631
12.79326 359785 -5.6454 -0.009412
12.79495 360393 -5.2047 -0.008670
12.79664 361001 -10.4648 -0.017417
12.79832 361611 -22.2433 -0.036989
12.80001 362221 -24.7894 -0.041189
12.80170 362833 -33.9132 -0.056301
12.80338 363445 -46.3670 -0.076911
12.80507 364059 -34.4594 -0.057111
12.80676 364673 -33.0860 -0.054789
12.80844 365289 -27.8061 -0.046007
12.81013 365906 -2.3402 -0.003869
12.81182 366524 -4.7880 -0.007909
12.81350 367142 15.7945 0.026067
12.81519 367762 1.8618 0.003070
12.81688 368383 4.9229 0.008111
12.81857 369005 -2.7932 -0.004598
12.82025 369628 -2.0944 -0.003445
12.82194 370252 -9.6992 -0.015940
12.82363 370877 -10.9443 -0.017971
12.82531 371503 -2.4705 -0.004053
12.82700 372131 2.6965 0.004420
12.82869 372759 5.5237 0.009047
12.83037 373388 -5.3968 -0.008832
12.83206 374019 -5.0402 -0.008241
12.83375 374650 5.3067 0.008670
12.83544 375283 11.3328 0.018499
12.83712 375916 21.9963 0.035876
12.83881 376551 11.4416 0.018646
12.84050 377187 0.9688 0.001577
12.84218 377823 -17.9441 -0.029193
12.84387 378461 -12.2404 -0.019897
12.84556 379100 -4.4173 -0.007174
12.84724 379740 -9.5879 -0.015559
12.84893 380381 -13.4863 -0.021867
12.85062 381024 -19.6502 -0.031834
12.85230 381667 -15.6451 -0.025324
12.85399 382311 -14.0284 -0.022688
12.85568 382957 -28.0653 -0.045352
12.85736 383603 -32.0091 -0.051681
12.85905 384251 -38.2768 -0.061749
12.86074 384900 -44.7080 -0.072063
12.86242 385549 -40.7724 -0.065664
12.86411 386200 -43.0016 -0.069196
12.86580 386852 -38.1855 -0.061394
12.86748 387505 -27.5827 -0.044310
12.86917 388160 -11.4313 -0.018348
12.87086 388815 -6.1126 -0.009803
12.87254 389471 -15.2508 -0.024437
12.87423 390129 -18.9863 -0.030397
12.87592 390788 -1.0203 -0.001632
12.87761 391447 -13.4827 -0.021550
12.87929 392108 -2.1650 -0.003457
12.88098 392770 18.3187 0.029230
12.88267 393433 11.0861 0.017674
12.88435 394098 8.2824 0.013193
12.88604 394763 21.4919 0.034206
12.88773 395429 15.2953 0.024323
12.88941 396097 6.8361 0.010862
12.89110 396766 19.7726 0.031390
12.89279 397436 1.0140 0.001608
12.89448 398107 -2.9127 -0.004616
12.89616 398779 1.4768 0.002339
12.89785 399452 12.9823 0.020541
12.89953 400126 2.2274 0.003521
12.90122 400802 8.9824 0.014188
12.90291 401479 -0.3821 -0.000603
12.90460 402156 19.3316 0.030484
12.90628 402835 22.0892 0.034803
12.90797 403516 20.6254 0.032469
12.90966 404197 -2.6676 -0.004196
12.91134 404879 -6.9629 -0.010943
12.91303 405563 -0.8638 -0.001356
12.91472 406247 -7.8900 -0.012379
12.91640 406933 3.9012 0.006116
12.91809 407620 13.9188 0.021801
12.91978 408309 0.3459 0.000541
12.92147 408998 -4.3082 -0.006737
12.92315 409688 -11.9005 -0.018593
12.92484 410380 -26.5063 -0.041377
12.92653 411073 -20.6708 -0.032240
12.92821 411767 -7.1436 -0.011133
12.92990 412462 -34.3042 -0.053414
12.93159 413158 -15.9721 -0.024849
12.93327 413856 -18.2366 -0.028348
12.93496 414555 -5.3847 -0.008363
12.93665 415255 -10.7023 -0.016608
12.93833 415956 -4.6605 -0.007226
12.94002 416658 -11.2752 -0.017468
12.94171 417361 -10.5492 -0.016329
12.94339 418066 -22.6682 -0.035059
12.94508 418772 -12.9670 -0.020038
12.94677 419479 10.8723 0.016787
12.94846 420187 21.2777 0.032825
12.95014 420896 10.1082 0.015581
12.95183 421607 18.4490 0.028413
12.95352 422319 5.9950 0.009225
12.95520 423032 13.7704 0.021172
12.95689 423746 19.6084 0.030122
12.95858 424462 20.4047 0.031319
12.96026 425178 8.2328 0.012626
12.96195 425896 8.6010 0.013179
12.96364 426615 31.2323 0.047817
12.96532 427335 19.2478 0.029444
12.96701 428057 9.2039 0.014068
12.96870 428779 -0.4162 -0.000636
12.97038 429503 7.8910 0.012041
12.97207 430228 -11.7835 -0.017965
12.97376 430955 11.9497 0.018203
12.97544 431682 11.0608 0.016835
12.97713 432411 -10.1089 -0.015373
12.97882 433141 -11.0676 -0.016817
12.98051 433873 -8.9149 -0.013534
12.98219 434605 -17.5339 -0.026597
12.98388 435339 5.1325 0.007779
12.98557 436074 2.8303 0.004286
12.98725 436810 -4.8046 -0.007270
12.98894 437547 4.2740 0.006461
12.99063 438286 10.6996 0.016162
12.99231 439026 17.1585 0.025896
12.99400 439767 11.7288 0.017687
12.99569 440510 2.7766 0.004183
12.99737 441253 23.6191 0.035557
12.99906 441998 31.9902 0.048118
13.00075 442745 23.6499 0.035543
13.00244 443492 42.5964 0.063963
13.00412 444241 36.1604 0.054253
13.00581 444991 38.1527 0.057194
13.00750 445742 46.1221 0.069082
13.00918 446495 53.8113 0.080531
13.01087 447249 45.1734 0.067547
13.01256 448004 32.2372 0.048163
13.01424 448760 27.4935 0.041041
13.01593 449518 43.9886 0.065609
13.01762 450277 64.2773 0.095789
13.01930 451037 58.3201 0.086838
13.02099 451798 58.8225 0.087513
13.02268 452561 66.6952 0.099142
13.02436 453325 56.0669 0.083273
13.02605 454090 65.0254 0.096497
13.02774 454857 76.9801 0.114141
13.02943 455625 96.5315 0.143010
13.03111 456394 89.4846 0.132458
13.03280 457165 98.5096 0.145694
13.03449 457937 116.8100 0.172614
13.03617 458710 118.6186 0.175139
13.03786 459484 128.0630 0.188925
13.03955 460260 131.6333 0.194028
13.04123 461037 135.0460 0.198890
13.04292 461815 137.8860 0.202902
13.04461 462595 167.6946 0.246558
13.04629 463376 156.8502 0.230419
13.04798 464158 143.7907 0.211056
13.04967 464942 152.7132 0.223964
13.05135 465727 144.8650 0.212274
13.05304 466513 130.7805 0.191475
13.05473 467301 125.5605 0.183677
13.05642 468090 138.5792 0.202550
13.05810 468880 149.0710 0.217702
13.05979 469672 128.9138 0.188106
13.06148 470465 144.3695 0.210480
13.06316 471259 121.8069 0.177436
13.06485 472055 118.6909 0.172751
13.06654 472852 117.9669 0.171553
13.06822 473650 113.3810 0.164745
13.06991 474450 131.1636 0.190422
13.07160 475251 150.3854 0.218144
13.07328 476053 128.1400 0.185719
13.07497 476857 146.0777 0.211539
13.07666 477662 128.0818 0.185322
13.07834 478468 119.6900 0.173034
13.08003 479276 107.5882 0.155407
13.08172 480085 101.8199 0.146951
13.08341 480896 99.4848 0.143460
13.08509 481708 87.3607 0.125871
13.08678 482521 86.9003 0.125102
13.08847 483335 91.8169 0.132068
13.09015 484151 102.2995 0.147022
13.09184 484969 110.2268 0.158282
13.09353 485788 106.1232 0.152260
13.09521 486608 112.3959 0.161124
13.09690 487429 95.5617 0.136876
13.09859 488252 83.6416 0.119702
13.10028 489077 67.3732 0.096338
13.10196 489902 64.9973 0.092863
13.10365 490729 67.7352 0.096693
13.10534 491558 67.2903 0.095977
13.10702 492388 67.3128 0.095928
13.10871 493219 66.3458 0.094470
13.11040 494052 78.1191 0.111140
13.11208 494886 86.1071 0.122401
13.11377 495721 94.8310 0.134689
13.11546 496558 78.2968 0.111111
13.11714 497397 97.0182 0.137563
13.11883 498236 103.3696 0.146445
13.12052 499078 113.8774 0.161196
13.12220 499920 103.3026 0.146104
13.12389 500764 98.7745 0.139582
13.12558 501610 82.3879 0.116327
13.12727 502457 103.5972 0.146150
13.12895 503305 95.1125 0.134067
13.13064 504155 79.4718 0.111926
13.13233 505006 66.1035 0.093020
13.13401 505858 53.7503 0.075573
13.13570 506712 45.7413 0.064258
13.13739 507568 60.2201 0.084527
13.13907 508425 54.9110 0.077010
13.14076 509283 67.8393 0.095061
13.14245 510143 67.3821 0.094341
13.14413 511004 69.6838 0.097481
13.14582 511867 59.9596 0.083807
13.14751 512731 54.9077 0.076681
13.14919 513597 51.2316 0.071487
13.15088 514464 68.3174 0.095248
13.15257 515332 49.4039 0.068820
13.15425 516202 25.3862 0.035334
13.15594 517074 37.9328 0.052752
13.15763 517947 69.7532 0.096922
13.15931 518821 57.6733 0.080069
13.16100 519697 82.5089 0.114453
13.16269 520575 78.8319 0.109260
13.16438 521454 80.0289 0.110825
13.16606 522334 84.3851 0.116759
13.16775 523216 86.4676 0.119540
13.16944 524099 77.5616 0.107137
13.17112 524984 84.6388 0.116814
13.17281 525870 85.0583 0.117294
13.17450 526758 63.2445 0.087140
13.17618 527648 34.9238 0.048078
13.17787 528538 35.3306 0.048597
13.17956 529431 33.5020 0.046043
13.18125 530325 16.9315 0.023250
13.18293 531220 13.2211 0.018140
13.18462 532117 1.6867 0.002312
13.18630 533015 8.8270 0.012091
13.18799 533915 24.2046 0.033125
13.18968 534816 27.4579 0.037546
13.19137 535719 14.1656 0.019354
13.19305 536624 20.6916 0.028246
13.19474 537530 13.0464 0.017795
13.19643 538437 23.4052 0.031897
13.19811 539346 16.3615 0.022279
13.19980 540257 9.3360 0.012702
13.20149 541169 11.0073 0.014963
13.20317 542083 -4.3508 -0.005909
13.20486 542998 -0.4022 -0.000546
13.20655 543915 4.3348 0.005878
13.20823 544833 18.2588 0.024737
13.20992 545753 32.8030 0.044403
13.21161 546674 24.7034 0.033411
13.21329 547597 33.9948 0.045939
13.21498 548522 42.3958 0.057243
13.21667 549448 44.5900 0.060155
13.21836 550375 52.1880 0.070346
13.22004 551305 60.9365 0.082069
13.22173 552235 44.9004 0.060421
13.22342 553168 50.8377 0.068353
13.22510 554102 42.8890 0.057617
13.22679 555037 34.3614 0.046122
13.22848 555974 13.9915 0.018765
13.23016 556913 10.8793 0.014578
13.23185 557853 3.2428 0.004342
13.23354 558795 -30.9905 -0.041457
13.23522 559738 -10.0355 -0.013414
13.23691 560683 -6.9746 -0.009315
13.23860 561630 -17.5122 -0.023368
13.24029 562578 -36.3186 -0.048422
13.24197 563528 -39.6312 -0.052793
13.24366 564479 -63.9336 -0.085095
13.24535 565432 -83.9262 -0.111611
13.24703 566387 -81.2579 -0.107971
13.24872 567343 -102.1584 -0.135629
13.25041 568301 -128.1026 -0.169930
13.25209 569260 -130.1141 -0.172452
13.25378 570221 -141.9780 -0.188018
13.25547 571184 -146.1042 -0.193319
13.25715 572149 -145.7883 -0.192738
13.25884 573114 -136.9745 -0.180934
13.26053 574082 -129.6498 -0.171114
13.26221 575051 -129.5200 -0.170798
13.26390 576022 -111.2660 -0.146603
13.26559 576995 -128.5773 -0.169269
13.26728 577969 -135.3743 -0.178067
13.26896 578945 -115.9646 -0.152408
13.27065 579922 -146.1277 -0.191888
13.27234 580901 -153.1343 -0.200919
13.27402 581882 -176.6529 -0.231581
13.27571 582864 -167.9448 -0.219980
13.27740 583848 -169.4024 -0.221702
13.27908 584834 -167.2366 -0.218683
13.28077 585821 -170.8782 -0.223257
13.28246 586810 -161.9288 -0.211386
13.28414 587801 -165.6638 -0.216079
13.28583 588793 -150.5546 -0.196206
13.28752 589788 -156.7222 -0.204072
13.28920 590783 -160.9320 -0.209377
13.29089 591781 -178.4369 -0.231955
13.29258 592780 -178.2264 -0.231486
13.29427 593781 -178.4555 -0.231588
13.29595 594783 -189.8689 -0.246192
13.29764 595787 -172.5162 -0.223504
13.29933 596793 -172.6415 -0.223477
13.30101 597801 -171.4873 -0.221796
13.30270 598810 -186.3913 -0.240869
13.30439 599821 -200.0715 -0.258330
13.30607 600834 -190.7695 -0.246111
13.30776 601848 -214.1741 -0.276073
13.30945 602864 -200.9966 -0.258868
13.31113 603882 -217.7411 -0.280198
13.31282 604901 -208.3291 -0.267860
13.31451 605923 -206.9978 -0.265924
13.31620 606946 -197.9282 -0.254058
13.31788 607970 -137.7790 -0.176702
13.31957 608997 -140.5965 -0.180164
13.32126 610025 -162.8355 -0.208485
13.32294 611055 -147.5680 -0.188778
13.32463 612087 -137.4987 -0.175749
13.32632 613120 -145.2674 -0.185522
13.32800 614155 -153.1229 -0.195390
13.32969 615192 -161.3447 -0.205707
13.33138 616231 -172.4300 -0.219655
13.33306 617271 -173.3619 -0.220656
13.33475 618313 -159.7902 -0.203210
13.33644 619357 -164.2168 -0.208664
13.33812 620403 -143.4186 -0.182083
13.33981 621450 -170.1461 -0.215834
13.34150 622499 -161.7388 -0.204996
13.34318 623550 -162.8703 -0.206256
13.34487 624603 -183.9271 -0.232725
13.34656 625657 -179.5499 -0.226995
13.34825 626714 -163.4485 -0.206465
13.34993 627772 -146.6324 -0.185067
13.35162 628832 -153.0266 -0.192974
13.35331 629893 -147.5488 -0.185910
13.35499 630957 -141.3861 -0.177995
13.35668 632022 -136.3979 -0.171570
13.35837 633089 -122.4137 -0.153850
13.36005 634158 -123.8961 -0.155582
13.36174 635229 -110.1918 -0.138256
13.36343 636301 -139.9036 -0.175387
13.36511 637375 -119.4695 -0.149644
13.36680 638451 -105.2410 -0.131711
13.36849 639529 -104.2495 -0.130360
13.37017 640609 -106.5660 -0.133144
13.37186 641691 -109.0803 -0.136171
13.37355 642774 -113.0037 -0.140949
13.37524 643859 -114.8357 -0.143114
13.37692 644946 -111.6440 -0.139019
13.37861 646035 -111.2305 -0.138387
13.38030 647126 -87.5610 -0.108847
13.38198 648218 -88.0006 -0.109301
13.38367 649313 -86.4961 -0.107342
13.38536 650409 -94.9776 -0.117768
13.38704 651507 -90.1807 -0.111726
13.38873 652607 -90.3182 -0.111802
13.39042 653709 -101.5553 -0.125606
13.39210 654812 -117.7750 -0.145544
13.39379 655918 -129.4280 -0.159810
13.39548 657025 -113.2976 -0.139775
13.39717 658135 -108.8633 -0.134191
13.39885 659246 -99.5697 -0.122632
13.40054 660359 -93.4472 -0.114994
13.40223 661474 -90.9463 -0.111822
13.40391 662590 -94.7029 -0.116343
13.40560 663709 -88.2934 -0.108378
13.40729 664830 -74.3566 -0.091194
13.40897 665952 -102.2002 -0.125236
13.41066 667076 -104.5281 -0.127981
13.41235 668203 -95.2706 -0.116548
13.41403 669331 -93.5600 -0.114359
13.41572 670461 -93.4872 -0.114174
13.41741 671593 -75.6552 -0.092318
13.41909 672726 -43.1538 -0.052614
13.42078 673862 -32.1694 -0.039188
13.42247 675000 -43.9828 -0.053534
13.42416 676140 -18.6241 -0.022649
13.42584 677281 -16.7365 -0.020337
13.42753 678424 -43.0101 -0.052218
13.42922 679570 -55.5131 -0.067341
13.43090 680717 -64.2149 -0.077831
13.43259 681866 -69.5961 -0.084282
13.43428 683018 -52.5823 -0.063624
13.43596 684171 -64.8320 -0.078380
13.43765 685326 -47.9556 -0.057928
13.43934 686483 -41.0476 -0.049542
13.44102 687642 -13.4366 -0.016203
13.44271 688803 -7.9936 -0.009632
13.44440 689966 -1.5945 -0.001920
13.44608 691131 3.4544 0.004155
13.44777 692297 8.8438 0.010629
13.44946 693466 6.6760 0.008017
13.45114 694637 12.6179 0.015139
13.45283 695810 -0.4796 -0.000575
13.45452 696985 -14.9097 -0.017859
13.45621 698161 -32.5293 -0.038931
13.45789 699340 -39.7847 -0.047574
13.45958 700521 -42.7249 -0.051047
13.46127 701703 -69.4263 -0.082880
13.46295 702888 -49.3812 -0.058900
13.46464 704075 -57.9863 -0.069106
13.46633 705263 -49.1830 -0.058565
13.46801 706454 -51.8339 -0.061670
13.46970 707647 -32.8448 -0.039044
13.47139 708842 -33.9177 -0.040286
13.47307 710038 -58.7314 -0.069700
13.47476 711237 -51.0828 -0.060571
13.47645 712438 -54.9769 -0.065134
13.47814 713641 -76.8039 -0.090917
13.47982 714845 -102.4453 -0.121168
13.48151 716052 -91.5906 -0.108238
13.48320 717261 -76.1000 -0.089856
13.48488 718472 -77.7065 -0.091675
13.48657 719685 -79.3453 -0.093530
13.48826 720900 -89.4269 -0.105325
13.48994 722117 -77.3999 -0.091083
13.49163 723336 -65.6292 -0.077166
13.49332 724558 -87.4279 -0.102710
13.49500 725781 -44.6304 -0.052388
13.49669 727006 -59.5281 -0.069816
13.49838 728234 -50.5353 -0.059219
13.50006 729463 -51.5126 -0.060313
13.50175 730695 -61.6896 -0.072168
13.50344 731928 -73.4005 -0.085796
13.50512 733164 -78.9777 -0.092237
13.50681 734402 -71.0374 -0.082893
13.50850 735642 -78.1297 -0.091093
13.51019 736884 -103.6662 -0.120764
13.51187 738128 -93.8571 -0.109245
13.51356 739374 -88.8859 -0.103372
13.51525 740622 -81.0361 -0.094163
13.51693 741873 -81.3038 -0.094394
13.51862 743125 -66.3522 -0.076970
13.52031 744380 -84.0107 -0.097373
13.52199 745637 -101.9488 -0.118064
13.52368 746895 -107.4033 -0.124276
13.52537 748156 -106.2305 -0.122815
13.52705 749419 -125.5391 -0.145016
13.52874 750685 -157.5854 -0.181881
13.53043 751952 -115.9011 -0.133657
13.53212 753222 -92.1876 -0.106221
13.53380 754493 -138.0665 -0.158950
13.53549 755767 -145.6447 -0.167533
13.53718 757043 -124.2513 -0.142804
13.53886 758321 -121.9773 -0.140072
13.54055 759601 -111.6601 -0.128117
13.54224 760884 -89.3015 -0.102376
13.54392 762169 -116.5308 -0.133480
13.54561 763455 -116.2448 -0.133040
13.54730 764744 -97.8665 -0.111912
13.54898 766035 -92.9518 -0.106202
13.55067 767329 -109.1474 -0.124601
13.55236 768624 -111.1485 -0.126779
13.55404 769922 -90.1768 -0.102771
13.55573 771222 -77.3524 -0.088081
13.55742 772524 -66.1390 -0.075249
13.55910 773828 -97.2641 -0.110568
13.56079 775134 -130.6803 -0.148430
13.56248 776443 -103.5396 -0.117504
13.56417 777754 -81.9687 -0.092945
13.56585 779067 -62.6177 -0.070943
13.56754 780382 -51.7121 -0.058538
13.56923 781700 -42.9667 -0.048597
13.57091 783020 -46.9516 -0.053060
13.57260 784342 -52.2631 -0.059012
13.57429 785666 -38.4629 -0.043393
13.57597 786992 -36.9741 -0.041678
13.57766 788321 -44.0919 -0.049660
13.57935 789652 -72.2600 -0.081317
13.58103 790985 -89.0063 -0.100078
13.58272 792320 -84.0542 -0.094430
13.58441 793658 -77.0519 -0.086490
13.58609 794998 -74.9591 -0.084070
13.58778 796340 -58.1627 -0.065177
13.58947 797685 -75.3781 -0.084397
13.59116 799031 -106.9451 -0.119641
13.59284 800380 -103.8215 -0.116048
13.59453 801732 -104.3723 -0.116566
13.59622 803085 -93.4523 -0.104282
13.59790 804441 -110.7758 -0.123509
13.59959 805799 -139.1952 -0.155064
13.60128 807160 -165.7839 -0.184528
13.60296 808522 -155.4676 -0.172900
13.60465 809887 -149.8428 -0.166504
13.60634 811255 -175.1143 -0.194421
13.60802 812624 -197.2316 -0.218792
13.60971 813996 -235.8041 -0.261361
13.61140 815371 -227.6855 -0.252149
13.61308 816747 -209.9908 -0.232357
13.61477 818126 -217.7290 -0.240717
13.61646 819507 -213.5857 -0.235937
13.61815 820891 -217.2180 -0.239747
13.61983 822277 -197.4888 -0.217788
13.62152 823665 -212.1157 -0.233721
13.62321 825056 -206.9714 -0.227860
13.62489 826449 -214.7951 -0.236274
13.62658 827844 -213.2434 -0.234370
13.62827 829242 -194.7429 -0.213856
13.62995 830642 -201.0071 -0.220549
13.63164 832044 -176.5634 -0.193565
13.63333 833449 -174.4493 -0.191086
13.63501 834856 -172.2929 -0.188565
13.63670 836265 -171.1393 -0.187145
13.63839 837677 -159.2427 -0.173989
13.64007 839091 -172.6409 -0.188469
13.64176 840508 -158.6143 -0.173010
13.64345 841927 -165.1880 -0.180029
13.64513 843348 -171.3263 -0.186561
13.64682 844772 -192.8723 -0.209846
13.64851 846199 -193.4470 -0.210293
13.65020 847627 -191.1060 -0.207574
13.65188 849058 -212.6086 -0.230734
13.65357 850492 -205.0642 -0.222359
13.65526 851928 -200.0248 -0.216712
13.65694 853366 -213.3504 -0.230954
13.65863 854807 -241.4438 -0.261145
13.66032 856250 -268.8006 -0.290489
13.66200 857695 -229.1398 -0.247420
13.66369 859143 -252.9810 -0.272932
13.66538 860594 -253.7328 -0.273513
13.66707 862047 -218.4680 -0.235300
13.66875 863502 -218.2216 -0.234837
13.67044 864960 -205.8696 -0.221358
13.67213 866420 -204.4411 -0.219636
13.67381 867883 -194.1957 -0.208453
13.67550 869348 -161.7414 -0.173470
13.67719 870816 -166.1320 -0.178029
13.67887 872286 -185.5352 -0.198654
13.68056 873759 -149.5841 -0.160026
13.68225 875234 -173.5952 -0.185556
13.68393 876712 -163.0290 -0.174115
13.68562 878192 -185.1832 -0.197609
13.68731 879675 -186.9388 -0.199314
13.68899 881160 -180.4752 -0.192260
13.69068 882648 -176.6590 -0.188036
13.69237 884138 -178.7792 -0.190133
13.69405 885630 -171.7325 -0.182485
13.69574 887126 -135.0944 -0.143432
13.69743 888623 -110.7967 -0.117535
13.69912 890124 -125.7655 -0.133302
13.70080 891626 -125.2241 -0.132616
13.70249 893132 -115.5158 -0.122232
13.70418 894640 -118.4090 -0.125187
13.70586 896150 -110.7479 -0.116989
13.70755 897663 -117.9049 -0.124444
13.70924 899178 -133.7164 -0.141014
13.71092 900697 -121.7054 -0.128239
13.71261 902217 -98.0349 -0.103211
13.71430 903740 -99.7224 -0.104899
13.71598 905266 -77.9035 -0.081878
13.71767 906795 -111.6091 -0.117205
13.71936 908326 -110.2837 -0.115715
13.72104 909859 -99.6884 -0.104510
13.72273 911395 -73.1959 -0.076671
13.72442 912934 -80.7581 -0.084521
13.72611 914475 -25.8888 -0.027072
13.72779 916019 -21.2083 -0.022159
13.72948 917566 -14.3365 -0.014967
13.73117 919115 37.4862 0.039101
13.73285 920666 25.6602 0.026743
13.73454 922221 34.6633 0.036095
13.73623 923778 37.1105 0.038611
13.73791 925337 38.8608 0.040398
13.73960 926900 29.9706 0.031130
13.74129 928465 25.8322 0.026809
13.74297 930032 46.6562 0.048379
13.74466 931602 48.2915 0.050033
13.74635 933175 27.2699 0.028229
13.74804 934751 15.7819 0.016323
13.74972 936329 11.6707 0.012061
13.75141 937910 -4.8934 -0.005053
13.75310 939493 8.9816 0.009266
13.75478 941079 27.0443 0.027878
13.75647 942668 12.5130 0.012888
13.75816 944259 23.6777 0.024367
13.75984 945854 2.0566 0.002115
13.76153 947451 -21.6213 -0.022213
13.76322 949050 -15.9467 -0.016369
13.76490 950652 -23.8264 -0.024437
13.76659 952257 -20.5052 -0.021013
13.76828 953865 10.1636 0.010407
13.76996 955475 2.2559 0.002308
13.77165 957089 1.1044 0.001129
13.77334 958704 43.7018 0.044633
13.77502 960323 46.3051 0.047252
13.77671 961944 48.2558 0.049201
13.77840 963568 54.4014 0.055420
13.78009 965195 85.1674 0.086689
13.78177 966825 77.3988 0.078716
13.78346 968457 105.8574 0.107568
13.78515 970092 82.4604 0.083722
13.78683 971730 66.5126 0.067473
13.78852 973370 50.7676 0.051457
13.79021 975014 44.5412 0.045108
13.79189 976660 22.4673 0.022734
13.79358 978309 79.8441 0.080724
13.79527 979960 60.4781 0.061093
13.79695 981615 25.5624 0.025801
13.79864 983272 46.5832 0.046978
13.80033 984932 35.1414 0.035409
13.80201 986595 24.9575 0.025126
13.80370 988261 31.2874 0.031473
13.80539 989929 61.5420 0.061854
13.80708 991601 74.5174 0.074832
13.80876 993275 91.8057 0.092116
13.81045 994952 83.0974 0.083308
13.81214 996631 72.6280 0.072751
13.81382 998314 59.2720 0.059322
13.81551 999999 69.0110 0.069011
