logY Y P PoverSqrtY
6.90675 999 0.6473 0.020480
6.90975 1002 0.4432 0.014002
6.91175 1004 0.4237 0.013371
6.91374 1006 0.6049 0.019072
6.91672 1009 0.6925 0.021802
6.91870 1011 0.6791 0.021358
6.92067 1013 0.7280 0.022873
6.92264 1015 0.7827 0.024568
6.92560 1018 0.8202 0.025706
6.92756 1020 0.7352 0.023021
6.92952 1022 0.7355 0.023007
6.93245 1025 0.9101 0.028426
6.93440 1027 1.0351 0.032300
6.93634 1029 1.0665 0.033248
6.93828 1031 1.0286 0.032035
6.94119 1034 0.9953 0.030953
6.94312 1036 0.8589 0.026683
6.94505 1038 0.9121 0.028310
6.94794 1041 0.9584 0.029705
6.94986 1043 0.9249 0.028639
6.95273 1046 0.9155 0.028307
6.95464 1048 0.9301 0.028732
6.95655 1050 0.9482 0.029261
6.95940 1053 0.8650 0.026656
6.96130 1055 0.8480 0.026107
6.96319 1057 0.9171 0.028208
6.96602 1060 1.0188 0.031293
6.96791 1062 1.0785 0.033094
6.97073 1065 0.9573 0.029335
6.97261 1067 0.9148 0.028007
6.97448 1069 0.7824 0.023930
6.97728 1072 0.8107 0.024761
6.97915 1074 0.8752 0.026705
6.98193 1077 0.8444 0.025731
6.98379 1079 0.7728 0.023526
6.98564 1081 0.7548 0.022956
6.98841 1084 0.6436 0.019548
6.99026 1086 0.4164 0.012636
6.99302 1089 0.5054 0.015316
6.99485 1091 0.6931 0.020984
6.99760 1094 1.0119 0.030595
6.99942 1096 1.0808 0.032648
7.00216 1099 1.1054 0.033346
7.00397 1101 1.1905 0.035879
7.00670 1104 1.2812 0.038559
7.00851 1106 1.3630 0.040983
7.01121 1109 1.5724 0.047217
7.01302 1111 1.7192 0.051579
7.01571 1114 1.7651 0.052885
7.01751 1116 1.7468 0.052289
7.02019 1119 1.5679 0.046871
7.02198 1121 1.4000 0.041814
7.02465 1124 1.2607 0.037603
7.02643 1126 1.3175 0.039264
7.02909 1129 1.3271 0.039496
7.03086 1131 1.2419 0.036929
7.03351 1134 1.1585 0.034404
7.03527 1136 1.0190 0.030235
7.03791 1139 0.9735 0.028846
7.03966 1141 0.9068 0.026845
7.04229 1144 0.8657 0.025594
7.04491 1147 0.9698 0.028636
7.04665 1149 1.0183 0.030041
7.04925 1152 0.8572 0.025255
7.05099 1154 0.6721 0.019785
7.05359 1157 0.6043 0.017765
7.05618 1160 0.8913 0.026169
7.05790 1162 0.9686 0.028414
7.06048 1165 1.0415 0.030513
7.06219 1167 1.0681 0.031267
7.06476 1170 1.1284 0.032989
7.06732 1173 1.1256 0.032866
7.06902 1175 1.1441 0.033376
7.07157 1178 1.3766 0.040110
7.07412 1181 1.5381 0.044758
7.07581 1183 1.6008 0.046542
7.07834 1186 1.5358 0.044596
7.08087 1189 1.5538 0.045061
7.08255 1191 1.6092 0.046629
7.08506 1194 1.8124 0.052451
7.08757 1197 1.8228 0.052684
7.08924 1199 1.8672 0.053924
7.09174 1202 1.8485 0.053317
7.09423 1205 1.8546 0.053427
7.09589 1207 1.7799 0.051232
7.09838 1210 1.8272 0.052527
7.10085 1213 1.9865 0.057038
7.10332 1216 2.1572 0.061861
7.10497 1218 2.1431 0.061406
7.10743 1221 2.0930 0.059898
7.10988 1224 2.1200 0.060595
7.11233 1227 2.2772 0.065009
7.11396 1229 2.2460 0.064068
7.11639 1232 2.2408 0.063842
7.11883 1235 2.2417 0.063788
7.12125 1238 2.1303 0.060546
7.12367 1241 1.9323 0.054853
7.12528 1243 2.0007 0.056748
7.12769 1246 2.0588 0.058324
7.13010 1249 1.9915 0.056351
7.13250 1252 1.8742 0.052967
7.13489 1255 1.8690 0.052757
7.13648 1257 1.7838 0.050314
7.13887 1260 1.8657 0.052560
7.14125 1263 1.8109 0.050957
7.14362 1266 1.8709 0.052581
7.14598 1269 1.8857 0.052936
7.14835 1272 1.8674 0.052359
7.14992 1274 1.7245 0.048315
7.15227 1277 1.8363 0.051385
7.15462 1280 2.1115 0.059018
7.15696 1283 2.1975 0.061349
7.15929 1286 2.1163 0.059014
7.16162 1289 1.9720 0.054927
7.16395 1292 1.9696 0.054797
7.16627 1295 2.0365 0.056591
7.16858 1298 2.1395 0.059384
7.17089 1301 2.2144 0.061392
7.17242 1303 2.2404 0.062065
7.17472 1306 2.0176 0.055829
7.17702 1309 1.9069 0.052705
7.17931 1312 2.0040 0.055327
7.18159 1315 2.0363 0.056154
7.18387 1318 2.0033 0.055182
7.18614 1321 1.9328 0.053178
7.18841 1324 1.8257 0.050176
7.19068 1327 1.7147 0.047070
7.19293 1330 1.7273 0.047363
7.19519 1333 1.6734 0.045834
7.19744 1336 1.9434 0.053168
7.19968 1339 2.0275 0.055408
7.20192 1342 2.0156 0.055022
7.20415 1345 2.1152 0.057675
7.20638 1348 2.3733 0.064642
7.20860 1351 2.3405 0.063676
7.21082 1354 2.4123 0.065558
7.21303 1357 2.4619 0.066833
7.21524 1360 2.3870 0.064726
7.21744 1363 2.3407 0.063400
7.22037 1367 2.3559 0.063719
7.22257 1370 2.2398 0.060514
7.22475 1373 1.8638 0.050298
7.22694 1376 1.7024 0.045893
7.22911 1379 1.7214 0.046355
7.23129 1382 1.7381 0.046754
7.23346 1385 1.6831 0.045224
7.23562 1388 1.5625 0.041939
7.23778 1391 1.3938 0.037371
7.23993 1394 1.1737 0.031435
7.24280 1398 1.1852 0.031697
7.24494 1401 1.1940 0.031899
7.24708 1404 1.1753 0.031365
7.24922 1407 1.0655 0.028406
7.25134 1410 0.8536 0.022733
7.25347 1413 1.0611 0.028228
7.25630 1417 1.2044 0.031995
7.25841 1420 1.3822 0.036680
7.26052 1423 1.5650 0.041486
7.26263 1426 1.5916 0.042148
7.26473 1429 1.5299 0.040472
7.26753 1433 1.8605 0.049149
7.26962 1436 1.9730 0.052065
7.27170 1439 1.8351 0.048375
7.27379 1442 1.8257 0.048077
7.27656 1446 1.8756 0.049323
7.27863 1449 1.9663 0.051655
7.28070 1452 2.0402 0.053543
7.28276 1455 2.0503 0.053750
7.28551 1459 2.0147 0.052746
7.28756 1462 1.9568 0.051177
7.28961 1465 2.0213 0.052808
7.29234 1469 2.2624 0.059029
7.29438 1472 2.1859 0.056975
7.29641 1475 2.0760 0.054054
7.29845 1478 1.8584 0.048339
7.30115 1482 1.8522 0.048114
7.30317 1485 1.8532 0.048091
7.30519 1488 1.9004 0.049266
7.30787 1492 1.8967 0.049104
7.30988 1495 1.6105 0.041653
7.31255 1499 1.6681 0.043085
7.31455 1502 1.8721 0.048304
7.31655 1505 1.7806 0.045899
7.31920 1509 1.7890 0.046053
7.32119 1512 1.7525 0.045069
7.32383 1516 1.6268 0.041782
7.32581 1519 1.7699 0.045413
7.32778 1522 1.8085 0.046357
7.33041 1526 1.7124 0.043835
7.33237 1529 1.6122 0.041231
7.33498 1533 1.7876 0.045655
7.33694 1536 1.9004 0.048491
7.33954 1540 2.0140 0.051321
7.34148 1543 2.0746 0.052813
7.34407 1547 2.2269 0.056617
7.34601 1550 2.3429 0.059510
7.34859 1554 2.4859 0.063061
7.35052 1557 2.5824 0.065446
7.35308 1561 2.3719 0.060033
7.35500 1564 2.2317 0.056431
7.35756 1568 2.3663 0.059759
7.35947 1571 2.2074 0.055693
7.36201 1575 2.1218 0.053463
7.36391 1578 2.1088 0.053087
7.36645 1582 1.9484 0.048985
7.36834 1585 2.1718 0.054552
7.37086 1589 2.2595 0.056683
7.37275 1592 2.0455 0.051265
7.37526 1596 1.7719 0.044353
7.37776 1600 1.6514 0.041285
7.37963 1603 1.6949 0.042334
7.38212 1607 1.5578 0.038859
7.38399 1610 1.3870 0.034568
7.38647 1614 1.0428 0.025956
7.38895 1618 0.9548 0.023738
7.39080 1621 1.1885 0.029520
7.39326 1625 1.3348 0.033112
7.39572 1629 1.2732 0.031546
7.39756 1632 1.3672 0.033843
7.40001 1636 1.5565 0.038483
7.40245 1640 1.6589 0.040964
7.40428 1643 1.7470 0.043099
7.40671 1647 1.5192 0.037434
7.40914 1651 1.3611 0.033499
7.41156 1655 1.4588 0.035859
7.41337 1658 1.3470 0.033082
7.41578 1662 1.2614 0.030941
7.41818 1666 1.1959 0.029299
7.41998 1669 1.2427 0.030419
7.42237 1673 1.3764 0.033651
7.42476 1677 1.4447 0.035278
7.42714 1681 1.3081 0.031905
7.42952 1685 1.2720 0.030988
7.43130 1688 1.4503 0.035299
7.43367 1692 1.4756 0.035872
7.43603 1696 1.3965 0.033910
7.43838 1700 1.4570 0.035338
7.44073 1704 1.5856 0.038412
7.44249 1707 1.7143 0.041491
7.44483 1711 1.9108 0.046194
7.44717 1715 1.6904 0.040819
7.44950 1719 1.6847 0.040634
7.45182 1723 1.6484 0.039712
7.45414 1727 1.3638 0.032817
7.45645 1731 1.0739 0.025812
7.45876 1735 0.6737 0.016174
7.46049 1738 0.6307 0.015128
7.46279 1742 0.5382 0.012894
7.46508 1746 0.4198 0.010046
7.46737 1750 0.3751 0.008967
7.46965 1754 0.7821 0.018675
7.47193 1758 0.9884 0.023574
7.47420 1762 1.0355 0.024669
7.47647 1766 1.1088 0.026384
7.47873 1770 1.0366 0.024639
7.48099 1774 1.1911 0.028280
7.48324 1778 1.1171 0.026492
7.48549 1782 0.7520 0.017814
7.48773 1786 0.7933 0.018771
7.48997 1790 0.9760 0.023068
7.49220 1794 1.1248 0.026556
7.49443 1798 1.1686 0.027559
7.49665 1802 0.8880 0.020919
7.49887 1806 1.0218 0.024044
7.50108 1810 1.1847 0.027845
7.50329 1814 1.0515 0.024688
7.50549 1818 0.7618 0.017866
7.50824 1823 0.8017 0.018778
7.51043 1827 0.9443 0.022093
7.51262 1831 1.1732 0.027418
7.51480 1835 1.1532 0.026920
7.51698 1839 1.3856 0.032310
7.51915 1843 1.7757 0.041362
7.52132 1847 1.7259 0.040158
7.52402 1852 1.6640 0.038666
7.52618 1856 1.6279 0.037787
7.52833 1860 1.5559 0.036076
7.53048 1864 1.4339 0.033212
7.53262 1868 1.2982 0.030037
7.53476 1872 1.5787 0.036488
7.53743 1877 2.0317 0.046895
7.53956 1881 2.2073 0.050895
7.54168 1885 2.2076 0.050847
7.54380 1889 2.3667 0.054453
7.54645 1894 2.4826 0.057045
7.54856 1898 2.4972 0.057319
7.55066 1902 2.1527 0.049359
7.55276 1906 1.9874 0.045523
7.55538 1911 2.1057 0.048168
7.55747 1915 2.0238 0.046246
7.55956 1919 2.0843 0.047579
7.56216 1924 2.1299 0.048557
7.56424 1928 2.3668 0.053902
7.56631 1932 2.3325 0.053066
7.56890 1937 2.0441 0.046446
7.57096 1941 2.0886 0.047408
7.57302 1945 1.9958 0.045254
7.57558 1950 1.8380 0.041624
7.57763 1954 1.5932 0.036043
7.58019 1959 1.6551 0.037395
7.58223 1963 1.8660 0.042116
7.58426 1967 1.8387 0.041458
7.58680 1972 1.6568 0.037309
7.58883 1976 1.8257 0.041070
7.59136 1981 1.7355 0.038993
7.59337 1985 1.7273 0.038769
7.59589 1990 1.4273 0.031996
7.59790 1994 1.6807 0.037638
7.60040 1999 1.6864 0.037718
7.60240 2003 1.6584 0.037056
7.60489 2008 1.7476 0.038999
7.60688 2012 1.7558 0.039143
7.60937 2017 1.6373 0.036457
7.61135 2021 1.3981 0.031101
7.61382 2026 1.2281 0.027284
7.61579 2030 1.1734 0.026044
7.61825 2035 1.0397 0.023048
7.62071 2040 0.9355 0.020712
7.62266 2044 0.9810 0.021699
7.62511 2049 1.0902 0.024084
7.62706 2053 1.1544 0.025479
7.62949 2058 1.0238 0.022569
7.63192 2063 1.2446 0.027402
7.63385 2067 0.9490 0.020874
7.63627 2072 0.7617 0.016735
7.63868 2077 0.7128 0.015640
7.64060 2081 0.7424 0.016275
7.64300 2086 0.6135 0.013433
7.64540 2091 0.4225 0.009238
7.64731 2095 0.6647 0.014522
7.64969 2100 0.7089 0.015470
7.65207 2105 0.5335 0.011629
7.65444 2110 0.2856 0.006217
7.65634 2114 0.3726 0.008104
7.65870 2119 0.4968 0.010792
7.66106 2124 0.0452 0.000981
7.66341 2129 0.2765 0.005993
7.66528 2133 0.2260 0.004894
7.66763 2138 0.3362 0.007271
7.66996 2143 0.0357 0.000772
7.67229 2148 0.2048 0.004419
7.67462 2153 0.0924 0.001991
7.67694 2158 0.0306 0.000659
7.67879 2162 0.2989 0.006429
7.68110 2167 0.5004 0.010750
7.68340 2172 0.5836 0.012522
7.68570 2177 0.4202 0.009005
7.68800 2182 0.5287 0.011318
7.69029 2187 0.3337 0.007136
7.69257 2192 -0.0237 -0.000506
7.69485 2197 -0.1473 -0.003143
7.69712 2202 -0.4172 -0.008890
7.69939 2207 -0.6282 -0.013371
7.70165 2212 -0.7761 -0.016502
7.70391 2217 -0.6592 -0.013999
7.70616 2222 -0.7983 -0.016936
7.70841 2227 -0.9339 -0.019790
7.71065 2232 -0.8256 -0.017475
7.71289 2237 -0.7220 -0.015265
7.71512 2242 -0.7818 -0.016510
7.71735 2247 -0.6947 -0.014655
7.71957 2252 -0.5640 -0.011885
7.72179 2257 -0.7498 -0.015783
7.72400 2262 -0.7408 -0.015576
7.72621 2267 -0.5819 -0.012222
7.72842 2272 -0.4371 -0.009170
7.73061 2277 -0.6431 -0.013478
7.73281 2282 -0.1836 -0.003843
7.73543 2288 0.0293 0.000613
7.73762 2293 -0.0335 -0.000699
7.73979 2298 -0.1042 -0.002174
7.74197 2303 -0.0392 -0.000817
7.74414 2308 -0.2186 -0.004550
7.74630 2313 -0.5242 -0.010899
7.74889 2319 -0.5334 -0.011076
7.75105 2324 -0.5392 -0.011186
7.75319 2329 -0.7452 -0.015442
7.75534 2334 -0.7672 -0.015881
7.75791 2340 -0.7633 -0.015780
7.76004 2345 -0.8975 -0.018533
7.76217 2350 -0.6736 -0.013894
7.76430 2355 -0.6027 -0.012419
7.76684 2361 -0.5152 -0.010603
7.76896 2366 -0.3530 -0.007258
7.77107 2371 -0.1999 -0.004106
7.77359 2377 -0.4293 -0.008804
7.77570 2382 -0.5524 -0.011318
7.77779 2387 -0.5758 -0.011786
7.78030 2393 -0.7417 -0.015161
7.78239 2398 -1.1455 -0.023392
7.78489 2404 -0.7162 -0.014607
7.78697 2409 -0.7201 -0.014672
7.78904 2414 -0.7071 -0.014392
7.79152 2420 -0.6048 -0.012294
7.79359 2425 -0.5985 -0.012155
7.79606 2431 -0.9552 -0.019372
7.79811 2436 -0.8195 -0.016605
7.80057 2442 -0.8098 -0.016388
7.80262 2447 -0.9232 -0.018663
7.80507 2453 -0.7614 -0.015373
7.80710 2458 -0.6341 -0.012790
7.80954 2464 -1.0537 -0.021228
7.81157 2469 -1.0673 -0.021480
7.81400 2475 -1.2226 -0.024576
7.81642 2481 -1.3438 -0.026979
7.81843 2486 -1.2711 -0.025493
7.82084 2492 -0.9692 -0.019415
7.82285 2497 -0.9674 -0.019359
7.82525 2503 -0.7332 -0.014655
7.82764 2509 -0.6689 -0.013354
7.82963 2514 -0.7692 -0.015341
7.83201 2520 -0.7307 -0.014555
7.83439 2526 -0.4807 -0.009564
7.83637 2531 -0.6927 -0.013768
7.83874 2537 -0.6009 -0.011931
7.84110 2543 -0.9099 -0.018044
7.84306 2548 -1.1788 -0.023352
7.84542 2554 -1.5111 -0.029900
7.84776 2560 -1.7662 -0.034909
7.85010 2566 -1.9606 -0.038704
7.85205 2571 -1.7217 -0.033955
7.85438 2577 -1.5559 -0.030649
7.85671 2583 -1.8147 -0.035707
7.85903 2589 -1.6202 -0.031842
7.86134 2595 -1.8173 -0.035674
7.86365 2601 -2.0825 -0.040834
7.86557 2606 -1.9982 -0.039142
7.86787 2612 -1.6673 -0.032624
7.87017 2618 -1.9956 -0.039002
7.87246 2624 -1.7311 -0.033794
7.87474 2630 -1.8522 -0.036117
7.87702 2636 -2.1496 -0.041868
7.87929 2642 -2.2028 -0.042856
7.88156 2648 -2.1760 -0.042287
7.88382 2654 -2.1133 -0.041022
7.88608 2660 -1.9094 -0.037023
7.88833 2666 -1.8980 -0.036759
7.89058 2672 -2.0086 -0.038858
7.89283 2678 -1.9644 -0.037959
7.89506 2684 -2.4016 -0.046356
7.89730 2690 -2.2323 -0.043041
7.89952 2696 -2.0268 -0.039034
7.90175 2702 -1.9494 -0.037503
7.90397 2708 -1.6778 -0.032241
7.90618 2714 -1.6547 -0.031762
7.90839 2720 -1.9478 -0.037347
7.91059 2726 -2.0637 -0.039525
7.91279 2732 -2.1268 -0.040691
7.91535 2739 -2.2023 -0.042080
7.91754 2745 -1.7728 -0.033838
7.91972 2751 -1.9979 -0.038091
7.92190 2757 -1.9734 -0.037584
7.92407 2763 -2.0098 -0.038235
7.92660 2770 -2.3465 -0.044585
7.92877 2776 -1.7472 -0.033162
7.93093 2782 -1.4535 -0.027557
7.93308 2788 -1.3835 -0.026202
7.93559 2795 -1.1611 -0.021962
7.93773 2801 -1.0723 -0.020261
7.93987 2807 -1.3382 -0.025258
7.94236 2814 -1.0070 -0.018982
7.94449 2820 -0.8494 -0.015995
7.94662 2826 -0.7223 -0.013587
7.94909 2833 -0.5883 -0.011053
7.95121 2839 -0.9174 -0.017217
7.95332 2845 -0.9150 -0.017155
7.95578 2852 -1.1957 -0.022389
7.95788 2858 -1.2680 -0.023719
7.96032 2865 -1.0581 -0.019768
7.96242 2871 -1.2812 -0.023911
7.96485 2878 -1.1996 -0.022361
7.96693 2884 -1.5904 -0.029615
7.96936 2891 -2.1475 -0.039941
7.97143 2897 -1.9331 -0.035915
7.97384 2904 -2.3985 -0.044508
7.97591 2910 -2.4689 -0.045767
7.97831 2917 -2.4620 -0.045585
7.98037 2923 -2.7859 -0.051528
7.98276 2930 -2.8712 -0.053044
7.98480 2936 -2.8817 -0.053183
7.98718 2943 -2.9054 -0.053556
7.98956 2950 -2.7821 -0.051222
7.99159 2956 -2.8162 -0.051797
7.99396 2963 -2.7398 -0.050334
7.99632 2970 -3.0267 -0.055537
7.99834 2976 -3.2773 -0.060076
8.00068 2983 -3.3205 -0.060796
8.00303 2990 -3.3110 -0.060552
8.00503 2996 -2.9309 -0.053547
8.00737 3003 -2.6683 -0.048692
8.00970 3010 -2.6062 -0.047503
8.01202 3017 -2.3793 -0.043317
8.01434 3024 -2.4788 -0.045076
8.01632 3030 -2.1646 -0.039325
8.01863 3037 -2.0326 -0.036883
8.02093 3044 -2.0229 -0.036665
8.02322 3051 -1.6093 -0.029135
8.02552 3058 -1.8339 -0.033163
8.02780 3065 -1.7103 -0.030893
8.03008 3072 -1.9761 -0.035654
8.03204 3078 -2.2946 -0.041360
8.03431 3085 -1.9097 -0.034383
8.03657 3092 -2.2348 -0.040191
8.03883 3099 -1.8748 -0.033678
8.04109 3106 -1.6005 -0.028719
8.04334 3113 -1.7221 -0.030864
8.04559 3120 -1.3882 -0.024853
8.04783 3127 -1.3129 -0.023478
8.05007 3134 -1.1532 -0.020599
8.05230 3141 -1.0689 -0.019072
8.05452 3148 -1.1910 -0.021228
8.05706 3156 -1.1605 -0.020657
8.05928 3163 -1.2713 -0.022605
8.06149 3170 -1.2310 -0.021864
8.06369 3177 -1.5563 -0.027611
8.06589 3184 -1.2966 -0.022978
8.06809 3191 -1.5274 -0.027039
8.07028 3198 -1.8925 -0.033466
8.07278 3206 -2.0864 -0.036848
8.07496 3213 -2.3843 -0.042063
8.07714 3220 -2.1075 -0.037140
8.07931 3227 -1.8028 -0.031735
8.08178 3235 -1.3658 -0.024012
8.08395 3242 -1.2072 -0.021202
8.08610 3249 -1.2656 -0.022203
8.08856 3257 -1.1558 -0.020252
8.09071 3264 -1.3826 -0.024200
8.09285 3271 -1.1936 -0.020871
8.09529 3279 -1.4267 -0.024915
8.09743 3286 -1.3797 -0.024068
8.09955 3293 -1.3753 -0.023966
8.10198 3301 -1.3237 -0.023039
8.10410 3308 -0.8645 -0.015030
8.10651 3316 -0.8694 -0.015098
8.10862 3323 -0.8717 -0.015121
8.11103 3331 -1.1596 -0.020092
8.11313 3338 -0.7859 -0.013603
8.11552 3346 -0.5753 -0.009945
8.11761 3353 -0.1464 -0.002528
8.11999 3361 0.1036 0.001787
8.12207 3368 -0.1652 -0.002846
8.12445 3376 -0.1801 -0.003100
8.12652 3383 -0.4582 -0.007878
8.12888 3391 -0.0840 -0.001443
8.13124 3399 -0.3134 -0.005376
8.13329 3406 -0.1649 -0.002825
8.13564 3414 -0.4553 -0.007792
8.13798 3422 -0.6780 -0.011589
8.14002 3429 -0.4710 -0.008043
8.14235 3437 -0.4699 -0.008015
8.14468 3445 -0.4998 -0.008515
8.14700 3453 -0.7011 -0.011932
8.14902 3460 -0.6051 -0.010287
8.15133 3468 -0.7247 -0.012306
8.15364 3476 -0.2941 -0.004988
8.15594 3484 -0.2653 -0.004495
8.15823 3492 -0.1844 -0.003120
8.16052 3500 -0.5462 -0.009233
8.16252 3507 -0.3936 -0.006646
8.16479 3515 -0.0675 -0.001138
8.16707 3523 0.2292 0.003862
8.16934 3531 0.2514 0.004230
8.17160 3539 -0.0134 -0.000226
8.17386 3547 -0.2500 -0.004197
8.17611 3555 -0.5868 -0.009842
8.17836 3563 -0.5327 -0.008925
8.18060 3571 -0.5013 -0.008388
8.18284 3579 -0.1301 -0.002174
8.18507 3587 -0.4399 -0.007345
8.18730 3595 0.1092 0.001821
8.18952 3603 0.4101 0.006832
8.19202 3612 0.6119 0.010182
8.19423 3620 0.2306 0.003832
8.19644 3628 -0.0508 -0.000844
8.19864 3636 -0.0321 -0.000532
8.20084 3644 0.0755 0.001251
8.20303 3652 0.0303 0.000501
8.20549 3661 0.1178 0.001947
8.20767 3669 -0.0686 -0.001133
8.20985 3677 0.0858 0.001416
8.21203 3685 0.1740 0.002867
8.21447 3694 0.2024 0.003330
8.21663 3702 0.1475 0.002424
8.21879 3710 -0.2373 -0.003895
8.22121 3719 -0.3934 -0.006450
8.22336 3727 -0.6035 -0.009886
8.22550 3735 -0.6546 -0.010711
8.22791 3744 -0.8823 -0.014419
8.23004 3752 -0.9663 -0.015775
8.23244 3761 -0.9538 -0.015553
8.23456 3769 -0.6019 -0.009805
8.23695 3778 -0.5568 -0.009059
8.23907 3786 -0.8053 -0.013088
8.24144 3795 -1.0610 -0.017224
8.24355 3803 -1.2150 -0.019703
8.24591 3812 -1.0042 -0.016265
8.24801 3820 -0.8067 -0.013053
8.25036 3829 -0.7036 -0.011371
8.25271 3838 -0.5057 -0.008163
8.25479 3846 -0.2641 -0.004258
8.25713 3855 -0.3169 -0.005104
8.25946 3864 -0.4376 -0.007039
8.26153 3872 -0.7721 -0.012409
8.26385 3881 -0.7486 -0.012017
8.26616 3890 -0.8112 -0.013007
8.26848 3899 -0.8834 -0.014148
8.27053 3907 -1.0485 -0.016774
8.27283 3916 -1.1594 -0.018528
8.27512 3925 -1.2135 -0.019370
8.27741 3934 -1.0422 -0.016616
8.27970 3943 -1.1170 -0.017789
8.28198 3952 -0.9655 -0.015359
8.28400 3960 -1.0782 -0.017133
8.28627 3969 -0.8246 -0.013089
8.28853 3978 -0.9698 -0.015376
8.29079 3987 -0.7639 -0.012098
8.29305 3996 -1.0752 -0.017008
8.29530 4005 -0.9895 -0.015636
8.29754 4014 -1.1084 -0.017494
8.29978 4023 -0.8669 -0.013668
8.30202 4032 -0.7736 -0.012182
8.30425 4041 -0.5951 -0.009361
8.30672 4051 -0.4557 -0.007159
8.30894 4060 -0.4929 -0.007735
8.31115 4069 -0.3832 -0.006008
8.31336 4078 -0.4839 -0.007577
8.31557 4087 0.0179 0.000280
8.31777 4096 0.0438 0.000684
8.32020 4106 0.5992 0.009351
8.32239 4115 0.7225 0.011263
8.32458 4124 0.9415 0.014662
8.32676 4133 0.8979 0.013966
8.32918 4143 0.5355 0.008320
8.33135 4152 0.1923 0.002984
8.33351 4161 0.0504 0.000782
8.33591 4171 0.5116 0.007922
8.33807 4180 0.5519 0.008536
8.34046 4190 0.6598 0.010193
8.34260 4199 0.4306 0.006645
8.34474 4208 0.7018 0.010818
8.34712 4218 0.3597 0.005538
8.34925 4227 0.1312 0.002018
8.35161 4237 -0.2414 -0.003709
8.35397 4247 -0.0969 -0.001487
8.35609 4256 0.2042 0.003130
8.35843 4266 -0.1868 -0.002859
8.36054 4275 -0.4659 -0.007125
8.36288 4285 -1.0131 -0.015477
8.36521 4295 -0.7217 -0.011012
8.36730 4304 -0.7392 -0.011267
8.36962 4314 -1.0322 -0.015715
8.37194 4324 -1.3496 -0.020524
8.37402 4333 -1.4322 -0.021758
8.37632 4343 -1.3613 -0.020657
8.37862 4353 -1.6688 -0.025294
8.38092 4363 -1.6027 -0.024263
8.38320 4373 -1.5048 -0.022756
8.38526 4382 -1.2851 -0.019414
8.38754 4392 -1.4289 -0.021561
8.38981 4402 -1.8254 -0.027513
8.39208 4412 -1.5696 -0.023630
8.39435 4422 -1.3066 -0.019649
8.39661 4432 -1.1676 -0.017538
8.39886 4442 -1.4394 -0.021597
8.40111 4452 -1.6221 -0.024310
8.40335 4462 -1.2419 -0.018592
8.40559 4472 -1.2171 -0.018199
8.40782 4482 -1.3200 -0.019717
8.41005 4492 -1.5246 -0.022748
8.41228 4502 -1.4076 -0.020978
8.41450 4512 -1.2893 -0.019194
8.41693 4523 -1.8727 -0.027846
8.41914 4533 -2.0849 -0.030967
8.42134 4543 -2.1136 -0.031358
8.42354 4553 -2.0146 -0.029857
8.42574 4563 -2.1699 -0.032122
8.42814 4574 -2.6912 -0.039793
8.43033 4584 -2.1245 -0.031379
8.43251 4594 -1.7363 -0.025617
8.43490 4605 -1.7804 -0.026236
8.43707 4615 -1.9222 -0.028296
8.43923 4625 -2.1133 -0.031075
8.44161 4636 -1.8462 -0.027114
8.44376 4646 -1.6733 -0.024549
8.44613 4657 -1.9207 -0.028145
8.44827 4667 -1.6885 -0.024716
8.45063 4678 -1.8751 -0.027416
8.45276 4688 -2.0064 -0.029303
8.45510 4699 -1.9314 -0.028175
8.45723 4709 -1.9000 -0.027688
8.45956 4720 -1.4998 -0.021830
8.46189 4731 -1.6201 -0.023554
8.46400 4741 -1.7785 -0.025830
8.46632 4752 -1.4901 -0.021615
8.46863 4763 -1.1195 -0.016221
8.47073 4773 -0.9075 -0.013135
8.47303 4784 -0.5778 -0.008353
8.47533 4795 -0.7560 -0.010918
8.47762 4806 -0.7921 -0.011426
8.47991 4817 -0.7552 -0.010881
8.48198 4827 -0.6851 -0.009861
8.48426 4838 -0.1469 -0.002112
8.48653 4849 -0.1699 -0.002440
8.48879 4860 -0.5919 -0.008490
8.49105 4871 -0.7904 -0.011325
8.49331 4882 -1.5095 -0.021605
8.49556 4893 -1.8196 -0.026013
8.49781 4904 -1.8194 -0.025981
8.50005 4915 -1.7963 -0.025622
8.50228 4926 -1.7257 -0.024588
8.50451 4937 -1.6801 -0.023911
8.50674 4948 -1.8902 -0.026872
8.50916 4960 -2.1737 -0.030865
8.51138 4971 -2.5127 -0.035638
8.51359 4982 -2.9584 -0.041914
8.51579 4993 -2.5066 -0.035473
8.51799 5004 -2.4777 -0.035026
8.52039 5016 -2.9342 -0.041430
8.52258 5027 -2.6507 -0.037386
8.52476 5038 -2.4374 -0.034339
8.52714 5050 -2.4854 -0.034975
8.52932 5061 -2.0530 -0.028859
8.53149 5072 -1.6851 -0.023661
8.53385 5084 -1.7227 -0.024160
8.53601 5095 -1.9160 -0.026843
8.53837 5107 -2.1236 -0.029715
8.54052 5118 -2.2938 -0.032063
8.54286 5130 -2.5478 -0.035572
8.54500 5141 -3.0137 -0.042032
8.54733 5153 -3.2339 -0.045051
8.54947 5164 -2.9256 -0.040712
8.55179 5176 -2.6172 -0.036378
8.55410 5188 -2.6918 -0.037371
8.55622 5199 -2.4994 -0.034663
8.55853 5211 -2.8880 -0.040008
8.56083 5223 -3.7570 -0.051986
8.56312 5235 -3.8518 -0.053236
8.56522 5246 -3.6135 -0.049890
8.56751 5258 -3.7628 -0.051891
8.56979 5270 -3.9163 -0.053947
8.57206 5282 -3.0704 -0.042247
8.57433 5294 -2.5921 -0.035626
8.57659 5306 -2.8680 -0.039373
8.57885 5318 -2.6011 -0.035668
8.58111 5330 -2.2519 -0.030846
8.58336 5342 -2.6293 -0.035974
8.58560 5354 -2.8816 -0.039382
8.58784 5366 -2.3640 -0.032272
8.59007 5378 -2.2502 -0.030683
8.59230 5390 -2.7009 -0.036788
8.59452 5402 -2.1390 -0.029103
8.59674 5414 -1.5585 -0.021182
8.59896 5426 -1.5035 -0.020412
8.60135 5439 -1.6040 -0.021749
8.60355 5451 -1.1250 -0.015238
8.60575 5463 -1.0750 -0.014544
8.60795 5475 -1.6679 -0.022541
8.61032 5488 -1.3581 -0.018333
8.61250 5500 -0.9091 -0.012258
8.61486 5513 -1.2376 -0.016668
8.61704 5525 -0.9849 -0.013251
8.61921 5537 -0.2667 -0.003584
8.62155 5550 -0.4088 -0.005488
8.62371 5562 -0.4712 -0.006318
8.62605 5575 -0.4408 -0.005903
8.62820 5587 -0.1523 -0.002037
8.63052 5600 -0.3914 -0.005231
8.63284 5613 -0.4265 -0.005692
8.63498 5625 -0.3743 -0.004990
8.63728 5638 -0.5789 -0.007709
8.63959 5651 -0.4827 -0.006422
8.64171 5663 -0.6595 -0.008764
8.64400 5676 -1.2320 -0.016353
8.64629 5689 -1.8190 -0.024116
8.64857 5702 -2.0869 -0.027637
8.65085 5715 -1.9545 -0.025854
8.65295 5727 -1.8321 -0.024210
8.65521 5740 -2.0966 -0.027674
8.65748 5753 -2.3245 -0.030646
8.65973 5766 -2.4266 -0.031957
8.66199 5779 -2.5349 -0.033345
8.66423 5792 -2.4205 -0.031805
8.66647 5805 -2.4042 -0.031555
8.66871 5818 -2.5533 -0.033474
8.67094 5831 -2.5300 -0.033132
8.67334 5845 -2.0930 -0.027377
8.67556 5858 -1.6854 -0.022020
8.67778 5871 -1.8658 -0.024351
8.67999 5884 -1.8526 -0.024151
8.68220 5897 -1.3417 -0.017471
8.68457 5911 -0.8619 -0.011211
8.68677 5924 -0.6183 -0.008033
8.68896 5937 -0.0612 -0.000795
8.69131 5951 -0.2778 -0.003601
8.69350 5964 -0.6038 -0.007818
8.69584 5978 -0.4171 -0.005395
8.69801 5991 -0.6022 -0.007780
8.70018 6004 -0.8453 -0.010909
8.70251 6018 -0.6697 -0.008633
8.70483 6032 -0.7442 -0.009581
8.70699 6045 -1.4816 -0.019056
8.70930 6059 -1.2044 -0.015473
8.71144 6072 -0.8838 -0.011342
8.71375 6086 -1.1747 -0.015058
8.71604 6100 -0.7507 -0.009612
8.71817 6113 -0.7516 -0.009613
8.72046 6127 -1.0590 -0.013529
8.72274 6141 -0.9317 -0.011889
8.72502 6155 -0.6623 -0.008442
8.72729 6169 -0.7946 -0.010117
8.72956 6183 -0.2383 -0.003031
8.73182 6197 -0.2186 -0.002777
8.73408 6211 -0.9569 -0.012141
8.73617 6224 -1.1000 -0.013943
8.73858 6239 -0.8372 -0.010600
8.74082 6253 -0.8523 -0.010779
8.74305 6267 -0.8354 -0.010553
8.74528 6281 -0.9414 -0.011879
8.74751 6295 -1.3409 -0.016900
8.74973 6309 -0.9857 -0.012410
8.75195 6323 -1.0191 -0.012816
8.75432 6338 -0.8641 -0.010854
8.75653 6352 -0.1698 -0.002131
8.75873 6366 0.1045 0.001310
8.76092 6380 -0.1833 -0.002295
8.76327 6395 0.2101 0.002628
8.76546 6409 0.3862 0.004823
8.76780 6424 0.7046 0.008791
8.76997 6438 1.2925 0.016109
8.77230 6453 1.4573 0.018141
8.77447 6467 1.2576 0.015638
8.77678 6482 1.2546 0.015583
8.77894 6496 0.9267 0.011498
8.78125 6511 0.8175 0.010131
8.78355 6526 1.2562 0.015550
8.78569 6540 1.3575 0.016786
8.78798 6555 1.2972 0.016023
8.79027 6570 1.1412 0.014079
8.79255 6585 1.2698 0.015648
8.79467 6599 1.4974 0.018433
8.79694 6614 1.4284 0.017563
8.79921 6629 1.2763 0.015676
8.80147 6644 1.2004 0.014726
8.80372 6659 1.7963 0.022013
8.80597 6674 2.0781 0.025437
8.80822 6689 2.1250 0.025982
8.81046 6704 2.3155 0.028280
8.81269 6719 2.6867 0.032777
8.81492 6734 2.8886 0.035201
8.81730 6750 2.9580 0.036004
8.81952 6765 3.0184 0.036698
8.82173 6780 3.1833 0.038660
8.82394 6795 3.3333 0.040437
8.82629 6811 2.8758 0.034846
8.82849 6826 2.7069 0.032763
8.83069 6841 2.9649 0.035847
8.83303 6857 3.0329 0.036626
8.83521 6872 3.4062 0.041089
8.83754 6888 3.7977 0.045758
8.83971 6903 3.5579 0.042822
8.84203 6919 3.4654 0.041661
8.84419 6934 3.0389 0.036495
8.84650 6950 2.2335 0.026791
8.84865 6965 2.6817 0.032133
8.85095 6981 2.7584 0.033013
8.85324 6997 2.6749 0.031978
8.85552 7013 2.9968 0.035786
8.85766 7028 2.3115 0.027573
8.85993 7044 2.3508 0.028010
8.86220 7060 2.3364 0.027806
8.86446 7076 2.5164 0.029914
8.86672 7092 3.1264 0.037125
8.86898 7108 3.0577 0.036268
8.87122 7124 3.4454 0.040820
8.87347 7140 3.3953 0.040182
8.87571 7156 2.6611 0.031458
8.87794 7172 2.7036 0.031924
8.88017 7188 2.6577 0.031348
8.88239 7204 2.2320 0.026297
8.88475 7221 2.1130 0.024866
8.88696 7237 1.8184 0.021376
8.88917 7253 2.4530 0.028803
8.89151 7270 2.5609 0.030035
8.89371 7286 2.0009 0.023441
8.89590 7302 2.1367 0.025005
8.89823 7319 2.5608 0.029933
8.90041 7335 3.1731 0.037049
8.90273 7352 3.4336 0.040045
8.90490 7368 3.1878 0.037138
8.90721 7385 3.4095 0.039675
8.90951 7402 3.4607 0.040224
8.91166 7418 3.8153 0.044298
8.91395 7435 3.4063 0.039504
8.91624 7452 2.9199 0.033824
8.91838 7468 2.5767 0.029817
8.92066 7485 2.5386 0.029343
8.92292 7502 2.4479 0.028262
8.92519 7519 2.6515 0.030579
8.92745 7536 3.1091 0.035815
8.92970 7553 3.0986 0.035654
8.93195 7570 2.8224 0.032439
8.93419 7587 3.0532 0.035053
8.93643 7604 3.3063 0.037915
8.93866 7621 3.0597 0.035049
8.94089 7638 2.3947 0.027401
8.94324 7656 2.6195 0.029937
8.94546 7673 2.8651 0.032708
8.94768 7690 2.6616 0.030352
8.94988 7707 2.8640 0.032624
8.95222 7725 2.6169 0.029775
8.95442 7742 2.3903 0.027166
8.95674 7760 2.1250 0.024123
8.95893 7777 2.0654 0.023420
8.96124 7795 1.6926 0.019171
8.96342 7812 0.8481 0.009595
8.96572 7830 1.0267 0.011602
8.96789 7847 1.1318 0.012777
8.97018 7865 1.5308 0.017261
8.97246 7883 0.9952 0.011209
8.97462 7900 0.7607 0.008558
8.97689 7918 0.6728 0.007561
8.97916 7936 0.2177 0.002444
8.98143 7954 0.5279 0.005919
8.98369 7972 0.0913 0.001022
8.98595 7990 0.7141 0.007989
8.98820 8008 0.7469 0.008346
8.99044 8026 1.0367 0.011572
8.99268 8044 1.2100 0.013491
8.99492 8062 1.3964 0.015552
8.99715 8080 1.9640 0.021849
8.99937 8098 1.2788 0.014211
9.00172 8117 1.7651 0.019592
9.00393 8135 2.1150 0.023449
9.00614 8153 1.9547 0.021648
9.00847 8172 1.4950 0.016538
9.01067 8190 1.3507 0.014925
9.01286 8208 1.8556 0.020481
9.01518 8227 1.5206 0.016765
9.01736 8245 1.7813 0.019618
9.01966 8264 1.4282 0.015711
9.02196 8283 1.2258 0.013469
9.02413 8301 0.9707 0.010654
9.02642 8320 1.1136 0.012209
9.02870 8339 1.4602 0.015990
9.03085 8357 1.3063 0.014289
9.03313 8376 1.3037 0.014245
9.03539 8395 1.2467 0.013607
9.03765 8414 1.4907 0.016252
9.03991 8433 2.0460 0.022280
9.04216 8452 1.7026 0.018520
9.04440 8471 1.6280 0.017689
9.04664 8490 1.9034 0.020658
9.04888 8509 1.6717 0.018123
9.05111 8528 1.0989 0.011900
9.05345 8548 0.8195 0.008864
9.05567 8567 1.2738 0.013762
9.05789 8586 0.9961 0.010750
9.06010 8605 0.9215 0.009934
9.06242 8625 0.0876 0.000943
9.06462 8644 0.3865 0.004158
9.06693 8664 1.1431 0.012281
9.06912 8683 1.8535 0.019891
9.07142 8703 1.4559 0.015607
9.07360 8722 1.6986 0.018188
9.07589 8742 1.8398 0.019677
9.07818 8762 1.5127 0.016160
9.08035 8781 1.7426 0.018597
9.08262 8801 1.3465 0.014353
9.08489 8821 1.3195 0.014049
9.08716 8841 1.0324 0.010980
9.08941 8861 1.1937 0.012681
9.09167 8881 0.5999 0.006366
9.09392 8901 1.0481 0.011109
9.09616 8921 1.2709 0.013455
9.09840 8941 1.4675 0.015519
9.10064 8961 1.0788 0.011396
9.10287 8981 1.0700 0.011291
9.10509 9001 0.8356 0.008807
9.10742 9022 1.4442 0.015204
9.10964 9042 0.7805 0.008208
9.11185 9062 0.6981 0.007333
9.11416 9083 0.7370 0.007733
9.11636 9103 0.6304 0.006607
9.11866 9124 -0.0461 -0.000483
9.12085 9144 -0.0274 -0.000287
9.12315 9165 -0.3208 -0.003351
9.12533 9185 -0.4008 -0.004182
9.12761 9206 -0.5786 -0.006030
9.12989 9227 -0.7866 -0.008189
9.13216 9248 -1.2002 -0.012481
9.13443 9269 -1.1857 -0.012316
9.13659 9289 -1.3712 -0.014227
9.13884 9310 -1.3421 -0.013910
9.14110 9331 -1.5402 -0.015945
9.14335 9352 -1.6531 -0.017094
9.14559 9373 -1.1912 -0.012304
9.14783 9394 -1.2080 -0.012464
9.15017 9416 -1.7451 -0.017984
9.15239 9437 -2.5317 -0.026061
9.15462 9458 -2.2408 -0.023041
9.15683 9479 -2.1027 -0.021598
9.15915 9501 -2.3414 -0.024021
9.16136 9522 -3.2344 -0.033146
9.16367 9544 -3.1154 -0.031890
9.16587 9565 -3.0612 -0.031300
9.16816 9587 -2.6712 -0.027281
9.17035 9608 -2.6573 -0.027110
9.17264 9630 -2.4023 -0.024480
9.17482 9651 -2.4407 -0.024844
9.17709 9673 -1.7870 -0.018169
9.17937 9695 -2.6643 -0.027059
9.18163 9717 -2.8104 -0.028510
9.18389 9739 -3.0488 -0.030894
9.18615 9761 -3.2511 -0.032906
9.18840 9783 -3.6993 -0.037401
9.19065 9805 -2.8102 -0.028380
9.19289 9827 -2.8444 -0.028693
9.19513 9849 -2.2947 -0.023122
9.19736 9871 -2.5772 -0.025940
9.19958 9893 -1.8694 -0.018795
9.20190 9916 -1.0037 -0.010079
9.20412 9938 -0.9065 -0.009093
9.20633 9960 -1.0516 -0.010537
9.20864 9983 -1.1627 -0.011637
9.21084 10005 -0.8414 -0.008412
9.21314 10028 -0.6155 -0.006146
9.21533 10050 -0.8916 -0.008894
9.21761 10073 -1.2009 -0.011966
9.21989 10096 -1.3563 -0.013498
9.22207 10118 -2.0442 -0.020322
9.22434 10141 -2.1336 -0.021187
9.22661 10164 -2.3122 -0.022934
9.22887 10187 -2.6152 -0.025910
9.23112 10210 -2.7832 -0.027544
9.23337 10233 -3.1693 -0.031330
9.23562 10256 -2.7885 -0.027535
9.23786 10279 -2.5782 -0.025429
9.24009 10302 -3.3929 -0.033428
9.24232 10325 -2.8122 -0.027676
9.24455 10348 -2.9762 -0.029257
9.24687 10372 -2.8454 -0.027939
9.24908 10395 -2.6433 -0.025926
9.25139 10419 -2.5623 -0.025103
9.25359 10442 -2.3871 -0.023360
9.25579 10465 -2.2252 -0.021752
9.25808 10489 -1.7641 -0.017225
9.26037 10513 -2.1153 -0.020630
9.26255 10536 -1.6044 -0.015631
9.26483 10560 -2.0889 -0.020328
9.26710 10584 -2.3365 -0.022711
9.26936 10608 -2.1170 -0.020554
9.27162 10632 -1.7673 -0.017140
9.27388 10656 -2.4862 -0.024084
9.27613 10680 -3.1569 -0.030547
9.27837 10704 -2.9577 -0.028587
9.28061 10728 -2.6809 -0.025883
9.28285 10752 -1.7722 -0.017091
9.28508 10776 -2.6006 -0.025052
9.28730 10800 -2.5848 -0.024872
9.28961 10825 -2.4130 -0.023193
9.29183 10849 -2.6737 -0.025669
9.29404 10873 -2.4837 -0.023820
9.29633 10898 -2.8070 -0.026888
9.29853 10922 -2.6823 -0.025666
9.30082 10947 -3.1556 -0.030160
9.30310 10972 -1.9657 -0.018766
9.30529 10996 -1.9392 -0.018493
9.30756 11021 -1.9661 -0.018728
9.30982 11046 -2.0651 -0.019649
9.31208 11071 -1.7188 -0.016336
9.31434 11096 -1.7269 -0.016394
9.31659 11121 -2.7622 -0.026193
9.31884 11146 -1.6316 -0.015454
9.32108 11171 -1.5523 -0.014687
9.32331 11196 -1.5137 -0.014306
9.32554 11221 -1.7399 -0.016425
9.32786 11247 -2.1734 -0.020494
9.33008 11272 -1.7640 -0.016615
9.33229 11297 -1.9118 -0.017987
9.33459 11323 -1.7044 -0.016017
9.33680 11348 -1.0978 -0.010305
9.33909 11374 -1.8224 -0.017088
9.34128 11399 -1.3572 -0.012712
9.34356 11425 -1.7254 -0.016142
9.34583 11451 -1.7657 -0.016501
9.34810 11477 -1.6565 -0.015462
9.35028 11502 -1.4945 -0.013935
9.35253 11528 -2.0970 -0.019531
9.35479 11554 -1.9500 -0.018142
9.35703 11580 -1.8533 -0.017222
9.35928 11606 -1.0565 -0.009806
9.36152 11632 -1.1781 -0.010923
9.36383 11659 -1.9491 -0.018051
9.36606 11685 -1.7946 -0.016601
9.36828 11711 -1.5181 -0.014028
9.37059 11738 -0.9972 -0.009204
9.37280 11764 -1.2760 -0.011765
9.37509 11791 -0.7534 -0.006938
9.37729 11817 -0.6339 -0.005831
9.37958 11844 -0.1478 -0.001358
9.38177 11870 -0.4439 -0.004074
9.38404 11897 -0.2198 -0.002015
9.38631 11924 0.0280 0.000256
9.38857 11951 -0.1352 -0.001236
9.39083 11978 0.6158 0.005627
9.39308 12005 0.2264 0.002066
9.39533 12032 -0.7505 -0.006842
9.39757 12059 -1.1583 -0.010548
9.39980 12086 -1.0567 -0.009612
9.40203 12113 -1.2712 -0.011550
9.40426 12140 -0.7192 -0.006527
9.40656 12168 -0.6837 -0.006198
9.40878 12195 -1.4747 -0.013354
9.41107 12223 -0.8129 -0.007353
9.41328 12250 -0.6491 -0.005865
9.41556 12278 -0.9525 -0.008596
9.41776 12305 0.3987 0.003594
9.42003 12333 0.9597 0.008642
9.42230 12361 0.2687 0.002416
9.42456 12389 0.7053 0.006337
9.42682 12417 1.0415 0.009347
9.42899 12444 0.7667 0.006873
9.43124 12472 1.0095 0.009039
9.43356 12501 1.2994 0.011621
9.43580 12529 0.5413 0.004836
9.43803 12557 1.3130 0.011717
9.44026 12585 1.1846 0.010559
9.44256 12614 0.7550 0.006723
9.44478 12642 0.8941 0.007952
9.44699 12670 1.2714 0.011295
9.44928 12699 0.7225 0.006412
9.45156 12728 0.4820 0.004272
9.45376 12756 1.0381 0.009191
9.45603 12785 0.0566 0.000501
9.45829 12814 -0.0606 -0.000536
9.46055 12843 0.4550 0.004015
9.46273 12871 0.6529 0.005755
9.46498 12900 0.4801 0.004227
9.46731 12930 -0.3403 -0.002993
9.46955 12959 -0.7714 -0.006776
9.47178 12988 -1.4610 -0.012819
9.47401 13017 -2.1223 -0.018601
9.47624 13046 -1.8684 -0.016358
9.47853 13076 -1.5234 -0.013323
9.48075 13105 -0.6797 -0.005938
9.48304 13135 -0.9234 -0.008057
9.48524 13164 -0.3946 -0.003439
9.48752 13194 -0.7869 -0.006851
9.48979 13224 -0.3829 -0.003330
9.49198 13253 0.0416 0.000362
9.49424 13283 0.4099 0.003557
9.49650 13313 0.5079 0.004402
9.49875 13343 0.1210 0.001047
9.50099 13373 0.4380 0.003788
9.50323 13403 1.4879 0.012852
9.50547 13433 1.5673 0.013523
9.50777 13464 2.0024 0.017257
9.51000 13494 2.3660 0.020368
9.51222 13524 2.5930 0.022297
9.51451 13555 3.3109 0.028438
9.51672 13585 3.0172 0.025887
9.51900 13616 2.4099 0.020653
9.52127 13647 3.2244 0.027602
9.52347 13677 3.3193 0.028382
9.52573 13708 2.7645 0.023612
9.52799 13739 2.3931 0.020416
9.53025 13770 2.6516 0.022596
9.53250 13801 2.8596 0.024342
9.53474 13832 3.1682 0.026938
9.53698 13863 2.8238 0.023983
9.53921 13894 3.3824 0.028696
9.54151 13926 3.4492 0.029228
9.54374 13957 2.6932 0.022796
9.54603 13989 2.9448 0.024898
9.54824 14020 2.9788 0.025157
9.55052 14052 3.2666 0.027557
9.55272 14083 2.9720 0.025044
9.55499 14115 3.7233 0.031339
9.55726 14147 3.3288 0.027987
9.55952 14179 2.3152 0.019443
9.56177 14211 2.0439 0.017145
9.56402 14243 2.0409 0.017101
9.56627 14275 2.5770 0.021569
9.56850 14307 2.5337 0.021183
9.57074 14339 2.3604 0.019712
9.57297 14371 2.4482 0.020422
9.57526 14404 2.8090 0.023405
9.57748 14436 2.3371 0.019452
9.57976 14469 2.4964 0.020754
9.58197 14501 2.5571 0.021235
9.58425 14534 2.3357 0.019375
9.58645 14566 3.3776 0.027986
9.58871 14599 3.0092 0.024905
9.59097 14632 3.6945 0.030542
9.59322 14665 3.1646 0.026132
9.59547 14698 3.0988 0.025560
9.59771 14731 2.7092 0.022322
9.59995 14764 2.5654 0.021113
9.60225 14798 3.3161 0.027260
9.60447 14831 3.1872 0.026171
9.60670 14864 2.8088 0.023038
9.60898 14898 3.1471 0.025784
9.61119 14931 3.3014 0.027018
9.61347 14965 2.4134 0.019729
9.61574 14999 1.9476 0.015902
9.61794 15032 1.0288 0.008391
9.62020 15066 1.0069 0.008204
9.62245 15100 1.3171 0.010718
9.62470 15134 1.5401 0.012519
9.62694 15168 1.5523 0.012604
9.62918 15202 0.7745 0.006282
9.63148 15237 1.2068 0.009777
9.63371 15271 0.5877 0.004755
9.63593 15305 -0.0480 -0.000388
9.63822 15340 0.6935 0.005599
9.64043 15374 0.9624 0.007762
9.64271 15409 0.4544 0.003661
9.64498 15444 0.3402 0.002737
9.64724 15479 0.1573 0.001264
9.64943 15513 0.0118 0.000094
9.65169 15548 -0.8289 -0.006647
9.65394 15583 -0.1852 -0.001483
9.65618 15618 -0.3928 -0.003143
9.65848 15654 0.3947 0.003155
9.66072 15689 0.7949 0.006347
9.66294 15724 1.0164 0.008106
9.66523 15760 0.7234 0.005763
9.66745 15795 0.8320 0.006620
9.66973 15831 0.3294 0.002618
9.67193 15866 0.7733 0.006139
9.67420 15902 0.8008 0.006351
9.67646 15938 0.0903 0.000715
9.67872 15974 -0.0113 -0.000089
9.68097 16010 -0.4494 -0.003552
9.68321 16046 -0.3903 -0.003081
9.68546 16082 -1.4459 -0.011401
9.68769 16118 -2.0267 -0.015963
9.68992 16154 -2.1746 -0.017110
9.69221 16191 -2.5431 -0.019986
9.69443 16227 -2.2664 -0.017792
9.69671 16264 -3.0044 -0.023558
9.69892 16300 -2.8783 -0.022545
9.70119 16337 -2.6064 -0.020391
9.70345 16374 -1.6022 -0.012521
9.70571 16411 -1.0615 -0.008287
9.70796 16448 -0.7130 -0.005559
9.71021 16485 -1.3390 -0.010429
9.71245 16522 -1.4871 -0.011569
9.71469 16559 -1.9407 -0.015082
9.71692 16596 -1.5101 -0.011722
9.71920 16634 -1.2706 -0.009852
9.72143 16671 -1.7786 -0.013775
9.72370 16709 -1.4400 -0.011140
9.72591 16746 -1.6656 -0.012871
9.72818 16784 -2.0273 -0.015648
9.73044 16822 -1.2135 -0.009356
9.73270 16860 -0.7203 -0.005548
9.73495 16898 -1.0969 -0.008438
9.73720 16936 -0.6430 -0.004941
9.73944 16974 -0.3972 -0.003049
9.74167 17012 -1.2440 -0.009538
9.74391 17050 -0.6520 -0.004993
9.74619 17089 -1.6197 -0.012390
9.74841 17127 -0.4363 -0.003334
9.75069 17166 0.4125 0.003148
9.75290 17204 0.4663 0.003555
9.75516 17243 -0.4150 -0.003160
9.75742 17282 -0.3588 -0.002729
9.75967 17321 0.1913 0.001453
9.76192 17360 -0.0101 -0.000076
9.76417 17399 1.2613 0.009563
9.76641 17438 0.1768 0.001339
9.76864 17477 0.1555 0.001176
9.77093 17517 0.4570 0.003453
9.77315 17556 0.2182 0.001647
9.77543 17596 -0.1503 -0.001133
9.77764 17635 0.2833 0.002134
9.77991 17675 -0.0481 -0.000362
9.78217 17715 0.4205 0.003159
9.78442 17755 0.7643 0.005736
9.78667 17795 0.4035 0.003025
9.78892 17835 0.3535 0.002647
9.79116 17875 0.1708 0.001278
9.79339 17915 -0.1380 -0.001031
9.79568 17956 -0.0056 -0.000042
9.79790 17996 0.7379 0.005500
9.80018 18037 -0.0358 -0.000266
9.80240 18077 -0.4229 -0.003145
9.80466 18118 -0.6352 -0.004719
9.80692 18159 -1.4351 -0.010650
9.80918 18200 -1.7378 -0.012882
9.81143 18241 -2.2963 -0.017002
9.81367 18282 -1.1032 -0.008159
9.81591 18323 -1.0967 -0.008102
9.81815 18364 -0.7473 -0.005515
9.82038 18405 -0.6112 -0.004505
9.82266 18447 -0.7432 -0.005472
9.82488 18488 -0.6935 -0.005101
9.82715 18530 -0.6980 -0.005127
9.82941 18572 -1.2045 -0.008839
9.83167 18614 -2.3582 -0.017284
9.83387 18655 -1.1238 -0.008228
9.83612 18697 -1.1873 -0.008683
9.83842 18740 -0.9891 -0.007225
9.84065 18782 -1.0992 -0.008021
9.84289 18824 -1.3976 -0.010186
9.84512 18866 -1.1376 -0.008282
9.84739 18909 -1.2081 -0.008786
9.84966 18952 -0.5580 -0.004053
9.85188 18994 0.3562 0.002584
9.85414 19037 -0.0404 -0.000293
9.85640 19080 0.7827 0.005666
9.85865 19123 1.6951 0.012258
9.86089 19166 1.6569 0.011968
9.86313 19209 1.7727 0.012790
9.86537 19252 2.0428 0.014723
9.86765 19296 1.8624 0.013407
9.86988 19339 1.5276 0.010985
9.87215 19383 0.9037 0.006491
9.87437 19426 0.9437 0.006771
9.87663 19470 0.9561 0.006852
9.87889 19514 0.2702 0.001934
9.88114 19558 -0.2878 -0.002058
9.88339 19602 -0.2406 -0.001719
9.88563 19646 0.6125 0.004370
9.88787 19690 0.3801 0.002709
9.89015 19735 0.0932 0.000663
9.89238 19779 -0.3588 -0.002552
9.89465 19824 -0.5849 -0.004154
9.89687 19868 -0.3430 -0.002434
9.89913 19913 -0.8839 -0.006264
9.90139 19958 0.3128 0.002214
9.90364 20003 0.5183 0.003665
9.90588 20048 0.9866 0.006968
9.90813 20093 0.5403 0.003812
9.91036 20138 -0.0391 -0.000276
9.91260 20183 -0.9006 -0.006340
9.91487 20229 -0.8484 -0.005965
9.91709 20274 -0.6954 -0.004884
9.91936 20320 -0.1662 -0.001166
9.92162 20366 0.1106 0.000775
9.92388 20412 0.3189 0.002232
9.92613 20458 0.0456 0.000319
9.92838 20504 -0.9309 -0.006501
9.93062 20550 -0.9923 -0.006922
9.93285 20596 -0.3792 -0.002642
9.93513 20643 -1.4323 -0.009969
9.93736 20689 -1.4834 -0.010313
9.93963 20736 -2.6283 -0.018252
9.94184 20782 -1.6304 -0.011310
9.94410 20829 -2.2360 -0.015493
9.94636 20876 -2.3671 -0.016383
9.94860 20923 -2.1057 -0.014558
9.95085 20970 -2.1975 -0.015175
9.95309 21017 -1.7092 -0.011790
9.95537 21065 -1.8356 -0.012647
9.95760 21112 -2.4413 -0.016802
9.95987 21160 -2.5574 -0.017581
9.96209 21207 -2.0519 -0.014090
9.96435 21255 -1.9849 -0.013615
9.96660 21303 -1.5528 -0.010639
9.96885 21351 -1.7651 -0.012080
9.97110 21399 -1.4985 -0.010244
9.97334 21447 -1.2238 -0.008356
9.97558 21495 -0.9157 -0.006246
9.97785 21544 -0.8515 -0.005801
9.98008 21592 -0.7295 -0.004965
9.98234 21641 -0.9335 -0.006346
9.98461 21690 -1.8153 -0.012326
9.98686 21739 -1.8874 -0.012801
9.98907 21787 -1.4939 -0.010121
9.99136 21837 -1.6367 -0.011076
9.99360 21886 -0.8830 -0.005968
9.99584 21935 -0.6465 -0.004365
9.99807 21984 -2.3276 -0.015698
10.00034 22034 -1.9924 -0.013422
10.00261 22084 -2.0191 -0.013587
10.00482 22133 -0.9309 -0.006257
10.00708 22183 0.3920 0.002632
10.00933 22233 1.1269 0.007557
10.01158 22283 2.0722 0.013882
10.01382 22333 1.4705 0.009840
10.01610 22384 2.2532 0.015060
10.01833 22434 1.7890 0.011944
10.02056 22484 1.3823 0.009219
10.02282 22535 2.0377 0.013574
10.02509 22586 1.9587 0.013033
10.02734 22637 1.1850 0.007876
10.02959 22688 0.2534 0.001683
10.03184 22739 0.6370 0.004224
10.03408 22790 0.0491 0.000325
10.03631 22841 0.1051 0.000695
10.03859 22893 -0.0165 -0.000109
10.04081 22944 -0.0301 -0.000199
10.04308 22996 -0.2600 -0.001715
10.04533 23048 -0.8490 -0.005592
10.04759 23100 -0.5826 -0.003833
10.04984 23152 -0.1761 -0.001157
10.05208 23204 0.6195 0.004067
10.05432 23256 0.8241 0.005404
10.05655 23308 -0.0315 -0.000206
10.05882 23361 0.2005 0.001311
10.06105 23413 -0.3727 -0.002436
10.06331 23466 0.3711 0.002423
10.06556 23519 1.5979 0.010419
10.06781 23572 2.1123 0.013758
10.07006 23625 2.8592 0.018602
10.07230 23678 2.2305 0.014496
10.07458 23732 2.1908 0.014221
10.07681 23785 0.5909 0.003832
10.07908 23839 0.3432 0.002223
10.08130 23892 0.1158 0.000749
10.08356 23946 0.2312 0.001494
10.08581 24000 -0.6064 -0.003914
10.08806 24054 -0.6606 -0.004259
10.09030 24108 -0.0727 -0.000468
10.09254 24162 0.2811 0.001808
10.09481 24217 -0.2712 -0.001742
10.09704 24271 -0.3782 -0.002427
10.09930 24326 -0.4546 -0.002915
10.10156 24381 -0.4757 -0.003047
10.10381 24436 0.2087 0.001335
10.10606 24491 -0.5822 -0.003720
10.10830 24546 -0.4511 -0.002879
10.11054 24601 -1.3998 -0.008925
10.11282 24657 -1.4662 -0.009337
10.11504 24712 -1.1329 -0.007207
10.11731 24768 -1.6818 -0.010686
10.11957 24824 -2.4610 -0.015620
10.12178 24879 -1.3390 -0.008489
10.12403 24935 -1.7879 -0.011323
10.12631 24992 -2.8139 -0.017800
10.12855 25048 -3.1735 -0.020052
10.13078 25104 -4.1077 -0.025925
10.13305 25161 -4.9493 -0.031202
10.13527 25217 -4.1592 -0.026192
10.13753 25274 -4.5918 -0.028883
10.13978 25331 -4.5936 -0.028862
10.14203 25388 -4.6967 -0.029477
10.14427 25445 -4.5459 -0.028498
10.14655 25503 -3.5481 -0.022218
10.14878 25560 -4.5123 -0.028224
10.15105 25618 -4.3978 -0.027476
10.15327 25675 -4.2949 -0.026804
10.15553 25733 -5.0175 -0.031278
10.15778 25791 -4.6995 -0.029263
10.16003 25849 -5.7466 -0.035743
10.16227 25907 -6.4045 -0.039790
10.16454 25966 -6.1342 -0.038068
10.16677 26024 -6.1895 -0.038368
10.16904 26083 -7.1315 -0.044157
10.17126 26141 -5.6440 -0.034908
10.17351 26200 -4.8583 -0.030015
10.17576 26259 -4.7830 -0.029516
10.17801 26318 -4.6328 -0.028557
10.18029 26378 -3.7123 -0.022857
10.18252 26437 -3.0394 -0.018693
10.18479 26497 -2.9117 -0.017887
10.18701 26556 -4.2431 -0.026038
10.18927 26616 -3.0343 -0.018599
10.19152 26676 -2.4180 -0.014805
10.19377 26736 -2.3146 -0.014155
10.19601 26796 -2.6857 -0.016407
10.19828 26857 -2.0615 -0.012579
10.20051 26917 -1.6335 -0.009956
10.20278 26978 -1.7542 -0.010680
10.20500 27038 -2.6287 -0.015986
10.20725 27099 -2.8419 -0.017263
10.20950 27160 -3.3563 -0.020365
10.21178 27222 -3.4514 -0.020918
10.21402 27283 -4.3514 -0.026344
10.21625 27344 -3.8450 -0.023252
10.21852 27406 -5.3007 -0.032019
10.22078 27468 -4.6715 -0.028186
10.22300 27529 -6.1081 -0.036814
10.22524 27591 -6.3287 -0.038100
10.22753 27654 -6.8851 -0.041403
10.22977 27716 -6.6325 -0.039840
10.23200 27778 -6.0563 -0.036338
10.23427 27841 -5.5196 -0.033080
10.23649 27903 -5.8072 -0.034765
10.23874 27966 -5.5336 -0.033090
10.24099 28029 -4.3942 -0.026247
10.24324 28092 -3.8798 -0.023148
10.24552 28156 -4.2777 -0.025493
10.24775 28219 -4.3656 -0.025988
10.25002 28283 -3.7625 -0.022372
10.25224 28346 -3.8639 -0.022950
10.25450 28410 -3.0848 -0.018302
10.25675 28474 -3.1621 -0.018739
10.25899 28538 -2.8278 -0.016739
10.26123 28602 -2.6359 -0.015586
10.26350 28667 -1.9931 -0.011772
10.26573 28731 0.1517 0.000895
10.26799 28796 1.3174 0.007764
10.27025 28861 1.1118 0.006544
10.27250 28926 2.2970 0.013506
10.27474 28991 3.4213 0.020093
10.27698 29056 2.8083 0.016475
10.27925 29122 2.4437 0.014320
10.28148 29187 2.0633 0.012078
10.28374 29253 2.5736 0.015047
10.28599 29319 2.8398 0.016585
10.28824 29385 3.5913 0.020950
10.29048 29451 3.4529 0.020120
10.29272 29517 4.2349 0.024650
10.29499 29584 4.1798 0.024301
10.29722 29650 3.8698 0.022474
10.29947 29717 4.1213 0.023907
10.30173 29784 3.7107 0.021501
10.30397 29851 2.4619 0.014249
10.30622 29918 2.5811 0.014922
10.30849 29986 2.1701 0.012532
10.31072 30053 2.2824 0.013166
10.31298 30121 2.3035 0.013272
10.31523 30189 1.8561 0.010683
10.31748 30257 2.9090 0.016723
10.31973 30325 2.9396 0.016881
10.32197 30393 2.8137 0.016140
10.32424 30462 1.5512 0.008887
10.32647 30530 0.8594 0.004918
10.32872 30599 0.6435 0.003679
10.33098 30668 0.2310 0.001319
10.33322 30737 0.6177 0.003523
10.33546 30806 0.6039 0.003441
10.33773 30876 1.6804 0.009563
10.33997 30945 1.3905 0.007905
10.34223 31015 1.3535 0.007686
10.34448 31085 1.7748 0.010066
10.34673 31155 0.3637 0.002060
10.34897 31225 0.7605 0.004304
10.35121 31295 0.0815 0.000461
10.35345 31365 -1.2857 -0.007259
10.35571 31436 -1.8903 -0.010662
10.35797 31507 -2.5255 -0.014228
10.36022 31578 -2.0496 -0.011534
10.36246 31649 -1.8762 -0.010546
10.36470 31720 -3.4767 -0.019521
10.36697 31792 -4.7360 -0.026562
10.36920 31863 -3.3203 -0.018601
10.37146 31935 -2.8514 -0.015956
10.37371 32007 -2.1209 -0.011855
10.37596 32079 -1.7720 -0.009894
10.37820 32151 -2.4959 -0.013920
10.38047 32224 -2.6665 -0.014854
10.38270 32296 -3.5752 -0.019894
10.38496 32369 -5.1155 -0.028433
10.38721 32442 -5.1357 -0.028513
10.38946 32515 -4.2806 -0.023739
10.39170 32588 -4.2247 -0.023403
10.39394 32661 -5.0161 -0.027756
10.39620 32735 -5.3889 -0.029784
10.39846 32809 -4.9697 -0.027437
10.40071 32883 -4.2794 -0.023599
10.40296 32957 -4.4752 -0.024651
10.40520 33031 -4.5565 -0.025071
10.40744 33105 -5.1955 -0.028555
10.40970 33180 -4.9082 -0.026946
10.41193 33254 -4.8378 -0.026529
10.41418 33329 -3.7694 -0.020647
10.41643 33404 -4.6552 -0.025471
10.41870 33480 -5.1038 -0.027893
10.42094 33555 -5.0005 -0.027298
10.42320 33631 -3.5769 -0.019505
10.42543 33706 -2.7879 -0.015185
10.42768 33782 -2.7469 -0.014945
10.42993 33858 -1.0633 -0.005779
10.43217 33934 0.2769 0.001503
10.43444 34011 0.9186 0.004981
10.43667 34087 0.5128 0.002777
10.43893 34164 0.9323 0.005044
10.44118 34241 1.0446 0.005645
10.44343 34318 1.2358 0.006671
10.44567 34395 2.0096 0.010836
10.44793 34473 1.5548 0.008374
10.45019 34551 1.3306 0.007158
10.45242 34628 0.3322 0.001785
10.45467 34706 0.0461 0.000247
10.45691 34784 1.1672 0.006258
10.45918 34863 1.1982 0.006417
10.46142 34941 0.8651 0.004628
10.46367 35020 0.1791 0.000957
10.46593 35099 1.4685 0.007839
10.46818 35178 1.8222 0.009715
10.47042 35257 2.7177 0.014473
10.47266 35336 3.5487 0.018878
10.47492 35416 3.6450 0.019368
10.47718 35496 4.7042 0.024969
10.47943 35576 5.4934 0.029125
10.48167 35656 5.5220 0.029244
10.48391 35736 5.9061 0.031243
10.48618 35817 5.3769 0.028411
10.48841 35897 5.2666 0.027797
10.49066 35978 6.5890 0.034738
10.49291 36059 7.1487 0.037646
10.49516 36140 6.6745 0.035109
10.49742 36222 7.7721 0.040837
10.49966 36303 6.7326 0.035336
10.50191 36385 5.9665 0.031279
10.50416 36467 7.9362 0.041559
10.50641 36549 8.2158 0.042974
10.50865 36631 8.2938 0.043334
10.51091 36714 7.5029 0.039158
10.51314 36796 6.9861 0.036420
10.51540 36879 7.2227 0.037611
10.51765 36962 5.5561 0.028900
10.51992 37046 6.4341 0.033428
10.52215 37129 5.7515 0.029849
10.52441 37213 6.2153 0.032219
10.52664 37296 6.4964 0.033639
10.52889 37380 6.7948 0.035145
10.53116 37465 6.4789 0.033473
10.53340 37549 6.6255 0.034192
10.53564 37633 6.4344 0.033168
10.53789 37718 6.6294 0.034135
10.54014 37803 7.4231 0.038179
10.54239 37888 7.2582 0.037289
10.54466 37974 6.6744 0.034251
10.54689 38059 7.1136 0.036464
10.54915 38145 7.3327 0.037544
10.55140 38231 8.7372 0.044685
10.55365 38317 8.4100 0.042963
10.55589 38403 9.3816 0.047874
10.55815 38490 9.6293 0.049082
10.56039 38576 8.6296 0.043937
10.56264 38663 7.2698 0.036972
10.56489 38750 8.9780 0.045609
10.56713 38837 9.5545 0.048482
10.56939 38925 7.4334 0.037677
10.57162 39012 7.7366 0.039170
10.57388 39100 8.2987 0.041968
10.57613 39188 8.1839 0.041341
10.57839 39277 8.0262 0.040498
10.58063 39365 8.2205 0.041433
10.58289 39454 7.2411 0.036455
10.58512 39542 7.4929 0.037681
10.58739 39632 7.2284 0.036309
10.58964 39721 7.2978 0.036617
10.59187 39810 7.6719 0.038451
10.59413 39900 7.4922 0.037508
10.59638 39990 8.0773 0.040392
10.59863 40080 8.2959 0.041438
10.60088 40170 8.6723 0.043270
10.60311 40260 10.0778 0.050226
10.60537 40351 11.1457 0.055486
10.60762 40442 10.8226 0.053816
10.60987 40533 12.3293 0.061240
10.61211 40624 12.4640 0.061839
10.61438 40716 12.8180 0.063524
10.61661 40807 13.2920 0.065800
10.61886 40899 13.3237 0.065882
10.62111 40991 13.3630 0.066002
10.62337 41084 12.5775 0.062052
10.62561 41176 11.9761 0.059019
10.62787 41269 13.0081 0.064033
10.63012 41362 13.6945 0.067336
10.63236 41455 12.3346 0.060581
10.63460 41548 11.5779 0.056801
10.63686 41642 12.9950 0.063681
10.63912 41736 12.1510 0.059478
10.64137 41830 12.6608 0.061904
10.64361 41924 12.4876 0.060988
10.64585 42018 12.5526 0.061237
10.64811 42113 11.9865 0.058410
10.65037 42208 10.5168 0.051190
10.65261 42303 11.9694 0.058195
10.65486 42398 10.3303 0.050169
10.65709 42493 10.1449 0.049214
10.65935 42589 10.2758 0.049793
10.66160 42685 9.2837 0.044935
10.66385 42781 9.4864 0.045864
10.66609 42877 9.7824 0.047242
10.66835 42974 10.6241 0.051249
10.67061 43071 9.7526 0.046992
10.67285 43168 10.7504 0.051742
10.67510 43265 12.3124 0.059194
10.67734 43362 12.7164 0.061068
10.67960 43460 14.6744 0.070391
10.68185 43558 14.2743 0.068394
10.68410 43656 13.4258 0.064257
10.68634 43754 12.5531 0.060012
10.68860 43853 12.0578 0.057580
10.69085 43952 11.7392 0.055995
10.69310 44051 10.7367 0.051155
10.69535 44150 11.2828 0.053697
10.69759 44249 10.6036 0.050408
10.69985 44349 11.0341 0.052396
10.70210 44449 12.0336 0.057077
10.70434 44549 12.7049 0.060194
10.70659 44649 12.6968 0.060088
10.70885 44750 12.2193 0.057763
10.71108 44850 13.6583 0.064493
10.71333 44951 13.0282 0.061449
10.71559 45053 12.3957 0.058399
10.71783 45154 11.6724 0.054930
10.72009 45256 12.1361 0.057048
10.72234 45358 11.5690 0.054321
10.72459 45460 11.6108 0.054456
10.72683 45562 12.3502 0.057859
10.72909 45665 12.6660 0.059272
10.73132 45767 14.2240 0.066488
10.73359 45871 13.6473 0.063720
10.73583 45974 12.4841 0.058224
10.73807 46077 12.2441 0.057041
10.74032 46181 13.2213 0.061524
10.74257 46285 12.6579 0.058836
10.74482 46389 14.3144 0.066461
10.74708 46494 15.1367 0.070199
10.74931 46598 14.3824 0.066627
10.75156 46703 14.0793 0.065149
10.75383 46809 13.6858 0.063257
10.75607 46914 15.0339 0.069410
10.75833 47020 14.4174 0.066488
10.76056 47125 14.8721 0.068509
10.76283 47232 14.9418 0.068752
10.76507 47338 14.9415 0.068674
10.76733 47445 14.7876 0.067889
10.76956 47551 15.5517 0.071318
10.77181 47658 14.7304 0.067476
10.77407 47766 15.8301 0.072431
10.77631 47873 15.5357 0.071005
10.77856 47981 13.3530 0.060960
10.78081 48089 14.3718 0.065537
10.78305 48197 13.7012 0.062409
10.78531 48306 13.0733 0.059482
10.78756 48415 11.9936 0.054508
10.78981 48524 11.3623 0.051581
10.79206 48633 11.2342 0.050942
10.79430 48742 9.9786 0.045198
10.79655 48852 10.1928 0.046116
10.79880 48962 7.9177 0.035782
10.80104 49072 7.6881 0.034706
10.80330 49183 8.1937 0.036946
10.80556 49294 8.4902 0.038240
10.80781 49405 7.7908 0.035051
10.81005 49516 8.1009 0.036405
10.81229 49627 7.9266 0.035582
10.81454 49739 8.5578 0.038372
10.81679 49851 7.9370 0.035548
10.81904 49963 7.2834 0.032585
10.82130 50076 7.2087 0.032214
10.82355 50189 6.4931 0.028983
10.82580 50302 6.2288 0.027772
10.82804 50415 6.7997 0.030284
10.83030 50529 6.1813 0.027498
10.83254 50642 6.9947 0.031082
10.83479 50756 8.1230 0.036055
10.83705 50871 8.7310 0.038711
10.83929 50985 9.1851 0.040678
10.84154 51100 9.4399 0.041760
10.84379 51215 8.8173 0.038961
10.84603 51330 9.1999 0.040607
10.84829 51446 8.3801 0.036947
10.85054 51562 8.9382 0.039363
10.85279 51678 9.3954 0.041330
10.85503 51794 9.2610 0.040693
10.85729 51911 9.8853 0.043387
10.85954 52028 10.9403 0.047964
10.86178 52145 11.7715 0.051550
10.86402 52262 12.5808 0.055032
10.86628 52380 13.7383 0.060028
10.86853 52498 13.8279 0.060351
10.87078 52616 13.1930 0.057516
10.87303 52735 12.6083 0.054904
10.87527 52853 12.6075 0.054840
10.87752 52972 13.5434 0.058844
10.87978 53092 13.6922 0.059424
10.88202 53211 13.8022 0.059834
10.88427 53331 15.3181 0.066331
10.88652 53451 16.2875 0.070449
10.88876 53571 16.1913 0.069955
10.89102 53692 16.3202 0.070432
10.89327 53813 15.4096 0.066427
10.89552 53934 14.6717 0.063175
10.89778 54056 13.8367 0.059513
10.90001 54177 13.3606 0.057401
10.90226 54299 12.3677 0.053075
10.90452 54422 13.9238 0.059686
10.90676 54544 13.6002 0.058233
10.90902 54667 13.8397 0.059192
10.91126 54790 13.4893 0.057629
10.91351 54913 12.0876 0.051583
10.91576 55037 12.3656 0.052709
10.91801 55161 12.5642 0.053496
10.92026 55285 12.5566 0.053403
10.92252 55410 12.3242 0.052356
10.92475 55534 11.8434 0.050257
10.92702 55660 11.7698 0.049888
10.92926 55785 12.2253 0.051761
10.93150 55910 10.9611 0.046356
10.93375 56036 11.1823 0.047239
10.93601 56163 12.1217 0.051149
10.93825 56289 12.1808 0.051341
10.94051 56416 10.6058 0.044652
10.94276 56543 10.0405 0.042224
10.94500 56670 8.4885 0.035658
10.94726 56798 9.2058 0.038627
10.94951 56926 9.4348 0.039544
10.95175 57054 8.7684 0.036709
10.95399 57182 9.3557 0.039124
10.95625 57311 9.6067 0.040129
10.95850 57440 8.2461 0.034407
10.96074 57569 8.8346 0.036821
10.96300 57699 8.1225 0.033815
10.96525 57829 8.6191 0.035842
10.96749 57959 8.6606 0.035974
10.96975 58090 8.5178 0.035341
10.97198 58220 7.2184 0.029916
10.97425 58352 6.5842 0.027257
10.97649 58483 6.9200 0.028615
10.97875 58615 7.1675 0.029605
10.98100 58747 5.8124 0.023981
10.98324 58879 5.2271 0.021542
10.98548 59011 4.0872 0.016825
10.98773 59144 4.6716 0.019209
10.98999 59278 5.2098 0.021398
10.99223 59411 7.4934 0.030743
10.99449 59545 6.2580 0.025646
10.99674 59679 5.6182 0.022998
10.99898 59813 5.0034 0.020458
11.00123 59948 4.7018 0.019203
11.00348 60083 6.5866 0.026871
11.00573 60218 6.4530 0.026297
11.00798 60354 7.2489 0.029507
11.01023 60490 6.7601 0.027486
11.01248 60626 5.4415 0.022100
11.01472 60762 6.3150 0.025619
11.01697 60899 4.9673 0.020129
11.01922 61036 3.7871 0.015329
11.02148 61174 4.5183 0.018268
11.02373 61312 5.5922 0.022584
11.02598 61450 6.2784 0.025327
11.02822 61588 5.4196 0.021838
11.03048 61727 6.2831 0.025289
11.03273 61866 5.8686 0.023594
11.03497 62005 6.3558 0.025525
11.03723 62145 6.6284 0.026589
11.03946 62284 6.4987 0.026040
11.04172 62425 5.3403 0.021374
11.04396 62565 7.1003 0.028387
11.04621 62706 7.3210 0.029236
11.04846 62847 6.0337 0.024068
11.05072 62989 6.9113 0.027538
11.05297 63131 8.5631 0.034081
11.05521 63273 10.0394 0.039911
11.05746 63415 12.2359 0.048589
11.05971 63558 11.9423 0.047370
11.06196 63701 13.1359 0.052046
11.06421 63845 13.4361 0.053175
11.06645 63988 11.6147 0.045915
11.06871 64133 9.9077 0.039123
11.07096 64277 7.8645 0.031020
11.07321 64422 5.9668 0.023509
11.07546 64567 5.1859 0.020409
11.07770 64712 4.8800 0.019184
11.07996 64858 5.3809 0.021129
11.08220 65004 3.3576 0.013169
11.08445 65150 2.8682 0.011237
11.08670 65297 2.5999 0.010175
11.08895 65444 1.8914 0.007393
11.09119 65591 -1.3117 -0.005122
11.09345 65739 -0.3260 -0.001271
11.09570 65887 0.3119 0.001215
11.09794 66035 -0.3671 -0.001429
11.10019 66184 -0.8805 -0.003423
11.10244 66333 -0.5625 -0.002184
11.10470 66483 -1.5414 -0.005978
11.10694 66632 -1.1970 -0.004637
11.10919 66782 -2.7043 -0.010464
11.11145 66933 -4.5386 -0.017543
11.11369 67083 -3.7538 -0.014493
11.11593 67234 -3.2171 -0.012407
11.11819 67386 -3.0656 -0.011809
11.12045 67538 -2.6660 -0.010258
11.12269 67690 -1.0414 -0.004003
11.12494 67842 -2.7935 -0.010725
11.12719 67995 -3.1963 -0.012258
11.12944 68148 -1.6853 -0.006456
11.13168 68301 -0.1262 -0.000483
11.13393 68455 2.1673 0.008284
11.13618 68609 0.7311 0.002791
11.13844 68764 -0.8103 -0.003090
11.14069 68919 -0.5016 -0.001911
11.14293 69074 -0.2257 -0.000859
11.14518 69229 -1.4341 -0.005450
11.14743 69385 0.9242 0.003509
11.14967 69541 -0.2304 -0.000874
11.15193 69698 -0.1208 -0.000457
11.15418 69855 -0.0909 -0.000344
11.15642 70012 -1.1818 -0.004466
11.15868 70170 -0.7485 -0.002826
11.16093 70328 -0.7256 -0.002736
11.16317 70486 0.0368 0.000139
11.16542 70645 1.1379 0.004281
11.16767 70804 -0.7098 -0.002667
11.16991 70963 -0.2951 -0.001108
11.17217 71123 -0.3051 -0.001144
11.17441 71283 -2.2336 -0.008366
11.17667 71444 -2.9346 -0.010979
11.17892 71605 -2.2288 -0.008329
11.18117 71766 -1.3315 -0.004970
11.18342 71928 -2.0301 -0.007569
11.18567 72090 -2.2352 -0.008325
11.18792 72252 -1.9890 -0.007400
11.19017 72415 -1.2840 -0.004771
11.19242 72578 -0.7260 -0.002695
11.19466 72741 -0.7748 -0.002873
11.19691 72905 -1.6032 -0.005938
11.19916 73069 -3.2531 -0.012034
11.20142 73234 -3.5134 -0.012983
11.20365 73398 -2.9297 -0.010814
11.20591 73564 -2.4734 -0.009119
11.20815 73729 -2.2338 -0.008227
11.21040 73895 -1.6372 -0.006023
11.21266 74062 -3.4870 -0.012813
11.21491 74229 -3.7835 -0.013887
11.21716 74396 -4.7999 -0.017598
11.21940 74563 -4.8710 -0.017838
11.22165 74731 -3.3344 -0.012198
11.22390 74899 -2.6364 -0.009633
11.22615 75068 -3.4598 -0.012628
11.22840 75237 -3.7000 -0.013489
11.23064 75406 -3.8602 -0.014058
11.23289 75576 -4.5959 -0.016718
11.23514 75746 -5.7277 -0.020812
11.23740 75917 -4.1862 -0.015193
11.23965 76088 -2.7816 -0.010084
11.24189 76259 -2.4739 -0.008958
11.24414 76431 -2.0681 -0.007480
11.24639 76603 -1.9106 -0.006903
11.24865 76776 -2.2704 -0.008194
11.25089 76948 -2.8735 -0.010359
11.25314 77122 -5.6970 -0.020514
11.25538 77295 -5.8011 -0.020866
11.25763 77469 -5.9334 -0.021318
11.25989 77644 -5.1485 -0.018477
11.26214 77819 -5.6695 -0.020324
11.26439 77994 -7.6407 -0.027359
11.26664 78170 -4.5937 -0.016430
11.26889 78346 -5.1796 -0.018505
11.27113 78522 -5.3906 -0.019237
11.27339 78699 -3.8084 -0.013576
11.27563 78876 -3.1637 -0.011265
11.27789 79054 -5.8694 -0.020875
11.28014 79232 -5.7629 -0.020474
11.28238 79410 -3.5466 -0.012586
11.28463 79589 -3.3262 -0.011790
11.28688 79768 -2.5571 -0.009054
11.28913 79948 -1.4893 -0.005267
11.29138 80128 -1.2422 -0.004388
11.29362 80308 -3.5733 -0.012609
11.29588 80489 -3.2753 -0.011545
11.29812 80670 -4.9781 -0.017527
11.30038 80852 -5.7155 -0.020100
11.30262 81034 -6.6417 -0.023332
11.30487 81216 -5.6836 -0.019943
11.30712 81399 -3.9158 -0.013725
11.30936 81582 -4.7596 -0.016664
11.31162 81766 -5.4530 -0.019070
11.31386 81950 -3.5982 -0.012569
11.31612 82135 -4.4503 -0.015528
11.31837 82320 -5.3580 -0.018675
11.32061 82505 -7.4362 -0.025889
11.32287 82691 -6.9101 -0.024030
11.32511 82877 -7.3931 -0.025681
11.32737 83064 -8.4279 -0.029242
11.32962 83251 -7.7348 -0.026807
11.33186 83438 -8.2156 -0.028442
11.33411 83626 -6.2970 -0.021775
11.33636 83814 -7.1386 -0.024658
11.33861 84003 -6.6740 -0.023027
11.34086 84192 -6.1723 -0.021272
11.34311 84382 -7.2431 -0.024934
11.34536 84572 -6.7722 -0.023287
11.34760 84762 -7.4326 -0.025529
11.34985 84953 -7.5906 -0.026043
11.35210 85144 -7.9036 -0.027086
11.35435 85336 -9.7830 -0.033489
11.35660 85528 -11.8728 -0.040597
11.35885 85721 -12.2971 -0.042001
11.36110 85914 -12.2530 -0.041803
11.36335 86107 -13.6373 -0.046474
11.36560 86301 -12.6791 -0.043160
11.36785 86496 -13.5048 -0.045919
11.37009 86690 -13.9431 -0.047356
11.37235 86886 -13.9685 -0.047389
11.37459 87081 -13.6780 -0.046351
11.37684 87277 -12.7193 -0.043054
11.37910 87474 -11.0565 -0.037383
11.38135 87671 -10.6036 -0.035812
11.38359 87868 -10.9479 -0.036933
11.38584 88066 -12.8889 -0.043432
11.38809 88264 -12.3060 -0.041421
11.39034 88463 -11.4239 -0.038409
11.39259 88662 -10.9050 -0.036623
11.39484 88862 -10.7881 -0.036190
11.39709 89062 -11.7337 -0.039318
11.39934 89263 -12.8052 -0.042860
11.40159 89464 -12.2475 -0.040947
11.40384 89665 -10.9992 -0.036732
11.40609 89867 -10.1229 -0.033768
11.40833 90069 -10.8238 -0.036065
11.41058 90272 -9.3378 -0.031079
11.41283 90475 -9.9723 -0.033153
11.41508 90679 -9.6325 -0.031988
11.41733 90883 -9.6121 -0.031884
11.41958 91088 -8.1360 -0.026958
11.42183 91293 -7.8847 -0.026095
11.42408 91499 -6.7997 -0.022479
11.42633 91705 -7.2211 -0.023846
11.42858 91911 -7.5678 -0.024963
11.43083 92118 -10.7667 -0.035474
11.43307 92325 -9.5071 -0.031289
11.43532 92533 -10.9745 -0.036078
11.43758 92742 -12.0462 -0.039556
11.43982 92950 -12.4804 -0.040936
11.44207 93160 -14.0100 -0.045901
11.44433 93370 -15.2852 -0.050023
11.44657 93580 -14.1639 -0.046301
11.44882 93791 -12.4255 -0.040573
11.45107 94002 -10.0430 -0.032756
11.45331 94213 -10.2398 -0.033361
11.45556 94425 -11.3418 -0.036909
11.45781 94638 -10.5721 -0.034366
11.46006 94851 -11.4228 -0.037090
11.46232 95065 -12.4839 -0.040489
11.46456 95279 -15.5639 -0.050422
11.46681 95493 -16.8120 -0.054404
11.46906 95708 -18.0431 -0.058323
11.47131 95924 -18.4174 -0.059466
11.47356 96140 -19.5926 -0.063189
11.47580 96356 -20.4739 -0.065957
11.47805 96573 -19.7419 -0.063527
11.48031 96791 -18.9237 -0.060826
11.48256 97009 -21.1723 -0.067977
11.48480 97227 -21.1136 -0.067713
11.48705 97446 -22.0140 -0.070521
11.48931 97666 -21.7428 -0.069574
11.49155 97885 -21.8373 -0.069798
11.49380 98106 -21.3069 -0.068026
11.49605 98327 -21.0968 -0.067279
11.49830 98548 -22.1168 -0.070453
11.50055 98770 -21.5941 -0.068710
11.50279 98992 -19.7909 -0.062902
11.50504 99215 -21.1446 -0.067129
11.50730 99439 -19.5710 -0.062063
11.50955 99663 -18.8796 -0.059803
11.51179 99887 -17.4855 -0.055325
11.51404 100112 -17.7812 -0.056198
11.51629 100337 -17.7338 -0.055985
11.51854 100563 -17.9634 -0.056646
11.52079 100790 -14.0685 -0.044314
11.52304 101017 -14.4923 -0.045598
11.52529 101244 -13.6400 -0.042868
11.52754 101472 -13.2799 -0.041689
11.52979 101701 -11.9608 -0.037506
11.53204 101930 -11.7720 -0.036872
11.53429 102159 -12.1845 -0.038121
11.53653 102389 -10.9834 -0.034325
11.53879 102620 -11.0708 -0.034559
11.54104 102851 -10.7521 -0.033527
11.54328 103082 -9.8394 -0.030646
11.54554 103315 -9.8305 -0.030584
11.54778 103547 -10.9973 -0.034176
11.55003 103780 -13.1343 -0.040771
11.55228 104014 -13.3328 -0.041341
11.55453 104248 -11.5715 -0.035839
11.55678 104483 -11.3313 -0.035056
11.55903 104718 -10.9289 -0.033773
11.56128 104954 -11.0410 -0.034081
11.56352 105190 -11.9330 -0.036793
11.56577 105427 -10.3269 -0.031805
11.56803 105665 -9.0577 -0.027865
11.57028 105903 -9.4088 -0.028912
11.57252 106141 -11.4320 -0.035090
11.57477 106380 -11.7325 -0.035972
11.57703 106620 -11.9790 -0.036686
11.57927 106860 -11.9212 -0.036468
11.58152 107100 -10.6977 -0.032689
11.58377 107341 -10.8951 -0.033254
11.58602 107583 -11.1757 -0.034072
11.58826 107825 -12.2059 -0.037172
11.59052 108068 -13.7824 -0.041925
11.59276 108311 -13.0016 -0.039506
11.59501 108555 -13.5605 -0.041158
11.59727 108800 -13.6206 -0.041294
11.59952 109045 -17.2484 -0.052233
11.60176 109290 -18.0385 -0.054565
11.60401 109536 -18.4167 -0.055646
11.60626 109783 -16.4446 -0.049631
11.60851 110030 -14.5680 -0.043918
11.61076 110278 -15.6521 -0.047133
11.61301 110526 -14.8578 -0.044691
11.61526 110775 -13.1777 -0.039593
11.61751 111025 -13.8537 -0.041577
11.61976 111275 -14.9026 -0.044675
11.62200 111525 -13.4853 -0.040381
11.62425 111776 -13.8162 -0.041325
11.62650 112028 -10.7599 -0.032147
11.62875 112280 -10.1305 -0.030233
11.63100 112533 -10.0122 -0.029846
11.63325 112786 -9.6216 -0.028650
11.63550 113040 -12.0630 -0.035879
11.63775 113295 -12.0889 -0.035916
11.64000 113550 -12.8833 -0.038233
11.64225 113806 -11.4794 -0.034028
11.64450 114062 -12.1578 -0.035998
11.64675 114319 -11.3690 -0.033625
11.64899 114576 -9.9610 -0.029428
11.65124 114834 -8.1668 -0.024100
11.65350 115093 -7.2115 -0.021257
11.65574 115352 -8.1341 -0.023950
11.65800 115612 -8.4188 -0.024760
11.66024 115872 -7.3545 -0.021606
11.66249 116133 -7.7122 -0.022631
11.66474 116394 -8.6501 -0.025355
11.66699 116657 -10.1088 -0.029597
11.66924 116919 -11.2341 -0.032854
11.67148 117182 -11.9593 -0.034936
11.67373 117446 -13.5600 -0.039568
11.67599 117711 -14.4899 -0.042233
11.67824 117976 -13.3500 -0.038867
11.68048 118241 -12.5633 -0.036536
11.68274 118508 -10.4431 -0.030336
11.68499 118775 -10.2989 -0.029883
11.68723 119042 -12.5843 -0.036474
11.68948 119310 -12.9226 -0.037412
11.69173 119579 -15.0149 -0.043421
11.69398 119848 -13.6324 -0.039378
11.69623 120118 -13.8916 -0.040082
11.69848 120388 -12.4248 -0.035809
11.70072 120659 -12.6754 -0.036491
11.70298 120931 -16.4812 -0.047394
11.70522 121203 -16.6532 -0.047834
11.70747 121476 -17.7537 -0.050938
11.70973 121750 -20.3814 -0.058412
11.71197 122024 -21.4738 -0.061473
11.71422 122299 -21.8607 -0.062510
11.71647 122574 -21.6952 -0.061968
11.71872 122850 -22.5680 -0.064388
11.72097 123127 -22.0400 -0.062811
11.72322 123404 -23.6598 -0.067351
11.72547 123682 -24.0388 -0.068353
11.72771 123960 -23.6577 -0.067194
11.72996 124239 -23.0074 -0.065274
11.73221 124519 -24.4721 -0.069351
11.73447 124800 -24.7437 -0.070042
11.73672 125081 -23.6031 -0.066738
11.73896 125362 -22.9461 -0.064808
11.74122 125645 -20.1609 -0.056877
11.74346 125927 -20.9443 -0.059021
11.74571 126211 -21.4174 -0.060286
11.74796 126495 -24.7297 -0.069532
11.75021 126780 -23.4827 -0.065951
11.75245 127065 -24.7714 -0.069492
11.75471 127352 -25.4713 -0.071375
11.75695 127638 -25.1438 -0.070379
11.75921 127926 -24.7726 -0.069262
11.76146 128214 -26.0161 -0.072657
11.76371 128503 -27.1437 -0.075720
11.76595 128792 -24.7871 -0.069069
11.76820 129082 -23.2912 -0.064828
11.77045 129373 -23.7045 -0.065904
11.77270 129664 -24.0984 -0.066923
11.77495 129956 -21.8580 -0.060633
11.77720 130248 -22.8010 -0.063178
11.77945 130542 -20.9683 -0.058035
11.78170 130836 -17.5710 -0.048577
11.78394 131130 -14.3143 -0.039529
11.78620 131426 -13.7349 -0.037887
11.78844 131721 -13.3508 -0.036786
11.79069 132018 -9.6171 -0.026468
11.79294 132315 -9.6911 -0.026642
11.79519 132613 -10.3343 -0.028378
11.79744 132912 -12.0477 -0.033046
11.79969 133211 -12.7335 -0.034888
11.80194 133511 -12.9314 -0.035391
11.80419 133812 -11.0658 -0.030251
11.80644 134113 -8.9143 -0.024342
11.80869 134415 -9.7743 -0.026660
11.81094 134718 -7.5302 -0.020516
11.81319 135021 -8.7002 -0.023677
11.81543 135325 -7.7681 -0.021117
11.81769 135630 -7.7784 -0.021121
11.81993 135935 -6.0741 -0.016475
11.82218 136241 -5.0008 -0.013548
11.82443 136548 -4.1538 -0.011241
11.82668 136855 -2.9141 -0.007877
11.82893 137164 -3.1281 -0.008446
11.83118 137472 -2.7655 -0.007459
11.83343 137782 -1.0420 -0.002807
11.83568 138092 -1.3664 -0.003677
11.83792 138403 -3.3192 -0.008922
11.84018 138715 -1.1548 -0.003101
11.84242 139027 -1.4604 -0.003917
11.84467 139340 -1.6582 -0.004442
11.84692 139654 -0.6766 -0.001810
11.84917 139968 -0.9280 -0.002481
11.85142 140284 -3.9573 -0.010566
11.85367 140600 -2.7507 -0.007336
11.85592 140916 -3.3686 -0.008974
11.85817 141233 -3.0409 -0.008092
11.86042 141551 -6.5601 -0.017436
11.86267 141870 -10.6887 -0.028378
11.86492 142190 -9.2466 -0.024522
11.86717 142510 -10.0256 -0.026558
11.86942 142831 -10.4838 -0.027740
11.87166 143152 -10.7602 -0.028440
11.87392 143475 -10.5553 -0.027867
11.87616 143798 -11.5360 -0.030421
11.87841 144121 -11.1011 -0.029242
11.88066 144446 -9.5390 -0.025099
11.88291 144771 -9.7297 -0.025572
11.88516 145097 -11.5761 -0.030390
11.88741 145424 -12.8996 -0.033827
11.88965 145751 -13.5428 -0.035473
11.89191 146080 -14.3602 -0.037572
11.89415 146408 -13.6604 -0.035701
11.89640 146738 -13.0164 -0.033980
11.89866 147069 -12.2685 -0.031991
11.90091 147400 -13.2220 -0.034439
11.90316 147732 -12.5138 -0.032558
11.90540 148064 -10.2623 -0.026670
11.90765 148398 -10.7445 -0.027892
11.90990 148732 -10.8833 -0.028220
11.91215 149067 -11.6558 -0.030189
11.91440 149402 -11.2197 -0.029027
11.91665 149739 -11.5192 -0.029768
11.91890 150076 -11.5377 -0.029783
11.92115 150414 -12.6374 -0.032585
11.92340 150753 -13.2194 -0.034047
11.92564 151092 -16.2224 -0.041734
11.92789 151432 -15.4524 -0.039709
11.93014 151773 -16.4360 -0.042189
11.93239 152115 -15.8799 -0.040716
11.93464 152457 -15.1977 -0.038923
11.93689 152801 -15.4636 -0.039559
11.93914 153145 -15.5202 -0.039659
11.94139 153490 -14.1611 -0.036146
11.94364 153835 -13.8521 -0.035317
11.94589 154182 -13.2253 -0.033681
11.94814 154529 -13.1028 -0.033332
11.95039 154877 -11.6155 -0.029515
11.95264 155226 -12.7868 -0.032455
11.95488 155575 -13.9897 -0.035468
11.95713 155925 -12.8218 -0.032471
11.95938 156276 -12.5297 -0.031695
11.96163 156628 -12.6562 -0.031979
11.96388 156981 -11.3583 -0.028667
11.96613 157335 -10.7163 -0.027017
11.96838 157689 -8.9349 -0.022500
11.97063 158044 -7.9217 -0.019926
11.97288 158400 -10.3811 -0.026084
11.97512 158756 -11.6947 -0.029351
11.97738 159114 -11.2540 -0.028213
11.97962 159472 -8.1611 -0.020436
11.98187 159831 -7.5075 -0.018779
11.98412 160191 -5.9254 -0.014805
11.98637 160552 -6.2535 -0.015607
11.98862 160913 -5.2060 -0.012978
11.99087 161276 -3.6793 -0.009162
11.99312 161639 -4.2068 -0.010464
11.99537 162003 -5.8429 -0.014517
11.99762 162368 -7.4092 -0.018387
11.99987 162733 -7.1847 -0.017810
12.00212 163100 -9.0839 -0.022493
12.00437 163467 -12.5739 -0.031100
12.00662 163835 -13.5328 -0.033434
12.00886 164204 -12.9016 -0.031838
12.01112 164574 -14.8767 -0.036671
12.01336 164944 -13.9638 -0.034382
12.01561 165316 -12.3226 -0.030307
12.01786 165688 -14.3545 -0.035265
12.02011 166061 -12.1480 -0.029811
12.02236 166435 -9.9857 -0.024477
12.02461 166810 -11.1557 -0.027314
12.02686 167185 -8.7398 -0.021375
12.02911 167562 -10.8727 -0.026561
12.03136 167939 -8.5495 -0.020862
12.03360 168317 -6.5340 -0.015926
12.03585 168696 -6.9795 -0.016993
12.03810 169076 -10.0028 -0.024326
12.04035 169457 -11.9133 -0.028940
12.04260 169838 -10.6884 -0.025935
12.04485 170221 -9.1102 -0.022081
12.04710 170604 -3.7309 -0.009033
12.04935 170988 -4.4877 -0.010853
12.05160 171373 -5.7879 -0.013981
12.05385 171759 -4.6025 -0.011105
12.05610 172146 -5.5267 -0.013320
12.05834 172533 -7.1950 -0.017322
12.06060 172922 -7.6850 -0.018481
12.06284 173311 -6.7976 -0.016328
12.06509 173701 -3.5309 -0.008472
12.06734 174093 -1.3633 -0.003267
12.06959 174485 -0.4998 -0.001197
12.07184 174877 -0.5869 -0.001404
12.07409 175271 -0.4821 -0.001152
12.07634 175666 1.2939 0.003087
12.07859 176061 4.3597 0.010390
12.08084 176458 1.4562 0.003467
12.08309 176855 4.8538 0.011542
12.08533 177253 8.5316 0.020265
12.08759 177653 6.8680 0.016295
12.08984 178053 6.4360 0.015252
12.09208 178453 4.6722 0.011060
12.09433 178855 4.1556 0.009826
12.09658 179258 3.8341 0.009056
12.09883 179662 5.7054 0.013460
12.10108 180066 2.4445 0.005761
12.10333 180472 3.9678 0.009340
12.10558 180878 3.1839 0.007486
12.10783 181285 1.9927 0.004680
12.11008 181694 1.0635 0.002495
12.11233 182103 -1.9758 -0.004630
12.11458 182513 -1.8255 -0.004273
12.11683 182924 -0.5863 -0.001371
12.11908 183336 1.5689 0.003664
12.12132 183748 1.7630 0.004113
12.12357 184162 1.1220 0.002615
12.12582 184577 3.9104 0.009102
12.12807 184992 2.9720 0.006910
12.13032 185409 5.0692 0.011773
12.13257 185826 4.1351 0.009592
12.13482 186245 3.0926 0.007166
12.13707 186664 5.9137 0.013688
12.13932 187085 8.8650 0.020496
12.14157 187506 8.3197 0.019213
12.14381 187928 10.4301 0.024060
12.14606 188351 11.5155 0.026534
12.14831 188775 9.5266 0.021926
12.15056 189200 8.9903 0.020669
12.15281 189626 9.6750 0.022218
12.15506 190053 9.3848 0.021527
12.15731 190481 8.5402 0.019568
12.15956 190910 7.5315 0.017237
12.16181 191340 6.3627 0.014546
12.16406 191771 7.6174 0.017395
12.16631 192203 8.0852 0.018442
12.16856 192636 9.9013 0.022559
12.17080 193069 9.3528 0.021286
12.17305 193504 9.9383 0.022593
12.17530 193940 5.7743 0.013112
12.17755 194376 2.4557 0.005570
12.17980 194814 3.4454 0.007806
12.18205 195253 3.9987 0.009049
12.18430 195692 7.4941 0.016941
12.18655 196133 11.2207 0.025336
12.18880 196575 9.7870 0.022074
12.19105 197017 13.2610 0.029876
12.19330 197461 14.5228 0.032682
12.19555 197906 12.6493 0.028434
12.19779 198351 13.0242 0.029244
12.20004 198798 13.2890 0.029805
12.20229 199245 12.6462 0.028331
12.20454 199694 10.8293 0.024234
12.20679 200144 12.3207 0.027540
12.20904 200594 10.4207 0.023267
12.21129 201046 10.6620 0.023779
12.21354 201499 10.9828 0.024467
12.21579 201952 12.4083 0.027611
12.21804 202407 13.6083 0.030248
12.22029 202863 12.4754 0.027698
12.22254 203320 15.0797 0.033443
12.22479 203778 15.5966 0.034550
12.22703 204236 15.4886 0.034273
12.22928 204696 15.6720 0.034639
12.23153 205157 19.0450 0.042047
12.23378 205619 18.4947 0.040786
12.23603 206082 20.0110 0.044081
12.23828 206546 19.2299 0.042312
12.24053 207011 18.4657 0.040585
12.24278 207477 18.4585 0.040524
12.24503 207945 19.6239 0.043034
12.24728 208413 16.8225 0.036849
12.24952 208882 15.9654 0.034932
12.25177 209352 17.0124 0.037181
12.25402 209824 18.6072 0.040621
12.25627 210296 19.2414 0.041959
12.25852 210770 19.8739 0.043289
12.26077 211244 20.8065 0.045270
12.26302 211720 21.0911 0.045837
12.26527 212197 21.1268 0.045863
12.26752 212675 21.0022 0.045541
12.26977 213154 19.9110 0.043127
12.27201 213633 17.6719 0.038234
12.27427 214115 17.6915 0.038233
12.27652 214597 20.2801 0.043778
12.27877 215080 21.1167 0.045533
12.28101 215564 20.7134 0.044613
12.28327 216050 21.1675 0.045540
12.28551 216536 19.6241 0.042172
12.28776 217024 17.6517 0.037891
12.29001 217512 18.7969 0.040304
12.29226 218002 15.1793 0.032510
12.29451 218493 14.6300 0.031299
12.29676 218985 12.9168 0.027602
12.29901 219478 9.4152 0.020097
12.30126 219972 11.3761 0.024255
12.30350 220467 9.4641 0.020156
12.30576 220964 10.2428 0.021790
12.30800 221461 6.9864 0.014846
12.31025 221960 8.7179 0.018504
12.31250 222460 7.9271 0.016807
12.31475 222961 6.9308 0.014678
12.31700 223463 8.1871 0.017319
12.31925 223966 11.8023 0.024939
12.32150 224470 10.6079 0.022390
12.32375 224976 8.6313 0.018197
12.32600 225482 9.8518 0.020747
12.32825 225990 8.2135 0.017278
12.33050 226499 11.0952 0.023313
12.33274 227009 11.6644 0.024482
12.33499 227520 14.6653 0.030745
12.33724 228032 13.3923 0.028045
12.33949 228546 12.5147 0.026178
12.34174 229061 14.8592 0.031047
12.34399 229576 15.3895 0.032119
12.34624 230093 15.5822 0.032485
12.34849 230611 10.0217 0.020869
12.35074 231131 9.3105 0.019366
12.35299 231651 7.1291 0.014812
12.35524 232173 5.4730 0.011359
12.35748 232695 4.6276 0.009593
12.35973 233219 2.0032 0.004148
12.36199 233745 1.2255 0.002535
12.36423 234271 2.7711 0.005725
12.36648 234798 1.4829 0.003060
12.36873 235327 -3.7870 -0.007807
12.37098 235857 -1.4098 -0.002903
12.37323 236388 0.5026 0.001034
12.37548 236920 2.5360 0.005210
12.37773 237454 -0.6437 -0.001321
12.37998 237988 -1.8428 -0.003777
12.38223 238524 -6.6694 -0.013656
12.38447 239061 -4.2005 -0.008591
12.38673 239600 -3.5126 -0.007176
12.38897 240139 0.1699 0.000347
12.39122 240680 0.9027 0.001840
12.39347 241222 0.6447 0.001313
12.39572 241765 0.1701 0.000346
12.39797 242309 -1.3987 -0.002842
12.40022 242855 -1.7216 -0.003494
12.40247 243402 -2.1306 -0.004319
12.40472 243950 0.6612 0.001339
12.40697 244499 3.8898 0.007867
12.40922 245050 2.7578 0.005571
12.41147 245602 3.1092 0.006274
12.41372 246155 2.9703 0.005987
12.41596 246709 0.6708 0.001350
12.41821 247264 0.6806 0.001369
12.42046 247821 2.4983 0.005019
12.42271 248379 5.7054 0.011448
12.42496 248938 0.7249 0.001453
12.42721 249499 0.3483 0.000697
12.42946 250061 -2.6783 -0.005356
12.43171 250624 -0.8857 -0.001769
12.43396 251188 0.3613 0.000721
12.43621 251754 -2.7116 -0.005404
12.43846 252321 -5.9800 -0.011905
12.44071 252889 -3.8174 -0.007591
12.44295 253458 -4.9360 -0.009804
12.44520 254029 -7.0167 -0.013922
12.44745 254601 -3.1266 -0.006197
12.44970 255174 -4.2869 -0.008486
12.45195 255749 -2.4335 -0.004812
12.45420 256325 0.3869 0.000764
12.45645 256902 -4.4413 -0.008762
12.45870 257480 -5.7100 -0.011253
12.46095 258060 -5.2777 -0.010389
12.46320 258641 -3.2060 -0.006304
12.46545 259224 -3.8877 -0.007636
12.46769 259807 -5.9547 -0.011682
12.46994 260392 -6.7175 -0.013164
12.47220 260979 -6.1198 -0.011979
12.47444 261566 -4.7786 -0.009343
12.47669 262155 -3.9609 -0.007736
12.47894 262745 -3.6708 -0.007161
12.48119 263337 -0.2313 -0.000451
12.48344 263930 3.5087 0.006830
12.48569 264524 2.0002 0.003889
12.48794 265120 3.4788 0.006756
12.49019 265717 2.6835 0.005206
12.49244 266315 -0.2816 -0.000546
12.49469 266915 0.4520 0.000875
12.49693 267516 -0.1089 -0.000211
12.49918 268118 1.5739 0.003040
12.50143 268722 4.1130 0.007934
12.50368 269327 1.8461 0.003557
12.50593 269934 1.1859 0.002283
12.50818 270541 -2.8298 -0.005440
12.51043 271151 -0.6422 -0.001233
12.51268 271761 -0.9987 -0.001916
12.51493 272373 1.7998 0.003449
12.51718 272986 5.7462 0.010998
12.51943 273601 5.0168 0.009591
12.52168 274217 3.3008 0.006303
12.52393 274835 4.2300 0.008069
12.52617 275453 5.5625 0.010599
12.52842 276074 6.4687 0.012311
12.53067 276695 8.7193 0.016576
12.53292 277318 11.7777 0.022365
12.53517 277943 11.9084 0.022588
12.53742 278569 10.8283 0.020516
12.53967 279196 9.6233 0.018212
12.54192 279824 11.3447 0.021446
12.54417 280455 12.6189 0.023828
12.54642 281086 12.3907 0.023371
12.54867 281719 9.1949 0.017324
12.55091 282353 8.2206 0.015471
12.55316 282989 8.4953 0.015970
12.55541 283626 8.3815 0.015738
12.55766 284265 10.4449 0.019590
12.55991 284905 7.6957 0.014418
12.56216 285547 4.8574 0.009090
12.56441 286190 1.8923 0.003537
12.56666 286834 1.8337 0.003424
12.56891 287480 5.6069 0.010457
12.57116 288127 7.5467 0.014059
12.57341 288776 6.7692 0.012597
12.57565 289426 8.1807 0.015206
12.57791 290078 5.4669 0.010150
12.58015 290731 4.5301 0.008402
12.58240 291386 4.6452 0.008605
12.58465 292042 6.3939 0.011832
12.58690 292699 8.6301 0.015952
12.58915 293358 10.0354 0.018528
12.59140 294019 9.3126 0.017175
12.59365 294681 8.7306 0.016083
12.59590 295345 10.2254 0.018816
12.59815 296010 14.2391 0.026171
12.60040 296676 14.8440 0.027253
12.60264 297344 13.5875 0.024918
12.60490 298014 12.6683 0.023206
12.60714 298685 9.0226 0.016509
12.60939 299357 6.8723 0.012561
12.61164 300031 4.3601 0.007960
12.61389 300707 9.6509 0.017599
12.61614 301384 10.7313 0.019548
12.61839 302063 9.9325 0.018072
12.62064 302743 10.1012 0.018358
12.62289 303424 11.7808 0.021387
12.62514 304108 15.4915 0.028092
12.62738 304792 16.7855 0.030404
12.62964 305479 16.6541 0.030132
12.63189 306167 16.0684 0.029040
12.63413 306856 15.0470 0.027163
12.63638 307547 13.1712 0.023750
12.63863 308239 10.5959 0.019085
12.64088 308933 9.9112 0.017832
12.64313 309629 10.5725 0.019000
12.64538 310326 10.9648 0.019683
12.64763 311025 8.7361 0.015665
12.64988 311725 5.9401 0.010639
12.65213 312427 6.2324 0.011150
12.65438 313131 3.6524 0.006527
12.65663 313836 -1.5958 -0.002849
12.65888 314543 1.6724 0.002982
12.66112 315251 -2.4023 -0.004279
12.66337 315961 0.2591 0.000461
12.66562 316672 2.5377 0.004510
12.66787 317385 1.6909 0.003001
12.67012 318100 -1.9206 -0.003405
12.67237 318816 -0.7113 -0.001260
12.67462 319534 -1.9394 -0.003431
12.67687 320253 2.4195 0.004275
12.67912 320975 0.5402 0.000954
12.68137 321697 1.9005 0.003351
12.68362 322422 2.0864 0.003674
12.68587 323148 2.1345 0.003755
12.68811 323875 0.1670 0.000294
12.69036 324605 -0.7009 -0.001230
12.69261 325335 -1.3072 -0.002292
12.69486 326068 -0.2155 -0.000377
12.69711 326802 2.8631 0.005008
12.69936 327538 3.5375 0.006181
12.70161 328276 2.8767 0.005021
12.70386 329015 2.9922 0.005217
12.70611 329756 0.7170 0.001249
12.70836 330498 0.5190 0.000903
12.71060 331242 -2.5990 -0.004516
12.71285 331988 -1.7435 -0.003026
12.71510 332736 -2.0243 -0.003509
12.71735 333485 -3.9968 -0.006921
12.71960 334236 -0.9567 -0.001655
12.72185 334988 -0.4435 -0.000766
12.72410 335743 0.7059 0.001218
12.72635 336499 -1.3823 -0.002383
12.72860 337256 0.6228 0.001073
12.73085 338016 -3.6240 -0.006233
12.73310 338777 0.2505 0.000430
12.73535 339540 2.7157 0.004661
12.73759 340304 0.3189 0.000547
12.73985 341071 1.9094 0.003270
12.74210 341839 1.3812 0.002362
12.74434 342608 -0.2146 -0.000367
12.74659 343380 1.8441 0.003147
12.74884 344153 5.2702 0.008984
12.75109 344928 5.5355 0.009425
12.75334 345705 5.3608 0.009117
12.75559 346483 7.4003 0.012572
12.75784 347263 10.1603 0.017242
12.76009 348045 10.0841 0.017093
12.76234 348829 7.5871 0.012846
12.76458 349614 8.3416 0.014108
12.76683 350401 6.3343 0.010701
12.76908 351190 6.1100 0.010310
12.77133 351981 5.2730 0.008888
12.77358 352774 2.6073 0.004390
12.77583 353568 6.3741 0.010720
12.77808 354364 6.7635 0.011362
12.78033 355162 3.5707 0.005992
12.78258 355962 -2.0217 -0.003389
12.78483 356763 -2.8040 -0.004694
12.78708 357567 1.1201 0.001873
12.78933 358372 6.1058 0.010199
12.79158 359179 2.2913 0.003823
12.79383 359988 6.9656 0.011610
12.79607 360798 4.6290 0.007706
12.79832 361611 3.2471 0.005400
12.80057 362425 -0.0361 -0.000060
12.80282 363241 1.2007 0.001992
12.80507 364059 2.9538 0.004895
12.80732 364879 2.1181 0.003506
12.80957 365700 1.0001 0.001654
12.81182 366524 3.5350 0.005839
12.81407 367349 -0.0302 -0.000050
12.81632 368176 -1.2651 -0.002085
12.81857 369005 -1.7259 -0.002841
12.82081 369836 -1.4766 -0.002428
12.82306 370669 -3.6912 -0.006063
12.82531 371503 -3.8058 -0.006244
12.82756 372340 -1.9783 -0.003242
12.82981 373178 -7.8990 -0.012931
12.83206 374019 -7.3473 -0.012014
12.83431 374861 -6.3928 -0.010441
12.83656 375705 -5.8592 -0.009559
12.83881 376551 -5.0531 -0.008235
12.84106 377399 -9.4523 -0.015386
12.84331 378248 -3.7270 -0.006060
12.84556 379100 0.2029 0.000330
12.84781 379954 3.2338 0.005246
12.85005 380809 1.9997 0.003241
12.85230 381667 -1.5168 -0.002455
12.85455 382526 -3.6160 -0.005847
12.85680 383388 -3.1348 -0.005063
12.85905 384251 -4.8777 -0.007869
12.86130 385116 -10.3848 -0.016734
12.86355 385983 -8.8179 -0.014193
12.86580 386852 -7.2612 -0.011674
12.86805 387723 -2.6991 -0.004335
12.87030 388596 -1.5156 -0.002431
12.87254 389471 -3.4017 -0.005451
12.87479 390348 -5.0168 -0.008030
12.87704 391227 -1.9429 -0.003106
12.87929 392108 -2.7819 -0.004443
12.88154 392991 -10.3269 -0.016473
12.88379 393876 -14.4297 -0.022992
12.88604 394763 -12.2933 -0.019566
12.88829 395652 -15.4323 -0.024534
12.89054 396543 -13.8187 -0.021944
12.89279 397436 -10.4912 -0.016642
12.89504 398331 -11.0590 -0.017522
12.89729 399228 -14.8081 -0.023436
12.89953 400126 -13.5949 -0.021492
12.90178 401027 -16.0414 -0.025331
12.90403 401930 -14.1888 -0.022380
12.90628 402835 -14.3295 -0.022577
12.90853 403743 -10.0795 -0.015863
12.91078 404652 -8.4393 -0.013267
12.91303 405563 -10.0558 -0.015790
12.91528 406476 -8.5408 -0.013396
12.91753 407391 -10.7429 -0.016831
12.91978 408309 -12.4230 -0.019442
12.92203 409228 -12.3575 -0.019317
12.92428 410149 -13.7052 -0.021400
12.92653 411073 -10.8787 -0.016967
12.92878 411999 -6.1114 -0.009521
12.93102 412926 -9.3229 -0.014508
12.93327 413856 -8.4482 -0.013132
12.93552 414788 -7.3518 -0.011415
12.93777 415722 -7.5710 -0.011742
12.94002 416658 -6.0305 -0.009342
12.94227 417596 -4.7472 -0.007346
12.94452 418536 -3.9195 -0.006058
12.94677 419479 -5.6667 -0.008749
12.94902 420423 -11.9805 -0.018477
12.95127 421370 -11.5079 -0.017728
12.95352 422319 -8.1933 -0.012608
12.95577 423270 -8.1590 -0.012541
12.95801 424223 -7.8558 -0.012061
12.96026 425178 -8.7169 -0.013368
12.96251 426136 -8.2419 -0.012626
12.96476 427095 -4.6747 -0.007153
12.96701 428057 -4.7621 -0.007279
12.96926 429021 -6.4389 -0.009830
12.97151 429987 -1.9983 -0.003047
12.97376 430955 -0.8298 -0.001264
12.97601 431925 0.5890 0.000896
12.97826 432898 -2.2794 -0.003464
12.98051 433873 2.3350 0.003545
12.98275 434849 8.7380 0.013251
12.98501 435829 8.7924 0.013318
12.98725 436810 9.6744 0.014638
12.98950 437794 5.6148 0.008486
12.99175 438779 5.7029 0.008609
12.99400 439767 6.7566 0.010189
12.99625 440758 8.2386 0.012409
12.99850 441750 10.8519 0.016327
13.00075 442745 12.2388 0.018393
13.00300 443742 13.5688 0.020369
13.00525 444741 9.5874 0.014376
13.00750 445742 10.6694 0.015981
13.00975 446746 9.7594 0.014601
13.01199 447752 11.2110 0.016754
13.01424 448760 10.4372 0.015580
13.01649 449771 9.4252 0.014054
13.01874 450783 9.0013 0.013407
13.02099 451798 10.9464 0.016285
13.02324 452816 11.6595 0.017327
13.02549 453835 9.9190 0.014724
13.02774 454857 13.9275 0.020651
13.02999 455881 15.4972 0.022952
13.03224 456908 15.4963 0.022925
13.03449 457937 16.3853 0.024213
13.03674 458968 15.3824 0.022706
13.03898 460001 17.4230 0.025689
13.04123 461037 15.1737 0.022347
13.04348 462075 11.9962 0.017648
13.04573 463116 10.6349 0.015627
13.04798 464158 13.3017 0.019524
13.05023 465204 13.8656 0.020329
13.05248 466251 10.6126 0.015542
13.05473 467301 13.6669 0.019993
13.05698 468353 13.7291 0.020061
13.05923 469408 14.2917 0.020860
13.06148 470465 15.7366 0.022943
13.06373 471524 16.4697 0.023985
13.06598 472586 19.2241 0.027964
13.06822 473650 19.4020 0.028191
13.07047 474716 19.1815 0.027840
13.07272 475785 17.4266 0.025264
13.07497 476857 16.3954 0.023743
13.07722 477930 16.4632 0.023814
13.07947 479007 15.8546 0.022908
13.08172 480085 11.4294 0.016495
13.08397 481166 12.3573 0.017815
13.08622 482250 11.6825 0.016823
13.08847 483335 11.6149 0.016707
13.09072 484424 9.8640 0.014172
13.09297 485515 10.6340 0.015261
13.09521 486608 9.8288 0.014090
13.09746 487703 16.4971 0.023623
13.09971 488802 12.4662 0.017831
13.10196 489902 10.9302 0.015616
13.10421 491005 12.5524 0.017914
13.10646 492111 6.9692 0.009935
13.10871 493219 6.4208 0.009143
13.11096 494330 8.0269 0.011417
13.11321 495443 7.1833 0.010205
13.11546 496558 2.2997 0.003264
13.11770 497676 -0.1430 -0.000203
13.11995 498797 -5.6892 -0.008056
13.12220 499920 -2.7591 -0.003902
13.12445 501046 -1.0866 -0.001535
13.12670 502174 4.0298 0.005687
13.12895 503305 6.2052 0.008747
13.13120 504438 6.3791 0.008982
13.13345 505574 3.6030 0.005067
13.13570 506712 7.5198 0.010564
13.13795 507853 7.3956 0.010378
13.14020 508997 9.5080 0.013327
13.14245 510143 5.6223 0.007872
13.14470 511292 4.0852 0.005713
13.14694 512443 5.1269 0.007162
13.14919 513597 5.9390 0.008287
13.15144 514753 2.5662 0.003577
13.15369 515912 3.2642 0.004545
13.15594 517074 3.2115 0.004466
13.15819 518238 3.4264 0.004760
13.16044 519405 4.9261 0.006835
13.16269 520575 7.7283 0.010711
13.16494 521747 11.7683 0.016292
13.16719 522922 14.4237 0.019946
13.16944 524099 13.6602 0.018869
13.17168 525279 11.0848 0.015294
13.17393 526462 10.2584 0.014138
13.17618 527648 6.5125 0.008965
13.17843 528836 4.5566 0.006266
13.18068 530026 8.4382 0.011590
13.18293 531220 7.4677 0.010246
13.18518 532416 5.3471 0.007328
13.18743 533615 6.0777 0.008320
13.18968 534816 9.9565 0.013615
13.19193 536021 9.4873 0.012958
13.19418 537228 13.4963 0.018413
13.19643 538437 10.9095 0.014867
13.19868 539650 9.6363 0.013118
13.20092 540865 10.7433 0.014608
13.20317 542083 9.0809 0.012334
13.20542 543303 6.2888 0.008532
13.20767 544527 2.1749 0.002947
13.20992 545753 3.2204 0.004359
13.21217 546982 4.4558 0.006025
13.21442 548213 1.7042 0.002302
13.21667 549448 -1.7125 -0.002310
13.21892 550685 -5.6983 -0.007679
13.22117 551925 -12.6074 -0.016970
13.22342 553168 -12.4755 -0.016774
13.22567 554413 -8.4225 -0.011312
13.22792 555662 -9.1102 -0.012221
13.23016 556913 -10.5483 -0.014135
13.23241 558167 -10.5867 -0.014170
13.23466 559424 -13.8912 -0.018572
13.23691 560683 -13.9823 -0.018673
13.23916 561946 -12.3227 -0.016438
13.24141 563211 -10.8500 -0.014457
13.24366 564479 -7.3300 -0.009756
13.24591 565750 -6.4597 -0.008588
13.24816 567024 -4.2493 -0.005643
13.25041 568301 -3.3114 -0.004393
13.25266 569581 2.3273 0.003084
13.25490 570863 3.8919 0.005151
13.25715 572149 3.8155 0.005044
13.25940 573437 2.6859 0.003547
13.26165 574728 -0.4764 -0.000628
13.26390 576022 -1.3450 -0.001772
13.26615 577319 -4.6293 -0.006093
13.26840 578619 -4.0020 -0.005261
13.27065 579922 -4.4924 -0.005899
13.27290 581228 2.9603 0.003883
13.27515 582537 -2.9715 -0.003893
13.27740 583848 -0.6749 -0.000883
13.27965 585163 -2.2138 -0.002894
13.28190 586481 -0.9045 -0.001181
13.28414 587801 -0.8510 -0.001110
13.28639 589125 -2.4530 -0.003196
13.28864 590451 -0.1393 -0.000181
13.29089 591781 1.5264 0.001984
13.29314 593113 2.7059 0.003513
13.29539 594449 3.6610 0.004748
13.29764 595787 1.1343 0.001470
13.29989 597129 8.8449 0.011446
13.30214 598473 13.0995 0.016933
13.30439 599821 16.0648 0.020743
13.30664 601172 17.1987 0.022182
13.30888 602525 15.0996 0.019453
13.31113 603882 9.1688 0.011799
13.31338 605242 7.7914 0.010015
13.31563 606604 4.2250 0.005425
13.31788 607970 2.1138 0.002711
13.32013 609339 4.5299 0.005803
13.32238 610711 0.0510 0.000065
13.32463 612087 0.3339 0.000427
13.32688 613465 6.7473 0.008615
13.32913 614846 5.6977 0.007266
13.33138 616231 10.0723 0.012831
13.33363 617618 12.2106 0.015537
13.33588 619009 10.7586 0.013674
13.33812 620403 10.3822 0.013181
13.34037 621800 6.8069 0.008632
13.34262 623200 6.9993 0.008866
13.34487 624603 2.2982 0.002908
13.34712 626009 4.2760 0.005404
13.34937 627419 5.7331 0.007238
13.35162 628832 8.9599 0.011299
13.35387 630248 8.5797 0.010807
13.35612 631667 8.0899 0.010179
13.35837 633089 8.1254 0.010212
13.36062 634515 5.1876 0.006513
13.36286 635943 2.2091 0.002770
13.36511 637375 5.7270 0.007173
13.36736 638811 12.3714 0.015479
13.36961 640249 10.1646 0.012703
13.37186 641691 8.3330 0.010403
13.37411 643135 6.4393 0.008030
13.37636 644584 8.1206 0.010115
13.37861 646035 7.5545 0.009399
13.38086 647490 3.3603 0.004176
13.38311 648948 4.0875 0.005074
13.38536 650409 5.8667 0.007275
13.38761 651873 6.7733 0.008389
13.38985 653341 6.8426 0.008465
13.39210 654812 10.1214 0.012508
13.39435 656287 8.3766 0.010340
13.39660 657765 7.5682 0.009332
13.39885 659246 7.1352 0.008788
13.40110 660730 8.8472 0.010884
13.40335 662218 6.5995 0.008110
13.40560 663709 5.6954 0.006991
13.40785 665203 4.2711 0.005237
13.41010 666701 1.4673 0.001797
13.41235 668203 1.8105 0.002215
13.41460 669707 5.1774 0.006327
13.41684 671215 6.4054 0.007818
13.41909 672726 3.3894 0.004132
13.42134 674241 0.3768 0.000459
13.42359 675759 0.5835 0.000710
13.42584 677281 2.8491 0.003462
13.42809 678806 -0.0733 -0.000089
13.43034 680335 2.3156 0.002807
13.43259 681866 5.7028 0.006906
13.43484 683402 5.7309 0.006932
13.43709 684941 5.5696 0.006730
13.43934 686483 4.3710 0.005276
13.44159 688029 6.5626 0.007912
13.44384 689578 6.3073 0.007595
13.44608 691131 -1.2821 -0.001542
13.44833 692687 0.6309 0.000758
13.45058 694247 -1.3185 -0.001582
13.45283 695810 -3.0763 -0.003688
13.45508 697377 -1.4848 -0.001778
13.45733 698947 -8.5286 -0.010201
13.45958 700521 -9.2566 -0.011060
13.46183 702098 -9.5964 -0.011453
13.46408 703679 -13.8906 -0.016559
13.46633 705263 -15.6793 -0.018670
13.46858 706851 -13.7487 -0.016353
13.47082 708443 -12.1647 -0.014453
13.47307 710038 -11.4197 -0.013552
13.47532 711637 -7.0598 -0.008369
13.47757 713239 -10.4433 -0.012366
13.47982 714845 -15.8818 -0.018784
13.48207 716455 -9.2696 -0.010951
13.48432 718068 -9.4805 -0.011188
13.48657 719685 -10.9948 -0.012960
13.48882 721306 -10.8993 -0.012833
13.49107 722930 -15.9086 -0.018710
13.49332 724558 -18.5363 -0.021776
13.49557 726189 -19.8226 -0.023261
13.49781 727824 -17.8206 -0.020889
13.50006 729463 -19.7821 -0.023162
13.50231 731106 -18.3917 -0.021510
13.50456 732752 -18.6427 -0.021779
13.50681 734402 -20.3504 -0.023747
13.50906 736056 -20.3610 -0.023733
13.51131 737713 -16.5332 -0.019249
13.51356 739374 -12.3988 -0.014419
13.51581 741039 -13.2299 -0.015369
13.51806 742707 -16.8849 -0.019593
13.52031 744380 -14.9595 -0.017339
13.52256 746056 -18.0084 -0.020849
13.52481 747736 -15.3699 -0.017775
13.52705 749419 -15.5092 -0.017915
13.52930 751107 -7.4386 -0.008583
13.53155 752798 -6.8592 -0.007906
13.53380 754493 -10.8617 -0.012505
13.53605 756192 -8.9442 -0.010286
13.53830 757895 -13.0308 -0.014968
13.54055 759601 -14.3332 -0.016446
13.54280 761312 -21.9847 -0.025196
13.54505 763026 -18.3126 -0.020964
13.54730 764744 -13.5585 -0.015504
13.54955 766466 -12.6679 -0.014470
13.55179 768192 -9.0542 -0.010330
13.55404 769922 1.9228 0.002191
13.55629 771655 4.9158 0.005596
13.55854 773393 7.3535 0.008362
13.56079 775134 8.1252 0.009229
13.56304 776880 9.1148 0.010341
13.56529 778629 12.3158 0.013957
13.56754 780382 14.0687 0.015926
13.56979 782139 15.9037 0.017983
13.57204 783901 20.9580 0.023671
13.57429 785666 18.5330 0.020909
13.57654 787435 15.1171 0.017036
13.57879 789208 14.3268 0.016127
13.58103 790985 10.1727 0.011438
13.58328 792766 16.0117 0.017983
13.58553 794551 9.8468 0.011047
13.58778 796340 12.2544 0.013732
13.59003 798133 21.3305 0.023876
13.59228 799930 19.8396 0.022182
13.59453 801732 15.4237 0.017226
13.59678 803537 13.8113 0.015407
13.59903 805346 15.2569 0.017001
13.60128 807160 15.9899 0.017798
13.60353 808977 21.1218 0.023483
13.60578 810799 19.2940 0.021427
13.60802 812624 20.2466 0.022460
13.61027 814454 17.1277 0.018979
13.61252 816288 18.6606 0.020654
13.61477 818126 19.5649 0.021631
13.61702 819968 21.9700 0.024262
13.61927 821815 21.0392 0.023208
13.62152 823665 24.2576 0.026728
13.62377 825520 23.7305 0.026118
13.62602 827379 27.4883 0.030220
13.62827 829242 29.1026 0.031959
13.63052 831109 31.8813 0.034971
13.63276 832980 32.9197 0.036069
13.63501 834856 30.2488 0.033106
13.63726 836736 31.4774 0.034412
13.63951 838620 32.6215 0.035622
13.64176 840508 32.0335 0.034941
13.64401 842401 33.2529 0.036230
13.64626 844297 33.2157 0.036149
13.64851 846199 28.5660 0.031054
13.65076 848104 28.0351 0.030442
13.65301 850014 31.1101 0.033743
13.65526 851928 25.8584 0.028016
13.65751 853846 23.5474 0.025483
13.65975 855768 18.0356 0.019496
13.66200 857695 19.2073 0.020740
13.66425 859627 21.8870 0.023606
13.66650 861562 26.4213 0.028465
13.66875 863502 27.0410 0.029100
13.67100 865447 23.1126 0.024844
13.67325 867395 17.7343 0.019042
13.67550 869348 22.8159 0.024470
13.67775 871306 16.2557 0.017415
13.68000 873268 21.9545 0.023494
13.68225 875234 23.1201 0.024713
13.68450 877205 20.8211 0.022231
13.68674 879180 19.6061 0.020910
13.68899 881160 21.9005 0.023331
13.69124 883144 18.7552 0.019957
13.69349 885133 20.3224 0.021601
13.69574 887126 22.7207 0.024123
13.69799 889123 20.5983 0.021845
13.70024 891125 21.4514 0.022724
13.70249 893132 17.8014 0.018836
13.70474 895143 21.5883 0.022818
13.70699 897158 26.6451 0.028131
13.70924 899178 25.9819 0.027400
13.71149 901203 27.1133 0.028561
13.71373 903232 32.5524 0.034252
13.71598 905266 31.2140 0.032807
13.71823 907305 27.2757 0.028635
13.72048 909348 23.5228 0.024667
13.72273 911395 26.0725 0.027310
13.72498 913447 31.5634 0.033025
13.72723 915504 30.2501 0.031615
13.72948 917566 31.8403 0.033240
13.73173 919632 33.0686 0.034483
13.73398 921702 31.5964 0.032911
13.73623 923778 29.4777 0.030670
13.73848 925858 27.7732 0.028864
13.74073 927943 29.7201 0.030852
13.74297 930032 30.3729 0.031495
13.74522 932126 30.8036 0.031905
13.74747 934225 22.9664 0.023761
13.74972 936329 20.2294 0.020906
13.75197 938437 19.2680 0.019890
13.75422 940550 17.6539 0.018203
13.75647 942668 14.8340 0.015278
13.75872 944791 17.5904 0.018097
13.76097 946918 16.1417 0.016588
13.76322 949050 15.8504 0.016270
13.76547 951187 16.0431 0.016450
13.76772 953329 13.9259 0.014263
13.76996 955475 12.3660 0.012651
13.77221 957627 12.4448 0.012717
13.77446 959783 8.1629 0.008332
13.77671 961944 9.2443 0.009425
13.77896 964110 8.9587 0.009124
13.78121 966281 9.6381 0.009805
13.78346 968457 10.5011 0.010671
13.78571 970638 7.4323 0.007544
13.78796 972823 5.9650 0.006048
13.79021 975014 5.1403 0.005206
13.79246 977209 5.3418 0.005404
13.79471 979410 1.9533 0.001974
13.79695 981615 1.9181 0.001936
13.79920 983825 -6.5812 -0.006635
13.80145 986041 -9.5245 -0.009592
13.80370 988261 -9.5980 -0.009655
13.80595 990486 -7.0767 -0.007111
13.80820 992716 -4.9014 -0.004919
13.81045 994952 0.9708 0.000973
13.81270 997192 1.2082 0.001210
13.81495 999437 -6.7712 -0.006773
13.81720 1001688 -5.5737 -0.005569
13.81945 1003943 -1.6006 -0.001597
13.82170 1006204 -2.7667 -0.002758
13.82394 1008470 -5.1596 -0.005138
13.82619 1010740 -1.4266 -0.001419
13.82844 1013016 -1.1512 -0.001144
13.83069 1015297 1.4630 0.001452
13.83294 1017583 -1.4859 -0.001473
13.83519 1019875 4.8881 0.004840
13.83744 1022171 5.2723 0.005215
13.83969 1024473 13.5646 0.013402
13.84194 1026780 13.7918 0.013611
13.84419 1029092 5.6230 0.005543
13.84644 1031409 5.0308 0.004954
13.84869 1033731 5.5689 0.005477
13.85093 1036059 6.9005 0.006779
13.85318 1038392 6.9582 0.006828
13.85543 1040730 13.3703 0.013106
13.85768 1043073 15.5016 0.015178
13.85993 1045422 13.0428 0.012756
13.86218 1047776 15.1925 0.014842
13.86443 1050135 16.2492 0.015857
13.86668 1052500 15.3336 0.014946
13.86893 1054870 8.6698 0.008441
13.87118 1057245 11.4446 0.011130
13.87343 1059626 14.1835 0.013779
13.87568 1062012 14.4263 0.013999
13.87792 1064403 7.1653 0.006945
13.88017 1066800 10.6959 0.010356
13.88242 1069202 15.5407 0.015029
13.88467 1071609 18.5482 0.017918
13.88692 1074022 19.7437 0.019051
13.88917 1076441 16.4652 0.015870
13.89142 1078864 12.9989 0.012515
13.89367 1081294 11.1856 0.010757
13.89592 1083728 6.6133 0.006353
13.89817 1086169 6.3754 0.006117
13.90042 1088614 4.3135 0.004134
13.90267 1091066 6.6514 0.006368
13.90491 1093522 11.1497 0.010662
13.90716 1095985 7.5478 0.007210
13.90941 1098452 6.0497 0.005772
13.91166 1100926 5.8254 0.005552
13.91391 1103405 4.1462 0.003947
13.91616 1105889 2.3657 0.002250
13.91841 1108379 9.2847 0.008819
13.92066 1110875 13.9321 0.013219
13.92291 1113377 13.8502 0.013126
13.92516 1115883 24.7107 0.023392
13.92741 1118396 19.2394 0.018193
13.92965 1120914 17.7079 0.016726
13.93190 1123438 14.9531 0.014108
13.93415 1125968 19.4513 0.018331
13.93640 1128503 17.3929 0.016373
13.93865 1131044 17.7547 0.016695
13.94090 1133591 16.9483 0.015918
13.94315 1136144 15.3538 0.014405
13.94540 1138702 18.6237 0.017453
13.94765 1141266 14.4211 0.013499
13.94990 1143836 11.2644 0.010532
13.95215 1146411 6.3284 0.005910
13.95440 1148993 3.2244 0.003008
13.95665 1151580 8.6004 0.008014
13.95889 1154173 15.9497 0.014846
13.96114 1156772 21.6793 0.020157
13.96339 1159376 14.5464 0.013510
13.96564 1161987 17.3486 0.016094
13.96789 1164603 14.0652 0.013033
13.97014 1167226 15.8182 0.014641
13.97239 1169854 24.6353 0.022777
13.97464 1172488 32.6939 0.030193
13.97689 1175128 25.4986 0.023522
13.97914 1177774 29.5224 0.027203
13.98139 1180426 32.5058 0.029919
13.98364 1183084 30.1782 0.027745
13.98588 1185748 24.4271 0.022432
13.98813 1188418 26.2448 0.024075
13.99038 1191094 27.8018 0.025474
13.99263 1193776 23.0807 0.021125
13.99488 1196464 24.5093 0.022407
13.99713 1199158 32.1417 0.029352
13.99938 1201858 32.4636 0.029612
14.00163 1204565 32.6078 0.029710
14.00388 1207277 29.5760 0.026918
14.00613 1209995 32.1104 0.029191
14.00838 1212720 31.1600 0.028296
14.01063 1215451 33.8881 0.030738
14.01287 1218187 38.2136 0.034623
14.01512 1220930 32.0570 0.029012
14.01737 1223680 30.0124 0.027131
14.01962 1226435 27.3460 0.024693
14.02187 1229196 28.1683 0.025407
14.02412 1231964 33.2376 0.029945
14.02637 1234738 29.1612 0.026243
14.02862 1237519 33.8459 0.030425
14.03087 1240305 32.1840 0.028898
14.03312 1243098 32.6613 0.029294
14.03537 1245897 24.0290 0.021528
14.03762 1248702 20.5556 0.018395
14.03986 1251514 19.9865 0.017866
14.04211 1254332 15.6451 0.013969
14.04436 1257156 9.6193 0.008579
14.04661 1259987 15.7879 0.014065
14.04886 1262824 10.9922 0.009782
14.05111 1265668 8.7879 0.007811
14.05336 1268518 3.7789 0.003355
14.05561 1271374 -6.1108 -0.005420
14.05786 1274237 -2.4540 -0.002174
14.06011 1277106 -4.4585 -0.003945
14.06236 1279982 -10.7395 -0.009493
14.06461 1282864 -13.3367 -0.011775
14.06685 1285752 -15.4333 -0.013611
14.06910 1288648 -17.2640 -0.015208
14.07135 1291549 -9.2373 -0.008128
14.07360 1294457 -11.0234 -0.009689
14.07585 1297372 -19.1655 -0.016826
14.07810 1300293 -20.8669 -0.018299
14.08035 1303221 -18.1055 -0.015860
14.08260 1306156 -15.7564 -0.013787
14.08485 1309097 -10.0739 -0.008805
14.08710 1312044 -13.4364 -0.011730
14.08935 1314999 -9.3024 -0.008112
14.09160 1317960 -0.2154 -0.000188
14.09384 1320927 8.4814 0.007380
14.09609 1323902 1.4806 0.001287
14.09834 1326883 1.7759 0.001542
14.10059 1329871 0.7076 0.000614
14.10284 1332865 -0.7196 -0.000623
14.10509 1335866 9.1773 0.007940
14.10734 1338874 17.1495 0.014821
14.10959 1341889 21.2570 0.018350
14.11184 1344910 21.9031 0.018887
14.11409 1347939 16.0948 0.013863
14.11634 1350974 13.0406 0.011219
14.11859 1354016 16.5549 0.014227
14.12083 1357065 23.8198 0.020447
14.12308 1360120 21.2532 0.018224
14.12533 1363183 17.8249 0.015267
14.12758 1366253 17.7989 0.015227
14.12983 1369329 14.6224 0.012496
14.13208 1372412 15.6594 0.013367
14.13433 1375502 24.1960 0.020631
14.13658 1378600 15.4782 0.013183
14.13883 1381704 13.4399 0.011434
14.14108 1384815 18.1000 0.015381
14.14333 1387933 12.9111 0.010959
14.14558 1391058 12.6775 0.010749
14.14782 1394191 10.7510 0.009105
14.15007 1397330 15.4488 0.013069
14.15232 1400476 18.2819 0.015448
14.15457 1403630 22.3270 0.018845
14.15682 1406790 24.2173 0.020418
14.15907 1409958 15.5165 0.013067
14.16132 1413133 15.7447 0.013245
14.16357 1416315 5.4128 0.004548
14.16582 1419504 4.4500 0.003735
14.16807 1422700 3.8061 0.003191
14.17032 1425904 7.9414 0.006650
14.17257 1429114 2.2989 0.001923
14.17481 1432332 5.3788 0.004494
14.17706 1435558 14.4177 0.012033
14.17931 1438790 11.1982 0.009336
14.18156 1442030 16.0206 0.013341
14.18381 1445277 12.1487 0.010105
14.18606 1448531 12.0732 0.010031
14.18831 1451793 2.5347 0.002104
14.19056 1455062 -0.9911 -0.000822
14.19281 1458338 0.0315 0.000026
14.19506 1461622 6.6216 0.005477
14.19731 1464913 5.6516 0.004669
14.19956 1468211 9.5323 0.007867
14.20180 1471517 6.5769 0.005422
14.20405 1474831 2.3241 0.001914
14.20630 1478152 -5.2246 -0.004297
14.20855 1481480 -8.2017 -0.006738
14.21080 1484816 -4.1644 -0.003418
14.21305 1488159 -7.0650 -0.005791
14.21530 1491510 -3.6905 -0.003022
14.21755 1494869 6.6759 0.005460
14.21980 1498235 14.3008 0.011683
14.22205 1501608 15.9214 0.012993
14.22430 1504989 13.0448 0.010633
14.22655 1508378 17.6187 0.014346
14.22880 1511775 11.7092 0.009523
14.23104 1515179 15.8502 0.012877
14.23329 1518590 9.4214 0.007645
14.23554 1522010 6.3973 0.005186
14.23779 1525437 8.0661 0.006531
14.24004 1528872 7.2237 0.005842
14.24229 1532314 8.9086 0.007197
14.24454 1535765 17.0261 0.013739
14.24679 1539223 13.5567 0.010927
14.24904 1542689 10.6963 0.008612
14.25129 1546162 7.9497 0.006393
14.25354 1549644 -2.1813 -0.001752
14.25578 1553133 -3.3373 -0.002678
14.25803 1556630 6.8974 0.005528
14.26028 1560135 11.1233 0.008905
14.26253 1563648 9.8434 0.007872
14.26478 1567169 4.8344 0.003862
14.26703 1570698 -0.2868 -0.000229
14.26928 1574235 -2.9541 -0.002354
14.27153 1577779 -4.1889 -0.003335
14.27378 1581332 4.3737 0.003478
14.27603 1584893 1.1502 0.000914
14.27828 1588461 0.3046 0.000242
14.28053 1592038 -0.6927 -0.000549
14.28277 1595623 -3.6475 -0.002888
14.28502 1599216 -8.2618 -0.006533
14.28727 1602817 -10.2470 -0.008094
14.28952 1606426 -16.5812 -0.013082
14.29177 1610043 -18.8750 -0.014875
14.29402 1613668 -16.8321 -0.013250
14.29627 1617302 -16.0778 -0.012642
14.29852 1620943 -7.5666 -0.005943
14.30077 1624593 1.3370 0.001049
14.30302 1628251 -4.0110 -0.003143
14.30527 1631918 -1.9028 -0.001490
14.30752 1635592 2.4862 0.001944
14.30976 1639275 1.6822 0.001314
14.31201 1642966 -2.5015 -0.001952
14.31426 1646666 -2.7603 -0.002151
14.31651 1650374 -4.4019 -0.003426
14.31876 1654090 -12.2392 -0.009516
14.32101 1657814 -9.9111 -0.007698
14.32326 1661547 -5.6538 -0.004386
14.32551 1665289 -6.7681 -0.005245
14.32776 1669038 -1.1834 -0.000916
14.33001 1672796 1.4204 0.001098
14.33226 1676563 2.8349 0.002189
14.33451 1680338 -2.0083 -0.001549
14.33675 1684122 -0.3974 -0.000306
14.33900 1687914 6.0421 0.004651
14.34125 1691715 1.0695 0.000822
14.34350 1695524 12.3708 0.009501
14.34575 1699342 8.9272 0.006848
14.34800 1703168 12.4450 0.009536
14.35025 1707003 13.6208 0.010425
14.35250 1710847 18.2486 0.013952
14.35475 1714699 22.1426 0.016910
14.35700 1718560 24.8328 0.018943
14.35925 1722430 32.3498 0.024649
14.36150 1726308 43.1502 0.032842
14.36374 1730195 46.0533 0.035012
14.36599 1734091 46.9752 0.035672
14.36824 1737996 52.6697 0.039952
14.37049 1741909 46.4735 0.035212
14.37274 1745831 37.5678 0.028432
14.37499 1749763 32.9338 0.024897
14.37724 1753702 41.3776 0.031245
14.37949 1757651 40.8978 0.030848
14.38174 1761609 38.1852 0.028770
14.38399 1765576 39.6569 0.029845
14.38624 1769551 32.2989 0.024280
14.38849 1773536 36.8465 0.027668
14.39073 1777529 44.9405 0.033708
14.39298 1781532 37.7967 0.028318
14.39523 1785543 32.9159 0.024633
14.39748 1789564 38.6118 0.028863
14.39973 1793593 34.9089 0.026066
14.40198 1797632 32.7106 0.024397
14.40423 1801679 47.3652 0.035288
14.40648 1805736 52.5389 0.039098
14.40873 1809802 53.0430 0.039429
14.41098 1813877 53.5415 0.039755
14.41323 1817962 54.0913 0.040118
14.41548 1822055 41.6376 0.030846
14.41772 1826158 27.6225 0.020441
14.41997 1830270 26.1116 0.019301
14.42222 1834391 23.1580 0.017098
14.42447 1838522 24.1033 0.017776
14.42672 1842661 20.4460 0.015062
14.42897 1846811 18.3522 0.013504
14.43122 1850969 16.4628 0.012100
14.43347 1855137 20.0089 0.014690
14.43572 1859314 16.5496 0.012137
14.43797 1863501 16.9926 0.012448
14.44022 1867697 13.3280 0.009752
14.44247 1871902 -1.5624 -0.001142
14.44471 1876117 -11.2810 -0.008236
14.44696 1880342 -6.6751 -0.004868
14.44921 1884576 -7.0718 -0.005151
14.45146 1888819 -7.5087 -0.005463
14.45371 1893072 -11.8589 -0.008619
14.45596 1897335 -17.3224 -0.012576
14.45821 1901607 -16.1372 -0.011702
14.46046 1905889 -10.9495 -0.007931
14.46271 1910180 -7.9151 -0.005727
14.46496 1914481 2.2753 0.001644
14.46721 1918792 -3.1292 -0.002259
14.46946 1923113 3.1574 0.002277
14.47170 1927443 5.9749 0.004304
14.47395 1931783 0.5203 0.000374
14.47620 1936133 0.3129 0.000225
14.47845 1940493 5.7402 0.004121
14.48070 1944862 3.9143 0.002807
14.48295 1949241 1.0932 0.000783
14.48520 1953630 6.0266 0.004312
14.48745 1958029 -0.8449 -0.000604
14.48970 1962438 -4.0301 -0.002877
14.49195 1966857 -2.5160 -0.001794
14.49420 1971286 7.6072 0.005418
14.49645 1975725 14.2098 0.010109
14.49869 1980173 15.4017 0.010945
14.50094 1984632 13.7839 0.009784
14.50319 1989101 11.6673 0.008273
14.50544 1993580 3.3679 0.002385
14.50769 1998069 -3.2059 -0.002268
14.50994 2002568 1.5360 0.001085
14.51219 2007077 2.4957 0.001762
14.51444 2011596 -0.7820 -0.000551
14.51669 2016126 1.7949 0.001264
14.51894 2020665 1.1866 0.000835
14.52119 2025215 -1.4332 -0.001007
14.52344 2029775 2.3718 0.001665
14.52568 2034346 11.9746 0.008396
14.52793 2038927 26.6833 0.018687
14.53018 2043518 30.7443 0.021507
14.53243 2048119 27.3964 0.019143
14.53468 2052731 32.5156 0.022695
14.53693 2057353 36.9429 0.025756
14.53918 2061986 43.4442 0.030254
14.54143 2066628 43.4183 0.030202
14.54368 2071282 41.1008 0.028558
14.54593 2075946 49.1413 0.034107
14.54818 2080620 38.5065 0.026695
14.55043 2085305 30.7545 0.021297
14.55268 2090001 26.2653 0.018168
14.55492 2094707 25.5200 0.017633
14.55717 2099423 32.6442 0.022530
14.55942 2104151 31.1617 0.021482
14.56167 2108889 36.1905 0.024921
14.56392 2113637 38.2009 0.026276
14.56617 2118396 30.3042 0.020821
14.56842 2123166 38.9460 0.026728
14.57067 2127947 36.0717 0.024728
14.57292 2132739 30.1443 0.020641
14.57517 2137541 28.9833 0.019824
14.57742 2142354 34.1724 0.023347
14.57966 2147178 44.5278 0.030388
14.58191 2152013 42.3384 0.028861
14.58416 2156858 46.1409 0.031418
14.58641 2161715 54.1672 0.036841
14.58866 2166583 54.1374 0.036780
14.59091 2171461 52.2112 0.035431
14.59316 2176350 34.5997 0.023454
14.59541 2181251 32.9580 0.022316
14.59766 2186162 31.2386 0.021128
14.59991 2191085 28.6085 0.019327
14.60216 2196019 24.6018 0.016602
14.60441 2200964 28.9188 0.019493
14.60665 2205919 24.4528 0.016464
14.60890 2210886 31.4245 0.021134
14.61115 2215865 26.6232 0.017885
14.61340 2220854 37.9574 0.025470
14.61565 2225855 37.5558 0.025173
14.61790 2230867 36.8260 0.024656
14.62015 2235890 35.5094 0.023748
14.62240 2240925 41.7407 0.027883
14.62465 2245971 38.8676 0.025935
14.62690 2251028 43.0505 0.028694
14.62915 2256096 49.0675 0.032667
14.63140 2261176 54.0820 0.035965
14.63364 2266268 61.8321 0.041073
14.63589 2271371 61.6906 0.040933
14.63814 2276485 58.8616 0.039012
14.64039 2281611 53.6261 0.035502
14.64264 2286749 45.0254 0.029775
14.64489 2291898 53.5359 0.035363
14.64714 2297059 62.1360 0.040997
14.64939 2302231 60.5715 0.039920
14.65164 2307415 68.9253 0.045375
14.65389 2312610 71.0339 0.046710
14.65614 2317818 67.1996 0.044139
14.65839 2323037 62.2480 0.040841
14.66063 2328267 57.7145 0.037824
14.66288 2333510 62.4311 0.040869
14.66513 2338764 65.9570 0.043129
14.66738 2344031 62.3141 0.040701
14.66963 2349309 68.5984 0.044755
14.67188 2354599 76.9312 0.050135
14.67413 2359900 72.6794 0.047311
14.67638 2365214 76.3047 0.049615
14.67863 2370540 72.1320 0.046849
14.68088 2375878 70.4921 0.045733
14.68313 2381227 60.4353 0.039164
14.68538 2386589 59.5801 0.038567
14.68762 2391963 48.1426 0.031128
14.68987 2397349 47.5338 0.030700
14.69212 2402747 52.9496 0.034159
14.69437 2408158 59.2888 0.038206
14.69662 2413580 61.7644 0.039756
14.69887 2419015 62.8052 0.040381
14.70112 2424462 62.3883 0.040068
14.70337 2429921 74.3666 0.047707
14.70562 2435392 75.8040 0.048574
14.70787 2440876 74.9635 0.047982
14.71012 2446372 79.6355 0.050915
14.71237 2451881 84.2170 0.053784
14.71461 2457401 97.2617 0.062045
14.71686 2462935 90.0306 0.057367
14.71911 2468481 99.6067 0.063398
14.72136 2474039 103.4026 0.065740
14.72361 2479610 92.4032 0.058681
14.72586 2485193 80.4938 0.051060
14.72811 2490789 79.4985 0.050372
14.73036 2496397 77.3238 0.048939
14.73261 2502018 78.2683 0.049481
14.73486 2507652 77.3151 0.048824
14.73711 2513299 72.4182 0.045680
14.73936 2518958 74.6035 0.047006
14.74161 2524630 68.5427 0.043138
14.74385 2530315 63.1992 0.039731
14.74610 2536012 61.6085 0.038687
14.74835 2541722 66.9587 0.041999
14.75060 2547446 65.3555 0.040948
14.75285 2553182 60.2961 0.037735
14.75510 2558931 45.2385 0.028280
14.75735 2564693 43.6025 0.027227
14.75960 2570468 45.5633 0.028419
14.76185 2576255 39.0369 0.024321
14.76410 2582056 50.8254 0.031630
14.76635 2587870 55.2208 0.034327
14.76860 2593698 54.7056 0.033968
14.77084 2599538 51.6110 0.032011
14.77309 2605391 48.3714 0.029968
14.77534 2611258 52.7757 0.032659
14.77759 2617137 39.0471 0.024137
14.77984 2623030 46.8072 0.028901
14.78209 2628937 43.9640 0.027115
14.78434 2634856 50.1936 0.030922
14.78659 2640789 48.9102 0.030098
14.78884 2646735 48.7509 0.029966
14.79109 2652695 55.0999 0.033830
14.79334 2658668 50.9900 0.031272
14.79559 2664655 61.2829 0.037542
14.79783 2670655 64.7522 0.039623
14.80008 2676668 66.6716 0.040752
14.80233 2682695 71.3628 0.043570
14.80458 2688736 65.7578 0.040103
14.80683 2694790 69.4664 0.042317
14.80908 2700858 66.8888 0.040701
14.81133 2706940 67.4302 0.040984
14.81358 2713035 74.6700 0.045333
14.81583 2719144 77.2568 0.046851
14.81808 2725266 63.4028 0.038406
14.82033 2731403 63.2701 0.038283
14.82258 2737553 58.6529 0.035449
14.82482 2743717 62.4213 0.037685
14.82707 2749895 54.8388 0.033070
14.82932 2756087 57.6837 0.034746
14.83157 2762293 61.2268 0.036839
14.83382 2768513 53.3291 0.032051
14.83607 2774747 60.3173 0.036210
14.83832 2780995 46.8658 0.028103
14.84057 2787257 41.0446 0.024585
14.84282 2793533 36.4044 0.021781
14.84507 2799823 19.1102 0.011421
14.84732 2806127 11.7845 0.007035
14.84957 2812446 13.3335 0.007951
14.85181 2818779 12.8324 0.007643
14.85406 2825126 2.2184 0.001320
14.85631 2831487 0.0106 0.000006
14.85856 2837863 -0.0728 -0.000043
14.86081 2844253 1.7000 0.001008
14.86306 2850657 8.2163 0.004866
14.86531 2857076 -3.7126 -0.002196
14.86756 2863509 11.2426 0.006644
14.86981 2869957 14.7448 0.008704
14.87206 2876419 6.7223 0.003964
14.87431 2882896 2.3225 0.001368
14.87655 2889387 1.9185 0.001129
14.87880 2895894 10.1302 0.005953
14.88105 2902414 10.8106 0.006346
14.88330 2908950 4.1210 0.002416
14.88555 2915500 1.4532 0.000851
14.88780 2922064 -10.7848 -0.006309
14.89005 2928644 3.5836 0.002094
14.89230 2935238 -6.7505 -0.003940
14.89455 2941848 -4.1356 -0.002411
14.89680 2948472 -0.0356 -0.000021
14.89905 2955111 10.9493 0.006369
14.90130 2961765 14.4879 0.008418
14.90355 2968434 28.2868 0.016418
14.90579 2975118 28.6778 0.016626
14.90804 2981817 24.8161 0.014371
14.91029 2988531 17.8812 0.010344
14.91254 2995261 20.9768 0.012121
14.91479 3002005 19.0189 0.010977
14.91704 3008765 20.2258 0.011660
14.91929 3015539 30.2405 0.017414
14.92154 3022329 19.8972 0.011445
14.92379 3029135 24.1919 0.013900
14.92604 3035956 29.5047 0.016933
14.92829 3042792 28.8354 0.016531
14.93054 3049643 25.9731 0.014873
14.93278 3056510 18.1086 0.010358
14.93503 3063392 8.7698 0.005011
14.93728 3070290 10.6404 0.006072
14.93953 3077203 15.8294 0.009024
14.94178 3084132 10.0725 0.005736
14.94403 3091077 -1.0253 -0.000583
14.94628 3098037 -0.9251 -0.000526
14.94853 3105013 -1.6113 -0.000914
14.95078 3112005 2.9286 0.001660
14.95303 3119012 6.0607 0.003432
14.95528 3126035 11.1743 0.006320
14.95753 3133074 5.1066 0.002885
14.95977 3140129 8.7324 0.004928
14.96202 3147199 9.8249 0.005538
14.96427 3154286 9.5227 0.005362
14.96652 3161388 7.3027 0.004107
14.96877 3168507 6.5823 0.003698
14.97102 3175641 3.8350 0.002152
14.97327 3182792 9.2531 0.005187
14.97552 3189959 0.2657 0.000149
14.97777 3197141 4.3540 0.002435
14.98002 3204340 -3.9343 -0.002198
14.98227 3211556 11.3920 0.006357
14.98452 3218787 7.9310 0.004421
14.98676 3226035 12.2869 0.006841
14.98901 3233299 15.5308 0.008637
14.99126 3240579 14.4140 0.008007
14.99351 3247876 -0.4293 -0.000238
14.99576 3255189 5.5390 0.003070
14.99801 3262519 -8.1216 -0.004496
15.00026 3269865 -10.5646 -0.005842
15.00251 3277228 -11.7401 -0.006485
15.00476 3284607 -10.4102 -0.005744
15.00701 3292003 -4.2450 -0.002340
15.00926 3299416 -19.1429 -0.010539
15.01151 3306845 -11.5288 -0.006340
15.01375 3314291 -21.6554 -0.011895
15.01600 3321754 -11.0841 -0.006082
15.01825 3329234 -13.0561 -0.007156
15.02050 3336730 -13.3473 -0.007307
15.02275 3344243 -11.0409 -0.006037
15.02500 3351773 -15.9790 -0.008728
15.02725 3359321 -22.2240 -0.012125
15.02950 3366885 -15.0909 -0.008224
15.03175 3374466 -17.1748 -0.009350
15.03400 3382064 -26.9990 -0.014681
15.03625 3389680 -26.2805 -0.014274
15.03850 3397312 -40.6837 -0.022073
15.04074 3404962 -48.6624 -0.026372
15.04299 3412629 -50.1546 -0.027150
15.04524 3420313 -69.0559 -0.037339
15.04749 3428015 -76.6423 -0.041395
15.04974 3435734 -84.8662 -0.045785
15.05199 3443470 -85.9267 -0.046305
15.05424 3451223 -81.3091 -0.043768
15.05649 3458995 -81.7420 -0.043951
15.05874 3466783 -90.9016 -0.048821
15.06099 3474589 -103.9797 -0.055782
15.06324 3482413 -112.4356 -0.060251
15.06549 3490254 -102.7599 -0.055004
15.06773 3498113 -100.4209 -0.053692
15.06998 3505990 -105.4967 -0.056342
15.07223 3513885 -90.7914 -0.048434
15.07448 3521797 -90.2143 -0.048072
15.07673 3529727 -102.1135 -0.054352
15.07898 3537675 -107.3233 -0.057060
15.08123 3545640 -103.2631 -0.054840
15.08348 3553624 -104.0411 -0.055191
15.08573 3561626 -105.9240 -0.056127
15.08798 3569646 -106.8189 -0.056537
15.09023 3577683 -107.3427 -0.056751
15.09248 3585739 -111.9309 -0.059110
15.09472 3593813 -114.8740 -0.060596
15.09697 3601905 -112.0071 -0.059017
15.09922 3610016 -116.7186 -0.061431
15.10147 3618144 -117.8691 -0.061967
15.10372 3626291 -116.9436 -0.061411
15.10597 3634457 -123.9860 -0.065036
15.10822 3642640 -128.7895 -0.067480
15.11047 3650843 -137.3945 -0.071907
15.11272 3659063 -130.7489 -0.068352
15.11497 3667302 -125.8865 -0.065736
15.11722 3675560 -125.7320 -0.065582
15.11947 3683836 -119.6442 -0.062336
15.12171 3692131 -123.5430 -0.064295
15.12396 3700445 -126.2948 -0.065654
15.12621 3708777 -122.4905 -0.063604
15.12846 3717128 -132.1789 -0.068558
15.13071 3725498 -138.3219 -0.071664
15.13296 3733887 -145.7889 -0.075447
15.13521 3742294 -162.9954 -0.084257
15.13746 3750721 -151.7418 -0.078352
15.13971 3759166 -151.9694 -0.078381
15.14196 3767631 -149.5841 -0.077064
15.14421 3776114 -148.8222 -0.076585
15.14646 3784617 -149.4204 -0.076807
15.14870 3793139 -138.0560 -0.070885
15.15095 3801680 -122.3153 -0.062733
15.15320 3810240 -147.3358 -0.075480
15.15545 3818819 -150.5171 -0.077023
15.15770 3827418 -154.1738 -0.078806
15.15995 3836036 -139.2539 -0.071099
15.16220 3844674 -127.0691 -0.064805
15.16445 3853331 -127.3917 -0.064897
15.16670 3862008 -118.1784 -0.060136
15.16895 3870704 -115.1612 -0.058534
15.17120 3879419 -110.5022 -0.056103
15.17345 3888155 -101.5065 -0.051478
15.17569 3896910 -105.1048 -0.053243
15.17794 3905684 -107.9289 -0.054612
15.18019 3914479 -107.0918 -0.054128
15.18244 3923293 -100.1381 -0.050556
15.18469 3932127 -113.0082 -0.056990
15.18694 3940981 -110.1656 -0.055494
15.18919 3949855 -109.7045 -0.055199
15.19144 3958749 -92.3459 -0.046413
15.19369 3967663 -88.3167 -0.044338
15.19594 3976597 -86.3424 -0.043298
15.19819 3985551 -78.9808 -0.039562
15.20044 3994525 -83.9265 -0.041992
15.20268 4003520 -85.5530 -0.042758
15.20493 4012534 -71.0351 -0.035462
15.20718 4021569 -74.8872 -0.037343
15.20943 4030625 -76.7390 -0.038223
15.21168 4039700 -90.2318 -0.044894
15.21393 4048797 -79.8189 -0.039668
15.21618 4057913 -84.0438 -0.041721
15.21843 4067050 -77.8596 -0.038608
15.22068 4076208 -68.4285 -0.033893
15.22293 4085387 -78.2792 -0.038728
15.22518 4094586 -79.3041 -0.039191
15.22743 4103805 -80.3172 -0.039647
15.22967 4113046 -81.6182 -0.040244
15.23192 4122307 -78.2716 -0.038551
15.23417 4131589 -81.5376 -0.040114
15.23642 4140893 -77.2416 -0.037958
15.23867 4150217 -72.2904 -0.035485
15.24092 4159562 -76.0053 -0.037267
15.24317 4168928 -82.3500 -0.040332
15.24542 4178315 -88.3487 -0.043221
15.24767 4187723 -82.4432 -0.040287
15.24992 4197153 -78.7103 -0.038420
15.25217 4206603 -74.7337 -0.036438
15.25442 4216075 -68.4885 -0.033355
15.25666 4225569 -52.5225 -0.025551
15.25891 4235083 -48.4389 -0.023538
15.26116 4244620 -62.8184 -0.030491
15.26341 4254177 -54.9354 -0.026634
15.26566 4263756 -66.4535 -0.032183
15.26791 4273357 -80.3597 -0.038874
15.27016 4282979 -91.0836 -0.044012
15.27241 4292623 -76.9392 -0.037135
15.27466 4302289 -82.9439 -0.039988
15.27691 4311976 -81.1967 -0.039102
15.27916 4321686 -74.4018 -0.035790
15.28141 4331417 -82.8888 -0.039827
15.28365 4341170 -85.9271 -0.041241
15.28590 4350945 -72.0801 -0.034556
15.28815 4360742 -89.3221 -0.042774
15.29040 4370561 -81.8407 -0.039147
15.29265 4380402 -71.2971 -0.034066
15.29490 4390266 -73.8219 -0.035232
15.29715 4400151 -61.5973 -0.029365
15.29940 4410059 -78.5335 -0.037397
15.30165 4419989 -74.1449 -0.035267
15.30390 4429942 -77.7484 -0.036940
15.30615 4439916 -69.2981 -0.032888
15.30840 4449914 -72.6762 -0.034452
15.31064 4459934 -71.8406 -0.034018
15.31289 4469976 -68.5422 -0.032419
15.31514 4480041 -73.9349 -0.034931
15.31739 4490129 -82.1884 -0.038787
15.31964 4500239 -81.1383 -0.038248
15.32189 4510372 -93.8411 -0.044186
15.32414 4520528 -100.4048 -0.047224
15.32639 4530707 -105.2750 -0.049459
15.32864 4540909 -110.3032 -0.051763
15.33089 4551134 -109.8524 -0.051493
15.33314 4561382 -109.7720 -0.051398
15.33539 4571653 -112.6576 -0.052689
15.33763 4581946 -111.3777 -0.052032
15.33988 4592264 -117.2465 -0.054712
15.34213 4602604 -117.9482 -0.054978
15.34438 4612968 -118.2012 -0.055034
15.34663 4623355 -113.9939 -0.053016
15.34888 4633765 -108.5488 -0.050426
15.35113 4644199 -116.1333 -0.053889
15.35338 4654656 -94.5731 -0.043835
15.35563 4665137 -86.1470 -0.039885
15.35788 4675642 -84.5768 -0.039114
15.36013 4686170 -83.3108 -0.038485
15.36238 4696722 -100.1286 -0.046202
15.36462 4707297 -92.9117 -0.042824
15.36687 4717897 -85.8055 -0.039504
15.36912 4728520 -85.4130 -0.039279
15.37137 4739167 -72.3736 -0.033245
15.37362 4749838 -75.5726 -0.034676
15.37587 4760534 -71.2293 -0.032646
15.37812 4771253 -77.4933 -0.035477
15.38037 4781996 -78.3749 -0.035840
15.38262 4792764 -66.8534 -0.030537
15.38487 4803556 -59.0941 -0.026963
15.38712 4814372 -63.0715 -0.028745
15.38937 4825212 -63.4554 -0.028888
15.39161 4836077 -53.2133 -0.024198
15.39386 4846967 -61.6616 -0.028008
15.39611 4857881 -66.6292 -0.030230
15.39836 4868819 -59.4902 -0.026961
15.40061 4879782 -57.0233 -0.025814
15.40286 4890770 -67.2943 -0.030429
15.40511 4901783 -69.9715 -0.031604
15.40736 4912820 -68.3807 -0.030851
15.40961 4923882 -76.1111 -0.034300
15.41186 4934969 -75.4250 -0.033953
15.41411 4946081 -74.7858 -0.033627
15.41636 4957218 -62.4985 -0.028071
15.41860 4968381 -70.6959 -0.031717
15.42085 4979568 -75.4189 -0.033797
15.42310 4990780 -84.8181 -0.037967
15.42535 5002018 -86.5849 -0.038714
15.42760 5013281 -85.5743 -0.038219
15.42985 5024570 -73.0968 -0.032610
15.43210 5035883 -75.3694 -0.033586
15.43435 5047223 -80.0302 -0.035623
15.43660 5058587 -66.2362 -0.029450
15.43885 5069978 -47.8925 -0.021270
15.44110 5081394 -44.5481 -0.019762
15.44335 5092836 -37.9876 -0.016833
15.44559 5104303 -31.1157 -0.013772
15.44784 5115797 -40.2149 -0.017780
15.45009 5127316 -40.8503 -0.018041
15.45234 5138861 -37.4151 -0.016505
15.45459 5150432 -41.3426 -0.018217
15.45684 5162029 -40.2484 -0.017715
15.45909 5173653 -35.4175 -0.015571
15.46134 5185302 -23.1827 -0.010181
15.46359 5196978 -51.4987 -0.022590
15.46584 5208680 -45.9093 -0.020116
15.46809 5220408 -54.5472 -0.023874
15.47034 5232163 -62.2997 -0.027236
15.47258 5243944 -63.6843 -0.027810
15.47483 5255752 -60.3507 -0.026325
15.47708 5267587 -39.9968 -0.017427
15.47933 5279448 -43.4835 -0.018925
15.48158 5291335 -42.3108 -0.018394
15.48383 5303250 -36.6400 -0.015911
15.48608 5315191 -37.8135 -0.016402
15.48833 5327159 -32.3446 -0.014014
15.49058 5339154 -16.0070 -0.006927
15.49283 5351177 -21.6451 -0.009357
15.49508 5363226 -29.0387 -0.012539
15.49733 5375302 -21.6595 -0.009342
15.49957 5387406 -19.4921 -0.008398
15.50182 5399537 -40.1987 -0.017300
15.50407 5411695 -40.9971 -0.017623
15.50632 5423880 -27.5694 -0.011838
15.50857 5436093 -15.3807 -0.006597
15.51082 5448334 -22.0988 -0.009468
15.51307 5460602 -34.3862 -0.014715
15.51532 5472897 -12.8077 -0.005475
15.51757 5485221 3.6424 0.001555
15.51982 5497572 -9.3426 -0.003985
15.52207 5509951 -5.0984 -0.002172
15.52432 5522357 -14.7927 -0.006295
15.52656 5534792 -15.9380 -0.006775
15.52881 5547255 -2.8112 -0.001194
15.53106 5559745 16.3103 0.006917
15.53331 5572264 26.9009 0.011396
15.53556 5584811 26.8330 0.011354
15.53781 5597387 30.9363 0.013076
15.54006 5609990 40.6619 0.017167
15.54231 5622622 44.3565 0.018706
15.54456 5635283 41.3857 0.017434
15.54681 5647972 27.4889 0.011567
15.54906 5660689 30.0883 0.012646
15.55131 5673435 40.1095 0.016839
15.55355 5686210 42.2065 0.017700
15.55580 5699014 59.8844 0.025085
15.55805 5711846 49.7811 0.020829
15.56030 5724708 41.7951 0.017468
15.56255 5737598 45.3758 0.018943
15.56480 5750517 59.0552 0.024627
15.56705 5763466 56.0157 0.023333
15.56930 5776443 59.1572 0.024614
15.57155 5789450 64.2710 0.026711
15.57380 5802486 67.3465 0.027958
15.57605 5815552 60.6726 0.025159
15.57830 5828647 64.5939 0.026755
15.58054 5841771 69.8280 0.028891
15.58279 5854925 75.3501 0.031140
15.58504 5868108 79.3761 0.032767
15.58729 5881322 81.4457 0.033584
15.58954 5894565 73.3578 0.030215
15.59179 5907837 77.0798 0.031712
15.59404 5921140 64.6601 0.026573
15.59629 5934473 69.1824 0.028399
15.59854 5947835 64.7971 0.026569
15.60079 5961228 66.4008 0.027196
15.60304 5974651 47.0475 0.019248
15.60529 5988104 54.1727 0.022138
15.60753 6001587 40.7141 0.016619
15.60978 6015101 49.3423 0.020119
15.61203 6028645 62.2566 0.025356
15.61428 6042220 54.4746 0.022161
15.61653 6055825 62.8200 0.025528
15.61878 6069461 61.3278 0.024893
15.62103 6083128 81.6436 0.033102
15.62328 6096825 80.5896 0.032638
15.62553 6110553 88.6984 0.035882
15.62778 6124313 82.6372 0.033392
15.63003 6138103 77.8596 0.031426
15.63228 6151924 80.9632 0.032642
15.63452 6165776 81.4108 0.032786
15.63677 6179660 81.5138 0.032791
15.63902 6193574 96.7884 0.038891
15.64127 6207520 88.2142 0.035406
15.64352 6221498 92.0556 0.036907
15.64577 6235507 74.2658 0.029741
15.64802 6249547 90.0256 0.036012
15.65027 6263619 81.5573 0.032587
15.65252 6277723 82.5295 0.032939
15.65477 6291859 90.9471 0.036258
15.65702 6306026 91.8220 0.036565
15.65927 6320225 78.0022 0.031027
15.66151 6334457 70.5929 0.028048
15.66376 6348720 79.0484 0.031373
15.66601 6363015 91.6974 0.036352
15.66826 6377343 97.1962 0.038488
15.67051 6391703 105.2417 0.041627
15.67276 6406095 104.8898 0.041442
15.67501 6420520 94.5435 0.037312
15.67726 6434977 104.0940 0.041035
15.67951 6449466 104.0577 0.040974
15.68176 6463989 105.5742 0.041525
15.68401 6478543 116.1011 0.045614
15.68626 6493131 136.8331 0.053699
15.68850 6507752 154.2945 0.060483
15.69075 6522405 145.8383 0.057104
15.69300 6537092 148.3447 0.058020
15.69525 6551811 166.3439 0.064987
15.69750 6566564 164.6264 0.064244
15.69975 6581350 164.6446 0.064179
15.70200 6596169 166.2105 0.064716
15.70425 6611022 146.9137 0.057138
15.70650 6625908 144.9609 0.056316
15.70875 6640827 142.2025 0.055182
15.71100 6655780 134.2488 0.052037
15.71325 6670767 140.8722 0.054543
15.71549 6685788 151.1233 0.058446
15.71774 6700842 146.7906 0.056707
15.71999 6715931 143.8924 0.055525
15.72224 6731053 147.5205 0.056861
15.72449 6746209 136.9773 0.052737
15.72674 6761400 154.5715 0.059444
15.72899 6776624 142.5929 0.054776
15.73124 6791883 154.5637 0.059308
15.73349 6807176 155.4526 0.059582
15.73574 6822504 167.2873 0.064046
15.73799 6837866 154.8963 0.059235
15.74024 6853263 150.5472 0.057507
15.74248 6868695 158.9470 0.060648
15.74473 6884161 162.4394 0.061911
15.74698 6899662 170.7175 0.064993
15.74923 6915198 164.8423 0.062685
15.75148 6930769 177.1247 0.067280
15.75373 6946375 192.6409 0.073092
15.75598 6962016 190.8531 0.072332
15.75823 6977692 200.5231 0.075912
15.76048 6993404 200.5844 0.075850
15.76273 7009151 209.5211 0.079140
15.76498 7024933 215.9239 0.081467
15.76723 7040752 256.2913 0.096588
15.76947 7056605 258.5775 0.097340
15.77172 7072495 260.5937 0.097989
15.77397 7088420 268.3482 0.100792
15.77622 7104381 255.3718 0.095810
15.77847 7120378 253.2195 0.094895
15.78072 7136410 264.6498 0.099068
15.78297 7152480 281.9006 0.105407
15.78522 7168585 278.1229 0.103877
15.78747 7184726 271.6669 0.101352
15.78972 7200904 274.1086 0.102148
15.79197 7217118 281.7307 0.104870
15.79422 7233369 279.0744 0.103765
15.79646 7249657 281.9822 0.104728
15.79871 7265981 277.0034 0.102763
15.80096 7282341 287.4445 0.106517
15.80321 7298739 286.0381 0.105877
15.80546 7315174 307.8694 0.113829
15.80771 7331645 292.3189 0.107958
15.80996 7348154 300.2492 0.110762
15.81221 7364700 293.7719 0.108251
15.81446 7381283 262.7143 0.096698
15.81671 7397903 250.8373 0.092223
15.81896 7414561 243.0487 0.089259
15.82121 7431256 230.9216 0.084710
15.82345 7447989 232.9168 0.085346
15.82570 7464760 225.7593 0.082630
15.82795 7481568 231.4722 0.084626
15.83020 7498415 221.7690 0.080987
15.83245 7515299 204.6466 0.074650
15.83470 7532221 221.0027 0.080526
15.83695 7549181 230.4188 0.083863
15.83920 7566180 233.1001 0.084743
15.84145 7583216 235.3472 0.085464
15.84370 7600292 227.6477 0.082575
15.84595 7617405 234.4660 0.084953
15.84820 7634557 227.0875 0.082187
15.85044 7651748 251.2846 0.090842
15.85269 7668977 244.0077 0.088112
15.85494 7686246 242.7468 0.087558
15.85719 7703553 255.9298 0.092209
15.85944 7720899 256.1447 0.092183
15.86169 7738284 249.0880 0.089543
15.86394 7755708 251.7269 0.090390
15.86619 7773172 247.8071 0.088882
15.86844 7790675 248.0127 0.088856
15.87069 7808217 237.1623 0.084873
15.87294 7825799 248.1107 0.088691
15.87519 7843420 243.2484 0.086856
15.87743 7861081 221.4947 0.078999
15.87968 7878782 227.7810 0.081150
15.88193 7896522 216.9313 0.077198
15.88418 7914303 208.3879 0.074074
15.88643 7932124 220.4614 0.078278
15.88868 7949984 203.9038 0.072317
15.89093 7967885 197.4622 0.069954
15.89318 7985827 199.5922 0.070629
15.89543 8003808 207.7188 0.073422
15.89768 8021830 194.1244 0.068540
15.89993 8039893 197.4378 0.069631
15.90218 8057997 193.3663 0.068119
15.90442 8076141 200.6397 0.070602
15.90667 8094326 207.2577 0.072848
15.90892 8112552 198.6989 0.069762
15.91117 8130819 173.5598 0.060867
15.91342 8149127 181.4063 0.063547
15.91567 8167476 179.5936 0.062842
15.91792 8185867 170.0605 0.059439
15.92017 8204299 171.4151 0.059845
15.92242 8222773 188.9382 0.065889
15.92467 8241288 182.0145 0.063403
15.92692 8259845 196.3780 0.068329
15.92917 8278444 188.3527 0.065463
15.93141 8297084 179.1000 0.062177
15.93366 8315767 191.3625 0.066360
15.93591 8334491 201.1656 0.069681
15.93816 8353258 211.4711 0.073168
15.94041 8372067 224.4844 0.077584
15.94266 8390918 221.2752 0.076388
15.94491 8409812 230.4970 0.079483
15.94716 8428749 239.4548 0.082479
15.94941 8447728 228.7894 0.078717
15.95166 8466749 222.3930 0.076430
15.95391 8485814 246.1269 0.084491
15.95616 8504921 251.2726 0.086161
15.95840 8524072 267.2095 0.091523
15.96065 8543266 267.2146 0.091421
15.96290 8562502 279.2668 0.095437
15.96515 8581783 285.6236 0.097500
15.96740 8601106 275.2346 0.093848
15.96965 8620473 276.5215 0.094181
15.97190 8639884 270.4644 0.092014
15.97415 8659338 260.6167 0.088565
15.97640 8678837 254.1469 0.086269
15.97865 8698379 237.9785 0.080690
15.98090 8717965 240.9493 0.081605
15.98315 8737595 233.4507 0.078977
15.98539 8757270 224.7952 0.075963
15.98764 8776988 238.1501 0.080386
15.98989 8796751 224.7864 0.075789
15.99214 8816559 217.9074 0.073388
15.99439 8836411 210.9635 0.070969
15.99664 8856308 216.2429 0.072663
15.99889 8876250 228.8478 0.076813
16.00114 8896237 212.4463 0.071227
16.00339 8916268 203.9049 0.068287
16.00564 8936345 223.2161 0.074670
16.00789 8956467 250.6241 0.083744
16.01014 8976634 256.6954 0.085676
16.01238 8996847 260.3070 0.086784
16.01463 9017105 260.3389 0.086697
16.01688 9037409 227.9966 0.075841
16.01913 9057758 221.0402 0.073445
16.02138 9078154 222.3408 0.073794
16.02363 9098595 242.1008 0.080262
16.02588 9119082 265.4372 0.087899
16.02813 9139616 272.0157 0.089977
16.03038 9160195 279.8411 0.092461
16.03263 9180821 285.9139 0.094361
16.03488 9201494 270.3697 0.089131
16.03713 9222213 287.2840 0.094601
16.03937 9242978 305.0018 0.100322
16.04162 9263791 307.6100 0.101066
16.04387 9284650 315.3941 0.103507
16.04612 9305556 319.2218 0.104646
16.04837 9326510 326.3539 0.106863
16.05062 9347510 333.3176 0.109021
16.05287 9368558 337.9020 0.110396
16.05512 9389653 341.6531 0.111496
16.05737 9410796 344.3947 0.112265
16.05962 9431986 356.8026 0.116179
16.06187 9453224 358.5915 0.116630
16.06412 9474510 359.1721 0.116687
16.06636 9495844 358.1140 0.116213
16.06861 9517225 368.2926 0.119382
16.07086 9538655 371.1703 0.120179
16.07311 9560134 354.1752 0.114548
16.07536 9581660 334.6304 0.108105
16.07761 9603235 339.8214 0.109658
16.07986 9624859 356.2921 0.114844
16.08211 9646531 332.0202 0.106900
16.08436 9668252 323.6208 0.104079
16.08661 9690022 313.9774 0.100864
16.08886 9711841 322.3048 0.103423
16.09111 9733709 327.9905 0.105129
16.09335 9755627 305.6851 0.097869
16.09560 9777593 303.1194 0.096939
16.09785 9799609 298.1001 0.095226
16.10010 9821675 306.1561 0.097690
16.10235 9843791 306.1999 0.097594
16.10460 9865956 329.3846 0.104866
16.10685 9888171 330.5583 0.105121
16.10910 9910436 316.6157 0.100574
16.11135 9932752 303.8630 0.096415
16.11360 9955117 297.0605 0.094150
16.11585 9977533 295.6974 0.093613
16.11810 10000000 300.5059 0.095028
