logY Y P PoverSqrtY
6.90675 999 0.0101 0.000321
6.90975 1002 -0.0672 -0.002124
6.91175 1004 -0.0336 -0.001059
6.91374 1006 -0.0882 -0.002781
6.91672 1009 -0.3464 -0.010905
6.91870 1011 -0.5570 -0.017517
6.92067 1013 -0.5411 -0.017001
6.92264 1015 -0.4206 -0.013203
6.92560 1018 -0.3786 -0.011867
6.92756 1020 -0.4839 -0.015150
6.92952 1022 -0.7295 -0.022820
6.93245 1025 -0.8424 -0.026311
6.93440 1027 -0.8247 -0.025735
6.93634 1029 -0.8213 -0.025605
6.93828 1031 -0.7061 -0.021990
6.94119 1034 -0.7097 -0.022069
6.94312 1036 -0.6216 -0.019313
6.94505 1038 -0.5442 -0.016890
6.94794 1041 -0.6881 -0.021325
6.94986 1043 -0.9087 -0.028139
6.95273 1046 -1.0597 -0.032765
6.95464 1048 -0.8063 -0.024906
6.95655 1050 -0.6244 -0.019269
6.95940 1053 -0.5486 -0.016905
6.96130 1055 -0.6711 -0.020662
6.96319 1057 -0.7112 -0.021876
6.96602 1060 -0.7089 -0.021773
6.96791 1062 -0.8836 -0.027113
6.97073 1065 -0.9388 -0.028767
6.97261 1067 -0.9375 -0.028701
6.97448 1069 -0.8109 -0.024800
6.97728 1072 -0.7496 -0.022896
6.97915 1074 -0.8864 -0.027049
6.98193 1077 -1.2663 -0.038586
6.98379 1079 -1.4640 -0.044570
6.98564 1081 -1.4072 -0.042799
6.98841 1084 -1.3119 -0.039847
6.99026 1086 -1.3194 -0.040038
6.99302 1089 -1.4139 -0.042846
6.99485 1091 -1.4398 -0.043590
6.99760 1094 -1.5513 -0.046902
6.99942 1096 -1.8039 -0.054489
7.00216 1099 -2.0974 -0.063267
7.00397 1101 -2.1415 -0.064539
7.00670 1104 -2.0075 -0.060418
7.00851 1106 -1.9674 -0.059158
7.01121 1109 -2.1488 -0.064525
7.01302 1111 -2.2589 -0.067771
7.01571 1114 -2.2381 -0.067055
7.01751 1116 -2.1074 -0.063083
7.02019 1119 -2.0897 -0.062470
7.02198 1121 -2.1203 -0.063328
7.02465 1124 -1.9930 -0.059447
7.02643 1126 -1.8727 -0.055808
7.02909 1129 -1.8511 -0.055091
7.03086 1131 -1.9352 -0.057543
7.03351 1134 -1.8270 -0.054254
7.03527 1136 -1.6619 -0.049309
7.03791 1139 -1.5921 -0.047174
7.03966 1141 -1.6122 -0.047728
7.04229 1144 -1.6873 -0.049885
7.04491 1147 -1.6621 -0.049078
7.04665 1149 -1.5683 -0.046267
7.04925 1152 -1.5997 -0.047130
7.05099 1154 -1.7504 -0.051526
7.05359 1157 -1.8770 -0.055181
7.05618 1160 -1.9135 -0.056181
7.05790 1162 -2.0181 -0.059202
7.06048 1165 -2.2852 -0.066952
7.06219 1167 -2.1975 -0.064326
7.06476 1170 -1.9940 -0.058294
7.06732 1173 -1.9931 -0.058193
7.06902 1175 -2.1498 -0.062716
7.07157 1178 -2.2961 -0.066900
7.07412 1181 -2.1923 -0.063794
7.07581 1183 -2.0385 -0.059266
7.07834 1186 -1.9796 -0.057483
7.08087 1189 -2.0490 -0.059423
7.08255 1191 -2.0206 -0.058548
7.08506 1194 -2.1861 -0.063267
7.08757 1197 -2.4901 -0.071972
7.08924 1199 -2.6625 -0.076892
7.09174 1202 -2.3205 -0.066930
7.09423 1205 -2.1369 -0.061559
7.09589 1207 -2.1832 -0.062839
7.09838 1210 -2.4183 -0.069521
7.10085 1213 -2.5854 -0.074233
7.10332 1216 -2.7123 -0.077782
7.10497 1218 -2.7214 -0.077978
7.10743 1221 -2.7269 -0.078038
7.10988 1224 -2.6062 -0.074495
7.11233 1227 -2.6642 -0.076057
7.11396 1229 -2.8315 -0.080769
7.11639 1232 -3.2547 -0.092726
7.11883 1235 -3.1756 -0.090362
7.12125 1238 -3.0701 -0.087254
7.12367 1241 -3.0223 -0.085792
7.12528 1243 -3.0306 -0.085960
7.12769 1246 -2.9015 -0.082200
7.13010 1249 -2.9351 -0.083051
7.13250 1252 -2.9372 -0.083011
7.13489 1255 -2.8183 -0.079555
7.13648 1257 -2.5958 -0.073216
7.13887 1260 -2.3907 -0.067349
7.14125 1263 -2.4576 -0.069152
7.14362 1266 -2.6310 -0.073943
7.14598 1269 -2.4426 -0.068569
7.14835 1272 -2.4574 -0.068903
7.14992 1274 -2.5563 -0.071619
7.15227 1277 -2.6729 -0.074798
7.15462 1280 -2.6676 -0.074562
7.15696 1283 -2.8548 -0.079701
7.15929 1286 -3.0092 -0.083913
7.16162 1289 -2.9992 -0.083536
7.16395 1292 -2.9744 -0.082749
7.16627 1295 -3.1314 -0.087017
7.16858 1298 -3.3946 -0.094222
7.17089 1301 -3.3976 -0.094196
7.17242 1303 -3.2471 -0.089956
7.17472 1306 -3.2272 -0.089301
7.17702 1309 -3.4325 -0.094872
7.17931 1312 -3.3331 -0.092020
7.18159 1315 -3.2732 -0.090262
7.18387 1318 -3.4025 -0.093722
7.18614 1321 -3.3224 -0.091411
7.18841 1324 -3.1084 -0.085426
7.19068 1327 -3.0915 -0.084865
7.19293 1330 -3.2251 -0.088434
7.19519 1333 -3.1507 -0.086296
7.19744 1336 -2.8994 -0.079325
7.19968 1339 -2.7759 -0.075860
7.20192 1342 -2.8790 -0.078590
7.20415 1345 -2.8163 -0.076792
7.20638 1348 -2.8190 -0.076780
7.20860 1351 -3.0136 -0.081989
7.21082 1354 -2.8586 -0.077685
7.21303 1357 -2.5677 -0.069703
7.21524 1360 -2.5799 -0.069958
7.21744 1363 -2.9068 -0.078734
7.22037 1367 -3.0697 -0.083026
7.22257 1370 -2.9991 -0.081028
7.22475 1373 -2.8366 -0.076552
7.22694 1376 -2.8097 -0.075745
7.22911 1379 -2.6996 -0.072697
7.23129 1382 -2.8450 -0.076530
7.23346 1385 -3.2370 -0.086979
7.23562 1388 -2.9052 -0.077980
7.23778 1391 -2.5093 -0.067280
7.23993 1394 -2.3324 -0.062471
7.24280 1398 -2.3769 -0.063570
7.24494 1401 -2.3551 -0.062921
7.24708 1404 -2.4751 -0.066057
7.24922 1407 -2.4271 -0.064706
7.25134 1410 -2.1941 -0.058431
7.25347 1413 -1.9639 -0.052244
7.25630 1417 -2.1153 -0.056194
7.25841 1420 -2.3040 -0.061141
7.26052 1423 -2.1271 -0.056387
7.26263 1426 -2.0788 -0.055050
7.26473 1429 -2.1511 -0.056903
7.26753 1433 -2.0218 -0.053409
7.26962 1436 -2.1598 -0.056994
7.27170 1439 -2.2463 -0.059215
7.27379 1442 -2.3744 -0.062527
7.27656 1446 -2.2668 -0.059612
7.27863 1449 -2.2940 -0.060263
7.28070 1452 -2.5511 -0.066948
7.28276 1455 -2.4687 -0.064721
7.28551 1459 -2.3866 -0.062482
7.28756 1462 -2.6112 -0.068290
7.28961 1465 -2.6254 -0.068593
7.29234 1469 -2.4844 -0.064821
7.29438 1472 -2.4727 -0.064450
7.29641 1475 -2.3486 -0.061152
7.29845 1478 -2.1625 -0.056249
7.30115 1482 -2.2866 -0.059396
7.30317 1485 -2.5188 -0.065362
7.30519 1488 -2.4437 -0.063349
7.30787 1492 -2.1770 -0.056360
7.30988 1495 -2.2686 -0.058673
7.31255 1499 -2.1984 -0.056781
7.31455 1502 -2.1574 -0.055667
7.31655 1505 -2.2377 -0.057681
7.31920 1509 -1.9321 -0.049738
7.32119 1512 -1.7519 -0.045054
7.32383 1516 -1.8520 -0.047565
7.32581 1519 -2.0026 -0.051381
7.32778 1522 -1.9094 -0.048943
7.33041 1526 -1.5683 -0.040147
7.33237 1529 -1.5355 -0.039268
7.33498 1533 -1.3874 -0.035434
7.33694 1536 -1.5793 -0.040298
7.33954 1540 -1.8128 -0.046194
7.34148 1543 -1.4863 -0.037838
7.34407 1547 -1.2981 -0.033005
7.34601 1550 -1.4318 -0.036368
7.34859 1554 -1.5211 -0.038586
7.35052 1557 -1.5584 -0.039495
7.35308 1561 -1.4941 -0.037816
7.35500 1564 -1.3034 -0.032958
7.35756 1568 -1.3026 -0.032895
7.35947 1571 -1.5721 -0.039664
7.36201 1575 -1.6885 -0.042547
7.36391 1578 -1.5451 -0.038896
7.36645 1582 -1.6067 -0.040396
7.36834 1585 -1.6616 -0.041735
7.37086 1589 -1.7100 -0.042897
7.37275 1592 -1.7256 -0.043249
7.37526 1596 -1.8054 -0.045191
7.37776 1600 -1.6532 -0.041329
7.37963 1603 -1.7407 -0.043476
7.38212 1607 -2.0025 -0.049954
7.38399 1610 -1.7369 -0.043287
7.38647 1614 -1.6397 -0.040815
7.38895 1618 -1.6914 -0.042049
7.39080 1621 -1.5646 -0.038861
7.39326 1625 -1.7001 -0.042175
7.39572 1629 -1.7589 -0.043580
7.39756 1632 -1.6948 -0.041953
7.40001 1636 -1.8392 -0.045472
7.40245 1640 -2.0590 -0.050843
7.40428 1643 -1.7908 -0.044179
7.40671 1647 -1.6894 -0.041629
7.40914 1651 -1.8251 -0.044918
7.41156 1655 -1.5987 -0.039298
7.41337 1658 -1.5565 -0.038225
7.41578 1662 -1.3534 -0.033197
7.41818 1666 -1.0568 -0.025892
7.41998 1669 -1.0894 -0.026667
7.42237 1673 -1.1619 -0.028407
7.42476 1677 -0.6602 -0.016122
7.42714 1681 -0.4612 -0.011248
7.42952 1685 -0.4254 -0.010363
7.43130 1688 -0.4096 -0.009970
7.43367 1692 -0.5727 -0.013922
7.43603 1696 -0.2127 -0.005164
7.43838 1700 0.0150 0.000363
7.44073 1704 -0.2700 -0.006541
7.44249 1707 -0.4429 -0.010721
7.44483 1711 -0.4187 -0.010123
7.44717 1715 -0.3509 -0.008474
7.44950 1719 -0.1989 -0.004798
7.45182 1723 -0.4137 -0.009967
7.45414 1727 -0.8277 -0.019918
7.45645 1731 -0.6521 -0.015673
7.45876 1735 -0.5583 -0.013404
7.46049 1738 -0.7047 -0.016903
7.46279 1742 -0.8216 -0.019685
7.46508 1746 -0.9495 -0.022723
7.46737 1750 -1.0862 -0.025965
7.46965 1754 -0.9233 -0.022046
7.47193 1758 -1.1109 -0.026496
7.47420 1762 -1.0335 -0.024622
7.47647 1766 -0.8759 -0.020842
7.47873 1770 -1.0331 -0.024555
7.48099 1774 -0.9036 -0.021454
7.48324 1778 -0.8130 -0.019280
7.48549 1782 -0.8037 -0.019039
7.48773 1786 -0.5027 -0.011894
7.48997 1790 -0.4177 -0.009873
7.49220 1794 -0.5245 -0.012384
7.49443 1798 -0.0827 -0.001950
7.49665 1802 -0.0908 -0.002139
7.49887 1806 -0.1129 -0.002658
7.50108 1810 -0.0795 -0.001869
7.50329 1814 -0.1369 -0.003214
7.50549 1818 0.0670 0.001572
7.50824 1823 -0.0320 -0.000750
7.51043 1827 -0.1916 -0.004482
7.51262 1831 0.3198 0.007473
7.51480 1835 0.3770 0.008801
7.51698 1839 0.3774 0.008801
7.51915 1843 0.4513 0.010513
7.52132 1847 0.5274 0.012272
7.52402 1852 1.0212 0.023730
7.52618 1856 0.9696 0.022506
7.52833 1860 0.6740 0.015629
7.53048 1864 0.9405 0.021783
7.53262 1868 1.0615 0.024560
7.53476 1872 1.0240 0.023668
7.53743 1877 0.7099 0.016385
7.53956 1881 0.4909 0.011319
7.54168 1885 0.7947 0.018303
7.54380 1889 0.8173 0.018804
7.54645 1894 0.4588 0.010542
7.54856 1898 0.4191 0.009619
7.55066 1902 0.3393 0.007781
7.55276 1906 0.7544 0.017280
7.55538 1911 0.8186 0.018727
7.55747 1915 0.8370 0.019127
7.55956 1919 1.3034 0.029754
7.56216 1924 1.4533 0.033132
7.56424 1928 1.6120 0.036712
7.56631 1932 1.7520 0.039859
7.56890 1937 1.6569 0.037648
7.57096 1941 1.9281 0.043764
7.57302 1945 1.8303 0.041502
7.57558 1950 1.9867 0.044991
7.57763 1954 1.9753 0.044687
7.58019 1959 1.5880 0.035879
7.58223 1963 1.6614 0.037498
7.58426 1967 1.6081 0.036259
7.58680 1972 1.5329 0.034520
7.58883 1976 1.4063 0.031636
7.59136 1981 1.1684 0.026251
7.59337 1985 1.6134 0.036214
7.59589 1990 1.5267 0.034224
7.59790 1994 1.5098 0.033811
7.60040 1999 1.5724 0.035168
7.60240 2003 1.8094 0.040429
7.60489 2008 2.1099 0.047085
7.60688 2012 1.7615 0.039270
7.60937 2017 2.0659 0.046001
7.61135 2021 2.3671 0.052654
7.61382 2026 2.4787 0.055069
7.61579 2030 2.3887 0.053017
7.61825 2035 2.3398 0.051868
7.62071 2040 2.6886 0.059527
7.62266 2044 2.6457 0.058518
7.62511 2049 2.4602 0.054350
7.62706 2053 2.6627 0.058766
7.62949 2058 2.7352 0.060294
7.63192 2063 2.8178 0.062038
7.63385 2067 2.5080 0.055163
7.63627 2072 2.6143 0.057434
7.63868 2077 2.5928 0.056891
7.64060 2081 2.5341 0.055550
7.64300 2086 2.7011 0.059139
7.64540 2091 2.5126 0.054947
7.64731 2095 2.6613 0.058144
7.64969 2100 2.3273 0.050786
7.65207 2105 2.5705 0.056027
7.65444 2110 2.3532 0.051229
7.65634 2114 2.2290 0.048479
7.65870 2119 2.3787 0.051674
7.66106 2124 2.3525 0.051045
7.66341 2129 2.4890 0.053942
7.66528 2133 2.2240 0.048154
7.66763 2138 2.4800 0.053635
7.66996 2143 2.2280 0.048128
7.67229 2148 2.0486 0.044203
7.67462 2153 2.0469 0.044113
7.67694 2158 1.9181 0.041291
7.67879 2162 1.7353 0.037321
7.68110 2167 1.1870 0.025499
7.68340 2172 1.4370 0.030835
7.68570 2177 1.2784 0.027400
7.68800 2182 1.1220 0.024020
7.69029 2187 1.1296 0.024155
7.69257 2192 1.6074 0.034331
7.69485 2197 1.6968 0.036201
7.69712 2202 1.4261 0.030392
7.69939 2207 1.9548 0.041610
7.70165 2212 2.0832 0.044293
7.70391 2217 2.1553 0.045775
7.70616 2222 1.9136 0.040595
7.70841 2227 2.1043 0.044590
7.71065 2232 1.8621 0.039414
7.71289 2237 1.7370 0.036725
7.71512 2242 1.5151 0.031998
7.71735 2247 1.4683 0.030976
7.71957 2252 1.2510 0.026361
7.72179 2257 1.1725 0.024680
7.72400 2262 1.0591 0.022268
7.72621 2267 0.7195 0.015111
7.72842 2272 0.9043 0.018972
7.73061 2277 0.7539 0.015799
7.73281 2282 0.7303 0.015288
7.73543 2288 0.3901 0.008156
7.73762 2293 0.7814 0.016319
7.73979 2298 0.5651 0.011789
7.74197 2303 0.5484 0.011428
7.74414 2308 0.6529 0.013591
7.74630 2313 0.7034 0.014626
7.74889 2319 0.5697 0.011830
7.75105 2324 0.9687 0.020093
7.75319 2329 1.1946 0.024753
7.75534 2334 1.1240 0.023267
7.75791 2340 1.3165 0.027216
7.76004 2345 1.5782 0.032590
7.76217 2350 1.6883 0.034826
7.76430 2355 1.3681 0.028192
7.76684 2361 1.9815 0.040780
7.76896 2366 1.9163 0.039396
7.77107 2371 1.8301 0.037584
7.77359 2377 1.9094 0.039163
7.77570 2382 2.3435 0.048016
7.77779 2387 2.0526 0.042012
7.78030 2393 2.2922 0.046857
7.78239 2398 2.1880 0.044681
7.78489 2404 2.1647 0.044150
7.78697 2409 1.9721 0.040179
7.78904 2414 2.2346 0.045481
7.79152 2420 2.1951 0.044622
7.79359 2425 2.3582 0.047888
7.79606 2431 2.0958 0.042506
7.79811 2436 2.1583 0.043729
7.80057 2442 1.8552 0.037543
7.80262 2447 1.9924 0.040277
7.80507 2453 1.7050 0.034426
7.80710 2458 1.9696 0.039728
7.80954 2464 1.9917 0.040125
7.81157 2469 1.9791 0.039829
7.81400 2475 1.7623 0.035423
7.81642 2481 1.9691 0.039532
7.81843 2486 1.4777 0.029638
7.82084 2492 1.5281 0.030611
7.82285 2497 1.7715 0.035450
7.82525 2503 1.8213 0.036404
7.82764 2509 1.4875 0.029697
7.82963 2514 2.0434 0.040755
7.83201 2520 1.9356 0.038558
7.83439 2526 1.8056 0.035925
7.83637 2531 1.8565 0.036901
7.83874 2537 2.0528 0.040755
7.84110 2543 1.6572 0.032862
7.84306 2548 1.7301 0.034274
7.84542 2554 1.6736 0.033115
7.84776 2560 1.4291 0.028246
7.85010 2566 1.3387 0.026428
7.85205 2571 1.2029 0.023723
7.85438 2577 1.0975 0.021620
7.85671 2583 1.1559 0.022743
7.85903 2589 1.3614 0.026757
7.86134 2595 1.3779 0.027048
7.86365 2601 1.5650 0.030686
7.86557 2606 1.2707 0.024891
7.86787 2612 1.3079 0.025591
7.87017 2618 1.0967 0.021434
7.87246 2624 0.9209 0.017977
7.87474 2630 0.8755 0.017072
7.87702 2636 1.1192 0.021800
7.87929 2642 0.8232 0.016016
7.88156 2648 1.1548 0.022441
7.88382 2654 1.1437 0.022201
7.88608 2660 0.8689 0.016847
7.88833 2666 1.3550 0.026242
7.89058 2672 1.1972 0.023161
7.89283 2678 1.0088 0.019494
7.89506 2684 1.1640 0.022467
7.89730 2690 1.1730 0.022617
7.89952 2696 0.3944 0.007596
7.90175 2702 0.6547 0.012595
7.90397 2708 0.5144 0.009885
7.90618 2714 0.3007 0.005772
7.90839 2720 0.4776 0.009158
7.91059 2726 0.6192 0.011860
7.91279 2732 0.8399 0.016068
7.91535 2739 0.8214 0.015696
7.91754 2745 1.0521 0.020081
7.91972 2751 1.1281 0.021509
7.92190 2757 1.1973 0.022803
7.92407 2763 1.2006 0.022841
7.92660 2770 1.4695 0.027920
7.92877 2776 1.3896 0.026373
7.93093 2782 1.4896 0.028242
7.93308 2788 1.8618 0.035259
7.93559 2795 1.5069 0.028504
7.93773 2801 1.8994 0.035890
7.93987 2807 1.8545 0.035004
7.94236 2814 1.5027 0.028328
7.94449 2820 1.7298 0.032573
7.94662 2826 1.3657 0.025691
7.94909 2833 1.1962 0.022474
7.95121 2839 1.0345 0.019416
7.95332 2845 0.8153 0.015286
7.95578 2852 0.7807 0.014619
7.95788 2858 1.0720 0.020053
7.96032 2865 1.0174 0.019008
7.96242 2871 0.9437 0.017613
7.96485 2878 1.1010 0.020522
7.96693 2884 0.8735 0.016265
7.96936 2891 0.8102 0.015068
7.97143 2897 0.7868 0.014618
7.97384 2904 0.5817 0.010794
7.97591 2910 0.7353 0.013631
7.97831 2917 0.6733 0.012466
7.98037 2923 0.9439 0.017459
7.98276 2930 1.0948 0.020226
7.98480 2936 1.1289 0.020834
7.98718 2943 1.3603 0.025074
7.98956 2950 1.2883 0.023720
7.99159 2956 1.6477 0.030306
7.99396 2963 1.4853 0.027287
7.99632 2970 1.5728 0.028861
7.99834 2976 1.7709 0.032462
8.00068 2983 1.2562 0.023000
8.00303 2990 1.7854 0.032652
8.00503 2996 1.9998 0.036535
8.00737 3003 1.9667 0.035889
8.00970 3010 2.7676 0.050446
8.01202 3017 2.5777 0.046929
8.01434 3024 2.6994 0.049088
8.01632 3030 3.0491 0.055392
8.01863 3037 2.6122 0.047400
8.02093 3044 2.5920 0.046980
8.02322 3051 2.4772 0.044848
8.02552 3058 2.2247 0.040231
8.02780 3065 2.3168 0.041848
8.03008 3072 2.4986 0.045080
8.03204 3078 2.6989 0.048647
8.03431 3085 2.9346 0.052835
8.03657 3092 3.2431 0.058324
8.03883 3099 3.3209 0.059654
8.04109 3106 3.3926 0.060874
8.04334 3113 3.2089 0.057512
8.04559 3120 3.0928 0.055370
8.04783 3127 3.1881 0.057012
8.05007 3134 2.6038 0.046511
8.05230 3141 2.8529 0.050904
8.05452 3148 2.7350 0.048745
8.05706 3156 2.6668 0.047469
8.05928 3163 3.1979 0.056861
8.06149 3170 2.8862 0.051261
8.06369 3177 3.2974 0.058501
8.06589 3184 3.5687 0.063245
8.06809 3191 3.3312 0.058971
8.07028 3198 3.8398 0.067899
8.07278 3206 3.8300 0.067642
8.07496 3213 3.7044 0.065352
8.07714 3220 3.7156 0.065478
8.07931 3227 3.5488 0.062472
8.08178 3235 3.1496 0.055376
8.08395 3242 3.2157 0.056476
8.08610 3249 3.0096 0.052800
8.08856 3257 2.8131 0.049291
8.09071 3264 3.1627 0.055358
8.09285 3271 3.0137 0.052694
8.09529 3279 3.2337 0.056472
8.09743 3286 3.1464 0.054888
8.09955 3293 3.2564 0.056747
8.10198 3301 3.0717 0.053463
8.10410 3308 2.7952 0.048600
8.10651 3316 2.9358 0.050982
8.10862 3323 2.2869 0.039671
8.11103 3331 2.6834 0.046493
8.11313 3338 2.6000 0.045002
8.11552 3346 2.3271 0.040231
8.11761 3353 2.2894 0.039538
8.11999 3361 2.1720 0.037464
8.12207 3368 2.2690 0.039097
8.12445 3376 1.9757 0.034003
8.12652 3383 2.2060 0.037928
8.12888 3391 1.9580 0.033625
8.13124 3399 1.7594 0.030178
8.13329 3406 1.6743 0.028688
8.13564 3414 1.7323 0.029647
8.13798 3422 1.3826 0.023635
8.14002 3429 1.6057 0.027421
8.14235 3437 1.7425 0.029722
8.14468 3445 1.8793 0.032019
8.14700 3453 2.0032 0.034089
8.14902 3460 2.0494 0.034840
8.15133 3468 2.4023 0.040793
8.15364 3476 1.8672 0.031670
8.15594 3484 2.4734 0.041904
8.15823 3492 2.3107 0.039103
8.16052 3500 2.5161 0.042529
8.16252 3507 2.5232 0.042608
8.16479 3515 2.3183 0.039102
8.16707 3523 2.4281 0.040909
8.16934 3531 2.1332 0.035899
8.17160 3539 2.4083 0.040483
8.17386 3547 2.3963 0.040235
8.17611 3555 2.1282 0.035695
8.17836 3563 1.9650 0.032920
8.18060 3571 1.8612 0.031145
8.18284 3579 1.4288 0.023884
8.18507 3587 1.4049 0.023458
8.18730 3595 1.2896 0.021509
8.18952 3603 1.6711 0.027840
8.19202 3612 1.3510 0.022479
8.19423 3620 1.5693 0.026083
8.19644 3628 1.3572 0.022532
8.19864 3636 1.6384 0.027171
8.20084 3644 1.1101 0.018390
8.20303 3652 1.0781 0.017840
8.20549 3661 1.2598 0.020821
8.20767 3669 1.6014 0.026438
8.20985 3677 1.7882 0.029489
8.21203 3685 1.5301 0.025206
8.21447 3694 1.5934 0.026216
8.21663 3702 1.5235 0.025039
8.21879 3710 1.4755 0.024225
8.22121 3719 1.1585 0.018997
8.22336 3727 1.1596 0.018994
8.22550 3735 1.4628 0.023936
8.22791 3744 1.5562 0.025434
8.23004 3752 1.7419 0.028438
8.23244 3761 1.7281 0.028179
8.23456 3769 2.0217 0.032931
8.23695 3778 1.7622 0.028670
8.23907 3786 1.5319 0.024897
8.24144 3795 1.6222 0.026332
8.24355 3803 1.7238 0.027953
8.24591 3812 1.9220 0.031130
8.24801 3820 1.6146 0.026123
8.25036 3829 1.9220 0.031061
8.25271 3838 1.8662 0.030123
8.25479 3846 2.1541 0.034735
8.25713 3855 2.1579 0.034755
8.25946 3864 2.2564 0.036299
8.26153 3872 2.2113 0.035537
8.26385 3881 2.3834 0.038259
8.26616 3890 2.6828 0.043014
8.26848 3899 2.4049 0.038515
8.27053 3907 2.2917 0.036664
8.27283 3916 2.1075 0.033678
8.27512 3925 2.5349 0.040461
8.27741 3934 2.5454 0.040582
8.27970 3943 2.7860 0.044367
8.28198 3952 2.4272 0.038609
8.28400 3960 2.6596 0.042265
8.28627 3969 2.4024 0.038134
8.28853 3978 2.9473 0.046729
8.29079 3987 2.5019 0.039623
8.29305 3996 2.9536 0.046724
8.29530 4005 2.7008 0.042677
8.29754 4014 3.0876 0.048734
8.29978 4023 3.2680 0.051523
8.30202 4032 3.4870 0.054915
8.30425 4041 3.5302 0.055533
8.30672 4051 3.3341 0.052384
8.30894 4060 3.5277 0.055364
8.31115 4069 3.3502 0.052520
8.31336 4078 3.6889 0.057765
8.31557 4087 3.4285 0.053630
8.31777 4096 3.7844 0.059132
8.32020 4106 3.4749 0.054229
8.32239 4115 3.6375 0.056705
8.32458 4124 3.3347 0.051927
8.32676 4133 3.7316 0.058045
8.32918 4143 3.7010 0.057500
8.33135 4152 4.0900 0.063474
8.33351 4161 4.1694 0.064637
8.33591 4171 4.3828 0.067863
8.33807 4180 4.2505 0.065743
8.34046 4190 4.0425 0.062452
8.34260 4199 4.0951 0.063196
8.34474 4208 3.8216 0.058913
8.34712 4218 3.5296 0.054347
8.34925 4227 2.9968 0.046093
8.35161 4237 2.6122 0.040131
8.35397 4247 2.7738 0.042563
8.35609 4256 2.6270 0.040269
8.35843 4266 3.1297 0.047918
8.36054 4275 3.1000 0.047413
8.36288 4285 3.4916 0.053339
8.36521 4295 2.7010 0.041215
8.36730 4304 2.4893 0.037944
8.36962 4314 1.7935 0.027306
8.37194 4324 1.9459 0.029593
8.37402 4333 2.2552 0.034260
8.37632 4343 2.6229 0.039801
8.37862 4353 2.7958 0.042375
8.38092 4363 2.9034 0.043955
8.38320 4373 2.4796 0.037497
8.38526 4382 2.3327 0.035239
8.38754 4392 2.1345 0.032208
8.38981 4402 2.4121 0.036356
8.39208 4412 2.4747 0.037257
8.39435 4422 3.0578 0.045984
8.39661 4432 3.1688 0.047598
8.39886 4442 3.3800 0.050714
8.40111 4452 3.7666 0.056450
8.40335 4462 3.6091 0.054030
8.40559 4472 4.1158 0.061546
8.40782 4482 3.7608 0.056174
8.41005 4492 3.8541 0.057504
8.41228 4502 3.5290 0.052595
8.41450 4512 3.4332 0.051111
8.41693 4523 3.2051 0.047658
8.41914 4533 3.2883 0.048840
8.42134 4543 3.3364 0.049500
8.42354 4553 3.5159 0.052106
8.42574 4563 3.2736 0.048461
8.42814 4574 3.5768 0.052887
8.43033 4584 3.3288 0.049166
8.43251 4594 3.3833 0.049917
8.43490 4605 3.6455 0.053721
8.43707 4615 3.3820 0.049784
8.43923 4625 3.7241 0.054761
8.44161 4636 3.2357 0.047522
8.44376 4646 3.1006 0.045490
8.44613 4657 2.9735 0.043572
8.44827 4667 2.9031 0.042496
8.45063 4678 3.2940 0.048160
8.45276 4688 3.7796 0.055201
8.45510 4699 4.0173 0.058604
8.45723 4709 4.0210 0.058596
8.45956 4720 3.7660 0.054817
8.46189 4731 3.6383 0.052896
8.46400 4741 3.9268 0.057030
8.46632 4752 3.5390 0.051339
8.46863 4763 3.6195 0.052445
8.47073 4773 3.6093 0.052243
8.47303 4784 3.5104 0.050753
8.47533 4795 3.9685 0.057310
8.47762 4806 3.8423 0.055424
8.47991 4817 4.1900 0.060371
8.48198 4827 4.4356 0.063842
8.48426 4838 4.8053 0.069086
8.48653 4849 4.5645 0.065549
8.48879 4860 4.5930 0.065884
8.49105 4871 4.3255 0.061976
8.49331 4882 4.1026 0.058716
8.49556 4893 3.9817 0.056922
8.49781 4904 3.7569 0.053648
8.50005 4915 4.1963 0.059856
8.50228 4926 4.1784 0.059534
8.50451 4937 3.9276 0.055898
8.50674 4948 4.3425 0.061735
8.50916 4960 4.2191 0.059907
8.51138 4971 4.0796 0.057862
8.51359 4982 4.1333 0.058560
8.51579 4993 4.0025 0.056643
8.51799 5004 4.1236 0.058293
8.52039 5016 4.1602 0.058740
8.52258 5027 3.8284 0.053997
8.52476 5038 3.3669 0.047435
8.52714 5050 3.3047 0.046504
8.52932 5061 3.0437 0.042784
8.53149 5072 2.8916 0.040602
8.53385 5084 3.2282 0.045275
8.53601 5095 3.0846 0.043214
8.53837 5107 2.9327 0.041038
8.54052 5118 2.9565 0.041326
8.54286 5130 2.8942 0.040408
8.54500 5141 2.8990 0.040431
8.54733 5153 2.6994 0.037605
8.54947 5164 2.4009 0.033411
8.55179 5176 1.8874 0.026234
8.55410 5188 1.6293 0.022621
8.55622 5199 1.6603 0.023026
8.55853 5211 1.6133 0.022348
8.56083 5223 1.9928 0.027575
8.56312 5235 2.3453 0.032414
8.56522 5246 2.2484 0.031043
8.56751 5258 2.4271 0.033471
8.56979 5270 2.8214 0.038865
8.57206 5282 2.5172 0.034635
8.57433 5294 2.3771 0.032671
8.57659 5306 2.4834 0.034093
8.57885 5318 2.1925 0.030065
8.58111 5330 2.2065 0.030223
8.58336 5342 2.3286 0.031860
8.58560 5354 2.5073 0.034266
8.58784 5366 2.2864 0.031212
8.59007 5378 1.7175 0.023420
8.59230 5390 1.5788 0.021504
8.59452 5402 1.4986 0.020389
8.59674 5414 1.5722 0.021368
8.59896 5426 2.0971 0.028469
8.60135 5439 2.0341 0.027581
8.60355 5451 1.3351 0.018083
8.60575 5463 0.9556 0.012929
8.60795 5475 0.6415 0.008669
8.61032 5488 0.8297 0.011200
8.61250 5500 0.9086 0.012252
8.61486 5513 1.2020 0.016188
8.61704 5525 1.3218 0.017783
8.61921 5537 1.2049 0.016193
8.62155 5550 0.8372 0.011238
8.62371 5562 0.9660 0.012952
8.62605 5575 1.2335 0.016520
8.62820 5587 0.7996 0.010697
8.63052 5600 0.6965 0.009307
8.63284 5613 0.8849 0.011812
8.63498 5625 0.3831 0.005108
8.63728 5638 0.2108 0.002807
8.63959 5651 -0.2222 -0.002955
8.64171 5663 -0.2595 -0.003448
8.64400 5676 -0.1782 -0.002365
8.64629 5689 -0.3326 -0.004410
8.64857 5702 -0.5539 -0.007335
8.65085 5715 -0.6728 -0.008900
8.65295 5727 -0.8043 -0.010628
8.65521 5740 -0.8429 -0.011126
8.65748 5753 -0.6707 -0.008843
8.65973 5766 -0.3479 -0.004582
8.66199 5779 -0.1418 -0.001866
8.66423 5792 -0.1851 -0.002432
8.66647 5805 -0.0927 -0.001217
8.66871 5818 -0.2607 -0.003417
8.67094 5831 -0.6546 -0.008572
8.67334 5845 -0.6062 -0.007930
8.67556 5858 -0.8862 -0.011578
8.67778 5871 -1.0954 -0.014297
8.67999 5884 -1.1400 -0.014861
8.68220 5897 -1.3310 -0.017332
8.68457 5911 -1.4650 -0.019055
8.68677 5924 -1.3416 -0.017431
8.68896 5937 -0.8962 -0.011632
8.69131 5951 -0.6824 -0.008846
8.69350 5964 -0.6148 -0.007961
8.69584 5978 -0.6616 -0.008557
8.69801 5991 -0.7168 -0.009260
8.70018 6004 -0.8614 -0.011117
8.70251 6018 -1.0351 -0.013343
8.70483 6032 -1.1622 -0.014964
8.70699 6045 -1.7254 -0.022192
8.70930 6059 -2.4527 -0.031510
8.71144 6072 -2.1172 -0.027170
8.71375 6086 -1.6996 -0.021787
8.71604 6100 -1.7266 -0.022107
8.71817 6113 -1.7343 -0.022181
8.72046 6127 -1.9783 -0.025273
8.72274 6141 -1.8383 -0.023459
8.72502 6155 -1.1810 -0.015054
8.72729 6169 -0.7704 -0.009808
8.72956 6183 -1.0325 -0.013131
8.73182 6197 -0.7603 -0.009659
8.73408 6211 -0.1051 -0.001333
8.73617 6224 0.4423 0.005606
8.73858 6239 0.6750 0.008546
8.74082 6253 0.7109 0.008991
8.74305 6267 0.3918 0.004950
8.74528 6281 0.5610 0.007079
8.74751 6295 1.0936 0.013784
8.74973 6309 0.9666 0.012170
8.75195 6323 0.6422 0.008076
8.75432 6338 0.5660 0.007109
8.75653 6352 0.1511 0.001896
8.75873 6366 -0.2707 -0.003393
8.76092 6380 0.1302 0.001630
8.76327 6395 0.3546 0.004435
8.76546 6409 0.3795 0.004740
8.76780 6424 0.1333 0.001663
8.76997 6438 0.0713 0.000889
8.77230 6453 -0.4101 -0.005105
8.77447 6467 -1.0044 -0.012489
8.77678 6482 -0.8884 -0.011035
8.77894 6496 -0.7291 -0.009046
8.78125 6511 -0.6904 -0.008556
8.78355 6526 -0.7490 -0.009272
8.78569 6540 -1.1063 -0.013679
8.78798 6555 -1.6151 -0.019949
8.79027 6570 -1.8332 -0.022616
8.79255 6585 -1.6848 -0.020762
8.79467 6599 -1.8800 -0.023143
8.79694 6614 -1.9244 -0.023662
8.79921 6629 -2.1362 -0.026237
8.80147 6644 -2.1212 -0.026024
8.80372 6659 -1.7097 -0.020952
8.80597 6674 -1.5452 -0.018915
8.80822 6689 -1.4649 -0.017911
8.81046 6704 -1.0878 -0.013286
8.81269 6719 -1.3502 -0.016471
8.81492 6734 -1.0838 -0.013208
8.81730 6750 -0.4218 -0.005135
8.81952 6765 -0.3381 -0.004111
8.82173 6780 -0.5066 -0.006152
8.82394 6795 -1.0825 -0.013132
8.82629 6811 -1.3074 -0.015841
8.82849 6826 -1.2222 -0.014793
8.83069 6841 -1.5995 -0.019339
8.83303 6857 -1.7302 -0.020894
8.83521 6872 -1.6498 -0.019901
8.83754 6888 -1.4552 -0.017534
8.83971 6903 -0.9305 -0.011199
8.84203 6919 -0.9997 -0.012018
8.84419 6934 -0.7853 -0.009430
8.84650 6950 -0.5563 -0.006673
8.84865 6965 -0.6060 -0.007261
8.85095 6981 -0.9142 -0.010941
8.85324 6997 -1.5503 -0.018533
8.85552 7013 -1.4946 -0.017847
8.85766 7028 -1.1150 -0.013300
8.85993 7044 -0.5245 -0.006250
8.86220 7060 -0.5137 -0.006114
8.86446 7076 -0.4870 -0.005789
8.86672 7092 -0.5268 -0.006256
8.86898 7108 -0.8099 -0.009607
8.87122 7124 -1.2832 -0.015203
8.87347 7140 -1.7671 -0.020913
8.87571 7156 -1.1975 -0.014156
8.87794 7172 -0.9674 -0.011423
8.88017 7188 -0.6288 -0.007417
8.88239 7204 -0.9727 -0.011460
8.88475 7221 -0.9809 -0.011543
8.88696 7237 -0.9349 -0.010989
8.88917 7253 -0.5411 -0.006354
8.89151 7270 -0.4988 -0.005850
8.89371 7286 -0.2298 -0.002692
8.89590 7302 -0.7934 -0.009285
8.89823 7319 -0.8046 -0.009405
8.90041 7335 -1.1646 -0.013598
8.90273 7352 -0.8641 -0.010078
8.90490 7368 -0.9870 -0.011498
8.90721 7385 -1.1238 -0.013077
8.90951 7402 -1.2590 -0.014633
8.91166 7418 -1.1580 -0.013446
8.91395 7435 -1.4687 -0.017033
8.91624 7452 -1.2502 -0.014483
8.91838 7468 -1.5130 -0.017509
8.92066 7485 -1.5745 -0.018199
8.92292 7502 -2.2632 -0.026130
8.92519 7519 -2.9183 -0.033655
8.92745 7536 -3.4321 -0.039536
8.92970 7553 -3.0731 -0.035361
8.93195 7570 -2.7944 -0.032117
8.93419 7587 -2.7664 -0.031760
8.93643 7604 -3.0775 -0.035292
8.93866 7621 -3.0489 -0.034925
8.94089 7638 -2.8917 -0.033088
8.94324 7656 -3.3549 -0.038343
8.94546 7673 -2.7701 -0.031624
8.94768 7690 -2.4769 -0.028245
8.94988 7707 -2.3009 -0.026209
8.95222 7725 -2.1658 -0.024641
8.95442 7742 -2.0092 -0.022835
8.95674 7760 -1.6433 -0.018654
8.95893 7777 -2.2699 -0.025739
8.96124 7795 -2.5178 -0.028518
8.96342 7812 -2.5493 -0.028843
8.96572 7830 -1.8678 -0.021108
8.96789 7847 -1.4220 -0.016053
8.97018 7865 -1.8801 -0.021200
8.97246 7883 -1.9813 -0.022315
8.97462 7900 -1.7962 -0.020209
8.97689 7918 -1.7274 -0.019413
8.97916 7936 -1.7444 -0.019581
8.98143 7954 -2.3793 -0.026678
8.98369 7972 -2.1958 -0.024593
8.98595 7990 -1.7912 -0.020039
8.98820 8008 -1.6652 -0.018608
8.99044 8026 -1.4154 -0.015799
8.99268 8044 -1.5643 -0.017441
8.99492 8062 -1.5845 -0.017647
8.99715 8080 -1.3191 -0.014675
8.99937 8098 -1.1409 -0.012678
9.00172 8117 -1.0652 -0.011823
9.00393 8135 -1.1927 -0.013224
9.00614 8153 -1.0112 -0.011199
9.00847 8172 -0.7561 -0.008364
9.01067 8190 -0.3743 -0.004136
9.01286 8208 -0.3947 -0.004357
9.01518 8227 -0.0978 -0.001078
9.01736 8245 -0.1383 -0.001524
9.01966 8264 -0.4703 -0.005173
9.02196 8283 -0.8195 -0.009004
9.02413 8301 -0.9586 -0.010522
9.02642 8320 -1.1575 -0.012690
9.02870 8339 -1.2712 -0.013920
9.03085 8357 -0.7132 -0.007801
9.03313 8376 -1.2121 -0.013244
9.03539 8395 -1.8536 -0.020230
9.03765 8414 -1.6748 -0.018259
9.03991 8433 -1.1246 -0.012246
9.04216 8452 -1.2455 -0.013547
9.04440 8471 -2.0364 -0.022126
9.04664 8490 -1.9829 -0.021520
9.04888 8509 -2.0541 -0.022268
9.05111 8528 -2.0143 -0.021812
9.05345 8548 -2.7834 -0.030105
9.05567 8567 -2.5414 -0.027457
9.05789 8586 -2.4824 -0.026790
9.06010 8605 -3.2427 -0.034956
9.06242 8625 -3.7898 -0.040807
9.06462 8644 -3.5939 -0.038655
9.06693 8664 -3.5454 -0.038090
9.06912 8683 -3.9881 -0.042798
9.07142 8703 -3.4283 -0.036749
9.07360 8722 -3.5441 -0.037949
9.07589 8742 -3.6093 -0.038602
9.07818 8762 -3.6057 -0.038520
9.08035 8781 -3.6013 -0.038431
9.08262 8801 -3.6389 -0.038789
9.08489 8821 -3.4555 -0.036792
9.08716 8841 -3.1401 -0.033396
9.08941 8861 -3.0574 -0.032480
9.09167 8881 -2.9320 -0.031112
9.09392 8901 -2.9445 -0.031209
9.09616 8921 -2.9590 -0.031329
9.09840 8941 -3.2120 -0.033969
9.10064 8961 -3.4011 -0.035929
9.10287 8981 -3.2072 -0.033842
9.10509 9001 -2.9900 -0.031516
9.10742 9022 -3.2519 -0.034237
9.10964 9042 -3.6196 -0.038066
9.11185 9062 -3.5103 -0.036875
9.11416 9083 -3.5510 -0.037259
9.11636 9103 -3.7382 -0.039181
9.11866 9124 -4.0856 -0.042773
9.12085 9144 -3.6534 -0.038206
9.12315 9165 -3.1293 -0.032687
9.12533 9185 -3.1389 -0.032752
9.12761 9206 -3.7784 -0.039380
9.12989 9227 -3.3171 -0.034533
9.13216 9248 -3.5805 -0.037232
9.13443 9269 -3.9471 -0.040998
9.13659 9289 -4.2248 -0.043835
9.13884 9310 -3.8391 -0.039789
9.14110 9331 -3.5296 -0.036539
9.14335 9352 -3.6454 -0.037696
9.14559 9373 -3.7464 -0.038697
9.14783 9394 -3.6901 -0.038072
9.15017 9416 -3.4978 -0.036046
9.15239 9437 -3.5030 -0.036060
9.15462 9458 -4.1628 -0.042804
9.15683 9479 -4.2730 -0.043889
9.15915 9501 -3.2408 -0.033248
9.16136 9522 -2.7226 -0.027901
9.16367 9544 -2.9855 -0.030560
9.16587 9565 -2.7075 -0.027684
9.16816 9587 -2.0121 -0.020549
9.17035 9608 -2.2170 -0.022618
9.17264 9630 -2.9472 -0.030033
9.17482 9651 -2.7183 -0.027670
9.17709 9673 -2.5809 -0.026241
9.17937 9695 -2.3264 -0.023627
9.18163 9717 -2.4095 -0.024443
9.18389 9739 -2.6126 -0.026474
9.18615 9761 -2.8134 -0.028477
9.18840 9783 -3.2061 -0.032414
9.19065 9805 -2.9114 -0.029403
9.19289 9827 -2.4367 -0.024580
9.19513 9849 -2.5903 -0.026101
9.19736 9871 -2.6574 -0.026747
9.19958 9893 -2.8082 -0.028233
9.20190 9916 -3.3274 -0.033415
9.20412 9938 -3.8660 -0.038780
9.20633 9960 -3.8267 -0.038344
9.20864 9983 -3.6094 -0.036125
9.21084 10005 -4.0316 -0.040306
9.21314 10028 -3.8810 -0.038756
9.21533 10050 -3.7823 -0.037729
9.21761 10073 -4.4273 -0.044112
9.21989 10096 -4.5304 -0.045088
9.22207 10118 -4.4821 -0.044559
9.22434 10141 -4.8778 -0.048438
9.22661 10164 -4.0513 -0.040184
9.22887 10187 -3.8577 -0.038221
9.23112 10210 -4.2002 -0.041568
9.23337 10233 -3.3979 -0.033590
9.23562 10256 -3.1094 -0.030703
9.23786 10279 -3.5264 -0.034782
9.24009 10302 -2.9843 -0.029402
9.24232 10325 -3.0422 -0.029940
9.24455 10348 -3.5212 -0.034615
9.24687 10372 -4.6423 -0.045583
9.24908 10395 -4.4413 -0.043561
9.25139 10419 -4.3835 -0.042945
9.25359 10442 -4.4410 -0.043460
9.25579 10465 -3.8863 -0.037990
9.25808 10489 -3.6952 -0.036081
9.26037 10513 -3.8310 -0.037364
9.26255 10536 -4.0611 -0.039564
9.26483 10560 -3.9547 -0.038484
9.26710 10584 -3.9158 -0.038062
9.26936 10608 -3.7132 -0.036052
9.27162 10632 -4.1207 -0.039963
9.27388 10656 -3.9127 -0.037904
9.27613 10680 -4.0559 -0.039246
9.27837 10704 -4.2285 -0.040871
9.28061 10728 -3.9992 -0.038611
9.28285 10752 -4.0415 -0.038976
9.28508 10776 -3.2343 -0.031157
9.28730 10800 -3.4405 -0.033106
9.28961 10825 -2.9912 -0.028750
9.29183 10849 -2.3458 -0.022521
9.29404 10873 -2.6430 -0.025347
9.29633 10898 -2.4490 -0.023460
9.29853 10922 -2.7093 -0.025925
9.30082 10947 -2.3735 -0.022685
9.30310 10972 -1.7460 -0.016668
9.30529 10996 -1.4054 -0.013402
9.30756 11021 -1.6896 -0.016094
9.30982 11046 -1.5412 -0.014664
9.31208 11071 -1.6968 -0.016126
9.31434 11096 -2.0988 -0.019925
9.31659 11121 -1.3468 -0.012771
9.31884 11146 -1.4252 -0.013500
9.32108 11171 -2.1478 -0.020321
9.32331 11196 -2.3930 -0.022616
9.32554 11221 -2.6968 -0.025459
9.32786 11247 -2.9170 -0.027505
9.33008 11272 -2.9545 -0.027828
9.33229 11297 -3.6150 -0.034011
9.33459 11323 -3.4659 -0.032571
9.33680 11348 -3.7162 -0.034885
9.33909 11374 -3.5206 -0.033011
9.34128 11399 -3.7716 -0.035326
9.34356 11425 -3.4668 -0.032434
9.34583 11451 -4.0788 -0.038116
9.34810 11477 -3.9821 -0.037170
9.35028 11502 -4.2871 -0.039974
9.35253 11528 -4.9214 -0.045837
9.35479 11554 -5.0250 -0.046749
9.35703 11580 -4.9143 -0.045667
9.35928 11606 -5.9101 -0.054860
9.36152 11632 -5.2620 -0.048789
9.36383 11659 -4.9131 -0.045501
9.36606 11685 -5.6757 -0.052506
9.36828 11711 -5.5194 -0.051003
9.37059 11738 -5.4253 -0.050076
9.37280 11764 -4.7721 -0.043998
9.37509 11791 -4.8893 -0.045027
9.37729 11817 -4.5724 -0.042062
9.37958 11844 -4.3233 -0.039725
9.38177 11870 -4.8028 -0.044083
9.38404 11897 -4.9914 -0.045762
9.38631 11924 -4.3261 -0.039617
9.38857 11951 -4.1986 -0.038406
9.39083 11978 -4.1545 -0.037960
9.39308 12005 -3.8699 -0.035320
9.39533 12032 -4.3510 -0.039667
9.39757 12059 -3.8246 -0.034828
9.39980 12086 -3.4474 -0.031358
9.40203 12113 -3.8525 -0.035004
9.40426 12140 -4.1239 -0.037428
9.40656 12168 -4.5040 -0.040831
9.40878 12195 -4.6163 -0.041802
9.41107 12223 -4.5362 -0.041030
9.41328 12250 -4.4544 -0.040246
9.41556 12278 -3.9610 -0.035747
9.41776 12305 -3.3002 -0.029751
9.42003 12333 -3.7441 -0.033714
9.42230 12361 -3.5723 -0.032130
9.42456 12389 -3.8952 -0.034996
9.42682 12417 -4.4862 -0.040260
9.42899 12444 -4.4389 -0.039792
9.43124 12472 -4.6808 -0.041914
9.43356 12501 -4.7719 -0.042679
9.43580 12529 -4.1057 -0.036680
9.43803 12557 -4.7769 -0.042629
9.44026 12585 -4.2687 -0.038051
9.44256 12614 -4.2953 -0.038244
9.44478 12642 -4.0071 -0.035639
9.44699 12670 -4.1158 -0.036565
9.44928 12699 -4.1105 -0.036476
9.45156 12728 -3.6143 -0.032037
9.45376 12756 -3.4654 -0.030683
9.45603 12785 -3.3999 -0.030069
9.45829 12814 -2.7490 -0.024285
9.46055 12843 -4.0553 -0.035784
9.46273 12871 -4.4025 -0.038806
9.46498 12900 -4.4951 -0.039577
9.46731 12930 -4.5865 -0.040335
9.46955 12959 -4.7293 -0.041545
9.47178 12988 -4.3660 -0.038310
9.47401 13017 -4.5999 -0.040317
9.47624 13046 -4.5606 -0.039929
9.47853 13076 -3.5059 -0.030659
9.48075 13105 -3.8641 -0.033754
9.48304 13135 -4.4849 -0.039133
9.48524 13164 -4.5818 -0.039934
9.48752 13194 -4.0978 -0.035675
9.48979 13224 -4.2208 -0.036704
9.49198 13253 -3.7969 -0.032982
9.49424 13283 -4.1959 -0.036407
9.49650 13313 -3.6879 -0.031962
9.49875 13343 -3.5960 -0.031131
9.50099 13373 -3.9775 -0.034395
9.50323 13403 -4.0811 -0.035251
9.50547 13433 -4.2113 -0.036335
9.50777 13464 -3.0614 -0.026384
9.51000 13494 -3.1252 -0.026904
9.51222 13524 -4.2134 -0.036231
9.51451 13555 -4.6998 -0.040367
9.51672 13585 -5.0502 -0.043329
9.51900 13616 -4.8737 -0.041767
9.52127 13647 -5.3788 -0.046043
9.52347 13677 -5.4416 -0.046530
9.52573 13708 -5.5629 -0.047513
9.52799 13739 -5.3433 -0.045586
9.53025 13770 -5.4710 -0.046623
9.53250 13801 -5.7809 -0.049209
9.53474 13832 -6.9736 -0.059294
9.53698 13863 -6.9519 -0.059044
9.53921 13894 -5.9650 -0.050605
9.54151 13926 -6.3672 -0.053955
9.54374 13957 -6.1831 -0.052337
9.54603 13989 -5.5667 -0.047066
9.54824 14020 -5.7567 -0.048619
9.55052 14052 -5.5591 -0.046896
9.55272 14083 -6.5950 -0.055574
9.55499 14115 -7.5363 -0.063433
9.55726 14147 -6.8184 -0.057325
9.55952 14179 -6.8062 -0.057159
9.56177 14211 -6.0920 -0.051103
9.56402 14243 -5.6617 -0.047440
9.56627 14275 -5.7380 -0.048026
9.56850 14307 -6.1893 -0.051745
9.57074 14339 -5.5127 -0.046036
9.57297 14371 -5.3477 -0.044609
9.57526 14404 -4.3572 -0.036305
9.57748 14436 -4.4241 -0.036821
9.57976 14469 -4.0597 -0.033750
9.58197 14501 -4.5805 -0.038038
9.58425 14534 -4.5961 -0.038124
9.58645 14566 -4.0388 -0.033464
9.58871 14599 -4.4171 -0.036557
9.59097 14632 -4.5279 -0.037432
9.59322 14665 -4.7298 -0.039057
9.59547 14698 -5.0061 -0.041292
9.59771 14731 -4.8469 -0.039935
9.59995 14764 -4.8686 -0.040069
9.60225 14798 -4.9954 -0.041065
9.60447 14831 -4.7585 -0.039074
9.60670 14864 -3.9891 -0.032719
9.60898 14898 -4.3509 -0.035646
9.61119 14931 -4.6215 -0.037821
9.61347 14965 -4.7258 -0.038631
9.61574 14999 -4.9178 -0.040155
9.61794 15032 -4.9251 -0.040171
9.62020 15066 -4.1579 -0.033875
9.62245 15100 -4.2984 -0.034980
9.62470 15134 -3.1911 -0.025940
9.62694 15168 -3.8346 -0.031135
9.62918 15202 -3.8730 -0.031412
9.63148 15237 -3.9346 -0.031875
9.63371 15271 -3.9446 -0.031921
9.63593 15305 -2.9888 -0.024159
9.63822 15340 -3.2977 -0.026625
9.64043 15374 -3.0768 -0.024815
9.64271 15409 -2.5993 -0.020939
9.64498 15444 -2.9986 -0.024129
9.64724 15479 -2.4349 -0.019571
9.64943 15513 -2.3117 -0.018561
9.65169 15548 -1.7773 -0.014253
9.65394 15583 -1.8722 -0.014998
9.65618 15618 -2.1878 -0.017506
9.65848 15654 -2.1769 -0.017399
9.66072 15689 -1.9746 -0.015764
9.66294 15724 -1.4959 -0.011930
9.66523 15760 -2.7286 -0.021735
9.66745 15795 -3.5490 -0.028239
9.66973 15831 -3.5591 -0.028287
9.67193 15866 -4.6779 -0.037138
9.67420 15902 -5.8021 -0.046011
9.67646 15938 -5.5367 -0.043857
9.67872 15974 -4.7779 -0.037803
9.68097 16010 -3.6505 -0.028851
9.68321 16046 -3.3772 -0.026661
9.68546 16082 -2.8211 -0.022246
9.68769 16118 -3.1919 -0.025142
9.68992 16154 -3.4338 -0.027017
9.69221 16191 -4.3623 -0.034283
9.69443 16227 -4.2317 -0.033219
9.69671 16264 -4.0544 -0.031791
9.69892 16300 -4.3565 -0.034123
9.70119 16337 -4.9164 -0.038465
9.70345 16374 -4.7959 -0.037479
9.70571 16411 -5.8826 -0.045920
9.70796 16448 -6.5017 -0.050696
9.71021 16485 -5.7494 -0.044779
9.71245 16522 -6.2287 -0.048458
9.71469 16559 -5.6658 -0.044030
9.71692 16596 -6.0497 -0.046960
9.71920 16634 -6.1622 -0.047779
9.72143 16671 -5.5675 -0.043120
9.72370 16709 -6.1392 -0.047494
9.72591 16746 -6.1480 -0.047510
9.72818 16784 -6.4783 -0.050005
9.73044 16822 -6.0741 -0.046832
9.73270 16860 -6.5849 -0.050713
9.73495 16898 -5.5454 -0.042660
9.73720 16936 -5.8124 -0.044663
9.73944 16974 -5.2516 -0.040309
9.74167 17012 -4.6434 -0.035601
9.74391 17050 -4.3891 -0.033613
9.74619 17089 -4.1584 -0.031811
9.74841 17127 -4.7774 -0.036505
9.75069 17166 -4.2504 -0.032441
9.75290 17204 -4.2593 -0.032473
9.75516 17243 -4.5876 -0.034937
9.75742 17282 -5.1727 -0.039348
9.75967 17321 -5.3009 -0.040277
9.76192 17360 -5.1173 -0.038839
9.76417 17399 -5.7291 -0.043433
9.76641 17438 -6.3472 -0.048065
9.76864 17477 -7.0351 -0.053215
9.77093 17517 -7.8495 -0.059308
9.77315 17556 -6.8110 -0.051404
9.77543 17596 -7.6096 -0.057366
9.77764 17635 -6.2635 -0.047166
9.77991 17675 -6.1675 -0.046390
9.78217 17715 -5.8006 -0.043582
9.78442 17755 -5.3378 -0.040059
9.78667 17795 -4.1137 -0.030838
9.78892 17835 -3.4950 -0.026170
9.79116 17875 -3.4696 -0.025951
9.79339 17915 -3.1771 -0.023736
9.79568 17956 -2.1688 -0.016185
9.79790 17996 -2.3001 -0.017146
9.80018 18037 -1.6959 -0.012628
9.80240 18077 -1.9672 -0.014632
9.80466 18118 -3.1409 -0.023334
9.80692 18159 -3.3971 -0.025210
9.80918 18200 -3.5137 -0.026045
9.81143 18241 -2.6986 -0.019981
9.81367 18282 -2.2597 -0.016712
9.81591 18323 -1.1571 -0.008548
9.81815 18364 -1.2718 -0.009385
9.82038 18405 -2.1428 -0.015795
9.82266 18447 -2.2416 -0.016504
9.82488 18488 -2.1117 -0.015531
9.82715 18530 -1.4079 -0.010342
9.82941 18572 -1.2891 -0.009459
9.83167 18614 -0.4843 -0.003550
9.83387 18655 -0.6955 -0.005092
9.83612 18697 0.2267 0.001658
9.83842 18740 0.0720 0.000526
9.84065 18782 -0.2574 -0.001878
9.84289 18824 -0.3603 -0.002626
9.84512 18866 0.0767 0.000558
9.84739 18909 -0.4357 -0.003169
9.84966 18952 -0.3639 -0.002644
9.85188 18994 -0.7790 -0.005652
9.85414 19037 -0.1049 -0.000760
9.85640 19080 -0.2456 -0.001778
9.85865 19123 0.5046 0.003649
9.86089 19166 0.0088 0.000063
9.86313 19209 -0.0198 -0.000143
9.86537 19252 -0.5109 -0.003682
9.86765 19296 -0.7233 -0.005207
9.86988 19339 -2.3999 -0.017258
9.87215 19383 -1.9212 -0.013800
9.87437 19426 -2.7205 -0.019519
9.87663 19470 -3.0759 -0.022044
9.87889 19514 -3.3086 -0.023685
9.88114 19558 -3.0762 -0.021997
9.88339 19602 -2.3673 -0.016908
9.88563 19646 -2.4290 -0.017330
9.88787 19690 -2.0263 -0.014440
9.89015 19735 -2.1514 -0.015315
9.89238 19779 -1.6826 -0.011964
9.89465 19824 -1.6406 -0.011652
9.89687 19868 -2.3120 -0.016403
9.89913 19913 -2.3408 -0.016588
9.90139 19958 -1.8371 -0.013004
9.90364 20003 -1.5963 -0.011287
9.90588 20048 -0.9266 -0.006544
9.90813 20093 -0.3915 -0.002762
9.91036 20138 -0.5702 -0.004018
9.91260 20183 0.1931 0.001359
9.91487 20229 -0.2567 -0.001805
9.91709 20274 0.2385 0.001675
9.91936 20320 1.0597 0.007434
9.92162 20366 0.7234 0.005069
9.92388 20412 0.7475 0.005232
9.92613 20458 1.6638 0.011633
9.92838 20504 1.0933 0.007635
9.93062 20550 2.3526 0.016411
9.93285 20596 1.3597 0.009474
9.93513 20643 2.9141 0.020282
9.93736 20689 3.1751 0.022075
9.93963 20736 3.7017 0.025706
9.94184 20782 4.2473 0.029462
9.94410 20829 4.7898 0.033188
9.94636 20876 4.1828 0.028950
9.94860 20923 4.9898 0.034496
9.95085 20970 6.3619 0.043933
9.95309 21017 6.1396 0.042350
9.95537 21065 6.1099 0.042097
9.95760 21112 5.8952 0.040572
9.95987 21160 5.4275 0.037311
9.96209 21207 4.3929 0.030166
9.96435 21255 4.5043 0.030896
9.96660 21303 4.3936 0.030102
9.96885 21351 4.1310 0.028272
9.97110 21399 4.3067 0.029440
9.97334 21447 4.5773 0.031256
9.97558 21495 3.6670 0.025011
9.97785 21544 3.2448 0.022107
9.98008 21592 3.2856 0.022360
9.98234 21641 3.6449 0.024777
9.98461 21690 3.5927 0.024394
9.98686 21739 3.6174 0.024534
9.98907 21787 3.5573 0.024100
9.99136 21837 3.6505 0.024703
9.99360 21886 3.9656 0.026806
9.99584 21935 3.8785 0.026187
9.99807 21984 3.4312 0.023142
10.00034 22034 3.3882 0.022825
10.00261 22084 3.5053 0.023588
10.00482 22133 2.9952 0.020133
10.00708 22183 2.3161 0.015551
10.00933 22233 2.4390 0.016357
10.01158 22283 2.8937 0.019385
10.01382 22333 3.0434 0.020365
10.01610 22384 4.1116 0.027482
10.01833 22434 4.3805 0.029247
10.02056 22484 3.2915 0.021951
10.02282 22535 3.7986 0.025304
10.02509 22586 3.7641 0.025046
10.02734 22637 3.7343 0.024820
10.02959 22688 3.4337 0.022796
10.03184 22739 2.3230 0.015405
10.03408 22790 4.0756 0.026997
10.03631 22841 3.5608 0.023561
10.03859 22893 4.3332 0.028639
10.04081 22944 3.7325 0.024641
10.04308 22996 2.8354 0.018698
10.04533 23048 3.1621 0.020828
10.04759 23100 2.8627 0.018835
10.04984 23152 1.7514 0.011510
10.05208 23204 2.6393 0.017326
10.05432 23256 2.3297 0.015277
10.05655 23308 2.3035 0.015088
10.05882 23361 1.8083 0.011831
10.06105 23413 0.3087 0.002017
10.06331 23466 0.2621 0.001711
10.06556 23519 0.5021 0.003274
10.06781 23572 0.9703 0.006320
10.07006 23625 0.9775 0.006359
10.07230 23678 0.7316 0.004754
10.07458 23732 0.3826 0.002484
10.07681 23785 -0.3942 -0.002556
10.07908 23839 -1.2618 -0.008173
10.08130 23892 -1.6619 -0.010751
10.08356 23946 -1.5536 -0.010039
10.08581 24000 -1.9205 -0.012397
10.08806 24054 -0.4964 -0.003201
10.09030 24108 -0.6569 -0.004230
10.09254 24162 -1.2359 -0.007951
10.09481 24217 -1.7176 -0.011037
10.09704 24271 -1.4441 -0.009270
10.09930 24326 -0.8092 -0.005188
10.10156 24381 -0.6821 -0.004368
10.10381 24436 -0.8742 -0.005592
10.10606 24491 -1.6262 -0.010391
10.10830 24546 -2.5338 -0.016173
10.11054 24601 -2.3042 -0.014691
10.11282 24657 -2.7779 -0.017691
10.11504 24712 -2.8696 -0.018254
10.11731 24768 -3.1542 -0.020042
10.11957 24824 -3.1224 -0.019818
10.12178 24879 -2.2835 -0.014477
10.12403 24935 -1.5166 -0.009605
10.12631 24992 -0.5182 -0.003278
10.12855 25048 0.0376 0.000237
10.13078 25104 -0.5013 -0.003164
10.13305 25161 -0.0874 -0.000551
10.13527 25217 -0.8838 -0.005566
10.13753 25274 -0.3274 -0.002060
10.13978 25331 -0.0732 -0.000460
10.14203 25388 -0.5142 -0.003227
10.14427 25445 -0.6639 -0.004162
10.14655 25503 -1.3012 -0.008148
10.14878 25560 -1.3996 -0.008754
10.15105 25618 -1.8588 -0.011613
10.15327 25675 -1.3598 -0.008486
10.15553 25733 -1.8699 -0.011656
10.15778 25791 -0.2556 -0.001592
10.16003 25849 -0.1303 -0.000811
10.16227 25907 -0.2203 -0.001369
10.16454 25966 -0.0698 -0.000433
10.16677 26024 0.4974 0.003083
10.16904 26083 0.8691 0.005381
10.17126 26141 0.7023 0.004344
10.17351 26200 1.3353 0.008250
10.17576 26259 1.7180 0.010602
10.17801 26318 2.2042 0.013587
10.18029 26378 2.9690 0.018280
10.18252 26437 4.2298 0.026014
10.18479 26497 4.8654 0.029890
10.18701 26556 5.3611 0.032898
10.18927 26616 6.0427 0.037039
10.19152 26676 6.2823 0.038464
10.19377 26736 6.1250 0.037459
10.19601 26796 5.8870 0.035963
10.19828 26857 6.2746 0.038288
10.20051 26917 5.6063 0.034172
10.20278 26978 6.3882 0.038893
10.20500 27038 5.2596 0.031987
10.20725 27099 6.2118 0.037735
10.20950 27160 5.3437 0.032425
10.21178 27222 5.2432 0.031779
10.21402 27283 6.1643 0.037320
10.21625 27344 5.9612 0.036050
10.21852 27406 6.0572 0.036589
10.22078 27468 5.7062 0.034429
10.22300 27529 6.1537 0.037089
10.22524 27591 6.0716 0.036553
10.22753 27654 6.2923 0.037838
10.22977 27716 5.8204 0.034961
10.23200 27778 6.8013 0.040807
10.23427 27841 7.3952 0.044321
10.23649 27903 6.9232 0.041446
10.23874 27966 6.3255 0.037825
10.24099 28029 6.5299 0.039003
10.24324 28092 6.7981 0.040560
10.24552 28156 7.7653 0.046278
10.24775 28219 7.7748 0.046282
10.25002 28283 6.9559 0.041361
10.25224 28346 5.4560 0.032406
10.25450 28410 5.6757 0.033673
10.25675 28474 4.5112 0.026734
10.25899 28538 3.9485 0.023373
10.26123 28602 4.8334 0.028579
10.26350 28667 5.8844 0.034754
10.26573 28731 5.2749 0.031120
10.26799 28796 5.4233 0.031959
10.27025 28861 5.1256 0.030171
10.27250 28926 6.5207 0.038340
10.27474 28991 6.5114 0.038242
10.27698 29056 6.3418 0.037204
10.27925 29122 6.5617 0.038451
10.28148 29187 6.4557 0.037787
10.28374 29253 6.6654 0.038971
10.28599 29319 7.2866 0.042555
10.28824 29385 7.4021 0.043181
10.29048 29451 6.5088 0.037927
10.29272 29517 6.4249 0.037397
10.29499 29584 6.8698 0.039941
10.29722 29650 6.8082 0.039538
10.29947 29717 5.3927 0.031283
10.30173 29784 5.1780 0.030003
10.30397 29851 5.7689 0.033390
10.30622 29918 6.5020 0.037591
10.30849 29986 6.7155 0.038781
10.31072 30053 8.1077 0.046769
10.31298 30121 8.0823 0.046569
10.31523 30189 8.1029 0.046636
10.31748 30257 8.0059 0.046025
10.31973 30325 7.0789 0.040650
10.32197 30393 6.8955 0.039553
10.32424 30462 6.9841 0.040016
10.32647 30530 7.0765 0.040500
10.32872 30599 6.7830 0.038776
10.33098 30668 6.3399 0.036203
10.33322 30737 6.6864 0.038138
10.33546 30806 6.8837 0.039220
10.33773 30876 7.3985 0.042105
10.33997 30945 7.2302 0.041101
10.34223 31015 7.6328 0.043341
10.34448 31085 7.0502 0.039988
10.34673 31155 7.9254 0.044901
10.34897 31225 7.8430 0.044384
10.35121 31295 7.2455 0.040957
10.35345 31365 7.8207 0.044159
10.35571 31436 8.3857 0.047296
10.35797 31507 8.2167 0.046291
10.36022 31578 8.8548 0.049830
10.36246 31649 9.0259 0.050735
10.36470 31720 10.2072 0.057311
10.36697 31792 9.9509 0.055809
10.36920 31863 11.1706 0.062580
10.37146 31935 10.9707 0.061390
10.37371 32007 10.3914 0.058083
10.37596 32079 9.6022 0.053612
10.37820 32151 9.1872 0.051237
10.38047 32224 9.0484 0.050406
10.38270 32296 9.3629 0.052100
10.38496 32369 10.1213 0.056256
10.38721 32442 9.0063 0.050003
10.38946 32515 9.1601 0.050799
10.39170 32588 9.1230 0.050537
10.39394 32661 9.7429 0.053911
10.39620 32735 8.7854 0.048558
10.39846 32809 9.8877 0.054588
10.40071 32883 9.4003 0.051839
10.40296 32957 8.5897 0.047316
10.40520 33031 8.3626 0.046013
10.40744 33105 7.5592 0.041546
10.40970 33180 7.9027 0.043385
10.41193 33254 7.7926 0.042732
10.41418 33329 6.9240 0.037927
10.41643 33404 6.9271 0.037901
10.41870 33480 7.5246 0.041124
10.42094 33555 7.0272 0.038362
10.42320 33631 7.1891 0.039201
10.42543 33706 6.9639 0.037932
10.42768 33782 8.2666 0.044976
10.42993 33858 9.1303 0.049620
10.43217 33934 10.3578 0.056227
10.43444 34011 9.9883 0.054160
10.43667 34087 9.2587 0.050148
10.43893 34164 9.8223 0.053141
10.44118 34241 10.0200 0.054150
10.44343 34318 9.1510 0.049398
10.44567 34395 7.2219 0.038940
10.44793 34473 8.6145 0.046397
10.45019 34551 8.6774 0.046683
10.45242 34628 9.5272 0.051198
10.45467 34706 9.6848 0.051986
10.45691 34784 10.3680 0.055591
10.45918 34863 10.9139 0.058452
10.46142 34941 10.4016 0.055646
10.46367 35020 9.5559 0.051064
10.46593 35099 9.7550 0.052069
10.46818 35178 10.2095 0.054434
10.47042 35257 10.1118 0.053852
10.47266 35336 10.3161 0.054879
10.47492 35416 10.3902 0.055211
10.47718 35496 10.4330 0.055376
10.47943 35576 9.8921 0.052446
10.48167 35656 9.0851 0.048113
10.48391 35736 8.5553 0.045257
10.48618 35817 8.3589 0.044168
10.48841 35897 9.0517 0.047775
10.49066 35978 8.8550 0.046684
10.49291 36059 8.7680 0.046174
10.49516 36140 9.7476 0.051275
10.49742 36222 9.9581 0.052323
10.49966 36303 10.6365 0.055825
10.50191 36385 11.1669 0.058542
10.50416 36467 10.8329 0.056728
10.50641 36549 11.1768 0.058463
10.50865 36631 11.8250 0.061784
10.51091 36714 11.5478 0.060268
10.51314 36796 11.6886 0.060934
10.51540 36879 11.9987 0.062480
10.51765 36962 12.2459 0.063696
10.51992 37046 11.7741 0.061173
10.52215 37129 11.6556 0.060489
10.52441 37213 10.8859 0.056431
10.52664 37296 11.1421 0.057695
10.52889 37380 12.3720 0.063991
10.53116 37465 12.6073 0.065134
10.53340 37549 12.7211 0.065648
10.53564 37633 12.4270 0.064059
10.53789 37718 11.7202 0.060348
10.54014 37803 10.6002 0.054519
10.54239 37888 10.1658 0.052226
10.54466 37974 10.7672 0.055253
10.54689 38059 10.5071 0.053859
10.54915 38145 10.2879 0.052675
10.55140 38231 10.7002 0.054725
10.55365 38317 10.6447 0.054380
10.55589 38403 10.6936 0.054569
10.55815 38490 10.3436 0.052723
10.56039 38576 9.4443 0.048085
10.56264 38663 9.1587 0.046578
10.56489 38750 8.9790 0.045613
10.56713 38837 8.6584 0.043935
10.56939 38925 9.5364 0.048336
10.57162 39012 8.2154 0.041594
10.57388 39100 9.6413 0.048758
10.57613 39188 9.9947 0.050489
10.57839 39277 7.7086 0.038896
10.58063 39365 7.9526 0.040082
10.58289 39454 9.3829 0.047238
10.58512 39542 9.8456 0.049512
10.58739 39632 10.0565 0.050516
10.58964 39721 10.2060 0.051209
10.59187 39810 11.4767 0.057520
10.59413 39900 11.5594 0.057870
10.59638 39990 12.4047 0.062031
10.59863 40080 11.5189 0.057537
10.60088 40170 11.0234 0.055000
10.60311 40260 11.1071 0.055356
10.60537 40351 11.7165 0.058327
10.60762 40442 10.5971 0.052695
10.60987 40533 9.8589 0.048969
10.61211 40624 8.8220 0.043770
10.61438 40716 8.8745 0.043981
10.61661 40807 7.5652 0.037450
10.61886 40899 7.6097 0.037628
10.62111 40991 7.2403 0.035761
10.62337 41084 4.7397 0.023384
10.62561 41176 5.0640 0.024956
10.62787 41269 5.3327 0.026250
10.63012 41362 3.6034 0.017718
10.63236 41455 2.6500 0.013015
10.63460 41548 0.9828 0.004821
10.63686 41642 1.7954 0.008798
10.63912 41736 2.4650 0.012066
10.64137 41830 2.5803 0.012616
10.64361 41924 3.2360 0.015804
10.64585 42018 2.1168 0.010327
10.64811 42113 2.4846 0.012107
10.65037 42208 1.5350 0.007472
10.65261 42303 1.5969 0.007764
10.65486 42398 1.0262 0.004984
10.65709 42493 0.2166 0.001051
10.65935 42589 0.9199 0.004458
10.66160 42685 0.9747 0.004718
10.66385 42781 -1.5297 -0.007396
10.66609 42877 -1.7038 -0.008228
10.66835 42974 -2.3670 -0.011418
10.67061 43071 -2.9950 -0.014431
10.67285 43168 -3.1876 -0.015342
10.67510 43265 -3.9237 -0.018864
10.67734 43362 -4.4021 -0.021140
10.67960 43460 -4.5289 -0.021724
10.68185 43558 -4.4948 -0.021536
10.68410 43656 -4.7909 -0.022929
10.68634 43754 -3.8964 -0.018628
10.68860 43853 -5.4479 -0.026015
10.69085 43952 -5.5690 -0.026564
10.69310 44051 -5.9223 -0.028217
10.69535 44150 -5.7243 -0.027243
10.69759 44249 -6.5414 -0.031097
10.69985 44349 -6.9423 -0.032966
10.70210 44449 -8.8190 -0.041830
10.70434 44549 -10.3420 -0.048999
10.70659 44649 -11.7987 -0.055838
10.70885 44750 -12.0769 -0.057090
10.71108 44850 -11.1026 -0.052425
10.71333 44951 -11.1365 -0.052527
10.71559 45053 -12.2364 -0.057649
10.71783 45154 -12.2858 -0.057817
10.72009 45256 -11.7611 -0.055285
10.72234 45358 -11.1477 -0.052343
10.72459 45460 -11.0137 -0.051656
10.72683 45562 -11.3036 -0.052956
10.72909 45665 -11.6517 -0.054525
10.73132 45767 -12.1349 -0.056723
10.73359 45871 -12.6543 -0.059084
10.73583 45974 -13.3172 -0.062109
10.73807 46077 -14.3201 -0.066712
10.74032 46181 -12.9022 -0.060039
10.74257 46285 -13.2333 -0.061511
10.74482 46389 -12.8883 -0.059839
10.74708 46494 -13.6797 -0.063442
10.74931 46598 -14.4486 -0.066933
10.75156 46703 -14.6658 -0.067863
10.75383 46809 -15.4785 -0.071542
10.75607 46914 -15.1248 -0.069830
10.75833 47020 -13.6611 -0.063001
10.76056 47125 -13.8616 -0.063854
10.76283 47232 -15.6696 -0.072101
10.76507 47338 -15.6818 -0.072076
10.76733 47445 -16.0954 -0.073893
10.76956 47551 -16.6988 -0.076578
10.77181 47658 -19.2568 -0.088210
10.77407 47766 -19.0912 -0.087352
10.77631 47873 -18.5604 -0.084828
10.77856 47981 -16.7478 -0.076458
10.78081 48089 -16.8538 -0.076855
10.78305 48197 -16.9624 -0.077264
10.78531 48306 -17.6880 -0.080478
10.78756 48415 -16.5813 -0.075358
10.78981 48524 -17.8793 -0.081165
10.79206 48633 -17.4279 -0.079028
10.79430 48742 -17.4791 -0.079171
10.79655 48852 -17.0321 -0.077060
10.79880 48962 -15.6771 -0.070849
10.80104 49072 -16.4022 -0.074043
10.80330 49183 -14.9601 -0.067457
10.80556 49294 -15.1373 -0.068179
10.80781 49405 -14.5763 -0.065578
10.81005 49516 -15.0186 -0.067492
10.81229 49627 -16.3585 -0.073432
10.81454 49739 -16.1897 -0.072592
10.81679 49851 -15.2519 -0.068311
10.81904 49963 -15.0644 -0.067395
10.82130 50076 -13.7785 -0.061572
10.82355 50189 -12.8861 -0.057520
10.82580 50302 -12.4555 -0.055535
10.82804 50415 -11.6319 -0.051805
10.83030 50529 -10.9398 -0.048667
10.83254 50642 -10.6595 -0.047368
10.83479 50756 -10.2291 -0.045404
10.83705 50871 -12.1521 -0.053879
10.83929 50985 -12.8542 -0.056928
10.84154 51100 -13.1374 -0.058117
10.84379 51215 -13.8536 -0.061216
10.84603 51330 -13.7788 -0.060817
10.84829 51446 -13.0413 -0.057497
10.85054 51562 -13.7383 -0.060502
10.85279 51678 -14.2384 -0.062634
10.85503 51794 -14.7703 -0.064901
10.85729 51911 -16.7043 -0.073316
10.85954 52028 -15.8446 -0.069464
10.86178 52145 -13.7668 -0.060287
10.86402 52262 -14.4721 -0.063305
10.86628 52380 -14.2921 -0.062447
10.86853 52498 -13.2182 -0.057690
10.87078 52616 -14.1442 -0.061662
10.87303 52735 -13.8082 -0.060129
10.87527 52853 -13.7578 -0.059843
10.87752 52972 -13.3825 -0.058145
10.87978 53092 -14.2701 -0.061932
10.88202 53211 -15.1091 -0.065499
10.88427 53331 -15.1928 -0.065788
10.88652 53451 -15.1754 -0.065639
10.88876 53571 -14.5700 -0.062950
10.89102 53692 -14.4803 -0.062492
10.89327 53813 -14.7141 -0.063429
10.89552 53934 -14.5690 -0.062733
10.89778 54056 -15.9562 -0.068629
10.90001 54177 -15.8562 -0.068123
10.90226 54299 -15.7613 -0.067639
10.90452 54422 -16.6190 -0.071239
10.90676 54544 -19.2801 -0.082553
10.90902 54667 -18.7555 -0.080217
10.91126 54790 -16.9123 -0.072252
10.91351 54913 -17.2781 -0.073733
10.91576 55037 -15.4341 -0.065789
10.91801 55161 -14.2725 -0.060769
10.92026 55285 -14.4577 -0.061489
10.92252 55410 -14.1820 -0.060248
10.92475 55534 -14.9532 -0.063454
10.92702 55660 -14.8215 -0.062823
10.92926 55785 -14.7834 -0.062592
10.93150 55910 -13.5828 -0.057444
10.93375 56036 -12.8717 -0.054375
10.93601 56163 -12.6159 -0.053234
10.93825 56289 -15.6536 -0.065979
10.94051 56416 -14.5134 -0.061104
10.94276 56543 -14.8372 -0.062397
10.94500 56670 -14.7188 -0.061829
10.94726 56798 -15.6241 -0.065559
10.94951 56926 -16.7177 -0.070068
10.95175 57054 -16.0910 -0.067366
10.95399 57182 -16.8039 -0.070272
10.95625 57311 -14.9558 -0.062473
10.95850 57440 -14.8594 -0.062000
10.96074 57569 -13.7558 -0.057331
10.96300 57699 -13.0900 -0.054495
10.96525 57829 -11.2311 -0.046703
10.96749 57959 -9.3343 -0.038772
10.96975 58090 -8.9711 -0.037222
10.97198 58220 -8.2217 -0.034074
10.97425 58352 -9.3119 -0.038549
10.97649 58483 -8.3680 -0.034603
10.97875 58615 -10.3063 -0.042569
10.98100 58747 -9.7677 -0.040299
10.98324 58879 -10.4935 -0.043245
10.98548 59011 -11.3048 -0.046537
10.98773 59144 -11.6111 -0.047744
10.98999 59278 -10.9633 -0.045029
10.99223 59411 -10.8278 -0.044423
10.99449 59545 -11.0810 -0.045411
10.99674 59679 -10.7148 -0.043860
10.99898 59813 -10.0802 -0.041217
11.00123 59948 -9.5559 -0.039029
11.00348 60083 -7.8933 -0.032202
11.00573 60218 -6.9703 -0.028404
11.00798 60354 -7.1256 -0.029005
11.01023 60490 -7.7557 -0.031534
11.01248 60626 -9.6009 -0.038992
11.01472 60762 -9.6756 -0.039252
11.01697 60899 -9.6499 -0.039104
11.01922 61036 -8.9450 -0.036207
11.02148 61174 -7.7332 -0.031266
11.02373 61312 -6.6740 -0.026954
11.02598 61450 -6.6442 -0.026803
11.02822 61588 -6.7372 -0.027148
11.03048 61727 -5.8220 -0.023433
11.03273 61866 -5.2125 -0.020956
11.03497 62005 -6.3576 -0.025532
11.03723 62145 -5.8872 -0.023616
11.03946 62284 -6.5415 -0.026211
11.04172 62425 -7.3100 -0.029258
11.04396 62565 -6.4910 -0.025950
11.04621 62706 -5.2589 -0.021001
11.04846 62847 -3.2707 -0.013046
11.05072 62989 -2.2028 -0.008777
11.05297 63131 -1.5760 -0.006272
11.05521 63273 -2.2339 -0.008881
11.05746 63415 -1.1706 -0.004649
11.05971 63558 -1.7308 -0.006865
11.06196 63701 -0.7103 -0.002814
11.06421 63845 0.1644 0.000651
11.06645 63988 0.4688 0.001853
11.06871 64133 0.3377 0.001333
11.07096 64277 0.3830 0.001511
11.07321 64422 -0.9091 -0.003582
11.07546 64567 0.1630 0.000641
11.07770 64712 1.5566 0.006119
11.07996 64858 2.2481 0.008827
11.08220 65004 2.4065 0.009439
11.08445 65150 2.0268 0.007940
11.08670 65297 3.4328 0.013434
11.08895 65444 4.3264 0.016912
11.09119 65591 3.6470 0.014240
11.09345 65739 1.7911 0.006986
11.09570 65887 1.3970 0.005442
11.09794 66035 3.6071 0.014037
11.10019 66184 3.4887 0.013561
11.10244 66333 3.3165 0.012877
11.10470 66483 0.6813 0.002642
11.10694 66632 0.2819 0.001092
11.10919 66782 1.2157 0.004704
11.11145 66933 3.3257 0.012855
11.11369 67083 3.3967 0.013114
11.11593 67234 2.2580 0.008708
11.11819 67386 1.6980 0.006541
11.12045 67538 0.6410 0.002466
11.12269 67690 0.1542 0.000593
11.12494 67842 0.4192 0.001610
11.12719 67995 1.4820 0.005684
11.12944 68148 1.0140 0.003884
11.13168 68301 3.3289 0.012738
11.13393 68455 3.2211 0.012311
11.13618 68609 2.5583 0.009767
11.13844 68764 3.0081 0.011471
11.14069 68919 5.0676 0.019303
11.14293 69074 5.5094 0.020963
11.14518 69229 5.6277 0.021389
11.14743 69385 3.3896 0.012868
11.14967 69541 2.8195 0.010692
11.15193 69698 1.6661 0.006311
11.15418 69855 1.9071 0.007216
11.15642 70012 0.7139 0.002698
11.15868 70170 2.5849 0.009758
11.16093 70328 5.3453 0.020156
11.16317 70486 3.9243 0.014781
11.16542 70645 3.9586 0.014894
11.16767 70804 2.6597 0.009995
11.16991 70963 2.0310 0.007624
11.17217 71123 3.2414 0.012154
11.17441 71283 3.8971 0.014596
11.17667 71444 2.2271 0.008332
11.17892 71605 2.4697 0.009229
11.18117 71766 1.8282 0.006824
11.18342 71928 1.4805 0.005520
11.18567 72090 2.2885 0.008523
11.18792 72252 1.3351 0.004967
11.19017 72415 -1.0544 -0.003918
11.19242 72578 -1.6176 -0.006004
11.19466 72741 -1.2794 -0.004744
11.19691 72905 -3.4160 -0.012651
11.19916 73069 -3.7539 -0.013887
11.20142 73234 -3.3353 -0.012325
11.20365 73398 -4.6266 -0.017077
11.20591 73564 -4.7021 -0.017336
11.20815 73729 -4.1965 -0.015455
11.21040 73895 -3.0162 -0.011096
11.21266 74062 -1.7679 -0.006496
11.21491 74229 -1.8524 -0.006799
11.21716 74396 0.3314 0.001215
11.21940 74563 1.9896 0.007286
11.22165 74731 0.5812 0.002126
11.22390 74899 0.9850 0.003599
11.22615 75068 2.3759 0.008671
11.22840 75237 2.4676 0.008996
11.23064 75406 1.2218 0.004450
11.23289 75576 3.0567 0.011119
11.23514 75746 2.9532 0.010730
11.23740 75917 3.3579 0.012187
11.23965 76088 2.2670 0.008219
11.24189 76259 3.6681 0.013283
11.24414 76431 5.5035 0.019907
11.24639 76603 5.3416 0.019300
11.24865 76776 4.7285 0.017065
11.25089 76948 3.1278 0.011276
11.25314 77122 2.9562 0.010645
11.25538 77295 2.6967 0.009700
11.25763 77469 0.2691 0.000967
11.25989 77644 1.2569 0.004511
11.26214 77819 1.9775 0.007089
11.26439 77994 1.8930 0.006778
11.26664 78170 1.5083 0.005395
11.26889 78346 1.3872 0.004956
11.27113 78522 3.0343 0.010828
11.27339 78699 2.7404 0.009769
11.27563 78876 1.8399 0.006551
11.27789 79054 3.2309 0.011491
11.28014 79232 0.7437 0.002642
11.28238 79410 1.4525 0.005155
11.28463 79589 1.8347 0.006503
11.28688 79768 1.7501 0.006196
11.28913 79948 2.0895 0.007390
11.29138 80128 2.6287 0.009287
11.29362 80308 2.2144 0.007814
11.29588 80489 1.3587 0.004789
11.29812 80670 1.2212 0.004300
11.30038 80852 1.1432 0.004021
11.30262 81034 -0.7324 -0.002573
11.30487 81216 -1.1085 -0.003890
11.30712 81399 -0.6062 -0.002125
11.30936 81582 -0.0607 -0.000212
11.31162 81766 -1.6042 -0.005610
11.31386 81950 -3.5457 -0.012386
11.31612 82135 -3.8292 -0.013361
11.31837 82320 -3.2755 -0.011416
11.32061 82505 -1.5214 -0.005297
11.32287 82691 -2.8679 -0.009973
11.32511 82877 -4.2316 -0.014699
11.32737 83064 -3.9208 -0.013604
11.32962 83251 -2.4251 -0.008405
11.33186 83438 -1.2704 -0.004398
11.33411 83626 -0.0650 -0.000225
11.33636 83814 -0.7957 -0.002749
11.33861 84003 1.3130 0.004530
11.34086 84192 2.4205 0.008342
11.34311 84382 1.5612 0.005374
11.34536 84572 -0.7314 -0.002515
11.34760 84762 0.0920 0.000316
11.34985 84953 2.2758 0.007808
11.35210 85144 4.5932 0.015741
11.35435 85336 7.1458 0.024462
11.35660 85528 7.4719 0.025549
11.35885 85721 8.3455 0.028504
11.36110 85914 9.8160 0.033489
11.36335 86107 10.0395 0.034213
11.36560 86301 10.7026 0.036432
11.36785 86496 12.4613 0.042371
11.37009 86690 12.5388 0.042587
11.37235 86886 13.5688 0.046033
11.37459 87081 13.8624 0.046976
11.37684 87277 14.5261 0.049170
11.37910 87474 15.7516 0.053258
11.38135 87671 16.4798 0.055658
11.38359 87868 17.1358 0.057808
11.38584 88066 15.4295 0.051993
11.38809 88264 14.9221 0.050227
11.39034 88463 13.4885 0.045350
11.39259 88662 13.6412 0.045813
11.39484 88862 13.4769 0.045210
11.39709 89062 12.0966 0.040534
11.39934 89263 10.9997 0.036817
11.40159 89464 11.1427 0.037253
11.40384 89665 10.2908 0.034367
11.40609 89867 10.2083 0.034053
11.40833 90069 10.0117 0.033360
11.41058 90272 9.0438 0.030101
11.41283 90475 8.0605 0.026798
11.41508 90679 9.0220 0.029961
11.41733 90883 7.8769 0.026128
11.41958 91088 7.8742 0.026090
11.42183 91293 8.5145 0.028180
11.42408 91499 8.7723 0.029000
11.42633 91705 8.4342 0.027851
11.42858 91911 10.1993 0.033642
11.43083 92118 11.2824 0.037173
11.43307 92325 13.2625 0.043648
11.43532 92533 14.3293 0.047106
11.43758 92742 14.1727 0.046539
11.43982 92950 14.1624 0.046453
11.44207 93160 15.1477 0.049629
11.44433 93370 14.8833 0.048707
11.44657 93580 16.1164 0.052684
11.44882 93791 17.8977 0.058441
11.45107 94002 17.9456 0.058532
11.45331 94213 19.3847 0.063154
11.45556 94425 19.2672 0.062701
11.45781 94638 18.9618 0.061638
11.46006 94851 18.7301 0.060816
11.46232 95065 18.7678 0.060870
11.46456 95279 19.0062 0.061574
11.46681 95493 20.4256 0.066098
11.46906 95708 19.8659 0.064215
11.47131 95924 19.6375 0.063405
11.47356 96140 19.0484 0.061434
11.47580 96356 20.1953 0.065059
11.47805 96573 19.8682 0.063934
11.48031 96791 19.8009 0.063645
11.48256 97009 19.2905 0.061935
11.48480 97227 20.4577 0.065609
11.48705 97446 20.7219 0.066381
11.48931 97666 20.1250 0.064397
11.49155 97885 20.8769 0.066728
11.49380 98106 22.5967 0.072144
11.49605 98327 22.7832 0.072657
11.49830 98548 24.5532 0.078214
11.50055 98770 24.8571 0.079093
11.50279 98992 23.2864 0.074012
11.50504 99215 23.3138 0.074016
11.50730 99439 24.4565 0.077556
11.50955 99663 25.6398 0.081217
11.51179 99887 26.2310 0.082997
11.51404 100112 24.9568 0.078876
11.51629 100337 25.7394 0.081258
11.51854 100563 25.7113 0.081078
11.52079 100790 25.2120 0.079414
11.52304 101017 26.2336 0.082539
11.52529 101244 24.0050 0.075443
11.52754 101472 22.5198 0.070695
11.52979 101701 22.4233 0.070313
11.53204 101930 22.8465 0.071560
11.53429 102159 22.7988 0.071330
11.53653 102389 22.0176 0.068809
11.53879 102620 20.9299 0.065336
11.54104 102851 20.9183 0.065226
11.54328 103082 21.2734 0.066259
11.54554 103315 20.7507 0.064558
11.54778 103547 18.8295 0.058515
11.55003 103780 19.0131 0.059019
11.55228 104014 19.8252 0.061471
11.55453 104248 20.8470 0.064567
11.55678 104483 20.2727 0.062718
11.55903 104718 20.2828 0.062678
11.56128 104954 20.6192 0.063646
11.56352 105190 22.6614 0.069872
11.56577 105427 22.2317 0.068469
11.56803 105665 22.3267 0.068685
11.57028 105903 21.6617 0.066564
11.57252 106141 22.0077 0.067551
11.57477 106380 21.3604 0.065491
11.57703 106620 20.3997 0.062475
11.57927 106860 18.8622 0.057701
11.58152 107100 19.8189 0.060560
11.58377 107341 20.8117 0.063522
11.58602 107583 18.9911 0.057900
11.58826 107825 18.4248 0.056110
11.59052 108068 19.1236 0.058173
11.59276 108311 19.3528 0.058804
11.59501 108555 18.5830 0.056401
11.59727 108800 17.8969 0.054258
11.59952 109045 14.8895 0.045090
11.60176 109290 13.5567 0.041007
11.60401 109536 10.6165 0.032078
11.60626 109783 10.4136 0.031429
11.60851 110030 12.6421 0.038112
11.61076 110278 10.4651 0.031514
11.61301 110526 10.4693 0.031491
11.61526 110775 10.8052 0.032465
11.61751 111025 11.4021 0.034220
11.61976 111275 12.1914 0.036547
11.62200 111525 11.3528 0.033995
11.62425 111776 12.4340 0.037191
11.62650 112028 13.4528 0.040193
11.62875 112280 11.9070 0.035535
11.63100 112533 12.1800 0.036308
11.63325 112786 13.3459 0.039739
11.63550 113040 14.9090 0.044344
11.63775 113295 18.1346 0.053877
11.64000 113550 20.8353 0.061831
11.64225 113806 19.5343 0.057905
11.64450 114062 22.9485 0.067949
11.64675 114319 23.4758 0.069432
11.64899 114576 24.0074 0.070925
11.65124 114834 24.4500 0.072151
11.65350 115093 24.9129 0.073434
11.65574 115352 23.8947 0.070354
11.65800 115612 21.9145 0.064451
11.66024 115872 22.3097 0.065540
11.66249 116133 21.6470 0.063522
11.66474 116394 20.3205 0.059562
11.66699 116657 20.0947 0.058834
11.66924 116919 18.2726 0.053439
11.67148 117182 19.8819 0.058080
11.67373 117446 18.5765 0.054206
11.67599 117711 18.3836 0.053582
11.67824 117976 20.2742 0.059027
11.68048 118241 21.5526 0.062678
11.68274 118508 23.6905 0.068818
11.68499 118775 22.8122 0.066192
11.68723 119042 21.4522 0.062176
11.68948 119310 22.1407 0.064099
11.69173 119579 21.0158 0.060774
11.69398 119848 19.7938 0.057176
11.69623 120118 19.7626 0.057022
11.69848 120388 20.2330 0.058314
11.70072 120659 19.1374 0.055094
11.70298 120931 17.9002 0.051474
11.70522 121203 17.4229 0.050045
11.70747 121476 15.5896 0.044729
11.70973 121750 13.6787 0.039202
11.71197 122024 12.0774 0.034574
11.71422 122299 12.8838 0.036841
11.71647 122574 12.7114 0.036307
11.71872 122850 13.7894 0.039342
11.72097 123127 13.6690 0.038955
11.72322 123404 13.2322 0.037667
11.72547 123682 12.5856 0.035787
11.72771 123960 12.9085 0.036664
11.72996 124239 11.3900 0.032314
11.73221 124519 9.2233 0.026138
11.73447 124800 11.1696 0.031618
11.73672 125081 10.1937 0.028823
11.73896 125362 10.1708 0.028726
11.74122 125645 10.0219 0.028273
11.74346 125927 10.5635 0.029768
11.74571 126211 9.6662 0.027209
11.74796 126495 9.3321 0.026239
11.75021 126780 8.0379 0.022574
11.75245 127065 5.9319 0.016641
11.75471 127352 6.5384 0.018322
11.75695 127638 5.7751 0.016165
11.75921 127926 5.9404 0.016609
11.76146 128214 7.6157 0.021269
11.76371 128503 4.6270 0.012908
11.76595 128792 4.3905 0.012234
11.76820 129082 3.2731 0.009110
11.77045 129373 3.7217 0.010347
11.77270 129664 6.1342 0.017035
11.77495 129956 5.1512 0.014289
11.77720 130248 6.0503 0.016764
11.77945 130542 7.9554 0.022019
11.78170 130836 5.6319 0.015570
11.78394 131130 6.8085 0.018802
11.78620 131426 6.6738 0.018409
11.78844 131721 7.0870 0.019527
11.79069 132018 8.3095 0.022870
11.79294 132315 9.7925 0.026921
11.79519 132613 11.3306 0.031114
11.79744 132912 10.4160 0.028571
11.79969 133211 12.9048 0.035357
11.80194 133511 12.1599 0.033279
11.80419 133812 10.0456 0.027462
11.80644 134113 10.9515 0.029905
11.80869 134415 11.4295 0.031175
11.81094 134718 9.8575 0.026857
11.81319 135021 9.9596 0.027104
11.81543 135325 8.5079 0.023128
11.81769 135630 10.5151 0.028552
11.81993 135935 9.1510 0.024820
11.82218 136241 10.5862 0.028680
11.82443 136548 12.7014 0.034372
11.82668 136855 10.1629 0.027472
11.82893 137164 9.2640 0.025014
11.83118 137472 9.5803 0.025839
11.83343 137782 10.7812 0.029045
11.83568 138092 13.1140 0.035290
11.83792 138403 14.6044 0.039256
11.84018 138715 13.6386 0.036619
11.84242 139027 12.3901 0.033230
11.84467 139340 14.2777 0.038249
11.84692 139654 13.6792 0.036604
11.84917 139968 12.9069 0.034499
11.85142 140284 13.3226 0.035570
11.85367 140600 12.7660 0.034046
11.85592 140916 11.8338 0.031524
11.85817 141233 10.6980 0.028467
11.86042 141551 8.9978 0.023915
11.86267 141870 8.0562 0.021389
11.86492 142190 8.8764 0.023540
11.86717 142510 9.8578 0.026113
11.86942 142831 8.3473 0.022087
11.87166 143152 9.2396 0.024420
11.87392 143475 12.4180 0.032784
11.87616 143798 14.3961 0.037964
11.87841 144121 15.1793 0.039984
11.88066 144446 17.6933 0.046554
11.88291 144771 16.8648 0.044324
11.88516 145097 17.1417 0.045001
11.88741 145424 17.2975 0.045359
11.88965 145751 16.6769 0.043683
11.89191 146080 19.6371 0.051378
11.89415 146408 19.5459 0.051083
11.89640 146738 17.6132 0.045980
11.89866 147069 16.9145 0.044106
11.90091 147400 14.0233 0.036526
11.90316 147732 15.0425 0.039137
11.90540 148064 15.5685 0.040460
11.90765 148398 16.4372 0.042669
11.90990 148732 17.9184 0.046462
11.91215 149067 14.7304 0.038152
11.91440 149402 13.4114 0.034697
11.91665 149739 11.9991 0.031008
11.91890 150076 12.5467 0.032387
11.92115 150414 13.8999 0.035840
11.92340 150753 12.1569 0.031310
11.92564 151092 13.5999 0.034988
11.92789 151432 11.8828 0.030536
11.93014 151773 13.9941 0.035921
11.93239 152115 15.1270 0.038785
11.93464 152457 14.8723 0.038089
11.93689 152801 14.2782 0.036527
11.93914 153145 15.6240 0.039925
11.94139 153490 16.9176 0.043182
11.94364 153835 15.0565 0.038388
11.94589 154182 13.5109 0.034409
11.94814 154529 14.0431 0.035724
11.95039 154877 13.1006 0.033289
11.95264 155226 12.7898 0.032463
11.95488 155575 11.0793 0.028089
11.95713 155925 8.5534 0.021661
11.95938 156276 10.3609 0.026209
11.96163 156628 7.9804 0.020165
11.96388 156981 7.3594 0.018575
11.96613 157335 8.4761 0.021369
11.96838 157689 6.9372 0.017470
11.97063 158044 8.2121 0.020657
11.97288 158400 9.6740 0.024307
11.97512 158756 9.3099 0.023366
11.97738 159114 10.2749 0.025759
11.97962 159472 12.4671 0.031219
11.98187 159831 13.3838 0.033477
11.98412 160191 12.6245 0.031542
11.98637 160552 12.9919 0.032424
11.98862 160913 13.4345 0.033491
11.99087 161276 15.1245 0.037661
11.99312 161639 16.8207 0.041838
11.99537 162003 18.6801 0.046411
11.99762 162368 17.8069 0.044191
11.99987 162733 17.1443 0.042499
12.00212 163100 19.3001 0.047790
12.00437 163467 20.1493 0.049836
12.00662 163835 18.2036 0.044973
12.00886 164204 19.5715 0.048298
12.01112 164574 19.5455 0.048180
12.01336 164944 19.7101 0.048531
12.01561 165316 20.9069 0.051420
12.01786 165688 19.5636 0.048062
12.02011 166061 17.2648 0.042367
12.02236 166435 17.6181 0.043185
12.02461 166810 19.0069 0.046537
12.02686 167185 18.3325 0.044836
12.02911 167562 18.6142 0.045473
12.03136 167939 21.3366 0.052065
12.03360 168317 21.7131 0.052925
12.03585 168696 20.9141 0.050920
12.03810 169076 18.3344 0.044589
12.04035 169457 21.0929 0.051240
12.04260 169838 21.7676 0.052819
12.04485 170221 19.8345 0.048075
12.04710 170604 19.2461 0.046596
12.04935 170988 20.3086 0.049113
12.05160 171373 21.7724 0.052594
12.05385 171759 22.0068 0.053100
12.05610 172146 22.6819 0.054668
12.05834 172533 22.5551 0.054301
12.06060 172922 21.6972 0.052177
12.06284 173311 21.3948 0.051392
12.06509 173701 20.4985 0.049184
12.06734 174093 20.7490 0.049729
12.06959 174485 21.6842 0.051912
12.07184 174877 19.8769 0.047531
12.07409 175271 18.3008 0.043713
12.07634 175666 17.7792 0.042420
12.07859 176061 15.2822 0.036421
12.08084 176458 12.6639 0.030147
12.08309 176855 12.0894 0.028747
12.08533 177253 11.0117 0.026155
12.08759 177653 10.9331 0.025939
12.08984 178053 6.8160 0.016153
12.09208 178453 5.4029 0.012790
12.09433 178855 4.5760 0.010820
12.09658 179258 3.8351 0.009058
12.09883 179662 3.8563 0.009098
12.10108 180066 5.0569 0.011917
12.10333 180472 5.4740 0.012886
12.10558 180878 3.9420 0.009269
12.10783 181285 3.2796 0.007703
12.11008 181694 2.9466 0.006913
12.11233 182103 0.0304 0.000071
12.11458 182513 1.4183 0.003320
12.11683 182924 0.3934 0.000920
12.11908 183336 0.8536 0.001994
12.12132 183748 0.6207 0.001448
12.12357 184162 -0.1566 -0.000365
12.12582 184577 3.5130 0.008177
12.12807 184992 1.9414 0.004514
12.13032 185409 3.3365 0.007749
12.13257 185826 2.4122 0.005596
12.13482 186245 1.4969 0.003469
12.13707 186664 -3.5983 -0.008329
12.13932 187085 -3.6885 -0.008528
12.14157 187506 -3.6508 -0.008431
12.14381 187928 -4.8477 -0.011182
12.14606 188351 -4.8494 -0.011174
12.14831 188775 -6.0595 -0.013947
12.15056 189200 -8.5480 -0.019652
12.15281 189626 -9.1247 -0.020954
12.15506 190053 -9.2287 -0.021169
12.15731 190481 -7.9565 -0.018230
12.15956 190910 -9.1818 -0.021014
12.16181 191340 -11.1440 -0.025476
12.16406 191771 -10.5207 -0.024024
12.16631 192203 -11.2901 -0.025752
12.16856 192636 -11.5161 -0.026238
12.17080 193069 -11.1176 -0.025302
12.17305 193504 -11.7974 -0.026819
12.17530 193940 -13.6939 -0.031095
12.17755 194376 -15.8430 -0.035935
12.17980 194814 -17.1869 -0.038939
12.18205 195253 -16.9329 -0.038321
12.18430 195692 -15.8226 -0.035768
12.18655 196133 -16.4013 -0.037034
12.18880 196575 -16.6552 -0.037565
12.19105 197017 -15.8372 -0.035680
12.19330 197461 -13.4404 -0.030246
12.19555 197906 -13.3370 -0.029980
12.19779 198351 -14.6671 -0.032933
12.20004 198798 -15.5978 -0.034983
12.20229 199245 -13.8073 -0.030933
12.20454 199694 -14.7060 -0.032909
12.20679 200144 -16.6041 -0.037114
12.20904 200594 -18.8597 -0.042109
12.21129 201046 -20.3603 -0.045408
12.21354 201499 -18.5341 -0.041289
12.21579 201952 -16.7843 -0.037349
12.21804 202407 -18.0668 -0.040158
12.22029 202863 -19.8449 -0.044060
12.22254 203320 -18.8237 -0.041746
12.22479 203778 -19.5529 -0.043314
12.22703 204236 -20.2895 -0.044896
12.22928 204696 -22.3298 -0.049355
12.23153 205157 -21.9729 -0.048511
12.23378 205619 -22.1884 -0.048932
12.23603 206082 -25.3170 -0.055769
12.23828 206546 -27.2972 -0.060063
12.24053 207011 -29.0972 -0.063952
12.24278 207477 -31.5129 -0.069184
12.24503 207945 -27.7851 -0.060931
12.24728 208413 -27.1406 -0.059451
12.24952 208882 -25.9507 -0.056780
12.25177 209352 -23.4044 -0.051152
12.25402 209824 -24.4373 -0.053349
12.25627 210296 -26.4479 -0.057673
12.25852 210770 -23.4716 -0.051126
12.26077 211244 -21.6698 -0.047148
12.26302 211720 -14.8502 -0.032274
12.26527 212197 -15.8794 -0.034472
12.26752 212675 -16.8635 -0.036567
12.26977 213154 -15.5219 -0.033620
12.27201 213633 -15.5226 -0.033584
12.27427 214115 -11.3210 -0.024466
12.27652 214597 -10.0047 -0.021597
12.27877 215080 -9.2075 -0.019854
12.28101 215564 -11.8895 -0.025608
12.28327 216050 -14.8371 -0.031921
12.28551 216536 -13.5109 -0.029035
12.28776 217024 -13.8074 -0.029639
12.29001 217512 -12.1856 -0.026128
12.29226 218002 -12.5114 -0.026796
12.29451 218493 -11.4861 -0.024573
12.29676 218985 -12.7194 -0.027181
12.29901 219478 -11.6062 -0.024774
12.30126 219972 -9.4067 -0.020056
12.30350 220467 -9.0609 -0.019297
12.30576 220964 -8.6484 -0.018398
12.30800 221461 -9.6816 -0.020573
12.31025 221960 -11.1131 -0.023588
12.31250 222460 -9.4365 -0.020007
12.31475 222961 -9.3567 -0.019816
12.31700 223463 -9.1837 -0.019427
12.31925 223966 -7.3651 -0.015563
12.32150 224470 -8.4651 -0.017867
12.32375 224976 -6.9671 -0.014689
12.32600 225482 -6.8359 -0.014396
12.32825 225990 -7.7440 -0.016290
12.33050 226499 -9.5098 -0.019982
12.33274 227009 -9.6795 -0.020316
12.33499 227520 -4.4467 -0.009322
12.33724 228032 -3.4192 -0.007160
12.33949 228546 -4.2524 -0.008895
12.34174 229061 -6.0919 -0.012728
12.34399 229576 -5.8707 -0.012253
12.34624 230093 -4.0115 -0.008363
12.34849 230611 -3.7264 -0.007760
12.35074 231131 -2.4271 -0.005048
12.35299 231651 -3.5211 -0.007316
12.35524 232173 0.4444 0.000922
12.35748 232695 2.5197 0.005223
12.35973 233219 -0.0886 -0.000184
12.36199 233745 0.5431 0.001123
12.36423 234271 1.3790 0.002849
12.36648 234798 2.1213 0.004378
12.36873 235327 6.6051 0.013616
12.37098 235857 5.5805 0.011491
12.37323 236388 6.7172 0.013816
12.37548 236920 8.5264 0.017517
12.37773 237454 6.3389 0.013008
12.37998 237988 7.3123 0.014989
12.38223 238524 7.7021 0.015770
12.38447 239061 4.5324 0.009270
12.38673 239600 5.1965 0.010616
12.38897 240139 6.2663 0.012787
12.39122 240680 3.6134 0.007365
12.39347 241222 1.4098 0.002870
12.39572 241765 3.1897 0.006487
12.39797 242309 1.8124 0.003682
12.40022 242855 0.9570 0.001942
12.40247 243402 0.5320 0.001078
12.40472 243950 4.0728 0.008246
12.40697 244499 1.7745 0.003589
12.40922 245050 -1.0504 -0.002122
12.41147 245602 -0.3356 -0.000677
12.41372 246155 -0.4228 -0.000852
12.41596 246709 1.8113 0.003647
12.41821 247264 1.7173 0.003453
12.42046 247821 0.4188 0.000841
12.42271 248379 -0.2044 -0.000410
12.42496 248938 -1.8788 -0.003766
12.42721 249499 -1.8017 -0.003607
12.42946 250061 -0.9888 -0.001977
12.43171 250624 -2.7843 -0.005562
12.43396 251188 -1.7814 -0.003554
12.43621 251754 -1.2559 -0.002503
12.43846 252321 -3.0333 -0.006039
12.44071 252889 -6.6918 -0.013307
12.44295 253458 -6.1852 -0.012286
12.44520 254029 -1.8861 -0.003742
12.44745 254601 -2.3224 -0.004603
12.44970 255174 -3.6401 -0.007206
12.45195 255749 -0.6064 -0.001199
12.45420 256325 -1.9758 -0.003903
12.45645 256902 0.3312 0.000653
12.45870 257480 0.9325 0.001838
12.46095 258060 -0.3807 -0.000749
12.46320 258641 -2.4484 -0.004814
12.46545 259224 -4.6582 -0.009149
12.46769 259807 -1.7351 -0.003404
12.46994 260392 0.0069 0.000014
12.47220 260979 1.3627 0.002667
12.47444 261566 0.0417 0.000082
12.47669 262155 2.6572 0.005190
12.47894 262745 1.9862 0.003875
12.48119 263337 0.3869 0.000754
12.48344 263930 -0.8622 -0.001678
12.48569 264524 0.7141 0.001388
12.48794 265120 1.6306 0.003167
12.49019 265717 1.1437 0.002219
12.49244 266315 0.7578 0.001468
12.49469 266915 -1.1835 -0.002291
12.49693 267516 -0.9779 -0.001891
12.49918 268118 -0.8736 -0.001687
12.50143 268722 3.7285 0.007192
12.50368 269327 0.9492 0.001829
12.50593 269934 0.0377 0.000073
12.50818 270541 1.2586 0.002420
12.51043 271151 -1.8061 -0.003469
12.51268 271761 -3.1295 -0.006003
12.51493 272373 -7.5462 -0.014459
12.51718 272986 -5.0605 -0.009686
12.51943 273601 -4.7984 -0.009173
12.52168 274217 -3.5711 -0.006820
12.52393 274835 -5.2441 -0.010003
12.52617 275453 -9.2559 -0.017636
12.52842 276074 -9.9268 -0.018893
12.53067 276695 -7.7170 -0.014671
12.53292 277318 -8.2704 -0.015705
12.53517 277943 -11.8026 -0.022387
12.53742 278569 -12.3341 -0.023369
12.53967 279196 -14.6986 -0.027818
12.54192 279824 -14.6128 -0.027624
12.54417 280455 -12.5345 -0.023669
12.54642 281086 -11.1958 -0.021117
12.54867 281719 -13.7534 -0.025912
12.55091 282353 -15.0739 -0.028368
12.55316 282989 -18.1588 -0.034135
12.55541 283626 -19.2004 -0.036053
12.55766 284265 -17.4968 -0.032817
12.55991 284905 -19.1827 -0.035939
12.56216 285547 -20.2237 -0.037846
12.56441 286190 -20.4422 -0.038212
12.56666 286834 -14.2905 -0.026683
12.56891 287480 -12.7319 -0.023746
12.57116 288127 -14.7200 -0.027423
12.57341 288776 -17.2604 -0.032120
12.57565 289426 -13.7950 -0.025642
12.57791 290078 -13.5643 -0.025185
12.58015 290731 -12.1488 -0.022531
12.58240 291386 -13.5597 -0.025120
12.58465 292042 -12.2092 -0.022593
12.58690 292699 -14.3236 -0.026475
12.58915 293358 -18.9026 -0.034900
12.59140 294019 -19.9802 -0.036848
12.59365 294681 -19.9590 -0.036767
12.59590 295345 -18.9714 -0.034909
12.59815 296010 -16.1615 -0.029705
12.60040 296676 -17.3777 -0.031904
12.60264 297344 -15.5041 -0.028433
12.60490 298014 -16.6159 -0.030437
12.60714 298685 -16.0763 -0.029416
12.60939 299357 -16.2727 -0.029742
12.61164 300031 -15.0605 -0.027495
12.61389 300707 -13.9027 -0.025353
12.61614 301384 -16.1349 -0.029390
12.61839 302063 -18.3968 -0.033473
12.62064 302743 -17.0696 -0.031023
12.62289 303424 -17.5510 -0.031862
12.62514 304108 -18.7382 -0.033979
12.62738 304792 -16.0362 -0.029047
12.62964 305479 -22.8953 -0.041424
12.63189 306167 -24.6542 -0.044557
12.63413 306856 -22.6812 -0.040945
12.63638 307547 -20.6889 -0.037306
12.63863 308239 -17.7737 -0.032014
12.64088 308933 -16.6045 -0.029874
12.64313 309629 -20.9906 -0.037723
12.64538 310326 -24.2997 -0.043621
12.64763 311025 -25.3206 -0.045402
12.64988 311725 -24.0583 -0.043090
12.65213 312427 -22.2528 -0.039812
12.65438 313131 -21.5015 -0.038424
12.65663 313836 -20.0888 -0.035859
12.65888 314543 -20.4245 -0.036418
12.66112 315251 -20.8989 -0.037222
12.66337 315961 -18.7883 -0.033425
12.66562 316672 -18.9962 -0.033757
12.66787 317385 -19.4052 -0.034445
12.67012 318100 -21.8697 -0.038776
12.67237 318816 -17.6757 -0.031304
12.67462 319534 -16.6201 -0.029402
12.67687 320253 -19.2293 -0.033980
12.67912 320975 -21.9962 -0.038825
12.68137 321697 -22.9475 -0.040459
12.68362 322422 -24.9203 -0.043888
12.68587 323148 -26.7622 -0.047078
12.68811 323875 -28.0592 -0.049304
12.69036 324605 -28.9619 -0.050833
12.69261 325335 -32.0866 -0.056255
12.69486 326068 -29.9013 -0.052364
12.69711 326802 -28.5500 -0.049942
12.69936 327538 -26.1246 -0.045648
12.70161 328276 -28.4210 -0.049604
12.70386 329015 -27.6218 -0.048155
12.70611 329756 -32.1857 -0.056049
12.70836 330498 -29.4770 -0.051274
12.71060 331242 -30.8226 -0.053555
12.71285 331988 -33.1102 -0.057465
12.71510 332736 -32.6560 -0.056613
12.71735 333485 -32.6537 -0.056545
12.71960 334236 -33.1292 -0.057304
12.72185 334988 -29.8285 -0.051537
12.72410 335743 -28.4090 -0.049029
12.72635 336499 -28.7329 -0.049532
12.72860 337256 -31.1963 -0.053718
12.73085 338016 -29.3770 -0.050529
12.73310 338777 -29.3793 -0.050476
12.73535 339540 -27.2210 -0.046715
12.73759 340304 -26.9847 -0.046258
12.73985 341071 -28.2673 -0.048402
12.74210 341839 -27.0842 -0.046324
12.74434 342608 -26.0584 -0.044519
12.74659 343380 -18.8371 -0.032146
12.74884 344153 -17.3509 -0.029576
12.75109 344928 -16.6936 -0.028424
12.75334 345705 -19.5070 -0.033177
12.75559 346483 -23.1951 -0.039405
12.75784 347263 -25.4979 -0.043269
12.76009 348045 -31.5684 -0.053510
12.76234 348829 -35.9079 -0.060797
12.76458 349614 -37.2468 -0.062993
12.76683 350401 -36.9797 -0.062471
12.76908 351190 -37.8286 -0.063834
12.77133 351981 -37.6012 -0.063379
12.77358 352774 -39.2211 -0.066035
12.77583 353568 -36.4240 -0.061256
12.77808 354364 -35.5059 -0.059645
12.78033 355162 -35.0626 -0.058834
12.78258 355962 -36.1774 -0.060637
12.78483 356763 -40.9490 -0.068557
12.78708 357567 -38.1764 -0.063843
12.78933 358372 -33.4978 -0.055956
12.79158 359179 -36.2357 -0.060462
12.79383 359988 -37.3653 -0.062277
12.79607 360798 -36.6503 -0.061016
12.79832 361611 -37.6975 -0.062689
12.80057 362425 -38.2875 -0.063599
12.80282 363241 -38.8744 -0.064501
12.80507 364059 -39.3855 -0.065276
12.80732 364879 -40.8885 -0.067690
12.80957 365700 -42.2491 -0.069864
12.81182 366524 -41.1796 -0.068019
12.81407 367349 -41.5120 -0.068491
12.81632 368176 -44.8443 -0.073906
12.81857 369005 -45.7883 -0.075377
12.82081 369836 -44.2459 -0.072756
12.82306 370669 -44.5870 -0.073234
12.82531 371503 -43.1312 -0.070764
12.82756 372340 -44.5590 -0.073024
12.82981 373178 -46.5985 -0.076281
12.83206 374019 -47.2343 -0.077234
12.83431 374861 -49.3488 -0.080601
12.83656 375705 -50.0775 -0.081699
12.83881 376551 -51.3221 -0.083636
12.84106 377399 -54.0518 -0.087985
12.84331 378248 -54.2834 -0.088263
12.84556 379100 -53.1627 -0.086344
12.84781 379954 -49.7451 -0.080702
12.85005 380809 -51.2490 -0.083049
12.85230 381667 -51.2820 -0.083009
12.85455 382526 -52.3574 -0.084654
12.85680 383388 -54.8213 -0.088538
12.85905 384251 -50.8347 -0.082007
12.86130 385116 -48.3197 -0.077863
12.86355 385983 -46.6840 -0.075142
12.86580 386852 -44.4783 -0.071511
12.86805 387723 -43.5954 -0.070013
12.87030 388596 -45.8317 -0.073522
12.87254 389471 -44.6201 -0.071498
12.87479 390348 -43.5159 -0.069650
12.87704 391227 -41.2531 -0.065954
12.87929 392108 -40.6143 -0.064860
12.88154 392991 -44.0592 -0.070282
12.88379 393876 -43.1394 -0.068738
12.88604 394763 -37.1267 -0.059090
12.88829 395652 -40.5518 -0.064469
12.89054 396543 -33.9123 -0.053853
12.89279 397436 -35.0276 -0.055562
12.89504 398331 -37.4402 -0.059322
12.89729 399228 -33.7850 -0.053470
12.89953 400126 -32.2280 -0.050949
12.90178 401027 -33.5854 -0.053035
12.90403 401930 -35.2843 -0.055655
12.90628 402835 -35.1827 -0.055433
12.90853 403743 -35.5286 -0.055915
12.91078 404652 -32.2698 -0.050729
12.91303 405563 -31.1290 -0.048881
12.91528 406476 -27.9263 -0.043802
12.91753 407391 -27.6655 -0.043344
12.91978 408309 -25.3029 -0.039598
12.92203 409228 -28.7902 -0.045005
12.92428 410149 -26.5215 -0.041412
12.92653 411073 -25.3000 -0.039460
12.92878 411999 -22.1739 -0.034546
12.93102 412926 -22.2626 -0.034645
12.93327 413856 -25.8395 -0.040166
12.93552 414788 -27.5697 -0.042807
12.93777 415722 -29.8369 -0.046276
12.94002 416658 -28.5012 -0.044154
12.94227 417596 -30.8462 -0.047733
12.94452 418536 -32.3946 -0.050073
12.94677 419479 -30.4584 -0.047028
12.94902 420423 -32.7095 -0.050447
12.95127 421370 -37.0575 -0.057088
12.95352 422319 -36.2535 -0.055787
12.95577 423270 -38.0840 -0.058537
12.95801 424223 -40.0855 -0.061545
12.96026 425178 -41.5905 -0.063784
12.96251 426136 -38.6266 -0.059171
12.96476 427095 -39.3554 -0.060220
12.96701 428057 -38.9781 -0.059576
12.96926 429021 -42.9409 -0.065559
12.97151 429987 -40.6717 -0.062025
12.97376 430955 -40.4839 -0.061669
12.97601 431925 -41.7726 -0.063560
12.97826 432898 -40.2750 -0.061213
12.98051 433873 -39.2823 -0.059637
12.98275 434849 -41.5874 -0.063066
12.98501 435829 -44.8000 -0.067861
12.98725 436810 -41.5853 -0.062921
12.98950 437794 -41.7159 -0.063047
12.99175 438779 -42.3212 -0.063890
12.99400 439767 -44.6353 -0.067308
12.99625 440758 -41.6819 -0.062784
12.99850 441750 -39.0299 -0.058723
13.00075 442745 -38.7139 -0.058182
13.00300 443742 -36.7828 -0.055218
13.00525 444741 -36.6748 -0.054994
13.00750 445742 -35.2166 -0.052748
13.00975 446746 -30.3183 -0.045360
13.01199 447752 -30.7558 -0.045963
13.01424 448760 -30.0368 -0.044838
13.01649 449771 -28.6644 -0.042741
13.01874 450783 -22.3643 -0.033310
13.02099 451798 -18.8671 -0.028069
13.02324 452816 -20.5094 -0.030478
13.02549 453835 -21.1970 -0.031465
13.02774 454857 -22.2275 -0.032957
13.02999 455881 -20.2237 -0.029953
13.03224 456908 -19.3881 -0.028683
13.03449 457937 -19.8551 -0.029341
13.03674 458968 -19.4121 -0.028654
13.03898 460001 -18.6630 -0.027517
13.04123 461037 -18.1595 -0.026745
13.04348 462075 -14.3469 -0.021106
13.04573 463116 -14.1545 -0.020799
13.04798 464158 -13.0170 -0.019106
13.05023 465204 -14.9317 -0.021892
13.05248 466251 -13.4209 -0.019655
13.05473 467301 -11.5698 -0.016925
13.05698 468353 -13.7258 -0.020056
13.05923 469408 -11.9960 -0.017509
13.06148 470465 -9.5413 -0.013911
13.06373 471524 -11.8305 -0.017229
13.06598 472586 -11.8570 -0.017248
13.06822 473650 -14.9516 -0.021725
13.07047 474716 -14.0203 -0.020349
13.07272 475785 -16.3079 -0.023642
13.07497 476857 -15.9300 -0.023069
13.07722 477930 -14.3134 -0.020704
13.07947 479007 -13.0461 -0.018850
13.08172 480085 -9.8974 -0.014284
13.08397 481166 -15.4887 -0.022329
13.08622 482250 -17.0388 -0.024536
13.08847 483335 -18.1445 -0.026099
13.09072 484424 -21.6779 -0.031146
13.09297 485515 -19.9818 -0.028677
13.09521 486608 -21.8871 -0.031376
13.09746 487703 -23.4388 -0.033563
13.09971 488802 -23.4611 -0.033557
13.10196 489902 -24.4023 -0.034864
13.10421 491005 -20.1417 -0.028744
13.10646 492111 -17.4028 -0.024808
13.10871 493219 -18.8526 -0.026844
13.11096 494330 -20.0491 -0.028516
13.11321 495443 -23.6733 -0.033633
13.11546 496558 -22.1984 -0.031502
13.11770 497676 -23.5436 -0.033373
13.11995 498797 -28.3072 -0.040081
13.12220 499920 -26.9720 -0.038147
13.12445 501046 -25.8589 -0.036532
13.12670 502174 -30.3720 -0.042859
13.12895 503305 -32.4639 -0.045760
13.13120 504438 -33.0911 -0.046592
13.13345 505574 -25.8556 -0.036363
13.13570 506712 -29.0686 -0.040836
13.13795 507853 -31.0747 -0.043605
13.14020 508997 -29.0200 -0.040676
13.14245 510143 -27.9080 -0.039074
13.14470 511292 -30.5775 -0.042763
13.14694 512443 -30.8491 -0.043094
13.14919 513597 -28.4189 -0.039655
13.15144 514753 -31.8034 -0.044328
13.15369 515912 -33.7030 -0.046922
13.15594 517074 -30.9845 -0.043089
13.15819 518238 -34.9220 -0.048510
13.16044 519405 -33.1145 -0.045948
13.16269 520575 -30.4871 -0.042255
13.16494 521747 -28.8937 -0.040001
13.16719 522922 -29.4662 -0.040748
13.16944 524099 -25.2861 -0.034928
13.17168 525279 -24.4009 -0.033667
13.17393 526462 -25.6047 -0.035289
13.17618 527648 -31.0657 -0.042767
13.17843 528836 -31.7170 -0.043615
13.18068 530026 -29.8917 -0.041058
13.18293 531220 -28.9685 -0.039746
13.18518 532416 -30.7136 -0.042093
13.18743 533615 -31.9253 -0.043704
13.18968 534816 -33.5819 -0.045920
13.19193 536021 -30.2680 -0.041342
13.19418 537228 -24.8491 -0.033902
13.19643 538437 -26.8692 -0.036617
13.19868 539650 -28.7628 -0.039154
13.20092 540865 -28.3631 -0.038566
13.20317 542083 -28.7272 -0.039018
13.20542 543303 -27.6564 -0.037521
13.20767 544527 -29.6618 -0.040196
13.20992 545753 -27.5556 -0.037300
13.21217 546982 -22.5269 -0.030459
13.21442 548213 -23.3621 -0.031553
13.21667 549448 -18.0496 -0.024350
13.21892 550685 -20.0766 -0.027055
13.22117 551925 -20.4430 -0.027517
13.22342 553168 -16.4581 -0.022129
13.22567 554413 -16.6777 -0.022398
13.22792 555662 -10.7047 -0.014360
13.23016 556913 -2.3879 -0.003200
13.23241 558167 -2.7526 -0.003684
13.23466 559424 -5.3080 -0.007097
13.23691 560683 -3.9577 -0.005285
13.23916 561946 -10.0319 -0.013382
13.24141 563211 -8.7321 -0.011635
13.24366 564479 -4.7435 -0.006314
13.24591 565750 -2.6336 -0.003501
13.24816 567024 -6.0484 -0.008032
13.25041 568301 -8.3629 -0.011094
13.25266 569581 -9.0631 -0.012009
13.25490 570863 -11.2085 -0.014835
13.25715 572149 -17.2103 -0.022753
13.25940 573437 -19.1072 -0.025232
13.26165 574728 -23.8699 -0.031486
13.26390 576022 -24.9723 -0.032903
13.26615 577319 -26.7773 -0.035242
13.26840 578619 -23.2805 -0.030605
13.27065 579922 -18.6626 -0.024507
13.27290 581228 -24.9989 -0.032790
13.27515 582537 -22.6564 -0.029684
13.27740 583848 -22.2277 -0.029090
13.27965 585163 -18.9010 -0.024709
13.28190 586481 -13.1845 -0.017216
13.28414 587801 -16.8201 -0.021939
13.28639 589125 -12.4860 -0.016267
13.28864 590451 -7.2760 -0.009469
13.29089 591781 -3.1291 -0.004068
13.29314 593113 -10.2430 -0.013300
13.29539 594449 -12.5800 -0.016316
13.29764 595787 -9.0815 -0.011766
13.29989 597129 -7.0469 -0.009119
13.30214 598473 -4.6776 -0.006046
13.30439 599821 -1.5748 -0.002033
13.30664 601172 0.5458 0.000704
13.30888 602525 -3.6907 -0.004755
13.31113 603882 -7.1243 -0.009168
13.31338 605242 -8.8695 -0.011401
13.31563 606604 -6.7345 -0.008647
13.31788 607970 -3.0524 -0.003915
13.32013 609339 -1.0142 -0.001299
13.32238 610711 -0.5788 -0.000741
13.32463 612087 -2.7285 -0.003487
13.32688 613465 6.3242 0.008074
13.32913 614846 11.7360 0.014967
13.33138 616231 13.4512 0.017135
13.33363 617618 6.8378 0.008701
13.33588 619009 11.0829 0.014087
13.33812 620403 11.5818 0.014704
13.34037 621800 10.1849 0.012916
13.34262 623200 9.4540 0.011976
13.34487 624603 6.4776 0.008196
13.34712 626009 11.3544 0.014351
13.34937 627419 6.3204 0.007979
13.35162 628832 10.2563 0.012934
13.35387 630248 8.7286 0.010995
13.35612 631667 9.4899 0.011940
13.35837 633089 12.6118 0.015851
13.36062 634515 12.3114 0.015456
13.36286 635943 13.3432 0.016732
13.36511 637375 10.0179 0.012548
13.36736 638811 13.6264 0.017049
13.36961 640249 11.2662 0.014080
13.37186 641691 8.1417 0.010164
13.37411 643135 2.6555 0.003311
13.37636 644584 4.2214 0.005258
13.37861 646035 9.4282 0.011730
13.38086 647490 11.0908 0.013783
13.38311 648948 13.5702 0.016845
13.38536 650409 9.4565 0.011726
13.38761 651873 13.9367 0.017261
13.38985 653341 12.1856 0.015076
13.39210 654812 15.5066 0.019163
13.39435 656287 9.2606 0.011431
13.39660 657765 16.4605 0.020296
13.39885 659246 20.5015 0.025250
13.40110 660730 17.4112 0.021420
13.40335 662218 12.8039 0.015734
13.40560 663709 14.9218 0.018316
13.40785 665203 22.9004 0.028078
13.41010 666701 26.2136 0.032104
13.41235 668203 35.5020 0.043431
13.41460 669707 31.7321 0.038775
13.41684 671215 32.1606 0.039255
13.41909 672726 34.0753 0.041545
13.42134 674241 30.3216 0.036927
13.42359 675759 34.5190 0.041992
13.42584 677281 36.2023 0.043990
13.42809 678806 45.5994 0.055346
13.43034 680335 44.7118 0.054208
13.43259 681866 39.8259 0.048230
13.43484 683402 43.2648 0.052336
13.43709 684941 42.3614 0.051185
13.43934 686483 45.1275 0.054466
13.44159 688029 41.9737 0.050603
13.44384 689578 40.3321 0.048569
13.44608 691131 42.0405 0.050569
13.44833 692687 43.5258 0.052297
13.45058 694247 42.7190 0.051270
13.45283 695810 43.6450 0.052323
13.45508 697377 41.0491 0.049155
13.45733 698947 46.8076 0.055988
13.45958 700521 49.9030 0.059623
13.46183 702098 47.3887 0.056556
13.46408 703679 47.2825 0.056365
13.46633 705263 46.1065 0.054902
13.46858 706851 45.3243 0.053910
13.47082 708443 48.4897 0.057610
13.47307 710038 45.2027 0.053644
13.47532 711637 41.6668 0.049392
13.47757 713239 41.2354 0.048826
13.47982 714845 39.9780 0.047284
13.48207 716455 42.7099 0.050458
13.48432 718068 43.7904 0.051677
13.48657 719685 45.9461 0.054160
13.48882 721306 48.5136 0.057122
13.49107 722930 42.7365 0.050263
13.49332 724558 45.5202 0.053477
13.49557 726189 44.7881 0.052558
13.49781 727824 42.7697 0.050133
13.50006 729463 42.9988 0.050345
13.50231 731106 44.0579 0.051527
13.50456 732752 46.4151 0.054223
13.50681 734402 42.9222 0.050086
13.50906 736056 47.2416 0.055064
13.51131 737713 47.5084 0.055313
13.51356 739374 44.3243 0.051548
13.51581 741039 45.7434 0.053138
13.51806 742707 47.3184 0.054906
13.52031 744380 45.4768 0.052710
13.52256 746056 46.1403 0.053419
13.52481 747736 49.7503 0.057534
13.52705 749419 55.5851 0.064209
13.52930 751107 58.3115 0.067283
13.53155 752798 58.2545 0.067141
13.53380 754493 54.1470 0.062337
13.53605 756192 57.5386 0.066167
13.53830 757895 58.9195 0.067679
13.54055 759601 52.7312 0.060503
13.54280 761312 54.3325 0.062270
13.54505 763026 58.4180 0.066877
13.54730 764744 54.8112 0.062677
13.54955 766466 60.8972 0.069559
13.55179 768192 59.1240 0.067457
13.55404 769922 55.3307 0.063058
13.55629 771655 55.6314 0.063330
13.55854 773393 53.4968 0.060831
13.56079 775134 49.6145 0.056353
13.56304 776880 48.0135 0.054474
13.56529 778629 52.4339 0.059422
13.56754 780382 54.8442 0.062084
13.56979 782139 58.0311 0.065617
13.57204 783901 54.5335 0.061593
13.57429 785666 53.4990 0.060357
13.57654 787435 53.9331 0.060778
13.57879 789208 54.8817 0.061778
13.58103 790985 57.2118 0.064328
13.58328 792766 56.7231 0.063707
13.58553 794551 59.4832 0.066732
13.58778 796340 54.7784 0.061385
13.59003 798133 47.8739 0.053587
13.59228 799930 49.8508 0.055737
13.59453 801732 49.1046 0.054841
13.59678 803537 49.2949 0.054992
13.59903 805346 50.1900 0.055928
13.60128 807160 46.8784 0.052179
13.60353 808977 47.1240 0.052393
13.60578 810799 50.4847 0.056066
13.60802 812624 54.3559 0.060298
13.61027 814454 59.2744 0.065680
13.61252 816288 60.2654 0.066703
13.61477 818126 63.5045 0.070209
13.61702 819968 64.4057 0.071126
13.61927 821815 64.6969 0.071367
13.62152 823665 65.4728 0.072142
13.62377 825520 59.7778 0.065792
13.62602 827379 54.2919 0.059687
13.62827 829242 50.9777 0.055981
13.63052 831109 52.1620 0.057217
13.63276 832980 52.9360 0.058001
13.63501 834856 53.2535 0.058283
13.63726 836736 54.2866 0.059347
13.63951 838620 56.1572 0.061323
13.64176 840508 59.7478 0.065170
13.64401 842401 54.0036 0.058839
13.64626 844297 52.0589 0.056656
13.64851 846199 53.8274 0.058515
13.65076 848104 56.1283 0.060948
13.65301 850014 52.1804 0.056597
13.65526 851928 49.5316 0.053664
13.65751 853846 48.0612 0.052012
13.65975 855768 51.6917 0.055878
13.66200 857695 52.8545 0.057071
13.66425 859627 57.7111 0.062245
13.66650 861562 55.8160 0.060133
13.66875 863502 62.8351 0.067619
13.67100 865447 65.0999 0.069978
13.67325 867395 64.5408 0.069299
13.67550 869348 65.8389 0.070613
13.67775 871306 66.0084 0.070715
13.68000 873268 62.2578 0.066622
13.68225 875234 59.8819 0.064008
13.68450 877205 60.4424 0.064534
13.68674 879180 53.3507 0.056899
13.68899 881160 50.9599 0.054288
13.69124 883144 57.4468 0.061129
13.69349 885133 56.9350 0.060517
13.69574 887126 62.1250 0.065959
13.69799 889123 57.7211 0.061214
13.70024 891125 54.0953 0.057305
13.70249 893132 56.7292 0.060027
13.70474 895143 54.9806 0.058112
13.70699 897158 52.9262 0.055877
13.70924 899178 55.5421 0.058573
13.71149 901203 51.8452 0.054613
13.71373 903232 45.0953 0.047449
13.71598 905266 46.9971 0.049395
13.71823 907305 47.2183 0.049572
13.72048 909348 46.6080 0.048876
13.72273 911395 44.0112 0.046101
13.72498 913447 42.1052 0.044055
13.72723 915504 47.9916 0.050157
13.72948 917566 47.9738 0.050082
13.73173 919632 46.7228 0.048722
13.73398 921702 47.0247 0.048981
13.73623 923778 50.3762 0.052413
13.73848 925858 50.3291 0.052305
13.74073 927943 49.0968 0.050967
13.74297 930032 52.0557 0.053978
13.74522 932126 48.5376 0.050274
13.74747 934225 50.8689 0.052629
13.74972 936329 46.2286 0.047775
13.75197 938437 46.2821 0.047776
13.75422 940550 49.6224 0.051167
13.75647 942668 49.2963 0.050773
13.75872 944791 46.9641 0.048317
13.76097 946918 49.2635 0.050625
13.76322 949050 38.9447 0.039976
13.76547 951187 36.0237 0.036936
13.76772 953329 37.4139 0.038319
13.76996 955475 35.2307 0.036042
13.77221 957627 36.4966 0.037295
13.77446 959783 32.8086 0.033489
13.77671 961944 33.5138 0.034170
13.77896 964110 27.1282 0.027628
13.78121 966281 29.9245 0.030442
13.78346 968457 32.3299 0.032852
13.78571 970638 39.7065 0.040303
13.78796 972823 41.4155 0.041990
13.79021 975014 46.6117 0.047205
13.79246 977209 52.3896 0.052997
13.79471 979410 51.7298 0.052271
13.79695 981615 50.1948 0.050663
13.79920 983825 46.8755 0.047259
13.80145 986041 45.5446 0.045866
13.80370 988261 42.9771 0.043232
13.80595 990486 45.8636 0.046083
13.80820 992716 45.3657 0.045532
13.81045 994952 42.5635 0.042671
13.81270 997192 40.1903 0.040247
13.81495 999437 42.4972 0.042509
13.81720 1001688 48.9986 0.048957
13.81945 1003943 53.5485 0.053443
13.82170 1006204 54.7120 0.054543
13.82394 1008470 60.1573 0.059904
13.82619 1010740 60.0470 0.059727
13.82844 1013016 53.5119 0.053167
13.83069 1015297 56.5398 0.056112
13.83294 1017583 56.1704 0.055683
13.83519 1019875 69.0464 0.068370
13.83744 1022171 72.3394 0.071551
13.83969 1024473 64.2421 0.063470
13.84194 1026780 66.5913 0.065717
13.84419 1029092 60.4481 0.059588
13.84644 1031409 62.5268 0.061567
13.84869 1033731 60.1963 0.059206
13.85093 1036059 61.2060 0.060132
13.85318 1038392 60.0941 0.058973
13.85543 1040730 58.7900 0.057628
13.85768 1043073 55.3106 0.054157
13.85993 1045422 54.5331 0.053335
13.86218 1047776 59.5649 0.058191
13.86443 1050135 63.4371 0.061904
13.86668 1052500 61.6356 0.060079
13.86893 1054870 67.7360 0.065951
13.87118 1057245 65.3901 0.063595
13.87343 1059626 65.3717 0.063506
13.87568 1062012 71.8366 0.069708
13.87792 1064403 68.9881 0.066868
13.88017 1066800 63.3307 0.061316
13.88242 1069202 57.3634 0.055476
13.88467 1071609 57.5715 0.055615
13.88692 1074022 60.0787 0.057971
13.88917 1076441 56.3498 0.054312
13.89142 1078864 54.0505 0.052038
13.89367 1081294 67.3043 0.064725
13.89592 1083728 66.7362 0.064106
13.89817 1086169 71.2875 0.068401
13.90042 1088614 71.1791 0.068221
13.90267 1091066 72.5458 0.069452
13.90491 1093522 72.0090 0.068861
13.90716 1095985 60.9182 0.058190
13.90941 1098452 64.5657 0.061604
13.91166 1100926 69.5155 0.066253
13.91391 1103405 68.5220 0.065232
13.91616 1105889 75.3893 0.071689
13.91841 1108379 78.9833 0.075022
13.92066 1110875 81.1404 0.076985
13.92291 1113377 75.7349 0.071775
13.92516 1115883 78.3979 0.074216
13.92741 1118396 78.2072 0.073952
13.92965 1120914 77.2800 0.072993
13.93190 1123438 77.4729 0.073093
13.93415 1125968 84.6581 0.079782
13.93640 1128503 82.4949 0.077656
13.93865 1131044 86.5774 0.081408
13.94090 1133591 83.6731 0.078588
13.94315 1136144 82.7627 0.077646
13.94540 1138702 74.4887 0.069805
13.94765 1141266 68.6625 0.064273
13.94990 1143836 57.8532 0.054094
13.95215 1146411 64.6680 0.060397
13.95440 1148993 63.9942 0.059701
13.95665 1151580 58.3249 0.054351
13.95889 1154173 59.2026 0.055107
13.96114 1156772 63.1015 0.058670
13.96339 1159376 68.5078 0.063625
13.96564 1161987 67.5374 0.062653
13.96789 1164603 64.2325 0.059520
13.97014 1167226 56.5514 0.052344
13.97239 1169854 60.7182 0.056137
13.97464 1172488 63.4882 0.058633
13.97689 1175128 63.3319 0.058422
13.97914 1177774 63.8721 0.058855
13.98139 1180426 66.1504 0.060885
13.98364 1183084 75.0550 0.069004
13.98588 1185748 74.1557 0.068100
13.98813 1188418 75.0903 0.068881
13.99038 1191094 69.8343 0.063988
13.99263 1193776 59.2070 0.054189
13.99488 1196464 57.6928 0.052744
13.99713 1199158 63.1052 0.057627
13.99938 1201858 64.4676 0.058805
14.00163 1204565 61.3942 0.055939
14.00388 1207277 62.5311 0.056910
14.00613 1209995 59.8508 0.054410
14.00838 1212720 56.6169 0.051412
14.01063 1215451 58.6200 0.053171
14.01287 1218187 59.5456 0.053950
14.01512 1220930 54.5480 0.049367
14.01737 1223680 59.9502 0.054195
14.01962 1226435 65.3479 0.059008
14.02187 1229196 54.7531 0.049385
14.02412 1231964 57.2851 0.051611
14.02637 1234738 63.9321 0.057535
14.02862 1237519 60.1499 0.054070
14.03087 1240305 60.6932 0.054497
14.03312 1243098 57.1352 0.051245
14.03537 1245897 50.2301 0.045001
14.03762 1248702 48.7483 0.043624
14.03986 1251514 52.5139 0.046941
14.04211 1254332 44.2765 0.039534
14.04436 1257156 40.2485 0.035897
14.04661 1259987 44.3334 0.039496
14.04886 1262824 47.4291 0.042206
14.05111 1265668 40.9964 0.036441
14.05336 1268518 51.2713 0.045523
14.05561 1271374 51.7119 0.045862
14.05786 1274237 52.0856 0.046142
14.06011 1277106 44.0579 0.038986
14.06236 1279982 45.4149 0.040142
14.06461 1282864 49.3772 0.043595
14.06685 1285752 45.9010 0.040480
14.06910 1288648 43.5789 0.038389
14.07135 1291549 47.5264 0.041820
14.07360 1294457 51.3231 0.045110
14.07585 1297372 53.1797 0.046689
14.07810 1300293 58.6636 0.051446
14.08035 1303221 60.6334 0.053113
14.08260 1306156 61.6252 0.053921
14.08485 1309097 58.6841 0.051290
14.08710 1312044 59.1095 0.051604
14.08935 1314999 61.5034 0.053634
14.09160 1317960 66.7591 0.058151
14.09384 1320927 73.8350 0.064243
14.09609 1323902 61.9001 0.053798
14.09834 1326883 68.8511 0.059772
14.10059 1329871 62.2312 0.053964
14.10284 1332865 69.9161 0.060560
14.10509 1335866 71.8477 0.062163
14.10734 1338874 71.7823 0.062037
14.10959 1341889 70.8535 0.061165
14.11184 1344910 66.9169 0.057702
14.11409 1347939 66.7256 0.057472
14.11634 1350974 63.9643 0.055032
14.11859 1354016 67.5447 0.058047
14.12083 1357065 69.6231 0.059766
14.12308 1360120 65.0927 0.055814
14.12533 1363183 61.2685 0.052476
14.12758 1366253 63.1025 0.053986
14.12983 1369329 65.6719 0.056121
14.13208 1372412 68.0846 0.058117
14.13433 1375502 67.7572 0.057773
14.13658 1378600 71.1936 0.060635
14.13883 1381704 67.6546 0.057556
14.14108 1384815 61.1627 0.051975
14.14333 1387933 65.4616 0.055565
14.14558 1391058 55.8556 0.047358
14.14782 1394191 61.0628 0.051715
14.15007 1397330 59.3792 0.050232
14.15232 1400476 47.5920 0.040216
14.15457 1403630 44.6930 0.037724
14.15682 1406790 40.1654 0.033864
14.15907 1409958 45.8326 0.038599
14.16132 1413133 48.1319 0.040489
14.16357 1416315 53.3924 0.044864
14.16582 1419504 57.6998 0.048429
14.16807 1422700 56.0394 0.046983
14.17032 1425904 57.6381 0.048269
14.17257 1429114 54.0868 0.045244
14.17481 1432332 53.1814 0.044436
14.17706 1435558 51.7523 0.043194
14.17931 1438790 47.6675 0.039740
14.18156 1442030 54.0436 0.045005
14.18381 1445277 53.1838 0.044239
14.18606 1448531 52.8052 0.043875
14.18831 1451793 53.3974 0.044317
14.19056 1455062 53.3486 0.044226
14.19281 1458338 56.5112 0.046796
14.19506 1461622 50.1513 0.041482
14.19731 1464913 60.8255 0.050255
14.19956 1468211 52.7250 0.043513
14.20180 1471517 54.1215 0.044616
14.20405 1474831 48.1552 0.039653
14.20630 1478152 52.7209 0.043363
14.20855 1481480 53.2138 0.043720
14.21080 1484816 55.4246 0.045485
14.21305 1488159 48.1394 0.039462
14.21530 1491510 39.0771 0.031997
14.21755 1494869 34.9781 0.028608
14.21980 1498235 34.3445 0.028059
14.22205 1501608 36.6000 0.029868
14.22430 1504989 45.0524 0.036724
14.22655 1508378 45.4856 0.037036
14.22880 1511775 40.1707 0.032671
14.23104 1515179 41.8417 0.033992
14.23329 1518590 41.2208 0.033450
14.23554 1522010 44.3101 0.035916
14.23779 1525437 48.8881 0.039583
14.24004 1528872 50.3060 0.040685
14.24229 1532314 54.1849 0.043773
14.24454 1535765 46.7712 0.037741
14.24679 1539223 50.8233 0.040965
14.24904 1542689 47.0447 0.037877
14.25129 1546162 42.5663 0.034233
14.25354 1549644 39.7807 0.031956
14.25578 1553133 32.8145 0.026331
14.25803 1556630 37.3110 0.029905
14.26028 1560135 36.9195 0.029558
14.26253 1563648 40.9533 0.032751
14.26478 1567169 40.8440 0.032626
14.26703 1570698 47.4413 0.037854
14.26928 1574235 41.8183 0.033330
14.27153 1577779 46.1609 0.036750
14.27378 1581332 38.5364 0.030645
14.27603 1584893 35.7816 0.028422
14.27828 1588461 32.8267 0.026046
14.28053 1592038 39.0066 0.030914
14.28277 1595623 36.7797 0.029117
14.28502 1599216 44.5544 0.035232
14.28727 1602817 42.6393 0.033680
14.28952 1606426 48.0988 0.037949
14.29177 1610043 51.4670 0.040561
14.29402 1613668 52.4382 0.041280
14.29627 1617302 47.2328 0.037141
14.29852 1620943 49.3396 0.038754
14.30077 1624593 39.5490 0.031029
14.30302 1628251 33.4826 0.026240
14.30527 1631918 31.0183 0.024281
14.30752 1635592 31.3465 0.024510
14.30976 1639275 27.9310 0.021815
14.31201 1642966 17.1211 0.013357
14.31426 1646666 14.0148 0.010922
14.31651 1650374 10.8209 0.008423
14.31876 1654090 10.9339 0.008501
14.32101 1657814 9.6746 0.007514
14.32326 1661547 1.8478 0.001434
14.32551 1665289 -11.0285 -0.008546
14.32776 1669038 -2.3632 -0.001829
14.33001 1672796 2.0127 0.001556
14.33226 1676563 6.0140 0.004645
14.33451 1680338 8.4347 0.006507
14.33675 1684122 11.8257 0.009113
14.33900 1687914 17.7749 0.013681
14.34125 1691715 15.4346 0.011867
14.34350 1695524 10.6696 0.008194
14.34575 1699342 0.7289 0.000559
14.34800 1703168 -0.0283 -0.000022
14.35025 1707003 0.1544 0.000118
14.35250 1710847 -8.5617 -0.006546
14.35475 1714699 -12.0223 -0.009181
14.35700 1718560 -9.3970 -0.007168
14.35925 1722430 -12.6038 -0.009604
14.36150 1726308 -15.4053 -0.011725
14.36374 1730195 -10.2307 -0.007778
14.36599 1734091 -12.2833 -0.009328
14.36824 1737996 -20.7173 -0.015715
14.37049 1741909 -23.2050 -0.017582
14.37274 1745831 -17.0887 -0.012933
14.37499 1749763 -14.2083 -0.010741
14.37724 1753702 -13.0572 -0.009860
14.37949 1757651 -8.1211 -0.006126
14.38174 1761609 -6.6307 -0.004996
14.38399 1765576 -1.7155 -0.001291
14.38624 1769551 -0.5511 -0.000414
14.38849 1773536 4.3211 0.003245
14.39073 1777529 1.4480 0.001086
14.39298 1781532 2.2468 0.001683
14.39523 1785543 2.7539 0.002061
14.39748 1789564 -2.2571 -0.001687
14.39973 1793593 -5.3405 -0.003988
14.40198 1797632 -5.0496 -0.003766
14.40423 1801679 -2.7735 -0.002066
14.40648 1805736 -1.2565 -0.000935
14.40873 1809802 -3.3530 -0.002492
14.41098 1813877 -5.6840 -0.004220
14.41323 1817962 -8.9011 -0.006602
14.41548 1822055 -3.1124 -0.002306
14.41772 1826158 -2.6439 -0.001956
14.41997 1830270 -5.0982 -0.003768
14.42222 1834391 2.1258 0.001570
14.42447 1838522 -5.3241 -0.003927
14.42672 1842661 1.1872 0.000875
14.42897 1846811 -0.3528 -0.000260
14.43122 1850969 -3.6601 -0.002690
14.43347 1855137 9.2163 0.006767
14.43572 1859314 9.7764 0.007170
14.43797 1863501 11.0820 0.008118
14.44022 1867697 6.5777 0.004813
14.44247 1871902 3.0792 0.002251
14.44471 1876117 3.2856 0.002399
14.44696 1880342 -9.9192 -0.007234
14.44921 1884576 -4.3255 -0.003151
14.45146 1888819 -13.8269 -0.010061
14.45371 1893072 -6.4573 -0.004693
14.45596 1897335 -7.2180 -0.005240
14.45821 1901607 -3.4648 -0.002513
14.46046 1905889 3.2794 0.002375
14.46271 1910180 0.9923 0.000718
14.46496 1914481 -2.5267 -0.001826
14.46721 1918792 -2.5921 -0.001871
14.46946 1923113 4.3957 0.003170
14.47170 1927443 5.3848 0.003879
14.47395 1931783 12.4748 0.008975
14.47620 1936133 16.1044 0.011574
14.47845 1940493 22.1620 0.015909
14.48070 1944862 26.7534 0.019184
14.48295 1949241 21.1556 0.015153
14.48520 1953630 25.0429 0.017917
14.48745 1958029 20.9021 0.014938
14.48970 1962438 21.5647 0.015394
14.49195 1966857 24.2324 0.017279
14.49420 1971286 24.1003 0.017165
14.49645 1975725 23.2191 0.016519
14.49869 1980173 31.3329 0.022266
14.50094 1984632 25.8870 0.018376
14.50319 1989101 26.7161 0.018943
14.50544 1993580 25.1784 0.017832
14.50769 1998069 36.0495 0.025503
14.50994 2002568 30.3123 0.021420
14.51219 2007077 32.9555 0.023262
14.51444 2011596 33.5307 0.023641
14.51669 2016126 32.0233 0.022553
14.51894 2020665 31.2968 0.022017
14.52119 2025215 35.9842 0.025286
14.52344 2029775 33.5449 0.023545
14.52568 2034346 28.9803 0.020318
14.52793 2038927 34.0391 0.023838
14.53018 2043518 35.6842 0.024962
14.53243 2048119 39.1378 0.027348
14.53468 2052731 36.2589 0.025307
14.53693 2057353 33.8376 0.023591
14.53918 2061986 29.1344 0.020289
14.54143 2066628 22.6017 0.015722
14.54368 2071282 28.6661 0.019918
14.54593 2075946 31.0098 0.021522
14.54818 2080620 24.5521 0.017021
14.55043 2085305 20.3448 0.014089
14.55268 2090001 18.8734 0.013055
14.55492 2094707 26.4772 0.018294
14.55717 2099423 31.2675 0.021580
14.55942 2104151 32.2779 0.022252
14.56167 2108889 38.2220 0.026320
14.56392 2113637 35.5539 0.024455
14.56617 2118396 34.2671 0.023544
14.56842 2123166 25.7509 0.017673
14.57067 2127947 33.1407 0.022719
14.57292 2132739 36.3137 0.024866
14.57517 2137541 33.3707 0.022825
14.57742 2142354 34.0717 0.023278
14.57966 2147178 36.6751 0.025029
14.58191 2152013 29.5546 0.020147
14.58416 2156858 33.3618 0.022716
14.58641 2161715 31.9479 0.021729
14.58866 2166583 29.7288 0.020197
14.59091 2171461 30.8590 0.020941
14.59316 2176350 32.1408 0.021787
14.59541 2181251 23.1177 0.015653
14.59766 2186162 35.7605 0.024186
14.59991 2191085 31.3974 0.021211
14.60216 2196019 42.2602 0.028518
14.60441 2200964 48.9199 0.032975
14.60665 2205919 51.0607 0.034379
14.60890 2210886 53.3577 0.035885
14.61115 2215865 49.8956 0.033519
14.61340 2220854 44.3788 0.029779
14.61565 2225855 43.0865 0.028880
14.61790 2230867 35.4125 0.023709
14.62015 2235890 39.1637 0.026191
14.62240 2240925 27.8436 0.018600
14.62465 2245971 26.6223 0.017764
14.62690 2251028 16.6712 0.011112
14.62915 2256096 19.4376 0.012941
14.63140 2261176 28.9147 0.019229
14.63364 2266268 28.3025 0.018800
14.63589 2271371 30.5280 0.020256
14.63814 2276485 29.6257 0.019635
14.64039 2281611 21.5794 0.014286
14.64264 2286749 14.6980 0.009720
14.64489 2291898 20.4117 0.013483
14.64714 2297059 12.9424 0.008539
14.64939 2302231 15.7292 0.010367
14.65164 2307415 34.3061 0.022584
14.65389 2312610 29.7954 0.019593
14.65614 2317818 23.6428 0.015530
14.65839 2323037 21.8485 0.014335
14.66063 2328267 29.7913 0.019524
14.66288 2333510 26.9650 0.017652
14.66513 2338764 29.8970 0.019549
14.66738 2344031 26.5606 0.017348
14.66963 2349309 27.8061 0.018141
14.67188 2354599 37.4289 0.024392
14.67413 2359900 39.7072 0.025848
14.67638 2365214 44.4010 0.028871
14.67863 2370540 44.7047 0.029035
14.68088 2375878 37.9013 0.024589
14.68313 2381227 36.1750 0.023443
14.68538 2386589 42.7209 0.027654
14.68762 2391963 45.4408 0.029381
14.68987 2397349 58.9124 0.038049
14.69212 2402747 57.0480 0.036803
14.69437 2408158 54.9033 0.035380
14.69662 2413580 54.5883 0.035137
14.69887 2419015 54.4064 0.034981
14.70112 2424462 66.1498 0.042484
14.70337 2429921 59.7866 0.038354
14.70562 2435392 69.3164 0.044417
14.70787 2440876 77.1493 0.049381
14.71012 2446372 83.0746 0.053114
14.71237 2451881 85.9267 0.054875
14.71461 2457401 82.4685 0.052608
14.71686 2462935 72.7557 0.046360
14.71911 2468481 70.6072 0.044940
14.72136 2474039 79.2001 0.050353
14.72361 2479610 88.5251 0.056218
14.72586 2485193 97.3642 0.061762
14.72811 2490789 97.9222 0.062046
14.73036 2496397 96.7237 0.061218
14.73261 2502018 88.6448 0.056041
14.73486 2507652 90.7067 0.057280
14.73711 2513299 94.7479 0.059765
14.73936 2518958 89.1571 0.056175
14.74161 2524630 89.6594 0.056428
14.74385 2530315 97.6775 0.061406
14.74610 2536012 103.5399 0.065018
14.74835 2541722 99.7907 0.062593
14.75060 2547446 95.3263 0.059726
14.75285 2553182 97.4025 0.060958
14.75510 2558931 88.2544 0.055171
14.75735 2564693 93.5997 0.058446
14.75960 2570468 90.5458 0.056476
14.76185 2576255 84.8222 0.052846
14.76410 2582056 80.5749 0.050144
14.76635 2587870 83.0408 0.051620
14.76860 2593698 82.6355 0.051311
14.77084 2599538 83.0980 0.051540
14.77309 2605391 80.8354 0.050080
14.77534 2611258 98.5331 0.060976
14.77759 2617137 104.4802 0.064583
14.77984 2623030 113.4536 0.070051
14.78209 2628937 124.9183 0.077044
14.78434 2634856 126.0260 0.077639
14.78659 2640789 121.8448 0.074979
14.78884 2646735 124.1992 0.076342
14.79109 2652695 118.0195 0.072462
14.79334 2658668 113.9120 0.069861
14.79559 2664655 119.0038 0.072902
14.79783 2670655 127.8804 0.078252
14.80008 2676668 128.5178 0.078554
14.80233 2682695 131.9821 0.080580
14.80458 2688736 129.4448 0.078942
14.80683 2694790 130.3347 0.079396
14.80908 2700858 124.3106 0.075641
14.81133 2706940 123.1678 0.074861
14.81358 2713035 130.0823 0.078975
14.81583 2719144 134.0435 0.081289
14.81808 2725266 123.0946 0.074565
14.82033 2731403 123.2744 0.074590
14.82258 2737553 129.6000 0.078329
14.82482 2743717 135.8092 0.081990
14.82707 2749895 142.2990 0.085811
14.82932 2756087 139.8283 0.084226
14.83157 2762293 137.7937 0.082908
14.83382 2768513 142.4268 0.085599
14.83607 2774747 148.2679 0.089009
14.83832 2780995 150.5709 0.090290
14.84057 2787257 159.7109 0.095663
14.84282 2793533 160.4359 0.095990
14.84507 2799823 165.6559 0.099001
14.84732 2806127 161.1282 0.096187
14.84957 2812446 169.3665 0.100992
14.85181 2818779 154.1181 0.091796
14.85406 2825126 147.3388 0.087659
14.85631 2831487 146.8940 0.087297
14.85856 2837863 156.9451 0.093165
14.86081 2844253 152.5941 0.090480
14.86306 2850657 161.5988 0.095712
14.86531 2857076 163.7624 0.096884
14.86756 2863509 167.1563 0.098781
14.86981 2869957 162.9472 0.096185
14.87206 2876419 179.3596 0.105754
14.87431 2882896 177.7646 0.104696
14.87655 2889387 167.1538 0.098336
14.87880 2895894 178.5923 0.104947
14.88105 2902414 190.4023 0.111762
14.88330 2908950 181.6342 0.106495
14.88555 2915500 187.4236 0.109766
14.88780 2922064 191.0089 0.111740
14.89005 2928644 187.3017 0.109448
14.89230 2935238 196.7011 0.114811
14.89455 2941848 195.1751 0.113793
14.89680 2948472 189.6018 0.110419
14.89905 2955111 176.8261 0.102863
14.90130 2961765 171.5153 0.099662
14.90355 2968434 174.8066 0.101460
14.90579 2975118 159.9249 0.092718
14.90804 2981817 160.3173 0.092841
14.91029 2988531 170.0000 0.098338
14.91254 2995261 169.8656 0.098150
14.91479 3002005 171.6408 0.099064
14.91704 3008765 179.2466 0.103337
14.91929 3015539 180.9243 0.104187
14.92154 3022329 183.4190 0.105505
14.92379 3029135 183.4252 0.105390
14.92604 3035956 185.5480 0.106490
14.92829 3042792 188.5864 0.108112
14.93054 3049643 180.8921 0.103585
14.93278 3056510 172.5512 0.098697
14.93503 3063392 161.9766 0.092545
14.93728 3070290 162.5260 0.092754
14.93953 3077203 157.0227 0.089513
14.94178 3084132 162.0654 0.092283
14.94403 3091077 164.4678 0.093546
14.94628 3098037 168.0204 0.095459
14.94853 3105013 155.0637 0.087999
14.95078 3112005 165.3798 0.093748
14.95303 3119012 160.7779 0.091037
14.95528 3126035 166.7896 0.094335
14.95753 3133074 151.7299 0.085721
14.95977 3140129 157.0969 0.088653
14.96202 3147199 170.1278 0.095899
14.96427 3154286 173.3720 0.097618
14.96652 3161388 177.0267 0.099563
14.96877 3168507 174.6745 0.098130
14.97102 3175641 175.2298 0.098331
14.97327 3182792 181.8061 0.101907
14.97552 3189959 178.8984 0.100165
14.97777 3197141 175.8325 0.098337
14.98002 3204340 176.8787 0.098811
14.98227 3211556 182.5729 0.101878
14.98452 3218787 187.6422 0.104589
14.98676 3226035 193.5143 0.107740
14.98901 3233299 203.5730 0.113213
14.99126 3240579 200.9450 0.111626
14.99351 3247876 206.4409 0.114550
14.99576 3255189 206.0757 0.114219
14.99801 3262519 207.4779 0.114867
15.00026 3269865 207.7536 0.114890
15.00251 3277228 218.6383 0.120774
15.00476 3284607 217.6117 0.120072
15.00701 3292003 229.8836 0.126700
15.00926 3299416 237.5909 0.130801
15.01151 3306845 233.8526 0.128598
15.01375 3314291 227.1201 0.124756
15.01600 3321754 224.9665 0.123434
15.01825 3329234 228.0596 0.124990
15.02050 3336730 217.6138 0.119131
15.02275 3344243 214.7169 0.117413
15.02500 3351773 214.5137 0.117170
15.02725 3359321 215.7906 0.117735
15.02950 3366885 216.5998 0.118044
15.03175 3374466 209.1303 0.113845
15.03400 3382064 202.8474 0.110301
15.03625 3389680 195.6216 0.106252
15.03850 3397312 201.8419 0.109507
15.04074 3404962 204.6954 0.110931
15.04299 3412629 205.9353 0.111477
15.04524 3420313 205.6115 0.111177
15.04749 3428015 199.6634 0.107839
15.04974 3435734 201.7248 0.108830
15.05199 3443470 205.8373 0.110924
15.05424 3451223 212.7072 0.114497
15.05649 3458995 206.4915 0.111027
15.05874 3466783 214.1618 0.115021
15.06099 3474589 229.0241 0.122865
15.06324 3482413 225.5667 0.120875
15.06549 3490254 224.4300 0.120130
15.06773 3498113 223.8820 0.119702
15.06998 3505990 224.9068 0.120115
15.07223 3513885 248.9835 0.132824
15.07448 3521797 256.5466 0.136705
15.07673 3529727 260.1943 0.138493
15.07898 3537675 268.1919 0.142589
15.08123 3545640 257.9084 0.136968
15.08348 3553624 254.1201 0.134804
15.08573 3561626 263.8418 0.139804
15.08798 3569646 252.9986 0.133908
15.09023 3577683 262.3296 0.138690
15.09248 3585739 261.8927 0.138304
15.09472 3593813 259.0867 0.136668
15.09697 3601905 273.9762 0.144360
15.09922 3610016 255.4380 0.134441
15.10147 3618144 256.1648 0.134672
15.10372 3626291 263.1488 0.138188
15.10597 3634457 249.6372 0.130945
15.10822 3642640 260.3619 0.136417
15.11047 3650843 253.7836 0.132821
15.11272 3659063 259.2954 0.135553
15.11497 3667302 265.7207 0.138756
15.11722 3675560 256.3876 0.133732
15.11947 3683836 255.4473 0.133092
15.12171 3692131 251.2263 0.130745
15.12396 3700445 270.0851 0.140402
15.12621 3708777 273.6923 0.142117
15.12846 3717128 277.7440 0.144059
15.13071 3725498 284.8705 0.147589
15.13296 3733887 282.2701 0.146078
15.13521 3742294 295.6596 0.152835
15.13746 3750721 293.4804 0.151538
15.13971 3759166 289.7075 0.149422
15.14196 3767631 300.6831 0.154908
15.14421 3776114 299.1752 0.153958
15.14646 3784617 304.8890 0.156722
15.14870 3793139 302.9042 0.155527
15.15095 3801680 309.7103 0.158843
15.15320 3810240 320.8478 0.164370
15.15545 3818819 337.0373 0.172470
15.15770 3827418 363.2063 0.185652
15.15995 3836036 365.0557 0.186388
15.16220 3844674 360.0700 0.183636
15.16445 3853331 362.5200 0.184677
15.16670 3862008 365.0369 0.185751
15.16895 3870704 356.6497 0.181279
15.17120 3879419 357.5121 0.181513
15.17345 3888155 366.6983 0.185968
15.17569 3896910 382.4959 0.193761
15.17794 3905684 376.9691 0.190747
15.18019 3914479 378.6483 0.191381
15.18244 3923293 370.6588 0.187132
15.18469 3932127 369.5582 0.186367
15.18694 3940981 361.0879 0.181891
15.18919 3949855 359.5371 0.180906
15.19144 3958749 348.5245 0.175168
15.19369 3967663 340.5688 0.170977
15.19594 3976597 347.2247 0.174122
15.19819 3985551 362.1313 0.181394
15.20044 3994525 360.3189 0.180283
15.20268 4003520 356.8907 0.178367
15.20493 4012534 360.9137 0.180175
15.20718 4021569 357.0931 0.178067
15.20943 4030625 360.2605 0.179445
15.21168 4039700 367.3653 0.182778
15.21393 4048797 370.5657 0.184163
15.21618 4057913 365.6676 0.181524
15.21843 4067050 366.1362 0.181553
15.22068 4076208 357.7074 0.177174
15.22293 4085387 371.6110 0.183854
15.22518 4094586 373.1479 0.184406
15.22743 4103805 376.8320 0.186018
15.22967 4113046 377.9423 0.186356
15.23192 4122307 374.1052 0.184257
15.23417 4131589 371.7749 0.182903
15.23642 4140893 375.8146 0.184683
15.23867 4150217 377.7786 0.185439
15.24092 4159562 381.0219 0.186821
15.24317 4168928 380.8996 0.186551
15.24542 4178315 400.1225 0.195746
15.24767 4187723 425.4548 0.207905
15.24992 4197153 432.7547 0.211234
15.25217 4206603 438.2797 0.213691
15.25442 4216075 437.5581 0.213099
15.25666 4225569 433.0120 0.210648
15.25891 4235083 428.1765 0.208062
15.26116 4244620 441.1201 0.214110
15.26341 4254177 440.1713 0.213410
15.26566 4263756 435.0162 0.210673
15.26791 4273357 444.7411 0.215141
15.27016 4282979 438.9786 0.212115
15.27241 4292623 429.5379 0.207320
15.27466 4302289 428.4830 0.206578
15.27691 4311976 421.0028 0.202743
15.27916 4321686 420.7760 0.202406
15.28141 4331417 421.5197 0.202536
15.28365 4341170 422.0311 0.202554
15.28590 4350945 416.2583 0.199559
15.28815 4360742 424.8247 0.203437
15.29040 4370561 440.6594 0.210782
15.29265 4380402 436.7526 0.208679
15.29490 4390266 448.9710 0.214276
15.29715 4400151 449.0870 0.214090
15.29940 4410059 459.4622 0.218790
15.30165 4419989 461.8080 0.219660
15.30390 4429942 459.2612 0.218203
15.30615 4439916 448.1610 0.212690
15.30840 4449914 459.8307 0.217983
15.31064 4459934 454.7984 0.215355
15.31289 4469976 469.1851 0.221918
15.31514 4480041 474.6132 0.224233
15.31739 4490129 472.6173 0.223039
15.31964 4500239 477.3801 0.225033
15.32189 4510372 478.8382 0.225467
15.32414 4520528 463.4732 0.217987
15.32639 4530707 479.3455 0.225199
15.32864 4540909 489.9372 0.229916
15.33089 4551134 501.3240 0.234995
15.33314 4561382 503.4375 0.235721
15.33539 4571653 495.5935 0.231787
15.33763 4581946 506.0579 0.236415
15.33988 4592264 522.9284 0.244022
15.34213 4602604 519.5448 0.242170
15.34438 4612968 510.1998 0.237547
15.34663 4623355 513.4344 0.238785
15.34888 4633765 510.2793 0.237051
15.35113 4644199 517.4297 0.240102
15.35338 4654656 520.4428 0.241229
15.35563 4665137 508.7489 0.235544
15.35788 4675642 514.0675 0.237739
15.36013 4686170 507.1425 0.234272
15.36238 4696722 515.2755 0.237762
15.36462 4707297 498.4198 0.229726
15.36687 4717897 493.5567 0.227228
15.36912 4728520 506.3363 0.232850
15.37137 4739167 508.4681 0.233568
15.37362 4749838 513.4187 0.235577
15.37587 4760534 509.0916 0.233329
15.37812 4771253 507.2659 0.232231
15.38037 4781996 517.1882 0.236507
15.38262 4792764 515.3347 0.235395
15.38487 4803556 516.2603 0.235552
15.38712 4814372 528.6282 0.240924
15.38937 4825212 534.2819 0.243227
15.39161 4836077 530.8817 0.241408
15.39386 4846967 522.1182 0.237156
15.39611 4857881 514.5906 0.233474
15.39836 4868819 499.2125 0.226242
15.40061 4879782 494.3788 0.223800
15.40286 4890770 501.1582 0.226614
15.40511 4901783 507.5297 0.229237
15.40736 4912820 503.6427 0.227226
15.40961 4923882 506.2607 0.228150
15.41186 4934969 519.4749 0.233842
15.41411 4946081 519.1915 0.233452
15.41636 4957218 503.0428 0.225936
15.41860 4968381 497.0211 0.222981
15.42085 4979568 503.4303 0.225602
15.42310 4990780 501.9867 0.224703
15.42535 5002018 500.8481 0.223941
15.42760 5013281 497.7132 0.222289
15.42985 5024570 494.1825 0.220464
15.43210 5035883 491.9370 0.219216
15.43435 5047223 490.2166 0.218204
15.43660 5058587 501.7814 0.223100
15.43885 5069978 501.0809 0.222538
15.44110 5081394 511.1940 0.226775
15.44335 5092836 513.2168 0.227416
15.44559 5104303 525.7432 0.232705
15.44784 5115797 532.5731 0.235463
15.45009 5127316 523.8282 0.231336
15.45234 5138861 518.6117 0.228775
15.45459 5150432 507.3642 0.223562
15.45684 5162029 516.4971 0.227330
15.45909 5173653 516.9930 0.227293
15.46134 5185302 514.3685 0.225885
15.46359 5196978 514.9684 0.225894
15.46584 5208680 511.1375 0.223962
15.46809 5220408 500.6684 0.219128
15.47034 5232163 493.0378 0.215546
15.47258 5243944 501.1824 0.218860
15.47483 5255752 496.2719 0.216472
15.47708 5267587 497.3542 0.216701
15.47933 5279448 499.7742 0.217510
15.48158 5291335 489.4455 0.212776
15.48383 5303250 502.0564 0.218013
15.48608 5315191 493.9988 0.214273
15.48833 5327159 488.5508 0.211671
15.49058 5339154 502.3179 0.217391
15.49283 5351177 495.0883 0.214022
15.49508 5363226 497.7197 0.214917
15.49733 5375302 500.7702 0.215992
15.49957 5387406 498.3469 0.214705
15.50182 5399537 481.1255 0.207052
15.50407 5411695 480.6784 0.206627
15.50632 5423880 486.0154 0.208687
15.50857 5436093 489.5782 0.209980
15.51082 5448334 491.5496 0.210589
15.51307 5460602 480.0835 0.205445
15.51532 5472897 476.0893 0.203507
15.51757 5485221 461.8668 0.197206
15.51982 5497572 449.5225 0.191719
15.52207 5509951 454.7354 0.193725
15.52432 5522357 456.2439 0.194149
15.52656 5534792 462.6483 0.196653
15.52881 5547255 460.1192 0.195358
15.53106 5559745 465.1046 0.197253
15.53331 5572264 470.9212 0.199495
15.53556 5584811 485.1721 0.205301
15.53781 5597387 490.0946 0.207151
15.54006 5609990 491.3901 0.207465
15.54231 5622622 501.7341 0.211594
15.54456 5635283 493.7470 0.207992
15.54681 5647972 514.8288 0.216629
15.54906 5660689 502.8355 0.211345
15.55131 5673435 517.6645 0.217333
15.55355 5686210 521.7616 0.218807
15.55580 5699014 528.2000 0.221258
15.55805 5711846 527.8780 0.220874
15.56030 5724708 537.3691 0.224593
15.56255 5737598 527.2833 0.220130
15.56480 5750517 541.2194 0.225694
15.56705 5763466 549.2930 0.228803
15.56930 5776443 559.6045 0.232836
15.57155 5789450 555.6216 0.230919
15.57380 5802486 543.5751 0.225659
15.57605 5815552 539.8822 0.223874
15.57830 5828647 539.6405 0.223522
15.58054 5841771 550.9719 0.227959
15.58279 5854925 565.0499 0.233521
15.58504 5868108 563.2994 0.232536
15.58729 5881322 566.9978 0.233800
15.58954 5894565 574.2342 0.236517
15.59179 5907837 573.0766 0.235775
15.59404 5921140 577.0646 0.237149
15.59629 5934473 593.2763 0.243538
15.59854 5947835 592.8988 0.243109
15.60079 5961228 580.5222 0.237767
15.60304 5974651 591.8749 0.242144
15.60529 5988104 589.0483 0.240717
15.60753 6001587 605.5385 0.247177
15.60978 6015101 601.1993 0.245130
15.61203 6028645 605.8441 0.246746
15.61428 6042220 630.3557 0.256441
15.61653 6055825 614.8076 0.249835
15.61878 6069461 621.2742 0.252179
15.62103 6083128 621.2097 0.251869
15.62328 6096825 624.4698 0.252906
15.62553 6110553 624.1537 0.252494
15.62778 6124313 630.1081 0.254616
15.63003 6138103 614.6130 0.248076
15.63228 6151924 628.3497 0.253335
15.63452 6165776 642.0602 0.258572
15.63677 6179660 657.0695 0.264319
15.63902 6193574 652.6309 0.262239
15.64127 6207520 645.2433 0.258979
15.64352 6221498 644.6866 0.258465
15.64577 6235507 652.1977 0.261182
15.64802 6249547 630.8729 0.252358
15.65027 6263619 639.9437 0.255699
15.65252 6277723 642.6323 0.256485
15.65477 6291859 637.7334 0.254243
15.65702 6306026 646.5203 0.257457
15.65927 6320225 644.9562 0.256545
15.66151 6334457 643.2231 0.255568
15.66376 6348720 638.3017 0.253328
15.66601 6363015 641.7542 0.254412
15.66826 6377343 638.1645 0.252704
15.67051 6391703 644.8459 0.255063
15.67276 6406095 643.7716 0.254352
15.67501 6420520 655.9473 0.258871
15.67726 6434977 649.7156 0.256124
15.67951 6449466 661.2956 0.260396
15.68176 6463989 655.9946 0.258018
15.68401 6478543 660.0406 0.259318
15.68626 6493131 658.2837 0.258337
15.68850 6507752 670.4237 0.262805
15.69075 6522405 669.7881 0.262261
15.69300 6537092 666.6474 0.260738
15.69525 6551811 652.8192 0.255042
15.69750 6566564 639.7019 0.249637
15.69975 6581350 657.4704 0.256282
15.70200 6596169 644.3484 0.250885
15.70425 6611022 648.1664 0.252088
15.70650 6625908 644.5598 0.250404
15.70875 6640827 648.5742 0.251680
15.71100 6655780 652.5143 0.252924
15.71325 6670767 653.4944 0.253020
15.71549 6685788 646.6532 0.250089
15.71774 6700842 641.3810 0.247772
15.71999 6715931 646.7087 0.249549
15.72224 6731053 656.4516 0.253024
15.72449 6746209 640.1224 0.246452
15.72674 6761400 642.0426 0.246914
15.72899 6776624 641.5349 0.246441
15.73124 6791883 638.2830 0.244917
15.73349 6807176 650.4586 0.249308
15.73574 6822504 640.8878 0.245364
15.73799 6837866 656.9855 0.251244
15.74024 6853263 666.6037 0.254636
15.74248 6868695 639.6171 0.244052
15.74473 6884161 642.2274 0.244773
15.74698 6899662 646.9995 0.246315
15.74923 6915198 651.4666 0.247736
15.75148 6930769 651.7585 0.247569
15.75373 6946375 653.0892 0.247795
15.75598 6962016 649.1401 0.246020
15.75823 6977692 641.9146 0.243008
15.76048 6993404 634.1505 0.239799
15.76273 7009151 628.1740 0.237272
15.76498 7024933 637.0527 0.240356
15.76723 7040752 643.1915 0.242399
15.76947 7056605 631.0892 0.237571
15.77172 7072495 633.5814 0.238241
15.77397 7088420 657.4128 0.246924
15.77622 7104381 670.0229 0.251378
15.77847 7120378 672.7412 0.252114
15.78072 7136410 684.0794 0.256075
15.78297 7152480 687.8144 0.257183
15.78522 7168585 686.1688 0.256280
15.78747 7184726 680.8527 0.254008
15.78972 7200904 689.1712 0.256823
15.79197 7217118 706.0994 0.262835
15.79422 7233369 721.3761 0.268220
15.79646 7249657 725.0741 0.269292
15.79871 7265981 721.1199 0.267523
15.80096 7282341 731.8837 0.271211
15.80321 7298739 736.5307 0.272626
15.80546 7315174 736.6215 0.272353
15.80771 7331645 746.4963 0.275694
15.80996 7348154 752.0792 0.277443
15.81221 7364700 764.0708 0.281550
15.81446 7381283 749.8727 0.276008
15.81671 7397903 751.0911 0.276146
15.81896 7414561 759.1312 0.278788
15.82121 7431256 764.6448 0.280497
15.82345 7447989 763.4705 0.279752
15.82570 7464760 781.3883 0.285995
15.82795 7481568 781.2801 0.285634
15.83020 7498415 759.4360 0.277336
15.83245 7515299 749.4812 0.273393
15.83470 7532221 762.4568 0.277814
15.83695 7549181 778.6688 0.283402
15.83920 7566180 792.0916 0.287963
15.84145 7583216 800.4358 0.290670
15.84370 7600292 808.7488 0.293358
15.84595 7617405 810.4908 0.293660
15.84820 7634557 819.5565 0.296611
15.85044 7651748 831.0766 0.300442
15.85269 7668977 827.1002 0.298668
15.85494 7686246 813.9830 0.293601
15.85719 7703553 811.7686 0.292474
15.85944 7720899 805.9402 0.290047
15.86169 7738284 822.1327 0.295542
15.86394 7755708 815.3514 0.292775
15.86619 7773172 810.2413 0.290613
15.86844 7790675 820.7037 0.294035
15.87069 7808217 841.3406 0.301090
15.87294 7825799 844.9471 0.302041
15.87519 7843420 844.6923 0.301610
15.87743 7861081 845.6063 0.301597
15.87968 7878782 834.2857 0.297225
15.88193 7896522 860.4466 0.306201
15.88418 7914303 832.2203 0.295823
15.88643 7932124 819.9740 0.291142
15.88868 7949984 818.9903 0.290466
15.89093 7967885 847.3284 0.300179
15.89318 7985827 853.8243 0.302140
15.89543 8003808 861.1938 0.304406
15.89768 8021830 867.6541 0.306344
15.89993 8039893 873.7635 0.308155
15.90218 8057997 877.8469 0.309247
15.90442 8076141 882.8350 0.310654
15.90667 8094326 866.1582 0.304444
15.90892 8112552 881.3749 0.309444
15.91117 8130819 902.1597 0.316385
15.91342 8149127 916.8988 0.321193
15.91567 8167476 935.3583 0.327291
15.91792 8185867 934.7811 0.326721
15.92017 8204299 945.4291 0.330072
15.92242 8222773 961.5491 0.335322
15.92467 8241288 939.3651 0.327218
15.92692 8259845 943.5051 0.328290
15.92917 8278444 926.7862 0.322111
15.93141 8297084 929.0975 0.322551
15.93366 8315767 926.3537 0.321237
15.93591 8334491 932.0576 0.322852
15.93816 8353258 930.6330 0.321996
15.94041 8372067 943.2763 0.326004
15.94266 8390918 951.1108 0.328342
15.94491 8409812 950.8976 0.327899
15.94716 8428749 960.5083 0.330841
15.94941 8447728 980.8668 0.337474
15.95166 8466749 1012.1739 0.347854
15.95391 8485814 1003.7207 0.344561
15.95616 8504921 990.2878 0.339568
15.95840 8524072 998.1838 0.341890
15.96065 8543266 1003.7537 0.343412
15.96290 8562502 997.1308 0.340762
15.96515 8581783 983.3161 0.335664
15.96740 8601106 1010.4322 0.344532
15.96965 8620473 1036.0095 0.352857
15.97190 8639884 1027.0599 0.349415
15.97415 8659338 1026.1101 0.348700
15.97640 8678837 1047.8564 0.355689
15.97865 8698379 1056.7235 0.358296
15.98090 8717965 1077.0248 0.364769
15.98315 8737595 1083.5554 0.366569
15.98539 8757270 1063.3724 0.359336
15.98764 8776988 1060.2341 0.357873
15.98989 8796751 1073.3424 0.361890
15.99214 8816559 1051.7717 0.354219
15.99439 8836411 1053.5149 0.354407
15.99664 8856308 1060.1566 0.356241
15.99889 8876250 1095.3713 0.367660
16.00114 8896237 1098.8448 0.368412
16.00339 8916268 1118.7699 0.374670
16.00564 8936345 1111.2226 0.371724
16.00789 8956467 1107.5879 0.370092
16.01014 8976634 1121.8723 0.374444
16.01238 8996847 1128.0008 0.376066
16.01463 9017105 1147.2175 0.382043
16.01688 9037409 1155.7179 0.384441
16.01913 9057758 1172.4326 0.389563
16.02138 9078154 1162.4147 0.385800
16.02363 9098595 1156.9691 0.383561
16.02588 9119082 1150.2935 0.380919
16.02813 9139616 1141.1898 0.377480
16.03038 9160195 1145.8712 0.378602
16.03263 9180821 1159.7434 0.382755
16.03488 9201494 1166.2082 0.384456
16.03713 9222213 1166.2868 0.384050
16.03937 9242978 1180.9250 0.388433
16.04162 9263791 1192.7036 0.391867
16.04387 9284650 1177.2276 0.386347
16.04612 9305556 1169.4787 0.383373
16.04837 9326510 1174.5491 0.384602
16.05062 9347510 1177.4307 0.385112
16.05287 9368558 1195.9570 0.390732
16.05512 9389653 1198.0501 0.390976
16.05737 9410796 1197.2152 0.390264
16.05962 9431986 1198.8474 0.390357
16.06187 9453224 1218.0445 0.396162
16.06412 9474510 1250.4222 0.406236
16.06636 9495844 1254.8462 0.407215
16.06861 9517225 1248.5571 0.404719
16.07086 9538655 1262.9168 0.408913
16.07311 9560134 1273.8373 0.411986
16.07536 9581660 1295.3640 0.418477
16.07761 9603235 1302.0396 0.420161
16.07986 9624859 1307.1333 0.421330
16.08211 9646531 1310.3400 0.421889
16.08436 9668252 1356.1194 0.436138
16.08661 9690022 1361.9116 0.437509
16.08886 9711841 1381.7909 0.443396
16.09111 9733709 1407.4180 0.451112
16.09335 9755627 1403.7393 0.449427
16.09560 9777593 1420.9709 0.454432
16.09785 9799609 1402.2850 0.447952
16.10010 9821675 1383.6281 0.441496
16.10235 9843791 1394.3166 0.444406
16.10460 9865956 1380.3648 0.439465
16.10685 9888171 1399.0591 0.444916
16.10910 9910436 1400.9309 0.445011
16.11135 9932752 1411.8366 0.447971
16.11360 9955117 1452.4297 0.460333
16.11585 9977533 1468.9931 0.465059
16.11810 10000000 1475.4450 0.466577
