logY Y P PoverSqrtY A AoverSqrtY
6.90776 1000 11.6378 0.368019 0.007812 0.000247
6.90975 1002 11.5870 0.366048 -0.124938 -0.003947
6.91175 1004 11.4440 0.361168 -0.011319 -0.000357
6.91374 1006 11.3984 0.359374 -0.095516 -0.003011
6.91473 1007 11.3029 0.356185 -0.161892 -0.005102
6.91672 1009 11.2538 0.354287 0.069692 0.002194
6.91870 1011 11.3268 0.356232 0.003638 0.000114
6.92067 1013 11.2119 0.352268 0.143426 0.004506
6.92264 1015 11.4367 0.358978 0.015039 0.000472
6.92461 1017 11.4004 0.357487 -0.117714 -0.003691
6.92658 1019 11.0287 0.345492 0.040441 0.001267
6.92854 1021 11.5507 0.361490 -0.063026 -0.001972
6.93049 1023 11.3583 0.355121 0.032120 0.001004
6.93147 1024 11.3904 0.355951 -0.029969 -0.000937
6.93342 1026 11.6586 0.363976 -0.138083 -0.004311
6.93537 1028 11.3483 0.353944 0.130824 0.004080
6.93731 1030 11.5436 0.359684 0.150768 0.004698
6.93925 1032 11.5052 0.358141 0.018004 0.000560
6.94119 1034 11.6748 0.363070 0.085239 0.002651
6.94312 1036 11.7825 0.366063 -0.032574 -0.001012
6.94505 1038 11.6523 0.361670 0.047023 0.001460
6.94698 1040 11.6891 0.362464 -0.076567 -0.002374
6.94890 1042 11.6249 0.360126 -0.052818 -0.001636
6.95081 1044 11.7085 0.362368 0.070028 0.002167
6.95273 1046 11.8410 0.366118 0.008135 0.000252
6.95368 1047 11.8491 0.366195 -0.058248 -0.001800
6.95559 1049 11.4314 0.352950 0.018436 0.000569
6.95750 1051 11.9034 0.367171 -0.070853 -0.002186
6.95940 1053 11.8151 0.364104 0.164264 0.005062
6.96130 1055 12.0829 0.372003 0.058416 0.001798
6.96319 1057 12.1334 0.373203 -0.067057 -0.002063
6.96508 1059 12.1792 0.374259 0.048911 0.001503
6.96697 1061 12.6065 0.387024 -0.050385 -0.001547
6.96885 1063 12.5017 0.383443 0.188215 0.005773
6.97073 1065 12.8350 0.393296 0.078697 0.002411
6.97261 1067 12.9509 0.396477 -0.029135 -0.000892
6.97448 1069 12.5276 0.383161 0.039258 0.001201
6.97635 1071 12.5743 0.384227 -0.030164 -0.000922
6.97821 1073 12.4489 0.380042 0.038421 0.001173
6.98008 1075 12.6157 0.384775 0.081950 0.002499
6.98193 1077 12.7225 0.387673 -0.041488 -0.001264
6.98379 1079 12.8435 0.390995 0.154835 0.004714
6.98564 1081 12.7852 0.388860 0.022051 0.000671
6.98749 1083 12.7629 0.387823 0.089265 0.002712
6.98934 1085 12.8954 0.391490 0.067798 0.002058
6.99118 1087 12.9646 0.393229 -0.064988 -0.001971
6.99302 1089 12.9682 0.392977 0.035507 0.001076
6.99485 1091 13.0499 0.395088 -0.092795 -0.002809
6.99668 1093 13.3315 0.403245 0.006675 0.000202
6.99851 1095 13.2785 0.401274 -0.100858 -0.003048
7.00033 1097 13.4508 0.406110 -0.033717 -0.001018
7.00216 1099 13.5275 0.408056 0.078591 0.002371
7.00397 1101 13.6353 0.410932 -0.037254 -0.001123
7.00579 1103 13.1024 0.394513 0.105854 0.003187
7.00760 1105 13.2477 0.398527 0.005316 0.000160
7.00941 1107 13.1919 0.396491 -0.011201 -0.000337
7.01212 1110 13.4517 0.403753 0.016393 0.000492
7.01392 1112 13.2598 0.397635 -0.091012 -0.002729
7.01571 1114 13.2900 0.398183 0.068915 0.002065
7.01751 1116 13.2628 0.397011 -0.056013 -0.001677
7.01930 1118 13.0866 0.391386 0.122501 0.003664
7.02108 1120 13.2652 0.396373 0.069668 0.002082
7.02287 1122 13.3381 0.398197 -0.062133 -0.001855
7.02465 1124 13.3862 0.399276 0.043772 0.001306
7.02643 1126 13.4086 0.399590 -0.087738 -0.002615
7.02820 1128 13.1667 0.392033 0.062216 0.001852
7.02997 1130 13.3299 0.396541 0.093415 0.002779
7.03174 1132 13.4692 0.400331 -0.014934 -0.000444
7.03439 1135 13.8499 0.411101 -0.014141 -0.000420
7.03615 1137 13.7875 0.408888 -0.104788 -0.003108
7.03791 1139 13.7488 0.407384 -0.000238 -0.000007
7.03966 1141 13.7742 0.407779 -0.040770 -0.001207
7.04141 1143 13.6263 0.403046 0.078598 0.002325
7.04316 1145 14.0201 0.414332 -0.052504 -0.001552
7.04491 1147 13.8487 0.408909 -0.115329 -0.003405
7.04665 1149 13.7626 0.406014 -0.015853 -0.000468
7.04925 1152 14.1294 0.416292 -0.039550 -0.001165
7.05099 1154 14.2584 0.419727 0.134324 0.003954
7.05272 1156 14.4606 0.425312 0.001512 0.000044
7.05445 1158 14.4333 0.424141 0.104743 0.003078
7.05618 1160 14.5993 0.428650 -0.005132 -0.000151
7.05790 1162 14.5309 0.426276 -0.030436 -0.000893
7.05962 1164 15.0499 0.441121 0.095575 0.002801
7.06219 1167 15.2024 0.445016 -0.027910 -0.000817
7.06390 1169 15.2801 0.446910 0.039275 0.001149
7.06561 1171 15.2923 0.446883 -0.093540 -0.002733
7.06732 1173 15.0397 0.439128 0.098183 0.002867
7.06902 1175 15.4122 0.449622 -0.026758 -0.000781
7.07072 1177 15.1513 0.441633 -0.159574 -0.004651
7.07327 1180 14.9693 0.435774 -0.109821 -0.003197
7.07496 1182 14.5424 0.422986 -0.125983 -0.003664
7.07665 1184 14.4406 0.419671 0.069286 0.002014
7.07834 1186 14.5591 0.422758 0.017293 0.000502
7.08003 1188 14.9889 0.434873 0.084473 0.002451
7.08255 1191 15.3235 0.444021 -0.064222 -0.001861
7.08423 1193 15.5226 0.449413 0.041872 0.001212
7.08590 1195 15.1072 0.437020 0.057017 0.001649
7.08757 1197 15.1761 0.438646 -0.050164 -0.001450
7.08924 1199 14.7309 0.425423 0.133987 0.003869
7.09174 1202 14.9347 0.430769 -0.064194 -0.001852
7.09340 1204 14.9860 0.431889 0.049069 0.001414
7.09506 1206 15.0177 0.432445 0.008944 0.000258
7.09672 1208 14.8996 0.428688 0.076114 0.002190
7.09920 1211 14.9287 0.428993 -0.114282 -0.003284
7.10085 1213 14.6924 0.421854 0.053536 0.001537
7.10250 1215 14.7331 0.422673 0.022410 0.000643
7.10414 1217 14.2860 0.409512 0.016159 0.000463
7.10661 1220 14.9363 0.427625 0.039821 0.001140
7.10824 1222 14.9548 0.427804 -0.087738 -0.002510
7.10988 1224 14.6856 0.419760 0.007051 0.000202
7.11233 1227 14.5084 0.414186 -0.191341 -0.005462
7.11396 1229 14.6911 0.419061 0.061850 0.001764
7.11558 1231 14.7484 0.420353 -0.070985 -0.002023
7.11721 1233 14.5988 0.415753 0.065005 0.001851
7.11964 1236 14.6699 0.417269 -0.035694 -0.001015
7.12125 1238 14.5509 0.413552 0.090126 0.002561
7.12287 1240 14.7585 0.419114 0.051081 0.001451
7.12528 1243 15.0591 0.427134 0.096743 0.002744
7.12689 1245 15.2588 0.432450 0.036507 0.001035
7.12850 1247 15.1459 0.428906 -0.064072 -0.001814
7.13010 1249 15.1513 0.428716 0.061911 0.001752
7.13250 1252 15.3217 0.433018 -0.041852 -0.001183
7.13409 1254 15.4144 0.435289 0.068093 0.001923
7.13569 1256 15.3458 0.433006 -0.038777 -0.001094
7.13807 1259 15.7255 0.443191 0.027600 0.000778
7.13966 1261 15.7562 0.443704 0.027561 0.000776
7.14125 1263 15.7628 0.443539 0.112665 0.003170
7.14362 1266 15.9629 0.448636 -0.016564 -0.000466
7.14520 1268 15.8885 0.446193 0.075766 0.002128
7.14756 1271 15.9543 0.447512 -0.123501 -0.003464
7.14913 1273 15.7318 0.440924 0.075939 0.002128
7.15070 1275 15.8172 0.442971 -0.024651 -0.000690
7.15305 1278 15.4490 0.432151 0.103584 0.002898
7.15462 1280 15.6130 0.436397 -0.002752 -0.000077
7.15618 1282 15.6088 0.435940 -0.067857 -0.001895
7.15851 1285 15.5838 0.434733 0.129979 0.003626
7.16007 1287 15.7774 0.439790 -0.002873 -0.000080
7.16240 1290 16.3906 0.456351 0.054164 0.001508
7.16395 1292 16.4647 0.458061 -0.043820 -0.001219
7.16549 1294 16.5169 0.459159 0.125003 0.003475
7.16781 1297 16.7184 0.464222 -0.060565 -0.001682
7.16935 1299 16.7309 0.464210 0.007497 0.000208
7.17166 1302 16.6378 0.461095 -0.080341 -0.002227
7.17319 1304 16.6587 0.461319 0.078283 0.002168
7.17472 1306 16.8437 0.466086 0.075074 0.002077
7.17702 1309 16.8845 0.466679 0.108049 0.002986
7.17855 1311 17.0574 0.471099 0.004036 0.000111
7.18083 1314 17.0702 0.470914 0.010446 0.000288
7.18235 1316 17.0209 0.469196 -0.031501 -0.000868
7.18463 1319 17.1622 0.472552 0.065039 0.001791
7.18614 1321 17.2267 0.473969 -0.064462 -0.001774
7.18766 1323 17.0868 0.469766 0.060382 0.001660
7.18992 1326 16.8197 0.461898 -0.100812 -0.002768
7.19143 1328 17.2065 0.472164 0.160032 0.004391
7.19369 1331 17.7605 0.486817 0.008409 0.000230
7.19519 1333 18.2142 0.498880 0.076457 0.002094
7.19744 1336 18.3619 0.502361 -0.046102 -0.001261
7.19893 1338 18.2568 0.499112 0.183650 0.005021
7.20117 1341 18.6628 0.509639 0.028756 0.000785
7.20266 1343 18.6539 0.509016 0.120611 0.003291
7.20489 1346 18.9822 0.517398 -0.076422 -0.002083
7.20638 1348 18.7645 0.511084 -0.007741 -0.000211
7.20860 1351 18.7687 0.510631 0.002318 0.000063
7.21008 1353 18.7069 0.508574 0.179030 0.004867
7.21229 1356 19.0447 0.517184 -0.020282 -0.000551
7.21377 1358 18.7144 0.507840 0.076111 0.002065
7.21598 1361 19.0375 0.516036 0.006879 0.000186
7.21744 1363 18.8491 0.510554 0.074002 0.002004
7.21964 1366 18.9251 0.512050 -0.069671 -0.001885
7.22111 1368 19.1185 0.516906 0.134804 0.003645
7.22330 1371 19.3315 0.522092 0.074585 0.002014
7.22548 1374 19.1430 0.516436 0.139590 0.003766
7.22694 1376 19.3630 0.521991 0.006709 0.000181
7.22911 1379 19.4383 0.523450 0.061845 0.001665
7.23056 1381 19.4955 0.524611 -0.071036 -0.001912
7.23273 1384 19.4649 0.523220 0.074086 0.001991
7.23418 1386 19.7087 0.529391 0.002214 0.000059
7.23634 1389 19.7160 0.529016 0.037371 0.001003
7.23850 1392 19.6328 0.526215 -0.137991 -0.003699
7.23993 1394 19.5995 0.524945 0.038216 0.001024
7.24208 1397 20.3190 0.543632 -0.047382 -0.001268
7.24351 1399 19.8758 0.531393 0.094067 0.002515
7.24566 1402 19.9704 0.533350 -0.006438 -0.000172
7.24708 1404 20.1311 0.537258 0.199845 0.005333
7.24922 1407 20.1608 0.537478 0.009700 0.000259
7.25134 1410 20.6593 0.550182 0.061525 0.001638
7.25276 1412 20.9614 0.557832 -0.055483 -0.001477
7.25488 1415 20.8967 0.555519 0.071277 0.001895
7.25700 1418 20.9112 0.555316 0.115480 0.003067
7.25841 1420 21.1805 0.562073 0.087443 0.002321
7.26052 1423 20.7446 0.549923 0.088098 0.002335
7.26263 1426 20.8095 0.551065 -0.015975 -0.000423
7.26403 1428 20.9823 0.555251 0.099125 0.002623
7.26613 1431 21.1284 0.558529 -0.037286 -0.000986
7.26753 1433 21.1845 0.559623 0.069612 0.001839
7.26962 1436 21.1940 0.559288 -0.070917 -0.001871
7.27170 1439 20.9591 0.552513 0.054864 0.001446
7.27309 1441 21.2381 0.559478 -0.032511 -0.000856
7.27517 1444 21.2319 0.558734 0.013502 0.000355
7.27725 1447 21.0707 0.553917 -0.119113 -0.003131
7.27932 1450 21.1616 0.555732 0.014776 0.000388
7.28070 1452 20.9364 0.549438 -0.091071 -0.002390
7.28276 1455 21.1803 0.555265 0.076271 0.002000
7.28482 1458 20.7321 0.542955 0.076912 0.002014
7.28619 1460 21.4114 0.560361 0.034911 0.000914
7.28824 1463 21.4053 0.559629 0.081227 0.002124
7.29029 1466 21.8273 0.570076 -0.042404 -0.001107
7.29166 1468 21.6760 0.565739 0.033443 0.000873
7.29370 1471 21.2612 0.554348 0.003240 0.000084
7.29574 1474 21.2832 0.554354 0.020242 0.000527
7.29777 1477 21.2861 0.553868 -0.095399 -0.002482
7.29912 1479 21.2985 0.553816 0.041370 0.001076
7.30115 1482 21.1308 0.548898 -0.017231 -0.000448
7.30317 1485 21.2850 0.552344 -0.011370 -0.000295
7.30519 1488 20.9389 0.542817 0.102393 0.002654
7.30653 1490 21.0773 0.546036 -0.020646 -0.000535
7.30854 1493 20.4906 0.530304 0.113264 0.002931
7.31055 1496 20.7174 0.535636 0.000289 0.000007
7.31255 1499 20.7186 0.535130 0.012043 0.000311
7.31455 1502 20.5561 0.530404 -0.167654 -0.004326
7.31588 1504 20.5071 0.528787 0.120324 0.003103
7.31788 1507 20.6290 0.531400 -0.040462 -0.001042
7.31986 1510 20.7866 0.534928 0.003233 0.000083
7.32185 1513 19.9333 0.512459 0.068620 0.001764
7.32383 1516 20.1216 0.516787 -0.039853 -0.001024
7.32515 1518 19.9799 0.512810 0.031709 0.000814
7.32712 1521 19.9038 0.510354 -0.088544 -0.002270
7.32909 1524 19.8799 0.509239 -0.021269 -0.000545
7.33106 1527 19.9445 0.510391 -0.040640 -0.001040
7.33302 1530 20.1277 0.514574 0.024453 0.000625
7.33498 1533 20.0016 0.510851 0.025069 0.000640
7.33629 1535 19.1696 0.489283 -0.020969 -0.000535
7.33824 1538 19.2650 0.491238 0.174158 0.004441
7.34019 1541 19.7147 0.502215 0.055018 0.001402
7.34213 1544 19.8804 0.505943 0.067677 0.001722
7.34407 1547 19.8956 0.505839 -0.035022 -0.000890
7.34601 1550 19.9975 0.507937 -0.017802 -0.000452
7.34794 1553 19.6913 0.499676 0.033326 0.000846
7.34923 1555 19.5951 0.496915 0.011458 0.000291
7.35116 1558 19.5309 0.494811 0.210155 0.005324
7.35308 1561 19.4966 0.493467 0.017474 0.000442
7.35500 1564 19.6211 0.496142 0.089570 0.002265
7.35692 1567 19.6963 0.497565 -0.103986 -0.002627
7.35883 1570 19.7336 0.498032 0.048675 0.001228
7.36074 1573 19.7216 0.497254 0.148579 0.003746
7.36265 1576 19.9680 0.502986 -0.050815 -0.001280
7.36455 1579 19.3571 0.487135 -0.010209 -0.000257
7.36645 1582 19.4565 0.489172 -0.021630 -0.000544
7.36834 1585 19.8178 0.497783 0.032650 0.000820
7.37023 1588 19.7253 0.494993 0.079576 0.001997
7.37149 1590 19.8768 0.498481 0.005466 0.000137
7.37337 1593 19.9119 0.498891 0.132359 0.003316
7.37526 1596 20.3622 0.509692 -0.064122 -0.001605
7.37713 1599 19.6815 0.492192 -0.058450 -0.001462
7.37901 1602 19.3685 0.483911 -0.126593 -0.003163
7.38088 1605 19.4016 0.484283 -0.000396 -0.000010
7.38275 1608 18.9563 0.472727 0.087844 0.002191
7.38461 1611 19.0237 0.473965 -0.063257 -0.001576
7.38647 1614 18.7669 0.467133 0.049212 0.001225
7.38833 1617 18.7474 0.466214 -0.117938 -0.002933
7.39018 1620 18.4672 0.458821 -0.049642 -0.001233
7.39203 1623 18.1892 0.451496 0.085980 0.002134
7.39388 1626 18.4700 0.458042 0.060437 0.001499
7.39572 1629 18.2169 0.451350 0.126732 0.003140
7.39756 1632 18.4188 0.455933 -0.012920 -0.000320
7.39940 1635 18.2683 0.451793 0.078576 0.001943
7.40123 1638 18.7945 0.464381 0.079162 0.001956
7.40306 1641 18.8070 0.464265 -0.055451 -0.001369
7.40550 1645 18.8937 0.465837 -0.084272 -0.002078
7.40732 1648 18.6907 0.460413 0.057081 0.001406
7.40914 1651 18.8213 0.463209 -0.028031 -0.000690
7.41095 1654 18.7778 0.461719 0.036416 0.000895
7.41276 1657 19.2006 0.471687 -0.001893 -0.000046
7.41457 1660 19.3972 0.476086 0.006359 0.000156
7.41638 1663 19.2546 0.472159 0.075133 0.001842
7.41818 1666 19.2806 0.472370 -0.079757 -0.001954
7.41998 1669 18.8091 0.460404 0.065518 0.001604
7.42178 1672 18.8148 0.460131 -0.085258 -0.002085
7.42357 1675 18.8184 0.459807 -0.010073 -0.000246
7.42536 1678 18.5888 0.453790 0.078503 0.001916
7.42774 1682 18.9801 0.462791 -0.008159 -0.000199
7.42952 1685 19.1751 0.467129 0.001865 0.000045
7.43130 1688 19.0442 0.463528 0.034626 0.000843
7.43308 1691 19.0580 0.463454 0.004871 0.000118
7.43485 1694 19.1049 0.464181 0.060197 0.001463
7.43662 1697 19.2143 0.466428 -0.070976 -0.001723
7.43838 1700 19.7052 0.477921 -0.068094 -0.001652
7.44073 1704 19.5598 0.473837 0.001277 0.000031
7.44249 1707 20.1629 0.488019 -0.177452 -0.004295
7.44425 1710 19.9021 0.481284 0.012136 0.000293
7.44600 1713 19.8036 0.478481 0.187589 0.004532
7.44775 1716 20.2107 0.487891 0.013103 0.000316
7.44950 1719 20.7498 0.500467 0.086512 0.002087
7.45182 1723 20.3001 0.489052 0.134839 0.003248
7.45356 1726 20.5981 0.495801 0.028379 0.000683
7.45530 1729 21.6371 0.520358 0.093328 0.002244
7.45703 1732 21.7194 0.521883 -0.104410 -0.002509
7.45876 1735 22.3815 0.537328 -0.012944 -0.000311
7.46107 1739 22.2120 0.532645 -0.032219 -0.000773
7.46279 1742 22.0809 0.529044 -0.061314 -0.001469
7.46451 1745 22.1987 0.531409 0.080742 0.001933
7.46623 1748 22.2414 0.531976 0.081297 0.001944
7.46851 1752 22.2265 0.531011 -0.135796 -0.003244
7.47022 1755 22.6582 0.540863 -0.053381 -0.001274
7.47193 1758 22.5597 0.538051 0.081494 0.001944
7.47364 1761 22.7481 0.542083 -0.033369 -0.000795
7.47591 1765 23.1464 0.550950 -0.054027 -0.001286
7.47760 1768 22.9736 0.546372 0.130030 0.003092
7.47930 1771 23.1688 0.550548 -0.034885 -0.000829
7.48156 1775 22.5954 0.536317 -0.058509 -0.001389
7.48324 1778 21.8593 0.518407 0.163791 0.003884
7.48493 1781 22.1535 0.524940 -0.033475 -0.000793
7.48661 1784 22.0837 0.522848 -0.000488 -0.000012
7.48885 1788 21.3750 0.505502 0.012630 0.000299
7.49053 1791 20.9100 0.494090 -0.085079 -0.002010
7.49220 1794 20.7411 0.489688 0.006293 0.000149
7.49443 1798 20.4002 0.481105 0.043276 0.001021
7.49610 1801 19.9223 0.469443 -0.056100 -0.001322
7.49776 1804 19.8973 0.468463 0.045151 0.001063
7.49998 1808 19.8255 0.466258 0.065239 0.001534
7.50163 1811 19.5565 0.459549 0.093810 0.002204
7.50384 1815 19.9371 0.467976 0.032179 0.000755
7.50549 1818 19.8342 0.465176 0.075665 0.001775
7.50714 1821 19.5540 0.458228 -0.103510 -0.002426
7.50934 1825 19.5375 0.457338 -0.017178 -0.000402
7.51098 1828 19.4067 0.453904 0.117515 0.002749
7.51262 1831 20.2752 0.473829 -0.080982 -0.001893
7.51480 1835 20.3717 0.475563 0.062697 0.001464
7.51643 1838 20.6578 0.481849 0.124583 0.002906
7.51861 1842 20.8037 0.484725 -0.115935 -0.002701
7.52023 1845 20.8468 0.485335 0.063033 0.001467
7.52240 1849 20.3233 0.472634 0.048362 0.001125
7.52402 1852 20.3195 0.472164 -0.121303 -0.002819
7.52564 1855 20.7874 0.482645 0.075398 0.001751
7.52779 1859 21.0359 0.487890 0.064660 0.001500
7.52941 1862 21.0892 0.488732 -0.073805 -0.001710
7.53155 1866 21.0858 0.488128 -0.002641 -0.000061
7.53316 1869 21.1779 0.489866 0.071589 0.001656
7.53530 1873 20.6497 0.477139 0.033809 0.000781
7.53690 1876 20.5517 0.474494 -0.153621 -0.003547
7.53903 1880 20.6003 0.475111 0.078911 0.001820
7.54062 1883 20.7198 0.477485 0.170627 0.003932
7.54274 1887 21.0495 0.484569 -0.076209 -0.001754
7.54433 1890 20.9348 0.481545 0.065381 0.001504
7.54645 1894 21.0878 0.484554 0.032836 0.000754
7.54803 1897 21.2026 0.486807 -0.054701 -0.001256
7.55014 1901 21.4483 0.491928 0.039388 0.000903
7.55171 1904 22.1184 0.506898 0.127791 0.002929
7.55381 1908 22.2046 0.508340 0.062573 0.001433
7.55538 1911 22.1591 0.506900 0.048617 0.001112
7.55747 1915 23.0206 0.526057 0.066086 0.001510
7.55904 1918 23.0194 0.525618 0.066602 0.001521
7.56112 1922 22.5535 0.514443 -0.108470 -0.002474
7.56320 1926 22.4106 0.510653 -0.013313 -0.000303
7.56476 1929 22.6403 0.515485 0.131640 0.002997
7.56683 1933 23.7948 0.541209 0.201195 0.004576
7.56838 1936 24.2024 0.550055 0.003481 0.000079
7.57044 1940 24.2410 0.550363 -0.020149 -0.000457
7.57250 1944 24.1372 0.547442 0.056291 0.001277
7.57405 1947 24.0656 0.545398 -0.068106 -0.001543
7.57610 1951 24.2649 0.549352 -0.054445 -0.001233
7.57763 1954 24.1421 0.546151 0.079114 0.001790
7.57968 1958 24.1639 0.546085 0.087280 0.001972
7.58172 1962 24.2147 0.546675 -0.134403 -0.003034
7.58325 1965 24.1639 0.545113 0.032983 0.000744
7.58528 1969 24.2052 0.545489 0.064544 0.001455
7.58731 1973 23.7620 0.534957 0.116043 0.002612
7.58883 1976 23.9331 0.538400 0.018694 0.000421
7.59085 1980 24.2432 0.544825 0.074957 0.001685
7.59287 1984 24.3494 0.546660 0.014345 0.000322
7.59438 1987 24.3276 0.545758 -0.077292 -0.001734
7.59639 1991 24.3371 0.545423 -0.065689 -0.001472
7.59840 1995 24.1248 0.540123 -0.060942 -0.001364
7.59990 1998 24.1886 0.541143 0.186011 0.004161
7.60190 2002 25.0494 0.559842 -0.062445 -0.001396
7.60390 2006 26.0083 0.580694 -0.046310 -0.001034
7.60589 2010 25.9434 0.578667 0.016829 0.000375
7.60738 2013 25.8176 0.575433 0.040584 0.000905
7.60937 2017 25.3499 0.564447 -0.085957 -0.001914
7.61135 2021 24.9989 0.556081 0.004970 0.000111
7.61332 2025 25.1166 0.558146 -0.028779 -0.000640
7.61481 2028 24.4791 0.543577 0.059658 0.001325
7.61678 2032 24.4738 0.542924 -0.032402 -0.000719
7.61874 2036 24.5818 0.544784 -0.064688 -0.001434
7.62071 2040 24.0571 0.532633 -0.058966 -0.001306
7.62217 2043 23.8545 0.527759 0.092046 0.002036
7.62413 2047 24.3768 0.538788 -0.147113 -0.003252
7.62608 2051 24.2474 0.535404 -0.103495 -0.002285
7.62803 2055 24.3077 0.536214 0.115383 0.002545
7.62998 2059 24.1830 0.532944 0.097005 0.002138
7.63143 2062 24.2745 0.534571 -0.102504 -0.002257
7.63337 2066 24.6284 0.541839 0.105252 0.002316
7.63530 2070 24.8102 0.545312 0.042956 0.000944
7.63723 2074 24.7830 0.544188 -0.023058 -0.000506
7.63916 2078 24.4141 0.535571 0.046321 0.001016
7.64108 2082 24.2465 0.531384 -0.128613 -0.002819
7.64300 2086 24.1050 0.527776 0.060832 0.001332
7.64444 2089 23.5984 0.516314 0.082597 0.001807
7.64635 2093 23.5370 0.514478 0.022191 0.000485
7.64826 2097 23.0731 0.503857 -0.066103 -0.001444
7.65017 2101 22.6740 0.494670 -0.041860 -0.000913
7.65207 2105 22.6449 0.493564 -0.039222 -0.000855
7.65397 2109 22.4202 0.488204 0.073686 0.001605
7.65586 2113 23.1762 0.504187 0.049236 0.001071
7.65776 2117 23.2236 0.504742 -0.079857 -0.001736
7.65964 2121 23.2941 0.505796 -0.049860 -0.001083
7.66153 2125 23.5155 0.510122 -0.102703 -0.002228
7.66341 2129 23.0674 0.499931 -0.037669 -0.000816
7.66528 2133 22.8696 0.495181 0.120510 0.002609
7.66669 2136 23.0381 0.498479 -0.054477 -0.001179
7.66856 2140 22.9629 0.496387 -0.045851 -0.000991
7.67043 2144 22.3418 0.482509 0.087873 0.001898
7.67229 2148 22.3874 0.483043 0.073346 0.001583
7.67415 2152 22.4146 0.483181 -0.023061 -0.000497
7.67601 2156 23.4713 0.505489 0.022513 0.000485
7.67786 2160 22.9422 0.493638 0.003084 0.000066
7.67971 2164 22.9245 0.492802 0.074663 0.001605
7.68156 2168 23.0065 0.494106 0.072430 0.001556
7.68340 2172 22.9436 0.492303 -0.135871 -0.002915
7.68570 2177 22.9092 0.490999 -0.093685 -0.002008
7.68754 2181 23.6825 0.507107 -0.004223 -0.000090
7.68937 2185 23.8708 0.510671 0.152879 0.003271
7.69120 2189 24.3069 0.519525 0.103068 0.002203
7.69303 2193 24.4776 0.522697 0.098442 0.002102
7.69485 2197 25.8661 0.551844 -0.074539 -0.001590
7.69667 2201 25.4063 0.541541 0.010856 0.000231
7.69848 2205 26.0329 0.554393 0.018872 0.000402
7.70030 2209 25.5827 0.544314 0.110752 0.002356
7.70210 2213 25.6298 0.544823 0.072607 0.001543
7.70391 2217 25.2164 0.535551 -0.193445 -0.004108
7.70571 2221 25.2653 0.536105 0.006441 0.000137
7.70796 2226 25.5367 0.541255 -0.049564 -0.001051
7.70976 2230 25.1430 0.532433 0.107979 0.002287
7.71155 2234 25.3792 0.536952 0.044784 0.000948
7.71334 2238 25.8345 0.546097 0.101302 0.002141
7.71512 2242 26.1419 0.552101 -0.020668 -0.000437
7.71691 2246 26.3578 0.556165 -0.065877 -0.001390
7.71869 2250 26.2619 0.553650 -0.056208 -0.001185
7.72091 2255 27.4430 0.577907 0.056273 0.001185
7.72268 2259 27.5437 0.579515 0.057489 0.001210
7.72445 2263 27.5578 0.579298 0.113097 0.002377
7.72621 2267 27.7742 0.583333 -0.118754 -0.002494
7.72798 2271 27.8064 0.583494 0.005961 0.000125
7.73017 2276 28.2418 0.591979 -0.017525 -0.000367
7.73193 2280 28.1203 0.588915 -0.001812 -0.000038
7.73368 2284 28.5109 0.596571 0.088258 0.001847
7.73543 2288 28.1850 0.589237 0.123657 0.002585
7.73762 2293 28.1902 0.588702 0.064850 0.001354
7.73936 2297 27.8379 0.580838 -0.091444 -0.001908
7.74110 2301 27.8561 0.580714 -0.028458 -0.000593
7.74284 2305 27.8710 0.580521 0.037484 0.000781
7.74500 2310 28.1477 0.585648 0.001706 0.000035
7.74673 2314 28.0531 0.583175 0.025423 0.000529
7.74846 2318 27.9759 0.581069 0.144894 0.003009
7.75061 2323 28.5695 0.592759 0.089638 0.001860
7.75234 2327 28.5928 0.592732 -0.154444 -0.003202
7.75405 2331 28.4881 0.590054 -0.013782 -0.000285
7.75620 2336 28.9857 0.599719 -0.102990 -0.002131
7.75791 2340 28.8158 0.595693 0.050272 0.001039
7.75961 2344 29.4515 0.608314 0.046969 0.000970
7.76174 2349 30.0071 0.619132 0.016417 0.000339
7.76345 2353 29.6348 0.610929 0.102916 0.002122
7.76514 2357 30.0474 0.618909 -0.049560 -0.001021
7.76726 2362 30.1099 0.619541 -0.004725 -0.000097
7.76896 2366 29.4905 0.606282 -0.032099 -0.000660
7.77107 2371 29.3008 0.601746 -0.071096 -0.001460
7.77275 2375 29.3300 0.601838 0.010576 0.000217
7.77444 2379 29.3114 0.600951 0.017464 0.000358
7.77654 2384 29.8334 0.611011 0.031680 0.000649
7.77821 2388 29.8196 0.610218 0.133704 0.002736
7.78030 2393 29.6625 0.606368 0.063035 0.001289
7.78197 2397 29.8353 0.609392 -0.049403 -0.001009
7.78406 2402 30.2756 0.617741 -0.138420 -0.002824
7.78572 2406 30.3370 0.618479 0.049031 0.001000
7.78738 2410 31.0311 0.632103 0.087086 0.001774
7.78945 2415 31.2143 0.635176 -0.037250 -0.000758
7.79111 2419 31.9335 0.649276 0.033962 0.000691
7.79317 2424 31.8028 0.645951 0.026586 0.000540
7.79482 2428 31.7069 0.643472 0.169075 0.003431
7.79688 2433 31.9953 0.648656 0.127292 0.002581
7.79852 2437 32.1112 0.650473 -0.132225 -0.002678
7.80057 2442 32.8821 0.665405 0.006486 0.000131
7.80262 2447 32.7663 0.662384 -0.118257 -0.002391
7.80425 2451 32.6913 0.660329 -0.079372 -0.001603
7.80629 2456 32.0045 0.645798 0.060735 0.001226
7.80792 2460 32.5911 0.657100 0.116208 0.002343
7.80995 2465 32.6579 0.657778 0.083899 0.001690
7.81157 2469 32.8130 0.660367 0.059404 0.001196
7.81359 2474 33.0851 0.665169 0.120596 0.002425
7.81561 2479 33.0926 0.664649 0.071450 0.001435
7.81722 2483 33.0808 0.663877 0.128384 0.002576
7.81923 2488 33.2933 0.667471 0.084915 0.001702
7.82084 2492 33.3767 0.668605 -0.080837 -0.001619
7.82285 2497 32.8162 0.656718 -0.086691 -0.001735
7.82485 2502 32.6914 0.653566 -0.129452 -0.002588
7.82644 2506 32.6878 0.652973 -0.033513 -0.000669
7.82844 2511 33.6474 0.671473 -0.065106 -0.001299
7.83043 2516 33.2008 0.661901 0.004003 0.000080
7.83201 2520 33.2516 0.662388 0.011792 0.000235
7.83400 2525 33.6398 0.669458 -0.001827 -0.000036
7.83597 2530 33.9696 0.675352 0.052030 0.001034
7.83755 2534 34.5770 0.686885 0.039630 0.000787
7.83953 2539 34.7709 0.690056 0.007140 0.000142
7.84149 2544 34.2515 0.679080 -0.045467 -0.000901
7.84306 2548 34.2946 0.679400 0.099743 0.001976
7.84502 2553 34.2105 0.677071 0.094232 0.001865
7.84698 2558 34.0396 0.673030 0.055435 0.001096
7.84893 2563 34.0156 0.671899 0.099784 0.001971
7.85049 2567 34.1093 0.673223 -0.121315 -0.002394
7.85244 2572 34.0516 0.671432 -0.058258 -0.001149
7.85438 2577 34.0550 0.670847 -0.065733 -0.001295
7.85632 2582 35.1541 0.691829 0.012624 0.000248
7.85825 2587 35.5111 0.698178 -0.103615 -0.002037
7.85980 2591 35.5791 0.698974 -0.139485 -0.002740
7.86173 2596 35.7690 0.702027 -0.021097 -0.000414
7.86365 2601 35.2394 0.690968 -0.112017 -0.002196
7.86557 2606 34.9298 0.684240 -0.042832 -0.000839
7.86749 2611 34.5585 0.676319 -0.001097 -0.000021
7.86940 2616 34.8952 0.682255 0.077768 0.001520
7.87093 2620 35.2210 0.688099 0.016403 0.000320
7.87284 2625 35.2878 0.688746 0.022172 0.000433
7.87474 2630 35.8326 0.698716 0.029849 0.000582
7.87664 2635 36.2663 0.706501 -0.079813 -0.001555
7.87853 2640 36.2543 0.705599 0.008782 0.000171
7.88043 2645 36.4871 0.709458 0.015490 0.000301
7.88231 2650 36.6027 0.711033 -0.012063 -0.000234
7.88420 2655 36.4530 0.707458 -0.003394 -0.000066
7.88608 2660 36.5030 0.707762 0.061129 0.001185
7.88796 2665 37.1791 0.720196 0.024794 0.000480
7.88983 2670 37.3345 0.722527 0.071224 0.001378
7.89133 2674 37.9743 0.734361 0.076941 0.001488
7.89320 2679 37.7619 0.729572 0.066380 0.001282
7.89506 2684 38.0688 0.734814 0.091813 0.001772
7.89692 2689 37.7551 0.728082 0.033486 0.000646
7.89878 2694 37.9415 0.730997 0.109593 0.002111
7.90064 2699 37.7156 0.725972 0.012710 0.000245
7.90249 2704 37.8393 0.727678 0.129916 0.002498
7.90433 2709 38.1474 0.732926 0.053173 0.001022
7.90618 2714 37.8720 0.726965 0.118477 0.002274
7.90839 2720 38.0972 0.730480 -0.037320 -0.000716
7.91022 2725 38.3549 0.734747 -0.018830 -0.000361
7.91206 2730 38.6581 0.739877 0.032249 0.000617
7.91389 2735 39.1875 0.749323 0.079926 0.001528
7.91571 2740 39.3264 0.751292 -0.051214 -0.000978
7.91754 2745 38.7333 0.739287 -0.062284 -0.001189
7.91936 2750 38.2120 0.728675 -0.026067 -0.000497
7.92117 2755 38.0681 0.725272 0.033256 0.000634
7.92299 2760 38.3697 0.730355 -0.000540 -0.000010
7.92480 2765 38.3831 0.729949 -0.035683 -0.000679
7.92660 2770 38.8256 0.737698 -0.014201 -0.000270
7.92877 2776 38.4228 0.729255 -0.111818 -0.002122
7.93057 2781 38.2611 0.725533 0.029779 0.000565
7.93236 2786 38.7303 0.733771 -0.027041 -0.000512
7.93416 2791 38.9175 0.736657 -0.037676 -0.000713
7.93595 2796 38.8919 0.735513 -0.013967 -0.000264
7.93809 2802 38.6555 0.730260 -0.036263 -0.000685
7.93987 2807 38.8353 0.733002 -0.101810 -0.001922
7.94165 2812 38.3544 0.723282 -0.047975 -0.000905
7.94343 2817 38.7981 0.731000 -0.083120 -0.001566
7.94520 2822 38.7620 0.729672 -0.146299 -0.002754
7.94733 2828 38.7384 0.728453 0.149782 0.002817
7.94909 2833 39.6249 0.744466 0.110354 0.002073
7.95085 2838 39.7960 0.747021 0.103940 0.001951
7.95262 2843 39.7836 0.746132 0.063611 0.001193
7.95472 2849 40.3869 0.756650 0.070814 0.001327
7.95648 2854 40.3156 0.754652 -0.011977 -0.000224
7.95823 2859 40.2441 0.752653 0.057456 0.001075
7.96032 2865 39.8627 0.744740 -0.069001 -0.001289
7.96207 2870 39.7152 0.741337 0.024868 0.000464
7.96381 2875 39.5309 0.737255 -0.005455 -0.000102
7.96589 2881 39.6333 0.738395 0.027966 0.000521
7.96763 2886 39.7106 0.739193 -0.101895 -0.001897
7.96936 2891 39.6413 0.737265 0.032675 0.000608
7.97143 2897 39.6725 0.737081 -0.104756 -0.001946
7.97316 2902 39.7775 0.738394 -0.045987 -0.000854
7.97488 2907 39.7396 0.737057 -0.085331 -0.001583
7.97694 2913 40.3016 0.746711 0.042459 0.000787
7.97865 2918 40.3359 0.746705 0.109707 0.002031
7.98071 2924 39.8336 0.736649 0.046124 0.000853
7.98242 2929 40.2096 0.742967 0.023383 0.000432
7.98446 2935 39.9415 0.737260 0.071307 0.001316
7.98616 2940 40.2195 0.741759 0.001947 0.000036
7.98786 2945 40.5515 0.747247 -0.005623 -0.000104
7.98990 2951 40.3098 0.742038 -0.104401 -0.001922
7.99159 2956 40.6953 0.748500 0.035018 0.000644
7.99362 2962 41.0160 0.753635 -0.044238 -0.000813
7.99531 2967 41.7847 0.767111 0.015297 0.000281
7.99733 2973 42.5169 0.779766 0.017257 0.000316
7.99901 2978 42.0919 0.771323 0.044036 0.000807
8.00102 2984 41.8991 0.767017 0.101451 0.001857
8.00303 2990 42.3278 0.774087 0.079730 0.001458
8.00470 2995 42.5318 0.777169 -0.044037 -0.000805
8.00670 3001 42.4320 0.774570 0.045526 0.000831
8.00837 3006 42.4595 0.774427 0.008778 0.000160
8.01036 3012 42.6721 0.777529 -0.061452 -0.001120
8.01202 3017 42.7318 0.777972 -0.056653 -0.001031
8.01400 3023 42.3117 0.769559 0.053235 0.000968
8.01599 3029 42.2164 0.767063 -0.000277 -0.000005
8.01764 3034 42.0903 0.764142 0.064070 0.001163
8.01961 3040 41.9650 0.761115 -0.071532 -0.001297
8.02158 3046 42.2670 0.765837 0.025193 0.000456
8.02322 3051 42.4597 0.768698 -0.021138 -0.000383
8.02519 3057 43.6700 0.789833 -0.018687 -0.000338
8.02715 3063 44.2697 0.799895 0.028183 0.000509
8.02878 3068 44.0392 0.795082 0.069565 0.001256
8.03073 3074 43.8307 0.790545 -0.026403 -0.000476
8.03268 3080 44.0251 0.793276 0.057705 0.001040
8.03431 3085 43.6001 0.784982 0.015512 0.000279
8.03625 3091 43.8714 0.789100 -0.020902 -0.000376
8.03819 3097 43.6441 0.784250 -0.200820 -0.003609
8.04012 3103 44.0494 0.790768 0.155621 0.002794
8.04173 3108 44.3625 0.795747 0.106464 0.001910
8.04366 3114 45.9518 0.823461 0.040673 0.000729
8.04559 3120 45.7269 0.818643 0.057329 0.001026
8.04751 3126 45.9975 0.822696 -0.026760 -0.000479
8.04943 3132 46.5915 0.832523 0.012561 0.000224
8.05102 3137 46.9543 0.838336 -0.029086 -0.000519
8.05293 3143 47.0715 0.839626 0.106808 0.001905
8.05484 3149 47.2240 0.841543 -0.018456 -0.000329
8.05674 3155 47.0274 0.837242 0.064618 0.001150
8.05864 3161 46.9730 0.835480 -0.056613 -0.001007
8.06054 3167 46.8252 0.832062 -0.034925 -0.000621
8.06243 3173 47.0646 0.835524 0.162722 0.002889
8.06401 3178 47.3059 0.839148 0.168898 0.002996
8.06589 3184 46.8921 0.831023 0.003684 0.000065
8.06778 3190 46.9675 0.831577 0.039081 0.000692
8.06966 3196 46.6919 0.825921 -0.160203 -0.002834
8.07153 3202 46.3973 0.819940 -0.125624 -0.002220
8.07340 3208 45.9360 0.811029 0.143804 0.002539
8.07527 3214 46.4255 0.818904 0.066246 0.001169
8.07714 3220 46.5947 0.821124 0.088718 0.001563
8.07900 3226 47.5623 0.837395 -0.031769 -0.000559
8.08086 3232 48.2347 0.848445 -0.020134 -0.000354
8.08271 3238 48.2292 0.847562 0.104908 0.001844
8.08456 3244 48.3335 0.848610 0.069210 0.001215
8.08641 3250 47.8232 0.838874 -0.055391 -0.000972
8.08825 3256 47.3214 0.829308 -0.036985 -0.000648
8.09010 3262 48.0990 0.842159 -0.056469 -0.000989
8.09193 3268 48.7099 0.852073 0.097844 0.001712
8.09377 3274 48.1264 0.841093 0.088717 0.001550
8.09560 3280 48.2381 0.842273 -0.009096 -0.000159
8.09743 3286 48.1444 0.839869 -0.020891 -0.000364
8.09925 3292 48.2417 0.840800 -0.086675 -0.001511
8.10137 3299 47.3191 0.823844 -0.004950 -0.000086
8.10319 3305 47.1100 0.819459 0.009869 0.000172
8.10501 3311 47.6345 0.827832 0.031983 0.000556
8.10682 3317 47.7852 0.829699 -0.147998 -0.002570
8.10862 3323 47.2292 0.819305 0.084196 0.001461
8.11043 3329 47.5848 0.824729 0.155643 0.002698
8.11253 3336 48.3495 0.837103 -0.031086 -0.000538
8.11432 3342 48.1412 0.832748 -0.012731 -0.000220
8.11612 3348 47.6442 0.823413 0.047675 0.000824
8.11791 3354 47.3277 0.817210 0.065178 0.001125
8.11970 3360 47.6154 0.821443 0.031493 0.000543
8.12178 3367 47.9295 0.826003 -0.078495 -0.001353
8.12356 3373 48.1814 0.829605 0.105439 0.001815
8.12534 3379 46.6422 0.802389 0.084404 0.001452
8.12711 3385 46.7502 0.803534 0.015253 0.000262
8.12917 3392 47.6914 0.818864 -0.044237 -0.000760
8.13094 3398 47.7654 0.819411 0.109858 0.001885
8.13271 3404 47.4845 0.813874 0.009084 0.000156
8.13476 3411 48.0350 0.822464 -0.020875 -0.000357
8.13652 3417 47.5133 0.812817 -0.018975 -0.000325
8.13827 3423 47.9747 0.819990 0.059665 0.001020
8.14032 3430 47.7559 0.815417 0.094873 0.001620
8.14206 3436 48.0991 0.820560 -0.056678 -0.000967
8.14381 3442 47.8886 0.816256 -0.094688 -0.001614
8.14584 3449 47.9798 0.816980 0.038117 0.000649
8.14758 3455 47.9406 0.815604 0.006854 0.000117
8.14960 3462 48.2548 0.820119 0.024979 0.000425
8.15133 3468 49.2614 0.836502 0.096146 0.001633
8.15335 3475 49.3541 0.837231 -0.017139 -0.000291
8.15507 3481 49.9780 0.847085 -0.013137 -0.000223
8.15680 3487 49.5884 0.839757 -0.076677 -0.001298
8.15880 3494 49.2637 0.833423 0.129282 0.002187
8.16052 3500 49.5009 0.836717 -0.035639 -0.000602
8.16252 3507 49.1583 0.830097 -0.067746 -0.001144
8.16423 3513 49.2840 0.831508 0.070603 0.001191
8.16622 3520 49.5053 0.834412 -0.001109 -0.000019
8.16820 3527 49.3590 0.831120 -0.053337 -0.000898
8.16990 3533 49.0408 0.825060 0.043105 0.000725
8.17188 3540 49.6096 0.833804 0.034292 0.000576
8.17358 3546 49.2350 0.826809 0.002904 0.000049
8.17555 3553 49.2463 0.826183 0.088674 0.001488
8.17723 3559 49.3764 0.827666 0.011016 0.000185
8.17920 3566 49.0443 0.821292 -0.027074 -0.000453
8.18116 3573 49.2493 0.823917 0.122253 0.002045
8.18284 3579 49.3578 0.825040 0.070229 0.001174
8.18479 3586 50.1564 0.837571 -0.001271 -0.000021
8.18674 3593 49.9257 0.832906 0.187970 0.003136
8.18841 3599 50.1595 0.836107 0.061538 0.001026
8.19035 3606 50.7128 0.844509 0.099904 0.001664
8.19229 3613 51.6254 0.858874 0.128877 0.002144
8.19395 3619 52.3640 0.870439 0.067461 0.001121
8.19589 3626 52.0455 0.864310 -0.041526 -0.000690
8.19781 3633 51.6426 0.856792 0.090767 0.001506
8.19974 3640 51.9338 0.860794 0.000152 0.000003
8.20139 3646 51.6051 0.854642 -0.074250 -0.001230
8.20330 3653 51.7525 0.856261 0.123777 0.002048
8.20522 3660 51.4485 0.850417 0.011889 0.000197
8.20713 3667 51.4653 0.849883 -0.083456 -0.001378
8.20904 3674 50.9832 0.841119 0.027424 0.000452
8.21067 3680 50.8284 0.837882 0.066156 0.001091
8.21257 3687 51.2476 0.843990 -0.059319 -0.000977
8.21447 3694 51.1858 0.842172 0.030993 0.000510
8.21636 3701 51.6271 0.848630 -0.035038 -0.000576
8.21825 3708 51.8934 0.852201 0.081288 0.001335
8.22013 3715 51.9038 0.851568 0.048676 0.000799
8.22202 3722 51.8524 0.849926 -0.125386 -0.002055
8.22363 3728 51.3728 0.841386 0.107736 0.001765
8.22550 3735 51.5756 0.843916 -0.029810 -0.000488
8.22738 3742 51.7498 0.845973 -0.040950 -0.000669
8.22924 3749 51.7883 0.845811 0.079034 0.001291
8.23111 3756 50.8841 0.830270 -0.070960 -0.001158
8.23297 3763 50.7470 0.827263 0.065245 0.001064
8.23483 3770 51.4791 0.838418 0.055404 0.000902
8.23669 3777 51.6446 0.840333 -0.088957 -0.001447
8.23854 3784 51.7623 0.841469 0.093561 0.001521
8.24039 3791 51.8818 0.842633 0.052662 0.000855
8.24223 3798 51.8939 0.842052 0.042225 0.000685
8.24407 3805 51.9477 0.842149 0.046511 0.000754
8.24591 3812 51.7691 0.838483 -0.140695 -0.002279
8.24801 3820 52.2090 0.844722 0.076810 0.001243
8.24984 3827 52.3860 0.846809 -0.047669 -0.000771
8.25166 3834 52.6644 0.850532 0.141232 0.002281
8.25349 3841 53.3830 0.861353 -0.032820 -0.000530
8.25531 3848 53.0850 0.855765 0.080357 0.001295
8.25713 3855 53.3232 0.858823 -0.005948 -0.000096
8.25894 3862 53.8564 0.866626 -0.042865 -0.000690
8.26101 3870 54.5272 0.876511 0.057699 0.000927
8.26282 3877 54.1451 0.869583 -0.144059 -0.002314
8.26462 3884 54.9308 0.881407 0.158390 0.002541
8.26642 3891 54.9459 0.880856 0.030579 0.000490
8.26822 3898 55.1838 0.883874 -0.002786 -0.000045
8.27027 3906 55.1919 0.883099 -0.008657 -0.000139
8.27206 3913 54.7399 0.875083 0.136161 0.002177
8.27385 3920 54.9254 0.877263 -0.045065 -0.000720
8.27563 3927 54.7634 0.873896 -0.091376 -0.001458
8.27767 3935 54.3818 0.866924 0.048600 0.000775
8.27944 3942 54.7728 0.872381 -0.096944 -0.001544
8.28122 3949 55.8972 0.889501 0.081520 0.001297
8.28324 3957 56.2122 0.893609 0.010369 0.000165
8.28501 3964 56.1968 0.892574 -0.047033 -0.000747
8.28677 3971 55.8245 0.885880 -0.058492 -0.000928
8.28879 3979 56.0833 0.889091 0.109776 0.001740
8.29054 3986 56.0121 0.887182 -0.045323 -0.000718
8.29255 3994 56.1433 0.888370 0.065798 0.001041
8.29430 4001 56.0961 0.886847 -0.015798 -0.000250
8.29605 4008 56.5113 0.892630 0.110474 0.001745
8.29804 4016 56.8462 0.897025 -0.105059 -0.001658
8.29978 4023 56.6608 0.893322 0.137632 0.002170
8.30177 4031 57.3799 0.903760 -0.058948 -0.000928
8.30350 4038 57.5651 0.905892 0.169751 0.002671
8.30548 4046 58.2178 0.915256 0.002885 0.000045
8.30721 4053 58.2267 0.914606 0.047011 0.000738
8.30918 4061 59.1589 0.928332 -0.080105 -0.001257
8.31091 4068 58.6582 0.919683 0.163449 0.002563
8.31287 4076 59.2399 0.927891 -0.044873 -0.000703
8.31483 4084 59.2548 0.927215 0.004378 0.000069
8.31654 4091 59.1838 0.925312 0.030508 0.000477
8.31850 4099 59.1809 0.924363 0.113129 0.001767
8.32020 4106 59.2747 0.925038 0.005747 0.000090
8.32215 4114 59.7239 0.931143 0.105378 0.001643
8.32409 4122 60.0623 0.935509 0.024617 0.000383
8.32579 4129 59.4104 0.924570 0.038192 0.000594
8.32773 4137 58.9121 0.915929 -0.109819 -0.001707
8.32966 4145 58.9554 0.915716 0.015383 0.000239
8.33135 4152 58.7959 0.912469 -0.160090 -0.002484
8.33327 4160 58.0845 0.900562 0.040780 0.000632
8.33519 4168 58.2688 0.902552 0.115951 0.001796
8.33687 4175 58.3052 0.902359 0.011301 0.000175
8.33878 4183 57.6481 0.891335 0.072876 0.001127
8.34069 4191 58.0976 0.897427 -0.004111 -0.000064
8.34260 4199 58.0392 0.895671 0.039686 0.000612
8.34451 4207 58.7625 0.905970 0.037671 0.000581
8.34617 4214 59.8439 0.921875 0.076754 0.001182
8.34806 4222 59.4018 0.914199 -0.104677 -0.001611
8.34996 4230 59.4396 0.913915 0.001615 0.000025
8.35185 4238 59.6578 0.916403 0.071926 0.001105
8.35373 4246 59.9074 0.919370 -0.056672 -0.000870
8.35561 4254 59.4594 0.911637 0.132419 0.002030
8.35749 4262 60.1918 0.921999 -0.051113 -0.000783
8.35937 4270 60.7805 0.930144 -0.023851 -0.000365
8.36101 4277 60.2903 0.921887 -0.066777 -0.001021
8.36288 4285 60.3180 0.921449 -0.076433 -0.001168
8.36474 4293 60.1174 0.917528 0.082964 0.001266
8.36660 4301 60.3064 0.919557 -0.035351 -0.000539
8.36846 4309 60.0071 0.914143 0.104214 0.001588
8.37032 4317 60.4226 0.919620 -0.047668 -0.000725
8.37217 4325 61.1014 0.929090 -0.023643 -0.000360
8.37402 4333 61.1132 0.928412 0.102056 0.001550
8.37586 4341 60.7888 0.922632 -0.064723 -0.000982
8.37793 4350 61.1133 0.926598 -0.023309 -0.000353
8.37977 4358 61.0888 0.925375 0.031236 0.000473
8.38160 4366 61.3125 0.927912 0.034565 0.000523
8.38343 4374 60.5543 0.915599 0.005759 0.000087
8.38526 4382 61.1378 0.923578 -0.012924 -0.000195
8.38708 4390 61.6843 0.930984 -0.006295 -0.000095
8.38891 4398 62.2409 0.938530 0.110080 0.001660
8.39072 4406 62.3436 0.939224 -0.053423 -0.000805
8.39276 4415 62.5436 0.941278 -0.021527 -0.000324
8.39457 4423 63.4078 0.953420 0.100757 0.001515
8.39638 4431 63.5244 0.954310 -0.001319 -0.000020
8.39818 4439 63.6367 0.955136 0.033889 0.000509
8.39998 4447 63.9492 0.958963 -0.098342 -0.001475
8.40201 4456 63.5677 0.952279 -0.026314 -0.000394
8.40380 4464 63.7679 0.954421 0.132365 0.001981
8.40559 4472 63.9665 0.956538 -0.088976 -0.001331
8.40760 4481 64.3969 0.962005 0.007304 0.000109
8.40939 4489 64.7844 0.966932 0.053323 0.000796
8.41117 4497 65.2578 0.973130 -0.065507 -0.000977
8.41317 4506 64.9109 0.966990 0.048539 0.000723
8.41494 4514 64.4739 0.959628 0.004592 0.000068
8.41671 4522 63.5025 0.944334 -0.105099 -0.001563
8.41870 4531 63.1775 0.938567 0.035447 0.000527
8.42046 4539 63.6492 0.944741 0.108157 0.001605
8.42244 4548 63.8379 0.946604 0.095245 0.001412
8.42420 4556 65.1968 0.965906 0.013407 0.000199
8.42617 4565 64.9816 0.961768 0.035959 0.000532
8.42792 4573 65.5911 0.969939 0.076043 0.001124
8.42989 4582 65.4727 0.967237 -0.064961 -0.000960
8.43164 4590 65.6434 0.968913 -0.053721 -0.000793
8.43359 4599 65.4813 0.965574 0.091711 0.001352
8.43533 4607 65.2399 0.961179 -0.080925 -0.001192
8.43728 4616 65.0271 0.957109 0.037552 0.000553
8.43902 4624 64.3691 0.946604 -0.016191 -0.000238
8.44096 4633 64.0070 0.940365 0.087901 0.001291
8.44269 4641 64.9358 0.953188 0.080708 0.001185
8.44462 4650 65.8751 0.966040 0.057707 0.000846
8.44656 4659 65.8987 0.965452 -0.014089 -0.000206
8.44827 4667 65.3098 0.956003 -0.067665 -0.000990
8.45020 4676 65.3267 0.955330 -0.062442 -0.000913
8.45212 4685 65.6196 0.958691 0.117139 0.001711
8.45383 4693 65.5324 0.956601 0.147210 0.002149
8.45574 4702 65.8747 0.960677 -0.077057 -0.001124
8.45766 4711 66.1592 0.963904 -0.058916 -0.000858
8.45956 4720 66.5089 0.968074 0.035318 0.000514
8.46126 4728 66.6469 0.969262 0.118315 0.001721
8.46316 4737 68.2863 0.992160 0.018280 0.000266
8.46506 4746 68.2853 0.991205 -0.152276 -0.002210
8.46695 4755 68.5654 0.994329 0.047128 0.000683
8.46884 4764 68.1105 0.986798 0.083160 0.001205
8.47073 4773 68.3135 0.988805 0.102070 0.001477
8.47241 4781 67.6432 0.978284 0.032589 0.000471
8.47429 4790 68.3936 0.988206 -0.032995 -0.000477
8.47616 4799 67.4080 0.973052 -0.063564 -0.000918
8.47804 4808 67.9444 0.979877 0.092381 0.001332
8.47991 4817 68.3089 0.984213 -0.071250 -0.001027
8.48177 4826 68.3631 0.984074 0.012401 0.000179
8.48364 4835 67.6818 0.973361 -0.120257 -0.001729
8.48550 4844 67.0525 0.963414 0.032636 0.000469
8.48735 4853 67.0647 0.962695 0.157694 0.002264
8.48921 4862 67.7515 0.971653 -0.041237 -0.000591
8.49105 4871 68.2725 0.978221 0.044486 0.000637
8.49290 4880 68.4556 0.979939 0.082905 0.001187
8.49474 4889 68.0495 0.973229 0.017801 0.000255
8.49658 4898 68.4982 0.978745 0.096054 0.001372
8.49842 4907 68.9358 0.984095 -0.021177 -0.000302
8.50025 4916 69.2730 0.988002 -0.020713 -0.000295
8.50228 4926 69.0466 0.983774 -0.034754 -0.000495
8.50411 4935 69.0373 0.982743 0.048647 0.000692
8.50593 4944 69.6582 0.990679 0.040838 0.000581
8.50775 4953 68.7986 0.977564 0.068989 0.000980
8.50956 4962 68.7347 0.975770 -0.068238 -0.000969
8.51138 4971 69.1529 0.980818 -0.030476 -0.000432
8.51339 4981 69.3529 0.982666 0.001022 0.000014
8.51519 4990 69.4965 0.983813 0.059618 0.000844
8.51699 4999 69.2990 0.980134 -0.046722 -0.000661
8.51879 5008 68.8545 0.972972 0.136436 0.001928
8.52079 5018 68.3326 0.964634 0.033252 0.000469
8.52258 5027 68.3588 0.964140 -0.075786 -0.001069
8.52437 5036 68.8901 0.970764 -0.022480 -0.000317
8.52635 5046 68.6632 0.966608 -0.060713 -0.000855
8.52813 5055 67.8874 0.954835 -0.016087 -0.000226
8.53011 5065 67.9287 0.954473 -0.008277 -0.000116
8.53188 5074 67.6573 0.949815 0.050101 0.000703
8.53366 5083 67.5800 0.947890 0.070021 0.000982
8.53562 5093 67.0940 0.940149 0.102930 0.001442
8.53739 5102 66.9133 0.936791 -0.077877 -0.001090
8.53935 5112 66.8969 0.935644 0.005036 0.000070
8.54111 5121 67.5390 0.943794 -0.125301 -0.001751
8.54306 5131 67.0916 0.936628 -0.052594 -0.000734
8.54481 5140 67.2428 0.937917 -0.057714 -0.000805
8.54675 5150 67.2782 0.937498 -0.028495 -0.000397
8.54850 5159 67.6904 0.942419 0.097651 0.001360
8.55043 5169 67.3166 0.936308 0.072279 0.001005
8.55237 5179 67.5844 0.939126 0.087386 0.001214
8.55410 5188 67.7420 0.940498 0.162649 0.002258
8.55603 5198 68.0024 0.943205 0.132605 0.001839
8.55795 5208 68.5522 0.949918 0.018861 0.000261
8.55968 5217 68.3183 0.945860 -0.022609 -0.000313
8.56159 5227 68.6461 0.949488 -0.090511 -0.001252
8.56350 5237 68.6292 0.948347 -0.059389 -0.000821
8.56522 5246 68.4783 0.945451 0.065263 0.000901
8.56713 5256 69.3099 0.956022 -0.019564 -0.000270
8.56903 5266 69.6288 0.959508 -0.013032 -0.000180
8.57092 5276 69.0377 0.950461 -0.094200 -0.001297
8.57263 5285 69.3254 0.953608 0.025483 0.000351
8.57452 5295 69.2520 0.951698 0.018715 0.000257
8.57641 5305 69.5718 0.955191 0.019199 0.000264
8.57829 5315 69.8829 0.958560 0.035652 0.000489
8.58017 5325 70.5774 0.967176 -0.011345 -0.000155
8.58204 5335 71.1683 0.974360 0.084380 0.001155
8.58392 5345 71.9002 0.983459 -0.020514 -0.000281
8.58579 5355 71.8756 0.982204 0.066644 0.000911
8.58765 5365 71.3222 0.973733 0.064775 0.000884
8.58933 5374 71.0893 0.969741 -0.005051 -0.000069
8.59119 5384 71.6272 0.976169 0.065552 0.000893
8.59304 5394 71.1757 0.969117 -0.059029 -0.000804
8.59508 5405 71.2434 0.969051 -0.000647 -0.000009
8.59693 5415 70.8634 0.962992 0.003528 0.000048
8.59877 5425 71.4832 0.970520 -0.034176 -0.000464
8.60061 5435 71.5161 0.970072 0.006976 0.000095
8.60245 5445 70.6628 0.957618 0.001312 0.000018
8.60429 5455 71.4995 0.968067 0.040376 0.000547
8.60612 5465 71.9192 0.972859 0.075759 0.001025
8.60795 5475 72.5747 0.980829 -0.003220 -0.000044
8.60977 5485 73.8602 0.997291 0.053421 0.000721
8.61178 5496 74.4223 1.003875 -0.008433 -0.000114
8.61359 5506 75.3650 1.015668 -0.118864 -0.001602
8.61541 5516 74.9030 1.008526 -0.069053 -0.000930
8.61722 5526 75.2225 1.011911 -0.078070 -0.001050
8.61921 5537 75.0276 1.008287 -0.045027 -0.000605
8.62101 5547 74.7892 1.004176 -0.123236 -0.001655
8.62281 5557 74.9592 1.005553 -0.082175 -0.001102
8.62461 5567 74.7230 1.001484 -0.048058 -0.000644
8.62659 5578 74.6397 0.999379 0.032545 0.000436
8.62838 5588 75.4612 1.009474 0.195572 0.002616
8.63034 5599 75.5816 1.010092 -0.000429 -0.000006
8.63213 5609 75.4448 1.007365 0.007226 0.000096
8.63391 5619 75.2001 1.003203 0.076538 0.001021
8.63586 5630 75.6114 1.007704 0.093719 0.001249
8.63764 5640 75.1794 1.001058 0.049878 0.000664
8.63959 5651 75.0224 0.997995 -0.040524 -0.000539
8.64136 5661 75.7502 1.006787 0.000628 0.000008
8.64330 5672 76.6603 1.017894 -0.048436 -0.000643
8.64506 5682 76.3235 1.012530 -0.096924 -0.001286
8.64699 5693 76.6029 1.015254 0.036822 0.000488
8.64875 5703 76.4409 1.012218 0.086993 0.001152
8.65067 5714 77.6281 1.026949 0.085287 0.001128
8.65260 5725 77.8523 1.028925 0.008787 0.000116
8.65434 5735 77.9047 1.028720 -0.077559 -0.001024
8.65626 5746 78.8814 1.040619 -0.014371 -0.000190
8.65817 5757 79.0894 1.042366 -0.035235 -0.000464
8.65991 5767 79.2392 1.043434 -0.130663 -0.001721
8.66181 5778 79.2237 1.042237 0.088436 0.001163
8.66371 5789 79.0262 1.038650 0.086696 0.001139
8.66544 5799 79.2927 1.041253 0.033489 0.000440
8.66734 5810 80.1700 1.051778 0.021299 0.000279
8.66923 5821 80.7503 1.058389 -0.103141 -0.001352
8.67112 5832 80.2731 1.051142 -0.114833 -0.001504
8.67300 5843 79.9672 1.046150 0.073494 0.000961
8.67488 5854 79.8055 1.043053 0.003570 0.000047
8.67659 5864 80.2334 1.047752 0.031278 0.000408
8.67846 5875 80.1656 1.045885 -0.007581 -0.000099
8.68033 5886 79.9125 1.041609 0.022726 0.000296
8.68220 5897 79.9021 1.040501 -0.043788 -0.000570
8.68406 5908 79.8795 1.039238 0.111105 0.001445
8.68592 5919 80.5181 1.046573 -0.003193 -0.000041
8.68778 5930 80.3510 1.043431 0.056648 0.000736
8.68963 5941 80.3025 1.041835 -0.057794 -0.000750
8.69148 5952 80.6107 1.044868 -0.097500 -0.001264
8.69333 5963 81.4888 1.055274 0.121365 0.001572
8.69517 5974 81.9445 1.060199 0.073082 0.000946
8.69701 5985 82.6374 1.068180 -0.036062 -0.000466
8.69901 5997 81.0147 1.046156 -0.060719 -0.000784
8.70085 6008 80.7465 1.041739 0.084161 0.001086
8.70268 6019 81.5042 1.050552 0.068852 0.000887
8.70450 6030 81.5721 1.050469 0.035042 0.000451
8.70632 6041 81.5713 1.049501 -0.090273 -0.001161
8.70814 6052 81.2322 1.044188 -0.105544 -0.001357
8.71012 6064 81.0617 1.040966 0.020871 0.000268
8.71194 6075 81.2712 1.042710 -0.053275 -0.000684
8.71375 6086 80.8627 1.036530 -0.031567 -0.000405
8.71572 6098 81.4664 1.043241 0.115046 0.001473
8.71752 6109 82.4422 1.054787 -0.043405 -0.000555
8.71932 6120 83.3287 1.065170 -0.008199 -0.000105
8.72128 6132 83.7293 1.069243 -0.063787 -0.000815
8.72307 6143 84.7230 1.080964 0.030744 0.000392
8.72486 6154 85.1832 1.085863 -0.016191 -0.000206
8.72681 6166 85.1504 1.084389 -0.083465 -0.001063
8.72859 6177 84.5064 1.075229 -0.158256 -0.002014
8.73053 6189 85.8674 1.091486 0.153051 0.001945
8.73230 6200 86.3687 1.096883 0.032034 0.000407
8.73424 6212 86.7501 1.100663 -0.011138 -0.000141
8.73601 6223 86.7149 1.099243 0.100763 0.001277
8.73793 6235 87.8714 1.112831 0.133658 0.001693
8.73970 6246 88.6654 1.121897 -0.013841 -0.000175
8.74162 6258 89.2744 1.128520 0.089440 0.001131
8.74353 6270 89.1314 1.125634 0.030845 0.000390
8.74528 6281 89.4959 1.129246 0.047126 0.000595
8.74719 6293 89.3515 1.126349 0.062471 0.000787
8.74910 6305 89.2653 1.124191 0.039355 0.000496
8.75084 6316 88.9820 1.119647 -0.034471 -0.000434
8.75274 6328 87.8738 1.104654 0.138579 0.001742
8.75463 6340 88.7772 1.114954 -0.055900 -0.000702
8.75653 6352 88.8838 1.115237 -0.100038 -0.001255
8.75826 6363 89.6196 1.123497 0.054457 0.000683
8.76014 6375 90.4335 1.132633 -0.066619 -0.000834
8.76202 6387 89.8856 1.124713 -0.011063 -0.000138
8.76390 6399 89.5491 1.119451 0.046643 0.000583
8.76577 6411 90.0692 1.124899 0.021479 0.000268
8.76764 6423 89.9000 1.121737 0.055619 0.000694
8.76951 6435 88.2613 1.100262 0.055218 0.000688
8.77137 6447 89.0620 1.109209 -0.101646 -0.001266
8.77323 6459 89.8992 1.118596 0.041849 0.000521
8.77509 6471 89.4564 1.112054 -0.045191 -0.000562
8.77694 6483 88.3926 1.097811 0.052291 0.000649
8.77879 6495 89.3881 1.109150 -0.022552 -0.000280
8.78063 6507 89.7423 1.112517 -0.098775 -0.001224
8.78248 6519 89.6837 1.110767 0.102787 0.001273
8.78432 6531 90.1971 1.116099 0.075725 0.000937
8.78615 6543 90.8871 1.123605 0.083102 0.001027
8.78798 6555 90.5285 1.118147 0.100679 0.001244
8.78981 6567 90.4707 1.116412 -0.097388 -0.001202
8.79179 6580 90.5151 1.115855 0.045974 0.000567
8.79361 6592 90.6027 1.115919 -0.096501 -0.001189
8.79543 6604 90.2712 1.110825 0.038016 0.000468
8.79725 6616 89.7185 1.103022 -0.060908 -0.000749
8.79921 6629 89.5818 1.100261 0.069547 0.000854
8.80102 6641 88.4543 1.085431 0.039715 0.000487
8.80282 6653 88.9942 1.091070 0.119881 0.001470
8.80478 6666 88.5001 1.083955 -0.041932 -0.000514
8.80657 6678 88.7678 1.086257 0.101163 0.001238
8.80852 6691 88.4680 1.081536 -0.053539 -0.000655
8.81031 6703 88.2001 1.077294 0.093637 0.001144
8.81210 6715 88.8829 1.084664 -0.047183 -0.000576
8.81403 6728 88.7847 1.082419 0.150462 0.001834
8.81582 6740 89.5722 1.091046 0.089312 0.001088
8.81774 6753 89.4831 1.088912 0.083203 0.001012
8.81952 6765 89.9236 1.093301 0.017386 0.000211
8.82144 6778 89.2976 1.084648 0.119337 0.001450
8.82335 6791 89.0813 1.080985 -0.038376 -0.000466
8.82512 6803 89.2512 1.082091 0.073550 0.000892
8.82703 6816 89.2579 1.081140 0.020218 0.000245
8.82893 6829 88.5128 1.071094 0.140248 0.001697
8.83069 6841 88.3950 1.068730 -0.041530 -0.000502
8.83259 6854 88.3426 1.067082 -0.009205 -0.000111
8.83448 6867 88.4500 1.067369 -0.141677 -0.001710
8.83623 6879 88.8813 1.071637 0.040850 0.000493
8.83812 6892 88.2475 1.062992 -0.191816 -0.002311
8.84000 6905 88.9798 1.070803 0.062719 0.000755
8.84188 6918 88.4997 1.064024 0.118777 0.001428
8.84376 6931 88.3496 1.061223 -0.012835 -0.000154
8.84563 6944 88.4457 1.061383 0.057156 0.000686
8.84736 6956 88.8056 1.064782 -0.072536 -0.000870
8.84923 6969 89.5176 1.072316 0.011940 0.000143
8.85109 6982 89.7535 1.074142 0.010342 0.000124
8.85295 6995 90.3491 1.080264 0.046419 0.000555
8.85481 7008 90.1764 1.077199 0.101655 0.001214
8.85666 7021 90.1347 1.075704 -0.052783 -0.000630
8.85851 7034 90.1883 1.075348 0.042767 0.000510
8.86036 7047 89.8155 1.069914 0.008283 0.000099
8.86234 7061 90.5348 1.077413 -0.038309 -0.000456
8.86418 7074 90.4693 1.075644 0.021885 0.000260
8.86602 7087 90.0579 1.069770 -0.051065 -0.000607
8.86785 7100 89.8731 1.066597 -0.021805 -0.000259
8.86968 7113 89.9772 1.066857 0.104994 0.001245
8.87151 7126 91.0902 1.079068 -0.029555 -0.000350
8.87347 7140 92.2627 1.091885 0.044704 0.000529
8.87529 7153 92.1098 1.089085 0.116672 0.001380
8.87710 7166 91.6536 1.082707 -0.076504 -0.000904
8.87892 7179 91.7833 1.083258 0.106450 0.001256
8.88086 7193 91.9992 1.084749 0.098907 0.001166
8.88267 7206 92.3044 1.087365 -0.035872 -0.000423
8.88461 7220 92.5643 1.089369 0.023755 0.000280
8.88641 7233 92.5651 1.088398 0.113807 0.001338
8.88820 7246 93.1627 1.094442 -0.020328 -0.000239
8.89014 7260 93.5620 1.098073 0.021651 0.000254
8.89192 7273 93.5314 1.096733 0.046495 0.000545
8.89385 7287 92.9571 1.088951 -0.095296 -0.001116
8.89563 7300 92.3050 1.080349 -0.033947 -0.000397
8.89755 7314 92.4431 1.080929 0.055795 0.000652
8.89946 7328 92.5824 1.081523 0.017719 0.000207
8.90123 7341 92.6211 1.081017 -0.072862 -0.000850
8.90314 7355 92.4272 1.077726 0.145717 0.001699
8.90490 7368 93.3916 1.088010 0.114112 0.001329
8.90680 7382 92.3613 1.074987 -0.105067 -0.001223
8.90869 7396 92.4974 1.075551 -0.087347 -0.001016
8.91059 7410 92.0741 1.069617 0.049517 0.000575
8.91234 7423 92.0651 1.068576 0.152253 0.001767
8.91422 7437 92.2863 1.070135 -0.010368 -0.000120
8.91610 7451 93.6827 1.085306 -0.028420 -0.000329
8.91798 7465 93.9324 1.087177 -0.007434 -0.000086
8.91985 7479 94.0095 1.087051 0.141986 0.001642
8.92172 7493 93.5494 1.080719 0.097100 0.001122
8.92359 7507 93.3582 1.077505 -0.083445 -0.000963
8.92532 7520 94.7807 1.092977 0.074154 0.000855
8.92718 7534 94.5737 1.089576 0.002281 0.000026
8.92904 7548 93.8275 1.079976 0.058522 0.000674
8.93089 7562 93.7442 1.078018 -0.082237 -0.000946
8.93274 7576 93.1447 1.070134 -0.020102 -0.000231
8.93472 7591 92.9635 1.066996 -0.000458 -0.000005
8.93656 7605 93.5128 1.072312 0.035773 0.000410
8.93840 7619 94.6001 1.083784 0.061622 0.000706
8.94024 7633 93.6560 1.071983 0.147575 0.001689
8.94207 7647 94.6073 1.081880 -0.098431 -0.001126
8.94390 7661 95.2486 1.088218 -0.016437 -0.000188
8.94585 7676 93.5703 1.067998 0.012597 0.000144
8.94768 7690 94.4999 1.077626 -0.001810 -0.000021
8.94949 7704 94.6151 1.077960 0.032829 0.000374
8.95131 7718 95.1211 1.082741 0.145616 0.001658
8.95325 7733 95.5558 1.086634 0.155012 0.001763
8.95506 7747 96.8966 1.100884 -0.087828 -0.000998
8.95700 7762 96.7395 1.098037 -0.031143 -0.000353
8.95880 7776 97.6088 1.106906 -0.013903 -0.000158
8.96060 7790 97.0600 1.099694 0.020539 0.000233
8.96252 7805 97.5337 1.103998 -0.006618 -0.000075
8.96431 7819 97.4368 1.101914 0.121972 0.001379
8.96623 7834 99.0517 1.119103 0.093172 0.001053
8.96801 7848 99.4490 1.122589 0.083966 0.000948
8.96992 7863 100.4544 1.132856 0.222947 0.002514
8.97183 7878 100.5473 1.132824 0.083174 0.000937
8.97360 7892 101.6616 1.144362 -0.119565 -0.001346
8.97550 7907 100.3316 1.128319 -0.045790 -0.000515
8.97740 7922 100.8946 1.133576 -0.088974 -0.001000
8.97916 7936 101.0547 1.134372 -0.062222 -0.000698
8.98105 7951 102.0135 1.144054 0.064181 0.000720
8.98294 7966 102.1137 1.144100 -0.046708 -0.000523
8.98482 7981 103.1251 1.154345 -0.030312 -0.000339
8.98670 7996 103.1294 1.153310 -0.104832 -0.001172
8.98845 8010 103.8294 1.160123 -0.005853 -0.000065
8.99032 8025 104.8436 1.170360 -0.054920 -0.000613
8.99218 8040 106.1855 1.184233 0.027463 0.000306
8.99405 8055 107.1974 1.194404 -0.021253 -0.000237
8.99591 8070 105.9453 1.179356 0.068332 0.000761
8.99777 8085 107.0649 1.190713 0.027143 0.000302
8.99962 8100 106.7930 1.186589 -0.047793 -0.000531
9.00147 8115 106.3325 1.180380 -0.013626 -0.000151
9.00332 8130 108.8569 1.207287 0.054503 0.000604
9.00516 8145 108.6448 1.203826 -0.075836 -0.000840
9.00700 8160 107.5813 1.190945 0.063483 0.000703
9.00896 8176 107.1957 1.185515 -0.088250 -0.000976
9.01079 8191 107.5721 1.188587 0.044620 0.000493
9.01262 8206 107.5969 1.187774 0.070552 0.000779
9.01445 8221 108.4164 1.195728 -0.075983 -0.000838
9.01639 8237 107.5654 1.185190 -0.007067 -0.000078
9.01821 8252 107.5149 1.183556 -0.088505 -0.000974
9.02003 8267 108.3384 1.191539 -0.134923 -0.001484
9.02196 8283 107.8910 1.185472 0.033582 0.000369
9.02377 8298 108.5054 1.191146 0.146280 0.001606
9.02558 8313 109.3323 1.199139 0.114192 0.001252
9.02750 8329 110.1906 1.207391 0.093116 0.001020
9.02930 8344 110.5465 1.210202 0.082007 0.000898
9.03121 8360 112.5241 1.230672 0.070124 0.000767
9.03301 8375 113.6477 1.241848 -0.026260 -0.000287
9.03491 8391 113.0841 1.234511 0.067095 0.000732
9.03670 8406 113.3883 1.236726 -0.057679 -0.000629
9.03860 8422 113.7942 1.239974 -0.064428 -0.000702
9.04050 8438 113.1022 1.231264 0.094171 0.001025
9.04228 8453 113.1838 1.231059 0.062035 0.000675
9.04417 8469 113.5346 1.233708 0.041195 0.000448
9.04606 8485 113.6559 1.233861 -0.038254 -0.000415
9.04794 8501 112.7695 1.223085 -0.024325 -0.000264
9.04970 8516 113.3026 1.227784 -0.037806 -0.000410
9.05158 8532 113.0214 1.223589 -0.021031 -0.000228
9.05345 8548 113.3069 1.225531 0.076061 0.000823
9.05532 8564 114.2316 1.234377 0.057774 0.000624
9.05719 8580 115.2107 1.243796 0.076538 0.000826
9.05905 8596 115.5543 1.246344 0.005129 0.000055
9.06091 8612 115.2002 1.241370 -0.020561 -0.000222
9.06277 8628 114.2686 1.230190 0.107881 0.001161
9.06462 8644 114.1334 1.227596 0.081317 0.000875
9.06647 8660 113.2616 1.217093 -0.066072 -0.000710
9.06832 8676 112.9275 1.212383 -0.018676 -0.000200
9.07016 8692 113.5068 1.217481 -0.113921 -0.001222
9.07200 8708 113.1749 1.212805 0.060242 0.000646
9.07383 8724 114.3192 1.223944 0.023614 0.000253
9.07578 8741 114.4510 1.224162 -0.026754 -0.000286
9.07761 8757 113.8251 1.216355 -0.105061 -0.001123
9.07943 8773 115.4494 1.232587 0.016662 0.000178
9.08126 8789 116.0799 1.238190 0.078717 0.000840
9.08319 8806 116.2892 1.239225 -0.073535 -0.000784
9.08500 8822 116.3663 1.238922 -0.068052 -0.000725
9.08682 8838 116.3288 1.237400 0.023438 0.000249
9.08874 8855 116.9353 1.242658 0.069708 0.000741
9.09054 8871 118.0540 1.253413 -0.025308 -0.000269
9.09246 8888 118.1966 1.253727 0.127316 0.001350
9.09426 8904 119.1119 1.262300 0.108499 0.001150
9.09616 8921 119.5772 1.266023 -0.033673 -0.000357
9.09796 8937 119.0428 1.259236 -0.031174 -0.000330
9.09986 8954 120.1155 1.269377 0.091266 0.000964
9.10175 8971 120.7198 1.274554 -0.084839 -0.000896
9.10353 8987 121.0157 1.276539 -0.027313 -0.000288
9.10542 9004 120.9145 1.274268 -0.004044 -0.000043
9.10731 9021 120.4297 1.267962 0.014305 0.000151
9.10919 9038 120.6295 1.268870 0.169666 0.001785
9.11096 9054 120.9058 1.270653 0.046446 0.000488
9.11284 9071 120.9647 1.270080 -0.010794 -0.000113
9.11471 9088 120.2714 1.261619 0.052690 0.000553
9.11658 9105 120.2862 1.260595 0.145489 0.001525
9.11844 9122 121.2948 1.269980 -0.077591 -0.000812
9.12031 9139 121.4965 1.270909 0.112973 0.001182
9.12216 9156 123.1529 1.287039 0.023045 0.000241
9.12402 9173 122.5335 1.279379 0.081839 0.000854
9.12587 9190 122.1398 1.274088 0.037760 0.000394
9.12772 9207 122.8044 1.279837 -0.045060 -0.000470
9.12956 9224 122.4451 1.274917 0.032914 0.000343
9.13141 9241 122.8546 1.278003 -0.002995 -0.000031
9.13324 9258 123.8331 1.286999 0.166441 0.001730
9.13508 9275 124.3366 1.291047 -0.009826 -0.000102
9.13702 9293 125.1635 1.298374 0.150445 0.001561
9.13884 9310 124.3480 1.288736 0.036988 0.000383
9.14067 9327 124.8185 1.292433 -0.033529 -0.000347
9.14260 9345 125.5428 1.298680 -0.049441 -0.000511
9.14441 9362 125.9273 1.301474 -0.058155 -0.000601
9.14623 9379 126.4590 1.305784 0.169417 0.001749
9.14815 9397 126.5771 1.305751 -0.091275 -0.000942
9.14995 9414 126.1545 1.300217 0.065032 0.000670
9.15186 9432 125.6027 1.293293 -0.036579 -0.000377
9.15366 9449 126.1982 1.298255 0.048947 0.000504
9.15557 9467 127.0073 1.305336 -0.086946 -0.000894
9.15736 9484 127.0267 1.304365 0.034881 0.000358
9.15926 9502 126.2741 1.295409 -0.102125 -0.001048
9.16115 9520 127.2486 1.304171 -0.059550 -0.000610
9.16293 9537 126.0031 1.290254 -0.067321 -0.000689
9.16482 9555 125.1749 1.280566 0.040864 0.000418
9.16670 9573 125.1963 1.279580 0.068837 0.000704
9.16858 9591 124.6613 1.272916 -0.042476 -0.000434
9.17035 9608 124.1940 1.267022 0.022759 0.000232
9.17222 9626 123.8262 1.262088 -0.069605 -0.000709
9.17409 9644 123.3580 1.256142 0.004039 0.000041
9.17596 9662 123.3014 1.254395 -0.103083 -0.001049
9.17782 9680 124.0173 1.260505 0.025402 0.000258
9.17967 9698 123.1584 1.250613 0.147493 0.001498
9.18153 9716 124.0913 1.258919 0.014985 0.000152
9.18338 9734 125.5643 1.272683 0.064415 0.000653
9.18523 9752 126.2458 1.278409 -0.098885 -0.001001
9.18707 9770 128.0065 1.295044 0.077016 0.000779
9.18891 9788 128.2410 1.296223 0.120885 0.001222
9.19085 9807 129.1460 1.304105 -0.054750 -0.000553
9.19269 9825 129.6414 1.307908 -0.028482 -0.000287
9.19452 9843 130.2081 1.312424 0.089030 0.000897
9.19634 9861 132.5559 1.334869 -0.102672 -0.001034
9.19827 9880 131.8958 1.326943 0.006383 0.000064
9.20009 9898 131.8358 1.325133 0.128551 0.001292
9.20190 9916 131.6144 1.321707 -0.089421 -0.000898
9.20382 9935 132.2097 1.326415 0.014428 0.000145
9.20563 9953 132.2604 1.325723 0.186072 0.001865
9.20754 9972 132.7394 1.329257 -0.121323 -0.001215
9.20934 9990 133.0751 1.331417 0.027585 0.000276
9.21124 10009 133.9019 1.338417 0.101409 0.001014
9.21304 10027 134.5002 1.343190 -0.123754 -0.001236
9.21493 10046 134.1123 1.338049 -0.075121 -0.000749
9.21682 10065 134.1091 1.336753 0.015073 0.000150
9.21861 10083 133.4649 1.329144 0.137579 0.001370
9.22049 10102 134.4586 1.337781 -0.101692 -0.001012
9.22237 10121 134.1448 1.333405 -0.083447 -0.000829
9.22424 10140 134.3623 1.334316 0.116763 0.001160
9.22612 10159 134.5824 1.335251 0.064665 0.000642
9.22789 10177 134.4363 1.332621 -0.051921 -0.000515
9.22975 10196 134.7044 1.334034 0.016251 0.000161
9.23161 10215 135.5921 1.341575 0.077895 0.000771
9.23347 10234 135.9221 1.343592 0.054689 0.000541
9.23533 10253 135.7928 1.341070 0.093973 0.000928
9.23718 10272 135.9182 1.341066 -0.027986 -0.000276
9.23903 10291 135.6036 1.336726 -0.182851 -0.001802
9.24097 10311 136.6988 1.346215 -0.003431 -0.000034
9.24281 10330 138.0085 1.357862 0.047310 0.000465
9.24465 10349 137.7993 1.354559 0.036544 0.000359
9.24648 10368 138.8048 1.363191 0.098669 0.000969
9.24831 10387 138.8151 1.362046 -0.099732 -0.000979
9.25023 10407 138.6425 1.359044 -0.104296 -0.001022
9.25206 10426 139.4273 1.365491 0.011195 0.000110
9.25388 10445 140.9869 1.379509 -0.047528 -0.000465
9.25579 10465 141.4839 1.383049 0.009065 0.000089
9.25761 10484 143.1341 1.397911 0.117911 0.001152
9.25951 10504 143.4118 1.399289 0.114033 0.001113
9.26132 10523 143.5704 1.399572 0.099747 0.000972
9.26322 10543 143.7115 1.399618 0.011180 0.000109
9.26502 10562 143.9053 1.400244 -0.093214 -0.000907
9.26691 10582 144.0481 1.400308 0.010119 0.000098
9.26880 10602 144.7061 1.405377 -0.043373 -0.000421
9.27059 10621 144.6842 1.403907 -0.072793 -0.000706
9.27247 10641 144.8750 1.404437 -0.033930 -0.000329
9.27435 10661 144.6308 1.400753 -0.045761 -0.000443
9.27622 10681 145.9317 1.412029 -0.027111 -0.000262
9.27809 10701 146.6107 1.417273 0.068549 0.000663
9.27987 10720 148.7181 1.436371 -0.002600 -0.000025
9.28173 10740 148.8282 1.436095 0.044036 0.000425
9.28359 10760 149.6930 1.443097 -0.006718 -0.000065
9.28545 10780 149.4707 1.439616 -0.018405 -0.000177
9.28730 10800 148.4778 1.428728 -0.005953 -0.000057
9.28915 10820 148.5357 1.427964 0.023945 0.000230
9.29100 10840 148.2854 1.424242 -0.001218 -0.000012
9.29293 10861 149.3019 1.432618 -0.039093 -0.000375
9.29477 10881 148.5726 1.424309 -0.049633 -0.000476
9.29661 10901 148.8655 1.425808 -0.032179 -0.000308
9.29844 10921 148.1723 1.417868 -0.010255 -0.000098
9.30036 10942 146.8179 1.403559 -0.014112 -0.000135
9.30219 10962 148.2519 1.415974 -0.095143 -0.000909
9.30401 10982 150.0210 1.431566 -0.081314 -0.000776
9.30592 11003 150.1437 1.431369 0.089082 0.000849
9.30774 11023 151.7764 1.445620 0.041736 0.000398
9.30964 11044 150.6270 1.433309 0.131323 0.001250
9.31145 11064 153.0357 1.454911 0.077348 0.000735
9.31335 11085 153.3470 1.456490 0.115180 0.001094
9.31515 11105 154.1320 1.462626 0.008201 0.000078
9.31704 11126 152.8013 1.448630 -0.053418 -0.000506
9.31893 11147 152.8604 1.447825 -0.141569 -0.001341
9.32072 11167 152.5818 1.443891 -0.082764 -0.000783
9.32260 11188 152.5639 1.442366 0.014047 0.000133
9.32447 11209 153.0772 1.445863 0.035326 0.000334
9.32634 11230 153.5880 1.449330 0.059484 0.000561
9.32812 11250 153.8809 1.450803 0.030256 0.000285
9.32999 11271 154.0703 1.451235 -0.025508 -0.000240
9.33185 11292 154.8784 1.457489 -0.139763 -0.001315
9.33371 11313 155.5272 1.462236 0.097260 0.000914
9.33556 11334 154.9420 1.455384 0.009722 0.000091
9.33741 11355 156.2515 1.466326 0.072995 0.000685
9.33926 11376 156.1139 1.463682 -0.109978 -0.001031
9.34119 11398 156.1501 1.462608 0.085300 0.000799
9.34303 11419 156.2634 1.462322 0.042974 0.000402
9.34487 11440 158.0209 1.477411 -0.002590 -0.000024
9.34671 11461 158.3277 1.478924 0.007429 0.000069
9.34862 11483 158.7162 1.481131 0.154754 0.001444
9.35045 11504 158.1147 1.474171 0.074448 0.000694
9.35227 11525 158.5362 1.476753 0.026546 0.000247
9.35418 11547 158.0425 1.470751 -0.078611 -0.000732
9.35600 11568 157.3045 1.462555 0.220881 0.002054
9.35790 11590 158.9686 1.476623 0.095143 0.000884
9.35971 11611 158.1919 1.468079 -0.011969 -0.000111
9.36160 11633 157.3678 1.459049 0.093483 0.000867
9.36340 11654 156.8393 1.452839 0.035693 0.000331
9.36529 11676 157.3940 1.456602 -0.129502 -0.001198
9.36717 11698 158.1296 1.462033 0.045693 0.000422
9.36897 11719 158.1898 1.461280 -0.090262 -0.000834
9.37084 11741 158.2879 1.460815 -0.032414 -0.000299
9.37271 11763 158.9802 1.465832 0.034781 0.000321
9.37458 11785 159.2683 1.467116 0.004110 0.000038
9.37645 11807 158.7653 1.461120 -0.098127 -0.000903
9.37831 11829 157.2509 1.445836 0.013341 0.000123
9.38017 11851 156.8586 1.440890 -0.067560 -0.000621
9.38202 11873 157.4492 1.444975 0.003922 0.000036
9.38387 11895 156.8792 1.438411 -0.011115 -0.000102
9.38572 11917 159.1817 1.458175 -0.083117 -0.000761
9.38757 11939 159.3579 1.458443 -0.038042 -0.000348
9.38941 11961 159.8482 1.461585 -0.010633 -0.000097
9.39124 11983 158.8213 1.450861 0.055364 0.000506
9.39316 12006 157.8430 1.440543 -0.021959 -0.000200
9.39499 12028 157.8241 1.439052 0.056221 0.000513
9.39682 12050 157.5679 1.435404 -0.026484 -0.000241
9.39873 12073 159.2732 1.449557 0.080625 0.000734
9.40055 12095 160.8394 1.462478 -0.002311 -0.000021
9.40245 12118 162.2169 1.473604 0.160458 0.001458
9.40426 12140 163.1793 1.481003 0.004097 0.000037
9.40615 12163 163.4673 1.482213 0.204274 0.001852
9.40796 12185 163.7612 1.483537 0.053982 0.000489
9.40985 12208 164.1770 1.485901 0.202546 0.001833
9.41173 12231 165.2067 1.493814 0.028056 0.000254
9.41353 12253 165.6877 1.496818 0.198155 0.001790
9.41540 12276 166.1094 1.499221 -0.065694 -0.000593
9.41727 12299 166.2102 1.498728 0.105363 0.000950
9.41914 12322 166.6335 1.501142 -0.052091 -0.000469
9.42101 12345 166.8639 1.501816 0.002236 0.000020
9.42287 12368 166.1504 1.494003 0.070166 0.000631
9.42464 12390 166.8789 1.499221 0.042577 0.000383
9.42658 12414 166.1037 1.490814 -0.030832 -0.000277
9.42843 12437 167.5165 1.502103 0.036192 0.000325
9.43028 12460 169.0324 1.514297 0.057326 0.000514
9.43212 12483 168.7329 1.510220 0.155496 0.001392
9.43396 12506 169.5746 1.516358 0.079061 0.000707
9.43580 12529 169.4860 1.514173 0.121142 0.001082
9.43771 12553 169.3459 1.511475 0.099273 0.000886
9.43955 12576 170.0978 1.516797 -0.030216 -0.000269
9.44137 12599 170.4353 1.518419 0.037857 0.000337
9.44328 12623 170.0316 1.513381 0.053684 0.000478
9.44510 12646 170.2096 1.513587 0.020040 0.000178
9.44699 12670 170.4480 1.514271 0.027130 0.000241
9.44881 12693 172.3018 1.529353 0.135860 0.001206
9.45069 12717 171.1864 1.518018 -0.047682 -0.000423
9.45250 12740 170.5369 1.510893 -0.048885 -0.000433
9.45438 12764 171.6350 1.519191 0.138345 0.001225
9.45626 12788 172.2403 1.523118 0.038576 0.000341
9.45806 12811 173.1904 1.530144 0.083800 0.000740
9.45993 12835 172.8677 1.525864 -0.004323 -0.000038
9.46180 12859 173.5842 1.530758 0.108103 0.000953
9.46366 12883 173.8842 1.531975 0.085075 0.000750
9.46553 12907 174.4956 1.535931 -0.053039 -0.000467
9.46738 12931 174.9356 1.538375 -0.016243 -0.000143
9.46924 12955 174.1267 1.529842 0.041657 0.000366
9.47109 12979 175.5076 1.540549 0.153885 0.001351
9.47294 13003 176.3812 1.546787 0.136205 0.001194
9.47478 13027 177.0917 1.551586 -0.067128 -0.000588
9.47662 13051 178.4641 1.562173 -0.085705 -0.000750
9.47853 13076 178.6072 1.561930 -0.023467 -0.000205
9.48037 13100 178.6115 1.560536 -0.023059 -0.000201
9.48220 13124 178.9078 1.561695 -0.006400 -0.000056
9.48410 13149 178.3807 1.555613 0.079753 0.000696
9.48592 13173 179.6068 1.564877 0.048026 0.000418
9.48782 13198 180.8550 1.574260 0.151985 0.001323
9.48964 13222 183.0322 1.591765 -0.021927 -0.000191
9.49153 13247 183.6369 1.595516 -0.127061 -0.001104
9.49334 13271 183.4446 1.592403 -0.098966 -0.000859
9.49522 13296 184.0228 1.595920 -0.036807 -0.000319
9.49710 13321 182.2170 1.578776 0.002110 0.000018
9.49890 13345 182.5130 1.579918 -0.014674 -0.000127
9.50077 13370 184.7656 1.597922 0.038496 0.000333
9.50264 13395 186.5076 1.611481 0.014468 0.000125
9.50450 13420 187.0350 1.614532 -0.056660 -0.000489
9.50636 13445 187.1054 1.613637 -0.066857 -0.000577
9.50822 13470 187.2461 1.613351 -0.084909 -0.000732
9.51007 13495 187.7220 1.615953 0.148432 0.001278
9.51193 13520 189.0718 1.626067 -0.022352 -0.000192
9.51377 13545 189.3631 1.627069 -0.009405 -0.000081
9.51562 13570 188.4719 1.617918 0.044094 0.000379
9.51746 13595 189.8803 1.628509 -0.007651 -0.000066
9.51937 13621 191.0037 1.636580 -0.030132 -0.000258
9.52120 13646 191.4985 1.639316 -0.096361 -0.000825
9.52303 13671 191.4934 1.637772 -0.028802 -0.000246
9.52493 13697 191.1476 1.633263 -0.097135 -0.000830
9.52676 13722 193.0334 1.647873 -0.121769 -0.001040
9.52865 13748 193.0470 1.646430 0.145380 0.001240
9.53047 13773 192.9914 1.644461 0.065022 0.000554
9.53235 13799 193.9196 1.650813 0.041596 0.000354
9.53416 13824 193.9361 1.649460 0.084138 0.000716
9.53604 13850 195.2312 1.658916 0.029153 0.000248
9.53792 13876 195.5512 1.660078 -0.128775 -0.001093
9.53979 13902 196.5748 1.667206 -0.069119 -0.000586
9.54166 13928 195.4309 1.655956 0.111218 0.000942
9.54345 13953 196.0213 1.659470 0.069048 0.000585
9.54531 13979 196.0829 1.658447 0.057070 0.000483
9.54717 14005 196.6834 1.661981 0.016868 0.000143
9.54902 14031 195.9101 1.653912 -0.108062 -0.000912
9.55088 14057 195.6367 1.650077 -0.053028 -0.000447
9.55272 14083 195.7487 1.649496 0.112049 0.000944
9.55464 14110 197.7551 1.664808 0.072091 0.000607
9.55648 14136 198.7944 1.672018 -0.013820 -0.000116
9.55832 14162 199.2710 1.674487 -0.112244 -0.000943
9.56015 14188 198.8637 1.669533 0.184546 0.001549
9.56205 14215 198.9199 1.668417 -0.002808 -0.000024
9.56388 14241 199.8543 1.674724 0.047674 0.000399
9.56577 14268 200.8999 1.681892 0.142363 0.001192
9.56760 14294 202.1792 1.691062 -0.040449 -0.000338
9.56948 14321 200.1815 1.672774 -0.101590 -0.000849
9.57130 14347 200.7299 1.675836 -0.099855 -0.000834
9.57318 14374 200.7497 1.674427 0.131714 0.001099
9.57505 14401 202.4091 1.686684 -0.045658 -0.000380
9.57686 14427 202.2396 1.683753 -0.157712 -0.001313
9.57873 14454 202.9175 1.687818 0.094289 0.000784
9.58059 14481 200.9339 1.669760 -0.044899 -0.000373
9.58246 14508 203.3358 1.688147 0.087384 0.000725
9.58431 14535 203.3876 1.687007 -0.012543 -0.000104
9.58617 14562 204.4655 1.694375 0.038240 0.000317
9.58802 14589 206.6326 1.710748 -0.019386 -0.000160
9.58987 14616 207.3673 1.715245 0.074459 0.000616
9.59172 14643 208.6644 1.724381 0.061294 0.000507
9.59356 14670 208.8848 1.724614 0.071583 0.000591
9.59547 14698 209.9384 1.731661 0.113451 0.000936
9.59730 14725 211.5162 1.743074 -0.014445 -0.000119
9.59913 14752 211.4650 1.741057 -0.080369 -0.000662
9.60103 14780 211.4374 1.739180 0.036296 0.000299
9.60286 14807 211.3553 1.736919 -0.030002 -0.000247
9.60474 14835 211.4251 1.735853 0.088522 0.000727
9.60656 14862 211.7500 1.736940 -0.094328 -0.000774
9.60845 14890 212.3102 1.739897 0.094263 0.000772
9.61032 14918 212.8957 1.743057 0.150276 0.001230
9.61213 14945 214.4718 1.754375 0.011073 0.000091
9.61400 14973 214.0700 1.749450 0.076958 0.000629
9.61587 15001 215.8162 1.762073 -0.023460 -0.000192
9.61774 15029 216.5145 1.766127 0.036176 0.000295
9.61960 15057 216.6445 1.765544 -0.021869 -0.000178
9.62146 15085 216.3522 1.761525 -0.010875 -0.000089
9.62331 15113 216.5210 1.761265 0.130745 0.001064
9.62516 15141 217.7791 1.769860 -0.040271 -0.000327
9.62701 15169 218.4180 1.773413 0.033754 0.000274
9.62885 15197 217.2453 1.762266 -0.114520 -0.000929
9.63069 15225 218.3857 1.769887 0.053503 0.000434
9.63260 15254 218.3030 1.767534 0.108049 0.000875
9.63443 15282 221.1068 1.788595 -0.110559 -0.000894
9.63626 15310 220.5017 1.782068 0.062717 0.000507
9.63815 15339 220.9679 1.784147 0.031307 0.000253
9.63998 15367 222.0004 1.790850 -0.062126 -0.000501
9.64186 15396 222.4287 1.792614 0.075778 0.000611
9.64368 15424 223.6346 1.800696 -0.049695 -0.000400
9.64556 15453 224.1120 1.802847 0.105357 0.000848
9.64743 15482 224.5728 1.804860 -0.092032 -0.000740
9.64930 15511 223.9096 1.797848 -0.085622 -0.000687
9.65111 15539 224.5265 1.801176 0.055242 0.000443
9.65297 15568 224.9113 1.802582 0.061517 0.000493
9.65483 15597 224.7214 1.799384 -0.077881 -0.000624
9.65669 15626 225.8926 1.807083 -0.179766 -0.001438
9.65855 15655 227.0777 1.814880 -0.021424 -0.000171
9.66040 15684 228.0901 1.821285 0.115608 0.000923
9.66224 15713 228.5721 1.823449 -0.006975 -0.000056
9.66415 15743 226.8715 1.808157 0.031465 0.000251
9.66599 15772 226.9445 1.807076 -0.014049 -0.000112
9.66783 15801 226.9493 1.805455 -0.078518 -0.000625
9.66973 15831 227.3495 1.806924 -0.008996 -0.000071
9.67156 15860 226.2570 1.796596 0.050110 0.000398
9.67338 15889 226.5043 1.796918 0.044543 0.000353
9.67527 15919 226.9395 1.798673 0.064062 0.000508
9.67709 15948 227.5418 1.801806 0.084437 0.000669
9.67897 15978 228.9918 1.811585 0.136500 0.001080
9.68084 16008 230.5957 1.822563 0.136976 0.001083
9.68272 16038 231.3750 1.827012 0.159355 0.001258
9.68452 16067 232.5021 1.834254 -0.066823 -0.000527
9.68639 16097 233.2789 1.838667 -0.024233 -0.000191
9.68825 16127 233.4495 1.838299 -0.035179 -0.000277
9.69011 16157 232.4653 1.828849 -0.106836 -0.000841
9.69196 16187 232.8682 1.830320 -0.139766 -0.001099
9.69382 16217 233.2241 1.831421 -0.082730 -0.000650
9.69566 16247 232.1259 1.821113 -0.030324 -0.000238
9.69751 16277 232.0605 1.818922 -0.070456 -0.000552
9.69941 16308 233.2533 1.826533 0.027715 0.000217
9.70125 16338 233.0983 1.823642 0.057138 0.000447
9.70308 16368 233.8511 1.827855 0.033908 0.000265
9.70498 16399 233.4813 1.823239 0.026249 0.000205
9.70680 16429 233.7430 1.823615 0.003825 0.000030
9.70869 16460 234.7794 1.829974 -0.020030 -0.000156
9.71051 16490 235.8747 1.836839 0.017877 0.000139
9.71239 16521 236.9964 1.843842 -0.019932 -0.000155
9.71426 16552 236.8338 1.840850 -0.094219 -0.000732
9.71607 16582 238.1791 1.849631 -0.108072 -0.000839
9.71794 16613 239.5662 1.858666 0.040400 0.000313
9.71981 16644 241.0564 1.868486 0.003848 0.000030
9.72167 16675 241.8226 1.872681 0.061221 0.000474
9.72352 16706 240.9984 1.864567 0.059200 0.000458
9.72538 16737 242.9853 1.878197 -0.047091 -0.000364
9.72723 16768 243.0756 1.877157 0.054276 0.000419
9.72907 16799 243.4569 1.878367 -0.014747 -0.000114
9.73092 16830 245.2648 1.890572 0.024345 0.000188
9.73282 16862 246.6345 1.899325 -0.037944 -0.000292
9.73465 16893 245.4700 1.888622 0.106705 0.000821
9.73649 16924 246.1792 1.892343 0.006491 0.000050
9.73838 16956 246.1051 1.889987 -0.084830 -0.000651
9.74020 16987 246.0704 1.887996 -0.146227 -0.001122
9.74209 17019 245.4099 1.881157 0.045720 0.000350
9.74396 17051 247.1971 1.893078 -0.077287 -0.000592
9.74578 17082 246.6024 1.886809 -0.041531 -0.000318
9.74765 17114 247.4038 1.891170 0.081997 0.000627
9.74952 17146 246.5100 1.882579 -0.013869 -0.000106
9.75138 17178 246.2182 1.878598 0.244668 0.001867
9.75325 17210 246.4107 1.878318 -0.071329 -0.000544
9.75510 17242 245.8324 1.872170 -0.146486 -0.001116
9.75696 17274 244.7999 1.862579 0.029266 0.000223
9.75881 17306 246.0414 1.870294 -0.047543 -0.000361
9.76066 17338 244.9723 1.860448 0.063757 0.000484
9.76250 17370 244.9570 1.858618 0.065900 0.000500
9.76434 17402 246.3337 1.867344 -0.013472 -0.000102
9.76623 17435 247.9728 1.877989 0.062723 0.000475
9.76807 17467 248.3265 1.878944 -0.057381 -0.000434
9.76990 17499 248.4895 1.878458 0.047335 0.000358
9.77178 17532 250.0261 1.888294 -0.086031 -0.000650
9.77366 17565 249.2742 1.880846 0.086585 0.000653
9.77548 17597 250.5919 1.889069 -0.062217 -0.000469
9.77736 17630 251.0283 1.890586 0.078799 0.000593
9.77923 17663 250.2358 1.882856 0.145292 0.001093
9.78104 17695 249.7950 1.877839 0.041640 0.000313
9.78290 17728 249.4719 1.873664 0.179039 0.001345
9.78476 17761 251.8945 1.890101 0.036986 0.000278
9.78662 17794 251.5801 1.885991 0.069370 0.000520
9.78847 17827 252.8461 1.893726 -0.017115 -0.000128
9.79032 17860 253.6037 1.897644 0.052244 0.000391
9.79222 17894 253.8447 1.897643 0.141555 0.001058
9.79406 17927 254.5624 1.901255 -0.038646 -0.000289
9.79590 17960 255.1815 1.904127 0.108810 0.000812
9.79779 17994 256.7782 1.914231 0.088566 0.000660
9.79963 18027 256.5687 1.910918 -0.101043 -0.000753
9.80145 18060 257.0553 1.912791 0.005294 0.000039
9.80334 18094 256.8246 1.909279 0.137973 0.001026
9.80521 18128 257.8676 1.915234 0.109739 0.000815
9.80703 18161 256.7932 1.905520 -0.065036 -0.000483
9.80890 18195 258.9411 1.919663 -0.021634 -0.000160
9.81077 18229 258.1287 1.911855 0.039278 0.000291
9.81263 18263 258.1522 1.910248 0.066667 0.000493
9.81449 18297 259.1343 1.915733 -0.096246 -0.000712
9.81635 18331 260.4409 1.923606 -0.036584 -0.000270
9.81820 18365 260.1159 1.919426 -0.083298 -0.000615
9.82005 18399 257.9796 1.901903 0.105534 0.000778
9.82190 18433 258.1946 1.901731 0.046842 0.000345
9.82374 18467 258.0629 1.899011 -0.061370 -0.000452
9.82563 18502 257.1980 1.890855 -0.116692 -0.000858
9.82747 18536 258.8746 1.901435 -0.052835 -0.000388
9.82930 18570 258.8669 1.899637 -0.048799 -0.000358
9.83119 18605 258.0652 1.891971 -0.065286 -0.000479
9.83301 18639 257.5218 1.886265 -0.003014 -0.000022
9.83489 18674 256.6094 1.877819 0.138544 0.001014
9.83676 18709 257.6188 1.883442 0.112237 0.000821
9.83863 18744 259.4571 1.895110 0.170022 0.001242
9.84044 18778 258.4062 1.885725 0.066483 0.000485
9.84230 18813 259.3928 1.891163 0.081702 0.000596
9.84416 18848 260.8457 1.899989 0.024420 0.000178
9.84602 18883 261.0249 1.899531 0.195002 0.001419
9.84787 18918 260.9591 1.897295 0.178718 0.001299
9.84972 18953 262.8400 1.909204 0.138924 0.001009
9.85162 18989 262.3344 1.903725 -0.022295 -0.000162
9.85346 19024 261.3323 1.894708 -0.001932 -0.000014
9.85529 19059 262.7894 1.903522 0.104166 0.000755
9.85718 19095 264.8599 1.916710 -0.006254 -0.000045
9.85901 19130 266.9647 1.930173 -0.007631 -0.000055
9.86089 19166 267.0479 1.928961 -0.035849 -0.000259
9.86272 19201 267.9677 1.933840 -0.024691 -0.000178
9.86459 19237 268.4305 1.935367 -0.045469 -0.000328
9.86646 19273 268.0178 1.930585 0.085260 0.000614
9.86833 19309 269.5780 1.940013 0.000532 0.000004
9.87014 19344 269.7284 1.939338 0.038237 0.000275
9.87200 19380 268.4842 1.928599 0.002187 0.000016
9.87385 19416 268.9241 1.929967 -0.047371 -0.000340
9.87571 19452 268.3272 1.923900 -0.123196 -0.000883
9.87761 19489 269.8380 1.932895 0.070829 0.000507
9.87945 19525 269.9585 1.931975 0.033725 0.000241
9.88129 19561 271.4283 1.940706 -0.061671 -0.000441
9.88313 19597 272.5155 1.946688 -0.117523 -0.000840
9.88502 19634 272.8896 1.947523 0.082631 0.000590
9.88685 19670 275.2063 1.962259 -0.045405 -0.000324
9.88873 19707 278.6335 1.984829 -0.117170 -0.000835
9.89055 19743 278.9192 1.985052 0.071614 0.000510
9.89243 19780 280.3473 1.993348 0.003335 0.000024
9.89430 19817 280.3789 1.991711 -0.059768 -0.000425
9.89616 19854 280.6062 1.991468 0.045941 0.000326
9.89802 19891 280.9361 1.991953 -0.022288 -0.000158
9.89988 19928 282.4070 2.000523 0.132766 0.000940
9.90174 19965 283.9834 2.009825 -0.056947 -0.000403
9.90359 20002 284.9745 2.014973 -0.085967 -0.000608
9.90544 20039 286.9599 2.027137 0.129021 0.000911
9.90728 20076 288.2149 2.034126 -0.006281 -0.000044
9.90912 20113 288.3646 2.033309 0.036207 0.000255
9.91101 20151 289.9793 2.042767 -0.098534 -0.000694
9.91284 20188 290.8201 2.046811 0.161477 0.001136
9.91472 20226 291.4095 2.049032 -0.003037 -0.000021
9.91655 20263 291.6896 2.049128 0.090721 0.000637
9.91843 20301 292.8455 2.055322 -0.134056 -0.000941
9.92030 20339 294.0397 2.061775 0.025635 0.000180
9.92211 20376 294.8076 2.065282 0.004108 0.000029
9.92398 20414 296.3879 2.074419 0.040214 0.000281
9.92584 20452 296.4863 2.073179 -0.108558 -0.000759
9.92769 20490 297.5155 2.078446 0.016862 0.000118
9.92955 20528 297.5093 2.076477 0.049824 0.000348
9.93139 20566 299.2620 2.086780 0.027691 0.000193
9.93329 20605 300.7973 2.095500 0.035768 0.000249
9.93513 20643 300.0432 2.088321 0.099949 0.000696
9.93697 20681 302.5717 2.103984 0.029052 0.000202
9.93885 20720 303.8773 2.111074 0.116972 0.000813
9.94069 20758 302.4831 2.099463 0.101995 0.000708
9.94256 20797 302.6259 2.098484 -0.068301 -0.000474
9.94439 20835 303.5158 2.102735 0.018591 0.000129
9.94626 20874 303.4834 2.100545 0.047342 0.000328
9.94813 20913 302.7192 2.093302 -0.011243 -0.000078
9.94999 20952 304.7035 2.105061 -0.033755 -0.000233
9.95185 20991 305.6551 2.109673 -0.061457 -0.000424
9.95371 21030 306.6139 2.114327 0.070384 0.000485
9.95556 21069 307.7501 2.120197 0.030955 0.000213
9.95741 21108 307.1999 2.114450 0.134018 0.000922
9.95925 21147 307.1442 2.112117 -0.098214 -0.000675
9.96110 21186 306.5138 2.105841 -0.064421 -0.000443
9.96298 21226 305.6282 2.097777 0.077129 0.000529
9.96482 21265 307.5631 2.109121 -0.033625 -0.000231
9.96670 21305 309.8714 2.122955 0.043517 0.000298
9.96853 21344 310.3916 2.124575 0.030666 0.000210
9.97040 21384 310.2144 2.121375 0.094582 0.000647
9.97227 21424 309.7112 2.115956 -0.031805 -0.000217
9.97409 21463 309.6616 2.113694 0.114718 0.000783
9.97595 21503 311.5900 2.124878 0.183487 0.001251
9.97781 21543 310.8040 2.117549 0.012154 0.000083
9.97966 21583 312.5940 2.127770 0.182676 0.001243
9.98151 21623 313.2780 2.130453 0.115607 0.000786
9.98336 21663 314.5056 2.136826 0.111882 0.000760
9.98525 21704 315.0992 2.138836 0.097940 0.000665
9.98709 21744 317.5893 2.153754 0.062914 0.000427
9.98893 21784 318.7037 2.159326 0.032651 0.000221
9.99081 21825 318.3748 2.155071 -0.029599 -0.000200
9.99264 21865 320.0480 2.164414 0.068950 0.000466
9.99452 21906 320.9625 2.168566 -0.058015 -0.000392
9.99639 21947 321.2129 2.168230 -0.139926 -0.000945
9.99825 21988 323.8713 2.184135 0.137997 0.000931
10.00007 22028 326.2911 2.198455 0.072397 0.000488
10.00193 22069 326.9862 2.201092 0.024418 0.000164
10.00379 22110 328.4255 2.208729 0.073819 0.000496
10.00564 22151 329.1729 2.211706 -0.031448 -0.000211
10.00753 22193 329.1110 2.209196 0.096759 0.000650
10.00938 22234 330.8113 2.218562 0.102973 0.000691
10.01122 22275 330.3484 2.213418 -0.043604 -0.000292
10.01306 22316 330.5968 2.213046 0.032864 0.000220
10.01494 22358 329.2517 2.201970 0.146388 0.000979
10.01677 22399 330.4396 2.207892 0.058272 0.000389
10.01864 22441 330.5971 2.206876 -0.019450 -0.000130
10.02051 22483 332.0985 2.214827 0.212684 0.001418
10.02238 22525 334.2751 2.227264 0.027388 0.000182
10.02420 22566 335.2821 2.231943 -0.069096 -0.000460
10.02606 22608 335.8382 2.233567 0.134225 0.000893
10.02792 22650 337.3340 2.241434 0.056001 0.000372
10.02977 22692 335.7007 2.228517 -0.128318 -0.000852
10.03166 22735 338.2804 2.243517 0.043832 0.000291
10.03351 22777 338.6727 2.244047 -0.040646 -0.000269
10.03535 22819 340.1171 2.251543 -0.066506 -0.000440
10.03723 22862 340.4066 2.251339 -0.121071 -0.000801
10.03907 22904 341.2237 2.254673 0.037307 0.000247
10.04094 22947 343.2709 2.266074 -0.069150 -0.000456
10.04277 22989 344.7553 2.273793 0.022475 0.000148
10.04464 23032 346.5067 2.283210 -0.070535 -0.000465
10.04651 23075 345.8871 2.277003 0.032461 0.000214
10.04837 23118 345.4940 2.272299 0.133704 0.000879
10.05023 23161 346.6634 2.277872 -0.115256 -0.000757
10.05208 23204 348.4357 2.287395 0.026709 0.000175
10.05393 23247 350.2956 2.297478 -0.075566 -0.000496
10.05578 23290 350.2376 2.294975 -0.003558 -0.000023
10.05762 23333 348.8544 2.283804 0.054182 0.000355
10.05947 23376 349.9423 2.288818 -0.067848 -0.000444
10.06135 23420 352.6160 2.304138 0.010935 0.000071
10.06318 23463 353.7737 2.309584 0.122508 0.000800
10.06505 23507 355.0465 2.315723 -0.001260 -0.000008
10.06692 23551 355.1446 2.314198 -0.022062 -0.000144
10.06875 23594 357.6713 2.328538 0.001860 0.000012
10.07061 23638 357.9881 2.328430 0.161988 0.001054
10.07247 23682 360.2056 2.340676 -0.094714 -0.000615
10.07433 23726 361.9212 2.349642 0.039975 0.000260
10.07618 23770 361.2223 2.342934 0.015012 0.000097
10.07803 23814 362.1092 2.346515 0.065656 0.000425
10.07992 23859 360.1133 2.331380 0.069281 0.000449
10.08176 23903 358.7114 2.320165 0.099969 0.000647
10.08360 23947 360.6831 2.330775 -0.032037 -0.000207
10.08548 23992 359.2242 2.319169 -0.068752 -0.000444
10.08731 24036 358.8303 2.314504 -0.045497 -0.000293
10.08918 24081 361.2216 2.327751 0.045691 0.000294
10.09105 24126 360.4371 2.320528 -0.040518 -0.000261
10.09291 24171 360.2787 2.317348 -0.019343 -0.000124
10.09477 24216 360.5667 2.317045 -0.032033 -0.000206
10.09663 24261 361.4834 2.320780 -0.097678 -0.000627
10.09848 24306 362.1177 2.322699 0.041539 0.000266
10.10033 24351 361.4953 2.316564 -0.049757 -0.000319
10.10217 24396 363.2886 2.325908 -0.041842 -0.000268
10.10402 24441 365.5544 2.338259 -0.046405 -0.000297
10.10590 24487 364.1601 2.327151 -0.123401 -0.000789
10.10773 24532 365.5451 2.333858 -0.068209 -0.000435
10.10961 24578 365.2952 2.330079 0.043554 0.000278
10.11148 24624 364.3098 2.321622 0.066110 0.000421
10.11330 24669 367.7022 2.341103 0.075720 0.000482
10.11517 24715 368.0837 2.341350 0.065940 0.000419
10.11703 24761 368.9179 2.344475 0.019685 0.000125
10.11888 24807 370.1862 2.350353 -0.077720 -0.000493
10.12073 24853 371.2711 2.355058 0.142937 0.000907
10.12258 24899 371.8502 2.356552 0.005756 0.000036
10.12447 24946 372.6407 2.359336 0.006559 0.000042
10.12631 24992 374.0756 2.366240 -0.110665 -0.000700
10.12815 25038 372.2306 2.352406 0.060233 0.000381
10.13003 25085 374.0898 2.361940 -0.002080 -0.000013
10.13186 25131 376.4264 2.374517 -0.018635 -0.000118
10.13373 25178 376.7967 2.374633 0.170425 0.001074
10.13559 25225 377.8852 2.379273 -0.005067 -0.000032
10.13745 25272 377.0490 2.371800 -0.056318 -0.000354
10.13931 25319 378.2383 2.377071 0.135125 0.000849
10.14116 25366 380.2165 2.387289 0.010200 0.000064
10.14302 25413 381.1341 2.390836 0.138895 0.000871
10.14486 25460 382.1303 2.394872 0.040920 0.000256
10.14671 25507 381.7295 2.390155 -0.048508 -0.000304
10.14859 25555 381.7668 2.388142 0.037037 0.000232
10.15043 25602 383.7223 2.398171 -0.159355 -0.000996
10.15230 25650 384.3014 2.399541 0.040176 0.000251
10.15413 25697 384.0431 2.395735 -0.086922 -0.000542
10.15600 25745 385.4154 2.402053 -0.094996 -0.000592
10.15786 25793 387.2680 2.411353 0.108781 0.000677
10.15972 25841 388.5413 2.417032 -0.048588 -0.000302
10.16157 25889 388.7765 2.416253 -0.003294 -0.000020
10.16343 25937 388.5869 2.412838 0.010051 0.000062
10.16527 25985 389.5997 2.416892 0.074757 0.000464
10.16716 26034 390.3062 2.418995 0.059949 0.000372
10.16900 26082 391.7989 2.426011 -0.071545 -0.000443
10.17084 26130 390.9212 2.418352 -0.016699 -0.000103
10.17271 26179 390.1360 2.411235 0.089092 0.000551
10.17458 26228 393.5292 2.429934 0.090371 0.000558
10.17641 26276 394.6402 2.434567 -0.000155 -0.000001
10.17827 26325 398.1208 2.453752 -0.033138 -0.000204
10.18013 26374 396.1107 2.439094 0.080921 0.000498
10.18199 26423 396.3407 2.438246 0.098956 0.000609
10.18384 26472 396.8421 2.439071 -0.160448 -0.000986
10.18569 26521 396.8994 2.437168 -0.085648 -0.000526
10.18758 26571 398.4387 2.444317 -0.069364 -0.000426
10.18942 26620 398.4201 2.441953 0.023415 0.000144
10.19126 26669 398.3421 2.439230 -0.000630 -0.000004
10.19313 26719 399.1224 2.441721 0.078984 0.000483
10.19500 26769 399.9215 2.444323 0.014943 0.000091
10.19683 26818 401.7839 2.453462 0.121958 0.000745
10.19869 26868 402.6728 2.456601 0.118609 0.000724
10.20055 26918 404.4114 2.464915 0.119796 0.000730
10.20241 26968 404.9402 2.465849 0.109886 0.000669
10.20426 27018 407.6208 2.479875 0.027570 0.000168
10.20611 27068 407.4488 2.476538 0.109124 0.000663
10.20799 27119 409.0181 2.483738 0.026381 0.000160
10.20983 27169 408.9393 2.480973 0.014621 0.000089
10.21167 27219 408.0401 2.473243 -0.033327 -0.000202
10.21354 27270 408.1116 2.471362 -0.031503 -0.000191
10.21541 27321 408.4874 2.471328 0.030643 0.000185
10.21724 27371 409.5807 2.475678 -0.088737 -0.000536
10.21910 27422 410.9437 2.481606 -0.086500 -0.000522
10.22096 27473 411.4555 2.482389 0.095183 0.000574
10.22281 27524 412.6462 2.487265 0.025980 0.000157
10.22466 27575 411.2871 2.476780 -0.030797 -0.000185
10.22655 27627 410.5124 2.469786 -0.202839 -0.001220
10.22839 27678 411.5278 2.473613 0.049673 0.000299
10.23023 27729 411.9046 2.473600 0.107347 0.000645
10.23211 27781 411.3708 2.468082 -0.080598 -0.000484
10.23398 27833 411.2817 2.465241 0.034065 0.000204
10.23581 27884 411.3315 2.463284 0.022052 0.000132
10.23767 27936 410.4388 2.455649 -0.052132 -0.000312
10.23953 27988 412.1365 2.463514 0.070542 0.000422
10.24139 28040 413.0799 2.466863 0.010896 0.000065
10.24324 28092 414.3116 2.471928 -0.038050 -0.000227
10.24509 28144 416.3108 2.481560 -0.024786 -0.000148
10.24697 28197 415.3306 2.473389 -0.071833 -0.000428
10.24881 28249 419.1182 2.493647 0.121778 0.000725
10.25065 28301 420.6432 2.500420 -0.012756 -0.000076
10.25252 28354 419.3535 2.490423 0.109092 0.000648
10.25439 28407 418.0119 2.480139 -0.081204 -0.000482
10.25622 28459 418.1043 2.478419 0.059965 0.000355
10.25808 28512 417.9334 2.475103 -0.050547 -0.000299
10.25994 28565 419.0012 2.479123 0.055801 0.000330
10.26179 28618 421.3338 2.490615 0.085211 0.000504
10.26368 28672 419.7198 2.478737 -0.132461 -0.000782
10.26552 28725 422.2409 2.491324 -0.008257 -0.000049
10.26737 28778 423.6419 2.497288 0.102545 0.000604
10.26924 28832 426.7693 2.513366 -0.073742 -0.000434
10.27108 28885 428.7467 2.522694 0.077786 0.000458
10.27295 28939 429.5516 2.525071 0.030506 0.000179
10.27481 28993 430.3255 2.527263 0.162519 0.000954
10.27667 29047 432.5279 2.537836 -0.042013 -0.000247
10.27849 29100 433.5439 2.541479 -0.026729 -0.000157
10.28038 29155 434.8346 2.546640 -0.057894 -0.000339
10.28223 29209 436.1850 2.552186 0.074823 0.000438
10.28408 29263 435.9752 2.548604 0.016186 0.000095
10.28592 29317 436.4322 2.548925 -0.062447 -0.000365
10.28780 29372 433.5502 2.529721 -0.097787 -0.000571
10.28963 29426 433.9241 2.529579 -0.051557 -0.000301
10.29150 29481 436.5736 2.542649 -0.065307 -0.000380
10.29337 29536 437.5531 2.545980 -0.074599 -0.000434
10.29523 29591 438.2133 2.547450 -0.038378 -0.000223
10.29708 29646 443.8542 2.577848 -0.025738 -0.000149
10.29894 29701 445.7714 2.586584 -0.091929 -0.000533
10.30079 29756 447.2801 2.592939 0.004157 0.000024
10.30263 29811 447.1198 2.589617 -0.016759 -0.000097
10.30451 29867 449.4650 2.600759 -0.052656 -0.000305
10.30635 29922 449.8344 2.600503 -0.052145 -0.000301
10.30822 29978 450.1080 2.599653 0.060004 0.000347
10.31005 30033 449.4130 2.593261 0.103334 0.000596
10.31191 30089 450.4166 2.596632 0.011605 0.000067
10.31377 30145 452.6778 2.607243 -0.028461 -0.000164
10.31563 30201 453.2966 2.608386 -0.022289 -0.000128
10.31748 30257 453.7074 2.608333 -0.090646 -0.000521
10.31933 30313 456.5088 2.622012 0.135990 0.000781
10.32121 30370 457.7726 2.626802 0.062041 0.000356
10.32305 30426 459.9503 2.636869 -0.041298 -0.000237
10.32492 30483 463.1111 2.652506 0.147173 0.000843
10.32676 30539 464.0001 2.655160 0.014303 0.000082
10.32862 30596 462.5428 2.644354 -0.079702 -0.000456
10.33049 30653 462.6625 2.642578 0.190977 0.001091
10.33234 30710 461.7795 2.635086 0.099045 0.000565
10.33420 30767 464.0340 2.645497 0.017990 0.000103
10.33605 30824 465.4200 2.650944 0.091067 0.000519
10.33790 30881 467.7361 2.661676 -0.047158 -0.000268
10.33977 30939 468.4556 2.663270 0.081115 0.000461
10.34161 30996 469.5014 2.666761 -0.061680 -0.000350
10.34348 31054 470.4340 2.669562 0.105499 0.000599
10.34532 31111 469.8989 2.664081 -0.100039 -0.000567
10.34718 31169 470.7666 2.666516 0.047601 0.000270
10.34904 31227 469.3707 2.656139 -0.055501 -0.000314
10.35089 31285 470.5831 2.660531 -0.054241 -0.000307
10.35275 31343 471.7206 2.664493 0.073699 0.000416
10.35463 31402 474.3911 2.677059 -0.126317 -0.000713
10.35647 31460 474.8087 2.676944 0.033445 0.000189
10.35831 31518 474.4325 2.672361 0.071687 0.000404
10.36018 31577 475.3178 2.674845 -0.027711 -0.000156
10.36205 31636 476.2397 2.677533 -0.050060 -0.000281
10.36388 31694 476.5892 2.677045 0.016429 0.000092
10.36574 31753 476.8936 2.676265 0.168418 0.000945
10.36760 31812 479.6054 2.688986 -0.060408 -0.000339
10.36945 31871 477.6490 2.675537 -0.074846 -0.000419
10.37130 31930 475.8905 2.663223 0.021890 0.000123
10.37318 31990 475.5694 2.658929 0.044615 0.000249
10.37502 32049 476.1489 2.659718 -0.041863 -0.000234
10.37689 32109 476.6039 2.659771 0.107672 0.000601
10.37873 32168 477.2290 2.660816 0.051752 0.000289
10.38059 32228 478.0898 2.663133 0.133330 0.000743
10.38245 32288 478.8047 2.664636 0.073784 0.000411
10.38431 32348 479.0471 2.663511 0.108366 0.000603
10.38616 32408 481.0610 2.672231 0.068884 0.000383
10.38801 32468 483.5659 2.683662 0.127282 0.000706
10.38989 32529 484.5548 2.686628 0.103050 0.000571
10.39173 32589 487.9552 2.702990 0.138486 0.000767
10.39360 32650 489.0101 2.706302 0.014578 0.000081
10.39544 32710 489.8155 2.708272 0.024616 0.000136
10.39730 32771 490.2407 2.708099 0.002436 0.000013
10.39916 32832 490.6215 2.707684 -0.100517 -0.000555
10.40102 32893 490.2375 2.703054 0.094447 0.000521
10.40287 32954 491.1523 2.705591 0.087994 0.000485
10.40472 33015 491.4238 2.704584 0.004535 0.000025
10.40659 33077 493.9496 2.715936 -0.089332 -0.000491
10.40844 33138 494.5589 2.716782 0.017310 0.000095
10.41031 33200 497.1047 2.728216 -0.047292 -0.000260
10.41214 33261 497.0433 2.725377 0.079547 0.000436
10.41400 33323 497.2770 2.724121 0.077012 0.000422
10.41586 33385 498.7229 2.729504 -0.029873 -0.000163
10.41772 33447 499.7957 2.732838 0.020773 0.000114
10.41957 33509 501.6882 2.740647 0.029572 0.000162
10.42142 33571 502.7766 2.744055 -0.027253 -0.000149
10.42329 33634 504.4953 2.750856 0.117238 0.000639
10.42513 33696 506.5266 2.759390 -0.080791 -0.000440
10.42700 33759 507.4287 2.761724 0.127740 0.000695
10.42887 33822 508.4393 2.764646 -0.074635 -0.000406
10.43073 33885 509.5857 2.768302 -0.063471 -0.000345
10.43256 33947 512.5121 2.781656 -0.091770 -0.000498
10.43444 34011 512.7037 2.780077 0.050227 0.000272
10.43629 34074 513.7213 2.783018 0.047855 0.000259
10.43814 34137 514.9329 2.787007 -0.097248 -0.000526
10.43998 34200 512.8489 2.773169 0.080128 0.000433
10.44185 34264 514.6596 2.780360 0.179750 0.000971
10.44372 34328 515.9285 2.784616 0.100289 0.000541
10.44555 34391 518.8235 2.797675 -0.003022 -0.000016
10.44741 34455 522.7669 2.816319 0.052687 0.000284
10.44927 34519 524.3066 2.821995 0.087791 0.000473
10.45112 34583 524.0951 2.818245 0.070492 0.000379
10.45300 34648 524.8689 2.819757 0.075609 0.000406
10.45484 34712 524.7853 2.816708 -0.003200 -0.000017
10.45671 34777 522.7160 2.802978 -0.090776 -0.000487
10.45855 34841 525.4307 2.814947 -0.019884 -0.000107
10.46041 34906 522.7255 2.797845 -0.094994 -0.000508
10.46227 34971 524.6047 2.805293 -0.102409 -0.000548
10.46413 35036 526.6772 2.813762 0.002513 0.000013
10.46598 35101 528.3675 2.820177 -0.007080 -0.000038
10.46783 35166 529.5155 2.823691 0.069156 0.000369
10.46968 35231 532.4779 2.836868 0.007878 0.000042
10.47155 35297 533.6624 2.840519 -0.105993 -0.000564
10.47339 35362 534.9743 2.844884 -0.083773 -0.000445
10.47526 35428 535.0802 2.842795 0.131267 0.000697
10.47712 35494 535.8708 2.844347 0.079594 0.000422
10.47898 35560 537.8759 2.852339 0.106082 0.000563
10.48083 35626 539.5216 2.858415 0.052884 0.000280
10.48268 35692 541.5460 2.866487 0.038670 0.000205
10.48453 35758 542.7607 2.870264 0.134807 0.000713
10.48640 35825 542.4087 2.865719 0.008226 0.000043
10.48824 35891 544.8087 2.875751 -0.039440 -0.000208
10.49011 35958 543.6672 2.867051 0.072280 0.000381
10.49197 36025 543.8881 2.865547 -0.031628 -0.000167
10.49383 36092 546.5946 2.877133 -0.037266 -0.000196
10.49568 36159 548.7640 2.885874 0.034003 0.000179
10.49753 36226 547.6073 2.877127 -0.052016 -0.000273
10.49938 36293 549.9827 2.886939 0.118817 0.000624
10.50125 36361 550.8229 2.888644 -0.088997 -0.000467
10.50309 36428 551.1881 2.887900 0.151731 0.000795
10.50496 36496 552.6326 2.892770 0.081602 0.000427
10.50682 36564 554.6217 2.900481 0.053998 0.000282
10.50868 36632 553.8328 2.893666 -0.016125 -0.000084
10.51053 36700 553.9347 2.891516 -0.017340 -0.000091
10.51238 36768 556.9880 2.904764 0.006631 0.000035
10.51423 36836 558.5154 2.910040 0.050139 0.000261
10.51610 36905 560.3410 2.916821 0.005726 0.000030
10.51794 36973 560.3009 2.913929 0.098359 0.000512
10.51981 37042 559.4935 2.907018 -0.109900 -0.000571
10.52167 37111 560.6738 2.910442 0.001134 0.000006
10.52353 37180 561.1529 2.910225 -0.010028 -0.000052
10.52538 37249 560.1950 2.902565 -0.006451 -0.000033
10.52723 37318 561.6045 2.907176 0.026068 0.000135
10.52908 37387 561.7779 2.905389 -0.066416 -0.000343
10.53095 37457 563.3671 2.910885 -0.096522 -0.000499
10.53279 37526 564.4527 2.913811 -0.131250 -0.000678
10.53465 37596 566.7321 2.922853 -0.013205 -0.000068
10.53651 37666 568.0952 2.927160 -0.058040 -0.000299
10.53837 37736 570.3782 2.936195 -0.043203 -0.000222
10.54022 37806 570.4797 2.933998 -0.026722 -0.000137
10.54207 37876 571.4818 2.936435 -0.043324 -0.000223
10.54395 37947 571.8814 2.935737 -0.085470 -0.000439
10.54579 38017 572.6125 2.936783 -0.058700 -0.000301
10.54765 38088 570.8835 2.925185 0.080590 0.000413
10.54952 38159 572.8943 2.932757 0.028322 0.000145
10.55135 38229 575.7521 2.944687 0.063084 0.000323
10.55323 38301 575.1569 2.938876 -0.081327 -0.000416
10.55508 38372 577.7512 2.949400 -0.165529 -0.000845
10.55693 38443 576.9838 2.942761 0.070090 0.000357
10.55878 38514 578.1627 2.946054 0.045135 0.000230
10.56064 38586 580.7269 2.956358 -0.005471 -0.000028
10.56251 38658 582.5035 2.962640 0.101561 0.000517
10.56434 38729 583.8269 2.966647 0.081886 0.000416
10.56620 38801 586.4306 2.977112 -0.055079 -0.000280
10.56806 38873 587.6009 2.980289 0.133668 0.000678
10.56993 38946 587.9449 2.979238 -0.093712 -0.000475
10.57178 39018 588.4047 2.978816 0.068002 0.000344
10.57365 39091 590.6966 2.987625 0.039044 0.000197
10.57549 39163 594.5515 3.004357 0.097320 0.000492
10.57735 39236 594.1452 2.999509 0.016572 0.000084
10.57921 39309 596.8435 3.010333 -0.011292 -0.000057
10.58106 39382 600.9843 3.028407 -0.023995 -0.000121
10.58292 39455 601.1285 3.026330 0.089332 0.000450
10.58476 39528 600.4833 3.020289 0.009981 0.000050
10.58663 39602 601.0705 3.020416 -0.084851 -0.000426
10.58848 39675 601.3672 3.019126 0.025629 0.000129
10.59034 39749 601.3055 3.016005 0.010003 0.000050
10.59220 39823 601.0791 3.012067 0.090491 0.000453
10.59406 39897 603.7364 3.022576 -0.069034 -0.000346
10.59591 39971 607.8614 3.040409 -0.006553 -0.000033
10.59776 40045 610.7780 3.052174 -0.009090 -0.000045
10.59963 40120 610.0792 3.045831 -0.037165 -0.000186
10.60147 40194 611.7652 3.051435 0.021258 0.000106
10.60334 40269 611.9247 3.049387 0.058364 0.000291
10.60520 40344 614.9354 3.061540 0.082328 0.000410
10.60706 40419 616.8809 3.068376 0.040012 0.000199
10.60891 40494 617.4719 3.068470 0.018463 0.000092
10.61076 40569 618.6216 3.071340 0.069980 0.000347
10.61261 40644 620.7410 3.079018 0.069191 0.000343
10.61447 40720 621.9577 3.082173 -0.001630 -0.000008
10.61634 40796 620.7457 3.073300 -0.041198 -0.000204
10.61818 40871 621.0758 3.072112 -0.081874 -0.000405
10.62003 40947 622.1828 3.074730 -0.064093 -0.000317
10.62189 41023 623.6050 3.078902 0.029049 0.000143
10.62376 41100 626.3385 3.089500 0.053955 0.000266
10.62561 41176 628.3307 3.096465 -0.070366 -0.000347
10.62745 41252 630.8532 3.106031 -0.057987 -0.000286
10.62932 41329 628.3028 3.090591 0.052762 0.000260
10.63118 41406 631.7382 3.104599 -0.001307 -0.000006
10.63304 41483 630.3602 3.094950 0.030306 0.000149
10.63489 41560 631.4498 3.097427 0.039504 0.000194
10.63674 41637 632.8860 3.101600 -0.118905 -0.000583
10.63859 41714 631.5003 3.091951 0.011056 0.000054
10.64046 41792 632.8676 3.095753 -0.072977 -0.000357
10.64232 41870 632.8562 3.092812 -0.045753 -0.000224
10.64416 41947 632.6934 3.089178 -0.038895 -0.000190
10.64602 42025 634.8141 3.096654 -0.044498 -0.000217
10.64787 42103 637.6333 3.107524 0.054091 0.000264
10.64975 42182 639.9845 3.116061 0.007597 0.000037
10.65160 42260 641.7793 3.121914 0.108827 0.000529
10.65344 42338 643.7593 3.128660 0.143327 0.000697
10.65530 42417 644.1918 3.127845 -0.139310 -0.000676
10.65717 42496 646.9987 3.138552 -0.109957 -0.000533
10.65902 42575 647.5048 3.138092 -0.021184 -0.000103
10.66088 42654 649.2161 3.143470 0.097216 0.000471
10.66273 42733 654.3623 3.165458 0.153484 0.000742
10.66460 42813 654.1002 3.161233 0.031649 0.000153
10.66644 42892 651.3355 3.144971 -0.113616 -0.000549
10.66830 42972 650.0877 3.136023 -0.197153 -0.000951
10.67016 43052 653.7670 3.150840 -0.001640 -0.000008
10.67202 43132 653.8116 3.148131 -0.054892 -0.000264
10.67387 43212 655.5864 3.153754 -0.085977 -0.000414
10.67572 43292 658.8429 3.166489 0.011306 0.000054
10.67757 43372 659.0399 3.164514 -0.100895 -0.000484
10.67944 43453 660.0819 3.166562 0.102783 0.000493
10.68130 43534 661.0566 3.168286 0.098031 0.000470
10.68316 43615 664.5915 3.182269 0.028398 0.000136
10.68501 43696 664.0426 3.176692 -0.100252 -0.000480
10.68686 43777 666.9331 3.187567 -0.102982 -0.000492
10.68871 43858 666.2295 3.181262 0.105899 0.000506
10.69058 43940 666.2059 3.178180 0.038480 0.000184
10.69242 44021 668.4419 3.185911 0.029350 0.000140
10.69428 44103 666.9529 3.175858 0.030005 0.000143
10.69614 44185 668.8435 3.181904 0.023018 0.000110
10.69799 44267 667.3837 3.172017 -0.144553 -0.000687
10.69985 44349 669.5046 3.179155 0.086917 0.000413
10.70172 44432 672.9813 3.192678 -0.008998 -0.000043
10.70356 44514 674.4928 3.196900 0.088982 0.000422
10.70542 44597 675.8310 3.200260 -0.142770 -0.000676
10.70728 44680 676.7873 3.201810 0.044509 0.000211
10.70914 44763 674.2709 3.186947 0.036840 0.000174
10.71099 44846 674.2043 3.183682 0.023426 0.000111
10.71284 44929 674.3429 3.181394 0.038429 0.000181
10.71471 45013 675.3488 3.183165 0.096467 0.000455
10.71655 45096 676.3144 3.184781 0.085711 0.000404
10.71841 45180 675.8388 3.179582 0.015590 0.000073
10.72027 45264 678.6738 3.189955 0.050205 0.000236
10.72212 45348 679.8331 3.192444 0.013220 0.000062
10.72399 45433 680.7884 3.193938 0.095168 0.000446
10.72584 45517 683.2104 3.202341 0.038724 0.000182
10.72771 45602 682.4827 3.195948 -0.020329 -0.000095
10.72955 45686 682.8601 3.194774 -0.066556 -0.000311
10.73141 45771 685.5940 3.204585 -0.057497 -0.000269
10.73326 45856 688.4593 3.214994 0.050659 0.000237
10.73511 45941 689.5476 3.217096 -0.114123 -0.000532
10.73698 46027 693.0637 3.230478 -0.101127 -0.000471
10.73883 46112 692.8531 3.226519 -0.038601 -0.000180
10.74069 46198 696.2316 3.239233 0.151550 0.000705
10.74255 46284 699.6113 3.251932 0.081898 0.000381
10.74441 46370 701.2941 3.256729 -0.005980 -0.000028
10.74626 46456 702.6978 3.260226 -0.015414 -0.000072
10.74811 46542 703.0687 3.258932 -0.065389 -0.000303
10.74998 46629 705.6397 3.267796 0.103677 0.000480
10.75182 46715 707.3532 3.272715 0.055691 0.000258
10.75368 46802 709.9276 3.281571 -0.063492 -0.000293
10.75554 46889 709.2887 3.275575 0.013685 0.000063
10.75739 46976 708.8576 3.270551 -0.106672 -0.000492
10.75924 47063 713.8073 3.290343 0.027933 0.000129
10.76111 47151 719.7114 3.314461 -0.061407 -0.000283
10.76295 47238 718.1676 3.304305 0.108505 0.000499
10.76482 47326 718.8087 3.304178 -0.035622 -0.000164
10.76667 47414 719.9809 3.306494 0.018985 0.000087
10.76853 47502 719.6328 3.301832 -0.105326 -0.000483
10.77038 47590 723.4289 3.316179 -0.025144 -0.000115
10.77225 47679 725.7964 3.323925 0.060909 0.000279
10.77409 47767 726.4680 3.323935 -0.091790 -0.000420
10.77595 47856 730.0308 3.337129 -0.042366 -0.000194
10.77781 47945 731.1580 3.339178 0.010830 0.000049
10.77966 48034 731.4005 3.337190 0.133119 0.000607
10.78152 48123 732.1485 3.337512 0.130591 0.000595
10.78338 48213 730.9396 3.328890 0.101510 0.000462
10.78523 48302 730.5768 3.324171 -0.114471 -0.000521
10.78709 48392 731.5949 3.325706 -0.121293 -0.000551
10.78895 48482 732.6048 3.327205 -0.053504 -0.000243
10.79080 48572 734.9546 3.334783 -0.001208 -0.000005
10.79265 48662 738.8108 3.349178 -0.008575 -0.000039
10.79452 48753 739.2010 3.347818 0.154479 0.000700
10.79637 48843 742.6234 3.360218 0.068644 0.000311
10.79823 48934 743.6747 3.361845 0.021005 0.000095
10.80009 49025 744.3974 3.361987 0.016562 0.000075
10.80194 49116 743.4398 3.354550 -0.081955 -0.000370
10.80379 49207 745.0587 3.358745 -0.067107 -0.000303
10.80566 49299 746.7670 3.363304 0.070474 0.000317
10.80750 49390 748.7355 3.369061 -0.011703 -0.000053
10.80936 49482 747.4154 3.359993 -0.047729 -0.000215
10.81122 49574 747.1614 3.355734 0.137517 0.000618
10.81308 49666 750.3096 3.366750 -0.030383 -0.000136
10.81493 49758 751.2308 3.367766 0.021187 0.000095
10.81679 49851 755.3140 3.382911 -0.049236 -0.000221
10.81864 49943 756.0430 3.383056 0.084520 0.000378
10.82050 50036 757.9906 3.388617 -0.014263 -0.000064
10.82235 50129 758.8327 3.389234 0.054349 0.000243
10.82421 50222 762.2219 3.401217 -0.086469 -0.000386
10.82608 50316 765.3222 3.411861 -0.022284 -0.000099
10.82793 50409 766.0385 3.411902 0.070472 0.000314
10.82979 50503 767.7412 3.416302 0.128203 0.000570
10.83165 50597 767.2705 3.411034 -0.077087 -0.000343
10.83350 50691 767.4967 3.408875 0.049955 0.000222
10.83536 50785 769.1367 3.412996 0.075866 0.000337
10.83721 50879 769.8734 3.413108 0.038112 0.000169
10.83907 50974 770.6409 3.413325 0.091134 0.000404
10.84091 51068 769.3910 3.404652 0.068982 0.000305
10.84277 51163 769.4587 3.401789 0.127189 0.000562
10.84463 51258 771.4014 3.407215 0.083618 0.000369
10.84650 51354 771.2491 3.403357 0.032155 0.000142
10.84835 51449 773.5538 3.410374 0.069290 0.000305
10.85021 51545 776.2579 3.419108 0.025275 0.000111
10.85205 51640 777.7847 3.422680 0.036875 0.000162
10.85391 51736 778.2425 3.421516 -0.080947 -0.000356
10.85576 51832 778.9746 3.421561 -0.085628 -0.000376
10.85763 51929 779.3764 3.420127 0.111960 0.000491
10.85948 52025 783.2608 3.434001 0.002161 0.000009
10.86134 52122 787.1818 3.447978 -0.067010 -0.000294
10.86320 52219 789.9791 3.457015 -0.002201 -0.000010
10.86506 52316 794.1015 3.471832 -0.078007 -0.000341
10.86691 52413 796.0808 3.477264 0.116269 0.000508
10.86876 52510 798.0765 3.482760 0.034808 0.000152
10.87062 52608 800.5529 3.490311 0.089272 0.000389
10.87248 52706 799.1435 3.480926 -0.144413 -0.000629
10.87432 52803 800.6423 3.484250 0.107174 0.000466
10.87620 52902 801.3115 3.483897 -0.072998 -0.000317
10.87805 53000 800.3519 3.476507 0.003996 0.000017
10.87989 53098 803.3214 3.486184 0.104145 0.000452
10.88176 53197 803.6655 3.484430 -0.102204 -0.000443
10.88362 53296 803.3631 3.479882 -0.061068 -0.000265
10.88547 53395 804.2961 3.480693 -0.001373 -0.000006
10.88732 53494 804.7812 3.479568 0.048894 0.000211
10.88917 53593 807.3803 3.487579 0.111364 0.000481
10.89104 53693 809.9409 3.495381 0.005001 0.000022
10.89290 53793 814.0617 3.509897 0.093327 0.000402
10.89476 53893 816.0902 3.515378 0.003482 0.000015
10.89661 53993 817.0988 3.516461 0.008744 0.000038
10.89846 54093 820.1181 3.526191 0.110354 0.000474
10.90033 54194 823.7285 3.538413 0.032005 0.000137
10.90217 54294 828.1518 3.554136 0.075370 0.000323
10.90403 54395 830.3076 3.560078 0.059338 0.000254
10.90588 54496 832.0211 3.564118 -0.031161 -0.000133
10.90773 54597 832.9417 3.564759 -0.083066 -0.000355
10.90960 54699 834.8287 3.569503 0.140162 0.000599
10.91145 54800 836.4097 3.572965 0.029025 0.000124
10.91331 54902 836.4819 3.569953 -0.085921 -0.000367
10.91516 55004 839.2402 3.578402 0.082102 0.000350
10.91701 55106 841.2004 3.583439 0.081563 0.000347
10.91888 55209 844.0375 3.592169 0.066157 0.000282
10.92073 55311 844.5506 3.591037 0.003517 0.000015
10.92259 55414 846.4089 3.595592 0.082309 0.000350
10.92444 55517 845.4404 3.588145 -0.028966 -0.000123
10.92630 55620 846.1333 3.587759 -0.023857 -0.000101
10.92817 55724 846.6986 3.586804 0.077818 0.000330
10.93001 55827 851.0630 3.601966 -0.101088 -0.000428
10.93187 55931 851.9593 3.602405 0.049006 0.000207
10.93373 56035 854.7810 3.610981 0.003555 0.000015
10.93559 56139 855.0381 3.608720 -0.010249 -0.000043
10.93744 56243 857.6720 3.616488 0.114836 0.000484
10.93930 56348 859.4887 3.620770 0.065953 0.000278
10.94115 56452 861.9647 3.627854 -0.071186 -0.000300
10.94300 56557 865.7725 3.640496 -0.104619 -0.000440
10.94486 56662 865.7774 3.637142 -0.146712 -0.000616
10.94673 56768 866.7862 3.637979 0.091830 0.000385
10.94858 56873 868.1792 3.640461 0.100723 0.000422
10.95044 56979 870.0041 3.644717 0.053568 0.000224
10.95230 57085 873.9384 3.657799 0.015917 0.000067
10.95415 57191 876.5455 3.665309 -0.048653 -0.000203
10.95600 57297 874.8858 3.654984 -0.077745 -0.000325
10.95785 57403 874.3252 3.649267 0.127617 0.000533
10.95971 57510 876.5921 3.655324 0.008511 0.000035
10.96157 57617 877.7394 3.656708 -0.060834 -0.000253
10.96343 57724 880.1645 3.663411 0.066953 0.000279
10.96528 57831 881.0325 3.663630 0.032812 0.000136
10.96715 57939 883.0951 3.668783 0.028219 0.000117
10.96899 58046 884.9419 3.673065 0.036596 0.000152
10.97085 58154 886.7207 3.677029 0.089164 0.000370
10.97271 58262 887.5640 3.677113 -0.164410 -0.000681
10.97456 58370 886.7165 3.670202 -0.066298 -0.000274
10.97642 58479 889.7650 3.679386 0.025964 0.000107
10.97827 58587 891.9382 3.684972 -0.070468 -0.000291
10.98013 58696 896.6556 3.701020 0.026903 0.000111
10.98198 58805 898.6961 3.706003 0.003843 0.000016
10.98385 58915 899.0554 3.704022 0.030918 0.000127
10.98570 59024 902.7077 3.715633 0.029104 0.000120
10.98756 59134 903.5786 3.715757 0.108577 0.000446
10.98942 59244 902.9609 3.709768 0.046170 0.000190
10.99127 59354 905.6724 3.717458 0.041964 0.000172
10.99313 59464 907.0838 3.719807 0.070691 0.000290
10.99497 59574 912.2979 3.737733 0.054711 0.000224
10.99684 59685 916.8442 3.752865 0.070099 0.000287
10.99869 59796 917.5300 3.752185 -0.057427 -0.000235
11.00055 59907 919.7661 3.757843 -0.093205 -0.000381
11.00240 60018 924.2942 3.772849 0.063035 0.000257
11.00426 60130 927.7007 3.783226 -0.003539 -0.000014
11.00613 60242 929.7313 3.787981 -0.066826 -0.000272
11.00797 60353 930.4247 3.787318 0.133606 0.000544
11.00984 60466 932.6212 3.792710 0.039117 0.000159
11.01169 60578 934.1570 3.795442 0.213871 0.000869
11.01353 60690 938.2300 3.808472 -0.031182 -0.000127
11.01539 60803 940.6115 3.814589 0.073441 0.000298
11.01725 60916 942.8457 3.820102 -0.073842 -0.000299
11.01910 61029 944.4814 3.823185 0.058394 0.000236
11.02097 61143 943.9054 3.817289 0.119749 0.000484
11.02282 61256 944.9806 3.818111 -0.032901 -0.000133
11.02468 61370 947.4194 3.824408 -0.024685 -0.000100
11.02653 61484 946.3659 3.816612 0.097407 0.000393
11.02838 61598 944.8412 3.806935 0.036971 0.000149
11.03025 61713 947.8883 3.815653 0.082652 0.000333
11.03210 61827 950.5273 3.822747 0.021780 0.000088
11.03395 61942 955.3545 3.838592 -0.051138 -0.000205
11.03581 62057 958.2642 3.846714 -0.116886 -0.000469
11.03768 62173 959.0336 3.846209 0.096243 0.000386
11.03952 62288 958.1554 3.839138 0.057229 0.000229
11.04138 62404 964.3579 3.860398 0.031207 0.000125
11.04324 62520 963.7939 3.854559 0.061336 0.000245
11.04510 62636 964.3575 3.853240 -0.034292 -0.000137
11.04695 62752 966.2625 3.857281 -0.090917 -0.000363
11.04881 62869 970.9900 3.872545 0.008665 0.000035
11.05067 62986 973.4047 3.878568 -0.013404 -0.000053
11.05252 63103 972.4464 3.871156 0.155507 0.000619
11.05438 63220 975.0182 3.877801 0.012634 0.000050
11.05624 63338 977.1076 3.882489 0.161530 0.000642
11.05809 63455 978.5786 3.884747 0.026826 0.000106
11.05994 63573 979.6433 3.885363 0.087924 0.000349
11.06180 63691 982.3262 3.892393 -0.024900 -0.000099
11.06367 63810 983.1062 3.891850 0.076564 0.000303
11.06551 63928 984.0241 3.891887 0.155778 0.000616
11.06737 64047 986.1024 3.896481 -0.091534 -0.000362
11.06923 64166 986.4178 3.894112 -0.030949 -0.000122
11.07108 64285 989.1313 3.901208 0.041520 0.000164
11.07293 64404 990.5038 3.903011 0.057373 0.000226
11.07479 64524 990.4172 3.899039 0.133791 0.000527
11.07665 64644 992.2838 3.902760 0.138078 0.000543
11.07851 64764 995.0500 3.910012 0.145680 0.000572
11.08036 64884 996.1673 3.910781 0.054618 0.000214
11.08222 65005 998.9922 3.918219 -0.025588 -0.000100
11.08408 65126 1001.7432 3.925357 -0.102672 -0.000402
11.08594 65247 1001.9386 3.922481 -0.136278 -0.000534
11.08779 65368 1003.3611 3.924413 0.055371 0.000217
11.08964 65489 1006.1786 3.931795 -0.029526 -0.000115
11.09150 65611 1007.9885 3.935204 0.047523 0.000186
11.09336 65733 1009.8981 3.938998 0.139167 0.000543
11.09521 65855 1008.1379 3.928489 0.067196 0.000262
11.09706 65977 1011.5383 3.938094 -0.042681 -0.000166
11.09892 66100 1014.1901 3.944742 0.018335 0.000071
11.10078 66223 1016.0985 3.948493 0.141073 0.000548
11.10264 66346 1018.3862 3.953713 -0.067840 -0.000263
11.10449 66469 1021.9456 3.963859 0.144598 0.000561
11.10635 66593 1023.4872 3.966141 0.109944 0.000426
11.10820 66716 1024.0529 3.964673 0.042826 0.000166
11.11006 66840 1027.8343 3.975620 -0.041729 -0.000161
11.11191 66964 1033.0059 3.991923 0.125415 0.000485
11.11378 67089 1036.0543 3.999971 0.012072 0.000047
11.11564 67214 1038.1035 4.004154 0.021137 0.000082
11.11748 67338 1039.8691 4.007270 0.214602 0.000827
11.11935 67464 1041.6209 4.010270 0.085563 0.000329
11.12120 67589 1043.2515 4.012832 0.021952 0.000084
11.12305 67714 1045.7178 4.018604 0.103965 0.000400
11.12491 67840 1045.0588 4.012341 -0.001871 -0.000007
11.12676 67966 1046.8682 4.015560 0.009406 0.000036
11.12863 68093 1045.6936 4.007312 0.077982 0.000299
11.13048 68219 1052.6568 4.030270 0.111925 0.000429
11.13234 68346 1057.5005 4.045051 -0.123339 -0.000472
11.13419 68473 1058.8078 4.046294 0.096076 0.000367
11.13605 68600 1062.1237 4.055207 -0.084865 -0.000324
11.13790 68727 1065.6817 4.065030 -0.046699 -0.000178
11.13976 68855 1067.9840 4.070024 -0.033429 -0.000127
11.14162 68983 1070.3347 4.075197 0.095912 0.000365
11.14347 69111 1071.2543 4.074919 0.011995 0.000046
11.14533 69240 1073.2859 4.078842 -0.071191 -0.000271
11.14718 69368 1074.7803 4.080751 0.161279 0.000612
11.14904 69497 1079.1973 4.093717 -0.097240 -0.000369
11.15089 69626 1082.1764 4.101213 0.003822 0.000014
11.15276 69756 1082.2106 4.097519 -0.086716 -0.000328
11.15461 69885 1083.3895 4.098195 0.025128 0.000095
11.15646 70015 1086.3169 4.105452 0.039391 0.000149
11.15832 70145 1089.4998 4.113664 0.054664 0.000206
11.16017 70275 1089.4410 4.109635 0.031858 0.000120
11.16203 70406 1093.0187 4.119294 -0.038984 -0.000147
11.16389 70537 1098.7569 4.137072 -0.114467 -0.000431
11.16575 70668 1098.8489 4.133582 0.047124 0.000177
11.16760 70799 1102.3766 4.143014 0.018415 0.000069
11.16946 70931 1104.1122 4.145674 -0.081336 -0.000305
11.17131 71062 1107.8083 4.155716 -0.086360 -0.000324
11.17316 71194 1108.6872 4.155156 0.051166 0.000192
11.17503 71327 1110.2139 4.156997 -0.106172 -0.000398
11.17688 71459 1111.4770 4.157880 0.084839 0.000317
11.17874 71592 1112.5286 4.157947 -0.058305 -0.000218
11.18059 71725 1115.6713 4.165825 -0.048894 -0.000183
11.18245 71858 1117.7705 4.169798 0.036429 0.000136
11.18431 71992 1122.6070 4.183942 -0.018349 -0.000068
11.18617 72126 1124.3160 4.186417 0.035024 0.000130
11.18803 72260 1126.0654 4.189041 0.083339 0.000310
11.18988 72394 1129.9371 4.199552 0.031065 0.000115
11.19173 72528 1133.1211 4.207494 0.037092 0.000138
11.19359 72663 1137.5036 4.219841 0.082632 0.000307
11.19544 72798 1137.1093 4.214465 0.122120 0.000453
11.19730 72933 1139.5478 4.219592 0.140822 0.000521
11.19916 73069 1142.3223 4.225928 0.044201 0.000164
11.20102 73205 1146.0319 4.235711 0.081743 0.000302
11.20288 73341 1148.3211 4.240235 -0.029901 -0.000110
11.20473 73477 1151.4615 4.247895 -0.058961 -0.000218
11.20658 73613 1154.5288 4.255274 0.078626 0.000290
11.20844 73750 1157.9627 4.263964 -0.102576 -0.000378
11.21029 73887 1157.8823 4.259713 -0.103183 -0.000380
11.21214 74024 1158.9102 4.259548 -0.051736 -0.000190
11.21401 74162 1162.5162 4.268825 -0.040527 -0.000149
11.21587 74300 1168.7212 4.287622 0.003656 0.000013
11.21772 74438 1171.9057 4.295318 0.124388 0.000456
11.21957 74576 1175.2500 4.303588 -0.016430 -0.000060
11.22144 74715 1174.1078 4.295405 -0.030575 -0.000112
11.22328 74853 1172.9884 4.287352 0.102344 0.000374
11.22514 74992 1177.6291 4.300323 -0.132188 -0.000483
11.22700 75132 1179.8837 4.304540 -0.090386 -0.000330
11.22885 75271 1182.5426 4.310255 -0.023722 -0.000086
11.23071 75411 1184.3560 4.312856 -0.054735 -0.000199
11.23256 75551 1186.2382 4.315705 -0.047762 -0.000174
11.23443 75692 1188.9060 4.321381 0.016740 0.000061
11.23628 75832 1190.3336 4.322574 0.036497 0.000133
11.23813 75973 1189.8689 4.316875 0.162452 0.000589
11.23999 76114 1194.7559 4.330589 0.044574 0.000162
11.24185 76256 1197.6102 4.336891 -0.057696 -0.000209
11.24370 76397 1200.3314 4.342732 -0.076433 -0.000277
11.24556 76539 1204.8531 4.355046 0.038973 0.000141
11.24742 76682 1206.5750 4.357201 -0.011600 -0.000042
11.24927 76824 1210.0663 4.365769 0.083721 0.000302
11.25113 76967 1215.1765 4.380131 0.006982 0.000025
11.25299 77110 1220.4784 4.395161 0.042168 0.000152
11.25484 77253 1223.4345 4.401726 0.137258 0.000494
11.25669 77396 1226.3160 4.408016 0.021974 0.000079
11.25855 77540 1230.8711 4.420279 0.014429 0.000052
11.26040 77684 1229.4772 4.411179 0.028406 0.000102
11.26227 77829 1233.2775 4.420690 0.027810 0.000100
11.26412 77973 1232.0468 4.412199 0.028395 0.000102
11.26598 78118 1233.2667 4.412467 0.087645 0.000314
11.26783 78263 1239.2625 4.429810 0.141950 0.000507
11.26969 78409 1245.4788 4.447883 0.045435 0.000162
11.27154 78554 1245.0405 4.442212 -0.009978 -0.000036
11.27340 78700 1250.8057 4.458641 -0.059922 -0.000214
11.27525 78846 1250.7963 4.454477 -0.042001 -0.000150
11.27711 78993 1255.7002 4.467779 0.097640 0.000347
11.27897 79140 1256.1958 4.465389 -0.044914 -0.000160
11.28083 79287 1261.4669 4.479967 -0.007434 -0.000026
11.28268 79434 1259.4305 4.468595 0.064408 0.000229
11.28454 79582 1260.4323 4.467989 0.011877 0.000042
11.28639 79729 1262.3428 4.470634 0.016777 0.000059
11.28826 79878 1263.7537 4.471455 0.218083 0.000772
11.29011 80026 1269.5028 4.487641 -0.073389 -0.000259
11.29197 80175 1272.7634 4.494984 0.045587 0.000161
11.29382 80324 1277.1578 4.506319 0.023696 0.000084
11.29568 80473 1278.5323 4.506990 0.133770 0.000472
11.29753 80622 1280.4791 4.509680 -0.042662 -0.000150
11.29939 80772 1281.1015 4.507680 -0.099951 -0.000352
11.30124 80922 1282.6604 4.508981 -0.131772 -0.000463
11.30311 81073 1285.7580 4.515659 0.067170 0.000236
11.30495 81223 1290.1397 4.526862 0.086251 0.000303
11.30681 81374 1289.7554 4.521312 0.098536 0.000345
11.30867 81525 1295.0427 4.535641 -0.008809 -0.000031
11.31053 81677 1298.3713 4.543066 -0.057956 -0.000203
11.31237 81828 1299.7854 4.543815 0.115419 0.000403
11.31424 81981 1304.1494 4.554815 -0.023569 -0.000082
11.31610 82133 1306.3039 4.558116 0.165405 0.000577
11.31794 82285 1308.9192 4.563021 -0.077347 -0.000270
11.31980 82438 1313.9642 4.576356 0.051967 0.000181
11.32166 82591 1318.6697 4.588489 -0.005466 -0.000019
11.32352 82745 1317.3661 4.579685 -0.038204 -0.000133
11.32538 82899 1319.9482 4.584397 -0.028209 -0.000098
11.32723 83053 1321.2282 4.584586 0.238739 0.000828
11.32909 83207 1325.9740 4.596794 -0.050308 -0.000174
11.33095 83362 1330.7278 4.608984 -0.094073 -0.000326
11.33279 83516 1333.6429 4.614820 -0.091058 -0.000315
11.33466 83672 1339.3339 4.630190 -0.100069 -0.000346
11.33651 83827 1343.6883 4.640947 -0.067750 -0.000234
11.33837 83983 1348.3675 4.652781 0.140871 0.000486
11.34023 84139 1349.7231 4.653139 0.047015 0.000162
11.34208 84295 1353.4087 4.661526 0.007642 0.000026
11.34394 84452 1352.2678 4.653264 -0.034009 -0.000117
11.34580 84609 1352.7894 4.650738 0.079025 0.000272
11.34765 84766 1353.4155 4.648580 0.013201 0.000045
11.34950 84923 1355.1344 4.650179 0.106960 0.000367
11.35136 85081 1354.0475 4.642133 0.014757 0.000051
11.35321 85239 1354.9574 4.640946 0.057355 0.000196
11.35507 85397 1354.4226 4.634820 -0.089383 -0.000306
11.35693 85556 1354.9784 4.632411 0.019170 0.000066
11.35878 85715 1360.0893 4.645570 -0.032725 -0.000112
11.36064 85874 1363.4138 4.652612 0.035341 0.000121
11.36250 86034 1367.8826 4.663519 0.088964 0.000303
11.36436 86194 1370.4170 4.667821 0.056063 0.000191
11.36621 86354 1374.1289 4.676126 -0.000767 -0.000003
11.36806 86514 1378.9554 4.688210 0.072895 0.000248
11.36992 86675 1382.7031 4.696583 -0.085757 -0.000291
11.37178 86836 1390.0756 4.717246 -0.049529 -0.000168
11.37363 86997 1392.2110 4.720119 0.006424 0.000022
11.37549 87159 1395.8087 4.727916 0.013329 0.000045
11.37735 87321 1394.1912 4.718055 -0.026824 -0.000091
11.37920 87483 1397.4055 4.724552 0.072820 0.000246
11.38106 87646 1397.8424 4.721632 0.029110 0.000098
11.38292 87809 1397.6562 4.716619 0.127011 0.000429
11.38477 87972 1398.5326 4.715203 -0.072072 -0.000243
11.38663 88135 1403.0088 4.725918 -0.037302 -0.000126
11.38848 88299 1405.2768 4.729160 0.030149 0.000101
11.39034 88463 1409.3453 4.738453 0.136125 0.000458
11.39219 88627 1411.0433 4.739770 -0.120300 -0.000404
11.39405 88792 1417.2677 4.756253 -0.056345 -0.000189
11.39591 88957 1417.7154 4.753341 0.010238 0.000034
11.39776 89122 1417.5419 4.748358 -0.048043 -0.000161
11.39962 89288 1419.9978 4.752161 0.124862 0.000418
11.40148 89454 1420.7188 4.750160 0.028855 0.000096
11.40333 89620 1422.7557 4.752563 -0.004177 -0.000014
11.40518 89786 1426.6107 4.761033 0.046697 0.000156
11.40704 89953 1428.9924 4.764552 0.077335 0.000258
11.40890 90120 1431.1461 4.767310 0.044262 0.000147
11.41076 90288 1435.7432 4.778172 0.045595 0.000152
11.41261 90455 1435.7513 4.773786 0.057120 0.000190
11.41446 90623 1440.6264 4.785553 0.115504 0.000384
11.41633 90792 1445.3233 4.796685 -0.064264 -0.000213
11.41819 90961 1448.4178 4.802487 0.022877 0.000076
11.42004 91130 1455.6452 4.821974 0.003642 0.000012
11.42190 91299 1457.4421 4.823456 0.052237 0.000173
11.42374 91468 1456.5374 4.816006 0.101399 0.000335
11.42560 91638 1456.4926 4.811389 0.133444 0.000441
11.42747 91809 1458.1112 4.812248 0.047863 0.000158
11.42932 91979 1459.0187 4.810791 0.138218 0.000456
11.43117 92150 1460.2130 4.810260 -0.019693 -0.000065
11.43303 92321 1465.2989 4.822542 -0.011813 -0.000039
11.43489 92493 1468.6514 4.829079 0.100489 0.000330
11.43675 92665 1472.7796 4.838156 0.044100 0.000145
11.43860 92837 1476.4706 4.845786 -0.016023 -0.000053
11.44045 93009 1477.8222 4.845736 0.069881 0.000229
11.44231 93182 1478.6378 4.843907 -0.109081 -0.000357
11.44416 93355 1482.8061 4.853059 0.127264 0.000417
11.44603 93529 1482.5079 4.847567 0.116666 0.000381
11.44787 93702 1485.7615 4.853719 -0.040211 -0.000131
11.44973 93876 1487.0285 4.853354 -0.041089 -0.000134
11.45159 94051 1492.4415 4.866488 -0.131947 -0.000430
11.45345 94226 1495.7733 4.872820 0.000271 0.000001
11.45531 94401 1500.1994 4.882707 -0.030405 -0.000099
11.45716 94576 1504.6022 4.892504 -0.045602 -0.000148
11.45902 94752 1508.9165 4.901974 -0.100015 -0.000325
11.46087 94928 1508.3249 4.895508 0.143654 0.000466
11.46273 95104 1511.1702 4.900202 0.052213 0.000169
11.46459 95281 1513.4577 4.903059 -0.004967 -0.000016
11.46644 95458 1516.4534 4.908207 0.143375 0.000464
11.46829 95635 1519.4611 4.913389 0.026911 0.000087
11.47015 95813 1521.7961 4.916367 0.107246 0.000346
11.47201 95991 1524.2537 4.919738 -0.073051 -0.000236
11.47386 96169 1529.8262 4.933153 0.108003 0.000348
11.47572 96348 1535.6273 4.947257 0.079344 0.000256
11.47758 96527 1539.1403 4.953975 -0.041191 -0.000133
11.47943 96706 1544.6628 4.967147 -0.018244 -0.000059
11.48129 96886 1550.0672 4.979893 -0.018590 -0.000060
11.48315 97066 1552.2609 4.982315 -0.037807 -0.000121
11.48500 97246 1556.7414 4.992069 -0.133989 -0.000430
11.48686 97427 1559.3999 4.995947 -0.045389 -0.000145
11.48871 97608 1562.5370 5.001354 0.117454 0.000376
11.49057 97789 1564.8376 5.004080 0.048975 0.000157
11.49243 97971 1568.6635 5.011653 -0.055658 -0.000178
11.49428 98153 1572.5678 5.019467 0.055310 0.000177
11.49614 98335 1573.1214 5.016585 -0.047560 -0.000152
11.49799 98518 1579.1590 5.031159 -0.015720 -0.000050
11.49985 98701 1580.1503 5.029648 -0.070170 -0.000223
11.50170 98884 1585.5106 5.042038 0.023895 0.000076
11.50356 99068 1587.7776 5.044556 0.114804 0.000365
11.50542 99252 1588.2010 5.041222 -0.042088 -0.000134
11.50728 99437 1590.8646 5.044977 -0.054906 -0.000174
11.50913 99621 1593.3456 5.048177 -0.091836 -0.000291
11.51098 99806 1593.8667 5.045145 -0.027046 -0.000086
11.51285 99992 1598.1631 5.054038 -0.066765 -0.000211
11.51470 100178 1602.3284 5.062504 0.117834 0.000372
11.51656 100364 1601.9450 5.056600 0.016478 0.000052
11.51841 100550 1605.3203 5.062566 0.017920 0.000057
11.52027 100737 1606.0985 5.060316 -0.072377 -0.000228
11.52212 100924 1611.4858 5.072584 0.026938 0.000085
11.52398 101112 1617.5478 5.086930 -0.016067 -0.000051
11.52584 101300 1619.3454 5.087855 -0.003559 -0.000011
11.52770 101488 1626.2670 5.104868 0.082388 0.000259
11.52955 101676 1632.8350 5.120744 -0.026798 -0.000084
11.53140 101865 1636.8704 5.128635 -0.029590 -0.000093
11.53326 102054 1636.2113 5.121821 0.088513 0.000277
11.53512 102244 1639.8746 5.128516 0.015918 0.000050
11.53697 102434 1643.3497 5.134616 0.123654 0.000386
11.53883 102624 1647.0275 5.141341 -0.044959 -0.000140
11.54069 102815 1649.5683 5.144487 0.060146 0.000188
11.54254 103006 1649.4223 5.139260 -0.005134 -0.000016
11.54440 103197 1651.0675 5.139623 -0.178459 -0.000556
11.54625 103389 1657.3612 5.154422 0.094076 0.000293
11.54811 103581 1660.8228 5.160399 -0.036418 -0.000113
11.54997 103774 1664.4686 5.166915 -0.011846 -0.000037
11.55182 103966 1662.4864 5.155994 0.004523 0.000014
11.55368 104160 1663.8929 5.155548 -0.009591 -0.000030
11.55553 104353 1666.4452 5.158680 0.202935 0.000628
11.55739 104547 1673.3340 5.175196 -0.105124 -0.000325
11.55925 104741 1672.9393 5.169182 0.026941 0.000083
11.56111 104936 1678.3683 5.181136 -0.025487 -0.000079
11.56296 105131 1681.3155 5.185418 0.033991 0.000105
11.56482 105326 1686.6281 5.196986 -0.058804 -0.000181
11.56667 105522 1690.6357 5.204494 -0.078473 -0.000242
11.56853 105718 1693.5427 5.208608 0.139593 0.000429
11.57038 105914 1696.2751 5.212182 0.054805 0.000168
11.57224 106111 1698.3208 5.213622 -0.103556 -0.000318
11.57410 106308 1701.3709 5.218144 0.068428 0.000210
11.57596 106506 1704.7349 5.223599 -0.039564 -0.000121
11.57780 106703 1708.2806 5.229629 0.064690 0.000198
11.57967 106902 1713.9457 5.242086 -0.109629 -0.000335
11.58152 107100 1716.3873 5.244699 -0.029413 -0.000090
11.58337 107299 1722.9896 5.259989 0.046755 0.000143
11.58524 107499 1727.6629 5.269347 0.120374 0.000367
11.58709 107698 1730.0687 5.271807 0.052366 0.000160
11.58894 107898 1733.4062 5.277080 0.097313 0.000296
11.59080 108099 1739.0952 5.289474 0.054149 0.000165
11.59266 108300 1741.2833 5.291213 -0.021679 -0.000066
11.59451 108501 1745.0392 5.297712 -0.063867 -0.000194
11.59637 108703 1749.0018 5.304806 0.105831 0.000321
11.59823 108905 1749.0019 5.299884 -0.006107 -0.000019
11.60008 109107 1751.3690 5.302142 -0.036882 -0.000112
11.60194 109310 1750.2759 5.293910 -0.009088 -0.000027
11.60380 109513 1749.7903 5.287534 0.125443 0.000379
11.60565 109716 1753.6012 5.294145 -0.031640 -0.000096
11.60751 109920 1759.2417 5.306243 0.026905 0.000081
11.60936 110124 1766.5273 5.323281 0.023953 0.000072
11.61122 110329 1768.6342 5.324676 0.082412 0.000248
11.61308 110534 1772.8562 5.332435 0.012407 0.000037
11.61493 110739 1776.3716 5.338061 0.073837 0.000222
11.61679 110945 1783.4331 5.354303 0.038053 0.000114
11.61864 111151 1791.8556 5.374602 -0.047950 -0.000144
11.62050 111357 1793.0622 5.373244 -0.132054 -0.000396
11.62235 111564 1796.9769 5.379978 0.068524 0.000205
11.62422 111772 1800.3954 5.385194 -0.107698 -0.000322
11.62607 111979 1804.7077 5.393101 0.101748 0.000304
11.62792 112187 1808.7897 5.400287 -0.004121 -0.000012
11.62978 112396 1811.3068 5.402771 0.065774 0.000196
11.63164 112605 1814.1151 5.406124 0.102635 0.000306
11.63350 112814 1814.1518 5.401223 0.081474 0.000243
11.63535 113023 1817.7589 5.406956 0.083332 0.000248
11.63720 113233 1820.1357 5.409003 0.117980 0.000351
11.63906 113444 1823.1210 5.412834 0.047741 0.000142
11.64091 113654 1830.1019 5.428538 0.131090 0.000389
11.64278 113866 1835.6736 5.439994 -0.029222 -0.000087
11.64463 114077 1837.6466 5.440802 -0.048471 -0.000144
11.64649 114289 1842.3851 5.449770 0.163627 0.000484
11.64834 114501 1844.5867 5.451229 -0.088319 -0.000261
11.65020 114714 1850.0069 5.462169 0.012974 0.000038
11.65205 114927 1861.3586 5.490590 -0.060341 -0.000178
11.65391 115141 1865.8929 5.498848 -0.023429 -0.000069
11.65577 115355 1872.5378 5.513310 0.073351 0.000216
11.65762 115569 1875.0806 5.515683 0.004108 0.000012
11.65948 115784 1880.3773 5.526125 0.070110 0.000206
11.66134 115999 1878.4430 5.515322 0.036081 0.000106
11.66319 116214 1880.0104 5.514816 0.087950 0.000258
11.66505 116430 1883.6721 5.520429 -0.021873 -0.000064
11.66691 116647 1890.4149 5.535035 -0.108007 -0.000316
11.66876 116863 1890.2726 5.529501 0.138374 0.000405
11.67061 117080 1895.2235 5.538843 0.099458 0.000291
11.67247 117298 1894.9325 5.532844 0.063907 0.000187
11.67433 117516 1902.3065 5.549220 -0.025830 -0.000075
11.67618 117734 1909.4362 5.564859 0.096945 0.000283
11.67804 117953 1914.7481 5.575158 0.094452 0.000275
11.67990 118172 1921.4571 5.589506 -0.074199 -0.000216
11.68176 118392 1927.4298 5.601668 -0.128605 -0.000374
11.68361 118612 1933.0559 5.612807 -0.076295 -0.000222
11.68547 118832 1934.1514 5.610787 -0.053446 -0.000155
11.68732 119053 1939.7674 5.621853 0.115134 0.000334
11.68918 119274 1942.1332 5.623493 0.109530 0.000317
11.69103 119495 1947.5097 5.633843 0.031591 0.000091
11.69289 119717 1947.3129 5.628049 -0.101123 -0.000292
11.69475 119940 1951.6180 5.635245 0.011592 0.000033
11.69660 120163 1953.1555 5.634449 0.067436 0.000195
11.69846 120386 1958.9475 5.645921 -0.046033 -0.000133
11.70032 120610 1967.8514 5.666314 0.013712 0.000039
11.70217 120834 1967.9308 5.661288 0.072521 0.000209
11.70403 121058 1970.9963 5.664859 0.058322 0.000168
11.70588 121283 1973.3914 5.666479 0.163590 0.000470
11.70774 121508 1977.5052 5.673032 0.114210 0.000328
11.70959 121734 1985.7940 5.691520 0.123800 0.000355
11.71145 121960 1989.2531 5.696149 -0.011548 -0.000033
11.71331 122187 1992.6600 5.700602 0.022035 0.000063
11.71516 122414 1996.4515 5.706151 0.069072 0.000197
11.71702 122641 2003.9658 5.722324 -0.031011 -0.000089
11.71887 122869 2007.9561 5.728396 -0.000071 -0.000000
11.72074 123098 2011.9614 5.734481 0.108778 0.000310
11.72259 123326 2015.8844 5.740349 -0.055834 -0.000159
11.72444 123555 2014.3373 5.730626 0.059907 0.000170
11.72630 123785 2018.2812 5.736509 0.036367 0.000103
11.72816 124015 2021.7559 5.741054 0.033204 0.000094
11.73001 124245 2020.6440 5.732583 0.039962 0.000113
11.73187 124476 2024.8325 5.739133 -0.002066 -0.000006
11.73372 124707 2031.9772 5.754047 -0.017428 -0.000049
11.73558 124939 2040.7123 5.773415 0.059438 0.000168
11.73744 125171 2049.5878 5.793149 -0.046597 -0.000132
11.73930 125404 2053.1151 5.797725 0.020496 0.000058
11.74115 125637 2058.0433 5.806250 -0.105840 -0.000299
11.74300 125870 2065.9653 5.823203 0.011816 0.000033
11.74486 126104 2070.3855 5.830245 0.058443 0.000165
11.74672 126338 2074.7239 5.837049 0.113392 0.000319
11.74857 126573 2079.9438 5.846300 0.136387 0.000383
11.75043 126808 2084.2503 5.852973 0.053336 0.000150
11.75229 127044 2090.4239 5.864855 -0.048545 -0.000136
11.75414 127280 2094.3435 5.870402 0.059436 0.000167
11.75600 127516 2100.4635 5.882105 -0.012942 -0.000036
11.75785 127753 2108.7007 5.899693 0.085554 0.000239
11.75971 127990 2110.6633 5.899714 -0.031338 -0.000088
11.76157 128228 2116.4051 5.910271 0.166032 0.000464
11.76342 128466 2120.5947 5.916482 -0.023434 -0.000065
11.76528 128705 2128.4474 5.932875 0.071408 0.000199
11.76713 128944 2137.3393 5.952137 0.033866 0.000094
11.76899 129184 2141.9343 5.959390 0.078682 0.000219
11.77085 129424 2146.2611 5.965889 0.072998 0.000203
11.77270 129664 2151.1462 5.973931 0.091534 0.000254
11.77456 129905 2153.7537 5.975622 0.001467 0.000004
11.77642 130147 2158.8050 5.984065 -0.116600 -0.000323
11.77827 130388 2161.9307 5.987189 0.032882 0.000091
11.78013 130631 2172.7650 6.011594 -0.098642 -0.000273
11.78198 130873 2175.6772 6.014083 0.021110 0.000058
11.78384 131116 2185.3855 6.035319 0.080734 0.000223
11.78570 131360 2186.7774 6.033551 0.068521 0.000189
11.78755 131604 2187.7881 6.030741 0.059924 0.000165
11.78941 131849 2194.6593 6.044059 0.002580 0.000007
11.79127 132094 2195.0169 6.039435 0.009937 0.000027
11.79312 132339 2198.3601 6.043032 0.074013 0.000203
11.79498 132585 2201.2924 6.045477 -0.035066 -0.000096
11.79683 132831 2202.2729 6.042566 -0.065881 -0.000181
11.79869 133078 2202.6334 6.037944 0.139320 0.000382
11.80055 133325 2206.3179 6.042439 -0.023789 -0.000065
11.80240 133573 2206.0410 6.036070 0.023355 0.000064
11.80426 133821 2208.7095 6.037769 -0.088355 -0.000242
11.80612 134070 2210.8054 6.037883 0.078156 0.000213
11.80797 134319 2215.7703 6.045831 0.030181 0.000082
11.80982 134568 2225.5325 6.066847 0.111248 0.000303
11.81168 134818 2234.9233 6.086795 0.096651 0.000263
11.81354 135069 2238.7384 6.091518 0.003984 0.000011
11.81540 135320 2241.1838 6.092513 0.010622 0.000029
11.81725 135571 2238.9750 6.080872 0.036278 0.000099
11.81911 135823 2245.0786 6.091790 0.043882 0.000119
11.82096 136075 2248.9163 6.096550 -0.108297 -0.000294
11.82282 136328 2254.2273 6.105274 0.084267 0.000228
11.82467 136581 2259.0596 6.112693 -0.091429 -0.000247
11.82653 136835 2263.1069 6.117958 -0.091467 -0.000247
11.82839 137089 2264.7995 6.116859 0.143371 0.000387
11.83024 137344 2265.6619 6.113505 0.091706 0.000247
11.83210 137599 2271.6202 6.123900 0.015436 0.000042
11.83396 137855 2276.5343 6.131446 -0.002885 -0.000008
11.83581 138111 2281.5179 6.139171 -0.029091 -0.000078
11.83767 138368 2287.0698 6.148393 0.101464 0.000273
11.83953 138625 2292.2876 6.156705 0.000644 0.000002
11.84138 138882 2294.7306 6.157561 0.024883 0.000067
11.84324 139140 2299.1361 6.163660 0.012925 0.000035
11.84510 139399 2304.0260 6.171028 0.074780 0.000200
11.84695 139658 2310.4064 6.182377 0.067788 0.000181
11.84880 139917 2312.4105 6.182010 -0.097133 -0.000260
11.85066 140177 2318.4301 6.192352 -0.116730 -0.000312
11.85252 140438 2326.7742 6.208861 0.151693 0.000405
11.85437 140698 2330.6691 6.213505 0.111756 0.000298
11.85623 140960 2333.7496 6.215933 -0.031190 -0.000083
11.85809 141222 2336.6975 6.218009 -0.115535 -0.000307
11.85994 141484 2341.2297 6.224298 0.032283 0.000086
11.86180 141747 2342.3149 6.221403 -0.131767 -0.000350
11.86365 142010 2343.3974 6.218512 0.048617 0.000129
11.86551 142274 2344.8083 6.216480 0.073749 0.000196
11.86736 142538 2347.3041 6.217332 0.164824 0.000437
11.86922 142803 2353.4596 6.227849 0.116669 0.000309
11.87108 143069 2359.9091 6.239108 0.047929 0.000127
11.87293 143334 2365.7978 6.248892 0.003838 0.000010
11.87479 143601 2373.9827 6.264679 -0.024137 -0.000064
11.87665 143868 2379.2991 6.272879 0.103884 0.000274
11.87851 144135 2384.0706 6.279635 0.096148 0.000253
11.88036 144403 2387.8488 6.283747 0.018498 0.000049
11.88222 144671 2392.1868 6.289330 -0.053417 -0.000140
11.88408 144940 2398.5436 6.300188 0.043493 0.000114
11.88593 145209 2400.9895 6.300768 0.123362 0.000324
11.88779 145479 2403.7584 6.302178 0.067413 0.000177
11.88964 145749 2410.5495 6.314126 0.054398 0.000142
11.89150 146020 2415.4050 6.320971 -0.000943 -0.000002
11.89335 146291 2418.3738 6.322876 -0.112214 -0.000293
11.89521 146563 2421.2900 6.324623 0.082124 0.000215
11.89706 146835 2427.9098 6.336038 0.068525 0.000179
11.89892 147108 2431.3750 6.339191 0.055189 0.000144
11.90078 147381 2439.2409 6.353806 0.087843 0.000229
11.90263 147655 2436.2312 6.340075 0.049843 0.000130
11.90449 147929 2442.5897 6.350733 0.078517 0.000204
11.90634 148204 2449.1378 6.361848 0.051327 0.000133
11.90821 148480 2451.1592 6.361178 0.061691 0.000160
11.91006 148755 2461.7090 6.382649 -0.023644 -0.000061
11.91192 149032 2461.3546 6.375796 -0.034619 -0.000090
11.91377 149309 2465.9420 6.381751 0.053221 0.000138
11.91563 149586 2470.2085 6.386871 0.048991 0.000127
11.91748 149864 2473.6276 6.389776 0.142479 0.000368
11.91934 150142 2477.0220 6.392618 -0.084059 -0.000217
11.92119 150421 2484.8486 6.406867 0.020620 0.000053
11.92305 150701 2493.4226 6.422998 -0.049705 -0.000128
11.92491 150981 2492.0301 6.413456 -0.086457 -0.000223
11.92676 151261 2498.3475 6.423761 0.005379 0.000014
11.92862 151542 2506.6826 6.439214 -0.154146 -0.000396
11.93048 151824 2512.1018 6.447139 0.045823 0.000118
11.93233 152106 2516.6662 6.452863 -0.050874 -0.000130
11.93419 152388 2526.7395 6.472694 0.035283 0.000090
11.93605 152672 2530.4708 6.476221 -0.074073 -0.000190
11.93790 152955 2534.0690 6.479427 0.025621 0.000066
11.93975 153239 2539.1325 6.486355 -0.007568 -0.000019
11.94161 153524 2541.3021 6.485869 0.120055 0.000306
11.94347 153809 2546.8532 6.494011 0.142770 0.000364
11.94532 154095 2552.3056 6.501872 0.036688 0.000093
11.94718 154381 2557.0708 6.507974 -0.035665 -0.000091
11.94904 154668 2563.0907 6.517240 0.173637 0.000442
11.95090 154956 2568.1281 6.523978 -0.008724 -0.000022
11.95275 155243 2571.9337 6.527603 0.085173 0.000216
11.95461 155532 2573.9127 6.526554 -0.099907 -0.000253
11.95646 155821 2578.2910 6.531590 -0.042108 -0.000107
11.95832 156110 2583.7646 6.539395 0.075000 0.000190
11.96017 156400 2590.4176 6.550152 0.011712 0.000030
11.96203 156691 2592.9246 6.550401 0.048535 0.000123
11.96389 156982 2596.0843 6.552301 -0.058306 -0.000147
11.96574 157274 2599.0369 6.553661 0.078401 0.000198
11.96760 157566 2601.6899 6.554269 -0.026938 -0.000068
11.96946 157859 2610.8569 6.571256 0.123549 0.000311
11.97131 158152 2615.5405 6.576943 -0.111128 -0.000279
11.97317 158446 2621.8325 6.586646 -0.085147 -0.000214
11.97502 158740 2619.7091 6.575214 0.048500 0.000122
11.97688 159035 2623.2642 6.578027 0.073868 0.000185
11.97873 159330 2632.7837 6.595784 -0.024661 -0.000062
11.98060 159627 2639.6919 6.606936 -0.155664 -0.000390
11.98245 159923 2639.4647 6.600250 0.024206 0.000061
11.98430 160220 2642.3756 6.601402 -0.042730 -0.000107
11.98616 160518 2642.5548 6.595719 0.032966 0.000082
11.98802 160816 2647.8742 6.602869 0.039197 0.000098
11.98987 161115 2646.4873 6.593285 0.049313 0.000123
11.99173 161414 2649.0624 6.593585 0.093178 0.000232
11.99358 161714 2652.1426 6.595125 0.083019 0.000206
11.99544 162015 2657.8241 6.603111 0.077951 0.000194
11.99730 162316 2665.2672 6.615461 -0.013413 -0.000033
11.99915 162617 2668.9786 6.618539 -0.077855 -0.000193
12.00101 162919 2674.5343 6.626166 0.108191 0.000268
12.00287 163222 2684.6115 6.644956 -0.116440 -0.000288
12.00472 163525 2694.3911 6.662981 -0.016434 -0.000041
12.00658 163829 2696.8826 6.662952 0.095658 0.000236
12.00843 164133 2699.5743 6.663422 0.093442 0.000231
12.01029 164438 2705.5843 6.672061 0.129668 0.000320
12.01215 164744 2708.1459 6.672172 0.116350 0.000287
12.01400 165050 2708.5371 6.666947 -0.079267 -0.000195
12.01586 165356 2708.8322 6.661501 -0.058499 -0.000144
12.01772 165664 2715.8656 6.672586 0.011816 0.000029
12.01957 165971 2721.5480 6.680360 -0.021286 -0.000052
12.02143 166280 2729.4580 6.693548 -0.065590 -0.000161
12.02328 166589 2740.1574 6.713552 0.016152 0.000040
12.02514 166898 2742.4252 6.712885 0.057458 0.000141
12.02699 167208 2747.9629 6.720202 0.155314 0.000380
12.02885 167519 2758.8480 6.740556 0.042059 0.000103
12.03071 167830 2764.6194 6.748396 0.044733 0.000109
12.03256 168142 2771.3388 6.758519 -0.009580 -0.000023
12.03442 168454 2772.3636 6.754754 -0.001748 -0.000004
12.03627 168767 2776.9121 6.759559 -0.073676 -0.000179
12.03813 169081 2785.8216 6.774947 0.040739 0.000099
12.03999 169395 2787.4712 6.772673 -0.064446 -0.000157
12.04185 169710 2786.7101 6.764537 0.101289 0.000246
12.04370 170025 2792.9712 6.773452 0.079985 0.000194
12.04556 170341 2804.4980 6.795095 -0.125687 -0.000305
12.04741 170657 2813.1714 6.809797 -0.087899 -0.000213
12.04927 170974 2824.6893 6.831336 0.029107 0.000070
12.05112 171292 2827.1451 6.830926 -0.089252 -0.000216
12.05298 171610 2833.8456 6.840768 0.021497 0.000052
12.05484 171929 2842.4255 6.855111 0.069530 0.000168
12.05670 172249 2853.7193 6.875953 0.060926 0.000147
12.05855 172569 2864.3039 6.895055 0.034712 0.000084
12.06041 172889 2870.4765 6.903516 0.014617 0.000035
12.06226 173210 2874.0158 6.905620 -0.006794 -0.000016
12.06412 173532 2881.4281 6.917004 -0.036746 -0.000088
12.06598 173855 2884.3778 6.917649 0.091109 0.000219
12.06783 174178 2885.3562 6.913577 0.149716 0.000359
12.06969 174501 2892.8664 6.925154 0.019258 0.000046
12.07154 174825 2896.4462 6.927295 -0.003582 -0.000009
12.07340 175150 2901.5945 6.933167 0.007639 0.000018
12.07526 175476 2905.4206 6.935857 -0.084821 -0.000202
12.07711 175802 2909.4951 6.939141 -0.111302 -0.000265
12.07897 176128 2910.4174 6.934914 0.174446 0.000416
12.08082 176455 2916.7576 6.943578 -0.019881 -0.000047
12.08268 176783 2918.0260 6.940151 0.098350 0.000234
12.08454 177112 2926.0376 6.952739 -0.076136 -0.000181
12.08639 177441 2934.0999 6.965430 -0.032793 -0.000078
12.08825 177770 2931.7079 6.953308 -0.006030 -0.000014
12.09011 178101 2935.2215 6.955169 -0.000769 -0.000002
12.09196 178432 2941.6847 6.964016 -0.074593 -0.000177
12.09382 178763 2952.9603 6.984234 0.134842 0.000319
12.09567 179095 2953.6726 6.979441 0.013543 0.000032
12.09753 179428 2956.1452 6.978798 0.233096 0.000550
12.09938 179761 2967.1918 6.998386 0.040404 0.000095
12.10124 180095 2964.6171 6.985826 0.010817 0.000025
12.10310 180430 2966.3859 6.983502 0.131600 0.000310
12.10495 180765 2975.1031 6.997531 -0.017259 -0.000041
12.10681 181101 2982.3185 7.007992 -0.056316 -0.000132
12.10866 181437 2990.5224 7.020760 -0.082497 -0.000194
12.11052 181774 2995.8203 7.026675 0.122178 0.000287
12.11238 182112 2996.4690 7.021672 -0.001103 -0.000003
12.11424 182451 3004.1345 7.033091 -0.136945 -0.000321
12.11609 182789 3013.2871 7.047993 0.056047 0.000131
12.11795 183129 3018.7592 7.054235 0.053449 0.000125
12.11980 183469 3023.8344 7.059544 0.016932 0.000040
12.12166 183810 3029.6670 7.066597 0.032554 0.000076
12.12352 184152 3030.1795 7.061226 -0.075740 -0.000176
12.12537 184494 3038.1862 7.073319 0.031357 0.000073
12.12723 184837 3043.6590 7.079483 -0.056976 -0.000133
12.12908 185180 3047.2295 7.081221 -0.035127 -0.000082
12.13094 185524 3048.2988 7.077135 0.035386 0.000082
12.13280 185869 3052.2740 7.079785 0.118280 0.000274
12.13465 186214 3061.0364 7.093529 0.027162 0.000063
12.13651 186560 3067.9105 7.102863 -0.017063 -0.000040
12.13837 186907 3078.3428 7.120397 -0.062564 -0.000145
12.14022 187254 3082.6764 7.123811 0.066833 0.000154
12.14208 187602 3092.6422 7.140209 -0.020599 -0.000048
12.14393 187950 3096.0364 7.141425 0.017517 0.000040
12.14579 188299 3102.6746 7.150102 0.031973 0.000074
12.14764 188649 3114.7974 7.171377 0.091243 0.000210
12.14950 189000 3125.2967 7.188865 0.016684 0.000038
12.15136 189351 3132.7104 7.199237 -0.056126 -0.000129
12.15321 189703 3133.7034 7.194834 0.092830 0.000213
12.15507 190055 3141.4435 7.205923 0.103296 0.000237
12.15692 190408 3145.7388 7.209084 0.143192 0.000328
12.15878 190762 3152.7135 7.218361 -0.088739 -0.000203
12.16064 191116 3156.8840 7.221212 -0.054433 -0.000125
12.16249 191471 3156.5361 7.213720 -0.044604 -0.000102
12.16435 191827 3156.0151 7.205833 -0.103396 -0.000236
12.16621 192184 3159.2011 7.206405 0.063176 0.000144
12.16806 192541 3169.4188 7.223007 -0.000248 -0.000001
12.16992 192898 3179.5546 7.239398 0.096235 0.000219
12.17178 193257 3184.8911 7.244810 -0.048540 -0.000110
12.17363 193616 3190.2298 7.250223 -0.073188 -0.000166
12.17548 193975 3193.2572 7.250384 -0.009154 -0.000021
12.17734 194336 3201.7364 7.262881 0.015397 0.000035
12.17920 194697 3205.8949 7.265569 0.014226 0.000032
12.18106 195059 3206.7787 7.260825 0.162667 0.000368
12.18291 195421 3209.2339 7.259651 -0.179638 -0.000406
12.18477 195784 3216.9853 7.270436 0.030576 0.000069
12.18662 196148 3221.7264 7.274392 0.075437 0.000170
12.18848 196512 3226.0655 7.277440 -0.048223 -0.000109
12.19033 196877 3234.8409 7.290468 -0.082813 -0.000187
12.19219 197243 3230.8866 7.274798 0.152787 0.000344
12.19405 197610 3235.0825 7.277478 -0.016284 -0.000037
12.19591 197977 3240.2461 7.282335 -0.024328 -0.000055
12.19776 198344 3252.2408 7.302527 -0.037266 -0.000084
12.19962 198713 3255.8611 7.303865 0.107455 0.000241
12.20147 199082 3265.1272 7.317860 -0.021963 -0.000049
12.20333 199452 3274.3735 7.331773 -0.082962 -0.000186
12.20519 199823 3279.1176 7.335577 0.108554 0.000243
12.20704 200194 3284.2362 7.340216 -0.021981 -0.000049
12.20890 200566 3284.9328 7.334961 -0.056454 -0.000126
12.21075 200938 3292.0714 7.344094 0.116475 0.000260
12.21261 201312 3292.4132 7.338030 -0.110996 -0.000247
12.21447 201686 3301.4146 7.351267 -0.033909 -0.000076
12.21632 202060 3307.3441 7.357651 0.059771 0.000133
12.21818 202436 3314.5307 7.366788 -0.025547 -0.000057
12.22003 202812 3316.0109 7.363243 -0.092189 -0.000205
12.22189 203189 3329.2649 7.385812 0.049344 0.000109
12.22375 203566 3337.9383 7.398194 0.057046 0.000126
12.22560 203944 3338.7911 7.393223 0.066117 0.000146
12.22746 204323 3346.1377 7.402615 0.038127 0.000084
12.22932 204703 3348.1624 7.400216 0.035431 0.000078
12.23117 205083 3351.7593 7.401300 0.095863 0.000212
12.23303 205464 3359.5348 7.411588 0.040502 0.000089
12.23488 205846 3373.1200 7.434651 -0.036230 -0.000080
12.23674 206228 3379.7043 7.442261 0.081932 0.000180
12.23860 206612 3389.3975 7.456667 0.001864 0.000004
12.24045 206995 3397.6800 7.467970 0.109156 0.000240
12.24231 207380 3400.7496 7.467775 0.117277 0.000258
12.24416 207765 3407.9261 7.476597 0.040443 0.000089
12.24602 208151 3415.0784 7.485338 -0.025344 -0.000056
12.24788 208538 3419.3263 7.487692 0.096201 0.000211
12.24973 208925 3424.3113 7.491660 -0.006851 -0.000015
12.25159 209314 3430.5435 7.498317 0.001362 0.000003
12.25344 209702 3439.2169 7.510317 -0.081968 -0.000179
12.25530 210092 3443.1301 7.511881 -0.104332 -0.000228
12.25716 210482 3448.8941 7.517482 -0.020545 -0.000045
12.25901 210873 3454.3910 7.522479 0.081441 0.000177
12.26087 211265 3459.9983 7.527697 -0.014484 -0.000032
12.26273 211658 3468.0898 7.538293 0.206906 0.000450
12.26458 212051 3478.1205 7.553087 -0.111198 -0.000241
12.26644 212445 3484.4258 7.559759 -0.001285 -0.000003
12.26830 212840 3482.8511 7.549328 0.055246 0.000120
12.27015 213235 3489.4914 7.556712 0.000788 0.000002
12.27201 213631 3491.1693 7.553335 0.022464 0.000049
12.27386 214028 3497.9533 7.560991 0.114241 0.000247
12.27572 214426 3501.4771 7.561580 -0.088657 -0.000191
12.27757 214824 3509.2091 7.571255 0.001712 0.000004
12.27943 215223 3519.0298 7.585402 0.101724 0.000219
12.28129 215623 3527.2754 7.596120 0.134966 0.000291
12.28314 216024 3534.9485 7.605576 -0.000507 -0.000001
12.28500 216425 3541.2116 7.611989 0.065602 0.000141
12.28686 216827 3551.5253 7.627079 -0.122569 -0.000263
12.28871 217230 3558.3527 7.634649 0.035188 0.000075
12.29057 217634 3560.3088 7.631753 0.070123 0.000150
12.29242 218038 3564.5687 7.633802 0.124566 0.000267
12.29428 218443 3571.4417 7.641428 0.064796 0.000139
12.29614 218849 3579.8322 7.652272 0.032277 0.000069
12.29799 219255 3587.2900 7.661111 0.039044 0.000083
12.29985 219663 3597.2214 7.675183 -0.014448 -0.000031
12.30171 220071 3598.6266 7.671060 -0.180525 -0.000385
12.30356 220480 3601.3862 7.669819 0.032906 0.000070
12.30542 220889 3602.8426 7.665814 0.103630 0.000220
12.30727 221300 3607.9822 7.669617 0.083230 0.000177
12.30913 221711 3617.6588 7.683056 -0.077598 -0.000165
12.31099 222123 3624.4619 7.690362 0.101927 0.000216
12.31284 222535 3636.7870 7.709367 -0.064179 -0.000136
12.31470 222949 3643.4797 7.716380 0.084547 0.000179
12.31655 223363 3646.6613 7.715957 0.120397 0.000255
12.31841 223778 3654.7897 7.725982 0.033686 0.000071
12.32027 224194 3669.4285 7.749728 0.003454 0.000007
12.32212 224610 3676.7262 7.757946 -0.005550 -0.000012
12.32398 225028 3673.5605 7.744064 0.102744 0.000217
12.32584 225446 3685.0304 7.761038 0.041475 0.000087
12.32769 225865 3691.7669 7.768011 -0.059493 -0.000125
12.32955 226284 3699.5935 7.777268 0.046549 0.000098
12.33140 226705 3706.7599 7.785095 0.024546 0.000052
12.33326 227126 3707.3826 7.779183 0.017808 0.000037
12.33512 227548 3716.9423 7.792007 0.075169 0.000158
12.33697 227970 3724.2293 7.800053 -0.030399 -0.000064
12.33883 228394 3724.8928 7.794198 0.049799 0.000104
12.34068 228818 3731.3539 7.800480 0.139827 0.000292
12.34254 229243 3735.5982 7.802111 0.112177 0.000234
12.34439 229669 3744.2870 7.813002 0.072807 0.000152
12.34625 230096 3745.7422 7.808783 0.015318 0.000032
12.34811 230524 3751.7250 7.813991 0.133262 0.000278
12.34997 230952 3767.9849 7.840582 -0.110311 -0.000230
12.35182 231381 3775.8438 7.849648 0.059910 0.000125
12.35368 231811 3779.2573 7.849454 0.074779 0.000155
12.35553 232241 3786.0751 7.856331 0.009792 0.000020
12.35739 232673 3796.5897 7.870833 0.126808 0.000263
12.35924 233105 3802.7807 7.876359 0.030211 0.000063
12.36110 233538 3813.1317 7.890473 0.146998 0.000304
12.36296 233972 3820.0470 7.897448 -0.044919 -0.000093
12.36481 234407 3828.6342 7.907853 -0.055787 -0.000115
12.36667 234842 3834.5647 7.912764 -0.169924 -0.000351
12.36853 235279 3847.8009 7.932700 0.080061 0.000165
12.37038 235716 3854.0719 7.938259 0.051089 0.000105
12.37224 236154 3853.3434 7.929395 0.028131 0.000058
12.37409 236592 3865.9111 7.947890 -0.120987 -0.000249
12.37595 237032 3873.5212 7.956141 -0.106907 -0.000220
12.37781 237472 3883.0473 7.968315 -0.081901 -0.000168
12.37966 237914 3891.6873 7.978623 0.060539 0.000124
12.38152 238356 3896.0725 7.980204 0.002856 0.000006
12.38337 238798 3903.8544 7.988740 0.067621 0.000138
12.38523 239242 3910.2037 7.994304 -0.113054 -0.000231
12.38709 239687 3915.5148 7.997728 -0.007083 -0.000014
12.38894 240132 3921.8090 8.003159 -0.098327 -0.000201
12.39080 240578 3929.7961 8.012021 0.159818 0.000326
12.39266 241025 3932.7987 8.010704 -0.042414 -0.000086
12.39451 241473 3943.1276 8.024289 0.074127 0.000151
12.39637 241921 3951.5568 8.033993 0.028047 0.000057
12.39822 242371 3957.9107 8.039437 0.022315 0.000045
12.40008 242821 3961.9411 8.040164 0.004477 0.000009
12.40194 243272 3969.3311 8.047690 -0.068349 -0.000139
12.40379 243724 3975.4337 8.052586 0.163483 0.000331
12.40565 244177 3988.8343 8.072232 -0.087150 -0.000176
12.40751 244631 4002.6441 8.092659 -0.002906 -0.000006
12.40936 245085 4013.3836 8.106853 -0.012176 -0.000025
12.41122 245540 4017.3439 8.107331 0.080725 0.000163
12.41307 245997 4024.3858 8.113994 -0.114553 -0.000231
12.41493 246454 4039.2735 8.136457 0.046294 0.000093
12.41679 246912 4046.2143 8.142875 -0.115175 -0.000232
12.41864 247370 4048.4276 8.139784 0.033202 0.000067
12.42050 247830 4055.6148 8.146663 0.013398 0.000027
12.42235 248290 4066.4708 8.160900 0.023915 0.000048
12.42421 248752 4074.3287 8.169073 0.031049 0.000062
12.42607 249214 4083.3944 8.179657 0.045567 0.000091
12.42792 249677 4091.3834 8.188058 -0.128585 -0.000257
12.42978 250141 4096.6817 8.191054 -0.079022 -0.000158
12.43163 250605 4098.9902 8.188079 0.043320 0.000087
12.43349 251071 4107.2066 8.196874 -0.033844 -0.000068
12.43535 251537 4114.8837 8.204585 -0.127852 -0.000255
12.43720 252005 4123.4762 8.214080 0.002981 0.000006
12.43906 252473 4128.0493 8.215564 0.125036 0.000249
12.44092 252942 4142.4207 8.236520 -0.021144 -0.000042
12.44277 253412 4151.2447 8.246407 -0.042323 -0.000084
12.44463 253883 4156.3683 8.248922 0.064891 0.000129
12.44648 254354 4170.7408 8.269779 0.074661 0.000148
12.44834 254827 4178.3457 8.277166 -0.054381 -0.000108
12.45019 255300 4180.6313 8.274018 -0.001652 -0.000003
12.45205 255775 4187.4649 8.279844 0.000582 0.000001
12.45391 256250 4196.7611 8.290530 -0.072564 -0.000143
12.45576 256726 4200.2968 8.289819 0.011605 0.000023
12.45762 257203 4205.8361 8.293051 0.159653 0.000315
12.45948 257681 4213.0628 8.299592 -0.056850 -0.000112
12.46133 258159 4221.6792 8.308863 0.041868 0.000082
12.46319 258639 4225.3581 8.308383 0.128397 0.000252
12.46505 259120 4235.6932 8.320971 -0.028008 -0.000055
12.46690 259601 4243.1915 8.327976 -0.005352 -0.000011
12.46876 260083 4248.5313 8.330726 0.101111 0.000198
12.47062 260567 4253.4167 8.332556 -0.001851 -0.000004
12.47247 261051 4263.9831 8.345508 -0.058801 -0.000115
12.47433 261536 4272.6904 8.354793 0.009871 0.000019
12.47618 262022 4276.9161 8.355296 -0.080434 -0.000157
12.47804 262508 4286.3677 8.366006 0.082580 0.000161
12.47989 262996 4290.6970 8.366682 -0.081292 -0.000159
12.48175 263485 4292.2206 8.361883 0.016159 0.000031
12.48361 263974 4297.9943 8.365372 0.139957 0.000272
12.48546 264465 4302.8293 8.367005 -0.001991 -0.000004
12.48732 264956 4303.4889 8.360530 0.048470 0.000094
12.48917 265448 4310.5158 8.366417 0.149110 0.000289
12.49103 265941 4320.8564 8.378710 -0.093706 -0.000182
12.49289 266435 4328.6794 8.386095 0.018135 0.000035
12.49474 266930 4341.1998 8.402549 0.004183 0.000008
12.49660 267426 4350.4515 8.412644 -0.077648 -0.000150
12.49845 267923 4356.3810 8.416293 0.095834 0.000185
12.50031 268421 4363.0928 8.421437 -0.019920 -0.000038
12.50217 268920 4375.0845 8.436745 0.050291 0.000097
12.50402 269419 4375.8086 8.430323 0.092990 0.000179
12.50588 269920 4385.2794 8.440725 -0.006922 -0.000013
12.50774 270421 4399.0986 8.459476 0.013328 0.000026
12.50959 270924 4406.5861 8.466005 0.007674 0.000015
12.51145 271427 4407.8900 8.460660 -0.106010 -0.000203
12.51330 271931 4412.9460 8.462511 0.058109 0.000111
12.51516 272437 4418.3841 8.465067 -0.009941 -0.000019
12.51702 272943 4418.4733 8.457388 0.129504 0.000248
12.51887 273450 4431.2649 8.474006 -0.052544 -0.000100
12.52073 273958 4437.6869 8.478415 0.052491 0.000100
12.52259 274467 4441.6532 8.478120 -0.067463 -0.000129
12.52444 274977 4447.0842 8.480612 -0.047116 -0.000090
12.52630 275488 4457.8042 8.493167 0.080502 0.000153
12.52815 275999 4461.3962 8.492138 0.021734 0.000041
12.53001 276512 4466.1675 8.493330 -0.091398 -0.000174
12.53187 277026 4476.9547 8.505942 -0.041519 -0.000079
12.53372 277541 4481.2302 8.506163 -0.014036 -0.000027
12.53558 278056 4486.1965 8.507700 -0.004955 -0.000009
12.53744 278573 4493.1496 8.512975 0.127578 0.000242
12.53929 279090 4499.8286 8.517729 -0.026665 -0.000050
12.54115 279609 4510.0875 8.529222 0.111777 0.000211
12.54300 280128 4520.0764 8.540190 0.071169 0.000134
12.54486 280649 4535.2993 8.560994 -0.044960 -0.000085
12.54671 281170 4547.1111 8.575335 0.000146 0.000000
12.54857 281693 4557.0849 8.586162 -0.010174 -0.000019
12.55043 282216 4559.5031 8.582755 -0.011620 -0.000022
12.55228 282740 4575.6728 8.605207 0.096514 0.000182
12.55414 283266 4581.8820 8.608880 -0.085029 -0.000160
12.55600 283792 4596.1055 8.627598 -0.026981 -0.000051
12.55785 284319 4609.6356 8.644973 0.096869 0.000182
12.55971 284847 4619.7777 8.655960 -0.109188 -0.000205
12.56156 285376 4627.2249 8.661875 -0.071563 -0.000134
12.56342 285907 4639.0471 8.675937 -0.035361 -0.000066
12.56528 286438 4650.2400 8.688805 0.098175 0.000183
12.56713 286970 4656.3482 8.692150 0.007350 0.000014
12.56899 287503 4665.3910 8.700954 0.254501 0.000475
12.57084 288037 4675.7890 8.712259 -0.075294 -0.000140
12.57270 288572 4684.5825 8.720548 -0.039036 -0.000073
12.57456 289109 4693.7412 8.729479 0.056242 0.000105
12.57641 289646 4703.5612 8.739630 -0.086450 -0.000161
12.57827 290184 4711.8769 8.746961 0.045870 0.000085
12.58013 290723 4724.9119 8.763024 0.099079 0.000184
12.58198 291263 4730.7023 8.765626 0.008262 0.000015
12.58384 291804 4745.2145 8.784362 0.146555 0.000271
12.58569 292346 4759.8864 8.803351 0.046769 0.000086
12.58755 292889 4766.7519 8.807872 -0.008634 -0.000016
12.58941 293434 4772.3403 8.810006 0.107827 0.000199
12.59126 293979 4784.3765 8.824034 0.073895 0.000136
12.59312 294525 4794.9553 8.835344 0.003627 0.000007
12.59497 295072 4801.2292 8.838701 -0.006692 -0.000012
12.59683 295620 4809.8673 8.846392 -0.062842 -0.000116
12.59869 296170 4817.2320 8.851707 -0.034779 -0.000064
12.60054 296720 4824.7517 8.857304 -0.050982 -0.000094
12.60240 297271 4830.6903 8.859984 0.027416 0.000050
12.60425 297823 4838.4659 8.866017 0.116611 0.000214
12.60611 298377 4849.0145 8.877094 -0.091470 -0.000167
12.60797 298931 4849.2382 8.869273 -0.101694 -0.000186
12.60982 299486 4860.0054 8.880726 0.023935 0.000044
12.61168 300043 4859.2845 8.871163 0.180646 0.000330
12.61354 300600 4870.1977 8.882845 -0.046125 -0.000084
12.61539 301159 4878.0887 8.888977 0.016474 0.000030
12.61725 301718 4884.5273 8.892460 0.065288 0.000119
12.61911 302279 4893.6333 8.900767 0.052420 0.000095
12.62096 302840 4901.8951 8.907532 0.022212 0.000040
12.62282 303403 4908.2634 8.910825 0.055291 0.000100
12.62467 303967 4921.9529 8.927384 -0.089371 -0.000162
12.62653 304531 4931.9381 8.937208 0.025522 0.000046
12.62839 305097 4942.0574 8.947234 -0.087225 -0.000158
12.63024 305664 4953.6242 8.959854 0.142641 0.000258
12.63210 306232 4959.7585 8.962625 -0.123030 -0.000222
12.63395 306801 4972.5019 8.977317 -0.033529 -0.000061
12.63581 307371 4979.8856 8.982308 0.047741 0.000086
12.63767 307942 4987.1343 8.987038 -0.089098 -0.000161
12.63952 308514 4999.9287 9.001738 0.039046 0.000070
12.64138 309087 5005.7033 9.003777 -0.018980 -0.000034
12.64323 309661 5013.1757 9.008856 -0.132490 -0.000238
12.64509 310237 5021.8976 9.016148 -0.116906 -0.000210
12.64695 310813 5034.0579 9.029602 0.121029 0.000217
12.64880 311391 5043.9231 9.038897 -0.078848 -0.000141
12.65066 311969 5058.5068 9.056630 0.081060 0.000145
12.65252 312549 5062.8540 9.055999 -0.025686 -0.000046
12.65437 313129 5070.5300 9.061325 0.019809 0.000035
12.65623 313711 5084.6806 9.078180 -0.056941 -0.000102
12.65808 314294 5086.3346 9.072707 0.019179 0.000034
12.65994 314878 5099.4936 9.087740 0.085284 0.000152
12.66180 315463 5110.4581 9.098831 0.157748 0.000281
12.66365 316049 5117.9008 9.103631 0.098114 0.000175
12.66551 316636 5124.8260 9.107496 -0.011483 -0.000020
12.66736 317224 5126.0468 9.101219 -0.043200 -0.000077
12.66922 317814 5134.9405 9.108543 0.087693 0.000156
12.67108 318404 5142.9966 9.114377 0.057653 0.000102
12.67293 318996 5152.3436 9.122465 0.023425 0.000041
12.67479 319588 5162.5319 9.132034 0.082095 0.000145
12.67664 320182 5173.4591 9.142870 -0.121660 -0.000215
12.67850 320777 5183.4337 9.151998 -0.093278 -0.000165
12.68036 321373 5194.9421 9.163809 0.158011 0.000279
12.68221 321970 5208.2122 9.178696 -0.033570 -0.000059
12.68407 322568 5224.1731 9.198286 0.079749 0.000140
12.68593 323168 5229.6496 9.199377 0.121693 0.000214
12.68778 323768 5241.8880 9.212357 0.055266 0.000097
12.68964 324369 5248.8410 9.216027 0.098981 0.000174
12.69149 324972 5260.7687 9.228396 -0.024025 -0.000042
12.69335 325576 5270.9812 9.237730 -0.043641 -0.000076
12.69521 326181 5277.9977 9.241445 -0.014667 -0.000026
12.69706 326787 5283.7073 9.242860 -0.014123 -0.000025
12.69892 327394 5296.2379 9.256187 0.063401 0.000111
12.70077 328002 5307.9429 9.268042 -0.073470 -0.000128
12.70263 328611 5316.6642 9.274664 0.003998 0.000007
12.70449 329222 5327.3544 9.284685 -0.136474 -0.000238
12.70634 329834 5337.0507 9.292950 0.033983 0.000059
12.70820 330446 5347.2301 9.302049 -0.052317 -0.000091
12.71005 331060 5351.5120 9.300861 0.011647 0.000020
12.71191 331675 5368.4359 9.321620 -0.083048 -0.000144
12.71377 332292 5380.3630 9.333653 -0.135256 -0.000235
12.71562 332909 5387.0301 9.336554 -0.012081 -0.000021
12.71748 333527 5396.0390 9.343500 -0.136297 -0.000236
12.71934 334147 5407.8478 9.355256 -0.002288 -0.000004
12.72119 334768 5418.9372 9.365741 0.023934 0.000041
12.72305 335390 5434.1680 9.383352 0.045994 0.000079
12.72491 336013 5440.6063 9.385756 0.149811 0.000258
12.72676 336637 5449.0242 9.391562 -0.063062 -0.000109
12.72862 337263 5467.3223 9.414350 0.027839 0.000048
12.73047 337889 5483.5321 9.433511 0.144316 0.000248
12.73233 338517 5499.8375 9.452781 -0.055046 -0.000095
12.73419 339146 5508.8196 9.459435 -0.111447 -0.000191
12.73604 339776 5518.2297 9.466805 0.022159 0.000038
12.73790 340407 5528.2163 9.475143 -0.082130 -0.000141
12.73976 341040 5535.4901 9.478801 0.071938 0.000123
12.74161 341673 5547.4704 9.490512 0.057693 0.000099
12.74347 342308 5560.3061 9.503644 0.087773 0.000150
12.74532 342944 5567.3235 9.506811 0.082458 0.000141
12.74718 343581 5581.2890 9.521819 0.028712 0.000049
12.74904 344220 5585.4510 9.520071 0.024382 0.000042
12.75089 344859 5601.1125 9.537916 0.126250 0.000215
12.75275 345500 5610.9631 9.545823 0.031852 0.000054
12.75460 346142 5618.7151 9.550143 -0.111544 -0.000190
12.75646 346785 5628.1199 9.557255 -0.018444 -0.000031
12.75832 347429 5639.5540 9.567792 0.001899 0.000003
12.76017 348074 5653.0475 9.581794 -0.017218 -0.000029
12.76203 348721 5663.7413 9.591010 -0.008530 -0.000014
12.76388 349369 5661.4435 9.578224 0.077788 0.000132
12.76574 350018 5665.2635 9.575797 0.073651 0.000124
12.76760 350668 5665.9062 9.568003 0.106115 0.000179
12.76945 351320 5678.2033 9.579867 0.026281 0.000044
12.77131 351973 5694.2860 9.598085 0.032281 0.000054
12.77317 352627 5700.9822 9.600457 -0.111711 -0.000188
12.77502 353282 5713.8892 9.613268 -0.102849 -0.000173
12.77688 353938 5724.1259 9.621562 0.069567 0.000117
12.77873 354596 5740.9229 9.640838 -0.036336 -0.000061
12.78059 355254 5753.6742 9.653299 0.091976 0.000154
12.78244 355914 5765.1804 9.663632 0.043890 0.000074
12.78430 356576 5781.8554 9.682582 -0.068821 -0.000115
12.78616 357238 5800.0798 9.704097 0.109342 0.000183
12.78801 357902 5808.7020 9.709504 -0.110003 -0.000184
12.78987 358567 5814.1262 9.709554 0.001847 0.000003
12.79173 359233 5825.7815 9.719996 0.056882 0.000095
12.79358 359900 5845.7176 9.744216 0.095979 0.000160
12.79544 360569 5856.7502 9.753545 0.093332 0.000155
12.79730 361239 5869.8381 9.766272 0.081015 0.000135
12.79915 361910 5878.2547 9.771205 0.020253 0.000034
12.80101 362582 5890.4900 9.782465 -0.088663 -0.000147
12.80286 363256 5900.9279 9.790704 -0.006549 -0.000011
12.80472 363931 5900.3714 9.780697 0.092199 0.000153
12.80658 364607 5915.6829 9.796984 -0.067820 -0.000112
12.80843 365284 5927.6578 9.807714 0.156612 0.000259
12.81029 365963 5944.4383 9.826350 0.061217 0.000101
12.81214 366643 5956.8248 9.837690 0.023152 0.000038
12.81400 367324 5976.7527 9.861447 0.008306 0.000014
12.81586 368007 5994.9353 9.882264 -0.067573 -0.000111
12.81771 368690 6002.0111 9.884760 0.082755 0.000136
12.81957 369375 6017.6825 9.901375 0.028055 0.000046
12.82142 370061 6023.7414 9.902154 -0.070529 -0.000116
12.82328 370749 6033.8722 9.909600 0.005960 0.000010
12.82514 371438 6045.2005 9.918992 0.070884 0.000116
12.82699 372128 6065.6550 9.943323 0.149386 0.000245
12.82885 372819 6076.8127 9.952377 0.108505 0.000178
12.83071 373512 6082.0487 9.951708 -0.103997 -0.000170
12.83256 374206 6087.6336 9.951605 0.013570 0.000022
12.83442 374901 6097.1388 9.957900 -0.062446 -0.000102
12.83627 375598 6104.0487 9.959932 0.044485 0.000073
12.83813 376295 6115.7419 9.969765 0.000360 0.000001
12.83998 376994 6130.6634 9.984820 -0.002382 -0.000004
12.84184 377695 6124.9649 9.966278 -0.051242 -0.000083
12.84370 378397 6130.9792 9.966806 0.026560 0.000043
12.84556 379100 6147.5896 9.984538 -0.006192 -0.000010
12.84741 379804 6160.3012 9.995906 0.074788 0.000121
12.84927 380510 6174.3809 10.009454 0.081848 0.000133
12.85112 381216 6184.3871 10.016387 -0.031464 -0.000051
12.85298 381925 6195.4379 10.024967 -0.062595 -0.000101
12.85483 382634 6211.2865 10.041296 0.048049 0.000078
12.85669 383345 6227.7372 10.058550 -0.065040 -0.000105
12.85855 384057 6235.8669 10.062340 -0.052852 -0.000085
12.86040 384771 6248.8917 10.073997 -0.033635 -0.000054
12.86226 385486 6270.0090 10.098663 0.011291 0.000018
12.86412 386202 6283.8137 10.111511 -0.086792 -0.000140
12.86597 386919 6297.3899 10.123963 0.043520 0.000070
12.86783 387638 6313.7783 10.140892 0.158494 0.000255
12.86968 388358 6324.5901 10.148836 0.123376 0.000198
12.87154 389080 6334.2129 10.154843 -0.030914 -0.000050
12.87340 389803 6345.2140 10.163041 0.222131 0.000356
12.87525 390527 6369.7151 10.192823 -0.119314 -0.000191
12.87711 391253 6386.1845 10.209692 0.072664 0.000116
12.87897 391980 6399.1619 10.220947 0.033657 0.000054
12.88082 392708 6411.1003 10.230520 0.175350 0.000280
12.88268 393437 6429.1159 10.249759 -0.121558 -0.000194
12.88453 394168 6443.6716 10.263435 0.008701 0.000014
12.88639 394901 6456.6946 10.274629 -0.037415 -0.000060
12.88824 395634 6475.7036 10.295327 0.180242 0.000287
12.89010 396369 6491.8288 10.311390 -0.011709 -0.000019
12.89196 397106 6508.3670 10.328061 -0.111018 -0.000176
12.89382 397844 6520.7104 10.338047 0.109764 0.000174
12.89567 398583 6527.2337 10.338791 0.212234 0.000336
12.89753 399323 6541.8994 10.352416 0.099611 0.000158
12.89938 400065 6562.5236 10.375418 0.013463 0.000021
12.90124 400808 6570.7906 10.378855 0.154765 0.000244
12.90309 401553 6575.3129 10.376359 0.156042 0.000246
12.90495 402299 6584.9262 10.381890 0.162437 0.000256
12.90681 403046 6599.9009 10.395853 -0.009281 -0.000015
12.90866 403795 6613.7376 10.407981 0.049448 0.000078
12.91052 404545 6630.3737 10.424484 0.052175 0.000082
12.91238 405297 6646.5580 10.440231 -0.174911 -0.000275
12.91423 406050 6660.3971 10.452264 -0.018078 -0.000028
12.91609 406804 6673.0437 10.462401 0.052488 0.000082
12.91794 407560 6683.8884 10.469680 0.006153 0.000010
12.91980 408317 6699.4344 10.484299 0.024409 0.000038
12.92166 409076 6716.2125 10.500801 0.004523 0.000007
12.92351 409836 6728.1280 10.509673 0.025160 0.000039
12.92537 410597 6743.2330 10.523502 -0.083455 -0.000130
12.92722 411360 6756.3612 10.534207 0.021289 0.000033
12.92908 412124 6769.6200 10.545091 0.107311 0.000167
12.93094 412890 6786.4784 10.561541 0.003501 0.000005
12.93279 413657 6800.5170 10.573572 0.000645 0.000001
12.93465 414426 6810.2425 10.578865 -0.077386 -0.000120
12.93651 415196 6822.0538 10.587381 -0.058683 -0.000091
12.93836 415967 6834.2530 10.596480 -0.050616 -0.000078
12.94022 416740 6844.2682 10.602162 -0.043804 -0.000068
12.94207 417514 6854.7620 10.608570 0.066390 0.000103
12.94393 418290 6873.7796 10.628130 -0.077312 -0.000120
12.94579 419067 6894.6703 10.650544 -0.032270 -0.000050
12.94764 419846 6913.0789 10.669068 0.051251 0.000079
12.94950 420626 6925.1404 10.677769 0.039294 0.000061
12.95135 421407 6934.8500 10.682827 -0.000300 -0.000000
12.95321 422190 6945.2348 10.688899 0.029475 0.000045
12.95507 422974 6956.4469 10.696228 0.054718 0.000084
12.95692 423760 6972.2134 10.710523 0.101874 0.000156
12.95878 424547 6984.7957 10.719902 -0.188814 -0.000290
12.96063 425336 6998.4286 10.730858 -0.021914 -0.000034
12.96249 426126 7012.7849 10.742899 0.015130 0.000023
12.96435 426918 7026.2286 10.753505 0.058731 0.000090
12.96620 427711 7034.7313 10.756533 0.027974 0.000043
12.96806 428506 7052.0822 10.773056 0.004677 0.000007
12.96992 429302 7069.4374 10.789552 -0.118363 -0.000181
12.97177 430100 7080.3451 10.796170 0.011206 0.000017
12.97363 430899 7093.4501 10.806120 0.070026 0.000107
12.97548 431699 7106.8827 10.816547 0.001065 0.000002
12.97734 432501 7123.4876 10.831762 -0.095481 -0.000145
12.97920 433305 7145.1256 10.854580 0.032368 0.000049
12.98105 434110 7151.8156 10.854665 -0.034639 -0.000053
12.98291 434916 7160.7418 10.858137 -0.047513 -0.000072
12.98476 435724 7168.9755 10.860538 0.007120 0.000011
12.98662 436534 7178.0734 10.864228 0.173647 0.000263
12.98848 437345 7193.1451 10.876940 0.010736 0.000016
12.99033 438157 7208.9171 10.890684 -0.150827 -0.000228
12.99219 438971 7213.7160 10.887825 -0.020013 -0.000030
12.99405 439787 7217.1936 10.882963 0.029146 0.000044
12.99590 440604 7229.8445 10.891927 0.099191 0.000149
12.99776 441423 7236.1314 10.891281 0.036915 0.000056
12.99961 442243 7253.7946 10.907740 0.039881 0.000060
13.00147 443064 7263.2685 10.911862 0.076045 0.000114
13.00333 443887 7274.8396 10.919109 -0.127120 -0.000191
13.00518 444712 7289.2374 10.930566 -0.058663 -0.000088
13.00704 445538 7307.8090 10.948253 0.025551 0.000038
13.00889 446366 7327.4182 10.967444 -0.006520 -0.000010
13.01075 447195 7338.4168 10.973721 0.052215 0.000078
13.01261 448026 7354.8543 10.988096 0.010228 0.000015
13.01446 448859 7367.2682 10.996425 0.073285 0.000109
13.01632 449693 7382.4339 11.008839 0.168819 0.000252
13.01818 450528 7396.1888 11.019125 0.129363 0.000193
13.02003 451365 7409.2475 11.028340 0.035149 0.000052
13.02189 452204 7417.0940 11.029773 0.026116 0.000039
13.02374 453044 7432.3065 11.042144 0.093346 0.000139
13.02560 453885 7459.0505 11.071606 0.006407 0.000010
13.02746 454729 7475.6907 11.086003 0.128193 0.000190
13.02931 455574 7501.6017 11.114106 0.060674 0.000090
13.03117 456420 7514.8387 11.123394 -0.009449 -0.000014
13.03302 457268 7529.7439 11.135117 0.091381 0.000135
13.03488 458117 7538.0933 11.137130 -0.043801 -0.000065
13.03674 458969 7546.3929 11.139039 -0.037249 -0.000055
13.03859 459821 7561.7004 11.151289 -0.009601 -0.000014
13.04045 460676 7586.3147 11.177201 -0.032687 -0.000048
13.04230 461531 7599.0506 11.185590 -0.115483 -0.000170
13.04416 462389 7613.3111 11.196179 -0.044363 -0.000065
13.04602 463248 7631.4408 11.212431 0.033481 0.000049
13.04787 464109 7636.5158 11.209475 0.134004 0.000197
13.04973 464971 7643.8316 11.209808 -0.065632 -0.000096
13.05159 465835 7661.3423 11.225063 0.033972 0.000050
13.05344 466700 7678.4355 11.239677 -0.011073 -0.000016
13.05530 467567 7693.2730 11.250951 -0.064669 -0.000095
13.05715 468436 7703.8434 11.255954 0.053891 0.000079
13.05901 469306 7714.5340 11.261121 -0.064252 -0.000094
13.06087 470178 7726.8337 11.268612 0.063015 0.000092
13.06272 471052 7741.8515 11.280034 -0.082186 -0.000120
13.06458 471927 7751.5588 11.283703 -0.153507 -0.000223
13.06644 472804 7773.3538 11.304930 0.066880 0.000097
13.06829 473682 7776.1087 11.298450 -0.003891 -0.000006
13.07015 474562 7786.2036 11.302624 -0.107056 -0.000155
13.07200 475444 7792.6855 11.301536 0.012852 0.000019
13.07386 476327 7810.9058 11.317456 -0.120480 -0.000175
13.07572 477212 7827.5551 11.331058 -0.073151 -0.000106
13.07757 478099 7840.0743 11.338648 0.043994 0.000064
13.07943 478987 7854.5858 11.349100 -0.089212 -0.000129
13.08129 479877 7873.0424 11.365214 -0.084465 -0.000122
13.08314 480768 7883.8147 11.370214 0.069414 0.000100
13.08500 481661 7890.9203 11.369907 -0.021556 -0.000031
13.08685 482556 7910.4332 11.387448 0.070495 0.000101
13.08871 483453 7920.6623 11.391591 0.076550 0.000110
13.09057 484351 7937.5529 11.405295 0.012864 0.000018
13.09242 485251 7948.8532 11.410936 0.020755 0.000030
13.09428 486152 7964.0971 11.422220 -0.006997 -0.000010
13.09613 487056 7973.5715 11.425190 0.022733 0.000033
13.09799 487960 7988.8393 11.436459 0.070059 0.000100
13.09985 488867 7997.9501 11.438875 -0.072471 -0.000104
13.10170 489775 8013.0056 11.449780 -0.067932 -0.000097
13.10356 490685 8032.8960 11.467553 0.052764 0.000075
13.10541 491597 8046.9403 11.476941 0.038601 0.000055
13.10727 492510 8060.1951 11.485186 0.021251 0.000030
13.10913 493425 8080.9048 11.504014 -0.018501 -0.000026
13.11098 494342 8102.0166 11.523367 -0.090922 -0.000129
13.11284 495260 8115.1257 11.531309 0.106061 0.000151
13.11469 496180 8125.4521 11.535274 0.041032 0.000058
13.11655 497102 8127.2838 11.527169 -0.115258 -0.000163
13.11841 498026 8148.9786 11.547213 -0.040300 -0.000057
13.12026 498951 8156.1991 11.546726 -0.071467 -0.000101
13.12212 499878 8170.2994 11.555958 0.129662 0.000183
13.12398 500807 8186.6208 11.568298 -0.084360 -0.000119
13.12583 501737 8188.6612 11.560453 -0.143574 -0.000203
13.12769 502669 8196.5238 11.560820 0.061084 0.000086
13.12954 503603 8207.2948 11.565273 0.169980 0.000240
13.13140 504539 8224.7700 11.579142 0.070849 0.000100
13.13326 505476 8234.4999 11.582091 -0.065344 -0.000092
13.13511 506415 8254.9530 11.600089 0.007525 0.000011
13.13697 507356 8260.5305 11.597157 0.090637 0.000127
13.13883 508299 8277.8612 11.610703 0.082403 0.000116
13.14068 509243 8288.1422 11.614343 0.179533 0.000252
13.14254 510189 8305.7422 11.628211 0.125351 0.000175
13.14439 511137 8328.6369 11.649446 -0.071778 -0.000100
13.14625 512087 8332.8402 11.644509 -0.097881 -0.000137
13.14811 513038 8345.8363 11.651856 0.157998 0.000221
13.14996 513991 8369.0902 11.673484 -0.074423 -0.000104
13.15182 514946 8380.2892 11.678261 -0.054515 -0.000076
13.15367 515903 8395.8804 11.689131 0.033763 0.000047
13.15553 516861 8408.2730 11.695530 -0.043291 -0.000060
13.15739 517822 8427.6615 11.711616 -0.050412 -0.000070
13.15924 518784 8443.3064 11.722474 0.128062 0.000178
13.16110 519748 8455.1413 11.728013 0.063861 0.000089
13.16295 520713 8471.5492 11.739879 0.110126 0.000153
13.16481 521681 8485.8249 11.748747 -0.071453 -0.000099
13.16667 522650 8509.8094 11.771027 0.031733 0.000044
13.16852 523621 8527.0717 11.783963 -0.004646 -0.000006
13.17038 524594 8559.5204 11.817831 0.052888 0.000073
13.17223 525568 8572.0975 11.824224 0.163057 0.000225
13.17409 526545 8596.5472 11.846943 0.021644 0.000030
13.17595 527523 8613.3517 11.859093 0.186941 0.000257
13.17780 528503 8633.9238 11.876391 0.152370 0.000210
13.17966 529485 8649.7494 11.887121 0.030587 0.000042
13.18152 530469 8667.4598 11.900407 0.026398 0.000036
13.18337 531454 8682.0389 11.909373 0.152770 0.000210
13.18523 532442 8691.4953 11.911278 -0.097805 -0.000134
13.18709 533431 8716.7435 11.934800 -0.001838 -0.000003
13.18894 534422 8735.7567 11.949738 0.032714 0.000045
13.19080 535415 8751.3316 11.959937 -0.004948 -0.000007
13.19265 536409 8773.9661 11.979755 0.038040 0.000052
13.19451 537406 8792.0909 11.993361 0.002730 0.000004
13.19636 538404 8801.0447 11.994443 0.076411 0.000104
13.19822 539405 8811.2790 11.997243 0.074092 0.000101
13.20008 540407 8827.3525 12.007981 -0.025800 -0.000035
13.20193 541411 8849.6870 12.027196 -0.032727 -0.000044
13.20379 542417 8864.4928 12.036140 -0.037881 -0.000051
13.20565 543424 8878.9962 12.044658 0.010511 0.000014
13.20750 544434 8900.7192 12.062921 0.148440 0.000201
13.20936 545446 8915.2263 12.071368 -0.011356 -0.000015
13.21121 546459 8929.4605 12.079430 0.102456 0.000139
13.21307 547474 8950.1908 12.096244 -0.006701 -0.000009
13.21493 548491 8963.4482 12.102925 -0.021044 -0.000028
13.21678 549510 8978.4534 12.111941 0.001986 0.000003
13.21864 550531 8989.5898 12.115713 -0.072965 -0.000098
13.22050 551554 9004.3793 12.124386 0.004484 0.000006
13.22235 552579 9017.0166 12.130136 0.081822 0.000110
13.22421 553605 9035.9091 12.144282 0.125098 0.000168
13.22606 554634 9058.5176 12.163369 0.049990 0.000067
13.22792 555664 9065.8313 12.161902 0.067534 0.000091
13.22978 556697 9078.8324 12.168038 -0.104324 -0.000140
13.23163 557731 9097.4054 12.181623 0.073452 0.000098
13.23349 558767 9109.6179 12.186663 -0.042669 -0.000057
13.23534 559805 9119.9265 12.189137 -0.004607 -0.000006
13.23720 560845 9139.5198 12.203993 0.034745 0.000046
13.23906 561887 9156.8032 12.215729 0.001532 0.000002
13.24091 562931 9165.4879 12.215971 -0.151169 -0.000201
13.24277 563977 9180.2029 12.224232 -0.045540 -0.000061
13.24463 565025 9187.6008 12.222732 0.006904 0.000009
13.24648 566075 9203.6709 12.232750 -0.033591 -0.000045
13.24834 567126 9218.9311 12.241673 0.004827 0.000006
13.25019 568180 9230.5490 12.245727 0.037588 0.000050
13.25205 569235 9244.1691 12.252426 -0.029210 -0.000039
13.25391 570293 9265.7078 12.269577 0.140622 0.000186
13.25576 571353 9283.3761 12.281564 0.079718 0.000105
13.25762 572414 9299.8136 12.291903 0.063207 0.000084
13.25947 573478 9310.1518 12.294146 0.134708 0.000178
13.26133 574543 9328.8089 12.307361 0.138395 0.000183
13.26319 575610 9353.9582 12.329097 -0.045295 -0.000060
13.26504 576680 9367.6588 12.335695 -0.032825 -0.000043
13.26690 577751 9382.7299 12.344084 -0.044804 -0.000059
13.26876 578825 9400.5312 12.356024 -0.030649 -0.000040
13.27061 579900 9419.2819 12.369189 0.006220 0.000008
13.27247 580977 9428.7501 12.370141 -0.106174 -0.000139
13.27432 582057 9449.6882 12.386104 -0.063735 -0.000084
13.27618 583138 9468.8716 12.399739 0.022074 0.000029
13.27803 584221 9485.9905 12.410638 -0.019090 -0.000025
13.27989 585307 9506.5778 12.426029 -0.028898 -0.000038
13.28175 586394 9518.2810 12.429789 0.035484 0.000046
13.28360 587484 9542.1586 12.449405 0.097698 0.000127
13.28546 588575 9565.3974 12.468153 0.109388 0.000143
13.28732 589669 9587.1034 12.484848 0.000608 0.000001
13.28917 590764 9612.6017 12.506447 0.073418 0.000096
13.29103 591862 9633.2667 12.521702 -0.021520 -0.000028
13.29288 592961 9640.9135 12.520023 -0.027371 -0.000036
13.29474 594063 9650.3416 12.520637 0.152225 0.000198
13.29660 595167 9670.0783 12.534603 -0.061233 -0.000079
13.29845 596272 9690.5021 12.549432 -0.039083 -0.000051
13.30031 597380 9705.3048 12.556941 0.000554 0.000001
13.30217 598490 9718.0298 12.561739 -0.016750 -0.000022
13.30402 599602 9735.4843 12.572627 -0.117191 -0.000151
13.30588 600716 9746.8059 12.575571 -0.111794 -0.000144
13.30773 601832 9760.1083 12.581053 -0.135971 -0.000175
13.30959 602950 9783.0381 12.598914 0.060419 0.000078
13.31145 604070 9809.6711 12.621495 0.044714 0.000058
13.31330 605193 9830.6540 12.636752 0.066682 0.000086
13.31516 606317 9842.4334 12.640161 -0.076930 -0.000099
13.31701 607443 9853.9938 12.643273 0.082602 0.000106
13.31887 608572 9872.2291 12.654915 -0.046242 -0.000059
13.32073 609703 9866.5046 12.635841 0.092338 0.000118
13.32258 610835 9882.1726 12.644174 0.030099 0.000039
13.32444 611970 9891.5504 12.644431 0.011759 0.000015
13.32629 613107 9906.2934 12.651530 -0.042503 -0.000054
13.32815 614246 9920.0935 12.657403 -0.063233 -0.000081
13.33001 615387 9939.9127 12.670928 -0.091576 -0.000117
13.33186 616531 9959.6475 12.684300 0.015781 0.000020
13.33372 617676 9981.8521 12.700791 -0.083076 -0.000106
13.33558 618824 10005.1564 12.718629 0.007650 0.000010
13.33743 619973 10024.2329 12.731066 0.094652 0.000120
13.33929 621125 10035.8917 12.734047 0.016911 0.000021
13.34114 622279 10052.5824 12.743393 0.068350 0.000087
13.34300 623435 10066.0267 12.748600 0.083955 0.000106
13.34486 624594 10090.9162 12.768259 0.002291 0.000003
13.34671 625754 10114.2268 12.785887 0.097891 0.000124
13.34857 626917 10137.3947 12.803283 -0.038020 -0.000048
13.35042 628081 10154.4427 12.812925 -0.013575 -0.000017
13.35228 629248 10169.2822 12.819745 0.032687 0.000041
13.35414 630417 10181.1531 12.822804 -0.099556 -0.000125
13.35599 631589 10202.0011 12.837134 0.037629 0.000047
13.35785 632762 10223.8511 12.852699 -0.070242 -0.000088
13.35971 633938 10234.3189 12.853919 0.175332 0.000220
13.36156 635115 10249.3124 12.860817 0.066700 0.000084
13.36342 636295 10267.3950 12.871555 0.031962 0.000040
13.36527 637477 10290.7935 12.888922 -0.086675 -0.000109
13.36713 638662 10309.3002 12.900117 -0.121833 -0.000152
13.36899 639848 10335.7740 12.921252 0.060170 0.000075
13.37084 641037 10362.5540 12.942711 -0.093677 -0.000117
13.37270 642228 10373.5348 12.944407 0.043635 0.000054
13.37455 643421 10398.7393 12.963823 0.001926 0.000002
13.37641 644617 10411.6195 12.967833 -0.115354 -0.000144
13.37827 645814 10428.5149 12.976834 0.069675 0.000087
13.38012 647014 10440.9822 12.980294 0.040446 0.000050
13.38198 648216 10455.9767 12.986877 0.047844 0.000059
13.38383 649420 10479.4263 13.003932 -0.052842 -0.000066
13.38569 650627 10498.8198 13.015907 -0.085337 -0.000106
13.38755 651836 10519.7447 13.029748 0.040222 0.000050
13.38940 653047 10547.4182 13.051906 -0.073321 -0.000091
13.39126 654260 10568.4483 13.065801 -0.013353 -0.000017
13.39312 655476 10583.6607 13.072466 -0.013679 -0.000017
13.39497 656693 10607.7817 13.090113 0.098709 0.000122
13.39683 657913 10626.6634 13.101249 0.078448 0.000097
13.39869 659136 10644.8379 13.111475 -0.055698 -0.000069
13.40054 660360 10665.5787 13.124841 0.054550 0.000067
13.40240 661587 10687.4038 13.139497 -0.042599 -0.000052
13.40425 662816 10702.7127 13.146113 -0.023856 -0.000029
13.40611 664048 10729.5182 13.166807 0.096125 0.000118
13.40796 665281 10746.5082 13.175431 -0.046013 -0.000056
13.40982 666517 10770.2990 13.192349 -0.123413 -0.000151
13.41168 667756 10783.2555 13.195960 0.009688 0.000012
13.41353 668996 10806.1518 13.211718 0.028308 0.000035
13.41539 670239 10832.1440 13.231210 0.083104 0.000102
13.41725 671484 10848.5827 13.239000 0.087434 0.000107
13.41910 672732 10868.2933 13.250745 -0.086972 -0.000106
13.42096 673982 10880.7108 13.253577 -0.075945 -0.000093
13.42281 675234 10896.5595 13.260572 0.163529 0.000199
13.42467 676488 10925.1016 13.282977 0.027610 0.000034
13.42653 677745 10957.4559 13.309954 0.008873 0.000011
13.42838 679004 10989.6064 13.336626 0.119646 0.000145
13.43024 680266 11009.8804 13.348831 0.002094 0.000003
13.43210 681530 11029.2847 13.359951 0.035688 0.000043
13.43395 682796 11049.7022 13.372269 0.062414 0.000076
13.43581 684065 11077.7555 13.393778 0.058716 0.000071
13.43766 685335 11098.1627 13.406013 0.056291 0.000068
13.43952 686609 11123.2242 13.423815 0.083047 0.000100
13.44138 687884 11145.4259 13.438137 0.095646 0.000115
13.44323 689162 11169.4147 13.454568 -0.089129 -0.000107
13.44509 690443 11194.4764 13.472242 0.002036 0.000002
13.44694 691725 11195.4274 13.460895 0.043425 0.000052
13.44880 693011 11216.8206 13.474098 -0.032521 -0.000039
13.45066 694298 11233.1443 13.481195 0.108202 0.000130
13.45251 695588 11249.5455 13.488353 0.079442 0.000095
13.45437 696880 11274.1818 13.505356 0.013616 0.000016
13.45623 698175 11304.6356 13.529272 -0.059336 -0.000071
13.45808 699472 11320.7074 13.535939 -0.111616 -0.000133
13.45994 700772 11337.1932 13.543072 -0.153985 -0.000184
13.46179 702074 11359.3045 13.556897 0.072105 0.000086
13.46365 703378 11370.4287 13.557589 0.036425 0.000043
13.46551 704685 11389.4330 13.567649 0.001694 0.000002
13.46736 705994 11411.3560 13.581156 0.002538 0.000003
13.46922 707306 11446.2951 13.610098 -0.047249 -0.000056
13.47107 708620 11458.4502 13.611913 -0.004458 -0.000005
13.47293 709936 11483.2486 13.628723 0.035190 0.000042
13.47479 711255 11496.6050 13.631917 0.033679 0.000040
13.47664 712577 11529.3988 13.658115 -0.119289 -0.000141
13.47850 713900 11542.9254 13.661463 -0.020798 -0.000025
13.48036 715227 11565.6620 13.675668 -0.051707 -0.000061
13.48221 716556 11594.7654 13.697361 -0.110835 -0.000131
13.48407 717887 11610.4330 13.703149 -0.080519 -0.000095
13.48592 719221 11630.9113 13.714582 -0.029275 -0.000035
13.48778 720557 11650.8799 13.725386 -0.058001 -0.000068
13.48963 721895 11675.9700 13.742190 0.014632 0.000017
13.49149 723237 11696.2935 13.753332 -0.026814 -0.000032
13.49335 724580 11720.0083 13.768440 -0.040740 -0.000048
13.49520 725927 11743.5168 13.783252 -0.070710 -0.000083
13.49706 727275 11760.7021 13.790624 -0.030966 -0.000036
13.49892 728626 11775.8464 13.795575 -0.024148 -0.000028
13.50077 729980 11799.1392 13.810037 0.046205 0.000054
13.50263 731336 11823.0148 13.825147 -0.015656 -0.000018
13.50448 732695 11842.6823 13.835296 0.065846 0.000077
13.50634 734056 11863.0721 13.846263 0.011984 0.000014
13.50820 735420 11879.9373 13.853083 0.042027 0.000049
13.51005 736786 11894.7256 13.857464 -0.098782 -0.000115
13.51191 738155 11915.0830 13.868302 0.019861 0.000023
13.51377 739527 11923.3941 13.865096 0.005190 0.000006
13.51562 740901 11954.9954 13.888947 -0.058644 -0.000068
13.51748 742277 11960.3594 13.882294 -0.081436 -0.000095
13.51933 743656 11992.3024 13.906458 0.012819 0.000015
13.52119 745038 12014.1677 13.918886 0.128840 0.000149
13.52305 746422 12036.6663 13.932017 -0.168163 -0.000195
13.52490 747809 12056.5051 13.942033 0.141247 0.000163
13.52676 749198 12084.8652 13.961867 0.170931 0.000197
13.52861 750590 12116.7916 13.985766 -0.079407 -0.000092
13.53047 751984 12127.4279 13.985062 0.067167 0.000077
13.53233 753381 12135.1564 13.980994 0.007347 0.000008
13.53418 754781 12160.1437 13.996783 -0.040912 -0.000047
13.53604 756183 12188.3395 14.016226 0.083163 0.000096
13.53789 757588 12212.8800 14.031417 0.104251 0.000120
13.53975 758996 12242.7785 14.052715 0.030606 0.000035
13.54161 760406 12264.8309 14.064970 0.099173 0.000114
13.54346 761819 12292.0449 14.083099 -0.029464 -0.000034
13.54532 763234 12308.7798 14.089194 0.054661 0.000063
13.54718 764652 12324.8973 14.094556 -0.012822 -0.000015
13.54903 766073 12346.0344 14.105627 0.053036 0.000061
13.55089 767496 12383.9984 14.135879 -0.033051 -0.000038
13.55274 768922 12406.5511 14.148485 -0.049390 -0.000056
13.55460 770350 12428.5137 14.160388 -0.050760 -0.000058
13.55646 771782 12447.4135 14.168758 -0.039418 -0.000045
13.55831 773215 12480.4223 14.193162 -0.034826 -0.000040
13.56017 774652 12508.2346 14.211591 -0.076897 -0.000087
13.56203 776091 12525.5334 14.218046 -0.045804 -0.000052
13.56388 777533 12558.0528 14.241735 0.148288 0.000168
13.56574 778978 12582.5071 14.256227 0.080810 0.000092
13.56759 780425 12590.1092 14.251609 -0.037655 -0.000043
13.56945 781875 12613.0257 14.264305 -0.008685 -0.000010
13.57131 783327 12634.6730 14.275537 -0.090011 -0.000102
13.57316 784783 12663.2884 14.294590 0.118425 0.000134
13.57502 786241 12684.9803 14.305794 -0.091952 -0.000104
13.57687 787701 12694.7651 14.303554 -0.026772 -0.000030
13.57873 789165 12721.3600 14.320218 -0.024927 -0.000028
13.58059 790631 12749.3665 14.338433 0.016828 0.000019
13.58244 792100 12775.0834 14.354026 -0.033452 -0.000038
13.58430 793571 12806.3766 14.375845 -0.009874 -0.000011
13.58616 795046 12838.0231 14.397995 -0.016409 -0.000018
13.58801 796523 12863.2701 14.412928 0.085427 0.000096
13.58987 798003 12882.5618 14.421153 0.129273 0.000145
13.59172 799485 12908.0270 14.436260 -0.015182 -0.000017
13.59358 800971 12934.8972 14.452886 -0.100646 -0.000112
13.59544 802459 12965.9154 14.474106 0.141699 0.000158
13.59729 803950 12988.0323 14.485345 -0.072825 -0.000081
13.59915 805443 13018.0594 14.505371 0.051704 0.000058
13.60100 806940 13049.9071 14.527363 0.021528 0.000024
13.60286 808439 13069.4337 14.535606 0.008408 0.000009
13.60472 809941 13096.8797 14.552619 0.070724 0.000079
13.60657 811446 13124.2658 14.569519 0.033743 0.000037
13.60843 812953 13149.8599 14.584395 0.243017 0.000270
13.61029 814464 13182.6716 14.607217 0.035629 0.000039
13.61214 815977 13206.2313 14.619750 -0.066210 -0.000073
13.61400 817493 13228.1672 14.630449 0.079301 0.000088
13.61585 819011 13254.5166 14.646000 -0.076797 -0.000085
13.61771 820533 13268.2593 14.647582 0.142525 0.000157
13.61957 822057 13294.6407 14.663095 -0.140766 -0.000155
13.62142 823585 13320.5348 14.678019 0.046546 0.000051
13.62328 825115 13346.4094 14.692889 -0.080504 -0.000089
13.62513 826648 13369.6118 14.704779 0.066341 0.000073
13.62699 828184 13393.7206 14.717628 0.050383 0.000055
13.62885 829722 13424.2025 14.737445 -0.042404 -0.000047
13.63070 831264 13449.8850 14.751938 0.000984 0.000001
13.63256 832808 13472.2823 14.762800 0.139522 0.000153
13.63441 834355 13500.9552 14.780498 -0.043699 -0.000048
13.63627 835906 13513.9738 14.781018 -0.046698 -0.000051
13.63813 837459 13533.0800 14.788185 0.117757 0.000129
13.63998 839014 13552.9380 14.796154 0.070009 0.000076
13.64184 840573 13580.3400 14.812314 0.156443 0.000171
13.64370 842135 13606.2321 14.826786 0.062775 0.000068
13.64555 843699 13629.8734 14.838775 -0.000767 -0.000001
13.64741 845267 13665.3904 14.863637 -0.027419 -0.000030
13.64926 846837 13696.4275 14.883579 -0.025393 -0.000028
13.65112 848411 13729.9844 14.906198 -0.037218 -0.000040
13.65298 849987 13756.4796 14.921111 -0.091151 -0.000099
13.65483 851566 13784.7964 14.937957 -0.029254 -0.000032
13.65669 853148 13799.7202 14.940258 0.069758 0.000076
13.65854 854733 13826.8620 14.955757 0.093325 0.000101
13.66040 856321 13861.0549 14.978833 -0.059099 -0.000064
13.66226 857912 13867.0483 14.971408 -0.125640 -0.000136
13.66411 859506 13890.5099 14.982826 -0.022030 -0.000024
13.66597 861103 13915.2572 14.995594 0.057577 0.000062
13.66783 862703 13939.2547 15.007519 0.104005 0.000112
13.66968 864305 13974.4786 15.031492 0.081585 0.000088
13.67154 865911 13999.0128 15.043912 -0.023900 -0.000026
13.67339 867520 14012.0086 15.043907 -0.010930 -0.000012
13.67525 869132 14036.4561 15.056173 -0.082231 -0.000088
13.67711 870746 14048.3009 15.054906 -0.059095 -0.000063
13.67896 872364 14075.2496 15.069791 0.144322 0.000155
13.68082 873985 14099.0112 15.081227 -0.038017 -0.000041
13.68267 875609 14122.8962 15.092760 0.102471 0.000110
13.68453 877235 14147.2872 15.104808 0.067838 0.000072
13.68639 878865 14165.2311 15.109934 0.014465 0.000015
13.68824 880498 14190.9293 15.123303 0.035114 0.000037
13.69010 882134 14222.0807 15.142440 -0.009825 -0.000010
13.69196 883773 14244.1585 15.151877 0.164536 0.000175
13.69381 885415 14263.2611 15.158122 -0.013462 -0.000014
13.69567 887060 14300.2827 15.183368 0.059819 0.000064
13.69752 888708 14324.2784 15.194738 0.117462 0.000125
13.69938 890359 14348.0862 15.205874 0.123372 0.000131
13.70124 892013 14372.5435 15.217666 0.098452 0.000104
13.70309 893670 14401.5671 15.234253 0.057406 0.000061
13.70495 895330 14437.8207 15.258438 0.096293 0.000102
13.70680 896994 14463.8583 15.271770 0.039325 0.000042
13.70866 898660 14495.8707 15.291377 -0.035729 -0.000038
13.71052 900330 14519.8583 15.302469 0.113704 0.000120
13.71237 902003 14549.4009 15.319378 0.056362 0.000059
13.71423 903678 14567.6657 15.324387 0.113797 0.000120
13.71608 905357 14599.3434 15.343463 -0.096849 -0.000102
13.71794 907039 14635.7250 15.367431 0.045980 0.000048
13.71980 908725 14640.9335 15.358632 -0.026229 -0.000028
13.72165 910413 14654.9877 15.359116 0.137756 0.000144
13.72351 912104 14683.4356 15.374659 0.027395 0.000029
13.72537 913799 14720.9497 15.399637 0.118583 0.000124
13.72722 915497 14746.5409 15.412096 -0.055510 -0.000058
13.72908 917197 14772.8447 15.425272 -0.119234 -0.000124
13.73093 918901 14806.4598 15.446030 -0.062045 -0.000065
13.73279 920609 14836.4696 15.462972 0.081804 0.000085
13.73465 922319 14861.3269 15.474514 0.088280 0.000092
13.73650 924033 14876.8864 15.476342 0.094238 0.000098
13.73836 925749 14895.1356 15.480958 0.130356 0.000135
13.74021 927469 14930.0583 15.502859 0.049292 0.000051
13.74207 929192 14959.3403 15.518856 -0.077724 -0.000081
13.74393 930919 14993.7324 15.540100 0.103055 0.000107
13.74578 932648 15022.1018 15.555065 0.125549 0.000130
13.74764 934381 15056.1551 15.575862 0.123135 0.000127
13.74950 936117 15093.4481 15.599957 -0.046777 -0.000048
13.75135 937856 15121.0038 15.613941 -0.005824 -0.000006
13.75321 939598 15142.2649 15.621394 0.139407 0.000144
13.75506 941344 15174.8931 15.640530 0.045808 0.000047
13.75692 943093 15202.5335 15.654482 0.108519 0.000112
13.75878 944845 15238.7573 15.677228 -0.053005 -0.000055
13.76063 946600 15265.5174 15.690193 -0.082997 -0.000085
13.76249 948359 15297.0823 15.708048 0.116415 0.000120
13.76434 950121 15317.9921 15.714928 -0.003576 -0.000004
13.76620 951886 15352.8965 15.736127 -0.051649 -0.000053
13.76806 953655 15384.8174 15.754213 0.014321 0.000015
13.76991 955427 15419.3594 15.774935 -0.074247 -0.000076
13.77177 957202 15446.1736 15.787709 -0.102874 -0.000105
13.77363 958980 15480.6524 15.808275 0.136245 0.000139
13.77548 960762 15503.5164 15.816934 -0.052427 -0.000053
13.77734 962547 15536.3181 15.835695 -0.107337 -0.000109
13.77919 964335 15577.8959 15.863347 0.061463 0.000063
13.78105 966126 15608.3700 15.879641 0.023855 0.000024
13.78291 967921 15630.7385 15.887646 0.030416 0.000031
13.78476 969720 15656.8956 15.899464 -0.047046 -0.000048
13.78662 971521 15707.3038 15.935861 -0.064156 -0.000065
13.78847 973326 15733.9981 15.948136 -0.033715 -0.000034
13.79033 975135 15753.8585 15.953448 0.074718 0.000076
13.79219 976946 15775.6950 15.960747 -0.063572 -0.000064
13.79404 978761 15800.3109 15.970823 -0.028614 -0.000029
13.79590 980580 15825.4268 15.981367 0.058022 0.000059
13.79775 982401 15852.5182 15.993881 -0.079016 -0.000080
13.79961 984227 15890.8719 16.017698 -0.066268 -0.000067
13.80147 986055 15910.4094 16.022519 0.032529 0.000033
13.80332 987887 15945.9924 16.043456 -0.047131 -0.000047
13.80518 989722 15966.7682 16.049459 -0.031658 -0.000032
13.80704 991561 15998.2665 16.066201 -0.042123 -0.000042
13.80889 993403 16022.3598 16.075472 0.113903 0.000114
13.81075 995249 16049.0624 16.087323 0.031915 0.000032
13.81260 997098 16081.8499 16.105236 0.042361 0.000042
13.81446 998951 16109.1178 16.117574 -0.060730 -0.000061
13.81632 1000806 16134.3979 16.127900 -0.051334 -0.000051
13.81817 1002666 16159.1475 16.137650 -0.116288 -0.000116
13.82003 1004529 16201.3165 16.164753 0.109031 0.000109
13.82189 1006395 16235.6155 16.183950 0.003859 0.000004
13.82374 1008265 16257.6486 16.190878 -0.011839 -0.000012
13.82560 1010138 16278.4210 16.196528 0.056390 0.000056
13.82745 1012015 16321.4114 16.224235 -0.019891 -0.000020
13.82931 1013895 16357.5139 16.245041 0.069563 0.000069
13.83117 1015778 16384.5631 16.256815 0.038996 0.000039
13.83302 1017666 16419.1074 16.275971 -0.030605 -0.000030
13.83488 1019556 16457.2568 16.298660 0.024996 0.000025
13.83673 1021451 16485.4860 16.311466 -0.063123 -0.000062
13.83859 1023348 16509.6027 16.320180 0.141958 0.000140
13.84045 1025249 16531.5894 16.326757 0.003289 0.000003
13.84230 1027154 16574.4587 16.353909 0.080582 0.000080
13.84416 1029063 16594.4342 16.358424 0.090259 0.000089
13.84601 1030974 16626.4393 16.374777 0.097656 0.000096
13.84787 1032890 16659.1127 16.391731 -0.011572 -0.000011
13.84973 1034809 16693.5233 16.410352 0.023149 0.000023
13.85158 1036731 16722.1719 16.423270 -0.005198 -0.000005
13.85344 1038657 16770.8392 16.455789 -0.081775 -0.000080
13.85530 1040587 16806.0948 16.475083 0.012812 0.000013
13.85715 1042520 16837.6993 16.490756 -0.021937 -0.000021
13.85901 1044457 16871.6265 16.508654 0.010534 0.000010
13.86086 1046398 16903.3817 16.524379 0.127757 0.000125
13.86272 1048342 16934.9015 16.539835 -0.074159 -0.000072
13.86458 1050289 16960.1699 16.549154 0.126107 0.000123
13.86643 1052241 16989.5503 16.562438 -0.037012 -0.000036
13.86829 1054196 17017.3837 16.574182 -0.016299 -0.000016
13.87014 1056154 17034.9205 16.575876 0.109071 0.000106
13.87200 1058116 17067.2645 16.591944 -0.092807 -0.000090
13.87386 1060082 17094.1556 16.602670 -0.060629 -0.000059
13.87571 1062052 17127.2332 16.619361 -0.051513 -0.000050
13.87757 1064025 17149.0521 16.625098 -0.018546 -0.000018
13.87943 1066002 17192.2817 16.651544 -0.134594 -0.000130
13.88128 1067982 17229.5815 16.672194 0.014393 0.000014
13.88314 1069966 17261.5773 16.687662 -0.001427 -0.000001
13.88499 1071954 17299.9825 16.709274 0.117263 0.000113
13.88685 1073946 17329.4456 16.722201 -0.111013 -0.000107
13.88871 1075941 17367.2472 16.743134 0.060086 0.000058
13.89056 1077940 17394.8540 16.754192 -0.022853 -0.000022
13.89242 1079943 17436.1862 16.778421 0.138646 0.000133
13.89427 1081949 17475.1312 16.800301 0.016532 0.000016
13.89613 1083959 17523.8933 16.831552 0.097779 0.000094
13.89799 1085973 17556.9504 16.847659 0.132760 0.000127
13.89984 1087991 17594.3473 16.867880 0.018116 0.000017
13.90170 1090012 17632.1616 16.888455 -0.037061 -0.000035
13.90356 1092037 17657.6648 16.897194 -0.049119 -0.000047
13.90541 1094066 17692.2285 16.914563 -0.066218 -0.000063
13.90727 1096099 17723.3052 16.928553 -0.058350 -0.000056
13.90912 1098135 17755.5753 16.943647 0.000461 0.000000
13.91098 1100175 17791.7894 16.962456 0.007334 0.000007
13.91284 1102219 17810.2916 16.964345 0.098855 0.000094
13.91469 1104267 17850.2799 16.986660 -0.064438 -0.000061
13.91655 1106318 17873.5851 16.993064 0.148498 0.000141
13.91840 1108374 17902.5659 17.004823 0.000229 0.000000
13.92026 1110433 17942.6467 17.027086 0.137301 0.000130
13.92212 1112496 17987.1218 17.053458 -0.045855 -0.000043
13.92397 1114563 18018.5054 17.067364 0.167047 0.000158
13.92583 1116634 18065.3568 17.095867 -0.001157 -0.000001
13.92769 1118708 18099.4567 17.112252 0.089518 0.000085
13.92954 1120787 18133.3273 17.128367 0.043516 0.000041
13.93140 1122869 18168.0834 17.145279 0.047184 0.000045
13.93325 1124955 18187.7236 17.147893 0.065527 0.000062
13.93511 1127045 18218.6740 17.161140 0.071894 0.000068
13.93697 1129139 18244.9940 17.169989 0.034059 0.000032
13.93882 1131237 18283.2163 17.189997 -0.047599 -0.000045
13.94068 1133338 18316.3220 17.205153 0.095965 0.000090
13.94253 1135444 18342.5408 17.213795 0.091684 0.000086
13.94439 1137554 18380.3192 17.233244 0.133151 0.000125
13.94625 1139667 18423.6744 17.257873 -0.073886 -0.000069
13.94810 1141784 18461.5028 17.277268 0.003764 0.000004
13.94996 1143906 18507.8196 17.304541 -0.006723 -0.000006
13.95182 1146031 18535.8110 17.314638 0.045460 0.000042
13.95367 1148160 18566.7861 17.327485 0.020636 0.000019
13.95553 1150293 18585.9562 17.329286 0.081645 0.000076
13.95738 1152430 18627.9374 17.352318 -0.045122 -0.000042
13.95924 1154571 18657.0582 17.363323 -0.008116 -0.000008
13.96110 1156716 18681.9786 17.370387 -0.063288 -0.000059
13.96295 1158865 18723.4900 17.392835 -0.024518 -0.000023
13.96481 1161018 18747.5610 17.399041 0.046713 0.000043
13.96666 1163175 18789.9259 17.422182 0.002002 0.000002
13.96852 1165336 18832.2128 17.445193 0.058183 0.000054
13.97038 1167501 18869.8535 17.463846 -0.052202 -0.000048
13.97223 1169670 18915.2109 17.489585 0.073953 0.000068
13.97409 1171844 18947.0056 17.502726 0.068282 0.000063
13.97595 1174021 18987.1031 17.523497 -0.015228 -0.000014
13.97780 1176202 19027.3455 17.544349 -0.176837 -0.000163
13.97966 1178387 19059.5413 17.557734 -0.066008 -0.000061
13.98151 1180576 19095.5774 17.574615 -0.051548 -0.000047
13.98337 1182770 19122.1342 17.582726 -0.022020 -0.000020
13.98523 1184967 19161.8229 17.602879 -0.086916 -0.000080
13.98708 1187169 19213.8020 17.634252 0.026861 0.000025
13.98894 1189374 19261.0306 17.661204 0.111439 0.000102
13.99079 1191584 19292.0988 17.673279 0.072448 0.000066
13.99265 1193798 19335.1711 17.696305 0.047506 0.000043
13.99451 1196016 19376.0229 17.717243 0.076810 0.000070
13.99636 1198238 19430.1005 17.750210 0.138092 0.000126
13.99822 1200464 19468.1798 17.768500 0.118047 0.000108
14.00007 1202694 19499.2416 17.780344 0.084391 0.000077
14.00193 1204929 19522.1254 17.784693 0.070131 0.000064
14.00379 1207167 19556.3545 17.799353 -0.170524 -0.000155
14.00564 1209410 19595.2706 17.818227 0.004178 0.000004
14.00750 1211657 19630.3823 17.833595 -0.003077 -0.000003
14.00936 1213908 19671.3899 17.854273 0.047659 0.000043
14.01121 1216163 19695.1362 17.859245 0.035559 0.000032
14.01307 1218423 19731.0176 17.875181 0.067520 0.000061
14.01492 1220686 19770.0526 17.893934 -0.079064 -0.000072
14.01678 1222954 19815.1128 17.918081 0.223159 0.000202
14.01864 1225226 19849.0505 17.932120 -0.005913 -0.000005
14.02049 1227503 19889.4510 17.951945 0.072859 0.000066
14.02235 1229783 19931.2704 17.973007 0.106703 0.000096
14.02420 1232068 19959.1371 17.981438 0.120941 0.000109
14.02606 1234357 19998.6317 18.000306 -0.078120 -0.000070
14.02792 1236650 20039.4205 18.020289 -0.003445 -0.000003
14.02977 1238948 20070.4785 18.031472 0.082683 0.000074
14.03163 1241250 20119.5807 18.058817 0.003239 0.000003
14.03349 1243556 20150.2683 18.069584 -0.059871 -0.000054
14.03534 1245866 20184.9036 18.083855 -0.032170 -0.000029
14.03720 1248181 20236.0988 18.112901 -0.036398 -0.000033
14.03905 1250500 20279.8585 18.135230 -0.021681 -0.000019
14.04091 1252823 20316.1937 18.150872 0.075683 0.000068
14.04277 1255150 20346.6761 18.161247 -0.055076 -0.000049
14.04462 1257482 20379.0795 18.173295 -0.076349 -0.000068
14.04648 1259819 20432.3145 18.203860 0.145394 0.000130
14.04833 1262159 20468.4414 18.219134 0.103754 0.000092
14.05019 1264504 20514.7958 18.243455 0.083491 0.000074
14.05205 1266853 20554.0140 18.261378 0.051575 0.000046
14.05390 1269207 20589.9730 18.276353 -0.119897 -0.000106
14.05576 1271565 20624.3268 18.289865 0.081480 0.000072
14.05761 1273927 20658.9111 18.303543 -0.144447 -0.000128
14.05947 1276294 20695.8195 18.319232 0.096123 0.000085
14.06133 1278665 20722.1864 18.325557 0.030866 0.000027
14.06318 1281041 20776.0265 18.356124 -0.142819 -0.000126
14.06504 1283421 20819.2684 18.377266 0.018353 0.000016
14.06690 1285805 20872.2848 18.406976 -0.000578 -0.000001
14.06875 1288194 20913.9679 18.426625 0.036304 0.000032
14.07061 1290588 20966.5262 18.455791 0.035760 0.000031
14.07246 1292985 21008.1000 18.475238 0.010068 0.000009
14.07432 1295388 21038.2184 18.484556 0.031481 0.000028
14.07618 1297794 21073.3785 18.498277 0.048142 0.000042
14.07803 1300205 21105.8165 18.509566 -0.074282 -0.000065
14.07989 1302621 21149.7692 18.530903 -0.011892 -0.000010
14.08175 1305041 21194.7871 18.553121 -0.025251 -0.000022
14.08360 1307466 21230.0925 18.566784 -0.053036 -0.000046
14.08546 1309895 21258.7207 18.574575 -0.055302 -0.000048
14.08731 1312328 21305.0588 18.597799 0.107654 0.000094
14.08917 1314766 21336.1355 18.607650 -0.056937 -0.000050
14.09103 1317209 21367.5581 18.617765 0.026139 0.000023
14.09288 1319656 21418.6995 18.645015 0.015949 0.000014
14.09474 1322108 21446.2739 18.651698 0.182037 0.000158
14.09659 1324564 21493.9352 18.675811 0.167527 0.000146
14.09845 1327025 21543.8250 18.701794 0.065771 0.000057
14.10031 1329491 21597.7460 18.731205 -0.029399 -0.000025
14.10216 1331961 21632.9313 18.744317 0.015615 0.000014
14.10402 1334435 21687.3848 18.774072 0.017508 0.000015
14.10587 1336914 21717.4108 18.782626 0.153450 0.000133
14.10773 1339398 21759.9872 18.801990 0.151297 0.000131
14.10959 1341887 21787.3259 18.808145 0.040975 0.000035
14.11144 1344380 21831.6248 18.828904 -0.002698 -0.000002
14.11330 1346877 21858.5105 18.834608 -0.058301 -0.000050
14.11516 1349380 21898.3445 18.851423 0.037708 0.000032
14.11701 1351887 21932.8475 18.863611 -0.002860 -0.000002
14.11887 1354398 21965.5983 18.874258 0.150416 0.000129
14.12072 1356915 21997.9086 18.884482 0.045565 0.000039
14.12258 1359436 22032.3385 18.896493 0.038963 0.000033
14.12444 1361961 22077.4985 18.917665 0.097937 0.000084
14.12629 1364492 22099.1854 18.918677 -0.023340 -0.000020
14.12815 1367027 22134.6549 18.931464 -0.115354 -0.000099
14.13000 1369566 22178.2294 18.951142 -0.012180 -0.000010
14.13186 1372111 22221.5737 18.970562 -0.011931 -0.000010
14.13372 1374660 22267.6914 18.992299 0.062578 0.000053
14.13557 1377214 22314.3047 19.014401 0.086374 0.000074
14.13743 1379773 22358.2914 19.034207 0.069595 0.000059
14.13929 1382336 22387.1646 19.041111 -0.072959 -0.000062
14.14114 1384904 22433.8367 19.063108 0.075060 0.000064
14.14300 1387477 22468.1166 19.074527 -0.054278 -0.000046
14.14485 1390055 22510.6049 19.092868 0.147773 0.000125
14.14671 1392638 22542.2659 19.101983 0.068920 0.000058
14.14857 1395225 22582.5930 19.118406 0.093658 0.000079
14.15042 1397817 22619.1488 19.131591 -0.145152 -0.000123
14.15228 1400414 22675.9554 19.161847 0.016358 0.000014
14.15413 1403016 22711.6230 19.174183 -0.041932 -0.000035
14.15599 1405622 22752.6160 19.190976 -0.007366 -0.000006
14.15785 1408234 22800.2020 19.213270 0.003158 0.000003
14.15970 1410850 22847.6561 19.235400 0.023497 0.000020
14.16156 1413471 22879.4944 19.244338 -0.137064 -0.000115
14.16342 1416097 22920.3163 19.260790 -0.078872 -0.000066
14.16527 1418728 22960.0132 19.276251 0.133052 0.000112
14.16713 1421364 23010.1772 19.300444 0.069110 0.000058
14.16898 1424005 23057.9297 19.322555 0.007746 0.000006
14.17084 1426650 23117.5693 19.354566 -0.067630 -0.000057
14.17270 1429301 23158.9917 19.371257 -0.077926 -0.000065
14.17455 1431956 23212.9303 19.398365 -0.009928 -0.000008
14.17641 1434617 23259.2072 19.419003 -0.128676 -0.000107
14.17826 1437282 23295.3665 19.431152 -0.028201 -0.000024
14.18012 1439952 23342.6880 19.452564 -0.116661 -0.000097
14.18198 1442628 23395.6550 19.478613 0.163309 0.000136
14.18383 1445308 23430.5356 19.489559 0.182999 0.000152
14.18569 1447993 23464.9038 19.500042 0.082611 0.000069
14.18755 1450683 23505.8589 19.515958 0.132189 0.000110
14.18940 1453378 23542.8296 19.528522 0.099600 0.000083
14.19126 1456078 23604.8657 19.561818 0.149802 0.000124
14.19311 1458784 23650.8796 19.581764 0.083090 0.000069
14.19497 1461494 23708.6497 19.611387 0.033212 0.000027
14.19683 1464209 23747.6917 19.625461 0.059861 0.000049
14.19868 1466929 23806.0134 19.655411 0.016265 0.000013
14.20054 1469655 23846.1802 19.670306 0.032135 0.000027
14.20239 1472385 23877.3892 19.677782 0.057937 0.000048
14.20425 1475121 23938.9717 19.710229 0.061489 0.000051
14.20611 1477861 23971.1301 19.718402 -0.015022 -0.000012
14.20796 1480607 24015.3618 19.736459 -0.004064 -0.000003
14.20982 1483358 24059.3660 19.754279 0.143145 0.000118
14.21168 1486114 24097.5393 19.767267 0.035015 0.000029
14.21353 1488875 24138.7595 19.782712 0.016190 0.000013
14.21539 1491641 24175.8684 19.794746 0.031737 0.000026
14.21724 1494412 24231.7578 19.822104 -0.026999 -0.000022
14.21910 1497188 24267.2117 19.832694 0.107013 0.000087
14.22096 1499970 24327.7900 19.863756 0.042798 0.000035
14.22281 1502757 24369.9910 19.879753 -0.054043 -0.000044
14.22467 1505549 24417.1169 19.899719 0.028073 0.000023
14.22652 1508346 24463.3311 19.918889 0.016634 0.000014
14.22838 1511148 24519.8474 19.946388 0.144615 0.000118
14.23024 1513956 24568.7317 19.967611 -0.076246 -0.000062
14.23209 1516768 24624.8892 19.994691 0.094213 0.000076
14.23395 1519586 24672.0771 20.014423 -0.046433 -0.000038
14.23580 1522409 24724.6113 20.038435 0.145840 0.000118
14.23766 1525238 24766.1133 20.053448 0.139985 0.000113
14.23952 1528072 24792.9038 20.056516 0.005843 0.000005
14.24137 1530911 24830.5215 20.068313 0.104703 0.000085
14.24323 1533755 24859.3477 20.072974 0.049362 0.000040
14.24509 1536604 24907.8259 20.093465 0.126728 0.000102
14.24694 1539459 24961.4380 20.118034 0.029220 0.000024
14.24880 1542319 25002.0229 20.132052 0.136014 0.000110
14.25065 1545185 25050.3000 20.152210 0.009569 0.000008
14.25251 1548055 25116.5430 20.186762 0.044712 0.000036
14.25437 1550931 25164.2722 20.206362 0.023422 0.000019
14.25622 1553813 25215.2944 20.228546 0.110666 0.000089
14.25808 1556700 25247.1460 20.235308 -0.010381 -0.000008
14.25993 1559592 25284.7512 20.246650 -0.048702 -0.000039
14.26179 1562489 25325.2244 20.260251 0.037357 0.000030
14.26365 1565392 25373.9951 20.280436 -0.080056 -0.000064
14.26550 1568300 25424.5308 20.301979 0.121045 0.000097
14.26736 1571214 25469.5955 20.319096 0.113218 0.000090
14.26922 1574133 25501.7375 20.325866 0.106653 0.000085
14.27107 1577058 25549.3257 20.344902 0.123905 0.000099
14.27293 1579988 25616.3833 20.379378 0.174492 0.000139
14.27478 1582923 25650.4775 20.387574 0.041246 0.000033
14.27664 1585864 25678.7571 20.391118 0.009717 0.000008
14.27850 1588810 25716.2422 20.401943 -0.008983 -0.000007
14.28035 1591762 25768.5798 20.424499 -0.056817 -0.000045
14.28221 1594719 25820.3870 20.446579 -0.004502 -0.000004
14.28406 1597682 25861.5068 20.460143 -0.082533 -0.000065
14.28592 1600651 25902.4631 20.473530 -0.084757 -0.000067
14.28778 1603624 25944.9622 20.488104 0.074077 0.000058
14.28963 1606604 25999.1057 20.511810 0.091700 0.000072
14.29149 1609588 26050.5037 20.533300 0.137796 0.000109
14.29335 1612579 26104.6318 20.556874 0.137731 0.000108
14.29520 1615575 26154.8220 20.577291 -0.016539 -0.000013
14.29706 1618576 26202.4839 20.595670 -0.090826 -0.000071
14.29891 1621583 26248.9163 20.613028 0.113197 0.000089
14.30077 1624596 26303.1218 20.636432 -0.073544 -0.000058
14.30263 1627614 26342.7197 20.648329 0.103257 0.000081
14.30448 1630638 26390.5811 20.666654 0.185128 0.000145
14.30634 1633668 26431.8196 20.679744 0.017161 0.000013
14.30819 1636703 26487.1501 20.703811 0.195211 0.000153
14.31005 1639744 26534.9700 20.721948 0.138201 0.000108
14.31191 1642790 26575.5483 20.734387 -0.039194 -0.000031
14.31376 1645842 26629.3987 20.757129 -0.059723 -0.000047
14.31562 1648900 26668.8284 20.768579 -0.034007 -0.000026
14.31747 1651963 26709.0957 20.780645 0.033936 0.000026
14.31933 1655033 26748.3933 20.791909 0.067077 0.000052
14.32119 1658107 26789.2595 20.804363 -0.013895 -0.000011
14.32304 1661188 26843.0596 20.826804 0.103192 0.000080
14.32490 1664274 26885.5579 20.840428 0.146173 0.000113
14.32676 1667366 26927.9907 20.853957 -0.036045 -0.000028
14.32861 1670464 26982.9810 20.877157 0.071418 0.000055
14.33047 1673567 27042.8230 20.904052 -0.136703 -0.000106
14.33232 1676677 27106.6724 20.933965 -0.102949 -0.000080
14.33418 1679792 27177.3718 20.969096 -0.182281 -0.000141
14.33604 1682913 27227.6975 20.988436 0.115606 0.000089
14.33789 1686039 27277.4846 21.007313 0.071351 0.000055
14.33975 1689172 27327.5605 21.026352 -0.061039 -0.000047
14.34161 1692310 27369.3242 21.038953 0.047541 0.000037
14.34346 1695454 27412.1936 21.052360 0.100142 0.000077
14.34532 1698604 27468.5991 21.076109 0.037090 0.000028
14.34717 1701760 27503.8462 21.083576 0.001316 0.000001
14.34903 1704921 27552.4995 21.101284 0.001122 0.000001
14.35089 1708089 27604.2603 21.121311 0.130180 0.000100
14.35274 1711262 27654.4407 21.140080 0.009791 0.000007
14.35460 1714442 27719.0334 21.169797 -0.044319 -0.000034
14.35645 1717627 27781.9119 21.198137 -0.031480 -0.000024
14.35831 1720818 27829.0879 21.214437 0.160568 0.000122
14.36017 1724015 27876.7834 21.231083 0.087660 0.000067
14.36202 1727218 27940.1011 21.259566 0.146322 0.000111
14.36388 1730427 28002.7078 21.287438 -0.083844 -0.000064
14.36573 1733642 28057.1545 21.309041 -0.065160 -0.000049
14.36759 1736863 28124.6899 21.340518 0.133072 0.000101
14.36945 1740089 28178.4880 21.361510 0.061834 0.000047
14.37130 1743322 28240.1099 21.388364 -0.114239 -0.000087
14.37316 1746561 28307.7261 21.419686 -0.067634 -0.000051
14.37502 1749806 28356.3176 21.436550 0.014312 0.000011
14.37687 1753057 28419.4785 21.464367 0.057527 0.000043
14.37873 1756314 28470.9587 21.483301 0.085693 0.000065
14.38058 1759577 28535.3022 21.511879 -0.130076 -0.000098
14.38244 1762846 28590.7417 21.533679 -0.050344 -0.000038
14.38430 1766121 28625.9385 21.540189 -0.054546 -0.000041
14.38615 1769402 28690.1563 21.568486 -0.012100 -0.000009
14.38801 1772690 28756.5935 21.598373 0.009843 0.000007
14.38986 1775983 28812.6870 21.620432 0.099696 0.000075
14.39172 1779283 28872.7388 21.645393 0.155712 0.000117
14.39358 1782588 28928.6423 21.667189 0.035103 0.000026
14.39543 1785900 28981.4690 21.686618 -0.045479 -0.000034
14.39729 1789218 29032.5793 21.704710 0.087052 0.000065
14.39915 1792542 29099.6760 21.734692 -0.128701 -0.000096
14.40100 1795872 29172.7944 21.769093 -0.089699 -0.000067
14.40286 1799209 29245.1780 21.802860 0.018918 0.000014
14.40471 1802552 29306.1375 21.828037 -0.010176 -0.000008
14.40657 1805900 29350.8467 21.841064 -0.046191 -0.000034
14.40843 1809256 29407.3499 21.862805 -0.026230 -0.000020
14.41028 1812617 29473.6650 21.891782 -0.039419 -0.000029
14.41214 1815985 29537.5134 21.918852 0.035274 0.000026
14.41399 1819358 29579.0151 21.929293 0.060693 0.000045
14.41585 1822739 29641.5737 21.955282 -0.038510 -0.000029
14.41771 1826125 29688.5437 21.969676 -0.011398 -0.000008
14.41956 1829518 29745.9624 21.991745 0.148245 0.000110
14.42142 1832917 29796.6318 22.008770 0.037542 0.000028
14.42328 1836322 29858.5222 22.034028 -0.080762 -0.000060
14.42513 1839734 29924.1047 22.061937 0.050877 0.000038
14.42699 1843152 29995.1804 22.093825 -0.019875 -0.000015
14.42884 1846576 30052.8901 22.115800 -0.076577 -0.000056
14.43070 1850007 30111.5298 22.138395 -0.063007 -0.000046
14.43256 1853444 30151.0720 22.146904 0.023882 0.000018
14.43441 1856887 30200.5291 22.162656 -0.041491 -0.000030
14.43627 1860337 30261.2336 22.186603 -0.108399 -0.000079
14.43812 1863793 30315.1509 22.205517 0.114690 0.000084
14.43998 1867256 30362.7463 22.219748 -0.066633 -0.000049
14.44184 1870725 30423.8066 22.243779 0.016626 0.000012
14.44369 1874201 30478.4431 22.263052 -0.040730 -0.000030
14.44555 1877683 30540.2498 22.287505 0.104365 0.000076
14.44741 1881171 30608.7717 22.316792 -0.089743 -0.000065
14.44926 1884666 30665.3884 22.337331 -0.071409 -0.000052
14.45112 1888167 30722.7207 22.358336 -0.093222 -0.000068
14.45297 1891675 30795.8621 22.390774 -0.029070 -0.000021
14.45483 1895190 30845.4473 22.406019 0.024108 0.000018
14.45669 1898711 30901.6746 22.426039 -0.065234 -0.000047
14.45854 1902238 30976.9583 22.459824 0.112694 0.000082
14.46040 1905773 31027.4883 22.475587 0.055186 0.000040
14.46225 1909313 31090.7537 22.500527 0.146473 0.000106
14.46411 1912861 31130.9338 22.508702 -0.081482 -0.000059
14.46597 1916414 31180.5359 22.523657 -0.042251 -0.000031
14.46782 1919975 31236.6628 22.543266 0.000692 0.000000
14.46968 1923542 31268.3477 22.545200 -0.105678 -0.000076
14.47154 1927116 31313.4119 22.556747 -0.094807 -0.000068
14.47339 1930696 31373.7629 22.579258 -0.018259 -0.000013
14.47525 1934283 31421.7900 22.592845 0.139033 0.000100
14.47710 1937876 31493.9004 22.623691 -0.071507 -0.000051
14.47896 1941477 31554.9604 22.646522 -0.027765 -0.000020
14.48082 1945084 31614.5569 22.668246 0.108972 0.000078
14.48267 1948697 31668.3408 22.685751 -0.058768 -0.000042
14.48453 1952318 31729.0657 22.708163 0.014331 0.000010
14.48638 1955945 31798.9299 22.737054 0.004612 0.000003
14.48824 1959579 31858.7446 22.758691 -0.003154 -0.000002
14.49010 1963220 31920.7219 22.781810 -0.003665 -0.000003
14.49195 1966867 32003.9324 22.820011 -0.044720 -0.000032
14.49381 1970521 32057.0256 22.836666 -0.004153 -0.000003
14.49566 1974182 32095.4746 22.842846 -0.046377 -0.000033
14.49752 1977850 32171.2720 22.875551 -0.106116 -0.000075
14.49938 1981524 32210.1736 22.881969 -0.052315 -0.000037
14.50123 1985206 32281.4780 22.911347 -0.062551 -0.000044
14.50309 1988894 32335.6387 22.928499 -0.073547 -0.000052
14.50495 1992589 32413.3833 22.962306 0.007499 0.000005
14.50680 1996291 32471.1785 22.981910 -0.037439 -0.000026
14.50866 2000000 32516.0027 22.992286 -0.055479 -0.000039
