logY Y P PoverSqrtY
6.90675 999 -0.0695 -0.002200
6.90975 1002 -0.0853 -0.002695
6.91175 1004 -0.0206 -0.000649
6.91374 1006 -0.0596 -0.001879
6.91672 1009 -0.0316 -0.000996
6.91870 1011 -0.1783 -0.005606
6.92067 1013 0.0806 0.002534
6.92264 1015 0.1331 0.004178
6.92560 1018 0.1469 0.004605
6.92756 1020 -0.0056 -0.000177
6.92952 1022 0.1266 0.003961
6.93245 1025 0.0887 0.002772
6.93440 1027 0.1282 0.004001
6.93634 1029 0.0671 0.002091
6.93828 1031 0.2440 0.007598
6.94119 1034 0.3585 0.011148
6.94312 1036 0.4629 0.014381
6.94505 1038 0.4015 0.012463
6.94794 1041 0.4286 0.013285
6.94986 1043 0.5220 0.016163
6.95273 1046 0.4787 0.014801
6.95464 1048 0.5106 0.015773
6.95655 1050 0.4204 0.012973
6.95940 1053 0.3979 0.012263
6.96130 1055 0.7069 0.021763
6.96319 1057 0.8094 0.024895
6.96602 1060 0.8538 0.026225
6.96791 1062 0.6624 0.020327
6.97073 1065 0.7106 0.021774
6.97261 1067 0.8180 0.025041
6.97448 1069 0.7824 0.023930
6.97728 1072 0.7520 0.022969
6.97915 1074 0.5602 0.017093
6.98193 1077 0.5758 0.017544
6.98379 1079 0.7315 0.022269
6.98564 1081 0.7178 0.021832
6.98841 1084 0.6777 0.020585
6.99026 1086 0.4756 0.014432
6.99302 1089 0.3686 0.011170
6.99485 1091 0.6430 0.019467
6.99760 1094 0.7231 0.021861
6.99942 1096 0.7671 0.023170
7.00216 1099 0.8560 0.025822
7.00397 1101 0.7437 0.022413
7.00670 1104 0.7907 0.023798
7.00851 1106 0.8973 0.026983
7.01121 1109 0.7998 0.024018
7.01302 1111 0.7501 0.022505
7.01571 1114 0.6632 0.019871
7.01751 1116 0.3865 0.011569
7.02019 1119 0.4429 0.013240
7.02198 1121 0.5558 0.016599
7.02465 1124 0.4712 0.014055
7.02643 1126 0.4101 0.012221
7.02909 1129 0.2725 0.008110
7.03086 1131 -0.0403 -0.001197
7.03351 1134 -0.1951 -0.005795
7.03527 1136 -0.0671 -0.001991
7.03791 1139 -0.0658 -0.001950
7.03966 1141 -0.0519 -0.001537
7.04229 1144 -0.0449 -0.001328
7.04491 1147 -0.0561 -0.001656
7.04665 1149 -0.2326 -0.006861
7.04925 1152 -0.3624 -0.010677
7.05099 1154 -0.1620 -0.004769
7.05359 1157 -0.1929 -0.005672
7.05618 1160 -0.2098 -0.006160
7.05790 1162 -0.1714 -0.005029
7.06048 1165 -0.1120 -0.003282
7.06219 1167 -0.2934 -0.008590
7.06476 1170 -0.4489 -0.013123
7.06732 1173 -0.6130 -0.017897
7.06902 1175 -0.5127 -0.014956
7.07157 1178 -0.6938 -0.020214
7.07412 1181 -0.6548 -0.019053
7.07581 1183 -0.5845 -0.016995
7.07834 1186 -0.5873 -0.017054
7.08087 1189 -0.6818 -0.019774
7.08255 1191 -0.9165 -0.026557
7.08506 1194 -1.0854 -0.031410
7.08757 1197 -1.1364 -0.032846
7.08924 1199 -0.9949 -0.028732
7.09174 1202 -0.9010 -0.025987
7.09423 1205 -0.7725 -0.022253
7.09589 1207 -0.6917 -0.019909
7.09838 1210 -0.6072 -0.017457
7.10085 1213 -0.6514 -0.018704
7.10332 1216 -0.7095 -0.020346
7.10497 1218 -0.8198 -0.023489
7.10743 1221 -0.7463 -0.021359
7.10988 1224 -0.5971 -0.017067
7.11233 1227 -0.4680 -0.013360
7.11396 1229 -0.3066 -0.008745
7.11639 1232 -0.3630 -0.010343
7.11883 1235 -0.4476 -0.012735
7.12125 1238 -0.4929 -0.014010
7.12367 1241 -0.5062 -0.014368
7.12528 1243 -0.4487 -0.012728
7.12769 1246 -0.2895 -0.008200
7.13010 1249 -0.1905 -0.005391
7.13250 1252 -0.1340 -0.003788
7.13489 1255 -0.1248 -0.003524
7.13648 1257 -0.3397 -0.009582
7.13887 1260 -0.2413 -0.006797
7.14125 1263 -0.0867 -0.002440
7.14362 1266 0.1272 0.003574
7.14598 1269 0.2099 0.005891
7.14835 1272 0.2725 0.007640
7.14992 1274 0.4182 0.011718
7.15227 1277 0.3125 0.008745
7.15462 1280 0.3759 0.010507
7.15696 1283 0.4648 0.012976
7.15929 1286 0.5536 0.015438
7.16162 1289 0.6489 0.018073
7.16395 1292 0.6500 0.018083
7.16627 1295 0.5199 0.014449
7.16858 1298 0.4069 0.011295
7.17089 1301 0.3638 0.010087
7.17242 1303 0.3046 0.008437
7.17472 1306 0.2536 0.007018
7.17702 1309 0.3782 0.010453
7.17931 1312 0.3956 0.010922
7.18159 1315 0.3215 0.008865
7.18387 1318 0.2548 0.007019
7.18614 1321 0.2396 0.006591
7.18841 1324 0.2572 0.007068
7.19068 1327 0.2812 0.007719
7.19293 1330 0.3027 0.008299
7.19519 1333 0.2605 0.007136
7.19744 1336 0.2685 0.007345
7.19968 1339 0.2503 0.006840
7.20192 1342 0.2167 0.005916
7.20415 1345 0.2844 0.007756
7.20638 1348 0.2865 0.007804
7.20860 1351 0.3215 0.008746
7.21082 1354 0.3006 0.008168
7.21303 1357 0.1984 0.005387
7.21524 1360 0.0970 0.002630
7.21744 1363 0.0288 0.000779
7.22037 1367 0.0033 0.000090
7.22257 1370 0.0644 0.001739
7.22475 1373 0.1001 0.002702
7.22694 1376 0.1599 0.004311
7.22911 1379 0.2402 0.006469
7.23129 1382 0.2264 0.006091
7.23346 1385 0.2084 0.005601
7.23562 1388 0.1969 0.005284
7.23778 1391 0.2181 0.005848
7.23993 1394 0.1789 0.004790
7.24280 1398 0.0293 0.000783
7.24494 1401 -0.0355 -0.000948
7.24708 1404 -0.2272 -0.006064
7.24922 1407 -0.2326 -0.006202
7.25134 1410 -0.3641 -0.009696
7.25347 1413 -0.4362 -0.011604
7.25630 1417 -0.2477 -0.006580
7.25841 1420 -0.3155 -0.008373
7.26052 1423 -0.3885 -0.010300
7.26263 1426 -0.4386 -0.011615
7.26473 1429 -0.4587 -0.012135
7.26753 1433 -0.4164 -0.011001
7.26962 1436 -0.2595 -0.006849
7.27170 1439 -0.1959 -0.005165
7.27379 1442 -0.1894 -0.004989
7.27656 1446 -0.4836 -0.012717
7.27863 1449 -0.5556 -0.014596
7.28070 1452 -0.6276 -0.016470
7.28276 1455 -0.4926 -0.012914
7.28551 1459 -0.3159 -0.008270
7.28756 1462 -0.3279 -0.008576
7.28961 1465 -0.4583 -0.011974
7.29234 1469 -0.5663 -0.014775
7.29438 1472 -0.6073 -0.015828
7.29641 1475 -0.5685 -0.014803
7.29845 1478 -0.4335 -0.011276
7.30115 1482 -0.5225 -0.013571
7.30317 1485 -0.6311 -0.016377
7.30519 1488 -0.7598 -0.019697
7.30787 1492 -0.5341 -0.013828
7.30988 1495 -0.4394 -0.011365
7.31255 1499 -0.2149 -0.005550
7.31455 1502 -0.1981 -0.005110
7.31655 1505 -0.2100 -0.005412
7.31920 1509 -0.5067 -0.013043
7.32119 1512 -0.5798 -0.014912
7.32383 1516 -0.3649 -0.009373
7.32581 1519 -0.2915 -0.007478
7.32778 1522 -0.2834 -0.007265
7.33041 1526 -0.3780 -0.009675
7.33237 1529 -0.6019 -0.015393
7.33498 1533 -0.7425 -0.018963
7.33694 1536 -0.6921 -0.017659
7.33954 1540 -0.3725 -0.009492
7.34148 1543 -0.3069 -0.007812
7.34407 1547 -0.3740 -0.009508
7.34601 1550 -0.4681 -0.011890
7.34859 1554 -0.5314 -0.013480
7.35052 1557 -0.5232 -0.013261
7.35308 1561 -0.1406 -0.003558
7.35500 1564 -0.1079 -0.002730
7.35756 1568 -0.1944 -0.004909
7.35947 1571 -0.2883 -0.007274
7.36201 1575 -0.5296 -0.013346
7.36391 1578 -0.5938 -0.014949
7.36645 1582 -0.4260 -0.010709
7.36834 1585 -0.5253 -0.013194
7.37086 1589 -0.7514 -0.018851
7.37275 1592 -0.9502 -0.023815
7.37526 1596 -1.1310 -0.028310
7.37776 1600 -0.9928 -0.024820
7.37963 1603 -0.9244 -0.023088
7.38212 1607 -0.8708 -0.021722
7.38399 1610 -0.9053 -0.022561
7.38647 1614 -1.0650 -0.026509
7.38895 1618 -0.8395 -0.020870
7.39080 1621 -0.8060 -0.020020
7.39326 1625 -0.6596 -0.016362
7.39572 1629 -0.8879 -0.021999
7.39756 1632 -0.8772 -0.021713
7.40001 1636 -0.8047 -0.019896
7.40245 1640 -0.8218 -0.020294
7.40428 1643 -0.7775 -0.019181
7.40671 1647 -0.9244 -0.022777
7.40914 1651 -0.5870 -0.014447
7.41156 1655 -0.6310 -0.015510
7.41337 1658 -0.5943 -0.014595
7.41578 1662 -0.6788 -0.016651
7.41818 1666 -0.3660 -0.008966
7.41998 1669 -0.2710 -0.006634
7.42237 1673 -0.2388 -0.005838
7.42476 1677 -0.4768 -0.011643
7.42714 1681 -0.3595 -0.008768
7.42952 1685 -0.3981 -0.009698
7.43130 1688 -0.3378 -0.008221
7.43367 1692 -0.5227 -0.012708
7.43603 1696 -0.4844 -0.011763
7.43838 1700 -0.6835 -0.016578
7.44073 1704 -1.0007 -0.024242
7.44249 1707 -0.9230 -0.022340
7.44483 1711 -0.6465 -0.015629
7.44717 1715 -0.6402 -0.015460
7.44950 1719 -0.9451 -0.022795
7.45182 1723 -0.7298 -0.017583
7.45414 1727 -0.6596 -0.015873
7.45645 1731 -0.6484 -0.015584
7.45876 1735 -0.5349 -0.012842
7.46049 1738 -0.6613 -0.015863
7.46279 1742 -0.7667 -0.018370
7.46508 1746 -1.1264 -0.026958
7.46737 1750 -0.7815 -0.018681
7.46965 1754 -0.7841 -0.018723
7.47193 1758 -1.0244 -0.024431
7.47420 1762 -1.0535 -0.025097
7.47647 1766 -1.0010 -0.023819
7.47873 1770 -0.9911 -0.023558
7.48099 1774 -0.7765 -0.018436
7.48324 1778 -0.7344 -0.017417
7.48549 1782 -1.0500 -0.024873
7.48773 1786 -0.7928 -0.018760
7.48997 1790 -0.6713 -0.015867
7.49220 1794 -0.6859 -0.016194
7.49443 1798 -0.5761 -0.013587
7.49665 1802 -0.6819 -0.016065
7.49887 1806 -0.7611 -0.017910
7.50108 1810 -0.5688 -0.013369
7.50329 1814 -0.4357 -0.010230
7.50549 1818 -0.6794 -0.015933
7.50824 1823 -0.6533 -0.015300
7.51043 1827 -0.8376 -0.019597
7.51262 1831 -0.5933 -0.013866
7.51480 1835 -0.4010 -0.009362
7.51698 1839 -0.4566 -0.010647
7.51915 1843 -0.3511 -0.008178
7.52132 1847 -0.3047 -0.007089
7.52402 1852 -0.2120 -0.004926
7.52618 1856 -0.0758 -0.001760
7.52833 1860 -0.2425 -0.005623
7.53048 1864 -0.2523 -0.005845
7.53262 1868 -0.2508 -0.005803
7.53476 1872 -0.4906 -0.011338
7.53743 1877 -0.2035 -0.004697
7.53956 1881 -0.4445 -0.010249
7.54168 1885 -0.2882 -0.006638
7.54380 1889 -0.3115 -0.007167
7.54645 1894 -0.0821 -0.001887
7.54856 1898 0.1236 0.002837
7.55066 1902 0.0591 0.001355
7.55276 1906 0.2424 0.005552
7.55538 1911 0.1277 0.002922
7.55747 1915 0.3212 0.007341
7.55956 1919 0.3979 0.009084
7.56216 1924 0.4096 0.009339
7.56424 1928 0.3039 0.006922
7.56631 1932 0.1087 0.002474
7.56890 1937 0.3011 0.006841
7.57096 1941 0.1980 0.004494
7.57302 1945 0.3812 0.008644
7.57558 1950 0.2173 0.004920
7.57763 1954 0.3842 0.008691
7.58019 1959 0.2672 0.006036
7.58223 1963 0.4646 0.010485
7.58426 1967 0.4156 0.009370
7.58680 1972 0.1322 0.002977
7.58883 1976 0.0059 0.000132
7.59136 1981 -0.1093 -0.002456
7.59337 1985 -0.1070 -0.002403
7.59589 1990 -0.3275 -0.007341
7.59790 1994 -0.4189 -0.009380
7.60040 1999 -0.5391 -0.012058
7.60240 2003 -0.3223 -0.007202
7.60489 2008 -0.2628 -0.005864
7.60688 2012 -0.3564 -0.007946
7.60937 2017 -0.4948 -0.011017
7.61135 2021 -0.4157 -0.009248
7.61382 2026 -0.2357 -0.005237
7.61579 2030 -0.2083 -0.004624
7.61825 2035 -0.3940 -0.008735
7.62071 2040 -0.5538 -0.012261
7.62266 2044 -0.2885 -0.006381
7.62511 2049 -0.3987 -0.008808
7.62706 2053 -0.4008 -0.008846
7.62949 2058 -0.7073 -0.015592
7.63192 2063 -0.4319 -0.009509
7.63385 2067 -0.4647 -0.010221
7.63627 2072 -0.4146 -0.009108
7.63868 2077 -0.6261 -0.013738
7.64060 2081 -0.5476 -0.012005
7.64300 2086 -0.3984 -0.008722
7.64540 2091 -0.5095 -0.011142
7.64731 2095 -0.5342 -0.011671
7.64969 2100 -0.7791 -0.017002
7.65207 2105 -0.6108 -0.013314
7.65444 2110 -0.4842 -0.010541
7.65634 2114 -0.5293 -0.011511
7.65870 2119 -0.4414 -0.009588
7.66106 2124 -0.4951 -0.010742
7.66341 2129 -0.0837 -0.001814
7.66528 2133 -0.2836 -0.006141
7.66763 2138 -0.2021 -0.004371
7.66996 2143 -0.2269 -0.004902
7.67229 2148 -0.3302 -0.007124
7.67462 2153 -0.2049 -0.004415
7.67694 2158 -0.3247 -0.006990
7.67879 2162 -0.3733 -0.008029
7.68110 2167 -0.3546 -0.007618
7.68340 2172 -0.4204 -0.009021
7.68570 2177 -0.2482 -0.005319
7.68800 2182 -0.2487 -0.005324
7.69029 2187 -0.4397 -0.009403
7.69257 2192 -0.1204 -0.002571
7.69485 2197 -0.1267 -0.002704
7.69712 2202 -0.3912 -0.008336
7.69939 2207 -0.2367 -0.005037
7.70165 2212 -0.2296 -0.004881
7.70391 2217 -0.4404 -0.009353
7.70616 2222 -0.4482 -0.009508
7.70841 2227 -0.4617 -0.009783
7.71065 2232 -0.5879 -0.012444
7.71289 2237 -0.2298 -0.004859
7.71512 2242 -0.3024 -0.006387
7.71735 2247 -0.4924 -0.010387
7.71957 2252 -0.3409 -0.007184
7.72179 2257 -0.2360 -0.004969
7.72400 2262 -0.4846 -0.010190
7.72621 2267 -0.4992 -0.010485
7.72842 2272 -0.5851 -0.012275
7.73061 2277 -0.6458 -0.013534
7.73281 2282 -0.4685 -0.009807
7.73543 2288 -0.6362 -0.013301
7.73762 2293 -0.6063 -0.012661
7.73979 2298 -0.5161 -0.010766
7.74197 2303 -0.3763 -0.007842
7.74414 2308 -0.5237 -0.010901
7.74630 2313 -0.7348 -0.015279
7.74889 2319 -0.5621 -0.011672
7.75105 2324 -0.5707 -0.011837
7.75319 2329 -0.8659 -0.017942
7.75534 2334 -1.0752 -0.022257
7.75791 2340 -0.9486 -0.019610
7.76004 2345 -0.8560 -0.017677
7.76217 2350 -1.0535 -0.021733
7.76430 2355 -1.1475 -0.023646
7.76684 2361 -0.8719 -0.017943
7.76896 2366 -0.7967 -0.016380
7.77107 2371 -0.8962 -0.018405
7.77359 2377 -0.7772 -0.015940
7.77570 2382 -0.7656 -0.015686
7.77779 2387 -0.7465 -0.015280
7.78030 2393 -0.7361 -0.015048
7.78239 2398 -0.6275 -0.012815
7.78489 2404 -0.4645 -0.009474
7.78697 2409 -0.6368 -0.012975
7.78904 2414 -0.4595 -0.009352
7.79152 2420 -0.3485 -0.007085
7.79359 2425 -0.1946 -0.003952
7.79606 2431 -0.2191 -0.004443
7.79811 2436 -0.3496 -0.007083
7.80057 2442 -0.3395 -0.006870
7.80262 2447 -0.2724 -0.005507
7.80507 2453 -0.3112 -0.006284
7.80710 2458 -0.3461 -0.006981
7.80954 2464 -0.2001 -0.004031
7.81157 2469 -0.2521 -0.005074
7.81400 2475 -0.4040 -0.008120
7.81642 2481 -0.4438 -0.008911
7.81843 2486 -0.2037 -0.004086
7.82084 2492 -0.2358 -0.004724
7.82285 2497 -0.3772 -0.007548
7.82525 2503 -0.4757 -0.009509
7.82764 2509 -0.2720 -0.005431
7.82963 2514 -0.4563 -0.009100
7.83201 2520 -0.4902 -0.009765
7.83439 2526 -0.4144 -0.008244
7.83637 2531 -0.1740 -0.003458
7.83874 2537 -0.3282 -0.006516
7.84110 2543 -0.3889 -0.007711
7.84306 2548 -0.2219 -0.004395
7.84542 2554 -0.1882 -0.003723
7.84776 2560 -0.4178 -0.008257
7.85010 2566 -0.4518 -0.008919
7.85205 2571 -0.4102 -0.008090
7.85438 2577 -0.3654 -0.007198
7.85671 2583 -0.3892 -0.007659
7.85903 2589 -0.0682 -0.001340
7.86134 2595 0.0870 0.001709
7.86365 2601 -0.1713 -0.003359
7.86557 2606 0.0006 0.000011
7.86787 2612 0.0627 0.001227
7.87017 2618 -0.1049 -0.002051
7.87246 2624 -0.3060 -0.005974
7.87474 2630 -0.1959 -0.003821
7.87702 2636 0.0413 0.000804
7.87929 2642 0.0260 0.000506
7.88156 2648 0.1929 0.003748
7.88382 2654 0.4122 0.008002
7.88608 2660 0.3997 0.007750
7.88833 2666 0.3547 0.006870
7.89058 2672 0.5371 0.010391
7.89283 2678 0.7751 0.014979
7.89506 2684 0.6990 0.013492
7.89730 2690 0.8762 0.016893
7.89952 2696 1.2235 0.023563
7.90175 2702 1.3317 0.025619
7.90397 2708 1.3390 0.025732
7.90618 2714 1.4071 0.027011
7.90839 2720 1.3448 0.025786
7.91059 2726 1.0902 0.020880
7.91279 2732 1.0129 0.019379
7.91535 2739 0.8570 0.016374
7.91754 2745 0.7386 0.014097
7.91972 2751 0.5784 0.011029
7.92190 2757 0.5125 0.009760
7.92407 2763 0.4371 0.008316
7.92660 2770 0.4025 0.007647
7.92877 2776 0.2358 0.004475
7.93093 2782 0.1626 0.003084
7.93308 2788 -0.1544 -0.002925
7.93559 2795 -0.5013 -0.009481
7.93773 2801 -0.4830 -0.009126
7.93987 2807 -0.3864 -0.007293
7.94236 2814 -0.6142 -0.011578
7.94449 2820 -0.5238 -0.009865
7.94662 2826 -0.4249 -0.007993
7.94909 2833 -0.4481 -0.008419
7.95121 2839 -0.5802 -0.010890
7.95332 2845 -0.5485 -0.010283
7.95578 2852 -0.7901 -0.014794
7.95788 2858 -0.8169 -0.015281
7.96032 2865 -0.6751 -0.012612
7.96242 2871 -0.7499 -0.013996
7.96485 2878 -0.7552 -0.014078
7.96693 2884 -0.6373 -0.011867
7.96936 2891 -0.7791 -0.014491
7.97143 2897 -1.0513 -0.019532
7.97384 2904 -1.1906 -0.022094
7.97591 2910 -1.2943 -0.023993
7.97831 2917 -1.3888 -0.025714
7.98037 2923 -1.1603 -0.021461
7.98276 2930 -0.8754 -0.016172
7.98480 2936 -0.9349 -0.017253
7.98718 2943 -1.0772 -0.019856
7.98956 2950 -0.7711 -0.014197
7.99159 2956 -0.9596 -0.017649
7.99396 2963 -0.9711 -0.017840
7.99632 2970 -1.0583 -0.019418
7.99834 2976 -0.9690 -0.017763
8.00068 2983 -0.7452 -0.013643
8.00303 2990 -0.6016 -0.011002
8.00503 2996 -0.7007 -0.012801
8.00737 3003 -1.0338 -0.018865
8.00970 3010 -0.8949 -0.016311
8.01202 3017 -0.8855 -0.016121
8.01434 3024 -1.1009 -0.020020
8.01632 3030 -0.9226 -0.016760
8.01863 3037 -0.5575 -0.010116
8.02093 3044 -0.5201 -0.009428
8.02322 3051 -0.5765 -0.010437
8.02552 3058 -0.1923 -0.003477
8.02780 3065 -0.3153 -0.005695
8.03008 3072 -0.5378 -0.009703
8.03204 3078 -0.4040 -0.007282
8.03431 3085 -0.3785 -0.006815
8.03657 3092 -0.1896 -0.003410
8.03883 3099 -0.1611 -0.002894
8.04109 3106 -0.1496 -0.002685
8.04334 3113 -0.0568 -0.001018
8.04559 3120 -0.0911 -0.001632
8.04783 3127 -0.2947 -0.005270
8.05007 3134 -0.2439 -0.004358
8.05230 3141 -0.2059 -0.003675
8.05452 3148 -0.0007 -0.000012
8.05706 3156 0.1623 0.002889
8.05928 3163 0.4094 0.007279
8.06149 3170 0.2791 0.004957
8.06369 3177 0.2277 0.004039
8.06589 3184 0.3369 0.005970
8.06809 3191 0.1442 0.002553
8.07028 3198 0.1753 0.003100
8.07278 3206 0.5285 0.009335
8.07496 3213 0.4524 0.007982
8.07714 3220 0.7996 0.014090
8.07931 3227 0.7225 0.012719
8.08178 3235 0.6667 0.011722
8.08395 3242 0.6734 0.011826
8.08610 3249 0.5504 0.009656
8.08856 3257 0.7841 0.013739
8.09071 3264 0.9289 0.016258
8.09285 3271 1.0770 0.018831
8.09529 3279 0.9180 0.016032
8.09743 3286 1.1073 0.019317
8.09955 3293 0.9799 0.017076
8.10198 3301 0.8322 0.014484
8.10410 3308 0.9290 0.016153
8.10651 3316 0.9049 0.015714
8.10862 3323 1.0182 0.017663
8.11103 3331 1.1982 0.020760
8.11313 3338 0.9757 0.016887
8.11552 3346 0.7650 0.013225
8.11761 3353 0.5133 0.008864
8.11999 3361 0.0827 0.001426
8.12207 3368 0.0939 0.001618
8.12445 3376 -0.0066 -0.000113
8.12652 3383 -0.1911 -0.003285
8.12888 3391 0.0161 0.000276
8.13124 3399 -0.4668 -0.008007
8.13329 3406 -0.3509 -0.006013
8.13564 3414 -0.5050 -0.008642
8.13798 3422 -0.4999 -0.008546
8.14002 3429 -0.3965 -0.006771
8.14235 3437 0.0164 0.000279
8.14468 3445 0.1319 0.002248
8.14700 3453 0.2661 0.004529
8.14902 3460 0.2634 0.004478
8.15133 3468 -0.0391 -0.000663
8.15364 3476 0.2522 0.004277
8.15594 3484 0.0718 0.001217
8.15823 3492 0.0851 0.001440
8.16052 3500 0.1443 0.002439
8.16252 3507 -0.1424 -0.002404
8.16479 3515 0.0617 0.001041
8.16707 3523 -0.1603 -0.002701
8.16934 3531 -0.4800 -0.008078
8.17160 3539 -0.1928 -0.003242
8.17386 3547 -0.2214 -0.003717
8.17611 3555 -0.2578 -0.004324
8.17836 3563 -0.1305 -0.002186
8.18060 3571 -0.2573 -0.004305
8.18284 3579 -0.3665 -0.006127
8.18507 3587 -0.3193 -0.005331
8.18730 3595 -0.3840 -0.006404
8.18952 3603 -0.2974 -0.004955
8.19202 3612 -0.3015 -0.005017
8.19423 3620 -0.0516 -0.000857
8.19644 3628 -0.1943 -0.003226
8.19864 3636 -0.7145 -0.011849
8.20084 3644 -0.4025 -0.006668
8.20303 3652 -0.6514 -0.010779
8.20549 3661 -0.4749 -0.007849
8.20767 3669 -0.4791 -0.007910
8.20985 3677 -0.4146 -0.006837
8.21203 3685 -0.2544 -0.004190
8.21447 3694 -0.5508 -0.009063
8.21663 3702 -0.4628 -0.007607
8.21879 3710 -0.1724 -0.002831
8.22121 3719 -0.0412 -0.000676
8.22336 3727 0.2059 0.003373
8.22550 3735 -0.2878 -0.004709
8.22791 3744 -0.2315 -0.003784
8.23004 3752 -0.2256 -0.003683
8.23244 3761 -0.2443 -0.003984
8.23456 3769 -0.0977 -0.001592
8.23695 3778 -0.2850 -0.004637
8.23907 3786 -0.4595 -0.007468
8.24144 3795 -0.6298 -0.010223
8.24355 3803 -0.6770 -0.010979
8.24591 3812 -0.7531 -0.012197
8.24801 3820 -0.9326 -0.015088
8.25036 3829 -0.8836 -0.014279
8.25271 3838 -0.7969 -0.012864
8.25479 3846 -0.9586 -0.015457
8.25713 3855 -0.7971 -0.012838
8.25946 3864 -0.9728 -0.015650
8.26153 3872 -0.7782 -0.012506
8.26385 3881 -0.7655 -0.012288
8.26616 3890 -0.6789 -0.010884
8.26848 3899 -0.5458 -0.008741
8.27053 3907 -0.8132 -0.013009
8.27283 3916 -0.7786 -0.012441
8.27512 3925 -1.1872 -0.018950
8.27741 3934 -1.2606 -0.020098
8.27970 3943 -1.3980 -0.022264
8.28198 3952 -1.5270 -0.024290
8.28400 3960 -1.5556 -0.024720
8.28627 3969 -1.9714 -0.031293
8.28853 3978 -1.8637 -0.029548
8.29079 3987 -2.1958 -0.034774
8.29305 3996 -1.9199 -0.030371
8.29530 4005 -1.8565 -0.029336
8.29754 4014 -1.9473 -0.030736
8.29978 4023 -1.8826 -0.029682
8.30202 4032 -2.0832 -0.032808
8.30425 4041 -1.9965 -0.031407
8.30672 4051 -1.9276 -0.030285
8.30894 4060 -1.7158 -0.026928
8.31115 4069 -1.6951 -0.026574
8.31336 4078 -1.7480 -0.027372
8.31557 4087 -1.6469 -0.025762
8.31777 4096 -1.6708 -0.026107
8.32020 4106 -1.4119 -0.022035
8.32239 4115 -1.3498 -0.021041
8.32458 4124 -1.1597 -0.018059
8.32676 4133 -1.1501 -0.017889
8.32918 4143 -1.2482 -0.019392
8.33135 4152 -1.2947 -0.020093
8.33351 4161 -1.5038 -0.023312
8.33591 4171 -1.1337 -0.017554
8.33807 4180 -1.2507 -0.019345
8.34046 4190 -1.1169 -0.017255
8.34260 4199 -1.5001 -0.023150
8.34474 4208 -1.6419 -0.025310
8.34712 4218 -2.0994 -0.032326
8.34925 4227 -1.8563 -0.028552
8.35161 4237 -1.6188 -0.024870
8.35397 4247 -1.5687 -0.024071
8.35609 4256 -1.3406 -0.020549
8.35843 4266 -1.5376 -0.023541
8.36054 4275 -1.2933 -0.019780
8.36288 4285 -1.1661 -0.017814
8.36521 4295 -0.8435 -0.012870
8.36730 4304 -0.9513 -0.014500
8.36962 4314 -0.8093 -0.012322
8.37194 4324 -0.7847 -0.011934
8.37402 4333 -0.5707 -0.008670
8.37632 4343 -0.4606 -0.006989
8.37862 4353 -0.1480 -0.002244
8.38092 4363 0.1917 0.002903
8.38320 4373 0.2243 0.003392
8.38526 4382 0.1477 0.002231
8.38754 4392 -0.3094 -0.004669
8.38981 4402 -0.0841 -0.001268
8.39208 4412 -0.2282 -0.003435
8.39435 4422 -0.3239 -0.004870
8.39661 4432 -0.5843 -0.008777
8.39886 4442 -0.5116 -0.007676
8.40111 4452 -0.7767 -0.011641
8.40335 4462 -0.2637 -0.003948
8.40559 4472 -0.2490 -0.003723
8.40782 4482 -0.1103 -0.001648
8.41005 4492 -0.1945 -0.002901
8.41228 4502 -0.0070 -0.000105
8.41450 4512 -0.3665 -0.005456
8.41693 4523 -0.0467 -0.000694
8.41914 4533 -0.4061 -0.006032
8.42134 4543 -0.0666 -0.000989
8.42354 4553 -0.4588 -0.006800
8.42574 4563 -0.4481 -0.006633
8.42814 4574 -0.2643 -0.003908
8.43033 4584 -0.1208 -0.001784
8.43251 4594 -0.0148 -0.000218
8.43490 4605 -0.1836 -0.002706
8.43707 4615 -0.1989 -0.002928
8.43923 4625 -0.1316 -0.001935
8.44161 4636 0.0341 0.000501
8.44376 4646 0.1516 0.002224
8.44613 4657 0.1328 0.001946
8.44827 4667 -0.1749 -0.002560
8.45063 4678 -0.4552 -0.006655
8.45276 4688 -0.4999 -0.007301
8.45510 4699 -0.1233 -0.001799
8.45723 4709 -0.0746 -0.001086
8.45956 4720 0.0747 0.001087
8.46189 4731 0.0369 0.000537
8.46400 4741 0.4101 0.005956
8.46632 4752 0.4607 0.006683
8.46863 4763 0.7529 0.010910
8.47073 4773 0.6446 0.009331
8.47303 4784 0.5968 0.008629
8.47533 4795 0.5630 0.008130
8.47762 4806 0.2030 0.002928
8.47991 4817 0.8314 0.011980
8.48198 4827 0.5473 0.007878
8.48426 4838 0.9104 0.013088
8.48653 4849 0.8088 0.011615
8.48879 4860 0.8352 0.011981
8.49105 4871 0.9809 0.014054
8.49331 4882 1.2042 0.017235
8.49556 4893 0.8293 0.011855
8.49781 4904 0.9947 0.014205
8.50005 4915 1.1482 0.016378
8.50228 4926 1.2706 0.018103
8.50451 4937 1.3364 0.019019
8.50674 4948 1.2407 0.017637
8.50916 4960 0.9240 0.013120
8.51138 4971 1.0724 0.015210
8.51359 4982 1.2158 0.017225
8.51579 4993 1.2856 0.018194
8.51799 5004 1.1761 0.016626
8.52039 5016 1.0633 0.015013
8.52258 5027 1.5970 0.022524
8.52476 5038 1.7138 0.024146
8.52714 5050 1.9905 0.028010
8.52932 5061 1.5190 0.021352
8.53149 5072 1.6563 0.023257
8.53385 5084 1.4165 0.019866
8.53601 5095 1.8685 0.026177
8.53837 5107 1.8328 0.025647
8.54052 5118 1.4635 0.020458
8.54286 5130 1.3390 0.018694
8.54500 5141 1.4053 0.019600
8.54733 5153 1.5582 0.021706
8.54947 5164 1.2461 0.017341
8.55179 5176 0.9620 0.013371
8.55410 5188 0.6595 0.009156
8.55622 5199 0.5100 0.007073
8.55853 5211 0.2937 0.004069
8.56083 5223 0.2384 0.003299
8.56312 5235 -0.3732 -0.005158
8.56522 5246 -0.5260 -0.007262
8.56751 5258 -0.4986 -0.006877
8.56979 5270 -0.6375 -0.008782
8.57206 5282 -0.4355 -0.005992
8.57433 5294 -0.8479 -0.011654
8.57659 5306 -0.8306 -0.011402
8.57885 5318 -0.8123 -0.011139
8.58111 5330 -1.0299 -0.014107
8.58336 5342 -1.1349 -0.015528
8.58560 5354 -1.6240 -0.022195
8.58784 5366 -1.4107 -0.019258
8.59007 5378 -1.3309 -0.018149
8.59230 5390 -1.1466 -0.015617
8.59452 5402 -1.1459 -0.015591
8.59674 5414 -1.3766 -0.018709
8.59896 5426 -1.1301 -0.015341
8.60135 5439 -1.1066 -0.015004
8.60355 5451 -0.9983 -0.013521
8.60575 5463 -1.2371 -0.016738
8.60795 5475 -0.7090 -0.009581
8.61032 5488 -0.2562 -0.003458
8.61250 5500 -0.2702 -0.003644
8.61486 5513 -0.1063 -0.001432
8.61704 5525 -0.4909 -0.006604
8.61921 5537 -0.3389 -0.004554
8.62155 5550 -0.5116 -0.006867
8.62371 5562 -0.6584 -0.008828
8.62605 5575 -0.4110 -0.005505
8.62820 5587 -0.5964 -0.007979
8.63052 5600 -0.2564 -0.003427
8.63284 5613 -0.3601 -0.004806
8.63498 5625 -0.5156 -0.006874
8.63728 5638 -0.0335 -0.000446
8.63959 5651 0.1801 0.002395
8.64171 5663 0.7333 0.009744
8.64400 5676 0.7662 0.010170
8.64629 5689 0.5031 0.006670
8.64857 5702 0.3548 0.004698
8.65085 5715 -0.1130 -0.001495
8.65295 5727 -0.1907 -0.002519
8.65521 5740 -0.3705 -0.004890
8.65748 5753 -0.7626 -0.010054
8.65973 5766 -0.7441 -0.009799
8.66199 5779 -0.6945 -0.009136
8.66423 5792 -0.7839 -0.010300
8.66647 5805 -1.2505 -0.016413
8.66871 5818 -1.4251 -0.018683
8.67094 5831 -1.2913 -0.016910
8.67334 5845 -1.4067 -0.018400
8.67556 5858 -1.7076 -0.022310
8.67778 5871 -1.4995 -0.019570
8.67999 5884 -1.3218 -0.017232
8.68220 5897 -1.0562 -0.013754
8.68457 5911 -0.5250 -0.006829
8.68677 5924 -0.4600 -0.005977
8.68896 5937 -0.1024 -0.001330
8.69131 5951 0.5513 0.007147
8.69350 5964 0.2340 0.003030
8.69584 5978 0.1930 0.002496
8.69801 5991 0.1271 0.001642
8.70018 6004 0.3260 0.004207
8.70251 6018 0.2699 0.003479
8.70483 6032 0.4583 0.005901
8.70699 6045 0.2119 0.002726
8.70930 6059 0.6629 0.008517
8.71144 6072 0.1579 0.002026
8.71375 6086 0.0702 0.000900
8.71604 6100 -0.0366 -0.000469
8.71817 6113 -0.2429 -0.003107
8.72046 6127 -0.0787 -0.001005
8.72274 6141 -0.2657 -0.003391
8.72502 6155 -0.7467 -0.009518
8.72729 6169 -0.8093 -0.010304
8.72956 6183 -0.8990 -0.011433
8.73182 6197 -1.1045 -0.014030
8.73408 6211 -1.1181 -0.014187
8.73617 6224 -0.7341 -0.009304
8.73858 6239 -0.6741 -0.008534
8.74082 6253 -0.4058 -0.005131
8.74305 6267 -0.4839 -0.006112
8.74528 6281 -0.2204 -0.002781
8.74751 6295 0.1424 0.001795
8.74973 6309 0.0588 0.000740
8.75195 6323 0.0726 0.000913
8.75432 6338 0.0675 0.000848
8.75653 6352 0.0463 0.000581
8.75873 6366 -0.3134 -0.003928
8.76092 6380 -0.1701 -0.002129
8.76327 6395 -0.0269 -0.000336
8.76546 6409 -0.1754 -0.002192
8.76780 6424 -0.3418 -0.004265
8.76997 6438 -0.6458 -0.008049
8.77230 6453 -0.6485 -0.008073
8.77447 6467 -0.3028 -0.003765
8.77678 6482 -0.0656 -0.000814
8.77894 6496 0.1661 0.002061
8.78125 6511 0.4089 0.005068
8.78355 6526 0.5837 0.007225
8.78569 6540 0.4542 0.005616
8.78798 6555 0.3418 0.004222
8.79027 6570 0.3585 0.004423
8.79255 6585 0.5907 0.007280
8.79467 6599 0.4279 0.005267
8.79694 6614 0.1445 0.001776
8.79921 6629 0.0045 0.000056
8.80147 6644 -0.0137 -0.000168
8.80372 6659 -0.2751 -0.003372
8.80597 6674 -0.0028 -0.000035
8.80822 6689 0.5176 0.006328
8.81046 6704 0.4380 0.005349
8.81269 6719 0.0200 0.000244
8.81492 6734 -0.0272 -0.000331
8.81730 6750 -0.2093 -0.002547
8.81952 6765 -0.3566 -0.004336
8.82173 6780 -0.6778 -0.008231
8.82394 6795 -0.5871 -0.007122
8.82629 6811 -0.2925 -0.003544
8.82849 6826 -0.6362 -0.007701
8.83069 6841 -0.7326 -0.008857
8.83303 6857 -0.7501 -0.009058
8.83521 6872 -0.9369 -0.011302
8.83754 6888 -1.6153 -0.019462
8.83971 6903 -2.0049 -0.024131
8.84203 6919 -1.6278 -0.019570
8.84419 6934 -1.4657 -0.017601
8.84650 6950 -1.3030 -0.015629
8.84865 6965 -0.7855 -0.009413
8.85095 6981 -0.7095 -0.008492
8.85324 6997 -0.9444 -0.011290
8.85552 7013 -1.4011 -0.016731
8.85766 7028 -0.9925 -0.011839
8.85993 7044 -0.7957 -0.009481
8.86220 7060 -0.6638 -0.007900
8.86446 7076 -0.6405 -0.007614
8.86672 7092 -0.5244 -0.006227
8.86898 7108 -0.2155 -0.002556
8.87122 7124 -0.4869 -0.005768
8.87347 7140 -0.6371 -0.007540
8.87571 7156 -0.2725 -0.003221
8.87794 7172 -0.5090 -0.006011
8.88017 7188 -1.0547 -0.012440
8.88239 7204 -0.6798 -0.008009
8.88475 7221 -1.0073 -0.011854
8.88696 7237 -0.8331 -0.009793
8.88917 7253 -0.7072 -0.008304
8.89151 7270 -0.8156 -0.009566
8.89371 7286 -1.0154 -0.011896
8.89590 7302 -1.1202 -0.013109
8.89823 7319 -0.4771 -0.005577
8.90041 7335 -0.5516 -0.006440
8.90273 7352 -0.6073 -0.007083
8.90490 7368 -0.7427 -0.008652
8.90721 7385 -0.3729 -0.004339
8.90951 7402 -0.6715 -0.007805
8.91166 7418 -0.7999 -0.009287
8.91395 7435 -0.5355 -0.006210
8.91624 7452 -0.8710 -0.010090
8.91838 7468 -0.6741 -0.007800
8.92066 7485 -0.6247 -0.007221
8.92292 7502 -0.4949 -0.005714
8.92519 7519 -0.8601 -0.009918
8.92745 7536 -0.9778 -0.011263
8.92970 7553 -0.4691 -0.005398
8.93195 7570 -0.5422 -0.006231
8.93419 7587 -0.5762 -0.006615
8.93643 7604 -0.1951 -0.002237
8.93866 7621 -0.2080 -0.002383
8.94089 7638 -0.5849 -0.006693
8.94324 7656 -0.3927 -0.004488
8.94546 7673 -0.1480 -0.001689
8.94768 7690 -0.5894 -0.006721
8.94988 7707 -0.6417 -0.007309
8.95222 7725 -0.9118 -0.010375
8.95442 7742 -1.3212 -0.015016
8.95674 7760 -1.5876 -0.018022
8.95893 7777 -1.7132 -0.019427
8.96124 7795 -2.1099 -0.023897
8.96342 7812 -2.4476 -0.027692
8.96572 7830 -2.2353 -0.025261
8.96789 7847 -1.6329 -0.018434
8.97018 7865 -1.3755 -0.015510
8.97246 7883 -0.9027 -0.010167
8.97462 7900 -0.7462 -0.008395
8.97689 7918 -1.0112 -0.011364
8.97916 7936 -0.8173 -0.009175
8.98143 7954 -0.7705 -0.008639
8.98369 7972 -0.8614 -0.009647
8.98595 7990 -0.8276 -0.009259
8.98820 8008 -1.0958 -0.012245
8.99044 8026 -1.7087 -0.019073
8.99268 8044 -1.8239 -0.020336
8.99492 8062 -1.7062 -0.019002
8.99715 8080 -1.8322 -0.020383
8.99937 8098 -1.7608 -0.019567
9.00172 8117 -1.5466 -0.017166
9.00393 8135 -1.5076 -0.016715
9.00614 8153 -1.8137 -0.020086
9.00847 8172 -2.0905 -0.023125
9.01067 8190 -2.4791 -0.027393
9.01286 8208 -2.9397 -0.032448
9.01518 8227 -2.6808 -0.029556
9.01736 8245 -2.7562 -0.030354
9.01966 8264 -2.6847 -0.029533
9.02196 8283 -2.5699 -0.028237
9.02413 8301 -2.7059 -0.029700
9.02642 8320 -2.4993 -0.027401
9.02870 8339 -2.4760 -0.027115
9.03085 8357 -2.2252 -0.024342
9.03313 8376 -2.3499 -0.025676
9.03539 8395 -1.9747 -0.021552
9.03765 8414 -1.8992 -0.020704
9.03991 8433 -2.3028 -0.025076
9.04216 8452 -1.8409 -0.020024
9.04440 8471 -1.8160 -0.019731
9.04664 8490 -1.9998 -0.021704
9.04888 8509 -1.6918 -0.018340
9.05111 8528 -1.7186 -0.018610
9.05345 8548 -1.8928 -0.020472
9.05567 8567 -1.6431 -0.017752
9.05789 8586 -1.8442 -0.019903
9.06010 8605 -1.7206 -0.018549
9.06242 8625 -2.0176 -0.021725
9.06462 8644 -1.9005 -0.020442
9.06693 8664 -2.2604 -0.024285
9.06912 8683 -1.8762 -0.020134
9.07142 8703 -1.6042 -0.017196
9.07360 8722 -1.3609 -0.014572
9.07589 8742 -1.0972 -0.011734
9.07818 8762 -0.8445 -0.009022
9.08035 8781 -1.4238 -0.015194
9.08262 8801 -1.4544 -0.015503
9.08489 8821 -1.6286 -0.017340
9.08716 8841 -1.9245 -0.020468
9.08941 8861 -1.4543 -0.015449
9.09167 8881 -1.1509 -0.012213
9.09392 8901 -1.3381 -0.014183
9.09616 8921 -0.6322 -0.006694
9.09840 8941 -0.7753 -0.008199
9.10064 8961 -0.9730 -0.010279
9.10287 8981 -0.6732 -0.007104
9.10509 9001 -0.6393 -0.006739
9.10742 9022 -0.1949 -0.002052
9.10964 9042 -0.2371 -0.002493
9.11185 9062 -0.3934 -0.004132
9.11416 9083 -0.2772 -0.002909
9.11636 9103 -0.0692 -0.000725
9.11866 9124 -0.0492 -0.000515
9.12085 9144 0.3011 0.003149
9.12315 9165 0.4539 0.004742
9.12533 9185 0.3568 0.003723
9.12761 9206 0.3523 0.003672
9.12989 9227 -0.0421 -0.000439
9.13216 9248 -0.0932 -0.000969
9.13443 9269 0.1307 0.001357
9.13659 9289 0.2012 0.002088
9.13884 9310 0.8088 0.008383
9.14110 9331 0.8083 0.008368
9.14335 9352 0.7468 0.007723
9.14559 9373 1.1958 0.012352
9.14783 9394 1.2973 0.013384
9.15017 9416 1.3970 0.014397
9.15239 9437 1.5055 0.015498
9.15462 9458 1.1892 0.012227
9.15683 9479 1.7754 0.018235
9.15915 9501 1.7229 0.017676
9.16136 9522 1.4115 0.014465
9.16367 9544 1.8258 0.018689
9.16587 9565 1.5532 0.015882
9.16816 9587 1.6271 0.016618
9.17035 9608 1.6508 0.016841
9.17264 9630 0.8509 0.008671
9.17482 9651 0.9429 0.009598
9.17709 9673 1.0715 0.010895
9.17937 9695 0.8783 0.008920
9.18163 9717 0.6657 0.006754
9.18389 9739 0.7197 0.007293
9.18615 9761 1.0615 0.010744
9.18840 9783 0.9757 0.009865
9.19065 9805 0.9729 0.009825
9.19289 9827 0.8389 0.008463
9.19513 9849 0.5850 0.005894
9.19736 9871 0.9046 0.009105
9.19958 9893 1.2509 0.012577
9.20190 9916 1.2965 0.013020
9.20412 9938 1.7044 0.017097
9.20633 9960 1.6638 0.016671
9.20864 9983 1.3736 0.013747
9.21084 10005 1.2838 0.012835
9.21314 10028 1.3507 0.013488
9.21533 10050 1.5402 0.015364
9.21761 10073 1.2642 0.012596
9.21989 10096 0.7635 0.007598
9.22207 10118 0.4816 0.004788
9.22434 10141 -0.1417 -0.001407
9.22661 10164 -0.5023 -0.004983
9.22887 10187 -0.5762 -0.005708
9.23112 10210 -0.5107 -0.005054
9.23337 10233 -0.2026 -0.002003
9.23562 10256 -0.0126 -0.000125
9.23786 10279 0.3976 0.003921
9.24009 10302 0.4851 0.004779
9.24232 10325 0.8951 0.008809
9.24455 10348 0.8497 0.008353
9.24687 10372 0.3154 0.003097
9.24908 10395 0.0401 0.000393
9.25139 10419 -0.5520 -0.005408
9.25359 10442 -0.8685 -0.008499
9.25579 10465 -0.9870 -0.009648
9.25808 10489 -1.2502 -0.012207
9.26037 10513 -0.8764 -0.008547
9.26255 10536 -1.3081 -0.012744
9.26483 10560 -0.9516 -0.009260
9.26710 10584 -0.3068 -0.002982
9.26936 10608 -0.3619 -0.003514
9.27162 10632 -0.3067 -0.002975
9.27388 10656 -0.5564 -0.005390
9.27613 10680 -0.1099 -0.001064
9.27837 10704 -0.0733 -0.000709
9.28061 10728 -0.7240 -0.006990
9.28285 10752 -0.9264 -0.008934
9.28508 10776 -0.9137 -0.008802
9.28730 10800 -0.8488 -0.008167
9.28961 10825 -0.8882 -0.008537
9.29183 10849 -0.9014 -0.008654
9.29404 10873 -0.7324 -0.007024
9.29633 10898 -0.4253 -0.004074
9.29853 10922 -0.0470 -0.000449
9.30082 10947 -0.0121 -0.000116
9.30310 10972 0.5309 0.005068
9.30529 10996 -0.0721 -0.000687
9.30756 11021 -0.3365 -0.003206
9.30982 11046 -0.6239 -0.005937
9.31208 11071 -0.0558 -0.000530
9.31434 11096 0.2399 0.002278
9.31659 11121 0.2194 0.002081
9.31884 11146 0.8692 0.008233
9.32108 11171 0.8078 0.007643
9.32331 11196 0.7748 0.007322
9.32554 11221 1.0376 0.009796
9.32786 11247 1.0957 0.010332
9.33008 11272 0.7977 0.007513
9.33229 11297 0.1898 0.001786
9.33459 11323 0.4070 0.003825
9.33680 11348 0.5895 0.005534
9.33909 11374 0.8437 0.007911
9.34128 11399 0.2267 0.002123
9.34356 11425 0.2096 0.001961
9.34583 11451 -0.4473 -0.004180
9.34810 11477 -0.2272 -0.002121
9.35028 11502 -0.3661 -0.003414
9.35253 11528 -0.3471 -0.003233
9.35479 11554 -0.8046 -0.007486
9.35703 11580 -1.3606 -0.012643
9.35928 11606 -1.1533 -0.010705
9.36152 11632 -1.9634 -0.018204
9.36383 11659 -2.1452 -0.019868
9.36606 11685 -2.3586 -0.021820
9.36828 11711 -1.6098 -0.014875
9.37059 11738 -2.0749 -0.019152
9.37280 11764 -1.7507 -0.016141
9.37509 11791 -1.5708 -0.014466
9.37729 11817 -1.2877 -0.011846
9.37958 11844 -1.3916 -0.012786
9.38177 11870 -0.8314 -0.007631
9.38404 11897 -0.5502 -0.005044
9.38631 11924 -0.5635 -0.005160
9.38857 11951 -0.0722 -0.000660
9.39083 11978 0.5254 0.004801
9.39308 12005 0.9049 0.008259
9.39533 12032 0.3123 0.002847
9.39757 12059 0.4158 0.003786
9.39980 12086 0.8458 0.007694
9.40203 12113 1.2696 0.011536
9.40426 12140 1.2271 0.011137
9.40656 12168 1.5525 0.014074
9.40878 12195 1.3609 0.012323
9.41107 12223 1.9632 0.017757
9.41328 12250 1.9442 0.017566
9.41556 12278 2.0848 0.018815
9.41776 12305 1.3004 0.011723
9.42003 12333 0.8376 0.007543
9.42230 12361 0.6030 0.005424
9.42456 12389 0.2248 0.002020
9.42682 12417 -0.0970 -0.000871
9.42899 12444 -0.0442 -0.000396
9.43124 12472 -0.1247 -0.001117
9.43356 12501 0.2639 0.002360
9.43580 12529 0.6979 0.006235
9.43803 12557 1.0007 0.008930
9.44026 12585 0.9590 0.008548
9.44256 12614 1.2308 0.010958
9.44478 12642 1.0922 0.009714
9.44699 12670 1.4748 0.013102
9.44928 12699 1.6155 0.014336
9.45156 12728 1.9694 0.017457
9.45376 12756 1.9350 0.017132
9.45603 12785 1.9944 0.017638
9.45829 12814 2.0667 0.018257
9.46055 12843 1.8883 0.016662
9.46273 12871 1.7496 0.015422
9.46498 12900 1.6384 0.014425
9.46731 12930 1.3910 0.012233
9.46955 12959 0.9812 0.008620
9.47178 12988 0.6494 0.005698
9.47401 13017 0.3812 0.003341
9.47624 13046 0.2139 0.001873
9.47853 13076 0.0318 0.000278
9.48075 13105 0.0204 0.000178
9.48304 13135 0.5043 0.004401
9.48524 13164 0.1041 0.000907
9.48752 13194 -0.2649 -0.002306
9.48979 13224 -1.2092 -0.010515
9.49198 13253 -1.2802 -0.011120
9.49424 13283 -1.2726 -0.011042
9.49650 13313 -1.0988 -0.009523
9.49875 13343 -1.1425 -0.009890
9.50099 13373 -0.7917 -0.006846
9.50323 13403 -0.9121 -0.007878
9.50547 13433 -0.8361 -0.007214
9.50777 13464 -1.4660 -0.012634
9.51000 13494 -0.5642 -0.004857
9.51222 13524 -0.1796 -0.001545
9.51451 13555 0.4597 0.003949
9.51672 13585 0.4882 0.004189
9.51900 13616 0.3516 0.003014
9.52127 13647 -0.0209 -0.000179
9.52347 13677 -0.4983 -0.004261
9.52573 13708 -0.3238 -0.002766
9.52799 13739 -0.5914 -0.005046
9.53025 13770 -0.5211 -0.004440
9.53250 13801 -0.9080 -0.007729
9.53474 13832 -0.8987 -0.007641
9.53698 13863 -1.3793 -0.011715
9.53921 13894 -1.2218 -0.010365
9.54151 13926 -1.3827 -0.011717
9.54374 13957 -1.1998 -0.010156
9.54603 13989 -1.3789 -0.011658
9.54824 14020 -1.4080 -0.011891
9.55052 14052 -1.5373 -0.012968
9.55272 14083 -1.8529 -0.015614
9.55499 14115 -1.9887 -0.016739
9.55726 14147 -1.8120 -0.015234
9.55952 14179 -1.7591 -0.014773
9.56177 14211 -2.0976 -0.017596
9.56402 14243 -2.6611 -0.022298
9.56627 14275 -2.6228 -0.021952
9.56850 14307 -2.3794 -0.019892
9.57074 14339 -1.7310 -0.014455
9.57297 14371 -1.6628 -0.013871
9.57526 14404 -1.3939 -0.011614
9.57748 14436 -0.8560 -0.007124
9.57976 14469 -1.0070 -0.008372
9.58197 14501 -0.9472 -0.007866
9.58425 14534 -1.3614 -0.011293
9.58645 14566 -0.5403 -0.004477
9.58871 14599 -0.4847 -0.004011
9.59097 14632 -0.4190 -0.003464
9.59322 14665 -0.2714 -0.002241
9.59547 14698 -0.1049 -0.000865
9.59771 14731 0.0110 0.000091
9.59995 14764 -0.2841 -0.002338
9.60225 14798 -0.1203 -0.000989
9.60447 14831 -0.6848 -0.005623
9.60670 14864 -0.8550 -0.007013
9.60898 14898 -0.3353 -0.002747
9.61119 14931 -0.2204 -0.001803
9.61347 14965 0.4428 0.003620
9.61574 14999 0.2058 0.001681
9.61794 15032 0.4389 0.003580
9.62020 15066 0.3976 0.003239
9.62245 15100 0.0739 0.000601
9.62470 15134 0.5489 0.004462
9.62694 15168 0.6329 0.005139
9.62918 15202 0.9637 0.007816
9.63148 15237 0.9843 0.007974
9.63371 15271 0.4020 0.003253
9.63593 15305 0.2249 0.001818
9.63822 15340 -0.1926 -0.001555
9.64043 15374 -1.0826 -0.008732
9.64271 15409 -2.0256 -0.016318
9.64498 15444 -2.8093 -0.022606
9.64724 15479 -2.5109 -0.020182
9.64943 15513 -2.4086 -0.019338
9.65169 15548 -1.8094 -0.014511
9.65394 15583 -1.8456 -0.014785
9.65618 15618 -2.1972 -0.017581
9.65848 15654 -2.8622 -0.022876
9.66072 15689 -3.5554 -0.028385
9.66294 15724 -3.2812 -0.026167
9.66523 15760 -2.6686 -0.021257
9.66745 15795 -2.7346 -0.021758
9.66973 15831 -2.3313 -0.018528
9.67193 15866 -1.9917 -0.015812
9.67420 15902 -1.8646 -0.014786
9.67646 15938 -1.2356 -0.009787
9.67872 15974 -0.9898 -0.007831
9.68097 16010 -1.2204 -0.009645
9.68321 16046 -1.7120 -0.013515
9.68546 16082 -1.7592 -0.013872
9.68769 16118 -1.4645 -0.011535
9.68992 16154 -1.6739 -0.013170
9.69221 16191 -1.9681 -0.015467
9.69443 16227 -1.4871 -0.011674
9.69671 16264 -1.0550 -0.008272
9.69892 16300 -1.6274 -0.012747
9.70119 16337 -0.9626 -0.007531
9.70345 16374 0.0923 0.000721
9.70571 16411 0.1783 0.001392
9.70796 16448 0.3725 0.002904
9.71021 16485 -0.0882 -0.000687
9.71245 16522 -0.0094 -0.000073
9.71469 16559 0.3769 0.002929
9.71692 16596 -0.0248 -0.000192
9.71920 16634 0.1258 0.000975
9.72143 16671 -0.1731 -0.001340
9.72370 16709 -0.1973 -0.001526
9.72591 16746 -0.0398 -0.000307
9.72818 16784 0.2206 0.001703
9.73044 16822 0.2509 0.001934
9.73270 16860 -0.2878 -0.002216
9.73495 16898 -0.3248 -0.002499
9.73720 16936 -0.6157 -0.004731
9.73944 16974 -1.3589 -0.010430
9.74167 17012 -1.4528 -0.011139
9.74391 17050 -1.9737 -0.015115
9.74619 17089 -1.9306 -0.014768
9.74841 17127 -1.3147 -0.010046
9.75069 17166 -1.3858 -0.010577
9.75290 17204 -1.4134 -0.010776
9.75516 17243 -1.4833 -0.011296
9.75742 17282 -1.6929 -0.012877
9.75967 17321 -2.0358 -0.015468
9.76192 17360 -1.6037 -0.012171
9.76417 17399 -0.8734 -0.006621
9.76641 17438 -0.7665 -0.005804
9.76864 17477 -0.3758 -0.002843
9.77093 17517 -0.6260 -0.004730
9.77315 17556 -0.5160 -0.003895
9.77543 17596 -0.6756 -0.005093
9.77764 17635 -1.0576 -0.007964
9.77991 17675 -1.0086 -0.007586
9.78217 17715 -0.5112 -0.003841
9.78442 17755 0.1437 0.001078
9.78667 17795 -0.3767 -0.002824
9.78892 17835 -0.6727 -0.005037
9.79116 17875 -0.6641 -0.004967
9.79339 17915 -0.6678 -0.004989
9.79568 17956 -0.3991 -0.002978
9.79790 17996 -0.0753 -0.000561
9.80018 18037 0.1968 0.001465
9.80240 18077 -0.2191 -0.001630
9.80466 18118 0.3385 0.002515
9.80692 18159 1.0882 0.008076
9.80918 18200 1.2102 0.008971
9.81143 18241 0.9009 0.006670
9.81367 18282 0.9508 0.007032
9.81591 18323 1.7230 0.012728
9.81815 18364 1.2412 0.009160
9.82038 18405 1.0464 0.007713
9.82266 18447 1.0424 0.007675
9.82488 18488 0.6482 0.004768
9.82715 18530 0.2010 0.001476
9.82941 18572 1.0002 0.007339
9.83167 18614 1.3016 0.009540
9.83387 18655 1.1127 0.008147
9.83612 18697 1.5690 0.011475
9.83842 18740 2.1161 0.015458
9.84065 18782 2.6994 0.019697
9.84289 18824 2.6030 0.018972
9.84512 18866 1.9149 0.013941
9.84739 18909 0.9301 0.006764
9.84966 18952 1.1772 0.008551
9.85188 18994 1.3397 0.009721
9.85414 19037 1.7640 0.012785
9.85640 19080 1.6653 0.012056
9.85865 19123 1.7705 0.012804
9.86089 19166 1.9909 0.014381
9.86313 19209 2.3754 0.017139
9.86537 19252 2.7462 0.019792
9.86765 19296 2.5594 0.018425
9.86988 19339 3.5216 0.025324
9.87215 19383 3.0629 0.022000
9.87437 19426 3.0784 0.022087
9.87663 19470 2.8306 0.020286
9.87889 19514 2.7844 0.019932
9.88114 19558 2.5184 0.018008
9.88339 19602 2.7124 0.019374
9.88563 19646 2.4720 0.017636
9.88787 19690 2.0121 0.014339
9.89015 19735 1.6581 0.011803
9.89238 19779 0.8064 0.005734
9.89465 19824 0.5464 0.003881
9.89687 19868 0.8040 0.005704
9.89913 19913 0.8815 0.006247
9.90139 19958 0.3432 0.002429
9.90364 20003 0.0083 0.000059
9.90588 20048 -0.4083 -0.002883
9.90813 20093 -0.7539 -0.005319
9.91036 20138 0.1174 0.000827
9.91260 20183 0.4885 0.003438
9.91487 20229 0.1156 0.000813
9.91709 20274 -0.2877 -0.002020
9.91936 20320 -0.4796 -0.003365
9.92162 20366 -0.3695 -0.002589
9.92388 20412 -1.3539 -0.009476
9.92613 20458 -1.8211 -0.012732
9.92838 20504 -1.9351 -0.013514
9.93062 20550 -2.5448 -0.017752
9.93285 20596 -3.1051 -0.021636
9.93513 20643 -3.4075 -0.023716
9.93736 20689 -3.6954 -0.025692
9.93963 20736 -3.3268 -0.023103
9.94184 20782 -2.7240 -0.018896
9.94410 20829 -3.5926 -0.024893
9.94636 20876 -4.3625 -0.030194
9.94860 20923 -4.5619 -0.031538
9.95085 20970 -4.1200 -0.028451
9.95309 21017 -2.7341 -0.018859
9.95537 21065 -2.3933 -0.016490
9.95760 21112 -2.2515 -0.015496
9.95987 21160 -1.9864 -0.013656
9.96209 21207 -2.1652 -0.014868
9.96435 21255 -1.9474 -0.013357
9.96660 21303 -2.2669 -0.015532
9.96885 21351 -2.1540 -0.014741
9.97110 21399 -2.0611 -0.014090
9.97334 21447 -2.6279 -0.017944
9.97558 21495 -2.8403 -0.019373
9.97785 21544 -2.7987 -0.019068
9.98008 21592 -3.0410 -0.020695
9.98234 21641 -2.6046 -0.017705
9.98461 21690 -2.1025 -0.014276
9.98686 21739 -2.0487 -0.013895
9.98907 21787 -1.5645 -0.010599
9.99136 21837 -1.8922 -0.012805
9.99360 21886 -2.2209 -0.015012
9.99584 21935 -1.6436 -0.011097
9.99807 21984 -2.0586 -0.013884
10.00034 22034 -1.6479 -0.011102
10.00261 22084 -1.5911 -0.010707
10.00482 22133 -1.1211 -0.007536
10.00708 22183 -1.0015 -0.006724
10.00933 22233 -1.1880 -0.007967
10.01158 22283 -0.8933 -0.005984
10.01382 22333 -0.4346 -0.002908
10.01610 22384 -0.4251 -0.002841
10.01833 22434 -0.6523 -0.004355
10.02056 22484 -1.0261 -0.006843
10.02282 22535 -1.1914 -0.007937
10.02509 22586 0.0089 0.000059
10.02734 22637 0.1520 0.001010
10.02959 22688 1.2761 0.008472
10.03184 22739 1.5125 0.010031
10.03408 22790 1.9091 0.012646
10.03631 22841 1.9705 0.013038
10.03859 22893 1.6738 0.011063
10.04081 22944 1.8110 0.011956
10.04308 22996 2.0816 0.013727
10.04533 23048 1.8303 0.012056
10.04759 23100 0.8268 0.005440
10.04984 23152 0.9140 0.006007
10.05208 23204 0.1821 0.001196
10.05432 23256 -0.1652 -0.001083
10.05655 23308 -0.7542 -0.004940
10.05882 23361 -0.1691 -0.001106
10.06105 23413 0.1803 0.001178
10.06331 23466 0.5646 0.003685
10.06556 23519 0.2062 0.001345
10.06781 23572 1.2783 0.008326
10.07006 23625 1.3928 0.009061
10.07230 23678 1.1824 0.007684
10.07458 23732 0.9279 0.006024
10.07681 23785 0.3995 0.002591
10.07908 23839 -0.2776 -0.001798
10.08130 23892 -0.1223 -0.000791
10.08356 23946 0.0073 0.000047
10.08581 24000 0.3033 0.001958
10.08806 24054 -0.2167 -0.001397
10.09030 24108 -1.9508 -0.012564
10.09254 24162 -1.9771 -0.012720
10.09481 24217 -2.1407 -0.013756
10.09704 24271 -1.2558 -0.008060
10.09930 24326 -1.1938 -0.007654
10.10156 24381 -1.2100 -0.007750
10.10381 24436 -0.6874 -0.004398
10.10606 24491 -0.1803 -0.001152
10.10830 24546 0.3387 0.002162
10.11054 24601 1.4552 0.009278
10.11282 24657 1.5924 0.010141
10.11504 24712 1.9784 0.012585
10.11731 24768 2.7262 0.017322
10.11957 24824 2.7134 0.017222
10.12178 24879 2.3027 0.014599
10.12403 24935 2.1743 0.013770
10.12631 24992 1.8763 0.011868
10.12855 25048 2.1841 0.013800
10.13078 25104 2.6894 0.016974
10.13305 25161 2.9253 0.018442
10.13527 25217 3.4045 0.021439
10.13753 25274 3.1200 0.019625
10.13978 25331 2.8315 0.017791
10.14203 25388 3.1750 0.019926
10.14427 25445 2.9970 0.018788
10.14655 25503 1.7734 0.011105
10.14878 25560 1.2802 0.008008
10.15105 25618 1.2683 0.007924
10.15327 25675 1.1815 0.007374
10.15553 25733 0.5064 0.003157
10.15778 25791 0.9864 0.006142
10.16003 25849 0.9457 0.005882
10.16227 25907 1.2142 0.007544
10.16454 25966 0.8620 0.005349
10.16677 26024 0.1400 0.000868
10.16904 26083 -0.5446 -0.003372
10.17126 26141 -1.5969 -0.009877
10.17351 26200 -1.5574 -0.009621
10.17576 26259 -1.4975 -0.009241
10.17801 26318 -1.7405 -0.010728
10.18029 26378 -1.7676 -0.010883
10.18252 26437 -2.0986 -0.012907
10.18479 26497 -2.0695 -0.012713
10.18701 26556 -2.2164 -0.013601
10.18927 26616 -1.3717 -0.008408
10.19152 26676 -0.1886 -0.001155
10.19377 26736 -0.5139 -0.003143
10.19601 26796 -0.8481 -0.005181
10.19828 26857 -1.5192 -0.009270
10.20051 26917 -1.9005 -0.011584
10.20278 26978 -1.5083 -0.009183
10.20500 27038 -2.7380 -0.016651
10.20725 27099 -3.6327 -0.022067
10.20950 27160 -4.4063 -0.026737
10.21178 27222 -4.8552 -0.029427
10.21402 27283 -4.5541 -0.027572
10.21625 27344 -4.2987 -0.025996
10.21852 27406 -4.7273 -0.028555
10.22078 27468 -5.3969 -0.032563
10.22300 27529 -4.9656 -0.029928
10.22524 27591 -4.5001 -0.027092
10.22753 27654 -4.9189 -0.029579
10.22977 27716 -4.9492 -0.029728
10.23200 27778 -5.8177 -0.034906
10.23427 27841 -5.4542 -0.032688
10.23649 27903 -6.1158 -0.036612
10.23874 27966 -6.9931 -0.041817
10.24099 28029 -7.1436 -0.042669
10.24324 28092 -7.7841 -0.046442
10.24552 28156 -7.7785 -0.046357
10.24775 28219 -7.6067 -0.045282
10.25002 28283 -6.9730 -0.041463
10.25224 28346 -6.8736 -0.040826
10.25450 28410 -6.8698 -0.040758
10.25675 28474 -6.3474 -0.037616
10.25899 28538 -6.1234 -0.036248
10.26123 28602 -5.5456 -0.032791
10.26350 28667 -5.4493 -0.032185
10.26573 28731 -6.1655 -0.036374
10.26799 28796 -6.2633 -0.036909
10.27025 28861 -5.3128 -0.031273
10.27250 28926 -4.3749 -0.025723
10.27474 28991 -3.9165 -0.023002
10.27698 29056 -3.5851 -0.021032
10.27925 29122 -3.1528 -0.018475
10.28148 29187 -2.0411 -0.011947
10.28374 29253 -1.5355 -0.008978
10.28599 29319 -1.6222 -0.009474
10.28824 29385 -1.6066 -0.009372
10.29048 29451 -1.0215 -0.005953
10.29272 29517 -0.3367 -0.001960
10.29499 29584 -0.1350 -0.000785
10.29722 29650 -0.1641 -0.000953
10.29947 29717 -0.2636 -0.001529
10.30173 29784 0.0150 0.000087
10.30397 29851 -0.7258 -0.004201
10.30622 29918 -1.4520 -0.008395
10.30849 29986 -2.0297 -0.011721
10.31072 30053 -1.6484 -0.009509
10.31298 30121 -2.3218 -0.013378
10.31523 30189 -2.5344 -0.014587
10.31748 30257 -3.0009 -0.017252
10.31973 30325 -3.0482 -0.017504
10.32197 30393 -3.1898 -0.018297
10.32424 30462 -2.4225 -0.013880
10.32647 30530 -2.5885 -0.014815
10.32872 30599 -1.7961 -0.010268
10.33098 30668 -1.2679 -0.007240
10.33322 30737 -1.7146 -0.009780
10.33546 30806 -0.9125 -0.005199
10.33773 30876 -1.1986 -0.006821
10.33997 30945 -1.3123 -0.007460
10.34223 31015 -1.8791 -0.010670
10.34448 31085 -0.9445 -0.005357
10.34673 31155 -1.6017 -0.009074
10.34897 31225 -2.0345 -0.011514
10.35121 31295 -1.8722 -0.010583
10.35345 31365 -2.1906 -0.012369
10.35571 31436 -1.4178 -0.007997
10.35797 31507 -1.0271 -0.005786
10.36022 31578 -1.4608 -0.008220
10.36246 31649 -1.4099 -0.007925
10.36470 31720 -1.7775 -0.009980
10.36697 31792 -2.2674 -0.012717
10.36920 31863 -1.3466 -0.007544
10.37146 31935 -0.6184 -0.003460
10.37371 32007 -0.8602 -0.004808
10.37596 32079 -1.8038 -0.010071
10.37820 32151 -2.7487 -0.015329
10.38047 32224 -2.1290 -0.011860
10.38270 32296 -2.7492 -0.015298
10.38496 32369 -2.5356 -0.014093
10.38721 32442 -2.8665 -0.015915
10.38946 32515 -2.4686 -0.013690
10.39170 32588 -2.5515 -0.014134
10.39394 32661 -2.6374 -0.014594
10.39620 32735 -1.8944 -0.010471
10.39846 32809 -1.0326 -0.005701
10.40071 32883 -1.0269 -0.005663
10.40296 32957 -0.6392 -0.003521
10.40520 33031 0.4689 0.002580
10.40744 33105 0.2588 0.001422
10.40970 33180 -0.8461 -0.004645
10.41193 33254 -0.3456 -0.001895
10.41418 33329 -0.7625 -0.004177
10.41643 33404 -1.0735 -0.005874
10.41870 33480 -0.2071 -0.001132
10.42094 33555 -0.3200 -0.001747
10.42320 33631 -1.3134 -0.007162
10.42543 33706 -1.3445 -0.007323
10.42768 33782 -0.1766 -0.000961
10.42993 33858 0.6629 0.003603
10.43217 33934 0.7689 0.004174
10.43444 34011 0.0743 0.000403
10.43667 34087 -0.4240 -0.002297
10.43893 34164 -0.5123 -0.002772
10.44118 34241 -0.3003 -0.001623
10.44343 34318 -0.8722 -0.004708
10.44567 34395 -0.4810 -0.002593
10.44793 34473 -0.1371 -0.000739
10.45019 34551 -1.4713 -0.007915
10.45242 34628 -1.3496 -0.007252
10.45467 34706 -1.0803 -0.005799
10.45691 34784 -1.3596 -0.007290
10.45918 34863 -1.9986 -0.010704
10.46142 34941 -2.9187 -0.015614
10.46367 35020 -2.5880 -0.013829
10.46593 35099 -2.5618 -0.013674
10.46818 35178 -3.1576 -0.016835
10.47042 35257 -2.2874 -0.012182
10.47266 35336 -1.8361 -0.009768
10.47492 35416 -0.9531 -0.005064
10.47718 35496 -0.1450 -0.000770
10.47943 35576 -0.4486 -0.002378
10.48167 35656 0.3929 0.002081
10.48391 35736 1.0562 0.005587
10.48618 35817 1.9916 0.010523
10.48841 35897 3.6150 0.019080
10.49066 35978 3.7492 0.019766
10.49291 36059 4.0478 0.021317
10.49516 36140 3.5668 0.018762
10.49742 36222 3.7259 0.019577
10.49966 36303 3.1745 0.016661
10.50191 36385 2.7679 0.014511
10.50416 36467 1.8293 0.009579
10.50641 36549 2.6894 0.014067
10.50865 36631 3.6701 0.019176
10.51091 36714 3.4035 0.017763
10.51314 36796 3.8339 0.019987
10.51540 36879 3.4275 0.017848
10.51765 36962 2.4966 0.012986
10.51992 37046 1.5479 0.008042
10.52215 37129 2.2706 0.011784
10.52441 37213 0.8650 0.004484
10.52664 37296 1.6282 0.008431
10.52889 37380 2.0800 0.010758
10.53116 37465 2.8439 0.014693
10.53340 37549 2.5879 0.013355
10.53564 37633 2.4325 0.012539
10.53789 37718 2.9148 0.015008
10.54014 37803 3.0222 0.015544
10.54239 37888 3.5354 0.018163
10.54466 37974 3.1171 0.015996
10.54689 38059 3.6405 0.018661
10.54915 38145 2.6920 0.013783
10.55140 38231 2.0922 0.010700
10.55365 38317 2.4217 0.012372
10.55589 38403 2.1626 0.011035
10.55815 38490 2.8814 0.014687
10.56039 38576 1.9432 0.009894
10.56264 38663 0.8588 0.004368
10.56489 38750 1.6950 0.008611
10.56713 38837 1.5124 0.007674
10.56939 38925 1.8986 0.009623
10.57162 39012 3.7768 0.019122
10.57388 39100 4.0782 0.020624
10.57613 39188 3.7655 0.019022
10.57839 39277 2.7299 0.013774
10.58063 39365 3.0633 0.015440
10.58289 39454 3.2583 0.016404
10.58512 39542 2.0923 0.010522
10.58739 39632 2.9526 0.014832
10.58964 39721 2.8016 0.014057
10.59187 39810 2.2466 0.011260
10.59413 39900 2.1617 0.010822
10.59638 39990 1.8574 0.009288
10.59863 40080 2.3398 0.011687
10.60088 40170 1.2563 0.006268
10.60311 40260 2.0081 0.010008
10.60537 40351 3.0316 0.015092
10.60762 40442 2.1537 0.010709
10.60987 40533 0.8755 0.004349
10.61211 40624 1.6249 0.008062
10.61438 40716 1.7613 0.008729
10.61661 40807 1.1460 0.005673
10.61886 40899 2.1985 0.010871
10.62111 40991 1.6449 0.008124
10.62337 41084 1.4836 0.007320
10.62561 41176 1.1085 0.005463
10.62787 41269 0.7012 0.003452
10.63012 41362 0.7182 0.003531
10.63236 41455 0.3942 0.001936
10.63460 41548 -0.0130 -0.000064
10.63686 41642 -1.5444 -0.007568
10.63912 41736 -1.8568 -0.009089
10.64137 41830 -1.2761 -0.006240
10.64361 41924 -1.2060 -0.005890
10.64585 42018 -1.9973 -0.009744
10.64811 42113 -1.9431 -0.009468
10.65037 42208 -2.9443 -0.014331
10.65261 42303 -1.9016 -0.009246
10.65486 42398 -2.9337 -0.014248
10.65709 42493 -2.2505 -0.010917
10.65935 42589 -1.6412 -0.007953
10.66160 42685 -0.7006 -0.003391
10.66385 42781 -1.2098 -0.005849
10.66609 42877 -0.5437 -0.002626
10.66835 42974 -0.3038 -0.001465
10.67061 43071 -0.1400 -0.000675
10.67285 43168 -0.0040 -0.000019
10.67510 43265 -1.3501 -0.006491
10.67734 43362 -1.5843 -0.007608
10.67960 43460 -0.8722 -0.004184
10.68185 43558 -1.6475 -0.007894
10.68410 43656 -1.4093 -0.006745
10.68634 43754 0.0747 0.000357
10.68860 43853 -0.2011 -0.000960
10.69085 43952 0.4267 0.002035
10.69310 44051 0.6373 0.003037
10.69535 44150 1.1892 0.005660
10.69759 44249 2.1906 0.010414
10.69985 44349 1.8920 0.008984
10.70210 44449 1.7704 0.008397
10.70434 44549 1.2925 0.006124
10.70659 44649 1.6530 0.007823
10.70885 44750 1.2214 0.005774
10.71108 44850 0.3003 0.001418
10.71333 44951 0.7221 0.003406
10.71559 45053 0.3588 0.001690
10.71783 45154 -0.4275 -0.002012
10.72009 45256 0.1179 0.000554
10.72234 45358 1.1289 0.005301
10.72459 45460 1.0259 0.004811
10.72683 45562 2.4202 0.011338
10.72909 45665 1.3156 0.006157
10.73132 45767 -0.3082 -0.001441
10.73359 45871 -1.4678 -0.006853
10.73583 45974 -2.0182 -0.009413
10.73807 46077 -1.2658 -0.005897
10.74032 46181 -0.0814 -0.000379
10.74257 46285 -0.9089 -0.004225
10.74482 46389 -1.2510 -0.005809
10.74708 46494 -1.4867 -0.006895
10.74931 46598 -1.6661 -0.007718
10.75156 46703 -0.3859 -0.001786
10.75383 46809 -1.1133 -0.005146
10.75607 46914 -0.3097 -0.001430
10.75833 47020 -0.1475 -0.000680
10.76056 47125 -0.2414 -0.001112
10.76283 47232 -0.6476 -0.002980
10.76507 47338 -1.1324 -0.005205
10.76733 47445 -1.1469 -0.005266
10.76956 47551 0.7915 0.003630
10.77181 47658 -0.2794 -0.001280
10.77407 47766 0.0897 0.000410
10.77631 47873 -0.2115 -0.000967
10.77856 47981 -0.4506 -0.002057
10.78081 48089 -1.6572 -0.007557
10.78305 48197 -1.9202 -0.008746
10.78531 48306 -2.0840 -0.009482
10.78756 48415 -1.9428 -0.008830
10.78981 48524 -1.4696 -0.006672
10.79206 48633 -1.3476 -0.006111
10.79430 48742 -1.4282 -0.006469
10.79655 48852 -1.6331 -0.007389
10.79880 48962 -1.3750 -0.006214
10.80104 49072 -0.6052 -0.002732
10.80330 49183 0.6048 0.002727
10.80556 49294 1.0384 0.004677
10.80781 49405 1.1307 0.005087
10.81005 49516 0.9771 0.004391
10.81229 49627 1.5064 0.006762
10.81454 49739 2.0776 0.009315
10.81679 49851 2.7156 0.012163
10.81904 49963 4.1526 0.018578
10.82130 50076 3.4609 0.015466
10.82355 50189 4.3626 0.019473
10.82580 50302 3.3111 0.014763
10.82804 50415 1.6616 0.007400
10.83030 50529 2.1391 0.009516
10.83254 50642 1.6666 0.007406
10.83479 50756 2.1646 0.009608
10.83705 50871 1.3867 0.006148
10.83929 50985 1.2904 0.005715
10.84154 51100 2.8206 0.012477
10.84379 51215 2.1183 0.009360
10.84603 51330 2.2549 0.009953
10.84829 51446 2.0862 0.009198
10.85054 51562 1.7417 0.007670
10.85279 51678 1.2677 0.005576
10.85503 51794 2.5042 0.011004
10.85729 51911 1.5782 0.006927
10.85954 52028 0.0573 0.000251
10.86178 52145 1.3365 0.005853
10.86402 52262 1.1250 0.004921
10.86628 52380 1.1466 0.005010
10.86853 52498 1.3919 0.006075
10.87078 52616 2.7967 0.012192
10.87303 52735 3.7347 0.016263
10.87527 52853 2.4892 0.010827
10.87752 52972 3.2451 0.014100
10.87978 53092 2.2283 0.009671
10.88202 53211 2.1354 0.009257
10.88427 53331 2.1619 0.009362
10.88652 53451 2.5659 0.011098
10.88876 53571 2.3407 0.010113
10.89102 53692 2.1964 0.009479
10.89327 53813 2.0641 0.008898
10.89552 53934 1.5812 0.006808
10.89778 54056 1.9066 0.008201
10.90001 54177 2.0373 0.008753
10.90226 54299 2.3272 0.009987
10.90452 54422 1.8139 0.007775
10.90676 54544 2.4534 0.010505
10.90902 54667 0.2872 0.001228
10.91126 54790 -0.0074 -0.000032
10.91351 54913 -1.4763 -0.006300
10.91576 55037 -2.2165 -0.009448
10.91801 55161 -1.5015 -0.006393
10.92026 55285 -3.7686 -0.016028
10.92252 55410 -3.6761 -0.015617
10.92475 55534 -5.1458 -0.021836
10.92702 55660 -5.2046 -0.022061
10.92926 55785 -4.3073 -0.018237
10.93150 55910 -3.9689 -0.016785
10.93375 56036 -3.4011 -0.014367
10.93601 56163 -3.6070 -0.015220
10.93825 56289 -3.3562 -0.014146
10.94051 56416 -4.0278 -0.016958
10.94276 56543 -4.5579 -0.019168
10.94500 56670 -6.1671 -0.025906
10.94726 56798 -6.1807 -0.025934
10.94951 56926 -6.3134 -0.026461
10.95175 57054 -6.7345 -0.028194
10.95399 57182 -7.8490 -0.032823
10.95625 57311 -7.7292 -0.032286
10.95850 57440 -7.3316 -0.030591
10.96074 57569 -6.4862 -0.027033
10.96300 57699 -7.1233 -0.029655
10.96525 57829 -5.4767 -0.022774
10.96749 57959 -5.3752 -0.022327
10.96975 58090 -5.2192 -0.021655
10.97198 58220 -3.4900 -0.014464
10.97425 58352 -3.6987 -0.015312
10.97649 58483 -4.7960 -0.019832
10.97875 58615 -3.5089 -0.014493
10.98100 58747 -3.3470 -0.013809
10.98324 58879 -3.8394 -0.015823
10.98548 59011 -4.6001 -0.018937
10.98773 59144 -4.8317 -0.019868
10.98999 59278 -3.4530 -0.014182
10.99223 59411 -2.6673 -0.010943
10.99449 59545 -4.0898 -0.016760
10.99674 59679 -6.6751 -0.027324
10.99898 59813 -4.8317 -0.019756
11.00123 59948 -5.9192 -0.024176
11.00348 60083 -5.4782 -0.022349
11.00573 60218 -4.5403 -0.018502
11.00798 60354 -4.5235 -0.018413
11.01023 60490 -5.2335 -0.021279
11.01248 60626 -3.4353 -0.013952
11.01472 60762 -3.2756 -0.013288
11.01697 60899 -2.5175 -0.010201
11.01922 61036 -2.8216 -0.011421
11.02148 61174 -4.3266 -0.017493
11.02373 61312 -4.8464 -0.019573
11.02598 61450 -5.1039 -0.020589
11.02822 61588 -3.9036 -0.015730
11.03048 61727 -3.9908 -0.016063
11.03273 61866 -3.5540 -0.014289
11.03497 62005 -3.2710 -0.013136
11.03723 62145 -4.1499 -0.016647
11.03946 62284 -2.5828 -0.010349
11.04172 62425 -1.3284 -0.005317
11.04396 62565 0.9617 0.003845
11.04621 62706 2.4059 0.009608
11.04846 62847 3.6494 0.014557
11.05072 62989 3.2063 0.012775
11.05297 63131 2.5829 0.010280
11.05521 63273 3.4651 0.013775
11.05746 63415 4.5477 0.018059
11.05971 63558 4.4480 0.017643
11.06196 63701 4.0037 0.015863
11.06421 63845 4.4923 0.017779
11.06645 63988 4.3040 0.017015
11.06871 64133 5.0184 0.019816
11.07096 64277 5.1106 0.020158
11.07321 64422 5.8856 0.023189
11.07546 64567 5.1039 0.020086
11.07770 64712 4.9379 0.019411
11.07996 64858 4.9434 0.019411
11.08220 65004 5.5325 0.021700
11.08445 65150 4.5692 0.017901
11.08670 65297 5.4271 0.021238
11.08895 65444 5.5025 0.021509
11.09119 65591 5.0450 0.019699
11.09345 65739 4.4035 0.017174
11.09570 65887 5.0341 0.019612
11.09794 66035 3.9688 0.015445
11.10019 66184 3.6676 0.014256
11.10244 66333 4.3161 0.016758
11.10470 66483 3.6666 0.014220
11.10694 66632 3.3677 0.013046
11.10919 66782 2.4049 0.009306
11.11145 66933 2.8933 0.011183
11.11369 67083 3.9833 0.015379
11.11593 67234 4.4252 0.017066
11.11819 67386 3.1605 0.012175
11.12045 67538 3.0643 0.011791
11.12269 67690 4.3643 0.016775
11.12494 67842 5.4966 0.021103
11.12719 67995 4.4278 0.016980
11.12944 68148 5.2745 0.020205
11.13168 68301 3.6754 0.014063
11.13393 68455 2.2884 0.008746
11.13618 68609 1.4141 0.005399
11.13844 68764 1.1511 0.004390
11.14069 68919 -0.5895 -0.002246
11.14293 69074 0.1423 0.000542
11.14518 69229 -0.7887 -0.002997
11.14743 69385 -0.3583 -0.001360
11.14967 69541 -1.7352 -0.006580
11.15193 69698 -1.4162 -0.005364
11.15418 69855 -1.8198 -0.006885
11.15642 70012 -2.4405 -0.009224
11.15868 70170 -1.5811 -0.005969
11.16093 70328 -0.5819 -0.002194
11.16317 70486 -0.5744 -0.002164
11.16542 70645 -0.9703 -0.003651
11.16767 70804 -0.9976 -0.003749
11.16991 70963 0.2125 0.000798
11.17217 71123 -0.1695 -0.000635
11.17441 71283 -0.9850 -0.003689
11.17667 71444 0.4566 0.001708
11.17892 71605 0.8569 0.003202
11.18117 71766 0.9103 0.003398
11.18342 71928 0.2307 0.000860
11.18567 72090 0.7205 0.002683
11.18792 72252 -1.8549 -0.006901
11.19017 72415 -3.5625 -0.013238
11.19242 72578 -4.3410 -0.016114
11.19466 72741 -5.6293 -0.020872
11.19691 72905 -5.8306 -0.021594
11.19916 73069 -5.7110 -0.021127
11.20142 73234 -5.2236 -0.019302
11.20365 73398 -2.9784 -0.010994
11.20591 73564 -2.4012 -0.008853
11.20815 73729 -2.2283 -0.008206
11.21040 73895 -2.9931 -0.011011
11.21266 74062 -3.0401 -0.011171
11.21491 74229 -2.6952 -0.009893
11.21716 74396 -2.5009 -0.009169
11.21940 74563 -2.8517 -0.010443
11.22165 74731 -3.7687 -0.013786
11.22390 74899 -3.7624 -0.013748
11.22615 75068 -3.7379 -0.013643
11.22840 75237 -5.0347 -0.018355
11.23064 75406 -4.6822 -0.017051
11.23289 75576 -5.5429 -0.020162
11.23514 75746 -5.9298 -0.021546
11.23740 75917 -6.5272 -0.023689
11.23965 76088 -6.7026 -0.024299
11.24189 76259 -7.9722 -0.028869
11.24414 76431 -8.6576 -0.031316
11.24639 76603 -8.6407 -0.031219
11.24865 76776 -9.0727 -0.032744
11.25089 76948 -8.7333 -0.031483
11.25314 77122 -6.4349 -0.023171
11.25538 77295 -4.3926 -0.015800
11.25763 77469 -6.0456 -0.021721
11.25989 77644 -7.5713 -0.027172
11.26214 77819 -6.8826 -0.024672
11.26439 77994 -6.1262 -0.021936
11.26664 78170 -5.6674 -0.020271
11.26889 78346 -6.4987 -0.023218
11.27113 78522 -6.9867 -0.024933
11.27339 78699 -5.9246 -0.021119
11.27563 78876 -5.7113 -0.020336
11.27789 79054 -4.9660 -0.017662
11.28014 79232 -5.4492 -0.019359
11.28238 79410 -5.7862 -0.020533
11.28463 79589 -3.3617 -0.011916
11.28688 79768 -4.7286 -0.016742
11.28913 79948 -4.7055 -0.016642
11.29138 80128 -4.4304 -0.015651
11.29362 80308 -4.5490 -0.016052
11.29588 80489 -4.7558 -0.016763
11.29812 80670 -5.0886 -0.017916
11.30038 80852 -4.2085 -0.014801
11.30262 81034 -3.1154 -0.010944
11.30487 81216 -4.4584 -0.015644
11.30712 81399 -4.6558 -0.016319
11.30936 81582 -5.2855 -0.018505
11.31162 81766 -5.0950 -0.017818
11.31386 81950 -3.1372 -0.010959
11.31612 82135 -3.4887 -0.012173
11.31837 82320 -3.9760 -0.013858
11.32061 82505 -3.5172 -0.012245
11.32287 82691 -2.3077 -0.008025
11.32511 82877 -2.2281 -0.007740
11.32737 83064 -1.6912 -0.005868
11.32962 83251 0.2672 0.000926
11.33186 83438 0.8312 0.002878
11.33411 83626 0.6128 0.002119
11.33636 83814 0.1371 0.000474
11.33861 84003 -0.5560 -0.001918
11.34086 84192 1.3789 0.004752
11.34311 84382 2.2457 0.007731
11.34536 84572 2.1537 0.007406
11.34760 84762 1.2339 0.004238
11.34985 84953 1.5612 0.005356
11.35210 85144 1.2178 0.004173
11.35435 85336 1.8624 0.006375
11.35660 85528 2.6508 0.009064
11.35885 85721 3.8067 0.013002
11.36110 85914 3.7643 0.012843
11.36335 86107 4.9503 0.016870
11.36560 86301 4.0791 0.013885
11.36785 86496 3.0921 0.010514
11.37009 86690 2.1198 0.007200
11.37235 86886 0.5728 0.001943
11.37459 87081 -0.6241 -0.002115
11.37684 87277 -0.5105 -0.001728
11.37910 87474 -0.4033 -0.001364
11.38135 87671 0.0267 0.000090
11.38359 87868 -0.0697 -0.000235
11.38584 88066 -0.2023 -0.000682
11.38809 88264 1.3857 0.004664
11.39034 88463 1.0068 0.003385
11.39259 88662 -0.3697 -0.001242
11.39484 88862 -1.1031 -0.003700
11.39709 89062 -2.9850 -0.010002
11.39934 89263 -3.6684 -0.012278
11.40159 89464 -3.8578 -0.012898
11.40384 89665 -4.4331 -0.014805
11.40609 89867 -3.6129 -0.012052
11.40833 90069 -3.8796 -0.012927
11.41058 90272 -3.2171 -0.010707
11.41283 90475 -1.4747 -0.004903
11.41508 90679 -1.4327 -0.004758
11.41733 90883 -2.4129 -0.008004
11.41958 91088 -0.7949 -0.002634
11.42183 91293 -0.9393 -0.003109
11.42408 91499 -0.1561 -0.000516
11.42633 91705 0.6810 0.002249
11.42858 91911 -0.8688 -0.002866
11.43083 92118 -1.3125 -0.004324
11.43307 92325 1.3238 0.004357
11.43532 92533 2.9274 0.009624
11.43758 92742 3.5518 0.011663
11.43982 92950 3.7411 0.012271
11.44207 93160 2.1321 0.006985
11.44433 93370 2.8063 0.009184
11.44657 93580 2.1353 0.006980
11.44882 93791 2.1883 0.007145
11.45107 94002 1.0574 0.003449
11.45331 94213 2.9800 0.009709
11.45556 94425 3.7069 0.012063
11.45781 94638 2.3953 0.007786
11.46006 94851 0.3456 0.001122
11.46232 95065 2.1217 0.006881
11.46456 95279 2.4210 0.007843
11.46681 95493 0.4042 0.001308
11.46906 95708 2.4328 0.007864
11.47131 95924 2.3350 0.007539
11.47356 96140 0.8100 0.002613
11.47580 96356 0.7321 0.002358
11.47805 96573 0.2593 0.000835
11.48031 96791 0.0159 0.000051
11.48256 97009 -0.7041 -0.002261
11.48480 97227 -3.0455 -0.009767
11.48705 97446 -1.6781 -0.005376
11.48931 97666 -3.3749 -0.010799
11.49155 97885 -6.1675 -0.019713
11.49380 98106 -5.1805 -0.016539
11.49605 98327 -4.5887 -0.014634
11.49830 98548 -3.9361 -0.012539
11.50055 98770 -4.1093 -0.013075
11.50279 98992 -2.9773 -0.009463
11.50504 99215 -3.1547 -0.010015
11.50730 99439 -1.5615 -0.004952
11.50955 99663 -1.0741 -0.003402
11.51179 99887 0.0085 0.000027
11.51404 100112 -2.7770 -0.008777
11.51629 100337 -3.7281 -0.011769
11.51854 100563 -2.5827 -0.008144
11.52079 100790 -2.7966 -0.008809
11.52304 101017 -2.2592 -0.007108
11.52529 101244 -1.0473 -0.003291
11.52754 101472 -1.4799 -0.004646
11.52979 101701 -1.6357 -0.005129
11.53204 101930 -0.4477 -0.001402
11.53429 102159 -0.2169 -0.000679
11.53653 102389 0.3565 0.001114
11.53879 102620 -0.3314 -0.001035
11.54104 102851 0.3331 0.001039
11.54328 103082 -0.7560 -0.002355
11.54554 103315 -0.6788 -0.002112
11.54778 103547 -1.8953 -0.005890
11.55003 103780 -2.8308 -0.008787
11.55228 104014 -1.5065 -0.004671
11.55453 104248 -0.4440 -0.001375
11.55678 104483 1.1932 0.003691
11.55903 104718 1.4760 0.004561
11.56128 104954 2.3306 0.007194
11.56352 105190 1.8566 0.005724
11.56577 105427 1.4830 0.004567
11.56803 105665 1.7036 0.005241
11.57028 105903 1.9397 0.005960
11.57252 106141 3.4400 0.010559
11.57477 106380 3.6034 0.011048
11.57703 106620 3.1292 0.009583
11.57927 106860 5.6263 0.017212
11.58152 107100 5.1075 0.015607
11.58377 107341 5.1669 0.015771
11.58602 107583 3.3987 0.010362
11.58826 107825 3.7400 0.011390
11.59052 108068 2.3773 0.007232
11.59276 108311 2.6469 0.008043
11.59501 108555 1.3593 0.004126
11.59727 108800 -0.2760 -0.000837
11.59952 109045 -0.0704 -0.000213
11.60176 109290 0.9581 0.002898
11.60401 109536 1.1577 0.003498
11.60626 109783 2.3198 0.007001
11.60851 110030 1.2296 0.003707
11.61076 110278 -0.5550 -0.001671
11.61301 110526 -2.9736 -0.008944
11.61526 110775 -3.3778 -0.010149
11.61751 111025 -6.0984 -0.018302
11.61976 111275 -3.8120 -0.011428
11.62200 111525 -2.3882 -0.007151
11.62425 111776 -3.0551 -0.009138
11.62650 112028 -0.3369 -0.001007
11.62875 112280 -0.6793 -0.002027
11.63100 112533 -0.9370 -0.002793
11.63325 112786 -1.9498 -0.005806
11.63550 113040 -1.3790 -0.004102
11.63775 113295 -1.5143 -0.004499
11.64000 113550 -2.4713 -0.007334
11.64225 113806 -3.1865 -0.009446
11.64450 114062 -3.8356 -0.011357
11.64675 114319 -3.9314 -0.011627
11.64899 114576 -4.3656 -0.012897
11.65124 114834 -4.7560 -0.014035
11.65350 115093 -3.8080 -0.011225
11.65574 115352 -5.0773 -0.014949
11.65800 115612 -5.1973 -0.015285
11.66024 115872 -4.5779 -0.013449
11.66249 116133 -4.1164 -0.012079
11.66474 116394 -4.0148 -0.011768
11.66699 116657 -2.6938 -0.007887
11.66924 116919 -2.6454 -0.007737
11.67148 117182 -2.9139 -0.008512
11.67373 117446 -3.7552 -0.010958
11.67599 117711 -1.9199 -0.005596
11.67824 117976 -3.4483 -0.010039
11.68048 118241 -5.3311 -0.015504
11.68274 118508 -4.9609 -0.014411
11.68499 118775 -6.2883 -0.018246
11.68723 119042 -3.4723 -0.010064
11.68948 119310 -3.7347 -0.010812
11.69173 119579 -3.8033 -0.010998
11.69398 119848 -4.3327 -0.012515
11.69623 120118 -3.0637 -0.008840
11.69848 120388 -2.8699 -0.008271
11.70072 120659 -1.1951 -0.003440
11.70298 120931 0.5186 0.001491
11.70522 121203 1.7621 0.005061
11.70747 121476 3.7206 0.010675
11.70973 121750 3.5470 0.010165
11.71197 122024 3.9588 0.011333
11.71422 122299 5.8564 0.016746
11.71647 122574 7.3934 0.021118
11.71872 122850 7.2669 0.020733
11.72097 123127 8.2174 0.023419
11.72322 123404 9.3832 0.026711
11.72547 123682 9.7827 0.027817
11.72771 123960 10.1090 0.028712
11.72996 124239 9.6254 0.027308
11.73221 124519 10.2705 0.029105
11.73447 124800 11.0152 0.031181
11.73672 125081 10.5591 0.029856
11.73896 125362 10.1763 0.028741
11.74122 125645 7.9563 0.022446
11.74346 125927 8.1801 0.023052
11.74571 126211 7.6760 0.021607
11.74796 126495 7.4418 0.020924
11.75021 126780 6.7110 0.018848
11.75245 127065 6.7257 0.018868
11.75471 127352 8.7404 0.024492
11.75695 127638 8.3228 0.023296
11.75921 127926 8.0137 0.022405
11.76146 128214 5.9394 0.016587
11.76371 128503 4.9519 0.013814
11.76595 128792 5.1688 0.014403
11.76820 129082 3.4703 0.009659
11.77045 129373 2.8102 0.007813
11.77270 129664 0.0282 0.000078
11.77495 129956 1.1698 0.003245
11.77720 130248 0.2118 0.000587
11.77945 130542 -0.2296 -0.000635
11.78170 130836 0.7959 0.002200
11.78394 131130 -1.3279 -0.003667
11.78620 131426 -2.9728 -0.008200
11.78844 131721 -2.0941 -0.005770
11.79069 132018 -4.1191 -0.011337
11.79294 132315 -2.2767 -0.006259
11.79519 132613 -4.5762 -0.012566
11.79744 132912 -4.0087 -0.010996
11.79969 133211 -3.3200 -0.009096
11.80194 133511 -3.9000 -0.010673
11.80419 133812 -3.8039 -0.010399
11.80644 134113 -3.9344 -0.010743
11.80869 134415 -5.6956 -0.015535
11.81094 134718 -3.7084 -0.010103
11.81319 135021 -3.8812 -0.010563
11.81543 135325 -4.0935 -0.011128
11.81769 135630 -2.3458 -0.006370
11.81993 135935 -0.8496 -0.002304
11.82218 136241 -0.9246 -0.002505
11.82443 136548 -1.0765 -0.002913
11.82668 136855 -2.2856 -0.006178
11.82893 137164 -3.2739 -0.008840
11.83118 137472 -3.9198 -0.010572
11.83343 137782 -3.7738 -0.010167
11.83568 138092 -4.1080 -0.011055
11.83792 138403 -5.2198 -0.014031
11.84018 138715 -4.4391 -0.011919
11.84242 139027 -4.3118 -0.011564
11.84467 139340 -3.2153 -0.008614
11.84692 139654 -3.1013 -0.008299
11.84917 139968 -0.8466 -0.002263
11.85142 140284 -1.5685 -0.004188
11.85367 140600 0.2367 0.000631
11.85592 140916 0.4515 0.001203
11.85817 141233 -0.6836 -0.001819
11.86042 141551 -2.3871 -0.006345
11.86267 141870 -0.6999 -0.001858
11.86492 142190 -1.0145 -0.002691
11.86717 142510 -0.2580 -0.000684
11.86942 142831 -0.4898 -0.001296
11.87166 143152 0.4754 0.001257
11.87392 143475 -0.7871 -0.002078
11.87616 143798 -0.1204 -0.000318
11.87841 144121 1.7790 0.004686
11.88066 144446 0.7211 0.001897
11.88291 144771 -1.1361 -0.002986
11.88516 145097 -2.7105 -0.007116
11.88741 145424 -3.4358 -0.009010
11.88965 145751 -3.5604 -0.009326
11.89191 146080 -3.8618 -0.010104
11.89415 146408 -4.8669 -0.012719
11.89640 146738 -5.3069 -0.013854
11.89866 147069 -4.5285 -0.011809
11.90091 147400 -3.4927 -0.009097
11.90316 147732 -5.2907 -0.013765
11.90540 148064 -3.8994 -0.010134
11.90765 148398 -5.9495 -0.015444
11.90990 148732 -5.9089 -0.015322
11.91215 149067 -5.4805 -0.014195
11.91440 149402 -4.1149 -0.010646
11.91665 149739 -4.9950 -0.012908
11.91890 150076 -4.0202 -0.010377
11.92115 150414 -3.8263 -0.009866
11.92340 150753 -4.0322 -0.010385
11.92564 151092 -1.5128 -0.003892
11.92789 151432 -1.6233 -0.004171
11.93014 151773 -0.3001 -0.000770
11.93239 152115 -0.2429 -0.000623
11.93464 152457 -0.2047 -0.000524
11.93689 152801 -0.2829 -0.000724
11.93914 153145 1.5258 0.003899
11.94139 153490 1.5700 0.004007
11.94364 153835 2.5234 0.006434
11.94589 154182 2.4885 0.006337
11.94814 154529 1.5613 0.003972
11.95039 154877 0.4931 0.001253
11.95264 155226 -1.4634 -0.003714
11.95488 155575 -0.6348 -0.001609
11.95713 155925 -2.2558 -0.005713
11.95938 156276 -3.0284 -0.007661
11.96163 156628 -1.1833 -0.002990
11.96388 156981 -2.4381 -0.006154
11.96613 157335 -1.8387 -0.004636
11.96838 157689 -0.9437 -0.002377
11.97063 158044 -1.3670 -0.003439
11.97288 158400 -1.7021 -0.004277
11.97512 158756 -3.0613 -0.007683
11.97738 159114 -1.3090 -0.003281
11.97962 159472 -0.9542 -0.002389
11.98187 159831 -2.1801 -0.005453
11.98412 160191 0.0121 0.000030
11.98637 160552 0.2267 0.000566
11.98862 160913 0.1483 0.000370
11.99087 161276 2.3128 0.005759
11.99312 161639 2.2133 0.005505
11.99537 162003 3.8477 0.009560
11.99762 162368 3.0129 0.007477
11.99987 162733 4.1271 0.010231
12.00212 163100 2.4405 0.006043
12.00437 163467 1.7862 0.004418
12.00662 163835 5.0243 0.012413
12.00886 164204 5.2438 0.012941
12.01112 164574 5.0664 0.012489
12.01336 164944 3.4535 0.008503
12.01561 165316 2.3493 0.005778
12.01786 165688 2.9434 0.007231
12.02011 166061 0.1990 0.000488
12.02236 166435 1.2140 0.002976
12.02461 166810 3.7542 0.009192
12.02686 167185 3.8472 0.009409
12.02911 167562 4.8841 0.011932
12.03136 167939 4.9058 0.011971
12.03360 168317 2.6921 0.006562
12.03585 168696 1.3407 0.003264
12.03810 169076 1.2310 0.002994
12.04035 169457 -0.9160 -0.002225
12.04260 169838 -1.7050 -0.004137
12.04485 170221 -2.7461 -0.006656
12.04710 170604 0.4014 0.000972
12.04935 170988 -0.5324 -0.001288
12.05160 171373 -0.3892 -0.000940
12.05385 171759 -0.2543 -0.000614
12.05610 172146 0.2929 0.000706
12.05834 172533 -1.4159 -0.003409
12.06060 172922 1.4331 0.003446
12.06284 173311 1.4164 0.003402
12.06509 173701 2.3828 0.005717
12.06734 174093 5.0746 0.012162
12.06959 174485 5.9389 0.014218
12.07184 174877 5.9219 0.014161
12.07409 175271 5.4701 0.013066
12.07634 175666 4.6353 0.011059
12.07859 176061 4.3087 0.010269
12.08084 176458 4.3014 0.010240
12.08309 176855 4.6000 0.010938
12.08533 177253 4.6299 0.010997
12.08759 177653 4.9864 0.011830
12.08984 178053 1.8530 0.004391
12.09208 178453 1.1782 0.002789
12.09433 178855 -0.2535 -0.000599
12.09658 179258 -1.9754 -0.004666
12.09883 179662 -2.3323 -0.005502
12.10108 180066 -4.0894 -0.009637
12.10333 180472 -2.1939 -0.005164
12.10558 180878 -0.6835 -0.001607
12.10783 181285 -0.6247 -0.001467
12.11008 181694 0.1376 0.000323
12.11233 182103 0.2858 0.000670
12.11458 182513 -0.7337 -0.001717
12.11683 182924 0.9465 0.002213
12.11908 183336 -0.1691 -0.000395
12.12132 183748 0.3973 0.000927
12.12357 184162 -1.8790 -0.004379
12.12582 184577 -2.3007 -0.005355
12.12807 184992 -3.1820 -0.007398
12.13032 185409 -3.9195 -0.009103
12.13257 185826 -5.9348 -0.013767
12.13482 186245 -6.7860 -0.015724
12.13707 186664 -7.8769 -0.018232
12.13932 187085 -8.5119 -0.019679
12.14157 187506 -7.1878 -0.016599
12.14381 187928 -4.5009 -0.010383
12.14606 188351 -3.7533 -0.008648
12.14831 188775 -3.7627 -0.008660
12.15056 189200 -2.8535 -0.006560
12.15281 189626 -5.2185 -0.011984
12.15506 190053 -4.4738 -0.010262
12.15731 190481 -6.3447 -0.014537
12.15956 190910 -7.1705 -0.016411
12.16181 191340 -8.2985 -0.018971
12.16406 191771 -7.1288 -0.016279
12.16631 192203 -8.7890 -0.020047
12.16856 192636 -9.3924 -0.021400
12.17080 193069 -9.7951 -0.022292
12.17305 193504 -12.8597 -0.029234
12.17530 193940 -13.5117 -0.030682
12.17755 194376 -12.4537 -0.028247
12.17980 194814 -13.3376 -0.030218
12.18205 195253 -13.0067 -0.029435
12.18430 195692 -12.2919 -0.027786
12.18655 196133 -12.6495 -0.028563
12.18880 196575 -10.4989 -0.023680
12.19105 197017 -10.6004 -0.023882
12.19330 197461 -8.3961 -0.018895
12.19555 197906 -5.8212 -0.013085
12.19779 198351 -3.8603 -0.008668
12.20004 198798 -0.9376 -0.002103
12.20229 199245 -1.0120 -0.002267
12.20454 199694 -0.7335 -0.001641
12.20679 200144 -1.5122 -0.003380
12.20904 200594 -2.1705 -0.004846
12.21129 201046 -4.3340 -0.009666
12.21354 201499 -5.3846 -0.011995
12.21579 201952 -6.5308 -0.014533
12.21804 202407 -4.7949 -0.010658
12.22029 202863 -6.3121 -0.014014
12.22254 203320 -4.9680 -0.011018
12.22479 203778 -2.6705 -0.005916
12.22703 204236 -4.0889 -0.009048
12.22928 204696 -0.5217 -0.001153
12.23153 205157 -1.9213 -0.004242
12.23378 205619 0.4714 0.001040
12.23603 206082 -2.3329 -0.005139
12.23828 206546 -1.7047 -0.003751
12.24053 207011 0.4677 0.001028
12.24278 207477 -0.6422 -0.001410
12.24503 207945 -1.1821 -0.002592
12.24728 208413 1.4957 0.003276
12.24952 208882 4.1723 0.009129
12.25177 209352 4.4664 0.009761
12.25402 209824 4.8649 0.010621
12.25627 210296 4.1304 0.009007
12.25852 210770 7.5363 0.016415
12.26077 211244 9.1770 0.019967
12.26302 211720 10.1441 0.022046
12.26527 212197 9.4093 0.020426
12.26752 212675 9.1323 0.019803
12.26977 213154 7.3338 0.015885
12.27201 213633 6.2905 0.013610
12.27427 214115 9.3647 0.020238
12.27652 214597 11.4864 0.024795
12.27877 215080 9.0958 0.019613
12.28101 215564 8.5165 0.018343
12.28327 216050 6.8844 0.014811
12.28551 216536 7.3269 0.015745
12.28776 217024 8.6476 0.018563
12.29001 217512 5.3421 0.011454
12.29226 218002 5.5310 0.011846
12.29451 218493 5.8255 0.012463
12.29676 218985 6.3041 0.013472
12.29901 219478 5.4253 0.011581
12.30126 219972 3.7080 0.007906
12.30350 220467 4.0691 0.008666
12.30576 220964 3.8841 0.008263
12.30800 221461 -0.2838 -0.000603
12.31025 221960 -2.8907 -0.006136
12.31250 222460 -2.1572 -0.004574
12.31475 222961 -0.3785 -0.000802
12.31700 223463 0.0745 0.000158
12.31925 223966 -0.5513 -0.001165
12.32150 224470 -0.9763 -0.002061
12.32375 224976 -0.7645 -0.001612
12.32600 225482 1.1229 0.002365
12.32825 225990 -1.3518 -0.002844
12.33050 226499 -1.1749 -0.002469
12.33274 227009 0.2244 0.000471
12.33499 227520 0.8984 0.001883
12.33724 228032 0.3942 0.000826
12.33949 228546 2.9277 0.006124
12.34174 229061 5.8992 0.012326
12.34399 229576 3.9048 0.008150
12.34624 230093 1.6552 0.003451
12.34849 230611 1.4166 0.002950
12.35074 231131 0.0960 0.000200
12.35299 231651 1.4503 0.003013
12.35524 232173 2.8109 0.005834
12.35748 232695 1.3979 0.002898
12.35973 233219 2.3441 0.004854
12.36199 233745 1.7251 0.003568
12.36423 234271 4.3990 0.009089
12.36648 234798 2.7403 0.005655
12.36873 235327 1.8688 0.003852
12.37098 235857 3.0659 0.006313
12.37323 236388 0.2748 0.000565
12.37548 236920 2.0329 0.004176
12.37773 237454 2.6228 0.005382
12.37998 237988 -0.0443 -0.000091
12.38223 238524 -2.1942 -0.004493
12.38447 239061 -3.2388 -0.006624
12.38673 239600 -4.5412 -0.009277
12.38897 240139 -2.7133 -0.005537
12.39122 240680 -0.6974 -0.001421
12.39347 241222 -1.7025 -0.003466
12.39572 241765 -1.8429 -0.003748
12.39797 242309 -0.5433 -0.001104
12.40022 242855 -0.1985 -0.000403
12.40247 243402 -1.5448 -0.003131
12.40472 243950 -5.6315 -0.011402
12.40697 244499 -3.7659 -0.007616
12.40922 245050 -1.5782 -0.003188
12.41147 245602 0.3467 0.000700
12.41372 246155 4.1798 0.008425
12.41596 246709 3.4975 0.007041
12.41821 247264 3.3494 0.006736
12.42046 247821 -0.1244 -0.000250
12.42271 248379 -0.5839 -0.001172
12.42496 248938 1.2709 0.002547
12.42721 249499 0.8307 0.001663
12.42946 250061 0.5738 0.001147
12.43171 250624 0.0016 0.000003
12.43396 251188 0.3947 0.000787
12.43621 251754 -0.6350 -0.001266
12.43846 252321 2.5696 0.005115
12.44071 252889 0.7183 0.001428
12.44295 253458 -0.9153 -0.001818
12.44520 254029 -1.5979 -0.003170
12.44745 254601 -3.4003 -0.006739
12.44970 255174 -0.4127 -0.000817
12.45195 255749 0.2931 0.000580
12.45420 256325 0.5273 0.001041
12.45645 256902 2.5553 0.005042
12.45870 257480 4.0758 0.008032
12.46095 258060 2.2396 0.004409
12.46320 258641 2.0770 0.004084
12.46545 259224 0.3363 0.000661
12.46769 259807 -3.7340 -0.007326
12.46994 260392 -2.9725 -0.005825
12.47220 260979 -2.0910 -0.004093
12.47444 261566 -1.0204 -0.001995
12.47669 262155 -0.5964 -0.001165
12.47894 262745 -1.4973 -0.002921
12.48119 263337 -0.5483 -0.001069
12.48344 263930 -0.9973 -0.001941
12.48569 264524 -1.6648 -0.003237
12.48794 265120 1.3229 0.002569
12.49019 265717 0.7853 0.001523
12.49244 266315 0.7544 0.001462
12.49469 266915 1.9864 0.003845
12.49693 267516 1.3709 0.002651
12.49918 268118 1.3894 0.002683
12.50143 268722 1.9569 0.003775
12.50368 269327 1.6324 0.003145
12.50593 269934 1.0958 0.002109
12.50818 270541 2.7125 0.005215
12.51043 271151 1.0069 0.001934
12.51268 271761 3.8786 0.007440
12.51493 272373 5.4982 0.010535
12.51718 272986 2.6634 0.005098
12.51943 273601 2.7328 0.005225
12.52168 274217 2.1650 0.004134
12.52393 274835 1.2346 0.002355
12.52617 275453 2.8828 0.005493
12.52842 276074 5.5901 0.010639
12.53067 276695 1.5520 0.002951
12.53292 277318 3.1784 0.006036
12.53517 277943 1.9830 0.003761
12.53742 278569 2.4526 0.004647
12.53967 279196 2.6005 0.004921
12.54192 279824 4.3453 0.008214
12.54417 280455 1.6881 0.003188
12.54642 281086 3.0594 0.005771
12.54867 281719 2.9766 0.005608
12.55091 282353 4.5029 0.008474
12.55316 282989 3.2406 0.006092
12.55541 283626 1.6676 0.003131
12.55766 284265 0.7912 0.001484
12.55991 284905 -1.3526 -0.002534
12.56216 285547 -3.4093 -0.006380
12.56441 286190 -5.7168 -0.010686
12.56666 286834 -3.1494 -0.005881
12.56891 287480 -4.5620 -0.008508
12.57116 288127 -6.7109 -0.012502
12.57341 288776 -3.9476 -0.007346
12.57565 289426 -5.1517 -0.009576
12.57791 290078 -5.4831 -0.010180
12.58015 290731 -7.0731 -0.013118
12.58240 291386 -8.7566 -0.016222
12.58465 292042 -6.7296 -0.012453
12.58690 292699 -6.8978 -0.012750
12.58915 293358 -5.4944 -0.010144
12.59140 294019 -5.4900 -0.010125
12.59365 294681 -7.7536 -0.014283
12.59590 295345 -7.4814 -0.013766
12.59815 296010 -8.0821 -0.014855
12.60040 296676 -6.4152 -0.011778
12.60264 297344 -7.0160 -0.012866
12.60490 298014 -6.0222 -0.011032
12.60714 298685 -8.9422 -0.016362
12.60939 299357 -11.5855 -0.021175
12.61164 300031 -11.8038 -0.021550
12.61389 300707 -11.0598 -0.020169
12.61614 301384 -8.6922 -0.015833
12.61839 302063 -8.9932 -0.016363
12.62064 302743 -10.8488 -0.019717
12.62289 303424 -10.8953 -0.019779
12.62514 304108 -10.6565 -0.019324
12.62738 304792 -10.7593 -0.019489
12.62964 305479 -12.7568 -0.023081
12.63189 306167 -13.6099 -0.024597
12.63413 306856 -11.2942 -0.020389
12.63638 307547 -13.0733 -0.023574
12.63863 308239 -10.0788 -0.018154
12.64088 308933 -8.8428 -0.015910
12.64313 309629 -9.5911 -0.017237
12.64538 310326 -7.9958 -0.014353
12.64763 311025 -8.0765 -0.014482
12.64988 311725 -7.3339 -0.013136
12.65213 312427 -5.0426 -0.009022
12.65438 313131 -1.2848 -0.002296
12.65663 313836 3.8443 0.006862
12.65888 314543 3.0502 0.005439
12.66112 315251 5.5856 0.009948
12.66337 315961 6.1989 0.011028
12.66562 316672 6.2772 0.011155
12.66787 317385 2.7607 0.004900
12.67012 318100 7.0150 0.012438
12.67237 318816 7.2601 0.012858
12.67462 319534 7.3482 0.012999
12.67687 320253 8.0521 0.014229
12.67912 320975 7.8070 0.013780
12.68137 321697 7.2092 0.012711
12.68362 322422 2.5724 0.004530
12.68587 323148 -1.0829 -0.001905
12.68811 323875 2.4750 0.004349
12.69036 324605 4.8810 0.008567
12.69261 325335 1.5192 0.002664
12.69486 326068 3.7950 0.006646
12.69711 326802 3.4706 0.006071
12.69936 327538 3.7302 0.006518
12.70161 328276 5.4001 0.009425
12.70386 329015 3.7696 0.006572
12.70611 329756 2.9805 0.005190
12.70836 330498 0.2714 0.000472
12.71060 331242 0.1240 0.000215
12.71285 331988 -0.0436 -0.000076
12.71510 332736 1.6681 0.002892
12.71735 333485 2.8083 0.004863
12.71960 334236 -0.6221 -0.001076
12.72185 334988 0.1661 0.000287
12.72410 335743 2.1890 0.003778
12.72635 336499 -0.1849 -0.000319
12.72860 337256 -0.2805 -0.000483
12.73085 338016 -0.2205 -0.000379
12.73310 338777 -0.1091 -0.000187
12.73535 339540 1.5878 0.002725
12.73759 340304 1.3247 0.002271
12.73985 341071 0.9053 0.001550
12.74210 341839 1.2531 0.002143
12.74434 342608 0.8394 0.001434
12.74659 343380 -1.0058 -0.001716
12.74884 344153 -3.0296 -0.005164
12.75109 344928 -3.8638 -0.006579
12.75334 345705 -3.5181 -0.005983
12.75559 346483 -0.1422 -0.000242
12.75784 347263 -1.1238 -0.001907
12.76009 348045 0.6972 0.001182
12.76234 348829 -0.2336 -0.000396
12.76458 349614 0.9587 0.001621
12.76683 350401 1.7154 0.002898
12.76908 351190 1.7897 0.003020
12.77133 351981 1.0228 0.001724
12.77358 352774 1.3290 0.002238
12.77583 353568 -1.8210 -0.003063
12.77808 354364 -0.7029 -0.001181
12.78033 355162 -0.5578 -0.000936
12.78258 355962 -1.9178 -0.003214
12.78483 356763 -8.2668 -0.013840
12.78708 357567 -10.8870 -0.018207
12.78933 358372 -9.4904 -0.015853
12.79158 359179 -10.7508 -0.017939
12.79383 359988 -12.8929 -0.021489
12.79607 360798 -13.3180 -0.022172
12.79832 361611 -13.9024 -0.023119
12.80057 362425 -12.3385 -0.020495
12.80282 363241 -8.8494 -0.014683
12.80507 364059 -9.1878 -0.015227
12.80732 364879 -8.8754 -0.014693
12.80957 365700 -5.3538 -0.008853
12.81182 366524 -5.5324 -0.009138
12.81407 367349 -7.1942 -0.011870
12.81632 368176 -11.0308 -0.018179
12.81857 369005 -15.7683 -0.025958
12.82081 369836 -13.6150 -0.022388
12.82306 370669 -12.7936 -0.021014
12.82531 371503 -9.7436 -0.015986
12.82756 372340 -10.7943 -0.017690
12.82981 373178 -10.1005 -0.016534
12.83206 374019 -9.2572 -0.015137
12.83431 374861 -7.9567 -0.012996
12.83656 375705 -12.9398 -0.021111
12.83881 376551 -9.2733 -0.015112
12.84106 377399 -7.8629 -0.012799
12.84331 378248 -9.3367 -0.015181
12.84556 379100 -12.2668 -0.019923
12.84781 379954 -10.8171 -0.017549
12.85005 380809 -11.8604 -0.019220
12.85230 381667 -9.6232 -0.015577
12.85455 382526 -10.5711 -0.017092
12.85680 383388 -13.6265 -0.022007
12.85905 384251 -17.4021 -0.028073
12.86130 385116 -21.1987 -0.034160
12.86355 385983 -20.9318 -0.033692
12.86580 386852 -21.9518 -0.035294
12.86805 387723 -22.9905 -0.036922
12.87030 388596 -25.3157 -0.040611
12.87254 389471 -25.2958 -0.040533
12.87479 390348 -19.8257 -0.031732
12.87704 391227 -17.4145 -0.027842
12.87929 392108 -16.3937 -0.026180
12.88154 392991 -14.8861 -0.023746
12.88379 393876 -16.0195 -0.025525
12.88604 394763 -17.6242 -0.028051
12.88829 395652 -17.9639 -0.028559
12.89054 396543 -15.4033 -0.024461
12.89279 397436 -13.6009 -0.021574
12.89504 398331 -14.6772 -0.023255
12.89729 399228 -15.8924 -0.025152
12.89953 400126 -11.7371 -0.018555
12.90178 401027 -10.5823 -0.016711
12.90403 401930 -8.0338 -0.012672
12.90628 402835 -7.9543 -0.012532
12.90853 403743 -5.4130 -0.008519
12.91078 404652 -1.6023 -0.002519
12.91303 405563 -4.6945 -0.007372
12.91528 406476 -6.1797 -0.009693
12.91753 407391 -7.4963 -0.011745
12.91978 408309 -7.4738 -0.011696
12.92203 409228 -4.0725 -0.006366
12.92428 410149 -5.5421 -0.008654
12.92653 411073 -4.9966 -0.007793
12.92878 411999 -7.3609 -0.011468
12.93102 412926 -9.8494 -0.015328
12.93327 413856 -12.5668 -0.019534
12.93552 414788 -13.7213 -0.021305
12.93777 415722 -11.7862 -0.018280
12.94002 416658 -9.4913 -0.014704
12.94227 417596 -7.5331 -0.011657
12.94452 418536 -6.5211 -0.010080
12.94677 419479 -2.4802 -0.003829
12.94902 420423 -3.2776 -0.005055
12.95127 421370 2.6941 0.004150
12.95352 422319 2.3848 0.003670
12.95577 423270 2.9257 0.004497
12.95801 424223 4.0914 0.006282
12.96026 425178 2.5049 0.003842
12.96251 426136 4.1620 0.006376
12.96476 427095 4.3591 0.006670
12.96701 428057 5.3529 0.008182
12.96926 429021 1.8808 0.002871
12.97151 429987 0.7187 0.001096
12.97376 430955 2.4600 0.003747
12.97601 431925 0.1024 0.000156
12.97826 432898 -0.7750 -0.001178
12.98051 433873 0.0018 0.000003
12.98275 434849 3.8528 0.005843
12.98501 435829 1.8077 0.002738
12.98725 436810 5.5724 0.008431
12.98950 437794 4.3272 0.006540
12.99175 438779 6.0947 0.009201
12.99400 439767 6.0143 0.009069
12.99625 440758 7.9867 0.012030
12.99850 441750 7.9061 0.011895
13.00075 442745 8.9592 0.013465
13.00300 443742 9.8284 0.014754
13.00525 444741 14.0680 0.021095
13.00750 445742 15.8576 0.023752
13.00975 446746 14.9914 0.022429
13.01199 447752 11.6707 0.017441
13.01424 448760 12.7742 0.019069
13.01649 449771 11.1070 0.016562
13.01874 450783 9.2163 0.013727
13.02099 451798 9.7117 0.014448
13.02324 452816 11.6373 0.017294
13.02549 453835 14.4838 0.021500
13.02774 454857 15.2485 0.022609
13.02999 455881 9.4905 0.014056
13.03224 456908 3.7824 0.005596
13.03449 457937 3.4553 0.005106
13.03674 458968 3.6241 0.005349
13.03898 460001 4.1339 0.006095
13.04123 461037 6.2637 0.009225
13.04348 462075 6.4373 0.009470
13.04573 463116 5.6545 0.008309
13.04798 464158 6.7783 0.009949
13.05023 465204 9.5772 0.014042
13.05248 466251 6.0628 0.008879
13.05473 467301 7.3750 0.010789
13.05698 468353 9.4870 0.013863
13.05923 469408 12.7374 0.018591
13.06148 470465 10.9666 0.015989
13.06373 471524 12.0924 0.017610
13.06598 472586 15.1335 0.022014
13.06822 473650 15.8281 0.022999
13.07047 474716 12.7623 0.018523
13.07272 475785 12.2727 0.017792
13.07497 476857 10.2529 0.014847
13.07722 477930 10.2004 0.014755
13.07947 479007 9.5172 0.013751
13.08172 480085 12.7572 0.018412
13.08397 481166 13.4851 0.019440
13.08622 482250 14.0127 0.020178
13.08847 483335 11.2491 0.016181
13.09072 484424 12.9834 0.018654
13.09297 485515 13.2343 0.018993
13.09521 486608 7.2764 0.010431
13.09746 487703 7.9695 0.011412
13.09971 488802 12.8849 0.018430
13.10196 489902 10.8400 0.015487
13.10421 491005 12.1409 0.017326
13.10646 492111 13.4460 0.019167
13.10871 493219 11.8279 0.016842
13.11096 494330 13.7558 0.019565
13.11321 495443 16.3342 0.023206
13.11546 496558 15.2594 0.021655
13.11770 497676 16.5294 0.023431
13.11995 498797 17.1575 0.024294
13.12220 499920 17.6833 0.025010
13.12445 501046 12.0959 0.017088
13.12670 502174 11.7993 0.016651
13.12895 503305 6.9949 0.009860
13.13120 504438 7.5275 0.010599
13.13345 505574 6.3689 0.008957
13.13570 506712 9.2779 0.013034
13.13795 507853 4.7902 0.006722
13.14020 508997 5.0365 0.007059
13.14245 510143 4.8814 0.006834
13.14470 511292 5.9137 0.008270
13.14694 512443 6.2309 0.008704
13.14919 513597 6.1992 0.008650
13.15144 514753 7.5469 0.010519
13.15369 515912 11.5684 0.016106
13.15594 517074 14.0801 0.019581
13.15819 518238 7.6880 0.010680
13.16044 519405 5.0457 0.007001
13.16269 520575 6.0760 0.008421
13.16494 521747 2.0658 0.002860
13.16719 522922 3.4189 0.004728
13.16944 524099 4.8027 0.006634
13.17168 525279 0.0164 0.000023
13.17393 526462 -0.7729 -0.001065
13.17618 527648 -3.7211 -0.005123
13.17843 528836 -1.1401 -0.001568
13.18068 530026 2.3202 0.003187
13.18293 531220 5.7400 0.007875
13.18518 532416 4.1066 0.005628
13.18743 533615 -1.2198 -0.001670
13.18968 534816 0.0175 0.000024
13.19193 536021 -0.9957 -0.001360
13.19418 537228 -4.0644 -0.005545
13.19643 538437 -6.6871 -0.009113
13.19868 539650 -8.3104 -0.011313
13.20092 540865 -8.4551 -0.011497
13.20317 542083 -6.4885 -0.008813
13.20542 543303 -4.7400 -0.006431
13.20767 544527 -1.3925 -0.001887
13.20992 545753 1.6318 0.002209
13.21217 546982 1.4958 0.002023
13.21442 548213 2.6361 0.003560
13.21667 549448 1.1422 0.001541
13.21892 550685 -0.1930 -0.000260
13.22117 551925 0.1848 0.000249
13.22342 553168 -2.0656 -0.002777
13.22567 554413 -1.1136 -0.001496
13.22792 555662 -3.0200 -0.004051
13.23016 556913 0.1815 0.000243
13.23241 558167 -2.9427 -0.003939
13.23466 559424 -4.7694 -0.006377
13.23691 560683 -0.4908 -0.000655
13.23916 561946 0.7079 0.000944
13.24141 563211 -0.6271 -0.000836
13.24366 564479 0.6272 0.000835
13.24591 565750 -1.4592 -0.001940
13.24816 567024 -3.5727 -0.004745
13.25041 568301 -5.6594 -0.007507
13.25266 569581 -9.6266 -0.012755
13.25490 570863 -8.6878 -0.011499
13.25715 572149 -8.7266 -0.011537
13.25940 573437 -8.0033 -0.010569
13.26165 574728 -8.4657 -0.011167
13.26390 576022 -9.4758 -0.012485
13.26615 577319 -6.3246 -0.008324
13.26840 578619 -4.5663 -0.006003
13.27065 579922 -0.3722 -0.000489
13.27290 581228 -2.1433 -0.002811
13.27515 582537 -1.0809 -0.001416
13.27740 583848 0.0603 0.000079
13.27965 585163 -2.9629 -0.003873
13.28190 586481 0.4652 0.000607
13.28414 587801 1.1812 0.001541
13.28639 589125 4.8337 0.006298
13.28864 590451 2.1124 0.002749
13.29089 591781 -0.2092 -0.000272
13.29314 593113 2.6037 0.003381
13.29539 594449 6.2311 0.008082
13.29764 595787 5.7725 0.007479
13.29989 597129 5.2065 0.006738
13.30214 598473 7.8689 0.010172
13.30439 599821 7.7853 0.010052
13.30664 601172 4.1432 0.005344
13.30888 602525 -0.1450 -0.000187
13.31113 603882 2.0814 0.002678
13.31338 605242 1.9842 0.002551
13.31563 606604 4.5494 0.005841
13.31788 607970 8.2698 0.010606
13.32013 609339 12.0682 0.015460
13.32238 610711 12.0973 0.015480
13.32463 612087 14.0711 0.017986
13.32688 613465 18.8237 0.024033
13.32913 614846 15.5983 0.019893
13.33138 616231 14.0199 0.017860
13.33363 617618 16.9015 0.021506
13.33588 619009 17.2672 0.021947
13.33812 620403 24.2246 0.030755
13.34037 621800 25.5144 0.032356
13.34262 623200 23.3092 0.029527
13.34487 624603 22.3462 0.028275
13.34712 626009 23.7960 0.030076
13.34937 627419 27.1649 0.034295
13.35162 628832 25.4404 0.032082
13.35387 630248 23.4285 0.029511
13.35612 631667 23.3856 0.029424
13.35837 633089 21.9130 0.027540
13.36062 634515 19.9591 0.025056
13.36286 635943 15.1981 0.019058
13.36511 637375 12.6439 0.015837
13.36736 638811 5.4423 0.006809
13.36961 640249 4.8250 0.006030
13.37186 641691 6.1205 0.007641
13.37411 643135 6.6323 0.008270
13.37636 644584 7.9058 0.009847
13.37861 646035 5.3147 0.006612
13.38086 647490 5.4146 0.006729
13.38311 648948 3.8057 0.004724
13.38536 650409 2.3614 0.002928
13.38761 651873 -0.9148 -0.001133
13.38985 653341 -5.6787 -0.007025
13.39210 654812 -3.3451 -0.004134
13.39435 656287 -1.2835 -0.001584
13.39660 657765 -1.1812 -0.001456
13.39885 659246 -0.5322 -0.000655
13.40110 660730 -2.8393 -0.003493
13.40335 662218 -2.4727 -0.003039
13.40560 663709 -2.2178 -0.002722
13.40785 665203 -0.4868 -0.000597
13.41010 666701 -1.1225 -0.001375
13.41235 668203 -7.9969 -0.009783
13.41460 669707 -4.8296 -0.005902
13.41684 671215 -0.2303 -0.000281
13.41909 672726 -0.2363 -0.000288
13.42134 674241 -2.9769 -0.003625
13.42359 675759 2.4236 0.002948
13.42584 677281 2.2713 0.002760
13.42809 678806 5.0718 0.006156
13.43034 680335 1.2577 0.001525
13.43259 681866 1.0294 0.001247
13.43484 683402 2.9469 0.003565
13.43709 684941 0.3247 0.000392
13.43934 686483 -2.4265 -0.002929
13.44159 688029 0.5208 0.000628
13.44384 689578 -2.4564 -0.002958
13.44608 691131 -8.1995 -0.009863
13.44833 692687 -8.7558 -0.010520
13.45058 694247 -8.2241 -0.009870
13.45283 695810 -8.0275 -0.009624
13.45508 697377 -10.2096 -0.012226
13.45733 698947 -16.0300 -0.019174
13.45958 700521 -12.2874 -0.014681
13.46183 702098 -9.9611 -0.011888
13.46408 703679 -9.4800 -0.011301
13.46633 705263 -17.8858 -0.021298
13.46858 706851 -22.3602 -0.026596
13.47082 708443 -23.0345 -0.027367
13.47307 710038 -22.1816 -0.026324
13.47532 711637 -20.8392 -0.024703
13.47757 713239 -16.9514 -0.020072
13.47982 714845 -14.5756 -0.017239
13.48207 716455 -14.0842 -0.016639
13.48432 718068 -11.9498 -0.014102
13.48657 719685 -9.6530 -0.011379
13.48882 721306 -10.0910 -0.011882
13.49107 722930 -9.1981 -0.010818
13.49332 724558 -11.4392 -0.013439
13.49557 726189 -16.2009 -0.019011
13.49781 727824 -13.7654 -0.016135
13.50006 729463 -15.0546 -0.017627
13.50231 731106 -12.1620 -0.014224
13.50456 732752 -8.9510 -0.010457
13.50681 734402 -8.3760 -0.009774
13.50906 736056 -13.2368 -0.015429
13.51131 737713 -10.6918 -0.012448
13.51356 739374 -6.9704 -0.008106
13.51581 741039 -6.4443 -0.007486
13.51806 742707 -5.4204 -0.006290
13.52031 744380 -4.0973 -0.004749
13.52256 746056 -4.1809 -0.004840
13.52481 747736 -8.4957 -0.009825
13.52705 749419 -9.8014 -0.011322
13.52930 751107 -10.1671 -0.011731
13.53155 752798 -5.4664 -0.006300
13.53380 754493 -8.7118 -0.010029
13.53605 756192 -13.2985 -0.015293
13.53830 757895 -14.6551 -0.016834
13.54055 759601 -14.9942 -0.017204
13.54280 761312 -16.2476 -0.018621
13.54505 763026 -18.5660 -0.021254
13.54730 764744 -18.5253 -0.021184
13.54955 766466 -18.0566 -0.020625
13.55179 768192 -21.8093 -0.024883
13.55404 769922 -17.8660 -0.020361
13.55629 771655 -22.0518 -0.025103
13.55854 773393 -21.4128 -0.024349
13.56079 775134 -20.1789 -0.022920
13.56304 776880 -18.8742 -0.021414
13.56529 778629 -23.9986 -0.027197
13.56754 780382 -23.5641 -0.026675
13.56979 782139 -20.9337 -0.023670
13.57204 783901 -20.4647 -0.023114
13.57429 785666 -15.9732 -0.018021
13.57654 787435 -13.3382 -0.015031
13.57879 789208 -15.4967 -0.017444
13.58103 790985 -14.4543 -0.016252
13.58328 792766 -16.0576 -0.018035
13.58553 794551 -10.5123 -0.011793
13.58778 796340 -9.5198 -0.010668
13.59003 798133 -9.9570 -0.011145
13.59228 799930 -12.6601 -0.014155
13.59453 801732 -12.4133 -0.013863
13.59678 803537 -14.8046 -0.016516
13.59903 805346 -12.2234 -0.013621
13.60128 807160 -9.3142 -0.010367
13.60353 808977 -7.3503 -0.008172
13.60578 810799 -1.6745 -0.001860
13.60802 812624 -0.5572 -0.000618
13.61027 814454 -0.8373 -0.000928
13.61252 816288 0.1924 0.000213
13.61477 818126 -0.3823 -0.000423
13.61702 819968 -2.0388 -0.002251
13.61927 821815 -3.8913 -0.004292
13.62152 823665 -4.8756 -0.005372
13.62377 825520 -1.3867 -0.001526
13.62602 827379 -6.2235 -0.006842
13.62827 829242 -13.1146 -0.014402
13.63052 831109 -9.0859 -0.009966
13.63276 832980 -12.3431 -0.013524
13.63501 834856 -11.4236 -0.012503
13.63726 836736 -10.7092 -0.011707
13.63951 838620 -12.0123 -0.013117
13.64176 840508 -15.7207 -0.017147
13.64401 842401 -13.1522 -0.014330
13.64626 844297 -12.4898 -0.013593
13.64851 846199 -13.4737 -0.014647
13.65076 848104 -11.2990 -0.012269
13.65301 850014 -11.3381 -0.012298
13.65526 851928 -6.6471 -0.007202
13.65751 853846 -3.0049 -0.003252
13.65975 855768 -4.8060 -0.005195
13.66200 857695 -5.0223 -0.005423
13.66425 859627 -0.6677 -0.000720
13.66650 861562 -5.0257 -0.005414
13.66875 863502 -8.6584 -0.009318
13.67100 865447 -7.4152 -0.007971
13.67325 867395 -7.0227 -0.007540
13.67550 869348 -5.3943 -0.005785
13.67775 871306 -3.4855 -0.003734
13.68000 873268 0.0222 0.000024
13.68225 875234 -0.7035 -0.000752
13.68450 877205 1.8060 0.001928
13.68674 879180 2.7669 0.002951
13.68899 881160 4.5788 0.004878
13.69124 883144 5.4781 0.005829
13.69349 885133 2.0794 0.002210
13.69574 887126 -4.2122 -0.004472
13.69799 889123 -2.4711 -0.002621
13.70024 891125 1.7276 0.001830
13.70249 893132 5.6289 0.005956
13.70474 895143 5.6109 0.005930
13.70699 897158 7.6276 0.008053
13.70924 899178 11.3084 0.011926
13.71149 901203 8.3638 0.008810
13.71373 903232 2.7843 0.002930
13.71598 905266 4.4681 0.004696
13.71823 907305 3.1312 0.003287
13.72048 909348 4.9188 0.005158
13.72273 911395 7.7713 0.008140
13.72498 913447 6.7474 0.007060
13.72723 915504 8.4482 0.008829
13.72948 917566 5.3912 0.005628
13.73173 919632 9.0389 0.009426
13.73398 921702 7.0197 0.007312
13.73623 923778 8.1725 0.008503
13.73848 925858 11.1401 0.011578
13.74073 927943 5.6316 0.005846
13.74297 930032 4.4292 0.004593
13.74522 932126 4.2136 0.004364
13.74747 934225 1.6902 0.001749
13.74972 936329 -1.8602 -0.001922
13.75197 938437 -2.0290 -0.002095
13.75422 940550 2.7450 0.002830
13.75647 942668 3.7358 0.003848
13.75872 944791 9.2683 0.009535
13.76097 946918 9.5713 0.009836
13.76322 949050 8.9362 0.009173
13.76547 951187 6.3279 0.006488
13.76772 953329 8.0007 0.008194
13.76996 955475 6.8691 0.007027
13.77221 957627 5.3293 0.005446
13.77446 959783 5.6947 0.005813
13.77671 961944 9.8330 0.010026
13.77896 964110 5.0406 0.005134
13.78121 966281 7.3766 0.007504
13.78346 968457 7.5585 0.007681
13.78571 970638 5.0811 0.005157
13.78796 972823 5.9541 0.006037
13.79021 975014 8.2984 0.008404
13.79246 977209 5.3644 0.005427
13.79471 979410 2.6864 0.002714
13.79695 981615 4.6443 0.004688
13.79920 983825 2.5657 0.002587
13.80145 986041 4.6028 0.004635
13.80370 988261 11.8750 0.011945
13.80595 990486 7.2318 0.007266
13.80820 992716 9.6121 0.009647
13.81045 994952 2.9125 0.002920
13.81270 997192 -1.4431 -0.001445
13.81495 999437 -2.2559 -0.002257
13.81720 1001688 -8.9221 -0.008915
13.81945 1003943 -6.7375 -0.006724
13.82170 1006204 -5.8591 -0.005841
13.82394 1008470 -5.9730 -0.005948
13.82619 1010740 -10.2408 -0.010186
13.82844 1013016 -11.7033 -0.011628
13.83069 1015297 -16.0464 -0.015925
13.83294 1017583 -15.8716 -0.015734
13.83519 1019875 -17.3195 -0.017150
13.83744 1022171 -15.3536 -0.015186
13.83969 1024473 -10.9937 -0.010862
13.84194 1026780 -12.7815 -0.012614
13.84419 1029092 -15.3694 -0.015151
13.84644 1031409 -10.1484 -0.009993
13.84869 1033731 -14.3897 -0.014153
13.85093 1036059 -15.7616 -0.015485
13.85318 1038392 -16.6482 -0.016338
13.85543 1040730 -14.0109 -0.013734
13.85768 1043073 -18.4991 -0.018113
13.85993 1045422 -16.4835 -0.016121
13.86218 1047776 -10.8013 -0.010552
13.86443 1050135 -9.7564 -0.009521
13.86668 1052500 -9.2320 -0.008999
13.86893 1054870 -12.1414 -0.011821
13.87118 1057245 -12.4204 -0.012079
13.87343 1059626 -16.6119 -0.016138
13.87568 1062012 -15.8856 -0.015415
13.87792 1064403 -12.4533 -0.012071
13.88017 1066800 -13.6726 -0.013238
13.88242 1069202 -5.6137 -0.005429
13.88467 1071609 -5.5923 -0.005402
13.88692 1074022 -5.7524 -0.005551
13.88917 1076441 -5.6803 -0.005475
13.89142 1078864 -1.8590 -0.001790
13.89367 1081294 -0.6416 -0.000617
13.89592 1083728 -1.6879 -0.001621
13.89817 1086169 0.0913 0.000088
13.90042 1088614 1.8270 0.001751
13.90267 1091066 -2.7128 -0.002597
13.90491 1093522 -13.0081 -0.012439
13.90716 1095985 -12.1133 -0.011571
13.90941 1098452 -9.4304 -0.008998
13.91166 1100926 -0.2453 -0.000234
13.91391 1103405 4.0779 0.003882
13.91616 1105889 3.0963 0.002944
13.91841 1108379 5.4313 0.005159
13.92066 1110875 4.5475 0.004315
13.92291 1113377 6.3416 0.006010
13.92516 1115883 5.7732 0.005465
13.92741 1118396 11.0088 0.010410
13.92965 1120914 8.1585 0.007706
13.93190 1123438 11.8746 0.011203
13.93415 1125968 5.5533 0.005233
13.93640 1128503 14.0820 0.013256
13.93865 1131044 14.6788 0.013802
13.94090 1133591 12.4411 0.011685
13.94315 1136144 15.4864 0.014529
13.94540 1138702 15.3705 0.014404
13.94765 1141266 11.7162 0.010967
13.94990 1143836 17.8523 0.016692
13.95215 1146411 15.6895 0.014653
13.95440 1148993 20.2426 0.018885
13.95665 1151580 17.2708 0.016094
13.95889 1154173 18.8111 0.017510
13.96114 1156772 21.6480 0.020128
13.96339 1159376 18.1867 0.016890
13.96564 1161987 21.3428 0.019799
13.96789 1164603 19.3276 0.017910
13.97014 1167226 10.4304 0.009654
13.97239 1169854 12.7876 0.011823
13.97464 1172488 9.7566 0.009010
13.97689 1175128 7.0650 0.006517
13.97914 1177774 10.0721 0.009281
13.98139 1180426 9.1708 0.008441
13.98364 1183084 12.4141 0.011413
13.98588 1185748 10.2849 0.009445
13.98813 1188418 8.4427 0.007745
13.99038 1191094 4.9752 0.004559
13.99263 1193776 5.4911 0.005026
13.99488 1196464 10.8993 0.009964
13.99713 1199158 11.0627 0.010102
13.99938 1201858 3.7588 0.003429
14.00163 1204565 5.8153 0.005299
14.00388 1207277 8.1705 0.007436
14.00613 1209995 7.4187 0.006744
14.00838 1212720 5.0939 0.004626
14.01063 1215451 1.0227 0.000928
14.01287 1218187 3.0502 0.002764
14.01512 1220930 7.3567 0.006658
14.01737 1223680 7.7985 0.007050
14.01962 1226435 10.9008 0.009843
14.02187 1229196 7.7770 0.007015
14.02412 1231964 6.3186 0.005693
14.02637 1234738 1.4018 0.001262
14.02862 1237519 10.4754 0.009417
14.03087 1240305 9.4907 0.008522
14.03312 1243098 10.4401 0.009364
14.03537 1245897 9.1082 0.008160
14.03762 1248702 14.5886 0.013055
14.03986 1251514 17.3334 0.015494
14.04211 1254332 20.5717 0.018368
14.04436 1257156 22.9159 0.020438
14.04661 1259987 16.5026 0.014702
14.04886 1262824 17.8054 0.015845
14.05111 1265668 10.4962 0.009330
14.05336 1268518 13.8454 0.012293
14.05561 1271374 13.0039 0.011533
14.05786 1274237 13.7625 0.012192
14.06011 1277106 8.4154 0.007447
14.06236 1279982 4.9974 0.004417
14.06461 1282864 7.0266 0.006204
14.06685 1285752 13.0466 0.011506
14.06910 1288648 14.1296 0.012447
14.07135 1291549 7.6450 0.006727
14.07360 1294457 12.1065 0.010641
14.07585 1297372 10.6104 0.009315
14.07810 1300293 7.6418 0.006702
14.08035 1303221 6.9527 0.006090
14.08260 1306156 3.6716 0.003213
14.08485 1309097 6.7599 0.005908
14.08710 1312044 4.2251 0.003689
14.08935 1314999 -2.5720 -0.002243
14.09160 1317960 -11.8492 -0.010321
14.09384 1320927 -13.2432 -0.011523
14.09609 1323902 -17.0165 -0.014789
14.09834 1326883 -17.7209 -0.015384
14.10059 1329871 -14.7707 -0.012808
14.10284 1332865 -16.1941 -0.014027
14.10509 1335866 -12.3385 -0.010675
14.10734 1338874 -14.8114 -0.012801
14.10959 1341889 -16.2100 -0.013993
14.11184 1344910 -20.8421 -0.017972
14.11409 1347939 -17.3017 -0.014902
14.11634 1350974 -26.0384 -0.022402
14.11859 1354016 -26.3167 -0.022616
14.12083 1357065 -27.0156 -0.023191
14.12308 1360120 -26.6699 -0.022868
14.12533 1363183 -27.2352 -0.023327
14.12758 1366253 -30.7797 -0.026333
14.12983 1369329 -32.0889 -0.027422
14.13208 1372412 -34.4348 -0.029394
14.13433 1375502 -36.2544 -0.030912
14.13658 1378600 -35.5446 -0.030273
14.13883 1381704 -35.3171 -0.030045
14.14108 1384815 -41.6185 -0.035366
14.14333 1387933 -40.1608 -0.034089
14.14558 1391058 -40.5514 -0.034382
14.14782 1394191 -31.5522 -0.026722
14.15007 1397330 -28.7458 -0.024318
14.15232 1400476 -21.4337 -0.018112
14.15457 1403630 -21.0207 -0.017743
14.15682 1406790 -18.0454 -0.015214
14.15907 1409958 -16.6719 -0.014040
14.16132 1413133 -14.0807 -0.011845
14.16357 1416315 -3.6171 -0.003039
14.16582 1419504 -8.1319 -0.006825
14.16807 1422700 -5.1423 -0.004311
14.17032 1425904 -7.6461 -0.006403
14.17257 1429114 -8.0283 -0.006716
14.17481 1432332 -12.4422 -0.010396
14.17706 1435558 -18.6649 -0.015578
14.17931 1438790 -22.7895 -0.018999
14.18156 1442030 -21.2676 -0.017711
14.18381 1445277 -22.7385 -0.018914
14.18606 1448531 -24.2185 -0.020123
14.18831 1451793 -23.4305 -0.019446
14.19056 1455062 -16.9732 -0.014071
14.19281 1458338 -20.9087 -0.017314
14.19506 1461622 -24.3823 -0.020168
14.19731 1464913 -19.7917 -0.016352
14.19956 1468211 -21.0620 -0.017382
14.20180 1471517 -17.9443 -0.014793
14.20405 1474831 -16.1342 -0.013285
14.20630 1478152 -10.3851 -0.008542
14.20855 1481480 -13.2640 -0.010897
14.21080 1484816 -11.8651 -0.009737
14.21305 1488159 -7.7681 -0.006368
14.21530 1491510 5.5904 0.004578
14.21755 1494869 1.8177 0.001487
14.21980 1498235 3.4162 0.002791
14.22205 1501608 7.7367 0.006314
14.22430 1504989 11.1603 0.009097
14.22655 1508378 10.1012 0.008225
14.22880 1511775 0.5512 0.000448
14.23104 1515179 -4.2040 -0.003415
14.23329 1518590 -1.4445 -0.001172
14.23554 1522010 -5.7660 -0.004674
14.23779 1525437 -12.2329 -0.009905
14.24004 1528872 -16.6328 -0.013452
14.24229 1532314 -17.0328 -0.013760
14.24454 1535765 -12.1733 -0.009823
14.24679 1539223 -11.3795 -0.009172
14.24904 1542689 -13.9697 -0.011247
14.25129 1546162 -11.5092 -0.009256
14.25354 1549644 -10.7066 -0.008601
14.25578 1553133 -12.9549 -0.010395
14.25803 1556630 -7.1627 -0.005741
14.26028 1560135 -0.2507 -0.000201
14.26253 1563648 -1.3341 -0.001067
14.26478 1567169 0.0160 0.000013
14.26703 1570698 -2.4074 -0.001921
14.26928 1574235 -7.9900 -0.006368
14.27153 1577779 -5.9666 -0.004750
14.27378 1581332 -2.0533 -0.001633
14.27603 1584893 3.4557 0.002745
14.27828 1588461 -3.4127 -0.002708
14.28053 1592038 -0.0456 -0.000036
14.28277 1595623 -0.3081 -0.000244
14.28502 1599216 1.2978 0.001026
14.28727 1602817 -0.7802 -0.000616
14.28952 1606426 5.5812 0.004404
14.29177 1610043 1.6548 0.001304
14.29402 1613668 0.3023 0.000238
14.29627 1617302 -1.2212 -0.000960
14.29852 1620943 -6.0393 -0.004744
14.30077 1624593 -3.2526 -0.002552
14.30302 1628251 10.5348 0.008256
14.30527 1631918 0.2185 0.000171
14.30752 1635592 2.0460 0.001600
14.30976 1639275 6.4767 0.005059
14.31201 1642966 3.0636 0.002390
14.31426 1646666 2.4914 0.001942
14.31651 1650374 6.7539 0.005257
14.31876 1654090 7.3125 0.005686
14.32101 1657814 4.6627 0.003621
14.32326 1661547 4.0675 0.003155
14.32551 1665289 5.0987 0.003951
14.32776 1669038 7.4905 0.005798
14.33001 1672796 4.3962 0.003399
14.33226 1676563 8.0134 0.006189
14.33451 1680338 6.6231 0.005109
14.33675 1684122 7.3226 0.005643
14.33900 1687914 9.4282 0.007257
14.34125 1691715 12.4613 0.009581
14.34350 1695524 7.4608 0.005730
14.34575 1699342 14.7602 0.011323
14.34800 1703168 9.4823 0.007266
14.35025 1707003 7.7166 0.005906
14.35250 1710847 3.8715 0.002960
14.35475 1714699 7.0163 0.005358
14.35700 1718560 10.2043 0.007784
14.35925 1722430 7.8947 0.006015
14.36150 1726308 10.1972 0.007761
14.36374 1730195 10.4294 0.007929
14.36599 1734091 12.0833 0.009176
14.36824 1737996 17.1795 0.013031
14.37049 1741909 7.0283 0.005325
14.37274 1745831 10.0393 0.007598
14.37499 1749763 5.7093 0.004316
14.37724 1753702 6.1025 0.004608
14.37949 1757651 11.1681 0.008424
14.38174 1761609 12.7739 0.009624
14.38399 1765576 17.8323 0.013420
14.38624 1769551 15.8787 0.011937
14.38849 1773536 14.1633 0.010635
14.39073 1777529 15.1540 0.011366
14.39298 1781532 18.2838 0.013698
14.39523 1785543 3.0212 0.002261
14.39748 1789564 6.5000 0.004859
14.39973 1793593 13.7015 0.010231
14.40198 1797632 3.3324 0.002485
14.40423 1801679 4.1904 0.003122
14.40648 1805736 2.6429 0.001967
14.40873 1809802 7.9279 0.005893
14.41098 1813877 7.6612 0.005688
14.41323 1817962 0.7325 0.000543
14.41548 1822055 -2.9992 -0.002222
14.41772 1826158 1.5653 0.001158
14.41997 1830270 -3.8973 -0.002881
14.42222 1834391 5.1912 0.003833
14.42447 1838522 3.1289 0.002308
14.42672 1842661 2.9621 0.002182
14.42897 1846811 1.0519 0.000774
14.43122 1850969 2.3185 0.001704
14.43347 1855137 4.1198 0.003025
14.43572 1859314 6.8439 0.005019
14.43797 1863501 9.3279 0.006833
14.44022 1867697 10.4055 0.007614
14.44247 1871902 1.8582 0.001358
14.44471 1876117 5.8958 0.004304
14.44696 1880342 3.4456 0.002513
14.44921 1884576 -2.4750 -0.001803
14.45146 1888819 -1.6864 -0.001227
14.45371 1893072 -1.4384 -0.001045
14.45596 1897335 5.3908 0.003914
14.45821 1901607 4.0773 0.002957
14.46046 1905889 2.8463 0.002062
14.46271 1910180 6.5800 0.004761
14.46496 1914481 17.1338 0.012383
14.46721 1918792 23.0130 0.016613
14.46946 1923113 29.4399 0.021229
14.47170 1927443 35.3417 0.025456
14.47395 1931783 26.0579 0.018748
14.47620 1936133 29.3964 0.021126
14.47845 1940493 32.3242 0.023204
14.48070 1944862 33.2825 0.023866
14.48295 1949241 35.4379 0.025383
14.48520 1953630 32.4288 0.023201
14.48745 1958029 28.3091 0.020231
14.48970 1962438 22.3135 0.015928
14.49195 1966857 20.3463 0.014508
14.49420 1971286 20.0740 0.014297
14.49645 1975725 23.8042 0.016935
14.49869 1980173 28.9964 0.020606
14.50094 1984632 31.4397 0.022317
14.50319 1989101 27.9223 0.019798
14.50544 1993580 32.5757 0.023072
14.50769 1998069 29.8939 0.021148
14.50994 2002568 29.1587 0.020605
14.51219 2007077 18.6638 0.013174
14.51444 2011596 19.3562 0.013647
14.51669 2016126 6.7189 0.004732
14.51894 2020665 2.5411 0.001788
14.52119 2025215 -2.8083 -0.001973
14.52344 2029775 -2.9354 -0.002060
14.52568 2034346 -2.5696 -0.001802
14.52793 2038927 -1.9890 -0.001393
14.53018 2043518 -0.4970 -0.000348
14.53243 2048119 -5.1858 -0.003624
14.53468 2052731 -3.9762 -0.002775
14.53693 2057353 -6.0788 -0.004238
14.53918 2061986 -5.5038 -0.003833
14.54143 2066628 -7.3274 -0.005097
14.54368 2071282 -20.8807 -0.014509
14.54593 2075946 -21.1638 -0.014689
14.54818 2080620 -17.0091 -0.011792
14.55043 2085305 -10.7644 -0.007454
14.55268 2090001 -13.0425 -0.009022
14.55492 2094707 -9.1495 -0.006322
14.55717 2099423 -16.9550 -0.011702
14.55942 2104151 -13.4383 -0.009264
14.56167 2108889 -9.1841 -0.006324
14.56392 2113637 -12.7906 -0.008798
14.56617 2118396 -7.0864 -0.004869
14.56842 2123166 -2.9304 -0.002011
14.57067 2127947 -4.9888 -0.003420
14.57292 2132739 4.9069 0.003360
14.57517 2137541 7.5877 0.005190
14.57742 2142354 9.9981 0.006831
14.57966 2147178 7.8833 0.005380
14.58191 2152013 5.8732 0.004004
14.58416 2156858 -2.0840 -0.001419
14.58641 2161715 -1.9918 -0.001355
14.58866 2166583 -4.7460 -0.003224
14.59091 2171461 -9.7406 -0.006610
14.59316 2176350 -13.3860 -0.009074
14.59541 2181251 -15.4578 -0.010466
14.59766 2186162 -15.0730 -0.010194
14.59991 2191085 -18.7913 -0.012695
14.60216 2196019 -25.0987 -0.016937
14.60441 2200964 -17.1867 -0.011585
14.60665 2205919 -13.8330 -0.009314
14.60890 2210886 -6.2182 -0.004182
14.61115 2215865 -10.9576 -0.007361
14.61340 2220854 -16.3152 -0.010948
14.61565 2225855 -23.3856 -0.015675
14.61790 2230867 -30.2537 -0.020255
14.62015 2235890 -33.3940 -0.022333
14.62240 2240925 -43.4937 -0.029054
14.62465 2245971 -44.2954 -0.029557
14.62690 2251028 -41.7822 -0.027848
14.62915 2256096 -36.5937 -0.024363
14.63140 2261176 -30.7171 -0.020427
14.63364 2266268 -28.1981 -0.018731
14.63589 2271371 -23.7462 -0.015756
14.63814 2276485 -28.3515 -0.018791
14.64039 2281611 -26.1031 -0.017281
14.64264 2286749 -24.5532 -0.016237
14.64489 2291898 -19.1590 -0.012655
14.64714 2297059 -24.2620 -0.016008
14.64939 2302231 -23.4618 -0.015463
14.65164 2307415 -18.1669 -0.011960
14.65389 2312610 -14.2472 -0.009369
14.65614 2317818 -18.9102 -0.012421
14.65839 2323037 -23.5907 -0.015478
14.66063 2328267 -5.2095 -0.003414
14.66288 2333510 -5.3713 -0.003516
14.66513 2338764 3.0050 0.001965
14.66738 2344031 3.1095 0.002031
14.66963 2349309 0.3944 0.000257
14.67188 2354599 3.1651 0.002063
14.67413 2359900 6.8163 0.004437
14.67638 2365214 5.0866 0.003307
14.67863 2370540 13.0656 0.008486
14.68088 2375878 16.4235 0.010655
14.68313 2381227 14.9630 0.009697
14.68538 2386589 17.9372 0.011611
14.68762 2391963 22.5772 0.014598
14.68987 2397349 28.0882 0.018141
14.69212 2402747 27.7075 0.017875
14.69437 2408158 25.4105 0.016375
14.69662 2413580 29.8415 0.019208
14.69887 2419015 41.0823 0.026414
14.70112 2424462 39.7680 0.025540
14.70337 2429921 47.2657 0.030321
14.70562 2435392 47.0608 0.030156
14.70787 2440876 42.9619 0.027499
14.71012 2446372 43.6367 0.027899
14.71237 2451881 42.1580 0.026923
14.71461 2457401 35.3725 0.022565
14.71686 2462935 41.4402 0.026406
14.71911 2468481 38.2909 0.024371
14.72136 2474039 38.1571 0.024259
14.72361 2479610 29.0813 0.018468
14.72586 2485193 18.3522 0.011641
14.72811 2490789 9.2081 0.005835
14.73036 2496397 10.5964 0.006707
14.73261 2502018 15.2857 0.009664
14.73486 2507652 7.6394 0.004824
14.73711 2513299 0.5147 0.000325
14.73936 2518958 1.5437 0.000973
14.74161 2524630 -3.1893 -0.002007
14.74385 2530315 -10.4194 -0.006550
14.74610 2536012 -18.8209 -0.011819
14.74835 2541722 -18.3784 -0.011528
14.75060 2547446 -4.3181 -0.002705
14.75285 2553182 0.3001 0.000188
14.75510 2558931 -4.2609 -0.002664
14.75735 2564693 -1.6219 -0.001013
14.75960 2570468 0.6770 0.000422
14.76185 2576255 2.6277 0.001637
14.76410 2582056 -3.8512 -0.002397
14.76635 2587870 -9.0227 -0.005609
14.76860 2593698 -18.6400 -0.011574
14.77084 2599538 -10.9962 -0.006820
14.77309 2605391 -3.8104 -0.002361
14.77534 2611258 -1.2053 -0.000746
14.77759 2617137 -6.9780 -0.004313
14.77984 2623030 -12.3709 -0.007638
14.78209 2628937 -8.8741 -0.005473
14.78434 2634856 -7.0267 -0.004329
14.78659 2640789 -12.8806 -0.007926
14.78884 2646735 -21.5998 -0.013277
14.79109 2652695 -21.8599 -0.013422
14.79334 2658668 -24.5978 -0.015086
14.79559 2664655 -19.3851 -0.011875
14.79783 2670655 -21.7600 -0.013315
14.80008 2676668 -37.4132 -0.022868
14.80233 2682695 -37.6814 -0.023006
14.80458 2688736 -35.6544 -0.021744
14.80683 2694790 -40.6607 -0.024769
14.80908 2700858 -34.1923 -0.020805
14.81133 2706940 -46.5741 -0.028308
14.81358 2713035 -41.4722 -0.025178
14.81583 2719144 -41.8348 -0.025370
14.81808 2725266 -41.3339 -0.025038
14.82033 2731403 -48.9983 -0.029648
14.82258 2737553 -38.5693 -0.023311
14.82482 2743717 -38.3785 -0.023170
14.82707 2749895 -41.7816 -0.025196
14.82932 2756087 -33.8678 -0.020400
14.83157 2762293 -26.1462 -0.015732
14.83382 2768513 -38.4293 -0.023096
14.83607 2774747 -40.9424 -0.024579
14.83832 2780995 -36.0416 -0.021612
14.84057 2787257 -29.6236 -0.017744
14.84282 2793533 -26.4844 -0.015846
14.84507 2799823 -30.1448 -0.018016
14.84732 2806127 -24.4166 -0.014576
14.84957 2812446 -30.5209 -0.018199
14.85181 2818779 -19.3301 -0.011513
14.85406 2825126 -18.5416 -0.011031
14.85631 2831487 -20.8589 -0.012396
14.85856 2837863 -20.6910 -0.012282
14.86081 2844253 -15.1313 -0.008972
14.86306 2850657 -13.9207 -0.008245
14.86531 2857076 -10.4084 -0.006158
14.86756 2863509 3.9607 0.002341
14.86981 2869957 10.1743 0.006006
14.87206 2876419 15.2515 0.008993
14.87431 2882896 23.0412 0.013570
14.87655 2889387 13.9155 0.008186
14.87880 2895894 16.0014 0.009403
14.88105 2902414 17.0926 0.010033
14.88330 2908950 13.9134 0.008158
14.88555 2915500 9.8624 0.005776
14.88780 2922064 6.4885 0.003796
14.89005 2928644 10.7569 0.006286
14.89230 2935238 11.2355 0.006558
14.89455 2941848 11.7302 0.006839
14.89680 2948472 7.5233 0.004381
14.89905 2955111 17.8819 0.010402
14.90130 2961765 20.8015 0.012087
14.90355 2968434 12.0416 0.006989
14.90579 2975118 13.2323 0.007672
14.90804 2981817 14.4959 0.008395
14.91029 2988531 4.0864 0.002364
14.91254 2995261 0.4802 0.000277
14.91479 3002005 5.8161 0.003357
14.91704 3008765 2.3507 0.001355
14.91929 3015539 9.6146 0.005537
14.92154 3022329 8.0078 0.004606
14.92379 3029135 20.4860 0.011771
14.92604 3035956 25.6893 0.014744
14.92829 3042792 19.4729 0.011163
14.93054 3049643 15.4550 0.008850
14.93278 3056510 7.8977 0.004517
14.93503 3063392 5.6127 0.003207
14.93728 3070290 -9.2305 -0.005268
14.93953 3077203 -9.9760 -0.005687
14.94178 3084132 -8.1922 -0.004665
14.94403 3091077 -6.4943 -0.003694
14.94628 3098037 3.0424 0.001729
14.94853 3105013 5.2666 0.002989
14.95078 3112005 10.2654 0.005819
14.95303 3119012 15.7507 0.008918
14.95528 3126035 11.2669 0.006372
14.95753 3133074 17.5798 0.009932
14.95977 3140129 26.6994 0.015067
14.96202 3147199 21.1531 0.011924
14.96427 3154286 32.2465 0.018157
14.96652 3161388 36.8677 0.020735
14.96877 3168507 30.7399 0.017269
14.97102 3175641 25.5118 0.014316
14.97327 3182792 14.8584 0.008329
14.97552 3189959 22.1778 0.012417
14.97777 3197141 24.3148 0.013598
14.98002 3204340 21.4747 0.011997
14.98227 3211556 20.1035 0.011218
14.98452 3218787 26.3846 0.014706
14.98676 3226035 14.5357 0.008093
14.98901 3233299 13.9735 0.007771
14.99126 3240579 6.5590 0.003644
14.99351 3247876 2.0146 0.001118
14.99576 3255189 -4.7163 -0.002614
14.99801 3262519 -17.9171 -0.009920
15.00026 3269865 -19.9432 -0.011029
15.00251 3277228 -38.5120 -0.021274
15.00476 3284607 -40.4650 -0.022327
15.00701 3292003 -24.1354 -0.013302
15.00926 3299416 -14.2320 -0.007835
15.01151 3306845 -20.0807 -0.011043
15.01375 3314291 -16.9334 -0.009301
15.01600 3321754 -15.3503 -0.008422
15.01825 3329234 -20.3180 -0.011135
15.02050 3336730 -13.4922 -0.007386
15.02275 3344243 -6.2293 -0.003406
15.02500 3351773 -6.5662 -0.003587
15.02725 3359321 1.7145 0.000935
15.02950 3366885 12.6384 0.006888
15.03175 3374466 9.9710 0.005428
15.03400 3382064 2.1056 0.001145
15.03625 3389680 1.7190 0.000934
15.03850 3397312 -1.1421 -0.000620
15.04074 3404962 -2.3597 -0.001279
15.04299 3412629 -9.6448 -0.005221
15.04524 3420313 -12.5538 -0.006788
15.04749 3428015 -20.3316 -0.010981
15.04974 3435734 -16.0440 -0.008656
15.05199 3443470 -17.5158 -0.009439
15.05424 3451223 -26.8977 -0.014479
15.05649 3458995 -34.5819 -0.018594
15.05874 3466783 -28.2520 -0.015174
15.06099 3474589 -24.8252 -0.013318
15.06324 3482413 -25.3999 -0.013611
15.06549 3490254 -27.1404 -0.014527
15.06773 3498113 -28.7699 -0.015382
15.06998 3505990 -26.6945 -0.014257
15.07223 3513885 -21.0121 -0.011209
15.07448 3521797 -22.1539 -0.011805
15.07673 3529727 -22.0671 -0.011746
15.07898 3537675 -28.1973 -0.014992
15.08123 3545640 -27.8481 -0.014789
15.08348 3553624 -23.6715 -0.012557
15.08573 3561626 -17.9622 -0.009518
15.08798 3569646 -17.7971 -0.009420
15.09023 3577683 -12.5988 -0.006661
15.09248 3585739 -6.8713 -0.003629
15.09472 3593813 -7.7577 -0.004092
15.09697 3601905 -14.0002 -0.007377
15.09922 3610016 -32.7766 -0.017251
15.10147 3618144 -29.0095 -0.015251
15.10372 3626291 -34.1631 -0.017940
15.10597 3634457 -28.7632 -0.015088
15.10822 3642640 -24.2691 -0.012716
15.11047 3650843 -22.5778 -0.011816
15.11272 3659063 -27.5639 -0.014410
15.11497 3667302 -39.0557 -0.020394
15.11722 3675560 -23.5192 -0.012268
15.11947 3683836 -20.5053 -0.010684
15.12171 3692131 -15.2567 -0.007940
15.12396 3700445 -13.2079 -0.006866
15.12621 3708777 -10.6895 -0.005551
15.12846 3717128 -8.3723 -0.004343
15.13071 3725498 -7.8846 -0.004085
15.13296 3733887 -7.7660 -0.004019
15.13521 3742294 -12.4233 -0.006422
15.13746 3750721 -17.2669 -0.008916
15.13971 3759166 -12.7957 -0.006600
15.14196 3767631 -12.1777 -0.006274
15.14421 3776114 -23.0300 -0.011851
15.14646 3784617 -24.5629 -0.012626
15.14870 3793139 -18.1633 -0.009326
15.15095 3801680 -16.2117 -0.008315
15.15320 3810240 -21.8222 -0.011179
15.15545 3818819 -27.5696 -0.014108
15.15770 3827418 -29.0919 -0.014870
15.15995 3836036 -27.6120 -0.014098
15.16220 3844674 -37.0563 -0.018899
15.16445 3853331 -42.0867 -0.021440
15.16670 3862008 -39.5660 -0.020133
15.16895 3870704 -41.4977 -0.021093
15.17120 3879419 -40.2595 -0.020440
15.17345 3888155 -35.8723 -0.018192
15.17569 3896910 -32.6972 -0.016563
15.17794 3905684 -43.9685 -0.022248
15.18019 3914479 -42.3306 -0.021395
15.18244 3923293 -27.8666 -0.014069
15.18469 3932127 -29.7725 -0.015014
15.18694 3940981 -31.8720 -0.016055
15.18919 3949855 -35.1170 -0.017670
15.19144 3958749 -30.1861 -0.015171
15.19369 3967663 -24.7759 -0.012438
15.19594 3976597 -31.7992 -0.015946
15.19819 3985551 -30.5607 -0.015308
15.20044 3994525 -43.0924 -0.021561
15.20268 4003520 -38.4387 -0.019211
15.20493 4012534 -34.1547 -0.017051
15.20718 4021569 -25.6396 -0.012785
15.20943 4030625 -29.3339 -0.014611
15.21168 4039700 -26.7814 -0.013325
15.21393 4048797 -22.7745 -0.011318
15.21618 4057913 -13.0286 -0.006468
15.21843 4067050 -21.0548 -0.010440
15.22068 4076208 -13.6612 -0.006766
15.22293 4085387 -13.3151 -0.006588
15.22518 4094586 -16.0422 -0.007928
15.22743 4103805 -4.7403 -0.002340
15.22967 4113046 -13.3207 -0.006568
15.23192 4122307 -15.2716 -0.007522
15.23417 4131589 -17.1202 -0.008423
15.23642 4140893 -12.6588 -0.006221
15.23867 4150217 -13.8365 -0.006792
15.24092 4159562 -2.4969 -0.001224
15.24317 4168928 16.4515 0.008057
15.24542 4178315 23.4073 0.011451
15.24767 4187723 23.2834 0.011378
15.24992 4197153 8.4758 0.004137
15.25217 4206603 8.3625 0.004077
15.25442 4216075 18.2222 0.008875
15.25666 4225569 18.4549 0.008978
15.25891 4235083 10.6288 0.005165
15.26116 4244620 14.4189 0.006999
15.26341 4254177 12.3631 0.005994
15.26566 4263756 14.8906 0.007211
15.26791 4273357 19.2036 0.009290
15.27016 4282979 22.9296 0.011080
15.27241 4292623 24.4913 0.011821
15.27466 4302289 27.3774 0.013199
15.27691 4311976 23.3789 0.011259
15.27916 4321686 16.9280 0.008143
15.28141 4331417 19.5558 0.009396
15.28365 4341170 12.7068 0.006099
15.28590 4350945 14.9321 0.007159
15.28815 4360742 16.6992 0.007997
15.29040 4370561 26.3197 0.012590
15.29265 4380402 34.5715 0.016518
15.29490 4390266 27.4229 0.013088
15.29715 4400151 15.2958 0.007292
15.29940 4410059 28.3442 0.013497
15.30165 4419989 19.0830 0.009077
15.30390 4429942 31.2452 0.014845
15.30615 4439916 26.3450 0.012503
15.30840 4449914 13.9787 0.006627
15.31064 4459934 5.4057 0.002560
15.31289 4469976 5.8553 0.002769
15.31514 4480041 3.6271 0.001714
15.31739 4490129 2.9518 0.001393
15.31964 4500239 -21.9070 -0.010327
15.32189 4510372 -2.4326 -0.001145
15.32414 4520528 -3.2883 -0.001547
15.32639 4530707 -8.1130 -0.003812
15.32864 4540909 -7.2474 -0.003401
15.33089 4551134 -12.6603 -0.005935
15.33314 4561382 -21.9245 -0.010266
15.33539 4571653 -20.7287 -0.009695
15.33763 4581946 -12.3338 -0.005762
15.33988 4592264 -10.1777 -0.004749
15.34213 4602604 -16.4114 -0.007650
15.34438 4612968 -26.0026 -0.012107
15.34663 4623355 -28.6595 -0.013329
15.34888 4633765 -41.0083 -0.019050
15.35113 4644199 -39.7756 -0.018457
15.35338 4654656 -34.4807 -0.015982
15.35563 4665137 -40.3526 -0.018683
15.35788 4675642 -27.4068 -0.012675
15.36013 4686170 -26.2469 -0.012125
15.36238 4696722 -16.6662 -0.007690
15.36462 4707297 -9.0168 -0.004156
15.36687 4717897 -0.1125 -0.000052
15.36912 4728520 4.9353 0.002270
15.37137 4739167 -1.8306 -0.000841
15.37362 4749838 -5.7400 -0.002634
15.37587 4760534 0.7676 0.000352
15.37812 4771253 -3.4692 -0.001588
15.38037 4781996 -14.4772 -0.006620
15.38262 4792764 -12.5816 -0.005747
15.38487 4803556 -16.4241 -0.007494
15.38712 4814372 -7.3576 -0.003353
15.38937 4825212 -3.5646 -0.001623
15.39161 4836077 -3.4898 -0.001587
15.39386 4846967 -3.7010 -0.001681
15.39611 4857881 2.7770 0.001260
15.39836 4868819 -7.4712 -0.003386
15.40061 4879782 -14.4829 -0.006556
15.40286 4890770 -0.1397 -0.000063
15.40511 4901783 -5.8167 -0.002627
15.40736 4912820 7.5168 0.003391
15.40961 4923882 5.3452 0.002409
15.41186 4934969 23.2335 0.010459
15.41411 4946081 18.4950 0.008316
15.41636 4957218 9.6797 0.004348
15.41860 4968381 -3.9063 -0.001752
15.42085 4979568 -9.0781 -0.004068
15.42310 4990780 -14.8765 -0.006659
15.42535 5002018 -10.3410 -0.004624
15.42760 5013281 -5.9105 -0.002640
15.42985 5024570 -20.8436 -0.009299
15.43210 5035883 -26.9301 -0.012001
15.43435 5047223 -24.8835 -0.011076
15.43660 5058587 -22.5362 -0.010020
15.43885 5069978 -35.0404 -0.015562
15.44110 5081394 -46.0765 -0.020440
15.44335 5092836 -43.8352 -0.019424
15.44559 5104303 -42.1965 -0.018677
15.44784 5115797 -38.7915 -0.017151
15.45009 5127316 -41.5314 -0.018341
15.45234 5138861 -30.3050 -0.013368
15.45459 5150432 -34.2726 -0.015102
15.45684 5162029 -40.2454 -0.017714
15.45909 5173653 -52.1607 -0.022932
15.46134 5185302 -60.2096 -0.026441
15.46359 5196978 -58.2066 -0.025533
15.46584 5208680 -47.2719 -0.020713
15.46809 5220408 -42.3843 -0.018550
15.47034 5232163 -31.0527 -0.013576
15.47258 5243944 -44.7162 -0.019527
15.47483 5255752 -30.7030 -0.013393
15.47708 5267587 -24.8515 -0.010828
15.47933 5279448 -18.8075 -0.008185
15.48158 5291335 -20.1279 -0.008750
15.48383 5303250 -12.2269 -0.005309
15.48608 5315191 -8.1665 -0.003542
15.48833 5327159 -8.0925 -0.003506
15.49058 5339154 -12.4073 -0.005370
15.49283 5351177 -11.3119 -0.004890
15.49508 5363226 -5.2277 -0.002257
15.49733 5375302 -7.4947 -0.003233
15.49957 5387406 -19.1224 -0.008239
15.50182 5399537 -17.0380 -0.007332
15.50407 5411695 -15.7928 -0.006789
15.50632 5423880 -19.2425 -0.008262
15.50857 5436093 -20.6818 -0.008870
15.51082 5448334 -20.9738 -0.008986
15.51307 5460602 -22.8960 -0.009798
15.51532 5472897 -24.6614 -0.010542
15.51757 5485221 -23.8835 -0.010198
15.51982 5497572 -22.0034 -0.009384
15.52207 5509951 -24.4832 -0.010430
15.52432 5522357 -7.5557 -0.003215
15.52656 5534792 -5.6893 -0.002418
15.52881 5547255 -1.5295 -0.000649
15.53106 5559745 7.3305 0.003109
15.53331 5572264 14.2078 0.006019
15.53556 5584811 13.2827 0.005621
15.53781 5597387 29.7695 0.012583
15.54006 5609990 34.3942 0.014521
15.54231 5622622 35.0418 0.014778
15.54456 5635283 41.6690 0.017553
15.54681 5647972 40.1922 0.016912
15.54906 5660689 41.3365 0.017374
15.55131 5673435 30.9370 0.012988
15.55355 5686210 42.0672 0.017641
15.55580 5699014 33.1611 0.013891
15.55805 5711846 27.2896 0.011418
15.56030 5724708 28.9840 0.012114
15.56255 5737598 42.5881 0.017780
15.56480 5750517 33.6068 0.014014
15.56705 5763466 27.5344 0.011469
15.56930 5776443 35.9615 0.014963
15.57155 5789450 34.4090 0.014301
15.57380 5802486 36.2435 0.015046
15.57605 5815552 19.5920 0.008124
15.57830 5828647 34.8638 0.014441
15.58054 5841771 34.9619 0.014465
15.58279 5854925 33.4542 0.013826
15.58504 5868108 42.1182 0.017387
15.58729 5881322 27.6455 0.011400
15.58954 5894565 20.6471 0.008504
15.59179 5907837 6.9350 0.002853
15.59404 5921140 18.1400 0.007455
15.59629 5934473 16.4548 0.006755
15.59854 5947835 25.6469 0.010516
15.60079 5961228 21.2114 0.008688
15.60304 5974651 12.6388 0.005171
15.60529 5988104 11.8122 0.004827
15.60753 6001587 21.9545 0.008962
15.60978 6015101 11.7795 0.004803
15.61203 6028645 9.8417 0.004008
15.61428 6042220 20.4831 0.008333
15.61653 6055825 16.6205 0.006754
15.61878 6069461 4.3292 0.001757
15.62103 6083128 0.7510 0.000305
15.62328 6096825 4.4647 0.001808
15.62553 6110553 11.1167 0.004497
15.62778 6124313 -0.9991 -0.000404
15.63003 6138103 -7.1981 -0.002905
15.63228 6151924 -5.1484 -0.002076
15.63452 6165776 -12.7943 -0.005153
15.63677 6179660 -2.2303 -0.000897
15.63902 6193574 -5.4252 -0.002180
15.64127 6207520 -8.3288 -0.003343
15.64352 6221498 -15.5935 -0.006252
15.64577 6235507 -21.1178 -0.008457
15.64802 6249547 -21.3860 -0.008555
15.65027 6263619 -15.7942 -0.006311
15.65252 6277723 -9.8023 -0.003912
15.65477 6291859 18.1825 0.007249
15.65702 6306026 12.6192 0.005025
15.65927 6320225 -3.3556 -0.001335
15.66151 6334457 -0.4884 -0.000194
15.66376 6348720 -4.9915 -0.001981
15.66601 6363015 -0.2776 -0.000110
15.66826 6377343 3.0675 0.001215
15.67051 6391703 7.6577 0.003029
15.67276 6406095 13.2241 0.005225
15.67501 6420520 13.7511 0.005427
15.67726 6434977 7.3008 0.002878
15.67951 6449466 11.2631 0.004435
15.68176 6463989 13.9073 0.005470
15.68401 6478543 23.4240 0.009203
15.68626 6493131 20.8252 0.008173
15.68850 6507752 24.4429 0.009582
15.69075 6522405 20.2920 0.007945
15.69300 6537092 25.3612 0.009919
15.69525 6551811 21.0383 0.008219
15.69750 6566564 12.9370 0.005049
15.69975 6581350 10.1178 0.003944
15.70200 6596169 15.2769 0.005948
15.70425 6611022 11.9320 0.004641
15.70650 6625908 8.6767 0.003371
15.70875 6640827 -6.1380 -0.002382
15.71100 6655780 -7.2693 -0.002818
15.71325 6670767 2.0449 0.000792
15.71549 6685788 6.4924 0.002511
15.71774 6700842 20.6056 0.007960
15.71999 6715931 11.0178 0.004252
15.72224 6731053 13.7950 0.005317
15.72449 6746209 5.6715 0.002184
15.72674 6761400 10.3350 0.003975
15.72899 6776624 21.8285 0.008385
15.73124 6791883 22.3106 0.008561
15.73349 6807176 8.0020 0.003067
15.73574 6822504 1.4621 0.000560
15.73799 6837866 -0.2651 -0.000101
15.74024 6853263 -0.6228 -0.000238
15.74248 6868695 11.5360 0.004402
15.74473 6884161 -2.0448 -0.000779
15.74698 6899662 1.3341 0.000508
15.74923 6915198 7.7579 0.002950
15.75148 6930769 10.6903 0.004061
15.75373 6946375 17.7752 0.006744
15.75598 6962016 6.1743 0.002340
15.75823 6977692 -5.9099 -0.002237
15.76048 6993404 -4.3631 -0.001650
15.76273 7009151 -18.4711 -0.006977
15.76498 7024933 -13.0864 -0.004937
15.76723 7040752 -12.2444 -0.004615
15.76947 7056605 -20.7687 -0.007818
15.77172 7072495 -23.0102 -0.008652
15.77397 7088420 -38.3040 -0.014387
15.77622 7104381 -36.8147 -0.013812
15.77847 7120378 -52.6057 -0.019714
15.78072 7136410 -37.2436 -0.013942
15.78297 7152480 -38.9376 -0.014559
15.78522 7168585 -40.3483 -0.015070
15.78747 7184726 -44.5639 -0.016626
15.78972 7200904 -34.0183 -0.012677
15.79197 7217118 -33.4296 -0.012444
15.79422 7233369 -17.9030 -0.006657
15.79646 7249657 -9.2954 -0.003452
15.79871 7265981 -3.6709 -0.001362
15.80096 7282341 -8.5397 -0.003165
15.80321 7298739 -26.6346 -0.009859
15.80546 7315174 -20.0651 -0.007419
15.80771 7331645 -8.8053 -0.003252
15.80996 7348154 -12.3001 -0.004538
15.81221 7364700 -14.9360 -0.005504
15.81446 7381283 -6.3221 -0.002327
15.81671 7397903 -12.6714 -0.004659
15.81896 7414561 -13.0526 -0.004794
15.82121 7431256 -14.8025 -0.005430
15.82345 7447989 -24.5424 -0.008993
15.82570 7464760 -25.3150 -0.009266
15.82795 7481568 -21.5666 -0.007885
15.83020 7498415 -24.5921 -0.008981
15.83245 7515299 -21.8719 -0.007978
15.83470 7532221 -26.1301 -0.009521
15.83695 7549181 -29.3395 -0.010678
15.83920 7566180 -17.9460 -0.006524
15.84145 7583216 -2.1343 -0.000775
15.84370 7600292 7.1203 0.002583
15.84595 7617405 3.0262 0.001096
15.84820 7634557 1.8702 0.000677
15.85044 7651748 13.4073 0.004847
15.85269 7668977 21.4804 0.007757
15.85494 7686246 11.1075 0.004006
15.85719 7703553 -13.0260 -0.004693
15.85944 7720899 -9.3758 -0.003374
15.86169 7738284 -24.0616 -0.008650
15.86394 7755708 -23.2250 -0.008340
15.86619 7773172 -20.8044 -0.007462
15.86844 7790675 -29.7817 -0.010670
15.87069 7808217 -12.8393 -0.004595
15.87294 7825799 -8.2914 -0.002964
15.87519 7843420 -31.7572 -0.011339
15.87743 7861081 -38.7346 -0.013815
15.87968 7878782 -33.8852 -0.012072
15.88193 7896522 -38.3126 -0.013634
15.88418 7914303 -40.4436 -0.014376
15.88643 7932124 -49.4105 -0.017544
15.88868 7949984 -42.0326 -0.014907
15.89093 7967885 -37.7809 -0.013384
15.89318 7985827 -31.0648 -0.010993
15.89543 8003808 -17.8050 -0.006294
15.89768 8021830 -24.0986 -0.008509
15.89993 8039893 -13.5028 -0.004762
15.90218 8057997 -9.4167 -0.003317
15.90442 8076141 0.2825 0.000099
15.90667 8094326 3.5977 0.001265
15.90892 8112552 20.9920 0.007370
15.91117 8130819 16.3045 0.005718
15.91342 8149127 20.5395 0.007195
15.91567 8167476 10.9670 0.003837
15.91792 8185867 9.7416 0.003405
15.92017 8204299 9.9137 0.003461
15.92242 8222773 -8.9425 -0.003119
15.92467 8241288 -10.8394 -0.003776
15.92692 8259845 -21.9333 -0.007632
15.92917 8278444 -31.2208 -0.010851
15.93141 8297084 -37.8144 -0.013128
15.93366 8315767 -23.6040 -0.008185
15.93591 8334491 -29.0050 -0.010047
15.93816 8353258 -24.8976 -0.008615
15.94041 8372067 -32.4387 -0.011211
15.94266 8390918 -31.5511 -0.010892
15.94491 8409812 -32.5723 -0.011232
15.94716 8428749 -39.3808 -0.013564
15.94941 8447728 -35.5965 -0.012247
15.95166 8466749 -29.7777 -0.010234
15.95391 8485814 -12.6223 -0.004333
15.95616 8504921 -14.4225 -0.004945
15.95840 8524072 -21.6921 -0.007430
15.96065 8543266 -27.8696 -0.009535
15.96290 8562502 -8.4327 -0.002882
15.96515 8581783 -7.6259 -0.002603
15.96740 8601106 -22.7334 -0.007752
15.96965 8620473 -9.7748 -0.003329
15.97190 8639884 -14.2985 -0.004864
15.97415 8659338 -4.1955 -0.001426
15.97640 8678837 -14.5633 -0.004943
15.97865 8698379 -26.9404 -0.009134
15.98090 8717965 -32.1402 -0.010885
15.98315 8737595 -32.4484 -0.010977
15.98539 8757270 -26.1538 -0.008838
15.98764 8776988 -36.9173 -0.012461
15.98989 8796751 -44.3872 -0.014966
15.99214 8816559 -52.1164 -0.017552
15.99439 8836411 -63.1205 -0.021234
15.99664 8856308 -56.4787 -0.018978
15.99889 8876250 -50.7161 -0.017023
16.00114 8896237 -55.9179 -0.018748
16.00339 8916268 -64.2571 -0.021519
16.00564 8936345 -82.0891 -0.027460
16.00789 8956467 -60.3790 -0.020175
16.01014 8976634 -50.9038 -0.016990
16.01238 8996847 -69.8276 -0.023280
16.01463 9017105 -80.0021 -0.026642
16.01688 9037409 -85.5700 -0.028464
16.01913 9057758 -99.0104 -0.032898
16.02138 9078154 -93.9070 -0.031167
16.02363 9098595 -77.9650 -0.025847
16.02588 9119082 -79.6889 -0.026389
16.02813 9139616 -83.6014 -0.027653
16.03038 9160195 -85.9507 -0.028399
16.03263 9180821 -95.0765 -0.031379
16.03488 9201494 -95.7666 -0.031571
16.03713 9222213 -78.3115 -0.025787
16.03937 9242978 -67.8519 -0.022318
16.04162 9263791 -61.6330 -0.020250
16.04387 9284650 -54.8286 -0.017994
16.04612 9305556 -45.2513 -0.014834
16.04837 9326510 -50.6357 -0.016580
16.05062 9347510 -36.0423 -0.011789
16.05287 9368558 -30.2505 -0.009883
16.05512 9389653 -42.9275 -0.014009
16.05737 9410796 -48.9079 -0.015943
16.05962 9431986 -41.0631 -0.013371
16.06187 9453224 -51.4427 -0.016731
16.06412 9474510 -46.9482 -0.015252
16.06636 9495844 -34.2925 -0.011128
16.06861 9517225 -49.1271 -0.015924
16.07086 9538655 -31.5119 -0.010203
16.07311 9560134 -29.0155 -0.009384
16.07536 9581660 -46.1243 -0.014901
16.07761 9603235 -62.9396 -0.020310
16.07986 9624859 -58.0615 -0.018715
16.08211 9646531 -64.9157 -0.020901
16.08436 9668252 -70.8321 -0.022780
16.08661 9690022 -78.5253 -0.025226
16.08886 9711841 -80.1942 -0.025733
16.09111 9733709 -78.7929 -0.025255
16.09335 9755627 -86.2769 -0.027623
16.09560 9777593 -90.7166 -0.029012
16.09785 9799609 -80.1362 -0.025599
16.10010 9821675 -94.1691 -0.030048
16.10235 9843791 -84.7417 -0.027009
16.10460 9865956 -73.1645 -0.023293
16.10685 9888171 -68.2454 -0.021703
16.10910 9910436 -57.5213 -0.018272
16.11135 9932752 -53.3944 -0.016942
16.11360 9955117 -51.4168 -0.016296
16.11585 9977533 -28.3330 -0.008970
16.11810 10000000 -31.8888 -0.010084
