logY Y P PoverSqrtY
6.90675 999 0.1409 0.004459
6.90975 1002 -0.1409 -0.004453
6.91175 1004 -0.0422 -0.001333
6.91374 1006 -0.2012 -0.006345
6.91672 1009 -0.2860 -0.009003
6.91870 1011 -0.6499 -0.020440
6.92067 1013 -0.3844 -0.012078
6.92264 1015 -0.4520 -0.014186
6.92560 1018 -0.5669 -0.017767
6.92756 1020 -1.0235 -0.032047
6.92952 1022 -0.8436 -0.026390
6.93245 1025 -0.8260 -0.025801
6.93440 1027 -0.7492 -0.023377
6.93634 1029 -1.0371 -0.032330
6.93828 1031 -0.6957 -0.021666
6.94119 1034 -0.7536 -0.023437
6.94312 1036 -0.7966 -0.024749
6.94505 1038 -1.1679 -0.036250
6.94794 1041 -1.1837 -0.036688
6.94986 1043 -0.9076 -0.028103
6.95273 1046 -0.8412 -0.026010
6.95464 1048 -0.7696 -0.023773
6.95655 1050 -1.0686 -0.032979
6.95940 1053 -1.0872 -0.033505
6.96130 1055 -0.8130 -0.025029
6.96319 1057 -0.8614 -0.026495
6.96602 1060 -0.9188 -0.028221
6.96791 1062 -1.3195 -0.040489
6.97073 1065 -1.1189 -0.034285
6.97261 1067 -0.6181 -0.018921
6.97448 1069 -0.4697 -0.014367
6.97728 1072 -0.2809 -0.008579
6.97915 1074 -0.5230 -0.015958
6.98193 1077 -0.4456 -0.013578
6.98379 1079 -0.1074 -0.003268
6.98564 1081 -0.1371 -0.004170
6.98841 1084 -0.1365 -0.004146
6.99026 1086 -0.3677 -0.011157
6.99302 1089 -0.2845 -0.008622
6.99485 1091 0.0575 0.001742
6.99760 1094 0.0045 0.000137
6.99942 1096 -0.0608 -0.001836
7.00216 1099 -0.2057 -0.006204
7.00397 1101 -0.6823 -0.020563
7.00670 1104 -0.4301 -0.012946
7.00851 1106 0.0426 0.001279
7.01121 1109 0.1820 0.005464
7.01302 1111 0.2684 0.008052
7.01571 1114 0.3880 0.011625
7.01751 1116 0.0877 0.002626
7.02019 1119 0.0672 0.002010
7.02198 1121 0.3533 0.010552
7.02465 1124 0.4514 0.013465
7.02643 1126 0.5499 0.016387
7.02909 1129 0.6316 0.018798
7.03086 1131 0.3117 0.009267
7.03351 1134 0.3740 0.011105
7.03527 1136 0.7084 0.021018
7.03791 1139 0.6400 0.018965
7.03966 1141 0.6589 0.019507
7.04229 1144 0.7838 0.023174
7.04491 1147 0.8247 0.024351
7.04665 1149 0.4719 0.013923
7.04925 1152 0.3728 0.010983
7.05099 1154 0.6734 0.019822
7.05359 1157 0.6030 0.017729
7.05618 1160 0.5272 0.015478
7.05790 1162 0.5602 0.016433
7.06048 1165 0.7102 0.020807
7.06219 1167 0.4332 0.012681
7.06476 1170 0.4476 0.013087
7.06732 1173 0.3863 0.011280
7.06902 1175 0.6326 0.018456
7.07157 1178 0.4320 0.012588
7.07412 1181 0.4440 0.012921
7.07581 1183 0.5187 0.015082
7.07834 1186 0.5880 0.017075
7.08087 1189 0.5888 0.017077
7.08255 1191 0.2156 0.006248
7.08506 1194 0.1029 0.002977
7.08757 1197 0.0172 0.000498
7.08924 1199 0.3378 0.009755
7.09174 1202 0.4708 0.013580
7.09423 1205 0.6310 0.018177
7.09589 1207 0.6911 0.019892
7.09838 1210 0.7112 0.020446
7.10085 1213 0.6473 0.018586
7.10332 1216 0.5082 0.014572
7.10497 1218 0.0471 0.001350
7.10743 1221 0.1477 0.004226
7.10988 1224 0.1642 0.004693
7.11233 1227 0.2097 0.005988
7.11396 1229 0.5573 0.015898
7.11639 1232 0.5086 0.014491
7.11883 1235 0.4129 0.011749
7.12125 1238 0.2564 0.007287
7.12367 1241 0.3339 0.009478
7.12528 1243 0.4681 0.013276
7.12769 1246 0.6547 0.018547
7.13010 1249 0.8110 0.022949
7.13250 1252 0.9133 0.025812
7.13489 1255 0.9316 0.026297
7.13648 1257 0.5637 0.015900
7.13887 1260 0.7755 0.021846
7.14125 1263 0.9190 0.025860
7.14362 1266 0.9786 0.027503
7.14598 1269 0.9732 0.027321
7.14835 1272 0.8839 0.024782
7.14992 1274 1.1109 0.031124
7.15227 1277 0.8815 0.024667
7.15462 1280 0.7902 0.022088
7.15696 1283 0.7805 0.021790
7.15929 1286 0.8145 0.022714
7.16162 1289 0.8892 0.024767
7.16395 1292 0.9170 0.025511
7.16627 1295 0.8862 0.024627
7.16858 1298 1.0589 0.029391
7.17089 1301 1.2851 0.035627
7.17242 1303 1.4267 0.039523
7.17472 1306 1.6253 0.044974
7.17702 1309 1.7548 0.048503
7.17931 1312 1.8304 0.050533
7.18159 1315 1.8238 0.050293
7.18387 1318 1.8931 0.052147
7.18614 1321 2.1917 0.060301
7.18841 1324 2.4062 0.066128
7.19068 1327 2.5766 0.070732
7.19293 1330 2.7431 0.075217
7.19519 1333 2.8255 0.077389
7.19744 1336 2.9350 0.080299
7.19968 1339 3.1849 0.087036
7.20192 1342 3.3547 0.091576
7.20415 1345 3.4485 0.094031
7.20638 1348 3.4742 0.094625
7.20860 1351 3.4177 0.092984
7.21082 1354 3.2810 0.089165
7.21303 1357 3.1713 0.086089
7.21524 1360 3.1998 0.086768
7.21744 1363 3.1547 0.085449
7.22037 1367 3.0137 0.081512
7.22257 1370 2.8267 0.076370
7.22475 1373 2.6362 0.071145
7.22694 1376 2.6243 0.070746
7.22911 1379 2.6395 0.071079
7.23129 1382 2.6456 0.071165
7.23346 1385 2.6519 0.071258
7.23562 1388 2.6006 0.069803
7.23778 1391 2.4668 0.066140
7.23993 1394 2.2530 0.060345
7.24280 1398 1.8414 0.049249
7.24494 1401 1.7683 0.047244
7.24708 1404 1.6556 0.044184
7.24922 1407 1.5399 0.041053
7.25134 1410 1.3654 0.036362
7.25347 1413 1.2774 0.033984
7.25630 1417 1.9991 0.053107
7.25841 1420 2.1980 0.058329
7.26052 1423 2.3426 0.062100
7.26263 1426 2.4735 0.065503
7.26473 1429 2.5915 0.068555
7.26753 1433 2.6263 0.069378
7.26962 1436 2.7881 0.073576
7.27170 1439 3.0308 0.079897
7.27379 1442 3.2164 0.084701
7.27656 1446 3.0017 0.078938
7.27863 1449 3.0363 0.079764
7.28070 1452 2.9870 0.078388
7.28276 1455 3.2168 0.084331
7.28551 1459 3.7657 0.098586
7.28756 1462 3.9348 0.102909
7.28961 1465 4.0508 0.105834
7.29234 1469 4.0748 0.106315
7.29438 1472 3.9947 0.104119
7.29641 1475 4.1385 0.107758
7.29845 1478 4.3523 0.113208
7.30115 1482 4.1732 0.108403
7.30317 1485 4.1908 0.108751
7.30519 1488 4.1245 0.106922
7.30787 1492 4.3752 0.113269
7.30988 1495 4.4805 0.115879
7.31255 1499 4.4901 0.115974
7.31455 1502 4.4794 0.115579
7.31655 1505 4.4988 0.115966
7.31920 1509 4.1148 0.105926
7.32119 1512 3.9799 0.102351
7.32383 1516 4.4543 0.114402
7.32581 1519 4.4786 0.114911
7.32778 1522 4.4340 0.113654
7.33041 1526 4.3307 0.110863
7.33237 1529 4.2445 0.108549
7.33498 1533 4.0350 0.103057
7.33694 1536 4.1244 0.105237
7.33954 1540 4.4462 0.113300
7.34148 1543 4.3395 0.110473
7.34407 1547 4.1467 0.105428
7.34601 1550 4.0357 0.102507
7.34859 1554 3.8048 0.096518
7.35052 1557 3.8744 0.098188
7.35308 1561 4.1719 0.105594
7.35500 1564 4.0590 0.102636
7.35756 1568 3.8853 0.098118
7.35947 1571 3.9462 0.099561
7.36201 1575 3.7115 0.093521
7.36391 1578 3.6875 0.092827
7.36645 1582 3.9515 0.099347
7.36834 1585 3.8023 0.095507
7.37086 1589 3.5906 0.090074
7.37275 1592 3.6443 0.091335
7.37526 1596 3.3999 0.085105
7.37776 1600 3.8796 0.096990
7.37963 1603 3.9326 0.098223
7.38212 1607 3.8842 0.096892
7.38399 1610 3.9808 0.099209
7.38647 1614 3.7936 0.094428
7.38895 1618 4.1292 0.102655
7.39080 1621 4.0597 0.100833
7.39326 1625 3.8750 0.096126
7.39572 1629 3.2075 0.079470
7.39756 1632 3.1927 0.079031
7.40001 1636 3.5459 0.087667
7.40245 1640 3.4466 0.085108
7.40428 1643 3.2763 0.080829
7.40671 1647 2.5852 0.063701
7.40914 1651 2.8829 0.070951
7.41156 1655 2.7790 0.068312
7.41337 1658 2.6031 0.063929
7.41578 1662 2.0333 0.049875
7.41818 1666 2.0725 0.050775
7.41998 1669 1.9932 0.048789
7.42237 1673 2.1567 0.052728
7.42476 1677 2.0606 0.050319
7.42714 1681 2.5382 0.061907
7.42952 1685 2.5330 0.061708
7.43130 1688 2.6630 0.064817
7.43367 1692 2.6382 0.064136
7.43603 1696 3.1734 0.077058
7.43838 1700 3.2538 0.078917
7.44073 1704 2.8867 0.069931
7.44249 1707 2.7695 0.067032
7.44483 1711 3.2628 0.078880
7.44717 1715 3.2882 0.079400
7.44950 1719 2.8384 0.068461
7.45182 1723 3.1786 0.076577
7.45414 1727 3.2655 0.078579
7.45645 1731 3.1040 0.074606
7.45876 1735 3.4764 0.083460
7.46049 1738 3.4494 0.082741
7.46279 1742 3.3047 0.079178
7.46508 1746 2.6895 0.064366
7.46737 1750 3.0733 0.073466
7.46965 1754 3.0484 0.072787
7.47193 1758 2.6362 0.062875
7.47420 1762 2.7885 0.066432
7.47647 1766 2.8415 0.067617
7.47873 1770 2.6749 0.063580
7.48099 1774 3.0543 0.072515
7.48324 1778 3.0918 0.073323
7.48549 1782 2.7012 0.063988
7.48773 1786 3.0872 0.073050
7.48997 1790 3.3263 0.078621
7.49220 1794 3.0851 0.072839
7.49443 1798 3.4705 0.081845
7.49665 1802 3.3889 0.079833
7.49887 1806 3.1739 0.074686
7.50108 1810 3.8459 0.090399
7.50329 1814 4.0471 0.095022
7.50549 1818 3.7871 0.088820
7.50824 1823 4.0212 0.094181
7.51043 1827 3.7920 0.088715
7.51262 1831 4.1925 0.097977
7.51480 1835 4.1309 0.096434
7.51698 1839 3.6035 0.084031
7.51915 1843 3.7631 0.087657
7.52132 1847 3.8477 0.089530
7.52402 1852 4.0024 0.093003
7.52618 1856 4.0096 0.093070
7.52833 1860 3.5492 0.082296
7.53048 1864 3.8162 0.088391
7.53262 1868 3.9360 0.091068
7.53476 1872 3.5731 0.082584
7.53743 1877 3.7382 0.086283
7.53956 1881 3.2172 0.074180
7.54168 1885 3.6810 0.084783
7.54380 1889 3.7357 0.085952
7.54645 1894 3.6895 0.084777
7.54856 1898 3.6705 0.084252
7.55066 1902 3.2381 0.074249
7.55276 1906 3.7726 0.086412
7.55538 1911 3.4804 0.079617
7.55747 1915 3.6961 0.084462
7.55956 1919 3.4838 0.079527
7.56216 1924 3.5212 0.080276
7.56424 1928 3.4719 0.079071
7.56631 1932 2.9399 0.066885
7.56890 1937 2.8949 0.065776
7.57096 1941 2.2980 0.052161
7.57302 1945 2.7957 0.063391
7.57558 1950 2.5731 0.058270
7.57763 1954 2.9070 0.065762
7.58019 1959 2.4448 0.055237
7.58223 1963 2.9580 0.066763
7.58426 1967 2.9885 0.067383
7.58680 1972 3.0230 0.068074
7.58883 1976 2.9597 0.066582
7.59136 1981 2.8598 0.064252
7.59337 1985 3.1165 0.069950
7.59589 1990 3.2273 0.072346
7.59790 1994 3.1602 0.070771
7.60040 1999 2.9928 0.066937
7.60240 2003 3.0973 0.069205
7.60489 2008 3.0853 0.068852
7.60688 2012 2.9200 0.065099
7.60937 2017 2.5095 0.055877
7.61135 2021 2.3247 0.051712
7.61382 2026 2.4086 0.053512
7.61579 2030 2.3397 0.051929
7.61825 2035 2.1917 0.048585
7.62071 2040 1.8475 0.040905
7.62266 2044 2.2943 0.050747
7.62511 2049 1.9117 0.042232
7.62706 2053 2.0466 0.045168
7.62949 2058 1.2829 0.028280
7.63192 2063 1.6649 0.036655
7.63385 2067 1.3013 0.028623
7.63627 2072 1.5951 0.035042
7.63868 2077 1.4331 0.031446
7.64060 2081 1.4910 0.032685
7.64300 2086 1.3572 0.029715
7.64540 2091 0.7273 0.015904
7.64731 2095 0.6936 0.015153
7.64969 2100 0.0290 0.000634
7.65207 2105 0.1677 0.003655
7.65444 2110 -0.1764 -0.003840
7.65634 2114 -0.4863 -0.010577
7.65870 2119 -0.6055 -0.013153
7.66106 2124 -1.0698 -0.023212
7.66341 2129 -0.8864 -0.019212
7.66528 2133 -1.4240 -0.030833
7.66763 2138 -1.2989 -0.028092
7.66996 2143 -1.3556 -0.029284
7.67229 2148 -1.7737 -0.038270
7.67462 2153 -1.7478 -0.037667
7.67694 2158 -1.4721 -0.031690
7.67879 2162 -1.1939 -0.025678
7.68110 2167 -0.9063 -0.019468
7.68340 2172 -1.1487 -0.024648
7.68570 2177 -0.7351 -0.015756
7.68800 2182 -0.5485 -0.011743
7.69029 2187 -0.9066 -0.019386
7.69257 2192 -0.8296 -0.017718
7.69485 2197 -0.7772 -0.016581
7.69712 2202 -0.9592 -0.020440
7.69939 2207 -0.6886 -0.014658
7.70165 2212 -0.9849 -0.020940
7.70391 2217 -1.4863 -0.031567
7.70616 2222 -1.1245 -0.023855
7.70841 2227 -1.3240 -0.028057
7.71065 2232 -2.0201 -0.042760
7.71289 2237 -1.6807 -0.035535
7.71512 2242 -1.8644 -0.039375
7.71735 2247 -2.4348 -0.051365
7.71957 2252 -2.3643 -0.049821
7.72179 2257 -2.4007 -0.050533
7.72400 2262 -2.8924 -0.060816
7.72621 2267 -2.8966 -0.060836
7.72842 2272 -3.2614 -0.068422
7.73061 2277 -3.6626 -0.076754
7.73281 2282 -3.5106 -0.073489
7.73543 2288 -3.6250 -0.075784
7.73762 2293 -3.6956 -0.077175
7.73979 2298 -3.8337 -0.079973
7.74197 2303 -3.5021 -0.072977
7.74414 2308 -3.7011 -0.077040
7.74630 2313 -3.9314 -0.081744
7.74889 2319 -3.6567 -0.075935
7.75105 2324 -3.3196 -0.068859
7.75319 2329 -3.4657 -0.071814
7.75534 2334 -3.6428 -0.075402
7.75791 2340 -3.4628 -0.071584
7.76004 2345 -3.0153 -0.062267
7.76217 2350 -3.0026 -0.061940
7.76430 2355 -3.1021 -0.063923
7.76684 2361 -3.0598 -0.062972
7.76896 2366 -2.9278 -0.060191
7.77107 2371 -3.1763 -0.065231
7.77359 2377 -2.8276 -0.057996
7.77570 2382 -3.0848 -0.063205
7.77779 2387 -2.8927 -0.059207
7.78030 2393 -2.6397 -0.053962
7.78239 2398 -2.5542 -0.052160
7.78489 2404 -2.6961 -0.054988
7.78697 2409 -3.2386 -0.065984
7.78904 2414 -2.6318 -0.053565
7.79152 2420 -2.4071 -0.048930
7.79359 2425 -2.4192 -0.049127
7.79606 2431 -2.1857 -0.044330
7.79811 2436 -2.2848 -0.046293
7.80057 2442 -2.2146 -0.044814
7.80262 2447 -2.0464 -0.041369
7.80507 2453 -1.9971 -0.040323
7.80710 2458 -2.0750 -0.041852
7.80954 2464 -2.2828 -0.045988
7.81157 2469 -2.7128 -0.054596
7.81400 2475 -2.7692 -0.055663
7.81642 2481 -3.0817 -0.061870
7.81843 2486 -3.2267 -0.064715
7.82084 2492 -3.4851 -0.069814
7.82285 2497 -3.7812 -0.075669
7.82525 2503 -4.1444 -0.082839
7.82764 2509 -4.1986 -0.083821
7.82963 2514 -4.4847 -0.089445
7.83201 2520 -4.5883 -0.091400
7.83439 2526 -4.9837 -0.099160
7.83637 2531 -4.3422 -0.086311
7.83874 2537 -4.1021 -0.081442
7.84110 2543 -4.1033 -0.081369
7.84306 2548 -3.6854 -0.073011
7.84542 2554 -3.2999 -0.065297
7.84776 2560 -3.2444 -0.064123
7.85010 2566 -3.3691 -0.066510
7.85205 2571 -3.4806 -0.068643
7.85438 2577 -3.4876 -0.068702
7.85671 2583 -3.7339 -0.073468
7.85903 2589 -3.5732 -0.070224
7.86134 2595 -3.1762 -0.062351
7.86365 2601 -3.0631 -0.060061
7.86557 2606 -2.6701 -0.052305
7.86787 2612 -2.4816 -0.048556
7.87017 2618 -2.6148 -0.051104
7.87246 2624 -2.6764 -0.052249
7.87474 2630 -2.5816 -0.050340
7.87702 2636 -2.5666 -0.049991
7.87929 2642 -2.7009 -0.052546
7.88156 2648 -2.5893 -0.050317
7.88382 2654 -2.5232 -0.048978
7.88608 2660 -2.5081 -0.048630
7.88833 2666 -2.1159 -0.040979
7.89058 2672 -1.9052 -0.036857
7.89283 2678 -1.9348 -0.037387
7.89506 2684 -1.8343 -0.035407
7.89730 2690 -1.4551 -0.028056
7.89952 2696 -1.4064 -0.027087
7.90175 2702 -1.4586 -0.028061
7.90397 2708 -1.3535 -0.026009
7.90618 2714 -1.4174 -0.027207
7.90839 2720 -1.5060 -0.028877
7.91059 2726 -1.1805 -0.022610
7.91279 2732 -1.0589 -0.020259
7.91535 2739 -1.5853 -0.030291
7.91754 2745 -1.2688 -0.024218
7.91972 2751 -1.2740 -0.024289
7.92190 2757 -1.6153 -0.030764
7.92407 2763 -1.7388 -0.033079
7.92660 2770 -1.2291 -0.023354
7.92877 2776 -1.3999 -0.026569
7.93093 2782 -1.1566 -0.021929
7.93308 2788 -0.9399 -0.017800
7.93559 2795 -1.0458 -0.019781
7.93773 2801 -1.1422 -0.021581
7.93987 2807 -0.8987 -0.016963
7.94236 2814 -0.9973 -0.018801
7.94449 2820 -0.7978 -0.015024
7.94662 2826 -0.6012 -0.011309
7.94909 2833 -0.2909 -0.005466
7.95121 2839 -0.5430 -0.010192
7.95332 2845 -0.4742 -0.008891
7.95578 2852 -0.6088 -0.011399
7.95788 2858 -0.6131 -0.011469
7.96032 2865 -0.7814 -0.014599
7.96242 2871 -0.8762 -0.016353
7.96485 2878 -0.7985 -0.014884
7.96693 2884 -0.5615 -0.010456
7.96936 2891 -0.5510 -0.010247
7.97143 2897 -0.4709 -0.008748
7.97384 2904 -0.2656 -0.004928
7.97591 2910 -0.0388 -0.000720
7.97831 2917 0.2627 0.004863
7.98037 2923 0.4941 0.009140
7.98276 2930 0.3393 0.006269
7.98480 2936 0.1905 0.003515
7.98718 2943 0.2598 0.004789
7.98956 2950 0.5914 0.010888
7.99159 2956 0.4312 0.007931
7.99396 2963 0.5969 0.010965
7.99632 2970 0.1640 0.003008
7.99834 2976 0.0489 0.000897
8.00068 2983 0.5227 0.009570
8.00303 2990 0.4422 0.008087
8.00503 2996 0.5303 0.009689
8.00737 3003 0.4826 0.008806
8.00970 3010 1.0128 0.018461
8.01202 3017 1.4276 0.025991
8.01434 3024 1.4352 0.026098
8.01632 3030 1.7792 0.032323
8.01863 3037 2.5738 0.046704
8.02093 3044 2.9467 0.053408
8.02322 3051 2.5386 0.045959
8.02552 3058 3.2717 0.059163
8.02780 3065 3.3442 0.060406
8.03008 3072 2.8676 0.051738
8.03204 3078 3.1518 0.056810
8.03431 3085 3.5107 0.063207
8.03657 3092 3.5231 0.063359
8.03883 3099 3.3179 0.059601
8.04109 3106 3.3461 0.060039
8.04334 3113 2.9656 0.053152
8.04559 3120 2.5801 0.046192
8.04783 3127 2.4946 0.044610
8.05007 3134 2.4678 0.044082
8.05230 3141 1.9637 0.035037
8.05452 3148 1.7699 0.031546
8.05706 3156 1.5753 0.028042
8.05928 3163 1.9999 0.035560
8.06149 3170 1.9495 0.034625
8.06369 3177 1.7123 0.030379
8.06589 3184 2.0956 0.037139
8.06809 3191 2.0647 0.036551
8.07028 3198 1.9272 0.034080
8.07278 3206 2.4146 0.042645
8.07496 3213 2.4158 0.042619
8.07714 3220 2.8450 0.050136
8.07931 3227 2.6145 0.046024
8.08178 3235 2.6700 0.046944
8.08395 3242 2.5273 0.044387
8.08610 3249 2.3343 0.040953
8.08856 3257 3.0066 0.052683
8.09071 3264 2.4872 0.043534
8.09285 3271 2.7174 0.047513
8.09529 3279 2.7457 0.047949
8.09743 3286 3.0613 0.053404
8.09955 3293 3.5451 0.061779
8.10198 3301 3.5555 0.061883
8.10410 3308 3.3349 0.057983
8.10651 3316 3.2405 0.056274
8.10862 3323 2.6828 0.046539
8.11103 3331 2.4424 0.042319
8.11313 3338 2.1709 0.037575
8.11552 3346 1.5297 0.026445
8.11761 3353 1.2088 0.020875
8.11999 3361 0.4830 0.008331
8.12207 3368 0.3016 0.005197
8.12445 3376 0.4779 0.008225
8.12652 3383 0.6137 0.010551
8.12888 3391 1.0391 0.017843
8.13124 3399 0.8223 0.014105
8.13329 3406 1.2822 0.021971
8.13564 3414 0.9872 0.016895
8.13798 3422 1.2759 0.021812
8.14002 3429 1.2293 0.020993
8.14235 3437 1.6374 0.027929
8.14468 3445 1.7623 0.030025
8.14700 3453 1.4785 0.025160
8.14902 3460 1.5961 0.027134
8.15133 3468 1.5244 0.025885
8.15364 3476 1.7881 0.030329
8.15594 3484 1.5840 0.026836
8.15823 3492 1.0283 0.017401
8.16052 3500 0.8214 0.013884
8.16252 3507 0.7633 0.012889
8.16479 3515 1.0502 0.017713
8.16707 3523 1.3077 0.022032
8.16934 3531 1.3494 0.022710
8.17160 3539 1.5632 0.026277
8.17386 3547 1.7716 0.029747
8.17611 3555 1.8878 0.031662
8.17836 3563 2.9065 0.048693
8.18060 3571 3.3589 0.056208
8.18284 3579 2.8987 0.048454
8.18507 3587 3.4035 0.056828
8.18730 3595 3.4105 0.056882
8.18952 3603 3.3256 0.055403
8.19202 3612 3.1456 0.052339
8.19423 3620 3.2748 0.054429
8.19644 3628 3.4059 0.056546
8.19864 3636 2.7895 0.046261
8.20084 3644 3.7969 0.062898
8.20303 3652 4.2669 0.070607
8.20549 3661 4.6498 0.076849
8.20767 3669 4.5193 0.074610
8.20985 3677 4.7725 0.078705
8.21203 3685 5.0492 0.083177
8.21447 3694 4.7111 0.077512
8.21663 3702 4.3077 0.070800
8.21879 3710 4.4999 0.073878
8.22121 3719 4.5835 0.075159
8.22336 3727 4.8928 0.080145
8.22550 3735 4.3921 0.071866
8.22791 3744 5.0300 0.082206
8.23004 3752 5.5107 0.089965
8.23244 3761 5.8657 0.095646
8.23456 3769 6.1678 0.100465
8.23695 3778 6.3603 0.103478
8.23907 3786 6.2178 0.101053
8.24144 3795 6.3570 0.103192
8.24355 3803 6.9975 0.113469
8.24591 3812 7.1656 0.116057
8.24801 3820 7.7401 0.125232
8.25036 3829 7.8550 0.126941
8.25271 3838 8.3850 0.135347
8.25479 3846 8.1886 0.132040
8.25713 3855 8.2016 0.132095
8.25946 3864 8.3756 0.134741
8.26153 3872 8.8277 0.141867
8.26385 3881 9.0269 0.144900
8.26616 3890 8.7324 0.140010
8.26848 3899 9.4237 0.150919
8.27053 3907 9.8470 0.157537
8.27283 3916 10.4084 0.166327
8.27512 3925 10.6838 0.170531
8.27741 3934 10.9569 0.174691
8.27970 3943 11.3101 0.180117
8.28198 3952 11.4364 0.181921
8.28400 3960 11.0741 0.175979
8.28627 3969 10.3288 0.163949
8.28853 3978 9.9229 0.157327
8.29079 3987 9.2632 0.146703
8.29305 3996 9.5091 0.150427
8.29530 4005 9.0743 0.143387
8.29754 4014 8.7569 0.138217
8.29978 4023 8.6426 0.136261
8.30202 4032 8.9243 0.140545
8.30425 4041 8.8795 0.139684
8.30672 4051 8.7637 0.137692
8.30894 4060 8.1664 0.128164
8.31115 4069 7.5852 0.118912
8.31336 4078 7.4025 0.115919
8.31557 4087 7.2540 0.113469
8.31777 4096 7.3954 0.115553
8.32020 4106 7.0786 0.110469
8.32239 4115 7.4534 0.116191
8.32458 4124 7.6565 0.119226
8.32676 4133 8.1110 0.126165
8.32918 4143 7.7745 0.120785
8.33135 4152 8.1100 0.125861
8.33351 4161 8.0236 0.124386
8.33591 4171 8.4943 0.131525
8.33807 4180 8.4839 0.131223
8.34046 4190 8.5106 0.131477
8.34260 4199 8.0428 0.124118
8.34474 4208 8.1795 0.126092
8.34712 4218 7.8452 0.120796
8.34925 4227 7.7602 0.119359
8.35161 4237 7.7221 0.118633
8.35397 4247 7.5139 0.115299
8.35609 4256 7.5891 0.116329
8.35843 4266 7.8625 0.120379
8.36054 4275 8.3920 0.128350
8.36288 4285 8.9576 0.136842
8.36521 4295 9.4924 0.144841
8.36730 4304 10.1937 0.155381
8.36962 4314 10.2554 0.156139
8.37194 4324 10.5153 0.159911
8.37402 4333 10.4146 0.158215
8.37632 4343 10.2269 0.155184
8.37862 4353 9.5936 0.145408
8.38092 4363 9.6237 0.145697
8.38320 4373 9.3437 0.141296
8.38526 4382 9.3027 0.140531
8.38754 4392 8.9048 0.134367
8.38981 4402 9.1646 0.138130
8.39208 4412 9.0803 0.136705
8.39435 4422 8.7879 0.132153
8.39661 4432 9.0321 0.135672
8.39886 4442 8.7749 0.131659
8.40111 4452 8.0717 0.120973
8.40335 4462 8.3315 0.124726
8.40559 4472 8.0424 0.120263
8.40782 4482 7.4571 0.111387
8.41005 4492 7.7198 0.115183
8.41228 4502 7.8261 0.116639
8.41450 4512 7.7308 0.115091
8.41693 4523 8.3884 0.124729
8.41914 4533 7.7708 0.115417
8.42134 4543 8.2401 0.122253
8.42354 4553 8.3184 0.123279
8.42574 4563 8.3850 0.124130
8.42814 4574 8.5369 0.126228
8.43033 4584 8.3206 0.122894
8.43251 4594 8.1303 0.119953
8.43490 4605 7.9063 0.116509
8.43707 4615 8.2485 0.121419
8.43923 4625 8.1604 0.119994
8.44161 4636 8.1586 0.119824
8.44376 4646 8.5442 0.125353
8.44613 4657 8.8152 0.129176
8.44827 4667 8.7182 0.127617
8.45063 4678 8.7250 0.127565
8.45276 4688 8.7689 0.128071
8.45510 4699 9.2045 0.134276
8.45723 4709 8.9042 0.129758
8.45956 4720 8.7587 0.127488
8.46189 4731 8.4043 0.122186
8.46400 4741 9.1144 0.132371
8.46632 4752 8.6345 0.125256
8.46863 4763 8.9041 0.129017
8.47073 4773 8.9243 0.129175
8.47303 4784 9.4558 0.136711
8.47533 4795 9.6386 0.139193
8.47762 4806 8.8302 0.127374
8.47991 4817 9.3771 0.135107
8.48198 4827 8.6332 0.124261
8.48426 4838 8.9652 0.128893
8.48653 4849 8.3573 0.120016
8.48879 4860 8.0884 0.116023
8.49105 4871 8.2036 0.117542
8.49331 4882 7.9906 0.114362
8.49556 4893 7.5626 0.108115
8.49781 4904 7.3695 0.105235
8.50005 4915 7.1964 0.102648
8.50228 4926 6.5722 0.093641
8.50451 4937 6.5851 0.093720
8.50674 4948 6.2886 0.089401
8.50916 4960 6.3026 0.089491
8.51138 4971 6.3117 0.089522
8.51359 4982 6.6934 0.094829
8.51579 4993 7.1690 0.101456
8.51799 5004 7.0835 0.100136
8.52039 5016 7.5776 0.106993
8.52258 5027 7.9878 0.112660
8.52476 5038 8.1568 0.114918
8.52714 5050 8.7398 0.122986
8.52932 5061 8.3053 0.116745
8.53149 5072 8.8375 0.124091
8.53385 5084 8.6293 0.121024
8.53601 5095 8.1637 0.114371
8.53837 5107 7.9669 0.111483
8.54052 5118 7.5173 0.105077
8.54286 5130 8.0428 0.112292
8.54500 5141 8.5871 0.119763
8.54733 5153 9.0355 0.125870
8.54947 5164 9.4962 0.132147
8.55179 5176 9.3613 0.130118
8.55410 5188 9.1817 0.127474
8.55622 5199 8.5174 0.118127
8.55853 5211 8.6278 0.119520
8.56083 5223 8.2964 0.114797
8.56312 5235 8.0276 0.110949
8.56522 5246 8.6843 0.119900
8.56751 5258 8.6508 0.119302
8.56979 5270 8.4913 0.116969
8.57206 5282 7.9962 0.110024
8.57433 5294 7.2914 0.100211
8.57659 5306 7.0934 0.097381
8.57885 5318 6.7117 0.092036
8.58111 5330 6.4605 0.088492
8.58336 5342 6.5363 0.089430
8.58560 5354 6.4907 0.088706
8.58784 5366 6.5882 0.089938
8.59007 5378 6.4381 0.087791
8.59230 5390 6.6904 0.091129
8.59452 5402 7.3269 0.099688
8.59674 5414 7.2748 0.098870
8.59896 5426 7.8428 0.106471
8.60135 5439 7.7303 0.104819
8.60355 5451 6.9833 0.094585
8.60575 5463 6.5306 0.088357
8.60795 5475 6.3419 0.085710
8.61032 5488 6.5276 0.088115
8.61250 5500 6.5649 0.088522
8.61486 5513 7.1615 0.096451
8.61704 5525 7.4723 0.100528
8.61921 5537 7.6609 0.102954
8.62155 5550 7.0323 0.094395
8.62371 5562 6.8256 0.091522
8.62605 5575 6.8929 0.092317
8.62820 5587 6.2682 0.083859
8.63052 5600 6.4306 0.085932
8.63284 5613 6.2722 0.083719
8.63498 5625 6.5143 0.086858
8.63728 5638 7.2933 0.097132
8.63959 5651 7.1456 0.095056
8.64171 5663 6.7729 0.090002
8.64400 5676 6.7370 0.089422
8.64629 5689 7.1917 0.095348
8.64857 5702 7.1912 0.095233
8.65085 5715 6.8463 0.090562
8.65295 5727 6.3868 0.084396
8.65521 5740 6.5711 0.086732
8.65748 5753 6.3175 0.083291
8.65973 5766 5.6804 0.074807
8.66199 5779 5.7414 0.075525
8.66423 5792 6.0339 0.079284
8.66647 5805 5.2512 0.068922
8.66871 5818 5.4849 0.071909
8.67094 5831 5.4164 0.070932
8.67334 5845 5.1348 0.067163
8.67556 5858 5.4664 0.071421
8.67778 5871 5.8115 0.075846
8.67999 5884 6.3875 0.083271
8.68220 5897 6.2938 0.081960
8.68457 5911 6.7307 0.087545
8.68677 5924 6.3951 0.083089
8.68896 5937 5.1350 0.066643
8.69131 5951 5.7414 0.074425
8.69350 5964 5.3397 0.069143
8.69584 5978 5.6501 0.073077
8.69801 5991 5.8453 0.075519
8.70018 6004 6.4298 0.082980
8.70251 6018 6.0248 0.077664
8.70483 6032 6.4903 0.083567
8.70699 6045 6.7030 0.086212
8.70930 6059 7.2966 0.093738
8.71144 6072 7.2115 0.092546
8.71375 6086 8.0916 0.103721
8.71604 6100 8.4407 0.108072
8.71817 6113 8.3826 0.107213
8.72046 6127 8.6920 0.111044
8.72274 6141 8.4404 0.107708
8.72502 6155 8.0240 0.102277
8.72729 6169 8.0323 0.102266
8.72956 6183 7.6909 0.097809
8.73182 6197 7.4150 0.094194
8.73408 6211 7.2954 0.092570
8.73617 6224 7.9508 0.100781
8.73858 6239 8.7002 0.110147
8.74082 6253 9.5180 0.120365
8.74305 6267 9.7566 0.123245
8.74528 6281 10.3237 0.130263
8.74751 6295 10.4181 0.131307
8.74973 6309 9.3474 0.117682
8.75195 6323 9.3852 0.118027
8.75432 6338 9.2995 0.116811
8.75653 6352 9.2305 0.115816
8.75873 6366 8.4868 0.106368
8.76092 6380 9.0947 0.113861
8.76327 6395 8.9577 0.112015
8.76546 6409 8.5869 0.107260
8.76780 6424 8.3166 0.103763
8.76997 6438 7.9472 0.099046
8.77230 6453 7.8292 0.097462
8.77447 6467 7.8569 0.097701
8.77678 6482 7.7576 0.096354
8.77894 6496 7.6651 0.095104
8.78125 6511 7.5481 0.093544
8.78355 6526 7.7572 0.096024
8.78569 6540 7.6916 0.095111
8.78798 6555 8.0984 0.100026
8.79027 6570 8.4961 0.104818
8.79255 6585 8.4805 0.104507
8.79467 6599 9.3444 0.115031
8.79694 6614 10.4515 0.128513
8.79921 6629 10.9634 0.134655
8.80147 6644 11.5136 0.141252
8.80372 6659 11.6173 0.142364
8.80597 6674 11.6538 0.142650
8.80822 6689 11.8897 0.145376
8.81046 6704 11.8891 0.145205
8.81269 6719 11.9613 0.145924
8.81492 6734 12.8193 0.156217
8.81730 6750 13.0231 0.158512
8.81952 6765 12.9964 0.158011
8.82173 6780 12.7488 0.154830
8.82394 6795 12.3298 0.149576
8.82629 6811 12.6877 0.153737
8.82849 6826 12.9332 0.156539
8.83069 6841 12.8832 0.155763
8.83303 6857 12.5523 0.151585
8.83521 6872 12.3299 0.148737
8.83754 6888 11.8570 0.142865
8.83971 6903 11.6891 0.140689
8.84203 6919 12.1854 0.146494
8.84419 6934 11.6575 0.139996
8.84650 6950 11.7569 0.141026
8.84865 6965 11.9741 0.143477
8.85095 6981 11.4302 0.136802
8.85324 6997 11.7296 0.140226
8.85552 7013 11.3231 0.135211
8.85766 7028 10.7078 0.127728
8.85993 7044 10.1106 0.120467
8.86220 7060 9.5007 0.113071
8.86446 7076 9.1663 0.108968
8.86672 7092 9.1063 0.108132
8.86898 7108 9.7439 0.115574
8.87122 7124 9.9062 0.117367
8.87347 7140 9.3319 0.110439
8.87571 7156 9.4131 0.111275
8.87794 7172 9.1258 0.107759
8.88017 7188 8.6325 0.101820
8.88239 7204 8.6892 0.102375
8.88475 7221 8.4024 0.098879
8.88696 7237 8.5559 0.100575
8.88917 7253 8.4198 0.098865
8.89151 7270 8.2042 0.096221
8.89371 7286 7.8679 0.092175
8.89590 7302 7.0217 0.082172
8.89823 7319 7.2906 0.085219
8.90041 7335 6.9728 0.081416
8.90273 7352 7.7464 0.090343
8.90490 7368 7.3591 0.085733
8.90721 7385 8.0577 0.093764
8.90951 7402 7.4757 0.086892
8.91166 7418 6.2758 0.072866
8.91395 7435 5.9413 0.068903
8.91624 7452 5.4658 0.063317
8.91838 7468 6.3815 0.073845
8.92066 7485 6.1755 0.071381
8.92292 7502 6.2573 0.072243
8.92519 7519 5.9732 0.068886
8.92745 7536 5.4690 0.062999
8.92970 7553 5.8813 0.067673
8.93195 7570 6.3749 0.073270
8.93419 7587 6.3379 0.072763
8.93643 7604 6.9967 0.080236
8.93866 7621 7.4644 0.085505
8.94089 7638 7.1952 0.082329
8.94324 7656 8.3875 0.095858
8.94546 7673 8.8559 0.101100
8.94768 7690 8.9860 0.102472
8.94988 7707 8.8783 0.101131
8.95222 7725 8.9196 0.101484
8.95442 7742 9.9862 0.113494
8.95674 7760 10.0911 0.114554
8.95893 7777 10.1492 0.115087
8.96124 7795 9.7471 0.110399
8.96342 7812 9.7962 0.110835
8.96572 7830 10.2106 0.115391
8.96789 7847 10.8460 0.122438
8.97018 7865 10.9360 0.123313
8.97246 7883 10.3209 0.116244
8.97462 7900 9.6908 0.109030
8.97689 7918 8.7371 0.098188
8.97916 7936 8.2648 0.092775
8.98143 7954 7.8510 0.088031
8.98369 7972 7.1869 0.080493
8.98595 7990 6.4415 0.072063
8.98820 8008 5.6122 0.062715
8.99044 8026 4.7400 0.052909
8.99268 8044 4.7481 0.052940
8.99492 8062 4.3862 0.048851
8.99715 8080 4.6537 0.051771
8.99937 8098 5.3200 0.059118
9.00172 8117 5.4953 0.060995
9.00393 8135 5.8245 0.064577
9.00614 8153 5.4602 0.060471
9.00847 8172 5.1581 0.057059
9.01067 8190 5.0971 0.056322
9.01286 8208 5.9105 0.065238
9.01518 8227 7.0004 0.077180
9.01736 8245 6.9787 0.076856
9.01966 8264 6.4895 0.071387
9.02196 8283 5.3020 0.058257
9.02413 8301 4.7581 0.052224
9.02642 8320 4.9910 0.054718
9.02870 8339 4.8673 0.053301
9.03085 8357 5.0803 0.055573
9.03313 8376 4.7480 0.051879
9.03539 8395 5.1682 0.056406
9.03765 8414 4.4124 0.048103
9.03991 8433 3.5207 0.038338
9.04216 8452 3.5550 0.038669
9.04440 8471 3.3479 0.036375
9.04664 8490 2.7315 0.029645
9.04888 8509 2.9751 0.032253
9.05111 8528 2.8978 0.031380
9.05345 8548 2.1677 0.023446
9.05567 8567 2.7152 0.029336
9.05789 8586 2.9585 0.031928
9.06010 8605 3.7753 0.040698
9.06242 8625 2.7983 0.030131
9.06462 8644 3.1790 0.034193
9.06693 8664 2.7437 0.029477
9.06912 8683 3.8239 0.041037
9.07142 8703 4.5346 0.048608
9.07360 8722 5.2848 0.056588
9.07589 8742 5.7181 0.061157
9.07818 8762 6.0356 0.064479
9.08035 8781 6.0624 0.064695
9.08262 8801 6.5543 0.069865
9.08489 8821 6.4136 0.068288
9.08716 8841 5.8924 0.062668
9.08941 8861 6.2329 0.066214
9.09167 8881 6.7247 0.071357
9.09392 8901 5.8987 0.062522
9.09616 8921 6.2598 0.066276
9.09840 8941 6.3021 0.066648
9.10064 8961 6.7504 0.071311
9.10287 8981 6.8273 0.072042
9.10509 9001 6.1851 0.065193
9.10742 9022 5.5738 0.058681
9.10964 9042 5.0677 0.053294
9.11185 9062 5.9806 0.062825
9.11416 9083 6.3749 0.066889
9.11636 9103 6.3729 0.066795
9.11866 9124 6.0611 0.063454
9.12085 9144 5.7539 0.060172
9.12315 9165 5.6771 0.059300
9.12533 9185 5.8320 0.060852
9.12761 9206 5.9863 0.062391
9.12989 9227 7.1244 0.074168
9.13216 9248 7.8081 0.081193
9.13443 9269 8.1375 0.084523
9.13659 9289 7.8285 0.081226
9.13884 9310 8.6765 0.089923
9.14110 9331 8.9364 0.092512
9.14335 9352 9.6928 0.100230
9.14559 9373 9.4279 0.097381
9.14783 9394 9.4609 0.097613
9.15017 9416 9.7229 0.100198
9.15239 9437 10.6071 0.109189
9.15462 9458 10.4761 0.107721
9.15683 9479 10.1233 0.103978
9.15915 9501 9.0247 0.092587
9.16136 9522 8.5440 0.087558
9.16367 9544 7.8834 0.080696
9.16587 9565 7.8607 0.080375
9.16816 9587 8.8371 0.090255
9.17035 9608 9.9909 0.101927
9.17264 9630 10.6257 0.108279
9.17482 9651 11.2823 0.114845
9.17709 9673 12.0517 0.122537
9.17937 9695 12.6687 0.128664
9.18163 9717 12.1223 0.122975
9.18389 9739 11.9779 0.121373
9.18615 9761 11.2884 0.114258
9.18840 9783 11.2527 0.113768
9.19065 9805 12.1668 0.122872
9.19289 9827 11.8810 0.119852
9.19513 9849 10.7093 0.107911
9.19736 9871 10.7902 0.108605
9.19958 9893 10.0300 0.100841
9.20190 9916 9.8287 0.098703
9.20412 9938 9.6358 0.096658
9.20633 9960 9.5030 0.095221
9.20864 9983 8.9818 0.089895
9.21084 10005 9.0560 0.090537
9.21314 10028 8.6985 0.086863
9.21533 10050 9.1326 0.091099
9.21761 10073 10.0857 0.100490
9.21989 10096 10.6517 0.106010
9.22207 10118 10.4041 0.103433
9.22434 10141 10.3551 0.102828
9.22661 10164 10.3371 0.102533
9.22887 10187 11.2721 0.111681
9.23112 10210 11.4209 0.113029
9.23337 10233 11.3101 0.111806
9.23562 10256 11.0258 0.108873
9.23786 10279 11.3073 0.111528
9.24009 10302 11.1990 0.110336
9.24232 10325 11.1719 0.109947
9.24455 10348 10.8796 0.106951
9.24687 10372 9.5522 0.093793
9.24908 10395 7.8986 0.077471
9.25139 10419 6.9833 0.068414
9.25359 10442 7.4159 0.072573
9.25579 10465 7.8716 0.076948
9.25808 10489 8.8505 0.086417
9.26037 10513 9.4465 0.092132
9.26255 10536 9.7416 0.094906
9.26483 10560 10.2023 0.099281
9.26710 10584 10.1359 0.098523
9.26936 10608 9.4937 0.092176
9.27162 10632 9.3881 0.091048
9.27388 10656 9.9596 0.096482
9.27613 10680 9.8640 0.095448
9.27837 10704 10.6175 0.102624
9.28061 10728 10.3835 0.100250
9.28285 10752 9.4774 0.091400
9.28508 10776 8.7133 0.083938
9.28730 10800 8.6863 0.083584
9.28961 10825 9.5133 0.091436
9.29183 10849 9.2481 0.088788
9.29404 10873 8.8012 0.084405
9.29633 10898 9.0229 0.086432
9.29853 10922 9.9224 0.094944
9.30082 10947 8.8403 0.084493
9.30310 10972 8.1071 0.077397
9.30529 10996 7.9313 0.075635
9.30756 11021 7.9129 0.075375
9.30982 11046 7.3029 0.069485
9.31208 11071 8.1147 0.077122
9.31434 11096 8.5951 0.081595
9.31659 11121 7.6183 0.072241
9.31884 11146 7.7600 0.073503
9.32108 11171 9.1495 0.086567
9.32331 11196 9.9799 0.094318
9.32554 11221 10.3460 0.097669
9.32786 11247 9.3307 0.087982
9.33008 11272 10.2024 0.096095
9.33229 11297 10.6804 0.100486
9.33459 11323 10.7234 0.100775
9.33680 11348 11.4771 0.107739
9.33909 11374 11.9468 0.112020
9.34128 11399 12.7618 0.119530
9.34356 11425 13.0175 0.121787
9.34583 11451 12.3881 0.115766
9.34810 11477 12.0964 0.112912
9.35028 11502 10.9336 0.101947
9.35253 11528 11.4366 0.106517
9.35479 11554 12.0613 0.112209
9.35703 11580 12.4492 0.115688
9.35928 11606 12.2221 0.113450
9.36152 11632 11.3756 0.105475
9.36383 11659 11.3322 0.104950
9.36606 11685 10.1589 0.093979
9.36828 11711 10.4859 0.096897
9.37059 11738 10.5384 0.097270
9.37280 11764 11.8752 0.109487
9.37509 11791 12.5833 0.115883
9.37729 11817 11.7300 0.107906
9.37958 11844 10.9965 0.101043
9.38177 11870 10.3052 0.094587
9.38404 11897 9.7913 0.089768
9.38631 11924 9.9407 0.091035
9.38857 11951 9.7397 0.089093
9.39083 11978 8.7919 0.080332
9.39308 12005 8.8620 0.080882
9.39533 12032 9.7545 0.088928
9.39757 12059 10.0971 0.091948
9.39980 12086 9.7856 0.089012
9.40203 12113 9.1070 0.082746
9.40426 12140 9.6129 0.087246
9.40656 12168 9.1237 0.082710
9.40878 12195 9.0925 0.082337
9.41107 12223 9.9351 0.089864
9.41328 12250 9.6458 0.087150
9.41556 12278 9.7412 0.087912
9.41776 12305 10.1075 0.091118
9.42003 12333 8.8362 0.079566
9.42230 12361 8.7339 0.078556
9.42456 12389 8.8375 0.079398
9.42682 12417 9.9380 0.089185
9.42899 12444 10.4034 0.093260
9.43124 12472 10.3965 0.093094
9.43356 12501 10.3658 0.092711
9.43580 12529 10.3408 0.092384
9.43803 12557 10.0549 0.089729
9.44026 12585 10.0232 0.089347
9.44256 12614 11.5407 0.102756
9.44478 12642 12.0137 0.106849
9.44699 12670 13.0408 0.115856
9.44928 12699 12.6691 0.112424
9.45156 12728 11.4448 0.101444
9.45376 12756 11.0671 0.097989
9.45603 12785 11.9080 0.105315
9.45829 12814 11.6043 0.102513
9.46055 12843 10.7779 0.095104
9.46273 12871 11.4754 0.101149
9.46498 12900 10.9282 0.096218
9.46731 12930 10.8701 0.095595
9.46955 12959 11.1709 0.098130
9.47178 12988 11.3093 0.099235
9.47401 13017 10.9713 0.096162
9.47624 13046 12.0748 0.105716
9.47853 13076 11.4516 0.100145
9.48075 13105 10.9856 0.095963
9.48304 13135 11.2653 0.098294
9.48524 13164 11.1072 0.096808
9.48752 13194 9.4957 0.082668
9.48979 13224 8.3460 0.072577
9.49198 13253 8.8749 0.077092
9.49424 13283 8.5361 0.074065
9.49650 13313 8.8928 0.077073
9.49875 13343 8.3391 0.072192
9.50099 13373 6.8235 0.059006
9.50323 13403 5.8396 0.050441
9.50547 13433 4.8665 0.041989
9.50777 13464 2.3957 0.020646
9.51000 13494 2.7411 0.023597
9.51222 13524 3.5568 0.030585
9.51451 13555 4.2934 0.036877
9.51672 13585 4.1136 0.035293
9.51900 13616 4.8363 0.041447
9.52127 13647 4.4122 0.037769
9.52347 13677 4.5887 0.039237
9.52573 13708 5.3030 0.045293
9.52799 13739 5.3526 0.045665
9.53025 13770 4.5636 0.038890
9.53250 13801 4.3751 0.037242
9.53474 13832 4.4179 0.037564
9.53698 13863 4.5593 0.038723
9.53921 13894 5.1977 0.044096
9.54151 13926 4.5679 0.038708
9.54374 13957 4.5529 0.038538
9.54603 13989 4.2880 0.036254
9.54824 14020 5.5116 0.046548
9.55052 14052 5.3215 0.044892
9.55272 14083 5.4002 0.045506
9.55499 14115 5.3966 0.045423
9.55726 14147 6.1934 0.052072
9.55952 14179 7.3104 0.061393
9.56177 14211 6.4753 0.054318
9.56402 14243 7.0387 0.058979
9.56627 14275 7.7870 0.065176
9.56850 14307 6.5880 0.055078
9.57074 14339 6.3217 0.052793
9.57297 14371 7.3025 0.060916
9.57526 14404 7.1002 0.059161
9.57748 14436 6.6760 0.055564
9.57976 14469 6.6551 0.055327
9.58197 14501 6.3350 0.052607
9.58425 14534 6.4925 0.053854
9.58645 14566 6.9127 0.057277
9.58871 14599 7.4736 0.061854
9.59097 14632 7.9032 0.065336
9.59322 14665 7.4914 0.061862
9.59547 14698 6.1486 0.050716
9.59771 14731 7.1829 0.059181
9.59995 14764 7.2847 0.059953
9.60225 14798 6.9029 0.056746
9.60447 14831 6.9485 0.057057
9.60670 14864 7.0154 0.057542
9.60898 14898 7.1467 0.058552
9.61119 14931 7.3220 0.059922
9.61347 14965 7.4772 0.061123
9.61574 14999 8.0741 0.065927
9.61794 15032 8.1400 0.066392
9.62020 15066 7.9975 0.065156
9.62245 15100 10.2734 0.083604
9.62470 15134 11.5218 0.093658
9.62694 15168 10.6867 0.086772
9.62918 15202 10.5742 0.085762
9.63148 15237 10.7857 0.087377
9.63371 15271 11.6844 0.094553
9.63593 15305 10.7445 0.086850
9.63822 15340 10.1198 0.081707
9.64043 15374 9.7236 0.078421
9.64271 15409 8.7459 0.070456
9.64498 15444 7.4912 0.060280
9.64724 15479 7.3476 0.059058
9.64943 15513 5.3796 0.043192
9.65169 15548 3.9713 0.031849
9.65394 15583 4.3429 0.034790
9.65618 15618 4.5758 0.036614
9.65848 15654 5.2214 0.041733
9.66072 15689 5.1315 0.040968
9.66294 15724 5.3078 0.042329
9.66523 15760 5.2100 0.041501
9.66745 15795 3.9202 0.031193
9.66973 15831 3.7664 0.029935
9.67193 15866 3.9868 0.031651
9.67420 15902 2.2878 0.018142
9.67646 15938 2.9090 0.023042
9.67872 15974 5.2255 0.041345
9.68097 16010 6.0738 0.048003
9.68321 16046 6.0492 0.047755
9.68546 16082 5.8639 0.046240
9.68769 16118 5.9949 0.047220
9.68992 16154 5.9545 0.046849
9.69221 16191 4.9451 0.038863
9.69443 16227 5.2291 0.041050
9.69671 16264 4.4236 0.034687
9.69892 16300 3.3538 0.026269
9.70119 16337 3.3436 0.026160
9.70345 16374 2.7710 0.021655
9.70571 16411 3.0445 0.023766
9.70796 16448 2.0209 0.015757
9.71021 16485 1.6449 0.012811
9.71245 16522 1.1464 0.008919
9.71469 16559 0.7475 0.005809
9.71692 16596 0.2829 0.002196
9.71920 16634 -1.1152 -0.008647
9.72143 16671 -1.6823 -0.013030
9.72370 16709 -0.4961 -0.003838
9.72591 16746 -1.4725 -0.011379
9.72818 16784 -1.8994 -0.014662
9.73044 16822 -2.5350 -0.019545
9.73270 16860 -1.5608 -0.012020
9.73495 16898 -1.0008 -0.007699
9.73720 16936 -0.8786 -0.006752
9.73944 16974 -1.2121 -0.009304
9.74167 17012 -2.3027 -0.017655
9.74391 17050 -2.7437 -0.021012
9.74619 17089 -2.8840 -0.022061
9.74841 17127 -4.1046 -0.031364
9.75069 17166 -4.9060 -0.037445
9.75290 17204 -4.1539 -0.031670
9.75516 17243 -3.5414 -0.026970
9.75742 17282 -3.9022 -0.029684
9.75967 17321 -3.7109 -0.028196
9.76192 17360 -3.9021 -0.029616
9.76417 17399 -4.7184 -0.035771
9.76641 17438 -4.0752 -0.030860
9.76864 17477 -3.7002 -0.027990
9.77093 17517 -4.3009 -0.032496
9.77315 17556 -3.3970 -0.025638
9.77543 17596 -3.2307 -0.024355
9.77764 17635 -3.3282 -0.025063
9.77991 17675 -3.7346 -0.028091
9.78217 17715 -3.8284 -0.028764
9.78442 17755 -4.0764 -0.030593
9.78667 17795 -4.6983 -0.035220
9.78892 17835 -6.0933 -0.045627
9.79116 17875 -7.9163 -0.059211
9.79339 17915 -7.7442 -0.057859
9.79568 17956 -6.9583 -0.051927
9.79790 17996 -7.4297 -0.055384
9.80018 18037 -8.8423 -0.065839
9.80240 18077 -7.6600 -0.056973
9.80466 18118 -6.4447 -0.047879
9.80692 18159 -6.5336 -0.048485
9.80918 18200 -6.2400 -0.046254
9.81143 18241 -7.4579 -0.055220
9.81367 18282 -7.7177 -0.057079
9.81591 18323 -7.3132 -0.054027
9.81815 18364 -6.8013 -0.050189
9.82038 18405 -6.7680 -0.049888
9.82266 18447 -5.0423 -0.037125
9.82488 18488 -4.9907 -0.036704
9.82715 18530 -4.8232 -0.035432
9.82941 18572 -4.3737 -0.032094
9.83167 18614 -4.5504 -0.033353
9.83387 18655 -3.7269 -0.027287
9.83612 18697 -3.7926 -0.027737
9.83842 18740 -4.5923 -0.033546
9.84065 18782 -4.5092 -0.032903
9.84289 18824 -2.6721 -0.019476
9.84512 18866 -4.0569 -0.029536
9.84739 18909 -4.8642 -0.035373
9.84966 18952 -5.3129 -0.038592
9.85188 18994 -5.1196 -0.037148
9.85414 19037 -4.0879 -0.029628
9.85640 19080 -4.9960 -0.036169
9.85865 19123 -5.3271 -0.038522
9.86089 19166 -4.5320 -0.032736
9.86313 19209 -4.4447 -0.032070
9.86537 19252 -4.6473 -0.033493
9.86765 19296 -4.7675 -0.034321
9.86988 19339 -4.8256 -0.034701
9.87215 19383 -5.4403 -0.039076
9.87437 19426 -5.6753 -0.040719
9.87663 19470 -6.3676 -0.045635
9.87889 19514 -5.4872 -0.039280
9.88114 19558 -4.6352 -0.033144
9.88339 19602 -4.7292 -0.033778
9.88563 19646 -3.5073 -0.025023
9.88787 19690 -1.3724 -0.009780
9.89015 19735 -1.9063 -0.013570
9.89238 19779 -2.5195 -0.017915
9.89465 19824 -3.5613 -0.025294
9.89687 19868 -2.3623 -0.016759
9.89913 19913 -0.9787 -0.006936
9.90139 19958 -0.8311 -0.005883
9.90364 20003 -2.4155 -0.017079
9.90588 20048 -0.5595 -0.003952
9.90813 20093 0.4134 0.002916
9.91036 20138 0.8712 0.006139
9.91260 20183 0.1579 0.001111
9.91487 20229 -0.3328 -0.002340
9.91709 20274 -0.3032 -0.002129
9.91936 20320 1.0348 0.007259
9.92162 20366 -0.1294 -0.000907
9.92388 20412 -0.2096 -0.001467
9.92613 20458 -1.7640 -0.012333
9.92838 20504 -0.9264 -0.006470
9.93062 20550 -0.1998 -0.001393
9.93285 20596 0.6657 0.004639
9.93513 20643 0.4126 0.002871
9.93736 20689 0.5801 0.004033
9.93963 20736 -0.1538 -0.001068
9.94184 20782 1.8764 0.013016
9.94410 20829 0.6133 0.004250
9.94636 20876 0.4078 0.002822
9.94860 20923 1.5502 0.010717
9.95085 20970 1.6517 0.011406
9.95309 21017 1.3184 0.009094
9.95537 21065 0.3060 0.002108
9.95760 21112 0.1612 0.001110
9.95987 21160 0.5561 0.003823
9.96209 21207 -2.3242 -0.015960
9.96435 21255 -3.0351 -0.020818
9.96660 21303 -4.0496 -0.027746
9.96885 21351 -4.5351 -0.031037
9.97110 21399 -4.9529 -0.033858
9.97334 21447 -4.5444 -0.031031
9.97558 21495 -4.3360 -0.029575
9.97785 21544 -4.4398 -0.030248
9.98008 21592 -5.6380 -0.038369
9.98234 21641 -4.2749 -0.029059
9.98461 21690 -5.3348 -0.036224
9.98686 21739 -4.7582 -0.032272
9.98907 21787 -4.8353 -0.032759
9.99136 21837 -5.0650 -0.034275
9.99360 21886 -4.1521 -0.028066
9.99584 21935 -5.8104 -0.039232
9.99807 21984 -6.9526 -0.046891
10.00034 22034 -6.7767 -0.045653
10.00261 22084 -6.6177 -0.044532
10.00482 22133 -6.6375 -0.044615
10.00708 22183 -6.1939 -0.041587
10.00933 22233 -5.9410 -0.039844
10.01158 22283 -5.1562 -0.034542
10.01382 22333 -5.1999 -0.034796
10.01610 22384 -4.0614 -0.027146
10.01833 22434 -5.6951 -0.038023
10.02056 22484 -5.6086 -0.037404
10.02282 22535 -6.9071 -0.046012
10.02509 22586 -7.2696 -0.048371
10.02734 22637 -4.9062 -0.032609
10.02959 22688 -4.5810 -0.030413
10.03184 22739 -1.9966 -0.013240
10.03408 22790 -2.4194 -0.016027
10.03631 22841 -2.9984 -0.019840
10.03859 22893 -3.1872 -0.021065
10.04081 22944 -3.0446 -0.020100
10.04308 22996 -2.4291 -0.016018
10.04533 23048 -3.0418 -0.020036
10.04759 23100 -3.1082 -0.020451
10.04984 23152 -3.5913 -0.023602
10.05208 23204 -2.9303 -0.019237
10.05432 23256 -2.0628 -0.013527
10.05655 23308 -1.1018 -0.007217
10.05882 23361 -0.8517 -0.005573
10.06105 23413 0.0264 0.000172
10.06331 23466 0.3948 0.002577
10.06556 23519 0.1773 0.001156
10.06781 23572 0.9065 0.005905
10.07006 23625 2.2061 0.014353
10.07230 23678 2.6414 0.017166
10.07458 23732 3.6127 0.023451
10.07681 23785 4.6477 0.030136
10.07908 23839 6.9158 0.044792
10.08130 23892 7.1219 0.046075
10.08356 23946 7.4365 0.048057
10.08581 24000 7.2324 0.046685
10.08806 24054 5.2988 0.034165
10.09030 24108 4.7635 0.030679
10.09254 24162 4.0584 0.026109
10.09481 24217 4.0437 0.025985
10.09704 24271 3.3590 0.021561
10.09930 24326 4.8197 0.030902
10.10156 24381 3.2513 0.020822
10.10381 24436 3.3008 0.021116
10.10606 24491 4.5151 0.028851
10.10830 24546 2.8866 0.018425
10.11054 24601 2.6475 0.016879
10.11282 24657 0.8561 0.005452
10.11504 24712 2.3370 0.014866
10.11731 24768 1.3560 0.008616
10.11957 24824 2.0951 0.013297
10.12178 24879 1.4036 0.008899
10.12403 24935 -0.2549 -0.001614
10.12631 24992 -1.0708 -0.006773
10.12855 25048 -0.8801 -0.005561
10.13078 25104 -0.9876 -0.006233
10.13305 25161 -0.6482 -0.004086
10.13527 25217 0.6901 0.004346
10.13753 25274 -0.2110 -0.001327
10.13978 25331 0.6921 0.004349
10.14203 25388 1.2849 0.008064
10.14427 25445 2.6563 0.016652
10.14655 25503 0.5596 0.003504
10.14878 25560 1.0451 0.006537
10.15105 25618 1.4555 0.009094
10.15327 25675 0.2838 0.001771
10.15553 25733 0.7064 0.004404
10.15778 25791 0.5317 0.003311
10.16003 25849 0.6475 0.004028
10.16227 25907 0.5725 0.003557
10.16454 25966 0.8371 0.005195
10.16677 26024 0.1882 0.001167
10.16904 26083 1.0568 0.006543
10.17126 26141 -0.6757 -0.004179
10.17351 26200 -2.3447 -0.014485
10.17576 26259 -1.3325 -0.008223
10.17801 26318 0.1599 0.000986
10.18029 26378 -1.1687 -0.007196
10.18252 26437 0.5497 0.003381
10.18479 26497 -0.7219 -0.004435
10.18701 26556 -2.1120 -0.012960
10.18927 26616 -3.1241 -0.019149
10.19152 26676 -2.7743 -0.016986
10.19377 26736 -2.9356 -0.017953
10.19601 26796 -3.1272 -0.019104
10.19828 26857 -2.8085 -0.017138
10.20051 26917 -1.8894 -0.011516
10.20278 26978 -1.5320 -0.009327
10.20500 27038 -2.6532 -0.016135
10.20725 27099 -3.8622 -0.023462
10.20950 27160 -1.4542 -0.008824
10.21178 27222 -1.6691 -0.010116
10.21402 27283 -0.0381 -0.000231
10.21625 27344 1.4775 0.008935
10.21852 27406 2.6073 0.015750
10.22078 27468 1.9823 0.011961
10.22300 27529 3.5558 0.021431
10.22524 27591 4.2667 0.025687
10.22753 27654 4.6964 0.028242
10.22977 27716 4.2818 0.025720
10.23200 27778 5.6704 0.034023
10.23427 27841 7.0350 0.042162
10.23649 27903 5.8127 0.034798
10.23874 27966 4.8917 0.029251
10.24099 28029 5.3352 0.031868
10.24324 28092 4.2576 0.025402
10.24552 28156 5.4309 0.032366
10.24775 28219 7.6068 0.045283
10.25002 28283 7.1404 0.042458
10.25224 28346 5.6815 0.033745
10.25450 28410 8.1841 0.048555
10.25675 28474 7.0060 0.041519
10.25899 28538 7.3752 0.043658
10.26123 28602 7.4933 0.044307
10.26350 28667 9.4427 0.055770
10.26573 28731 8.9857 0.053012
10.26799 28796 10.0734 0.059362
10.27025 28861 9.9017 0.058284
10.27250 28926 10.0075 0.058841
10.27474 28991 10.8197 0.063545
10.27698 29056 12.1127 0.071060
10.27925 29122 13.1456 0.077032
10.28148 29187 11.8109 0.069133
10.28374 29253 11.8936 0.069539
10.28599 29319 11.7043 0.068355
10.28824 29385 11.0060 0.064205
10.29048 29451 9.9955 0.058245
10.29272 29517 8.7577 0.050974
10.29499 29584 7.1135 0.041358
10.29722 29650 8.4192 0.048894
10.29947 29717 9.1457 0.053053
10.30173 29784 9.0110 0.052213
10.30397 29851 7.6223 0.044117
10.30622 29918 6.2887 0.036358
10.30849 29986 4.8687 0.028116
10.31072 30053 2.4303 0.014019
10.31298 30121 2.9551 0.017027
10.31523 30189 4.3167 0.024844
10.31748 30257 5.0867 0.029243
10.31973 30325 5.1601 0.029632
10.32197 30393 4.5031 0.025830
10.32424 30462 2.9577 0.016947
10.32647 30530 4.2721 0.024450
10.32872 30599 4.2214 0.024133
10.33098 30668 4.5635 0.026059
10.33322 30737 4.3631 0.024886
10.33546 30806 3.8250 0.021793
10.33773 30876 5.4193 0.030841
10.33997 30945 6.4774 0.036822
10.34223 31015 8.1891 0.046500
10.34448 31085 8.0997 0.045940
10.34673 31155 5.9715 0.033831
10.34897 31225 6.2262 0.035235
10.35121 31295 5.4158 0.030615
10.35345 31365 5.9773 0.033751
10.35571 31436 7.3888 0.041674
10.35797 31507 7.8000 0.043943
10.36022 31578 7.0176 0.039491
10.36246 31649 5.9682 0.033548
10.36470 31720 6.6435 0.037302
10.36697 31792 7.3732 0.041352
10.36920 31863 6.7462 0.037794
10.37146 31935 6.1692 0.034522
10.37371 32007 6.3995 0.035770
10.37596 32079 7.7444 0.043239
10.37820 32151 9.4519 0.052714
10.38047 32224 10.4730 0.058342
10.38270 32296 8.9824 0.049982
10.38496 32369 8.3595 0.046464
10.38721 32442 6.8230 0.037881
10.38946 32515 6.6541 0.036902
10.39170 32588 7.0879 0.039263
10.39394 32661 8.2884 0.045862
10.39620 32735 8.0547 0.044519
10.39846 32809 8.4065 0.046411
10.40071 32883 8.1549 0.044971
10.40296 32957 8.4635 0.046621
10.40520 33031 8.3749 0.046080
10.40744 33105 8.3544 0.045917
10.40970 33180 8.1670 0.044836
10.41193 33254 9.1488 0.050170
10.41418 33329 11.0580 0.060571
10.41643 33404 9.1774 0.050214
10.41870 33480 8.1669 0.044634
10.42094 33555 7.9283 0.043281
10.42320 33631 7.2458 0.039511
10.42543 33706 9.0608 0.049353
10.42768 33782 6.2774 0.034154
10.42993 33858 5.4022 0.029359
10.43217 33934 5.8990 0.032023
10.43444 34011 3.2833 0.017803
10.43667 34087 4.3492 0.023557
10.43893 34164 4.8453 0.026214
10.44118 34241 5.0332 0.027200
10.44343 34318 5.0908 0.027481
10.44567 34395 4.6802 0.025236
10.44793 34473 5.6413 0.030383
10.45019 34551 6.7169 0.036136
10.45242 34628 7.4327 0.039943
10.45467 34706 4.9937 0.026805
10.45691 34784 5.1015 0.027353
10.45918 34863 2.3328 0.012494
10.46142 34941 0.5691 0.003044
10.46367 35020 0.1776 0.000949
10.46593 35099 0.2255 0.001204
10.46818 35178 0.3026 0.001613
10.47042 35257 0.0823 0.000438
10.47266 35336 -1.2934 -0.006880
10.47492 35416 -1.6707 -0.008878
10.47718 35496 -1.6849 -0.008943
10.47943 35576 -2.8902 -0.015323
10.48167 35656 -0.7836 -0.004150
10.48391 35736 -2.5249 -0.013356
10.48618 35817 -4.2298 -0.022350
10.48841 35897 -5.6264 -0.029696
10.49066 35978 -6.9903 -0.036854
10.49291 36059 -4.7972 -0.025263
10.49516 36140 -3.1159 -0.016390
10.49742 36222 -4.1619 -0.021868
10.49966 36303 -3.1303 -0.016429
10.50191 36385 -3.0086 -0.015772
10.50416 36467 -5.6252 -0.029457
10.50641 36549 -5.2025 -0.027213
10.50865 36631 -6.1556 -0.032162
10.51091 36714 -4.8651 -0.025391
10.51314 36796 -3.5764 -0.018644
10.51540 36879 -4.1599 -0.021661
10.51765 36962 -5.6781 -0.029534
10.51992 37046 -8.3797 -0.043537
10.52215 37129 -10.9711 -0.056937
10.52441 37213 -10.7816 -0.055890
10.52664 37296 -10.5177 -0.054462
10.52889 37380 -11.4023 -0.058976
10.53116 37465 -12.4847 -0.064501
10.53340 37549 -13.3539 -0.068914
10.53564 37633 -11.2266 -0.057872
10.53789 37718 -9.9405 -0.051184
10.54014 37803 -7.7679 -0.039952
10.54239 37888 -7.1168 -0.036562
10.54466 37974 -8.2255 -0.042210
10.54689 38059 -9.2640 -0.047486
10.54915 38145 -9.0321 -0.046246
10.55140 38231 -9.4639 -0.048402
10.55365 38317 -9.4291 -0.048170
10.55589 38403 -9.0481 -0.046171
10.55815 38490 -6.7501 -0.034406
10.56039 38576 -7.9645 -0.040551
10.56264 38663 -7.5937 -0.038619
10.56489 38750 -7.9044 -0.040154
10.56713 38837 -8.1115 -0.041160
10.56939 38925 -11.1686 -0.056609
10.57162 39012 -10.0634 -0.050950
10.57388 39100 -11.1850 -0.056565
10.57613 39188 -12.1817 -0.061536
10.57839 39277 -12.2761 -0.061943
10.58063 39365 -11.6676 -0.058807
10.58289 39454 -13.1686 -0.066297
10.58512 39542 -14.8494 -0.074676
10.58739 39632 -14.1321 -0.070988
10.58964 39721 -12.0845 -0.060634
10.59187 39810 -12.8033 -0.064169
10.59413 39900 -10.7979 -0.054057
10.59638 39990 -10.3146 -0.051579
10.59863 40080 -9.2478 -0.046193
10.60088 40170 -10.3282 -0.051532
10.60311 40260 -9.5674 -0.047683
10.60537 40351 -9.3109 -0.046351
10.60762 40442 -10.2019 -0.050730
10.60987 40533 -9.8125 -0.048739
10.61211 40624 -9.5312 -0.047289
10.61438 40716 -11.1410 -0.055213
10.61661 40807 -9.4276 -0.046670
10.61886 40899 -9.3408 -0.046188
10.62111 40991 -6.5050 -0.032129
10.62337 41084 -7.9772 -0.039356
10.62561 41176 -6.5122 -0.032092
10.62787 41269 -8.8774 -0.043699
10.63012 41362 -8.2450 -0.040541
10.63236 41455 -7.2068 -0.035396
10.63460 41548 -6.0659 -0.029759
10.63686 41642 -6.5649 -0.032171
10.63912 41736 -7.7048 -0.037714
10.64137 41830 -5.4874 -0.026830
10.64361 41924 -6.9024 -0.033711
10.64585 42018 -7.3215 -0.035718
10.64811 42113 -8.9050 -0.043394
10.65037 42208 -9.5232 -0.046354
10.65261 42303 -10.5974 -0.051525
10.65486 42398 -8.4027 -0.040808
10.65709 42493 -7.6033 -0.036884
10.65935 42589 -7.6550 -0.037093
10.66160 42685 -5.4403 -0.026332
10.66385 42781 -4.8748 -0.023569
10.66609 42877 -4.8048 -0.023204
10.66835 42974 -4.3812 -0.021135
10.67061 43071 -4.2671 -0.020561
10.67285 43168 -3.1750 -0.015281
10.67510 43265 -2.5355 -0.012190
10.67734 43362 -2.2447 -0.010780
10.67960 43460 -0.1609 -0.000772
10.68185 43558 3.0703 0.014711
10.68410 43656 4.9558 0.023719
10.68634 43754 5.2756 0.025221
10.68860 43853 5.0397 0.024066
10.69085 43952 7.2115 0.034398
10.69310 44051 7.6309 0.036358
10.69535 44150 8.5662 0.040768
10.69759 44249 8.5346 0.040572
10.69985 44349 9.3582 0.044438
10.70210 44449 11.6949 0.055471
10.70434 44549 11.1897 0.053015
10.70659 44649 11.5069 0.054457
10.70885 44750 13.4142 0.063412
10.71108 44850 13.7412 0.064885
10.71333 44951 11.3639 0.053599
10.71559 45053 13.0390 0.061430
10.71783 45154 14.5422 0.068436
10.72009 45256 15.9045 0.074762
10.72234 45358 16.4537 0.077257
10.72459 45460 16.4173 0.076999
10.72683 45562 16.1984 0.075887
10.72909 45665 15.3574 0.071866
10.73132 45767 16.7353 0.078227
10.73359 45871 15.5252 0.072488
10.73583 45974 16.5995 0.077417
10.73807 46077 15.3106 0.071326
10.74032 46181 13.0557 0.060753
10.74257 46285 12.8374 0.059670
10.74482 46389 11.7023 0.054333
10.74708 46494 9.8260 0.045570
10.74931 46598 8.6573 0.040105
10.75156 46703 7.8623 0.036381
10.75383 46809 8.4018 0.038833
10.75607 46914 8.7622 0.040454
10.75833 47020 8.8331 0.040736
10.76056 47125 6.7948 0.031300
10.76283 47232 7.3439 0.033792
10.76507 47338 8.7560 0.040244
10.76733 47445 7.5061 0.034460
10.76956 47551 8.5011 0.038985
10.77181 47658 7.5435 0.034555
10.77407 47766 6.5790 0.030102
10.77631 47873 6.7137 0.030685
10.77856 47981 4.4355 0.020249
10.78081 48089 4.0301 0.018378
10.78305 48197 6.9872 0.031827
10.78531 48306 5.8436 0.026588
10.78756 48415 7.0723 0.032142
10.78981 48524 4.5257 0.020545
10.79206 48633 4.9662 0.022520
10.79430 48742 5.4976 0.024901
10.79655 48852 5.5828 0.025259
10.79880 48962 4.7610 0.021516
10.80104 49072 6.7933 0.030666
10.80330 49183 6.3190 0.028493
10.80556 49294 8.8928 0.040054
10.80781 49405 7.2553 0.032642
10.81005 49516 5.7880 0.026011
10.81229 49627 3.0479 0.013682
10.81454 49739 2.3154 0.010382
10.81679 49851 2.6640 0.011931
10.81904 49963 4.8640 0.021760
10.82130 50076 2.7348 0.012221
10.82355 50189 5.7293 0.025574
10.82580 50302 5.2638 0.023470
10.82804 50415 5.7347 0.025541
10.83030 50529 6.0803 0.027049
10.83254 50642 7.1637 0.031833
10.83479 50756 7.2004 0.031960
10.83705 50871 7.2545 0.032164
10.83929 50985 8.3932 0.037171
10.84154 51100 10.5729 0.046772
10.84379 51215 14.0081 0.061899
10.84603 51330 13.0912 0.057782
10.84829 51446 16.4745 0.072634
10.85054 51562 15.4585 0.068077
10.85279 51678 15.4502 0.067965
10.85503 51794 17.5704 0.077204
10.85729 51911 15.6377 0.068635
10.85954 52028 10.3035 0.045172
10.86178 52145 9.2928 0.040695
10.86402 52262 12.2760 0.053699
10.86628 52380 14.6482 0.064003
10.86853 52498 14.8557 0.064837
10.87078 52616 12.4111 0.054107
10.87303 52735 12.8475 0.055946
10.87527 52853 11.3489 0.049365
10.87752 52972 11.4006 0.049534
10.87978 53092 9.6116 0.041714
10.88202 53211 9.8810 0.042835
10.88427 53331 9.6072 0.041601
10.88652 53451 7.4877 0.032387
10.88876 53571 5.2705 0.022771
10.89102 53692 3.4764 0.015003
10.89327 53813 2.1632 0.009325
10.89552 53934 2.0842 0.008974
10.89778 54056 0.7494 0.003223
10.90001 54177 -0.0829 -0.000356
10.90226 54299 1.2804 0.005495
10.90452 54422 2.1725 0.009313
10.90676 54544 3.1912 0.013664
10.90902 54667 0.9554 0.004086
10.91126 54790 0.6288 0.002686
10.91351 54913 -0.3140 -0.001340
10.91576 55037 -4.1343 -0.017623
10.91801 55161 -5.9657 -0.025401
10.92026 55285 -6.0763 -0.025843
10.92252 55410 -6.0408 -0.025663
10.92475 55534 -5.1953 -0.022046
10.92702 55660 -3.2112 -0.013611
10.92926 55785 -1.6818 -0.007121
10.93150 55910 -0.7130 -0.003015
10.93375 56036 -0.6695 -0.002828
10.93601 56163 -1.9500 -0.008228
10.93825 56289 -2.0437 -0.008614
10.94051 56416 -0.9386 -0.003952
10.94276 56543 -0.6805 -0.002862
10.94500 56670 -3.6022 -0.015132
10.94726 56798 -4.8953 -0.020541
10.94951 56926 -1.4296 -0.005992
10.95175 57054 -2.0384 -0.008534
10.95399 57182 -2.0251 -0.008469
10.95625 57311 -1.0630 -0.004440
10.95850 57440 -1.6392 -0.006840
10.96074 57569 -1.2038 -0.005017
10.96300 57699 -1.1253 -0.004685
10.96525 57829 -1.7622 -0.007328
10.96749 57959 -4.9022 -0.020362
10.96975 58090 -1.2427 -0.005156
10.97198 58220 -0.2544 -0.001054
10.97425 58352 -1.1377 -0.004710
10.97649 58483 2.0323 0.008404
10.97875 58615 3.0278 0.012506
10.98100 58747 5.6217 0.023194
10.98324 58879 5.1163 0.021085
10.98548 59011 3.0573 0.012586
10.98773 59144 2.5928 0.010661
10.98999 59278 3.3244 0.013654
10.99223 59411 3.1739 0.013021
10.99449 59545 2.2867 0.009371
10.99674 59679 0.1682 0.000689
10.99898 59813 -0.1079 -0.000441
11.00123 59948 -0.0276 -0.000113
11.00348 60083 -1.2126 -0.004947
11.00573 60218 -0.3470 -0.001414
11.00798 60354 -1.8382 -0.007483
11.01023 60490 1.5496 0.006301
11.01248 60626 4.5916 0.018648
11.01472 60762 3.6175 0.014675
11.01697 60899 4.1088 0.016650
11.01922 61036 2.5845 0.010461
11.02148 61174 1.4235 0.005755
11.02373 61312 -0.3061 -0.001236
11.02598 61450 -0.5570 -0.002247
11.02822 61588 -0.8504 -0.003427
11.03048 61727 0.1771 0.000713
11.03273 61866 1.2623 0.005075
11.03497 62005 1.6103 0.006467
11.03723 62145 2.2191 0.008902
11.03946 62284 2.4248 0.009716
11.04172 62425 2.0963 0.008390
11.04396 62565 -0.6445 -0.002577
11.04621 62706 0.6971 0.002784
11.04846 62847 -0.1244 -0.000496
11.05072 62989 -1.3053 -0.005201
11.05297 63131 -1.9866 -0.007907
11.05521 63273 -1.4147 -0.005624
11.05746 63415 -1.8762 -0.007451
11.05971 63558 -0.6352 -0.002520
11.06196 63701 0.2568 0.001017
11.06421 63845 0.7955 0.003148
11.06645 63988 1.3337 0.005272
11.06871 64133 -3.0379 -0.011996
11.07096 64277 -7.1352 -0.028144
11.07321 64422 -6.5660 -0.025869
11.07546 64567 -5.5336 -0.021777
11.07770 64712 -6.9342 -0.027259
11.07996 64858 -3.2648 -0.012820
11.08220 65004 -5.4682 -0.021447
11.08445 65150 -4.4484 -0.017428
11.08670 65297 -1.6477 -0.006448
11.08895 65444 -1.1479 -0.004487
11.09119 65591 -1.2342 -0.004819
11.09345 65739 1.5958 0.006224
11.09570 65887 1.6759 0.006529
11.09794 66035 0.0470 0.000183
11.10019 66184 -2.2931 -0.008913
11.10244 66333 -1.7240 -0.006694
11.10470 66483 -4.7540 -0.018437
11.10694 66632 -7.1678 -0.027768
11.10919 66782 -4.2139 -0.016306
11.11145 66933 -1.9100 -0.007383
11.11369 67083 -3.7482 -0.014472
11.11593 67234 -1.6319 -0.006294
11.11819 67386 -0.4258 -0.001640
11.12045 67538 1.5760 0.006064
11.12269 67690 3.3531 0.012888
11.12494 67842 6.4563 0.024787
11.12719 67995 4.3188 0.016562
11.12944 68148 4.1578 0.015927
11.13168 68301 4.7933 0.018341
11.13393 68455 7.5385 0.028812
11.13618 68609 6.3115 0.024096
11.13844 68764 5.6791 0.021657
11.14069 68919 4.7407 0.018058
11.14293 69074 7.6296 0.029030
11.14518 69229 8.9398 0.033977
11.14743 69385 12.8101 0.048632
11.14967 69541 12.4541 0.047227
11.15193 69698 8.9604 0.033941
11.15418 69855 6.5331 0.024718
11.15642 70012 6.8346 0.025830
11.15868 70170 6.7275 0.025397
11.16093 70328 10.4439 0.039382
11.16317 70486 9.9773 0.037580
11.16542 70645 8.7856 0.033054
11.16767 70804 5.5368 0.020808
11.16991 70963 5.7933 0.021747
11.17217 71123 4.7052 0.017643
11.17441 71283 3.5202 0.013185
11.17667 71444 4.6592 0.017431
11.17892 71605 2.4858 0.009290
11.18117 71766 0.8874 0.003313
11.18342 71928 2.1144 0.007884
11.18567 72090 4.3064 0.016039
11.18792 72252 6.9815 0.025973
11.19017 72415 8.0146 0.029783
11.19242 72578 8.2416 0.030592
11.19466 72741 9.9057 0.036728
11.19691 72905 8.5341 0.031607
11.19916 73069 10.7823 0.039888
11.20142 73234 13.2014 0.048782
11.20365 73398 14.7464 0.054431
11.20591 73564 12.5513 0.046276
11.20815 73729 10.1961 0.037550
11.21040 73895 12.1698 0.044769
11.21266 74062 13.7854 0.050655
11.21491 74229 16.2949 0.059809
11.21716 74396 16.2553 0.059596
11.21940 74563 15.5409 0.056913
11.22165 74731 14.4611 0.052899
11.22390 74899 17.5707 0.064202
11.22615 75068 16.1396 0.058907
11.22840 75237 17.3318 0.063187
11.23064 75406 19.4347 0.070774
11.23289 75576 15.4615 0.056242
11.23514 75746 16.1735 0.058766
11.23740 75917 15.7859 0.057293
11.23965 76088 15.4180 0.055895
11.24189 76259 17.5325 0.063489
11.24414 76431 17.1166 0.061913
11.24639 76603 19.7141 0.071228
11.24865 76776 20.2588 0.073114
11.25089 76948 19.2199 0.069287
11.25314 77122 16.6300 0.059883
11.25538 77295 16.9257 0.060879
11.25763 77469 17.8060 0.063974
11.25989 77644 19.8562 0.071260
11.26214 77819 24.1780 0.086672
11.26439 77994 23.7418 0.085013
11.26664 78170 25.4249 0.090937
11.26889 78346 26.6129 0.095079
11.27113 78522 27.3309 0.097534
11.27339 78699 26.2322 0.093508
11.27563 78876 24.8356 0.088430
11.27789 79054 25.3676 0.090223
11.28014 79232 23.7093 0.084230
11.28238 79410 23.9001 0.084813
11.28463 79589 24.3238 0.086219
11.28688 79768 25.1877 0.089182
11.28913 79948 24.7913 0.087679
11.29138 80128 22.9774 0.081173
11.29362 80308 24.9842 0.088163
11.29588 80489 22.0287 0.077646
11.29812 80670 23.7907 0.083763
11.30038 80852 25.1598 0.088483
11.30262 81034 24.1070 0.084686
11.30487 81216 23.5297 0.082565
11.30712 81399 26.2460 0.091993
11.30936 81582 27.5692 0.096522
11.31162 81766 29.5223 0.103244
11.31386 81950 26.2983 0.091866
11.31612 82135 24.7622 0.086402
11.31837 82320 22.2210 0.077448
11.32061 82505 24.5251 0.085383
11.32287 82691 22.3271 0.077643
11.32511 82877 21.2647 0.073866
11.32737 83064 20.0951 0.069724
11.32962 83251 18.2530 0.063261
11.33186 83438 18.3419 0.063499
11.33411 83626 20.1927 0.069827
11.33636 83814 16.8517 0.058208
11.33861 84003 21.6328 0.074639
11.34086 84192 21.3066 0.073431
11.34311 84382 20.9178 0.072010
11.34536 84572 20.7028 0.071190
11.34760 84762 20.7175 0.071160
11.34985 84953 22.6293 0.077639
11.35210 85144 22.1480 0.075903
11.35435 85336 22.7521 0.077885
11.35660 85528 20.3656 0.069638
11.35885 85721 18.4793 0.063116
11.36110 85914 17.1221 0.058415
11.36335 86107 21.2477 0.072409
11.36560 86301 19.5212 0.066451
11.36785 86496 19.2073 0.065308
11.37009 86690 16.4709 0.055941
11.37235 86886 12.8752 0.043680
11.37459 87081 15.0684 0.051063
11.37684 87277 17.8594 0.060453
11.37910 87474 16.0709 0.054338
11.38135 87671 17.9394 0.060587
11.38359 87868 16.7347 0.056455
11.38584 88066 14.4314 0.048630
11.38809 88264 10.9243 0.036771
11.39034 88463 11.4950 0.038648
11.39259 88662 11.3033 0.037961
11.39484 88862 11.5238 0.038658
11.39709 89062 10.2550 0.034363
11.39934 89263 8.3722 0.028022
11.40159 89464 9.1160 0.030477
11.40384 89665 6.7683 0.022603
11.40609 89867 8.5511 0.028525
11.40833 90069 8.9466 0.029811
11.41058 90272 5.8159 0.019357
11.41283 90475 3.6100 0.012002
11.41508 90679 0.3609 0.001198
11.41733 90883 0.0049 0.000016
11.41958 91088 -1.8454 -0.006114
11.42183 91293 -3.2453 -0.010741
11.42408 91499 -5.7365 -0.018964
11.42633 91705 -7.6395 -0.025227
11.42858 91911 -5.7831 -0.019076
11.43083 92118 -5.9359 -0.019557
11.43307 92325 -1.4559 -0.004792
11.43532 92533 0.3130 0.001029
11.43758 92742 1.3884 0.004559
11.43982 92950 3.0311 0.009942
11.44207 93160 2.8617 0.009376
11.44433 93370 4.4473 0.014554
11.44657 93580 5.3398 0.017455
11.44882 93791 0.4802 0.001568
11.45107 94002 2.8887 0.009422
11.45331 94213 3.3236 0.010828
11.45556 94425 3.7220 0.012113
11.45781 94638 -0.8887 -0.002889
11.46006 94851 1.4448 0.004691
11.46232 95065 1.0015 0.003248
11.46456 95279 1.7005 0.005509
11.46681 95493 3.4032 0.011013
11.46906 95708 2.1403 0.006918
11.47131 95924 1.9985 0.006453
11.47356 96140 0.5758 0.001857
11.47580 96356 -0.5422 -0.001747
11.47805 96573 -4.0480 -0.013026
11.48031 96791 -5.3382 -0.017158
11.48256 97009 -2.4721 -0.007937
11.48480 97227 -2.5118 -0.008055
11.48705 97446 -0.6028 -0.001931
11.48931 97666 0.2115 0.000677
11.49155 97885 2.3310 0.007450
11.49380 98106 3.8302 0.012229
11.49605 98327 3.2273 0.010292
11.49830 98548 5.7044 0.018171
11.50055 98770 2.1169 0.006736
11.50279 98992 0.2470 0.000785
11.50504 99215 -3.0965 -0.009831
11.50730 99439 -2.5364 -0.008044
11.50955 99663 -1.6082 -0.005094
11.51179 99887 3.1615 0.010003
11.51404 100112 7.7723 0.024564
11.51629 100337 7.9369 0.025057
11.51854 100563 8.0918 0.025517
11.52079 100790 11.5471 0.036372
11.52304 101017 11.8791 0.037375
11.52529 101244 11.2226 0.035270
11.52754 101472 8.0945 0.025411
11.52979 101701 6.4328 0.020172
11.53204 101930 3.1136 0.009752
11.53429 102159 2.7646 0.008650
11.53653 102389 2.5604 0.008002
11.53879 102620 1.4815 0.004625
11.54104 102851 -1.0900 -0.003399
11.54328 103082 -0.0414 -0.000129
11.54554 103315 2.1236 0.006607
11.54778 103547 -0.3382 -0.001051
11.55003 103780 -1.9027 -0.005906
11.55228 104014 -1.0796 -0.003348
11.55453 104248 -1.0467 -0.003242
11.55678 104483 3.1561 0.009764
11.55903 104718 -0.0727 -0.000225
11.56128 104954 3.0562 0.009434
11.56352 105190 1.1715 0.003612
11.56577 105427 4.5872 0.014128
11.56803 105665 8.5052 0.026165
11.57028 105903 7.1562 0.021990
11.57252 106141 8.1434 0.024996
11.57477 106380 8.1897 0.025109
11.57703 106620 12.6414 0.038715
11.57927 106860 13.5056 0.041315
11.58152 107100 12.5548 0.038363
11.58377 107341 12.3809 0.037789
11.58602 107583 10.1426 0.030923
11.58826 107825 7.6109 0.023178
11.59052 108068 8.5333 0.025958
11.59276 108311 6.2448 0.018975
11.59501 108555 10.5455 0.032007
11.59727 108800 10.2217 0.030989
11.59952 109045 11.8308 0.035827
11.60176 109290 9.1798 0.027768
11.60401 109536 8.0583 0.024348
11.60626 109783 7.1099 0.021458
11.60851 110030 10.2257 0.030828
11.61076 110278 8.5385 0.025712
11.61301 110526 5.7811 0.017389
11.61526 110775 3.5449 0.010651
11.61751 111025 3.4104 0.010235
11.61976 111275 4.6591 0.013967
11.62200 111525 7.2631 0.021749
11.62425 111776 4.5193 0.013518
11.62650 112028 7.7175 0.023058
11.62875 112280 0.6327 0.001888
11.63100 112533 3.4690 0.010341
11.63325 112786 1.6516 0.004918
11.63550 113040 1.7650 0.005250
11.63775 113295 -0.0111 -0.000033
11.64000 113550 -0.3211 -0.000953
11.64225 113806 -1.1583 -0.003434
11.64450 114062 2.9406 0.008707
11.64675 114319 1.6344 0.004834
11.64899 114576 -0.4862 -0.001436
11.65124 114834 1.3524 0.003991
11.65350 115093 2.0309 0.005986
11.65574 115352 -0.0543 -0.000160
11.65800 115612 -3.8160 -0.011223
11.66024 115872 -3.5971 -0.010567
11.66249 116133 -3.9166 -0.011493
11.66474 116394 -2.4159 -0.007081
11.66699 116657 -2.5826 -0.007561
11.66924 116919 -2.5282 -0.007394
11.67148 117182 -0.5961 -0.001741
11.67373 117446 -1.8414 -0.005373
11.67599 117711 -3.8167 -0.011125
11.67824 117976 2.3886 0.006954
11.68048 118241 1.0059 0.002925
11.68274 118508 -2.9425 -0.008547
11.68499 118775 -8.5037 -0.024674
11.68723 119042 -4.8061 -0.013930
11.68948 119310 -7.0957 -0.020543
11.69173 119579 -6.7096 -0.019403
11.69398 119848 -6.1165 -0.017668
11.69623 120118 -5.5468 -0.016004
11.69848 120388 -4.6709 -0.013462
11.70072 120659 -4.2843 -0.012334
11.70298 120931 -3.0812 -0.008860
11.70522 121203 -6.8727 -0.019741
11.70747 121476 -5.9498 -0.017071
11.70973 121750 -6.4144 -0.018383
11.71197 122024 -7.1798 -0.020554
11.71422 122299 -8.4090 -0.024045
11.71647 122574 -4.4079 -0.012590
11.71872 122850 -5.8201 -0.016605
11.72097 123127 -3.3539 -0.009558
11.72322 123404 -4.1910 -0.011930
11.72547 123682 -7.4955 -0.021313
11.72771 123960 -12.5543 -0.035658
11.72996 124239 -15.1609 -0.043013
11.73221 124519 -14.7285 -0.041739
11.73447 124800 -12.4475 -0.035235
11.73672 125081 -9.6142 -0.027184
11.73896 125362 -8.5880 -0.024255
11.74122 125645 -8.0331 -0.022663
11.74346 125927 -5.9855 -0.016867
11.74571 126211 -1.9933 -0.005611
11.74796 126495 1.6620 0.004673
11.75021 126780 -3.3885 -0.009517
11.75245 127065 -1.4727 -0.004132
11.75471 127352 0.4693 0.001315
11.75695 127638 -0.3258 -0.000912
11.75921 127926 0.2880 0.000805
11.76146 128214 0.5835 0.001629
11.76371 128503 1.0673 0.002977
11.76595 128792 -1.6602 -0.004626
11.76820 129082 -2.0042 -0.005578
11.77045 129373 0.9508 0.002643
11.77270 129664 1.0153 0.002820
11.77495 129956 -4.4549 -0.012358
11.77720 130248 -7.0950 -0.019659
11.77945 130542 -7.7613 -0.021481
11.78170 130836 -8.3301 -0.023030
11.78394 131130 -8.3994 -0.023195
11.78620 131426 -11.5776 -0.031936
11.78844 131721 -12.6433 -0.034836
11.79069 132018 -10.3026 -0.028355
11.79294 132315 -11.2609 -0.030958
11.79519 132613 -14.0460 -0.038571
11.79744 132912 -9.2792 -0.025452
11.79969 133211 -10.6086 -0.029066
11.80194 133511 -7.6855 -0.021034
11.80419 133812 -6.2051 -0.016963
11.80644 134113 -3.0604 -0.008357
11.80869 134415 -2.4889 -0.006789
11.81094 134718 -1.9547 -0.005326
11.81319 135021 -0.0863 -0.000235
11.81543 135325 -2.8725 -0.007809
11.81769 135630 -2.7837 -0.007559
11.81993 135935 -1.9730 -0.005351
11.82218 136241 -4.9624 -0.013444
11.82443 136548 -7.2626 -0.019654
11.82668 136855 -4.2058 -0.011369
11.82893 137164 -3.2130 -0.008675
11.83118 137472 -2.0237 -0.005458
11.83343 137782 -1.3138 -0.003540
11.83568 138092 0.8361 0.002250
11.83792 138403 -0.7435 -0.001999
11.84018 138715 2.6696 0.007168
11.84242 139027 2.4090 0.006461
11.84467 139340 1.5867 0.004251
11.84692 139654 0.4351 0.001164
11.84917 139968 -3.1657 -0.008462
11.85142 140284 -3.6503 -0.009746
11.85367 140600 -4.0963 -0.010924
11.85592 140916 -3.1130 -0.008293
11.85817 141233 -2.0417 -0.005433
11.86042 141551 -3.0678 -0.008154
11.86267 141870 -2.9308 -0.007781
11.86492 142190 -3.5049 -0.009295
11.86717 142510 -4.4327 -0.011742
11.86942 142831 -3.3992 -0.008994
11.87166 143152 1.0926 0.002888
11.87392 143475 1.4706 0.003883
11.87616 143798 1.4276 0.003765
11.87841 144121 6.1562 0.016216
11.88066 144446 5.6115 0.014765
11.88291 144771 3.8117 0.010018
11.88516 145097 5.2318 0.013735
11.88741 145424 6.1960 0.016248
11.88965 145751 7.5243 0.019709
11.89191 146080 3.2435 0.008486
11.89415 146408 -1.0899 -0.002848
11.89640 146738 0.1201 0.000313
11.89866 147069 -0.5291 -0.001380
11.90091 147400 1.4216 0.003703
11.90316 147732 -1.5289 -0.003978
11.90540 148064 -1.7795 -0.004625
11.90765 148398 -2.6534 -0.006888
11.90990 148732 0.4940 0.001281
11.91215 149067 -4.5281 -0.011728
11.91440 149402 -7.0728 -0.018299
11.91665 149739 -8.5440 -0.022080
11.91890 150076 -2.3565 -0.006083
11.92115 150414 -5.1493 -0.013277
11.92340 150753 -6.6669 -0.017171
11.92564 151092 -3.8224 -0.009834
11.92789 151432 -1.9800 -0.005088
11.93014 151773 3.8073 0.009773
11.93239 152115 4.3655 0.011193
11.93464 152457 5.4356 0.013921
11.93689 152801 4.7960 0.012269
11.93914 153145 5.6838 0.014524
11.94139 153490 3.3258 0.008489
11.94364 153835 4.3875 0.011186
11.94589 154182 11.9914 0.030539
11.94814 154529 11.3624 0.028904
11.95039 154877 15.3960 0.039121
11.95264 155226 17.6154 0.044711
11.95488 155575 18.6634 0.047317
11.95713 155925 15.1368 0.038333
11.95938 156276 11.8461 0.029966
11.96163 156628 14.6235 0.036950
11.96388 156981 10.4270 0.026317
11.96613 157335 9.6570 0.024346
11.96838 157689 11.8855 0.029931
11.97063 158044 11.5183 0.028973
11.97288 158400 8.3938 0.021090
11.97512 158756 13.1225 0.032935
11.97738 159114 12.9899 0.032565
11.97962 159472 13.6704 0.034232
11.98187 159831 17.6933 0.044257
11.98412 160191 17.1058 0.042739
11.98637 160552 16.6577 0.041573
11.98862 160913 18.9417 0.047220
11.99087 161276 18.3317 0.045648
11.99312 161639 20.4859 0.050954
11.99537 162003 23.2958 0.057878
11.99762 162368 30.3711 0.075372
11.99987 162733 32.3567 0.080210
12.00212 163100 28.8716 0.071490
12.00437 163467 30.8394 0.076277
12.00662 163835 30.2890 0.074831
12.00886 164204 28.4758 0.070272
12.01112 164574 28.4037 0.070015
12.01336 164944 24.5350 0.060411
12.01561 165316 20.0305 0.049265
12.01786 165688 18.5620 0.045601
12.02011 166061 15.6302 0.038356
12.02236 166435 16.9157 0.041464
12.02461 166810 12.2227 0.029927
12.02686 167185 14.2140 0.034763
12.02911 167562 17.4040 0.042517
12.03136 167939 19.2115 0.046880
12.03360 168317 19.2678 0.046964
12.03585 168696 22.0248 0.053624
12.03810 169076 24.0300 0.058440
12.04035 169457 25.4263 0.061767
12.04260 169838 25.3234 0.061447
12.04485 170221 24.9505 0.060475
12.04710 170604 20.6254 0.049935
12.04935 170988 22.4137 0.054204
12.05160 171373 18.8496 0.045533
12.05385 171759 19.5083 0.047072
12.05610 172146 25.0619 0.060404
12.05834 172533 27.1686 0.065408
12.06060 172922 27.2638 0.065563
12.06284 173311 31.2799 0.075137
12.06509 173701 28.9699 0.069510
12.06734 174093 24.0707 0.057690
12.06959 174485 21.2753 0.050933
12.07184 174877 19.5179 0.046673
12.07409 175271 18.6635 0.044580
12.07634 175666 22.2976 0.053200
12.07859 176061 23.2331 0.055370
12.08084 176458 19.8730 0.047309
12.08309 176855 19.2549 0.045786
12.08533 177253 17.9551 0.042647
12.08759 177653 18.7891 0.044578
12.08984 178053 21.3625 0.050627
12.09208 178453 24.2633 0.057436
12.09433 178855 22.4996 0.053202
12.09658 179258 26.8450 0.063405
12.09883 179662 28.1711 0.066462
12.10108 180066 26.5709 0.062617
12.10333 180472 33.9423 0.079898
12.10558 180878 31.9956 0.075231
12.10783 181285 28.1707 0.066163
12.11008 181694 34.1743 0.080173
12.11233 182103 30.2133 0.070801
12.11458 182513 32.8845 0.076974
12.11683 182924 32.9310 0.076996
12.11908 183336 36.5333 0.085323
12.12132 183748 36.3013 0.084686
12.12357 184162 33.5862 0.078264
12.12582 184577 32.3962 0.075406
12.12807 184992 29.7545 0.069179
12.13032 185409 27.9372 0.064881
12.13257 185826 26.3620 0.061154
12.13482 186245 25.0932 0.058145
12.13707 186664 28.7570 0.066560
12.13932 187085 25.8296 0.059717
12.14157 187506 20.5949 0.047561
12.14381 187928 20.3310 0.046899
12.14606 188351 19.9931 0.046068
12.14831 188775 21.9431 0.050504
12.15056 189200 19.6925 0.045273
12.15281 189626 16.5466 0.037998
12.15506 190053 13.3839 0.030701
12.15731 190481 7.5619 0.017326
12.15956 190910 2.6681 0.006106
12.16181 191340 3.1888 0.007290
12.16406 191771 9.0453 0.020655
12.16631 192203 5.6330 0.012849
12.16856 192636 4.0069 0.009129
12.17080 193069 2.0148 0.004585
12.17305 193504 -3.1859 -0.007242
12.17530 193940 -3.0727 -0.006977
12.17755 194376 -1.8774 -0.004258
12.17980 194814 2.9396 0.006660
12.18205 195253 2.8124 0.006365
12.18430 195692 2.7619 0.006243
12.18655 196133 1.2529 0.002829
12.18880 196575 2.2310 0.005032
12.19105 197017 1.3493 0.003040
12.19330 197461 -1.3891 -0.003126
12.19555 197906 -2.6754 -0.006014
12.19779 198351 -2.2581 -0.005070
12.20004 198798 -2.2925 -0.005142
12.20229 199245 -4.0884 -0.009159
12.20454 199694 0.1385 0.000310
12.20679 200144 1.8120 0.004050
12.20904 200594 6.5130 0.014542
12.21129 201046 5.0050 0.011162
12.21354 201499 6.4847 0.014446
12.21579 201952 4.6157 0.010271
12.21804 202407 6.7469 0.014996
12.22029 202863 10.0748 0.022368
12.22254 203320 13.0970 0.029046
12.22479 203778 10.0799 0.022329
12.22703 204236 7.0596 0.015621
12.22928 204696 4.3860 0.009694
12.23153 205157 2.4926 0.005503
12.23378 205619 0.8241 0.001817
12.23603 206082 0.3965 0.000873
12.23828 206546 1.2801 0.002817
12.24053 207011 4.5356 0.009969
12.24278 207477 10.8976 0.023925
12.24503 207945 10.2679 0.022517
12.24728 208413 16.7839 0.036765
12.24952 208882 20.5054 0.044866
12.25177 209352 23.5819 0.051539
12.25402 209824 22.7110 0.049580
12.25627 210296 20.4957 0.044694
12.25852 210770 24.1814 0.052672
12.26077 211244 30.0083 0.065290
12.26302 211720 32.3561 0.070319
12.26527 212197 36.8151 0.079920
12.26752 212675 38.0876 0.082590
12.26977 213154 34.7049 0.075170
12.27201 213633 31.8874 0.068990
12.27427 214115 38.2673 0.082700
12.27652 214597 42.7978 0.092387
12.27877 215080 42.6767 0.092022
12.28101 215564 38.1219 0.082108
12.28327 216050 40.2516 0.086598
12.28551 216536 44.7419 0.096150
12.28776 217024 44.6971 0.095946
12.29001 217512 46.1882 0.099035
12.29226 218002 48.0958 0.103009
12.29451 218493 50.3715 0.107762
12.29676 218985 50.9764 0.108934
12.29901 219478 51.0466 0.108961
12.30126 219972 49.6030 0.105761
12.30350 220467 51.5802 0.109853
12.30576 220964 47.5627 0.101183
12.30800 221461 45.9793 0.097704
12.31025 221960 50.2386 0.106635
12.31250 222460 53.7491 0.113958
12.31475 222961 54.5455 0.115517
12.31700 223463 57.4007 0.121427
12.31925 223966 55.7715 0.117848
12.32150 224470 53.5475 0.113021
12.32375 224976 49.6630 0.104704
12.32600 225482 54.1573 0.114051
12.32825 225990 49.7069 0.104562
12.33050 226499 53.0840 0.111540
12.33274 227009 53.0497 0.111343
12.33499 227520 53.9843 0.113177
12.33724 228032 55.4519 0.116123
12.33949 228546 52.8156 0.110478
12.34174 229061 57.3309 0.119788
12.34399 229576 50.4244 0.105239
12.34624 230093 48.8265 0.101790
12.34849 230611 47.7509 0.099435
12.35074 231131 49.0053 0.101933
12.35299 231651 45.5287 0.094595
12.35524 232173 43.5494 0.090381
12.35748 232695 47.1059 0.097652
12.35973 233219 49.1128 0.101698
12.36199 233745 51.8236 0.107191
12.36423 234271 45.8339 0.094695
12.36648 234798 42.2467 0.087186
12.36873 235327 38.5483 0.079464
12.37098 235857 36.4065 0.074964
12.37323 236388 35.3294 0.072665
12.37548 236920 36.3527 0.074685
12.37773 237454 32.8741 0.067463
12.37998 237988 31.6106 0.064797
12.38223 238524 31.8194 0.065152
12.38447 239061 30.1041 0.061570
12.38673 239600 29.3824 0.060027
12.38897 240139 36.6222 0.074733
12.39122 240680 33.9639 0.069231
12.39347 241222 34.3120 0.069861
12.39572 241765 32.6198 0.066341
12.39797 242309 25.4255 0.051652
12.40022 242855 18.6910 0.037928
12.40247 243402 12.8435 0.026033
12.40472 243950 9.2403 0.018708
12.40697 244499 9.9480 0.020118
12.40922 245050 7.5318 0.015215
12.41147 245602 4.1398 0.008353
12.41372 246155 7.5548 0.015227
12.41596 246709 -0.5208 -0.001048
12.41821 247264 11.4863 0.023099
12.42046 247821 9.4812 0.019046
12.42271 248379 12.3141 0.024708
12.42496 248938 6.3355 0.012698
12.42721 249499 6.6024 0.013218
12.42946 250061 1.9917 0.003983
12.43171 250624 7.0682 0.014119
12.43396 251188 15.5436 0.031014
12.43621 251754 13.1855 0.026279
12.43846 252321 18.2911 0.036414
12.44071 252889 18.6630 0.037112
12.44295 253458 13.8031 0.027417
12.44520 254029 10.4094 0.020653
12.44745 254601 12.3717 0.024519
12.44970 255174 11.2107 0.022193
12.45195 255749 13.9210 0.027527
12.45420 256325 12.4972 0.024684
12.45645 256902 7.2223 0.014249
12.45870 257480 8.0727 0.015909
12.46095 258060 9.6744 0.019044
12.46320 258641 7.4263 0.014602
12.46545 259224 5.5527 0.010906
12.46769 259807 9.0353 0.017726
12.46994 260392 11.7909 0.023107
12.47220 260979 8.3343 0.016314
12.47444 261566 7.2169 0.014111
12.47669 262155 11.3204 0.022110
12.47894 262745 9.9900 0.019489
12.48119 263337 5.5132 0.010743
12.48344 263930 4.7583 0.009262
12.48569 264524 7.6434 0.014861
12.48794 265120 11.2711 0.021890
12.49019 265717 17.1083 0.033189
12.49244 266315 20.8872 0.040475
12.49469 266915 19.2097 0.037182
12.49693 267516 15.3690 0.029715
12.49918 268118 19.6468 0.037943
12.50143 268722 18.9853 0.036624
12.50368 269327 19.6050 0.037777
12.50593 269934 14.3705 0.027659
12.50818 270541 10.2218 0.019652
12.51043 271151 11.4538 0.021996
12.51268 271761 8.4674 0.016243
12.51493 272373 11.9950 0.022984
12.51718 272986 13.9937 0.026783
12.51943 273601 10.3882 0.019860
12.52168 274217 8.9076 0.017010
12.52393 274835 8.4639 0.016145
12.52617 275453 6.1021 0.011627
12.52842 276074 3.4827 0.006628
12.53067 276695 11.1124 0.021125
12.53292 277318 4.2249 0.008023
12.53517 277943 0.4493 0.000852
12.53742 278569 0.9267 0.001756
12.53967 279196 -3.1249 -0.005914
12.54192 279824 -5.5845 -0.010557
12.54417 280455 -5.6305 -0.010632
12.54642 281086 -11.9808 -0.022598
12.54867 281719 -8.4504 -0.015921
12.55091 282353 -4.8651 -0.009156
12.55316 282989 -4.6363 -0.008715
12.55541 283626 -5.7783 -0.010850
12.55766 284265 -2.7888 -0.005231
12.55991 284905 -10.6165 -0.019890
12.56216 285547 -12.8842 -0.024111
12.56441 286190 -7.6418 -0.014285
12.56666 286834 -1.1952 -0.002232
12.56891 287480 1.3491 0.002516
12.57116 288127 -4.8470 -0.009030
12.57341 288776 -7.0471 -0.013114
12.57565 289426 -5.5030 -0.010229
12.57791 290078 -0.1596 -0.000296
12.58015 290731 -2.1817 -0.004046
12.58240 291386 -0.9099 -0.001686
12.58465 292042 -2.4331 -0.004502
12.58690 292699 -4.2846 -0.007919
12.58915 293358 -6.2759 -0.011587
12.59140 294019 -7.5748 -0.013970
12.59365 294681 -5.7228 -0.010542
12.59590 295345 -10.6480 -0.019593
12.59815 296010 -17.7398 -0.032606
12.60040 296676 -22.2751 -0.040896
12.60264 297344 -16.6862 -0.030601
12.60490 298014 -18.3149 -0.033550
12.60714 298685 -16.1030 -0.029465
12.60939 299357 -13.3680 -0.024433
12.61164 300031 -7.3298 -0.013382
12.61389 300707 -7.0630 -0.012880
12.61614 301384 -5.8390 -0.010636
12.61839 302063 -5.8853 -0.010708
12.62064 302743 -0.2120 -0.000385
12.62289 303424 0.4052 0.000736
12.62514 304108 -2.2129 -0.004013
12.62738 304792 -0.2559 -0.000463
12.62964 305479 1.3511 0.002445
12.63189 306167 1.9383 0.003503
12.63413 306856 0.1152 0.000208
12.63638 307547 -3.0127 -0.005433
12.63863 308239 -7.9862 -0.014384
12.64088 308933 -9.6534 -0.017368
12.64313 309629 -13.7315 -0.024677
12.64538 310326 -19.7118 -0.035385
12.64763 311025 -12.4613 -0.022344
12.64988 311725 -7.1233 -0.012758
12.65213 312427 -13.9980 -0.025043
12.65438 313131 -16.9588 -0.030306
12.65663 313836 -10.0129 -0.017873
12.65888 314543 -16.3902 -0.029224
12.66112 315251 -19.0968 -0.034012
12.66337 315961 -21.8396 -0.038853
12.66562 316672 -19.1862 -0.034094
12.66787 317385 -20.6542 -0.036662
12.67012 318100 -21.4802 -0.038085
12.67237 318816 -20.8778 -0.036976
12.67462 319534 -13.5213 -0.023920
12.67687 320253 -12.3342 -0.021795
12.67912 320975 -12.4060 -0.021898
12.68137 321697 -5.2198 -0.009203
12.68362 322422 6.0556 0.010665
12.68587 323148 1.8293 0.003218
12.68811 323875 -0.0091 -0.000016
12.69036 324605 7.1342 0.012522
12.69261 325335 6.7226 0.011786
12.69486 326068 3.3087 0.005794
12.69711 326802 -3.2373 -0.005663
12.69936 327538 -4.5729 -0.007990
12.70161 328276 -5.1932 -0.009064
12.70386 329015 2.0389 0.003555
12.70611 329756 10.4381 0.018177
12.70836 330498 15.6381 0.027202
12.71060 331242 8.8994 0.015463
12.71285 331988 6.3314 0.010989
12.71510 332736 -0.6171 -0.001070
12.71735 333485 -9.0568 -0.015683
12.71960 334236 -8.7195 -0.015082
12.72185 334988 -12.6209 -0.021806
12.72410 335743 -11.1291 -0.019207
12.72635 336499 -8.7234 -0.015038
12.72860 337256 -4.6374 -0.007985
12.73085 338016 -5.0124 -0.008621
12.73310 338777 2.5975 0.004463
12.73535 339540 -0.0136 -0.000023
12.73759 340304 5.9400 0.010183
12.73985 341071 1.6852 0.002886
12.74210 341839 5.2499 0.008979
12.74434 342608 4.6326 0.007915
12.74659 343380 -2.6265 -0.004482
12.74884 344153 2.2786 0.003884
12.75109 344928 -0.3501 -0.000596
12.75334 345705 -5.8153 -0.009891
12.75559 346483 0.7181 0.001220
12.75784 347263 -0.7594 -0.001289
12.76009 348045 -4.2083 -0.007133
12.76234 348829 -5.0287 -0.008514
12.76458 349614 -9.5874 -0.016215
12.76683 350401 -8.7919 -0.014853
12.76908 351190 -3.8012 -0.006414
12.77133 351981 -0.8997 -0.001517
12.77358 352774 -1.8859 -0.003175
12.77583 353568 1.1583 0.001948
12.77808 354364 -4.2176 -0.007085
12.78033 355162 -5.7135 -0.009587
12.78258 355962 -11.7542 -0.019701
12.78483 356763 -13.9128 -0.023293
12.78708 357567 -12.8765 -0.021534
12.78933 358372 -7.0139 -0.011716
12.79158 359179 -7.6404 -0.012749
12.79383 359988 -2.0029 -0.003338
12.79607 360798 -5.6041 -0.009330
12.79832 361611 -2.2559 -0.003751
12.80057 362425 1.8658 0.003099
12.80282 363241 0.5307 0.000880
12.80507 364059 2.1855 0.003622
12.80732 364879 7.7830 0.012885
12.80957 365700 3.0932 0.005115
12.81182 366524 7.3708 0.012175
12.81407 367349 3.7474 0.006183
12.81632 368176 0.6716 0.001107
12.81857 369005 2.0571 0.003386
12.82081 369836 -2.0692 -0.003403
12.82306 370669 0.5781 0.000950
12.82531 371503 6.7299 0.011042
12.82756 372340 6.8278 0.011190
12.82981 373178 6.2397 0.010214
12.83206 374019 13.1979 0.021580
12.83431 374861 13.4557 0.021977
12.83656 375705 17.9891 0.029348
12.83881 376551 20.0143 0.032616
12.84106 377399 22.0728 0.035930
12.84331 378248 16.5836 0.026964
12.84556 379100 24.0343 0.039035
12.84781 379954 22.4797 0.036469
12.85005 380809 22.2727 0.036093
12.85230 381667 28.9678 0.046889
12.85455 382526 31.9837 0.051713
12.85680 383388 30.3920 0.049084
12.85905 384251 26.4414 0.042656
12.86130 385116 23.3332 0.037599
12.86355 385983 25.9392 0.041752
12.86580 386852 28.7260 0.046185
12.86805 387723 21.5632 0.034630
12.87030 388596 25.2999 0.040585
12.87254 389471 21.7301 0.034820
12.87479 390348 23.8823 0.038225
12.87704 391227 28.7528 0.045969
12.87929 392108 26.7986 0.042797
12.88154 392991 22.4822 0.035863
12.88379 393876 22.8151 0.036353
12.88604 394763 24.2585 0.038610
12.88829 395652 22.1109 0.035152
12.89054 396543 30.3566 0.048207
12.89279 397436 37.1497 0.058928
12.89504 398331 27.0303 0.042828
12.89729 399228 26.2599 0.041561
12.89953 400126 24.6952 0.039040
12.90178 401027 26.3764 0.041651
12.90403 401930 20.9005 0.032967
12.90628 402835 14.8054 0.023327
12.90853 403743 12.3823 0.019487
12.91078 404652 16.0318 0.025202
12.91303 405563 22.3167 0.035043
12.91528 406476 27.4018 0.042980
12.91753 407391 21.3101 0.033387
12.91978 408309 32.8124 0.051350
12.92203 409228 34.7001 0.054244
12.92428 410149 27.5233 0.042976
12.92653 411073 24.0026 0.037437
12.92878 411999 13.2980 0.020717
12.93102 412926 9.1233 0.014198
12.93327 413856 16.2220 0.025216
12.93552 414788 8.5087 0.013211
12.93777 415722 11.6515 0.018071
12.94002 416658 8.9818 0.013915
12.94227 417596 10.8861 0.016846
12.94452 418536 1.0521 0.001626
12.94677 419479 2.6332 0.004066
12.94902 420423 5.6329 0.008687
12.95127 421370 7.9966 0.012319
12.95352 422319 6.6383 0.010215
12.95577 423270 -3.7040 -0.005693
12.95801 424223 -0.0097 -0.000015
12.96026 425178 5.2878 0.008109
12.96251 426136 4.0248 0.006166
12.96476 427095 5.8900 0.009013
12.96701 428057 16.8471 0.025750
12.96926 429021 12.9308 0.019742
12.97151 429987 13.6498 0.020816
12.97376 430955 5.5594 0.008469
12.97601 431925 0.2186 0.000333
12.97826 432898 8.6747 0.013184
12.98051 433873 5.6243 0.008539
12.98275 434849 -1.4714 -0.002231
12.98501 435829 6.4205 0.009726
12.98725 436810 3.4580 0.005232
12.98950 437794 10.3973 0.015714
12.99175 438779 5.4913 0.008290
12.99400 439767 8.8721 0.013379
12.99625 440758 23.6532 0.035628
12.99850 441750 28.7785 0.043299
13.00075 442745 31.0761 0.046704
13.00300 443742 30.4987 0.045784
13.00525 444741 33.6021 0.050386
13.00750 445742 26.7731 0.040101
13.00975 446746 25.6191 0.038330
13.01199 447752 30.3030 0.045286
13.01424 448760 33.4510 0.049935
13.01649 449771 35.4828 0.052908
13.01874 450783 38.9311 0.057985
13.02099 451798 40.7509 0.060627
13.02324 452816 38.7771 0.057625
13.02549 453835 36.5510 0.054256
13.02774 454857 29.4564 0.043676
13.02999 455881 32.7330 0.048480
13.03224 456908 32.6753 0.048340
13.03449 457937 25.8486 0.038197
13.03674 458968 26.0213 0.038409
13.03898 460001 28.5576 0.042106
13.04123 461037 31.4174 0.046270
13.04348 462075 23.7876 0.034994
13.04573 463116 25.1087 0.036896
13.04798 464158 29.8407 0.043800
13.05023 465204 23.3649 0.034256
13.05248 466251 14.6836 0.021504
13.05473 467301 6.5986 0.009653
13.05698 468353 5.2790 0.007714
13.05923 469408 9.9463 0.014517
13.06148 470465 9.2083 0.013425
13.06373 471524 3.7600 0.005476
13.06598 472586 6.9189 0.010065
13.06822 473650 13.7427 0.019968
13.07047 474716 20.4082 0.029620
13.07272 475785 21.3809 0.030997
13.07497 476857 21.5639 0.031227
13.07722 477930 25.5727 0.036991
13.07947 479007 30.4856 0.044048
13.08172 480085 32.1950 0.046465
13.08397 481166 31.1509 0.044908
13.08622 482250 36.3814 0.052389
13.08847 483335 33.4771 0.048153
13.09072 484424 33.5552 0.048211
13.09297 485515 29.6914 0.042612
13.09521 486608 34.2704 0.049128
13.09746 487703 30.1430 0.043163
13.09971 488802 31.0766 0.044450
13.10196 489902 39.3692 0.056247
13.10421 491005 42.1129 0.060100
13.10646 492111 38.6345 0.055074
13.10871 493219 38.7398 0.055162
13.11096 494330 41.2096 0.058612
13.11321 495443 41.8000 0.059385
13.11546 496558 43.7378 0.062069
13.11770 497676 51.3320 0.072764
13.11995 498797 45.2210 0.064029
13.12220 499920 42.9233 0.060708
13.12445 501046 40.2238 0.056826
13.12670 502174 51.1447 0.072173
13.12895 503305 49.8925 0.070327
13.13120 504438 53.8442 0.075811
13.13345 505574 60.8970 0.085645
13.13570 506712 58.4041 0.082047
13.13795 507853 67.6431 0.094919
13.14020 508997 52.6758 0.073834
13.14245 510143 45.2747 0.063388
13.14470 511292 48.1372 0.067320
13.14694 512443 45.6581 0.063782
13.14919 513597 49.3422 0.068851
13.15144 514753 52.2707 0.072855
13.15369 515912 48.9731 0.068182
13.15594 517074 42.8920 0.059649
13.15819 518238 47.6845 0.066239
13.16044 519405 50.9553 0.070703
13.16269 520575 57.5116 0.079710
13.16494 521747 60.8760 0.084278
13.16719 522922 63.5283 0.087851
13.16944 524099 63.6909 0.087977
13.17168 525279 59.2948 0.081813
13.17393 526462 58.2610 0.080296
13.17618 527648 62.6098 0.086193
13.17843 528836 54.9464 0.075558
13.18068 530026 53.0998 0.072936
13.18293 531220 53.2761 0.073096
13.18518 532416 47.8922 0.065636
13.18743 533615 45.4444 0.062211
13.18968 534816 44.7983 0.061257
13.19193 536021 46.6289 0.063689
13.19418 537228 42.4411 0.057904
13.19643 538437 48.3588 0.065903
13.19868 539650 45.6663 0.062164
13.20092 540865 41.2130 0.056039
13.20317 542083 36.9980 0.050251
13.20542 543303 36.2388 0.049165
13.20767 544527 36.3961 0.049322
13.20992 545753 30.7275 0.041594
13.21217 546982 34.9267 0.047225
13.21442 548213 35.0859 0.047387
13.21667 549448 30.1982 0.040740
13.21892 550685 27.7504 0.037395
13.22117 551925 31.7462 0.042732
13.22342 553168 28.4399 0.038238
13.22567 554413 27.1927 0.036520
13.22792 555662 30.7804 0.041292
13.23016 556913 31.9669 0.042836
13.23241 558167 32.2235 0.043131
13.23466 559424 35.1871 0.047045
13.23691 560683 26.8815 0.035900
13.23916 561946 28.4861 0.038000
13.24141 563211 34.3872 0.045821
13.24366 564479 42.0269 0.055938
13.24591 565750 43.2755 0.057535
13.24816 567024 37.6008 0.049934
13.25041 568301 30.4434 0.040383
13.25266 569581 30.7026 0.040682
13.25490 570863 37.6718 0.049860
13.25715 572149 35.7167 0.047219
13.25940 573437 27.4424 0.036239
13.26165 574728 18.7092 0.024679
13.26390 576022 15.4949 0.020416
13.26615 577319 13.3248 0.017537
13.26840 578619 9.8306 0.012924
13.27065 579922 13.8853 0.018234
13.27290 581228 11.8601 0.015557
13.27515 582537 13.4645 0.017641
13.27740 583848 23.1060 0.030240
13.27965 585163 15.7516 0.020591
13.28190 586481 11.9609 0.015618
13.28414 587801 5.2266 0.006817
13.28639 589125 10.1970 0.013285
13.28864 590451 13.1579 0.017124
13.29089 591781 13.1601 0.017107
13.29314 593113 15.8167 0.020538
13.29539 594449 15.1307 0.019625
13.29764 595787 20.7859 0.026929
13.29989 597129 19.3589 0.025052
13.30214 598473 15.7426 0.020350
13.30439 599821 14.3883 0.018578
13.30664 601172 16.7904 0.021655
13.30888 602525 5.4132 0.006974
13.31113 603882 9.3221 0.011996
13.31338 605242 17.5506 0.022559
13.31563 606604 10.4959 0.013476
13.31788 607970 9.5121 0.012199
13.32013 609339 10.6120 0.013595
13.32238 610711 18.7172 0.023951
13.32463 612087 11.0403 0.014112
13.32688 613465 13.2210 0.016880
13.32913 614846 3.3376 0.004256
13.33138 616231 8.2955 0.010567
13.33363 617618 13.2473 0.016856
13.33588 619009 18.1135 0.023023
13.33812 620403 2.9383 0.003730
13.34037 621800 -1.2830 -0.001627
13.34262 623200 -1.2881 -0.001632
13.34487 624603 -7.0999 -0.008984
13.34712 626009 -11.8409 -0.014966
13.34937 627419 -18.1107 -0.022864
13.35162 628832 -16.6839 -0.021039
13.35387 630248 -3.2398 -0.004081
13.35612 631667 -3.6947 -0.004649
13.35837 633089 -4.1336 -0.005195
13.36062 634515 -13.7556 -0.017269
13.36286 635943 -13.2317 -0.016592
13.36511 637375 -10.3597 -0.012976
13.36736 638811 -16.7637 -0.020974
13.36961 640249 -26.6471 -0.033302
13.37186 641691 -38.6590 -0.048260
13.37411 643135 -46.4852 -0.057965
13.37636 644584 -51.1125 -0.063663
13.37861 646035 -46.8522 -0.058291
13.38086 647490 -48.6773 -0.060494
13.38311 648948 -50.5009 -0.062689
13.38536 650409 -53.9207 -0.066859
13.38761 651873 -54.9748 -0.068090
13.38985 653341 -53.3953 -0.066059
13.39210 654812 -56.0267 -0.069237
13.39435 656287 -68.1769 -0.084157
13.39660 657765 -61.6969 -0.076073
13.39885 659246 -55.1722 -0.067951
13.40110 660730 -55.7756 -0.068617
13.40335 662218 -49.9391 -0.061368
13.40560 663709 -58.4268 -0.071717
13.40785 665203 -48.9019 -0.059958
13.41010 666701 -46.3074 -0.056713
13.41235 668203 -38.8377 -0.047512
13.41460 669707 -38.7290 -0.047325
13.41684 671215 -38.9117 -0.047495
13.41909 672726 -35.5935 -0.043396
13.42134 674241 -37.5183 -0.045692
13.42359 675759 -35.6462 -0.043363
13.42584 677281 -28.2250 -0.034296
13.42809 678806 -22.4077 -0.027197
13.43034 680335 -16.4540 -0.019949
13.43259 681866 -20.2082 -0.024472
13.43484 683402 -16.6464 -0.020136
13.43709 684941 -17.4593 -0.021096
13.43934 686483 -15.0257 -0.018135
13.44159 688029 -12.5619 -0.015144
13.44384 689578 -15.4632 -0.018621
13.44608 691131 -7.8279 -0.009416
13.44833 692687 -12.3009 -0.014780
13.45058 694247 -9.9651 -0.011960
13.45283 695810 -17.2414 -0.020669
13.45508 697377 -17.3727 -0.020803
13.45733 698947 -18.6477 -0.022305
13.45958 700521 -23.3177 -0.027860
13.46183 702098 -28.8773 -0.034463
13.46408 703679 -29.8329 -0.035564
13.46633 705263 -20.7719 -0.024734
13.46858 706851 -31.9020 -0.037945
13.47082 708443 -27.1806 -0.032293
13.47307 710038 -19.4788 -0.023116
13.47532 711637 -27.7189 -0.032858
13.47757 713239 -29.0092 -0.034349
13.47982 714845 -34.2247 -0.040479
13.48207 716455 -38.4791 -0.045460
13.48432 718068 -35.8039 -0.042252
13.48657 719685 -35.6248 -0.041993
13.48882 721306 -32.1967 -0.037910
13.49107 722930 -31.6088 -0.037176
13.49332 724558 -26.9418 -0.031651
13.49557 726189 -25.9328 -0.030432
13.49781 727824 -31.9274 -0.037424
13.50006 729463 -26.8245 -0.031407
13.50231 731106 -26.4738 -0.030962
13.50456 732752 -34.0398 -0.039766
13.50681 734402 -32.0563 -0.037406
13.50906 736056 -31.7898 -0.037054
13.51131 737713 -30.9996 -0.036092
13.51356 739374 -35.9153 -0.041768
13.51581 741039 -44.4236 -0.051605
13.51806 742707 -40.7004 -0.047227
13.52031 744380 -39.5611 -0.045853
13.52256 746056 -51.8121 -0.059985
13.52481 747736 -50.2796 -0.058146
13.52705 749419 -48.8582 -0.056438
13.52930 751107 -47.0178 -0.054251
13.53155 752798 -47.7775 -0.055066
13.53380 754493 -51.6557 -0.059469
13.53605 756192 -52.3691 -0.060223
13.53830 757895 -61.3840 -0.070510
13.54055 759601 -62.5871 -0.071811
13.54280 761312 -64.1891 -0.073566
13.54505 763026 -72.2507 -0.082713
13.54730 764744 -69.3056 -0.079252
13.54955 766466 -74.3649 -0.084942
13.55179 768192 -73.6381 -0.084017
13.55404 769922 -82.0916 -0.093557
13.55629 771655 -80.4155 -0.091544
13.55854 773393 -80.5239 -0.091564
13.56079 775134 -82.4091 -0.093602
13.56304 776880 -73.4584 -0.083342
13.56529 778629 -65.0673 -0.073739
13.56754 780382 -58.3116 -0.066009
13.56979 782139 -56.1739 -0.063517
13.57204 783901 -57.8013 -0.065284
13.57429 785666 -60.5735 -0.068338
13.57654 787435 -66.6491 -0.075108
13.57879 789208 -76.0573 -0.085614
13.58103 790985 -74.7101 -0.084003
13.58328 792766 -62.5330 -0.070232
13.58553 794551 -68.1011 -0.076400
13.58778 796340 -79.7672 -0.089387
13.59003 798133 -84.5212 -0.094608
13.59228 799930 -100.4602 -0.112323
13.59453 801732 -105.0186 -0.117288
13.59678 803537 -107.3619 -0.119770
13.59903 805346 -98.1818 -0.109406
13.60128 807160 -93.4877 -0.104058
13.60353 808977 -95.2273 -0.105875
13.60578 810799 -90.1128 -0.100076
13.60802 812624 -90.6058 -0.100510
13.61027 814454 -97.5222 -0.108061
13.61252 816288 -103.6786 -0.114754
13.61477 818126 -98.4041 -0.108794
13.61702 819968 -91.4625 -0.101005
13.61927 821815 -84.6335 -0.093359
13.62152 823665 -78.0569 -0.086007
13.62377 825520 -77.1214 -0.084881
13.62602 827379 -71.8809 -0.079024
13.62827 829242 -67.0865 -0.073671
13.63052 831109 -64.3516 -0.070588
13.63276 832980 -64.0657 -0.070195
13.63501 834856 -65.2749 -0.071440
13.63726 836736 -67.4794 -0.073770
13.63951 838620 -70.8536 -0.077371
13.64176 840508 -73.6938 -0.080382
13.64401 842401 -74.2696 -0.080919
13.64626 844297 -83.6491 -0.091036
13.64851 846199 -76.8281 -0.083519
13.65076 848104 -80.6482 -0.087573
13.65301 850014 -79.4702 -0.086197
13.65526 851928 -84.6353 -0.091696
13.65751 853846 -82.9105 -0.089726
13.65975 855768 -86.6641 -0.093683
13.66200 857695 -72.3905 -0.078166
13.66425 859627 -59.2831 -0.063941
13.66650 861562 -57.0347 -0.061446
13.66875 863502 -63.9896 -0.068862
13.67100 865447 -59.9878 -0.064483
13.67325 867395 -52.0857 -0.055926
13.67550 869348 -59.2513 -0.063548
13.67775 871306 -49.0737 -0.052573
13.68000 873268 -53.6819 -0.057445
13.68225 875234 -52.0043 -0.055587
13.68450 877205 -49.5729 -0.052929
13.68674 879180 -50.2094 -0.053548
13.68899 881160 -51.1391 -0.054479
13.69124 883144 -49.6735 -0.052858
13.69349 885133 -56.0811 -0.059609
13.69574 887126 -57.9151 -0.061489
13.69799 889123 -54.9824 -0.058310
13.70024 891125 -55.1650 -0.058438
13.70249 893132 -59.5515 -0.063014
13.70474 895143 -61.7888 -0.065308
13.70699 897158 -48.1780 -0.050864
13.70924 899178 -50.7759 -0.053547
13.71149 901203 -39.6470 -0.041764
13.71373 903232 -48.2123 -0.050729
13.71598 905266 -48.6900 -0.051174
13.71823 907305 -53.4099 -0.056072
13.72048 909348 -49.4506 -0.051857
13.72273 911395 -55.2554 -0.057879
13.72498 913447 -45.3553 -0.047455
13.72723 915504 -35.2717 -0.036863
13.72948 917566 -25.8717 -0.027009
13.73173 919632 -13.2434 -0.013810
13.73398 921702 -15.4800 -0.016124
13.73623 923778 -12.2326 -0.012727
13.73848 925858 -14.2547 -0.014815
13.74073 927943 -21.1295 -0.021935
13.74297 930032 -25.7916 -0.026744
13.74522 932126 -16.9140 -0.017519
13.74747 934225 -15.8401 -0.016388
13.74972 936329 -18.5780 -0.019199
13.75197 938437 -21.2464 -0.021932
13.75422 940550 -11.1979 -0.011546
13.75647 942668 -9.8627 -0.010158
13.75872 944791 -7.4830 -0.007699
13.76097 946918 -6.7560 -0.006943
13.76322 949050 -22.0334 -0.022617
13.76547 951187 -17.9150 -0.018369
13.76772 953329 -18.1836 -0.018623
13.76996 955475 -15.8754 -0.016241
13.77221 957627 -11.1569 -0.011401
13.77446 959783 -1.2840 -0.001311
13.77671 961944 -2.4548 -0.002503
13.77896 964110 3.3488 0.003411
13.78121 966281 3.9885 0.004057
13.78346 968457 -2.5789 -0.002621
13.78571 970638 0.5200 0.000528
13.78796 972823 3.8421 0.003895
13.79021 975014 -1.6531 -0.001674
13.79246 977209 -10.8669 -0.010993
13.79471 979410 -16.3088 -0.016479
13.79695 981615 -23.2740 -0.023491
13.79920 983825 -19.5745 -0.019735
13.80145 986041 -18.3337 -0.018463
13.80370 988261 -18.8488 -0.018960
13.80595 990486 -21.0039 -0.021105
13.80820 992716 -15.9965 -0.016055
13.81045 994952 -28.7261 -0.028799
13.81270 997192 -42.2473 -0.042307
13.81495 999437 -45.8224 -0.045835
13.81720 1001688 -36.7480 -0.036717
13.81945 1003943 -49.7255 -0.049628
13.82170 1006204 -41.7238 -0.041595
13.82394 1008470 -30.6489 -0.030520
13.82619 1010740 -33.9974 -0.033816
13.82844 1013016 -44.9588 -0.044669
13.83069 1015297 -42.3922 -0.042072
13.83294 1017583 -47.8055 -0.047391
13.83519 1019875 -50.2836 -0.049791
13.83744 1022171 -49.7360 -0.049194
13.83969 1024473 -46.9436 -0.046380
13.84194 1026780 -40.6566 -0.040123
13.84419 1029092 -31.1796 -0.030736
13.84644 1031409 -34.4376 -0.033909
13.84869 1033731 -26.4621 -0.026027
13.85093 1036059 -23.3692 -0.022959
13.85318 1038392 -20.1701 -0.019794
13.85543 1040730 -11.6304 -0.011401
13.85768 1043073 -3.3420 -0.003272
13.85993 1045422 -7.5612 -0.007395
13.86218 1047776 -6.4097 -0.006262
13.86443 1050135 6.6277 0.006468
13.86668 1052500 4.3910 0.004280
13.86893 1054870 9.5976 0.009345
13.87118 1057245 12.1971 0.011862
13.87343 1059626 22.3891 0.021750
13.87568 1062012 18.0875 0.017552
13.87792 1064403 27.8965 0.027039
13.88017 1066800 35.2320 0.034111
13.88242 1069202 34.1998 0.033075
13.88467 1071609 32.8504 0.031734
13.88692 1074022 35.1237 0.033892
13.88917 1076441 35.5895 0.034303
13.89142 1078864 21.0551 0.020271
13.89367 1081294 7.6189 0.007327
13.89592 1083728 9.5016 0.009127
13.89817 1086169 -0.0833 -0.000080
13.90042 1088614 -0.0006 -0.000001
13.90267 1091066 9.4195 0.009018
13.90491 1093522 11.4452 0.010945
13.90716 1095985 7.1337 0.006814
13.90941 1098452 18.4955 0.017647
13.91166 1100926 20.7216 0.019749
13.91391 1103405 32.5740 0.031010
13.91616 1105889 33.0279 0.031407
13.91841 1108379 26.4150 0.025090
13.92066 1110875 20.7789 0.019715
13.92291 1113377 26.6561 0.025262
13.92516 1115883 23.0009 0.021774
13.92741 1118396 20.9800 0.019838
13.92965 1120914 23.5956 0.022287
13.93190 1123438 19.0459 0.017969
13.93415 1125968 16.8952 0.015922
13.93640 1128503 24.6690 0.023222
13.93865 1131044 29.2961 0.027547
13.94090 1133591 26.9165 0.025281
13.94315 1136144 19.5543 0.018345
13.94540 1138702 16.7795 0.015724
13.94765 1141266 6.0030 0.005619
13.94990 1143836 7.5017 0.007014
13.95215 1146411 14.5591 0.013598
13.95440 1148993 18.9481 0.017677
13.95665 1151580 19.0007 0.017706
13.95889 1154173 25.9280 0.024134
13.96114 1156772 14.9091 0.013862
13.96339 1159376 24.2802 0.022550
13.96564 1161987 37.4865 0.034776
13.96789 1164603 42.4132 0.039302
13.97014 1167226 50.5454 0.046785
13.97239 1169854 49.1476 0.045440
13.97464 1172488 56.6891 0.052353
13.97689 1175128 55.3512 0.051060
13.97914 1177774 43.0703 0.039687
13.98139 1180426 53.2506 0.049012
13.98364 1183084 59.7766 0.054957
13.98588 1185748 49.3453 0.045316
13.98813 1188418 46.5175 0.042671
13.99038 1191094 48.9475 0.044849
13.99263 1193776 43.2206 0.039558
13.99488 1196464 39.9758 0.036547
13.99713 1199158 25.6441 0.023418
13.99938 1201858 33.8199 0.030849
14.00163 1204565 41.1574 0.037500
14.00388 1207277 49.0943 0.044681
14.00613 1209995 44.9946 0.040904
14.00838 1212720 47.8268 0.043430
14.01063 1215451 48.4466 0.043943
14.01287 1218187 52.5669 0.047627
14.01512 1220930 46.7185 0.042281
14.01737 1223680 49.7543 0.044978
14.01962 1226435 51.2047 0.046237
14.02187 1229196 51.6654 0.046600
14.02412 1231964 57.4454 0.051756
14.02637 1234738 48.0466 0.043239
14.02862 1237519 65.8985 0.059238
14.03087 1240305 56.2972 0.050550
14.03312 1243098 67.4388 0.060486
14.03537 1245897 67.2640 0.060262
14.03762 1248702 55.2556 0.049448
14.03986 1251514 40.5043 0.036206
14.04211 1254332 33.1704 0.029617
14.04436 1257156 26.9857 0.024068
14.04661 1259987 14.9634 0.013331
14.04886 1262824 19.8411 0.017656
14.05111 1265668 16.0929 0.014305
14.05336 1268518 22.9980 0.020419
14.05561 1271374 34.2959 0.030416
14.05786 1274237 31.3446 0.027768
14.06011 1277106 30.6326 0.027106
14.06236 1279982 26.7231 0.023620
14.06461 1282864 24.9740 0.022049
14.06685 1285752 18.7413 0.016528
14.06910 1288648 31.5268 0.027772
14.07135 1291549 21.7851 0.019169
14.07360 1294457 25.7817 0.022660
14.07585 1297372 25.3954 0.022296
14.07810 1300293 25.4132 0.022286
14.08035 1303221 31.7869 0.027845
14.08260 1306156 24.0686 0.021060
14.08485 1309097 17.9741 0.015709
14.08710 1312044 15.2525 0.013316
14.08935 1314999 15.7551 0.013739
14.09160 1317960 9.0456 0.007879
14.09384 1320927 5.8252 0.005068
14.09609 1323902 3.4297 0.002981
14.09834 1326883 9.1294 0.007926
14.10059 1329871 10.4447 0.009057
14.10284 1332865 24.1462 0.020915
14.10509 1335866 25.7317 0.022263
14.10734 1338874 11.2961 0.009762
14.10959 1341889 4.2748 0.003690
14.11184 1344910 0.5060 0.000436
14.11409 1347939 -10.0250 -0.008635
14.11634 1350974 -13.9988 -0.012044
14.11859 1354016 -3.8582 -0.003316
14.12083 1357065 -0.6126 -0.000526
14.12308 1360120 -14.7459 -0.012644
14.12533 1363183 -29.0952 -0.024920
14.12758 1366253 -38.5408 -0.032973
14.12983 1369329 -47.2612 -0.040388
14.13208 1372412 -57.4810 -0.049066
14.13433 1375502 -64.8575 -0.055301
14.13658 1378600 -67.6226 -0.057593
14.13883 1381704 -78.6618 -0.066920
14.14108 1384815 -63.0728 -0.053598
14.14333 1387933 -76.8984 -0.065273
14.14558 1391058 -75.6571 -0.064147
14.14782 1394191 -80.5137 -0.068188
14.15007 1397330 -85.0418 -0.071942
14.15232 1400476 -83.5954 -0.070639
14.15457 1403630 -103.9988 -0.087781
14.15682 1406790 -97.6410 -0.082322
14.15907 1409958 -98.8383 -0.083238
14.16132 1413133 -78.2798 -0.065850
14.16357 1416315 -61.2859 -0.051497
14.16582 1419504 -66.0364 -0.055426
14.16807 1422700 -54.1810 -0.045425
14.17032 1425904 -55.1717 -0.046203
14.17257 1429114 -76.7932 -0.064238
14.17481 1432332 -91.1239 -0.076140
14.17706 1435558 -76.0111 -0.063441
14.17931 1438790 -79.6147 -0.066374
14.18156 1442030 -81.1871 -0.067608
14.18381 1445277 -85.5466 -0.071159
14.18606 1448531 -80.5127 -0.066896
14.18831 1451793 -70.1783 -0.058244
14.19056 1455062 -71.4230 -0.059210
14.19281 1458338 -76.0859 -0.063005
14.19506 1461622 -60.9842 -0.050443
14.19731 1464913 -79.9258 -0.066036
14.19956 1468211 -76.9725 -0.063524
14.20180 1471517 -81.5839 -0.067255
14.20405 1474831 -82.3651 -0.067822
14.20630 1478152 -77.3462 -0.063618
14.20855 1481480 -73.7772 -0.060614
14.21080 1484816 -57.8633 -0.047486
14.21305 1488159 -46.4844 -0.038105
14.21530 1491510 -34.5221 -0.028267
14.21755 1494869 -51.9799 -0.042514
14.21980 1498235 -57.1194 -0.046665
14.22205 1501608 -48.6432 -0.039696
14.22430 1504989 -37.6146 -0.030661
14.22655 1508378 -50.9043 -0.041448
14.22880 1511775 -44.5508 -0.036234
14.23104 1515179 -30.5481 -0.024817
14.23329 1518590 -31.5763 -0.025624
14.23554 1522010 -33.6598 -0.027284
14.23779 1525437 -36.3657 -0.029444
14.24004 1528872 -26.3631 -0.021321
14.24229 1532314 -19.3852 -0.015660
14.24454 1535765 -9.7895 -0.007899
14.24679 1539223 -30.5955 -0.024661
14.24904 1542689 -25.1639 -0.020260
14.25129 1546162 -32.9977 -0.026537
14.25354 1549644 -29.8117 -0.023948
14.25578 1553133 -37.8934 -0.030406
14.25803 1556630 -41.8569 -0.033549
14.26028 1560135 -43.9320 -0.035172
14.26253 1563648 -38.3368 -0.030658
14.26478 1567169 -18.5987 -0.014857
14.26703 1570698 -22.6443 -0.018068
14.26928 1574235 -28.3054 -0.022560
14.27153 1577779 -32.3049 -0.025718
14.27378 1581332 -28.3187 -0.022520
14.27603 1584893 -21.2993 -0.016919
14.27828 1588461 -21.8574 -0.017342
14.28053 1592038 -21.7746 -0.017257
14.28277 1595623 -23.9886 -0.018991
14.28502 1599216 -26.3159 -0.020810
14.28727 1602817 -23.2545 -0.018368
14.28952 1606426 -29.1625 -0.023009
14.29177 1610043 -23.4002 -0.018442
14.29402 1613668 -26.7353 -0.021046
14.29627 1617302 -24.9191 -0.019595
14.29852 1620943 -38.9226 -0.030572
14.30077 1624593 -27.4902 -0.021568
14.30302 1628251 -27.2696 -0.021371
14.30527 1631918 -29.0849 -0.022768
14.30752 1635592 -25.8936 -0.020247
14.30976 1639275 -31.0973 -0.024288
14.31201 1642966 -26.8427 -0.020942
14.31426 1646666 -28.2107 -0.021984
14.31651 1650374 -39.7369 -0.030932
14.31876 1654090 -29.1897 -0.022696
14.32101 1657814 -29.0128 -0.022533
14.32326 1661547 -26.6564 -0.020680
14.32551 1665289 -8.1212 -0.006293
14.32776 1669038 -17.6574 -0.013668
14.33001 1672796 -8.5366 -0.006600
14.33226 1676563 -9.8736 -0.007625
14.33451 1680338 -15.7718 -0.012167
14.33675 1684122 2.6729 0.002060
14.33900 1687914 31.6192 0.024337
14.34125 1691715 32.4649 0.024960
14.34350 1695524 38.9739 0.029931
14.34575 1699342 39.3777 0.030207
14.34800 1703168 38.5090 0.029508
14.35025 1707003 40.1809 0.030754
14.35250 1710847 37.3346 0.028543
14.35475 1714699 51.3545 0.039218
14.35700 1718560 38.7947 0.029593
14.35925 1722430 31.1257 0.023716
14.36150 1726308 41.2416 0.031389
14.36374 1730195 37.9827 0.028876
14.36599 1734091 55.0579 0.041810
14.36824 1737996 59.8658 0.045410
14.37049 1741909 61.1292 0.046317
14.37274 1745831 55.0232 0.041643
14.37499 1749763 60.3090 0.045592
14.37724 1753702 81.8137 0.061780
14.37949 1757651 88.5363 0.066781
14.38174 1761609 79.5923 0.059968
14.38399 1765576 67.8386 0.051054
14.38624 1769551 63.8398 0.047991
14.38849 1773536 71.8421 0.053946
14.39073 1777529 68.7136 0.051539
14.39298 1781532 65.8480 0.049334
14.39523 1785543 72.6491 0.054368
14.39748 1789564 75.3271 0.056309
14.39973 1793593 74.9328 0.055951
14.40198 1797632 83.7171 0.062440
14.40423 1801679 78.0322 0.058135
14.40648 1805736 81.2216 0.060443
14.40873 1809802 85.6753 0.063685
14.41098 1813877 97.1611 0.072142
14.41323 1817962 102.6265 0.076114
14.41548 1822055 92.2880 0.068370
14.41772 1826158 97.4344 0.072101
14.41997 1830270 109.9686 0.081285
14.42222 1834391 117.9660 0.087099
14.42447 1838522 115.9219 0.085493
14.42672 1842661 103.6641 0.076367
14.42897 1846811 95.6291 0.070369
14.43122 1850969 99.4021 0.073063
14.43347 1855137 100.6436 0.073892
14.43572 1859314 91.9189 0.067411
14.43797 1863501 86.5552 0.063406
14.44022 1867697 98.0746 0.071763
14.44247 1871902 87.5849 0.064016
14.44471 1876117 102.2057 0.074618
14.44696 1880342 100.1950 0.073068
14.44921 1884576 101.7582 0.074125
14.45146 1888819 96.2675 0.070046
14.45371 1893072 89.2080 0.064837
14.45596 1897335 84.1066 0.061060
14.45821 1901607 72.3109 0.052438
14.46046 1905889 77.8617 0.056399
14.46271 1910180 69.0616 0.049969
14.46496 1914481 75.5179 0.054579
14.46721 1918792 60.6690 0.043798
14.46946 1923113 69.1866 0.049891
14.47170 1927443 76.6548 0.055214
14.47395 1931783 78.0234 0.056137
14.47620 1936133 75.3204 0.054131
14.47845 1940493 59.4334 0.042665
14.48070 1944862 67.9748 0.048742
14.48295 1949241 65.8707 0.047180
14.48520 1953630 56.8922 0.040703
14.48745 1958029 58.7463 0.041983
14.48970 1962438 48.9113 0.034915
14.49195 1966857 46.2603 0.032985
14.49420 1971286 45.1317 0.032145
14.49645 1975725 25.5200 0.018156
14.49869 1980173 32.8187 0.023322
14.50094 1984632 38.1280 0.027065
14.50319 1989101 37.7991 0.026801
14.50544 1993580 31.8978 0.022591
14.50769 1998069 32.8476 0.023238
14.50994 2002568 25.9686 0.018351
14.51219 2007077 41.3881 0.029214
14.51444 2011596 43.8019 0.030883
14.51669 2016126 50.5213 0.035581
14.51894 2020665 54.8679 0.038599
14.52119 2025215 45.8899 0.032246
14.52344 2029775 36.8980 0.025899
14.52568 2034346 48.9281 0.034304
14.52793 2038927 38.7526 0.027139
14.53018 2043518 21.1541 0.014798
14.53243 2048119 2.4991 0.001746
14.53468 2052731 14.5963 0.010188
14.53693 2057353 -15.5933 -0.010871
14.53918 2061986 -15.5877 -0.010855
14.54143 2066628 -26.9454 -0.018744
14.54368 2071282 -9.3854 -0.006521
14.54593 2075946 -7.4645 -0.005181
14.54818 2080620 -26.1237 -0.018111
14.55043 2085305 -26.3531 -0.018249
14.55268 2090001 -39.9492 -0.027633
14.55492 2094707 -52.1810 -0.036054
14.55717 2099423 -51.9849 -0.035878
14.55942 2104151 -51.8795 -0.035765
14.56167 2108889 -49.0768 -0.033795
14.56392 2113637 -53.6554 -0.036906
14.56617 2118396 -75.6088 -0.051948
14.56842 2123166 -77.2367 -0.053007
14.57067 2127947 -70.6902 -0.048459
14.57292 2132739 -67.1201 -0.045960
14.57517 2137541 -73.7740 -0.050460
14.57742 2142354 -86.3590 -0.059001
14.57966 2147178 -81.3199 -0.055496
14.58191 2152013 -89.4833 -0.060999
14.58416 2156858 -86.3749 -0.058813
14.58641 2161715 -88.7724 -0.060378
14.58866 2166583 -77.2100 -0.052455
14.59091 2171461 -90.8411 -0.061646
14.59316 2176350 -109.6099 -0.074299
14.59541 2181251 -116.3783 -0.078799
14.59766 2186162 -107.9806 -0.073031
14.59991 2191085 -97.8380 -0.066096
14.60216 2196019 -93.5975 -0.063161
14.60441 2200964 -115.8514 -0.078090
14.60665 2205919 -119.8444 -0.080691
14.60890 2210886 -116.7399 -0.078512
14.61115 2215865 -130.7055 -0.087806
14.61340 2220854 -122.8640 -0.082445
14.61565 2225855 -121.8651 -0.081683
14.61790 2230867 -137.9779 -0.092379
14.62015 2235890 -127.5829 -0.085323
14.62240 2240925 -152.7890 -0.102065
14.62465 2245971 -161.8162 -0.107974
14.62690 2251028 -145.5110 -0.096985
14.62915 2256096 -138.7238 -0.092358
14.63140 2261176 -146.3454 -0.097322
14.63364 2266268 -138.2038 -0.091805
14.63589 2271371 -161.8586 -0.107397
14.63814 2276485 -160.7796 -0.106561
14.64039 2281611 -155.6406 -0.103039
14.64264 2286749 -163.4257 -0.108071
14.64489 2291898 -159.1749 -0.105142
14.64714 2297059 -152.3230 -0.100503
14.64939 2302231 -157.5125 -0.103810
14.65164 2307415 -145.7983 -0.095982
14.65389 2312610 -143.7089 -0.094500
14.65614 2317818 -143.0164 -0.093939
14.65839 2323037 -139.9012 -0.091790
14.66063 2328267 -139.7490 -0.091587
14.66288 2333510 -132.5855 -0.086794
14.66513 2338764 -138.9395 -0.090852
14.66738 2344031 -156.8835 -0.102470
14.66963 2349309 -186.0411 -0.121378
14.67188 2354599 -194.2329 -0.126580
14.67413 2359900 -217.2966 -0.141451
14.67638 2365214 -209.5845 -0.136277
14.67863 2370540 -184.4098 -0.119773
14.68088 2375878 -170.5003 -0.110615
14.68313 2381227 -167.5932 -0.108607
14.68538 2386589 -153.5154 -0.099372
14.68762 2391963 -147.6115 -0.095443
14.68987 2397349 -135.6112 -0.087585
14.69212 2402747 -146.8369 -0.094729
14.69437 2408158 -154.4131 -0.099504
14.69662 2413580 -176.7080 -0.113743
14.69887 2419015 -179.4520 -0.115380
14.70112 2424462 -173.0919 -0.111165
14.70337 2429921 -197.3401 -0.126596
14.70562 2435392 -208.0682 -0.133328
14.70787 2440876 -203.9454 -0.130539
14.71012 2446372 -222.4415 -0.142218
14.71237 2451881 -224.8652 -0.143606
14.71461 2457401 -194.6715 -0.124184
14.71686 2462935 -187.5740 -0.119522
14.71911 2468481 -178.0429 -0.113321
14.72136 2474039 -149.1650 -0.094834
14.72361 2479610 -146.0632 -0.092757
14.72586 2485193 -128.5741 -0.081559
14.72811 2490789 -138.8247 -0.087963
14.73036 2496397 -120.5262 -0.076282
14.73261 2502018 -113.1505 -0.071534
14.73486 2507652 -109.2446 -0.068987
14.73711 2513299 -92.9301 -0.058618
14.73936 2518958 -91.1182 -0.057411
14.74161 2524630 -90.6601 -0.057058
14.74385 2530315 -88.4375 -0.055597
14.74610 2536012 -74.9845 -0.047086
14.74835 2541722 -74.6949 -0.046852
14.75060 2547446 -59.6391 -0.037366
14.75285 2553182 -52.0796 -0.032593
14.75510 2558931 -27.9196 -0.017453
14.75735 2564693 -24.5064 -0.015302
14.75960 2570468 -16.3917 -0.010224
14.76185 2576255 -8.0785 -0.005033
14.76410 2582056 -16.4789 -0.010255
14.76635 2587870 -8.5801 -0.005334
14.76860 2593698 -19.5859 -0.012161
14.77084 2599538 -6.1932 -0.003841
14.77309 2605391 1.8933 0.001173
14.77534 2611258 8.8180 0.005457
14.77759 2617137 17.6316 0.010899
14.77984 2623030 20.0367 0.012372
14.78209 2628937 31.3357 0.019326
14.78434 2634856 59.8846 0.036892
14.78659 2640789 67.4280 0.041493
14.78884 2646735 70.3742 0.043257
14.79109 2652695 66.8149 0.041023
14.79334 2658668 56.2120 0.034474
14.79559 2664655 51.2916 0.031421
14.79783 2670655 62.1565 0.038034
14.80008 2676668 73.6468 0.045015
14.80233 2682695 55.6877 0.034000
14.80458 2688736 67.4537 0.041137
14.80683 2694790 73.4517 0.044744
14.80908 2700858 54.5099 0.033168
14.81133 2706940 65.5921 0.039867
14.81358 2713035 56.5478 0.034331
14.81583 2719144 75.8482 0.045997
14.81808 2725266 57.1632 0.034627
14.82033 2731403 64.5846 0.039078
14.82258 2737553 61.8856 0.037403
14.82482 2743717 75.4796 0.045568
14.82707 2749895 73.6523 0.044415
14.82932 2756087 95.7941 0.057702
14.83157 2762293 86.1249 0.051820
14.83382 2768513 103.2524 0.062055
14.83607 2774747 108.5243 0.065150
14.83832 2780995 105.6134 0.063331
14.84057 2787257 87.7797 0.052578
14.84282 2793533 87.2808 0.052221
14.84507 2799823 67.7984 0.040519
14.84732 2806127 60.7710 0.036278
14.84957 2812446 72.5357 0.043252
14.85181 2818779 76.2721 0.045429
14.85406 2825126 80.3190 0.047786
14.85631 2831487 77.6959 0.046173
14.85856 2837863 81.1517 0.048173
14.86081 2844253 78.5275 0.046563
14.86306 2850657 87.7773 0.051989
14.86531 2857076 81.9017 0.048454
14.86756 2863509 77.3723 0.045723
14.86981 2869957 89.9161 0.053076
14.87206 2876419 91.4068 0.053895
14.87431 2882896 74.2640 0.043739
14.87655 2889387 81.2933 0.047825
14.87880 2895894 79.7355 0.046855
14.88105 2902414 61.1015 0.035865
14.88330 2908950 74.6531 0.043770
14.88555 2915500 92.4315 0.054133
14.88780 2922064 99.5530 0.058238
14.89005 2928644 79.3421 0.046363
14.89230 2935238 69.6420 0.040649
14.89455 2941848 54.7215 0.031904
14.89680 2948472 84.3649 0.049132
14.89905 2955111 76.8429 0.044701
14.90130 2961765 86.1897 0.050082
14.90355 2968434 98.7849 0.057336
14.90579 2975118 108.9479 0.063164
14.90804 2981817 107.5903 0.062306
14.91029 2988531 112.1154 0.064854
14.91254 2995261 122.1047 0.070553
14.91479 3002005 115.8901 0.066887
14.91704 3008765 117.5402 0.067763
14.91929 3015539 105.5682 0.060793
14.92154 3022329 99.5090 0.057239
14.92379 3029135 90.9265 0.052243
14.92604 3035956 61.2085 0.035129
14.92829 3042792 34.4402 0.019744
14.93054 3049643 42.9349 0.024586
14.93278 3056510 45.0578 0.025773
14.93503 3063392 44.2616 0.025289
14.93728 3070290 47.0260 0.026838
14.93953 3077203 28.6270 0.016319
14.94178 3084132 30.1385 0.017162
14.94403 3091077 38.2180 0.021738
14.94628 3098037 51.4002 0.029203
14.94853 3105013 67.8401 0.038499
14.95078 3112005 59.7384 0.033864
14.95303 3119012 75.8464 0.042946
14.95528 3126035 70.2243 0.039718
14.95753 3133074 74.3661 0.042014
14.95977 3140129 91.6132 0.051699
14.96202 3147199 101.2850 0.057093
14.96427 3154286 88.6549 0.049917
14.96652 3161388 90.2708 0.050770
14.96877 3168507 92.1589 0.051774
14.97102 3175641 97.9274 0.054953
14.97327 3182792 88.9504 0.049859
14.97552 3189959 78.8585 0.044153
14.97777 3197141 84.1884 0.047084
14.98002 3204340 67.5098 0.037714
14.98227 3211556 37.1561 0.020734
14.98452 3218787 32.1451 0.017917
14.98676 3226035 20.6740 0.011510
14.98901 3233299 10.4055 0.005787
14.99126 3240579 -4.0729 -0.002263
14.99351 3247876 -0.3132 -0.000174
14.99576 3255189 19.3004 0.010697
14.99801 3262519 18.8866 0.010456
15.00026 3269865 8.7155 0.004820
15.00251 3277228 13.5314 0.007475
15.00476 3284607 31.8022 0.017548
15.00701 3292003 21.6153 0.011913
15.00926 3299416 34.4955 0.018991
15.01151 3306845 40.5890 0.022320
15.01375 3314291 29.8407 0.016391
15.01600 3321754 27.9719 0.015348
15.01825 3329234 24.4632 0.013407
15.02050 3336730 27.0632 0.014816
15.02275 3344243 33.7936 0.018479
15.02500 3351773 53.3196 0.029124
15.02725 3359321 57.1788 0.031197
15.02950 3366885 49.5383 0.026998
15.03175 3374466 63.7476 0.034703
15.03400 3382064 66.6205 0.036226
15.03625 3389680 66.4981 0.036118
15.03850 3397312 66.1530 0.035891
15.04074 3404962 64.1086 0.034742
15.04299 3412629 48.8396 0.026438
15.04524 3420313 38.5904 0.020866
15.04749 3428015 49.0776 0.026507
15.04974 3435734 37.4487 0.020204
15.05199 3443470 63.4128 0.034173
15.05424 3451223 80.6408 0.043408
15.05649 3458995 87.6652 0.047136
15.05874 3466783 81.2959 0.043662
15.06099 3474589 61.2645 0.032867
15.06324 3482413 38.9924 0.020895
15.06549 3490254 32.7549 0.017533
15.06773 3498113 44.8206 0.023964
15.06998 3505990 47.0612 0.025134
15.07223 3513885 41.7596 0.022277
15.07448 3521797 54.4458 0.029012
15.07673 3529727 68.7517 0.036594
15.07898 3537675 75.5490 0.040167
15.08123 3545640 77.1249 0.040959
15.08348 3553624 80.7826 0.042853
15.08573 3561626 99.5646 0.052757
15.08798 3569646 107.8289 0.057072
15.09023 3577683 92.8908 0.049110
15.09248 3585739 90.4827 0.047783
15.09472 3593813 90.3475 0.047658
15.09697 3601905 91.5385 0.048232
15.09922 3610016 85.3517 0.044922
15.10147 3618144 83.0923 0.043684
15.10372 3626291 79.4767 0.041736
15.10597 3634457 75.2902 0.039493
15.10822 3642640 69.7660 0.036554
15.11047 3650843 61.6603 0.032271
15.11272 3659063 76.6758 0.040084
15.11497 3667302 80.1630 0.041860
15.11722 3675560 63.0098 0.032866
15.11947 3683836 60.4462 0.031493
15.12171 3692131 71.3400 0.037127
15.12396 3700445 86.7064 0.045074
15.12621 3708777 87.3297 0.045347
15.12846 3717128 101.3131 0.052549
15.13071 3725498 103.3876 0.053564
15.13296 3733887 100.6359 0.052080
15.13521 3742294 81.0409 0.041892
15.13746 3750721 60.6579 0.031321
15.13971 3759166 51.1388 0.026376
15.14196 3767631 66.1897 0.034100
15.14421 3776114 72.3607 0.037237
15.14646 3784617 54.4254 0.027976
15.14870 3793139 69.6361 0.035755
15.15095 3801680 74.2940 0.038104
15.15320 3810240 53.8169 0.027570
15.15545 3818819 46.5180 0.023804
15.15770 3827418 61.1051 0.031234
15.15995 3836036 53.6480 0.027391
15.16220 3844674 56.2981 0.028712
15.16445 3853331 56.0468 0.028552
15.16670 3862008 51.5515 0.026232
15.16895 3870704 29.0009 0.014741
15.17120 3879419 25.7813 0.013089
15.17345 3888155 0.5990 0.000304
15.17569 3896910 2.2704 0.001150
15.17794 3905684 0.5818 0.000294
15.18019 3914479 21.9510 0.011095
15.18244 3923293 -3.0357 -0.001533
15.18469 3932127 7.8141 0.003941
15.18694 3940981 3.3069 0.001666
15.18919 3949855 27.8701 0.014023
15.19144 3958749 36.5142 0.018352
15.19369 3967663 26.8639 0.013487
15.19594 3976597 20.1749 0.010117
15.19819 3985551 17.9862 0.009009
15.20044 3994525 -1.2630 -0.000632
15.20268 4003520 -17.8095 -0.008901
15.20493 4012534 8.3440 0.004166
15.20718 4021569 24.5108 0.012222
15.20943 4030625 17.7616 0.008847
15.21168 4039700 38.4857 0.019148
15.21393 4048797 43.0560 0.021398
15.21618 4057913 44.5330 0.022107
15.21843 4067050 38.7427 0.019211
15.22068 4076208 31.4487 0.015577
15.22293 4085387 59.1770 0.029278
15.22518 4094586 43.6204 0.021557
15.22743 4103805 66.7380 0.032944
15.22967 4113046 87.6968 0.043242
15.23192 4122307 86.1903 0.042451
15.23417 4131589 85.9220 0.042271
15.23642 4140893 97.1524 0.047743
15.23867 4150217 92.2096 0.045263
15.24092 4159562 64.3868 0.031570
15.24317 4168928 40.4177 0.019795
15.24542 4178315 38.9136 0.019037
15.24767 4187723 39.2644 0.019187
15.24992 4197153 31.2878 0.015272
15.25217 4206603 38.9658 0.018998
15.25442 4216075 41.6532 0.020286
15.25666 4225569 44.0915 0.021449
15.25891 4235083 32.6840 0.015882
15.26116 4244620 25.7335 0.012491
15.26341 4254177 65.7782 0.031891
15.26566 4263756 75.4043 0.036517
15.26791 4273357 85.4091 0.041316
15.27016 4282979 76.2707 0.036854
15.27241 4292623 77.9716 0.037634
15.27466 4302289 115.7949 0.055826
15.27691 4311976 131.6198 0.063385
15.27916 4321686 145.5841 0.070031
15.28141 4331417 136.6675 0.065667
15.28365 4341170 116.8565 0.056085
15.28590 4350945 104.5701 0.050132
15.28815 4360742 103.5373 0.049581
15.29040 4370561 94.5363 0.045220
15.29265 4380402 59.2683 0.028318
15.29490 4390266 99.9871 0.047720
15.29715 4400151 95.4471 0.045502
15.29940 4410059 71.4195 0.034009
15.30165 4419989 81.7938 0.038905
15.30390 4429942 83.8513 0.039839
15.30615 4439916 88.0833 0.041803
15.30840 4449914 75.6792 0.035876
15.31064 4459934 78.9240 0.037372
15.31289 4469976 83.9239 0.039695
15.31514 4480041 83.6302 0.039511
15.31739 4490129 83.0485 0.039192
15.31964 4500239 77.8589 0.036702
15.32189 4510372 67.5745 0.031818
15.32414 4520528 49.3829 0.023226
15.32639 4530707 55.9031 0.026263
15.32864 4540909 37.1908 0.017453
15.33089 4551134 14.5686 0.006829
15.33314 4561382 18.8498 0.008826
15.33539 4571653 25.8037 0.012068
15.33763 4581946 46.0436 0.021510
15.33988 4592264 41.8864 0.019546
15.34213 4602604 52.1104 0.024290
15.34438 4612968 25.3108 0.011785
15.34663 4623355 34.2915 0.015948
15.34888 4633765 26.3580 0.012245
15.35113 4644199 35.5616 0.016502
15.35338 4654656 51.2661 0.023762
15.35563 4665137 59.2501 0.027432
15.35788 4675642 51.4663 0.023801
15.36013 4686170 37.5051 0.017325
15.36238 4696722 12.1022 0.005584
15.36462 4707297 9.4857 0.004372
15.36687 4717897 21.1685 0.009746
15.36912 4728520 1.7182 0.000790
15.37137 4739167 13.4400 0.006174
15.37362 4749838 -22.2099 -0.010191
15.37587 4760534 7.9285 0.003634
15.37812 4771253 22.9669 0.010514
15.38037 4781996 8.8687 0.004056
15.38262 4792764 15.6749 0.007160
15.38487 4803556 -12.5415 -0.005722
15.38712 4814372 13.3776 0.006097
15.38937 4825212 -15.1887 -0.006915
15.39161 4836077 -33.2693 -0.015129
15.39386 4846967 -51.5479 -0.023414
15.39611 4857881 -47.2620 -0.021443
15.39836 4868819 -37.7077 -0.017089
15.40061 4879782 -34.5241 -0.015629
15.40286 4890770 -36.2727 -0.016402
15.40511 4901783 -55.4437 -0.025042
15.40736 4912820 -62.1648 -0.028047
15.40961 4923882 -55.2282 -0.024889
15.41186 4934969 -67.7959 -0.030518
15.41411 4946081 -37.3377 -0.016789
15.41636 4957218 -49.2131 -0.022104
15.41860 4968381 -45.4850 -0.020406
15.42085 4979568 -60.7763 -0.027236
15.42310 4990780 -60.6767 -0.027160
15.42535 5002018 -58.7225 -0.026256
15.42760 5013281 -41.9711 -0.018745
15.42985 5024570 -63.6844 -0.028411
15.43210 5035883 -107.5497 -0.047926
15.43435 5047223 -116.2968 -0.051766
15.43660 5058587 -103.8754 -0.046185
15.43885 5069978 -113.9245 -0.050596
15.44110 5081394 -117.0215 -0.051913
15.44335 5092836 -114.0707 -0.050547
15.44559 5104303 -100.3600 -0.044421
15.44784 5115797 -59.7111 -0.026400
15.45009 5127316 -64.3775 -0.028431
15.45234 5138861 -56.6312 -0.024982
15.45459 5150432 -37.5776 -0.016558
15.45684 5162029 -21.6641 -0.009535
15.45909 5173653 -7.1832 -0.003158
15.46134 5185302 -6.4584 -0.002836
15.46359 5196978 13.8901 0.006093
15.46584 5208680 11.3827 0.004987
15.46809 5220408 8.3839 0.003669
15.47034 5232163 -10.9772 -0.004799
15.47258 5243944 1.7311 0.000756
15.47483 5255752 14.7032 0.006413
15.47708 5267587 22.8433 0.009953
15.47933 5279448 49.8324 0.021688
15.48158 5291335 42.7671 0.018592
15.48383 5303250 51.4550 0.022344
15.48608 5315191 27.1793 0.011789
15.48833 5327159 -31.5643 -0.013676
15.49058 5339154 11.2417 0.004865
15.49283 5351177 22.1230 0.009564
15.49508 5363226 16.2799 0.007030
15.49733 5375302 9.1508 0.003947
15.49957 5387406 25.4800 0.010978
15.50182 5399537 8.8944 0.003828
15.50407 5411695 -26.8659 -0.011549
15.50632 5423880 -8.4469 -0.003627
15.50857 5436093 6.7828 0.002909
15.51082 5448334 -17.5660 -0.007526
15.51307 5460602 -16.5671 -0.007090
15.51532 5472897 -2.0695 -0.000885
15.51757 5485221 -33.1947 -0.014173
15.51982 5497572 -27.5735 -0.011760
15.52207 5509951 -21.0986 -0.008988
15.52432 5522357 -17.1030 -0.007278
15.52656 5534792 -26.5891 -0.011302
15.52881 5547255 -15.6403 -0.006641
15.53106 5559745 12.6373 0.005360
15.53331 5572264 21.6574 0.009175
15.53556 5584811 13.8060 0.005842
15.53781 5597387 3.6549 0.001545
15.54006 5609990 23.2964 0.009836
15.54231 5622622 33.4229 0.014095
15.54456 5635283 20.0092 0.008429
15.54681 5647972 32.0405 0.013482
15.54906 5660689 50.5824 0.021260
15.55131 5673435 52.0212 0.021840
15.55355 5686210 63.6246 0.026682
15.55580 5699014 81.1215 0.033981
15.55805 5711846 87.6416 0.036671
15.56030 5724708 79.1280 0.033071
15.56255 5737598 86.4435 0.036088
15.56480 5750517 98.9905 0.041280
15.56705 5763466 122.3557 0.050966
15.56930 5776443 135.2315 0.056266
15.57155 5789450 148.5348 0.061732
15.57380 5802486 179.3532 0.074456
15.57605 5815552 162.2440 0.067278
15.57830 5828647 152.2697 0.063071
15.58054 5841771 151.7764 0.062796
15.58279 5854925 165.9169 0.068569
15.58504 5868108 162.5983 0.067122
15.58729 5881322 160.7986 0.066305
15.58954 5894565 146.1049 0.060178
15.59179 5907837 103.9604 0.042771
15.59404 5921140 90.0509 0.037007
15.59629 5934473 87.9156 0.036089
15.59854 5947835 79.5827 0.032632
15.60079 5961228 56.2467 0.023037
15.60304 5974651 43.5178 0.017804
15.60529 5988104 60.2578 0.024625
15.60753 6001587 68.7553 0.028066
15.60978 6015101 51.4030 0.020959
15.61203 6028645 66.5335 0.027098
15.61428 6042220 63.7039 0.025916
15.61653 6055825 65.8689 0.026767
15.61878 6069461 96.8418 0.039309
15.62103 6083128 111.2530 0.045107
15.62328 6096825 87.2909 0.035352
15.62553 6110553 75.0076 0.030343
15.62778 6124313 89.0288 0.035975
15.63003 6138103 78.9839 0.031880
15.63228 6151924 40.5533 0.016350
15.63452 6165776 50.0101 0.020140
15.63677 6179660 38.3868 0.015442
15.63902 6193574 10.3851 0.004173
15.64127 6207520 -14.7903 -0.005936
15.64352 6221498 -8.6133 -0.003453
15.64577 6235507 -14.9827 -0.006000
15.64802 6249547 -17.8717 -0.007149
15.65027 6263619 -51.6200 -0.020626
15.65252 6277723 -67.7188 -0.027028
15.65477 6291859 -63.3494 -0.025255
15.65702 6306026 -81.2507 -0.032356
15.65927 6320225 -76.2581 -0.030333
15.66151 6334457 -79.8388 -0.031722
15.66376 6348720 -69.5225 -0.027592
15.66601 6363015 -52.2129 -0.020699
15.66826 6377343 -70.7216 -0.028005
15.67051 6391703 -61.1894 -0.024203
15.67276 6406095 -35.0367 -0.013843
15.67501 6420520 -50.7653 -0.020035
15.67726 6434977 -48.9966 -0.019315
15.67951 6449466 -52.1314 -0.020528
15.68176 6463989 -65.5997 -0.025802
15.68401 6478543 -76.3378 -0.029992
15.68626 6493131 -56.5869 -0.022207
15.68850 6507752 -46.8215 -0.018354
15.69075 6522405 -33.9904 -0.013309
15.69300 6537092 -16.5185 -0.006461
15.69525 6551811 -12.6295 -0.004934
15.69750 6566564 0.2417 0.000094
15.69975 6581350 10.5410 0.004109
15.70200 6596169 23.4959 0.009148
15.70425 6611022 25.5246 0.009927
15.70650 6625908 1.1496 0.000447
15.70875 6640827 -9.7704 -0.003791
15.71100 6655780 -25.6953 -0.009960
15.71325 6670767 -1.1789 -0.000456
15.71549 6685788 5.6226 0.002174
15.71774 6700842 -11.0437 -0.004266
15.71999 6715931 -8.7865 -0.003390
15.72224 6731053 -8.0628 -0.003108
15.72449 6746209 -4.3805 -0.001687
15.72674 6761400 -24.6145 -0.009466
15.72899 6776624 -47.3351 -0.018183
15.73124 6791883 -56.8754 -0.021824
15.73349 6807176 -40.2631 -0.015432
15.73574 6822504 -32.3787 -0.012396
15.73799 6837866 -28.0243 -0.010717
15.74024 6853263 -40.6719 -0.015536
15.74248 6868695 -44.5602 -0.017002
15.74473 6884161 -54.8298 -0.020897
15.74698 6899662 -71.5615 -0.027244
15.74923 6915198 -77.8250 -0.029595
15.75148 6930769 -80.6592 -0.030638
15.75373 6946375 -75.5454 -0.028663
15.75598 6962016 -97.8035 -0.037067
15.75823 6977692 -118.0556 -0.044692
15.76048 6993404 -113.8049 -0.043034
15.76273 7009151 -128.3935 -0.048496
15.76498 7024933 -99.6534 -0.037599
15.76723 7040752 -98.2659 -0.037033
15.76947 7056605 -53.1788 -0.020019
15.77172 7072495 -69.0956 -0.025981
15.77397 7088420 -54.2935 -0.020393
15.77622 7104381 -38.3386 -0.014384
15.77847 7120378 -34.8066 -0.013044
15.78072 7136410 -39.4250 -0.014758
15.78297 7152480 -21.5719 -0.008066
15.78522 7168585 -13.7256 -0.005126
15.78747 7184726 -0.2245 -0.000084
15.78972 7200904 -18.7708 -0.006995
15.79197 7217118 -37.5433 -0.013975
15.79422 7233369 -81.0738 -0.030145
15.79646 7249657 -97.4633 -0.036198
15.79871 7265981 -125.4808 -0.046551
15.80096 7282341 -118.7756 -0.044014
15.80321 7298739 -139.1844 -0.051519
15.80546 7315174 -94.6218 -0.034985
15.80771 7331645 -97.0272 -0.035834
15.80996 7348154 -128.5596 -0.047426
15.81221 7364700 -96.4631 -0.035545
15.81446 7381283 -72.8899 -0.026829
15.81671 7397903 -73.5176 -0.027029
15.81896 7414561 -64.0645 -0.023527
15.82121 7431256 -58.1913 -0.021346
15.82345 7447989 -30.9657 -0.011346
15.82570 7464760 -30.0195 -0.010987
15.82795 7481568 -1.6463 -0.000602
15.83020 7498415 -24.9116 -0.009097
15.83245 7515299 -31.6444 -0.011543
15.83470 7532221 -28.8445 -0.010510
15.83695 7549181 -5.4479 -0.001983
15.83920 7566180 -33.5920 -0.012212
15.84145 7583216 -40.6297 -0.014754
15.84370 7600292 -37.7887 -0.013707
15.84595 7617405 -16.1539 -0.005853
15.84820 7634557 -25.8297 -0.009348
15.85044 7651748 -51.2297 -0.018520
15.85269 7668977 -36.2120 -0.013076
15.85494 7686246 -19.4367 -0.007011
15.85719 7703553 -14.8893 -0.005365
15.85944 7720899 6.7805 0.002440
15.86169 7738284 8.0101 0.002880
15.86394 7755708 -18.6861 -0.006710
15.86619 7773172 -9.7751 -0.003506
15.86844 7790675 -19.3774 -0.006942
15.87069 7808217 -19.5057 -0.006980
15.87294 7825799 -19.1681 -0.006852
15.87519 7843420 5.4290 0.001939
15.87743 7861081 -9.1384 -0.003259
15.87968 7878782 -8.5273 -0.003038
15.88193 7896522 -39.6492 -0.014110
15.88418 7914303 -46.6744 -0.016591
15.88643 7932124 -42.2090 -0.014987
15.88868 7949984 -37.7105 -0.013375
15.89093 7967885 -52.5221 -0.018607
15.89318 7985827 -38.9983 -0.013800
15.89543 8003808 -17.7858 -0.006287
15.89768 8021830 -13.8689 -0.004897
15.89993 8039893 -38.1502 -0.013455
15.90218 8057997 -37.2568 -0.013125
15.90442 8076141 -68.1571 -0.023983
15.90667 8094326 -58.6086 -0.020600
15.90892 8112552 -63.5270 -0.022304
15.91117 8130819 -54.0650 -0.018960
15.91342 8149127 -67.6385 -0.023694
15.91567 8167476 -21.8758 -0.007655
15.91792 8185867 -5.2604 -0.001839
15.92017 8204299 35.9170 0.012539
15.92242 8222773 34.8855 0.012166
15.92467 8241288 8.8987 0.003100
15.92692 8259845 16.9505 0.005898
15.92917 8278444 22.5924 0.007852
15.93141 8297084 32.4280 0.011258
15.93366 8315767 13.5091 0.004685
15.93591 8334491 79.2021 0.027435
15.93816 8353258 85.2175 0.029485
15.94041 8372067 92.7281 0.032048
15.94266 8390918 109.9563 0.037959
15.94491 8409812 98.7103 0.034038
15.94716 8428749 95.3365 0.032838
15.94941 8447728 85.4303 0.029393
15.95166 8466749 59.9101 0.020589
15.95391 8485814 52.9153 0.018165
15.95616 8504921 74.7737 0.025640
15.95840 8524072 60.0837 0.020579
15.96065 8543266 46.4934 0.015907
15.96290 8562502 103.6707 0.035429
15.96515 8581783 60.7939 0.020753
15.96740 8601106 54.6680 0.018640
15.96965 8620473 24.6702 0.008402
15.97190 8639884 24.8811 0.008465
15.97415 8659338 26.6604 0.009060
15.97640 8678837 53.5604 0.018181
15.97865 8698379 56.0250 0.018996
15.98090 8717965 102.3327 0.034658
15.98315 8737595 77.5549 0.026237
15.98539 8757270 68.0752 0.023004
15.98764 8776988 49.3648 0.016663
15.98989 8796751 73.1091 0.024650
15.99214 8816559 60.7773 0.020469
15.99439 8836411 53.0283 0.017839
15.99664 8856308 57.4529 0.019306
15.99889 8876250 42.0407 0.014111
16.00114 8896237 43.8323 0.014696
16.00339 8916268 25.0801 0.008399
16.00564 8936345 32.2724 0.010796
16.00789 8956467 27.6292 0.009232
16.01014 8976634 22.8138 0.007614
16.01238 8996847 -2.9805 -0.000994
16.01463 9017105 -4.7460 -0.001580
16.01688 9037409 36.4495 0.012125
16.01913 9057758 39.9425 0.013272
16.02138 9078154 33.5786 0.011145
16.02363 9098595 28.2673 0.009371
16.02588 9119082 65.1876 0.021587
16.02813 9139616 52.4833 0.017360
16.03038 9160195 60.1855 0.019886
16.03263 9180821 74.3940 0.024553
16.03488 9201494 69.6346 0.022956
16.03713 9222213 113.6534 0.037425
16.03937 9242978 122.5494 0.040309
16.04162 9263791 141.4378 0.046470
16.04387 9284650 159.0224 0.052189
16.04612 9305556 177.1450 0.058071
16.04837 9326510 185.6872 0.060803
16.05062 9347510 179.3240 0.058653
16.05287 9368558 154.6506 0.050526
16.05512 9389653 121.6635 0.039704
16.05737 9410796 128.1248 0.041766
16.05962 9431986 111.4502 0.036289
16.06187 9453224 111.4925 0.036262
16.06412 9474510 71.6830 0.023288
16.06636 9495844 56.2015 0.018238
16.06861 9517225 55.1996 0.017893
16.07086 9538655 55.9695 0.018122
16.07311 9560134 54.4541 0.017612
16.07536 9581660 74.8392 0.024177
16.07761 9603235 74.8805 0.024163
16.07986 9624859 66.4822 0.021429
16.08211 9646531 72.9747 0.023496
16.08436 9668252 52.4427 0.016866
16.08661 9690022 40.8177 0.013113
16.08886 9711841 50.0481 0.016060
16.09111 9733709 46.9441 0.015047
16.09335 9755627 56.6753 0.018145
16.09560 9777593 27.9569 0.008941
16.09785 9799609 -9.8937 -0.003161
16.10010 9821675 1.1179 0.000357
16.10235 9843791 6.0818 0.001938
16.10460 9865956 17.5747 0.005595
16.10685 9888171 69.6970 0.022164
16.10910 9910436 79.2416 0.025171
16.11135 9932752 81.3611 0.025816
16.11360 9955117 85.8811 0.027219
16.11585 9977533 98.1836 0.031083
16.11810 10000000 110.6390 0.034987
