logY Y P PoverSqrtY
6.90675 999 -25.8170 -0.816814
6.90875 1001 -25.8170 -0.815998
6.91075 1003 -25.8170 -0.815184
6.91274 1005 -28.6321 -0.903171
6.91374 1006 -28.6321 -0.902722
6.91572 1008 -28.6321 -0.901826
6.91771 1010 -28.6321 -0.900933
6.91870 1011 -28.6321 -0.900487
6.92067 1013 -30.3938 -0.954950
6.92264 1015 -30.3938 -0.954009
6.92461 1017 -32.2564 -1.011474
6.92560 1018 -32.2564 -1.010977
6.92756 1020 -32.2564 -1.009986
6.92952 1022 -31.2123 -0.976338
6.93049 1023 -31.2123 -0.975860
6.93245 1025 -31.2123 -0.974908
6.93440 1027 -31.2123 -0.973958
6.93634 1029 -31.2123 -0.973011
6.93731 1030 -31.2123 -0.972539
6.93925 1032 -31.2123 -0.971596
6.94119 1034 -31.2123 -0.970656
6.94312 1036 -31.5453 -0.980064
6.94409 1037 -31.5453 -0.979591
6.94601 1039 -29.7319 -0.922390
6.94794 1041 -29.7319 -0.921504
6.94986 1043 -29.7319 -0.920620
6.95081 1044 -29.7319 -0.920179
6.95273 1046 -29.7319 -0.919298
6.95464 1048 -29.7319 -0.918421
6.95655 1050 -27.8433 -0.859264
6.95750 1051 -27.8433 -0.858855
6.95940 1053 -27.8433 -0.858039
6.96130 1055 -27.8433 -0.857225
6.96319 1057 -27.8433 -0.856414
6.96508 1059 -27.5683 -0.847154
6.96602 1060 -27.5683 -0.846754
6.96791 1062 -29.2695 -0.898158
6.96979 1064 -29.2695 -0.897314
6.97167 1066 -29.3515 -0.898983
6.97354 1068 -29.3515 -0.898140
6.97448 1069 -29.3515 -0.897720
6.97635 1071 -29.3515 -0.896882
6.97821 1073 -29.3515 -0.896045
6.98008 1075 -29.3515 -0.895211
6.98193 1077 -29.3515 -0.894380
6.98286 1078 -29.3515 -0.893965
6.98472 1080 -29.3515 -0.893137
6.98657 1082 -29.2478 -0.889159
6.98841 1084 -29.2478 -0.888338
6.99026 1086 -29.2478 -0.887520
6.99210 1088 -28.8828 -0.875638
6.99302 1089 -28.8828 -0.875236
6.99485 1091 -28.8828 -0.874434
6.99668 1093 -27.4002 -0.828789
6.99851 1095 -27.4002 -0.828032
7.00033 1097 -27.4002 -0.827277
7.00216 1099 -27.4002 -0.826524
7.00307 1100 -27.4002 -0.826148
7.00488 1102 -25.5736 -0.770373
7.00670 1104 -23.9876 -0.721943
7.00851 1106 -23.9876 -0.721289
7.01031 1108 -23.9876 -0.720638
7.01212 1110 -24.6089 -0.738636
7.01392 1112 -24.6089 -0.737971
7.01571 1114 -24.6089 -0.737309
7.01661 1115 -25.8419 -0.773903
7.01840 1117 -25.8419 -0.773210
7.02019 1119 -25.8419 -0.772519
7.02198 1121 -25.8419 -0.771830
7.02376 1123 -26.9434 -0.804012
7.02554 1125 -23.1858 -0.691268
7.02731 1127 -23.1858 -0.690654
7.02909 1129 -23.1858 -0.690042
7.03086 1131 -23.1858 -0.689432
7.03174 1132 -23.1858 -0.689127
7.03351 1134 -23.1858 -0.688519
7.03527 1136 -23.1858 -0.687913
7.03703 1138 -24.9591 -0.739874
7.03878 1140 -24.9591 -0.739225
7.04054 1142 -24.9591 -0.738577
7.04229 1144 -24.9591 -0.737932
7.04403 1146 -25.5113 -0.753600
7.04578 1148 -28.1651 -0.831267
7.04752 1150 -30.1198 -0.888185
7.04925 1152 -30.1198 -0.887413
7.05099 1154 -29.8455 -0.878568
7.05272 1156 -29.8455 -0.877808
7.05445 1158 -29.8455 -0.877050
7.05618 1160 -29.8455 -0.876293
7.05704 1161 -29.8455 -0.875916
7.05876 1163 -29.8455 -0.875162
7.06048 1165 -29.8455 -0.874411
7.06219 1167 -28.5469 -0.835648
7.06390 1169 -28.5469 -0.834933
7.06561 1171 -27.1838 -0.794387
7.06732 1173 -27.1838 -0.793710
7.06902 1175 -30.3838 -0.886385
7.07072 1177 -30.3838 -0.885632
7.07242 1179 -30.3838 -0.884880
7.07412 1181 -28.7714 -0.837212
7.07581 1183 -28.7714 -0.836504
7.07750 1185 -28.7714 -0.835798
7.07918 1187 -28.7714 -0.835094
7.08087 1189 -28.7714 -0.834391
7.08255 1191 -30.6514 -0.888165
7.08423 1193 -28.7820 -0.833298
7.08590 1195 -28.7820 -0.832600
7.08757 1197 -28.7820 -0.831904
7.08924 1199 -28.7820 -0.831210
7.09091 1201 -28.7820 -0.830518
7.09257 1203 -28.8211 -0.830957
7.09423 1205 -28.8211 -0.830267
7.09589 1207 -28.8211 -0.829578
7.09755 1209 -28.8211 -0.828892
7.10003 1212 -28.8211 -0.827866
7.10168 1214 -28.0900 -0.806199
7.10332 1216 -28.9612 -0.830519
7.10497 1218 -28.9612 -0.829837
7.10661 1220 -26.9688 -0.772113
7.10824 1222 -26.9688 -0.771481
7.10988 1224 -26.9688 -0.770851
7.11151 1226 -26.9688 -0.770222
7.11314 1228 -26.9688 -0.769594
7.11477 1230 -26.9688 -0.768968
7.11639 1232 -26.9688 -0.768344
7.11802 1234 -26.3940 -0.751360
7.11964 1236 -26.3940 -0.750751
7.12125 1238 -25.4368 -0.722941
7.12367 1241 -25.4368 -0.722066
7.12528 1243 -25.4368 -0.721485
7.12689 1245 -25.4368 -0.720905
7.12850 1247 -25.4368 -0.720327
7.13010 1249 -25.4368 -0.719750
7.13170 1251 -25.4368 -0.719175
7.13330 1253 -25.4368 -0.718600
7.13489 1255 -28.3137 -0.799236
7.13648 1257 -28.9545 -0.816674
7.13807 1259 -28.2071 -0.794960
7.14045 1262 -28.2071 -0.794014
7.14204 1264 -26.6697 -0.750143
7.14362 1266 -26.6697 -0.749550
7.14520 1268 -26.6697 -0.748959
7.14677 1270 -29.2924 -0.821965
7.14835 1272 -29.2924 -0.821319
7.14992 1274 -29.2924 -0.820674
7.15227 1277 -31.2235 -0.873749
7.15383 1279 -30.8066 -0.861407
7.15540 1281 -30.8066 -0.860734
7.15696 1283 -30.8066 -0.860063
7.15851 1285 -30.0911 -0.839434
7.16007 1287 -30.0911 -0.838781
7.16240 1290 -30.0911 -0.837805
7.16395 1292 -31.9778 -0.889645
7.16549 1294 -31.9778 -0.888957
7.16704 1296 -31.9778 -0.888271
7.16858 1298 -31.9778 -0.887587
7.17089 1301 -34.3015 -0.950986
7.17242 1303 -32.6539 -0.904614
7.17396 1305 -32.6539 -0.903921
7.17549 1307 -30.6838 -0.848734
7.17702 1309 -30.6838 -0.848085
7.17931 1312 -30.6838 -0.847115
7.18083 1314 -30.6838 -0.846470
7.18235 1316 -30.6838 -0.845827
7.18387 1318 -30.6838 -0.845185
7.18539 1320 -30.6838 -0.844544
7.18766 1323 -32.6468 -0.897555
7.18917 1325 -36.3398 -0.998332
7.19068 1327 -36.3398 -0.997579
7.19218 1329 -34.4158 -0.944052
7.19444 1332 -34.4158 -0.942988
7.19594 1334 -34.4158 -0.942281
7.19744 1336 -35.5040 -0.971347
7.19893 1338 -35.5040 -0.970620
7.20117 1341 -35.5040 -0.969534
7.20266 1343 -35.5040 -0.968812
7.20415 1345 -32.2699 -0.879907
7.20564 1347 -30.6957 -0.836362
7.20786 1350 -30.6957 -0.835432
7.20934 1352 -30.6957 -0.834814
7.21082 1354 -30.6957 -0.834197
7.21303 1357 -30.4535 -0.826699
7.21450 1359 -30.4535 -0.826091
7.21598 1361 -30.4535 -0.825483
7.21744 1363 -30.4535 -0.824877
7.21964 1366 -30.4535 -0.823971
7.22111 1368 -29.6181 -0.800782
7.22257 1370 -27.7038 -0.748478
7.22475 1373 -27.1946 -0.733918
7.22621 1375 -27.1946 -0.733384
7.22766 1377 -27.1946 -0.732852
7.22984 1380 -27.1946 -0.732055
7.23129 1382 -27.1946 -0.731525
7.23273 1384 -27.1946 -0.730996
7.23490 1387 -27.1946 -0.730205
7.23634 1389 -29.1477 -0.782083
7.23778 1391 -29.1477 -0.781520
7.23993 1394 -29.1477 -0.780679
7.24137 1396 -29.0907 -0.778596
7.24280 1398 -29.0907 -0.778039
7.24494 1401 -30.8607 -0.824492
7.24637 1403 -30.8607 -0.823904
7.24850 1406 -30.8607 -0.823025
7.24993 1408 -30.8607 -0.822440
7.25134 1410 -28.9715 -0.771545
7.25347 1413 -31.1490 -0.828654
7.25488 1415 -31.1490 -0.828068
7.25630 1417 -31.1490 -0.827484
7.25841 1420 -31.1490 -0.826609
7.25982 1422 -31.1490 -0.826028
7.26193 1425 -33.1285 -0.877594
7.26333 1427 -33.1285 -0.876979
7.26473 1429 -33.1285 -0.876365
7.26683 1432 -30.8893 -0.816275
7.26822 1434 -32.2824 -0.852495
7.27031 1437 -32.2824 -0.851605
7.27170 1439 -34.1003 -0.898934
7.27379 1442 -34.1003 -0.897998
7.27517 1444 -34.1003 -0.897376
7.27656 1446 -34.1003 -0.896756
7.27863 1449 -34.1003 -0.895827
7.28001 1451 -34.1003 -0.895209
7.28207 1454 -35.5751 -0.932961
7.28345 1456 -32.8735 -0.861520
7.28551 1459 -33.3227 -0.872394
7.28688 1461 -33.5480 -0.877691
7.28893 1464 -33.5480 -0.876792
7.29029 1466 -33.5480 -0.876193
7.29234 1469 -32.5112 -0.848246
7.29370 1471 -32.5112 -0.847670
7.29574 1474 -32.5112 -0.846807
7.29709 1476 -29.4561 -0.766713
7.29845 1478 -29.4561 -0.766194
7.30047 1481 -29.4561 -0.765417
7.30182 1483 -31.3573 -0.814270
7.30384 1486 -31.3573 -0.813448
7.30519 1488 -31.3573 -0.812901
7.30720 1491 -31.5994 -0.818351
7.30921 1494 -31.5994 -0.817529
7.31055 1496 -31.5994 -0.816982
7.31255 1499 -30.4868 -0.787427
7.31389 1501 -30.4868 -0.786902
7.31588 1504 -30.4868 -0.786117
7.31721 1506 -30.4868 -0.785595
7.31920 1509 -30.4868 -0.784814
7.32053 1511 -32.4674 -0.835247
7.32251 1514 -32.4674 -0.834419
7.32383 1516 -32.4674 -0.833869
7.32581 1519 -32.4674 -0.833045
7.32778 1522 -32.4674 -0.832223
7.32909 1524 -34.3711 -0.880444
7.33106 1527 -36.3370 -0.929885
7.33237 1529 -36.3370 -0.929276
7.33433 1532 -36.3370 -0.928366
7.33563 1534 -36.3370 -0.927761
7.33759 1537 -36.3370 -0.926855
7.33954 1540 -36.3370 -0.925951
7.34084 1542 -35.2387 -0.897382
7.34278 1545 -37.5308 -0.954824
7.34407 1547 -37.5308 -0.954206
7.34601 1550 -37.7070 -0.957759
7.34794 1553 -37.7070 -0.956833
7.34923 1555 -39.4277 -0.999853
7.35116 1558 -39.4277 -0.998890
7.35308 1561 -39.4277 -0.997930
7.35436 1563 -37.9368 -0.959581
7.35628 1566 -38.2257 -0.965961
7.35756 1568 -36.7086 -0.927032
7.35947 1571 -36.0361 -0.909179
7.36138 1574 -36.0361 -0.908312
7.36265 1576 -36.0361 -0.907735
7.36455 1579 -36.0361 -0.906872
7.36645 1582 -36.0361 -0.906012
7.36771 1584 -36.0361 -0.905440
7.36960 1587 -33.1279 -0.831584
7.37149 1590 -33.1279 -0.830799
7.37275 1592 -33.1279 -0.830277
7.37463 1595 -35.3314 -0.884667
7.37651 1598 -35.3314 -0.883836
7.37838 1601 -35.3314 -0.883008
7.37963 1603 -35.3314 -0.882457
7.38150 1606 -35.3314 -0.881632
7.38337 1609 -37.6343 -0.938222
7.38461 1611 -33.9453 -0.845731
7.38647 1614 -33.9453 -0.844945
7.38833 1617 -33.9453 -0.844161
7.39018 1620 -33.9453 -0.843379
7.39142 1622 -32.9847 -0.819007
7.39326 1625 -32.9847 -0.818251
7.39511 1628 -32.9847 -0.817497
7.39695 1631 -32.8869 -0.814322
7.39817 1633 -33.9045 -0.839005
7.40001 1636 -33.9045 -0.838235
7.40184 1639 -31.9763 -0.789838
7.40367 1642 -31.9763 -0.789117
7.40489 1644 -31.4411 -0.775436
7.40671 1647 -31.4411 -0.774730
7.40853 1650 -31.4411 -0.774025
7.41035 1653 -31.4411 -0.773322
7.41156 1655 -29.9487 -0.736171
7.41337 1658 -29.9487 -0.735505
7.41518 1661 -29.9487 -0.734840
7.41698 1664 -29.9487 -0.734178
7.41878 1667 -29.5497 -0.723745
7.41998 1669 -29.5497 -0.723311
7.42178 1672 -29.5497 -0.722662
7.42357 1675 -27.2578 -0.666013
7.42536 1678 -27.2578 -0.665418
7.42714 1681 -27.2578 -0.664824
7.42893 1684 -27.2578 -0.664231
7.43011 1686 -27.2578 -0.663837
7.43189 1689 -27.2578 -0.663247
7.43367 1692 -27.2578 -0.662659
7.43544 1695 -26.5001 -0.643670
7.43721 1698 -26.5723 -0.644853
7.43897 1701 -27.4857 -0.666431
7.44073 1704 -27.4857 -0.665844
7.44249 1707 -27.4857 -0.665259
7.44366 1709 -26.9820 -0.652685
7.44542 1712 -26.9820 -0.652113
7.44717 1715 -26.9820 -0.651542
7.44892 1718 -26.9820 -0.650973
7.45066 1721 -27.8705 -0.671822
7.45240 1724 -27.8705 -0.671237
7.45414 1727 -28.5580 -0.687197
7.45588 1730 -28.5580 -0.686601
7.45761 1733 -29.0167 -0.697024
7.45934 1736 -29.0167 -0.696422
7.46049 1738 -29.0167 -0.696021
7.46221 1741 -30.0520 -0.720236
7.46394 1744 -30.0520 -0.719616
7.46566 1747 -31.2192 -0.746921
7.46737 1750 -31.2192 -0.746281
7.46908 1753 -29.4832 -0.704181
7.47079 1756 -29.4832 -0.703579
7.47250 1759 -29.4832 -0.702979
7.47420 1762 -31.4759 -0.749852
7.47591 1765 -30.2728 -0.720577
7.47760 1768 -30.2728 -0.719965
7.47930 1771 -30.2728 -0.719355
7.48099 1774 -30.2728 -0.718746
7.48268 1777 -26.9849 -0.640143
7.48437 1780 -26.9849 -0.639603
7.48605 1783 -26.6987 -0.632287
7.48773 1786 -26.6987 -0.631755
7.48941 1789 -27.8830 -0.659227
7.49109 1792 -31.5504 -0.745308
7.49276 1795 -31.5504 -0.744685
7.49443 1798 -32.1444 -0.758073
7.49610 1801 -32.1444 -0.757441
7.49776 1804 -32.1444 -0.756811
7.49942 1807 -32.1444 -0.756182
7.50108 1810 -31.5099 -0.740640
7.50274 1813 -31.5099 -0.740027
7.50439 1816 -31.5099 -0.739416
7.50659 1820 -31.5099 -0.738603
7.50824 1823 -31.5099 -0.737995
7.50988 1826 -31.5099 -0.737388
7.51152 1829 -30.1745 -0.705559
7.51316 1832 -31.0016 -0.724306
7.51480 1835 -29.8522 -0.696881
7.51643 1838 -29.8522 -0.696312
7.51806 1841 -29.8522 -0.695745
7.51969 1844 -29.8522 -0.695178
7.52132 1847 -29.8522 -0.694614
7.52294 1850 -29.8522 -0.694050
7.52510 1854 -29.8166 -0.692473
7.52672 1857 -31.5129 -0.731278
7.52833 1860 -31.5129 -0.730688
7.52994 1863 -31.8640 -0.738234
7.53155 1866 -31.8640 -0.737640
7.53316 1869 -31.8640 -0.737048
7.53476 1872 -31.5845 -0.729997
7.53690 1876 -34.9119 -0.806041
7.53849 1879 -33.0979 -0.763550
7.54009 1882 -33.0979 -0.762941
7.54168 1885 -33.0979 -0.762333
7.54327 1888 -33.0979 -0.761728
7.54539 1892 -33.0979 -0.760922
7.54697 1895 -31.1679 -0.715983
7.54856 1898 -31.1679 -0.715417
7.55014 1901 -29.4119 -0.674577
7.55171 1904 -29.4119 -0.674045
7.55381 1908 -31.3348 -0.717362
7.55538 1911 -31.3348 -0.716799
7.55695 1914 -31.3348 -0.716237
7.55852 1917 -33.8197 -0.772429
7.56008 1920 -33.8197 -0.771826
7.56216 1924 -33.4157 -0.761813
7.56372 1927 -33.4157 -0.761220
7.56528 1930 -32.8706 -0.748220
7.56683 1933 -32.8706 -0.747639
7.56890 1937 -32.8706 -0.746866
7.57044 1940 -32.8706 -0.746289
7.57199 1943 -33.0983 -0.750878
7.57405 1947 -34.4297 -0.780279
7.57558 1950 -34.4297 -0.779678
7.57712 1953 -33.1149 -0.749328
7.57866 1956 -33.1149 -0.748753
7.58070 1960 -35.0882 -0.792561
7.58223 1963 -35.7292 -0.806423
7.58376 1966 -35.7292 -0.805808
7.58579 1970 -35.7292 -0.804989
7.58731 1973 -34.0218 -0.765938
7.58883 1976 -34.0218 -0.765356
7.59085 1980 -34.0218 -0.764583
7.59237 1983 -32.5793 -0.731611
7.59388 1986 -33.7082 -0.756391
7.59589 1990 -33.7082 -0.755631
7.59740 1993 -33.7082 -0.755062
7.59890 1996 -33.7082 -0.754494
7.60090 2000 -33.7082 -0.753739
7.60240 2003 -31.9400 -0.713666
7.60440 2007 -31.2405 -0.697340
7.60589 2010 -31.2405 -0.696819
7.60738 2013 -32.6138 -0.726909
7.60937 2017 -34.2857 -0.763414
7.61085 2020 -34.2857 -0.762847
7.61283 2024 -34.2857 -0.762092
7.61431 2027 -33.8404 -0.751638
7.61579 2030 -32.2714 -0.716258
7.61776 2034 -32.2714 -0.715553
7.61923 2037 -32.2714 -0.715026
7.62120 2041 -33.9193 -0.750801
7.62266 2044 -33.9193 -0.750250
7.62462 2048 -36.3670 -0.803606
7.62608 2051 -37.6222 -0.830733
7.62803 2055 -39.4085 -0.869329
7.62949 2058 -39.4085 -0.868695
7.63095 2061 -38.6391 -0.851116
7.63289 2065 -38.6391 -0.850291
7.63434 2068 -38.6391 -0.849674
7.63627 2072 -40.6345 -0.892688
7.63772 2075 -40.1440 -0.881275
7.63964 2079 -38.3843 -0.841835
7.64108 2082 -38.3843 -0.841228
7.64300 2086 -36.4782 -0.798687
7.64492 2090 -36.4782 -0.797923
7.64635 2093 -36.4782 -0.797351
7.64826 2097 -39.3027 -0.858269
7.64969 2100 -41.1588 -0.898159
7.65160 2104 -41.1588 -0.897305
7.65302 2107 -42.7838 -0.932068
7.65492 2111 -42.7838 -0.931184
7.65634 2114 -41.0575 -0.892977
7.65823 2118 -43.1962 -0.938605
7.65964 2121 -43.1962 -0.937941
7.66153 2125 -43.1962 -0.937058
7.66341 2129 -42.4401 -0.919789
7.66482 2132 -42.4401 -0.919142
7.66669 2136 -42.4401 -0.918281
7.66809 2139 -43.5821 -0.942329
7.66996 2143 -41.9393 -0.905961
7.67183 2147 -41.9393 -0.905117
7.67322 2150 -41.9393 -0.904485
7.67508 2154 -41.9393 -0.903645
7.67694 2158 -40.2870 -0.867240
7.67833 2161 -38.5022 -0.828243
7.68018 2165 -37.8206 -0.812829
7.68202 2169 -37.8206 -0.812079
7.68340 2172 -37.8206 -0.811518
7.68524 2176 -37.8206 -0.810772
7.68708 2180 -35.9813 -0.770636
7.68846 2183 -36.3944 -0.778946
7.69029 2187 -38.3272 -0.819563
7.69211 2191 -38.3272 -0.818814
7.69348 2194 -38.3272 -0.818254
7.69530 2198 -38.3272 -0.817510
7.69712 2202 -37.3490 -0.795921
7.69848 2205 -39.2469 -0.835798
7.70030 2209 -37.5090 -0.798063
7.70210 2213 -37.5090 -0.797342
7.70391 2217 -36.6427 -0.778224
7.70526 2220 -36.6427 -0.777698
7.70706 2224 -36.6427 -0.776999
7.70886 2228 -36.5913 -0.775211
7.71065 2232 -39.5899 -0.837987
7.71200 2235 -39.5899 -0.837425
7.71378 2239 -39.1484 -0.827346
7.71557 2243 -39.1484 -0.826608
7.71735 2247 -36.1663 -0.762961
7.71913 2251 -36.1663 -0.762283
7.72046 2254 -37.0507 -0.780404
7.72223 2258 -37.0507 -0.779713
7.72400 2262 -33.9770 -0.714395
7.72577 2266 -33.9770 -0.713764
7.72754 2270 -33.4795 -0.702693
7.72886 2273 -35.3648 -0.741773
7.73061 2277 -35.3648 -0.741121
7.73237 2281 -36.5119 -0.764489
7.73412 2285 -36.5119 -0.763820
7.73587 2289 -36.5119 -0.763152
7.73762 2293 -38.3716 -0.801323
7.73936 2297 -38.7455 -0.808426
7.74066 2300 -38.7455 -0.807899
7.74240 2304 -38.7455 -0.807197
7.74414 2308 -38.7455 -0.806497
7.74587 2312 -40.7328 -0.847130
7.74760 2316 -40.1826 -0.834965
7.74932 2320 -38.1839 -0.792750
7.75105 2324 -38.1839 -0.792068
7.75276 2328 -38.0302 -0.788201
7.75448 2332 -38.0302 -0.787524
7.75620 2336 -37.4676 -0.775211
7.75791 2340 -37.4676 -0.774548
7.75961 2344 -39.4299 -0.814417
7.76089 2347 -38.6445 -0.797684
7.76260 2351 -38.6445 -0.797005
7.76430 2355 -35.4498 -0.730496
7.76599 2359 -33.6957 -0.693763
7.76769 2363 -33.6957 -0.693175
7.76938 2367 -33.6957 -0.692589
7.77107 2371 -32.9358 -0.676398
7.77275 2375 -32.9358 -0.675828
7.77444 2379 -33.7843 -0.692656
7.77612 2383 -31.9799 -0.655112
7.77779 2387 -33.7130 -0.690035
7.77947 2391 -31.7472 -0.649256
7.78156 2396 -31.7472 -0.648578
7.78322 2400 -31.2763 -0.638425
7.78489 2404 -34.8981 -0.711762
7.78655 2408 -34.8981 -0.711171
7.78821 2412 -34.8981 -0.710581
7.78987 2416 -34.8981 -0.709993
7.79152 2420 -34.8981 -0.709406
7.79317 2424 -38.8284 -0.788648
7.79482 2428 -41.1202 -0.834509
7.79647 2432 -41.1202 -0.833822
7.79811 2436 -41.2039 -0.834833
7.79975 2440 -41.2039 -0.834148
7.80139 2444 -41.2039 -0.833465
7.80344 2449 -44.7280 -0.903826
7.80507 2453 -44.7280 -0.903089
7.80670 2457 -44.7280 -0.902354
7.80832 2461 -44.7280 -0.901620
7.80995 2465 -44.7280 -0.900888
7.81157 2469 -43.4840 -0.875122
7.81359 2474 -45.4641 -0.914048
7.81521 2478 -45.4641 -0.913310
7.81682 2482 -45.9234 -0.921793
7.81843 2486 -45.9234 -0.921051
7.82004 2490 -46.0030 -0.921905
7.82164 2494 -45.8855 -0.918813
7.82365 2499 -44.3147 -0.886472
7.82525 2503 -44.3147 -0.885764
7.82684 2507 -44.3147 -0.885057
7.82844 2511 -40.4084 -0.806396
7.83043 2516 -40.4084 -0.805594
7.83201 2520 -38.4953 -0.766844
7.83360 2524 -38.4953 -0.766236
7.83518 2528 -38.4953 -0.765630
7.83716 2533 -37.0451 -0.736060
7.83874 2537 -37.0451 -0.735480
7.84031 2541 -35.7049 -0.708313
7.84228 2546 -38.9210 -0.771356
7.84385 2550 -38.9210 -0.770751
7.84542 2554 -36.7460 -0.727110
7.84698 2558 -38.4123 -0.759487
7.84893 2563 -38.4123 -0.758745
7.85049 2567 -38.4123 -0.758154
7.85205 2571 -38.4123 -0.757564
7.85399 2576 -39.2557 -0.773445
7.85554 2580 -39.0846 -0.769478
7.85709 2584 -39.0846 -0.768882
7.85903 2589 -37.2881 -0.732833
7.86057 2593 -37.2881 -0.732267
7.86250 2598 -37.2881 -0.731562
7.86404 2602 -38.5947 -0.756613
7.86557 2606 -38.9937 -0.763848
7.86749 2611 -38.9937 -0.763116
7.86902 2615 -38.9937 -0.762532
7.87093 2620 -39.2142 -0.766112
7.87246 2624 -37.6072 -0.734157
7.87398 2628 -37.7409 -0.736207
7.87588 2633 -36.6641 -0.714522
7.87740 2637 -36.6641 -0.713980
7.87929 2642 -36.6641 -0.713304
7.88080 2646 -39.7285 -0.772337
7.88269 2651 -41.2886 -0.801910
7.88420 2655 -40.6925 -0.789736
7.88608 2660 -40.6925 -0.788994
7.88758 2664 -39.0518 -0.756612
7.88946 2669 -39.0518 -0.755903
7.89096 2673 -37.2265 -0.720033
7.89283 2678 -38.0838 -0.735927
7.89432 2682 -38.0838 -0.735378
7.89618 2687 -36.0745 -0.695931
7.89767 2691 -36.2553 -0.698900
7.89952 2696 -37.9658 -0.731194
7.90101 2700 -38.0693 -0.732645
7.90286 2705 -38.0693 -0.731967
7.90433 2709 -36.8823 -0.708621
7.90618 2714 -37.7233 -0.724111
7.90802 2719 -36.5539 -0.701017
7.90949 2723 -36.4396 -0.698313
7.91132 2728 -36.4396 -0.697672
7.91279 2732 -36.0429 -0.689572
7.91462 2737 -38.0382 -0.727080
7.91644 2742 -38.0382 -0.726417
7.91790 2746 -38.0382 -0.725888
7.91972 2751 -38.0382 -0.725228
7.92154 2756 -39.5537 -0.753438
7.92299 2760 -37.3800 -0.711515
7.92480 2765 -37.3800 -0.710872
7.92660 2770 -37.3800 -0.710230
7.92805 2774 -36.8502 -0.699660
7.92985 2779 -36.5376 -0.693099
7.93164 2784 -36.1620 -0.685358
7.93308 2788 -34.7418 -0.657970
7.93487 2793 -34.7418 -0.657381
7.93666 2798 -33.7102 -0.637291
7.93809 2802 -36.7057 -0.693425
7.93987 2807 -37.6377 -0.710397
7.94165 2812 -35.9122 -0.677226
7.94343 2817 -35.5390 -0.669595
7.94485 2821 -35.4377 -0.667212
7.94662 2826 -34.2455 -0.644196
7.94839 2831 -34.2455 -0.643627
7.95015 2836 -34.2455 -0.643059
7.95191 2841 -35.4642 -0.665356
7.95332 2845 -34.2410 -0.641956
7.95507 2850 -34.2410 -0.641393
7.95683 2855 -34.4013 -0.643831
7.95858 2860 -34.4013 -0.643268
7.96032 2865 -33.9684 -0.634618
7.96172 2869 -33.9684 -0.634176
7.96346 2874 -33.9684 -0.633624
7.96520 2879 -33.7840 -0.629638
7.96693 2884 -31.7897 -0.591955
7.96867 2889 -33.0921 -0.615673
7.97039 2894 -33.0921 -0.615141
7.97212 2899 -34.9408 -0.648945
7.97384 2904 -34.9408 -0.648386
7.97522 2908 -34.9408 -0.647940
7.97694 2913 -34.2865 -0.635262
7.97865 2918 -34.2865 -0.634718
7.98037 2923 -34.2865 -0.634175
7.98207 2928 -32.2999 -0.596920
7.98378 2933 -34.1624 -0.630801
7.98548 2938 -35.1238 -0.648000
7.98718 2943 -35.1238 -0.647450
7.98888 2948 -35.1238 -0.646900
7.99058 2953 -32.0606 -0.589984
7.99227 2958 -34.0307 -0.625708
7.99396 2963 -35.9284 -0.660042
7.99564 2968 -35.9284 -0.659486
7.99733 2973 -37.3007 -0.684100
7.99901 2978 -37.3007 -0.683525
8.00068 2983 -37.0100 -0.677629
8.00236 2988 -37.2331 -0.681145
8.00403 2993 -37.2331 -0.680576
8.00570 2998 -35.2274 -0.643377
8.00737 3003 -37.0048 -0.675275
8.00903 3008 -36.1124 -0.658442
8.01069 3013 -36.1124 -0.657895
8.01235 3018 -35.9645 -0.654658
8.01434 3024 -37.2084 -0.676629
8.01599 3029 -37.2084 -0.676070
8.01764 3034 -37.2084 -0.675513
8.01928 3039 -36.8065 -0.667666
8.02093 3044 -34.9602 -0.633653
8.02257 3049 -34.9602 -0.633134
8.02421 3054 -32.3426 -0.585249
8.02584 3059 -32.3426 -0.584770
8.02780 3065 -32.1047 -0.579899
8.02943 3070 -32.0074 -0.577671
8.03106 3075 -32.0074 -0.577202
8.03268 3080 -32.0074 -0.576733
8.03431 3085 -30.7955 -0.554447
8.03625 3091 -31.1185 -0.559719
8.03787 3096 -34.1748 -0.614193
8.03948 3101 -34.1748 -0.613698
8.04109 3106 -30.4839 -0.546978
8.04302 3112 -30.4839 -0.546451
8.04463 3117 -32.4629 -0.581459
8.04623 3122 -32.4629 -0.580993
8.04783 3127 -31.2885 -0.559527
8.04975 3133 -31.2885 -0.558991
8.05134 3138 -31.2885 -0.558545
8.05293 3143 -31.2885 -0.558101
8.05452 3148 -30.4880 -0.543390
8.05643 3154 -33.9129 -0.603857
8.05801 3159 -33.0455 -0.587947
8.05959 3164 -33.0455 -0.587482
8.06149 3170 -31.2295 -0.554670
8.06306 3175 -31.2295 -0.554234
8.06495 3181 -30.6445 -0.543339
8.06652 3186 -31.3097 -0.554697
8.06809 3191 -30.7322 -0.544040
8.06997 3197 -32.3190 -0.571593
8.07153 3202 -32.3190 -0.571147
8.07309 3207 -29.3860 -0.518908
8.07496 3213 -29.3860 -0.518423
8.07652 3218 -31.3920 -0.553384
8.07838 3224 -32.0717 -0.564839
8.07993 3229 -32.0717 -0.564401
8.08178 3235 -31.2784 -0.549931
8.08333 3240 -31.2784 -0.549506
8.08518 3246 -33.6275 -0.590229
8.08672 3251 -33.6275 -0.589775
8.08856 3257 -32.8668 -0.575903
8.09010 3262 -36.6116 -0.641027
8.09193 3268 -37.5356 -0.656602
8.09346 3273 -36.2170 -0.633053
8.09529 3279 -34.8264 -0.608188
8.09682 3284 -34.8264 -0.607725
8.09864 3290 -34.8264 -0.607170
8.10016 3295 -36.1347 -0.629502
8.10198 3301 -34.2765 -0.596586
8.10349 3306 -34.3162 -0.596826
8.10531 3312 -32.9647 -0.572802
8.10712 3318 -32.9647 -0.572283
8.10862 3323 -34.6666 -0.601375
8.11043 3329 -36.2839 -0.628865
8.11193 3334 -37.1562 -0.643500
8.11373 3340 -37.1768 -0.643278
8.11552 3346 -35.6250 -0.615874
8.11701 3351 -37.4650 -0.647201
8.11880 3357 -37.4650 -0.646622
8.12059 3363 -38.7305 -0.667867
8.12207 3368 -38.7305 -0.667371
8.12385 3374 -40.4988 -0.697220
8.12563 3380 -39.7182 -0.683174
8.12711 3385 -39.7182 -0.682669
8.12888 3391 -41.2783 -0.708856
8.13065 3397 -41.2783 -0.708230
8.13241 3403 -41.2783 -0.707605
8.13388 3408 -41.2783 -0.707086
8.13564 3414 -40.1850 -0.687752
8.13740 3420 -40.6744 -0.695517
8.13915 3426 -38.6680 -0.660629
8.14061 3431 -38.6680 -0.660148
8.14235 3437 -41.5106 -0.708058
8.14410 3443 -43.8800 -0.747822
8.14584 3449 -45.5967 -0.776403
8.14758 3455 -47.0901 -0.801134
8.14902 3460 -44.9296 -0.763825
8.15076 3466 -45.8682 -0.779108
8.15249 3472 -47.3231 -0.803125
8.15421 3478 -47.3231 -0.802432
8.15594 3484 -45.9658 -0.778746
8.15766 3490 -45.9658 -0.778077
8.15937 3496 -47.5329 -0.803913
8.16109 3502 -48.9869 -0.827794
8.16252 3507 -45.5233 -0.768716
8.16423 3513 -47.4489 -0.800547
8.16593 3519 -47.4489 -0.799864
8.16764 3525 -50.0110 -0.842337
8.16934 3531 -49.7086 -0.836532
8.17103 3537 -49.7086 -0.835823
8.17273 3543 -49.0936 -0.824782
8.17442 3549 -48.6754 -0.817065
8.17611 3555 -52.3559 -0.878105
8.17780 3561 -52.8584 -0.885784
8.17948 3567 -52.2900 -0.875522
8.18116 3573 -50.8002 -0.849863
8.18284 3579 -52.7856 -0.882337
8.18451 3585 -52.7856 -0.881598
8.18619 3591 -52.4810 -0.875779
8.18786 3597 -54.2634 -0.904767
8.18952 3603 -54.2634 -0.904013
8.19146 3610 -51.5998 -0.858805
8.19312 3616 -50.8218 -0.845154
8.19478 3622 -49.8892 -0.828958
8.19644 3628 -50.6089 -0.840221
8.19809 3634 -50.8102 -0.842865
8.19974 3640 -51.5398 -0.854265
8.20139 3646 -53.8306 -0.891498
8.20303 3652 -53.8306 -0.890766
8.20495 3659 -54.1065 -0.894475
8.20658 3665 -54.1065 -0.893742
8.20822 3671 -54.1065 -0.893011
8.20985 3677 -55.3609 -0.912969
8.21148 3683 -55.3609 -0.912225
8.21338 3690 -55.3609 -0.911360
8.21501 3696 -55.3609 -0.910620
8.21663 3702 -57.6715 -0.947857
8.21825 3708 -57.6715 -0.947090
8.22013 3715 -57.3403 -0.940764
8.22175 3721 -58.4699 -0.958523
8.22336 3727 -56.6780 -0.928399
8.22497 3733 -58.2085 -0.952703
8.22684 3740 -58.2085 -0.951811
8.22844 3746 -58.2085 -0.951049
8.23004 3752 -57.9901 -0.946721
8.23191 3759 -56.8698 -0.927568
8.23350 3765 -53.7935 -0.876693
8.23510 3771 -54.7119 -0.890950
8.23695 3778 -53.1213 -0.864246
8.23854 3784 -53.1213 -0.863561
8.24039 3791 -53.6617 -0.871540
8.24197 3797 -51.9362 -0.842849
8.24355 3803 -51.9362 -0.842184
8.24538 3810 -52.7154 -0.854034
8.24696 3816 -52.7283 -0.853570
8.24879 3823 -54.6641 -0.884097
8.25036 3829 -54.6641 -0.883404
8.25219 3836 -54.7479 -0.883951
8.25375 3842 -54.6080 -0.881003
8.25557 3849 -54.6080 -0.880202
8.25713 3855 -51.3196 -0.826553
8.25894 3862 -51.3196 -0.825804
8.26049 3868 -50.3357 -0.809344
8.26230 3875 -53.3995 -0.857830
8.26385 3881 -50.9611 -0.818025
8.26565 3888 -50.9611 -0.817289
8.26719 3894 -50.9611 -0.816659
8.26899 3901 -49.5890 -0.793958
8.27053 3907 -49.7651 -0.796165
8.27232 3914 -48.4395 -0.774265
8.27410 3921 -47.8014 -0.763382
8.27563 3927 -47.7012 -0.761200
8.27741 3934 -48.8143 -0.778269
8.27894 3940 -48.8143 -0.777676
8.28071 3947 -49.1229 -0.781898
8.28248 3954 -48.4248 -0.770104
8.28400 3960 -48.4248 -0.769520
8.28577 3967 -46.4289 -0.737152
8.28753 3974 -46.4289 -0.736503
8.28929 3981 -48.5473 -0.769431
8.29079 3987 -49.4882 -0.783752
8.29255 3994 -49.4882 -0.783065
8.29430 4001 -49.4882 -0.782379
8.29605 4008 -45.2456 -0.714682
8.29754 4014 -47.2432 -0.745676
8.29929 4021 -47.3284 -0.746370
8.30103 4028 -49.2143 -0.775437
8.30276 4035 -47.9783 -0.755306
8.30425 4041 -50.5271 -0.794841
8.30598 4048 -50.5271 -0.794153
8.30771 4055 -50.9944 -0.800805
8.30943 4062 -51.8788 -0.813991
8.31115 4069 -51.8788 -0.813291
8.31287 4076 -46.2079 -0.723768
8.31459 4083 -46.0179 -0.720174
8.31606 4089 -46.0179 -0.719646
8.31777 4096 -47.5526 -0.743009
8.31947 4103 -47.2663 -0.737905
8.32118 4110 -46.4404 -0.724394
8.32288 4117 -44.8581 -0.699119
8.32458 4124 -44.6867 -0.695856
8.32627 4131 -46.5802 -0.724725
8.32797 4138 -46.5802 -0.724112
8.32966 4145 -45.1607 -0.701453
8.33135 4152 -45.1607 -0.700862
8.33303 4159 -45.3936 -0.703883
8.33471 4166 -43.1793 -0.668984
8.33639 4173 -44.5154 -0.689107
8.33807 4180 -44.5154 -0.688530
8.33974 4187 -38.7200 -0.598389
8.34141 4194 -38.2143 -0.590081
8.34308 4201 -37.7734 -0.582787
8.34474 4208 -41.4833 -0.639492
8.34664 4216 -41.0897 -0.632824
8.34830 4223 -39.6256 -0.609769
8.34996 4230 -40.9227 -0.629208
8.35161 4237 -40.9227 -0.628688
8.35326 4244 -38.2701 -0.587451
8.35491 4251 -38.0738 -0.583957
8.35655 4258 -42.6486 -0.653585
8.35843 4266 -43.2123 -0.661602
8.36007 4273 -45.5664 -0.697073
8.36171 4280 -45.5664 -0.696502
8.36334 4287 -46.4403 -0.709280
8.36521 4295 -39.5629 -0.603680
8.36684 4302 -40.9841 -0.624856
8.36846 4309 -40.9841 -0.624348
8.37008 4316 -42.1744 -0.641960
8.37194 4324 -43.4116 -0.660180
8.37355 4331 -44.0596 -0.669494
8.37517 4338 -45.9047 -0.696967
8.37701 4346 -47.7454 -0.724246
8.37862 4353 -48.3477 -0.732793
8.38023 4360 -49.8471 -0.754912
8.38206 4368 -52.1264 -0.788708
8.38366 4375 -51.9855 -0.785948
8.38526 4382 -51.9855 -0.785320
8.38708 4390 -48.8034 -0.736576
8.38868 4397 -52.2206 -0.787523
8.39050 4405 -52.5947 -0.792445
8.39208 4412 -53.7699 -0.809509
8.39367 4419 -52.6341 -0.791782
8.39548 4427 -55.2462 -0.830324
8.39706 4434 -55.2462 -0.829669
8.39886 4442 -55.2462 -0.828921
8.40043 4449 -56.9484 -0.853789
8.40223 4457 -56.9484 -0.853022
8.40380 4464 -56.9484 -0.852353
8.40559 4472 -55.1773 -0.825106
8.40738 4480 -57.8930 -0.864942
8.40894 4487 -59.7947 -0.892658
8.41072 4495 -62.7956 -0.936623
8.41228 4502 -64.3780 -0.959477
8.41405 4510 -64.3780 -0.958626
8.41560 4517 -62.8723 -0.935479
8.41737 4525 -63.9815 -0.951141
8.41914 4533 -64.9000 -0.963944
8.42068 4540 -64.2081 -0.952933
8.42244 4548 -63.7138 -0.944764
8.42420 4556 -66.9471 -0.991836
8.42574 4563 -63.4790 -0.939734
8.42749 4571 -64.2942 -0.950968
8.42924 4579 -64.0768 -0.946924
8.43098 4587 -61.0184 -0.900942
8.43251 4594 -59.1879 -0.873248
8.43425 4602 -59.1879 -0.872489
8.43598 4610 -57.2900 -0.843778
8.43772 4618 -57.2900 -0.843047
8.43923 4625 -55.9426 -0.822596
8.44096 4633 -54.0517 -0.794106
8.44269 4641 -54.4477 -0.799234
8.44441 4649 -50.7826 -0.744793
8.44613 4657 -54.0990 -0.792750
8.44784 4665 -53.8694 -0.788707
8.44956 4673 -52.4702 -0.767564
8.45105 4680 -50.6774 -0.740784
8.45276 4688 -50.6774 -0.740152
8.45447 4696 -49.4454 -0.721542
8.45617 4704 -51.3896 -0.749276
8.45787 4712 -51.3896 -0.748640
8.45956 4720 -50.7846 -0.739198
8.46126 4728 -51.8363 -0.753868
8.46295 4736 -51.6325 -0.750270
8.46464 4744 -51.6325 -0.749637
8.46632 4752 -51.6325 -0.749006
8.46800 4760 -51.6969 -0.749309
8.46968 4768 -51.3700 -0.743946
8.47136 4776 -55.0815 -0.797027
8.47303 4784 -55.7949 -0.806675
8.47470 4792 -53.9172 -0.778877
8.47637 4800 -55.7810 -0.805130
8.47804 4808 -57.1560 -0.824289
8.47991 4817 -57.1560 -0.823519
8.48157 4825 -57.3492 -0.825618
8.48322 4833 -57.1535 -0.822119
8.48488 4841 -56.0092 -0.804992
8.48653 4849 -56.0092 -0.804328
8.48818 4857 -58.8813 -0.844876
8.49003 4866 -60.7554 -0.870962
8.49167 4874 -60.7719 -0.870483
8.49331 4882 -59.0563 -0.845216
8.49495 4890 -61.8145 -0.883966
8.49679 4899 -62.8552 -0.898023
8.49842 4907 -62.8552 -0.897291
8.50005 4915 -60.9663 -0.869617
8.50167 4923 -60.9663 -0.868910
8.50350 4932 -62.6351 -0.891879
8.50512 4940 -60.7100 -0.863767
8.50674 4948 -59.2362 -0.842117
8.50856 4957 -58.1509 -0.825936
8.51017 4965 -59.1094 -0.838874
8.51178 4973 -57.1410 -0.810287
8.51359 4982 -55.4736 -0.785932
8.51519 4990 -53.9301 -0.763451
8.51699 4999 -49.6612 -0.702385
8.51859 5007 -47.7551 -0.674887
8.52039 5016 -46.8125 -0.660972
8.52198 5024 -48.7480 -0.687752
8.52377 5033 -49.1047 -0.692165
8.52536 5041 -47.2322 -0.665242
8.52714 5050 -47.2322 -0.664649
8.52873 5058 -45.1156 -0.634363
8.53050 5067 -45.3800 -0.637513
8.53208 5075 -44.4261 -0.623620
8.53385 5084 -44.4261 -0.623068
8.53543 5092 -44.7086 -0.626537
8.53719 5101 -45.0235 -0.630393
8.53895 5110 -45.8947 -0.642025
8.54052 5118 -47.1626 -0.659245
8.54228 5127 -44.8044 -0.625733
8.54384 5135 -41.6492 -0.581215
8.54559 5144 -42.3520 -0.590505
8.54733 5153 -40.4658 -0.563713
8.54908 5162 -43.9321 -0.611467
8.55063 5170 -44.0580 -0.612744
8.55237 5179 -40.6992 -0.565539
8.55410 5188 -40.6992 -0.565048
8.55564 5196 -41.3159 -0.573170
8.55737 5205 -42.6958 -0.591799
8.55910 5214 -42.6958 -0.591288
8.56083 5223 -45.0475 -0.623320
8.56255 5232 -45.0475 -0.622783
8.56408 5240 -47.0306 -0.649703
8.56579 5249 -48.2345 -0.665762
8.56751 5258 -44.3614 -0.611780
8.56922 5267 -45.4589 -0.626379
8.57092 5276 -47.0038 -0.647113
8.57263 5285 -48.2325 -0.663465
8.57433 5294 -48.2325 -0.662900
8.57603 5303 -49.2586 -0.676428
8.57772 5312 -48.2469 -0.661973
8.57942 5321 -48.2469 -0.661413
8.58111 5330 -49.7728 -0.681755
8.58279 5339 -50.6039 -0.692555
8.58448 5348 -48.7497 -0.666617
8.58616 5357 -50.3617 -0.688081
8.58784 5366 -51.8456 -0.707760
8.58951 5375 -52.5346 -0.716566
8.59119 5384 -52.5346 -0.715967
8.59286 5393 -54.0764 -0.736364
8.59452 5402 -54.9643 -0.747830
8.59619 5411 -51.1609 -0.695503
8.59785 5420 -52.2858 -0.710206
8.59951 5429 -55.3663 -0.751425
8.60135 5439 -53.2013 -0.721378
8.60300 5448 -51.8128 -0.701970
8.60465 5457 -49.9771 -0.676541
8.60630 5466 -52.5542 -0.710841
8.60795 5475 -54.1316 -0.731575
8.60977 5485 -57.2085 -0.772453
8.61141 5494 -59.5532 -0.803454
8.61305 5503 -57.6424 -0.777038
8.61486 5513 -58.8968 -0.793227
8.61650 5522 -57.6713 -0.776089
8.61812 5531 -58.0501 -0.780550
8.61993 5541 -58.0501 -0.779846
8.62155 5550 -53.4180 -0.717037
8.62317 5559 -50.7735 -0.680987
8.62497 5569 -49.0774 -0.657647
8.62659 5578 -51.4505 -0.688891
8.62820 5587 -50.3318 -0.673369
8.62999 5597 -48.1619 -0.643763
8.63159 5606 -48.1619 -0.643246
8.63337 5616 -50.4722 -0.673501
8.63498 5625 -49.4353 -0.659138
8.63675 5635 -49.4353 -0.658553
8.63835 5644 -49.1806 -0.654636
8.64012 5654 -47.2154 -0.627922
8.64171 5663 -46.9124 -0.623397
8.64347 5673 -48.9107 -0.649378
8.64523 5683 -46.0896 -0.611384
8.64682 5692 -46.5827 -0.617436
8.64857 5702 -45.7049 -0.605270
8.65015 5711 -44.4319 -0.587948
8.65190 5721 -45.2671 -0.598476
8.65365 5731 -48.8644 -0.645472
8.65521 5740 -48.0200 -0.633820
8.65696 5750 -45.2881 -0.597242
8.65869 5760 -42.9430 -0.565823
8.66025 5769 -42.8679 -0.564393
8.66199 5779 -41.6297 -0.547617
8.66371 5789 -39.1281 -0.514265
8.66544 5799 -41.0016 -0.538424
8.66716 5809 -44.5336 -0.584301
8.66871 5818 -43.3182 -0.567916
8.67043 5828 -46.6425 -0.610974
8.67214 5838 -46.4684 -0.608171
8.67386 5848 -48.4230 -0.633210
8.67556 5858 -47.0471 -0.614693
8.67727 5868 -43.6558 -0.569898
8.67897 5878 -44.3394 -0.578329
8.68050 5887 -41.4280 -0.539942
8.68220 5897 -41.7941 -0.544251
8.68389 5907 -42.3974 -0.551640
8.68558 5917 -43.5912 -0.566694
8.68727 5927 -41.3091 -0.536573
8.68896 5937 -41.3091 -0.536121
8.69064 5947 -41.3091 -0.535670
8.69232 5957 -39.2844 -0.508987
8.69400 5967 -40.6004 -0.525596
8.69584 5978 -40.6004 -0.525112
8.69751 5988 -42.3819 -0.547697
8.69918 5998 -39.0195 -0.503824
8.70085 6008 -40.4879 -0.522349
8.70251 6018 -41.3445 -0.532957
8.70417 6028 -39.3840 -0.507263
8.70583 6038 -42.7555 -0.550231
8.70765 6049 -44.7311 -0.575132
8.70930 6059 -47.7268 -0.613143
8.71095 6069 -48.5261 -0.622898
8.71260 6079 -53.2541 -0.683025
8.71424 6089 -54.7846 -0.702078
8.71604 6100 -55.4203 -0.709585
8.71768 6110 -55.4203 -0.709004
8.71932 6120 -56.0548 -0.716534
8.72111 6131 -52.7417 -0.673579
8.72274 6141 -54.1369 -0.690834
8.72437 6151 -52.9364 -0.674965
8.72616 6162 -52.9364 -0.674362
8.72778 6172 -52.0301 -0.662280
8.72956 6183 -53.0686 -0.674897
8.73117 6193 -53.9410 -0.685439
8.73295 6204 -54.4715 -0.691565
8.73456 6214 -52.4720 -0.665644
8.73617 6224 -53.1001 -0.673071
8.73793 6235 -53.0297 -0.671585
8.73970 6246 -53.0297 -0.670993
8.74130 6256 -55.0192 -0.695610
8.74305 6267 -55.0351 -0.695201
8.74465 6277 -57.4005 -0.724502
8.74640 6288 -56.6103 -0.713903
8.74799 6298 -52.5296 -0.661916
8.74973 6309 -52.4414 -0.660228
8.75147 6320 -54.1085 -0.680624
8.75306 6330 -53.5344 -0.672870
8.75479 6341 -50.9221 -0.639481
8.75653 6352 -44.5511 -0.558989
8.75826 6363 -45.6328 -0.572066
8.75983 6373 -45.6402 -0.571710
8.76155 6384 -46.2815 -0.579244
8.76327 6395 -41.5345 -0.519384
8.76499 6406 -41.5345 -0.518938
8.76655 6416 -40.4019 -0.504394
8.76826 6427 -38.2889 -0.477605
8.76997 6438 -40.2482 -0.501615
8.77168 6449 -44.0682 -0.548756
8.77338 6460 -48.5288 -0.603786
8.77509 6471 -49.3712 -0.613745
8.77678 6482 -49.2543 -0.611772
8.77848 6493 -49.3878 -0.612911
8.78017 6504 -52.8015 -0.654721
8.78186 6515 -54.5950 -0.676387
8.78355 6526 -55.7886 -0.690593
8.78523 6537 -55.5898 -0.687553
8.78691 6548 -56.2810 -0.695517
8.78859 6559 -55.9125 -0.690383
8.79027 6570 -57.9050 -0.714386
8.79194 6581 -56.1775 -0.692494
8.79361 6592 -56.1775 -0.691916
8.79528 6603 -58.0240 -0.714064
8.79694 6614 -58.7248 -0.722087
8.79861 6625 -54.6513 -0.671440
8.80042 6637 -52.3472 -0.642551
8.80207 6648 -53.1755 -0.652178
8.80372 6659 -51.5795 -0.632080
8.80538 6670 -52.1579 -0.638642
8.80717 6682 -48.8141 -0.597162
8.80882 6693 -46.5556 -0.569064
8.81046 6704 -46.1384 -0.563503
8.81210 6715 -47.9399 -0.585024
8.81388 6727 -49.5367 -0.603971
8.81552 6738 -48.3591 -0.589133
8.81730 6750 -48.3591 -0.588609
8.81893 6761 -48.8252 -0.593798
8.82055 6772 -47.1653 -0.573145
8.82232 6784 -48.8817 -0.593476
8.82394 6795 -51.2066 -0.621199
8.82571 6807 -53.2690 -0.645649
8.82732 6818 -51.0332 -0.618051
8.82908 6830 -52.7358 -0.638110
8.83069 6841 -52.6294 -0.636310
8.83244 6853 -55.3025 -0.668043
8.83405 6864 -53.9288 -0.650927
8.83579 6876 -55.5833 -0.670311
8.83754 6888 -56.4404 -0.680054
8.83913 6899 -54.6491 -0.657945
8.84087 6911 -54.7194 -0.658220
8.84246 6922 -49.2689 -0.592184
8.84419 6934 -50.2030 -0.602890
8.84592 6946 -51.7437 -0.620855
8.84765 6958 -47.9852 -0.575261
8.84923 6969 -45.9073 -0.549917
8.85095 6981 -37.9518 -0.454227
8.85266 6993 -39.6287 -0.473891
8.85438 7005 -47.2222 -0.564212
8.85609 7017 -47.2222 -0.563729
8.85766 7028 -48.3610 -0.576872
8.85936 7040 -48.3610 -0.576380
8.86107 7052 -50.1773 -0.597518
8.86277 7064 -50.1773 -0.597011
8.86446 7076 -47.7438 -0.567574
8.86616 7088 -47.7438 -0.567094
8.86785 7100 -44.5803 -0.529071
8.86954 7112 -42.3260 -0.501893
8.87122 7124 -43.9261 -0.520428
8.87291 7136 -45.4460 -0.537983
8.87459 7148 -44.2005 -0.522799
8.87627 7160 -42.0597 -0.497062
8.87794 7172 -43.2800 -0.511055
8.87961 7184 -41.0674 -0.484523
8.88128 7196 -41.5203 -0.489458
8.88309 7209 -39.1882 -0.461549
8.88475 7221 -41.1677 -0.484460
8.88641 7233 -41.1677 -0.484058
8.88807 7245 -42.5595 -0.500009
8.88972 7257 -42.4912 -0.498793
8.89151 7270 -40.6527 -0.476785
8.89316 7282 -43.5701 -0.510579
8.89481 7294 -38.7290 -0.453476
8.89645 7306 -39.1715 -0.458279
8.89823 7319 -38.8590 -0.454219
8.89987 7331 -38.2684 -0.446950
8.90164 7344 -35.2389 -0.411202
8.90327 7356 -34.7822 -0.405543
8.90490 7368 -36.3721 -0.423735
8.90666 7381 -37.1645 -0.432585
8.90829 7393 -36.4989 -0.424491
8.91005 7406 -34.7491 -0.403786
8.91166 7418 -31.4064 -0.364649
8.91342 7431 -29.4086 -0.341155
8.91503 7443 -26.8570 -0.311303
8.91677 7456 -24.8417 -0.287693
8.91838 7468 -24.8546 -0.287611
8.92012 7481 -28.4941 -0.329439
8.92186 7494 -27.5499 -0.318246
8.92346 7506 -27.2891 -0.314981
8.92519 7519 -26.8741 -0.309923
8.92692 7532 -25.9209 -0.298673
8.92851 7544 -27.6819 -0.318710
8.93023 7557 -25.5212 -0.293580
8.93195 7570 -27.4524 -0.315524
8.93366 7583 -29.5834 -0.339725
8.93538 7596 -30.1677 -0.346139
8.93696 7608 -30.1677 -0.345866
8.93866 7621 -31.9077 -0.365501
8.94037 7634 -31.9077 -0.365190
8.94207 7647 -31.7549 -0.363133
8.94377 7660 -33.6757 -0.384771
8.94546 7673 -30.3281 -0.346228
8.94716 7686 -31.2443 -0.356386
8.94885 7699 -33.0189 -0.376309
8.95053 7712 -33.7866 -0.384734
8.95222 7725 -32.3322 -0.367862
8.95390 7738 -37.2182 -0.423098
8.95558 7751 -39.1662 -0.444870
8.95725 7764 -35.3926 -0.401670
8.95893 7777 -34.8857 -0.395586
8.96060 7790 -36.7421 -0.416290
8.96226 7803 -38.2356 -0.432850
8.96406 7817 -39.3307 -0.444847
8.96572 7830 -41.7157 -0.471432
8.96738 7843 -40.1261 -0.453091
8.96903 7856 -38.0490 -0.429282
8.97069 7869 -39.4588 -0.444820
8.97246 7883 -33.7896 -0.380573
8.97411 7896 -33.7896 -0.380259
8.97576 7909 -36.0967 -0.405889
8.97753 7923 -34.9755 -0.392934
8.97916 7936 -36.3143 -0.407640
8.98080 7949 -33.7551 -0.378603
8.98256 7963 -31.9312 -0.357830
8.98419 7976 -32.5233 -0.364168
8.98595 7990 -34.4823 -0.385765
8.98757 8003 -34.4823 -0.385451
8.98932 8017 -36.9574 -0.412758
8.99094 8030 -40.9402 -0.456869
8.99268 8044 -43.5665 -0.485754
8.99430 8057 -51.7935 -0.577017
8.99603 8071 -52.9396 -0.589273
8.99777 8085 -57.1681 -0.635790
8.99937 8098 -57.4129 -0.638000
9.00110 8112 -59.0084 -0.655164
9.00282 8126 -62.3780 -0.691979
9.00442 8139 -60.5199 -0.670830
9.00614 8153 -63.4549 -0.702759
9.00786 8167 -64.6585 -0.715475
9.00957 8181 -65.9351 -0.728976
9.01128 8195 -65.3582 -0.721980
9.01286 8208 -65.7192 -0.725393
9.01457 8222 -65.9451 -0.727267
9.01627 8236 -69.8310 -0.769468
9.01797 8250 -66.6768 -0.734088
9.01966 8264 -67.7933 -0.745747
9.02136 8278 -69.4220 -0.763017
9.02305 8292 -69.0604 -0.758402
9.02473 8306 -71.0071 -0.779123
9.02642 8320 -68.3208 -0.749016
9.02810 8334 -67.9647 -0.744486
9.02978 8348 -68.2513 -0.746998
9.03145 8362 -68.1805 -0.745599
9.03313 8376 -65.2492 -0.712946
9.03480 8390 -65.5451 -0.715582
9.03658 8405 -62.8766 -0.685836
9.03825 8419 -61.0189 -0.665020
9.03991 8433 -65.4459 -0.712675
9.04157 8447 -66.3235 -0.721633
9.04322 8461 -64.4327 -0.700479
9.04499 8476 -61.8163 -0.671440
9.04664 8490 -62.5356 -0.678693
9.04829 8504 -59.6692 -0.647052
9.05005 8519 -62.3985 -0.676052
9.05170 8533 -61.3008 -0.663614
9.05345 8548 -58.0343 -0.627701
9.05509 8562 -55.0192 -0.594603
9.05672 8576 -55.7771 -0.602301
9.05847 8591 -55.0179 -0.593584
9.06010 8605 -59.2314 -0.638523
9.06184 8620 -59.2314 -0.637967
9.06358 8635 -56.4641 -0.607633
9.06520 8649 -52.2387 -0.561707
9.06693 8664 -50.1926 -0.539238
9.06855 8678 -49.7796 -0.534370
9.07027 8693 -52.5446 -0.563564
9.07200 8708 -44.1983 -0.473638
9.07360 8722 -46.7389 -0.500462
9.07532 8737 -45.1426 -0.482953
9.07704 8752 -47.2855 -0.505445
9.07875 8767 -45.1761 -0.482485
9.08035 8781 -45.6616 -0.487281
9.08205 8796 -48.3332 -0.515351
9.08376 8811 -43.8945 -0.467625
9.08546 8826 -45.2061 -0.481189
9.08716 8841 -47.7870 -0.508228
9.08885 8856 -49.5710 -0.526756
9.09054 8871 -53.6068 -0.569159
9.09223 8886 -54.4395 -0.577512
9.09392 8901 -50.5696 -0.536007
9.09560 8916 -50.5095 -0.534919
9.09728 8931 -53.5658 -0.566810
9.09896 8946 -55.3486 -0.585183
9.10064 8961 -51.1532 -0.540374
9.10231 8976 -47.2059 -0.498258
9.10398 8991 -48.4775 -0.511254
9.10565 9006 -48.0579 -0.506406
9.10742 9022 -46.7239 -0.491912
9.10908 9037 -44.7891 -0.471151
9.11074 9052 -46.5032 -0.488777
9.11240 9067 -47.4330 -0.498137
9.11416 9083 -48.4894 -0.508783
9.11581 9098 -47.0554 -0.493329
9.11746 9113 -45.0313 -0.471719
9.11921 9129 -42.5920 -0.445775
9.12085 9144 -39.7655 -0.415852
9.12260 9160 -43.2979 -0.452396
9.12424 9175 -40.3152 -0.420887
9.12598 9191 -40.8692 -0.426299
9.12761 9206 -37.8209 -0.394182
9.12935 9222 -36.1010 -0.375929
9.13097 9237 -33.9324 -0.353061
9.13270 9253 -34.2225 -0.355770
9.13443 9269 -38.6805 -0.401768
9.13605 9284 -40.3245 -0.418506
9.13777 9300 -41.5693 -0.431053
9.13949 9316 -42.0009 -0.435155
9.14110 9331 -42.0009 -0.434805
9.14281 9347 -42.5496 -0.440108
9.14452 9363 -40.7926 -0.421574
9.14623 9379 -38.7177 -0.399789
9.14783 9394 -36.7380 -0.379044
9.14953 9410 -42.6245 -0.439404
9.15123 9426 -41.2325 -0.424694
9.15292 9442 -46.3978 -0.477491
9.15462 9458 -44.7473 -0.460116
9.15631 9474 -44.6014 -0.458228
9.15799 9490 -41.3345 -0.424307
9.15968 9506 -41.0358 -0.420886
9.16136 9522 -38.3209 -0.392710
9.16304 9538 -39.9386 -0.408945
9.16472 9554 -35.1591 -0.359704
9.16639 9570 -35.1591 -0.359403
9.16816 9587 -35.9839 -0.367508
9.16983 9603 -38.3658 -0.391508
9.17150 9619 -36.9196 -0.376436
9.17316 9635 -38.6420 -0.393671
9.17482 9651 -42.3745 -0.431338
9.17658 9668 -43.1868 -0.439220
9.17823 9684 -40.9715 -0.416347
9.17988 9700 -41.0672 -0.416974
9.18163 9717 -37.2431 -0.377815
9.18328 9733 -31.6721 -0.321036
9.18502 9750 -30.4812 -0.308695
9.18666 9766 -33.6702 -0.340712
9.18840 9783 -34.9197 -0.353048
9.19004 9799 -33.8981 -0.342440
9.19177 9816 -28.0731 -0.283350
9.19340 9832 -28.5590 -0.288020
9.19513 9849 -33.4396 -0.336950
9.19675 9865 -29.6368 -0.298389
9.19847 9882 -29.6905 -0.298672
9.20019 9899 -29.4671 -0.296171
9.20190 9916 -27.6649 -0.277819
9.20352 9932 -31.6231 -0.317312
9.20523 9949 -33.4501 -0.335357
9.20693 9966 -32.6758 -0.327315
9.20864 9983 -28.1712 -0.281951
9.21024 9999 -28.5464 -0.285479
9.21194 10016 -24.4285 -0.244089
9.21363 10033 -25.4328 -0.253909
9.21533 10050 -19.7183 -0.196692
9.21702 10067 -23.8427 -0.237632
9.21871 10084 -26.8681 -0.267560
9.22039 10101 -28.9083 -0.287634
9.22207 10118 -24.3732 -0.242307
9.22375 10135 -28.9262 -0.287329
9.22543 10152 -27.5533 -0.273462
9.22720 10170 -24.9908 -0.247810
9.22887 10187 -24.8676 -0.246383
9.23054 10204 -25.4337 -0.251782
9.23220 10221 -24.0385 -0.237772
9.23386 10238 -25.9449 -0.256416
9.23562 10256 -23.3347 -0.230416
9.23727 10273 -22.6965 -0.223929
9.23893 10290 -24.8286 -0.244762
9.24068 10308 -27.3734 -0.269613
9.24232 10325 -20.1970 -0.198766
9.24407 10343 -18.3840 -0.180766
9.24571 10360 -15.1482 -0.148827
9.24744 10378 -19.3414 -0.189859
9.24908 10395 -20.3473 -0.199570
9.25081 10413 -19.7667 -0.193707
9.25244 10430 -21.2852 -0.208418
9.25417 10448 -22.7057 -0.222136
9.25579 10465 -23.8246 -0.232893
9.25751 10483 -23.0478 -0.225106
9.25923 10501 -18.3615 -0.179182
9.26094 10519 -17.3340 -0.169010
9.26255 10536 -14.8336 -0.144513
9.26426 10554 -18.6006 -0.181059
9.26596 10572 -16.6731 -0.162158
9.26767 10590 -14.2327 -0.138305
9.26936 10608 -12.1923 -0.118377
9.27106 10626 -11.7455 -0.113943
9.27275 10644 -11.9060 -0.115402
9.27444 10662 -11.1245 -0.107736
9.27613 10680 -8.1263 -0.078634
9.27781 10698 -12.1543 -0.117511
9.27949 10716 -11.9174 -0.115124
9.28117 10734 -9.9047 -0.095600
9.28285 10752 -8.0499 -0.077633
9.28452 10770 -11.4317 -0.110154
9.28619 10788 -12.7820 -0.123064
9.28786 10806 -15.5939 -0.150011
9.28961 10825 -13.6975 -0.131652
9.29127 10843 -8.2132 -0.078875
9.29293 10861 -3.4347 -0.032957
9.29468 10880 -3.6794 -0.035275
9.29633 10898 -8.6298 -0.082666
9.29798 10916 -9.5498 -0.091403
9.29972 10935 -13.9601 -0.133499
9.30137 10953 -14.6433 -0.139917
9.30310 10972 -17.4778 -0.166857
9.30474 10990 -18.6973 -0.178353
9.30647 11009 -18.4386 -0.175733
9.30810 11027 -21.0304 -0.200271
9.30982 11046 -18.6779 -0.177716
9.31154 11065 -21.1334 -0.200906
9.31317 11083 -24.1328 -0.229234
9.31488 11102 -26.5168 -0.251663
9.31659 11121 -29.1343 -0.276269
9.31830 11140 -23.8659 -0.226118
9.31991 11158 -23.6345 -0.223745
9.32161 11177 -25.2827 -0.239145
9.32331 11196 -26.0678 -0.246362
9.32501 11215 -24.1471 -0.228016
9.32670 11234 -23.7516 -0.224091
9.32839 11253 -20.8418 -0.196472
9.33008 11272 -19.7104 -0.185650
9.33176 11291 -22.1690 -0.208631
9.33344 11310 -23.9708 -0.225399
9.33512 11329 -21.2114 -0.199285
9.33680 11348 -16.3788 -0.153752
9.33847 11367 -17.7029 -0.166044
9.34023 11387 -16.1908 -0.151727
9.34189 11406 -12.8261 -0.120096
9.34356 11425 -16.0844 -0.150479
9.34522 11444 -20.8678 -0.195069
9.34697 11464 -18.8750 -0.176286
9.34862 11483 -17.8236 -0.166329
9.35028 11502 -21.8838 -0.204050
9.35201 11522 -22.1515 -0.206367
9.35366 11541 -22.1515 -0.206197
9.35539 11561 -22.2454 -0.206891
9.35703 11580 -25.4623 -0.236615
9.35876 11600 -29.9310 -0.277902
9.36040 11619 -26.4735 -0.245599
9.36212 11639 -27.1474 -0.251635
9.36383 11659 -29.0856 -0.269369
9.36546 11678 -24.7238 -0.228786
9.36717 11698 -26.9247 -0.248940
9.36888 11718 -27.9265 -0.257982
9.37059 11738 -25.6253 -0.236522
9.37220 11757 -28.3940 -0.261866
9.37390 11777 -24.9312 -0.229734
9.37560 11797 -27.4489 -0.252720
9.37729 11817 -29.5310 -0.271659
9.37899 11837 -31.9575 -0.293732
9.38067 11857 -26.3903 -0.242358
9.38236 11877 -24.6501 -0.226186
9.38404 11897 -24.2069 -0.221933
9.38572 11917 -24.5254 -0.224664
9.38740 11937 -26.7562 -0.244893
9.38907 11957 -25.6741 -0.234792
9.39083 11978 -22.6443 -0.206903
9.39250 11998 -24.7840 -0.226265
9.39416 12018 -24.9452 -0.227547
9.39582 12038 -24.8466 -0.226459
9.39757 12059 -24.0506 -0.219013
9.39922 12079 -22.8749 -0.208134
9.40088 12099 -20.8877 -0.189896
9.40261 12120 -24.2048 -0.219862
9.40426 12140 -27.0889 -0.245857
9.40599 12161 -22.9301 -0.207932
9.40763 12181 -22.4824 -0.203705
9.40936 12202 -22.8089 -0.206485
9.41107 12223 -21.5290 -0.194731
9.41271 12243 -14.3259 -0.129472
9.41442 12264 -17.7013 -0.159841
9.41613 12285 -15.8031 -0.142579
9.41776 12305 -13.8012 -0.124416
9.41947 12326 -20.4296 -0.184013
9.42117 12347 -19.7513 -0.177752
9.42287 12368 -18.3197 -0.164728
9.42456 12389 -19.8059 -0.177942
9.42626 12410 -23.0121 -0.206572
9.42787 12430 -19.4018 -0.174023
9.42956 12451 -17.2587 -0.154670
9.43124 12472 -15.0824 -0.135052
9.43300 12494 -18.9370 -0.169418
9.43468 12515 -22.6978 -0.202894
9.43636 12536 -23.2976 -0.208081
9.43803 12557 -28.6616 -0.255775
9.43970 12578 -27.7276 -0.247233
9.44137 12599 -30.3043 -0.269983
9.44312 12621 -32.3090 -0.287592
9.44478 12642 -33.7721 -0.300365
9.44644 12663 -30.7293 -0.273077
9.44818 12685 -32.3589 -0.287309
9.44983 12706 -25.0634 -0.222349
9.45156 12728 -28.0428 -0.248566
9.45321 12749 -26.5904 -0.235498
9.45493 12771 -28.6316 -0.253357
9.45658 12792 -27.5496 -0.243583
9.45829 12814 -26.2323 -0.231736
9.45993 12835 -24.2239 -0.213819
9.46164 12857 -22.8104 -0.201170
9.46335 12879 -24.7948 -0.218484
9.46498 12900 -18.9286 -0.166657
9.46669 12922 -20.9440 -0.184244
9.46839 12944 -22.0568 -0.193869
9.47009 12966 -29.7232 -0.261032
9.47178 12988 -33.9739 -0.298109
9.47347 13010 -29.8005 -0.261267
9.47516 13032 -25.2222 -0.220942
9.47685 13054 -21.5009 -0.188185
9.47853 13076 -23.5187 -0.205673
9.48021 13098 -27.6840 -0.241894
9.48189 13120 -21.9731 -0.191834
9.48357 13142 -19.8074 -0.172781
9.48524 13164 -21.0019 -0.183048
9.48699 13187 -16.6747 -0.145206
9.48865 13209 -15.7484 -0.137026
9.49032 13231 -17.5679 -0.152729
9.49198 13253 -15.6582 -0.136015
9.49371 13276 -13.1254 -0.113915
9.49537 13298 -10.9289 -0.094773
9.49710 13321 -7.1869 -0.062269
9.49875 13343 -2.8770 -0.024907
9.50047 13366 -4.1620 -0.036000
9.50211 13388 -2.3155 -0.020012
9.50383 13411 1.1150 0.009628
9.50547 13433 -2.7766 -0.023957
9.50718 13456 -3.1193 -0.026891
9.50889 13479 -5.8052 -0.050002
9.51059 13502 -2.7134 -0.023351
9.51222 13524 0.4939 0.004247
9.51392 13547 -1.2924 -0.011104
9.51562 13570 -3.6314 -0.031173
9.51731 13593 -4.7662 -0.040880
9.51900 13616 -2.1663 -0.018565
9.52069 13639 -0.6563 -0.005620
9.52237 13662 -4.1910 -0.035856
9.52406 13685 -6.0397 -0.051629
9.52573 13708 -3.1628 -0.027014
9.52741 13731 -0.5042 -0.004303
9.52916 13755 -4.6556 -0.039696
9.53083 13778 -3.9676 -0.033802
9.53250 13801 -8.9817 -0.076454
9.53416 13824 -8.1722 -0.069506
9.53590 13848 -10.9600 -0.093136
9.53756 13871 -11.9250 -0.101252
9.53921 13894 -12.9729 -0.110058
9.54094 13918 -17.3538 -0.147097
9.54259 13941 -16.4958 -0.139710
9.54431 13965 -16.1615 -0.136760
9.54603 13989 -17.7648 -0.150199
9.54767 14012 -19.8350 -0.167565
9.54938 14036 -23.3739 -0.197292
9.55109 14060 -24.4740 -0.206401
9.55272 14083 -21.7199 -0.183025
9.55443 14107 -17.7152 -0.149152
9.55613 14131 -24.9300 -0.209718
9.55782 14155 -22.3540 -0.187889
9.55952 14179 -28.9594 -0.243201
9.56121 14203 -30.4117 -0.255182
9.56290 14227 -31.3384 -0.262736
9.56458 14251 -29.4660 -0.246830
9.56627 14275 -29.5488 -0.247316
9.56794 14299 -28.8857 -0.241563
9.56962 14323 -26.9115 -0.224865
9.57130 14347 -26.4048 -0.220446
9.57297 14371 -24.1456 -0.201416
9.57464 14395 -30.0167 -0.250183
9.57637 14420 -23.3176 -0.194178
9.57803 14444 -23.8333 -0.198308
9.57976 14469 -25.4132 -0.211271
9.58142 14493 -24.0606 -0.199861
9.58308 14517 -19.8638 -0.164863
9.58480 14542 -16.8421 -0.139664
9.58645 14566 -17.8524 -0.147920
9.58816 14591 -17.1808 -0.142234
9.58987 14616 -16.1374 -0.133481
9.59151 14640 -17.1923 -0.142090
9.59322 14665 -22.3460 -0.184527
9.59492 14690 -27.8634 -0.229892
9.59662 14715 -34.8603 -0.287376
9.59832 14740 -35.6267 -0.293445
9.59995 14764 -34.8452 -0.286774
9.60164 14789 -23.2782 -0.191417
9.60333 14814 -25.4335 -0.208963
9.60501 14839 -25.4538 -0.208954
9.60670 14864 -25.8867 -0.212329
9.60838 14889 -28.6640 -0.234911
9.61012 14915 -23.3907 -0.191528
9.61180 14940 -22.0536 -0.180428
9.61347 14965 -20.9101 -0.170930
9.61514 14990 -22.9037 -0.187070
9.61687 15016 -15.1146 -0.123344
9.61854 15041 -16.8868 -0.137692
9.62020 15066 -16.0614 -0.130853
9.62192 15092 -14.9859 -0.121986
9.62358 15117 -15.2440 -0.123984
9.62529 15143 -15.5147 -0.126078
9.62694 15168 -18.9611 -0.153957
9.62866 15194 -22.1855 -0.179984
9.63037 15220 -19.9782 -0.161938
9.63201 15245 -15.6728 -0.126936
9.63371 15271 -12.2666 -0.099263
9.63541 15297 -15.8914 -0.128487
9.63711 15323 -22.8969 -0.184971
9.63881 15349 -25.6540 -0.207069
9.64043 15374 -27.4906 -0.221713
9.64212 15400 -27.6062 -0.222457
9.64381 15426 -29.2395 -0.235420
9.64549 15452 -28.1214 -0.226227
9.64724 15479 -23.0649 -0.185387
9.64892 15505 -23.3577 -0.187584
9.65059 15531 -25.6820 -0.206076
9.65227 15557 -25.1909 -0.201967
9.65394 15583 -26.8524 -0.215108
9.65567 15610 -31.3284 -0.250748
9.65733 15636 -31.9246 -0.255307
9.65899 15662 -33.8617 -0.270573
9.66072 15689 -35.4888 -0.283331
9.66237 15715 -39.7216 -0.316862
9.66409 15742 -38.5938 -0.307601
9.66574 15768 -30.9975 -0.246853
9.66745 15795 -30.1277 -0.239721
9.66916 15822 -29.9438 -0.238054
9.67080 15848 -25.2700 -0.200733
9.67250 15875 -23.2142 -0.184246
9.67420 15902 -24.3827 -0.193355
9.67590 15929 -20.9735 -0.166179
9.67759 15956 -22.0552 -0.174602
9.67928 15983 -27.7655 -0.219623
9.68097 16010 -28.0503 -0.221688
9.68265 16037 -31.8508 -0.251512
9.68434 16064 -32.2637 -0.254559
9.68602 16091 -31.4980 -0.248309
9.68769 16118 -24.2950 -0.191365
9.68937 16145 -27.3635 -0.215354
9.69110 16173 -29.1555 -0.229258
9.69277 16200 -33.6668 -0.264511
9.69443 16227 -33.0909 -0.259770
9.69616 16255 -33.5393 -0.263063
9.69782 16282 -35.6598 -0.279464
9.69953 16310 -36.6322 -0.286838
9.70119 16337 -40.3231 -0.315477
9.70290 16365 -39.7590 -0.310798
9.70455 16392 -36.1868 -0.282641
9.70626 16420 -36.0733 -0.281514
9.70796 16448 -35.5301 -0.277039
9.70960 16475 -36.8313 -0.286949
9.71130 16503 -32.8778 -0.255930
9.71299 16531 -29.4471 -0.229031
9.71469 16559 -32.2256 -0.250428
9.71637 16587 -30.1191 -0.233861
9.71806 16615 -35.0908 -0.272235
9.71974 16643 -36.7281 -0.284697
9.72143 16671 -38.8310 -0.300744
9.72310 16699 -39.3757 -0.304707
9.72478 16727 -47.2821 -0.365584
9.72651 16756 -45.4517 -0.351128
9.72818 16784 -42.2242 -0.325922
9.72985 16812 -43.2378 -0.333468
9.73157 16841 -42.2582 -0.325632
9.73323 16869 -39.0262 -0.300477
9.73495 16898 -37.7410 -0.290333
9.73661 16926 -35.0410 -0.269339
9.73832 16955 -36.1472 -0.277604
9.73997 16983 -38.9011 -0.298507
9.74167 17012 -35.8001 -0.274477
9.74338 17041 -32.4431 -0.248528
9.74508 17070 -31.9229 -0.244335
9.74672 17098 -26.9526 -0.206124
9.74841 17127 -27.1404 -0.207384
9.75010 17156 -23.8956 -0.182436
9.75179 17185 -23.3398 -0.178042
9.75348 17214 -22.7738 -0.173578
9.75516 17243 -17.0534 -0.129869
9.75684 17272 -14.2752 -0.108620
9.75852 17301 -16.8851 -0.128371
9.76025 17331 -11.1550 -0.084734
9.76192 17360 -11.3088 -0.085830
9.76359 17389 -16.8834 -0.128033
9.76532 17419 -15.5256 -0.117635
9.76698 17448 -19.4267 -0.147071
9.76864 17477 -11.9720 -0.090559
9.77036 17507 -22.2919 -0.168477
9.77207 17537 -20.9540 -0.158231
9.77372 17566 -17.9732 -0.135609
9.77543 17596 -14.4389 -0.108850
9.77713 17626 -17.4913 -0.131749
9.77877 17655 -15.9110 -0.119746
9.78047 17685 -15.0550 -0.113209
9.78217 17715 -14.6949 -0.110407
9.78386 17745 -15.3261 -0.115052
9.78555 17775 -15.6105 -0.117088
9.78723 17805 -10.1546 -0.076101
9.78892 17835 -11.1875 -0.083772
9.79060 17865 -8.7051 -0.065129
9.79228 17895 -9.3370 -0.069797
9.79395 17925 -9.9166 -0.074069
9.79568 17956 -8.4779 -0.063268
9.79735 17986 -9.8218 -0.073236
9.79902 18016 -5.1345 -0.038254
9.80073 18047 -12.1979 -0.090800
9.80240 18077 -19.0515 -0.141699
9.80411 18108 -21.4391 -0.159321
9.80576 18138 -21.5137 -0.159742
9.80747 18169 -22.5064 -0.166971
9.80918 18200 -21.2729 -0.157685
9.81082 18230 -23.3441 -0.172896
9.81252 18261 -17.6786 -0.130824
9.81422 18292 -22.1989 -0.164135
9.81591 18323 -22.4306 -0.165707
9.81760 18354 -18.5425 -0.136868
9.81929 18385 -17.3634 -0.128057
9.82098 18416 -19.3671 -0.142714
9.82266 18447 -23.1678 -0.170578
9.82434 18478 -18.6755 -0.137387
9.82601 18509 -19.6982 -0.144789
9.82769 18540 -17.7649 -0.130469
9.82941 18572 -16.8594 -0.123712
9.83108 18603 -23.3710 -0.171351
9.83280 18635 -20.5369 -0.150442
9.83446 18666 -21.4265 -0.156829
9.83612 18697 -18.6063 -0.136073
9.83783 18729 -15.5940 -0.113947
9.83954 18761 -17.7595 -0.129659
9.84119 18792 -18.0228 -0.131472
9.84289 18824 -16.8106 -0.122526
9.84459 18856 -7.8434 -0.057119
9.84628 18888 -5.4294 -0.039505
9.84797 18920 -5.9428 -0.043204
9.84966 18952 -1.6667 -0.012107
9.85135 18984 -2.9264 -0.021239
9.85304 19016 -8.9095 -0.064609
9.85472 19048 -8.8034 -0.063786
9.85640 19080 -9.8634 -0.071406
9.85807 19112 -11.6682 -0.084402
9.85974 19144 -12.3691 -0.089396
9.86147 19177 -9.5354 -0.068857
9.86313 19209 -9.7413 -0.070286
9.86480 19241 -5.1948 -0.037451
9.86651 19274 -4.1433 -0.029844
9.86817 19306 -7.5348 -0.054228
9.86988 19339 -4.9566 -0.035642
9.87158 19372 -5.2908 -0.038013
9.87323 19404 -7.0513 -0.050620
9.87493 19437 -4.3078 -0.030899
9.87663 19470 -1.7345 -0.012430
9.87832 19503 -6.0536 -0.043347
9.88001 19536 -6.4887 -0.046424
9.88170 19569 -12.6357 -0.090327
9.88339 19602 -16.1264 -0.115183
9.88507 19635 -10.3359 -0.073762
9.88675 19668 -5.7668 -0.041120
9.88842 19701 -3.3346 -0.023757
9.89015 19735 -1.1776 -0.008383
9.89182 19768 -3.3347 -0.023718
9.89349 19801 -3.8034 -0.027029
9.89520 19835 -5.2879 -0.037546
9.89687 19868 -5.4741 -0.038836
9.89858 19902 -8.3524 -0.059206
9.90023 19935 -14.7567 -0.104516
9.90194 19969 -17.6773 -0.125094
9.90364 20003 -16.4196 -0.116095
9.90529 20036 -14.2568 -0.100721
9.90698 20070 -12.0929 -0.085360
9.90867 20104 -8.2354 -0.058082
9.91036 20138 -13.5442 -0.095443
9.91205 20172 -11.2696 -0.079348
9.91373 20206 -14.7499 -0.103764
9.91542 20240 -15.2011 -0.106849
9.91709 20274 -10.5998 -0.074443
9.91882 20309 -2.1954 -0.015405
9.92049 20343 -1.2113 -0.008493
9.92216 20377 -2.1529 -0.015082
9.92388 20412 -3.7635 -0.026342
9.92554 20446 -4.3703 -0.030564
9.92725 20481 -6.1036 -0.042649
9.92891 20515 -3.0662 -0.021407
9.93062 20550 -2.1152 -0.014755
9.93232 20585 -3.6236 -0.025256
9.93397 20619 -7.3727 -0.051344
9.93566 20654 -10.4026 -0.072384
9.93736 20689 -12.6711 -0.088094
9.93905 20724 -17.5403 -0.121843
9.94074 20759 -19.9332 -0.138349
9.94242 20794 -22.3076 -0.154698
9.94410 20829 -19.2010 -0.133042
9.94578 20864 -16.6963 -0.115590
9.94750 20900 -14.4905 -0.100233
9.94918 20935 -26.9278 -0.186108
9.95085 20970 -30.0252 -0.207342
9.95256 21006 -32.0358 -0.221036
9.95423 21041 -33.0737 -0.228008
9.95594 21077 -38.4351 -0.264742
9.95760 21112 -37.7176 -0.259585
9.95930 21148 -40.2319 -0.276653
9.96095 21183 -33.2185 -0.228237
9.96265 21219 -43.0576 -0.295588
9.96435 21255 -42.2560 -0.289840
9.96604 21291 -45.8919 -0.314513
9.96773 21327 -49.3290 -0.337783
9.96942 21363 -49.2558 -0.336997
9.97110 21399 -47.0631 -0.321724
9.97278 21435 -52.2434 -0.356837
9.97446 21471 -52.6156 -0.359078
9.97618 21508 -52.7324 -0.359565
9.97785 21544 -46.6654 -0.317930
9.97952 21580 -45.6051 -0.310447
9.98124 21617 -47.2759 -0.321545
9.98290 21653 -49.3272 -0.335218
9.98461 21690 -47.8858 -0.325145
9.98626 21726 -46.4026 -0.314813
9.98797 21763 -49.0843 -0.332724
9.98967 21800 -50.2591 -0.340397
9.99136 21837 -49.9961 -0.338330
9.99301 21873 -44.3498 -0.299873
9.99470 21910 -45.8124 -0.309501
9.99639 21947 -50.4846 -0.340778
9.99807 21984 -46.7586 -0.315361
9.99980 22022 -49.3551 -0.332586
10.00148 22059 -41.4097 -0.278810
10.00315 22096 -39.2329 -0.263933
10.00482 22133 -40.1160 -0.269648
10.00654 22171 -42.8804 -0.287982
10.00821 22208 -52.6156 -0.353069
10.00992 22246 -55.6306 -0.372982
10.01158 22283 -56.7485 -0.380161
10.01328 22321 -58.7652 -0.393336
10.01494 22358 -65.5529 -0.438405
10.01664 22396 -63.4439 -0.423940
10.01833 22434 -64.1167 -0.428073
10.02003 22472 -67.1827 -0.448164
10.02171 22510 -67.2277 -0.448085
10.02340 22548 -64.4370 -0.429123
10.02509 22586 -66.8991 -0.445144
10.02677 22624 -58.9794 -0.392117
10.02844 22662 -60.3243 -0.400722
10.03012 22700 -58.5098 -0.388343
10.03184 22739 -62.5107 -0.414542
10.03351 22777 -61.7749 -0.409321
10.03522 22816 -64.3471 -0.426000
10.03688 22854 -60.4926 -0.400149
10.03859 22893 -57.1396 -0.377647
10.04024 22931 -54.6438 -0.360852
10.04194 22970 -52.2693 -0.344878
10.04364 23009 -51.2504 -0.337869
10.04533 23048 -47.2106 -0.310973
10.04702 23087 -46.4931 -0.305989
10.04871 23126 -45.7781 -0.301028
10.05040 23165 -44.2863 -0.290974
10.05208 23204 -43.1824 -0.283482
10.05376 23243 -44.0345 -0.288833
10.05544 23282 -40.7596 -0.267128
10.05711 23321 -36.1739 -0.236877
10.05882 23361 -29.7095 -0.194379
10.06049 23400 -28.9415 -0.189197
10.06220 23440 -25.8410 -0.168784
10.06386 23479 -29.9175 -0.195248
10.06556 23519 -30.8447 -0.201127
10.06726 23559 -31.3140 -0.204014
10.06896 23599 -30.5251 -0.198706
10.07061 23638 -28.9506 -0.188301
10.07230 23678 -30.1174 -0.195725
10.07399 23718 -31.4735 -0.204365
10.07567 23758 -31.5654 -0.204789
10.07736 23798 -34.3189 -0.222466
10.07908 23839 -35.2027 -0.227998
10.08075 23879 -32.1421 -0.208001
10.08243 23919 -32.4655 -0.209918
10.08414 23960 -25.2829 -0.163336
10.08581 24000 -23.6958 -0.152956
10.08747 24040 -35.2453 -0.227318
10.08918 24081 -28.8885 -0.186160
10.09088 24122 -31.8482 -0.205059
10.09254 24162 -26.2699 -0.169002
10.09423 24203 -28.0086 -0.180035
10.09592 24244 -30.3596 -0.194982
10.09761 24285 -30.3510 -0.194762
10.09930 24326 -26.8134 -0.171916
10.10099 24367 -23.5881 -0.151110
10.10267 24408 -21.4482 -0.137285
10.10434 24449 -25.8383 -0.165247
10.10606 24491 -26.4664 -0.169119
10.10773 24532 -23.4335 -0.149614
10.10944 24574 -25.0798 -0.159988
10.11111 24615 -21.5534 -0.137378
10.11282 24657 -19.6260 -0.124986
10.11448 24698 -23.0799 -0.146860
10.11618 24740 -31.3216 -0.199134
10.11787 24782 -28.6367 -0.181909
10.11957 24824 -26.8873 -0.170652
10.12122 24865 -21.9137 -0.138970
10.12290 24907 -21.1413 -0.133959
10.12459 24949 -21.8170 -0.138124
10.12631 24992 -21.4113 -0.135438
10.12799 25034 -15.2494 -0.096380
10.12967 25076 -18.4782 -0.116689
10.13134 25118 -14.1242 -0.089119
10.13305 25161 -15.8205 -0.099737
10.13472 25203 -21.7356 -0.136913
10.13642 25246 -18.1351 -0.114136
10.13809 25288 -17.9233 -0.112709
10.13978 25331 -19.9317 -0.125233
10.14148 25374 -19.5484 -0.122721
10.14317 25417 -14.8024 -0.092848
10.14486 25460 -19.4978 -0.122196
10.14655 25503 -15.6011 -0.097692
10.14824 25546 -8.9234 -0.055830
10.14992 25589 -17.2229 -0.107666
10.15160 25632 -20.3243 -0.126948
10.15327 25675 -18.9874 -0.118498
10.15499 25719 -13.2106 -0.082375
10.15666 25762 -15.2187 -0.094817
10.15836 25806 -12.0713 -0.075144
10.16003 25849 -6.9396 -0.043163
10.16173 25893 -11.7616 -0.073093
10.16339 25936 -16.1579 -0.100331
10.16508 25980 -18.6194 -0.115517
10.16677 26024 -23.3640 -0.144831
10.16846 26068 -22.0494 -0.136566
10.17015 26112 -23.0333 -0.142540
10.17183 26156 -21.8318 -0.134991
10.17351 26200 -24.9338 -0.154042
10.17523 26245 -22.1688 -0.136842
10.17691 26289 -20.8467 -0.128573
10.17858 26333 -23.8026 -0.146681
10.18029 26378 -29.1933 -0.179747
10.18195 26422 -30.0863 -0.185091
10.18365 26467 -36.3973 -0.223726
10.18535 26512 -42.7466 -0.262531
10.18701 26556 -43.3956 -0.266296
10.18870 26601 -46.3832 -0.284388
10.19039 26646 -42.9650 -0.263208
10.19208 26691 -42.6922 -0.261316
10.19377 26736 -49.2859 -0.301421
10.19545 26781 -41.4273 -0.253148
10.19713 26826 -49.3941 -0.301576
10.19884 26872 -53.1977 -0.324521
10.20051 26917 -47.4120 -0.288985
10.20222 26963 -47.6259 -0.290041
10.20389 27008 -48.9283 -0.297724
10.20559 27054 -40.4001 -0.245621
10.20725 27099 -41.9040 -0.254553
10.20895 27145 -43.7770 -0.265706
10.21064 27191 -41.6330 -0.252479
10.21233 27237 -43.8820 -0.265893
10.21402 27283 -48.4498 -0.293323
10.21570 27329 -52.3266 -0.316527
10.21739 27375 -48.5868 -0.293658
10.21906 27421 -46.5883 -0.281343
10.22078 27468 -45.6088 -0.275191
10.22245 27514 -46.9151 -0.282837
10.22412 27560 -39.1228 -0.235662
10.22582 27607 -36.6407 -0.220523
10.22753 27654 -39.5505 -0.237833
10.22919 27700 -45.2871 -0.272104
10.23088 27747 -41.8642 -0.251324
10.23258 27794 -42.7024 -0.256140
10.23427 27841 -41.3028 -0.247535
10.23595 27888 -52.5690 -0.314790
10.23764 27935 -50.1355 -0.299965
10.23932 27982 -52.7080 -0.315092
10.24099 28029 -56.7819 -0.339161
10.24271 28077 -57.9493 -0.345838
10.24438 28124 -60.1147 -0.358461
10.24605 28171 -67.1643 -0.400164
10.24775 28219 -76.3886 -0.454735
10.24945 28267 -78.0422 -0.464183
10.25111 28314 -75.2982 -0.447491
10.25281 28362 -63.6554 -0.377978
10.25450 28410 -55.4846 -0.329182
10.25618 28458 -52.0812 -0.308730
10.25787 28506 -48.7298 -0.288620
10.25955 28554 -51.3113 -0.303654
10.26123 28602 -49.6545 -0.293603
10.26294 28651 -54.8813 -0.324231
10.26462 28699 -50.8541 -0.300188
10.26632 28748 -43.4115 -0.256036
10.26799 28796 -49.9886 -0.294581
10.26969 28845 -53.8709 -0.317190
10.27135 28893 -57.5758 -0.338722
10.27305 28942 -56.9622 -0.334829
10.27474 28991 -59.9782 -0.352259
10.27643 29040 -67.2905 -0.394871
10.27812 29089 -73.7999 -0.432705
10.27980 29138 -75.6613 -0.443245
10.28148 29187 -75.1642 -0.439963
10.28319 29237 -69.6683 -0.407445
10.28486 29286 -72.4370 -0.423282
10.28654 29335 -72.6432 -0.424133
10.28824 29385 -69.8151 -0.407274
10.28994 29435 -68.7502 -0.400721
10.29160 29484 -75.4740 -0.439546
10.29330 29534 -71.9423 -0.418623
10.29499 29584 -77.8495 -0.452613
10.29668 29634 -71.3829 -0.414666
10.29836 29684 -77.3036 -0.448682
10.30005 29734 -81.4652 -0.472439
10.30173 29784 -70.8552 -0.410563
10.30340 29834 -67.4473 -0.390489
10.30511 29885 -74.7736 -0.432536
10.30678 29935 -75.0887 -0.433995
10.30849 29986 -89.0924 -0.514495
10.31015 30036 -81.6453 -0.471097
10.31185 30087 -74.9442 -0.432064
10.31354 30138 -70.6746 -0.407105
10.31523 30189 -64.2338 -0.369691
10.31692 30240 -65.3508 -0.375803
10.31861 30291 -69.4453 -0.399012
10.32029 30342 -65.5357 -0.376232
10.32197 30393 -71.9435 -0.412672
10.32368 30445 -67.6037 -0.387447
10.32535 30496 -67.6381 -0.387320
10.32702 30547 -65.9620 -0.377407
10.32872 30599 -65.6737 -0.375437
10.33042 30651 -68.2330 -0.389737
10.33208 30702 -69.1741 -0.394785
10.33378 30754 -59.1188 -0.337113
10.33546 30806 -57.0415 -0.324992
10.33715 30858 -54.1357 -0.308177
10.33884 30910 -53.9575 -0.306904
10.34052 30962 -50.7278 -0.288292
10.34223 31015 -55.2846 -0.313919
10.34390 31067 -57.5342 -0.326420
10.34561 31120 -56.3582 -0.319475
10.34728 31172 -50.5458 -0.286287
10.34897 31225 -54.5740 -0.308840
10.35064 31277 -57.9437 -0.327638
10.35233 31330 -56.7898 -0.320841
10.35402 31383 -56.7791 -0.320510
10.35571 31436 -60.0741 -0.338823
10.35739 31489 -60.8176 -0.342728
10.35908 31542 -62.4295 -0.351516
10.36079 31596 -63.3292 -0.356277
10.36246 31649 -65.0369 -0.365578
10.36414 31702 -61.4168 -0.344940
10.36584 31756 -57.0771 -0.320294
10.36754 31810 -60.1837 -0.337440
10.36920 31863 -62.3650 -0.349380
10.37089 31917 -56.1289 -0.314178
10.37258 31971 -46.2257 -0.258527
10.37427 32025 -48.9767 -0.273681
10.37596 32079 -47.3328 -0.264272
10.37764 32133 -46.5405 -0.259630
10.37932 32187 -51.3730 -0.286348
10.38103 32242 -67.0509 -0.373416
10.38270 32296 -73.6093 -0.409598
10.38440 32351 -71.8132 -0.399265
10.38607 32405 -67.3344 -0.374051
10.38776 32460 -69.5347 -0.385946
10.38946 32515 -66.3370 -0.367887
10.39115 32570 -60.4245 -0.334814
10.39283 32625 -60.5293 -0.335113
10.39452 32680 -71.0120 -0.392817
10.39620 32735 -68.8558 -0.380570
10.39788 32790 -66.4867 -0.367167
10.39959 32846 -67.5731 -0.372849
10.40126 32901 -58.0227 -0.319885
10.40296 32957 -61.7252 -0.340008
10.40463 33012 -61.2865 -0.337310
10.40632 33068 -59.8042 -0.328873
10.40801 33124 -63.0140 -0.346231
10.40970 33180 -60.7529 -0.333526
10.41139 33236 -52.8977 -0.290157
10.41307 33292 -50.7939 -0.278382
10.41475 33348 -49.5130 -0.271134
10.41643 33404 -56.0147 -0.306481
10.41814 33461 -59.2510 -0.323911
10.41981 33517 -64.1947 -0.350644
10.42151 33574 -64.1947 -0.350346
10.42320 33631 -65.8908 -0.359298
10.42487 33687 -66.5138 -0.362394
10.42656 33744 -73.9588 -0.402617
10.42825 33801 -76.7361 -0.417383
10.42993 33858 -77.2981 -0.420086
10.43161 33915 -64.0076 -0.347565
10.43332 33973 -61.2203 -0.332146
10.43500 34030 -60.9700 -0.330510
10.43667 34087 -70.9027 -0.384033
10.43837 34145 -69.1907 -0.374442
10.44007 34203 -67.5705 -0.365363
10.44173 34260 -70.0327 -0.378362
10.44343 34318 -70.1724 -0.378796
10.44511 34376 -67.1543 -0.362198
10.44680 34434 -62.9822 -0.339410
10.44848 34492 -62.1977 -0.334900
10.45019 34551 -62.0430 -0.333782
10.45187 34609 -63.9950 -0.343994
10.45354 34667 -65.9466 -0.354188
10.45524 34726 -68.5829 -0.368034
10.45691 34784 -70.0666 -0.375683
10.45861 34843 -69.2870 -0.371188
10.46030 34902 -68.3796 -0.366017
10.46199 34961 -67.5854 -0.361460
10.46367 35020 -62.7961 -0.335564
10.46536 35079 -67.4056 -0.359892
10.46704 35138 -66.2137 -0.353231
10.46874 35198 -63.7105 -0.339588
10.47042 35257 -62.1445 -0.330964
10.47212 35317 -64.9440 -0.345579
10.47379 35376 -74.2355 -0.394691
10.47548 35436 -70.2840 -0.373365
10.47718 35496 -70.0446 -0.371779
10.47886 35556 -71.3537 -0.378408
10.48055 35616 -73.8721 -0.391433
10.48223 35676 -79.2220 -0.419428
10.48391 35736 -81.9744 -0.433636
10.48559 35796 -88.8754 -0.469747
10.48729 35857 -91.0765 -0.480972
10.48897 35917 -90.8065 -0.479145
10.49066 35978 -84.3052 -0.444463
10.49236 36039 -93.4965 -0.492503
10.49405 36100 -102.0981 -0.537358
10.49574 36161 -97.5556 -0.513017
10.49742 36222 -91.7702 -0.482187
10.49910 36283 -88.0276 -0.462133
10.50078 36344 -86.8426 -0.455529
10.50246 36405 -77.1682 -0.404444
10.50416 36467 -79.4267 -0.415926
10.50583 36528 -73.7206 -0.385723
10.50753 36590 -73.0109 -0.381686
10.50922 36652 -70.2784 -0.367090
10.51091 36714 -65.0274 -0.339376
10.51260 36776 -58.1033 -0.302983
10.51429 36838 -61.5509 -0.320691
10.51597 36900 -58.4366 -0.304209
10.51765 36962 -68.0720 -0.354071
10.51935 37025 -70.3487 -0.365602
10.52102 37087 -73.8280 -0.383363
10.52272 37150 -75.3119 -0.390737
10.52441 37213 -67.7467 -0.351189
10.52608 37275 -62.4462 -0.323443
10.52777 37338 -62.7597 -0.324792
10.52945 37401 -60.9120 -0.314964
10.53116 37465 -72.1206 -0.372603
10.53284 37528 -83.4716 -0.430885
10.53452 37591 -79.2088 -0.408537
10.53622 37655 -74.2970 -0.382878
10.53789 37718 -71.3638 -0.367454
10.53959 37782 -63.6814 -0.327620
10.54128 37846 -63.0008 -0.323844
10.54297 37910 -67.7611 -0.348019
10.54466 37974 -73.6640 -0.378017
10.54634 38038 -78.3758 -0.401858
10.54802 38102 -82.4023 -0.422149
10.54970 38166 -82.0738 -0.420113
10.55140 38231 -65.7788 -0.336417
10.55307 38295 -64.0731 -0.327420
10.55477 38360 -54.7407 -0.279493
10.55646 38425 -51.0967 -0.260667
10.55815 38490 -49.6732 -0.253191
10.55982 38554 -47.7763 -0.243320
10.56153 38620 -47.6185 -0.242309
10.56321 38685 -44.8766 -0.228165
10.56489 38750 -42.7860 -0.217353
10.56659 38816 -42.9336 -0.217917
10.56826 38881 -40.5484 -0.205639
10.56996 38947 -43.1628 -0.218712
10.57162 39012 -40.4860 -0.204977
10.57331 39078 -44.9342 -0.227306
10.57500 39144 -47.7300 -0.241245
10.57669 39210 -50.3639 -0.254343
10.57839 39277 -59.2682 -0.299056
10.58007 39343 -55.0528 -0.277553
10.58175 39409 -52.9179 -0.266566
10.58345 39476 -60.0094 -0.302032
10.58512 39542 -65.0782 -0.327270
10.58681 39609 -69.2256 -0.347832
10.58850 39676 -82.1069 -0.412207
10.59019 39743 -76.1955 -0.382207
10.59187 39810 -78.1544 -0.391704
10.59355 39877 -78.8550 -0.394883
10.59526 39945 -77.9936 -0.390236
10.59693 40012 -73.5847 -0.367868
10.59863 40080 -72.9015 -0.364143
10.60030 40147 -72.1759 -0.360218
10.60200 40215 -68.9441 -0.343798
10.60368 40283 -65.1662 -0.324685
10.60537 40351 -67.2813 -0.334940
10.60706 40419 -74.0152 -0.368153
10.60874 40487 -80.0848 -0.398009
10.61044 40556 -90.4111 -0.448946
10.61211 40624 -99.3493 -0.492916
10.61381 40693 -101.4366 -0.502846
10.61551 40762 -99.0097 -0.490399
10.61717 40830 -96.7809 -0.478961
10.61886 40899 -95.4844 -0.472146
10.62055 40968 -90.5100 -0.447171
10.62225 41038 -88.1314 -0.435048
10.62393 41107 -85.5164 -0.421785
10.62561 41176 -90.7057 -0.447005
10.62731 41246 -83.1190 -0.409270
10.62898 41315 -85.1199 -0.418772
10.63067 41385 -77.3102 -0.380028
10.63236 41455 -75.3833 -0.370243
10.63405 41525 -75.0670 -0.368378
10.63574 41595 -79.7040 -0.390804
10.63742 41665 -76.6926 -0.375723
10.63912 41736 -81.8604 -0.400699
10.64080 41806 -84.4513 -0.413035
10.64249 41877 -84.7578 -0.414183
10.64416 41947 -78.3025 -0.382319
10.64585 42018 -74.0060 -0.361035
10.64754 42089 -76.1477 -0.371169
10.64923 42160 -77.4254 -0.377080
10.65091 42231 -69.5091 -0.338241
10.65261 42303 -63.7909 -0.310151
10.65429 42374 -63.3903 -0.307945
10.65599 42446 -53.0091 -0.257295
10.65766 42517 -51.7557 -0.251002
10.65935 42589 -51.0674 -0.247454
10.66104 42661 -42.4444 -0.205497
10.66273 42733 -39.2246 -0.189748
10.66441 42805 -47.7790 -0.230935
10.66609 42877 -42.5978 -0.205719
10.66779 42950 -35.0315 -0.169035
10.66947 43022 -42.9176 -0.206914
10.67116 43095 -44.0173 -0.212036
10.67285 43168 -40.3692 -0.194298
10.67454 43241 -49.9781 -0.240343
10.67623 43314 -52.2515 -0.251064
10.67792 43387 -51.9865 -0.249581
10.67960 43460 -53.6488 -0.257345
10.68127 43533 -55.3979 -0.265512
10.68297 43607 -56.3367 -0.269782
10.68467 43681 -56.0217 -0.268046
10.68634 43754 -53.7308 -0.256871
10.68803 43828 -48.7811 -0.233011
10.68972 43902 -46.9404 -0.224029
10.69140 43976 -41.3671 -0.197264
10.69310 44051 -31.7081 -0.151075
10.69478 44125 -24.2756 -0.115565
10.69646 44199 -18.3976 -0.087509
10.69815 44274 -31.8183 -0.151218
10.69985 44349 -34.6211 -0.164399
10.70154 44424 -47.4774 -0.225257
10.70322 44499 -48.9861 -0.232219
10.70491 44574 -43.5091 -0.206082
10.70659 44649 -44.8145 -0.212086
10.70827 44724 -42.2372 -0.199722
10.70996 44800 -40.1953 -0.189905
10.71166 44876 -41.2345 -0.194650
10.71333 44951 -45.1534 -0.212971
10.71502 45027 -45.6170 -0.214976
10.71670 45103 -48.4503 -0.228136
10.71839 45179 -47.2832 -0.222453
10.72009 45256 -47.8826 -0.225081
10.72177 45332 -43.3273 -0.203498
10.72347 45409 -43.6429 -0.204806
10.72514 45485 -44.7201 -0.209686
10.72683 45562 -45.4702 -0.213023
10.72852 45639 -56.9225 -0.266450
10.73020 45716 -62.9266 -0.294307
10.73189 45793 -53.8059 -0.251438
10.73359 45871 -56.3725 -0.263207
10.73527 45948 -65.3991 -0.305097
10.73696 46026 -63.5724 -0.296324
10.73863 46103 -57.8136 -0.269256
10.74032 46181 -55.9317 -0.260271
10.74201 46259 -61.5864 -0.286343
10.74370 46337 -63.3278 -0.294192
10.74538 46415 -69.5549 -0.322848
10.74708 46494 -61.3403 -0.284477
10.74875 46572 -61.7323 -0.286055
10.75045 46651 -59.9983 -0.277785
10.75214 46730 -60.8571 -0.281523
10.75383 46809 -58.8777 -0.272136
10.75552 46888 -55.2317 -0.255069
10.75720 46967 -64.3573 -0.296962
10.75888 47046 -60.9321 -0.280922
10.76056 47125 -65.8626 -0.303399
10.76226 47205 -72.8800 -0.335440
10.76395 47285 -61.4915 -0.282783
10.76564 47365 -63.5143 -0.291839
10.76733 47445 -59.6223 -0.273725
10.76901 47525 -66.3653 -0.304425
10.77069 47605 -84.7560 -0.388458
10.77237 47685 -88.2233 -0.404010
10.77407 47766 -80.0795 -0.366405
10.77574 47846 -86.5516 -0.395688
10.77743 47927 -92.6633 -0.423270
10.77912 48008 -86.4218 -0.394427
10.78081 48089 -90.0560 -0.410667
10.78249 48170 -88.4042 -0.402796
10.78419 48252 -89.7071 -0.408385
10.78587 48333 -89.2375 -0.405906
10.78756 48415 -92.4469 -0.420148
10.78924 48496 -92.5575 -0.420299
10.79093 48578 -87.0609 -0.395006
10.79261 48660 -84.1606 -0.381525
10.79430 48742 -75.0592 -0.339979
10.79600 48825 -71.0691 -0.321633
10.79768 48907 -71.3535 -0.322649
10.79937 48990 -75.3089 -0.340246
10.80104 49072 -82.0360 -0.370329
10.80273 49155 -86.7674 -0.391357
10.80442 49238 -96.5726 -0.435215
10.80611 49321 -95.8316 -0.431512
10.80781 49405 -99.8144 -0.449064
10.80949 49488 -100.3691 -0.451180
10.81118 49572 -110.6356 -0.496909
10.81285 49655 -111.0999 -0.498577
10.81454 49739 -111.4341 -0.499654
10.81623 49823 -120.9665 -0.541939
10.81792 49907 -127.3423 -0.570022
10.81962 49992 -124.2800 -0.555842
10.82130 50076 -123.2974 -0.550984
10.82299 50161 -113.1404 -0.505167
10.82467 50245 -109.8512 -0.490070
10.82636 50330 -113.2033 -0.504598
10.82804 50415 -106.6050 -0.474786
10.82973 50500 -110.7295 -0.492740
10.83141 50585 -115.6083 -0.514018
10.83311 50671 -117.6231 -0.522532
10.83479 50756 -116.5022 -0.517119
10.83648 50842 -121.6708 -0.539604
10.83817 50928 -126.6032 -0.561004
10.83986 51014 -129.6302 -0.573933
10.84154 51100 -129.3795 -0.572341
10.84322 51186 -133.3338 -0.589338
10.84492 51273 -122.4901 -0.540950
10.84660 51359 -107.8880 -0.476064
10.84829 51446 -106.9724 -0.471624
10.84998 51533 -98.0339 -0.431850
10.85166 51620 -98.6737 -0.434303
10.85335 51707 -87.1407 -0.383218
10.85503 51794 -85.5747 -0.376016
10.85673 51882 -89.5833 -0.393295
10.85840 51969 -95.8830 -0.420600
10.86009 52057 -93.5255 -0.409912
10.86178 52145 -96.5084 -0.422629
10.86347 52233 -102.4726 -0.448369
10.86515 52321 -97.4859 -0.426191
10.86683 52409 -98.7409 -0.431314
10.86853 52498 -93.3878 -0.407585
10.87022 52587 -80.8522 -0.352576
10.87190 52675 -68.9952 -0.300619
10.87358 52764 -70.0411 -0.304919
10.87527 52853 -66.3523 -0.288617
10.87697 52943 -58.7984 -0.255541
10.87865 53032 -66.1723 -0.287347
10.88035 53122 -64.6580 -0.280534
10.88202 53211 -68.2084 -0.295690
10.88371 53301 -71.7389 -0.310733
10.88540 53391 -70.9858 -0.307212
10.88708 53481 -66.9803 -0.289633
10.88876 53571 -65.3382 -0.282294
10.89046 53662 -62.9783 -0.271868
10.89215 53753 -64.2857 -0.277277
10.89383 53843 -55.2930 -0.238290
10.89552 53934 -60.1482 -0.258995
10.89720 54025 -61.6009 -0.265027
10.89889 54116 -73.5165 -0.316025
10.90058 54208 -75.7142 -0.325196
10.90226 54299 -76.3855 -0.327805
10.90395 54391 -67.8932 -0.291114
10.90564 54483 -59.8847 -0.256558
10.90733 54575 -55.9313 -0.239419
10.90902 54667 -58.2859 -0.249288
10.91070 54759 -63.9659 -0.273351
10.91239 54852 -59.8050 -0.255353
10.91407 54944 -62.6371 -0.267221
10.91576 55037 -57.0751 -0.243287
10.91745 55130 -62.3868 -0.265704
10.91913 55223 -58.1310 -0.247370
10.92082 55316 -59.0193 -0.250939
10.92252 55410 -52.1785 -0.221665
10.92419 55503 -48.0084 -0.203779
10.92588 55597 -44.2032 -0.187468
10.92757 55691 -44.6734 -0.189302
10.92926 55785 -44.5794 -0.188745
10.93094 55879 -47.5933 -0.201336
10.93262 55973 -45.3065 -0.191501
10.93432 56068 -43.0605 -0.181854
10.93601 56163 -43.3753 -0.183028
10.93769 56257 -51.1768 -0.215767
10.93937 56352 -55.2029 -0.232545
10.94106 56447 -55.5359 -0.233751
10.94276 56543 -50.5244 -0.212477
10.94444 56638 -47.6372 -0.200167
10.94613 56734 -44.1046 -0.185166
10.94782 56830 -45.4526 -0.190664
10.94951 56926 -55.3852 -0.232134
10.95119 57022 -60.8772 -0.254937
10.95287 57118 -65.2008 -0.272814
10.95455 57214 -66.6034 -0.278449
10.95625 57311 -70.2233 -0.293334
10.95794 57408 -66.5940 -0.277939
10.95963 57505 -65.7615 -0.274232
10.96131 57602 -74.6440 -0.311011
10.96300 57699 -77.3829 -0.322152
10.96467 57796 -79.5393 -0.330851
10.96637 57894 -74.8627 -0.311135
10.96806 57992 -75.0137 -0.311499
10.96975 58090 -67.5532 -0.280282
10.97143 58188 -75.7750 -0.314130
10.97312 58286 -74.7369 -0.309566
10.97480 58384 -68.9869 -0.285509
10.97649 58483 -84.2882 -0.348539
10.97818 58582 -81.9396 -0.338542
10.97987 58681 -68.9944 -0.284816
10.98156 58780 -70.1603 -0.289385
10.98324 58879 -67.2099 -0.276983
10.98492 58978 -65.9394 -0.271519
10.98661 59078 -65.7145 -0.270364
10.98831 59178 -63.6489 -0.261644
10.98999 59278 -53.5785 -0.220061
10.99168 59378 -52.4665 -0.215313
10.99336 59478 -40.7777 -0.167203
10.99504 59578 -39.1138 -0.160246
10.99674 59679 -52.8711 -0.216425
10.99843 59780 -52.7300 -0.215665
11.00011 59881 -53.6989 -0.219443
11.00180 59982 -46.1634 -0.188489
11.00348 60083 -45.1112 -0.184038
11.00516 60184 -54.1853 -0.220872
11.00686 60286 -53.3913 -0.217452
11.00855 60388 -59.5662 -0.242395
11.01023 60490 -60.7669 -0.247073
11.01192 60592 -48.3181 -0.196292
11.01360 60694 -46.7452 -0.189742
11.01530 60797 -51.7245 -0.209776
11.01697 60899 -49.8990 -0.202203
11.01866 61002 -41.4640 -0.167880
11.02035 61105 -34.4043 -0.139179
11.02203 61208 -30.6904 -0.124050
11.02373 61312 -39.1336 -0.158044
11.02541 61415 -36.3775 -0.146790
11.02710 61519 -40.6197 -0.163769
11.02879 61623 -52.3300 -0.210804
11.03048 61727 -50.0707 -0.201533
11.03216 61831 -50.0691 -0.201357
11.03384 61935 -45.1441 -0.181398
11.03553 62040 -45.6102 -0.183116
11.03723 62145 -42.9734 -0.172384
11.03890 62249 -59.8447 -0.239861
11.04060 62355 -58.0042 -0.232286
11.04228 62460 -53.8573 -0.215498
11.04396 62565 -51.3795 -0.205411
11.04565 62671 -44.6530 -0.178368
11.04734 62777 -40.4733 -0.161536
11.04903 62883 -29.5019 -0.117648
11.05072 62989 -29.7939 -0.118712
11.05240 63095 -22.7548 -0.090589
11.05409 63202 -13.9921 -0.055657
11.05577 63308 -14.9733 -0.059510
11.05746 63415 -11.3438 -0.045047
11.05914 63522 -12.4258 -0.049302
11.06084 63630 -20.2966 -0.080462
11.06252 63737 -21.0863 -0.083523
11.06421 63845 -13.6361 -0.053967
11.06589 63952 -20.3386 -0.080426
11.06758 64060 -30.6083 -0.120933
11.06928 64169 -29.8878 -0.117986
11.07096 64277 -33.4575 -0.131967
11.07264 64385 -33.4761 -0.131930
11.07433 64494 -28.8524 -0.113611
11.07602 64603 -36.9037 -0.145192
11.07770 64712 -43.6333 -0.171524
11.07938 64821 -51.6388 -0.202824
11.08108 64931 -55.4653 -0.217669
11.08276 65040 -52.4704 -0.205742
11.08445 65150 -59.9946 -0.235047
11.08613 65260 -56.9200 -0.222814
11.08782 65370 -60.4156 -0.236298
11.08952 65481 -60.7417 -0.237372
11.09119 65591 -61.3277 -0.239461
11.09288 65702 -64.8269 -0.252910
11.09457 65813 -53.9882 -0.210447
11.09626 65924 -45.8020 -0.178387
11.09794 66035 -55.4765 -0.215885
11.09963 66147 -55.3954 -0.215387
11.10133 66259 -65.7113 -0.255281
11.10300 66370 -66.3485 -0.257540
11.10470 66483 -65.1347 -0.252614
11.10638 66595 -65.7988 -0.254975
11.10807 66707 -66.9124 -0.259072
11.10976 66820 -62.8877 -0.243284
11.11145 66933 -55.2664 -0.213619
11.11313 67046 -50.2473 -0.194056
11.11482 67159 -52.1776 -0.201341
11.11650 67272 -42.7806 -0.164941
11.11819 67386 -36.0328 -0.138808
11.11988 67500 -34.0992 -0.131248
11.12157 67614 -36.8219 -0.141608
11.12325 67728 -30.2751 -0.116333
11.12494 67842 -18.5030 -0.071039
11.12663 67957 -8.4196 -0.032298
11.12831 68071 -12.4667 -0.047783
11.12999 68186 -8.1003 -0.031021
11.13168 68301 0.4120 0.001577
11.13338 68417 -7.8543 -0.030028
11.13506 68532 -13.1019 -0.050048
11.13675 68648 -21.4622 -0.081914
11.13844 68764 -30.0234 -0.114493
11.14012 68880 -36.4416 -0.138852
11.14180 68996 -30.2453 -0.115145
11.14350 69113 -31.3636 -0.119301
11.14518 69229 -20.2055 -0.076794
11.14686 69346 -24.6159 -0.093477
11.14855 69463 -26.7744 -0.101588
11.15025 69581 -27.6489 -0.104817
11.15193 69698 -36.8280 -0.139498
11.15362 69816 -37.2818 -0.141097
11.15531 69934 -41.1102 -0.155455
11.15699 70052 -42.0993 -0.159061
11.15868 70170 -30.2720 -0.114279
11.16036 70288 -21.5809 -0.081401
11.16205 70407 -18.7017 -0.070481
11.16374 70526 -9.8672 -0.037155
11.16542 70645 -12.2415 -0.046057
11.16711 70764 -8.1077 -0.030478
11.16880 70884 -18.7646 -0.070480
11.17048 71003 -11.6932 -0.043883
11.17217 71123 -8.2022 -0.030756
11.17385 71243 -3.0155 -0.011298
11.17555 71364 -13.5137 -0.050587
11.17723 71484 -16.6476 -0.062266
11.17892 71605 -24.3961 -0.091169
11.18061 71726 -17.3329 -0.064719
11.18229 71847 -3.6545 -0.013634
11.18398 71968 -8.7990 -0.032799
11.18567 72090 -24.0827 -0.089695
11.18735 72211 -38.5146 -0.143326
11.18904 72333 -45.2463 -0.168234
11.19072 72455 -50.0628 -0.185986
11.19242 72578 -47.8082 -0.177460
11.19410 72700 -47.9899 -0.177985
11.19579 72823 -50.7381 -0.188018
11.19747 72946 -50.5028 -0.186988
11.19916 73069 -55.5561 -0.205525
11.20084 73192 -58.6193 -0.216675
11.20253 73316 -67.9561 -0.250974
11.20422 73440 -74.6977 -0.275639
11.20591 73564 -71.3981 -0.263241
11.20760 73688 -76.9344 -0.283415
11.20928 73812 -61.1045 -0.224910
11.21097 73937 -58.5995 -0.215508
11.21266 74062 -57.2599 -0.210404
11.21434 74187 -36.7878 -0.135064
11.21603 74312 -34.8223 -0.127740
11.21772 74438 -41.0159 -0.150333
11.21940 74563 -38.6164 -0.141420
11.22109 74689 -45.4801 -0.166415
11.22277 74815 -31.7977 -0.116252
11.22446 74941 -43.3266 -0.158269
11.22615 75068 -49.8195 -0.181833
11.22784 75195 -52.1509 -0.190181
11.22953 75322 -49.0944 -0.178884
11.23121 75449 -51.7498 -0.188400
11.23289 75576 -55.1807 -0.200722
11.23459 75704 -54.8049 -0.199187
11.23628 75832 -49.7182 -0.180547
11.23796 75960 -40.9877 -0.148717
11.23965 76088 -40.7836 -0.147852
11.24133 76216 -41.1675 -0.149119
11.24302 76345 -45.7789 -0.165682
11.24471 76474 -40.4513 -0.146277
11.24639 76603 -40.6996 -0.147051
11.24807 76732 -51.2551 -0.185033
11.24977 76862 -61.6662 -0.222429
11.25146 76992 -65.8789 -0.237423
11.25314 77122 -65.1206 -0.234493
11.25483 77252 -83.4940 -0.300400
11.25651 77382 -80.2055 -0.288326
11.25820 77513 -78.0431 -0.280316
11.25989 77644 -75.0386 -0.269296
11.26158 77775 -75.1450 -0.269451
11.26326 77906 -79.9256 -0.286352
11.26495 78038 -81.6482 -0.292276
11.26664 78170 -83.0038 -0.296878
11.26833 78302 -84.8778 -0.303325
11.27001 78434 -80.0314 -0.285765
11.27169 78566 -84.2519 -0.300582
11.27339 78699 -75.8007 -0.270202
11.27507 78832 -69.1447 -0.246268
11.27676 78965 -57.8456 -0.205851
11.27844 79098 -65.5709 -0.233146
11.28014 79232 -75.3669 -0.267751
11.28181 79365 -73.0524 -0.259311
11.28350 79499 -66.3456 -0.235305
11.28520 79634 -59.6599 -0.211414
11.28688 79768 -49.5949 -0.175599
11.28857 79903 -40.4262 -0.143015
11.29026 80038 -38.6896 -0.136756
11.29194 80173 -47.9156 -0.169225
11.29362 80308 -48.8361 -0.172330
11.29532 80444 -48.0723 -0.169492
11.29699 80579 -44.3112 -0.156100
11.29869 80716 -45.1370 -0.158874
11.30038 80852 -46.5218 -0.163611
11.30206 80988 -49.2356 -0.173009
11.30375 81125 -40.3099 -0.141525
11.30543 81262 -37.2413 -0.130641
11.30712 81399 -44.1479 -0.154739
11.30881 81537 -40.9462 -0.143396
11.31049 81674 -35.1961 -0.123155
11.31218 81812 -35.3836 -0.123707
11.31386 81950 -44.6551 -0.155990
11.31556 82089 -55.2730 -0.192917
11.31724 82227 -55.7789 -0.194519
11.31893 82366 -54.8553 -0.191137
11.32061 82505 -49.4818 -0.172268
11.32230 82644 -57.9167 -0.201464
11.32399 82784 -52.1859 -0.181376
11.32568 82924 -58.3260 -0.202545
11.32737 83064 -50.9960 -0.176941
11.32905 83204 -54.6964 -0.189621
11.33073 83344 -58.7046 -0.203346
11.33242 83485 -57.4124 -0.198702
11.33411 83626 -55.6787 -0.192539
11.33579 83767 -72.0170 -0.248828
11.33749 83909 -65.8403 -0.227294
11.33917 84050 -58.8760 -0.203081
11.34086 84192 -60.1253 -0.207215
11.34254 84334 -66.5867 -0.229291
11.34423 84477 -65.6589 -0.225904
11.34591 84619 -76.5279 -0.263079
11.34760 84762 -81.1639 -0.278780
11.34929 84905 -88.0057 -0.302026
11.35098 85049 -84.1556 -0.288568
11.35266 85192 -77.8369 -0.266678
11.35435 85336 -77.2539 -0.264457
11.35604 85480 -83.3582 -0.285112
11.35773 85625 -76.7282 -0.262213
11.35941 85769 -84.2193 -0.287572
11.36110 85914 -84.0938 -0.286901
11.36279 86059 -80.2291 -0.273485
11.36447 86204 -76.4478 -0.260376
11.36616 86350 -69.3846 -0.236119
11.36785 86496 -64.0956 -0.217936
11.36954 86642 -59.7586 -0.203019
11.37122 86788 -66.0064 -0.224056
11.37290 86934 -68.2920 -0.231619
11.37459 87081 -83.6763 -0.283557
11.37628 87228 -77.3812 -0.262004
11.37796 87375 -82.7684 -0.280008
11.37966 87523 -74.1886 -0.250770
11.38135 87671 -78.5188 -0.265183
11.38303 87819 -84.5400 -0.285278
11.38472 87967 -77.3301 -0.260729
11.38641 88116 -67.4136 -0.227101
11.38809 88264 -83.1908 -0.280016
11.38977 88413 -73.7890 -0.248161
11.39147 88563 -86.4699 -0.290562
11.39315 88712 -76.3647 -0.256390
11.39484 88862 -72.9327 -0.244661
11.39653 89012 -71.2399 -0.238781
11.39821 89162 -60.9098 -0.203985
11.39990 89313 -46.5228 -0.155671
11.40159 89464 -41.5092 -0.138778
11.40328 89615 -48.2226 -0.161087
11.40496 89766 -54.0080 -0.180261
11.40664 89917 -37.9931 -0.126702
11.40833 90069 -41.4325 -0.138055
11.41002 90221 -46.4233 -0.154555
11.41171 90374 -40.5286 -0.134816
11.41339 90526 -31.9590 -0.106220
11.41508 90679 -16.0674 -0.053357
11.41677 90832 -13.3073 -0.044154
11.41845 90985 -18.5913 -0.061635
11.42014 91139 -20.2139 -0.066957
11.42183 91293 -20.7771 -0.068765
11.42351 91447 -26.0425 -0.086119
11.42520 91601 -23.2291 -0.076751
11.42689 91756 -28.0800 -0.092700
11.42858 91911 -29.1450 -0.096135
11.43026 92066 -17.2144 -0.056734
11.43195 92222 -28.2743 -0.093105
11.43363 92377 -31.4560 -0.103495
11.43532 92533 -34.8513 -0.114570
11.43702 92690 -39.8705 -0.130959
11.43870 92846 -36.3961 -0.119446
11.44039 93003 -37.2963 -0.122297
11.44207 93160 -28.9399 -0.094816
11.44376 93317 -31.2079 -0.102161
11.44545 93475 -34.6637 -0.113378
11.44713 93632 -48.4312 -0.158275
11.44882 93791 -48.2906 -0.157682
11.45051 93949 -48.9954 -0.159849
11.45219 94107 -50.9280 -0.166014
11.45388 94266 -46.4956 -0.151438
11.45556 94425 -53.3408 -0.173587
11.45725 94585 -53.1786 -0.172912
11.45894 94745 -55.6867 -0.180914
11.46063 94905 -47.8271 -0.155249
11.46232 95065 -50.5801 -0.164047
11.46400 95225 -65.1077 -0.210988
11.46569 95386 -68.2578 -0.221009
11.46737 95547 -76.7324 -0.248239
11.46906 95708 -79.3620 -0.256530
11.47075 95870 -73.6010 -0.237707
11.47244 96032 -67.9535 -0.219282
11.47412 96194 -67.8232 -0.218677
11.47580 96356 -79.6906 -0.256725
11.47750 96519 -68.1295 -0.219295
11.47918 96682 -67.0862 -0.215755
11.48087 96845 -55.8278 -0.179396
11.48256 97009 -52.2938 -0.167897
11.48425 97173 -49.4244 -0.158551
11.48593 97337 -53.6103 -0.171834
11.48762 97501 -52.8773 -0.169342
11.48931 97666 -57.1134 -0.182754
11.49099 97830 -58.3940 -0.186695
11.49268 97996 -48.5063 -0.154951
11.49436 98161 -49.8788 -0.159201
11.49605 98327 -35.4213 -0.112961
11.49774 98493 -29.3419 -0.093494
11.49942 98659 -14.2508 -0.045370
11.50112 98826 -13.3281 -0.042397
11.50279 98992 -1.8478 -0.005873
11.50449 99160 -2.5480 -0.008092
11.50617 99327 -4.3735 -0.013877
11.50786 99495 -6.8133 -0.021600
11.50955 99663 0.3290 0.001042
11.51123 99831 -1.2144 -0.003844
11.51292 99999 4.3683 0.013814
11.51460 100168 13.9458 0.044064
11.51629 100337 22.2633 0.070284
11.51798 100507 39.6600 0.125099
11.51967 100677 43.4485 0.136934
11.52136 100847 33.1025 0.104239
11.52304 101017 24.3006 0.076458
11.52473 101187 21.7404 0.068345
11.52641 101358 10.0206 0.031475
11.52810 101529 19.8438 0.062277
11.52979 101701 4.8082 0.015077
11.53147 101872 2.7796 0.008709
11.53316 102044 10.5011 0.032873
11.53485 102217 -0.5296 -0.001656
11.53653 102389 2.3411 0.007316
11.53822 102562 4.6714 0.014587
11.53991 102735 13.7991 0.043052
11.54160 102909 19.2430 0.059985
11.54328 103082 14.5321 0.045262
11.54497 103256 9.7174 0.030241
11.54666 103431 2.0732 0.006446
11.54834 103605 4.3787 0.013604
11.55003 103780 10.7051 0.033230
11.55172 103956 6.1283 0.019007
11.55341 104131 18.0841 0.056041
11.55509 104307 13.1301 0.040655
11.55678 104483 10.7144 0.033147
11.55846 104659 15.6156 0.048269
11.56015 104836 11.4523 0.035370
11.56184 105013 4.6830 0.014451
11.56352 105190 9.4435 0.029117
11.56521 105368 19.1880 0.059112
11.56690 105546 21.7104 0.066826
11.56859 105724 10.3509 0.031834
11.57028 105903 28.3481 0.087110
11.57196 106081 33.3956 0.102534
11.57364 106260 36.8444 0.113028
11.57534 106440 44.9101 0.137655
11.57703 106620 43.7330 0.133934
11.57871 106800 51.9862 0.159075
11.58040 106980 45.9996 0.140638
11.58208 107160 48.0439 0.146765
11.58377 107341 55.5793 0.169641
11.58546 107523 56.1784 0.171324
11.58714 107704 56.1683 0.171149
11.58883 107886 52.7271 0.160528
11.59052 108068 53.1736 0.161751
11.59221 108251 50.1766 0.152505
11.59389 108433 48.9278 0.148585
11.59557 108616 45.6821 0.138611
11.59727 108800 34.1979 0.103678
11.59895 108983 31.2887 0.094778
11.60063 109167 34.9696 0.105839
11.60233 109352 53.0550 0.160440
11.60401 109536 52.5158 0.158676
11.60570 109721 43.5879 0.131589
11.60739 109907 30.7278 0.092687
11.60907 110092 30.8582 0.093002
11.61076 110278 23.2397 0.069982
11.61244 110464 22.2367 0.066905
11.61414 110651 34.8457 0.104754
11.61582 110837 16.1584 0.048535
11.61751 111025 15.0679 0.045221
11.61919 111212 -0.1447 -0.000434
11.62088 111400 6.3181 0.018930
11.62257 111588 6.0326 0.018059
11.62425 111776 -4.7768 -0.014288
11.62594 111965 -28.2989 -0.084572
11.62763 112154 -26.3209 -0.078595
11.62931 112343 -27.9093 -0.083268
11.63100 112533 -37.7551 -0.112548
11.63269 112723 -55.5023 -0.165312
11.63437 112913 -58.3337 -0.173599
11.63606 113104 -58.8617 -0.175022
11.63775 113295 -61.1136 -0.181565
11.63943 113486 -61.6581 -0.183029
11.64113 113678 -55.9585 -0.165969
11.64281 113870 -68.3701 -0.202610
11.64450 114062 -67.9254 -0.201123
11.64619 114255 -63.9500 -0.189192
11.64787 114447 -61.8100 -0.182708
11.64956 114641 -64.2970 -0.189898
11.65124 114834 -62.5463 -0.184572
11.65293 115028 -66.9411 -0.197375
11.65462 115222 -76.2747 -0.224705
11.65631 115417 -75.7211 -0.222885
11.65800 115612 -75.0269 -0.220656
11.65968 115807 -77.0688 -0.226470
11.66136 116002 -71.9143 -0.211146
11.66305 116198 -48.4205 -0.142046
11.66474 116394 -55.6866 -0.163225
11.66643 116591 -45.5147 -0.133297
11.66812 116788 -29.5516 -0.086473
11.66980 116985 -30.9798 -0.090576
11.67148 117182 -37.4280 -0.109337
11.67317 117380 -41.5722 -0.121340
11.67486 117578 -51.3642 -0.149795
11.67655 117777 -49.0220 -0.142844
11.67824 117976 -50.6944 -0.147592
11.67992 118175 -42.6938 -0.124194
11.68161 118375 -46.2346 -0.134381
11.68329 118574 -52.6677 -0.152950
11.68499 118775 -64.0630 -0.185885
11.68667 118975 -64.6052 -0.187301
11.68836 119176 -52.0194 -0.150685
11.69004 119377 -40.0985 -0.116056
11.69173 119579 -53.7652 -0.155480
11.69342 119781 -48.9544 -0.141448
11.69511 119983 -50.4467 -0.145638
11.69679 120185 -49.5398 -0.142899
11.69848 120388 -51.9244 -0.149651
11.70017 120592 -49.2073 -0.141700
11.70185 120795 -59.4331 -0.171003
11.70354 120999 -46.2509 -0.132963
11.70522 121203 -40.2510 -0.115617
11.70691 121408 -36.0679 -0.103514
11.70860 121613 -36.8031 -0.105534
11.71028 121818 -32.7322 -0.093782
11.71197 122024 -18.6587 -0.053415
11.71366 122230 -11.2216 -0.032097
11.71534 122436 -7.5679 -0.021628
11.71703 122643 -17.9099 -0.051141
11.71872 122850 -20.9957 -0.059902
11.72041 123058 -18.5281 -0.052817
11.72209 123265 -19.0037 -0.054127
11.72378 123473 -23.6839 -0.067401
11.72547 123682 -24.2027 -0.068819
11.72716 123891 -16.7027 -0.047453
11.72884 124100 -18.1691 -0.051576
11.73053 124309 -24.6411 -0.069889
11.73221 124519 -29.1977 -0.082743
11.73390 124729 -27.5998 -0.078149
11.73559 124940 -35.7769 -0.101217
11.73728 125151 -39.4089 -0.111398
11.73896 125362 -41.4983 -0.117205
11.74065 125574 -40.2568 -0.113603
11.74234 125786 -34.4532 -0.097143
11.74402 125998 -16.3325 -0.046012
11.74571 126211 -17.5920 -0.049518
11.74740 126424 -0.0350 -0.000098
11.74909 126638 -13.3337 -0.037469
11.75077 126851 -20.4765 -0.057492
11.75245 127065 -25.6063 -0.071835
11.75414 127280 -39.2826 -0.110108
11.75583 127495 -36.5548 -0.102376
11.75752 127710 -25.4190 -0.071129
11.75921 127926 -28.7972 -0.080514
11.76089 128142 -15.8873 -0.044382
11.76258 128358 -24.8808 -0.069447
11.76427 128575 -10.7284 -0.029920
11.76595 128792 -2.8461 -0.007931
11.76764 129009 -19.5364 -0.054392
11.76933 129227 -36.4190 -0.101310
11.77101 129445 -47.8264 -0.132931
11.77270 129664 -58.0118 -0.161104
11.77439 129883 -49.6566 -0.137785
11.77607 130102 -34.7122 -0.096237
11.77776 130322 -46.2732 -0.128180
11.77945 130542 -58.4622 -0.161808
11.78113 130762 -57.2266 -0.158255
11.78282 130983 -56.0530 -0.154879
11.78451 131204 -67.4642 -0.186252
11.78620 131426 -52.4939 -0.144800
11.78788 131647 -60.7951 -0.167557
11.78957 131870 -50.7107 -0.139645
11.79125 132092 -55.9852 -0.154040
11.79294 132315 -60.5853 -0.166557
11.79463 132539 -46.1151 -0.126669
11.79631 132762 -57.0576 -0.156595
11.79801 132987 -51.3272 -0.140748
11.79969 133211 -55.9128 -0.153194
11.80138 133436 -69.2774 -0.189651
11.80306 133661 -56.8147 -0.155403
11.80475 133887 -46.5225 -0.127143
11.80644 134113 -41.6716 -0.113790
11.80812 134339 -31.3516 -0.085538
11.80981 134566 -32.7314 -0.089227
11.81150 134793 -27.1765 -0.074022
11.81319 135021 -27.4162 -0.074612
11.81487 135249 -15.4602 -0.042039
11.81656 135477 -13.5492 -0.036811
11.81825 135706 -16.6663 -0.045242
11.81993 135935 2.6028 0.007060
11.82162 136165 -9.4472 -0.025602
11.82331 136395 -7.5010 -0.020310
11.82500 136625 -6.0660 -0.016411
11.82668 136855 4.7969 0.012967
11.82837 137087 0.9272 0.002504
11.83005 137318 4.9122 0.013256
11.83174 137550 -2.1985 -0.005928
11.83343 137782 6.7931 0.018301
11.83512 138015 9.4390 0.025407
11.83680 138248 17.1152 0.046031
11.83849 138481 28.1572 0.075665
11.84018 138715 1.0399 0.002792
11.84186 138949 6.4056 0.017184
11.84355 139184 17.4393 0.046745
11.84524 139419 24.8153 0.066460
11.84692 139654 21.9376 0.058703
11.84861 139890 22.4793 0.060102
11.85030 140126 22.8863 0.061139
11.85199 140363 42.7043 0.113984
11.85367 140600 42.2643 0.112715
11.85536 140837 40.5928 0.108166
11.85705 141075 31.3977 0.083594
11.85873 141313 19.0324 0.050629
11.86042 141551 11.7276 0.031171
11.86210 141790 20.0379 0.053214
11.86379 142030 11.3306 0.030065
11.86548 142270 15.5862 0.041322
11.86717 142510 24.4342 0.064725
11.86885 142750 5.7482 0.015214
11.87054 142991 15.6642 0.041424
11.87223 143233 -2.6158 -0.006912
11.87392 143475 -5.7231 -0.015109
11.87560 143717 -10.1528 -0.026781
11.87728 143959 -3.7029 -0.009759
11.87898 144203 -11.2384 -0.029595
11.88066 144446 3.6289 0.009548
11.88235 144690 12.5471 0.032986
11.88403 144934 14.6003 0.038351
11.88572 145179 32.8356 0.086177
11.88741 145424 28.0751 0.073621
11.88909 145669 31.5663 0.082707
11.89078 145915 40.8799 0.107019
11.89247 146162 36.7187 0.096044
11.89415 146408 33.1114 0.086536
11.89584 146656 24.1717 0.063119
11.89753 146903 34.1333 0.089056
11.89921 147151 37.9950 0.099048
11.90091 147400 29.0109 0.075564
11.90259 147649 24.1631 0.062884
11.90428 147898 34.8687 0.090668
11.90597 148148 35.1603 0.091349
11.90765 148398 23.1902 0.060199
11.90934 148648 49.1163 0.127393
11.91102 148899 48.3488 0.125297
11.91271 149151 63.6656 0.164851
11.91440 149402 50.1014 0.129620
11.91609 149655 55.7496 0.144111
11.91777 149907 44.9732 0.116156
11.91946 150160 39.2777 0.101361
11.92115 150414 34.9409 0.090093
11.92283 150668 27.3797 0.070537
11.92452 150922 27.3664 0.070443
11.92621 151177 19.0887 0.049095
11.92789 151432 23.0549 0.059245
11.92958 151688 14.3481 0.036840
11.93127 151944 22.7043 0.058246
11.93296 152201 5.9425 0.015232
11.93464 152457 -15.5795 -0.039901
11.93633 152715 -16.7325 -0.042817
11.93802 152973 -17.4729 -0.044674
11.93970 153231 -23.6736 -0.060477
11.94139 153490 -21.0549 -0.053742
11.94308 153749 -34.6450 -0.088356
11.94476 154008 -45.1014 -0.114926
11.94645 154268 -49.8607 -0.126947
11.94814 154529 -44.4236 -0.113008
11.94982 154790 -48.4456 -0.123136
11.95151 155051 -55.4779 -0.140891
11.95320 155313 -40.7731 -0.103459
11.95488 155575 -25.4015 -0.064401
11.95657 155838 -13.3335 -0.033776
11.95826 156101 -23.7960 -0.060228
11.95994 156364 -29.0115 -0.073367
11.96163 156628 -33.4082 -0.084415
11.96332 156893 -18.7137 -0.047245
11.96501 157158 -1.4530 -0.003665
11.96669 157423 -9.0523 -0.022815
11.96838 157689 -9.5997 -0.024174
11.97007 157955 -4.2845 -0.010780
11.97175 158222 -4.1646 -0.010470
11.97344 158489 -7.3732 -0.018521
11.97512 158756 -11.9201 -0.029917
11.97681 159024 -6.8969 -0.017295
11.97850 159293 -12.3553 -0.030957
11.98019 159562 -13.5359 -0.033886
11.98187 159831 -14.7829 -0.036977
11.98356 160101 -0.2113 -0.000528
11.98525 160371 -11.0358 -0.027558
11.98693 160642 -13.3214 -0.033237
11.98862 160913 -2.2609 -0.005636
11.99031 161185 -23.4817 -0.058488
11.99199 161457 -32.7837 -0.081589
11.99368 161730 -31.4155 -0.078118
11.99537 162003 -35.7683 -0.088866
11.99705 162276 -36.4751 -0.090546
11.99874 162550 -27.9883 -0.069420
12.00043 162825 -38.4923 -0.095392
12.00212 163100 -41.9184 -0.103795
12.00380 163375 -36.9126 -0.091323
12.00549 163651 -43.2427 -0.106894
12.00718 163927 -50.2475 -0.124105
12.00886 164204 -66.7446 -0.164712
12.01055 164481 -88.4802 -0.218166
12.01224 164759 -72.9632 -0.179754
12.01392 165037 -80.7156 -0.198686
12.01561 165316 -67.6098 -0.166285
12.01730 165595 -50.8123 -0.124866
12.01898 165874 -47.4589 -0.116527
12.02067 166154 -59.4416 -0.145826
12.02236 166435 -66.9620 -0.164137
12.02405 166716 -44.9454 -0.110077
12.02573 166997 -39.9249 -0.097699
12.02742 167279 -57.6119 -0.140861
12.02911 167562 -51.1657 -0.124995
12.03080 167845 -51.0559 -0.124621
12.03248 168128 -38.6096 -0.094162
12.03417 168412 -39.8063 -0.096999
12.03585 168696 -36.4678 -0.088789
12.03754 168981 -22.8871 -0.055676
12.03923 169266 -1.1688 -0.002841
12.04091 169552 -5.1338 -0.012468
12.04260 169838 -3.6466 -0.008849
12.04429 170125 2.0962 0.005082
12.04597 170412 15.1374 0.036669
12.04766 170700 12.5753 0.030437
12.04935 170988 -4.0573 -0.009812
12.05104 171277 -7.4733 -0.018058
12.05272 171566 -17.4237 -0.042065
12.05441 171856 5.0535 0.012190
12.05610 172146 -6.3739 -0.015362
12.05778 172436 -5.0235 -0.012097
12.05947 172727 4.8877 0.011761
12.06116 173019 2.2520 0.005414
12.06284 173311 -20.6185 -0.049527
12.06453 173604 -14.1517 -0.033965
12.06622 173897 2.2342 0.005358
12.06790 174190 -13.4213 -0.032158
12.06959 174485 -2.2399 -0.005362
12.07128 174779 12.7153 0.030415
12.07296 175074 8.6765 0.020737
12.07465 175370 12.7513 0.030449
12.07634 175666 23.7239 0.056603
12.07802 175962 28.4082 0.067723
12.07972 176260 13.1875 0.031411
12.08140 176557 9.8221 0.023376
12.08309 176855 19.3866 0.046099
12.08477 177154 25.3086 0.060130
12.08646 177453 22.7992 0.054122
12.08814 177752 28.8637 0.068461
12.08984 178053 36.7163 0.087013
12.09152 178353 24.8372 0.058812
12.09321 178654 7.7970 0.018447
12.09490 178956 19.6451 0.046439
12.09658 179258 13.8930 0.032814
12.09827 179561 22.5333 0.053176
12.09996 179864 25.2808 0.059610
12.10164 180167 41.9268 0.098777
12.10333 180472 32.3796 0.076220
12.10501 180776 29.1446 0.068547
12.10671 181082 4.5050 0.010587
12.10839 181387 6.1783 0.014507
12.11008 181694 -0.8427 -0.001977
12.11176 182000 14.8520 0.034814
12.11345 182308 -5.7230 -0.013403
12.11514 182615 -20.9074 -0.048925
12.11683 182924 -28.5664 -0.066791
12.11851 183232 -23.8649 -0.055752
12.12020 183542 -15.6678 -0.036571
12.12189 183852 -9.9608 -0.023230
12.12357 184162 -17.8257 -0.041538
12.12526 184473 -3.9049 -0.009092
12.12694 184784 12.2879 0.028586
12.12863 185096 10.2620 0.023853
12.13032 185409 20.7168 0.048112
12.13201 185722 10.2985 0.023897
12.13370 186036 14.5087 0.033638
12.13538 186350 -5.2199 -0.012092
12.13707 186664 -13.7958 -0.031931
12.13875 186979 8.4570 0.019558
12.14044 187295 13.0643 0.030187
12.14213 187611 22.5432 0.052046
12.14381 187928 44.8738 0.103514
12.14550 188245 33.4341 0.077060
12.14719 188563 45.3285 0.104386
12.14887 188881 37.3962 0.086047
12.15056 189200 48.1662 0.110734
12.15225 189520 54.7237 0.125704
12.15394 189840 41.4498 0.095132
12.15562 190160 33.2438 0.076235
12.15731 190481 36.4396 0.083493
12.15900 190803 13.7328 0.031439
12.16068 191125 16.9766 0.038832
12.16237 191448 19.1631 0.043797
12.16406 191771 2.8941 0.006609
12.16575 192095 10.0988 0.023042
12.16743 192419 -0.5166 -0.001178
12.16912 192744 9.2715 0.021118
12.17080 193069 4.8253 0.010982
12.17249 193395 1.8466 0.004199
12.17418 193722 -2.0477 -0.004652
12.17587 194049 6.6865 0.015179
12.17755 194376 -1.0880 -0.002468
12.17924 194705 6.5505 0.014845
12.18092 195033 -7.6503 -0.017323
12.18261 195363 -5.5594 -0.012578
12.18430 195692 10.8729 0.024579
12.18599 196023 28.6543 0.064720
12.18767 196354 19.2862 0.043524
12.18936 196685 11.7115 0.026408
12.19105 197017 12.6913 0.028593
12.19273 197350 -0.5020 -0.001130
12.19442 197683 -9.1012 -0.020470
12.19611 198017 -6.2573 -0.014062
12.19779 198351 -5.1552 -0.011575
12.19948 198686 -1.8299 -0.004105
12.20117 199022 -4.2329 -0.009488
12.20286 199358 -14.3640 -0.032171
12.20454 199694 -10.2491 -0.022935
12.20623 200031 6.6386 0.014843
12.20792 200369 -9.6161 -0.021483
12.20960 200707 -12.8236 -0.028624
12.21129 201046 -18.4860 -0.041228
12.21298 201386 -13.8446 -0.030851
12.21467 201726 -10.1135 -0.022517
12.21635 202066 -18.3456 -0.040812
12.21804 202407 -25.8615 -0.057483
12.21972 202749 -28.9484 -0.064290
12.22141 203091 -53.4130 -0.118523
12.22310 203434 -62.1715 -0.137841
12.22479 203778 -51.6690 -0.114459
12.22647 204122 -47.7625 -0.105716
12.22816 204466 -60.6864 -0.134209
12.22984 204811 -42.0724 -0.092965
12.23153 205157 -65.3299 -0.144234
12.23322 205504 -59.4912 -0.131233
12.23491 205851 -57.7736 -0.127336
12.23659 206198 -58.5060 -0.128842
12.23828 206546 -56.7941 -0.124967
12.23997 206895 -58.0794 -0.127687
12.24165 207244 -30.3912 -0.066758
12.24334 207594 -22.5912 -0.049583
12.24503 207945 -32.5600 -0.071402
12.24672 208296 -40.3597 -0.088432
12.24840 208647 -33.5514 -0.073452
12.25009 209000 -34.7845 -0.076087
12.25177 209352 -40.7941 -0.089158
12.25346 209706 -40.0256 -0.087404
12.25515 210060 -46.1450 -0.100682
12.25684 210415 -48.8399 -0.106472
12.25852 210770 -67.1864 -0.146345
12.26021 211126 -76.7490 -0.167033
12.26190 211482 -98.2737 -0.213698
12.26358 211839 -91.2169 -0.198186
12.26527 212197 -80.9022 -0.175627
12.26696 212555 -79.8311 -0.173155
12.26864 212914 -88.1271 -0.190989
12.27033 213273 -94.1712 -0.203916
12.27201 213633 -87.8886 -0.190151
12.27370 213994 -84.1051 -0.181812
12.27539 214355 -86.3816 -0.186575
12.27708 214717 -78.2907 -0.168957
12.27877 215080 -94.6266 -0.204039
12.28045 215443 -82.2439 -0.177189
12.28214 215807 -70.1604 -0.151029
12.28383 216171 -77.6634 -0.167039
12.28551 216536 -77.3023 -0.166122
12.28720 216902 -75.7325 -0.162611
12.28889 217268 -91.3928 -0.196071
12.29057 217635 -61.1333 -0.131043
12.29226 218002 -51.0535 -0.109344
12.29395 218370 -44.1387 -0.094455
12.29563 218739 -75.2423 -0.160879
12.29732 219108 -68.2458 -0.145796
12.29901 219478 -83.5192 -0.178275
12.30070 219849 -67.3385 -0.143615
12.30238 220220 -93.0428 -0.198269
12.30407 220591 -95.7907 -0.203953
12.30576 220964 -76.4307 -0.162595
12.30744 221337 -80.2540 -0.170584
12.30913 221711 -77.7961 -0.165221
12.31082 222085 -77.3002 -0.164029
12.31250 222460 -92.2008 -0.195483
12.31419 222835 -85.0554 -0.180182
12.31588 223212 -82.6729 -0.174987
12.31756 223589 -75.7402 -0.160177
12.31925 223966 -64.6274 -0.136561
12.32094 224344 -74.6079 -0.157517
12.32262 224723 -81.4960 -0.171915
12.32431 225102 -79.7193 -0.168025
12.32600 225482 -81.8700 -0.172412
12.32768 225863 -89.3141 -0.187930
12.32937 226244 -78.0616 -0.164115
12.33106 226626 -86.9673 -0.182684
12.33274 227009 -89.1007 -0.187008
12.33443 227392 -95.5014 -0.200273
12.33612 227776 -92.4178 -0.193643
12.33781 228161 -77.6616 -0.162587
12.33949 228546 -85.7337 -0.179335
12.34118 228932 -85.8093 -0.179342
12.34286 229318 -79.1631 -0.165312
12.34455 229705 -97.0213 -0.202433
12.34624 230093 -79.7423 -0.166241
12.34793 230482 -70.0247 -0.145859
12.34961 230871 -67.8318 -0.141172
12.35130 231261 -79.4162 -0.165142
12.35299 231651 -60.7313 -0.126181
12.35467 232042 -76.2866 -0.158367
12.35636 232434 -84.7205 -0.175727
12.35805 232826 -85.6830 -0.177574
12.35973 233219 -100.6221 -0.208359
12.36142 233613 -97.8313 -0.202409
12.36311 234008 -97.4827 -0.201517
12.36480 234403 -94.1843 -0.194535
12.36648 234798 -92.5822 -0.191065
12.36817 235195 -73.4442 -0.151441
12.36986 235592 -61.9601 -0.127653
12.37154 235990 -50.4430 -0.103837
12.37323 236388 -51.9759 -0.106903
12.37492 236787 -52.1047 -0.107078
12.37660 237187 -48.4817 -0.099548
12.37829 237587 -60.4751 -0.124069
12.37998 237988 -46.8039 -0.095941
12.38166 238390 -38.1065 -0.078047
12.38335 238793 -56.6325 -0.115892
12.38504 239196 -66.6012 -0.136177
12.38673 239600 -65.9111 -0.134653
12.38841 240004 -60.4389 -0.123369
12.39010 240409 -67.6266 -0.137925
12.39178 240815 -59.1657 -0.120567
12.39347 241222 -64.1970 -0.130709
12.39516 241629 -41.0277 -0.083465
12.39685 242037 -59.8059 -0.121563
12.39853 242446 -64.3831 -0.130757
12.40022 242855 -61.0451 -0.123873
12.40191 243265 -46.7411 -0.094768
12.40359 243676 -48.1735 -0.097589
12.40528 244087 -62.9685 -0.127453
12.40697 244499 -46.7761 -0.094599
12.40865 244912 -60.9505 -0.123161
12.41034 245326 -52.1643 -0.105318
12.41203 245740 -52.9545 -0.106823
12.41372 246155 -42.4469 -0.085554
12.41540 246570 -18.3457 -0.036946
12.41709 246986 -21.7450 -0.043755
12.41877 247403 9.3616 0.018821
12.42046 247821 7.6521 0.015371
12.42215 248240 5.2409 0.010519
12.42384 248659 7.3964 0.014833
12.42552 249078 -0.2427 -0.000486
12.42721 249499 11.6484 0.023320
12.42890 249920 9.3513 0.018706
12.43058 250342 14.8138 0.029607
12.43227 250765 15.9240 0.031799
12.43396 251188 -0.1056 -0.000211
12.43564 251612 11.2335 0.022395
12.43733 252037 14.4764 0.028836
12.43902 252463 41.2833 0.082163
12.44071 252889 42.5739 0.084660
12.44239 253316 31.4721 0.062531
12.44408 253743 27.7382 0.055066
12.44577 254172 54.2594 0.107625
12.44745 254601 74.7198 0.148083
12.44914 255031 52.6103 0.104178
12.45083 255461 46.1887 0.091385
12.45251 255893 36.5706 0.072294
12.45420 256325 15.8530 0.031312
12.45589 256757 17.1917 0.033928
12.45757 257191 0.1527 0.000301
12.45926 257625 2.4452 0.004817
12.46095 258060 11.7309 0.023092
12.46264 258496 -0.9262 -0.001822
12.46432 258932 -17.5216 -0.034434
12.46601 259369 -24.2618 -0.047639
12.46769 259807 -31.9706 -0.062723
12.46938 260246 -28.8405 -0.056534
12.47107 260685 -9.3554 -0.018323
12.47275 261125 -6.4192 -0.012562
12.47444 261566 5.2013 0.010170
12.47613 262008 14.0829 0.027513
12.47782 262450 10.9393 0.021353
12.47950 262893 -3.4215 -0.006673
12.48119 263337 2.3690 0.004617
12.48288 263782 -2.5019 -0.004871
12.48456 264227 9.9343 0.019326
12.48625 264673 -14.6206 -0.028419
12.48794 265120 14.2470 0.027670
12.48963 265568 10.8681 0.021090
12.49131 266016 31.5492 0.061169
12.49300 266465 35.1673 0.068127
12.49469 266915 49.6897 0.096179
12.49637 267366 29.3025 0.056670
12.49806 267817 22.9293 0.044307
12.49975 268269 20.5258 0.039629
12.50143 268722 6.6940 0.012913
12.50312 269176 4.0254 0.007759
12.50481 269630 7.6615 0.014755
12.50649 270085 1.3865 0.002668
12.50818 270541 8.8655 0.017045
12.50987 270998 10.5790 0.020322
12.51156 271456 11.8157 0.022678
12.51324 271914 48.6179 0.093235
12.51493 272373 65.1509 0.124836
12.51662 272833 53.7012 0.102810
12.51830 273293 32.9465 0.063022
12.51999 273755 29.8045 0.056964
12.52168 274217 33.1104 0.063229
12.52336 274680 8.3860 0.016001
12.52505 275144 10.7441 0.020483
12.52673 275608 18.1431 0.034559
12.52842 276074 3.2294 0.006146
12.53011 276540 7.5217 0.014303
12.53180 277007 8.4084 0.015976
12.53348 277474 0.9415 0.001787
12.53517 277943 17.6354 0.033451
12.53686 278412 10.6998 0.020278
12.53854 278882 28.9444 0.054809
12.54023 279353 48.0032 0.090823
12.54192 279824 73.2482 0.138470
12.54361 280297 100.9119 0.190604
12.54529 280770 92.9624 0.175441
12.54698 281244 80.1531 0.151140
12.54867 281719 83.0790 0.156525
12.55035 282195 82.8918 0.156040
12.55204 282671 86.8779 0.163406
12.55373 283148 99.8407 0.187629
12.55541 283626 105.6135 0.198311
12.55710 284105 83.3675 0.156407
12.55879 284585 93.8457 0.175917
12.56047 285065 89.5694 0.167760
12.56216 285547 79.0988 0.148024
12.56385 286029 59.4062 0.111078
12.56554 286512 62.7669 0.117263
12.56722 286995 59.7751 0.111579
12.56891 287480 52.3443 0.097626
12.57059 287965 29.5273 0.055024
12.57228 288451 15.3541 0.028588
12.57397 288938 0.6667 0.001240
12.57565 289426 -2.3154 -0.004304
12.57734 289915 5.8317 0.010831
12.57903 290404 -3.5921 -0.006666
12.58072 290895 -2.4572 -0.004556
12.58240 291386 -25.6896 -0.047591
12.58409 291878 -27.9021 -0.051646
12.58578 292370 -34.9406 -0.064620
12.58746 292864 -64.8854 -0.119899
12.58915 293358 -59.0455 -0.109015
12.59084 293854 -37.4266 -0.069042
12.59252 294350 -66.4682 -0.122513
12.59421 294847 -87.5751 -0.161281
12.59590 295345 -88.2512 -0.162389
12.59758 295843 -86.3331 -0.158726
12.59927 296343 -82.4922 -0.151536
12.60096 296843 -105.8307 -0.194244
12.60264 297344 -129.6721 -0.237803
12.60433 297846 -115.3410 -0.211343
12.60602 298349 -97.7020 -0.178872
12.60771 298853 -90.9314 -0.166336
12.60939 299357 -67.4438 -0.123267
12.61108 299863 -97.8957 -0.178773
12.61277 300369 -81.1012 -0.147979
12.61445 300876 -94.8121 -0.172850
12.61614 301384 -110.8088 -0.201843
12.61783 301893 -94.1775 -0.171404
12.61951 302402 -109.9218 -0.199890
12.62120 302913 -138.7492 -0.252099
12.62289 303424 -134.7453 -0.244618
12.62458 303937 -154.4995 -0.280243
12.62626 304450 -157.7650 -0.285925
12.62795 304964 -160.6450 -0.290899
12.62964 305479 -164.8823 -0.298321
12.63132 305994 -167.6482 -0.303070
12.63301 306511 -169.2451 -0.305698
12.63470 307029 -171.3051 -0.309158
12.63638 307547 -181.2444 -0.326820
12.63807 308066 -170.9867 -0.308064
12.63976 308586 -162.4671 -0.292467
12.64144 309107 -178.4358 -0.320943
12.64313 309629 -161.3626 -0.289989
12.64482 310152 -155.3475 -0.278944
12.64650 310675 -150.6694 -0.270316
12.64819 311200 -171.7881 -0.307945
12.64988 311725 -166.1898 -0.297659
12.65157 312252 -145.2327 -0.259903
12.65325 312779 -129.1932 -0.231005
12.65494 313307 -127.8925 -0.228486
12.65663 313836 -137.0233 -0.244593
12.65831 314366 -140.1356 -0.249937
12.66000 314896 -119.7296 -0.213362
12.66169 315428 -118.5642 -0.211107
12.66337 315961 -110.9968 -0.197467
12.66506 316494 -106.5362 -0.189371
12.66675 317028 -125.3096 -0.222554
12.66843 317564 -105.1358 -0.186567
12.67012 318100 -109.6598 -0.194431
12.67181 318637 -101.3969 -0.179629
12.67349 319175 -82.6542 -0.146302
12.67518 319714 -71.5445 -0.126530
12.67687 320253 -63.5627 -0.112320
12.67855 320794 -73.1765 -0.129199
12.68024 321336 -56.7294 -0.100076
12.68193 321878 -57.4261 -0.101219
12.68362 322422 -70.6039 -0.124342
12.68530 322966 -78.9276 -0.138883
12.68699 323511 -66.4379 -0.116808
12.68867 324057 -80.8984 -0.142112
12.69036 324605 -68.7624 -0.120691
12.69205 325153 -45.5060 -0.079804
12.69374 325702 -34.5367 -0.060516
12.69542 326251 -23.1309 -0.040496
12.69711 326802 -35.4322 -0.061981
12.69880 327354 -52.7799 -0.092249
12.70049 327907 -67.3014 -0.117530
12.70217 328460 -61.4673 -0.107251
12.70386 329015 -68.3971 -0.119242
12.70554 329570 -78.8376 -0.137328
12.70723 330127 -109.0939 -0.189872
12.70892 330684 -116.8324 -0.203169
12.71060 331242 -96.7056 -0.168027
12.71229 331802 -85.2972 -0.148080
12.71398 332362 -63.4104 -0.109990
12.71567 332923 -66.4106 -0.115097
12.71735 333485 -61.4368 -0.106387
12.71904 334048 -36.0376 -0.062352
12.72073 334612 -2.2659 -0.003917
12.72241 335177 -23.8020 -0.041113
12.72410 335743 -24.7939 -0.042790
12.72579 336310 -13.1647 -0.022701
12.72747 336877 26.2309 0.045194
12.72916 337446 56.7557 0.097703
12.73085 338016 62.4921 0.107487
12.73254 338587 69.5659 0.119553
12.73422 339158 56.1690 0.096448
12.73591 339731 46.0822 0.079062
12.73759 340304 49.9180 0.085570
12.73928 340879 33.8263 0.057937
12.74097 341454 71.9457 0.123123
12.74266 342031 64.1106 0.109622
12.74434 342608 81.7619 0.139686
12.74603 343187 59.8328 0.102135
12.74772 343766 76.4681 0.130421
12.74941 344347 82.6600 0.140863
12.75109 344928 71.3928 0.121560
12.75278 345510 72.9677 0.124137
12.75447 346094 69.2841 0.117771
12.75615 346678 55.6713 0.094551
12.75784 347263 61.0372 0.103577
12.75952 347849 53.7700 0.091168
12.76121 348437 44.4989 0.075385
12.76290 349025 43.4790 0.073596
12.76458 349614 61.2759 0.103632
12.76627 350205 42.1720 0.071263
12.76796 350796 28.2700 0.047731
12.76965 351388 12.4230 0.020957
12.77133 351981 13.9260 0.023473
12.77302 352576 -2.4609 -0.004144
12.77471 353171 -6.9586 -0.011709
12.77639 353767 -1.3219 -0.002222
12.77808 354364 -16.8752 -0.028348
12.77977 354963 3.5136 0.005897
12.78145 355562 7.2146 0.012099
12.78314 356162 -8.3628 -0.014013
12.78483 356763 -12.2473 -0.020505
12.78652 357366 -3.9510 -0.006609
12.78820 357969 -0.3220 -0.000538
12.78989 358573 30.9602 0.051703
12.79158 359179 21.2277 0.035420
12.79326 359785 19.0913 0.031828
12.79495 360393 19.3329 0.032204
12.79664 361001 43.0509 0.071652
12.79832 361611 18.0521 0.030020
12.80001 362221 -13.0936 -0.021756
12.80170 362833 -27.0189 -0.044855
12.80338 363445 -35.9660 -0.059659
12.80507 364059 -31.4033 -0.052046
12.80676 364673 -58.0059 -0.096055
12.80844 365289 -49.7033 -0.082237
12.81013 365906 -61.6911 -0.101985
12.81182 366524 -69.7865 -0.115271
12.81350 367142 -75.9655 -0.125372
12.81519 367762 -67.2035 -0.110818
12.81688 368383 -75.1968 -0.123894
12.81857 369005 -78.1057 -0.128578
12.82025 369628 -63.4440 -0.104354
12.82194 370252 -62.1568 -0.102150
12.82363 370877 -86.9526 -0.142780
12.82531 371503 -80.9685 -0.132842
12.82700 372131 -96.0640 -0.157475
12.82869 372759 -75.3743 -0.123455
12.83037 373388 -56.0235 -0.091683
12.83206 374019 -34.2718 -0.056039
12.83375 374650 -40.9399 -0.066886
12.83544 375283 -61.2938 -0.100055
12.83712 375916 -50.9346 -0.083074
12.83881 376551 -60.5693 -0.098705
12.84050 377187 -59.1677 -0.096340
12.84218 377823 -60.1837 -0.097912
12.84387 378461 -91.0210 -0.147956
12.84556 379100 -84.9030 -0.137894
12.84724 379740 -74.7036 -0.121227
12.84893 380381 -108.0074 -0.175123
12.85062 381024 -116.1564 -0.188177
12.85230 381667 -123.5161 -0.199932
12.85399 382311 -119.4539 -0.193193
12.85568 382957 -109.6100 -0.177123
12.85736 383603 -103.5379 -0.167170
12.85905 384251 -92.0301 -0.148464
12.86074 384900 -104.0935 -0.167784
12.86242 385549 -103.1269 -0.166086
12.86411 386200 -117.9347 -0.189774
12.86580 386852 -104.7004 -0.168336
12.86748 387505 -128.5840 -0.206561
12.86917 388160 -94.1850 -0.151174
12.87086 388815 -88.2515 -0.141531
12.87254 389471 -94.0042 -0.150629
12.87423 390129 -106.3618 -0.170287
12.87592 390788 -86.1060 -0.137741
12.87761 391447 -71.6403 -0.114504
12.87929 392108 -84.8410 -0.135489
12.88098 392770 -72.3026 -0.115368
12.88267 393433 -69.5225 -0.110838
12.88435 394098 -54.8159 -0.087318
12.88604 394763 -63.7120 -0.101403
12.88773 395429 -57.5130 -0.091460
12.88941 396097 -40.6859 -0.064646
12.89110 396766 -54.3522 -0.086288
12.89279 397436 -71.3346 -0.113153
12.89448 398107 -76.2742 -0.120886
12.89616 398779 -85.3719 -0.135191
12.89785 399452 -78.3573 -0.123979
12.89953 400126 -93.5148 -0.147837
12.90122 400802 -89.5669 -0.141476
12.90291 401479 -89.2656 -0.140881
12.90460 402156 -101.4097 -0.159912
12.90628 402835 -93.8474 -0.147863
12.90797 403516 -113.3666 -0.178466
12.90966 404197 -81.0773 -0.127527
12.91134 404879 -94.8955 -0.149136
12.91303 405563 -77.0868 -0.121046
12.91472 406247 -76.3719 -0.119823
12.91640 406933 -87.5439 -0.137235
12.91809 407620 -102.2934 -0.160221
12.91978 408309 -120.7582 -0.188983
12.92147 408998 -132.5812 -0.207311
12.92315 409688 -133.4545 -0.208500
12.92484 410380 -131.6912 -0.205572
12.92653 411073 -112.8859 -0.176068
12.92821 411767 -124.3454 -0.193778
12.92990 412462 -120.5931 -0.187772
12.93159 413158 -109.1529 -0.169816
12.93327 413856 -114.9726 -0.178719
12.93496 414555 -137.7950 -0.214014
12.93665 415255 -164.5335 -0.255327
12.93833 415956 -143.0552 -0.221809
12.94002 416658 -124.6662 -0.193134
12.94171 417361 -108.7958 -0.168405
12.94339 418066 -90.3906 -0.139798
12.94508 418772 -85.9345 -0.132794
12.94677 419479 -109.0196 -0.168325
12.94846 420187 -102.3529 -0.157899
12.95014 420896 -88.3622 -0.136201
12.95183 421607 -85.8529 -0.132221
12.95352 422319 -67.2178 -0.103434
12.95520 423032 -69.4082 -0.106715
12.95689 423746 -38.7111 -0.059468
12.95858 424462 -51.4308 -0.078941
12.96026 425178 -56.0166 -0.085908
12.96195 425896 -46.8714 -0.071822
12.96364 426615 -32.8097 -0.050232
12.96532 427335 -9.1526 -0.014001
12.96701 428057 -29.2906 -0.044769
12.96870 428779 -23.8490 -0.036421
12.97038 429503 1.6338 0.002493
12.97207 430228 12.1275 0.018489
12.97376 430955 10.7748 0.016413
12.97544 431682 40.2221 0.061218
12.97713 432411 26.3020 0.039998
12.97882 433141 10.0807 0.015317
12.98051 433873 -11.3964 -0.017302
12.98219 434605 -37.1944 -0.056420
12.98388 435339 -72.6013 -0.110035
12.98557 436074 -93.0860 -0.140963
12.98725 436810 -86.0035 -0.130128
12.98894 437547 -102.7327 -0.155309
12.99063 438286 -100.0430 -0.151115
12.99231 439026 -72.6397 -0.109630
12.99400 439767 -53.4915 -0.080663
12.99569 440510 -44.9975 -0.067797
12.99737 441253 -36.6597 -0.055188
12.99906 441998 -48.7326 -0.073301
13.00075 442745 -45.8136 -0.068852
13.00244 443492 -33.1419 -0.049766
13.00412 444241 -27.9385 -0.041917
13.00581 444991 -40.3967 -0.060558
13.00750 445742 -64.5186 -0.096637
13.00918 446495 -38.5346 -0.057669
13.01087 447249 -6.0448 -0.009039
13.01256 448004 5.8173 0.008691
13.01424 448760 14.5604 0.021735
13.01593 449518 4.8738 0.007269
13.01762 450277 18.9032 0.028171
13.01930 451037 6.0282 0.008976
13.02099 451798 -0.2595 -0.000386
13.02268 452561 -13.6007 -0.020217
13.02436 453325 -34.3180 -0.050970
13.02605 454090 -15.7280 -0.023340
13.02774 454857 3.7672 0.005586
13.02943 455625 0.5349 0.000792
13.03111 456394 -3.6178 -0.005355
13.03280 457165 -5.7588 -0.008517
13.03449 457937 25.1266 0.037131
13.03617 458710 36.1124 0.053320
13.03786 459484 43.2939 0.063869
13.03955 460260 41.9870 0.061889
13.04123 461037 77.3904 0.113978
13.04292 461815 94.0933 0.138460
13.04461 462595 103.8460 0.152683
13.04629 463376 102.2149 0.150158
13.04798 464158 86.6319 0.127158
13.04967 464942 77.5924 0.113794
13.05135 465727 70.2848 0.102990
13.05304 466513 80.8382 0.118355
13.05473 467301 86.7849 0.126954
13.05642 468090 95.1299 0.139044
13.05810 468880 85.9716 0.125552
13.05979 469672 91.0165 0.132808
13.06148 470465 117.4865 0.171287
13.06316 471259 112.4504 0.163806
13.06485 472055 114.7791 0.167058
13.06654 472852 76.3420 0.111020
13.06822 473650 60.9552 0.088569
13.06991 474450 87.6824 0.127297
13.07160 475251 56.8842 0.082514
13.07328 476053 39.5244 0.057285
13.07497 476857 35.1456 0.050895
13.07666 477662 14.8177 0.021440
13.07834 478468 26.5673 0.038408
13.08003 479276 31.5546 0.045580
13.08172 480085 29.6156 0.042743
13.08341 480896 22.4293 0.032344
13.08509 481708 20.4462 0.029459
13.08678 482521 8.2705 0.011906
13.08847 483335 -19.4484 -0.027974
13.09015 484151 -19.9228 -0.028633
13.09184 484969 -19.2080 -0.027582
13.09353 485788 -6.0910 -0.008739
13.09521 486608 -48.6247 -0.069706
13.09690 487429 -45.4928 -0.065161
13.09859 488252 -53.3505 -0.076351
13.10028 489077 -43.4839 -0.062178
13.10196 489902 -54.3377 -0.077633
13.10365 490729 -15.3711 -0.021942
13.10534 491558 -18.7071 -0.026682
13.10702 492388 -38.8910 -0.055424
13.10871 493219 -42.3315 -0.060276
13.11040 494052 -60.3439 -0.085851
13.11208 494886 -88.3042 -0.125525
13.11377 495721 -100.1144 -0.142193
13.11546 496558 -104.0202 -0.147616
13.11714 497397 -118.3579 -0.167821
13.11883 498236 -94.5917 -0.134010
13.12052 499078 -100.2526 -0.141910
13.12220 499920 -105.2003 -0.148788
13.12389 500764 -127.7299 -0.180499
13.12558 501610 -145.8058 -0.205869
13.12727 502457 -173.1803 -0.244314
13.12895 503305 -185.0639 -0.260859
13.13064 504155 -200.6111 -0.282535
13.13233 505006 -195.5512 -0.275177
13.13401 505858 -176.3535 -0.247953
13.13570 506712 -193.0552 -0.271207
13.13739 507568 -188.8019 -0.265008
13.13907 508425 -190.1475 -0.266672
13.14076 509283 -165.9008 -0.232471
13.14245 510143 -154.1436 -0.215814
13.14413 511004 -140.9477 -0.197172
13.14582 511867 -144.9431 -0.202591
13.14751 512731 -179.7548 -0.251036
13.14919 513597 -194.7708 -0.271777
13.15088 514464 -207.8054 -0.289721
13.15257 515332 -209.3226 -0.291590
13.15425 516202 -178.1195 -0.247914
13.15594 517074 -175.1856 -0.243625
13.15763 517947 -208.5943 -0.289841
13.15931 518821 -219.0732 -0.304145
13.16100 519697 -230.7561 -0.320094
13.16269 520575 -255.3248 -0.353876
13.16438 521454 -298.8593 -0.413865
13.16606 522334 -273.4890 -0.378413
13.16775 523216 -298.1399 -0.412173
13.16944 524099 -247.7711 -0.342250
13.17112 524984 -259.1091 -0.357610
13.17281 525870 -257.3823 -0.354927
13.17450 526758 -254.9205 -0.351236
13.17618 527648 -244.9666 -0.337237
13.17787 528538 -271.2819 -0.373149
13.17956 529431 -274.3745 -0.377085
13.18125 530325 -284.6076 -0.390819
13.18293 531220 -319.6979 -0.438634
13.18462 532117 -308.5788 -0.423022
13.18630 533015 -301.4002 -0.412832
13.18799 533915 -288.0541 -0.394219
13.18968 534816 -288.1094 -0.393963
13.19137 535719 -238.4071 -0.325725
13.19305 536624 -234.7996 -0.320525
13.19474 537530 -207.1347 -0.282521
13.19643 538437 -182.2589 -0.248383
13.19811 539346 -184.5352 -0.251273
13.19980 540257 -174.0980 -0.236861
13.20149 541169 -171.3656 -0.232947
13.20317 542083 -215.6103 -0.292844
13.20486 542998 -190.6972 -0.258789
13.20655 543915 -189.1532 -0.256477
13.20823 544833 -186.7471 -0.253001
13.20992 545753 -206.9152 -0.280088
13.21161 546674 -204.4627 -0.276535
13.21329 547597 -209.5451 -0.283170
13.21498 548522 -224.5216 -0.303152
13.21667 549448 -228.9838 -0.308917
13.21836 550375 -224.4721 -0.302575
13.22004 551305 -245.5149 -0.330660
13.22173 552235 -213.5835 -0.287413
13.22342 553168 -176.8575 -0.237791
13.22510 554102 -156.6986 -0.210509
13.22679 555037 -168.7249 -0.226474
13.22848 555974 -147.0017 -0.197149
13.23016 556913 -120.8344 -0.161919
13.23185 557853 -135.4678 -0.181375
13.23354 558795 -117.4817 -0.157161
13.23522 559738 -129.3739 -0.172924
13.23691 560683 -164.1690 -0.219246
13.23860 561630 -180.2706 -0.240547
13.24029 562578 -160.1841 -0.213564
13.24197 563528 -182.4307 -0.243019
13.24366 564479 -198.0099 -0.263550
13.24535 565432 -200.2020 -0.266243
13.24703 566387 -183.6957 -0.244086
13.24872 567343 -209.4646 -0.278092
13.25041 568301 -228.1775 -0.302680
13.25209 569260 -226.7429 -0.300523
13.25378 570221 -202.7576 -0.268507
13.25547 571184 -230.7257 -0.305287
13.25715 572149 -211.0564 -0.279026
13.25884 573114 -208.2271 -0.275053
13.26053 574082 -189.4066 -0.249982
13.26221 575051 -201.1443 -0.265249
13.26390 576022 -190.6052 -0.251140
13.26559 576995 -188.1707 -0.247723
13.26728 577969 -160.9087 -0.211654
13.26896 578945 -135.9471 -0.178670
13.27065 579922 -109.4566 -0.143733
13.27234 580901 -106.9309 -0.140298
13.27402 581882 -81.3989 -0.106709
13.27571 582864 -77.9957 -0.102161
13.27740 583848 -98.8303 -0.129342
13.27908 584834 -100.8463 -0.131869
13.28077 585821 -145.8225 -0.190521
13.28246 586810 -161.4202 -0.210722
13.28414 587801 -164.8912 -0.215071
13.28583 588793 -217.2193 -0.283085
13.28752 589788 -199.4039 -0.259648
13.28920 590783 -208.9175 -0.271807
13.29089 591781 -203.2743 -0.264242
13.29258 592780 -173.1369 -0.224876
13.29427 593781 -174.8971 -0.226971
13.29595 594783 -170.7035 -0.221342
13.29764 595787 -157.1637 -0.203614
13.29933 596793 -157.2697 -0.203579
13.30101 597801 -169.3900 -0.219083
13.30270 598810 -178.8838 -0.231167
13.30439 599821 -161.6239 -0.208687
13.30607 600834 -168.6136 -0.217528
13.30776 601848 -132.3262 -0.170570
13.30945 602864 -99.9997 -0.128792
13.31113 603882 -107.5807 -0.138439
13.31282 604901 -77.3253 -0.099421
13.31451 605923 -97.9686 -0.125857
13.31620 606946 -57.8485 -0.074254
13.31788 607970 -81.6977 -0.104778
13.31957 608997 -104.9398 -0.134472
13.32126 610025 -85.8839 -0.109961
13.32294 611055 -70.3518 -0.089999
13.32463 612087 -64.2680 -0.082146
13.32632 613120 -23.3442 -0.029813
13.32800 614155 -70.6251 -0.090120
13.32969 615192 -46.5732 -0.059379
13.33138 616231 -25.9599 -0.033070
13.33306 617271 -26.0459 -0.033151
13.33475 618313 -33.1293 -0.042132
13.33644 619357 -34.6271 -0.043999
13.33812 620403 -41.1318 -0.052221
13.33981 621450 -18.1985 -0.023085
13.34150 622499 -8.6673 -0.010985
13.34318 623550 -14.5411 -0.018415
13.34487 624603 -0.2900 -0.000367
13.34656 625657 37.1487 0.046965
13.34825 626714 15.3588 0.019401
13.34993 627772 19.6133 0.024754
13.35162 628832 16.6939 0.021052
13.35331 629893 5.6750 0.007150
13.35499 630957 20.2104 0.025443
13.35668 632022 56.9395 0.071622
13.35837 633089 53.6255 0.067397
13.36005 634158 39.9742 0.050197
13.36174 635229 31.0218 0.038923
13.36343 636301 28.6286 0.035890
13.36511 637375 27.8111 0.034835
13.36680 638451 25.9122 0.032430
13.36849 639529 12.4124 0.015521
13.37017 640609 15.9215 0.019892
13.37186 641691 15.5438 0.019404
13.37355 642774 -20.6283 -0.025730
13.37524 643859 -16.3510 -0.020377
13.37692 644946 -33.0707 -0.041180
13.37861 646035 -11.5918 -0.014422
13.38030 647126 -34.8288 -0.043296
13.38198 648218 -4.4901 -0.005577
13.38367 649313 -29.9352 -0.037150
13.38536 650409 -31.2932 -0.038802
13.38704 651507 -22.4365 -0.027797
13.38873 652607 -17.4341 -0.021581
13.39042 653709 -3.9225 -0.004851
13.39210 654812 -13.7900 -0.017041
13.39379 655918 -48.2836 -0.059618
13.39548 657025 -65.9546 -0.081368
13.39717 658135 -57.3509 -0.070694
13.39885 659246 -34.5458 -0.042547
13.40054 660359 -21.9243 -0.026980
13.40223 661474 -31.5131 -0.038747
13.40391 662590 -24.0043 -0.029489
13.40560 663709 1.1343 0.001392
13.40729 664830 -10.1190 -0.012410
13.40897 665952 -2.3255 -0.002850
13.41066 667076 -6.9012 -0.008450
13.41235 668203 -37.8559 -0.046310
13.41403 669331 -16.8595 -0.020607
13.41572 670461 -54.3520 -0.066379
13.41741 671593 -45.8946 -0.056003
13.41909 672726 -66.5129 -0.081094
13.42078 673862 -64.0277 -0.077998
13.42247 675000 -57.5531 -0.070051
13.42416 676140 -69.8952 -0.085002
13.42584 677281 -69.1488 -0.084023
13.42753 678424 -62.3879 -0.075744
13.42922 679570 -44.0801 -0.053472
13.43090 680717 -41.5089 -0.050310
13.43259 681866 -89.1566 -0.107970
13.43428 683018 -93.6496 -0.113316
13.43596 684171 -90.0089 -0.108819
13.43765 685326 -79.8560 -0.096463
13.43934 686483 -41.9462 -0.050626
13.44102 687642 -56.2780 -0.067867
13.44271 688803 -27.7918 -0.033486
13.44440 689966 -41.4738 -0.049930
13.44608 691131 -56.6487 -0.068141
13.44777 692297 -114.2035 -0.137257
13.44946 693466 -100.7038 -0.120930
13.45114 694637 -84.2379 -0.101071
13.45283 695810 -85.6028 -0.102623
13.45452 696985 -67.2979 -0.080610
13.45621 698161 -77.4837 -0.092733
13.45789 699340 -104.5859 -0.125063
13.45958 700521 -94.7507 -0.113207
13.46127 701703 -88.2707 -0.105376
13.46295 702888 -111.4087 -0.132885
13.46464 704075 -86.0740 -0.102580
13.46633 705263 -82.5122 -0.098252
13.46801 706454 -67.3090 -0.080081
13.46970 707647 -61.9863 -0.073686
13.47139 708842 -69.9289 -0.083058
13.47307 710038 -56.9002 -0.067526
13.47476 711237 -21.0046 -0.024906
13.47645 712438 -7.7605 -0.009194
13.47814 713641 -19.5315 -0.023120
13.47982 714845 -9.3260 -0.011030
13.48151 716052 11.1502 0.013177
13.48320 717261 24.0431 0.028389
13.48488 718472 29.2966 0.034563
13.48657 719685 55.0201 0.064856
13.48826 720900 28.8014 0.033922
13.48994 722117 35.6357 0.041936
13.49163 723336 34.8763 0.041007
13.49332 724558 46.5539 0.054691
13.49500 725781 17.0310 0.019991
13.49669 727006 4.5358 0.005320
13.49838 728234 -15.8627 -0.018588
13.50006 729463 -13.8769 -0.016248
13.50175 730695 -56.0724 -0.065597
13.50344 731928 -31.6548 -0.037000
13.50512 733164 -38.2421 -0.044662
13.50681 734402 -8.7172 -0.010172
13.50850 735642 -5.3290 -0.006213
13.51019 736884 -25.9793 -0.030264
13.51187 738128 -51.6710 -0.060142
13.51356 739374 -40.8382 -0.047494
13.51525 740622 -61.3843 -0.071328
13.51693 741873 -90.1071 -0.104615
13.51862 743125 -78.3188 -0.090852
13.52031 744380 -67.1279 -0.077805
13.52199 745637 -79.6126 -0.092197
13.52368 746895 -68.0431 -0.078733
13.52537 748156 -76.2447 -0.088148
13.52705 749419 -82.1660 -0.094914
13.52874 750685 -69.6117 -0.080344
13.53043 751952 -55.9478 -0.064519
13.53212 753222 -49.2942 -0.056798
13.53380 754493 -49.8265 -0.057363
13.53549 755767 -59.5400 -0.068488
13.53718 757043 -62.9744 -0.072378
13.53886 758321 -47.7214 -0.054801
13.54055 759601 -37.7069 -0.043264
13.54224 760884 -53.7112 -0.061575
13.54392 762169 -91.1037 -0.104354
13.54561 763455 -104.8572 -0.120007
13.54730 764744 -109.7758 -0.125530
13.54898 766035 -107.0664 -0.122329
13.55067 767329 -94.4962 -0.107876
13.55236 768624 -110.0448 -0.125520
13.55404 769922 -125.6528 -0.143202
13.55573 771222 -100.8256 -0.114810
13.55742 772524 -102.7112 -0.116859
13.55910 773828 -102.7200 -0.116770
13.56079 775134 -92.5304 -0.105098
13.56248 776443 -64.2775 -0.072946
13.56417 777754 -86.7605 -0.098379
13.56585 779067 -88.9354 -0.100760
13.56754 780382 -53.5567 -0.060626
13.56923 781700 -65.8161 -0.074441
13.57091 783020 -56.9086 -0.064312
13.57260 784342 -77.9588 -0.088026
13.57429 785666 -109.0208 -0.122996
13.57597 786992 -129.9299 -0.146462
13.57766 788321 -127.4823 -0.143581
13.57935 789652 -105.5349 -0.118762
13.58103 790985 -133.6861 -0.150315
13.58272 792320 -136.2213 -0.153036
13.58441 793658 -105.4616 -0.118380
13.58609 794998 -107.2499 -0.120286
13.58778 796340 -91.5398 -0.102580
13.58947 797685 -64.5176 -0.072237
13.59116 799031 -55.2455 -0.061804
13.59284 800380 -51.6555 -0.057739
13.59453 801732 -60.3640 -0.067416
13.59622 803085 -78.7023 -0.087823
13.59790 804441 -68.1724 -0.076008
13.59959 805799 -68.8818 -0.076735
13.60128 807160 -36.5506 -0.040683
13.60296 808522 -100.8415 -0.112148
13.60465 809887 -91.4323 -0.101599
13.60634 811255 -132.8580 -0.147506
13.60802 812624 -130.2657 -0.144506
13.60971 813996 -117.5967 -0.130342
13.61140 815371 -112.8666 -0.124994
13.61308 816747 -124.3558 -0.137601
13.61477 818126 -85.0304 -0.094008
13.61646 819507 -78.9219 -0.087181
13.61815 820891 -63.6635 -0.070266
13.61983 822277 -71.8438 -0.079228
13.62152 823665 -42.0427 -0.046325
13.62321 825056 -29.2405 -0.032192
13.62489 826449 4.8734 0.005361
13.62658 827844 -18.7069 -0.020560
13.62827 829242 -8.9304 -0.009807
13.62995 830642 -9.7392 -0.010686
13.63164 832044 -22.2437 -0.024386
13.63333 833449 -15.2960 -0.016755
13.63501 834856 7.9009 0.008647
13.63670 836265 42.4960 0.046470
13.63839 837677 0.0232 0.000025
13.64007 839091 28.7200 0.031353
13.64176 840508 -14.3891 -0.015695
13.64345 841927 -28.3082 -0.030851
13.64513 843348 -61.2568 -0.066704
13.64682 844772 -43.9217 -0.047787
13.64851 846199 -10.4352 -0.011344
13.65020 847627 9.4321 0.010245
13.65188 849058 -8.4567 -0.009178
13.65357 850492 -0.1599 -0.000173
13.65526 851928 -8.1089 -0.008785
13.65694 853366 -15.0300 -0.016270
13.65863 854807 -4.8745 -0.005272
13.66032 856250 -0.0187 -0.000020
13.66200 857695 0.4149 0.000448
13.66369 859143 -3.3828 -0.003650
13.66538 860594 5.8194 0.006273
13.66707 862047 6.8702 0.007399
13.66875 863502 -30.1480 -0.032443
13.67044 864960 -62.1359 -0.066810
13.67213 866420 -80.0951 -0.086048
13.67381 867883 -52.9798 -0.056870
13.67550 869348 -73.2664 -0.078579
13.67719 870816 -131.2642 -0.140664
13.67887 872286 -85.7056 -0.091766
13.68056 873759 -84.8908 -0.090817
13.68225 875234 -91.3001 -0.097591
13.68393 876712 -48.5066 -0.051805
13.68562 878192 -10.8885 -0.011619
13.68731 879675 -19.6703 -0.020972
13.68899 881160 -18.5301 -0.019740
13.69068 882648 -56.1608 -0.059778
13.69237 884138 -55.1841 -0.058689
13.69405 885630 -74.8160 -0.079500
13.69574 887126 -94.5362 -0.100370
13.69743 888623 -70.8703 -0.075181
13.69912 890124 -72.8410 -0.077206
13.70080 891626 -46.4509 -0.049193
13.70249 893132 -30.2893 -0.032050
13.70418 894640 -0.3146 -0.000333
13.70586 896150 3.2711 0.003455
13.70755 897663 33.2373 0.035081
13.70924 899178 9.5525 0.010074
13.71092 900697 -39.1021 -0.041201
13.71261 902217 -57.9873 -0.061049
13.71430 903740 -41.9278 -0.044104
13.71598 905266 -88.7308 -0.093258
13.71767 906795 -47.7765 -0.050172
13.71936 908326 -40.2087 -0.042189
13.72104 909859 -43.8438 -0.045964
13.72273 911395 -61.9509 -0.064893
13.72442 912934 -47.7954 -0.050023
13.72611 914475 -7.3230 -0.007658
13.72779 916019 -14.1570 -0.014792
13.72948 917566 -38.2225 -0.039903
13.73117 919115 -11.3231 -0.011811
13.73285 920666 -28.3383 -0.029534
13.73454 922221 -10.0478 -0.010463
13.73623 923778 23.4045 0.024351
13.73791 925337 -5.3435 -0.005555
13.73960 926900 -29.5371 -0.030680
13.74129 928465 -57.4866 -0.059660
13.74297 930032 -12.7411 -0.013212
13.74466 931602 -10.4264 -0.010802
13.74635 933175 -24.1340 -0.024983
13.74804 934751 4.3992 0.004550
13.74972 936329 12.4101 0.012825
13.75141 937910 -3.5121 -0.003626
13.75310 939493 -37.1507 -0.038328
13.75478 941079 -23.3755 -0.024096
13.75647 942668 -79.4148 -0.081794
13.75816 944259 -47.6727 -0.049060
13.75984 945854 -40.2745 -0.041411
13.76153 947451 -49.3795 -0.050730
13.76322 949050 -61.4154 -0.063042
13.76490 950652 -76.9810 -0.078954
13.76659 952257 -41.1383 -0.042157
13.76828 953865 -50.1206 -0.051318
13.76996 955475 -65.7817 -0.067297
13.77165 957089 -87.8708 -0.089819
13.77334 958704 -90.4455 -0.092373
13.77502 960323 -94.7241 -0.096661
13.77671 961944 -38.6805 -0.039438
13.77840 963568 -38.0195 -0.038732
13.78009 965195 -23.7105 -0.024134
13.78177 966825 -47.3554 -0.048161
13.78346 968457 -41.5618 -0.042233
13.78515 970092 -50.3999 -0.051171
13.78683 971730 -31.8757 -0.032336
13.78852 973370 -15.5432 -0.015754
13.79021 975014 -16.9069 -0.017122
13.79189 976660 -17.3011 -0.017507
13.79358 978309 9.2545 0.009357
13.79527 979960 -3.4809 -0.003516
13.79695 981615 18.5005 0.018673
13.79864 983272 17.1018 0.017247
13.80033 984932 49.9021 0.050282
13.80201 986595 93.6887 0.094323
13.80370 988261 106.7465 0.107379
13.80539 989929 100.0441 0.100552
13.80708 991601 133.0327 0.133595
13.80876 993275 151.3532 0.151865
13.81045 994952 172.0113 0.172447
13.81214 996631 145.2934 0.145539
13.81382 998314 138.9775 0.139095
13.81551 999999 96.6227 0.096623
