**
(main.tex
LaTeX2e <2021-11-15> patch level 1
L3 programming layer <2022-02-24> (article.cls
Document Class: article 2021/10/04 v1.4n Standard LaTeX document class
(size11.clo
File: size11.clo 2021/10/04 v1.4n Standard LaTeX file (size option)
)
\c@part=\count181
\c@section=\count182
\c@subsection=\count183
\c@subsubsection=\count184
\c@paragraph=\count185
\c@subparagraph=\count186
\c@figure=\count187
\c@table=\count188
\abovecaptionskip=\skip47
\belowcaptionskip=\skip48
\bibindent=\dimen138
) (inputenc.sty
Package: inputenc 2021/02/14 v1.3d Input encoding file
\inpenc@prehook=\toks16
\inpenc@posthook=\toks17


Package inputenc Warning: inputenc package ignored with utf8 based engines.

) (fontenc.sty
Package: fontenc 2021/04/29 v2.0v Standard LaTeX package
LaTeX Font Info:    Trying to load font information for T1+lmr on input line 11
2.
 (t1lmr.fd
File: t1lmr.fd 2015/05/01 v1.6.1 Font defs for Latin Modern
)) (amsmath.sty
Package: amsmath 2021/10/15 v2.17l AMS math features
\@mathmargin=\skip49

For additional information on amsmath, use the `?' option.
(amstext.sty
Package: amstext 2021/08/26 v2.01 AMS text
 (amsgen.sty
File: amsgen.sty 1999/11/30 v2.0 generic functions
\@emptytoks=\toks18
\ex@=\dimen139
)) (amsbsy.sty
Package: amsbsy 1999/11/29 v1.2d Bold Symbols
\pmbraise@=\dimen140
) (amsopn.sty
Package: amsopn 2021/08/26 v2.02 operator names
)
\inf@bad=\count189
LaTeX Info: Redefining \frac on input line 234.
\uproot@=\count190
\leftroot@=\count191
LaTeX Info: Redefining \overline on input line 399.
\classnum@=\count192
\DOTSCASE@=\count193
LaTeX Info: Redefining \ldots on input line 496.
LaTeX Info: Redefining \dots on input line 499.
LaTeX Info: Redefining \cdots on input line 620.
\Mathstrutbox@=\box50
\strutbox@=\box51
\big@size=\dimen141
LaTeX Font Info:    Redeclaring font encoding OML on input line 743.
LaTeX Font Info:    Redeclaring font encoding OMS on input line 744.
\macc@depth=\count194
\c@MaxMatrixCols=\count195
\dotsspace@=\muskip16
\c@parentequation=\count196
\dspbrk@lvl=\count197
\tag@help=\toks19
\row@=\count198
\column@=\count199
\maxfields@=\count266
\andhelp@=\toks20
\eqnshift@=\dimen142
\alignsep@=\dimen143
\tagshift@=\dimen144
\tagwidth@=\dimen145
\totwidth@=\dimen146
\lineht@=\dimen147
\@envbody=\toks21
\multlinegap=\skip50
\multlinetaggap=\skip51
\mathdisplay@stack=\toks22
LaTeX Info: Redefining \[ on input line 2938.
LaTeX Info: Redefining \] on input line 2939.
) (amssymb.sty
Package: amssymb 2013/01/14 v3.01 AMS font symbols

(amsfonts.sty
Package: amsfonts 2013/01/14 v3.01 Basic AMSFonts support
\symAMSa=\mathgroup4
\symAMSb=\mathgroup5
LaTeX Font Info:    Redeclaring math symbol \hbar on input line 98.
LaTeX Font Info:    Overwriting math alphabet `\mathfrak' in version `bold'
(Font)                  U/euf/m/n --> U/euf/b/n on input line 106.
)) (amsthm.sty
Package: amsthm 2020/05/29 v2.20.6
\thm@style=\toks23
\thm@bodyfont=\toks24
\thm@headfont=\toks25
\thm@notefont=\toks26
\thm@headpunct=\toks27
\thm@preskip=\skip52
\thm@postskip=\skip53
\thm@headsep=\skip54
\dth@everypar=\toks28
) (booktabs.sty
Package: booktabs 2020/01/12 v1.61803398 Publication quality tables
\heavyrulewidth=\dimen148
\lightrulewidth=\dimen149
\cmidrulewidth=\dimen150
\belowrulesep=\dimen151
\belowbottomsep=\dimen152
\aboverulesep=\dimen153
\abovetopsep=\dimen154
\cmidrulesep=\dimen155
\cmidrulekern=\dimen156
\defaultaddspace=\dimen157
\@cmidla=\count267
\@cmidlb=\count268
\@aboverulesep=\dimen158
\@belowrulesep=\dimen159
\@thisruleclass=\count269
\@lastruleclass=\count270
\@thisrulewidth=\dimen160
) (array.sty
Package: array 2021/10/04 v2.5f Tabular extension package (FMi)
\col@sep=\dimen161
\ar@mcellbox=\box52
\extrarowheight=\dimen162
\NC@list=\toks29
\extratabsurround=\skip55
\backup@length=\skip56
\ar@cellbox=\box53
) (longtable.sty
Package: longtable 2021-09-01 v4.17 Multi-page Table package (DPC)
\LTleft=\skip57
\LTright=\skip58
\LTpre=\skip59
\LTpost=\skip60
\LTchunksize=\count271
\LTcapwidth=\dimen163
\LT@head=\box54
\LT@firsthead=\box55
\LT@foot=\box56
\LT@lastfoot=\box57
\LT@gbox=\box58
\LT@cols=\count272
\LT@rows=\count273
\c@LT@tables=\count274
\c@LT@chunks=\count275
\LT@p@ftn=\toks30
)
(caption.sty
Package: caption 2022/03/01 v3.6b Customizing captions (AR)
 (caption3.sty
Package: caption3 2022/03/17 v2.3b caption3 kernel (AR)
 (keyval.sty
Package: keyval 2014/10/28 v1.15 key=value parser (DPC)
\KV@toks@=\toks31
)
\caption@tempdima=\dimen164
\captionmargin=\dimen165
\caption@leftmargin=\dimen166
\caption@rightmargin=\dimen167
\caption@width=\dimen168
\caption@indent=\dimen169
\caption@parindent=\dimen170
\caption@hangindent=\dimen171
Package caption Info: Standard document class detected.
)
\c@caption@flags=\count276
\c@continuedfloat=\count277
Package caption Info: longtable package is loaded.
 (ltcaption.sty
Package: ltcaption 2021/01/08 v1.4c longtable captions (AR)
)) (placeins.sty
Package: placeins 2005/04/18  v 2.2
)
(microtype.sty
Package: microtype 2022/03/14 v3.0d Micro-typographical refinements (RS)
 (etoolbox.sty
Package: etoolbox 2020/10/05 v2.5k e-TeX tools for LaTeX (JAW)
\etb@tempcnta=\count278
)
\MT@toks=\toks32
\MT@tempbox=\box59
\MT@count=\count279
LaTeX Info: Redefining \noprotrusionifhmode on input line 1027.
LaTeX Info: Redefining \leftprotrusion on input line 1028.
LaTeX Info: Redefining \rightprotrusion on input line 1036.
LaTeX Info: Redefining \textls on input line 1195.
\MT@outer@kern=\dimen172
LaTeX Info: Redefining \textmicrotypecontext on input line 1781.
\MT@listname@count=\count280
 (microtype-xetex.def
File: microtype-xetex.def 2022/03/14 v3.0d Definitions specific to xetex (RS)
LaTeX Info: Redefining \lsstyle on input line 236.
)
Package microtype Info: Loading configuration file microtype.cfg.
 (microtype.cfg
File: microtype.cfg 2022/03/14 v3.0d microtype main configuration file (RS)
))
(xcolor.sty
Package: xcolor 2021/10/31 v2.13 LaTeX color extensions (UK)
 (color.cfg
File: color.cfg 2016/01/02 v1.6 sample color configuration
)
Package xcolor Info: Driver file: xetex.def on input line 227.
 (xetex.def
File: xetex.def 2021/03/18 v5.0k Graphics/color driver for xetex
)
Package xcolor Info: Model `cmy' substituted by `cmy0' on input line 1352.
Package xcolor Info: Model `RGB' extended on input line 1368.
Package xcolor Info: Model `HTML' substituted by `rgb' on input line 1370.
Package xcolor Info: Model `Hsb' substituted by `hsb' on input line 1371.
Package xcolor Info: Model `tHsb' substituted by `hsb' on input line 1372.
Package xcolor Info: Model `HSB' substituted by `hsb' on input line 1373.
Package xcolor Info: Model `Gray' substituted by `gray' on input line 1374.
Package xcolor Info: Model `wave' substituted by `hsb' on input line 1375.
) (pgfplots.sty (pgfplots.revision.tex)
Package: pgfplots 2021/05/15 v1.18.1 Data Visualization (1.18.1)

(graphicx.sty
Package: graphicx 2021/09/16 v1.2d Enhanced LaTeX Graphics (DPC,SPQR)
 (graphics.sty
Package: graphics 2021/03/04 v1.4d Standard LaTeX Graphics (DPC,SPQR)
 (trig.sty
Package: trig 2021/08/11 v1.11 sin cos tan (DPC)
) (graphics.cfg
File: graphics.cfg 2016/06/04 v1.11 sample graphics configuration
)
Package graphics Info: Driver file: xetex.def on input line 107.
)
\Gin@req@height=\dimen173
\Gin@req@width=\dimen174
) (tikz.sty (pgf.sty
(pgfrcs.sty (pgfutil-common.tex
\pgfutil@everybye=\toks33
\pgfutil@tempdima=\dimen175
\pgfutil@tempdimb=\dimen176
 (pgfutil-common-lists.tex)) (pgfutil-latex.def
\pgfutil@abb=\box60
) (pgfrcs.code.tex (pgf.revision.tex)
Package: pgfrcs 2021/05/15 v3.1.9a (3.1.9a)
))
Package: pgf 2021/05/15 v3.1.9a (3.1.9a)
 (pgfcore.sty (pgfsys.sty
(pgfsys.code.tex
Package: pgfsys 2021/05/15 v3.1.9a (3.1.9a)
 (pgfkeys.code.tex
\pgfkeys@pathtoks=\toks34
\pgfkeys@temptoks=\toks35
 (pgfkeysfiltered.code.tex
\pgfkeys@tmptoks=\toks36
))
\pgf@x=\dimen177
\pgf@y=\dimen178
\pgf@xa=\dimen179
\pgf@ya=\dimen180
\pgf@xb=\dimen181
\pgf@yb=\dimen182
\pgf@xc=\dimen183
\pgf@yc=\dimen184
\pgf@xd=\dimen185
\pgf@yd=\dimen186
\w@pgf@writea=\write3
\r@pgf@reada=\read2
\c@pgf@counta=\count281
\c@pgf@countb=\count282
\c@pgf@countc=\count283
\c@pgf@countd=\count284
\t@pgf@toka=\toks37
\t@pgf@tokb=\toks38
\t@pgf@tokc=\toks39
\pgf@sys@id@count=\count285
 (pgf.cfg
File: pgf.cfg 2021/05/15 v3.1.9a (3.1.9a)
)
Driver file for pgf: pgfsys-xetex.def

(pgfsys-xetex.def
File: pgfsys-xetex.def 2021/05/15 v3.1.9a (3.1.9a)
 (pgfsys-dvipdfmx.def
File: pgfsys-dvipdfmx.def 2021/05/15 v3.1.9a (3.1.9a)
 (pgfsys-common-pdf.def
File: pgfsys-common-pdf.def 2021/05/15 v3.1.9a (3.1.9a)
)
\pgfsys@objnum=\count286
)))
(pgfsyssoftpath.code.tex
File: pgfsyssoftpath.code.tex 2021/05/15 v3.1.9a (3.1.9a)
\pgfsyssoftpath@smallbuffer@items=\count287
\pgfsyssoftpath@bigbuffer@items=\count288
) (pgfsysprotocol.code.tex
File: pgfsysprotocol.code.tex 2021/05/15 v3.1.9a (3.1.9a)
)) (pgfcore.code.tex
Package: pgfcore 2021/05/15 v3.1.9a (3.1.9a)

(pgfmath.code.tex (pgfmathcalc.code.tex (pgfmathutil.code.tex)
(pgfmathparser.code.tex
\pgfmath@dimen=\dimen187
\pgfmath@count=\count289
\pgfmath@box=\box61
\pgfmath@toks=\toks40
\pgfmath@stack@operand=\toks41
\pgfmath@stack@operation=\toks42
) (pgfmathfunctions.code.tex
(pgfmathfunctions.basic.code.tex) (pgfmathfunctions.trigonometric.code.tex)
(pgfmathfunctions.random.code.tex) (pgfmathfunctions.comparison.code.tex)
(pgfmathfunctions.base.code.tex) (pgfmathfunctions.round.code.tex)
(pgfmathfunctions.misc.code.tex) (pgfmathfunctions.integerarithmetics.code.tex)
)) (pgfmathfloat.code.tex
\c@pgfmathroundto@lastzeros=\count290
)) (pgfint.code.tex) (pgfcorepoints.code.tex
File: pgfcorepoints.code.tex 2021/05/15 v3.1.9a (3.1.9a)
\pgf@picminx=\dimen188
\pgf@picmaxx=\dimen189
\pgf@picminy=\dimen190
\pgf@picmaxy=\dimen191
\pgf@pathminx=\dimen192
\pgf@pathmaxx=\dimen193
\pgf@pathminy=\dimen194
\pgf@pathmaxy=\dimen195
\pgf@xx=\dimen196
\pgf@xy=\dimen197
\pgf@yx=\dimen198
\pgf@yy=\dimen199
\pgf@zx=\dimen256
\pgf@zy=\dimen257
)
(pgfcorepathconstruct.code.tex
File: pgfcorepathconstruct.code.tex 2021/05/15 v3.1.9a (3.1.9a)
\pgf@path@lastx=\dimen258
\pgf@path@lasty=\dimen259
) (pgfcorepathusage.code.tex
File: pgfcorepathusage.code.tex 2021/05/15 v3.1.9a (3.1.9a)
\pgf@shorten@end@additional=\dimen260
\pgf@shorten@start@additional=\dimen261
)
(pgfcorescopes.code.tex
File: pgfcorescopes.code.tex 2021/05/15 v3.1.9a (3.1.9a)
\pgfpic=\box62
\pgf@hbox=\box63
\pgf@layerbox@main=\box64
\pgf@picture@serial@count=\count291
) (pgfcoregraphicstate.code.tex
File: pgfcoregraphicstate.code.tex 2021/05/15 v3.1.9a (3.1.9a)
\pgflinewidth=\dimen262
)
(pgfcoretransformations.code.tex
File: pgfcoretransformations.code.tex 2021/05/15 v3.1.9a (3.1.9a)
\pgf@pt@x=\dimen263
\pgf@pt@y=\dimen264
\pgf@pt@temp=\dimen265
) (pgfcorequick.code.tex
File: pgfcorequick.code.tex 2021/05/15 v3.1.9a (3.1.9a)
)
(pgfcoreobjects.code.tex
File: pgfcoreobjects.code.tex 2021/05/15 v3.1.9a (3.1.9a)
) (pgfcorepathprocessing.code.tex
File: pgfcorepathprocessing.code.tex 2021/05/15 v3.1.9a (3.1.9a)
)
(pgfcorearrows.code.tex
File: pgfcorearrows.code.tex 2021/05/15 v3.1.9a (3.1.9a)
\pgfarrowsep=\dimen266
) (pgfcoreshade.code.tex
File: pgfcoreshade.code.tex 2021/05/15 v3.1.9a (3.1.9a)
\pgf@max=\dimen267
\pgf@sys@shading@range@num=\count292
\pgf@shadingcount=\count293
) (pgfcoreimage.code.tex
File: pgfcoreimage.code.tex 2021/05/15 v3.1.9a (3.1.9a)

(pgfcoreexternal.code.tex
File: pgfcoreexternal.code.tex 2021/05/15 v3.1.9a (3.1.9a)
\pgfexternal@startupbox=\box65
)) (pgfcorelayers.code.tex
File: pgfcorelayers.code.tex 2021/05/15 v3.1.9a (3.1.9a)
)
(pgfcoretransparency.code.tex
File: pgfcoretransparency.code.tex 2021/05/15 v3.1.9a (3.1.9a)
) (pgfcorepatterns.code.tex
File: pgfcorepatterns.code.tex 2021/05/15 v3.1.9a (3.1.9a)
) (pgfcorerdf.code.tex
File: pgfcorerdf.code.tex 2021/05/15 v3.1.9a (3.1.9a)
))) (pgfmoduleshapes.code.tex
File: pgfmoduleshapes.code.tex 2021/05/15 v3.1.9a (3.1.9a)
\pgfnodeparttextbox=\box66
) (pgfmoduleplot.code.tex
File: pgfmoduleplot.code.tex 2021/05/15 v3.1.9a (3.1.9a)
)
(pgfcomp-version-0-65.sty
Package: pgfcomp-version-0-65 2021/05/15 v3.1.9a (3.1.9a)
\pgf@nodesepstart=\dimen268
\pgf@nodesepend=\dimen269
) (pgfcomp-version-1-18.sty
Package: pgfcomp-version-1-18 2021/05/15 v3.1.9a (3.1.9a)
)) (pgffor.sty (pgfkeys.sty (pgfkeys.code.tex)) (pgfmath.sty (pgfmath.code.tex)
) (pgffor.code.tex
Package: pgffor 2021/05/15 v3.1.9a (3.1.9a)

(pgfmath.code.tex)
\pgffor@iter=\dimen270
\pgffor@skip=\dimen271
\pgffor@stack=\toks43
\pgffor@toks=\toks44
)) (tikz.code.tex
Package: tikz 2021/05/15 v3.1.9a (3.1.9a)
 (pgflibraryplothandlers.code.tex
File: pgflibraryplothandlers.code.tex 2021/05/15 v3.1.9a (3.1.9a)
\pgf@plot@mark@count=\count294
\pgfplotmarksize=\dimen272
)
\tikz@lastx=\dimen273
\tikz@lasty=\dimen274
\tikz@lastxsaved=\dimen275
\tikz@lastysaved=\dimen276
\tikz@lastmovetox=\dimen277
\tikz@lastmovetoy=\dimen278
\tikzleveldistance=\dimen279
\tikzsiblingdistance=\dimen280
\tikz@figbox=\box67
\tikz@figbox@bg=\box68
\tikz@tempbox=\box69
\tikz@tempbox@bg=\box70
\tikztreelevel=\count295
\tikznumberofchildren=\count296
\tikznumberofcurrentchild=\count297
\tikz@fig@count=\count298

(pgfmodulematrix.code.tex
File: pgfmodulematrix.code.tex 2021/05/15 v3.1.9a (3.1.9a)
\pgfmatrixcurrentrow=\count299
\pgfmatrixcurrentcolumn=\count300
\pgf@matrix@numberofcolumns=\count301
)
\tikz@expandcount=\count302
 (tikzlibrarytopaths.code.tex
File: tikzlibrarytopaths.code.tex 2021/05/15 v3.1.9a (3.1.9a)
))) (pgfplots.code.tex
(pgfplotscore.code.tex
\t@pgfplots@toka=\toks45
\t@pgfplots@tokb=\toks46
\t@pgfplots@tokc=\toks47
\pgfplots@tmpa=\dimen281
\c@pgfplots@coordindex=\count303
\c@pgfplots@scanlineindex=\count304
 (pgfplotssysgeneric.code.tex)) (pgfplotslibrary.code.tex) (pgfplotsoldpgfsupp_
loader.code.tex (pgflibraryfpu.code.tex))
(pgfplotsutil.code.tex (pgfplotsliststructure.code.tex)
(pgfplotsliststructureext.code.tex) (pgfplotsarray.code.tex
\c@pgfplotsarray@tmp=\count305
)
(pgfplotsmatrix.code.tex) (pgfplotstableshared.code.tex
\c@pgfplotstable@counta=\count306
\t@pgfplotstable@a=\toks48
)
(pgfplotsdeque.code.tex) (pgfplotsbinary.code.tex (pgfplotsbinary.data.code.tex
)) (pgfplotsutil.verb.code.tex) (pgflibrarypgfplots.surfshading.code.tex
\c@pgfplotslibrarysurf@no=\count307

(pgflibrarypgfplots.surfshading.pgfsys-xetex.def
(pgflibrarypgfplots.surfshading.pgfsys-dvipdfmx.def
\c@pgfplotslibrarysurf@streamlen=\count308
))))
(pgfplotscolormap.code.tex (pgfplotscolor.code.tex))
(pgfplotsstackedplots.code.tex) (pgfplotsplothandlers.code.tex
(pgfplotsmeshplothandler.code.tex (pgfplotsmeshplotimage.code.tex)))
(pgfplots.scaling.code.tex) (pgfplotscoordprocessing.code.tex)
(pgfplots.errorbars.code.tex) (pgfplots.markers.code.tex)
(pgfplotsticks.code.tex) (pgfplots.paths.code.tex)
(tikzlibrarydecorations.code.tex (pgfmoduledecorations.code.tex
\pgfdecoratedcompleteddistance=\dimen282
\pgfdecoratedremainingdistance=\dimen283
\pgfdecoratedinputsegmentcompleteddistance=\dimen284
\pgfdecoratedinputsegmentremainingdistance=\dimen285
\pgf@decorate@distancetomove=\dimen286
\pgf@decorate@repeatstate=\count309
\pgfdecorationsegmentamplitude=\dimen287
\pgfdecorationsegmentlength=\dimen288
)
\tikz@lib@dec@box=\box71
)
(tikzlibrarydecorations.pathmorphing.code.tex
(pgflibrarydecorations.pathmorphing.code.tex))
(tikzlibrarydecorations.pathreplacing.code.tex
(pgflibrarydecorations.pathreplacing.code.tex))
(tikzlibrarypgfplots.contourlua.code.tex)
\pgfplots@numplots=\count310
\pgfplots@xmin@reg=\dimen289
\pgfplots@xmax@reg=\dimen290
\pgfplots@ymin@reg=\dimen291
\pgfplots@ymax@reg=\dimen292
\pgfplots@zmin@reg=\dimen293
\pgfplots@zmax@reg=\dimen294
) (tikzlibraryplotmarks.code.tex
File: tikzlibraryplotmarks.code.tex 2021/05/15 v3.1.9a (3.1.9a)

(pgflibraryplotmarks.code.tex
File: pgflibraryplotmarks.code.tex 2021/05/15 v3.1.9a (3.1.9a)
))) (geometry.sty
Package: geometry 2020/01/02 v5.9 Page Geometry
 (ifvtex.sty
Package: ifvtex 2019/10/25 v1.7 ifvtex legacy package. Use iftex instead.
 (iftex.sty
Package: iftex 2022/02/03 v1.0f TeX engine tests
))
\Gm@cnth=\count311
\Gm@cntv=\count312
\c@Gm@tempcnt=\count313
\Gm@bindingoffset=\dimen295
\Gm@wd@mp=\dimen296
\Gm@odd@mp=\dimen297
\Gm@even@mp=\dimen298
\Gm@layoutwidth=\dimen299
\Gm@layoutheight=\dimen300
\Gm@layouthoffset=\dimen301
\Gm@layoutvoffset=\dimen302
\Gm@dimlist=\toks49
)
(hyperref.sty
Package: hyperref 2022-02-21 v7.00n Hypertext links for LaTeX
 (ltxcmds.sty
Package: ltxcmds 2020-05-10 v1.25 LaTeX kernel commands for general use (HO)
) (pdftexcmds.sty
Package: pdftexcmds 2020-06-27 v0.33 Utility functions of pdfTeX for LuaTeX (HO
)
 (infwarerr.sty
Package: infwarerr 2019/12/03 v1.5 Providing info/warning/error messages (HO)
)
Package pdftexcmds Info: \pdf@primitive is available.
Package pdftexcmds Info: \pdf@ifprimitive is available.
Package pdftexcmds Info: \pdfdraftmode not found.
) (kvsetkeys.sty
Package: kvsetkeys 2019/12/15 v1.18 Key value parser (HO)
)
(kvdefinekeys.sty
Package: kvdefinekeys 2019-12-19 v1.6 Define keys (HO)
) (pdfescape.sty
Package: pdfescape 2019/12/09 v1.15 Implements pdfTeX's escape features (HO)
) (hycolor.sty
Package: hycolor 2020-01-27 v1.10 Color options for hyperref/bookmark (HO)
) (letltxmacro.sty
Package: letltxmacro 2019/12/03 v1.6 Let assignment for LaTeX macros (HO)
) (auxhook.sty
Package: auxhook 2019-12-17 v1.6 Hooks for auxiliary files (HO)
) (kvoptions.sty
Package: kvoptions 2020-10-07 v3.14 Key value format for package options (HO)
)
\@linkdim=\dimen303
\Hy@linkcounter=\count314
\Hy@pagecounter=\count315
 (pd1enc.def
File: pd1enc.def 2022-02-21 v7.00n Hyperref: PDFDocEncoding definition (HO)
) (intcalc.sty
Package: intcalc 2019/12/15 v1.3 Expandable calculations with integers (HO)
) (etexcmds.sty
Package: etexcmds 2019/12/15 v1.7 Avoid name clashes with e-TeX commands (HO)
)
\Hy@SavedSpaceFactor=\count316
 (puenc.def
File: puenc.def 2022-02-21 v7.00n Hyperref: PDF Unicode definition (HO)
)
Package hyperref Info: Option `colorlinks' set `true' on input line 4018.
Package hyperref Info: Hyper figures OFF on input line 4137.
Package hyperref Info: Link nesting OFF on input line 4142.
Package hyperref Info: Hyper index ON on input line 4145.
Package hyperref Info: Plain pages OFF on input line 4152.
Package hyperref Info: Backreferencing OFF on input line 4157.
Package hyperref Info: Implicit mode ON; LaTeX internals redefined.
Package hyperref Info: Bookmarks ON on input line 4390.
\c@Hy@tempcnt=\count317

(url.sty
\Urlmuskip=\muskip17
Package: url 2013/09/16  ver 3.4  Verb mode for urls, etc.
)
LaTeX Info: Redefining \url on input line 4749.
\XeTeXLinkMargin=\dimen304
 (bitset.sty
Package: bitset 2019/12/09 v1.3 Handle bit-vector datatype (HO)
 (bigintcalc.sty
Package: bigintcalc 2019/12/15 v1.5 Expandable calculations on big integers (HO
)
))
\Fld@menulength=\count318
\Field@Width=\dimen305
\Fld@charsize=\dimen306
Package hyperref Info: Hyper figures OFF on input line 6027.
Package hyperref Info: Link nesting OFF on input line 6032.
Package hyperref Info: Hyper index ON on input line 6035.
Package hyperref Info: backreferencing OFF on input line 6042.
Package hyperref Info: Link coloring ON on input line 6045.
Package hyperref Info: Link coloring with OCG OFF on input line 6052.
Package hyperref Info: PDF/A mode OFF on input line 6057.
LaTeX Info: Redefining \ref on input line 6097.
LaTeX Info: Redefining \pageref on input line 6101.
 (atbegshi-ltx.sty
Package: atbegshi-ltx 2021/01/10 v1.0c Emulation of the original atbegshi
package with kernel methods
)
\Hy@abspage=\count319
\c@Item=\count320
\c@Hfootnote=\count321
)
Package hyperref Info: Driver (autodetected): hxetex.
 (hxetex.def
File: hxetex.def 2022-02-21 v7.00n Hyperref driver for XeTeX

(stringenc.sty
Package: stringenc 2019/11/29 v1.12 Convert strings between diff. encodings (HO
)
)
\pdfm@box=\box72
\c@Hy@AnnotLevel=\count322
\HyField@AnnotCount=\count323
\Fld@listcount=\count324
\c@bookmark@seq@number=\count325
 (rerunfilecheck.sty
Package: rerunfilecheck 2019/12/05 v1.9 Rerun checks for auxiliary files (HO)
 (atveryend-ltx.sty
Package: atveryend-ltx 2020/08/19 v1.0a Emulation of the original atveryend pac
kage
with kernel methods
) (uniquecounter.sty
Package: uniquecounter 2019/12/15 v1.4 Provide unlimited unique counter (HO)
)
Package uniquecounter Info: New unique counter `rerunfilecheck' on input line 2
86.
)
\Hy@SectionHShift=\skip61
)
(data/wp0.tex)
\c@theorem=\count326
 (l3backend-xetex.def
File: l3backend-xetex.def 2022-02-07 L3 backend support: XeTeX
\c__kernel_sys_dvipdfmx_version_int=\count327
\l__color_backend_stack_int=\count328
\g__color_backend_stack_int=\count329
\g__graphics_track_int=\count330
\l__pdf_internal_box=\box73
\g__pdf_backend_object_int=\count331
\g__pdf_backend_annotation_int=\count332
\g__pdf_backend_link_int=\count333
)
No file main.aux.
\openout1 = `main.aux'.

LaTeX Font Info:    Checking defaults for OML/cmm/m/it on input line 33.
LaTeX Font Info:    ... okay on input line 33.
LaTeX Font Info:    Checking defaults for OMS/cmsy/m/n on input line 33.
LaTeX Font Info:    ... okay on input line 33.
LaTeX Font Info:    Checking defaults for OT1/cmr/m/n on input line 33.
LaTeX Font Info:    ... okay on input line 33.
LaTeX Font Info:    Checking defaults for T1/cmr/m/n on input line 33.
LaTeX Font Info:    ... okay on input line 33.
LaTeX Font Info:    Checking defaults for TS1/cmr/m/n on input line 33.
LaTeX Font Info:    Trying to load font information for TS1+cmr on input line 3
3.
(ts1cmr.fd
File: ts1cmr.fd 2019/12/16 v2.5j Standard LaTeX font definitions
)
LaTeX Font Info:    ... okay on input line 33.
LaTeX Font Info:    Checking defaults for TU/lmr/m/n on input line 33.
LaTeX Font Info:    ... okay on input line 33.
LaTeX Font Info:    Checking defaults for OMX/cmex/m/n on input line 33.
LaTeX Font Info:    ... okay on input line 33.
LaTeX Font Info:    Checking defaults for U/cmr/m/n on input line 33.
LaTeX Font Info:    ... okay on input line 33.
LaTeX Font Info:    Checking defaults for PD1/pdf/m/n on input line 33.
LaTeX Font Info:    ... okay on input line 33.
LaTeX Font Info:    Checking defaults for PU/pdf/m/n on input line 33.
LaTeX Font Info:    ... okay on input line 33.
Package caption Info: Begin \AtBeginDocument code.
Package caption Info: hyperref package is loaded.
Package caption Info: End \AtBeginDocument code.
LaTeX Info: Redefining \microtypecontext on input line 33.
Package microtype Info: Applying patch `item' on input line 33.
Package microtype Info: Applying patch `toc' on input line 33.
Package microtype Info: Applying patch `eqnum' on input line 33.
Package microtype Info: Applying patch `footnote' on input line 33.
Package microtype Info: Character protrusion enabled (level 2).
Package microtype Info: Using default protrusion set `alltext'.
Package microtype Info: No adjustment of tracking.
Package microtype Info: No adjustment of spacing.
Package microtype Info: No adjustment of kerning.
 (mt-cmr.cfg
File: mt-cmr.cfg 2013/05/19 v2.2 microtype config. file: Computer Modern Roman 
(RS)
)
Package pgfplots notification 'compat/show suggested version=true': document ha
s been generated with the most recent feature set (\pgfplotsset{compat=1.18}).

*geometry* driver: auto-detecting
*geometry* detected driver: xetex
*geometry* verbose mode - [ preamble ] result:
* driver: xetex
* paper: a4paper
* layout: <same size as paper>
* layoutoffset:(h,v)=(0.0pt,0.0pt)
* modes: 
* h-part:(L,W,R)=(71.13188pt, 455.24411pt, 71.13188pt)
* v-part:(T,H,B)=(71.13188pt, 702.78308pt, 71.13188pt)
* \paperwidth=597.50787pt
* \paperheight=845.04684pt
* \textwidth=455.24411pt
* \textheight=702.78308pt
* \oddsidemargin=-1.1381pt
* \evensidemargin=-1.1381pt
* \topmargin=-38.1381pt
* \headheight=12.0pt
* \headsep=25.0pt
* \topskip=11.0pt
* \footskip=30.0pt
* \marginparwidth=50.0pt
* \marginparsep=10.0pt
* \columnsep=10.0pt
* \skip\footins=10.0pt plus 4.0pt minus 2.0pt
* \hoffset=0.0pt
* \voffset=0.0pt
* \mag=1000
* \@twocolumnfalse
* \@twosidefalse
* \@mparswitchfalse
* \@reversemarginfalse
* (1in=72.27pt=25.4mm, 1cm=28.453pt)

Package hyperref Info: Link coloring ON on input line 33.
(nameref.sty
Package: nameref 2021-04-02 v2.47 Cross-referencing by name of section
 (refcount.sty
Package: refcount 2019/12/15 v3.6 Data extraction from label references (HO)
) (gettitlestring.sty
Package: gettitlestring 2019/12/15 v1.6 Cleanup title references (HO)
)
\c@section@level=\count334
)
LaTeX Info: Redefining \ref on input line 33.
LaTeX Info: Redefining \pageref on input line 33.
LaTeX Info: Redefining \nameref on input line 33.
\@outlinefile=\write4
\openout4 = `main.out'.



Package hyperref Warning: Rerun to get /PageLabels entry.

LaTeX Font Info:    Trying to load font information for U+msa on input line 35.

(umsa.fd
File: umsa.fd 2013/01/14 v3.01 AMS symbols A
) (mt-msa.cfg
File: mt-msa.cfg 2006/02/04 v1.1 microtype config. file: AMS symbols (a) (RS)
)
LaTeX Font Info:    Trying to load font information for U+msb on input line 35.

 (umsb.fd
File: umsb.fd 2013/01/14 v3.01 AMS symbols B
) (mt-msb.cfg
File: mt-msb.cfg 2005/06/01 v1.0 microtype config. file: AMS symbols (b) (RS)
)

LaTeX Warning: Citation `ReichardtFable2026a' on page 1 undefined on input line
 65.

[1

]

LaTeX Warning: Reference `sec:off' on page 2 undefined on input line 94.


LaTeX Warning: Reference `eq:conj' on page 2 undefined on input line 106.

LaTeX Font Info:    Trying to load font information for U+euf on input line 109
.
(ueuf.fd
File: ueuf.fd 2013/01/14 v3.01 Euler Fraktur
) (mt-euf.cfg
File: mt-euf.cfg 2006/07/03 v1.1 microtype config. file: AMS Euler Fraktur (RS)

)

LaTeX Warning: Citation `GoldstonSuriajaya2021' on page 2 undefined on input li
ne 110.


LaTeX Warning: Citation `GoldstonSuriajaya2021b' on page 2 undefined on input l
ine 113.


LaTeX Warning: Citation `Vaughan2001' on page 2 undefined on input line 113.


LaTeX Warning: Citation `FriedlanderGoldston1995' on page 2 undefined on input 
line 113.


LaTeX Warning: Reference `sec:structure' on page 2 undefined on input line 116.



LaTeX Warning: Reference `thm:structure' on page 2 undefined on input line 118.



LaTeX Warning: Reference `lem:pairs' on page 2 undefined on input line 119.


LaTeX Warning: Reference `prop:exponents' on page 2 undefined on input line 120
.


LaTeX Warning: Reference `thm:boundary' on page 2 undefined on input line 120.


LaTeX Warning: Reference `sec:explicit' on page 2 undefined on input line 121.


LaTeX Warning: Reference `thm:explicit-quadratic' on page 2 undefined on input 
line 122.


LaTeX Warning: Reference `thm:explicit-general' on page 2 undefined on input li
ne 123.


LaTeX Warning: Reference `sec:omega' on page 2 undefined on input line 124.


LaTeX Warning: Reference `thm:omega' on page 2 undefined on input line 125.


LaTeX Warning: Reference `sec:off' on page 2 undefined on input line 125.


LaTeX Warning: Reference `sec:ff' on page 2 undefined on input line 127.


LaTeX Warning: Reference `sec:primes' on page 2 undefined on input line 127.


LaTeX Warning: Reference `sec:disc' on page 2 undefined on input line 128.


LaTeX Warning: Reference `app:comp' on page 2 undefined on input line 129.

[2]

LaTeX Warning: Reference `sec:primes' on page 3 undefined on input line 132.


LaTeX Warning: Reference `eq:conj' on page 3 undefined on input line 133.


LaTeX Warning: Reference `sec:off' on page 3 undefined on input line 134.


LaTeX Warning: Reference `sec:explicit' on page 3 undefined on input line 136.


LaTeX Warning: Reference `sec:structure' on page 3 undefined on input line 137.



LaTeX Warning: Reference `thm:omega' on page 3 undefined on input line 137.


LaTeX Warning: Citation `GoldstonMontgomery1987' on page 3 undefined on input l
ine 141.


LaTeX Warning: Citation `BuiKeatingSmith2016' on page 3 undefined on input line
 142.


LaTeX Warning: Citation `KuperbergRodgersRodittyGershon2022' on page 3 undefine
d on input line 146.


LaTeX Warning: Citation `BhowmikHalupczokMatsumotoSuzuki2019' on page 3 undefin
ed on input line 148.


LaTeX Warning: Citation `GoldstonSuriajaya2023' on page 3 undefined on input li
ne 148.


LaTeX Warning: Citation `HallKeatingRodittyGershon2019' on page 3 undefined on 
input line 149.


LaTeX Warning: Citation `Estermann1928' on page 3 undefined on input line 150.


LaTeX Warning: Citation `Dahlquist1952' on page 3 undefined on input line 150.


LaTeX Warning: Citation `BhowmikEssouabriLichtin2007' on page 3 undefined on in
put line 151.


LaTeX Warning: Citation `duSautoyGrunewald2002' on page 3 undefined on input li
ne 152.


LaTeX Warning: Citation `Kurokawa1986' on page 3 undefined on input line 155.


LaTeX Warning: Citation `Moroz1988' on page 3 undefined on input line 155.


LaTeX Warning: Citation `Alberts2024' on page 3 undefined on input line 156.


LaTeX Warning: Citation `BrowningSofosTeravainen2022' on page 3 undefined on in
put line 167.


LaTeX Warning: Citation `Sofos2026' on page 3 undefined on input line 167.


LaTeX Warning: Citation `BanksFord2026' on page 3 undefined on input line 167.


LaTeX Warning: Citation `Bortolussi2026' on page 3 undefined on input line 168.



LaTeX Warning: Citation `Kuperberg2022' on page 3 undefined on input line 169.


LaTeX Warning: Citation `Kuperberg2025' on page 3 undefined on input line 169.


LaTeX Warning: Citation `KuperbergRodgersRodittyGershon2022' on page 3 undefine
d on input line 170.

[3]

LaTeX Warning: Reference `sec:structure' on page 4 undefined on input line 173.



LaTeX Warning: Reference `sec:explicit' on page 4 undefined on input line 173.


LaTeX Warning: Reference `sec:omega' on page 4 undefined on input line 174.


LaTeX Warning: Reference `sec:off' on page 4 undefined on input line 174.


LaTeX Warning: Reference `app:comp' on page 4 undefined on input line 175.


Package hyperref Warning: Token not allowed in a PDF string (Unicode):
(hyperref)                removing `math shift' on input line 190.


Package hyperref Warning: Token not allowed in a PDF string (Unicode):
(hyperref)                removing `subscript' on input line 190.


Package hyperref Warning: Token not allowed in a PDF string (Unicode):
(hyperref)                removing `math shift' on input line 190.

[4]

LaTeX Warning: Citation `GoldstonSuriajaya2021' on page 5 undefined on input li
ne 267.


LaTeX Warning: Reference `lem:psi' on page 5 undefined on input line 275.

[5]

LaTeX Warning: Reference `lem:psi' on page 6 undefined on input line 300.


LaTeX Warning: Reference `lem:psi' on page 6 undefined on input line 308.

LaTeX Font Info:    Trying to load font information for T1+lmtt on input line 3
29.
(t1lmtt.fd
File: t1lmtt.fd 2015/05/01 v1.6.1 Font defs for Latin Modern
)
Package microtype Info: Loading generic protrusion settings for font family
(microtype)             `lmtt' (encoding: T1).
(microtype)             For optimal results, create family-specific settings.
(microtype)             See the microtype manual for details.


LaTeX Warning: Reference `tab:exponents' on page 6 undefined on input line 346.


[6]

LaTeX Warning: Reference `def:psi' on page 7 undefined on input line 353.


LaTeX Warning: Reference `prop:exponents' on page 7 undefined on input line 361
.


LaTeX Warning: Reference `prop:exponents' on page 7 undefined on input line 361
.


LaTeX Warning: Reference `tab:exponents' on page 7 undefined on input line 373.



LaTeX Warning: Reference `eq:Fp' on page 7 undefined on input line 386.


LaTeX Warning: Reference `thm:structure' on page 7 undefined on input line 395.


PGFPlots: reading {data/singularities-pole.dat}
PGFPlots: reading {data/singularities-zeroD.dat}
PGFPlots: reading {data/singularities-zeta2.dat}
PGFPlots: reading {data/singularities-L2.dat}
PGFPlots: reading {data/singularities-zeta4.dat}
PGFPlots: reading {data/singularities-L4.dat}
PGFPlots: reading {data/singularities-Fp.dat}

LaTeX Warning: Reference `thm:structure' on page 7 undefined on input line 429.



LaTeX Warning: Reference `thm:boundary' on page 7 undefined on input line 429.


LaTeX Warning: Reference `prop:exponents' on page 7 undefined on input line 429
.


LaTeX Warning: Reference `thm:structure' on page 7 undefined on input line 429.



LaTeX Warning: Reference `thm:boundary' on page 7 undefined on input line 429.


LaTeX Warning: Reference `prop:exponents' on page 7 undefined on input line 429
.


LaTeX Warning: Citation `BhowmikSchlagePuchta2007' on page 7 undefined on input
 line 434.


LaTeX Warning: Citation `GoldstonSuriajaya2021' on page 7 undefined on input li
ne 439.

[7]

LaTeX Warning: Citation `GoldstonSuriajaya2021' on page 8 undefined on input li
ne 451.


LaTeX Warning: Reference `thm:structure' on page 8 undefined on input line 464.



LaTeX Warning: Reference `prop:exponents' on page 8 undefined on input line 465
.

[8]

LaTeX Warning: Citation `Titchmarsh1986' on page 9 undefined on input line 519.



LaTeX Warning: Citation `IwaniecKowalski2004' on page 9 undefined on input line
 520.

[9]

LaTeX Warning: Reference `thm:explicit-quadratic' on page 10 undefined on input
 line 565.


LaTeX Warning: Reference `lem:horizontal' on page 10 undefined on input line 56
9.


LaTeX Warning: Reference `lem:horizontal' on page 10 undefined on input line 57
3.


LaTeX Warning: Reference `eq:mellin' on page 10 undefined on input line 574.


LaTeX Warning: Reference `eq:Dquad' on page 10 undefined on input line 579.


LaTeX Warning: Reference `thm:structure' on page 10 undefined on input line 579
.


LaTeX Warning: Reference `eq:explicit' on page 10 undefined on input line 586.

[10]

LaTeX Warning: Reference `lem:horizontal' on page 11 undefined on input line 59
8.


LaTeX Warning: Reference `eq:explicit' on page 11 undefined on input line 604.


LaTeX Warning: Citation `GoldstonSuriajaya2021' on page 11 undefined on input l
ine 608.


Package hyperref Warning: Token not allowed in a PDF string (Unicode):
(hyperref)                removing `math shift' on input line 613.


Package hyperref Warning: Token not allowed in a PDF string (Unicode):
(hyperref)                removing `math shift' on input line 613.


LaTeX Warning: Reference `tab:mN' on page 11 undefined on input line 636.


LaTeX Warning: Reference `thm:explicit-quadratic' on page 11 undefined on input
 line 639.


LaTeX Warning: Reference `thm:structure' on page 11 undefined on input line 644
.

[11]

LaTeX Warning: Reference `tab:mN' on page 12 undefined on input line 664.


LaTeX Warning: Reference `lem:psi' on page 12 undefined on input line 680.


LaTeX Warning: Reference `lem:psi' on page 12 undefined on input line 680.


Package hyperref Warning: Token not allowed in a PDF string (Unicode):
(hyperref)                removing `math shift' on input line 712.


Package hyperref Warning: Token not allowed in a PDF string (Unicode):
(hyperref)                removing `superscript' on input line 712.


Package hyperref Warning: Token not allowed in a PDF string (Unicode):
(hyperref)                removing `math shift' on input line 712.


LaTeX Warning: Reference `eq:explicit' on page 12 undefined on input line 714.


LaTeX Warning: Reference `app:comp' on page 12 undefined on input line 721.

PGFPlots: reading {data/explicit-diag-2.dat}
NOTE: coordinate (9.212365781,0.8307750786) has been dropped because of a coord
inate filter. (see also unbounded coords=jump). 
NOTE: coordinate (9.216416599,0.8332232251) has been dropped because of a coord
inate filter. (see also unbounded coords=jump). 
NOTE: coordinate (9.220467417,0.8372847537) has been dropped because of a coord
inate filter. (see also unbounded coords=jump). 
NOTE: coordinate (9.224518235,0.8374303034) has been dropped because of a coord
inate filter. (see also unbounded coords=jump). 
NOTE: coordinate (9.228569053,0.8355777401) has been dropped because of a coord
inate filter. (see also unbounded coords=jump). 
NOTE: coordinate (9.23261987,0.8355538526) has been dropped because of a coordi
nate filter. (see also unbounded coords=jump). 
NOTE: coordinate (9.236670688,0.836026292) has been dropped because of a coordi
nate filter. (see also unbounded coords=jump). 
NOTE: coordinate (9.240721506,0.8376124373) has been dropped because of a coord
inate filter. (see also unbounded coords=jump). 
NOTE: coordinate (9.244772324,0.8395485274) has been dropped because of a coord
inate filter. (see also unbounded coords=jump). 
NOTE: coordinate (9.248823142,0.8336460099) has been dropped because of a coord
inate filter. (see also unbounded coords=jump). 
NOTE: coordinate (9.25287396,0.8285791757) has been dropped because of a coordi
nate filter. (see also unbounded coords=jump). 
NOTE: coordinate (9.256924778,0.8282884552) has been dropped because of a coord
inate filter. (see also unbounded coords=jump). 
NOTE: coordinate (9.260975596,0.8250128766) has been dropped because of a coord
inate filter. (see also unbounded coords=jump). 
NOTE: coordinate (9.265026414,0.8166520711) has been dropped because of a coord
inate filter. (see also unbounded coords=jump). 
NOTE: coordinate (9.269077231,0.8094764965) has been dropped because of a coord
inate filter. (see also unbounded coords=jump). 
NOTE: coordinate (9.273128049,0.7965301713) has been dropped because of a coord
inate filter. (see also unbounded coords=jump). 
NOTE: coordinate (9.277178867,0.7739070133) has been dropped because of a coord
inate filter. (see also unbounded coords=jump). 
NOTE: coordinate (9.281229685,0.7510731056) has been dropped because of a coord
inate filter. (see also unbounded coords=jump). 
NOTE: coordinate (9.285280503,0.7330799865) has been dropped because of a coord
inate filter. (see also unbounded coords=jump). 
NOTE: coordinate (9.289331321,0.7169598133) has been dropped because of a coord
inate filter. (see also unbounded coords=jump). 
NOTE: coordinate (9.293382139,0.7030857197) has been dropped because of a coord
inate filter. (see also unbounded coords=jump). 
NOTE: coordinate (9.297432957,0.6836821297) has been dropped because of a coord
inate filter. (see also unbounded coords=jump). 
NOTE: coordinate (9.301483775,0.6611220975) has been dropped because of a coord
inate filter. (see also unbounded coords=jump). 
NOTE: coordinate (9.305534593,0.6367494368) has been dropped because of a coord
inate filter. (see also unbounded coords=jump). 
NOTE: coordinate (9.30958541,0.603368893) has been dropped because of a coordin
ate filter. (see also unbounded coords=jump). 
NOTE: coordinate (9.313636228,0.5659197162) has been dropped because of a coord
inate filter. (see also unbounded coords=jump). 
NOTE: coordinate (9.317687046,0.5376246925) has been dropped because of a coord
inate filter. (see also unbounded coords=jump). 
NOTE: coordinate (9.321737864,0.5149083019) has been dropped because of a coord
inate filter. (see also unbounded coords=jump). 
NOTE: coordinate (9.325788682,0.4938781708) has been dropped because of a coord
inate filter. (see also unbounded coords=jump). 
NOTE: coordinate (9.3298395,0.4776535751) has been dropped because of a coordin
ate filter. (see also unbounded coords=jump). 
NOTE: coordinate (9.333890318,0.4610386633) has been dropped because of a coord
inate filter. (see also unbounded coords=jump). 
NOTE: coordinate (9.337941136,0.4464850656) has been dropped because of a coord
inate filter. (see also unbounded coords=jump). 
NOTE: coordinate (9.341991954,0.4332281365) has been dropped because of a coord
inate filter. (see also unbounded coords=jump). 
NOTE: coordinate (9.346042771,0.4172028384) has been dropped because of a coord
inate filter. (see also unbounded coords=jump). 
NOTE: coordinate (9.350093589,0.400884385) has been dropped because of a coordi
nate filter. (see also unbounded coords=jump). 
NOTE: coordinate (9.354144407,0.3831690221) has been dropped because of a coord
inate filter. (see also unbounded coords=jump). 
NOTE: coordinate (9.358195225,0.3577484202) has been dropped because of a coord
inate filter. (see also unbounded coords=jump). 
NOTE: coordinate (9.362246043,0.3396486278) has been dropped because of a coord
inate filter. (see also unbounded coords=jump). 
NOTE: coordinate (9.366296861,0.3247366311) has been dropped because of a coord
inate filter. (see also unbounded coords=jump). 
NOTE: coordinate (9.370347679,0.3090418718) has been dropped because of a coord
inate filter. (see also unbounded coords=jump). 
NOTE: coordinate (9.374398497,0.2996299874) has been dropped because of a coord
inate filter. (see also unbounded coords=jump). 
NOTE: coordinate (9.378449315,0.2889615873) has been dropped because of a coord
inate filter. (see also unbounded coords=jump). 
NOTE: coordinate (9.382500133,0.2744986896) has been dropped because of a coord
inate filter. (see also unbounded coords=jump). 
NOTE: coordinate (9.38655095,0.2593380386) has been dropped because of a coordi
nate filter. (see also unbounded coords=jump). 
NOTE: coordinate (9.390601768,0.2483716467) has been dropped because of a coord
inate filter. (see also unbounded coords=jump). 
NOTE: coordinate (9.394652586,0.244659424) has been dropped because of a coordi
nate filter. (see also unbounded coords=jump). 
NOTE: coordinate (9.398703404,0.2395854306) has been dropped because of a coord
inate filter. (see also unbounded coords=jump). 
NOTE: coordinate (9.402754222,0.2301292926) has been dropped because of a coord
inate filter. (see also unbounded coords=jump). 
NOTE: coordinate (9.40680504,0.2223291376) has been dropped because of a coordi
nate filter. (see also unbounded coords=jump). 
NOTE: coordinate (9.410855858,0.2062076526) has been dropped because of a coord
inate filter. (see also unbounded coords=jump). 
NOTE: coordinate (9.414906676,0.1912296081) has been dropped because of a coord
inate filter. (see also unbounded coords=jump). 
NOTE: coordinate (9.418957494,0.1827758828) has been dropped because of a coord
inate filter. (see also unbounded coords=jump). 
NOTE: coordinate (9.423008311,0.1737766056) has been dropped because of a coord
inate filter. (see also unbounded coords=jump). 
NOTE: coordinate (9.427059129,0.1644019901) has been dropped because of a coord
inate filter. (see also unbounded coords=jump). 
NOTE: coordinate (9.431109947,0.154793807) has been dropped because of a coordi
nate filter. (see also unbounded coords=jump). 
NOTE: coordinate (9.435160765,0.1466671148) has been dropped because of a coord
inate filter. (see also unbounded coords=jump). 
NOTE: coordinate (9.439211583,0.1402123906) has been dropped because of a coord
inate filter. (see also unbounded coords=jump). 
NOTE: coordinate (9.443262401,0.1290128422) has been dropped because of a coord
inate filter. (see also unbounded coords=jump). 
NOTE: coordinate (9.447313219,0.1243316109) has been dropped because of a coord
inate filter. (see also unbounded coords=jump). 
NOTE: coordinate (9.451364037,0.1179111411) has been dropped because of a coord
inate filter. (see also unbounded coords=jump). 
NOTE: coordinate (9.455414855,0.1078454081) has been dropped because of a coord
inate filter. (see also unbounded coords=jump). 
NOTE: coordinate (9.459465673,0.1060179716) has been dropped because of a coord
inate filter. (see also unbounded coords=jump). 
NOTE: coordinate (9.46351649,0.1067998102) has been dropped because of a coordi
nate filter. (see also unbounded coords=jump). 
NOTE: coordinate (9.467567308,0.1097657106) has been dropped because of a coord
inate filter. (see also unbounded coords=jump). 
NOTE: coordinate (9.471618126,0.1142838324) has been dropped because of a coord
inate filter. (see also unbounded coords=jump). 
NOTE: coordinate (9.475668944,0.1159773926) has been dropped because of a coord
inate filter. (see also unbounded coords=jump). 
NOTE: coordinate (9.479719762,0.1144359558) has been dropped because of a coord
inate filter. (see also unbounded coords=jump). 
NOTE: coordinate (9.48377058,0.1068396587) has been dropped because of a coordi
nate filter. (see also unbounded coords=jump). 
NOTE: coordinate (9.487821398,0.1034476831) has been dropped because of a coord
inate filter. (see also unbounded coords=jump). 
NOTE: coordinate (9.491872216,0.09607449328) has been dropped because of a coor
dinate filter. (see also unbounded coords=jump). 
NOTE: coordinate (9.495923034,0.08116405103) has been dropped because of a coor
dinate filter. (see also unbounded coords=jump). 
NOTE: coordinate (9.499973851,0.06813390951) has been dropped because of a coor
dinate filter. (see also unbounded coords=jump). 
NOTE: coordinate (9.504024669,0.05211096321) has been dropped because of a coor
dinate filter. (see also unbounded coords=jump). 
NOTE: coordinate (9.508075487,0.0376950972) has been dropped because of a coord
inate filter. (see also unbounded coords=jump). 
NOTE: coordinate (9.512126305,0.02406599272) has been dropped because of a coor
dinate filter. (see also unbounded coords=jump). 
NOTE: coordinate (9.516177123,0.00889301029) has been dropped because of a coor
dinate filter. (see also unbounded coords=jump). 
NOTE: coordinate (9.520227941,-0.00694388345) has been dropped because of a coo
rdinate filter. (see also unbounded coords=jump). 
NOTE: coordinate (9.524278759,-0.02294013498) has been dropped because of a coo
rdinate filter. (see also unbounded coords=jump). 
NOTE: coordinate (9.528329577,-0.0373020536) has been dropped because of a coor
dinate filter. (see also unbounded coords=jump). 
NOTE: coordinate (9.532380395,-0.05727075038) has been dropped because of a coo
rdinate filter. (see also unbounded coords=jump). 
NOTE: coordinate (9.536431213,-0.07095708304) has been dropped because of a coo
rdinate filter. (see also unbounded coords=jump). 
NOTE: coordinate (9.54048203,-0.08778537181) has been dropped because of a coor
dinate filter. (see also unbounded coords=jump). 
NOTE: coordinate (9.544532848,-0.1074147899) has been dropped because of a coor
dinate filter. (see also unbounded coords=jump). 
NOTE: coordinate (9.548583666,-0.120144787) has been dropped because of a coord
inate filter. (see also unbounded coords=jump). 
NOTE: coordinate (9.552634484,-0.1325633405) has been dropped because of a coor
dinate filter. (see also unbounded coords=jump). 
NOTE: coordinate (9.556685302,-0.1425510335) has been dropped because of a coor
dinate filter. (see also unbounded coords=jump). 
NOTE: coordinate (9.56073612,-0.1526015984) has been dropped because of a coord
inate filter. (see also unbounded coords=jump). 
NOTE: coordinate (9.564786938,-0.1574121415) has been dropped because of a coor
dinate filter. (see also unbounded coords=jump). 
NOTE: coordinate (9.568837756,-0.1644501062) has been dropped because of a coor
dinate filter. (see also unbounded coords=jump). 
NOTE: coordinate (9.572888574,-0.1657809691) has been dropped because of a coor
dinate filter. (see also unbounded coords=jump). 
NOTE: coordinate (9.576939391,-0.1677954656) has been dropped because of a coor
dinate filter. (see also unbounded coords=jump). 
NOTE: coordinate (9.580990209,-0.1726469909) has been dropped because of a coor
dinate filter. (see also unbounded coords=jump). 
NOTE: coordinate (9.585041027,-0.1722733483) has been dropped because of a coor
dinate filter. (see also unbounded coords=jump). 
NOTE: coordinate (9.589091845,-0.172897629) has been dropped because of a coord
inate filter. (see also unbounded coords=jump). 
NOTE: coordinate (9.593142663,-0.1721805341) has been dropped because of a coor
dinate filter. (see also unbounded coords=jump). 
NOTE: coordinate (9.597193481,-0.1714944604) has been dropped because of a coor
dinate filter. (see also unbounded coords=jump). 
NOTE: coordinate (9.601244299,-0.1743252652) has been dropped because of a coor
dinate filter. (see also unbounded coords=jump). 
NOTE: coordinate (9.605295117,-0.1816111175) has been dropped because of a coor
dinate filter. (see also unbounded coords=jump). 
NOTE: coordinate (9.609345935,-0.1787772328) has been dropped because of a coor
dinate filter. (see also unbounded coords=jump). 
NOTE: coordinate (9.613396753,-0.1786554604) has been dropped because of a coor
dinate filter. (see also unbounded coords=jump). 
NOTE: coordinate (9.61744757,-0.1773093629) has been dropped because of a coord
inate filter. (see also unbounded coords=jump). 
NOTE: coordinate (9.621498388,-0.1833079248) has been dropped because of a coor
dinate filter. (see also unbounded coords=jump). 
NOTE: coordinate (9.625549206,-0.1972831125) has been dropped because of a coor
dinate filter. (see also unbounded coords=jump). 
NOTE: coordinate (9.629600024,-0.2117627031) has been dropped because of a coor
dinate filter. (see also unbounded coords=jump). 
NOTE: coordinate (9.633650842,-0.2233257299) has been dropped because of a coor
dinate filter. (see also unbounded coords=jump). 
NOTE: coordinate (9.63770166,-0.2363516443) has been dropped because of a coord
inate filter. (see also unbounded coords=jump). 
NOTE: coordinate (9.641752478,-0.250591607) has been dropped because of a coord
inate filter. (see also unbounded coords=jump). 
NOTE: coordinate (9.645803296,-0.2607659182) has been dropped because of a coor
dinate filter. (see also unbounded coords=jump). 
NOTE: coordinate (9.649854114,-0.2739033374) has been dropped because of a coor
dinate filter. (see also unbounded coords=jump). 
NOTE: coordinate (9.653904931,-0.2806663128) has been dropped because of a coor
dinate filter. (see also unbounded coords=jump). 
NOTE: coordinate (9.657955749,-0.2874212955) has been dropped because of a coor
dinate filter. (see also unbounded coords=jump). 
NOTE: coordinate (9.662006567,-0.2868044258) has been dropped because of a coor
dinate filter. (see also unbounded coords=jump). 
NOTE: coordinate (9.666057385,-0.2836371503) has been dropped because of a coor
dinate filter. (see also unbounded coords=jump). 
NOTE: coordinate (9.670108203,-0.2826399344) has been dropped because of a coor
dinate filter. (see also unbounded coords=jump). 
NOTE: coordinate (9.674159021,-0.2871277855) has been dropped because of a coor
dinate filter. (see also unbounded coords=jump). 
NOTE: coordinate (9.678209839,-0.291735716) has been dropped because of a coord
inate filter. (see also unbounded coords=jump). 
NOTE: coordinate (9.682260657,-0.2952125791) has been dropped because of a coor
dinate filter. (see also unbounded coords=jump). 
NOTE: coordinate (9.686311475,-0.2856284066) has been dropped because of a coor
dinate filter. (see also unbounded coords=jump). 
NOTE: coordinate (9.690362293,-0.2763281396) has been dropped because of a coor
dinate filter. (see also unbounded coords=jump). 
NOTE: coordinate (9.69441311,-0.2631159739) has been dropped because of a coord
inate filter. (see also unbounded coords=jump). 
NOTE: coordinate (9.698463928,-0.2537653524) has been dropped because of a coor
dinate filter. (see also unbounded coords=jump). 
NOTE: coordinate (9.702514746,-0.2443116843) has been dropped because of a coor
dinate filter. (see also unbounded coords=jump). 
NOTE: coordinate (9.706565564,-0.23312576) has been dropped because of a coordi
nate filter. (see also unbounded coords=jump). 
NOTE: coordinate (9.710616382,-0.218226418) has been dropped because of a coord
inate filter. (see also unbounded coords=jump). 
NOTE: coordinate (9.7146672,-0.2003237883) has been dropped because of a coordi
nate filter. (see also unbounded coords=jump). 
NOTE: coordinate (9.718718018,-0.1733331811) has been dropped because of a coor
dinate filter. (see also unbounded coords=jump). 
NOTE: coordinate (9.722768836,-0.148412376) has been dropped because of a coord
inate filter. (see also unbounded coords=jump). 
NOTE: coordinate (9.726819654,-0.1189587469) has been dropped because of a coor
dinate filter. (see also unbounded coords=jump). 
NOTE: coordinate (9.730870471,-0.09635433503) has been dropped because of a coo
rdinate filter. (see also unbounded coords=jump). 
NOTE: coordinate (9.734921289,-0.07277476672) has been dropped because of a coo
rdinate filter. (see also unbounded coords=jump). 
NOTE: coordinate (9.738972107,-0.04881619076) has been dropped because of a coo
rdinate filter. (see also unbounded coords=jump). 
NOTE: coordinate (9.743022925,-0.02826876754) has been dropped because of a coo
rdinate filter. (see also unbounded coords=jump). 
NOTE: coordinate (9.747073743,-0.004781674178) has been dropped because of a co
ordinate filter. (see also unbounded coords=jump). 
NOTE: coordinate (9.751124561,0.01635043065) has been dropped because of a coor
dinate filter. (see also unbounded coords=jump). 
NOTE: coordinate (9.755175379,0.03842841294) has been dropped because of a coor
dinate filter. (see also unbounded coords=jump). 
NOTE: coordinate (9.759226197,0.05775619695) has been dropped because of a coor
dinate filter. (see also unbounded coords=jump). 
NOTE: coordinate (9.763277015,0.07236534384) has been dropped because of a coor
dinate filter. (see also unbounded coords=jump). 
NOTE: coordinate (9.767327833,0.08259588676) has been dropped because of a coor
dinate filter. (see also unbounded coords=jump). 
NOTE: coordinate (9.77137865,0.09353667357) has been dropped because of a coord
inate filter. (see also unbounded coords=jump). 
NOTE: coordinate (9.775429468,0.1034154739) has been dropped because of a coord
inate filter. (see also unbounded coords=jump). 
NOTE: coordinate (9.779480286,0.1098941241) has been dropped because of a coord
inate filter. (see also unbounded coords=jump). 
NOTE: coordinate (9.783531104,0.1110461688) has been dropped because of a coord
inate filter. (see also unbounded coords=jump). 
NOTE: coordinate (9.787581922,0.1196532636) has been dropped because of a coord
inate filter. (see also unbounded coords=jump). 
NOTE: coordinate (9.79163274,0.1310690935) has been dropped because of a coordi
nate filter. (see also unbounded coords=jump). 
NOTE: coordinate (9.795683558,0.144737969) has been dropped because of a coordi
nate filter. (see also unbounded coords=jump). 
NOTE: coordinate (9.799734376,0.1530211048) has been dropped because of a coord
inate filter. (see also unbounded coords=jump). 
NOTE: coordinate (9.803785194,0.158489328) has been dropped because of a coordi
nate filter. (see also unbounded coords=jump). 
NOTE: coordinate (9.807836011,0.166781963) has been dropped because of a coordi
nate filter. (see also unbounded coords=jump). 
NOTE: coordinate (9.811886829,0.1733853584) has been dropped because of a coord
inate filter. (see also unbounded coords=jump). 
NOTE: coordinate (9.815937647,0.1831529855) has been dropped because of a coord
inate filter. (see also unbounded coords=jump). 
NOTE: coordinate (9.819988465,0.1922054714) has been dropped because of a coord
inate filter. (see also unbounded coords=jump). 
NOTE: coordinate (9.824039283,0.2004504061) has been dropped because of a coord
inate filter. (see also unbounded coords=jump). 
NOTE: coordinate (9.828090101,0.2032457677) has been dropped because of a coord
inate filter. (see also unbounded coords=jump). 
NOTE: coordinate (9.832140919,0.2077799315) has been dropped because of a coord
inate filter. (see also unbounded coords=jump). 
NOTE: coordinate (9.836191737,0.2167503357) has been dropped because of a coord
inate filter. (see also unbounded coords=jump). 
NOTE: coordinate (9.840242555,0.22002316) has been dropped because of a coordin
ate filter. (see also unbounded coords=jump). 
NOTE: coordinate (9.844293373,0.2142081375) has been dropped because of a coord
inate filter. (see also unbounded coords=jump). 
NOTE: coordinate (9.84834419,0.2009733162) has been dropped because of a coordi
nate filter. (see also unbounded coords=jump). 
NOTE: coordinate (9.852395008,0.1920200445) has been dropped because of a coord
inate filter. (see also unbounded coords=jump). 
NOTE: coordinate (9.856445826,0.1821739877) has been dropped because of a coord
inate filter. (see also unbounded coords=jump). 
NOTE: coordinate (9.860496644,0.1700340424) has been dropped because of a coord
inate filter. (see also unbounded coords=jump). 
NOTE: coordinate (9.864547462,0.1527989699) has been dropped because of a coord
inate filter. (see also unbounded coords=jump). 
NOTE: coordinate (9.86859828,0.1378342479) has been dropped because of a coordi
nate filter. (see also unbounded coords=jump). 
NOTE: coordinate (9.872649098,0.1229914691) has been dropped because of a coord
inate filter. (see also unbounded coords=jump). 
NOTE: coordinate (9.876699916,0.1101092926) has been dropped because of a coord
inate filter. (see also unbounded coords=jump). 
NOTE: coordinate (9.880750734,0.09636505516) has been dropped because of a coor
dinate filter. (see also unbounded coords=jump). 
NOTE: coordinate (9.884801552,0.07978973503) has been dropped because of a coor
dinate filter. (see also unbounded coords=jump). 
NOTE: coordinate (9.888852369,0.06412244579) has been dropped because of a coor
dinate filter. (see also unbounded coords=jump). 
NOTE: coordinate (9.892903187,0.05308118042) has been dropped because of a coor
dinate filter. (see also unbounded coords=jump). 
NOTE: coordinate (9.896954005,0.0536916611) has been dropped because of a coord
inate filter. (see also unbounded coords=jump). 
NOTE: coordinate (9.901004823,0.05136016253) has been dropped because of a coor
dinate filter. (see also unbounded coords=jump). 
NOTE: coordinate (9.905055641,0.04799195398) has been dropped because of a coor
dinate filter. (see also unbounded coords=jump). 
NOTE: coordinate (9.909106459,0.04314982) has been dropped because of a coordin
ate filter. (see also unbounded coords=jump). 
NOTE: coordinate (9.913157277,0.03851455997) has been dropped because of a coor
dinate filter. (see also unbounded coords=jump). 
NOTE: coordinate (9.917208095,0.03240819987) has been dropped because of a coor
dinate filter. (see also unbounded coords=jump). 
NOTE: coordinate (9.921258913,0.02366726163) has been dropped because of a coor
dinate filter. (see also unbounded coords=jump). 
NOTE: coordinate (9.92530973,0.01205965532) has been dropped because of a coord
inate filter. (see also unbounded coords=jump). 
NOTE: coordinate (9.929360548,0.004692603377) has been dropped because of a coo
rdinate filter. (see also unbounded coords=jump). 
NOTE: coordinate (9.933411366,-0.005862116832) has been dropped because of a co
ordinate filter. (see also unbounded coords=jump). 
NOTE: coordinate (9.937462184,-0.01248143126) has been dropped because of a coo
rdinate filter. (see also unbounded coords=jump). 
NOTE: coordinate (9.941513002,-0.01870850321) has been dropped because of a coo
rdinate filter. (see also unbounded coords=jump). 
NOTE: coordinate (9.94556382,-0.01941135034) has been dropped because of a coor
dinate filter. (see also unbounded coords=jump). 
NOTE: coordinate (9.949614638,-0.02008978609) has been dropped because of a coo
rdinate filter. (see also unbounded coords=jump). 
NOTE: coordinate (9.953665456,-0.01282223389) has been dropped because of a coo
rdinate filter. (see also unbounded coords=jump). 
NOTE: coordinate (9.957716274,-0.01104958194) has been dropped because of a coo
rdinate filter. (see also unbounded coords=jump). 
NOTE: coordinate (9.961767092,-0.01236112277) has been dropped because of a coo
rdinate filter. (see also unbounded coords=jump). 
NOTE: coordinate (9.965817909,-0.01395072563) has been dropped because of a coo
rdinate filter. (see also unbounded coords=jump). 
NOTE: coordinate (9.969868727,-0.01457354855) has been dropped because of a coo
rdinate filter. (see also unbounded coords=jump). 
NOTE: coordinate (9.973919545,-0.01378424456) has been dropped because of a coo
rdinate filter. (see also unbounded coords=jump). 
NOTE: coordinate (9.977970363,-0.005236850789) has been dropped because of a co
ordinate filter. (see also unbounded coords=jump). 
NOTE: coordinate (9.982021181,0.003333813134) has been dropped because of a coo
rdinate filter. (see also unbounded coords=jump). 
NOTE: coordinate (9.986071999,0.009834377632) has been dropped because of a coo
rdinate filter. (see also unbounded coords=jump). 
NOTE: coordinate (9.990122817,0.01173600389) has been dropped because of a coor
dinate filter. (see also unbounded coords=jump). 
NOTE: coordinate (9.994173635,0.01706709586) has been dropped because of a coor
dinate filter. (see also unbounded coords=jump). 
NOTE: coordinate (9.998224453,0.02033828044) has been dropped because of a coor
dinate filter. (see also unbounded coords=jump). 
NOTE: coordinate (10.00227527,0.02377722854) has been dropped because of a coor
dinate filter. (see also unbounded coords=jump). 
NOTE: coordinate (10.00632609,0.02108060808) has been dropped because of a coor
dinate filter. (see also unbounded coords=jump). 
NOTE: coordinate (10.01037691,0.01815702344) has been dropped because of a coor
dinate filter. (see also unbounded coords=jump). 
NOTE: coordinate (10.01442772,0.01718854172) has been dropped because of a coor
dinate filter. (see also unbounded coords=jump). 
NOTE: coordinate (10.01847854,0.02029315344) has been dropped because of a coor
dinate filter. (see also unbounded coords=jump). 
NOTE: coordinate (10.02252936,0.02122657297) has been dropped because of a coor
dinate filter. (see also unbounded coords=jump). 
NOTE: coordinate (10.02658018,0.0173460161) has been dropped because of a coord
inate filter. (see also unbounded coords=jump). 
NOTE: coordinate (10.030631,0.02094023271) has been dropped because of a coordi
nate filter. (see also unbounded coords=jump). 
NOTE: coordinate (10.03468181,0.02890393094) has been dropped because of a coor
dinate filter. (see also unbounded coords=jump). 
NOTE: coordinate (10.03873263,0.03688621887) has been dropped because of a coor
dinate filter. (see also unbounded coords=jump). 
NOTE: coordinate (10.04278345,0.04017817646) has been dropped because of a coor
dinate filter. (see also unbounded coords=jump). 
NOTE: coordinate (10.04683427,0.04730698259) has been dropped because of a coor
dinate filter. (see also unbounded coords=jump). 
NOTE: coordinate (10.05088509,0.04707351096) has been dropped because of a coor
dinate filter. (see also unbounded coords=jump). 
NOTE: coordinate (10.0549359,0.04203682797) has been dropped because of a coord
inate filter. (see also unbounded coords=jump). 
NOTE: coordinate (10.05898672,0.03265147145) has been dropped because of a coor
dinate filter. (see also unbounded coords=jump). 
NOTE: coordinate (10.06303754,0.02805159586) has been dropped because of a coor
dinate filter. (see also unbounded coords=jump). 
NOTE: coordinate (10.06708836,0.02668531123) has been dropped because of a coor
dinate filter. (see also unbounded coords=jump). 
NOTE: coordinate (10.07113917,0.0278394227) has been dropped because of a coord
inate filter. (see also unbounded coords=jump). 
NOTE: coordinate (10.07518999,0.02391012641) has been dropped because of a coor
dinate filter. (see also unbounded coords=jump). 
NOTE: coordinate (10.07924081,0.0108297078) has been dropped because of a coord
inate filter. (see also unbounded coords=jump). 
NOTE: coordinate (10.08329163,0.0040598669) has been dropped because of a coord
inate filter. (see also unbounded coords=jump). 
NOTE: coordinate (10.08734245,-0.004192857771) has been dropped because of a co
ordinate filter. (see also unbounded coords=jump). 
NOTE: coordinate (10.09139326,-0.01634882295) has been dropped because of a coo
rdinate filter. (see also unbounded coords=jump). 
NOTE: coordinate (10.09544408,-0.02693204762) has been dropped because of a coo
rdinate filter. (see also unbounded coords=jump). 
NOTE: coordinate (10.0994949,-0.0364734768) has been dropped because of a coord
inate filter. (see also unbounded coords=jump). 
NOTE: coordinate (10.10354572,-0.0434606862) has been dropped because of a coor
dinate filter. (see also unbounded coords=jump). 
NOTE: coordinate (10.10759654,-0.04364001985) has been dropped because of a coo
rdinate filter. (see also unbounded coords=jump). 
NOTE: coordinate (10.11164735,-0.04173656048) has been dropped because of a coo
rdinate filter. (see also unbounded coords=jump). 
NOTE: coordinate (10.11569817,-0.04436934833) has been dropped because of a coo
rdinate filter. (see also unbounded coords=jump). 
NOTE: coordinate (10.11974899,-0.04712157212) has been dropped because of a coo
rdinate filter. (see also unbounded coords=jump). 
NOTE: coordinate (10.12379981,-0.05335252364) has been dropped because of a coo
rdinate filter. (see also unbounded coords=jump). 
NOTE: coordinate (10.12785063,-0.06268544116) has been dropped because of a coo
rdinate filter. (see also unbounded coords=jump). 
NOTE: coordinate (10.13190144,-0.06761995532) has been dropped because of a coo
rdinate filter. (see also unbounded coords=jump). 
NOTE: coordinate (10.13595226,-0.0730220854) has been dropped because of a coor
dinate filter. (see also unbounded coords=jump). 
NOTE: coordinate (10.14000308,-0.07209168832) has been dropped because of a coo
rdinate filter. (see also unbounded coords=jump). 
NOTE: coordinate (10.1440539,-0.06781263139) has been dropped because of a coor
dinate filter. (see also unbounded coords=jump). 
NOTE: coordinate (10.14810471,-0.06704144127) has been dropped because of a coo
rdinate filter. (see also unbounded coords=jump). 
NOTE: coordinate (10.15215553,-0.06168587831) has been dropped because of a coo
rdinate filter. (see also unbounded coords=jump). 
NOTE: coordinate (10.15620635,-0.05140838453) has been dropped because of a coo
rdinate filter. (see also unbounded coords=jump). 
NOTE: coordinate (10.16025717,-0.04278123023) has been dropped because of a coo
rdinate filter. (see also unbounded coords=jump). 
NOTE: coordinate (10.16430799,-0.03432338687) has been dropped because of a coo
rdinate filter. (see also unbounded coords=jump). 
NOTE: coordinate (10.1683588,-0.03041762836) has been dropped because of a coor
dinate filter. (see also unbounded coords=jump). 
NOTE: coordinate (10.17240962,-0.02891035732) has been dropped because of a coo
rdinate filter. (see also unbounded coords=jump). 
NOTE: coordinate (10.17646044,-0.03271965496) has been dropped because of a coo
rdinate filter. (see also unbounded coords=jump). 
NOTE: coordinate (10.18051126,-0.03505963435) has been dropped because of a coo
rdinate filter. (see also unbounded coords=jump). 
NOTE: coordinate (10.18456208,-0.03380514286) has been dropped because of a coo
rdinate filter. (see also unbounded coords=jump). 
NOTE: coordinate (10.18861289,-0.03300560027) has been dropped because of a coo
rdinate filter. (see also unbounded coords=jump). 
NOTE: coordinate (10.19266371,-0.03384198917) has been dropped because of a coo
rdinate filter. (see also unbounded coords=jump). 
NOTE: coordinate (10.19671453,-0.02688541267) has been dropped because of a coo
rdinate filter. (see also unbounded coords=jump). 
NOTE: coordinate (10.20076535,-0.02276234126) has been dropped because of a coo
rdinate filter. (see also unbounded coords=jump). 
NOTE: coordinate (10.20481617,-0.02656315343) has been dropped because of a coo
rdinate filter. (see also unbounded coords=jump). 
NOTE: coordinate (10.20886698,-0.02634262276) has been dropped because of a coo
rdinate filter. (see also unbounded coords=jump). 
NOTE: coordinate (10.2129178,-0.02085149478) has been dropped because of a coor
dinate filter. (see also unbounded coords=jump). 
NOTE: coordinate (10.21696862,-0.01293120691) has been dropped because of a coo
rdinate filter. (see also unbounded coords=jump). 
NOTE: coordinate (10.22101944,-0.007796263167) has been dropped because of a co
ordinate filter. (see also unbounded coords=jump). 
NOTE: coordinate (10.22507025,-0.004024244227) has been dropped because of a co
ordinate filter. (see also unbounded coords=jump). 
NOTE: coordinate (10.22912107,0.005779256415) has been dropped because of a coo
rdinate filter. (see also unbounded coords=jump). 
NOTE: coordinate (10.23317189,0.01489781716) has been dropped because of a coor
dinate filter. (see also unbounded coords=jump). 
NOTE: coordinate (10.23722271,0.02211714588) has been dropped because of a coor
dinate filter. (see also unbounded coords=jump). 
NOTE: coordinate (10.24127353,0.03256627406) has been dropped because of a coor
dinate filter. (see also unbounded coords=jump). 
NOTE: coordinate (10.24532434,0.03519030742) has been dropped because of a coor
dinate filter. (see also unbounded coords=jump). 
NOTE: coordinate (10.24937516,0.03707391444) has been dropped because of a coor
dinate filter. (see also unbounded coords=jump). 
NOTE: coordinate (10.25342598,0.03918915517) has been dropped because of a coor
dinate filter. (see also unbounded coords=jump). 
NOTE: coordinate (10.2574768,0.04138318998) has been dropped because of a coord
inate filter. (see also unbounded coords=jump). 
NOTE: coordinate (10.26152762,0.04562451772) has been dropped because of a coor
dinate filter. (see also unbounded coords=jump). 
NOTE: coordinate (10.26557843,0.04954719246) has been dropped because of a coor
dinate filter. (see also unbounded coords=jump). 
NOTE: coordinate (10.26962925,0.05941110538) has been dropped because of a coor
dinate filter. (see also unbounded coords=jump). 
NOTE: coordinate (10.27368007,0.07396203206) has been dropped because of a coor
dinate filter. (see also unbounded coords=jump). 
NOTE: coordinate (10.27773089,0.0909291139) has been dropped because of a coord
inate filter. (see also unbounded coords=jump). 
NOTE: coordinate (10.28178171,0.1045302443) has been dropped because of a coord
inate filter. (see also unbounded coords=jump). 
NOTE: coordinate (10.28583252,0.1124810366) has been dropped because of a coord
inate filter. (see also unbounded coords=jump). 
NOTE: coordinate (10.28988334,0.1240909739) has been dropped because of a coord
inate filter. (see also unbounded coords=jump). 
NOTE: coordinate (10.29393416,0.1381386936) has been dropped because of a coord
inate filter. (see also unbounded coords=jump). 
NOTE: coordinate (10.29798498,0.1498700861) has been dropped because of a coord
inate filter. (see also unbounded coords=jump). 
NOTE: coordinate (10.30203579,0.1655907665) has been dropped because of a coord
inate filter. (see also unbounded coords=jump). 
NOTE: coordinate (10.30608661,0.1756995843) has been dropped because of a coord
inate filter. (see also unbounded coords=jump). 
NOTE: coordinate (10.31013743,0.1845459137) has been dropped because of a coord
inate filter. (see also unbounded coords=jump). 
NOTE: coordinate (10.31418825,0.1904223771) has been dropped because of a coord
inate filter. (see also unbounded coords=jump). 
NOTE: coordinate (10.31823907,0.1915750743) has been dropped because of a coord
inate filter. (see also unbounded coords=jump). 
NOTE: coordinate (10.32228988,0.1889695776) has been dropped because of a coord
inate filter. (see also unbounded coords=jump). 
NOTE: coordinate (10.3263407,0.1858318802) has been dropped because of a coordi
nate filter. (see also unbounded coords=jump). 
NOTE: coordinate (10.33039152,0.1856502738) has been dropped because of a coord
inate filter. (see also unbounded coords=jump). 
NOTE: coordinate (10.33444234,0.1766953858) has been dropped because of a coord
inate filter. (see also unbounded coords=jump). 
NOTE: coordinate (10.33849316,0.170938123) has been dropped because of a coordi
nate filter. (see also unbounded coords=jump). 
NOTE: coordinate (10.34254397,0.1612132664) has been dropped because of a coord
inate filter. (see also unbounded coords=jump). 
NOTE: coordinate (10.34659479,0.1451898704) has been dropped because of a coord
inate filter. (see also unbounded coords=jump). 
NOTE: coordinate (10.35064561,0.1313588281) has been dropped because of a coord
inate filter. (see also unbounded coords=jump). 
NOTE: coordinate (10.35469643,0.1176657722) has been dropped because of a coord
inate filter. (see also unbounded coords=jump). 
NOTE: coordinate (10.35874725,0.1074081155) has been dropped because of a coord
inate filter. (see also unbounded coords=jump). 
NOTE: coordinate (10.36279806,0.09914237889) has been dropped because of a coor
dinate filter. (see also unbounded coords=jump). 
NOTE: coordinate (10.36684888,0.09552957243) has been dropped because of a coor
dinate filter. (see also unbounded coords=jump). 
NOTE: coordinate (10.3708997,0.09243854211) has been dropped because of a coord
inate filter. (see also unbounded coords=jump). 
NOTE: coordinate (10.37495052,0.09216128477) has been dropped because of a coor
dinate filter. (see also unbounded coords=jump). 
NOTE: coordinate (10.37900133,0.09312058564) has been dropped because of a coor
dinate filter. (see also unbounded coords=jump). 
NOTE: coordinate (10.38305215,0.09304466808) has been dropped because of a coor
dinate filter. (see also unbounded coords=jump). 
NOTE: coordinate (10.38710297,0.09539631931) has been dropped because of a coor
dinate filter. (see also unbounded coords=jump). 
NOTE: coordinate (10.39115379,0.09964769499) has been dropped because of a coor
dinate filter. (see also unbounded coords=jump). 
NOTE: coordinate (10.39520461,0.1024896412) has been dropped because of a coord
inate filter. (see also unbounded coords=jump). 
NOTE: coordinate (10.39925542,0.09398692161) has been dropped because of a coor
dinate filter. (see also unbounded coords=jump). 
NOTE: coordinate (10.40330624,0.0834529053) has been dropped because of a coord
inate filter. (see also unbounded coords=jump). 
NOTE: coordinate (10.40735706,0.08007600439) has been dropped because of a coor
dinate filter. (see also unbounded coords=jump). 
NOTE: coordinate (10.41140788,0.08031160465) has been dropped because of a coor
dinate filter. (see also unbounded coords=jump). 
NOTE: coordinate (10.4154587,0.08038723959) has been dropped because of a coord
inate filter. (see also unbounded coords=jump). 
NOTE: coordinate (10.41950951,0.08317636135) has been dropped because of a coor
dinate filter. (see also unbounded coords=jump). 
NOTE: coordinate (10.42356033,0.08137517748) has been dropped because of a coor
dinate filter. (see also unbounded coords=jump). 
NOTE: coordinate (10.42761115,0.0799627567) has been dropped because of a coord
inate filter. (see also unbounded coords=jump). 
NOTE: coordinate (10.43166197,0.07970826867) has been dropped because of a coor
dinate filter. (see also unbounded coords=jump). 
NOTE: coordinate (10.43571279,0.07558669241) has been dropped because of a coor
dinate filter. (see also unbounded coords=jump). 
NOTE: coordinate (10.4397636,0.07645527401) has been dropped because of a coord
inate filter. (see also unbounded coords=jump). 
NOTE: coordinate (10.44381442,0.0739481988) has been dropped because of a coord
inate filter. (see also unbounded coords=jump). 
NOTE: coordinate (10.44786524,0.06548887567) has been dropped because of a coor
dinate filter. (see also unbounded coords=jump). 
NOTE: coordinate (10.45191606,0.05978095845) has been dropped because of a coor
dinate filter. (see also unbounded coords=jump). 
NOTE: coordinate (10.45596687,0.05694773079) has been dropped because of a coor
dinate filter. (see also unbounded coords=jump). 
NOTE: coordinate (10.46001769,0.04775530277) has been dropped because of a coor
dinate filter. (see also unbounded coords=jump). 
NOTE: coordinate (10.46406851,0.04323728772) has been dropped because of a coor
dinate filter. (see also unbounded coords=jump). 
NOTE: coordinate (10.46811933,0.04243402846) has been dropped because of a coor
dinate filter. (see also unbounded coords=jump). 
NOTE: coordinate (10.47217015,0.04506533869) has been dropped because of a coor
dinate filter. (see also unbounded coords=jump). 
NOTE: coordinate (10.47622096,0.04412782186) has been dropped because of a coor
dinate filter. (see also unbounded coords=jump). 
NOTE: coordinate (10.48027178,0.0445655731) has been dropped because of a coord
inate filter. (see also unbounded coords=jump). 
NOTE: coordinate (10.4843226,0.0462610084) has been dropped because of a coordi
nate filter. (see also unbounded coords=jump). 
NOTE: coordinate (10.48837342,0.05094260128) has been dropped because of a coor
dinate filter. (see also unbounded coords=jump). 
NOTE: coordinate (10.49242424,0.05249797486) has been dropped because of a coor
dinate filter. (see also unbounded coords=jump). 
NOTE: coordinate (10.49647505,0.05845099365) has been dropped because of a coor
dinate filter. (see also unbounded coords=jump). 
NOTE: coordinate (10.50052587,0.06660923972) has been dropped because of a coor
dinate filter. (see also unbounded coords=jump). 
NOTE: coordinate (10.50457669,0.07615347093) has been dropped because of a coor
dinate filter. (see also unbounded coords=jump). 
NOTE: coordinate (10.50862751,0.07954155838) has been dropped because of a coor
dinate filter. (see also unbounded coords=jump). 
NOTE: coordinate (10.51267833,0.09102840885) has been dropped because of a coor
dinate filter. (see also unbounded coords=jump). 
NOTE: coordinate (10.51672914,0.1015095955) has been dropped because of a coord
inate filter. (see also unbounded coords=jump). 
NOTE: coordinate (10.52077996,0.1051415279) has been dropped because of a coord
inate filter. (see also unbounded coords=jump). 
NOTE: coordinate (10.52483078,0.1012070503) has been dropped because of a coord
inate filter. (see also unbounded coords=jump). 
NOTE: coordinate (10.5288816,0.09040825005) has been dropped because of a coord
inate filter. (see also unbounded coords=jump). 
NOTE: coordinate (10.53293241,0.08029918456) has been dropped because of a coor
dinate filter. (see also unbounded coords=jump). 
NOTE: coordinate (10.53698323,0.06705399406) has been dropped because of a coor
dinate filter. (see also unbounded coords=jump). 
NOTE: coordinate (10.54103405,0.05089281234) has been dropped because of a coor
dinate filter. (see also unbounded coords=jump). 
NOTE: coordinate (10.54508487,0.04228426013) has been dropped because of a coor
dinate filter. (see also unbounded coords=jump). 
NOTE: coordinate (10.54913569,0.03168259904) has been dropped because of a coor
dinate filter. (see also unbounded coords=jump). 
NOTE: coordinate (10.5531865,0.02530354859) has been dropped because of a coord
inate filter. (see also unbounded coords=jump). 
NOTE: coordinate (10.55723732,0.01995870935) has been dropped because of a coor
dinate filter. (see also unbounded coords=jump). 
NOTE: coordinate (10.56128814,0.01452707403) has been dropped because of a coor
dinate filter. (see also unbounded coords=jump). 
NOTE: coordinate (10.56533896,0.01771911023) has been dropped because of a coor
dinate filter. (see also unbounded coords=jump). 
NOTE: coordinate (10.56938978,0.0239894198) has been dropped because of a coord
inate filter. (see also unbounded coords=jump). 
NOTE: coordinate (10.57344059,0.03477468115) has been dropped because of a coor
dinate filter. (see also unbounded coords=jump). 
NOTE: coordinate (10.57749141,0.0408850571) has been dropped because of a coord
inate filter. (see also unbounded coords=jump). 
NOTE: coordinate (10.58154223,0.04270423202) has been dropped because of a coor
dinate filter. (see also unbounded coords=jump). 
NOTE: coordinate (10.58559305,0.04481730385) has been dropped because of a coor
dinate filter. (see also unbounded coords=jump). 
NOTE: coordinate (10.58964387,0.04668389613) has been dropped because of a coor
dinate filter. (see also unbounded coords=jump). 
NOTE: coordinate (10.59369468,0.05015560914) has been dropped because of a coor
dinate filter. (see also unbounded coords=jump). 
NOTE: coordinate (10.5977455,0.06412294089) has been dropped because of a coord
inate filter. (see also unbounded coords=jump). 
NOTE: coordinate (10.60179632,0.0799414601) has been dropped because of a coord
inate filter. (see also unbounded coords=jump). 
NOTE: coordinate (10.60584714,0.09068356312) has been dropped because of a coor
dinate filter. (see also unbounded coords=jump). 
NOTE: coordinate (10.60989795,0.1059156817) has been dropped because of a coord
inate filter. (see also unbounded coords=jump). 
NOTE: coordinate (10.61394877,0.1172017709) has been dropped because of a coord
inate filter. (see also unbounded coords=jump). 
NOTE: coordinate (10.61799959,0.125205238) has been dropped because of a coordi
nate filter. (see also unbounded coords=jump). 
NOTE: coordinate (10.62205041,0.1290631917) has been dropped because of a coord
inate filter. (see also unbounded coords=jump). 
NOTE: coordinate (10.62610123,0.1321732994) has been dropped because of a coord
inate filter. (see also unbounded coords=jump). 
NOTE: coordinate (10.63015204,0.1309471004) has been dropped because of a coord
inate filter. (see also unbounded coords=jump). 
NOTE: coordinate (10.63420286,0.1173673047) has been dropped because of a coord
inate filter. (see also unbounded coords=jump). 
NOTE: coordinate (10.63825368,0.1114171116) has been dropped because of a coord
inate filter. (see also unbounded coords=jump). 
NOTE: coordinate (10.6423045,0.1052097962) has been dropped because of a coordi
nate filter. (see also unbounded coords=jump). 
NOTE: coordinate (10.64635532,0.1093042756) has been dropped because of a coord
inate filter. (see also unbounded coords=jump). 
NOTE: coordinate (10.65040613,0.1185261181) has been dropped because of a coord
inate filter. (see also unbounded coords=jump). 
NOTE: coordinate (10.65445695,0.1282854593) has been dropped because of a coord
inate filter. (see also unbounded coords=jump). 
NOTE: coordinate (10.65850777,0.1373425278) has been dropped because of a coord
inate filter. (see also unbounded coords=jump). 
NOTE: coordinate (10.66255859,0.1484131736) has been dropped because of a coord
inate filter. (see also unbounded coords=jump). 
NOTE: coordinate (10.66660941,0.1660572024) has been dropped because of a coord
inate filter. (see also unbounded coords=jump). 
NOTE: coordinate (10.67066022,0.1825428515) has been dropped because of a coord
inate filter. (see also unbounded coords=jump). 
NOTE: coordinate (10.67471104,0.2010024472) has been dropped because of a coord
inate filter. (see also unbounded coords=jump). 
NOTE: coordinate (10.67876186,0.2131978053) has been dropped because of a coord
inate filter. (see also unbounded coords=jump). 
NOTE: coordinate (10.68281268,0.2251032866) has been dropped because of a coord
inate filter. (see also unbounded coords=jump). 
NOTE: coordinate (10.68686349,0.23633895) has been dropped because of a coordin
ate filter. (see also unbounded coords=jump). 
NOTE: coordinate (10.69091431,0.2435122997) has been dropped because of a coord
inate filter. (see also unbounded coords=jump). 
NOTE: coordinate (10.69496513,0.2525034081) has been dropped because of a coord
inate filter. (see also unbounded coords=jump). 
NOTE: coordinate (10.69901595,0.2642629202) has been dropped because of a coord
inate filter. (see also unbounded coords=jump). 
NOTE: coordinate (10.70306677,0.2685431842) has been dropped because of a coord
inate filter. (see also unbounded coords=jump). 
NOTE: coordinate (10.70711758,0.2746706514) has been dropped because of a coord
inate filter. (see also unbounded coords=jump). 
NOTE: coordinate (10.7111684,0.2877001865) has been dropped because of a coordi
nate filter. (see also unbounded coords=jump). 
NOTE: coordinate (10.71521922,0.3022094494) has been dropped because of a coord
inate filter. (see also unbounded coords=jump). 
NOTE: coordinate (10.71927004,0.3074175539) has been dropped because of a coord
inate filter. (see also unbounded coords=jump). 
NOTE: coordinate (10.72332086,0.3127363892) has been dropped because of a coord
inate filter. (see also unbounded coords=jump). 
NOTE: coordinate (10.72737167,0.3169901817) has been dropped because of a coord
inate filter. (see also unbounded coords=jump). 
NOTE: coordinate (10.73142249,0.326103985) has been dropped because of a coordi
nate filter. (see also unbounded coords=jump). 
NOTE: coordinate (10.73547331,0.3339791837) has been dropped because of a coord
inate filter. (see also unbounded coords=jump). 
NOTE: coordinate (10.73952413,0.3419142523) has been dropped because of a coord
inate filter. (see also unbounded coords=jump). 
NOTE: coordinate (10.74357495,0.3424097984) has been dropped because of a coord
inate filter. (see also unbounded coords=jump). 
NOTE: coordinate (10.74762576,0.34113008) has been dropped because of a coordin
ate filter. (see also unbounded coords=jump). 
NOTE: coordinate (10.75167658,0.3401865441) has been dropped because of a coord
inate filter. (see also unbounded coords=jump). 
NOTE: coordinate (10.7557274,0.343648308) has been dropped because of a coordin
ate filter. (see also unbounded coords=jump). 
NOTE: coordinate (10.75977822,0.3470758463) has been dropped because of a coord
inate filter. (see also unbounded coords=jump). 
NOTE: coordinate (10.76382903,0.3508414249) has been dropped because of a coord
inate filter. (see also unbounded coords=jump). 
NOTE: coordinate (10.76787985,0.3514638342) has been dropped because of a coord
inate filter. (see also unbounded coords=jump). 
NOTE: coordinate (10.77193067,0.3468580759) has been dropped because of a coord
inate filter. (see also unbounded coords=jump). 
NOTE: coordinate (10.77598149,0.3444456852) has been dropped because of a coord
inate filter. (see also unbounded coords=jump). 
NOTE: coordinate (10.78003231,0.3403457723) has been dropped because of a coord
inate filter. (see also unbounded coords=jump). 
NOTE: coordinate (10.78408312,0.3261925726) has been dropped because of a coord
inate filter. (see also unbounded coords=jump). 
NOTE: coordinate (10.78813394,0.3148568387) has been dropped because of a coord
inate filter. (see also unbounded coords=jump). 
NOTE: coordinate (10.79218476,0.3020010982) has been dropped because of a coord
inate filter. (see also unbounded coords=jump). 
NOTE: coordinate (10.79623558,0.2862405756) has been dropped because of a coord
inate filter. (see also unbounded coords=jump). 
NOTE: coordinate (10.8002864,0.2738975511) has been dropped because of a coordi
nate filter. (see also unbounded coords=jump). 
NOTE: coordinate (10.80433721,0.2697449235) has been dropped because of a coord
inate filter. (see also unbounded coords=jump). 
NOTE: coordinate (10.80838803,0.2693769425) has been dropped because of a coord
inate filter. (see also unbounded coords=jump). 
NOTE: coordinate (10.81243885,0.2747703622) has been dropped because of a coord
inate filter. (see also unbounded coords=jump). 
NOTE: coordinate (10.81648967,0.2860902923) has been dropped because of a coord
inate filter. (see also unbounded coords=jump). 
NOTE: coordinate (10.82054049,0.2961266586) has been dropped because of a coord
inate filter. (see also unbounded coords=jump). 
NOTE: coordinate (10.8245913,0.3064340465) has been dropped because of a coordi
nate filter. (see also unbounded coords=jump). 
NOTE: coordinate (10.82864212,0.3101416642) has been dropped because of a coord
inate filter. (see also unbounded coords=jump). 
NOTE: coordinate (10.83269294,0.313437624) has been dropped because of a coordi
nate filter. (see also unbounded coords=jump). 
NOTE: coordinate (10.83674376,0.3156017232) has been dropped because of a coord
inate filter. (see also unbounded coords=jump). 
NOTE: coordinate (10.84079457,0.3278231055) has been dropped because of a coord
inate filter. (see also unbounded coords=jump). 
NOTE: coordinate (10.84484539,0.3424048548) has been dropped because of a coord
inate filter. (see also unbounded coords=jump). 
NOTE: coordinate (10.84889621,0.3596945385) has been dropped because of a coord
inate filter. (see also unbounded coords=jump). 
NOTE: coordinate (10.85294703,0.3815521289) has been dropped because of a coord
inate filter. (see also unbounded coords=jump). 
NOTE: coordinate (10.85699785,0.4005497253) has been dropped because of a coord
inate filter. (see also unbounded coords=jump). 
NOTE: coordinate (10.86104866,0.4155311102) has been dropped because of a coord
inate filter. (see also unbounded coords=jump). 
NOTE: coordinate (10.86509948,0.4254901879) has been dropped because of a coord
inate filter. (see also unbounded coords=jump). 
NOTE: coordinate (10.8691503,0.4258725446) has been dropped because of a coordi
nate filter. (see also unbounded coords=jump). 
NOTE: coordinate (10.87320112,0.4269873224) has been dropped because of a coord
inate filter. (see also unbounded coords=jump). 
NOTE: coordinate (10.87725194,0.4229540846) has been dropped because of a coord
inate filter. (see also unbounded coords=jump). 
NOTE: coordinate (10.88130275,0.4115979928) has been dropped because of a coord
inate filter. (see also unbounded coords=jump). 
NOTE: coordinate (10.88535357,0.3974511699) has been dropped because of a coord
inate filter. (see also unbounded coords=jump). 
NOTE: coordinate (10.88940439,0.3899403794) has been dropped because of a coord
inate filter. (see also unbounded coords=jump). 
NOTE: coordinate (10.89345521,0.3910976536) has been dropped because of a coord
inate filter. (see also unbounded coords=jump). 
NOTE: coordinate (10.89750603,0.3974221598) has been dropped because of a coord
inate filter. (see also unbounded coords=jump). 
NOTE: coordinate (10.90155684,0.4050455466) has been dropped because of a coord
inate filter. (see also unbounded coords=jump). 
NOTE: coordinate (10.90560766,0.415875318) has been dropped because of a coordi
nate filter. (see also unbounded coords=jump). 
NOTE: coordinate (10.90965848,0.4319278453) has been dropped because of a coord
inate filter. (see also unbounded coords=jump). 
NOTE: coordinate (10.9137093,0.4453891539) has been dropped because of a coordi
nate filter. (see also unbounded coords=jump). 
NOTE: coordinate (10.91776011,0.4512000319) has been dropped because of a coord
inate filter. (see also unbounded coords=jump). 
NOTE: coordinate (10.92181093,0.4491290053) has been dropped because of a coord
inate filter. (see also unbounded coords=jump). 
NOTE: coordinate (10.92586175,0.4432794891) has been dropped because of a coord
inate filter. (see also unbounded coords=jump). 
NOTE: coordinate (10.92991257,0.4423108756) has been dropped because of a coord
inate filter. (see also unbounded coords=jump). 
NOTE: coordinate (10.93396339,0.4453927473) has been dropped because of a coord
inate filter. (see also unbounded coords=jump). 
NOTE: coordinate (10.9380142,0.4411369785) has been dropped because of a coordi
nate filter. (see also unbounded coords=jump). 
NOTE: coordinate (10.94206502,0.440356824) has been dropped because of a coordi
nate filter. (see also unbounded coords=jump). 
NOTE: coordinate (10.94611584,0.4358703238) has been dropped because of a coord
inate filter. (see also unbounded coords=jump). 
NOTE: coordinate (10.95016666,0.4415278839) has been dropped because of a coord
inate filter. (see also unbounded coords=jump). 
NOTE: coordinate (10.95421748,0.4495191902) has been dropped because of a coord
inate filter. (see also unbounded coords=jump). 
NOTE: coordinate (10.95826829,0.4554106178) has been dropped because of a coord
inate filter. (see also unbounded coords=jump). 
NOTE: coordinate (10.96231911,0.461136913) has been dropped because of a coordi
nate filter. (see also unbounded coords=jump). 
NOTE: coordinate (10.96636993,0.4636803019) has been dropped because of a coord
inate filter. (see also unbounded coords=jump). 
NOTE: coordinate (10.97042075,0.4738315685) has been dropped because of a coord
inate filter. (see also unbounded coords=jump). 
NOTE: coordinate (10.97447157,0.488751339) has been dropped because of a coordi
nate filter. (see also unbounded coords=jump). 
NOTE: coordinate (10.97852238,0.5041460747) has been dropped because of a coord
inate filter. (see also unbounded coords=jump). 
NOTE: coordinate (10.9825732,0.5106104758) has been dropped because of a coordi
nate filter. (see also unbounded coords=jump). 
NOTE: coordinate (10.98662402,0.5144328468) has been dropped because of a coord
inate filter. (see also unbounded coords=jump). 
NOTE: coordinate (10.99067484,0.5112079248) has been dropped because of a coord
inate filter. (see also unbounded coords=jump). 
NOTE: coordinate (10.99472565,0.5042511095) has been dropped because of a coord
inate filter. (see also unbounded coords=jump). 
NOTE: coordinate (10.99877647,0.4905574285) has been dropped because of a coord
inate filter. (see also unbounded coords=jump). 
NOTE: coordinate (11.00282729,0.4793882643) has been dropped because of a coord
inate filter. (see also unbounded coords=jump). 
NOTE: coordinate (11.00687811,0.4779074174) has been dropped because of a coord
inate filter. (see also unbounded coords=jump). 
NOTE: coordinate (11.01092893,0.4764315058) has been dropped because of a coord
inate filter. (see also unbounded coords=jump). 
NOTE: coordinate (11.01497974,0.4781457547) has been dropped because of a coord
inate filter. (see also unbounded coords=jump). 
NOTE: coordinate (11.01903056,0.4833985646) has been dropped because of a coord
inate filter. (see also unbounded coords=jump). 
NOTE: coordinate (11.02308138,0.4834628127) has been dropped because of a coord
inate filter. (see also unbounded coords=jump). 
NOTE: coordinate (11.0271322,0.4784905373) has been dropped because of a coordi
nate filter. (see also unbounded coords=jump). 
NOTE: coordinate (11.03118302,0.4707875577) has been dropped because of a coord
inate filter. (see also unbounded coords=jump). 
NOTE: coordinate (11.03523383,0.4574091221) has been dropped because of a coord
inate filter. (see also unbounded coords=jump). 
NOTE: coordinate (11.03928465,0.4422406436) has been dropped because of a coord
inate filter. (see also unbounded coords=jump). 
NOTE: coordinate (11.04333547,0.4324830349) has been dropped because of a coord
inate filter. (see also unbounded coords=jump). 
NOTE: coordinate (11.04738629,0.4169818239) has been dropped because of a coord
inate filter. (see also unbounded coords=jump). 
NOTE: coordinate (11.05143711,0.3994338968) has been dropped because of a coord
inate filter. (see also unbounded coords=jump). 
NOTE: coordinate (11.05548792,0.379252051) has been dropped because of a coordi
nate filter. (see also unbounded coords=jump). 
NOTE: coordinate (11.05953874,0.3601415647) has been dropped because of a coord
inate filter. (see also unbounded coords=jump). 
NOTE: coordinate (11.06358956,0.3402629197) has been dropped because of a coord
inate filter. (see also unbounded coords=jump). 
NOTE: coordinate (11.06764038,0.3128506704) has been dropped because of a coord
inate filter. (see also unbounded coords=jump). 
NOTE: coordinate (11.07169119,0.2827331498) has been dropped because of a coord
inate filter. (see also unbounded coords=jump). 
NOTE: coordinate (11.07574201,0.2692695486) has been dropped because of a coord
inate filter. (see also unbounded coords=jump). 
NOTE: coordinate (11.07979283,0.2671669504) has been dropped because of a coord
inate filter. (see also unbounded coords=jump). 
NOTE: coordinate (11.08384365,0.2752462488) has been dropped because of a coord
inate filter. (see also unbounded coords=jump). 
NOTE: coordinate (11.08789447,0.2901487247) has been dropped because of a coord
inate filter. (see also unbounded coords=jump). 
NOTE: coordinate (11.09194528,0.3064693992) has been dropped because of a coord
inate filter. (see also unbounded coords=jump). 
NOTE: coordinate (11.0959961,0.3211854636) has been dropped because of a coordi
nate filter. (see also unbounded coords=jump). 
NOTE: coordinate (11.10004692,0.3419785235) has been dropped because of a coord
inate filter. (see also unbounded coords=jump). 
NOTE: coordinate (11.10409774,0.3579556542) has been dropped because of a coord
inate filter. (see also unbounded coords=jump). 
NOTE: coordinate (11.10814856,0.3701644371) has been dropped because of a coord
inate filter. (see also unbounded coords=jump). 
NOTE: coordinate (11.11219937,0.3808947145) has been dropped because of a coord
inate filter. (see also unbounded coords=jump). 
NOTE: coordinate (11.11625019,0.3885629552) has been dropped because of a coord
inate filter. (see also unbounded coords=jump). 
NOTE: coordinate (11.12030101,0.3937308885) has been dropped because of a coord
inate filter. (see also unbounded coords=jump). 
NOTE: coordinate (11.12435183,0.3974585536) has been dropped because of a coord
inate filter. (see also unbounded coords=jump). 
NOTE: coordinate (11.12840265,0.4085721967) has been dropped because of a coord
inate filter. (see also unbounded coords=jump). 
NOTE: coordinate (11.13245346,0.4229353324) has been dropped because of a coord
inate filter. (see also unbounded coords=jump). 
NOTE: coordinate (11.13650428,0.4241473554) has been dropped because of a coord
inate filter. (see also unbounded coords=jump). 
NOTE: coordinate (11.1405551,0.4213719261) has been dropped because of a coordi
nate filter. (see also unbounded coords=jump). 
NOTE: coordinate (11.14460592,0.4209590532) has been dropped because of a coord
inate filter. (see also unbounded coords=jump). 
NOTE: coordinate (11.14865673,0.419360638) has been dropped because of a coordi
nate filter. (see also unbounded coords=jump). 
NOTE: coordinate (11.15270755,0.4206809705) has been dropped because of a coord
inate filter. (see also unbounded coords=jump). 
NOTE: coordinate (11.15675837,0.4189242011) has been dropped because of a coord
inate filter. (see also unbounded coords=jump). 
NOTE: coordinate (11.16080919,0.4174939136) has been dropped because of a coord
inate filter. (see also unbounded coords=jump). 
NOTE: coordinate (11.16486001,0.4165559874) has been dropped because of a coord
inate filter. (see also unbounded coords=jump). 
NOTE: coordinate (11.16891082,0.4071572379) has been dropped because of a coord
inate filter. (see also unbounded coords=jump). 
NOTE: coordinate (11.17296164,0.4012016097) has been dropped because of a coord
inate filter. (see also unbounded coords=jump). 
NOTE: coordinate (11.17701246,0.395714091) has been dropped because of a coordi
nate filter. (see also unbounded coords=jump). 
NOTE: coordinate (11.18106328,0.3906185328) has been dropped because of a coord
inate filter. (see also unbounded coords=jump). 
NOTE: coordinate (11.1851141,0.3857607037) has been dropped because of a coordi
nate filter. (see also unbounded coords=jump). 
NOTE: coordinate (11.18916491,0.377277877) has been dropped because of a coordi
nate filter. (see also unbounded coords=jump). 
NOTE: coordinate (11.19321573,0.3694513204) has been dropped because of a coord
inate filter. (see also unbounded coords=jump). 
NOTE: coordinate (11.19726655,0.3586776466) has been dropped because of a coord
inate filter. (see also unbounded coords=jump). 
NOTE: coordinate (11.20131737,0.3469277612) has been dropped because of a coord
inate filter. (see also unbounded coords=jump). 
NOTE: coordinate (11.20536819,0.3456110309) has been dropped because of a coord
inate filter. (see also unbounded coords=jump). 
NOTE: coordinate (11.209419,0.3378350179) has been dropped because of a coordin
ate filter. (see also unbounded coords=jump). 
NOTE: coordinate (11.21346982,0.3277617434) has been dropped because of a coord
inate filter. (see also unbounded coords=jump). 
NOTE: coordinate (11.21752064,0.3153080094) has been dropped because of a coord
inate filter. (see also unbounded coords=jump). 
NOTE: coordinate (11.22157146,0.2943723252) has been dropped because of a coord
inate filter. (see also unbounded coords=jump). 
NOTE: coordinate (11.22562227,0.2758248826) has been dropped because of a coord
inate filter. (see also unbounded coords=jump). 
NOTE: coordinate (11.22967309,0.2531079452) has been dropped because of a coord
inate filter. (see also unbounded coords=jump). 
NOTE: coordinate (11.23372391,0.2293727469) has been dropped because of a coord
inate filter. (see also unbounded coords=jump). 
NOTE: coordinate (11.23777473,0.2066260319) has been dropped because of a coord
inate filter. (see also unbounded coords=jump). 
NOTE: coordinate (11.24182555,0.1942921752) has been dropped because of a coord
inate filter. (see also unbounded coords=jump). 
NOTE: coordinate (11.24587636,0.1864635264) has been dropped because of a coord
inate filter. (see also unbounded coords=jump). 
NOTE: coordinate (11.24992718,0.1698771883) has been dropped because of a coord
inate filter. (see also unbounded coords=jump). 
NOTE: coordinate (11.253978,0.1564353014) has been dropped because of a coordin
ate filter. (see also unbounded coords=jump). 
NOTE: coordinate (11.25802882,0.14300618) has been dropped because of a coordin
ate filter. (see also unbounded coords=jump). 
NOTE: coordinate (11.26207964,0.1353971035) has been dropped because of a coord
inate filter. (see also unbounded coords=jump). 
NOTE: coordinate (11.26613045,0.1325107179) has been dropped because of a coord
inate filter. (see also unbounded coords=jump). 
NOTE: coordinate (11.27018127,0.1393002524) has been dropped because of a coord
inate filter. (see also unbounded coords=jump). 
NOTE: coordinate (11.27423209,0.1470484667) has been dropped because of a coord
inate filter. (see also unbounded coords=jump). 
NOTE: coordinate (11.27828291,0.1508468942) has been dropped because of a coord
inate filter. (see also unbounded coords=jump). 
NOTE: coordinate (11.28233373,0.1487289327) has been dropped because of a coord
inate filter. (see also unbounded coords=jump). 
NOTE: coordinate (11.28638454,0.1453311064) has been dropped because of a coord
inate filter. (see also unbounded coords=jump). 
NOTE: coordinate (11.29043536,0.1526526572) has been dropped because of a coord
inate filter. (see also unbounded coords=jump). 
NOTE: coordinate (11.29448618,0.1662779685) has been dropped because of a coord
inate filter. (see also unbounded coords=jump). 
NOTE: coordinate (11.298537,0.1782963746) has been dropped because of a coordin
ate filter. (see also unbounded coords=jump). 
NOTE: coordinate (11.30258781,0.1836657104) has been dropped because of a coord
inate filter. (see also unbounded coords=jump). 
NOTE: coordinate (11.30663863,0.1867643926) has been dropped because of a coord
inate filter. (see also unbounded coords=jump). 
NOTE: coordinate (11.31068945,0.1822375744) has been dropped because of a coord
inate filter. (see also unbounded coords=jump). 
NOTE: coordinate (11.31474027,0.1725914802) has been dropped because of a coord
inate filter. (see also unbounded coords=jump). 
NOTE: coordinate (11.31879109,0.1739657472) has been dropped because of a coord
inate filter. (see also unbounded coords=jump). 
NOTE: coordinate (11.3228419,0.1758681515) has been dropped because of a coordi
nate filter. (see also unbounded coords=jump). 
NOTE: coordinate (11.32689272,0.1760602504) has been dropped because of a coord
inate filter. (see also unbounded coords=jump). 
NOTE: coordinate (11.33094354,0.1762197944) has been dropped because of a coord
inate filter. (see also unbounded coords=jump). 
NOTE: coordinate (11.33499436,0.1755858008) has been dropped because of a coord
inate filter. (see also unbounded coords=jump). 
NOTE: coordinate (11.33904518,0.1765658413) has been dropped because of a coord
inate filter. (see also unbounded coords=jump). 
NOTE: coordinate (11.34309599,0.1817212898) has been dropped because of a coord
inate filter. (see also unbounded coords=jump). 
NOTE: coordinate (11.34714681,0.18318671) has been dropped because of a coordin
ate filter. (see also unbounded coords=jump). 
NOTE: coordinate (11.35119763,0.1757747353) has been dropped because of a coord
inate filter. (see also unbounded coords=jump). 
NOTE: coordinate (11.35524845,0.1749542166) has been dropped because of a coord
inate filter. (see also unbounded coords=jump). 
NOTE: coordinate (11.35929927,0.1776062219) has been dropped because of a coord
inate filter. (see also unbounded coords=jump). 
NOTE: coordinate (11.36335008,0.1750739749) has been dropped because of a coord
inate filter. (see also unbounded coords=jump). 
NOTE: coordinate (11.3674009,0.1676621707) has been dropped because of a coordi
nate filter. (see also unbounded coords=jump). 
NOTE: coordinate (11.37145172,0.1625546169) has been dropped because of a coord
inate filter. (see also unbounded coords=jump). 
NOTE: coordinate (11.37550254,0.1647633739) has been dropped because of a coord
inate filter. (see also unbounded coords=jump). 
NOTE: coordinate (11.37955335,0.172511178) has been dropped because of a coordi
nate filter. (see also unbounded coords=jump). 
NOTE: coordinate (11.38360417,0.1803893751) has been dropped because of a coord
inate filter. (see also unbounded coords=jump). 
NOTE: coordinate (11.38765499,0.1815270413) has been dropped because of a coord
inate filter. (see also unbounded coords=jump). 
NOTE: coordinate (11.39170581,0.1806808334) has been dropped because of a coord
inate filter. (see also unbounded coords=jump). 
NOTE: coordinate (11.39575663,0.1852427558) has been dropped because of a coord
inate filter. (see also unbounded coords=jump). 
NOTE: coordinate (11.39980744,0.1873327105) has been dropped because of a coord
inate filter. (see also unbounded coords=jump). 
NOTE: coordinate (11.40385826,0.1921389243) has been dropped because of a coord
inate filter. (see also unbounded coords=jump). 
NOTE: coordinate (11.40790908,0.1955508465) has been dropped because of a coord
inate filter. (see also unbounded coords=jump). 
NOTE: coordinate (11.4119599,0.1908755479) has been dropped because of a coordi
nate filter. (see also unbounded coords=jump). 
NOTE: coordinate (11.41601072,0.171187761) has been dropped because of a coordi
nate filter. (see also unbounded coords=jump). 
NOTE: coordinate (11.42006153,0.1568628022) has been dropped because of a coord
inate filter. (see also unbounded coords=jump). 
NOTE: coordinate (11.42411235,0.1535513136) has been dropped because of a coord
inate filter. (see also unbounded coords=jump). 
NOTE: coordinate (11.42816317,0.156547978) has been dropped because of a coordi
nate filter. (see also unbounded coords=jump). 
NOTE: coordinate (11.43221399,0.1656978673) has been dropped because of a coord
inate filter. (see also unbounded coords=jump). 
NOTE: coordinate (11.43626481,0.1757868033) has been dropped because of a coord
inate filter. (see also unbounded coords=jump). 
NOTE: coordinate (11.44031562,0.1864145009) has been dropped because of a coord
inate filter. (see also unbounded coords=jump). 
NOTE: coordinate (11.44436644,0.2064710797) has been dropped because of a coord
inate filter. (see also unbounded coords=jump). 
NOTE: coordinate (11.44841726,0.2237192155) has been dropped because of a coord
inate filter. (see also unbounded coords=jump). 
NOTE: coordinate (11.45246808,0.2324598979) has been dropped because of a coord
inate filter. (see also unbounded coords=jump). 
NOTE: coordinate (11.45651889,0.2411920018) has been dropped because of a coord
inate filter. (see also unbounded coords=jump). 
NOTE: coordinate (11.46056971,0.2529697028) has been dropped because of a coord
inate filter. (see also unbounded coords=jump). 
NOTE: coordinate (11.46462053,0.2602020592) has been dropped because of a coord
inate filter. (see also unbounded coords=jump). 
NOTE: coordinate (11.46867135,0.2773756003) has been dropped because of a coord
inate filter. (see also unbounded coords=jump). 
NOTE: coordinate (11.47272217,0.2895540097) has been dropped because of a coord
inate filter. (see also unbounded coords=jump). 
NOTE: coordinate (11.47677298,0.3035021013) has been dropped because of a coord
inate filter. (see also unbounded coords=jump). 
NOTE: coordinate (11.4808238,0.3182398317) has been dropped because of a coordi
nate filter. (see also unbounded coords=jump). 
NOTE: coordinate (11.48487462,0.3229981337) has been dropped because of a coord
inate filter. (see also unbounded coords=jump). 
NOTE: coordinate (11.48892544,0.3438460747) has been dropped because of a coord
inate filter. (see also unbounded coords=jump). 
NOTE: coordinate (11.49297626,0.365814235) has been dropped because of a coordi
nate filter. (see also unbounded coords=jump). 
NOTE: coordinate (11.49702707,0.3873067766) has been dropped because of a coord
inate filter. (see also unbounded coords=jump). 
NOTE: coordinate (11.50107789,0.4084609306) has been dropped because of a coord
inate filter. (see also unbounded coords=jump). 
NOTE: coordinate (11.50512871,0.4311104509) has been dropped because of a coord
inate filter. (see also unbounded coords=jump). 
NOTE: coordinate (11.50917953,0.4550338502) has been dropped because of a coord
inate filter. (see also unbounded coords=jump). 
NOTE: coordinate (11.51323035,0.4801344172) has been dropped because of a coord
inate filter. (see also unbounded coords=jump). 
NOTE: coordinate (11.51728116,0.5025657637) has been dropped because of a coord
inate filter. (see also unbounded coords=jump). 
NOTE: coordinate (11.52133198,0.5224344521) has been dropped because of a coord
inate filter. (see also unbounded coords=jump). 
NOTE: coordinate (11.5253828,0.541632097) has been dropped because of a coordin
ate filter. (see also unbounded coords=jump). 
NOTE: coordinate (11.52943362,0.5543684522) has been dropped because of a coord
inate filter. (see also unbounded coords=jump). 
NOTE: coordinate (11.53348443,0.5684833131) has been dropped because of a coord
inate filter. (see also unbounded coords=jump). 
NOTE: coordinate (11.53753525,0.5837185797) has been dropped because of a coord
inate filter. (see also unbounded coords=jump). 
NOTE: coordinate (11.54158607,0.5989163756) has been dropped because of a coord
inate filter. (see also unbounded coords=jump). 
NOTE: coordinate (11.54563689,0.6116869764) has been dropped because of a coord
inate filter. (see also unbounded coords=jump). 
NOTE: coordinate (11.54968771,0.62256249) has been dropped because of a coordin
ate filter. (see also unbounded coords=jump). 
NOTE: coordinate (11.55373852,0.6287826733) has been dropped because of a coord
inate filter. (see also unbounded coords=jump). 
NOTE: coordinate (11.55778934,0.6371252756) has been dropped because of a coord
inate filter. (see also unbounded coords=jump). 
NOTE: coordinate (11.56184016,0.6466595751) has been dropped because of a coord
inate filter. (see also unbounded coords=jump). 
NOTE: coordinate (11.56589098,0.6573066312) has been dropped because of a coord
inate filter. (see also unbounded coords=jump). 
NOTE: coordinate (11.5699418,0.6651349528) has been dropped because of a coordi
nate filter. (see also unbounded coords=jump). 
NOTE: coordinate (11.57399261,0.6753603044) has been dropped because of a coord
inate filter. (see also unbounded coords=jump). 
NOTE: coordinate (11.57804343,0.696137018) has been dropped because of a coordi
nate filter. (see also unbounded coords=jump). 
NOTE: coordinate (11.58209425,0.721275624) has been dropped because of a coordi
nate filter. (see also unbounded coords=jump). 
NOTE: coordinate (11.58614507,0.7526336596) has been dropped because of a coord
inate filter. (see also unbounded coords=jump). 
NOTE: coordinate (11.59019589,0.7793209544) has been dropped because of a coord
inate filter. (see also unbounded coords=jump). 
NOTE: coordinate (11.5942467,0.8034149115) has been dropped because of a coordi
nate filter. (see also unbounded coords=jump). 
NOTE: coordinate (11.59829752,0.8402262898) has been dropped because of a coord
inate filter. (see also unbounded coords=jump). 
NOTE: coordinate (11.60234834,0.8893676926) has been dropped because of a coord
inate filter. (see also unbounded coords=jump). 
NOTE: coordinate (11.60639916,0.9338411785) has been dropped because of a coord
inate filter. (see also unbounded coords=jump). 
NOTE: coordinate (11.61044997,0.9754851312) has been dropped because of a coord
inate filter. (see also unbounded coords=jump). 
NOTE: coordinate (11.61450079,1.006612318) has been dropped because of a coordi
nate filter. (see also unbounded coords=jump). 
NOTE: coordinate (11.61855161,1.036093591) has been dropped because of a coordi
nate filter. (see also unbounded coords=jump). 
NOTE: coordinate (11.62260243,1.062666252) has been dropped because of a coordi
nate filter. (see also unbounded coords=jump). 
NOTE: coordinate (11.62665325,1.080152629) has been dropped because of a coordi
nate filter. (see also unbounded coords=jump). 
NOTE: coordinate (11.63070406,1.087780767) has been dropped because of a coordi
nate filter. (see also unbounded coords=jump). 
NOTE: coordinate (11.63475488,1.093174494) has been dropped because of a coordi
nate filter. (see also unbounded coords=jump). 
NOTE: coordinate (11.6388057,1.093468796) has been dropped because of a coordin
ate filter. (see also unbounded coords=jump). 
NOTE: coordinate (11.64285652,1.100586825) has been dropped because of a coordi
nate filter. (see also unbounded coords=jump). 
NOTE: coordinate (11.64690734,1.104619491) has been dropped because of a coordi
nate filter. (see also unbounded coords=jump). 
NOTE: coordinate (11.65095815,1.111036446) has been dropped because of a coordi
nate filter. (see also unbounded coords=jump). 
NOTE: coordinate (11.65500897,1.119709975) has been dropped because of a coordi
nate filter. (see also unbounded coords=jump). 
NOTE: coordinate (11.65905979,1.123533627) has been dropped because of a coordi
nate filter. (see also unbounded coords=jump). 
NOTE: coordinate (11.66311061,1.125157612) has been dropped because of a coordi
nate filter. (see also unbounded coords=jump). 
NOTE: coordinate (11.66716143,1.121443629) has been dropped because of a coordi
nate filter. (see also unbounded coords=jump). 
NOTE: coordinate (11.67121224,1.116028276) has been dropped because of a coordi
nate filter. (see also unbounded coords=jump). 
NOTE: coordinate (11.67526306,1.104262663) has been dropped because of a coordi
nate filter. (see also unbounded coords=jump). 
NOTE: coordinate (11.67931388,1.095026729) has been dropped because of a coordi
nate filter. (see also unbounded coords=jump). 
NOTE: coordinate (11.6833647,1.087860928) has been dropped because of a coordin
ate filter. (see also unbounded coords=jump). 
NOTE: coordinate (11.68741551,1.080676221) has been dropped because of a coordi
nate filter. (see also unbounded coords=jump). 
NOTE: coordinate (11.69146633,1.067515969) has been dropped because of a coordi
nate filter. (see also unbounded coords=jump). 
NOTE: coordinate (11.69551715,1.067991453) has been dropped because of a coordi
nate filter. (see also unbounded coords=jump). 
NOTE: coordinate (11.69956797,1.06963205) has been dropped because of a coordin
ate filter. (see also unbounded coords=jump). 
NOTE: coordinate (11.70361879,1.071149106) has been dropped because of a coordi
nate filter. (see also unbounded coords=jump). 
NOTE: coordinate (11.7076696,1.069646818) has been dropped because of a coordin
ate filter. (see also unbounded coords=jump). 
NOTE: coordinate (11.71172042,1.077466156) has been dropped because of a coordi
nate filter. (see also unbounded coords=jump). 
NOTE: coordinate (11.71577124,1.084481398) has been dropped because of a coordi
nate filter. (see also unbounded coords=jump). 
NOTE: coordinate (11.71982206,1.091264182) has been dropped because of a coordi
nate filter. (see also unbounded coords=jump). 
NOTE: coordinate (11.72387288,1.084115298) has been dropped because of a coordi
nate filter. (see also unbounded coords=jump). 
NOTE: coordinate (11.72792369,1.073777113) has been dropped because of a coordi
nate filter. (see also unbounded coords=jump). 
NOTE: coordinate (11.73197451,1.066006243) has been dropped because of a coordi
nate filter. (see also unbounded coords=jump). 
NOTE: coordinate (11.73602533,1.071072097) has been dropped because of a coordi
nate filter. (see also unbounded coords=jump). 
NOTE: coordinate (11.74007615,1.076546402) has been dropped because of a coordi
nate filter. (see also unbounded coords=jump). 
NOTE: coordinate (11.74412697,1.082344338) has been dropped because of a coordi
nate filter. (see also unbounded coords=jump). 
NOTE: coordinate (11.74817778,1.087147543) has been dropped because of a coordi
nate filter. (see also unbounded coords=jump). 
NOTE: coordinate (11.7522286,1.100297652) has been dropped because of a coordin
ate filter. (see also unbounded coords=jump). 
NOTE: coordinate (11.75627942,1.109878844) has been dropped because of a coordi
nate filter. (see also unbounded coords=jump). 
NOTE: coordinate (11.76033024,1.109158159) has been dropped because of a coordi
nate filter. (see also unbounded coords=jump). 
NOTE: coordinate (11.76438105,1.098950407) has been dropped because of a coordi
nate filter. (see also unbounded coords=jump). 
NOTE: coordinate (11.76843187,1.101008187) has been dropped because of a coordi
nate filter. (see also unbounded coords=jump). 
NOTE: coordinate (11.77248269,1.108763177) has been dropped because of a coordi
nate filter. (see also unbounded coords=jump). 
NOTE: coordinate (11.77653351,1.105016679) has been dropped because of a coordi
nate filter. (see also unbounded coords=jump). 
NOTE: coordinate (11.78058433,1.095785344) has been dropped because of a coordi
nate filter. (see also unbounded coords=jump). 
NOTE: coordinate (11.78463514,1.083488277) has been dropped because of a coordi
nate filter. (see also unbounded coords=jump). 
NOTE: coordinate (11.78868596,1.069953854) has been dropped because of a coordi
nate filter. (see also unbounded coords=jump). 
NOTE: coordinate (11.79273678,1.048872979) has been dropped because of a coordi
nate filter. (see also unbounded coords=jump). 
NOTE: coordinate (11.7967876,1.03071302) has been dropped because of a coordina
te filter. (see also unbounded coords=jump). 
NOTE: coordinate (11.80083842,1.01718928) has been dropped because of a coordin
ate filter. (see also unbounded coords=jump). 
NOTE: coordinate (11.80488923,1.014441969) has been dropped because of a coordi
nate filter. (see also unbounded coords=jump). 
NOTE: coordinate (11.80894005,1.007781014) has been dropped because of a coordi
nate filter. (see also unbounded coords=jump). 
NOTE: coordinate (11.81299087,0.9891078764) has been dropped because of a coord
inate filter. (see also unbounded coords=jump). 
NOTE: coordinate (11.81704169,0.9757343775) has been dropped because of a coord
inate filter. (see also unbounded coords=jump). 
NOTE: coordinate (11.82109251,0.9783062175) has been dropped because of a coord
inate filter. (see also unbounded coords=jump). 
NOTE: coordinate (11.82514332,0.9851591644) has been dropped because of a coord
inate filter. (see also unbounded coords=jump). 
NOTE: coordinate (11.82919414,0.9895611064) has been dropped because of a coord
inate filter. (see also unbounded coords=jump). 
NOTE: coordinate (11.83324496,0.9897819134) has been dropped because of a coord
inate filter. (see also unbounded coords=jump). 
NOTE: coordinate (11.83729578,0.9871924373) has been dropped because of a coord
inate filter. (see also unbounded coords=jump). 
NOTE: coordinate (11.84134659,0.9771943239) has been dropped because of a coord
inate filter. (see also unbounded coords=jump). 
NOTE: coordinate (11.84539741,0.9665677253) has been dropped because of a coord
inate filter. (see also unbounded coords=jump). 
NOTE: coordinate (11.84944823,0.9619080248) has been dropped because of a coord
inate filter. (see also unbounded coords=jump). 
NOTE: coordinate (11.85349905,0.9792731514) has been dropped because of a coord
inate filter. (see also unbounded coords=jump). 
NOTE: coordinate (11.85754987,0.9984733216) has been dropped because of a coord
inate filter. (see also unbounded coords=jump). 
NOTE: coordinate (11.86160068,1.011485803) has been dropped because of a coordi
nate filter. (see also unbounded coords=jump). 
NOTE: coordinate (11.8656515,1.028965312) has been dropped because of a coordin
ate filter. (see also unbounded coords=jump). 
NOTE: coordinate (11.86970232,1.036862372) has been dropped because of a coordi
nate filter. (see also unbounded coords=jump). 
NOTE: coordinate (11.87375314,1.038990852) has been dropped because of a coordi
nate filter. (see also unbounded coords=jump). 
NOTE: coordinate (11.87780396,1.037902849) has been dropped because of a coordi
nate filter. (see also unbounded coords=jump). 
NOTE: coordinate (11.88185477,1.044186125) has been dropped because of a coordi
nate filter. (see also unbounded coords=jump). 
NOTE: coordinate (11.88590559,1.063351679) has been dropped because of a coordi
nate filter. (see also unbounded coords=jump). 
NOTE: coordinate (11.88995641,1.090703774) has been dropped because of a coordi
nate filter. (see also unbounded coords=jump). 
NOTE: coordinate (11.89400723,1.112206047) has been dropped because of a coordi
nate filter. (see also unbounded coords=jump). 
NOTE: coordinate (11.89805805,1.132445318) has been dropped because of a coordi
nate filter. (see also unbounded coords=jump). 
NOTE: coordinate (11.90210886,1.151650043) has been dropped because of a coordi
nate filter. (see also unbounded coords=jump). 
NOTE: coordinate (11.90615968,1.165890372) has been dropped because of a coordi
nate filter. (see also unbounded coords=jump). 
NOTE: coordinate (11.9102105,1.17715986) has been dropped because of a coordina
te filter. (see also unbounded coords=jump). 
NOTE: coordinate (11.91426132,1.181780231) has been dropped because of a coordi
nate filter. (see also unbounded coords=jump). 
NOTE: coordinate (11.91831213,1.190760674) has been dropped because of a coordi
nate filter. (see also unbounded coords=jump). 
NOTE: coordinate (11.92236295,1.184468126) has been dropped because of a coordi
nate filter. (see also unbounded coords=jump). 
NOTE: coordinate (11.92641377,1.176938367) has been dropped because of a coordi
nate filter. (see also unbounded coords=jump). 
NOTE: coordinate (11.93046459,1.160272017) has been dropped because of a coordi
nate filter. (see also unbounded coords=jump). 
NOTE: coordinate (11.93451541,1.141461779) has been dropped because of a coordi
nate filter. (see also unbounded coords=jump). 
NOTE: coordinate (11.93856622,1.13122794) has been dropped because of a coordin
ate filter. (see also unbounded coords=jump). 
NOTE: coordinate (11.94261704,1.117047244) has been dropped because of a coordi
nate filter. (see also unbounded coords=jump). 
NOTE: coordinate (11.94666786,1.09691637) has been dropped because of a coordin
ate filter. (see also unbounded coords=jump). 
NOTE: coordinate (11.95071868,1.071774737) has been dropped because of a coordi
nate filter. (see also unbounded coords=jump). 
NOTE: coordinate (11.9547695,1.053714848) has been dropped because of a coordin
ate filter. (see also unbounded coords=jump). 
NOTE: coordinate (11.95882031,1.037512227) has been dropped because of a coordi
nate filter. (see also unbounded coords=jump). 
NOTE: coordinate (11.96287113,1.028556235) has been dropped because of a coordi
nate filter. (see also unbounded coords=jump). 
NOTE: coordinate (11.96692195,1.015124514) has been dropped because of a coordi
nate filter. (see also unbounded coords=jump). 
NOTE: coordinate (11.97097277,0.9987932304) has been dropped because of a coord
inate filter. (see also unbounded coords=jump). 
NOTE: coordinate (11.97502359,0.9745319168) has been dropped because of a coord
inate filter. (see also unbounded coords=jump). 
NOTE: coordinate (11.9790744,0.9447956074) has been dropped because of a coordi
nate filter. (see also unbounded coords=jump). 
NOTE: coordinate (11.98312522,0.9180101466) has been dropped because of a coord
inate filter. (see also unbounded coords=jump). 
NOTE: coordinate (11.98717604,0.8889015226) has been dropped because of a coord
inate filter. (see also unbounded coords=jump). 
NOTE: coordinate (11.99122686,0.8579272478) has been dropped because of a coord
inate filter. (see also unbounded coords=jump). 
NOTE: coordinate (11.99527767,0.8228925098) has been dropped because of a coord
inate filter. (see also unbounded coords=jump). 
NOTE: coordinate (11.99932849,0.8013529985) has been dropped because of a coord
inate filter. (see also unbounded coords=jump). 
NOTE: coordinate (12.00337931,0.7824550619) has been dropped because of a coord
inate filter. (see also unbounded coords=jump). 
NOTE: coordinate (12.00743013,0.7654563652) has been dropped because of a coord
inate filter. (see also unbounded coords=jump). 
NOTE: coordinate (12.01148095,0.7619592953) has been dropped because of a coord
inate filter. (see also unbounded coords=jump). 
NOTE: coordinate (12.01553176,0.7620815094) has been dropped because of a coord
inate filter. (see also unbounded coords=jump). 
NOTE: coordinate (12.01958258,0.7519714605) has been dropped because of a coord
inate filter. (see also unbounded coords=jump). 
NOTE: coordinate (12.0236334,0.7446587807) has been dropped because of a coordi
nate filter. (see also unbounded coords=jump). 
NOTE: coordinate (12.02768422,0.7398499958) has been dropped because of a coord
inate filter. (see also unbounded coords=jump). 
NOTE: coordinate (12.03173504,0.7354765692) has been dropped because of a coord
inate filter. (see also unbounded coords=jump). 
NOTE: coordinate (12.03578585,0.7391899886) has been dropped because of a coord
inate filter. (see also unbounded coords=jump). 
NOTE: coordinate (12.03983667,0.7513526924) has been dropped because of a coord
inate filter. (see also unbounded coords=jump). 
NOTE: coordinate (12.04388749,0.7547205746) has been dropped because of a coord
inate filter. (see also unbounded coords=jump). 
NOTE: coordinate (12.04793831,0.76694052) has been dropped because of a coordin
ate filter. (see also unbounded coords=jump). 
NOTE: coordinate (12.05198913,0.7768830355) has been dropped because of a coord
inate filter. (see also unbounded coords=jump). 
NOTE: coordinate (12.05603994,0.7812888804) has been dropped because of a coord
inate filter. (see also unbounded coords=jump). 
NOTE: coordinate (12.06009076,0.78434854) has been dropped because of a coordin
ate filter. (see also unbounded coords=jump). 
NOTE: coordinate (12.06414158,0.7946515019) has been dropped because of a coord
inate filter. (see also unbounded coords=jump). 
NOTE: coordinate (12.0681924,0.8066622331) has been dropped because of a coordi
nate filter. (see also unbounded coords=jump). 
NOTE: coordinate (12.07224321,0.813273402) has been dropped because of a coordi
nate filter. (see also unbounded coords=jump). 
NOTE: coordinate (12.07629403,0.8209931371) has been dropped because of a coord
inate filter. (see also unbounded coords=jump). 
NOTE: coordinate (12.08034485,0.8254382078) has been dropped because of a coord
inate filter. (see also unbounded coords=jump). 
NOTE: coordinate (12.08439567,0.8242933367) has been dropped because of a coord
inate filter. (see also unbounded coords=jump). 
NOTE: coordinate (12.08844649,0.8169066444) has been dropped because of a coord
inate filter. (see also unbounded coords=jump). 
NOTE: coordinate (12.0924973,0.8136494717) has been dropped because of a coordi
nate filter. (see also unbounded coords=jump). 
NOTE: coordinate (12.09654812,0.8075752964) has been dropped because of a coord
inate filter. (see also unbounded coords=jump). 
NOTE: coordinate (12.10059894,0.8094743557) has been dropped because of a coord
inate filter. (see also unbounded coords=jump). 
NOTE: coordinate (12.10464976,0.8116249634) has been dropped because of a coord
inate filter. (see also unbounded coords=jump). 
NOTE: coordinate (12.10870058,0.8027043962) has been dropped because of a coord
inate filter. (see also unbounded coords=jump). 
NOTE: coordinate (12.11275139,0.7902092368) has been dropped because of a coord
inate filter. (see also unbounded coords=jump). 
NOTE: coordinate (12.11680221,0.7796076594) has been dropped because of a coord
inate filter. (see also unbounded coords=jump). 
NOTE: coordinate (12.12085303,0.7757572072) has been dropped because of a coord
inate filter. (see also unbounded coords=jump). 
NOTE: coordinate (12.12490385,0.7878921194) has been dropped because of a coord
inate filter. (see also unbounded coords=jump). 
NOTE: coordinate (12.12895467,0.8045359581) has been dropped because of a coord
inate filter. (see also unbounded coords=jump). 
NOTE: coordinate (12.13300548,0.822437438) has been dropped because of a coordi
nate filter. (see also unbounded coords=jump). 
NOTE: coordinate (12.1370563,0.8458709538) has been dropped because of a coordi
nate filter. (see also unbounded coords=jump). 
NOTE: coordinate (12.14110712,0.8678244058) has been dropped because of a coord
inate filter. (see also unbounded coords=jump). 
NOTE: coordinate (12.14515794,0.8742854097) has been dropped because of a coord
inate filter. (see also unbounded coords=jump). 
NOTE: coordinate (12.14920875,0.8787889394) has been dropped because of a coord
inate filter. (see also unbounded coords=jump). 
NOTE: coordinate (12.15325957,0.8931140823) has been dropped because of a coord
inate filter. (see also unbounded coords=jump). 
NOTE: coordinate (12.15731039,0.9000135718) has been dropped because of a coord
inate filter. (see also unbounded coords=jump). 
NOTE: coordinate (12.16136121,0.9081267832) has been dropped because of a coord
inate filter. (see also unbounded coords=jump). 
NOTE: coordinate (12.16541203,0.9164845334) has been dropped because of a coord
inate filter. (see also unbounded coords=jump). 
NOTE: coordinate (12.16946284,0.9174781734) has been dropped because of a coord
inate filter. (see also unbounded coords=jump). 
NOTE: coordinate (12.17351366,0.9271127876) has been dropped because of a coord
inate filter. (see also unbounded coords=jump). 
NOTE: coordinate (12.17756448,0.9421038777) has been dropped because of a coord
inate filter. (see also unbounded coords=jump). 
NOTE: coordinate (12.1816153,0.9542776729) has been dropped because of a coordi
nate filter. (see also unbounded coords=jump). 
NOTE: coordinate (12.18566612,0.9638623542) has been dropped because of a coord
inate filter. (see also unbounded coords=jump). 
NOTE: coordinate (12.18971693,0.9548054326) has been dropped because of a coord
inate filter. (see also unbounded coords=jump). 
NOTE: coordinate (12.19376775,0.9368327328) has been dropped because of a coord
inate filter. (see also unbounded coords=jump). 
NOTE: coordinate (12.19781857,0.9310116564) has been dropped because of a coord
inate filter. (see also unbounded coords=jump). 
NOTE: coordinate (12.20186939,0.9259337824) has been dropped because of a coord
inate filter. (see also unbounded coords=jump). 
NOTE: coordinate (12.20592021,0.9280051906) has been dropped because of a coord
inate filter. (see also unbounded coords=jump). 
NOTE: coordinate (12.20997102,0.9407056417) has been dropped because of a coord
inate filter. (see also unbounded coords=jump). 
NOTE: coordinate (12.21402184,0.9463305829) has been dropped because of a coord
inate filter. (see also unbounded coords=jump). 
NOTE: coordinate (12.21807266,0.9450045331) has been dropped because of a coord
inate filter. (see also unbounded coords=jump). 
NOTE: coordinate (12.22212348,0.940574906) has been dropped because of a coordi
nate filter. (see also unbounded coords=jump). 
NOTE: coordinate (12.22617429,0.9516426123) has been dropped because of a coord
inate filter. (see also unbounded coords=jump). 
NOTE: coordinate (12.23022511,0.9657052164) has been dropped because of a coord
inate filter. (see also unbounded coords=jump). 
NOTE: coordinate (12.23427593,0.9670945218) has been dropped because of a coord
inate filter. (see also unbounded coords=jump). 
NOTE: coordinate (12.23832675,0.9601461373) has been dropped because of a coord
inate filter. (see also unbounded coords=jump). 
NOTE: coordinate (12.24237757,0.9395390728) has been dropped because of a coord
inate filter. (see also unbounded coords=jump). 
NOTE: coordinate (12.24642838,0.9160742614) has been dropped because of a coord
inate filter. (see also unbounded coords=jump). 
NOTE: coordinate (12.2504792,0.9063372771) has been dropped because of a coordi
nate filter. (see also unbounded coords=jump). 
NOTE: coordinate (12.25453002,0.9048395428) has been dropped because of a coord
inate filter. (see also unbounded coords=jump). 
NOTE: coordinate (12.25858084,0.9025083474) has been dropped because of a coord
inate filter. (see also unbounded coords=jump). 
NOTE: coordinate (12.26263166,0.9003953491) has been dropped because of a coord
inate filter. (see also unbounded coords=jump). 
NOTE: coordinate (12.26668247,0.8841498315) has been dropped because of a coord
inate filter. (see also unbounded coords=jump). 
NOTE: coordinate (12.27073329,0.8725571084) has been dropped because of a coord
inate filter. (see also unbounded coords=jump). 
NOTE: coordinate (12.27478411,0.863313283) has been dropped because of a coordi
nate filter. (see also unbounded coords=jump). 
NOTE: coordinate (12.27883493,0.8554479153) has been dropped because of a coord
inate filter. (see also unbounded coords=jump). 
NOTE: coordinate (12.28288575,0.858125867) has been dropped because of a coordi
nate filter. (see also unbounded coords=jump). 
NOTE: coordinate (12.28693656,0.859528361) has been dropped because of a coordi
nate filter. (see also unbounded coords=jump). 
NOTE: coordinate (12.29098738,0.8852758813) has been dropped because of a coord
inate filter. (see also unbounded coords=jump). 
NOTE: coordinate (12.2950382,0.9121414113) has been dropped because of a coordi
nate filter. (see also unbounded coords=jump). 
NOTE: coordinate (12.29908902,0.9293590933) has been dropped because of a coord
inate filter. (see also unbounded coords=jump). 
NOTE: coordinate (12.30313983,0.9548686043) has been dropped because of a coord
inate filter. (see also unbounded coords=jump). 
NOTE: coordinate (12.30719065,0.973049168) has been dropped because of a coordi
nate filter. (see also unbounded coords=jump). 
NOTE: coordinate (12.31124147,0.982034723) has been dropped because of a coordi
nate filter. (see also unbounded coords=jump). 
NOTE: coordinate (12.31529229,0.986711969) has been dropped because of a coordi
nate filter. (see also unbounded coords=jump). 
NOTE: coordinate (12.31934311,0.9851586307) has been dropped because of a coord
inate filter. (see also unbounded coords=jump). 
NOTE: coordinate (12.32339392,0.9837539375) has been dropped because of a coord
inate filter. (see also unbounded coords=jump). 
NOTE: coordinate (12.32744474,0.9748950627) has been dropped because of a coord
inate filter. (see also unbounded coords=jump). 
NOTE: coordinate (12.33149556,0.9571415887) has been dropped because of a coord
inate filter. (see also unbounded coords=jump). 
NOTE: coordinate (12.33554638,0.9449748478) has been dropped because of a coord
inate filter. (see also unbounded coords=jump). 
NOTE: coordinate (12.3395972,0.9320031725) has been dropped because of a coordi
nate filter. (see also unbounded coords=jump). 
NOTE: coordinate (12.34364801,0.9155985754) has been dropped because of a coord
inate filter. (see also unbounded coords=jump). 
NOTE: coordinate (12.34769883,0.8951797107) has been dropped because of a coord
inate filter. (see also unbounded coords=jump). 
NOTE: coordinate (12.35174965,0.8825783842) has been dropped because of a coord
inate filter. (see also unbounded coords=jump). 
NOTE: coordinate (12.35580047,0.875597588) has been dropped because of a coordi
nate filter. (see also unbounded coords=jump). 
NOTE: coordinate (12.35985129,0.8721919824) has been dropped because of a coord
inate filter. (see also unbounded coords=jump). 
NOTE: coordinate (12.3639021,0.858546798) has been dropped because of a coordin
ate filter. (see also unbounded coords=jump). 
NOTE: coordinate (12.36795292,0.8521130002) has been dropped because of a coord
inate filter. (see also unbounded coords=jump). 
NOTE: coordinate (12.37200374,0.8541495726) has been dropped because of a coord
inate filter. (see also unbounded coords=jump). 
NOTE: coordinate (12.37605456,0.855799334) has been dropped because of a coordi
nate filter. (see also unbounded coords=jump). 
NOTE: coordinate (12.38010537,0.8575971433) has been dropped because of a coord
inate filter. (see also unbounded coords=jump). 
NOTE: coordinate (12.38415619,0.8605371142) has been dropped because of a coord
inate filter. (see also unbounded coords=jump). 
NOTE: coordinate (12.38820701,0.8728856148) has been dropped because of a coord
inate filter. (see also unbounded coords=jump). 
NOTE: coordinate (12.39225783,0.8804768133) has been dropped because of a coord
inate filter. (see also unbounded coords=jump). 
NOTE: coordinate (12.39630865,0.8932373052) has been dropped because of a coord
inate filter. (see also unbounded coords=jump). 
NOTE: coordinate (12.40035946,0.9130092089) has been dropped because of a coord
inate filter. (see also unbounded coords=jump). 
NOTE: coordinate (12.40441028,0.9315186587) has been dropped because of a coord
inate filter. (see also unbounded coords=jump). 
NOTE: coordinate (12.4084611,0.9402142267) has been dropped because of a coordi
nate filter. (see also unbounded coords=jump). 
NOTE: coordinate (12.41251192,0.9400267838) has been dropped because of a coord
inate filter. (see also unbounded coords=jump). 
NOTE: coordinate (12.41656274,0.9470355036) has been dropped because of a coord
inate filter. (see also unbounded coords=jump). 
NOTE: coordinate (12.42061355,0.9506641488) has been dropped because of a coord
inate filter. (see also unbounded coords=jump). 
NOTE: coordinate (12.42466437,0.9576041548) has been dropped because of a coord
inate filter. (see also unbounded coords=jump). 
NOTE: coordinate (12.42871519,0.952765668) has been dropped because of a coordi
nate filter. (see also unbounded coords=jump). 
NOTE: coordinate (12.43276601,0.9505370264) has been dropped because of a coord
inate filter. (see also unbounded coords=jump). 
NOTE: coordinate (12.43681683,0.9548908697) has been dropped because of a coord
inate filter. (see also unbounded coords=jump). 
NOTE: coordinate (12.44086764,0.9602791645) has been dropped because of a coord
inate filter. (see also unbounded coords=jump). 
NOTE: coordinate (12.44491846,0.9707717488) has been dropped because of a coord
inate filter. (see also unbounded coords=jump). 
NOTE: coordinate (12.44896928,0.9657222119) has been dropped because of a coord
inate filter. (see also unbounded coords=jump). 
NOTE: coordinate (12.4530201,0.9555950191) has been dropped because of a coordi
nate filter. (see also unbounded coords=jump). 
NOTE: coordinate (12.45707091,0.938003236) has been dropped because of a coordi
nate filter. (see also unbounded coords=jump). 
NOTE: coordinate (12.46112173,0.9317102492) has been dropped because of a coord
inate filter. (see also unbounded coords=jump). 
NOTE: coordinate (12.46517255,0.9359929069) has been dropped because of a coord
inate filter. (see also unbounded coords=jump). 
NOTE: coordinate (12.46922337,0.940335501) has been dropped because of a coordi
nate filter. (see also unbounded coords=jump). 
NOTE: coordinate (12.47327419,0.9277102467) has been dropped because of a coord
inate filter. (see also unbounded coords=jump). 
NOTE: coordinate (12.477325,0.9210949237) has been dropped because of a coordin
ate filter. (see also unbounded coords=jump). 
NOTE: coordinate (12.48137582,0.9141465401) has been dropped because of a coord
inate filter. (see also unbounded coords=jump). 
NOTE: coordinate (12.48542664,0.9035201501) has been dropped because of a coord
inate filter. (see also unbounded coords=jump). 
NOTE: coordinate (12.48947746,0.8896523197) has been dropped because of a coord
inate filter. (see also unbounded coords=jump). 
NOTE: coordinate (12.49352828,0.8850566248) has been dropped because of a coord
inate filter. (see also unbounded coords=jump). 
NOTE: coordinate (12.49757909,0.8905958386) has been dropped because of a coord
inate filter. (see also unbounded coords=jump). 
NOTE: coordinate (12.50162991,0.892114506) has been dropped because of a coordi
nate filter. (see also unbounded coords=jump). 
NOTE: coordinate (12.50568073,0.8782092297) has been dropped because of a coord
inate filter. (see also unbounded coords=jump). 
NOTE: coordinate (12.50973155,0.8638271562) has been dropped because of a coord
inate filter. (see also unbounded coords=jump). 
NOTE: coordinate (12.51378237,0.8442264478) has been dropped because of a coord
inate filter. (see also unbounded coords=jump). 
NOTE: coordinate (12.51783318,0.8281918928) has been dropped because of a coord
inate filter. (see also unbounded coords=jump). 
NOTE: coordinate (12.521884,0.8240558251) has been dropped because of a coordin
ate filter. (see also unbounded coords=jump). 
NOTE: coordinate (12.52593482,0.8168163674) has been dropped because of a coord
inate filter. (see also unbounded coords=jump). 
NOTE: coordinate (12.52998564,0.8054177017) has been dropped because of a coord
inate filter. (see also unbounded coords=jump). 
NOTE: coordinate (12.53403645,0.7989265977) has been dropped because of a coord
inate filter. (see also unbounded coords=jump). 
NOTE: coordinate (12.53808727,0.7921064112) has been dropped because of a coord
inate filter. (see also unbounded coords=jump). 
NOTE: coordinate (12.54213809,0.7922443836) has been dropped because of a coord
inate filter. (see also unbounded coords=jump). 
NOTE: coordinate (12.54618891,0.8078500705) has been dropped because of a coord
inate filter. (see also unbounded coords=jump). 
NOTE: coordinate (12.55023973,0.8169967871) has been dropped because of a coord
inate filter. (see also unbounded coords=jump). 
NOTE: coordinate (12.55429054,0.8169909434) has been dropped because of a coord
inate filter. (see also unbounded coords=jump). 
NOTE: coordinate (12.55834136,0.8311630945) has been dropped because of a coord
inate filter. (see also unbounded coords=jump). 
NOTE: coordinate (12.56239218,0.845941969) has been dropped because of a coordi
nate filter. (see also unbounded coords=jump). 
NOTE: coordinate (12.566443,0.8569122713) has been dropped because of a coordin
ate filter. (see also unbounded coords=jump). 
NOTE: coordinate (12.57049382,0.8646402248) has been dropped because of a coord
inate filter. (see also unbounded coords=jump). 
NOTE: coordinate (12.57454463,0.8690698906) has been dropped because of a coord
inate filter. (see also unbounded coords=jump). 
NOTE: coordinate (12.57859545,0.8667120021) has been dropped because of a coord
inate filter. (see also unbounded coords=jump). 
NOTE: coordinate (12.58264627,0.8731649571) has been dropped because of a coord
inate filter. (see also unbounded coords=jump). 
NOTE: coordinate (12.58669709,0.8926682766) has been dropped because of a coord
inate filter. (see also unbounded coords=jump). 
NOTE: coordinate (12.59074791,0.9034895686) has been dropped because of a coord
inate filter. (see also unbounded coords=jump). 
NOTE: coordinate (12.59479872,0.9139227958) has been dropped because of a coord
inate filter. (see also unbounded coords=jump). 
NOTE: coordinate (12.59884954,0.9219747967) has been dropped because of a coord
inate filter. (see also unbounded coords=jump). 
NOTE: coordinate (12.60290036,0.9306378436) has been dropped because of a coord
inate filter. (see also unbounded coords=jump). 
NOTE: coordinate (12.60695118,0.936705368) has been dropped because of a coordi
nate filter. (see also unbounded coords=jump). 
NOTE: coordinate (12.61100199,0.9507969307) has been dropped because of a coord
inate filter. (see also unbounded coords=jump). 
NOTE: coordinate (12.61505281,0.9533133682) has been dropped because of a coord
inate filter. (see also unbounded coords=jump). 
NOTE: coordinate (12.61910363,0.9608986793) has been dropped because of a coord
inate filter. (see also unbounded coords=jump). 
NOTE: coordinate (12.62315445,0.9710979212) has been dropped because of a coord
inate filter. (see also unbounded coords=jump). 
NOTE: coordinate (12.62720527,0.9992115025) has been dropped because of a coord
inate filter. (see also unbounded coords=jump). 
NOTE: coordinate (12.63125608,1.033999278) has been dropped because of a coordi
nate filter. (see also unbounded coords=jump). 
NOTE: coordinate (12.6353069,1.057968397) has been dropped because of a coordin
ate filter. (see also unbounded coords=jump). 
NOTE: coordinate (12.63935772,1.077827495) has been dropped because of a coordi
nate filter. (see also unbounded coords=jump). 
NOTE: coordinate (12.64340854,1.089154371) has been dropped because of a coordi
nate filter. (see also unbounded coords=jump). 
NOTE: coordinate (12.64745936,1.103273651) has been dropped because of a coordi
nate filter. (see also unbounded coords=jump). 
NOTE: coordinate (12.65151017,1.122827108) has been dropped because of a coordi
nate filter. (see also unbounded coords=jump). 
NOTE: coordinate (12.65556099,1.13938836) has been dropped because of a coordin
ate filter. (see also unbounded coords=jump). 
NOTE: coordinate (12.65961181,1.154071268) has been dropped because of a coordi
nate filter. (see also unbounded coords=jump). 
NOTE: coordinate (12.66366263,1.169220953) has been dropped because of a coordi
nate filter. (see also unbounded coords=jump). 
NOTE: coordinate (12.66771345,1.18246509) has been dropped because of a coordin
ate filter. (see also unbounded coords=jump). 
NOTE: coordinate (12.67176426,1.196607595) has been dropped because of a coordi
nate filter. (see also unbounded coords=jump). 
NOTE: coordinate (12.67581508,1.207654166) has been dropped because of a coordi
nate filter. (see also unbounded coords=jump). 
NOTE: coordinate (12.6798659,1.195111488) has been dropped because of a coordin
ate filter. (see also unbounded coords=jump). 
NOTE: coordinate (12.68391672,1.18693594) has been dropped because of a coordin
ate filter. (see also unbounded coords=jump). 
NOTE: coordinate (12.68796753,1.16159146) has been dropped because of a coordin
ate filter. (see also unbounded coords=jump). 
NOTE: coordinate (12.69201835,1.129053619) has been dropped because of a coordi
nate filter. (see also unbounded coords=jump). 
NOTE: coordinate (12.69606917,1.108472154) has been dropped because of a coordi
nate filter. (see also unbounded coords=jump). 
NOTE: coordinate (12.70011999,1.098798312) has been dropped because of a coordi
nate filter. (see also unbounded coords=jump). 
NOTE: coordinate (12.70417081,1.096994199) has been dropped because of a coordi
nate filter. (see also unbounded coords=jump). 
NOTE: coordinate (12.70822162,1.099885881) has been dropped because of a coordi
nate filter. (see also unbounded coords=jump). 
NOTE: coordinate (12.71227244,1.09828262) has been dropped because of a coordin
ate filter. (see also unbounded coords=jump). 
NOTE: coordinate (12.71632326,1.093598055) has been dropped because of a coordi
nate filter. (see also unbounded coords=jump). 
NOTE: coordinate (12.72037408,1.094433545) has been dropped because of a coordi
nate filter. (see also unbounded coords=jump). 
NOTE: coordinate (12.7244249,1.104206436) has been dropped because of a coordin
ate filter. (see also unbounded coords=jump). 
NOTE: coordinate (12.72847571,1.130383006) has been dropped because of a coordi
nate filter. (see also unbounded coords=jump). 
NOTE: coordinate (12.73252653,1.162520091) has been dropped because of a coordi
nate filter. (see also unbounded coords=jump). 
NOTE: coordinate (12.73657735,1.188972313) has been dropped because of a coordi
nate filter. (see also unbounded coords=jump). 
NOTE: coordinate (12.74062817,1.202607896) has been dropped because of a coordi
nate filter. (see also unbounded coords=jump). 
NOTE: coordinate (12.74467899,1.220150409) has been dropped because of a coordi
nate filter. (see also unbounded coords=jump). 
NOTE: coordinate (12.7487298,1.252243902) has been dropped because of a coordin
ate filter. (see also unbounded coords=jump). 
NOTE: coordinate (12.75278062,1.28495256) has been dropped because of a coordin
ate filter. (see also unbounded coords=jump). 
NOTE: coordinate (12.75683144,1.307470228) has been dropped because of a coordi
nate filter. (see also unbounded coords=jump). 
NOTE: coordinate (12.76088226,1.33602891) has been dropped because of a coordin
ate filter. (see also unbounded coords=jump). 
NOTE: coordinate (12.76493307,1.352536858) has been dropped because of a coordi
nate filter. (see also unbounded coords=jump). 
NOTE: coordinate (12.76898389,1.350818584) has been dropped because of a coordi
nate filter. (see also unbounded coords=jump). 
NOTE: coordinate (12.77303471,1.339905764) has been dropped because of a coordi
nate filter. (see also unbounded coords=jump). 
NOTE: coordinate (12.77708553,1.3408544) has been dropped because of a coordina
te filter. (see also unbounded coords=jump). 
NOTE: coordinate (12.78113635,1.333857661) has been dropped because of a coordi
nate filter. (see also unbounded coords=jump). 
NOTE: coordinate (12.78518716,1.32118241) has been dropped because of a coordin
ate filter. (see also unbounded coords=jump). 
NOTE: coordinate (12.78923798,1.300159154) has been dropped because of a coordi
nate filter. (see also unbounded coords=jump). 
NOTE: coordinate (12.7932888,1.288006661) has been dropped because of a coordin
ate filter. (see also unbounded coords=jump). 
NOTE: coordinate (12.79733962,1.27449758) has been dropped because of a coordin
ate filter. (see also unbounded coords=jump). 
NOTE: coordinate (12.80139044,1.265565671) has been dropped because of a coordi
nate filter. (see also unbounded coords=jump). 
NOTE: coordinate (12.80544125,1.254623216) has been dropped because of a coordi
nate filter. (see also unbounded coords=jump). 
NOTE: coordinate (12.80949207,1.237594963) has been dropped because of a coordi
nate filter. (see also unbounded coords=jump). 
NOTE: coordinate (12.81354289,1.230716854) has been dropped because of a coordi
nate filter. (see also unbounded coords=jump). 
NOTE: coordinate (12.81759371,1.226051742) has been dropped because of a coordi
nate filter. (see also unbounded coords=jump). 
NOTE: coordinate (12.82164453,1.217240596) has been dropped because of a coordi
nate filter. (see also unbounded coords=jump). 
NOTE: coordinate (12.82569534,1.214127874) has been dropped because of a coordi
nate filter. (see also unbounded coords=jump). 
NOTE: coordinate (12.82974616,1.217453968) has been dropped because of a coordi
nate filter. (see also unbounded coords=jump). 
NOTE: coordinate (12.83379698,1.235006353) has been dropped because of a coordi
nate filter. (see also unbounded coords=jump). 
NOTE: coordinate (12.8378478,1.265256994) has been dropped because of a coordin
ate filter. (see also unbounded coords=jump). 
NOTE: coordinate (12.84189861,1.282079226) has been dropped because of a coordi
nate filter. (see also unbounded coords=jump). 
NOTE: coordinate (12.84594943,1.289525954) has been dropped because of a coordi
nate filter. (see also unbounded coords=jump). 
NOTE: coordinate (12.85000025,1.282256786) has been dropped because of a coordi
nate filter. (see also unbounded coords=jump). 
NOTE: coordinate (12.85405107,1.278273898) has been dropped because of a coordi
nate filter. (see also unbounded coords=jump). 
NOTE: coordinate (12.85810189,1.272367717) has been dropped because of a coordi
nate filter. (see also unbounded coords=jump). 
NOTE: coordinate (12.8621527,1.247837635) has been dropped because of a coordin
ate filter. (see also unbounded coords=jump). 
NOTE: coordinate (12.86620352,1.243252181) has been dropped because of a coordi
nate filter. (see also unbounded coords=jump). 
NOTE: coordinate (12.87025434,1.231843298) has been dropped because of a coordi
nate filter. (see also unbounded coords=jump). 
NOTE: coordinate (12.87430516,1.209680936) has been dropped because of a coordi
nate filter. (see also unbounded coords=jump). 
NOTE: coordinate (12.87835598,1.190570693) has been dropped because of a coordi
nate filter. (see also unbounded coords=jump). 
NOTE: coordinate (12.88240679,1.16427463) has been dropped because of a coordin
ate filter. (see also unbounded coords=jump). 
NOTE: coordinate (12.88645761,1.12405928) has been dropped because of a coordin
ate filter. (see also unbounded coords=jump). 
NOTE: coordinate (12.89050843,1.072745922) has been dropped because of a coordi
nate filter. (see also unbounded coords=jump). 
NOTE: coordinate (12.89455925,1.032123807) has been dropped because of a coordi
nate filter. (see also unbounded coords=jump). 
NOTE: coordinate (12.89861007,0.9924201314) has been dropped because of a coord
inate filter. (see also unbounded coords=jump). 
NOTE: coordinate (12.90266088,0.9540422519) has been dropped because of a coord
inate filter. (see also unbounded coords=jump). 
NOTE: coordinate (12.9067117,0.9176613784) has been dropped because of a coordi
nate filter. (see also unbounded coords=jump). 
NOTE: coordinate (12.91076252,0.8583834737) has been dropped because of a coord
inate filter. (see also unbounded coords=jump). 
NOTE: coordinate (12.91481334,0.8051864517) has been dropped because of a coord
inate filter. (see also unbounded coords=jump). 
NOTE: coordinate (12.91886415,0.7606562353) has been dropped because of a coord
inate filter. (see also unbounded coords=jump). 
NOTE: coordinate (12.92291497,0.7126114704) has been dropped because of a coord
inate filter. (see also unbounded coords=jump). 
NOTE: coordinate (12.92696579,0.6688064649) has been dropped because of a coord
inate filter. (see also unbounded coords=jump). 
NOTE: coordinate (12.93101661,0.637991391) has been dropped because of a coordi
nate filter. (see also unbounded coords=jump). 
NOTE: coordinate (12.93506743,0.6109685337) has been dropped because of a coord
inate filter. (see also unbounded coords=jump). 
NOTE: coordinate (12.93911824,0.5904342038) has been dropped because of a coord
inate filter. (see also unbounded coords=jump). 
NOTE: coordinate (12.94316906,0.5785853573) has been dropped because of a coord
inate filter. (see also unbounded coords=jump). 
NOTE: coordinate (12.94721988,0.5683509206) has been dropped because of a coord
inate filter. (see also unbounded coords=jump). 
NOTE: coordinate (12.9512707,0.5653754387) has been dropped because of a coordi
nate filter. (see also unbounded coords=jump). 
NOTE: coordinate (12.95532152,0.5628895371) has been dropped because of a coord
inate filter. (see also unbounded coords=jump). 
NOTE: coordinate (12.95937233,0.5504745291) has been dropped because of a coord
inate filter. (see also unbounded coords=jump). 
NOTE: coordinate (12.96342315,0.5220362468) has been dropped because of a coord
inate filter. (see also unbounded coords=jump). 
NOTE: coordinate (12.96747397,0.4873807718) has been dropped because of a coord
inate filter. (see also unbounded coords=jump). 
NOTE: coordinate (12.97152479,0.4612548475) has been dropped because of a coord
inate filter. (see also unbounded coords=jump). 
NOTE: coordinate (12.97557561,0.459625935) has been dropped because of a coordi
nate filter. (see also unbounded coords=jump). 
NOTE: coordinate (12.97962642,0.4545824265) has been dropped because of a coord
inate filter. (see also unbounded coords=jump). 
NOTE: coordinate (12.98367724,0.4596206803) has been dropped because of a coord
inate filter. (see also unbounded coords=jump). 
NOTE: coordinate (12.98772806,0.4707094087) has been dropped because of a coord
inate filter. (see also unbounded coords=jump). 
NOTE: coordinate (12.99177888,0.4620000703) has been dropped because of a coord
inate filter. (see also unbounded coords=jump). 
NOTE: coordinate (12.99582969,0.4602863976) has been dropped because of a coord
inate filter. (see also unbounded coords=jump). 
NOTE: coordinate (12.99988051,0.46142313) has been dropped because of a coordin
ate filter. (see also unbounded coords=jump). 
NOTE: coordinate (13.00393133,0.4620342268) has been dropped because of a coord
inate filter. (see also unbounded coords=jump). 
NOTE: coordinate (13.00798215,0.4469669895) has been dropped because of a coord
inate filter. (see also unbounded coords=jump). 
NOTE: coordinate (13.01203297,0.4183305997) has been dropped because of a coord
inate filter. (see also unbounded coords=jump). 
NOTE: coordinate (13.01608378,0.3895291326) has been dropped because of a coord
inate filter. (see also unbounded coords=jump). 
NOTE: coordinate (13.0201346,0.3728166399) has been dropped because of a coordi
nate filter. (see also unbounded coords=jump). 
NOTE: coordinate (13.02418542,0.3529065798) has been dropped because of a coord
inate filter. (see also unbounded coords=jump). 
NOTE: coordinate (13.02823624,0.3365945451) has been dropped because of a coord
inate filter. (see also unbounded coords=jump). 
NOTE: coordinate (13.03228706,0.3293514474) has been dropped because of a coord
inate filter. (see also unbounded coords=jump). 
NOTE: coordinate (13.03633787,0.3253413473) has been dropped because of a coord
inate filter. (see also unbounded coords=jump). 
NOTE: coordinate (13.04038869,0.3084372097) has been dropped because of a coord
inate filter. (see also unbounded coords=jump). 
NOTE: coordinate (13.04443951,0.289033532) has been dropped because of a coordi
nate filter. (see also unbounded coords=jump). 
NOTE: coordinate (13.04849033,0.2662488768) has been dropped because of a coord
inate filter. (see also unbounded coords=jump). 
NOTE: coordinate (13.05254115,0.2513797019) has been dropped because of a coord
inate filter. (see also unbounded coords=jump). 
NOTE: coordinate (13.05659196,0.2224508512) has been dropped because of a coord
inate filter. (see also unbounded coords=jump). 
NOTE: coordinate (13.06064278,0.1973780049) has been dropped because of a coord
inate filter. (see also unbounded coords=jump). 
NOTE: coordinate (13.0646936,0.1877893282) has been dropped because of a coordi
nate filter. (see also unbounded coords=jump). 
NOTE: coordinate (13.06874442,0.1831527652) has been dropped because of a coord
inate filter. (see also unbounded coords=jump). 
NOTE: coordinate (13.07279523,0.1650775031) has been dropped because of a coord
inate filter. (see also unbounded coords=jump). 
NOTE: coordinate (13.07684605,0.1552296) has been dropped because of a coordina
te filter. (see also unbounded coords=jump). 
NOTE: coordinate (13.08089687,0.1450831228) has been dropped because of a coord
inate filter. (see also unbounded coords=jump). 
NOTE: coordinate (13.08494769,0.1393945102) has been dropped because of a coord
inate filter. (see also unbounded coords=jump). 
NOTE: coordinate (13.08899851,0.1350171413) has been dropped because of a coord
inate filter. (see also unbounded coords=jump). 
NOTE: coordinate (13.09304932,0.1203875445) has been dropped because of a coord
inate filter. (see also unbounded coords=jump). 
NOTE: coordinate (13.09710014,0.1224159573) has been dropped because of a coord
inate filter. (see also unbounded coords=jump). 
NOTE: coordinate (13.10115096,0.1346869588) has been dropped because of a coord
inate filter. (see also unbounded coords=jump). 
NOTE: coordinate (13.10520178,0.1491140712) has been dropped because of a coord
inate filter. (see also unbounded coords=jump). 
NOTE: coordinate (13.1092526,0.1631302669) has been dropped because of a coordi
nate filter. (see also unbounded coords=jump). 
NOTE: coordinate (13.11330341,0.1620715712) has been dropped because of a coord
inate filter. (see also unbounded coords=jump). 
NOTE: coordinate (13.11735423,0.1530922597) has been dropped because of a coord
inate filter. (see also unbounded coords=jump). 
NOTE: coordinate (13.12140505,0.1406715056) has been dropped because of a coord
inate filter. (see also unbounded coords=jump). 
NOTE: coordinate (13.12545587,0.132876069) has been dropped because of a coordi
nate filter. (see also unbounded coords=jump). 
NOTE: coordinate (13.12950669,0.1311240927) has been dropped because of a coord
inate filter. (see also unbounded coords=jump). 
NOTE: coordinate (13.1335575,0.1434835486) has been dropped because of a coordi
nate filter. (see also unbounded coords=jump). 
NOTE: coordinate (13.13760832,0.1545489546) has been dropped because of a coord
inate filter. (see also unbounded coords=jump). 
NOTE: coordinate (13.14165914,0.1537403899) has been dropped because of a coord
inate filter. (see also unbounded coords=jump). 
NOTE: coordinate (13.14570996,0.1540090631) has been dropped because of a coord
inate filter. (see also unbounded coords=jump). 
NOTE: coordinate (13.14976077,0.1533635491) has been dropped because of a coord
inate filter. (see also unbounded coords=jump). 
NOTE: coordinate (13.15381159,0.1468833268) has been dropped because of a coord
inate filter. (see also unbounded coords=jump). 
NOTE: coordinate (13.15786241,0.1369637659) has been dropped because of a coord
inate filter. (see also unbounded coords=jump). 
NOTE: coordinate (13.16191323,0.148297313) has been dropped because of a coordi
nate filter. (see also unbounded coords=jump). 
NOTE: coordinate (13.16596405,0.160566498) has been dropped because of a coordi
nate filter. (see also unbounded coords=jump). 
NOTE: coordinate (13.17001486,0.1595071481) has been dropped because of a coord
inate filter. (see also unbounded coords=jump). 
NOTE: coordinate (13.17406568,0.1661045783) has been dropped because of a coord
inate filter. (see also unbounded coords=jump). 
NOTE: coordinate (13.1781165,0.1724296517) has been dropped because of a coordi
nate filter. (see also unbounded coords=jump). 
NOTE: coordinate (13.18216732,0.1673623897) has been dropped because of a coord
inate filter. (see also unbounded coords=jump). 
NOTE: coordinate (13.18621814,0.164584452) has been dropped because of a coordi
nate filter. (see also unbounded coords=jump). 
NOTE: coordinate (13.19026895,0.165826943) has been dropped because of a coordi
nate filter. (see also unbounded coords=jump). 
NOTE: coordinate (13.19431977,0.1686402048) has been dropped because of a coord
inate filter. (see also unbounded coords=jump). 
NOTE: coordinate (13.19837059,0.1649658045) has been dropped because of a coord
inate filter. (see also unbounded coords=jump). 
NOTE: coordinate (13.20242141,0.1708962262) has been dropped because of a coord
inate filter. (see also unbounded coords=jump). 
NOTE: coordinate (13.20647223,0.1766768159) has been dropped because of a coord
inate filter. (see also unbounded coords=jump). 
NOTE: coordinate (13.21052304,0.1858171563) has been dropped because of a coord
inate filter. (see also unbounded coords=jump). 
NOTE: coordinate (13.21457386,0.1893211458) has been dropped because of a coord
inate filter. (see also unbounded coords=jump). 
NOTE: coordinate (13.21862468,0.2039602735) has been dropped because of a coord
inate filter. (see also unbounded coords=jump). 
NOTE: coordinate (13.2226755,0.2228632686) has been dropped because of a coordi
nate filter. (see also unbounded coords=jump). 
NOTE: coordinate (13.22672631,0.2476923517) has been dropped because of a coord
inate filter. (see also unbounded coords=jump). 
NOTE: coordinate (13.23077713,0.2645571572) has been dropped because of a coord
inate filter. (see also unbounded coords=jump). 
NOTE: coordinate (13.23482795,0.2632493203) has been dropped because of a coord
inate filter. (see also unbounded coords=jump). 
NOTE: coordinate (13.23887877,0.2765082912) has been dropped because of a coord
inate filter. (see also unbounded coords=jump). 
NOTE: coordinate (13.24292959,0.2902330569) has been dropped because of a coord
inate filter. (see also unbounded coords=jump). 
NOTE: coordinate (13.2469804,0.2966826771) has been dropped because of a coordi
nate filter. (see also unbounded coords=jump). 
NOTE: coordinate (13.25103122,0.2976271952) has been dropped because of a coord
inate filter. (see also unbounded coords=jump). 
NOTE: coordinate (13.25508204,0.3032164022) has been dropped because of a coord
inate filter. (see also unbounded coords=jump). 
NOTE: coordinate (13.25913286,0.3067504537) has been dropped because of a coord
inate filter. (see also unbounded coords=jump). 
NOTE: coordinate (13.26318368,0.3227546142) has been dropped because of a coord
inate filter. (see also unbounded coords=jump). 
NOTE: coordinate (13.26723449,0.3167387824) has been dropped because of a coord
inate filter. (see also unbounded coords=jump). 
NOTE: coordinate (13.27128531,0.3077394989) has been dropped because of a coord
inate filter. (see also unbounded coords=jump). 
NOTE: coordinate (13.27533613,0.2992941313) has been dropped because of a coord
inate filter. (see also unbounded coords=jump). 
NOTE: coordinate (13.27938695,0.2978664807) has been dropped because of a coord
inate filter. (see also unbounded coords=jump). 
NOTE: coordinate (13.28343777,0.2877928841) has been dropped because of a coord
inate filter. (see also unbounded coords=jump). 
NOTE: coordinate (13.28748858,0.2779362831) has been dropped because of a coord
inate filter. (see also unbounded coords=jump). 
NOTE: coordinate (13.2915394,0.2653861955) has been dropped because of a coordi
nate filter. (see also unbounded coords=jump). 
NOTE: coordinate (13.29559022,0.2562807585) has been dropped because of a coord
inate filter. (see also unbounded coords=jump). 
NOTE: coordinate (13.29964104,0.2488881003) has been dropped because of a coord
inate filter. (see also unbounded coords=jump). 
NOTE: coordinate (13.30369185,0.2542243966) has been dropped because of a coord
inate filter. (see also unbounded coords=jump). 
NOTE: coordinate (13.30774267,0.2547485207) has been dropped because of a coord
inate filter. (see also unbounded coords=jump). 
NOTE: coordinate (13.31179349,0.2618083641) has been dropped because of a coord
inate filter. (see also unbounded coords=jump). 
NOTE: coordinate (13.31584431,0.2649263583) has been dropped because of a coord
inate filter. (see also unbounded coords=jump). 
NOTE: coordinate (13.31989513,0.2670900736) has been dropped because of a coord
inate filter. (see also unbounded coords=jump). 
NOTE: coordinate (13.32394594,0.2698238276) has been dropped because of a coord
inate filter. (see also unbounded coords=jump). 
NOTE: coordinate (13.32799676,0.274517987) has been dropped because of a coordi
nate filter. (see also unbounded coords=jump). 
NOTE: coordinate (13.33204758,0.2881333565) has been dropped because of a coord
inate filter. (see also unbounded coords=jump). 
NOTE: coordinate (13.3360984,0.2969961416) has been dropped because of a coordi
nate filter. (see also unbounded coords=jump). 
NOTE: coordinate (13.34014922,0.2990241965) has been dropped because of a coord
inate filter. (see also unbounded coords=jump). 
NOTE: coordinate (13.34420003,0.3051869234) has been dropped because of a coord
inate filter. (see also unbounded coords=jump). 
NOTE: coordinate (13.34825085,0.3199278971) has been dropped because of a coord
inate filter. (see also unbounded coords=jump). 
NOTE: coordinate (13.35230167,0.3378642681) has been dropped because of a coord
inate filter. (see also unbounded coords=jump). 
NOTE: coordinate (13.35635249,0.3398624473) has been dropped because of a coord
inate filter. (see also unbounded coords=jump). 
NOTE: coordinate (13.36040331,0.3445598709) has been dropped because of a coord
inate filter. (see also unbounded coords=jump). 
NOTE: coordinate (13.36445412,0.3423235428) has been dropped because of a coord
inate filter. (see also unbounded coords=jump). 
NOTE: coordinate (13.36850494,0.3515886494) has been dropped because of a coord
inate filter. (see also unbounded coords=jump). 
NOTE: coordinate (13.37255576,0.3456819073) has been dropped because of a coord
inate filter. (see also unbounded coords=jump). 
NOTE: coordinate (13.37660658,0.3415380874) has been dropped because of a coord
inate filter. (see also unbounded coords=jump). 
NOTE: coordinate (13.38065739,0.3286098904) has been dropped because of a coord
inate filter. (see also unbounded coords=jump). 
NOTE: coordinate (13.38470821,0.3173572487) has been dropped because of a coord
inate filter. (see also unbounded coords=jump). 
NOTE: coordinate (13.38875903,0.3120111705) has been dropped because of a coord
inate filter. (see also unbounded coords=jump). 
NOTE: coordinate (13.39280985,0.2963646188) has been dropped because of a coord
inate filter. (see also unbounded coords=jump). 
NOTE: coordinate (13.39686067,0.2825077278) has been dropped because of a coord
inate filter. (see also unbounded coords=jump). 
NOTE: coordinate (13.40091148,0.2734780472) has been dropped because of a coord
inate filter. (see also unbounded coords=jump). 
NOTE: coordinate (13.4049623,0.2853117026) has been dropped because of a coordi
nate filter. (see also unbounded coords=jump). 
NOTE: coordinate (13.40901312,0.2961531939) has been dropped because of a coord
inate filter. (see also unbounded coords=jump). 
NOTE: coordinate (13.41306394,0.2894230428) has been dropped because of a coord
inate filter. (see also unbounded coords=jump). 
NOTE: coordinate (13.41711476,0.2943184856) has been dropped because of a coord
inate filter. (see also unbounded coords=jump). 
NOTE: coordinate (13.42116557,0.2974405787) has been dropped because of a coord
inate filter. (see also unbounded coords=jump). 
NOTE: coordinate (13.42521639,0.2923834157) has been dropped because of a coord
inate filter. (see also unbounded coords=jump). 
NOTE: coordinate (13.42926721,0.2945131251) has been dropped because of a coord
inate filter. (see also unbounded coords=jump). 
NOTE: coordinate (13.43331803,0.300351785) has been dropped because of a coordi
nate filter. (see also unbounded coords=jump). 
NOTE: coordinate (13.43736885,0.3085223507) has been dropped because of a coord
inate filter. (see also unbounded coords=jump). 
NOTE: coordinate (13.44141966,0.3174230544) has been dropped because of a coord
inate filter. (see also unbounded coords=jump). 
NOTE: coordinate (13.44547048,0.3265930021) has been dropped because of a coord
inate filter. (see also unbounded coords=jump). 
NOTE: coordinate (13.4495213,0.3200147535) has been dropped because of a coordi
nate filter. (see also unbounded coords=jump). 
NOTE: coordinate (13.45357212,0.3003459065) has been dropped because of a coord
inate filter. (see also unbounded coords=jump). 
NOTE: coordinate (13.45762293,0.275388431) has been dropped because of a coordi
nate filter. (see also unbounded coords=jump). 
NOTE: coordinate (13.46167375,0.2651535448) has been dropped because of a coord
inate filter. (see also unbounded coords=jump). 
NOTE: coordinate (13.46572457,0.2389151112) has been dropped because of a coord
inate filter. (see also unbounded coords=jump). 
NOTE: coordinate (13.46977539,0.2243995079) has been dropped because of a coord
inate filter. (see also unbounded coords=jump). 
NOTE: coordinate (13.47382621,0.2181737824) has been dropped because of a coord
inate filter. (see also unbounded coords=jump). 
NOTE: coordinate (13.47787702,0.2177066915) has been dropped because of a coord
inate filter. (see also unbounded coords=jump). 
NOTE: coordinate (13.48192784,0.2217859351) has been dropped because of a coord
inate filter. (see also unbounded coords=jump). 
NOTE: coordinate (13.48597866,0.224725998) has been dropped because of a coordi
nate filter. (see also unbounded coords=jump). 
NOTE: coordinate (13.49002948,0.2193245741) has been dropped because of a coord
inate filter. (see also unbounded coords=jump). 
NOTE: coordinate (13.4940803,0.201827948) has been dropped because of a coordin
ate filter. (see also unbounded coords=jump). 
NOTE: coordinate (13.49813111,0.1833648485) has been dropped because of a coord
inate filter. (see also unbounded coords=jump). 
NOTE: coordinate (13.50218193,0.1552456969) has been dropped because of a coord
inate filter. (see also unbounded coords=jump). 
NOTE: coordinate (13.50623275,0.1450313684) has been dropped because of a coord
inate filter. (see also unbounded coords=jump). 
NOTE: coordinate (13.51028357,0.1380958353) has been dropped because of a coord
inate filter. (see also unbounded coords=jump). 
NOTE: coordinate (13.51433439,0.1381818997) has been dropped because of a coord
inate filter. (see also unbounded coords=jump). 
NOTE: coordinate (13.5183852,0.1403541061) has been dropped because of a coordi
nate filter. (see also unbounded coords=jump). 
NOTE: coordinate (13.52243602,0.1450070488) has been dropped because of a coord
inate filter. (see also unbounded coords=jump). 
NOTE: coordinate (13.52648684,0.1675632596) has been dropped because of a coord
inate filter. (see also unbounded coords=jump). 
NOTE: coordinate (13.53053766,0.1892008376) has been dropped because of a coord
inate filter. (see also unbounded coords=jump). 
NOTE: coordinate (13.53458847,0.2012377685) has been dropped because of a coord
inate filter. (see also unbounded coords=jump). 
NOTE: coordinate (13.53863929,0.2106107777) has been dropped because of a coord
inate filter. (see also unbounded coords=jump). 
NOTE: coordinate (13.54269011,0.2212367079) has been dropped because of a coord
inate filter. (see also unbounded coords=jump). 
NOTE: coordinate (13.54674093,0.2347518262) has been dropped because of a coord
inate filter. (see also unbounded coords=jump). 
NOTE: coordinate (13.55079175,0.2402022791) has been dropped because of a coord
inate filter. (see also unbounded coords=jump). 
NOTE: coordinate (13.55484256,0.2345995153) has been dropped because of a coord
inate filter. (see also unbounded coords=jump). 
NOTE: coordinate (13.55889338,0.2263472663) has been dropped because of a coord
inate filter. (see also unbounded coords=jump). 
NOTE: coordinate (13.5629442,0.2109112105) has been dropped because of a coordi
nate filter. (see also unbounded coords=jump). 
NOTE: coordinate (13.56699502,0.1881336667) has been dropped because of a coord
inate filter. (see also unbounded coords=jump). 
NOTE: coordinate (13.57104584,0.183151384) has been dropped because of a coordi
nate filter. (see also unbounded coords=jump). 
NOTE: coordinate (13.57509665,0.1667388065) has been dropped because of a coord
inate filter. (see also unbounded coords=jump). 
NOTE: coordinate (13.57914747,0.146655625) has been dropped because of a coordi
nate filter. (see also unbounded coords=jump). 
NOTE: coordinate (13.58319829,0.1359329862) has been dropped because of a coord
inate filter. (see also unbounded coords=jump). 
NOTE: coordinate (13.58724911,0.1166685898) has been dropped because of a coord
inate filter. (see also unbounded coords=jump). 
NOTE: coordinate (13.59129993,0.09792892415) has been dropped because of a coor
dinate filter. (see also unbounded coords=jump). 
NOTE: coordinate (13.59535074,0.07063316952) has been dropped because of a coor
dinate filter. (see also unbounded coords=jump). 
NOTE: coordinate (13.59940156,0.04990422147) has been dropped because of a coor
dinate filter. (see also unbounded coords=jump). 
NOTE: coordinate (13.60345238,0.0234702589) has been dropped because of a coord
inate filter. (see also unbounded coords=jump). 
NOTE: coordinate (13.6075032,0.01339041916) has been dropped because of a coord
inate filter. (see also unbounded coords=jump). 
NOTE: coordinate (13.61155401,-0.006074553765) has been dropped because of a co
ordinate filter. (see also unbounded coords=jump). 
NOTE: coordinate (13.61560483,-0.03413922725) has been dropped because of a coo
rdinate filter. (see also unbounded coords=jump). 
NOTE: coordinate (13.61965565,-0.06055375812) has been dropped because of a coo
rdinate filter. (see also unbounded coords=jump). 
NOTE: coordinate (13.62370647,-0.07501683361) has been dropped because of a coo
rdinate filter. (see also unbounded coords=jump). 
NOTE: coordinate (13.62775729,-0.09218365657) has been dropped because of a coo
rdinate filter. (see also unbounded coords=jump). 
NOTE: coordinate (13.6318081,-0.1055146642) has been dropped because of a coord
inate filter. (see also unbounded coords=jump). 
NOTE: coordinate (13.63585892,-0.116843204) has been dropped because of a coord
inate filter. (see also unbounded coords=jump). 
NOTE: coordinate (13.63990974,-0.1251411736) has been dropped because of a coor
dinate filter. (see also unbounded coords=jump). 
NOTE: coordinate (13.64396056,-0.1171605149) has been dropped because of a coor
dinate filter. (see also unbounded coords=jump). 
NOTE: coordinate (13.64801138,-0.107730574) has been dropped because of a coord
inate filter. (see also unbounded coords=jump). 
NOTE: coordinate (13.65206219,-0.1048381509) has been dropped because of a coor
dinate filter. (see also unbounded coords=jump). 
NOTE: coordinate (13.65611301,-0.09227993288) has been dropped because of a coo
rdinate filter. (see also unbounded coords=jump). 
NOTE: coordinate (13.66016383,-0.088003035) has been dropped because of a coord
inate filter. (see also unbounded coords=jump). 
NOTE: coordinate (13.66421465,-0.08040760858) has been dropped because of a coo
rdinate filter. (see also unbounded coords=jump). 
NOTE: coordinate (13.66826547,-0.06820617566) has been dropped because of a coo
rdinate filter. (see also unbounded coords=jump). 
NOTE: coordinate (13.67231628,-0.06543086741) has been dropped because of a coo
rdinate filter. (see also unbounded coords=jump). 
NOTE: coordinate (13.6763671,-0.06515910859) has been dropped because of a coor
dinate filter. (see also unbounded coords=jump). 
NOTE: coordinate (13.68041792,-0.06147295849) has been dropped because of a coo
rdinate filter. (see also unbounded coords=jump). 
NOTE: coordinate (13.68446874,-0.04970012552) has been dropped because of a coo
rdinate filter. (see also unbounded coords=jump). 
NOTE: coordinate (13.68851955,-0.04633749433) has been dropped because of a coo
rdinate filter. (see also unbounded coords=jump). 
NOTE: coordinate (13.69257037,-0.03285370297) has been dropped because of a coo
rdinate filter. (see also unbounded coords=jump). 
NOTE: coordinate (13.69662119,-0.008600463756) has been dropped because of a co
ordinate filter. (see also unbounded coords=jump). 
NOTE: coordinate (13.70067201,0.001087106058) has been dropped because of a coo
rdinate filter. (see also unbounded coords=jump). 
NOTE: coordinate (13.70472283,0.004590228339) has been dropped because of a coo
rdinate filter. (see also unbounded coords=jump). 
NOTE: coordinate (13.70877364,0.01644369514) has been dropped because of a coor
dinate filter. (see also unbounded coords=jump). 
NOTE: coordinate (13.71282446,0.01691352571) has been dropped because of a coor
dinate filter. (see also unbounded coords=jump). 
NOTE: coordinate (13.71687528,0.02231288344) has been dropped because of a coor
dinate filter. (see also unbounded coords=jump). 
NOTE: coordinate (13.7209261,0.01346492263) has been dropped because of a coord
inate filter. (see also unbounded coords=jump). 
NOTE: coordinate (13.72497692,0.004241035557) has been dropped because of a coo
rdinate filter. (see also unbounded coords=jump). 
NOTE: coordinate (13.72902773,0.02053732577) has been dropped because of a coor
dinate filter. (see also unbounded coords=jump). 
NOTE: coordinate (13.73307855,0.0273963232) has been dropped because of a coord
inate filter. (see also unbounded coords=jump). 
NOTE: coordinate (13.73712937,0.04376931376) has been dropped because of a coor
dinate filter. (see also unbounded coords=jump). 
NOTE: coordinate (13.74118019,0.06385717998) has been dropped because of a coor
dinate filter. (see also unbounded coords=jump). 
NOTE: coordinate (13.74523101,0.08510543309) has been dropped because of a coor
dinate filter. (see also unbounded coords=jump). 
NOTE: coordinate (13.74928182,0.09941314465) has been dropped because of a coor
dinate filter. (see also unbounded coords=jump). 
NOTE: coordinate (13.75333264,0.09961393005) has been dropped because of a coor
dinate filter. (see also unbounded coords=jump). 
NOTE: coordinate (13.75738346,0.1081228178) has been dropped because of a coord
inate filter. (see also unbounded coords=jump). 
NOTE: coordinate (13.76143428,0.1101661215) has been dropped because of a coord
inate filter. (see also unbounded coords=jump). 
NOTE: coordinate (13.76548509,0.1099055352) has been dropped because of a coord
inate filter. (see also unbounded coords=jump). 
NOTE: coordinate (13.76953591,0.1043865989) has been dropped because of a coord
inate filter. (see also unbounded coords=jump). 
NOTE: coordinate (13.77358673,0.09437361826) has been dropped because of a coor
dinate filter. (see also unbounded coords=jump). 
NOTE: coordinate (13.77763755,0.08705008763) has been dropped because of a coor
dinate filter. (see also unbounded coords=jump). 
NOTE: coordinate (13.78168837,0.0888818585) has been dropped because of a coord
inate filter. (see also unbounded coords=jump). 
NOTE: coordinate (13.78573918,0.08291027191) has been dropped because of a coor
dinate filter. (see also unbounded coords=jump). 
NOTE: coordinate (13.78979,0.08006177714) has been dropped because of a coordin
ate filter. (see also unbounded coords=jump). 
NOTE: coordinate (13.79384082,0.0852676612) has been dropped because of a coord
inate filter. (see also unbounded coords=jump). 
NOTE: coordinate (13.79789164,0.09436135564) has been dropped because of a coor
dinate filter. (see also unbounded coords=jump). 
NOTE: coordinate (13.80194246,0.09925138613) has been dropped because of a coor
dinate filter. (see also unbounded coords=jump). 
NOTE: coordinate (13.80599327,0.1175558594) has been dropped because of a coord
inate filter. (see also unbounded coords=jump). 
NOTE: coordinate (13.81004409,0.1290911609) has been dropped because of a coord
inate filter. (see also unbounded coords=jump). 
NOTE: coordinate (13.81409491,0.1108577822) has been dropped because of a coord
inate filter. (see also unbounded coords=jump). 
NOTE: coordinate (13.81814573,0.08475682766) has been dropped because of a coor
dinate filter. (see also unbounded coords=jump). 
NOTE: coordinate (13.82219655,0.06798758531) has been dropped because of a coor
dinate filter. (see also unbounded coords=jump). 
NOTE: coordinate (13.82624736,0.05575294162) has been dropped because of a coor
dinate filter. (see also unbounded coords=jump). 
NOTE: coordinate (13.83029818,0.03636969934) has been dropped because of a coor
dinate filter. (see also unbounded coords=jump). 
NOTE: coordinate (13.834349,0.01526558094) has been dropped because of a coordi
nate filter. (see also unbounded coords=jump). 
NOTE: coordinate (13.83839982,0.01045822037) has been dropped because of a coor
dinate filter. (see also unbounded coords=jump). 
NOTE: coordinate (13.84245063,0.01050136593) has been dropped because of a coor
dinate filter. (see also unbounded coords=jump). 
NOTE: coordinate (13.84650145,0.001793483129) has been dropped because of a coo
rdinate filter. (see also unbounded coords=jump). 
NOTE: coordinate (13.85055227,0.0005462596291) has been dropped because of a co
ordinate filter. (see also unbounded coords=jump). 
NOTE: coordinate (13.85460309,-0.001842593466) has been dropped because of a co
ordinate filter. (see also unbounded coords=jump). 
NOTE: coordinate (13.85865391,-0.0004379731652) has been dropped because of a c
oordinate filter. (see also unbounded coords=jump). 
NOTE: coordinate (13.86270472,-0.007117668324) has been dropped because of a co
ordinate filter. (see also unbounded coords=jump). 
NOTE: coordinate (13.86675554,-0.005329645914) has been dropped because of a co
ordinate filter. (see also unbounded coords=jump). 
NOTE: coordinate (13.87080636,0.01134925244) has been dropped because of a coor
dinate filter. (see also unbounded coords=jump). 
NOTE: coordinate (13.87485718,0.02127279041) has been dropped because of a coor
dinate filter. (see also unbounded coords=jump). 
NOTE: coordinate (13.878908,0.03029128277) has been dropped because of a coordi
nate filter. (see also unbounded coords=jump). 
NOTE: coordinate (13.88295881,0.05111370408) has been dropped because of a coor
dinate filter. (see also unbounded coords=jump). 
NOTE: coordinate (13.88700963,0.05528916716) has been dropped because of a coor
dinate filter. (see also unbounded coords=jump). 
NOTE: coordinate (13.89106045,0.04618410779) has been dropped because of a coor
dinate filter. (see also unbounded coords=jump). 
NOTE: coordinate (13.89511127,0.03578950011) has been dropped because of a coor
dinate filter. (see also unbounded coords=jump). 
NOTE: coordinate (13.89916209,0.01477035091) has been dropped because of a coor
dinate filter. (see also unbounded coords=jump). 
NOTE: coordinate (13.9032129,-0.00327010315) has been dropped because of a coor
dinate filter. (see also unbounded coords=jump). 
NOTE: coordinate (13.90726372,-0.01628028689) has been dropped because of a coo
rdinate filter. (see also unbounded coords=jump). 
NOTE: coordinate (13.91131454,-0.03362104328) has been dropped because of a coo
rdinate filter. (see also unbounded coords=jump). 
NOTE: coordinate (13.91536536,-0.06513653558) has been dropped because of a coo
rdinate filter. (see also unbounded coords=jump). 
NOTE: coordinate (13.91941617,-0.07156581743) has been dropped because of a coo
rdinate filter. (see also unbounded coords=jump). 
NOTE: coordinate (13.92346699,-0.05376933195) has been dropped because of a coo
rdinate filter. (see also unbounded coords=jump). 
NOTE: coordinate (13.92751781,-0.0548240747) has been dropped because of a coor
dinate filter. (see also unbounded coords=jump). 
NOTE: coordinate (13.93156863,-0.05396950266) has been dropped because of a coo
rdinate filter. (see also unbounded coords=jump). 
NOTE: coordinate (13.93561945,-0.04094091485) has been dropped because of a coo
rdinate filter. (see also unbounded coords=jump). 
NOTE: coordinate (13.93967026,-0.03408551233) has been dropped because of a coo
rdinate filter. (see also unbounded coords=jump). 
NOTE: coordinate (13.94372108,-0.0252002629) has been dropped because of a coor
dinate filter. (see also unbounded coords=jump). 
NOTE: coordinate (13.9477719,-0.01125776713) has been dropped because of a coor
dinate filter. (see also unbounded coords=jump). 
NOTE: coordinate (13.95182272,-0.006595553165) has been dropped because of a co
ordinate filter. (see also unbounded coords=jump). 
NOTE: coordinate (13.95587354,-0.006529744938) has been dropped because of a co
ordinate filter. (see also unbounded coords=jump). 
NOTE: coordinate (13.95992435,-0.004246175193) has been dropped because of a co
ordinate filter. (see also unbounded coords=jump). 
NOTE: coordinate (13.96397517,0.01325986941) has been dropped because of a coor
dinate filter. (see also unbounded coords=jump). 
NOTE: coordinate (13.96802599,0.03182841986) has been dropped because of a coor
dinate filter. (see also unbounded coords=jump). 
NOTE: coordinate (13.97207681,0.0484815834) has been dropped because of a coord
inate filter. (see also unbounded coords=jump). 
NOTE: coordinate (13.97612763,0.06812140898) has been dropped because of a coor
dinate filter. (see also unbounded coords=jump). 
NOTE: coordinate (13.98017844,0.08895683426) has been dropped because of a coor
dinate filter. (see also unbounded coords=jump). 
NOTE: coordinate (13.98422926,0.1033582181) has been dropped because of a coord
inate filter. (see also unbounded coords=jump). 
NOTE: coordinate (13.98828008,0.1106908874) has been dropped because of a coord
inate filter. (see also unbounded coords=jump). 
NOTE: coordinate (13.9923309,0.1054485603) has been dropped because of a coordi
nate filter. (see also unbounded coords=jump). 
NOTE: coordinate (13.99638171,0.0951437956) has been dropped because of a coord
inate filter. (see also unbounded coords=jump). 
NOTE: coordinate (14.00043253,0.0728459833) has been dropped because of a coord
inate filter. (see also unbounded coords=jump). 
NOTE: coordinate (14.00448335,0.05369866257) has been dropped because of a coor
dinate filter. (see also unbounded coords=jump). 
NOTE: coordinate (14.00853417,0.05716018298) has been dropped because of a coor
dinate filter. (see also unbounded coords=jump). 
NOTE: coordinate (14.01258499,0.05692479442) has been dropped because of a coor
dinate filter. (see also unbounded coords=jump). 
NOTE: coordinate (14.0166358,0.05977854233) has been dropped because of a coord
inate filter. (see also unbounded coords=jump). 
NOTE: coordinate (14.02068662,0.06292629093) has been dropped because of a coor
dinate filter. (see also unbounded coords=jump). 
NOTE: coordinate (14.02473744,0.08137418629) has been dropped because of a coor
dinate filter. (see also unbounded coords=jump). 
NOTE: coordinate (14.02878826,0.0874912676) has been dropped because of a coord
inate filter. (see also unbounded coords=jump). 
NOTE: coordinate (14.03283908,0.09212101321) has been dropped because of a coor
dinate filter. (see also unbounded coords=jump). 
NOTE: coordinate (14.03688989,0.09761658597) has been dropped because of a coor
dinate filter. (see also unbounded coords=jump). 
NOTE: coordinate (14.04094071,0.1028880811) has been dropped because of a coord
inate filter. (see also unbounded coords=jump). 
NOTE: coordinate (14.04499153,0.09970618199) has been dropped because of a coor
dinate filter. (see also unbounded coords=jump). 
NOTE: coordinate (14.04904235,0.08274213071) has been dropped because of a coor
dinate filter. (see also unbounded coords=jump). 
NOTE: coordinate (14.05309317,0.08549118113) has been dropped because of a coor
dinate filter. (see also unbounded coords=jump). 
NOTE: coordinate (14.05714398,0.08110643924) has been dropped because of a coor
dinate filter. (see also unbounded coords=jump). 
NOTE: coordinate (14.0611948,0.06698041792) has been dropped because of a coord
inate filter. (see also unbounded coords=jump). 
NOTE: coordinate (14.06524562,0.05907558532) has been dropped because of a coor
dinate filter. (see also unbounded coords=jump). 
NOTE: coordinate (14.06929644,0.04111906827) has been dropped because of a coor
dinate filter. (see also unbounded coords=jump). 
NOTE: coordinate (14.07334725,0.04152140125) has been dropped because of a coor
dinate filter. (see also unbounded coords=jump). 
NOTE: coordinate (14.07739807,0.05700786724) has been dropped because of a coor
dinate filter. (see also unbounded coords=jump). 
NOTE: coordinate (14.08144889,0.07764531168) has been dropped because of a coor
dinate filter. (see also unbounded coords=jump). 
NOTE: coordinate (14.08549971,0.091043163) has been dropped because of a coordi
nate filter. (see also unbounded coords=jump). 
NOTE: coordinate (14.08955053,0.112035862) has been dropped because of a coordi
nate filter. (see also unbounded coords=jump). 
NOTE: coordinate (14.09360134,0.1191906103) has been dropped because of a coord
inate filter. (see also unbounded coords=jump). 
NOTE: coordinate (14.09765216,0.1382670435) has been dropped because of a coord
inate filter. (see also unbounded coords=jump). 
NOTE: coordinate (14.10170298,0.1554811619) has been dropped because of a coord
inate filter. (see also unbounded coords=jump). 
NOTE: coordinate (14.1057538,0.1634182203) has been dropped because of a coordi
nate filter. (see also unbounded coords=jump). 
NOTE: coordinate (14.10980462,0.1647419547) has been dropped because of a coord
inate filter. (see also unbounded coords=jump). 
NOTE: coordinate (14.11385543,0.1684364088) has been dropped because of a coord
inate filter. (see also unbounded coords=jump). 
NOTE: coordinate (14.11790625,0.1579402576) has been dropped because of a coord
inate filter. (see also unbounded coords=jump). 
NOTE: coordinate (14.12195707,0.15380391) has been dropped because of a coordin
ate filter. (see also unbounded coords=jump). 
NOTE: coordinate (14.12600789,0.1604264952) has been dropped because of a coord
inate filter. (see also unbounded coords=jump). 
NOTE: coordinate (14.13005871,0.1605413982) has been dropped because of a coord
inate filter. (see also unbounded coords=jump). 
NOTE: coordinate (14.13410952,0.1647328463) has been dropped because of a coord
inate filter. (see also unbounded coords=jump). 
NOTE: coordinate (14.13816034,0.1642934428) has been dropped because of a coord
inate filter. (see also unbounded coords=jump). 
NOTE: coordinate (14.14221116,0.1875204806) has been dropped because of a coord
inate filter. (see also unbounded coords=jump). 
NOTE: coordinate (14.14626198,0.1922854757) has been dropped because of a coord
inate filter. (see also unbounded coords=jump). 
NOTE: coordinate (14.15031279,0.1962378943) has been dropped because of a coord
inate filter. (see also unbounded coords=jump). 
NOTE: coordinate (14.15436361,0.1941584461) has been dropped because of a coord
inate filter. (see also unbounded coords=jump). 
NOTE: coordinate (14.15841443,0.1823809482) has been dropped because of a coord
inate filter. (see also unbounded coords=jump). 
NOTE: coordinate (14.16246525,0.1757643587) has been dropped because of a coord
inate filter. (see also unbounded coords=jump). 
NOTE: coordinate (14.16651607,0.1834372702) has been dropped because of a coord
inate filter. (see also unbounded coords=jump). 
NOTE: coordinate (14.17056688,0.1973357349) has been dropped because of a coord
inate filter. (see also unbounded coords=jump). 
NOTE: coordinate (14.1746177,0.220266468) has been dropped because of a coordin
ate filter. (see also unbounded coords=jump). 
NOTE: coordinate (14.17866852,0.2383713551) has been dropped because of a coord
inate filter. (see also unbounded coords=jump). 
NOTE: coordinate (14.18271934,0.2472865657) has been dropped because of a coord
inate filter. (see also unbounded coords=jump). 
NOTE: coordinate (14.18677016,0.2635617996) has been dropped because of a coord
inate filter. (see also unbounded coords=jump). 
NOTE: coordinate (14.19082097,0.2601037211) has been dropped because of a coord
inate filter. (see also unbounded coords=jump). 
NOTE: coordinate (14.19487179,0.2447702754) has been dropped because of a coord
inate filter. (see also unbounded coords=jump). 
NOTE: coordinate (14.19892261,0.2401673185) has been dropped because of a coord
inate filter. (see also unbounded coords=jump). 
NOTE: coordinate (14.20297343,0.2244519757) has been dropped because of a coord
inate filter. (see also unbounded coords=jump). 
NOTE: coordinate (14.20702425,0.2159656122) has been dropped because of a coord
inate filter. (see also unbounded coords=jump). 
NOTE: coordinate (14.21107506,0.2181449652) has been dropped because of a coord
inate filter. (see also unbounded coords=jump). 
NOTE: coordinate (14.21512588,0.2271201461) has been dropped because of a coord
inate filter. (see also unbounded coords=jump). 
NOTE: coordinate (14.2191767,0.2630107809) has been dropped because of a coordi
nate filter. (see also unbounded coords=jump). 
NOTE: coordinate (14.22322752,0.2940639497) has been dropped because of a coord
inate filter. (see also unbounded coords=jump). 
NOTE: coordinate (14.22727833,0.3180930768) has been dropped because of a coord
inate filter. (see also unbounded coords=jump). 
NOTE: coordinate (14.23132915,0.3307300126) has been dropped because of a coord
inate filter. (see also unbounded coords=jump). 
NOTE: coordinate (14.23537997,0.3511150431) has been dropped because of a coord
inate filter. (see also unbounded coords=jump). 
NOTE: coordinate (14.23943079,0.3704732843) has been dropped because of a coord
inate filter. (see also unbounded coords=jump). 
NOTE: coordinate (14.24348161,0.3789423505) has been dropped because of a coord
inate filter. (see also unbounded coords=jump). 
NOTE: coordinate (14.24753242,0.3727537292) has been dropped because of a coord
inate filter. (see also unbounded coords=jump). 
NOTE: coordinate (14.25158324,0.3595753146) has been dropped because of a coord
inate filter. (see also unbounded coords=jump). 
NOTE: coordinate (14.25563406,0.3399617867) has been dropped because of a coord
inate filter. (see also unbounded coords=jump). 
NOTE: coordinate (14.25968488,0.3303598242) has been dropped because of a coord
inate filter. (see also unbounded coords=jump). 
NOTE: coordinate (14.2637357,0.331594644) has been dropped because of a coordin
ate filter. (see also unbounded coords=jump). 
NOTE: coordinate (14.26778651,0.3395931644) has been dropped because of a coord
inate filter. (see also unbounded coords=jump). 
NOTE: coordinate (14.27183733,0.3398740527) has been dropped because of a coord
inate filter. (see also unbounded coords=jump). 
NOTE: coordinate (14.27588815,0.362142522) has been dropped because of a coordi
nate filter. (see also unbounded coords=jump). 
NOTE: coordinate (14.27993897,0.381810732) has been dropped because of a coordi
nate filter. (see also unbounded coords=jump). 
NOTE: coordinate (14.28398979,0.4050418024) has been dropped because of a coord
inate filter. (see also unbounded coords=jump). 
NOTE: coordinate (14.2880406,0.418310895) has been dropped because of a coordin
ate filter. (see also unbounded coords=jump). 
NOTE: coordinate (14.29209142,0.4340686074) has been dropped because of a coord
inate filter. (see also unbounded coords=jump). 
NOTE: coordinate (14.29614224,0.4424252571) has been dropped because of a coord
inate filter. (see also unbounded coords=jump). 
NOTE: coordinate (14.30019306,0.4647725667) has been dropped because of a coord
inate filter. (see also unbounded coords=jump). 
NOTE: coordinate (14.30424387,0.4818010239) has been dropped because of a coord
inate filter. (see also unbounded coords=jump). 
NOTE: coordinate (14.30829469,0.498160866) has been dropped because of a coordi
nate filter. (see also unbounded coords=jump). 
NOTE: coordinate (14.31234551,0.5126688992) has been dropped because of a coord
inate filter. (see also unbounded coords=jump). 
NOTE: coordinate (14.31639633,0.511068259) has been dropped because of a coordi
nate filter. (see also unbounded coords=jump). 
NOTE: coordinate (14.32044715,0.5196498445) has been dropped because of a coord
inate filter. (see also unbounded coords=jump). 
NOTE: coordinate (14.32449796,0.5385593974) has been dropped because of a coord
inate filter. (see also unbounded coords=jump). 
NOTE: coordinate (14.32854878,0.5440476154) has been dropped because of a coord
inate filter. (see also unbounded coords=jump). 
NOTE: coordinate (14.3325996,0.5360470406) has been dropped because of a coordi
nate filter. (see also unbounded coords=jump). 
NOTE: coordinate (14.33665042,0.5418614134) has been dropped because of a coord
inate filter. (see also unbounded coords=jump). 
NOTE: coordinate (14.34070124,0.5456958418) has been dropped because of a coord
inate filter. (see also unbounded coords=jump). 
NOTE: coordinate (14.34475205,0.5506420624) has been dropped because of a coord
inate filter. (see also unbounded coords=jump). 
NOTE: coordinate (14.34880287,0.5351686205) has been dropped because of a coord
inate filter. (see also unbounded coords=jump). 
NOTE: coordinate (14.35285369,0.5166974213) has been dropped because of a coord
inate filter. (see also unbounded coords=jump). 
NOTE: coordinate (14.35690451,0.4962666713) has been dropped because of a coord
inate filter. (see also unbounded coords=jump). 
NOTE: coordinate (14.36095533,0.4802120228) has been dropped because of a coord
inate filter. (see also unbounded coords=jump). 
NOTE: coordinate (14.36500614,0.4498663722) has been dropped because of a coord
inate filter. (see also unbounded coords=jump). 
NOTE: coordinate (14.36905696,0.4147806751) has been dropped because of a coord
inate filter. (see also unbounded coords=jump). 
NOTE: coordinate (14.37310778,0.3796862014) has been dropped because of a coord
inate filter. (see also unbounded coords=jump). 
NOTE: coordinate (14.3771586,0.352468934) has been dropped because of a coordin
ate filter. (see also unbounded coords=jump). 
NOTE: coordinate (14.38120941,0.330649197) has been dropped because of a coordi
nate filter. (see also unbounded coords=jump). 
NOTE: coordinate (14.38526023,0.3306046618) has been dropped because of a coord
inate filter. (see also unbounded coords=jump). 
NOTE: coordinate (14.38931105,0.3281687487) has been dropped because of a coord
inate filter. (see also unbounded coords=jump). 
NOTE: coordinate (14.39336187,0.3213648351) has been dropped because of a coord
inate filter. (see also unbounded coords=jump). 
NOTE: coordinate (14.39741269,0.2986695003) has been dropped because of a coord
inate filter. (see also unbounded coords=jump). 
NOTE: coordinate (14.4014635,0.2843478172) has been dropped because of a coordi
nate filter. (see also unbounded coords=jump). 
NOTE: coordinate (14.40551432,0.2686447475) has been dropped because of a coord
inate filter. (see also unbounded coords=jump). 
NOTE: coordinate (14.40956514,0.2737960412) has been dropped because of a coord
inate filter. (see also unbounded coords=jump). 
NOTE: coordinate (14.41361596,0.2669364193) has been dropped because of a coord
inate filter. (see also unbounded coords=jump). 
NOTE: coordinate (14.41766678,0.2693106487) has been dropped because of a coord
inate filter. (see also unbounded coords=jump). 
NOTE: coordinate (14.42171759,0.2695857024) has been dropped because of a coord
inate filter. (see also unbounded coords=jump). 
NOTE: coordinate (14.42576841,0.2600765178) has been dropped because of a coord
inate filter. (see also unbounded coords=jump). 
NOTE: coordinate (14.42981923,0.2765553532) has been dropped because of a coord
inate filter. (see also unbounded coords=jump). 
NOTE: coordinate (14.43387005,0.3051675886) has been dropped because of a coord
inate filter. (see also unbounded coords=jump). 
NOTE: coordinate (14.43792087,0.3195544779) has been dropped because of a coord
inate filter. (see also unbounded coords=jump). 
NOTE: coordinate (14.44197168,0.3399959874) has been dropped because of a coord
inate filter. (see also unbounded coords=jump). 
NOTE: coordinate (14.4460225,0.3599061543) has been dropped because of a coordi
nate filter. (see also unbounded coords=jump). 
NOTE: coordinate (14.45007332,0.3912379493) has been dropped because of a coord
inate filter. (see also unbounded coords=jump). 
NOTE: coordinate (14.45412414,0.4240112637) has been dropped because of a coord
inate filter. (see also unbounded coords=jump). 
NOTE: coordinate (14.45817496,0.4453678786) has been dropped because of a coord
inate filter. (see also unbounded coords=jump). 
NOTE: coordinate (14.46222577,0.4485995163) has been dropped because of a coord
inate filter. (see also unbounded coords=jump). 
NOTE: coordinate (14.46627659,0.4595643436) has been dropped because of a coord
inate filter. (see also unbounded coords=jump). 
NOTE: coordinate (14.47032741,0.4822620134) has been dropped because of a coord
inate filter. (see also unbounded coords=jump). 
NOTE: coordinate (14.47437823,0.4993577811) has been dropped because of a coord
inate filter. (see also unbounded coords=jump). 
NOTE: coordinate (14.47842904,0.5107615725) has been dropped because of a coord
inate filter. (see also unbounded coords=jump). 
NOTE: coordinate (14.48247986,0.5249989381) has been dropped because of a coord
inate filter. (see also unbounded coords=jump). 
NOTE: coordinate (14.48653068,0.5509209318) has been dropped because of a coord
inate filter. (see also unbounded coords=jump). 
NOTE: coordinate (14.4905815,0.5746079454) has been dropped because of a coordi
nate filter. (see also unbounded coords=jump). 
NOTE: coordinate (14.49463232,0.5889942901) has been dropped because of a coord
inate filter. (see also unbounded coords=jump). 
NOTE: coordinate (14.49868313,0.5891700587) has been dropped because of a coord
inate filter. (see also unbounded coords=jump). 
NOTE: coordinate (14.50273395,0.5970036204) has been dropped because of a coord
inate filter. (see also unbounded coords=jump). 
NOTE: coordinate (14.50678477,0.6142382708) has been dropped because of a coord
inate filter. (see also unbounded coords=jump). 
NOTE: coordinate (14.51083559,0.6081441578) has been dropped because of a coord
inate filter. (see also unbounded coords=jump). 
NOTE: coordinate (14.51488641,0.6152410445) has been dropped because of a coord
inate filter. (see also unbounded coords=jump). 
NOTE: coordinate (14.51893722,0.6329705964) has been dropped because of a coord
inate filter. (see also unbounded coords=jump). 
NOTE: coordinate (14.52298804,0.6429168132) has been dropped because of a coord
inate filter. (see also unbounded coords=jump). 
NOTE: coordinate (14.52703886,0.6529533981) has been dropped because of a coord
inate filter. (see also unbounded coords=jump). 
NOTE: coordinate (14.53108968,0.6702037471) has been dropped because of a coord
inate filter. (see also unbounded coords=jump). 
NOTE: coordinate (14.5351405,0.6687218233) has been dropped because of a coordi
nate filter. (see also unbounded coords=jump). 
NOTE: coordinate (14.53919131,0.6548740997) has been dropped because of a coord
inate filter. (see also unbounded coords=jump). 
NOTE: coordinate (14.54324213,0.6420758876) has been dropped because of a coord
inate filter. (see also unbounded coords=jump). 
NOTE: coordinate (14.54729295,0.6134150462) has been dropped because of a coord
inate filter. (see also unbounded coords=jump). 
NOTE: coordinate (14.55134377,0.5917176402) has been dropped because of a coord
inate filter. (see also unbounded coords=jump). 
NOTE: coordinate (14.55539458,0.5478279812) has been dropped because of a coord
inate filter. (see also unbounded coords=jump). 
NOTE: coordinate (14.5594454,0.500400323) has been dropped because of a coordin
ate filter. (see also unbounded coords=jump). 
NOTE: coordinate (14.56349622,0.4763728979) has been dropped because of a coord
inate filter. (see also unbounded coords=jump). 
NOTE: coordinate (14.56754704,0.4584361085) has been dropped because of a coord
inate filter. (see also unbounded coords=jump). 
NOTE: coordinate (14.57159786,0.4531190699) has been dropped because of a coord
inate filter. (see also unbounded coords=jump). 
NOTE: coordinate (14.57564867,0.4563503648) has been dropped because of a coord
inate filter. (see also unbounded coords=jump). 
NOTE: coordinate (14.57969949,0.456240576) has been dropped because of a coordi
nate filter. (see also unbounded coords=jump). 
NOTE: coordinate (14.58375031,0.4383874877) has been dropped because of a coord
inate filter. (see also unbounded coords=jump). 
NOTE: coordinate (14.58780113,0.4152567099) has been dropped because of a coord
inate filter. (see also unbounded coords=jump). 
NOTE: coordinate (14.59185195,0.3679231503) has been dropped because of a coord
inate filter. (see also unbounded coords=jump). 
NOTE: coordinate (14.59590276,0.3034453701) has been dropped because of a coord
inate filter. (see also unbounded coords=jump). 
NOTE: coordinate (14.59995358,0.2431244901) has been dropped because of a coord
inate filter. (see also unbounded coords=jump). 
NOTE: coordinate (14.6040044,0.1908966074) has been dropped because of a coordi
nate filter. (see also unbounded coords=jump). 
NOTE: coordinate (14.60805522,0.1491928397) has been dropped because of a coord
inate filter. (see also unbounded coords=jump). 
NOTE: coordinate (14.61210604,0.113203994) has been dropped because of a coordi
nate filter. (see also unbounded coords=jump). 
NOTE: coordinate (14.61615685,0.07279465979) has been dropped because of a coor
dinate filter. (see also unbounded coords=jump). 
NOTE: coordinate (14.62020767,0.03722464749) has been dropped because of a coor
dinate filter. (see also unbounded coords=jump). 
NOTE: coordinate (14.62425849,0.02130571755) has been dropped because of a coor
dinate filter. (see also unbounded coords=jump). 
NOTE: coordinate (14.62830931,0.0199245247) has been dropped because of a coord
inate filter. (see also unbounded coords=jump). 
NOTE: coordinate (14.63236012,0.02034627802) has been dropped because of a coor
dinate filter. (see also unbounded coords=jump). 
NOTE: coordinate (14.63641094,0.02847417012) has been dropped because of a coor
dinate filter. (see also unbounded coords=jump). 
NOTE: coordinate (14.64046176,0.03658791782) has been dropped because of a coor
dinate filter. (see also unbounded coords=jump). 
NOTE: coordinate (14.64451258,0.04379107266) has been dropped because of a coor
dinate filter. (see also unbounded coords=jump). 
NOTE: coordinate (14.6485634,0.04414162018) has been dropped because of a coord
inate filter. (see also unbounded coords=jump). 
NOTE: coordinate (14.65261421,0.03148791984) has been dropped because of a coor
dinate filter. (see also unbounded coords=jump). 
NOTE: coordinate (14.65666503,0.02935342445) has been dropped because of a coor
dinate filter. (see also unbounded coords=jump). 
NOTE: coordinate (14.66071585,0.01833405426) has been dropped because of a coor
dinate filter. (see also unbounded coords=jump). 
NOTE: coordinate (14.66476667,0.01292463949) has been dropped because of a coor
dinate filter. (see also unbounded coords=jump). 
NOTE: coordinate (14.66881749,0.009569517996) has been dropped because of a coo
rdinate filter. (see also unbounded coords=jump). 
NOTE: coordinate (14.6728683,0.004118707768) has been dropped because of a coor
dinate filter. (see also unbounded coords=jump). 
NOTE: coordinate (14.67691912,-0.00204976901) has been dropped because of a coo
rdinate filter. (see also unbounded coords=jump). 
NOTE: coordinate (14.68096994,-0.02446748872) has been dropped because of a coo
rdinate filter. (see also unbounded coords=jump). 
NOTE: coordinate (14.68502076,-0.03027152142) has been dropped because of a coo
rdinate filter. (see also unbounded coords=jump). 
NOTE: coordinate (14.68907158,-0.02645420095) has been dropped because of a coo
rdinate filter. (see also unbounded coords=jump). 
NOTE: coordinate (14.69312239,-0.03483177826) has been dropped because of a coo
rdinate filter. (see also unbounded coords=jump). 
NOTE: coordinate (14.69717321,-0.04896475614) has been dropped because of a coo
rdinate filter. (see also unbounded coords=jump). 
NOTE: coordinate (14.70122403,-0.04911591829) has been dropped because of a coo
rdinate filter. (see also unbounded coords=jump). 
NOTE: coordinate (14.70527485,-0.05721824956) has been dropped because of a coo
rdinate filter. (see also unbounded coords=jump). 
NOTE: coordinate (14.70932566,-0.07644074714) has been dropped because of a coo
rdinate filter. (see also unbounded coords=jump). 
NOTE: coordinate (14.71337648,-0.1039368363) has been dropped because of a coor
dinate filter. (see also unbounded coords=jump). 
NOTE: coordinate (14.7174273,-0.1297736555) has been dropped because of a coord
inate filter. (see also unbounded coords=jump). 
NOTE: coordinate (14.72147812,-0.1350560911) has been dropped because of a coor
dinate filter. (see also unbounded coords=jump). 
NOTE: coordinate (14.72552894,-0.1517170244) has been dropped because of a coor
dinate filter. (see also unbounded coords=jump). 
NOTE: coordinate (14.72957975,-0.1650189049) has been dropped because of a coor
dinate filter. (see also unbounded coords=jump). 
NOTE: coordinate (14.73363057,-0.1957407167) has been dropped because of a coor
dinate filter. (see also unbounded coords=jump). 
NOTE: coordinate (14.73768139,-0.2233198644) has been dropped because of a coor
dinate filter. (see also unbounded coords=jump). 
NOTE: coordinate (14.74173221,-0.2428926573) has been dropped because of a coor
dinate filter. (see also unbounded coords=jump). 
NOTE: coordinate (14.74578303,-0.2567444006) has been dropped because of a coor
dinate filter. (see also unbounded coords=jump). 
NOTE: coordinate (14.74983384,-0.275998329) has been dropped because of a coord
inate filter. (see also unbounded coords=jump). 
NOTE: coordinate (14.75388466,-0.2970392195) has been dropped because of a coor
dinate filter. (see also unbounded coords=jump). 
NOTE: coordinate (14.75793548,-0.3214335876) has been dropped because of a coor
dinate filter. (see also unbounded coords=jump). 
NOTE: coordinate (14.7619863,-0.33622863) has been dropped because of a coordin
ate filter. (see also unbounded coords=jump). 
NOTE: coordinate (14.76603712,-0.360354162) has been dropped because of a coord
inate filter. (see also unbounded coords=jump). 
NOTE: coordinate (14.77008793,-0.3786191401) has been dropped because of a coor
dinate filter. (see also unbounded coords=jump). 
NOTE: coordinate (14.77413875,-0.3715461214) has been dropped because of a coor
dinate filter. (see also unbounded coords=jump). 
NOTE: coordinate (14.77818957,-0.3768980056) has been dropped because of a coor
dinate filter. (see also unbounded coords=jump). 
NOTE: coordinate (14.78224039,-0.3954879428) has been dropped because of a coor
dinate filter. (see also unbounded coords=jump). 
NOTE: coordinate (14.7862912,-0.4440025408) has been dropped because of a coord
inate filter. (see also unbounded coords=jump). 
NOTE: coordinate (14.79034202,-0.470478514) has been dropped because of a coord
inate filter. (see also unbounded coords=jump). 
NOTE: coordinate (14.79439284,-0.4883580516) has been dropped because of a coor
dinate filter. (see also unbounded coords=jump). 
NOTE: coordinate (14.79844366,-0.5046831318) has been dropped because of a coor
dinate filter. (see also unbounded coords=jump). 
NOTE: coordinate (14.80249448,-0.5113096794) has been dropped because of a coor
dinate filter. (see also unbounded coords=jump). 
NOTE: coordinate (14.80654529,-0.5338274377) has been dropped because of a coor
dinate filter. (see also unbounded coords=jump). 
NOTE: coordinate (14.81059611,-0.5531575694) has been dropped because of a coor
dinate filter. (see also unbounded coords=jump). 
NOTE: coordinate (14.81464693,-0.5695694043) has been dropped because of a coor
dinate filter. (see also unbounded coords=jump). 
NOTE: coordinate (14.81869775,-0.6013927397) has been dropped because of a coor
dinate filter. (see also unbounded coords=jump). 
NOTE: coordinate (14.82274857,-0.6504796768) has been dropped because of a coor
dinate filter. (see also unbounded coords=jump). 
NOTE: coordinate (14.82679938,-0.685583382) has been dropped because of a coord
inate filter. (see also unbounded coords=jump). 
NOTE: coordinate (14.8308502,-0.723539928) has been dropped because of a coordi
nate filter. (see also unbounded coords=jump). 
NOTE: coordinate (14.83490102,-0.748755192) has been dropped because of a coord
inate filter. (see also unbounded coords=jump). 
NOTE: coordinate (14.83895184,-0.7672754052) has been dropped because of a coor
dinate filter. (see also unbounded coords=jump). 
NOTE: coordinate (14.84300266,-0.7841660216) has been dropped because of a coor
dinate filter. (see also unbounded coords=jump). 
NOTE: coordinate (14.84705347,-0.7980498758) has been dropped because of a coor
dinate filter. (see also unbounded coords=jump). 
NOTE: coordinate (14.85110429,-0.8140379826) has been dropped because of a coor
dinate filter. (see also unbounded coords=jump). 
NOTE: coordinate (14.85515511,-0.8167524553) has been dropped because of a coor
dinate filter. (see also unbounded coords=jump). 
NOTE: coordinate (14.85920593,-0.8162051546) has been dropped because of a coor
dinate filter. (see also unbounded coords=jump). 
NOTE: coordinate (14.86325674,-0.8213162131) has been dropped because of a coor
dinate filter. (see also unbounded coords=jump). 
NOTE: coordinate (14.86730756,-0.8182341836) has been dropped because of a coor
dinate filter. (see also unbounded coords=jump). 
NOTE: coordinate (14.87135838,-0.8195500785) has been dropped because of a coor
dinate filter. (see also unbounded coords=jump). 
NOTE: coordinate (14.8754092,-0.8247496702) has been dropped because of a coord
inate filter. (see also unbounded coords=jump). 
NOTE: coordinate (14.87946002,-0.8216032762) has been dropped because of a coor
dinate filter. (see also unbounded coords=jump). 
NOTE: coordinate (14.88351083,-0.822303222) has been dropped because of a coord
inate filter. (see also unbounded coords=jump). 
NOTE: coordinate (14.88756165,-0.8311661612) has been dropped because of a coor
dinate filter. (see also unbounded coords=jump). 
NOTE: coordinate (14.89161247,-0.8323103597) has been dropped because of a coor
dinate filter. (see also unbounded coords=jump). 
NOTE: coordinate (14.89566329,-0.8404473985) has been dropped because of a coor
dinate filter. (see also unbounded coords=jump). 
NOTE: coordinate (14.89971411,-0.8225694591) has been dropped because of a coor
dinate filter. (see also unbounded coords=jump). 
NOTE: coordinate (14.90376492,-0.8084819053) has been dropped because of a coor
dinate filter. (see also unbounded coords=jump). 
NOTE: coordinate (14.90781574,-0.81232207) has been dropped because of a coordi
nate filter. (see also unbounded coords=jump). 
NOTE: coordinate (14.91186656,-0.817303866) has been dropped because of a coord
inate filter. (see also unbounded coords=jump). 
NOTE: coordinate (14.91591738,-0.8180822241) has been dropped because of a coor
dinate filter. (see also unbounded coords=jump). 
NOTE: coordinate (14.9199682,-0.8217222754) has been dropped because of a coord
inate filter. (see also unbounded coords=jump). 
NOTE: coordinate (14.92401901,-0.843490843) has been dropped because of a coord
inate filter. (see also unbounded coords=jump). 
NOTE: coordinate (14.92806983,-0.8580305006) has been dropped because of a coor
dinate filter. (see also unbounded coords=jump). 
NOTE: coordinate (14.93212065,-0.8653446613) has been dropped because of a coor
dinate filter. (see also unbounded coords=jump). 
NOTE: coordinate (14.93617147,-0.8649670229) has been dropped because of a coor
dinate filter. (see also unbounded coords=jump). 
NOTE: coordinate (14.94022228,-0.8448041901) has been dropped because of a coor
dinate filter. (see also unbounded coords=jump). 
NOTE: coordinate (14.9442731,-0.8177929639) has been dropped because of a coord
inate filter. (see also unbounded coords=jump). 
NOTE: coordinate (14.94832392,-0.7954644912) has been dropped because of a coor
dinate filter. (see also unbounded coords=jump). 
NOTE: coordinate (14.95237474,-0.7695087989) has been dropped because of a coor
dinate filter. (see also unbounded coords=jump). 
NOTE: coordinate (14.95642556,-0.7353303991) has been dropped because of a coor
dinate filter. (see also unbounded coords=jump). 
NOTE: coordinate (14.96047637,-0.7109502776) has been dropped because of a coor
dinate filter. (see also unbounded coords=jump). 
NOTE: coordinate (14.96452719,-0.6864731754) has been dropped because of a coor
dinate filter. (see also unbounded coords=jump). 
NOTE: coordinate (14.96857801,-0.6376293307) has been dropped because of a coor
dinate filter. (see also unbounded coords=jump). 
NOTE: coordinate (14.97262883,-0.5981944925) has been dropped because of a coor
dinate filter. (see also unbounded coords=jump). 
NOTE: coordinate (14.97667965,-0.5546123045) has been dropped because of a coor
dinate filter. (see also unbounded coords=jump). 
NOTE: coordinate (14.98073046,-0.5191735864) has been dropped because of a coor
dinate filter. (see also unbounded coords=jump). 
NOTE: coordinate (14.98478128,-0.4931095851) has been dropped because of a coor
dinate filter. (see also unbounded coords=jump). 
NOTE: coordinate (14.9888321,-0.4567009885) has been dropped because of a coord
inate filter. (see also unbounded coords=jump). 
NOTE: coordinate (14.99288292,-0.432969102) has been dropped because of a coord
inate filter. (see also unbounded coords=jump). 
NOTE: coordinate (14.99693374,-0.4123179124) has been dropped because of a coor
dinate filter. (see also unbounded coords=jump). 
NOTE: coordinate (15.00098455,-0.3788979775) has been dropped because of a coor
dinate filter. (see also unbounded coords=jump). 
NOTE: coordinate (15.00503537,-0.3276114107) has been dropped because of a coor
dinate filter. (see also unbounded coords=jump). 
NOTE: coordinate (15.00908619,-0.2923960986) has been dropped because of a coor
dinate filter. (see also unbounded coords=jump). 
NOTE: coordinate (15.01313701,-0.263526216) has been dropped because of a coord
inate filter. (see also unbounded coords=jump). 
NOTE: coordinate (15.01718782,-0.2459769276) has been dropped because of a coor
dinate filter. (see also unbounded coords=jump). 
NOTE: coordinate (15.02123864,-0.2290332859) has been dropped because of a coor
dinate filter. (see also unbounded coords=jump). 
NOTE: coordinate (15.02528946,-0.2406022901) has been dropped because of a coor
dinate filter. (see also unbounded coords=jump). 
NOTE: coordinate (15.02934028,-0.2430198568) has been dropped because of a coor
dinate filter. (see also unbounded coords=jump). 
NOTE: coordinate (15.0333911,-0.2360562026) has been dropped because of a coord
inate filter. (see also unbounded coords=jump). 
NOTE: coordinate (15.03744191,-0.2368796826) has been dropped because of a coor
dinate filter. (see also unbounded coords=jump). 
NOTE: coordinate (15.04149273,-0.230012881) has been dropped because of a coord
inate filter. (see also unbounded coords=jump). 
NOTE: coordinate (15.04554355,-0.2143055472) has been dropped because of a coor
dinate filter. (see also unbounded coords=jump). 
NOTE: coordinate (15.04959437,-0.1861253666) has been dropped because of a coor
dinate filter. (see also unbounded coords=jump). 
NOTE: coordinate (15.05364519,-0.157277232) has been dropped because of a coord
inate filter. (see also unbounded coords=jump). 
NOTE: coordinate (15.057696,-0.1220568615) has been dropped because of a coordi
nate filter. (see also unbounded coords=jump). 
NOTE: coordinate (15.06174682,-0.08431363932) has been dropped because of a coo
rdinate filter. (see also unbounded coords=jump). 
NOTE: coordinate (15.06579764,-0.06482373663) has been dropped because of a coo
rdinate filter. (see also unbounded coords=jump). 
NOTE: coordinate (15.06984846,-0.04585556454) has been dropped because of a coo
rdinate filter. (see also unbounded coords=jump). 
NOTE: coordinate (15.07389928,-0.04153466677) has been dropped because of a coo
rdinate filter. (see also unbounded coords=jump). 
NOTE: coordinate (15.07795009,-0.03327594392) has been dropped because of a coo
rdinate filter. (see also unbounded coords=jump). 
NOTE: coordinate (15.08200091,-0.04641912838) has been dropped because of a coo
rdinate filter. (see also unbounded coords=jump). 
NOTE: coordinate (15.08605173,-0.04086795213) has been dropped because of a coo
rdinate filter. (see also unbounded coords=jump). 
NOTE: coordinate (15.09010255,-0.02789664405) has been dropped because of a coo
rdinate filter. (see also unbounded coords=jump). 
NOTE: coordinate (15.09415336,-0.02207779938) has been dropped because of a coo
rdinate filter. (see also unbounded coords=jump). 
NOTE: coordinate (15.09820418,-0.01311321436) has been dropped because of a coo
rdinate filter. (see also unbounded coords=jump). 
NOTE: coordinate (15.102255,-0.01191615418) has been dropped because of a coord
inate filter. (see also unbounded coords=jump). 
NOTE: coordinate (15.10630582,-0.008075065995) has been dropped because of a co
ordinate filter. (see also unbounded coords=jump). 
NOTE: coordinate (15.11035664,0.004672069138) has been dropped because of a coo
rdinate filter. (see also unbounded coords=jump). 
NOTE: coordinate (15.11440745,0.0113894014) has been dropped because of a coord
inate filter. (see also unbounded coords=jump). 
NOTE: coordinate (15.11845827,0.02981578258) has been dropped because of a coor
dinate filter. (see also unbounded coords=jump). 
NOTE: coordinate (15.12250909,0.04945787219) has been dropped because of a coor
dinate filter. (see also unbounded coords=jump). 
NOTE: coordinate (15.12655991,0.08308755387) has been dropped because of a coor
dinate filter. (see also unbounded coords=jump). 
NOTE: coordinate (15.13061073,0.09302392485) has been dropped because of a coor
dinate filter. (see also unbounded coords=jump). 
NOTE: coordinate (15.13466154,0.1064679538) has been dropped because of a coord
inate filter. (see also unbounded coords=jump). 
NOTE: coordinate (15.13871236,0.1155985043) has been dropped because of a coord
inate filter. (see also unbounded coords=jump). 
NOTE: coordinate (15.14276318,0.116449579) has been dropped because of a coordi
nate filter. (see also unbounded coords=jump). 
NOTE: coordinate (15.146814,0.1081282082) has been dropped because of a coordin
ate filter. (see also unbounded coords=jump). 
NOTE: coordinate (15.15086482,0.1202275566) has been dropped because of a coord
inate filter. (see also unbounded coords=jump). 
NOTE: coordinate (15.15491563,0.133986559) has been dropped because of a coordi
nate filter. (see also unbounded coords=jump). 
NOTE: coordinate (15.15896645,0.1364553534) has been dropped because of a coord
inate filter. (see also unbounded coords=jump). 
NOTE: coordinate (15.16301727,0.1185987422) has been dropped because of a coord
inate filter. (see also unbounded coords=jump). 
NOTE: coordinate (15.16706809,0.1056663865) has been dropped because of a coord
inate filter. (see also unbounded coords=jump). 
NOTE: coordinate (15.1711189,0.1122652592) has been dropped because of a coordi
nate filter. (see also unbounded coords=jump). 
NOTE: coordinate (15.17516972,0.1108534854) has been dropped because of a coord
inate filter. (see also unbounded coords=jump). 
NOTE: coordinate (15.17922054,0.1050732451) has been dropped because of a coord
inate filter. (see also unbounded coords=jump). 
NOTE: coordinate (15.18327136,0.1165619667) has been dropped because of a coord
inate filter. (see also unbounded coords=jump). 
NOTE: coordinate (15.18732218,0.1648418852) has been dropped because of a coord
inate filter. (see also unbounded coords=jump). 
NOTE: coordinate (15.19137299,0.2229208256) has been dropped because of a coord
inate filter. (see also unbounded coords=jump). 
NOTE: coordinate (15.19542381,0.2715359368) has been dropped because of a coord
inate filter. (see also unbounded coords=jump). 
NOTE: coordinate (15.19947463,0.3079328297) has been dropped because of a coord
inate filter. (see also unbounded coords=jump). 
NOTE: coordinate (15.20352545,0.3502402662) has been dropped because of a coord
inate filter. (see also unbounded coords=jump). 
NOTE: coordinate (15.20757627,0.3965360442) has been dropped because of a coord
inate filter. (see also unbounded coords=jump). 
NOTE: coordinate (15.21162708,0.4443025722) has been dropped because of a coord
inate filter. (see also unbounded coords=jump). 
NOTE: coordinate (15.2156779,0.4832524582) has been dropped because of a coordi
nate filter. (see also unbounded coords=jump). 
NOTE: coordinate (15.21972872,0.5294686495) has been dropped because of a coord
inate filter. (see also unbounded coords=jump). 
NOTE: coordinate (15.22377954,0.5730363184) has been dropped because of a coord
inate filter. (see also unbounded coords=jump). 
NOTE: coordinate (15.22783036,0.6104901845) has been dropped because of a coord
inate filter. (see also unbounded coords=jump). 
NOTE: coordinate (15.23188117,0.6304964649) has been dropped because of a coord
inate filter. (see also unbounded coords=jump). 
NOTE: coordinate (15.23593199,0.6483683552) has been dropped because of a coord
inate filter. (see also unbounded coords=jump). 
NOTE: coordinate (15.23998281,0.6738184893) has been dropped because of a coord
inate filter. (see also unbounded coords=jump). 
NOTE: coordinate (15.24403363,0.6916787858) has been dropped because of a coord
inate filter. (see also unbounded coords=jump). 
NOTE: coordinate (15.24808444,0.7121652165) has been dropped because of a coord
inate filter. (see also unbounded coords=jump). 
NOTE: coordinate (15.25213526,0.7028021867) has been dropped because of a coord
inate filter. (see also unbounded coords=jump). 
NOTE: coordinate (15.25618608,0.6919257279) has been dropped because of a coord
inate filter. (see also unbounded coords=jump). 
NOTE: coordinate (15.2602369,0.6754303751) has been dropped because of a coordi
nate filter. (see also unbounded coords=jump). 
NOTE: coordinate (15.26428772,0.6715509016) has been dropped because of a coord
inate filter. (see also unbounded coords=jump). 
NOTE: coordinate (15.26833853,0.6754831575) has been dropped because of a coord
inate filter. (see also unbounded coords=jump). 
NOTE: coordinate (15.27238935,0.6835243852) has been dropped because of a coord
inate filter. (see also unbounded coords=jump). 
NOTE: coordinate (15.27644017,0.6811159702) has been dropped because of a coord
inate filter. (see also unbounded coords=jump). 
NOTE: coordinate (15.28049099,0.6720681555) has been dropped because of a coord
inate filter. (see also unbounded coords=jump). 
NOTE: coordinate (15.28454181,0.6494616372) has been dropped because of a coord
inate filter. (see also unbounded coords=jump). 
NOTE: coordinate (15.28859262,0.6426741683) has been dropped because of a coord
inate filter. (see also unbounded coords=jump). 
NOTE: coordinate (15.29264344,0.6541659098) has been dropped because of a coord
inate filter. (see also unbounded coords=jump). 
NOTE: coordinate (15.29669426,0.673777061) has been dropped because of a coordi
nate filter. (see also unbounded coords=jump). 
NOTE: coordinate (15.30074508,0.6725306873) has been dropped because of a coord
inate filter. (see also unbounded coords=jump). 
NOTE: coordinate (15.3047959,0.6583108468) has been dropped because of a coordi
nate filter. (see also unbounded coords=jump). 
NOTE: coordinate (15.30884671,0.6488403432) has been dropped because of a coord
inate filter. (see also unbounded coords=jump). 
NOTE: coordinate (15.31289753,0.6415374092) has been dropped because of a coord
inate filter. (see also unbounded coords=jump). 
NOTE: coordinate (15.31694835,0.636231242) has been dropped because of a coordi
nate filter. (see also unbounded coords=jump). 
NOTE: coordinate (15.32099917,0.612316185) has been dropped because of a coordi
nate filter. (see also unbounded coords=jump). 
NOTE: coordinate (15.32504998,0.581733841) has been dropped because of a coordi
nate filter. (see also unbounded coords=jump). 
NOTE: coordinate (15.3291008,0.5727480054) has been dropped because of a coordi
nate filter. (see also unbounded coords=jump). 
NOTE: coordinate (15.33315162,0.5568015831) has been dropped because of a coord
inate filter. (see also unbounded coords=jump). 
NOTE: coordinate (15.33720244,0.5390659024) has been dropped because of a coord
inate filter. (see also unbounded coords=jump). 
NOTE: coordinate (15.34125326,0.508701883) has been dropped because of a coordi
nate filter. (see also unbounded coords=jump). 
NOTE: coordinate (15.34530407,0.4784565242) has been dropped because of a coord
inate filter. (see also unbounded coords=jump). 
NOTE: coordinate (15.34935489,0.4359730223) has been dropped because of a coord
inate filter. (see also unbounded coords=jump). 
NOTE: coordinate (15.35340571,0.3931280957) has been dropped because of a coord
inate filter. (see also unbounded coords=jump). 
NOTE: coordinate (15.35745653,0.348875081) has been dropped because of a coordi
nate filter. (see also unbounded coords=jump). 
NOTE: coordinate (15.36150735,0.2888546395) has been dropped because of a coord
inate filter. (see also unbounded coords=jump). 
NOTE: coordinate (15.36555816,0.257587057) has been dropped because of a coordi
nate filter. (see also unbounded coords=jump). 
NOTE: coordinate (15.36960898,0.2268314088) has been dropped because of a coord
inate filter. (see also unbounded coords=jump). 
NOTE: coordinate (15.3736598,0.1949570622) has been dropped because of a coordi
nate filter. (see also unbounded coords=jump). 
NOTE: coordinate (15.37771062,0.1833751597) has been dropped because of a coord
inate filter. (see also unbounded coords=jump). 
NOTE: coordinate (15.38176144,0.1780306206) has been dropped because of a coord
inate filter. (see also unbounded coords=jump). 
NOTE: coordinate (15.38581225,0.1577812536) has been dropped because of a coord
inate filter. (see also unbounded coords=jump). 
NOTE: coordinate (15.38986307,0.1270709589) has been dropped because of a coord
inate filter. (see also unbounded coords=jump). 
NOTE: coordinate (15.39391389,0.1009176077) has been dropped because of a coord
inate filter. (see also unbounded coords=jump). 
NOTE: coordinate (15.39796471,0.07015222743) has been dropped because of a coor
dinate filter. (see also unbounded coords=jump). 
NOTE: coordinate (15.40201552,0.0602158289) has been dropped because of a coord
inate filter. (see also unbounded coords=jump). 
NOTE: coordinate (15.40606634,0.02964385365) has been dropped because of a coor
dinate filter. (see also unbounded coords=jump). 
NOTE: coordinate (15.41011716,-0.01314954693) has been dropped because of a coo
rdinate filter. (see also unbounded coords=jump). 
NOTE: coordinate (15.41416798,-0.0508390413) has been dropped because of a coor
dinate filter. (see also unbounded coords=jump). 
NOTE: coordinate (15.4182188,-0.07111200517) has been dropped because of a coor
dinate filter. (see also unbounded coords=jump). 
NOTE: coordinate (15.42226961,-0.09150700097) has been dropped because of a coo
rdinate filter. (see also unbounded coords=jump). 
NOTE: coordinate (15.42632043,-0.1346067222) has been dropped because of a coor
dinate filter. (see also unbounded coords=jump). 
NOTE: coordinate (15.43037125,-0.1543981209) has been dropped because of a coor
dinate filter. (see also unbounded coords=jump). 
NOTE: coordinate (15.43442207,-0.1680940474) has been dropped because of a coor
dinate filter. (see also unbounded coords=jump). 
NOTE: coordinate (15.43847289,-0.1888498288) has been dropped because of a coor
dinate filter. (see also unbounded coords=jump). 
NOTE: coordinate (15.4425237,-0.2130659891) has been dropped because of a coord
inate filter. (see also unbounded coords=jump). 
NOTE: coordinate (15.44657452,-0.2327799937) has been dropped because of a coor
dinate filter. (see also unbounded coords=jump). 
NOTE: coordinate (15.45062534,-0.2498027184) has been dropped because of a coor
dinate filter. (see also unbounded coords=jump). 
NOTE: coordinate (15.45467616,-0.2698317551) has been dropped because of a coor
dinate filter. (see also unbounded coords=jump). 
NOTE: coordinate (15.45872698,-0.2845991434) has been dropped because of a coor
dinate filter. (see also unbounded coords=jump). 
NOTE: coordinate (15.46277779,-0.2855573434) has been dropped because of a coor
dinate filter. (see also unbounded coords=jump). 
NOTE: coordinate (15.46682861,-0.2793916871) has been dropped because of a coor
dinate filter. (see also unbounded coords=jump). 
NOTE: coordinate (15.47087943,-0.2858058568) has been dropped because of a coor
dinate filter. (see also unbounded coords=jump). 
NOTE: coordinate (15.47493025,-0.3045280437) has been dropped because of a coor
dinate filter. (see also unbounded coords=jump). 
NOTE: coordinate (15.47898106,-0.3362453641) has been dropped because of a coor
dinate filter. (see also unbounded coords=jump). 
NOTE: coordinate (15.48303188,-0.3548369817) has been dropped because of a coor
dinate filter. (see also unbounded coords=jump). 
NOTE: coordinate (15.4870827,-0.3700525598) has been dropped because of a coord
inate filter. (see also unbounded coords=jump). 
NOTE: coordinate (15.49113352,-0.3939506815) has been dropped because of a coor
dinate filter. (see also unbounded coords=jump). 
NOTE: coordinate (15.49518434,-0.3961858849) has been dropped because of a coor
dinate filter. (see also unbounded coords=jump). 
NOTE: coordinate (15.49923515,-0.4031655868) has been dropped because of a coor
dinate filter. (see also unbounded coords=jump). 
NOTE: coordinate (15.50328597,-0.4053297803) has been dropped because of a coor
dinate filter. (see also unbounded coords=jump). 
NOTE: coordinate (15.50733679,-0.411315072) has been dropped because of a coord
inate filter. (see also unbounded coords=jump). 
NOTE: coordinate (15.51138761,-0.4193526021) has been dropped because of a coor
dinate filter. (see also unbounded coords=jump). 
NOTE: coordinate (15.51543843,-0.4108760178) has been dropped because of a coor
dinate filter. (see also unbounded coords=jump). 
NOTE: coordinate (15.51948924,-0.3998651838) has been dropped because of a coor
dinate filter. (see also unbounded coords=jump). 
NOTE: coordinate (15.52354006,-0.4128542635) has been dropped because of a coor
dinate filter. (see also unbounded coords=jump). 
NOTE: coordinate (15.52759088,-0.4339069415) has been dropped because of a coor
dinate filter. (see also unbounded coords=jump). 
NOTE: coordinate (15.5316417,-0.4148394189) has been dropped because of a coord
inate filter. (see also unbounded coords=jump). 
NOTE: coordinate (15.53569252,-0.413276683) has been dropped because of a coord
inate filter. (see also unbounded coords=jump). 
NOTE: coordinate (15.53974333,-0.3969571028) has been dropped because of a coor
dinate filter. (see also unbounded coords=jump). 
NOTE: coordinate (15.54379415,-0.3839632135) has been dropped because of a coor
dinate filter. (see also unbounded coords=jump). 
NOTE: coordinate (15.54784497,-0.3576651237) has been dropped because of a coor
dinate filter. (see also unbounded coords=jump). 
NOTE: coordinate (15.55189579,-0.3297949912) has been dropped because of a coor
dinate filter. (see also unbounded coords=jump). 
NOTE: coordinate (15.5559466,-0.3268808423) has been dropped because of a coord
inate filter. (see also unbounded coords=jump). 
NOTE: coordinate (15.55999742,-0.3250164457) has been dropped because of a coor
dinate filter. (see also unbounded coords=jump). 
NOTE: coordinate (15.56404824,-0.3190609697) has been dropped because of a coor
dinate filter. (see also unbounded coords=jump). 
NOTE: coordinate (15.56809906,-0.3004717712) has been dropped because of a coor
dinate filter. (see also unbounded coords=jump). 
NOTE: coordinate (15.57214988,-0.2850922589) has been dropped because of a coor
dinate filter. (see also unbounded coords=jump). 
NOTE: coordinate (15.57620069,-0.2639269533) has been dropped because of a coor
dinate filter. (see also unbounded coords=jump). 
NOTE: coordinate (15.58025151,-0.2334975521) has been dropped because of a coor
dinate filter. (see also unbounded coords=jump). 
NOTE: coordinate (15.58430233,-0.1894032554) has been dropped because of a coor
dinate filter. (see also unbounded coords=jump). 
NOTE: coordinate (15.58835315,-0.1436037911) has been dropped because of a coor
dinate filter. (see also unbounded coords=jump). 
NOTE: coordinate (15.59240397,-0.09092874647) has been dropped because of a coo
rdinate filter. (see also unbounded coords=jump). 
NOTE: coordinate (15.59645478,-0.04764764321) has been dropped because of a coo
rdinate filter. (see also unbounded coords=jump). 
NOTE: coordinate (15.6005056,-0.01876872223) has been dropped because of a coor
dinate filter. (see also unbounded coords=jump). 
NOTE: coordinate (15.60455642,-0.02987496606) has been dropped because of a coo
rdinate filter. (see also unbounded coords=jump). 
NOTE: coordinate (15.60860724,-0.03552613246) has been dropped because of a coo
rdinate filter. (see also unbounded coords=jump). 
NOTE: coordinate (15.61265806,-0.06304088471) has been dropped because of a coo
rdinate filter. (see also unbounded coords=jump). 
NOTE: coordinate (15.61670887,-0.07154679553) has been dropped because of a coo
rdinate filter. (see also unbounded coords=jump). 
NOTE: coordinate (15.62075969,-0.07801162938) has been dropped because of a coo
rdinate filter. (see also unbounded coords=jump). 
NOTE: coordinate (15.62481051,-0.08597382245) has been dropped because of a coo
rdinate filter. (see also unbounded coords=jump). 
NOTE: coordinate (15.62886133,-0.07304197271) has been dropped because of a coo
rdinate filter. (see also unbounded coords=jump). 
NOTE: coordinate (15.63291214,-0.05860733618) has been dropped because of a coo
rdinate filter. (see also unbounded coords=jump). 
NOTE: coordinate (15.63696296,-0.05999795663) has been dropped because of a coo
rdinate filter. (see also unbounded coords=jump). 
NOTE: coordinate (15.64101378,-0.06327505935) has been dropped because of a coo
rdinate filter. (see also unbounded coords=jump). 
NOTE: coordinate (15.6450646,-0.08059288276) has been dropped because of a coor
dinate filter. (see also unbounded coords=jump). 
NOTE: coordinate (15.64911542,-0.07699603325) has been dropped because of a coo
rdinate filter. (see also unbounded coords=jump). 
NOTE: coordinate (15.65316623,-0.06235958297) has been dropped because of a coo
rdinate filter. (see also unbounded coords=jump). 
NOTE: coordinate (15.65721705,-0.04664737489) has been dropped because of a coo
rdinate filter. (see also unbounded coords=jump). 
NOTE: coordinate (15.66126787,-0.02232110734) has been dropped because of a coo
rdinate filter. (see also unbounded coords=jump). 
NOTE: coordinate (15.66531869,-0.008497539168) has been dropped because of a co
ordinate filter. (see also unbounded coords=jump). 
NOTE: coordinate (15.66936951,0.03551685119) has been dropped because of a coor
dinate filter. (see also unbounded coords=jump). 
NOTE: coordinate (15.67342032,0.06502157242) has been dropped because of a coor
dinate filter. (see also unbounded coords=jump). 
NOTE: coordinate (15.67747114,0.07793398464) has been dropped because of a coor
dinate filter. (see also unbounded coords=jump). 
NOTE: coordinate (15.68152196,0.07923021561) has been dropped because of a coor
dinate filter. (see also unbounded coords=jump). 
NOTE: coordinate (15.68557278,0.05712869483) has been dropped because of a coor
dinate filter. (see also unbounded coords=jump). 
NOTE: coordinate (15.6896236,0.05262667205) has been dropped because of a coord
inate filter. (see also unbounded coords=jump). 
NOTE: coordinate (15.69367441,0.04530285247) has been dropped because of a coor
dinate filter. (see also unbounded coords=jump). 
NOTE: coordinate (15.69772523,0.05069766333) has been dropped because of a coor
dinate filter. (see also unbounded coords=jump). 
NOTE: coordinate (15.70177605,0.06153506931) has been dropped because of a coor
dinate filter. (see also unbounded coords=jump). 
NOTE: coordinate (15.70582687,0.05946506279) has been dropped because of a coor
dinate filter. (see also unbounded coords=jump). 
NOTE: coordinate (15.70987768,0.05540835186) has been dropped because of a coor
dinate filter. (see also unbounded coords=jump). 
NOTE: coordinate (15.7139285,0.06279519967) has been dropped because of a coord
inate filter. (see also unbounded coords=jump). 
NOTE: coordinate (15.71797932,0.06283623829) has been dropped because of a coor
dinate filter. (see also unbounded coords=jump). 
NOTE: coordinate (15.72203014,0.0554513973) has been dropped because of a coord
inate filter. (see also unbounded coords=jump). 
NOTE: coordinate (15.72608096,0.05644803693) has been dropped because of a coor
dinate filter. (see also unbounded coords=jump). 
NOTE: coordinate (15.73013177,0.05264014915) has been dropped because of a coor
dinate filter. (see also unbounded coords=jump). 
NOTE: coordinate (15.73418259,0.04075819487) has been dropped because of a coor
dinate filter. (see also unbounded coords=jump). 
NOTE: coordinate (15.73823341,0.03942778098) has been dropped because of a coor
dinate filter. (see also unbounded coords=jump). 
NOTE: coordinate (15.74228423,0.03511460258) has been dropped because of a coor
dinate filter. (see also unbounded coords=jump). 
NOTE: coordinate (15.74633505,0.02642689806) has been dropped because of a coor
dinate filter. (see also unbounded coords=jump). 
NOTE: coordinate (15.75038586,0.0208134194) has been dropped because of a coord
inate filter. (see also unbounded coords=jump). 
NOTE: coordinate (15.75443668,0.02020248617) has been dropped because of a coor
dinate filter. (see also unbounded coords=jump). 
NOTE: coordinate (15.7584875,-0.0006911964013) has been dropped because of a co
ordinate filter. (see also unbounded coords=jump). 
NOTE: coordinate (15.76253832,-0.001390651176) has been dropped because of a co
ordinate filter. (see also unbounded coords=jump). 
NOTE: coordinate (15.76658914,-0.003222831402) has been dropped because of a co
ordinate filter. (see also unbounded coords=jump). 
NOTE: coordinate (15.77063995,-0.0206544168) has been dropped because of a coor
dinate filter. (see also unbounded coords=jump). 
NOTE: coordinate (15.77469077,-0.0517925227) has been dropped because of a coor
dinate filter. (see also unbounded coords=jump). 
NOTE: coordinate (15.77874159,-0.081020604) has been dropped because of a coord
inate filter. (see also unbounded coords=jump). 
NOTE: coordinate (15.78279241,-0.09086459463) has been dropped because of a coo
rdinate filter. (see also unbounded coords=jump). 
NOTE: coordinate (15.78684322,-0.09519230366) has been dropped because of a coo
rdinate filter. (see also unbounded coords=jump). 
NOTE: coordinate (15.79089404,-0.0719378913) has been dropped because of a coor
dinate filter. (see also unbounded coords=jump). 
NOTE: coordinate (15.79494486,-0.06951845155) has been dropped because of a coo
rdinate filter. (see also unbounded coords=jump). 
NOTE: coordinate (15.79899568,-0.09504372517) has been dropped because of a coo
rdinate filter. (see also unbounded coords=jump). 
NOTE: coordinate (15.8030465,-0.1144398147) has been dropped because of a coord
inate filter. (see also unbounded coords=jump). 
NOTE: coordinate (15.80709731,-0.115204472) has been dropped because of a coord
inate filter. (see also unbounded coords=jump). 
NOTE: coordinate (15.81114813,-0.110489224) has been dropped because of a coord
inate filter. (see also unbounded coords=jump). 
NOTE: coordinate (15.81519895,-0.1048863762) has been dropped because of a coor
dinate filter. (see also unbounded coords=jump). 
NOTE: coordinate (15.81924977,-0.07182567027) has been dropped because of a coo
rdinate filter. (see also unbounded coords=jump). 
NOTE: coordinate (15.82330059,-0.05211304764) has been dropped because of a coo
rdinate filter. (see also unbounded coords=jump). 
NOTE: coordinate (15.8273514,-0.03884364955) has been dropped because of a coor
dinate filter. (see also unbounded coords=jump). 
NOTE: coordinate (15.83140222,-0.0371741034) has been dropped because of a coor
dinate filter. (see also unbounded coords=jump). 
NOTE: coordinate (15.83545304,-0.03133201203) has been dropped because of a coo
rdinate filter. (see also unbounded coords=jump). 
NOTE: coordinate (15.83950386,-0.04494670784) has been dropped because of a coo
rdinate filter. (see also unbounded coords=jump). 
NOTE: coordinate (15.84355468,-0.04955353857) has been dropped because of a coo
rdinate filter. (see also unbounded coords=jump). 
NOTE: coordinate (15.84760549,-0.05889264177) has been dropped because of a coo
rdinate filter. (see also unbounded coords=jump). 
NOTE: coordinate (15.85165631,-0.06337933715) has been dropped because of a coo
rdinate filter. (see also unbounded coords=jump). 
NOTE: coordinate (15.85570713,-0.07194332771) has been dropped because of a coo
rdinate filter. (see also unbounded coords=jump). 
NOTE: coordinate (15.85975795,-0.07309367687) has been dropped because of a coo
rdinate filter. (see also unbounded coords=jump). 
NOTE: coordinate (15.86380876,-0.06493968086) has been dropped because of a coo
rdinate filter. (see also unbounded coords=jump). 
NOTE: coordinate (15.86785958,-0.05164504677) has been dropped because of a coo
rdinate filter. (see also unbounded coords=jump). 
NOTE: coordinate (15.8719104,-0.04260171338) has been dropped because of a coor
dinate filter. (see also unbounded coords=jump). 
NOTE: coordinate (15.87596122,-0.04827453664) has been dropped because of a coo
rdinate filter. (see also unbounded coords=jump). 
NOTE: coordinate (15.88001204,-0.06204547397) has been dropped because of a coo
rdinate filter. (see also unbounded coords=jump). 
NOTE: coordinate (15.88406285,-0.08461061524) has been dropped because of a coo
rdinate filter. (see also unbounded coords=jump). 
NOTE: coordinate (15.88811367,-0.1045329208) has been dropped because of a coor
dinate filter. (see also unbounded coords=jump). 
NOTE: coordinate (15.89216449,-0.1237436702) has been dropped because of a coor
dinate filter. (see also unbounded coords=jump). 
NOTE: coordinate (15.89621531,-0.1197980434) has been dropped because of a coor
dinate filter. (see also unbounded coords=jump). 
NOTE: coordinate (15.90026613,-0.1003130709) has been dropped because of a coor
dinate filter. (see also unbounded coords=jump). 
NOTE: coordinate (15.90431694,-0.1017194053) has been dropped because of a coor
dinate filter. (see also unbounded coords=jump). 
NOTE: coordinate (15.90836776,-0.109500851) has been dropped because of a coord
inate filter. (see also unbounded coords=jump). 
NOTE: coordinate (15.91241858,-0.08128662358) has been dropped because of a coo
rdinate filter. (see also unbounded coords=jump). 
NOTE: coordinate (15.9164694,-0.05293337269) has been dropped because of a coor
dinate filter. (see also unbounded coords=jump). 
NOTE: coordinate (15.92052022,-0.0340301908) has been dropped because of a coor
dinate filter. (see also unbounded coords=jump). 
NOTE: coordinate (15.92457103,-0.02569718331) has been dropped because of a coo
rdinate filter. (see also unbounded coords=jump). 
NOTE: coordinate (15.92862185,-0.02279065565) has been dropped because of a coo
rdinate filter. (see also unbounded coords=jump). 
NOTE: coordinate (15.93267267,0.004931001153) has been dropped because of a coo
rdinate filter. (see also unbounded coords=jump). 
NOTE: coordinate (15.93672349,0.01385412032) has been dropped because of a coor
dinate filter. (see also unbounded coords=jump). 
NOTE: coordinate (15.9407743,0.0005891544704) has been dropped because of a coo
rdinate filter. (see also unbounded coords=jump). 
NOTE: coordinate (15.94482512,-0.03803737015) has been dropped because of a coo
rdinate filter. (see also unbounded coords=jump). 
NOTE: coordinate (15.94887594,-0.07842055798) has been dropped because of a coo
rdinate filter. (see also unbounded coords=jump). 
NOTE: coordinate (15.95292676,-0.1074571645) has been dropped because of a coor
dinate filter. (see also unbounded coords=jump). 
NOTE: coordinate (15.95697758,-0.1357923266) has been dropped because of a coor
dinate filter. (see also unbounded coords=jump). 
NOTE: coordinate (15.96102839,-0.150669763) has been dropped because of a coord
inate filter. (see also unbounded coords=jump). 
NOTE: coordinate (15.96507921,-0.1616036383) has been dropped because of a coor
dinate filter. (see also unbounded coords=jump). 
NOTE: coordinate (15.96913003,-0.1563674589) has been dropped because of a coor
dinate filter. (see also unbounded coords=jump). 
NOTE: coordinate (15.97318085,-0.1498018368) has been dropped because of a coor
dinate filter. (see also unbounded coords=jump). 
NOTE: coordinate (15.97723167,-0.1664565407) has been dropped because of a coor
dinate filter. (see also unbounded coords=jump). 
NOTE: coordinate (15.98128248,-0.1774252888) has been dropped because of a coor
dinate filter. (see also unbounded coords=jump). 
NOTE: coordinate (15.9853333,-0.1834114158) has been dropped because of a coord
inate filter. (see also unbounded coords=jump). 
NOTE: coordinate (15.98938412,-0.2075539095) has been dropped because of a coor
dinate filter. (see also unbounded coords=jump). 
NOTE: coordinate (15.99343494,-0.2318033748) has been dropped because of a coor
dinate filter. (see also unbounded coords=jump). 
NOTE: coordinate (15.99748576,-0.239759574) has been dropped because of a coord
inate filter. (see also unbounded coords=jump). 
NOTE: coordinate (16.00153657,-0.2363855727) has been dropped because of a coor
dinate filter. (see also unbounded coords=jump). 
NOTE: coordinate (16.00558739,-0.2317110167) has been dropped because of a coor
dinate filter. (see also unbounded coords=jump). 
NOTE: coordinate (16.00963821,-0.2001971846) has been dropped because of a coor
dinate filter. (see also unbounded coords=jump). 
NOTE: coordinate (16.01368903,-0.1772400613) has been dropped because of a coor
dinate filter. (see also unbounded coords=jump). 
NOTE: coordinate (16.01773984,-0.14203534) has been dropped because of a coordi
nate filter. (see also unbounded coords=jump). 
NOTE: coordinate (16.02179066,-0.116064568) has been dropped because of a coord
inate filter. (see also unbounded coords=jump). 
NOTE: coordinate (16.02584148,-0.09395837801) has been dropped because of a coo
rdinate filter. (see also unbounded coords=jump). 
NOTE: coordinate (16.0298923,-0.07683062956) has been dropped because of a coor
dinate filter. (see also unbounded coords=jump). 
NOTE: coordinate (16.03394312,-0.05489675016) has been dropped because of a coo
rdinate filter. (see also unbounded coords=jump). 
NOTE: coordinate (16.03799393,-0.03660310852) has been dropped because of a coo
rdinate filter. (see also unbounded coords=jump). 
NOTE: coordinate (16.04204475,-0.02285674695) has been dropped because of a coo
rdinate filter. (see also unbounded coords=jump). 
NOTE: coordinate (16.04609557,0.00113870444) has been dropped because of a coor
dinate filter. (see also unbounded coords=jump). 
NOTE: coordinate (16.05014639,0.04709018665) has been dropped because of a coor
dinate filter. (see also unbounded coords=jump). 
NOTE: coordinate (16.05419721,0.07395418098) has been dropped because of a coor
dinate filter. (see also unbounded coords=jump). 
NOTE: coordinate (16.05824802,0.06996007009) has been dropped because of a coor
dinate filter. (see also unbounded coords=jump). 
NOTE: coordinate (16.06229884,0.06081595707) has been dropped because of a coor
dinate filter. (see also unbounded coords=jump). 
NOTE: coordinate (16.06634966,0.04374134115) has been dropped because of a coor
dinate filter. (see also unbounded coords=jump). 
NOTE: coordinate (16.07040048,0.04520605746) has been dropped because of a coor
dinate filter. (see also unbounded coords=jump). 
NOTE: coordinate (16.0744513,0.05200826151) has been dropped because of a coord
inate filter. (see also unbounded coords=jump). 
NOTE: coordinate (16.07850211,0.05843480745) has been dropped because of a coor
dinate filter. (see also unbounded coords=jump). 
NOTE: coordinate (16.08255293,0.04773918662) has been dropped because of a coor
dinate filter. (see also unbounded coords=jump). 
NOTE: coordinate (16.08660375,0.0415765017) has been dropped because of a coord
inate filter. (see also unbounded coords=jump). 
NOTE: coordinate (16.09065457,0.04717643536) has been dropped because of a coor
dinate filter. (see also unbounded coords=jump). 
NOTE: coordinate (16.09470538,0.08728180498) has been dropped because of a coor
dinate filter. (see also unbounded coords=jump). 
NOTE: coordinate (16.0987562,0.1004200114) has been dropped because of a coordi
nate filter. (see also unbounded coords=jump). 
NOTE: coordinate (16.10280702,0.1143784463) has been dropped because of a coord
inate filter. (see also unbounded coords=jump). 
NOTE: coordinate (16.10685784,0.1193937745) has been dropped because of a coord
inate filter. (see also unbounded coords=jump). 
NOTE: coordinate (16.11090866,0.149174015) has been dropped because of a coordi
nate filter. (see also unbounded coords=jump). 
NOTE: coordinate (16.11495947,0.1864964516) has been dropped because of a coord
inate filter. (see also unbounded coords=jump). 
NOTE: coordinate (16.11901029,0.2141333088) has been dropped because of a coord
inate filter. (see also unbounded coords=jump). 
NOTE: coordinate (16.12306111,0.2409736986) has been dropped because of a coord
inate filter. (see also unbounded coords=jump). 
NOTE: coordinate (16.12711193,0.258443335) has been dropped because of a coordi
nate filter. (see also unbounded coords=jump). 
NOTE: coordinate (16.13116275,0.272644906) has been dropped because of a coordi
nate filter. (see also unbounded coords=jump). 
NOTE: coordinate (16.13521356,0.296574797) has been dropped because of a coordi
nate filter. (see also unbounded coords=jump). 
NOTE: coordinate (16.13926438,0.2991571123) has been dropped because of a coord
inate filter. (see also unbounded coords=jump). 
NOTE: coordinate (16.1433152,0.3096794726) has been dropped because of a coordi
nate filter. (see also unbounded coords=jump). 
NOTE: coordinate (16.14736602,0.3340331311) has been dropped because of a coord
inate filter. (see also unbounded coords=jump). 
NOTE: coordinate (16.15141684,0.3575321108) has been dropped because of a coord
inate filter. (see also unbounded coords=jump). 
NOTE: coordinate (16.15546765,0.3732925268) has been dropped because of a coord
inate filter. (see also unbounded coords=jump). 
NOTE: coordinate (16.15951847,0.3901728337) has been dropped because of a coord
inate filter. (see also unbounded coords=jump). 
NOTE: coordinate (16.16356929,0.3902091081) has been dropped because of a coord
inate filter. (see also unbounded coords=jump). 
NOTE: coordinate (16.16762011,0.4007138502) has been dropped because of a coord
inate filter. (see also unbounded coords=jump). 
NOTE: coordinate (16.17167092,0.4161341461) has been dropped because of a coord
inate filter. (see also unbounded coords=jump). 
NOTE: coordinate (16.17572174,0.4280455261) has been dropped because of a coord
inate filter. (see also unbounded coords=jump). 
NOTE: coordinate (16.17977256,0.4572164722) has been dropped because of a coord
inate filter. (see also unbounded coords=jump). 
NOTE: coordinate (16.18382338,0.4896983819) has been dropped because of a coord
inate filter. (see also unbounded coords=jump). 
NOTE: coordinate (16.1878742,0.5183904435) has been dropped because of a coordi
nate filter. (see also unbounded coords=jump). 
NOTE: coordinate (16.19192501,0.5394165474) has been dropped because of a coord
inate filter. (see also unbounded coords=jump). 
NOTE: coordinate (16.19597583,0.5732975365) has been dropped because of a coord
inate filter. (see also unbounded coords=jump). 
NOTE: coordinate (16.20002665,0.6228885803) has been dropped because of a coord
inate filter. (see also unbounded coords=jump). 
NOTE: coordinate (16.20407747,0.6584342581) has been dropped because of a coord
inate filter. (see also unbounded coords=jump). 
NOTE: coordinate (16.20812829,0.6967021976) has been dropped because of a coord
inate filter. (see also unbounded coords=jump). 
NOTE: coordinate (16.2121791,0.7236618318) has been dropped because of a coordi
nate filter. (see also unbounded coords=jump). 
NOTE: coordinate (16.21622992,0.7551517375) has been dropped because of a coord
inate filter. (see also unbounded coords=jump). 
NOTE: coordinate (16.22028074,0.7678194024) has been dropped because of a coord
inate filter. (see also unbounded coords=jump). 
NOTE: coordinate (16.22433156,0.7898078) has been dropped because of a coordina
te filter. (see also unbounded coords=jump). 
NOTE: coordinate (16.22838238,0.7837128554) has been dropped because of a coord
inate filter. (see also unbounded coords=jump). 
NOTE: coordinate (16.23243319,0.7825889216) has been dropped because of a coord
inate filter. (see also unbounded coords=jump). 
NOTE: coordinate (16.23648401,0.7970161165) has been dropped because of a coord
inate filter. (see also unbounded coords=jump). 
NOTE: coordinate (16.24053483,0.8196595895) has been dropped because of a coord
inate filter. (see also unbounded coords=jump). 
NOTE: coordinate (16.24458565,0.8292016496) has been dropped because of a coord
inate filter. (see also unbounded coords=jump). 
NOTE: coordinate (16.24863646,0.8501927607) has been dropped because of a coord
inate filter. (see also unbounded coords=jump). 
NOTE: coordinate (16.25268728,0.8611846856) has been dropped because of a coord
inate filter. (see also unbounded coords=jump). 
NOTE: coordinate (16.2567381,0.8513525072) has been dropped because of a coordi
nate filter. (see also unbounded coords=jump). 
NOTE: coordinate (16.26078892,0.849092584) has been dropped because of a coordi
nate filter. (see also unbounded coords=jump). 
NOTE: coordinate (16.26483974,0.850217425) has been dropped because of a coordi
nate filter. (see also unbounded coords=jump). 
NOTE: coordinate (16.26889055,0.8495612744) has been dropped because of a coord
inate filter. (see also unbounded coords=jump). 
NOTE: coordinate (16.27294137,0.8671267687) has been dropped because of a coord
inate filter. (see also unbounded coords=jump). 
NOTE: coordinate (16.27699219,0.8769364824) has been dropped because of a coord
inate filter. (see also unbounded coords=jump). 
NOTE: coordinate (16.28104301,0.8941278211) has been dropped because of a coord
inate filter. (see also unbounded coords=jump). 
NOTE: coordinate (16.28509383,0.886335681) has been dropped because of a coordi
nate filter. (see also unbounded coords=jump). 
NOTE: coordinate (16.28914464,0.874453634) has been dropped because of a coordi
nate filter. (see also unbounded coords=jump). 
NOTE: coordinate (16.29319546,0.8739008464) has been dropped because of a coord
inate filter. (see also unbounded coords=jump). 
NOTE: coordinate (16.29724628,0.8643851992) has been dropped because of a coord
inate filter. (see also unbounded coords=jump). 
NOTE: coordinate (16.3012971,0.8671764982) has been dropped because of a coordi
nate filter. (see also unbounded coords=jump). 
NOTE: coordinate (16.30534792,0.8745279214) has been dropped because of a coord
inate filter. (see also unbounded coords=jump). 
NOTE: coordinate (16.30939873,0.8786637802) has been dropped because of a coord
inate filter. (see also unbounded coords=jump). 
NOTE: coordinate (16.31344955,0.890314306) has been dropped because of a coordi
nate filter. (see also unbounded coords=jump). 
NOTE: coordinate (16.31750037,0.8916544795) has been dropped because of a coord
inate filter. (see also unbounded coords=jump). 
NOTE: coordinate (16.32155119,0.9037164226) has been dropped because of a coord
inate filter. (see also unbounded coords=jump). 
NOTE: coordinate (16.325602,0.9171672928) has been dropped because of a coordin
ate filter. (see also unbounded coords=jump). 
NOTE: coordinate (16.32965282,0.9134677964) has been dropped because of a coord
inate filter. (see also unbounded coords=jump). 
NOTE: coordinate (16.33370364,0.8918097087) has been dropped because of a coord
inate filter. (see also unbounded coords=jump). 
NOTE: coordinate (16.33775446,0.8711524894) has been dropped because of a coord
inate filter. (see also unbounded coords=jump). 
NOTE: coordinate (16.34180528,0.8968613772) has been dropped because of a coord
inate filter. (see also unbounded coords=jump). 
NOTE: coordinate (16.34585609,0.9263316613) has been dropped because of a coord
inate filter. (see also unbounded coords=jump). 
NOTE: coordinate (16.34990691,0.9375249662) has been dropped because of a coord
inate filter. (see also unbounded coords=jump). 
NOTE: coordinate (16.35395773,0.9380936719) has been dropped because of a coord
inate filter. (see also unbounded coords=jump). 
NOTE: coordinate (16.35800855,0.9290624545) has been dropped because of a coord
inate filter. (see also unbounded coords=jump). 
NOTE: coordinate (16.36205937,0.9460583417) has been dropped because of a coord
inate filter. (see also unbounded coords=jump). 
NOTE: coordinate (16.36611018,0.9611657126) has been dropped because of a coord
inate filter. (see also unbounded coords=jump). 
NOTE: coordinate (16.370161,0.9852135396) has been dropped because of a coordin
ate filter. (see also unbounded coords=jump). 
NOTE: coordinate (16.37421182,1.012735638) has been dropped because of a coordi
nate filter. (see also unbounded coords=jump). 
NOTE: coordinate (16.37826264,1.001416926) has been dropped because of a coordi
nate filter. (see also unbounded coords=jump). 
NOTE: coordinate (16.38231346,0.9860196556) has been dropped because of a coord
inate filter. (see also unbounded coords=jump). 
NOTE: coordinate (16.38636427,0.9848587583) has been dropped because of a coord
inate filter. (see also unbounded coords=jump). 
NOTE: coordinate (16.39041509,0.9906728644) has been dropped because of a coord
inate filter. (see also unbounded coords=jump). 
NOTE: coordinate (16.39446591,0.9885902671) has been dropped because of a coord
inate filter. (see also unbounded coords=jump). 
NOTE: coordinate (16.39851673,0.958949571) has been dropped because of a coordi
nate filter. (see also unbounded coords=jump). 
NOTE: coordinate (16.40256754,0.9346733458) has been dropped because of a coord
inate filter. (see also unbounded coords=jump). 
NOTE: coordinate (16.40661836,0.9180401648) has been dropped because of a coord
inate filter. (see also unbounded coords=jump). 
NOTE: coordinate (16.41066918,0.8898579548) has been dropped because of a coord
inate filter. (see also unbounded coords=jump). 
NOTE: coordinate (16.41472,0.8758829409) has been dropped because of a coordina
te filter. (see also unbounded coords=jump). 
NOTE: coordinate (16.41877082,0.8446915294) has been dropped because of a coord
inate filter. (see also unbounded coords=jump). 
NOTE: coordinate (16.42282163,0.8191606322) has been dropped because of a coord
inate filter. (see also unbounded coords=jump). 
NOTE: coordinate (16.42687245,0.7814620249) has been dropped because of a coord
inate filter. (see also unbounded coords=jump). 
NOTE: coordinate (16.43092327,0.7555879991) has been dropped because of a coord
inate filter. (see also unbounded coords=jump). 
NOTE: coordinate (16.43497409,0.7675576371) has been dropped because of a coord
inate filter. (see also unbounded coords=jump). 
NOTE: coordinate (16.43902491,0.7924556626) has been dropped because of a coord
inate filter. (see also unbounded coords=jump). 
NOTE: coordinate (16.44307572,0.801051016) has been dropped because of a coordi
nate filter. (see also unbounded coords=jump). 
NOTE: coordinate (16.44712654,0.8155271648) has been dropped because of a coord
inate filter. (see also unbounded coords=jump). 
NOTE: coordinate (16.45117736,0.7979840228) has been dropped because of a coord
inate filter. (see also unbounded coords=jump). 
NOTE: coordinate (16.45522818,0.7744462145) has been dropped because of a coord
inate filter. (see also unbounded coords=jump). 
NOTE: coordinate (16.459279,0.7565712014) has been dropped because of a coordin
ate filter. (see also unbounded coords=jump). 
NOTE: coordinate (16.46332981,0.7336791313) has been dropped because of a coord
inate filter. (see also unbounded coords=jump). 
NOTE: coordinate (16.46738063,0.7332623332) has been dropped because of a coord
inate filter. (see also unbounded coords=jump). 
NOTE: coordinate (16.47143145,0.7118227711) has been dropped because of a coord
inate filter. (see also unbounded coords=jump). 
NOTE: coordinate (16.47548227,0.6923445774) has been dropped because of a coord
inate filter. (see also unbounded coords=jump). 
NOTE: coordinate (16.47953308,0.6739109603) has been dropped because of a coord
inate filter. (see also unbounded coords=jump). 
NOTE: coordinate (16.4835839,0.6284642495) has been dropped because of a coordi
nate filter. (see also unbounded coords=jump). 
NOTE: coordinate (16.48763472,0.6039987345) has been dropped because of a coord
inate filter. (see also unbounded coords=jump). 
NOTE: coordinate (16.49168554,0.5841285899) has been dropped because of a coord
inate filter. (see also unbounded coords=jump). 
NOTE: coordinate (16.49573636,0.5951010687) has been dropped because of a coord
inate filter. (see also unbounded coords=jump). 
NOTE: coordinate (16.49978717,0.6235784792) has been dropped because of a coord
inate filter. (see also unbounded coords=jump). 
NOTE: coordinate (16.50383799,0.6305833979) has been dropped because of a coord
inate filter. (see also unbounded coords=jump). 
NOTE: coordinate (16.50788881,0.5939601378) has been dropped because of a coord
inate filter. (see also unbounded coords=jump). 
NOTE: coordinate (16.51193963,0.5569674153) has been dropped because of a coord
inate filter. (see also unbounded coords=jump). 
NOTE: coordinate (16.51599045,0.5400263251) has been dropped because of a coord
inate filter. (see also unbounded coords=jump). 
NOTE: coordinate (16.52004126,0.5125163077) has been dropped because of a coord
inate filter. (see also unbounded coords=jump). 
NOTE: coordinate (16.52409208,0.4719343468) has been dropped because of a coord
inate filter. (see also unbounded coords=jump). 
NOTE: coordinate (16.5281429,0.4773964913) has been dropped because of a coordi
nate filter. (see also unbounded coords=jump). 
NOTE: coordinate (16.53219372,0.4782049463) has been dropped because of a coord
inate filter. (see also unbounded coords=jump). 
NOTE: coordinate (16.53624454,0.4799594311) has been dropped because of a coord
inate filter. (see also unbounded coords=jump). 
NOTE: coordinate (16.54029535,0.4673843588) has been dropped because of a coord
inate filter. (see also unbounded coords=jump). 
NOTE: coordinate (16.54434617,0.4632716901) has been dropped because of a coord
inate filter. (see also unbounded coords=jump). 
NOTE: coordinate (16.54839699,0.4655901534) has been dropped because of a coord
inate filter. (see also unbounded coords=jump). 
NOTE: coordinate (16.55244781,0.468827073) has been dropped because of a coordi
nate filter. (see also unbounded coords=jump). 
NOTE: coordinate (16.55649862,0.458686967) has been dropped because of a coordi
nate filter. (see also unbounded coords=jump). 
NOTE: coordinate (16.56054944,0.4364464686) has been dropped because of a coord
inate filter. (see also unbounded coords=jump). 
NOTE: coordinate (16.56460026,0.386818372) has been dropped because of a coordi
nate filter. (see also unbounded coords=jump). 
NOTE: coordinate (16.56865108,0.3306590591) has been dropped because of a coord
inate filter. (see also unbounded coords=jump). 
NOTE: coordinate (16.5727019,0.289728217) has been dropped because of a coordin
ate filter. (see also unbounded coords=jump). 
NOTE: coordinate (16.57675271,0.2397591206) has been dropped because of a coord
inate filter. (see also unbounded coords=jump). 
NOTE: coordinate (16.58080353,0.2282119016) has been dropped because of a coord
inate filter. (see also unbounded coords=jump). 
NOTE: coordinate (16.58485435,0.2245977072) has been dropped because of a coord
inate filter. (see also unbounded coords=jump). 
NOTE: coordinate (16.58890517,0.2338454671) has been dropped because of a coord
inate filter. (see also unbounded coords=jump). 
NOTE: coordinate (16.59295599,0.2499689398) has been dropped because of a coord
inate filter. (see also unbounded coords=jump). 
NOTE: coordinate (16.5970068,0.2375114674) has been dropped because of a coordi
nate filter. (see also unbounded coords=jump). 
NOTE: coordinate (16.60105762,0.2226507422) has been dropped because of a coord
inate filter. (see also unbounded coords=jump). 
NOTE: coordinate (16.60510844,0.2186133803) has been dropped because of a coord
inate filter. (see also unbounded coords=jump). 
NOTE: coordinate (16.60915926,0.2153977691) has been dropped because of a coord
inate filter. (see also unbounded coords=jump). 
NOTE: coordinate (16.61321008,0.2255460718) has been dropped because of a coord
inate filter. (see also unbounded coords=jump). 
NOTE: coordinate (16.61726089,0.2167610918) has been dropped because of a coord
inate filter. (see also unbounded coords=jump). 
NOTE: coordinate (16.62131171,0.1993958561) has been dropped because of a coord
inate filter. (see also unbounded coords=jump). 
NOTE: coordinate (16.62536253,0.1578816891) has been dropped because of a coord
inate filter. (see also unbounded coords=jump). 
NOTE: coordinate (16.62941335,0.1440049176) has been dropped because of a coord
inate filter. (see also unbounded coords=jump). 
NOTE: coordinate (16.63346416,0.1174539571) has been dropped because of a coord
inate filter. (see also unbounded coords=jump). 
NOTE: coordinate (16.63751498,0.08792178544) has been dropped because of a coor
dinate filter. (see also unbounded coords=jump). 
NOTE: coordinate (16.6415658,0.06599790327) has been dropped because of a coord
inate filter. (see also unbounded coords=jump). 
NOTE: coordinate (16.64561662,0.04542367707) has been dropped because of a coor
dinate filter. (see also unbounded coords=jump). 
NOTE: coordinate (16.64966744,0.01370937313) has been dropped because of a coor
dinate filter. (see also unbounded coords=jump). 
NOTE: coordinate (16.65371825,-0.02109705125) has been dropped because of a coo
rdinate filter. (see also unbounded coords=jump). 
NOTE: coordinate (16.65776907,-0.05372041795) has been dropped because of a coo
rdinate filter. (see also unbounded coords=jump). 
NOTE: coordinate (16.66181989,-0.07899160824) has been dropped because of a coo
rdinate filter. (see also unbounded coords=jump). 
NOTE: coordinate (16.66587071,-0.08691006126) has been dropped because of a coo
rdinate filter. (see also unbounded coords=jump). 
NOTE: coordinate (16.66992153,-0.1048633907) has been dropped because of a coor
dinate filter. (see also unbounded coords=jump). 
NOTE: coordinate (16.67397234,-0.1110569268) has been dropped because of a coor
dinate filter. (see also unbounded coords=jump). 
NOTE: coordinate (16.67802316,-0.1061283711) has been dropped because of a coor
dinate filter. (see also unbounded coords=jump). 
NOTE: coordinate (16.68207398,-0.1372334915) has been dropped because of a coor
dinate filter. (see also unbounded coords=jump). 
NOTE: coordinate (16.6861248,-0.1831983892) has been dropped because of a coord
inate filter. (see also unbounded coords=jump). 
NOTE: coordinate (16.69017562,-0.2203071199) has been dropped because of a coor
dinate filter. (see also unbounded coords=jump). 
NOTE: coordinate (16.69422643,-0.2486881541) has been dropped because of a coor
dinate filter. (see also unbounded coords=jump). 
NOTE: coordinate (16.69827725,-0.2486049549) has been dropped because of a coor
dinate filter. (see also unbounded coords=jump). 
NOTE: coordinate (16.70232807,-0.2505786551) has been dropped because of a coor
dinate filter. (see also unbounded coords=jump). 
NOTE: coordinate (16.70637889,-0.2530116832) has been dropped because of a coor
dinate filter. (see also unbounded coords=jump). 
NOTE: coordinate (16.7104297,-0.2732356938) has been dropped because of a coord
inate filter. (see also unbounded coords=jump). 
NOTE: coordinate (16.71448052,-0.2824440645) has been dropped because of a coor
dinate filter. (see also unbounded coords=jump). 
NOTE: coordinate (16.71853134,-0.2783789556) has been dropped because of a coor
dinate filter. (see also unbounded coords=jump). 
NOTE: coordinate (16.72258216,-0.2750335274) has been dropped because of a coor
dinate filter. (see also unbounded coords=jump). 
NOTE: coordinate (16.72663298,-0.2752270629) has been dropped because of a coor
dinate filter. (see also unbounded coords=jump). 
NOTE: coordinate (16.73068379,-0.291909617) has been dropped because of a coord
inate filter. (see also unbounded coords=jump). 
NOTE: coordinate (16.73473461,-0.2924787062) has been dropped because of a coor
dinate filter. (see also unbounded coords=jump). 
NOTE: coordinate (16.73878543,-0.2677333342) has been dropped because of a coor
dinate filter. (see also unbounded coords=jump). 
NOTE: coordinate (16.74283625,-0.2507193809) has been dropped because of a coor
dinate filter. (see also unbounded coords=jump). 
NOTE: coordinate (16.74688707,-0.2704202779) has been dropped because of a coor
dinate filter. (see also unbounded coords=jump). 
NOTE: coordinate (16.75093788,-0.2734425539) has been dropped because of a coor
dinate filter. (see also unbounded coords=jump). 
NOTE: coordinate (16.7549887,-0.2387970175) has been dropped because of a coord
inate filter. (see also unbounded coords=jump). 
NOTE: coordinate (16.75903952,-0.2310713654) has been dropped because of a coor
dinate filter. (see also unbounded coords=jump). 
NOTE: coordinate (16.76309034,-0.2194668024) has been dropped because of a coor
dinate filter. (see also unbounded coords=jump). 
NOTE: coordinate (16.76714116,-0.2334493103) has been dropped because of a coor
dinate filter. (see also unbounded coords=jump). 
NOTE: coordinate (16.77119197,-0.2357447178) has been dropped because of a coor
dinate filter. (see also unbounded coords=jump). 
NOTE: coordinate (16.77524279,-0.2045893808) has been dropped because of a coor
dinate filter. (see also unbounded coords=jump). 
NOTE: coordinate (16.77929361,-0.1710850477) has been dropped because of a coor
dinate filter. (see also unbounded coords=jump). 
NOTE: coordinate (16.78334443,-0.1038092441) has been dropped because of a coor
dinate filter. (see also unbounded coords=jump). 
NOTE: coordinate (16.78739524,-0.02124532142) has been dropped because of a coo
rdinate filter. (see also unbounded coords=jump). 
NOTE: coordinate (16.79144606,0.03719527409) has been dropped because of a coor
dinate filter. (see also unbounded coords=jump). 
NOTE: coordinate (16.79549688,0.08086960946) has been dropped because of a coor
dinate filter. (see also unbounded coords=jump). 
NOTE: coordinate (16.7995477,0.1052263501) has been dropped because of a coordi
nate filter. (see also unbounded coords=jump). 
NOTE: coordinate (16.80359852,0.125596391) has been dropped because of a coordi
nate filter. (see also unbounded coords=jump). 
NOTE: coordinate (16.80764933,0.1812201953) has been dropped because of a coord
inate filter. (see also unbounded coords=jump). 
NOTE: coordinate (16.81170015,0.2292532519) has been dropped because of a coord
inate filter. (see also unbounded coords=jump). 
NOTE: coordinate (16.81575097,0.274486534) has been dropped because of a coordi
nate filter. (see also unbounded coords=jump). 
NOTE: coordinate (16.81980179,0.3014484777) has been dropped because of a coord
inate filter. (see also unbounded coords=jump). 
NOTE: coordinate (16.82385261,0.315817313) has been dropped because of a coordi
nate filter. (see also unbounded coords=jump). 
NOTE: coordinate (16.82790342,0.3239271944) has been dropped because of a coord
inate filter. (see also unbounded coords=jump). 
NOTE: coordinate (16.83195424,0.329121417) has been dropped because of a coordi
nate filter. (see also unbounded coords=jump). 
NOTE: coordinate (16.83600506,0.3424677239) has been dropped because of a coord
inate filter. (see also unbounded coords=jump). 
NOTE: coordinate (16.84005588,0.3804826785) has been dropped because of a coord
inate filter. (see also unbounded coords=jump). 
NOTE: coordinate (16.8441067,0.3935094758) has been dropped because of a coordi
nate filter. (see also unbounded coords=jump). 
NOTE: coordinate (16.84815751,0.4098134606) has been dropped because of a coord
inate filter. (see also unbounded coords=jump). 
NOTE: coordinate (16.85220833,0.4349332465) has been dropped because of a coord
inate filter. (see also unbounded coords=jump). 
NOTE: coordinate (16.85625915,0.4818913122) has been dropped because of a coord
inate filter. (see also unbounded coords=jump). 
NOTE: coordinate (16.86030997,0.5120153517) has been dropped because of a coord
inate filter. (see also unbounded coords=jump). 
NOTE: coordinate (16.86436078,0.5301449095) has been dropped because of a coord
inate filter. (see also unbounded coords=jump). 
NOTE: coordinate (16.8684116,0.5382871325) has been dropped because of a coordi
nate filter. (see also unbounded coords=jump). 
NOTE: coordinate (16.87246242,0.5342346114) has been dropped because of a coord
inate filter. (see also unbounded coords=jump). 
NOTE: coordinate (16.87651324,0.5282904001) has been dropped because of a coord
inate filter. (see also unbounded coords=jump). 
NOTE: coordinate (16.88056406,0.5046702049) has been dropped because of a coord
inate filter. (see also unbounded coords=jump). 
NOTE: coordinate (16.88461487,0.4836733603) has been dropped because of a coord
inate filter. (see also unbounded coords=jump). 
NOTE: coordinate (16.88866569,0.5040512411) has been dropped because of a coord
inate filter. (see also unbounded coords=jump). 
NOTE: coordinate (16.89271651,0.5322557963) has been dropped because of a coord
inate filter. (see also unbounded coords=jump). 
NOTE: coordinate (16.89676733,0.5343537009) has been dropped because of a coord
inate filter. (see also unbounded coords=jump). 
NOTE: coordinate (16.90081815,0.5352745656) has been dropped because of a coord
inate filter. (see also unbounded coords=jump). 
NOTE: coordinate (16.90486896,0.5465463558) has been dropped because of a coord
inate filter. (see also unbounded coords=jump). 
NOTE: coordinate (16.90891978,0.5923012053) has been dropped because of a coord
inate filter. (see also unbounded coords=jump). 
NOTE: coordinate (16.9129706,0.6312865234) has been dropped because of a coordi
nate filter. (see also unbounded coords=jump). 
NOTE: coordinate (16.91702142,0.6598266303) has been dropped because of a coord
inate filter. (see also unbounded coords=jump). 
NOTE: coordinate (16.92107224,0.7067837453) has been dropped because of a coord
inate filter. (see also unbounded coords=jump). 
NOTE: coordinate (16.92512305,0.7419610875) has been dropped because of a coord
inate filter. (see also unbounded coords=jump). 
NOTE: coordinate (16.92917387,0.7533591007) has been dropped because of a coord
inate filter. (see also unbounded coords=jump). 
NOTE: coordinate (16.93322469,0.7632150223) has been dropped because of a coord
inate filter. (see also unbounded coords=jump). 
NOTE: coordinate (16.93727551,0.7514629916) has been dropped because of a coord
inate filter. (see also unbounded coords=jump). 
NOTE: coordinate (16.94132632,0.742754249) has been dropped because of a coordi
nate filter. (see also unbounded coords=jump). 
NOTE: coordinate (16.94537714,0.749643341) has been dropped because of a coordi
nate filter. (see also unbounded coords=jump). 
NOTE: coordinate (16.94942796,0.7620035583) has been dropped because of a coord
inate filter. (see also unbounded coords=jump). 
NOTE: coordinate (16.95347878,0.7663008326) has been dropped because of a coord
inate filter. (see also unbounded coords=jump). 
NOTE: coordinate (16.9575296,0.767230596) has been dropped because of a coordin
ate filter. (see also unbounded coords=jump). 
NOTE: coordinate (16.96158041,0.7430826822) has been dropped because of a coord
inate filter. (see also unbounded coords=jump). 
NOTE: coordinate (16.96563123,0.7420738536) has been dropped because of a coord
inate filter. (see also unbounded coords=jump). 
NOTE: coordinate (16.96968205,0.737490335) has been dropped because of a coordi
nate filter. (see also unbounded coords=jump). 
NOTE: coordinate (16.97373287,0.7466667232) has been dropped because of a coord
inate filter. (see also unbounded coords=jump). 
NOTE: coordinate (16.97778369,0.7292892382) has been dropped because of a coord
inate filter. (see also unbounded coords=jump). 
NOTE: coordinate (16.9818345,0.7041327273) has been dropped because of a coordi
nate filter. (see also unbounded coords=jump). 
NOTE: coordinate (16.98588532,0.6681687426) has been dropped because of a coord
inate filter. (see also unbounded coords=jump). 
NOTE: coordinate (16.98993614,0.6140418794) has been dropped because of a coord
inate filter. (see also unbounded coords=jump). 
NOTE: coordinate (16.99398696,0.5772833557) has been dropped because of a coord
inate filter. (see also unbounded coords=jump). 
NOTE: coordinate (16.99803778,0.5688110373) has been dropped because of a coord
inate filter. (see also unbounded coords=jump). 
NOTE: coordinate (17.00208859,0.5443530982) has been dropped because of a coord
inate filter. (see also unbounded coords=jump). 
NOTE: coordinate (17.00613941,0.5195181541) has been dropped because of a coord
inate filter. (see also unbounded coords=jump). 
NOTE: coordinate (17.01019023,0.4976800956) has been dropped because of a coord
inate filter. (see also unbounded coords=jump). 
NOTE: coordinate (17.01424105,0.482144767) has been dropped because of a coordi
nate filter. (see also unbounded coords=jump). 
NOTE: coordinate (17.01829186,0.4940047674) has been dropped because of a coord
inate filter. (see also unbounded coords=jump). 
NOTE: coordinate (17.02234268,0.4813651867) has been dropped because of a coord
inate filter. (see also unbounded coords=jump). 
NOTE: coordinate (17.0263935,0.4410054623) has been dropped because of a coordi
nate filter. (see also unbounded coords=jump). 
NOTE: coordinate (17.03044432,0.4082219658) has been dropped because of a coord
inate filter. (see also unbounded coords=jump). 
NOTE: coordinate (17.03449514,0.3992166869) has been dropped because of a coord
inate filter. (see also unbounded coords=jump). 
NOTE: coordinate (17.03854595,0.3823611114) has been dropped because of a coord
inate filter. (see also unbounded coords=jump). 
NOTE: coordinate (17.04259677,0.3718694275) has been dropped because of a coord
inate filter. (see also unbounded coords=jump). 
NOTE: coordinate (17.04664759,0.3585962886) has been dropped because of a coord
inate filter. (see also unbounded coords=jump). 
NOTE: coordinate (17.05069841,0.3751354215) has been dropped because of a coord
inate filter. (see also unbounded coords=jump). 
NOTE: coordinate (17.05474923,0.3924164793) has been dropped because of a coord
inate filter. (see also unbounded coords=jump). 
NOTE: coordinate (17.05880004,0.4245267735) has been dropped because of a coord
inate filter. (see also unbounded coords=jump). 
NOTE: coordinate (17.06285086,0.4406193932) has been dropped because of a coord
inate filter. (see also unbounded coords=jump). 
NOTE: coordinate (17.06690168,0.4682765933) has been dropped because of a coord
inate filter. (see also unbounded coords=jump). 
NOTE: coordinate (17.0709525,0.5010927972) has been dropped because of a coordi
nate filter. (see also unbounded coords=jump). 
NOTE: coordinate (17.07500332,0.5296892109) has been dropped because of a coord
inate filter. (see also unbounded coords=jump). 
NOTE: coordinate (17.07905413,0.5381443348) has been dropped because of a coord
inate filter. (see also unbounded coords=jump). 
NOTE: coordinate (17.08310495,0.5848098358) has been dropped because of a coord
inate filter. (see also unbounded coords=jump). 
NOTE: coordinate (17.08715577,0.6327381888) has been dropped because of a coord
inate filter. (see also unbounded coords=jump). 
NOTE: coordinate (17.09120659,0.6388163172) has been dropped because of a coord
inate filter. (see also unbounded coords=jump). 
NOTE: coordinate (17.0952574,0.6531524884) has been dropped because of a coordi
nate filter. (see also unbounded coords=jump). 
NOTE: coordinate (17.09930822,0.649646342) has been dropped because of a coordi
nate filter. (see also unbounded coords=jump). 
NOTE: coordinate (17.10335904,0.6307481847) has been dropped because of a coord
inate filter. (see also unbounded coords=jump). 
NOTE: coordinate (17.10740986,0.6216011583) has been dropped because of a coord
inate filter. (see also unbounded coords=jump). 
NOTE: coordinate (17.11146068,0.5886650273) has been dropped because of a coord
inate filter. (see also unbounded coords=jump). 
NOTE: coordinate (17.11551149,0.5869736412) has been dropped because of a coord
inate filter. (see also unbounded coords=jump). 
NOTE: coordinate (17.11956231,0.5941971244) has been dropped because of a coord
inate filter. (see also unbounded coords=jump). 
NOTE: coordinate (17.12361313,0.5964104572) has been dropped because of a coord
inate filter. (see also unbounded coords=jump). 
NOTE: coordinate (17.12766395,0.596333004) has been dropped because of a coordi
nate filter. (see also unbounded coords=jump). 
NOTE: coordinate (17.13171477,0.5955795762) has been dropped because of a coord
inate filter. (see also unbounded coords=jump). 
NOTE: coordinate (17.13576558,0.6051389173) has been dropped because of a coord
inate filter. (see also unbounded coords=jump). 
NOTE: coordinate (17.1398164,0.6077020021) has been dropped because of a coordi
nate filter. (see also unbounded coords=jump). 
NOTE: coordinate (17.14386722,0.6080345159) has been dropped because of a coord
inate filter. (see also unbounded coords=jump). 
NOTE: coordinate (17.14791804,0.5881608121) has been dropped because of a coord
inate filter. (see also unbounded coords=jump). 
NOTE: coordinate (17.15196886,0.5632423236) has been dropped because of a coord
inate filter. (see also unbounded coords=jump). 
NOTE: coordinate (17.15601967,0.5206243374) has been dropped because of a coord
inate filter. (see also unbounded coords=jump). 
NOTE: coordinate (17.16007049,0.4925181774) has been dropped because of a coord
inate filter. (see also unbounded coords=jump). 
NOTE: coordinate (17.16412131,0.459546204) has been dropped because of a coordi
nate filter. (see also unbounded coords=jump). 
NOTE: coordinate (17.16817213,0.4152655916) has been dropped because of a coord
inate filter. (see also unbounded coords=jump). 
NOTE: coordinate (17.17222294,0.376830856) has been dropped because of a coordi
nate filter. (see also unbounded coords=jump). 
NOTE: coordinate (17.17627376,0.3153496048) has been dropped because of a coord
inate filter. (see also unbounded coords=jump). 
NOTE: coordinate (17.18032458,0.2499606761) has been dropped because of a coord
inate filter. (see also unbounded coords=jump). 
NOTE: coordinate (17.1843754,0.2077797284) has been dropped because of a coordi
nate filter. (see also unbounded coords=jump). 
NOTE: coordinate (17.18842622,0.1865081678) has been dropped because of a coord
inate filter. (see also unbounded coords=jump). 
NOTE: coordinate (17.19247703,0.1848639876) has been dropped because of a coord
inate filter. (see also unbounded coords=jump). 
NOTE: coordinate (17.19652785,0.1676839214) has been dropped because of a coord
inate filter. (see also unbounded coords=jump). 
NOTE: coordinate (17.20057867,0.1260527254) has been dropped because of a coord
inate filter. (see also unbounded coords=jump). 
NOTE: coordinate (17.20462949,0.08096443595) has been dropped because of a coor
dinate filter. (see also unbounded coords=jump). 
NOTE: coordinate (17.20868031,0.05680909844) has been dropped because of a coor
dinate filter. (see also unbounded coords=jump). 
NOTE: coordinate (17.21273112,0.05185448364) has been dropped because of a coor
dinate filter. (see also unbounded coords=jump). 
NOTE: coordinate (17.21678194,0.05920565843) has been dropped because of a coor
dinate filter. (see also unbounded coords=jump). 
NOTE: coordinate (17.22083276,0.09230767164) has been dropped because of a coor
dinate filter. (see also unbounded coords=jump). 
NOTE: coordinate (17.22488358,0.09234070351) has been dropped because of a coor
dinate filter. (see also unbounded coords=jump). 
NOTE: coordinate (17.2289344,0.08539021169) has been dropped because of a coord
inate filter. (see also unbounded coords=jump). 
NOTE: coordinate (17.23298521,0.0669399403) has been dropped because of a coord
inate filter. (see also unbounded coords=jump). 
NOTE: coordinate (17.23703603,0.05052275133) has been dropped because of a coor
dinate filter. (see also unbounded coords=jump). 
NOTE: coordinate (17.24108685,0.04344458783) has been dropped because of a coor
dinate filter. (see also unbounded coords=jump). 
NOTE: coordinate (17.24513767,0.03417617081) has been dropped because of a coor
dinate filter. (see also unbounded coords=jump). 
NOTE: coordinate (17.24918848,0.02683838305) has been dropped because of a coor
dinate filter. (see also unbounded coords=jump). 
NOTE: coordinate (17.2532393,0.005165377462) has been dropped because of a coor
dinate filter. (see also unbounded coords=jump). 
NOTE: coordinate (17.25729012,-0.03241490151) has been dropped because of a coo
rdinate filter. (see also unbounded coords=jump). 
NOTE: coordinate (17.26134094,-0.0780608049) has been dropped because of a coor
dinate filter. (see also unbounded coords=jump). 
NOTE: coordinate (17.26539176,-0.08497980408) has been dropped because of a coo
rdinate filter. (see also unbounded coords=jump). 
NOTE: coordinate (17.26944257,-0.1213982898) has been dropped because of a coor
dinate filter. (see also unbounded coords=jump). 
NOTE: coordinate (17.27349339,-0.1543088189) has been dropped because of a coor
dinate filter. (see also unbounded coords=jump). 
NOTE: coordinate (17.27754421,-0.1618708987) has been dropped because of a coor
dinate filter. (see also unbounded coords=jump). 
NOTE: coordinate (17.28159503,-0.1792987741) has been dropped because of a coor
dinate filter. (see also unbounded coords=jump). 
NOTE: coordinate (17.28564585,-0.1609412312) has been dropped because of a coor
dinate filter. (see also unbounded coords=jump). 
NOTE: coordinate (17.28969666,-0.1331987745) has been dropped because of a coor
dinate filter. (see also unbounded coords=jump). 
NOTE: coordinate (17.29374748,-0.1228017743) has been dropped because of a coor
dinate filter. (see also unbounded coords=jump). 
NOTE: coordinate (17.2977983,-0.1200946553) has been dropped because of a coord
inate filter. (see also unbounded coords=jump). 
NOTE: coordinate (17.30184912,-0.1049992465) has been dropped because of a coor
dinate filter. (see also unbounded coords=jump). 
NOTE: coordinate (17.30589994,-0.08699105314) has been dropped because of a coo
rdinate filter. (see also unbounded coords=jump). 
NOTE: coordinate (17.30995075,-0.07241372935) has been dropped because of a coo
rdinate filter. (see also unbounded coords=jump). 
NOTE: coordinate (17.31400157,-0.05117346835) has been dropped because of a coo
rdinate filter. (see also unbounded coords=jump). 
NOTE: coordinate (17.31805239,-0.0337679399) has been dropped because of a coor
dinate filter. (see also unbounded coords=jump). 
NOTE: coordinate (17.32210321,-0.001090878169) has been dropped because of a co
ordinate filter. (see also unbounded coords=jump). 
NOTE: coordinate (17.32615402,0.01944671134) has been dropped because of a coor
dinate filter. (see also unbounded coords=jump). 
NOTE: coordinate (17.33020484,0.03172122643) has been dropped because of a coor
dinate filter. (see also unbounded coords=jump). 
NOTE: coordinate (17.33425566,0.03097009077) has been dropped because of a coor
dinate filter. (see also unbounded coords=jump). 
NOTE: coordinate (17.33830648,0.04538857178) has been dropped because of a coor
dinate filter. (see also unbounded coords=jump). 
NOTE: coordinate (17.3423573,0.04569204182) has been dropped because of a coord
inate filter. (see also unbounded coords=jump). 
NOTE: coordinate (17.34640811,0.0569989938) has been dropped because of a coord
inate filter. (see also unbounded coords=jump). 
NOTE: coordinate (17.35045893,0.06396602867) has been dropped because of a coor
dinate filter. (see also unbounded coords=jump). 
NOTE: coordinate (17.35450975,0.07620613599) has been dropped because of a coor
dinate filter. (see also unbounded coords=jump). 
NOTE: coordinate (17.35856057,0.09443694448) has been dropped because of a coor
dinate filter. (see also unbounded coords=jump). 
NOTE: coordinate (17.36261139,0.1028320596) has been dropped because of a coord
inate filter. (see also unbounded coords=jump). 
NOTE: coordinate (17.3666622,0.1352199389) has been dropped because of a coordi
nate filter. (see also unbounded coords=jump). 
NOTE: coordinate (17.37071302,0.1413775984) has been dropped because of a coord
inate filter. (see also unbounded coords=jump). 
NOTE: coordinate (17.37476384,0.1782982209) has been dropped because of a coord
inate filter. (see also unbounded coords=jump). 
NOTE: coordinate (17.37881466,0.2000154747) has been dropped because of a coord
inate filter. (see also unbounded coords=jump). 
NOTE: coordinate (17.38286548,0.1776026399) has been dropped because of a coord
inate filter. (see also unbounded coords=jump). 
NOTE: coordinate (17.38691629,0.1315858909) has been dropped because of a coord
inate filter. (see also unbounded coords=jump). 
NOTE: coordinate (17.39096711,0.101075455) has been dropped because of a coordi
nate filter. (see also unbounded coords=jump). 
NOTE: coordinate (17.39501793,0.0790447685) has been dropped because of a coord
inate filter. (see also unbounded coords=jump). 
NOTE: coordinate (17.39906875,0.05334281259) has been dropped because of a coor
dinate filter. (see also unbounded coords=jump). 
NOTE: coordinate (17.40311956,0.01804865208) has been dropped because of a coor
dinate filter. (see also unbounded coords=jump). 
NOTE: coordinate (17.40717038,-0.01551613838) has been dropped because of a coo
rdinate filter. (see also unbounded coords=jump). 
NOTE: coordinate (17.4112212,-0.05033014562) has been dropped because of a coor
dinate filter. (see also unbounded coords=jump). 
NOTE: coordinate (17.41527202,-0.08415332872) has been dropped because of a coo
rdinate filter. (see also unbounded coords=jump). 
NOTE: coordinate (17.41932284,-0.1521848949) has been dropped because of a coor
dinate filter. (see also unbounded coords=jump). 
NOTE: coordinate (17.42337365,-0.2064774109) has been dropped because of a coor
dinate filter. (see also unbounded coords=jump). 
NOTE: coordinate (17.42742447,-0.2784367986) has been dropped because of a coor
dinate filter. (see also unbounded coords=jump). 
NOTE: coordinate (17.43147529,-0.3403408857) has been dropped because of a coor
dinate filter. (see also unbounded coords=jump). 
NOTE: coordinate (17.43552611,-0.4311285913) has been dropped because of a coor
dinate filter. (see also unbounded coords=jump). 
NOTE: coordinate (17.43957693,-0.4967326109) has been dropped because of a coor
dinate filter. (see also unbounded coords=jump). 
NOTE: coordinate (17.44362774,-0.5240051054) has been dropped because of a coor
dinate filter. (see also unbounded coords=jump). 
NOTE: coordinate (17.44767856,-0.5269597085) has been dropped because of a coor
dinate filter. (see also unbounded coords=jump). 
NOTE: coordinate (17.45172938,-0.5207408986) has been dropped because of a coor
dinate filter. (see also unbounded coords=jump). 
NOTE: coordinate (17.4557802,-0.5012757534) has been dropped because of a coord
inate filter. (see also unbounded coords=jump). 
NOTE: coordinate (17.45983102,-0.4868795429) has been dropped because of a coor
dinate filter. (see also unbounded coords=jump). 
NOTE: coordinate (17.46388183,-0.4608245199) has been dropped because of a coor
dinate filter. (see also unbounded coords=jump). 
NOTE: coordinate (17.46793265,-0.4281098885) has been dropped because of a coor
dinate filter. (see also unbounded coords=jump). 
NOTE: coordinate (17.47198347,-0.4252150413) has been dropped because of a coor
dinate filter. (see also unbounded coords=jump). 
NOTE: coordinate (17.47603429,-0.4270924424) has been dropped because of a coor
dinate filter. (see also unbounded coords=jump). 
NOTE: coordinate (17.4800851,-0.398322439) has been dropped because of a coordi
nate filter. (see also unbounded coords=jump). 
NOTE: coordinate (17.48413592,-0.3724924004) has been dropped because of a coor
dinate filter. (see also unbounded coords=jump). 
NOTE: coordinate (17.48818674,-0.3764610032) has been dropped because of a coor
dinate filter. (see also unbounded coords=jump). 
NOTE: coordinate (17.49223756,-0.3916974294) has been dropped because of a coor
dinate filter. (see also unbounded coords=jump). 
NOTE: coordinate (17.49628838,-0.4067002569) has been dropped because of a coor
dinate filter. (see also unbounded coords=jump). 
NOTE: coordinate (17.50033919,-0.431401915) has been dropped because of a coord
inate filter. (see also unbounded coords=jump). 
NOTE: coordinate (17.50439001,-0.4419119678) has been dropped because of a coor
dinate filter. (see also unbounded coords=jump). 
PGFPlots: reading {data/explicit-diag-2.dat}
NOTE: coordinate (9.212365781,0.1429365253) has been dropped because of a coord
inate filter. (see also unbounded coords=jump). 
NOTE: coordinate (9.216416599,0.1597182859) has been dropped because of a coord
inate filter. (see also unbounded coords=jump). 
NOTE: coordinate (9.220467417,0.1751893895) has been dropped because of a coord
inate filter. (see also unbounded coords=jump). 
NOTE: coordinate (9.224518235,0.1891024753) has been dropped because of a coord
inate filter. (see also unbounded coords=jump). 
NOTE: coordinate (9.228569053,0.2012443383) has been dropped because of a coord
inate filter. (see also unbounded coords=jump). 
NOTE: coordinate (9.23261987,0.2114392851) has been dropped because of a coordi
nate filter. (see also unbounded coords=jump). 
NOTE: coordinate (9.236670688,0.2195513419) has been dropped because of a coord
inate filter. (see also unbounded coords=jump). 
NOTE: coordinate (9.240721506,0.2254852878) has been dropped because of a coord
inate filter. (see also unbounded coords=jump). 
NOTE: coordinate (9.244772324,0.2291865229) has been dropped because of a coord
inate filter. (see also unbounded coords=jump). 
NOTE: coordinate (9.248823142,0.2306398192) has been dropped because of a coord
inate filter. (see also unbounded coords=jump). 
NOTE: coordinate (9.25287396,0.2298670356) has been dropped because of a coordi
nate filter. (see also unbounded coords=jump). 
NOTE: coordinate (9.256924778,0.2269239103) has been dropped because of a coord
inate filter. (see also unbounded coords=jump). 
NOTE: coordinate (9.260975596,0.221896071) has been dropped because of a coordi
nate filter. (see also unbounded coords=jump). 
NOTE: coordinate (9.265026414,0.2148944265) has been dropped because of a coord
inate filter. (see also unbounded coords=jump). 
NOTE: coordinate (9.269077231,0.2060501172) has been dropped because of a coord
inate filter. (see also unbounded coords=jump). 
NOTE: coordinate (9.273128049,0.1955092147) has been dropped because of a coord
inate filter. (see also unbounded coords=jump). 
NOTE: coordinate (9.277178867,0.183427362) has been dropped because of a coordi
nate filter. (see also unbounded coords=jump). 
NOTE: coordinate (9.281229685,0.1699645442) has been dropped because of a coord
inate filter. (see also unbounded coords=jump). 
NOTE: coordinate (9.285280503,0.1552801681) has been dropped because of a coord
inate filter. (see also unbounded coords=jump). 
NOTE: coordinate (9.289331321,0.139528614) has been dropped because of a coordi
nate filter. (see also unbounded coords=jump). 
NOTE: coordinate (9.293382139,0.1228554035) has been dropped because of a coord
inate filter. (see also unbounded coords=jump). 
NOTE: coordinate (9.297432957,0.1053940969) has been dropped because of a coord
inate filter. (see also unbounded coords=jump). 
NOTE: coordinate (9.301483775,0.0872640085) has been dropped because of a coord
inate filter. (see also unbounded coords=jump). 
NOTE: coordinate (9.305534593,0.06856879148) has been dropped because of a coor
dinate filter. (see also unbounded coords=jump). 
NOTE: coordinate (9.30958541,0.04939591454) has been dropped because of a coord
inate filter. (see also unbounded coords=jump). 
NOTE: coordinate (9.313636228,0.02981701348) has been dropped because of a coor
dinate filter. (see also unbounded coords=jump). 
NOTE: coordinate (9.317687046,0.009889071106) has been dropped because of a coo
rdinate filter. (see also unbounded coords=jump). 
NOTE: coordinate (9.321737864,-0.01034365422) has been dropped because of a coo
rdinate filter. (see also unbounded coords=jump). 
NOTE: coordinate (9.325788682,-0.03084705844) has been dropped because of a coo
rdinate filter. (see also unbounded coords=jump). 
NOTE: coordinate (9.3298395,-0.0515941113) has been dropped because of a coordi
nate filter. (see also unbounded coords=jump). 
NOTE: coordinate (9.333890318,-0.07256141521) has been dropped because of a coo
rdinate filter. (see also unbounded coords=jump). 
NOTE: coordinate (9.337941136,-0.09372556652) has been dropped because of a coo
rdinate filter. (see also unbounded coords=jump). 
NOTE: coordinate (9.341991954,-0.115059489) has been dropped because of a coord
inate filter. (see also unbounded coords=jump). 
NOTE: coordinate (9.346042771,-0.13652891) has been dropped because of a coordi
nate filter. (see also unbounded coords=jump). 
NOTE: coordinate (9.350093589,-0.1580891438) has been dropped because of a coor
dinate filter. (see also unbounded coords=jump). 
NOTE: coordinate (9.354144407,-0.1796823345) has been dropped because of a coor
dinate filter. (see also unbounded coords=jump). 
NOTE: coordinate (9.358195225,-0.2012352931) has been dropped because of a coor
dinate filter. (see also unbounded coords=jump). 
NOTE: coordinate (9.362246043,-0.222658041) has been dropped because of a coord
inate filter. (see also unbounded coords=jump). 
NOTE: coordinate (9.366296861,-0.2438431442) has been dropped because of a coor
dinate filter. (see also unbounded coords=jump). 
NOTE: coordinate (9.370347679,-0.264665892) has been dropped because of a coord
inate filter. (see also unbounded coords=jump). 
NOTE: coordinate (9.374398497,-0.2849853431) has been dropped because of a coor
dinate filter. (see also unbounded coords=jump). 
NOTE: coordinate (9.378449315,-0.3046462257) has been dropped because of a coor
dinate filter. (see also unbounded coords=jump). 
NOTE: coordinate (9.382500133,-0.3234816479) has been dropped because of a coor
dinate filter. (see also unbounded coords=jump). 
NOTE: coordinate (9.38655095,-0.34131654) has been dropped because of a coordin
ate filter. (see also unbounded coords=jump). 
NOTE: coordinate (9.390601768,-0.3579717233) has been dropped because of a coor
dinate filter. (see also unbounded coords=jump). 
NOTE: coordinate (9.394652586,-0.3732684722) has been dropped because of a coor
dinate filter. (see also unbounded coords=jump). 
NOTE: coordinate (9.398703404,-0.3870334181) has been dropped because of a coor
dinate filter. (see also unbounded coords=jump). 
NOTE: coordinate (9.402754222,-0.3991036254) has been dropped because of a coor
dinate filter. (see also unbounded coords=jump). 
NOTE: coordinate (9.40680504,-0.4093316622) has been dropped because of a coord
inate filter. (see also unbounded coords=jump). 
NOTE: coordinate (9.410855858,-0.4175904837) has been dropped because of a coor
dinate filter. (see also unbounded coords=jump). 
NOTE: coordinate (9.414906676,-0.4237779503) has been dropped because of a coor
dinate filter. (see also unbounded coords=jump). 
NOTE: coordinate (9.418957494,-0.4278208134) has been dropped because of a coor
dinate filter. (see also unbounded coords=jump). 
NOTE: coordinate (9.423008311,-0.4296780138) has been dropped because of a coor
dinate filter. (see also unbounded coords=jump). 
NOTE: coordinate (9.427059129,-0.4293431646) has been dropped because of a coor
dinate filter. (see also unbounded coords=jump). 
NOTE: coordinate (9.431109947,-0.4268461109) has been dropped because of a coor
dinate filter. (see also unbounded coords=jump). 
NOTE: coordinate (9.435160765,-0.4222534948) has been dropped because of a coor
dinate filter. (see also unbounded coords=jump). 
NOTE: coordinate (9.439211583,-0.415668281) has been dropped because of a coord
inate filter. (see also unbounded coords=jump). 
NOTE: coordinate (9.443262401,-0.4072282396) has been dropped because of a coor
dinate filter. (see also unbounded coords=jump). 
NOTE: coordinate (9.447313219,-0.397103412) has been dropped because of a coord
inate filter. (see also unbounded coords=jump). 
NOTE: coordinate (9.451364037,-0.3854926258) has been dropped because of a coor
dinate filter. (see also unbounded coords=jump). 
NOTE: coordinate (9.455414855,-0.3726191532) has been dropped because of a coor
dinate filter. (see also unbounded coords=jump). 
NOTE: coordinate (9.459465673,-0.3587256386) has been dropped because of a coor
dinate filter. (see also unbounded coords=jump). 
NOTE: coordinate (9.46351649,-0.3440684484) has been dropped because of a coord
inate filter. (see also unbounded coords=jump). 
NOTE: coordinate (9.467567308,-0.3289116116) has been dropped because of a coor
dinate filter. (see also unbounded coords=jump). 
NOTE: coordinate (9.471618126,-0.3135205399) has been dropped because of a coor
dinate filter. (see also unbounded coords=jump). 
NOTE: coordinate (9.475668944,-0.2981557199) has been dropped because of a coor
dinate filter. (see also unbounded coords=jump). 
NOTE: coordinate (9.479719762,-0.283066574) has been dropped because of a coord
inate filter. (see also unbounded coords=jump). 
NOTE: coordinate (9.48377058,-0.268485681) has been dropped because of a coordi
nate filter. (see also unbounded coords=jump). 
NOTE: coordinate (9.487821398,-0.2546235348) has been dropped because of a coor
dinate filter. (see also unbounded coords=jump). 
NOTE: coordinate (9.491872216,-0.2416640042) has been dropped because of a coor
dinate filter. (see also unbounded coords=jump). 
NOTE: coordinate (9.495923034,-0.2297606299) has been dropped because of a coor
dinate filter. (see also unbounded coords=jump). 
NOTE: coordinate (9.499973851,-0.2190338709) has been dropped because of a coor
dinate filter. (see also unbounded coords=jump). 
NOTE: coordinate (9.504024669,-0.2095693773) has been dropped because of a coor
dinate filter. (see also unbounded coords=jump). 
NOTE: coordinate (9.508075487,-0.2014173336) has been dropped because of a coor
dinate filter. (see also unbounded coords=jump). 
NOTE: coordinate (9.512126305,-0.1945928805) has been dropped because of a coor
dinate filter. (see also unbounded coords=jump). 
NOTE: coordinate (9.516177123,-0.1890775875) has been dropped because of a coor
dinate filter. (see also unbounded coords=jump). 
NOTE: coordinate (9.520227941,-0.1848219121) has been dropped because of a coor
dinate filter. (see also unbounded coords=jump). 
NOTE: coordinate (9.524278759,-0.181748549) has been dropped because of a coord
inate filter. (see also unbounded coords=jump). 
NOTE: coordinate (9.528329577,-0.1797565449) has been dropped because of a coor
dinate filter. (see also unbounded coords=jump). 
NOTE: coordinate (9.532380395,-0.1787260269) has been dropped because of a coor
dinate filter. (see also unbounded coords=jump). 
NOTE: coordinate (9.536431213,-0.178523374) has been dropped because of a coord
inate filter. (see also unbounded coords=jump). 
NOTE: coordinate (9.54048203,-0.1790066471) has been dropped because of a coord
inate filter. (see also unbounded coords=jump). 
NOTE: coordinate (9.544532848,-0.1800310862) has been dropped because of a coor
dinate filter. (see also unbounded coords=jump). 
NOTE: coordinate (9.548583666,-0.1814544805) has been dropped because of a coor
dinate filter. (see also unbounded coords=jump). 
NOTE: coordinate (9.552634484,-0.1831422268) has been dropped because of a coor
dinate filter. (see also unbounded coords=jump). 
NOTE: coordinate (9.556685302,-0.1849718995) has been dropped because of a coor
dinate filter. (see also unbounded coords=jump). 
NOTE: coordinate (9.56073612,-0.1868371784) has been dropped because of a coord
inate filter. (see also unbounded coords=jump). 
NOTE: coordinate (9.564786938,-0.1886510002) has been dropped because of a coor
dinate filter. (see also unbounded coords=jump). 
NOTE: coordinate (9.568837756,-0.1903478312) has been dropped because of a coor
dinate filter. (see also unbounded coords=jump). 
NOTE: coordinate (9.572888574,-0.1918849899) has been dropped because of a coor
dinate filter. (see also unbounded coords=jump). 
NOTE: coordinate (9.576939391,-0.1932429793) has been dropped because of a coor
dinate filter. (see also unbounded coords=jump). 
NOTE: coordinate (9.580990209,-0.1944248304) has been dropped because of a coor
dinate filter. (see also unbounded coords=jump). 
NOTE: coordinate (9.585041027,-0.1954544873) has been dropped because of a coor
dinate filter. (see also unbounded coords=jump). 
NOTE: coordinate (9.589091845,-0.1963743034) has been dropped because of a coor
dinate filter. (see also unbounded coords=jump). 
NOTE: coordinate (9.593142663,-0.1972417475) has been dropped because of a coor
dinate filter. (see also unbounded coords=jump). 
NOTE: coordinate (9.597193481,-0.1981254483) has been dropped because of a coor
dinate filter. (see also unbounded coords=jump). 
NOTE: coordinate (9.601244299,-0.1991007273) has been dropped because of a coor
dinate filter. (see also unbounded coords=jump). 
NOTE: coordinate (9.605295117,-0.2002447918) has been dropped because of a coor
dinate filter. (see also unbounded coords=jump). 
NOTE: coordinate (9.609345935,-0.201631769) has been dropped because of a coord
inate filter. (see also unbounded coords=jump). 
NOTE: coordinate (9.613396753,-0.2033277701) has been dropped because of a coor
dinate filter. (see also unbounded coords=jump). 
NOTE: coordinate (9.61744757,-0.2053861725) has been dropped because of a coord
inate filter. (see also unbounded coords=jump). 
NOTE: coordinate (9.621498388,-0.2078432995) has been dropped because of a coor
dinate filter. (see also unbounded coords=jump). 
NOTE: coordinate (9.625549206,-0.2107146669) has been dropped because of a coor
dinate filter. (see also unbounded coords=jump). 
NOTE: coordinate (9.629600024,-0.2139919423) has been dropped because of a coor
dinate filter. (see also unbounded coords=jump). 
NOTE: coordinate (9.633650842,-0.2176407429) has been dropped because of a coor
dinate filter. (see also unbounded coords=jump). 
NOTE: coordinate (9.63770166,-0.2215993654) has been dropped because of a coord
inate filter. (see also unbounded coords=jump). 
NOTE: coordinate (9.641752478,-0.2257785113) has been dropped because of a coor
dinate filter. (see also unbounded coords=jump). 
NOTE: coordinate (9.645803296,-0.2300620377) has been dropped because of a coor
dinate filter. (see also unbounded coords=jump). 
NOTE: coordinate (9.649854114,-0.2343087262) has been dropped because of a coor
dinate filter. (see also unbounded coords=jump). 
NOTE: coordinate (9.653904931,-0.2383550281) has been dropped because of a coor
dinate filter. (see also unbounded coords=jump). 
NOTE: coordinate (9.657955749,-0.2420187129) has been dropped because of a coor
dinate filter. (see also unbounded coords=jump). 
NOTE: coordinate (9.662006567,-0.2451033124) has been dropped because of a coor
dinate filter. (see also unbounded coords=jump). 
NOTE: coordinate (9.666057385,-0.2474032271) has been dropped because of a coor
dinate filter. (see also unbounded coords=jump). 
NOTE: coordinate (9.670108203,-0.2487093382) has been dropped because of a coor
dinate filter. (see also unbounded coords=jump). 
NOTE: coordinate (9.674159021,-0.2488149514) has been dropped because of a coor
dinate filter. (see also unbounded coords=jump). 
NOTE: coordinate (9.678209839,-0.2475218837) has been dropped because of a coor
dinate filter. (see also unbounded coords=jump). 
NOTE: coordinate (9.682260657,-0.2446465034) has been dropped because of a coor
dinate filter. (see also unbounded coords=jump). 
NOTE: coordinate (9.686311475,-0.2400255296) has been dropped because of a coor
dinate filter. (see also unbounded coords=jump). 
NOTE: coordinate (9.690362293,-0.2335214062) has been dropped because of a coor
dinate filter. (see also unbounded coords=jump). 
NOTE: coordinate (9.69441311,-0.2250270795) has been dropped because of a coord
inate filter. (see also unbounded coords=jump). 
NOTE: coordinate (9.698463928,-0.2144700247) has been dropped because of a coor
dinate filter. (see also unbounded coords=jump). 
NOTE: coordinate (9.702514746,-0.2018153917) has been dropped because of a coor
dinate filter. (see also unbounded coords=jump). 
NOTE: coordinate (9.706565564,-0.1870681683) has been dropped because of a coor
dinate filter. (see also unbounded coords=jump). 
NOTE: coordinate (9.710616382,-0.1702742882) has been dropped because of a coor
dinate filter. (see also unbounded coords=jump). 
NOTE: coordinate (9.7146672,-0.151520646) has been dropped because of a coordin
ate filter. (see also unbounded coords=jump). 
NOTE: coordinate (9.718718018,-0.1309340151) has been dropped because of a coor
dinate filter. (see also unbounded coords=jump). 
NOTE: coordinate (9.722768836,-0.1086788966) has been dropped because of a coor
dinate filter. (see also unbounded coords=jump). 
NOTE: coordinate (9.726819654,-0.08495436283) has been dropped because of a coo
rdinate filter. (see also unbounded coords=jump). 
NOTE: coordinate (9.730870471,-0.0599899871) has been dropped because of a coor
dinate filter. (see also unbounded coords=jump). 
NOTE: coordinate (9.734921289,-0.03404098076) has been dropped because of a coo
rdinate filter. (see also unbounded coords=jump). 
NOTE: coordinate (9.738972107,-0.007382679605) has been dropped because of a co
ordinate filter. (see also unbounded coords=jump). 
NOTE: coordinate (9.743022925,0.01969545805) has been dropped because of a coor
dinate filter. (see also unbounded coords=jump). 
NOTE: coordinate (9.747073743,0.04689616746) has been dropped because of a coor
dinate filter. (see also unbounded coords=jump). 
NOTE: coordinate (9.751124561,0.07392082569) has been dropped because of a coor
dinate filter. (see also unbounded coords=jump). 
NOTE: coordinate (9.755175379,0.1004758487) has been dropped because of a coord
inate filter. (see also unbounded coords=jump). 
NOTE: coordinate (9.759226197,0.1262788583) has been dropped because of a coord
inate filter. (see also unbounded coords=jump). 
NOTE: coordinate (9.763277015,0.1510644501) has been dropped because of a coord
inate filter. (see also unbounded coords=jump). 
NOTE: coordinate (9.767327833,0.1745894078) has been dropped because of a coord
inate filter. (see also unbounded coords=jump). 
NOTE: coordinate (9.77137865,0.1966372312) has been dropped because of a coordi
nate filter. (see also unbounded coords=jump). 
NOTE: coordinate (9.775429468,0.2170218655) has been dropped because of a coord
inate filter. (see also unbounded coords=jump). 
NOTE: coordinate (9.779480286,0.2355905497) has been dropped because of a coord
inate filter. (see also unbounded coords=jump). 
NOTE: coordinate (9.783531104,0.2522257273) has been dropped because of a coord
inate filter. (see also unbounded coords=jump). 
NOTE: coordinate (9.787581922,0.2668459961) has been dropped because of a coord
inate filter. (see also unbounded coords=jump). 
NOTE: coordinate (9.79163274,0.2794060996) has been dropped because of a coordi
nate filter. (see also unbounded coords=jump). 
NOTE: coordinate (9.795683558,0.2898959962) has been dropped because of a coord
inate filter. (see also unbounded coords=jump). 
NOTE: coordinate (9.799734376,0.2983390653) has been dropped because of a coord
inate filter. (see also unbounded coords=jump). 
NOTE: coordinate (9.803785194,0.3047895389) has been dropped because of a coord
inate filter. (see also unbounded coords=jump). 
NOTE: coordinate (9.807836011,0.3093292633) has been dropped because of a coord
inate filter. (see also unbounded coords=jump). 
NOTE: coordinate (9.811886829,0.3120639177) has been dropped because of a coord
inate filter. (see also unbounded coords=jump). 
NOTE: coordinate (9.815937647,0.3131188257) has been dropped because of a coord
inate filter. (see also unbounded coords=jump). 
NOTE: coordinate (9.819988465,0.3126345054) has been dropped because of a coord
inate filter. (see also unbounded coords=jump). 
NOTE: coordinate (9.824039283,0.310762106) has been dropped because of a coordi
nate filter. (see also unbounded coords=jump). 
NOTE: coordinate (9.828090101,0.3076588767) has been dropped because of a coord
inate filter. (see also unbounded coords=jump). 
NOTE: coordinate (9.832140919,0.303483808) has been dropped because of a coordi
nate filter. (see also unbounded coords=jump). 
NOTE: coordinate (9.836191737,0.2983935717) has been dropped because of a coord
inate filter. (see also unbounded coords=jump). 
NOTE: coordinate (9.840242555,0.2925388742) has been dropped because of a coord
inate filter. (see also unbounded coords=jump). 
NOTE: coordinate (9.844293373,0.286061315) has been dropped because of a coordi
nate filter. (see also unbounded coords=jump). 
NOTE: coordinate (9.84834419,0.2790908266) has been dropped because of a coordi
nate filter. (see also unbounded coords=jump). 
NOTE: coordinate (9.852395008,0.2717437428) has been dropped because of a coord
inate filter. (see also unbounded coords=jump). 
NOTE: coordinate (9.856445826,0.2641215237) has been dropped because of a coord
inate filter. (see also unbounded coords=jump). 
NOTE: coordinate (9.860496644,0.2563101399) has been dropped because of a coord
inate filter. (see also unbounded coords=jump). 
NOTE: coordinate (9.864547462,0.2483800928) has been dropped because of a coord
inate filter. (see also unbounded coords=jump). 
NOTE: coordinate (9.86859828,0.2403870303) has been dropped because of a coordi
nate filter. (see also unbounded coords=jump). 
NOTE: coordinate (9.872649098,0.2323728942) has been dropped because of a coord
inate filter. (see also unbounded coords=jump). 
NOTE: coordinate (9.876699916,0.22436752) has been dropped because of a coordin
ate filter. (see also unbounded coords=jump). 
NOTE: coordinate (9.880750734,0.2163905969) has been dropped because of a coord
inate filter. (see also unbounded coords=jump). 
NOTE: coordinate (9.884801552,0.2084538839) has been dropped because of a coord
inate filter. (see also unbounded coords=jump). 
NOTE: coordinate (9.888852369,0.2005635761) has been dropped because of a coord
inate filter. (see also unbounded coords=jump). 
NOTE: coordinate (9.892903187,0.1927227085) has been dropped because of a coord
inate filter. (see also unbounded coords=jump). 
NOTE: coordinate (9.896954005,0.1849334926) has been dropped because of a coord
inate filter. (see also unbounded coords=jump). 
NOTE: coordinate (9.901004823,0.1771994821) has been dropped because of a coord
inate filter. (see also unbounded coords=jump). 
NOTE: coordinate (9.905055641,0.1695274783) has been dropped because of a coord
inate filter. (see also unbounded coords=jump). 
NOTE: coordinate (9.909106459,0.1619290965) has been dropped because of a coord
inate filter. (see also unbounded coords=jump). 
NOTE: coordinate (9.913157277,0.15442193) has been dropped because of a coordin
ate filter. (see also unbounded coords=jump). 
NOTE: coordinate (9.917208095,0.1470302683) has been dropped because of a coord
inate filter. (see also unbounded coords=jump). 
NOTE: coordinate (9.921258913,0.1397853432) has been dropped because of a coord
inate filter. (see also unbounded coords=jump). 
NOTE: coordinate (9.92530973,0.1327250956) has been dropped because of a coordi
nate filter. (see also unbounded coords=jump). 
NOTE: coordinate (9.929360548,0.1258934785) has been dropped because of a coord
inate filter. (see also unbounded coords=jump). 
NOTE: coordinate (9.933411366,0.1193393266) has been dropped because of a coord
inate filter. (see also unbounded coords=jump). 
NOTE: coordinate (9.937462184,0.113114843) has been dropped because of a coordi
nate filter. (see also unbounded coords=jump). 
NOTE: coordinate (9.941513002,0.1072737676) has been dropped because of a coord
inate filter. (see also unbounded coords=jump). 
NOTE: coordinate (9.94556382,0.1018693053) has been dropped because of a coordi
nate filter. (see also unbounded coords=jump). 
NOTE: coordinate (9.949614638,0.09695189981) has been dropped because of a coor
dinate filter. (see also unbounded coords=jump). 
NOTE: coordinate (9.953665456,0.09256694932) has been dropped because of a coor
dinate filter. (see also unbounded coords=jump). 
NOTE: coordinate (9.957716274,0.0887525577) has been dropped because of a coord
inate filter. (see also unbounded coords=jump). 
NOTE: coordinate (9.961767092,0.08553741942) has been dropped because of a coor
dinate filter. (see also unbounded coords=jump). 
NOTE: coordinate (9.965817909,0.08293892873) has been dropped because of a coor
dinate filter. (see also unbounded coords=jump). 
NOTE: coordinate (9.969868727,0.0809615975) has been dropped because of a coord
inate filter. (see also unbounded coords=jump). 
NOTE: coordinate (9.973919545,0.07959585504) has been dropped because of a coor
dinate filter. (see also unbounded coords=jump). 
NOTE: coordinate (9.977970363,0.07881729011) has been dropped because of a coor
dinate filter. (see also unbounded coords=jump). 
NOTE: coordinate (9.982021181,0.07858637949) has been dropped because of a coor
dinate filter. (see also unbounded coords=jump). 
NOTE: coordinate (9.986071999,0.07884873053) has been dropped because of a coor
dinate filter. (see also unbounded coords=jump). 
NOTE: coordinate (9.990122817,0.07953584669) has been dropped because of a coor
dinate filter. (see also unbounded coords=jump). 
NOTE: coordinate (9.994173635,0.0805664064) has been dropped because of a coord
inate filter. (see also unbounded coords=jump). 
NOTE: coordinate (9.998224453,0.08184802727) has been dropped because of a coor
dinate filter. (see also unbounded coords=jump). 
NOTE: coordinate (10.00227527,0.08327946975) has been dropped because of a coor
dinate filter. (see also unbounded coords=jump). 
NOTE: coordinate (10.00632609,0.08475321857) has been dropped because of a coor
dinate filter. (see also unbounded coords=jump). 
NOTE: coordinate (10.01037691,0.08615836594) has been dropped because of a coor
dinate filter. (see also unbounded coords=jump). 
NOTE: coordinate (10.01442772,0.08738370872) has been dropped because of a coor
dinate filter. (see also unbounded coords=jump). 
NOTE: coordinate (10.01847854,0.08832096335) has been dropped because of a coor
dinate filter. (see also unbounded coords=jump). 
NOTE: coordinate (10.02252936,0.0888679963) has been dropped because of a coord
inate filter. (see also unbounded coords=jump). 
NOTE: coordinate (10.02658018,0.08893196604) has been dropped because of a coor
dinate filter. (see also unbounded coords=jump). 
NOTE: coordinate (10.030631,0.08843227328) has been dropped because of a coordi
nate filter. (see also unbounded coords=jump). 
NOTE: coordinate (10.03468181,0.08730322137) has been dropped because of a coor
dinate filter. (see also unbounded coords=jump). 
NOTE: coordinate (10.03873263,0.08549629634) has been dropped because of a coor
dinate filter. (see also unbounded coords=jump). 
NOTE: coordinate (10.04278345,0.08298198735) has been dropped because of a coor
dinate filter. (see also unbounded coords=jump). 
NOTE: coordinate (10.04683427,0.0797510816) has been dropped because of a coord
inate filter. (see also unbounded coords=jump). 
NOTE: coordinate (10.05088509,0.07581538435) has been dropped because of a coor
dinate filter. (see also unbounded coords=jump). 
NOTE: coordinate (10.0549359,0.07120783157) has been dropped because of a coord
inate filter. (see also unbounded coords=jump). 
NOTE: coordinate (10.05898672,0.06598198238) has been dropped because of a coor
dinate filter. (see also unbounded coords=jump). 
NOTE: coordinate (10.06303754,0.06021089747) has been dropped because of a coor
dinate filter. (see also unbounded coords=jump). 
NOTE: coordinate (10.06708836,0.05398542929) has been dropped because of a coor
dinate filter. (see also unbounded coords=jump). 
NOTE: coordinate (10.07113917,0.04741196851) has been dropped because of a coor
dinate filter. (see also unbounded coords=jump). 
NOTE: coordinate (10.07518999,0.04060970903) has been dropped because of a coor
dinate filter. (see also unbounded coords=jump). 
NOTE: coordinate (10.07924081,0.03370750918) has been dropped because of a coor
dinate filter. (see also unbounded coords=jump). 
NOTE: coordinate (10.08329163,0.02684044053) has been dropped because of a coor
dinate filter. (see also unbounded coords=jump). 
NOTE: coordinate (10.08734245,0.02014612604) has been dropped because of a coor
dinate filter. (see also unbounded coords=jump). 
NOTE: coordinate (10.09139326,0.01376097708) has been dropped because of a coor
dinate filter. (see also unbounded coords=jump). 
NOTE: coordinate (10.09544408,0.007816442847) has been dropped because of a coo
rdinate filter. (see also unbounded coords=jump). 
NOTE: coordinate (10.0994949,0.002435386324) has been dropped because of a coor
dinate filter. (see also unbounded coords=jump). 
NOTE: coordinate (10.10354572,-0.002271301864) has been dropped because of a co
ordinate filter. (see also unbounded coords=jump). 
NOTE: coordinate (10.10759654,-0.006207746953) has been dropped because of a co
ordinate filter. (see also unbounded coords=jump). 
NOTE: coordinate (10.11164735,-0.009295695821) has been dropped because of a co
ordinate filter. (see also unbounded coords=jump). 
NOTE: coordinate (10.11569817,-0.01147660282) has been dropped because of a coo
rdinate filter. (see also unbounded coords=jump). 
NOTE: coordinate (10.11974899,-0.0127131289) has been dropped because of a coor
dinate filter. (see also unbounded coords=jump). 
NOTE: coordinate (10.12379981,-0.01299000503) has been dropped because of a coo
rdinate filter. (see also unbounded coords=jump). 
NOTE: coordinate (10.12785063,-0.01231423018) has been dropped because of a coo
rdinate filter. (see also unbounded coords=jump). 
NOTE: coordinate (10.13190144,-0.01071459474) has been dropped because of a coo
rdinate filter. (see also unbounded coords=jump). 
NOTE: coordinate (10.13595226,-0.008240541112) has been dropped because of a co
ordinate filter. (see also unbounded coords=jump). 
NOTE: coordinate (10.14000308,-0.004960394026) has been dropped because of a co
ordinate filter. (see also unbounded coords=jump). 
NOTE: coordinate (10.1440539,-0.0009590130002) has been dropped because of a co
ordinate filter. (see also unbounded coords=jump). 
NOTE: coordinate (10.14810471,0.00366506206) has been dropped because of a coor
dinate filter. (see also unbounded coords=jump). 
NOTE: coordinate (10.15215553,0.008802884744) has been dropped because of a coo
rdinate filter. (see also unbounded coords=jump). 
NOTE: coordinate (10.15620635,0.01433869422) has been dropped because of a coor
dinate filter. (see also unbounded coords=jump). 
NOTE: coordinate (10.16025717,0.02015371335) has been dropped because of a coor
dinate filter. (see also unbounded coords=jump). 
NOTE: coordinate (10.16430799,0.0261300334) has been dropped because of a coord
inate filter. (see also unbounded coords=jump). 
NOTE: coordinate (10.1683588,0.03215446171) has been dropped because of a coord
inate filter. (see also unbounded coords=jump). 
NOTE: coordinate (10.17240962,0.03812220939) has been dropped because of a coor
dinate filter. (see also unbounded coords=jump). 
NOTE: coordinate (10.17646044,0.0439402993) has been dropped because of a coord
inate filter. (see also unbounded coords=jump). 
NOTE: coordinate (10.18051126,0.04953058281) has been dropped because of a coor
dinate filter. (see also unbounded coords=jump). 
NOTE: coordinate (10.18456208,0.05483226494) has been dropped because of a coor
dinate filter. (see also unbounded coords=jump). 
NOTE: coordinate (10.18861289,0.05980385205) has been dropped because of a coor
dinate filter. (see also unbounded coords=jump). 
NOTE: coordinate (10.19266371,0.06442445379) has been dropped because of a coor
dinate filter. (see also unbounded coords=jump). 
NOTE: coordinate (10.19671453,0.06869439088) has been dropped because of a coor
dinate filter. (see also unbounded coords=jump). 
NOTE: coordinate (10.20076535,0.07263508186) has been dropped because of a coor
dinate filter. (see also unbounded coords=jump). 
NOTE: coordinate (10.20481617,0.07628820458) has been dropped because of a coor
dinate filter. (see also unbounded coords=jump). 
NOTE: coordinate (10.20886698,0.07971415173) has been dropped because of a coor
dinate filter. (see also unbounded coords=jump). 
NOTE: coordinate (10.2129178,0.08298982209) has been dropped because of a coord
inate filter. (see also unbounded coords=jump). 
NOTE: coordinate (10.21696862,0.08620581138) has been dropped because of a coor
dinate filter. (see also unbounded coords=jump). 
NOTE: coordinate (10.22101944,0.08946308651) has been dropped because of a coor
dinate filter. (see also unbounded coords=jump). 
NOTE: coordinate (10.22507025,0.09286924494) has been dropped because of a coor
dinate filter. (see also unbounded coords=jump). 
NOTE: coordinate (10.22912107,0.09653447523) has been dropped because of a coor
dinate filter. (see also unbounded coords=jump). 
NOTE: coordinate (10.23317189,0.1005673466) has been dropped because of a coord
inate filter. (see also unbounded coords=jump). 
NOTE: coordinate (10.23722271,0.1050705623) has been dropped because of a coord
inate filter. (see also unbounded coords=jump). 
NOTE: coordinate (10.24127353,0.1101368144) has been dropped because of a coord
inate filter. (see also unbounded coords=jump). 
NOTE: coordinate (10.24532434,0.1158448778) has been dropped because of a coord
inate filter. (see also unbounded coords=jump). 
NOTE: coordinate (10.24937516,0.122256073) has been dropped because of a coordi
nate filter. (see also unbounded coords=jump). 
NOTE: coordinate (10.25342598,0.1294112205) has been dropped because of a coord
inate filter. (see also unbounded coords=jump). 
NOTE: coordinate (10.2574768,0.1373281926) has been dropped because of a coordi
nate filter. (see also unbounded coords=jump). 
NOTE: coordinate (10.26152762,0.1460001531) has been dropped because of a coord
inate filter. (see also unbounded coords=jump). 
NOTE: coordinate (10.26557843,0.1553945533) has been dropped because of a coord
inate filter. (see also unbounded coords=jump). 
NOTE: coordinate (10.26962925,0.1654529297) has been dropped because of a coord
inate filter. (see also unbounded coords=jump). 
NOTE: coordinate (10.27368007,0.1760915236) has been dropped because of a coord
inate filter. (see also unbounded coords=jump). 
NOTE: coordinate (10.27773089,0.1872027172) has been dropped because of a coord
inate filter. (see also unbounded coords=jump). 
NOTE: coordinate (10.28178171,0.1986572531) has been dropped because of a coord
inate filter. (see also unbounded coords=jump). 
NOTE: coordinate (10.28583252,0.2103071796) has been dropped because of a coord
inate filter. (see also unbounded coords=jump). 
NOTE: coordinate (10.28988334,0.221989439) has been dropped because of a coordi
nate filter. (see also unbounded coords=jump). 
NOTE: coordinate (10.29393416,0.2335299947) has been dropped because of a coord
inate filter. (see also unbounded coords=jump). 
NOTE: coordinate (10.29798498,0.2447483736) has been dropped because of a coord
inate filter. (see also unbounded coords=jump). 
NOTE: coordinate (10.30203579,0.2554624843) has been dropped because of a coord
inate filter. (see also unbounded coords=jump). 
NOTE: coordinate (10.30608661,0.2654935635) has been dropped because of a coord
inate filter. (see also unbounded coords=jump). 
NOTE: coordinate (10.31013743,0.2746710922) has been dropped because of a coord
inate filter. (see also unbounded coords=jump). 
NOTE: coordinate (10.31418825,0.2828375263) has been dropped because of a coord
inate filter. (see also unbounded coords=jump). 
NOTE: coordinate (10.31823907,0.2898526881) has been dropped because of a coord
inate filter. (see also unbounded coords=jump). 
NOTE: coordinate (10.32228988,0.2955976737) has been dropped because of a coord
inate filter. (see also unbounded coords=jump). 
NOTE: coordinate (10.3263407,0.2999781471) has been dropped because of a coordi
nate filter. (see also unbounded coords=jump). 
NOTE: coordinate (10.33039152,0.3029269078) has been dropped because of a coord
inate filter. (see also unbounded coords=jump). 
NOTE: coordinate (10.33444234,0.3044056438) has been dropped because of a coord
inate filter. (see also unbounded coords=jump). 
NOTE: coordinate (10.33849316,0.3044058042) has been dropped because of a coord
inate filter. (see also unbounded coords=jump). 
NOTE: coordinate (10.34254397,0.3029485574) has been dropped because of a coord
inate filter. (see also unbounded coords=jump). 
NOTE: coordinate (10.34659479,0.3000838277) has been dropped because of a coord
inate filter. (see also unbounded coords=jump). 
NOTE: coordinate (10.35064561,0.2958884349) has been dropped because of a coord
inate filter. (see also unbounded coords=jump). 
NOTE: coordinate (10.35469643,0.2904633926) has been dropped because of a coord
inate filter. (see also unbounded coords=jump). 
NOTE: coordinate (10.35874725,0.2839304469) has been dropped because of a coord
inate filter. (see also unbounded coords=jump). 
NOTE: coordinate (10.36279806,0.2764279652) has been dropped because of a coord
inate filter. (see also unbounded coords=jump). 
NOTE: coordinate (10.36684888,0.2681063097) has been dropped because of a coord
inate filter. (see also unbounded coords=jump). 
NOTE: coordinate (10.3708997,0.2591228447) has been dropped because of a coordi
nate filter. (see also unbounded coords=jump). 
NOTE: coordinate (10.37495052,0.2496367447) has been dropped because of a coord
inate filter. (see also unbounded coords=jump). 
NOTE: coordinate (10.37900133,0.2398037784) has been dropped because of a coord
inate filter. (see also unbounded coords=jump). 
NOTE: coordinate (10.38305215,0.2297712443) has been dropped because of a coord
inate filter. (see also unbounded coords=jump). 
NOTE: coordinate (10.38710297,0.2196732348) has been dropped because of a coord
inate filter. (see also unbounded coords=jump). 
NOTE: coordinate (10.39115379,0.2096263911) has been dropped because of a coord
inate filter. (see also unbounded coords=jump). 
NOTE: coordinate (10.39520461,0.1997263032) has been dropped because of a coord
inate filter. (see also unbounded coords=jump). 
NOTE: coordinate (10.39925542,0.1900446827) has been dropped because of a coord
inate filter. (see also unbounded coords=jump). 
NOTE: coordinate (10.40330624,0.1806274157) has been dropped because of a coord
inate filter. (see also unbounded coords=jump). 
NOTE: coordinate (10.40735706,0.1714935712) has been dropped because of a coord
inate filter. (see also unbounded coords=jump). 
NOTE: coordinate (10.41140788,0.1626354122) has been dropped because of a coord
inate filter. (see also unbounded coords=jump). 
NOTE: coordinate (10.4154587,0.1540194163) has been dropped because of a coordi
nate filter. (see also unbounded coords=jump). 
NOTE: coordinate (10.41950951,0.1455882855) has been dropped because of a coord
inate filter. (see also unbounded coords=jump). 
NOTE: coordinate (10.42356033,0.1372638835) has been dropped because of a coord
inate filter. (see also unbounded coords=jump). 
NOTE: coordinate (10.42761115,0.1289510085) has been dropped because of a coord
inate filter. (see also unbounded coords=jump). 
NOTE: coordinate (10.43166197,0.1205418799) has been dropped because of a coord
inate filter. (see also unbounded coords=jump). 
NOTE: coordinate (10.43571279,0.1119211879) has been dropped because of a coord
inate filter. (see also unbounded coords=jump). 
NOTE: coordinate (10.4397636,0.1029715332) has been dropped because of a coordi
nate filter. (see also unbounded coords=jump). 
NOTE: coordinate (10.44381442,0.09357907096) has been dropped because of a coor
dinate filter. (see also unbounded coords=jump). 
NOTE: coordinate (10.44786524,0.08363915697) has been dropped because of a coor
dinate filter. (see also unbounded coords=jump). 
NOTE: coordinate (10.45191606,0.07306179541) has been dropped because of a coor
dinate filter. (see also unbounded coords=jump). 
NOTE: coordinate (10.45596687,0.06177668837) has been dropped because of a coor
dinate filter. (see also unbounded coords=jump). 
NOTE: coordinate (10.46001769,0.04973769818) has been dropped because of a coor
dinate filter. (see also unbounded coords=jump). 
NOTE: coordinate (10.46406851,0.03692655086) has been dropped because of a coor
dinate filter. (see also unbounded coords=jump). 
NOTE: coordinate (10.46811933,0.02335563195) has been dropped because of a coor
dinate filter. (see also unbounded coords=jump). 
NOTE: coordinate (10.47217015,0.009069755199) has been dropped because of a coo
rdinate filter. (see also unbounded coords=jump). 
NOTE: coordinate (10.47622096,-0.005853182118) has been dropped because of a co
ordinate filter. (see also unbounded coords=jump). 
NOTE: coordinate (10.48027178,-0.02130270615) has been dropped because of a coo
rdinate filter. (see also unbounded coords=jump). 
NOTE: coordinate (10.4843226,-0.03713744525) has been dropped because of a coor
dinate filter. (see also unbounded coords=jump). 
NOTE: coordinate (10.48837342,-0.05318794948) has been dropped because of a coo
rdinate filter. (see also unbounded coords=jump). 
NOTE: coordinate (10.49242424,-0.06926057954) has been dropped because of a coo
rdinate filter. (see also unbounded coords=jump). 
NOTE: coordinate (10.49647505,-0.08514235556) has been dropped because of a coo
rdinate filter. (see also unbounded coords=jump). 
NOTE: coordinate (10.50052587,-0.1006066206) has been dropped because of a coor
dinate filter. (see also unbounded coords=jump). 
NOTE: coordinate (10.50457669,-0.1154193429) has been dropped because of a coor
dinate filter. (see also unbounded coords=jump). 
NOTE: coordinate (10.50862751,-0.1293458558) has been dropped because of a coor
dinate filter. (see also unbounded coords=jump). 
NOTE: coordinate (10.51267833,-0.1421578145) has been dropped because of a coor
dinate filter. (see also unbounded coords=jump). 
NOTE: coordinate (10.51672914,-0.1536401388) has been dropped because of a coor
dinate filter. (see also unbounded coords=jump). 
NOTE: coordinate (10.52077996,-0.1635977048) has been dropped because of a coor
dinate filter. (see also unbounded coords=jump). 
NOTE: coordinate (10.52483078,-0.1718615565) has been dropped because of a coor
dinate filter. (see also unbounded coords=jump). 
NOTE: coordinate (10.5288816,-0.1782944157) has been dropped because of a coord
inate filter. (see also unbounded coords=jump). 
NOTE: coordinate (10.53293241,-0.1827952935) has been dropped because of a coor
dinate filter. (see also unbounded coords=jump). 
NOTE: coordinate (10.53698323,-0.1853030311) has been dropped because of a coor
dinate filter. (see also unbounded coords=jump). 
NOTE: coordinate (10.54103405,-0.1857986318) has been dropped because of a coor
dinate filter. (see also unbounded coords=jump). 
NOTE: coordinate (10.54508487,-0.1843062866) has been dropped because of a coor
dinate filter. (see also unbounded coords=jump). 
NOTE: coordinate (10.54913569,-0.180893036) has been dropped because of a coord
inate filter. (see also unbounded coords=jump). 
NOTE: coordinate (10.5531865,-0.1756670598) has been dropped because of a coord
inate filter. (see also unbounded coords=jump). 
NOTE: coordinate (10.55723732,-0.1687746302) has been dropped because of a coor
dinate filter. (see also unbounded coords=jump). 
NOTE: coordinate (10.56128814,-0.1603958111) has been dropped because of a coor
dinate filter. (see also unbounded coords=jump). 
NOTE: coordinate (10.56533896,-0.1507390324) has been dropped because of a coor
dinate filter. (see also unbounded coords=jump). 
NOTE: coordinate (10.56938978,-0.140034704) has been dropped because of a coord
inate filter. (see also unbounded coords=jump). 
NOTE: coordinate (10.57344059,-0.1285280736) has been dropped because of a coor
dinate filter. (see also unbounded coords=jump). 
NOTE: coordinate (10.57749141,-0.1164715606) has been dropped because of a coor
dinate filter. (see also unbounded coords=jump). 
NOTE: coordinate (10.58154223,-0.104116816) has been dropped because of a coord
inate filter. (see also unbounded coords=jump). 
NOTE: coordinate (10.58559305,-0.09170677693) has been dropped because of a coo
rdinate filter. (see also unbounded coords=jump). 
NOTE: coordinate (10.58964387,-0.07946798304) has been dropped because of a coo
rdinate filter. (see also unbounded coords=jump). 
NOTE: coordinate (10.59369468,-0.06760341986) has been dropped because of a coo
rdinate filter. (see also unbounded coords=jump). 
NOTE: coordinate (10.5977455,-0.05628613885) has been dropped because of a coor
dinate filter. (see also unbounded coords=jump). 
NOTE: coordinate (10.60179632,-0.04565388037) has been dropped because of a coo
rdinate filter. (see also unbounded coords=jump). 
NOTE: coordinate (10.60584714,-0.03580489488) has been dropped because of a coo
rdinate filter. (see also unbounded coords=jump). 
NOTE: coordinate (10.60989795,-0.02679511884) has been dropped because of a coo
rdinate filter. (see also unbounded coords=jump). 
NOTE: coordinate (10.61394877,-0.01863681772) has been dropped because of a coo
rdinate filter. (see also unbounded coords=jump). 
NOTE: coordinate (10.61799959,-0.01129875932) has been dropped because of a coo
rdinate filter. (see also unbounded coords=jump). 
NOTE: coordinate (10.62205041,-0.004707929244) has been dropped because of a co
ordinate filter. (see also unbounded coords=jump). 
NOTE: coordinate (10.62610123,0.001247252706) has been dropped because of a coo
rdinate filter. (see also unbounded coords=jump). 
NOTE: coordinate (10.63015204,0.006712308223) has been dropped because of a coo
rdinate filter. (see also unbounded coords=jump). 
NOTE: coordinate (10.63420286,0.011860811) has been dropped because of a coordi
nate filter. (see also unbounded coords=jump). 
NOTE: coordinate (10.63825368,0.01688741993) has been dropped because of a coor
dinate filter. (see also unbounded coords=jump). 
NOTE: coordinate (10.6423045,0.0220000623) has been dropped because of a coordi
nate filter. (see also unbounded coords=jump). 
NOTE: coordinate (10.64635532,0.02741152641) has been dropped because of a coor
dinate filter. (see also unbounded coords=jump). 
NOTE: coordinate (10.65040613,0.03333074656) has been dropped because of a coor
dinate filter. (see also unbounded coords=jump). 
NOTE: coordinate (10.65445695,0.03995407767) has been dropped because of a coor
dinate filter. (see also unbounded coords=jump). 
NOTE: coordinate (10.65850777,0.04745686096) has been dropped because of a coor
dinate filter. (see also unbounded coords=jump). 
NOTE: coordinate (10.66255859,0.05598557609) has been dropped because of a coor
dinate filter. (see also unbounded coords=jump). 
NOTE: coordinate (10.66660941,0.06565085906) has been dropped because of a coor
dinate filter. (see also unbounded coords=jump). 
NOTE: coordinate (10.67066022,0.07652163912) has been dropped because of a coor
dinate filter. (see also unbounded coords=jump). 
NOTE: coordinate (10.67471104,0.08862061342) has been dropped because of a coor
dinate filter. (see also unbounded coords=jump). 
NOTE: coordinate (10.67876186,0.1019212353) has been dropped because of a coord
inate filter. (see also unbounded coords=jump). 
NOTE: coordinate (10.68281268,0.1163463432) has been dropped because of a coord
inate filter. (see also unbounded coords=jump). 
NOTE: coordinate (10.68686349,0.1317685031) has been dropped because of a coord
inate filter. (see also unbounded coords=jump). 
NOTE: coordinate (10.69091431,0.1480120807) has been dropped because of a coord
inate filter. (see also unbounded coords=jump). 
NOTE: coordinate (10.69496513,0.1648570021) has been dropped because of a coord
inate filter. (see also unbounded coords=jump). 
NOTE: coordinate (10.69901595,0.1820441029) has been dropped because of a coord
inate filter. (see also unbounded coords=jump). 
NOTE: coordinate (10.70306677,0.1992819135) has been dropped because of a coord
inate filter. (see also unbounded coords=jump). 
NOTE: coordinate (10.70711758,0.2162546768) has been dropped because of a coord
inate filter. (see also unbounded coords=jump). 
NOTE: coordinate (10.7111684,0.2326313533) has been dropped because of a coordi
nate filter. (see also unbounded coords=jump). 
NOTE: coordinate (10.71521922,0.2480753303) has been dropped because of a coord
inate filter. (see also unbounded coords=jump). 
NOTE: coordinate (10.71927004,0.2622545295) has been dropped because of a coord
inate filter. (see also unbounded coords=jump). 
NOTE: coordinate (10.72332086,0.2748515882) has been dropped because of a coord
inate filter. (see also unbounded coords=jump). 
NOTE: coordinate (10.72737167,0.2855737853) has been dropped because of a coord
inate filter. (see also unbounded coords=jump). 
NOTE: coordinate (10.73142249,0.2941623896) has been dropped because of a coord
inate filter. (see also unbounded coords=jump). 
NOTE: coordinate (10.73547331,0.3004011221) has been dropped because of a coord
inate filter. (see also unbounded coords=jump). 
NOTE: coordinate (10.73952413,0.3041234547) has been dropped because of a coord
inate filter. (see also unbounded coords=jump). 
NOTE: coordinate (10.74357495,0.3052184993) has been dropped because of a coord
inate filter. (see also unbounded coords=jump). 
NOTE: coordinate (10.74762576,0.3036352907) has been dropped because of a coord
inate filter. (see also unbounded coords=jump). 
NOTE: coordinate (10.75167658,0.2993853129) has been dropped because of a coord
inate filter. (see also unbounded coords=jump). 
NOTE: coordinate (10.7557274,0.2925431801) has been dropped because of a coordi
nate filter. (see also unbounded coords=jump). 
NOTE: coordinate (10.75977822,0.28324544) has been dropped because of a coordin
ate filter. (see also unbounded coords=jump). 
NOTE: coordinate (10.76382903,0.2716875267) has been dropped because of a coord
inate filter. (see also unbounded coords=jump). 
NOTE: coordinate (10.76787985,0.2581189557) has been dropped because of a coord
inate filter. (see also unbounded coords=jump). 
NOTE: coordinate (10.77193067,0.2428369038) has been dropped because of a coord
inate filter. (see also unbounded coords=jump). 
NOTE: coordinate (10.77598149,0.2261783739) has been dropped because of a coord
inate filter. (see also unbounded coords=jump). 
NOTE: coordinate (10.78003231,0.2085111875) has been dropped because of a coord
inate filter. (see also unbounded coords=jump). 
NOTE: coordinate (10.78408312,0.1902240866) has been dropped because of a coord
inate filter. (see also unbounded coords=jump). 
NOTE: coordinate (10.78813394,0.1717162537) has been dropped because of a coord
inate filter. (see also unbounded coords=jump). 
NOTE: coordinate (10.79218476,0.1533865769) has been dropped because of a coord
inate filter. (see also unbounded coords=jump). 
NOTE: coordinate (10.79623558,0.1356229938) has been dropped because of a coord
inate filter. (see also unbounded coords=jump). 
NOTE: coordinate (10.8002864,0.1187922432) has been dropped because of a coordi
nate filter. (see also unbounded coords=jump). 
NOTE: coordinate (10.80433721,0.1032303389) has been dropped because of a coord
inate filter. (see also unbounded coords=jump). 
NOTE: coordinate (10.80838803,0.08923405464) has been dropped because of a coor
dinate filter. (see also unbounded coords=jump). 
NOTE: coordinate (10.81243885,0.07705367284) has been dropped because of a coor
dinate filter. (see also unbounded coords=jump). 
NOTE: coordinate (10.81648967,0.06688720793) has been dropped because of a coor
dinate filter. (see also unbounded coords=jump). 
NOTE: coordinate (10.82054049,0.05887626481) has been dropped because of a coor
dinate filter. (see also unbounded coords=jump). 
NOTE: coordinate (10.8245913,0.05310363754) has been dropped because of a coord
inate filter. (see also unbounded coords=jump). 
NOTE: coordinate (10.82864212,0.04959269622) has been dropped because of a coor
dinate filter. (see also unbounded coords=jump). 
NOTE: coordinate (10.83269294,0.04830855034) has been dropped because of a coor
dinate filter. (see also unbounded coords=jump). 
NOTE: coordinate (10.83674376,0.04916091949) has been dropped because of a coor
dinate filter. (see also unbounded coords=jump). 
NOTE: coordinate (10.84079457,0.05200858671) has been dropped because of a coor
dinate filter. (see also unbounded coords=jump). 
NOTE: coordinate (10.84484539,0.05666525993) has been dropped because of a coor
dinate filter. (see also unbounded coords=jump). 
NOTE: coordinate (10.84889621,0.06290662301) has been dropped because of a coor
dinate filter. (see also unbounded coords=jump). 
NOTE: coordinate (10.85294703,0.07047832212) has been dropped because of a coor
dinate filter. (see also unbounded coords=jump). 
NOTE: coordinate (10.85699785,0.07910460658) has been dropped because of a coor
dinate filter. (see also unbounded coords=jump). 
NOTE: coordinate (10.86104866,0.08849732646) has been dropped because of a coor
dinate filter. (see also unbounded coords=jump). 
NOTE: coordinate (10.86509948,0.09836498295) has been dropped because of a coor
dinate filter. (see also unbounded coords=jump). 
NOTE: coordinate (10.8691503,0.1084215318) has been dropped because of a coordi
nate filter. (see also unbounded coords=jump). 
NOTE: coordinate (10.87320112,0.1183946541) has been dropped because of a coord
inate filter. (see also unbounded coords=jump). 
NOTE: coordinate (10.87725194,0.1280332339) has been dropped because of a coord
inate filter. (see also unbounded coords=jump). 
NOTE: coordinate (10.88130275,0.137113813) has been dropped because of a coordi
nate filter. (see also unbounded coords=jump). 
NOTE: coordinate (10.88535357,0.1454458354) has been dropped because of a coord
inate filter. (see also unbounded coords=jump). 
NOTE: coordinate (10.88940439,0.1528755392) has been dropped because of a coord
inate filter. (see also unbounded coords=jump). 
NOTE: coordinate (10.89345521,0.1592884031) has been dropped because of a coord
inate filter. (see also unbounded coords=jump). 
NOTE: coordinate (10.89750603,0.1646101086) has been dropped because of a coord
inate filter. (see also unbounded coords=jump). 
NOTE: coordinate (10.90155684,0.1688060331) has been dropped because of a coord
inate filter. (see also unbounded coords=jump). 
NOTE: coordinate (10.90560766,0.1718793362) has been dropped because of a coord
inate filter. (see also unbounded coords=jump). 
NOTE: coordinate (10.90965848,0.1738677575) has been dropped because of a coord
inate filter. (see also unbounded coords=jump). 
NOTE: coordinate (10.9137093,0.1748392797) has been dropped because of a coordi
nate filter. (see also unbounded coords=jump). 
NOTE: coordinate (10.91776011,0.1748868549) has been dropped because of a coord
inate filter. (see also unbounded coords=jump). 
NOTE: coordinate (10.92181093,0.1741224168) has been dropped because of a coord
inate filter. (see also unbounded coords=jump). 
NOTE: coordinate (10.92586175,0.1726704244) has been dropped because of a coord
inate filter. (see also unbounded coords=jump). 
NOTE: coordinate (10.92991257,0.1706611945) has been dropped because of a coord
inate filter. (see also unbounded coords=jump). 
NOTE: coordinate (10.93396339,0.1682242828) has been dropped because of a coord
inate filter. (see also unbounded coords=jump). 
NOTE: coordinate (10.9380142,0.1654821636) has been dropped because of a coordi
nate filter. (see also unbounded coords=jump). 
NOTE: coordinate (10.94206502,0.1625444453) has been dropped because of a coord
inate filter. (see also unbounded coords=jump). 
NOTE: coordinate (10.94611584,0.1595028319) has been dropped because of a coord
inate filter. (see also unbounded coords=jump). 
NOTE: coordinate (10.95016666,0.1564270089) has been dropped because of a coord
inate filter. (see also unbounded coords=jump). 
NOTE: coordinate (10.95421748,0.1533615943) has been dropped because of a coord
inate filter. (see also unbounded coords=jump). 
NOTE: coordinate (10.95826829,0.1503242534) has been dropped because of a coord
inate filter. (see also unbounded coords=jump). 
NOTE: coordinate (10.96231911,0.1473050289) has been dropped because of a coord
inate filter. (see also unbounded coords=jump). 
NOTE: coordinate (10.96636993,0.1442668924) has been dropped because of a coord
inate filter. (see also unbounded coords=jump). 
NOTE: coordinate (10.97042075,0.141147477) has been dropped because of a coordi
nate filter. (see also unbounded coords=jump). 
NOTE: coordinate (10.97447157,0.1378619061) has been dropped because of a coord
inate filter. (see also unbounded coords=jump). 
NOTE: coordinate (10.97852238,0.1343065934) has been dropped because of a coord
inate filter. (see also unbounded coords=jump). 
NOTE: coordinate (10.9825732,0.130363855) has been dropped because of a coordin
ate filter. (see also unbounded coords=jump). 
NOTE: coordinate (10.98662402,0.1259071445) has been dropped because of a coord
inate filter. (see also unbounded coords=jump). 
NOTE: coordinate (10.99067484,0.120806703) has been dropped because of a coordi
nate filter. (see also unbounded coords=jump). 
NOTE: coordinate (10.99472565,0.1149353996) has been dropped because of a coord
inate filter. (see also unbounded coords=jump). 
NOTE: coordinate (10.99877647,0.1081745383) has been dropped because of a coord
inate filter. (see also unbounded coords=jump). 
NOTE: coordinate (11.00282729,0.1004194057) has been dropped because of a coord
inate filter. (see also unbounded coords=jump). 
NOTE: coordinate (11.00687811,0.09158435074) has been dropped because of a coor
dinate filter. (see also unbounded coords=jump). 
NOTE: coordinate (11.01092893,0.08160720486) has been dropped because of a coor
dinate filter. (see also unbounded coords=jump). 
NOTE: coordinate (11.01497974,0.07045287875) has been dropped because of a coor
dinate filter. (see also unbounded coords=jump). 
NOTE: coordinate (11.01903056,0.05811600381) has been dropped because of a coor
dinate filter. (see also unbounded coords=jump). 
NOTE: coordinate (11.02308138,0.04462252364) has been dropped because of a coor
dinate filter. (see also unbounded coords=jump). 
NOTE: coordinate (11.0271322,0.0300301806) has been dropped because of a coordi
nate filter. (see also unbounded coords=jump). 
NOTE: coordinate (11.03118302,0.01442788343) has been dropped because of a coor
dinate filter. (see also unbounded coords=jump). 
NOTE: coordinate (11.03523383,-0.002066016334) has been dropped because of a co
ordinate filter. (see also unbounded coords=jump). 
NOTE: coordinate (11.03928465,-0.01930647236) has been dropped because of a coo
rdinate filter. (see also unbounded coords=jump). 
NOTE: coordinate (11.04333547,-0.03712541237) has been dropped because of a coo
rdinate filter. (see also unbounded coords=jump). 
NOTE: coordinate (11.04738629,-0.05533619241) has been dropped because of a coo
rdinate filter. (see also unbounded coords=jump). 
NOTE: coordinate (11.05143711,-0.07373867434) has been dropped because of a coo
rdinate filter. (see also unbounded coords=jump). 
NOTE: coordinate (11.05548792,-0.09212474453) has been dropped because of a coo
rdinate filter. (see also unbounded coords=jump). 
NOTE: coordinate (11.05953874,-0.1102840782) has been dropped because of a coor
dinate filter. (see also unbounded coords=jump). 
NOTE: coordinate (11.06358956,-0.1280099486) has been dropped because of a coor
dinate filter. (see also unbounded coords=jump). 
NOTE: coordinate (11.06764038,-0.1451048822) has been dropped because of a coor
dinate filter. (see also unbounded coords=jump). 
NOTE: coordinate (11.07169119,-0.1613859692) has been dropped because of a coor
dinate filter. (see also unbounded coords=jump). 
NOTE: coordinate (11.07574201,-0.1766896562) has been dropped because of a coor
dinate filter. (see also unbounded coords=jump). 
NOTE: coordinate (11.07979283,-0.1908758679) has been dropped because of a coor
dinate filter. (see also unbounded coords=jump). 
NOTE: coordinate (11.08384365,-0.2038313346) has been dropped because of a coor
dinate filter. (see also unbounded coords=jump). 
NOTE: coordinate (11.08789447,-0.2154720299) has been dropped because of a coor
dinate filter. (see also unbounded coords=jump). 
NOTE: coordinate (11.09194528,-0.2257446604) has been dropped because of a coor
dinate filter. (see also unbounded coords=jump). 
NOTE: coordinate (11.0959961,-0.2346271808) has been dropped because of a coord
inate filter. (see also unbounded coords=jump). 
NOTE: coordinate (11.10004692,-0.2421283484) has been dropped because of a coor
dinate filter. (see also unbounded coords=jump). 
NOTE: coordinate (11.10409774,-0.2482863576) has been dropped because of a coor
dinate filter. (see also unbounded coords=jump). 
NOTE: coordinate (11.10814856,-0.2531666337) has been dropped because of a coor
dinate filter. (see also unbounded coords=jump). 
NOTE: coordinate (11.11219937,-0.2568588885) has been dropped because of a coor
dinate filter. (see also unbounded coords=jump). 
NOTE: coordinate (11.11625019,-0.2594735644) has been dropped because of a coor
dinate filter. (see also unbounded coords=jump). 
NOTE: coordinate (11.12030101,-0.2611378116) has been dropped because of a coor
dinate filter. (see also unbounded coords=jump). 
NOTE: coordinate (11.12435183,-0.261991154) has been dropped because of a coord
inate filter. (see also unbounded coords=jump). 
NOTE: coordinate (11.12840265,-0.2621810048) has been dropped because of a coor
dinate filter. (see also unbounded coords=jump). 
NOTE: coordinate (11.13245346,-0.2618581925) has been dropped because of a coor
dinate filter. (see also unbounded coords=jump). 
NOTE: coordinate (11.13650428,-0.2611726489) has been dropped because of a coor
dinate filter. (see also unbounded coords=jump). 
NOTE: coordinate (11.1405551,-0.2602694007) has been dropped because of a coord
inate filter. (see also unbounded coords=jump). 
NOTE: coordinate (11.14460592,-0.2592849854) has been dropped because of a coor
dinate filter. (see also unbounded coords=jump). 
NOTE: coordinate (11.14865673,-0.258344393) has been dropped because of a coord
inate filter. (see also unbounded coords=jump). 
NOTE: coordinate (11.15270755,-0.2575586089) has been dropped because of a coor
dinate filter. (see also unbounded coords=jump). 
NOTE: coordinate (11.15675837,-0.2570228056) has been dropped because of a coor
dinate filter. (see also unbounded coords=jump). 
NOTE: coordinate (11.16080919,-0.2568152049) has been dropped because of a coor
dinate filter. (see also unbounded coords=jump). 
NOTE: coordinate (11.16486001,-0.2569966026) has been dropped because of a coor
dinate filter. (see also unbounded coords=jump). 
NOTE: coordinate (11.16891082,-0.2576105238) has been dropped because of a coor
dinate filter. (see also unbounded coords=jump). 
NOTE: coordinate (11.17296164,-0.2586839514) has been dropped because of a coor
dinate filter. (see also unbounded coords=jump). 
NOTE: coordinate (11.17701246,-0.260228552) has been dropped because of a coord
inate filter. (see also unbounded coords=jump). 
NOTE: coordinate (11.18106328,-0.2622423057) has been dropped because of a coor
dinate filter. (see also unbounded coords=jump). 
NOTE: coordinate (11.1851141,-0.264711437) has been dropped because of a coordi
nate filter. (see also unbounded coords=jump). 
NOTE: coordinate (11.18916491,-0.267612535) has been dropped because of a coord
inate filter. (see also unbounded coords=jump). 
NOTE: coordinate (11.19321573,-0.2709147544) has been dropped because of a coor
dinate filter. (see also unbounded coords=jump). 
NOTE: coordinate (11.19726655,-0.2745819873) has been dropped because of a coor
dinate filter. (see also unbounded coords=jump). 
NOTE: coordinate (11.20131737,-0.27857491) has been dropped because of a coordi
nate filter. (see also unbounded coords=jump). 
NOTE: coordinate (11.20536819,-0.2828528172) has been dropped because of a coor
dinate filter. (see also unbounded coords=jump). 
NOTE: coordinate (11.209419,-0.2873751766) has been dropped because of a coordi
nate filter. (see also unbounded coords=jump). 
NOTE: coordinate (11.21346982,-0.2921028531) has been dropped because of a coor
dinate filter. (see also unbounded coords=jump). 
NOTE: coordinate (11.21752064,-0.296998973) has been dropped because of a coord
inate filter. (see also unbounded coords=jump). 
NOTE: coordinate (11.22157146,-0.3020294227) has been dropped because of a coor
dinate filter. (see also unbounded coords=jump). 
NOTE: coordinate (11.22562227,-0.3071629926) has been dropped because of a coor
dinate filter. (see also unbounded coords=jump). 
NOTE: coordinate (11.22967309,-0.3123712023) has been dropped because of a coor
dinate filter. (see also unbounded coords=jump). 
NOTE: coordinate (11.23372391,-0.3176278552) has been dropped because of a coor
dinate filter. (see also unbounded coords=jump). 
NOTE: coordinate (11.23777473,-0.3229083898) has been dropped because of a coor
dinate filter. (see also unbounded coords=jump). 
NOTE: coordinate (11.24182555,-0.3281891016) has been dropped because of a coor
dinate filter. (see also unbounded coords=jump). 
NOTE: coordinate (11.24587636,-0.3334463185) has been dropped because of a coor
dinate filter. (see also unbounded coords=jump). 
NOTE: coordinate (11.24992718,-0.3386556128) has been dropped because of a coor
dinate filter. (see also unbounded coords=jump). 
NOTE: coordinate (11.253978,-0.34379113) has been dropped because of a coordina
te filter. (see also unbounded coords=jump). 
NOTE: coordinate (11.25802882,-0.3488251088) has been dropped because of a coor
dinate filter. (see also unbounded coords=jump). 
NOTE: coordinate (11.26207964,-0.3537276529) has been dropped because of a coor
dinate filter. (see also unbounded coords=jump). 
NOTE: coordinate (11.26613045,-0.3584668011) has been dropped because of a coor
dinate filter. (see also unbounded coords=jump). 
NOTE: coordinate (11.27018127,-0.3630089258) has been dropped because of a coor
dinate filter. (see also unbounded coords=jump). 
NOTE: coordinate (11.27423209,-0.3673194657) has been dropped because of a coor
dinate filter. (see also unbounded coords=jump). 
NOTE: coordinate (11.27828291,-0.371363983) has been dropped because of a coord
inate filter. (see also unbounded coords=jump). 
NOTE: coordinate (11.28233373,-0.37510951) has been dropped because of a coordi
nate filter. (see also unbounded coords=jump). 
NOTE: coordinate (11.28638454,-0.3785261315) has been dropped because of a coor
dinate filter. (see also unbounded coords=jump). 
NOTE: coordinate (11.29043536,-0.3815887321) has been dropped because of a coor
dinate filter. (see also unbounded coords=jump). 
NOTE: coordinate (11.29448618,-0.3842788222) has been dropped because of a coor
dinate filter. (see also unbounded coords=jump). 
NOTE: coordinate (11.298537,-0.3865863436) has been dropped because of a coordi
nate filter. (see also unbounded coords=jump). 
NOTE: coordinate (11.30258781,-0.3885113516) has been dropped because of a coor
dinate filter. (see also unbounded coords=jump). 
NOTE: coordinate (11.30663863,-0.3900654673) has been dropped because of a coor
dinate filter. (see also unbounded coords=jump). 
NOTE: coordinate (11.31068945,-0.3912729963) has been dropped because of a coor
dinate filter. (see also unbounded coords=jump). 
NOTE: coordinate (11.31474027,-0.3921716202) has been dropped because of a coor
dinate filter. (see also unbounded coords=jump). 
NOTE: coordinate (11.31879109,-0.3928125803) has been dropped because of a coor
dinate filter. (see also unbounded coords=jump). 
NOTE: coordinate (11.3228419,-0.39326029) has been dropped because of a coordin
ate filter. (see also unbounded coords=jump). 
NOTE: coordinate (11.32689272,-0.3935913362) has been dropped because of a coor
dinate filter. (see also unbounded coords=jump). 
NOTE: coordinate (11.33094354,-0.3938928534) has been dropped because of a coor
dinate filter. (see also unbounded coords=jump). 
NOTE: coordinate (11.33499436,-0.3942602822) has been dropped because of a coor
dinate filter. (see also unbounded coords=jump). 
NOTE: coordinate (11.33904518,-0.3947945527) has been dropped because of a coor
dinate filter. (see also unbounded coords=jump). 
NOTE: coordinate (11.34309599,-0.3955987587) has been dropped because of a coor
dinate filter. (see also unbounded coords=jump). 
NOTE: coordinate (11.34714681,-0.3967744177) has been dropped because of a coor
dinate filter. (see also unbounded coords=jump). 
NOTE: coordinate (11.35119763,-0.3984174341) has been dropped because of a coor
dinate filter. (see also unbounded coords=jump). 
NOTE: coordinate (11.35524845,-0.4006139024) has been dropped because of a coor
dinate filter. (see also unbounded coords=jump). 
NOTE: coordinate (11.35929927,-0.4034359034) has been dropped because of a coor
dinate filter. (see also unbounded coords=jump). 
NOTE: coordinate (11.36335008,-0.4069374556) has been dropped because of a coor
dinate filter. (see also unbounded coords=jump). 
NOTE: coordinate (11.3674009,-0.4111507865) has been dropped because of a coord
inate filter. (see also unbounded coords=jump). 
NOTE: coordinate (11.37145172,-0.4160830869) has been dropped because of a coor
dinate filter. (see also unbounded coords=jump). 
NOTE: coordinate (11.37550254,-0.421713899) has been dropped because of a coord
inate filter. (see also unbounded coords=jump). 
NOTE: coordinate (11.37955335,-0.4279932761) has been dropped because of a coor
dinate filter. (see also unbounded coords=jump). 
NOTE: coordinate (11.38360417,-0.4348408245) has been dropped because of a coor
dinate filter. (see also unbounded coords=jump). 
NOTE: coordinate (11.38765499,-0.4421457153) has been dropped because of a coor
dinate filter. (see also unbounded coords=jump). 
NOTE: coordinate (11.39170581,-0.4497677169) has been dropped because of a coor
dinate filter. (see also unbounded coords=jump). 
NOTE: coordinate (11.39575663,-0.4575392665) has been dropped because of a coor
dinate filter. (see also unbounded coords=jump). 
NOTE: coordinate (11.39980744,-0.4652685588) has been dropped because of a coor
dinate filter. (see also unbounded coords=jump). 
NOTE: coordinate (11.40385826,-0.4727435935) has been dropped because of a coor
dinate filter. (see also unbounded coords=jump). 
NOTE: coordinate (11.40790908,-0.4797370838) has been dropped because of a coor
dinate filter. (see also unbounded coords=jump). 
NOTE: coordinate (11.4119599,-0.4860120957) has been dropped because of a coord
inate filter. (see also unbounded coords=jump). 
NOTE: coordinate (11.41601072,-0.4913282514) has been dropped because of a coor
dinate filter. (see also unbounded coords=jump). 
NOTE: coordinate (11.42006153,-0.4954483113) has been dropped because of a coor
dinate filter. (see also unbounded coords=jump). 
NOTE: coordinate (11.42411235,-0.4981449213) has been dropped because of a coor
dinate filter. (see also unbounded coords=jump). 
NOTE: coordinate (11.42816317,-0.4992073043) has been dropped because of a coor
dinate filter. (see also unbounded coords=jump). 
NOTE: coordinate (11.43221399,-0.4984476689) has been dropped because of a coor
dinate filter. (see also unbounded coords=jump). 
NOTE: coordinate (11.43626481,-0.49570711) has been dropped because of a coordi
nate filter. (see also unbounded coords=jump). 
NOTE: coordinate (11.44031562,-0.4908607893) has been dropped because of a coor
dinate filter. (see also unbounded coords=jump). 
NOTE: coordinate (11.44436644,-0.4838222043) has been dropped because of a coor
dinate filter. (see also unbounded coords=jump). 
NOTE: coordinate (11.44841726,-0.4745463783) has been dropped because of a coor
dinate filter. (see also unbounded coords=jump). 
NOTE: coordinate (11.45246808,-0.4630318429) has been dropped because of a coor
dinate filter. (see also unbounded coords=jump). 
NOTE: coordinate (11.45651889,-0.4493213206) has been dropped because of a coor
dinate filter. (see also unbounded coords=jump). 
NOTE: coordinate (11.46056971,-0.4335010599) has been dropped because of a coor
dinate filter. (see also unbounded coords=jump). 
NOTE: coordinate (11.46462053,-0.4156988237) has been dropped because of a coor
dinate filter. (see also unbounded coords=jump). 
NOTE: coordinate (11.46867135,-0.3960805767) has been dropped because of a coor
dinate filter. (see also unbounded coords=jump). 
NOTE: coordinate (11.47272217,-0.3748459664) has been dropped because of a coor
dinate filter. (see also unbounded coords=jump). 
NOTE: coordinate (11.47677298,-0.3522227352) has been dropped because of a coor
dinate filter. (see also unbounded coords=jump). 
NOTE: coordinate (11.4808238,-0.3284602424) has been dropped because of a coord
inate filter. (see also unbounded coords=jump). 
NOTE: coordinate (11.48487462,-0.3038223077) has been dropped because of a coor
dinate filter. (see also unbounded coords=jump). 
NOTE: coordinate (11.48892544,-0.2785796163) has been dropped because of a coor
dinate filter. (see also unbounded coords=jump). 
NOTE: coordinate (11.49297626,-0.2530019419) has been dropped because of a coor
dinate filter. (see also unbounded coords=jump). 
NOTE: coordinate (11.49702707,-0.2273504575) has been dropped because of a coor
dinate filter. (see also unbounded coords=jump). 
NOTE: coordinate (11.50107789,-0.201870399) has been dropped because of a coord
inate filter. (see also unbounded coords=jump). 
NOTE: coordinate (11.50512871,-0.1767843408) has been dropped because of a coor
dinate filter. (see also unbounded coords=jump). 
NOTE: coordinate (11.50917953,-0.1522863198) has been dropped because of a coor
dinate filter. (see also unbounded coords=jump). 
NOTE: coordinate (11.51323035,-0.1285370182) has been dropped because of a coor
dinate filter. (see also unbounded coords=jump). 
NOTE: coordinate (11.51728116,-0.1056601782) has been dropped because of a coor
dinate filter. (see also unbounded coords=jump). 
NOTE: coordinate (11.52133198,-0.08374037682) has been dropped because of a coo
rdinate filter. (see also unbounded coords=jump). 
NOTE: coordinate (11.5253828,-0.06282224254) has been dropped because of a coor
dinate filter. (see also unbounded coords=jump). 
NOTE: coordinate (11.52943362,-0.04291114298) has been dropped because of a coo
rdinate filter. (see also unbounded coords=jump). 
NOTE: coordinate (11.53348443,-0.02397531719) has been dropped because of a coo
rdinate filter. (see also unbounded coords=jump). 
NOTE: coordinate (11.53753525,-0.005949374844) has been dropped because of a co
ordinate filter. (see also unbounded coords=jump). 
NOTE: coordinate (11.54158607,0.01126096768) has been dropped because of a coor
dinate filter. (see also unbounded coords=jump). 
NOTE: coordinate (11.54563689,0.02777309103) has been dropped because of a coor
dinate filter. (see also unbounded coords=jump). 
NOTE: coordinate (11.54968771,0.04372083357) has been dropped because of a coor
dinate filter. (see also unbounded coords=jump). 
NOTE: coordinate (11.55373852,0.05924725969) has been dropped because of a coor
dinate filter. (see also unbounded coords=jump). 
NOTE: coordinate (11.55778934,0.07449711003) has been dropped because of a coor
dinate filter. (see also unbounded coords=jump). 
NOTE: coordinate (11.56184016,0.08960922234) has been dropped because of a coor
dinate filter. (see also unbounded coords=jump). 
NOTE: coordinate (11.56589098,0.1047092148) has been dropped because of a coord
inate filter. (see also unbounded coords=jump). 
NOTE: coordinate (11.5699418,0.1199027165) has been dropped because of a coordi
nate filter. (see also unbounded coords=jump). 
NOTE: coordinate (11.57399261,0.1352694107) has been dropped because of a coord
inate filter. (see also unbounded coords=jump). 
NOTE: coordinate (11.57804343,0.1508581295) has been dropped because of a coord
inate filter. (see also unbounded coords=jump). 
NOTE: coordinate (11.58209425,0.1666831993) has been dropped because of a coord
inate filter. (see also unbounded coords=jump). 
NOTE: coordinate (11.58614507,0.1827221925) has been dropped because of a coord
inate filter. (see also unbounded coords=jump). 
NOTE: coordinate (11.59019589,0.1989151866) has been dropped because of a coord
inate filter. (see also unbounded coords=jump). 
NOTE: coordinate (11.5942467,0.2151655793) has been dropped because of a coordi
nate filter. (see also unbounded coords=jump). 
NOTE: coordinate (11.59829752,0.2313424457) has been dropped because of a coord
inate filter. (see also unbounded coords=jump). 
NOTE: coordinate (11.60234834,0.2472843674) has been dropped because of a coord
inate filter. (see also unbounded coords=jump). 
NOTE: coordinate (11.60639916,0.2628046053) has been dropped because of a coord
inate filter. (see also unbounded coords=jump). 
NOTE: coordinate (11.61044997,0.2776974373) has been dropped because of a coord
inate filter. (see also unbounded coords=jump). 
NOTE: coordinate (11.61450079,0.2917454314) has been dropped because of a coord
inate filter. (see also unbounded coords=jump). 
NOTE: coordinate (11.61855161,0.3047273924) has been dropped because of a coord
inate filter. (see also unbounded coords=jump). 
NOTE: coordinate (11.62260243,0.3164266855) has been dropped because of a coord
inate filter. (see also unbounded coords=jump). 
NOTE: coordinate (11.62665325,0.3266396271) has been dropped because of a coord
inate filter. (see also unbounded coords=jump). 
NOTE: coordinate (11.63070406,0.3351836225) has been dropped because of a coord
inate filter. (see also unbounded coords=jump). 
NOTE: coordinate (11.63475488,0.3419047382) has been dropped because of a coord
inate filter. (see also unbounded coords=jump). 
NOTE: coordinate (11.6388057,0.3466844127) has been dropped because of a coordi
nate filter. (see also unbounded coords=jump). 
NOTE: coordinate (11.64285652,0.3494450373) has been dropped because of a coord
inate filter. (see also unbounded coords=jump). 
NOTE: coordinate (11.64690734,0.350154179) has been dropped because of a coordi
nate filter. (see also unbounded coords=jump). 
NOTE: coordinate (11.65095815,0.3488272643) has been dropped because of a coord
inate filter. (see also unbounded coords=jump). 
NOTE: coordinate (11.65500897,0.3455285973) has been dropped because of a coord
inate filter. (see also unbounded coords=jump). 
NOTE: coordinate (11.65905979,0.3403706478) has been dropped because of a coord
inate filter. (see also unbounded coords=jump). 
NOTE: coordinate (11.66311061,0.3335116075) has been dropped because of a coord
inate filter. (see also unbounded coords=jump). 
NOTE: coordinate (11.66716143,0.3251512769) has been dropped because of a coord
inate filter. (see also unbounded coords=jump). 
NOTE: coordinate (11.67121224,0.3155254093) has been dropped because of a coord
inate filter. (see also unbounded coords=jump). 
NOTE: coordinate (11.67526306,0.3048986959) has been dropped because of a coord
inate filter. (see also unbounded coords=jump). 
NOTE: coordinate (11.67931388,0.293556631) has been dropped because of a coordi
nate filter. (see also unbounded coords=jump). 
NOTE: coordinate (11.6833647,0.2817965377) has been dropped because of a coordi
nate filter. (see also unbounded coords=jump). 
NOTE: coordinate (11.68741551,0.2699180721) has been dropped because of a coord
inate filter. (see also unbounded coords=jump). 
NOTE: coordinate (11.69146633,0.2582135456) has been dropped because of a coord
inate filter. (see also unbounded coords=jump). 
NOTE: coordinate (11.69551715,0.2469584154) has been dropped because of a coord
inate filter. (see also unbounded coords=jump). 
NOTE: coordinate (11.69956797,0.2364022933) has been dropped because of a coord
inate filter. (see also unbounded coords=jump). 
NOTE: coordinate (11.70361879,0.2267608054) has been dropped because of a coord
inate filter. (see also unbounded coords=jump). 
NOTE: coordinate (11.7076696,0.2182086099) has been dropped because of a coordi
nate filter. (see also unbounded coords=jump). 
NOTE: coordinate (11.71172042,0.2108738396) has been dropped because of a coord
inate filter. (see also unbounded coords=jump). 
NOTE: coordinate (11.71577124,0.2048341879) has been dropped because of a coord
inate filter. (see also unbounded coords=jump). 
NOTE: coordinate (11.71982206,0.2001147966) has been dropped because of a coord
inate filter. (see also unbounded coords=jump). 
NOTE: coordinate (11.72387288,0.1966880431) has been dropped because of a coord
inate filter. (see also unbounded coords=jump). 
NOTE: coordinate (11.72792369,0.1944752508) has been dropped because of a coord
inate filter. (see also unbounded coords=jump). 
NOTE: coordinate (11.73197451,0.1933502816) has been dropped because of a coord
inate filter. (see also unbounded coords=jump). 
NOTE: coordinate (11.73602533,0.1931448948) has been dropped because of a coord
inate filter. (see also unbounded coords=jump). 
NOTE: coordinate (11.74007615,0.1936556939) has been dropped because of a coord
inate filter. (see also unbounded coords=jump). 
NOTE: coordinate (11.74412697,0.1946524209) has been dropped because of a coord
inate filter. (see also unbounded coords=jump). 
NOTE: coordinate (11.74817778,0.1958873066) has been dropped because of a coord
inate filter. (see also unbounded coords=jump). 
NOTE: coordinate (11.7522286,0.1971051409) has been dropped because of a coordi
nate filter. (see also unbounded coords=jump). 
NOTE: coordinate (11.75627942,0.1980537022) has been dropped because of a coord
inate filter. (see also unbounded coords=jump). 
NOTE: coordinate (11.76033024,0.1984941608) has been dropped because of a coord
inate filter. (see also unbounded coords=jump). 
NOTE: coordinate (11.76438105,0.1982110738) has been dropped because of a coord
inate filter. (see also unbounded coords=jump). 
NOTE: coordinate (11.76843187,0.1970215972) has been dropped because of a coord
inate filter. (see also unbounded coords=jump). 
NOTE: coordinate (11.77248269,0.1947835634) has been dropped because of a coord
inate filter. (see also unbounded coords=jump). 
NOTE: coordinate (11.77653351,0.1914021147) has been dropped because of a coord
inate filter. (see also unbounded coords=jump). 
NOTE: coordinate (11.78058433,0.186834626) has been dropped because of a coordi
nate filter. (see also unbounded coords=jump). 
NOTE: coordinate (11.78463514,0.1810937153) has been dropped because of a coord
inate filter. (see also unbounded coords=jump). 
NOTE: coordinate (11.78868596,0.1742482029) has been dropped because of a coord
inate filter. (see also unbounded coords=jump). 
NOTE: coordinate (11.79273678,0.1664219565) has been dropped because of a coord
inate filter. (see also unbounded coords=jump). 
NOTE: coordinate (11.7967876,0.1577906323) has been dropped because of a coordi
nate filter. (see also unbounded coords=jump). 
NOTE: coordinate (11.80083842,0.1485764009) has been dropped because of a coord
inate filter. (see also unbounded coords=jump). 
NOTE: coordinate (11.80488923,0.1390408191) has been dropped because of a coord
inate filter. (see also unbounded coords=jump). 
NOTE: coordinate (11.80894005,0.1294760764) has been dropped because of a coord
inate filter. (see also unbounded coords=jump). 
NOTE: coordinate (11.81299087,0.1201949093) has been dropped because of a coord
inate filter. (see also unbounded coords=jump). 
NOTE: coordinate (11.81704169,0.1115195234) has been dropped because of a coord
inate filter. (see also unbounded coords=jump). 
NOTE: coordinate (11.82109251,0.1037699055) has been dropped because of a coord
inate filter. (see also unbounded coords=jump). 
NOTE: coordinate (11.82514332,0.0972519325) has been dropped because of a coord
inate filter. (see also unbounded coords=jump). 
NOTE: coordinate (11.82919414,0.09224569707) has been dropped because of a coor
dinate filter. (see also unbounded coords=jump). 
NOTE: coordinate (11.83324496,0.08899446446) has been dropped because of a coor
dinate filter. (see also unbounded coords=jump). 
NOTE: coordinate (11.83729578,0.08769465942) has been dropped because of a coor
dinate filter. (see also unbounded coords=jump). 
NOTE: coordinate (11.84134659,0.0884872486) has been dropped because of a coord
inate filter. (see also unbounded coords=jump). 
NOTE: coordinate (11.84539741,0.09145083871) has been dropped because of a coor
dinate filter. (see also unbounded coords=jump). 
NOTE: coordinate (11.84944823,0.096596754) has been dropped because of a coordi
nate filter. (see also unbounded coords=jump). 
NOTE: coordinate (11.85349905,0.1038662895) has been dropped because of a coord
inate filter. (see also unbounded coords=jump). 
NOTE: coordinate (11.85754987,0.113130263) has been dropped because of a coordi
nate filter. (see also unbounded coords=jump). 
NOTE: coordinate (11.86160068,0.1241909093) has been dropped because of a coord
inate filter. (see also unbounded coords=jump). 
NOTE: coordinate (11.8656515,0.1367860809) has been dropped because of a coordi
nate filter. (see also unbounded coords=jump). 
NOTE: coordinate (11.86970232,0.1505956371) has been dropped because of a coord
inate filter. (see also unbounded coords=jump). 
NOTE: coordinate (11.87375314,0.16524983) has been dropped because of a coordin
ate filter. (see also unbounded coords=jump). 
NOTE: coordinate (11.87780396,0.1803394255) has been dropped because of a coord
inate filter. (see also unbounded coords=jump). 
NOTE: coordinate (11.88185477,0.1954272342) has been dropped because of a coord
inate filter. (see also unbounded coords=jump). 
NOTE: coordinate (11.88590559,0.2100606818) has been dropped because of a coord
inate filter. (see also unbounded coords=jump). 
NOTE: coordinate (11.88995641,0.2237850083) has been dropped because of a coord
inate filter. (see also unbounded coords=jump). 
NOTE: coordinate (11.89400723,0.2361566636) has been dropped because of a coord
inate filter. (see also unbounded coords=jump). 
NOTE: coordinate (11.89805805,0.2467564597) has been dropped because of a coord
inate filter. (see also unbounded coords=jump). 
NOTE: coordinate (11.90210886,0.2552020488) has been dropped because of a coord
inate filter. (see also unbounded coords=jump). 
NOTE: coordinate (11.90615968,0.2611593144) has been dropped because of a coord
inate filter. (see also unbounded coords=jump). 
NOTE: coordinate (11.9102105,0.264352306) has been dropped because of a coordin
ate filter. (see also unbounded coords=jump). 
NOTE: coordinate (11.91426132,0.2645713916) has been dropped because of a coord
inate filter. (see also unbounded coords=jump). 
NOTE: coordinate (11.91831213,0.2616793671) has been dropped because of a coord
inate filter. (see also unbounded coords=jump). 
NOTE: coordinate (11.92236295,0.255615329) has been dropped because of a coordi
nate filter. (see also unbounded coords=jump). 
NOTE: coordinate (11.92641377,0.2463961949) has been dropped because of a coord
inate filter. (see also unbounded coords=jump). 
NOTE: coordinate (11.93046459,0.2341158347) has been dropped because of a coord
inate filter. (see also unbounded coords=jump). 
NOTE: coordinate (11.93451541,0.2189418571) has been dropped because of a coord
inate filter. (see also unbounded coords=jump). 
NOTE: coordinate (11.93856622,0.2011101763) has been dropped because of a coord
inate filter. (see also unbounded coords=jump). 
NOTE: coordinate (11.94261704,0.180917555) has been dropped because of a coordi
nate filter. (see also unbounded coords=jump). 
NOTE: coordinate (11.94666786,0.1587123905) has been dropped because of a coord
inate filter. (see also unbounded coords=jump). 
NOTE: coordinate (11.95071868,0.1348840656) has been dropped because of a coord
inate filter. (see also unbounded coords=jump). 
NOTE: coordinate (11.9547695,0.109851232) has been dropped because of a coordin
ate filter. (see also unbounded coords=jump). 
NOTE: coordinate (11.95882031,0.08404942899) has been dropped because of a coor
dinate filter. (see also unbounded coords=jump). 
NOTE: coordinate (11.96287113,0.05791845344) has been dropped because of a coor
dinate filter. (see also unbounded coords=jump). 
NOTE: coordinate (11.96692195,0.03188990679) has been dropped because of a coor
dinate filter. (see also unbounded coords=jump). 
NOTE: coordinate (11.97097277,0.006375327864) has been dropped because of a coo
rdinate filter. (see also unbounded coords=jump). 
NOTE: coordinate (11.97502359,-0.01824470214) has been dropped because of a coo
rdinate filter. (see also unbounded coords=jump). 
NOTE: coordinate (11.9790744,-0.04163013659) has been dropped because of a coor
dinate filter. (see also unbounded coords=jump). 
NOTE: coordinate (11.98312522,-0.06348942706) has been dropped because of a coo
rdinate filter. (see also unbounded coords=jump). 
NOTE: coordinate (11.98717604,-0.08358563944) has been dropped because of a coo
rdinate filter. (see also unbounded coords=jump). 
NOTE: coordinate (11.99122686,-0.1017405567) has been dropped because of a coor
dinate filter. (see also unbounded coords=jump). 
NOTE: coordinate (11.99527767,-0.1178366763) has been dropped because of a coor
dinate filter. (see also unbounded coords=jump). 
NOTE: coordinate (11.99932849,-0.1318170865) has been dropped because of a coor
dinate filter. (see also unbounded coords=jump). 
NOTE: coordinate (12.00337931,-0.1436832819) has been dropped because of a coor
dinate filter. (see also unbounded coords=jump). 
NOTE: coordinate (12.00743013,-0.1534910489) has been dropped because of a coor
dinate filter. (see also unbounded coords=jump). 
NOTE: coordinate (12.01148095,-0.1613446248) has been dropped because of a coor
dinate filter. (see also unbounded coords=jump). 
NOTE: coordinate (12.01553176,-0.1673893843) has been dropped because of a coor
dinate filter. (see also unbounded coords=jump). 
NOTE: coordinate (12.01958258,-0.1718033656) has been dropped because of a coor
dinate filter. (see also unbounded coords=jump). 
NOTE: coordinate (12.0236334,-0.1747879771) has been dropped because of a coord
inate filter. (see also unbounded coords=jump). 
NOTE: coordinate (12.02768422,-0.1765582561) has been dropped because of a coor
dinate filter. (see also unbounded coords=jump). 
NOTE: coordinate (12.03173504,-0.1773330554) has been dropped because of a coor
dinate filter. (see also unbounded coords=jump). 
NOTE: coordinate (12.03578585,-0.1773255348) has been dropped because of a coor
dinate filter. (see also unbounded coords=jump). 
NOTE: coordinate (12.03983667,-0.1767343129) has been dropped because of a coor
dinate filter. (see also unbounded coords=jump). 
NOTE: coordinate (12.04388749,-0.175735605) has been dropped because of a coord
inate filter. (see also unbounded coords=jump). 
NOTE: coordinate (12.04793831,-0.1744766313) has been dropped because of a coor
dinate filter. (see also unbounded coords=jump). 
NOTE: coordinate (12.05198913,-0.1730705247) has been dropped because of a coor
dinate filter. (see also unbounded coords=jump). 
NOTE: coordinate (12.05603994,-0.1715929091) has been dropped because of a coor
dinate filter. (see also unbounded coords=jump). 
NOTE: coordinate (12.06009076,-0.1700802498) has been dropped because of a coor
dinate filter. (see also unbounded coords=jump). 
NOTE: coordinate (12.06414158,-0.168530011) has been dropped because of a coord
inate filter. (see also unbounded coords=jump). 
NOTE: coordinate (12.0681924,-0.1669025807) has been dropped because of a coord
inate filter. (see also unbounded coords=jump). 
NOTE: coordinate (12.07224321,-0.1651248616) has been dropped because of a coor
dinate filter. (see also unbounded coords=jump). 
NOTE: coordinate (12.07629403,-0.1630953541) has been dropped because of a coor
dinate filter. (see also unbounded coords=jump). 
NOTE: coordinate (12.08034485,-0.1606905093) has been dropped because of a coor
dinate filter. (see also unbounded coords=jump). 
NOTE: coordinate (12.08439567,-0.1577720766) has been dropped because of a coor
dinate filter. (see also unbounded coords=jump). 
NOTE: coordinate (12.08844649,-0.154195135) has been dropped because of a coord
inate filter. (see also unbounded coords=jump). 
NOTE: coordinate (12.0924973,-0.1498164735) has been dropped because of a coord
inate filter. (see also unbounded coords=jump). 
NOTE: coordinate (12.09654812,-0.1445029719) has been dropped because of a coor
dinate filter. (see also unbounded coords=jump). 
NOTE: coordinate (12.10059894,-0.1381396377) has been dropped because of a coor
dinate filter. (see also unbounded coords=jump). 
NOTE: coordinate (12.10464976,-0.1306369649) has been dropped because of a coor
dinate filter. (see also unbounded coords=jump). 
NOTE: coordinate (12.10870058,-0.1219373137) has been dropped because of a coor
dinate filter. (see also unbounded coords=jump). 
NOTE: coordinate (12.11275139,-0.1120200429) has been dropped because of a coor
dinate filter. (see also unbounded coords=jump). 
NOTE: coordinate (12.11680221,-0.1009051801) has been dropped because of a coor
dinate filter. (see also unbounded coords=jump). 
NOTE: coordinate (12.12085303,-0.08865546984) has been dropped because of a coo
rdinate filter. (see also unbounded coords=jump). 
NOTE: coordinate (12.12490385,-0.07537670225) has been dropped because of a coo
rdinate filter. (see also unbounded coords=jump). 
NOTE: coordinate (12.12895467,-0.06121629346) has been dropped because of a coo
rdinate filter. (see also unbounded coords=jump). 
NOTE: coordinate (12.13300548,-0.04636015438) has been dropped because of a coo
rdinate filter. (see also unbounded coords=jump). 
NOTE: coordinate (12.1370563,-0.03102795218) has been dropped because of a coor
dinate filter. (see also unbounded coords=jump). 
NOTE: coordinate (12.14110712,-0.01546693061) has been dropped because of a coo
rdinate filter. (see also unbounded coords=jump). 
NOTE: coordinate (12.14515794,5.548887853e-05) has been dropped because of a co
ordinate filter. (see also unbounded coords=jump). 
NOTE: coordinate (12.14920875,0.0152600553) has been dropped because of a coord
inate filter. (see also unbounded coords=jump). 
NOTE: coordinate (12.15325957,0.02986467844) has been dropped because of a coor
dinate filter. (see also unbounded coords=jump). 
NOTE: coordinate (12.15731039,0.04359372801) has been dropped because of a coor
dinate filter. (see also unbounded coords=jump). 
NOTE: coordinate (12.16136121,0.05618729506) has been dropped because of a coor
dinate filter. (see also unbounded coords=jump). 
NOTE: coordinate (12.16541203,0.06741006844) has been dropped because of a coor
dinate filter. (see also unbounded coords=jump). 
NOTE: coordinate (12.16946284,0.07705949169) has been dropped because of a coor
dinate filter. (see also unbounded coords=jump). 
NOTE: coordinate (12.17351366,0.08497289095) has been dropped because of a coor
dinate filter. (see also unbounded coords=jump). 
NOTE: coordinate (12.17756448,0.09103330086) has been dropped because of a coor
dinate filter. (see also unbounded coords=jump). 
NOTE: coordinate (12.1816153,0.09517376264) has been dropped because of a coord
inate filter. (see also unbounded coords=jump). 
NOTE: coordinate (12.18566612,0.09737992379) has been dropped because of a coor
dinate filter. (see also unbounded coords=jump). 
NOTE: coordinate (12.18971693,0.09769083075) has been dropped because of a coor
dinate filter. (see also unbounded coords=jump). 
NOTE: coordinate (12.19376775,0.09619787197) has been dropped because of a coor
dinate filter. (see also unbounded coords=jump). 
NOTE: coordinate (12.19781857,0.09304189662) has been dropped because of a coor
dinate filter. (see also unbounded coords=jump). 
NOTE: coordinate (12.20186939,0.08840860114) has been dropped because of a coor
dinate filter. (see also unbounded coords=jump). 
NOTE: coordinate (12.20592021,0.08252233959) has been dropped because of a coor
dinate filter. (see also unbounded coords=jump). 
NOTE: coordinate (12.20997102,0.07563857225) has been dropped because of a coor
dinate filter. (see also unbounded coords=jump). 
NOTE: coordinate (12.21402184,0.06803521698) has been dropped because of a coor
dinate filter. (see also unbounded coords=jump). 
NOTE: coordinate (12.21807266,0.06000320928) has been dropped because of a coor
dinate filter. (see also unbounded coords=jump). 
NOTE: coordinate (12.22212348,0.05183660639) has been dropped because of a coor
dinate filter. (see also unbounded coords=jump). 
NOTE: coordinate (12.22617429,0.04382258895) has been dropped because of a coor
dinate filter. (see also unbounded coords=jump). 
NOTE: coordinate (12.23022511,0.03623171806) has been dropped because of a coor
dinate filter. (see also unbounded coords=jump). 
NOTE: coordinate (12.23427593,0.02930879809) has been dropped because of a coor
dinate filter. (see also unbounded coords=jump). 
NOTE: coordinate (12.23832675,0.02326467409) has been dropped because of a coor
dinate filter. (see also unbounded coords=jump). 
NOTE: coordinate (12.24237757,0.01826926032) has been dropped because of a coor
dinate filter. (see also unbounded coords=jump). 
NOTE: coordinate (12.24642838,0.01444605265) has been dropped because of a coor
dinate filter. (see also unbounded coords=jump). 
NOTE: coordinate (12.2504792,0.0118683245) has been dropped because of a coordi
nate filter. (see also unbounded coords=jump). 
NOTE: coordinate (12.25453002,0.01055714647) has been dropped because of a coor
dinate filter. (see also unbounded coords=jump). 
NOTE: coordinate (12.25858084,0.0104813037) has been dropped because of a coord
inate filter. (see also unbounded coords=jump). 
NOTE: coordinate (12.26263166,0.0115591178) has been dropped because of a coord
inate filter. (see also unbounded coords=jump). 
NOTE: coordinate (12.26668247,0.01366211098) has been dropped because of a coor
dinate filter. (see also unbounded coords=jump). 
NOTE: coordinate (12.27073329,0.01662038429) has been dropped because of a coor
dinate filter. (see also unbounded coords=jump). 
NOTE: coordinate (12.27478411,0.02022951963) has been dropped because of a coor
dinate filter. (see also unbounded coords=jump). 
NOTE: coordinate (12.27883493,0.02425876026) has been dropped because of a coor
dinate filter. (see also unbounded coords=jump). 
NOTE: coordinate (12.28288575,0.02846017809) has been dropped because of a coor
dinate filter. (see also unbounded coords=jump). 
NOTE: coordinate (12.28693656,0.03257849963) has been dropped because of a coor
dinate filter. (see also unbounded coords=jump). 
NOTE: coordinate (12.29098738,0.03636123825) has been dropped because of a coor
dinate filter. (see also unbounded coords=jump). 
NOTE: coordinate (12.2950382,0.0395687681) has been dropped because of a coordi
nate filter. (see also unbounded coords=jump). 
NOTE: coordinate (12.29908902,0.04198397603) has been dropped because of a coor
dinate filter. (see also unbounded coords=jump). 
NOTE: coordinate (12.30313983,0.04342114147) has been dropped because of a coor
dinate filter. (see also unbounded coords=jump). 
NOTE: coordinate (12.30719065,0.04373372036) has been dropped because of a coor
dinate filter. (see also unbounded coords=jump). 
NOTE: coordinate (12.31124147,0.04282074682) has been dropped because of a coor
dinate filter. (see also unbounded coords=jump). 
NOTE: coordinate (12.31529229,0.04063161389) has been dropped because of a coor
dinate filter. (see also unbounded coords=jump). 
NOTE: coordinate (12.31934311,0.03716905083) has been dropped because of a coor
dinate filter. (see also unbounded coords=jump). 
NOTE: coordinate (12.32339392,0.032490177) has been dropped because of a coordi
nate filter. (see also unbounded coords=jump). 
NOTE: coordinate (12.32744474,0.02670557955) has been dropped because of a coor
dinate filter. (see also unbounded coords=jump). 
NOTE: coordinate (12.33149556,0.01997643042) has been dropped because of a coor
dinate filter. (see also unbounded coords=jump). 
NOTE: coordinate (12.33554638,0.01250972718) has been dropped because of a coor
dinate filter. (see also unbounded coords=jump). 
NOTE: coordinate (12.3395972,0.004551807267) has been dropped because of a coor
dinate filter. (see also unbounded coords=jump). 
NOTE: coordinate (12.34364801,-0.003619653951) has been dropped because of a co
ordinate filter. (see also unbounded coords=jump). 
NOTE: coordinate (12.34769883,-0.01170489798) has been dropped because of a coo
rdinate filter. (see also unbounded coords=jump). 
NOTE: coordinate (12.35174965,-0.01939228288) has been dropped because of a coo
rdinate filter. (see also unbounded coords=jump). 
NOTE: coordinate (12.35580047,-0.02636908641) has been dropped because of a coo
rdinate filter. (see also unbounded coords=jump). 
NOTE: coordinate (12.35985129,-0.03233254873) has been dropped because of a coo
rdinate filter. (see also unbounded coords=jump). 
NOTE: coordinate (12.3639021,-0.03700078143) has been dropped because of a coor
dinate filter. (see also unbounded coords=jump). 
NOTE: coordinate (12.36795292,-0.04012317203) has been dropped because of a coo
rdinate filter. (see also unbounded coords=jump). 
NOTE: coordinate (12.37200374,-0.041489929) has been dropped because of a coord
inate filter. (see also unbounded coords=jump). 
NOTE: coordinate (12.37605456,-0.04094043931) has been dropped because of a coo
rdinate filter. (see also unbounded coords=jump). 
NOTE: coordinate (12.38010537,-0.03837014923) has been dropped because of a coo
rdinate filter. (see also unbounded coords=jump). 
NOTE: coordinate (12.38415619,-0.0337357269) has been dropped because of a coor
dinate filter. (see also unbounded coords=jump). 
NOTE: coordinate (12.38820701,-0.02705832125) has been dropped because of a coo
rdinate filter. (see also unbounded coords=jump). 
NOTE: coordinate (12.39225783,-0.01842479389) has been dropped because of a coo
rdinate filter. (see also unbounded coords=jump). 
NOTE: coordinate (12.39630865,-0.007986866801) has been dropped because of a co
ordinate filter. (see also unbounded coords=jump). 
NOTE: coordinate (12.40035946,0.004041803893) has been dropped because of a coo
rdinate filter. (see also unbounded coords=jump). 
NOTE: coordinate (12.40441028,0.01739055032) has been dropped because of a coor
dinate filter. (see also unbounded coords=jump). 
NOTE: coordinate (12.4084611,0.03173846924) has been dropped because of a coord
inate filter. (see also unbounded coords=jump). 
NOTE: coordinate (12.41251192,0.04672285082) has been dropped because of a coor
dinate filter. (see also unbounded coords=jump). 
NOTE: coordinate (12.41656274,0.06194900524) has been dropped because of a coor
dinate filter. (see also unbounded coords=jump). 
NOTE: coordinate (12.42061355,0.07700118847) has been dropped because of a coor
dinate filter. (see also unbounded coords=jump). 
NOTE: coordinate (12.42466437,0.0914542941) has been dropped because of a coord
inate filter. (see also unbounded coords=jump). 
NOTE: coordinate (12.42871519,0.1048859548) has been dropped because of a coord
inate filter. (see also unbounded coords=jump). 
NOTE: coordinate (12.43276601,0.116888685) has been dropped because of a coordi
nate filter. (see also unbounded coords=jump). 
NOTE: coordinate (12.43681683,0.1270816964) has been dropped because of a coord
inate filter. (see also unbounded coords=jump). 
NOTE: coordinate (12.44086764,0.1351220298) has been dropped because of a coord
inate filter. (see also unbounded coords=jump). 
NOTE: coordinate (12.44491846,0.1407146701) has been dropped because of a coord
inate filter. (see also unbounded coords=jump). 
NOTE: coordinate (12.44896928,0.1436213429) has been dropped because of a coord
inate filter. (see also unbounded coords=jump). 
NOTE: coordinate (12.4530201,0.1436677373) has been dropped because of a coordi
nate filter. (see also unbounded coords=jump). 
NOTE: coordinate (12.45707091,0.1407489444) has been dropped because of a coord
inate filter. (see also unbounded coords=jump). 
NOTE: coordinate (12.46112173,0.134832963) has been dropped because of a coordi
nate filter. (see also unbounded coords=jump). 
NOTE: coordinate (12.46517255,0.1259621787) has been dropped because of a coord
inate filter. (see also unbounded coords=jump). 
NOTE: coordinate (12.46922337,0.1142527885) has been dropped because of a coord
inate filter. (see also unbounded coords=jump). 
NOTE: coordinate (12.47327419,0.09989220463) has been dropped because of a coor
dinate filter. (see also unbounded coords=jump). 
NOTE: coordinate (12.477325,0.08313452917) has been dropped because of a coordi
nate filter. (see also unbounded coords=jump). 
NOTE: coordinate (12.48137582,0.06429425128) has been dropped because of a coor
dinate filter. (see also unbounded coords=jump). 
NOTE: coordinate (12.48542664,0.04373836699) has been dropped because of a coor
dinate filter. (see also unbounded coords=jump). 
NOTE: coordinate (12.48947746,0.02187716633) has been dropped because of a coor
dinate filter. (see also unbounded coords=jump). 
NOTE: coordinate (12.49352828,-0.0008460318211) has been dropped because of a c
oordinate filter. (see also unbounded coords=jump). 
NOTE: coordinate (12.49757909,-0.02396589096) has been dropped because of a coo
rdinate filter. (see also unbounded coords=jump). 
NOTE: coordinate (12.50162991,-0.04700649147) has been dropped because of a coo
rdinate filter. (see also unbounded coords=jump). 
NOTE: coordinate (12.50568073,-0.06949285989) has been dropped because of a coo
rdinate filter. (see also unbounded coords=jump). 
NOTE: coordinate (12.50973155,-0.09096226831) has been dropped because of a coo
rdinate filter. (see also unbounded coords=jump). 
NOTE: coordinate (12.51378237,-0.1109749936) has been dropped because of a coor
dinate filter. (see also unbounded coords=jump). 
NOTE: coordinate (12.51783318,-0.1291242492) has been dropped because of a coor
dinate filter. (see also unbounded coords=jump). 
NOTE: coordinate (12.521884,-0.1450450331) has been dropped because of a coordi
nate filter. (see also unbounded coords=jump). 
NOTE: coordinate (12.52593482,-0.1584216757) has been dropped because of a coor
dinate filter. (see also unbounded coords=jump). 
NOTE: coordinate (12.52998564,-0.1689939129) has been dropped because of a coor
dinate filter. (see also unbounded coords=jump). 
NOTE: coordinate (12.53403645,-0.1765613596) has been dropped because of a coor
dinate filter. (see also unbounded coords=jump). 
NOTE: coordinate (12.53808727,-0.1809863093) has been dropped because of a coor
dinate filter. (see also unbounded coords=jump). 
NOTE: coordinate (12.54213809,-0.1821948362) has been dropped because of a coor
dinate filter. (see also unbounded coords=jump). 
NOTE: coordinate (12.54618891,-0.1801762265) has been dropped because of a coor
dinate filter. (see also unbounded coords=jump). 
NOTE: coordinate (12.55023973,-0.1749808154) has been dropped because of a coor
dinate filter. (see also unbounded coords=jump). 
NOTE: coordinate (12.55429054,-0.166716348) has been dropped because of a coord
inate filter. (see also unbounded coords=jump). 
NOTE: coordinate (12.55834136,-0.1555430249) has been dropped because of a coor
dinate filter. (see also unbounded coords=jump). 
NOTE: coordinate (12.56239218,-0.1416674215) has been dropped because of a coor
dinate filter. (see also unbounded coords=jump). 
NOTE: coordinate (12.566443,-0.1253355015) has been dropped because of a coordi
nate filter. (see also unbounded coords=jump). 
NOTE: coordinate (12.57049382,-0.1068249586) has been dropped because of a coor
dinate filter. (see also unbounded coords=jump). 
NOTE: coordinate (12.57454463,-0.08643713353) has been dropped because of a coo
rdinate filter. (see also unbounded coords=jump). 
NOTE: coordinate (12.57859545,-0.06448875435) has been dropped because of a coo
rdinate filter. (see also unbounded coords=jump). 
NOTE: coordinate (12.58264627,-0.04130374416) has been dropped because of a coo
rdinate filter. (see also unbounded coords=jump). 
NOTE: coordinate (12.58669709,-0.0172053257) has been dropped because of a coor
dinate filter. (see also unbounded coords=jump). 
NOTE: coordinate (12.59074791,0.007491365855) has been dropped because of a coo
rdinate filter. (see also unbounded coords=jump). 
NOTE: coordinate (12.59479872,0.03248597625) has been dropped because of a coor
dinate filter. (see also unbounded coords=jump). 
NOTE: coordinate (12.59884954,0.057498776) has been dropped because of a coordi
nate filter. (see also unbounded coords=jump). 
NOTE: coordinate (12.60290036,0.0822755328) has been dropped because of a coord
inate filter. (see also unbounded coords=jump). 
NOTE: coordinate (12.60695118,0.1065913263) has been dropped because of a coord
inate filter. (see also unbounded coords=jump). 
NOTE: coordinate (12.61100199,0.130253257) has been dropped because of a coordi
nate filter. (see also unbounded coords=jump). 
NOTE: coordinate (12.61505281,0.1531020364) has been dropped because of a coord
inate filter. (see also unbounded coords=jump). 
NOTE: coordinate (12.61910363,0.1750124843) has been dropped because of a coord
inate filter. (see also unbounded coords=jump). 
NOTE: coordinate (12.62315445,0.1958929891) has been dropped because of a coord
inate filter. (see also unbounded coords=jump). 
NOTE: coordinate (12.62720527,0.2156840197) has been dropped because of a coord
inate filter. (see also unbounded coords=jump). 
NOTE: coordinate (12.63125608,0.234355802) has been dropped because of a coordi
nate filter. (see also unbounded coords=jump). 
NOTE: coordinate (12.6353069,0.2519052943) has been dropped because of a coordi
nate filter. (see also unbounded coords=jump). 
NOTE: coordinate (12.63935772,0.2683526114) has been dropped because of a coord
inate filter. (see also unbounded coords=jump). 
NOTE: coordinate (12.64340854,0.2837370568) has been dropped because of a coord
inate filter. (see also unbounded coords=jump). 
NOTE: coordinate (12.64745936,0.2981129268) has been dropped because of a coord
inate filter. (see also unbounded coords=jump). 
NOTE: coordinate (12.65151017,0.3115452486) has been dropped because of a coord
inate filter. (see also unbounded coords=jump). 
NOTE: coordinate (12.65556099,0.3241056067) has been dropped because of a coord
inate filter. (see also unbounded coords=jump). 
NOTE: coordinate (12.65961181,0.3358682015) has been dropped because of a coord
inate filter. (see also unbounded coords=jump). 
NOTE: coordinate (12.66366263,0.3469062663) has been dropped because of a coord
inate filter. (see also unbounded coords=jump). 
NOTE: coordinate (12.66771345,0.3572889499) has been dropped because of a coord
inate filter. (see also unbounded coords=jump). 
NOTE: coordinate (12.67176426,0.3670787476) has been dropped because of a coord
inate filter. (see also unbounded coords=jump). 
NOTE: coordinate (12.67581508,0.376329542) has been dropped because of a coordi
nate filter. (see also unbounded coords=jump). 
NOTE: coordinate (12.6798659,0.3850852856) has been dropped because of a coordi
nate filter. (see also unbounded coords=jump). 
NOTE: coordinate (12.68391672,0.3933793333) has been dropped because of a coord
inate filter. (see also unbounded coords=jump). 
NOTE: coordinate (12.68796753,0.4012344082) has been dropped because of a coord
inate filter. (see also unbounded coords=jump). 
NOTE: coordinate (12.69201835,0.4086631586) has been dropped because of a coord
inate filter. (see also unbounded coords=jump). 
NOTE: coordinate (12.69606917,0.415669245) has been dropped because of a coordi
nate filter. (see also unbounded coords=jump). 
NOTE: coordinate (12.70011999,0.422248877) has been dropped because of a coordi
nate filter. (see also unbounded coords=jump). 
NOTE: coordinate (12.70417081,0.4283927035) has been dropped because of a coord
inate filter. (see also unbounded coords=jump). 
NOTE: coordinate (12.70822162,0.4340879526) has been dropped because of a coord
inate filter. (see also unbounded coords=jump). 
NOTE: coordinate (12.71227244,0.4393207058) has been dropped because of a coord
inate filter. (see also unbounded coords=jump). 
NOTE: coordinate (12.71632326,0.4440781943) has been dropped because of a coord
inate filter. (see also unbounded coords=jump). 
NOTE: coordinate (12.72037408,0.4483510016) has been dropped because of a coord
inate filter. (see also unbounded coords=jump). 
NOTE: coordinate (12.7244249,0.4521350672) has been dropped because of a coordi
nate filter. (see also unbounded coords=jump). 
NOTE: coordinate (12.72847571,0.4554333923) has been dropped because of a coord
inate filter. (see also unbounded coords=jump). 
NOTE: coordinate (12.73252653,0.4582573635) has been dropped because of a coord
inate filter. (see also unbounded coords=jump). 
NOTE: coordinate (12.73657735,0.4606276259) has been dropped because of a coord
inate filter. (see also unbounded coords=jump). 
NOTE: coordinate (12.74062817,0.462574456) has been dropped because of a coordi
nate filter. (see also unbounded coords=jump). 
NOTE: coordinate (12.74467899,0.4641376025) has been dropped because of a coord
inate filter. (see also unbounded coords=jump). 
NOTE: coordinate (12.7487298,0.4653655872) has been dropped because of a coordi
nate filter. (see also unbounded coords=jump). 
NOTE: coordinate (12.75278062,0.4663144772) has been dropped because of a coord
inate filter. (see also unbounded coords=jump). 
NOTE: coordinate (12.75683144,0.4670461605) has been dropped because of a coord
inate filter. (see also unbounded coords=jump). 
NOTE: coordinate (12.76088226,0.4676261781) has been dropped because of a coord
inate filter. (see also unbounded coords=jump). 
NOTE: coordinate (12.76493307,0.4681211819) has been dropped because of a coord
inate filter. (see also unbounded coords=jump). 
NOTE: coordinate (12.76898389,0.4685961053) has been dropped because of a coord
inate filter. (see also unbounded coords=jump). 
NOTE: coordinate (12.77303471,0.4691111433) has been dropped because of a coord
inate filter. (see also unbounded coords=jump). 
NOTE: coordinate (12.77708553,0.4697186521) has been dropped because of a coord
inate filter. (see also unbounded coords=jump). 
NOTE: coordinate (12.78113635,0.470460081) has been dropped because of a coordi
nate filter. (see also unbounded coords=jump). 
NOTE: coordinate (12.78518716,0.4713630536) has been dropped because of a coord
inate filter. (see also unbounded coords=jump). 
NOTE: coordinate (12.78923798,0.4724387137) has been dropped because of a coord
inate filter. (see also unbounded coords=jump). 
NOTE: coordinate (12.7932888,0.4736794445) has been dropped because of a coordi
nate filter. (see also unbounded coords=jump). 
NOTE: coordinate (12.79733962,0.4750570625) has been dropped because of a coord
inate filter. (see also unbounded coords=jump). 
NOTE: coordinate (12.80139044,0.4765215749) has been dropped because of a coord
inate filter. (see also unbounded coords=jump). 
NOTE: coordinate (12.80544125,0.4780005721) has been dropped because of a coord
inate filter. (see also unbounded coords=jump). 
NOTE: coordinate (12.80949207,0.4793993114) has been dropped because of a coord
inate filter. (see also unbounded coords=jump). 
NOTE: coordinate (12.81354289,0.4806015249) has been dropped because of a coord
inate filter. (see also unbounded coords=jump). 
NOTE: coordinate (12.81759371,0.4814709661) has been dropped because of a coord
inate filter. (see also unbounded coords=jump). 
NOTE: coordinate (12.82164453,0.4818536837) has been dropped because of a coord
inate filter. (see also unbounded coords=jump). 
NOTE: coordinate (12.82569534,0.4815809906) has been dropped because of a coord
inate filter. (see also unbounded coords=jump). 
NOTE: coordinate (12.82974616,0.4804730713) has been dropped because of a coord
inate filter. (see also unbounded coords=jump). 
NOTE: coordinate (12.83379698,0.4783431525) has been dropped because of a coord
inate filter. (see also unbounded coords=jump). 
NOTE: coordinate (12.8378478,0.4750021376) has been dropped because of a coordi
nate filter. (see also unbounded coords=jump). 
NOTE: coordinate (12.84189861,0.470263593) has been dropped because of a coordi
nate filter. (see also unbounded coords=jump). 
NOTE: coordinate (12.84594943,0.463948955) has been dropped because of a coordi
nate filter. (see also unbounded coords=jump). 
NOTE: coordinate (12.85000025,0.4558928195) has been dropped because of a coord
inate filter. (see also unbounded coords=jump). 
NOTE: coordinate (12.85405107,0.4459481649) has been dropped because of a coord
inate filter. (see also unbounded coords=jump). 
NOTE: coordinate (12.85810189,0.4339913586) has been dropped because of a coord
inate filter. (see also unbounded coords=jump). 
NOTE: coordinate (12.8621527,0.4199267961) has been dropped because of a coordi
nate filter. (see also unbounded coords=jump). 
NOTE: coordinate (12.86620352,0.40369103) has been dropped because of a coordin
ate filter. (see also unbounded coords=jump). 
NOTE: coordinate (12.87025434,0.385256251) has been dropped because of a coordi
nate filter. (see also unbounded coords=jump). 
NOTE: coordinate (12.87430516,0.3646330023) has been dropped because of a coord
inate filter. (see also unbounded coords=jump). 
NOTE: coordinate (12.87835598,0.3418720223) has been dropped because of a coord
inate filter. (see also unbounded coords=jump). 
NOTE: coordinate (12.88240679,0.3170651338) has been dropped because of a coord
inate filter. (see also unbounded coords=jump). 
NOTE: coordinate (12.88645761,0.2903451206) has been dropped because of a coord
inate filter. (see also unbounded coords=jump). 
NOTE: coordinate (12.89050843,0.2618845597) has been dropped because of a coord
inate filter. (see also unbounded coords=jump). 
NOTE: coordinate (12.89455925,0.2318936055) has been dropped because of a coord
inate filter. (see also unbounded coords=jump). 
NOTE: coordinate (12.89861007,0.2006167499) has been dropped because of a coord
inate filter. (see also unbounded coords=jump). 
NOTE: coordinate (12.90266088,0.1683286136) has been dropped because of a coord
inate filter. (see also unbounded coords=jump). 
NOTE: coordinate (12.9067117,0.1353288495) has been dropped because of a coordi
nate filter. (see also unbounded coords=jump). 
NOTE: coordinate (12.91076252,0.1019362684) has been dropped because of a coord
inate filter. (see also unbounded coords=jump). 
NOTE: coordinate (12.91481334,0.0684823197) has been dropped because of a coord
inate filter. (see also unbounded coords=jump). 
NOTE: coordinate (12.91886415,0.03530408268) has been dropped because of a coor
dinate filter. (see also unbounded coords=jump). 
NOTE: coordinate (12.92291497,0.002736940037) has been dropped because of a coo
rdinate filter. (see also unbounded coords=jump). 
NOTE: coordinate (12.92696579,-0.02889288064) has been dropped because of a coo
rdinate filter. (see also unbounded coords=jump). 
NOTE: coordinate (12.93101661,-0.05927570402) has been dropped because of a coo
rdinate filter. (see also unbounded coords=jump). 
NOTE: coordinate (12.93506743,-0.08812554618) has been dropped because of a coo
rdinate filter. (see also unbounded coords=jump). 
NOTE: coordinate (12.93911824,-0.1151868021) has been dropped because of a coor
dinate filter. (see also unbounded coords=jump). 
NOTE: coordinate (12.94316906,-0.1402402955) has been dropped because of a coor
dinate filter. (see also unbounded coords=jump). 
NOTE: coordinate (12.94721988,-0.1631085192) has been dropped because of a coor
dinate filter. (see also unbounded coords=jump). 
NOTE: coordinate (12.9512707,-0.183659912) has been dropped because of a coordi
nate filter. (see also unbounded coords=jump). 
NOTE: coordinate (12.95532152,-0.2018120434) has been dropped because of a coor
dinate filter. (see also unbounded coords=jump). 
NOTE: coordinate (12.95937233,-0.2175336021) has been dropped because of a coor
dinate filter. (see also unbounded coords=jump). 
NOTE: coordinate (12.96342315,-0.2308451194) has been dropped because of a coor
dinate filter. (see also unbounded coords=jump). 
NOTE: coordinate (12.96747397,-0.2418183892) has been dropped because of a coor
dinate filter. (see also unbounded coords=jump). 
NOTE: coordinate (12.97152479,-0.2505745834) has been dropped because of a coor
dinate filter. (see also unbounded coords=jump). 
NOTE: coordinate (12.97557561,-0.2572810975) has been dropped because of a coor
dinate filter. (see also unbounded coords=jump). 
NOTE: coordinate (12.97962642,-0.2621471971) has been dropped because of a coor
dinate filter. (see also unbounded coords=jump). 
NOTE: coordinate (12.98367724,-0.2654185701) has been dropped because of a coor
dinate filter. (see also unbounded coords=jump). 
NOTE: coordinate (12.98772806,-0.2673709222) has been dropped because of a coor
dinate filter. (see also unbounded coords=jump). 
NOTE: coordinate (12.99177888,-0.2683027814) has been dropped because of a coor
dinate filter. (see also unbounded coords=jump). 
NOTE: coordinate (12.99582969,-0.2685277006) has been dropped because of a coor
dinate filter. (see also unbounded coords=jump). 
NOTE: coordinate (12.99988051,-0.2683660679) has been dropped because of a coor
dinate filter. (see also unbounded coords=jump). 
NOTE: coordinate (13.00393133,-0.2681367463) has been dropped because of a coor
dinate filter. (see also unbounded coords=jump). 
NOTE: coordinate (13.00798215,-0.2681487708) has been dropped because of a coor
dinate filter. (see also unbounded coords=jump). 
NOTE: coordinate (13.01203297,-0.2686933324) has been dropped because of a coor
dinate filter. (see also unbounded coords=jump). 
NOTE: coordinate (13.01608378,-0.2700362716) has been dropped because of a coor
dinate filter. (see also unbounded coords=jump). 
NOTE: coordinate (13.0201346,-0.2724112882) has been dropped because of a coord
inate filter. (see also unbounded coords=jump). 
NOTE: coordinate (13.02418542,-0.2760140598) has been dropped because of a coor
dinate filter. (see also unbounded coords=jump). 
NOTE: coordinate (13.02823624,-0.2809974293) has been dropped because of a coor
dinate filter. (see also unbounded coords=jump). 
NOTE: coordinate (13.03228706,-0.2874677987) has been dropped because of a coor
dinate filter. (see also unbounded coords=jump). 
NOTE: coordinate (13.03633787,-0.2954828239) has been dropped because of a coor
dinate filter. (see also unbounded coords=jump). 
NOTE: coordinate (13.04038869,-0.3050504734) has been dropped because of a coor
dinate filter. (see also unbounded coords=jump). 
NOTE: coordinate (13.04443951,-0.3161294714) has been dropped because of a coor
dinate filter. (see also unbounded coords=jump). 
NOTE: coordinate (13.04849033,-0.3286311033) has been dropped because of a coor
dinate filter. (see also unbounded coords=jump). 
NOTE: coordinate (13.05254115,-0.3424223245) has been dropped because of a coor
dinate filter. (see also unbounded coords=jump). 
NOTE: coordinate (13.05659196,-0.3573300711) has been dropped because of a coor
dinate filter. (see also unbounded coords=jump). 
NOTE: coordinate (13.06064278,-0.3731466387) has been dropped because of a coor
dinate filter. (see also unbounded coords=jump). 
NOTE: coordinate (13.0646936,-0.3896359597) has been dropped because of a coord
inate filter. (see also unbounded coords=jump). 
NOTE: coordinate (13.06874442,-0.4065405875) has been dropped because of a coor
dinate filter. (see also unbounded coords=jump). 
NOTE: coordinate (13.07279523,-0.4235891699) has been dropped because of a coor
dinate filter. (see also unbounded coords=jump). 
NOTE: coordinate (13.07684605,-0.4405041856) has been dropped because of a coor
dinate filter. (see also unbounded coords=jump). 
NOTE: coordinate (13.08089687,-0.4570097063) has been dropped because of a coor
dinate filter. (see also unbounded coords=jump). 
NOTE: coordinate (13.08494769,-0.4728389493) has been dropped because of a coor
dinate filter. (see also unbounded coords=jump). 
NOTE: coordinate (13.08899851,-0.487741395) has been dropped because of a coord
inate filter. (see also unbounded coords=jump). 
NOTE: coordinate (13.09304932,-0.5014892558) has been dropped because of a coor
dinate filter. (see also unbounded coords=jump). 
NOTE: coordinate (13.09710014,-0.5138831073) has been dropped because of a coor
dinate filter. (see also unbounded coords=jump). 
NOTE: coordinate (13.10115096,-0.5247565208) has been dropped because of a coor
dinate filter. (see also unbounded coords=jump). 
NOTE: coordinate (13.10520178,-0.5339795675) has been dropped because of a coor
dinate filter. (see also unbounded coords=jump). 
NOTE: coordinate (13.1092526,-0.5414611036) has been dropped because of a coord
inate filter. (see also unbounded coords=jump). 
NOTE: coordinate (13.11330341,-0.5471497861) has been dropped because of a coor
dinate filter. (see also unbounded coords=jump). 
NOTE: coordinate (13.11735423,-0.5510338095) has been dropped because of a coor
dinate filter. (see also unbounded coords=jump). 
NOTE: coordinate (13.12140505,-0.5531393958) has been dropped because of a coor
dinate filter. (see also unbounded coords=jump). 
NOTE: coordinate (13.12545587,-0.5535281125) has been dropped because of a coor
dinate filter. (see also unbounded coords=jump). 
NOTE: coordinate (13.12950669,-0.5522931282) has been dropped because of a coor
dinate filter. (see also unbounded coords=jump). 
NOTE: coordinate (13.1335575,-0.5495545533) has been dropped because of a coord
inate filter. (see also unbounded coords=jump). 
NOTE: coordinate (13.13760832,-0.5454540387) has been dropped because of a coor
dinate filter. (see also unbounded coords=jump). 
NOTE: coordinate (13.14165914,-0.5401488326) has been dropped because of a coor
dinate filter. (see also unbounded coords=jump). 
NOTE: coordinate (13.14570996,-0.533805507) has been dropped because of a coord
inate filter. (see also unbounded coords=jump). 
NOTE: coordinate (13.14976077,-0.5265935789) has been dropped because of a coor
dinate filter. (see also unbounded coords=jump). 
NOTE: coordinate (13.15381159,-0.5186792508) has been dropped because of a coor
dinate filter. (see also unbounded coords=jump). 
NOTE: coordinate (13.15786241,-0.5102194865) has been dropped because of a coor
dinate filter. (see also unbounded coords=jump). 
NOTE: coordinate (13.16191323,-0.5013566288) has been dropped because of a coor
dinate filter. (see also unbounded coords=jump). 
NOTE: coordinate (13.16596405,-0.4922137403) has been dropped because of a coor
dinate filter. (see also unbounded coords=jump). 
NOTE: coordinate (13.17001486,-0.4828908255) has been dropped because of a coor
dinate filter. (see also unbounded coords=jump). 
NOTE: coordinate (13.17406568,-0.4734620551) has been dropped because of a coor
dinate filter. (see also unbounded coords=jump). 
NOTE: coordinate (13.1781165,-0.4639740817) has been dropped because of a coord
inate filter. (see also unbounded coords=jump). 
NOTE: coordinate (13.18216732,-0.4544454941) has been dropped because of a coor
dinate filter. (see also unbounded coords=jump). 
NOTE: coordinate (13.18621814,-0.4448674148) has been dropped because of a coor
dinate filter. (see also unbounded coords=jump). 
NOTE: coordinate (13.19026895,-0.4352052083) has been dropped because of a coor
dinate filter. (see also unbounded coords=jump). 
NOTE: coordinate (13.19431977,-0.4254012231) has been dropped because of a coor
dinate filter. (see also unbounded coords=jump). 
NOTE: coordinate (13.19837059,-0.4153784592) has been dropped because of a coor
dinate filter. (see also unbounded coords=jump). 
NOTE: coordinate (13.20242141,-0.4050450133) has been dropped because of a coor
dinate filter. (see also unbounded coords=jump). 
NOTE: coordinate (13.20647223,-0.3942991327) has been dropped because of a coor
dinate filter. (see also unbounded coords=jump). 
NOTE: coordinate (13.21052304,-0.3830346827) has been dropped because of a coor
dinate filter. (see also unbounded coords=jump). 
NOTE: coordinate (13.21457386,-0.3711468211) has been dropped because of a coor
dinate filter. (see also unbounded coords=jump). 
NOTE: coordinate (13.21862468,-0.3585376652) has been dropped because of a coor
dinate filter. (see also unbounded coords=jump). 
NOTE: coordinate (13.2226755,-0.3451217369) has been dropped because of a coord
inate filter. (see also unbounded coords=jump). 
NOTE: coordinate (13.22672631,-0.3308309822) has been dropped because of a coor
dinate filter. (see also unbounded coords=jump). 
NOTE: coordinate (13.23077713,-0.3156191747) has been dropped because of a coor
dinate filter. (see also unbounded coords=jump). 
NOTE: coordinate (13.23482795,-0.2994655388) has been dropped because of a coor
dinate filter. (see also unbounded coords=jump). 
NOTE: coordinate (13.23887877,-0.2823774522) has been dropped because of a coor
dinate filter. (see also unbounded coords=jump). 
NOTE: coordinate (13.24292959,-0.2643921275) has been dropped because of a coor
dinate filter. (see also unbounded coords=jump). 
NOTE: coordinate (13.2469804,-0.2455772032) has been dropped because of a coord
inate filter. (see also unbounded coords=jump). 
NOTE: coordinate (13.25103122,-0.2260302197) has been dropped because of a coor
dinate filter. (see also unbounded coords=jump). 
NOTE: coordinate (13.25508204,-0.2058769938) has been dropped because of a coor
dinate filter. (see also unbounded coords=jump). 
NOTE: coordinate (13.25913286,-0.1852689447) has been dropped because of a coor
dinate filter. (see also unbounded coords=jump). 
NOTE: coordinate (13.26318368,-0.1643794665) has been dropped because of a coor
dinate filter. (see also unbounded coords=jump). 
NOTE: coordinate (13.26723449,-0.1433994706) has been dropped because of a coor
dinate filter. (see also unbounded coords=jump). 
NOTE: coordinate (13.27128531,-0.1225322586) has been dropped because of a coor
dinate filter. (see also unbounded coords=jump). 
NOTE: coordinate (13.27533613,-0.101987904) has been dropped because of a coord
inate filter. (see also unbounded coords=jump). 
NOTE: coordinate (13.27938695,-0.08197734313) has been dropped because of a coo
rdinate filter. (see also unbounded coords=jump). 
NOTE: coordinate (13.28343777,-0.06270638431) has been dropped because of a coo
rdinate filter. (see also unbounded coords=jump). 
NOTE: coordinate (13.28748858,-0.04436984624) has been dropped because of a coo
rdinate filter. (see also unbounded coords=jump). 
NOTE: coordinate (13.2915394,-0.02714603295) has been dropped because of a coor
dinate filter. (see also unbounded coords=jump). 
NOTE: coordinate (13.29559022,-0.01119173895) has been dropped because of a coo
rdinate filter. (see also unbounded coords=jump). 
NOTE: coordinate (13.29964104,0.003362041147) has been dropped because of a coo
rdinate filter. (see also unbounded coords=jump). 
NOTE: coordinate (13.30369185,0.01641355048) has been dropped because of a coor
dinate filter. (see also unbounded coords=jump). 
NOTE: coordinate (13.30774267,0.02789273882) has been dropped because of a coor
dinate filter. (see also unbounded coords=jump). 
NOTE: coordinate (13.31179349,0.03776268166) has been dropped because of a coor
dinate filter. (see also unbounded coords=jump). 
NOTE: coordinate (13.31584431,0.04601990728) has been dropped because of a coor
dinate filter. (see also unbounded coords=jump). 
NOTE: coordinate (13.31989513,0.05269362984) has been dropped because of a coor
dinate filter. (see also unbounded coords=jump). 
NOTE: coordinate (13.32394594,0.0578439265) has been dropped because of a coord
inate filter. (see also unbounded coords=jump). 
NOTE: coordinate (13.32799676,0.06155893511) has been dropped because of a coor
dinate filter. (see also unbounded coords=jump). 
NOTE: coordinate (13.33204758,0.06395118453) has been dropped because of a coor
dinate filter. (see also unbounded coords=jump). 
NOTE: coordinate (13.3360984,0.06515320133) has been dropped because of a coord
inate filter. (see also unbounded coords=jump). 
NOTE: coordinate (13.34014922,0.06531256185) has been dropped because of a coor
dinate filter. (see also unbounded coords=jump). 
NOTE: coordinate (13.34420003,0.06458657883) has been dropped because of a coor
dinate filter. (see also unbounded coords=jump). 
NOTE: coordinate (13.34825085,0.06313682337) has been dropped because of a coor
dinate filter. (see also unbounded coords=jump). 
NOTE: coordinate (13.35230167,0.06112368834) has been dropped because of a coor
dinate filter. (see also unbounded coords=jump). 
NOTE: coordinate (13.35635249,0.05870119595) has been dropped because of a coor
dinate filter. (see also unbounded coords=jump). 
NOTE: coordinate (13.36040331,0.05601224147) has been dropped because of a coor
dinate filter. (see also unbounded coords=jump). 
NOTE: coordinate (13.36445412,0.05318444737) has been dropped because of a coor
dinate filter. (see also unbounded coords=jump). 
NOTE: coordinate (13.36850494,0.05032677714) has been dropped because of a coor
dinate filter. (see also unbounded coords=jump). 
NOTE: coordinate (13.37255576,0.04752702829) has been dropped because of a coor
dinate filter. (see also unbounded coords=jump). 
NOTE: coordinate (13.37660658,0.04485028883) has been dropped because of a coor
dinate filter. (see also unbounded coords=jump). 
NOTE: coordinate (13.38065739,0.04233840388) has been dropped because of a coor
dinate filter. (see also unbounded coords=jump). 
NOTE: coordinate (13.38470821,0.04001045897) has been dropped because of a coor
dinate filter. (see also unbounded coords=jump). 
NOTE: coordinate (13.38875903,0.0378642469) has been dropped because of a coord
inate filter. (see also unbounded coords=jump). 
NOTE: coordinate (13.39280985,0.03587864586) has been dropped because of a coor
dinate filter. (see also unbounded coords=jump). 
NOTE: coordinate (13.39686067,0.03401680078) has been dropped because of a coor
dinate filter. (see also unbounded coords=jump). 
NOTE: coordinate (13.40091148,0.03222996766) has been dropped because of a coor
dinate filter. (see also unbounded coords=jump). 
NOTE: coordinate (13.4049623,0.03046185415) has been dropped because of a coord
inate filter. (see also unbounded coords=jump). 
NOTE: coordinate (13.40901312,0.02865326943) has been dropped because of a coor
dinate filter. (see also unbounded coords=jump). 
NOTE: coordinate (13.41306394,0.02674688309) has been dropped because of a coor
dinate filter. (see also unbounded coords=jump). 
NOTE: coordinate (13.41711476,0.02469188791) has been dropped because of a coor
dinate filter. (see also unbounded coords=jump). 
NOTE: coordinate (13.42116557,0.02244836328) has been dropped because of a coor
dinate filter. (see also unbounded coords=jump). 
NOTE: coordinate (13.42521639,0.01999114722) has been dropped because of a coor
dinate filter. (see also unbounded coords=jump). 
NOTE: coordinate (13.42926721,0.01731304231) has been dropped because of a coor
dinate filter. (see also unbounded coords=jump). 
NOTE: coordinate (13.43331803,0.0144272064) has been dropped because of a coord
inate filter. (see also unbounded coords=jump). 
NOTE: coordinate (13.43736885,0.01136860933) has been dropped because of a coor
dinate filter. (see also unbounded coords=jump). 
NOTE: coordinate (13.44141966,0.008194473122) has been dropped because of a coo
rdinate filter. (see also unbounded coords=jump). 
NOTE: coordinate (13.44547048,0.004983652205) has been dropped because of a coo
rdinate filter. (see also unbounded coords=jump). 
NOTE: coordinate (13.4495213,0.001834951894) has been dropped because of a coor
dinate filter. (see also unbounded coords=jump). 
NOTE: coordinate (13.45357212,-0.001135574876) has been dropped because of a co
ordinate filter. (see also unbounded coords=jump). 
NOTE: coordinate (13.45762293,-0.003798271384) has been dropped because of a co
ordinate filter. (see also unbounded coords=jump). 
NOTE: coordinate (13.46167375,-0.006014342094) has been dropped because of a co
ordinate filter. (see also unbounded coords=jump). 
NOTE: coordinate (13.46572457,-0.007640984918) has been dropped because of a co
ordinate filter. (see also unbounded coords=jump). 
NOTE: coordinate (13.46977539,-0.00853700797) has been dropped because of a coo
rdinate filter. (see also unbounded coords=jump). 
NOTE: coordinate (13.47382621,-0.008568725515) has been dropped because of a co
ordinate filter. (see also unbounded coords=jump). 
NOTE: coordinate (13.47787702,-0.00761591272) has been dropped because of a coo
rdinate filter. (see also unbounded coords=jump). 
NOTE: coordinate (13.48192784,-0.005577591738) has been dropped because of a co
ordinate filter. (see also unbounded coords=jump). 
NOTE: coordinate (13.48597866,-0.002377422934) has been dropped because of a co
ordinate filter. (see also unbounded coords=jump). 
NOTE: coordinate (13.49002948,0.002031515265) has been dropped because of a coo
rdinate filter. (see also unbounded coords=jump). 
NOTE: coordinate (13.4940803,0.007662756631) has been dropped because of a coor
dinate filter. (see also unbounded coords=jump). 
NOTE: coordinate (13.49813111,0.01449346094) has been dropped because of a coor
dinate filter. (see also unbounded coords=jump). 
NOTE: coordinate (13.50218193,0.02246255273) has been dropped because of a coor
dinate filter. (see also unbounded coords=jump). 
NOTE: coordinate (13.50623275,0.03147008891) has been dropped because of a coor
dinate filter. (see also unbounded coords=jump). 
NOTE: coordinate (13.51028357,0.04137791718) has been dropped because of a coor
dinate filter. (see also unbounded coords=jump). 
NOTE: coordinate (13.51433439,0.05201164277) has been dropped because of a coor
dinate filter. (see also unbounded coords=jump). 
NOTE: coordinate (13.5183852,0.06316387503) has been dropped because of a coord
inate filter. (see also unbounded coords=jump). 
NOTE: coordinate (13.52243602,0.0745986801) has been dropped because of a coord
inate filter. (see also unbounded coords=jump). 
NOTE: coordinate (13.52648684,0.08605712266) has been dropped because of a coor
dinate filter. (see also unbounded coords=jump). 
NOTE: coordinate (13.53053766,0.09726373989) has been dropped because of a coor
dinate filter. (see also unbounded coords=jump). 
NOTE: coordinate (13.53458847,0.1079337564) has been dropped because of a coord
inate filter. (see also unbounded coords=jump). 
NOTE: coordinate (13.53863929,0.1177808205) has been dropped because of a coord
inate filter. (see also unbounded coords=jump). 
NOTE: coordinate (13.54269011,0.1265250204) has been dropped because of a coord
inate filter. (see also unbounded coords=jump). 
NOTE: coordinate (13.54674093,0.1339009292) has been dropped because of a coord
inate filter. (see also unbounded coords=jump). 
NOTE: coordinate (13.55079175,0.1396654176) has been dropped because of a coord
inate filter. (see also unbounded coords=jump). 
NOTE: coordinate (13.55484256,0.1436049852) has been dropped because of a coord
inate filter. (see also unbounded coords=jump). 
NOTE: coordinate (13.55889338,0.1455423679) has been dropped because of a coord
inate filter. (see also unbounded coords=jump). 
NOTE: coordinate (13.5629442,0.1453422048) has been dropped because of a coordi
nate filter. (see also unbounded coords=jump). 
NOTE: coordinate (13.56699502,0.1429155761) has been dropped because of a coord
inate filter. (see also unbounded coords=jump). 
NOTE: coordinate (13.57104584,0.1382232569) has been dropped because of a coord
inate filter. (see also unbounded coords=jump). 
NOTE: coordinate (13.57509665,0.1312775766) has been dropped because of a coord
inate filter. (see also unbounded coords=jump). 
NOTE: coordinate (13.57914747,0.1221428145) has been dropped because of a coord
inate filter. (see also unbounded coords=jump). 
NOTE: coordinate (13.58319829,0.1109341124) has been dropped because of a coord
inate filter. (see also unbounded coords=jump). 
NOTE: coordinate (13.58724911,0.09781493006) has been dropped because of a coor
dinate filter. (see also unbounded coords=jump). 
NOTE: coordinate (13.59129993,0.08299311889) has been dropped because of a coor
dinate filter. (see also unbounded coords=jump). 
NOTE: coordinate (13.59535074,0.06671573129) has been dropped because of a coor
dinate filter. (see also unbounded coords=jump). 
NOTE: coordinate (13.59940156,0.04926272457) has been dropped because of a coor
dinate filter. (see also unbounded coords=jump). 
NOTE: coordinate (13.60345238,0.03093975289) has been dropped because of a coor
dinate filter. (see also unbounded coords=jump). 
NOTE: coordinate (13.6075032,0.01207026872) has been dropped because of a coord
inate filter. (see also unbounded coords=jump). 
NOTE: coordinate (13.61155401,-0.007012823878) has been dropped because of a co
ordinate filter. (see also unbounded coords=jump). 
NOTE: coordinate (13.61560483,-0.0259757092) has been dropped because of a coor
dinate filter. (see also unbounded coords=jump). 
NOTE: coordinate (13.61965565,-0.04449213448) has been dropped because of a coo
rdinate filter. (see also unbounded coords=jump). 
NOTE: coordinate (13.62370647,-0.06225156471) has been dropped because of a coo
rdinate filter. (see also unbounded coords=jump). 
NOTE: coordinate (13.62775729,-0.07896677685) has been dropped because of a coo
rdinate filter. (see also unbounded coords=jump). 
NOTE: coordinate (13.6318081,-0.09438067282) has been dropped because of a coor
dinate filter. (see also unbounded coords=jump). 
NOTE: coordinate (13.63585892,-0.1082721191) has been dropped because of a coor
dinate filter. (see also unbounded coords=jump). 
NOTE: coordinate (13.63990974,-0.1204606548) has been dropped because of a coor
dinate filter. (see also unbounded coords=jump). 
NOTE: coordinate (13.64396056,-0.1308099474) has been dropped because of a coor
dinate filter. (see also unbounded coords=jump). 
NOTE: coordinate (13.64801138,-0.1392299201) has been dropped because of a coor
dinate filter. (see also unbounded coords=jump). 
NOTE: coordinate (13.65206219,-0.1456775158) has been dropped because of a coor
dinate filter. (see also unbounded coords=jump). 
NOTE: coordinate (13.65611301,-0.1501561089) has been dropped because of a coor
dinate filter. (see also unbounded coords=jump). 
NOTE: coordinate (13.66016383,-0.1527136189) has been dropped because of a coor
dinate filter. (see also unbounded coords=jump). 
NOTE: coordinate (13.66421465,-0.1534394201) has been dropped because of a coor
dinate filter. (see also unbounded coords=jump). 
NOTE: coordinate (13.66826547,-0.1524601781) has been dropped because of a coor
dinate filter. (see also unbounded coords=jump). 
NOTE: coordinate (13.67231628,-0.1499347759) has been dropped because of a coor
dinate filter. (see also unbounded coords=jump). 
NOTE: coordinate (13.6763671,-0.1460485158) has been dropped because of a coord
inate filter. (see also unbounded coords=jump). 
NOTE: coordinate (13.68041792,-0.1410068051) has been dropped because of a coor
dinate filter. (see also unbounded coords=jump). 
NOTE: coordinate (13.68446874,-0.135028539) has been dropped because of a coord
inate filter. (see also unbounded coords=jump). 
NOTE: coordinate (13.68851955,-0.128339403) has been dropped because of a coord
inate filter. (see also unbounded coords=jump). 
NOTE: coordinate (13.69257037,-0.1211653087) has been dropped because of a coor
dinate filter. (see also unbounded coords=jump). 
NOTE: coordinate (13.69662119,-0.1137261664) has been dropped because of a coor
dinate filter. (see also unbounded coords=jump). 
NOTE: coordinate (13.70067201,-0.1062301805) has been dropped because of a coor
dinate filter. (see also unbounded coords=jump). 
NOTE: coordinate (13.70472283,-0.09886882783) has been dropped because of a coo
rdinate filter. (see also unbounded coords=jump). 
NOTE: coordinate (13.70877364,-0.09181265093) has been dropped because of a coo
rdinate filter. (see also unbounded coords=jump). 
NOTE: coordinate (13.71282446,-0.08520796534) has been dropped because of a coo
rdinate filter. (see also unbounded coords=jump). 
NOTE: coordinate (13.71687528,-0.07917454456) has been dropped because of a coo
rdinate filter. (see also unbounded coords=jump). 
NOTE: coordinate (13.7209261,-0.07380430986) has been dropped because of a coor
dinate filter. (see also unbounded coords=jump). 
NOTE: coordinate (13.72497692,-0.0691610163) has been dropped because of a coor
dinate filter. (see also unbounded coords=jump). 
NOTE: coordinate (13.72902773,-0.06528089134) has been dropped because of a coo
rdinate filter. (see also unbounded coords=jump). 
NOTE: coordinate (13.73307855,-0.06217415097) has been dropped because of a coo
rdinate filter. (see also unbounded coords=jump). 
NOTE: coordinate (13.73712937,-0.05982728978) has been dropped because of a coo
rdinate filter. (see also unbounded coords=jump). 
NOTE: coordinate (13.74118019,-0.05820601861) has been dropped because of a coo
rdinate filter. (see also unbounded coords=jump). 
NOTE: coordinate (13.74523101,-0.05725870523) has been dropped because of a coo
rdinate filter. (see also unbounded coords=jump). 
NOTE: coordinate (13.74928182,-0.05692016196) has been dropped because of a coo
rdinate filter. (see also unbounded coords=jump). 
NOTE: coordinate (13.75333264,-0.05711561837) has been dropped because of a coo
rdinate filter. (see also unbounded coords=jump). 
NOTE: coordinate (13.75738346,-0.05776471779) has been dropped because of a coo
rdinate filter. (see also unbounded coords=jump). 
NOTE: coordinate (13.76143428,-0.05878538351) has been dropped because of a coo
rdinate filter. (see also unbounded coords=jump). 
NOTE: coordinate (13.76548509,-0.06009741221) has been dropped because of a coo
rdinate filter. (see also unbounded coords=jump). 
NOTE: coordinate (13.76953591,-0.06162566995) has been dropped because of a coo
rdinate filter. (see also unbounded coords=jump). 
NOTE: coordinate (13.77358673,-0.06330278737) has been dropped because of a coo
rdinate filter. (see also unbounded coords=jump). 
NOTE: coordinate (13.77763755,-0.06507127512) has been dropped because of a coo
rdinate filter. (see also unbounded coords=jump). 
NOTE: coordinate (13.78168837,-0.06688500778) has been dropped because of a coo
rdinate filter. (see also unbounded coords=jump). 
NOTE: coordinate (13.78573918,-0.068710052) has been dropped because of a coord
inate filter. (see also unbounded coords=jump). 
NOTE: coordinate (13.78979,-0.07052484265) has been dropped because of a coordi
nate filter. (see also unbounded coords=jump). 
NOTE: coordinate (13.79384082,-0.07231973713) has been dropped because of a coo
rdinate filter. (see also unbounded coords=jump). 
NOTE: coordinate (13.79789164,-0.07409600284) has been dropped because of a coo
rdinate filter. (see also unbounded coords=jump). 
NOTE: coordinate (13.80194246,-0.07586431383) has been dropped because of a coo
rdinate filter. (see also unbounded coords=jump). 
NOTE: coordinate (13.80599327,-0.07764285046) has been dropped because of a coo
rdinate filter. (see also unbounded coords=jump). 
NOTE: coordinate (13.81004409,-0.07945510912) has been dropped because of a coo
rdinate filter. (see also unbounded coords=jump). 
NOTE: coordinate (13.81409491,-0.08132753714) has been dropped because of a coo
rdinate filter. (see also unbounded coords=jump). 
NOTE: coordinate (13.81814573,-0.08328711167) has been dropped because of a coo
rdinate filter. (see also unbounded coords=jump). 
NOTE: coordinate (13.82219655,-0.08535897948) has been dropped because of a coo
rdinate filter. (see also unbounded coords=jump). 
NOTE: coordinate (13.82624736,-0.08756426803) has been dropped because of a coo
rdinate filter. (see also unbounded coords=jump). 
NOTE: coordinate (13.83029818,-0.08991816765) has been dropped because of a coo
rdinate filter. (see also unbounded coords=jump). 
NOTE: coordinate (13.834349,-0.09242836935) has been dropped because of a coord
inate filter. (see also unbounded coords=jump). 
NOTE: coordinate (13.83839982,-0.09509392546) has been dropped because of a coo
rdinate filter. (see also unbounded coords=jump). 
NOTE: coordinate (13.84245063,-0.09790457962) has been dropped because of a coo
rdinate filter. (see also unbounded coords=jump). 
NOTE: coordinate (13.84650145,-0.1008405911) has been dropped because of a coor
dinate filter. (see also unbounded coords=jump). 
NOTE: coordinate (13.85055227,-0.1038730561) has been dropped because of a coor
dinate filter. (see also unbounded coords=jump). 
NOTE: coordinate (13.85460309,-0.1069647075) has been dropped because of a coor
dinate filter. (see also unbounded coords=jump). 
NOTE: coordinate (13.85865391,-0.1100711519) has been dropped because of a coor
dinate filter. (see also unbounded coords=jump). 
NOTE: coordinate (13.86270472,-0.1131424883) has been dropped because of a coor
dinate filter. (see also unbounded coords=jump). 
NOTE: coordinate (13.86675554,-0.1161252319) has been dropped because of a coor
dinate filter. (see also unbounded coords=jump). 
NOTE: coordinate (13.87080636,-0.1189644598) has been dropped because of a coor
dinate filter. (see also unbounded coords=jump). 
NOTE: coordinate (13.87485718,-0.1216060819) has been dropped because of a coor
dinate filter. (see also unbounded coords=jump). 
NOTE: coordinate (13.878908,-0.1239991407) has been dropped because of a coordi
nate filter. (see also unbounded coords=jump). 
NOTE: coordinate (13.88295881,-0.1260980398) has been dropped because of a coor
dinate filter. (see also unbounded coords=jump). 
NOTE: coordinate (13.88700963,-0.1278646071) has been dropped because of a coor
dinate filter. (see also unbounded coords=jump). 
NOTE: coordinate (13.89106045,-0.1292699066) has been dropped because of a coor
dinate filter. (see also unbounded coords=jump). 
NOTE: coordinate (13.89511127,-0.1302957227) has been dropped because of a coor
dinate filter. (see also unbounded coords=jump). 
NOTE: coordinate (13.89916209,-0.1309356564) has been dropped because of a coor
dinate filter. (see also unbounded coords=jump). 
NOTE: coordinate (13.9032129,-0.1311957892) has been dropped because of a coord
inate filter. (see also unbounded coords=jump). 
NOTE: coordinate (13.90726372,-0.1310948883) has been dropped because of a coor
dinate filter. (see also unbounded coords=jump). 
NOTE: coordinate (13.91131454,-0.130664145) has been dropped because of a coord
inate filter. (see also unbounded coords=jump). 
NOTE: coordinate (13.91536536,-0.1299464581) has been dropped because of a coor
dinate filter. (see also unbounded coords=jump). 
NOTE: coordinate (13.91941617,-0.1289952919) has been dropped because of a coor
dinate filter. (see also unbounded coords=jump). 
NOTE: coordinate (13.92346699,-0.1278731532) has been dropped because of a coor
dinate filter. (see also unbounded coords=jump). 
NOTE: coordinate (13.92751781,-0.1266497487) has been dropped because of a coor
dinate filter. (see also unbounded coords=jump). 
NOTE: coordinate (13.93156863,-0.1253998921) has been dropped because of a coor
dinate filter. (see also unbounded coords=jump). 
NOTE: coordinate (13.93561945,-0.1242012424) has been dropped because of a coor
dinate filter. (see also unbounded coords=jump). 
NOTE: coordinate (13.93967026,-0.1231319567) has been dropped because of a coor
dinate filter. (see also unbounded coords=jump). 
NOTE: coordinate (13.94372108,-0.1222683431) has been dropped because of a coor
dinate filter. (see also unbounded coords=jump). 
NOTE: coordinate (13.9477719,-0.1216825971) has been dropped because of a coord
inate filter. (see also unbounded coords=jump). 
NOTE: coordinate (13.95182272,-0.1214406998) has been dropped because of a coor
dinate filter. (see also unbounded coords=jump). 
NOTE: coordinate (13.95587354,-0.1216005458) has been dropped because of a coor
dinate filter. (see also unbounded coords=jump). 
NOTE: coordinate (13.95992435,-0.1222103596) has been dropped because of a coor
dinate filter. (see also unbounded coords=jump). 
NOTE: coordinate (13.96397517,-0.1233074444) has been dropped because of a coor
dinate filter. (see also unbounded coords=jump). 
NOTE: coordinate (13.96802599,-0.1249172922) has been dropped because of a coor
dinate filter. (see also unbounded coords=jump). 
NOTE: coordinate (13.97207681,-0.1270530711) has been dropped because of a coor
dinate filter. (see also unbounded coords=jump). 
NOTE: coordinate (13.97612763,-0.1297154864) has been dropped because of a coor
dinate filter. (see also unbounded coords=jump). 
NOTE: coordinate (13.98017844,-0.1328930001) has been dropped because of a coor
dinate filter. (see also unbounded coords=jump). 
NOTE: coordinate (13.98422926,-0.1365623792) has been dropped because of a coor
dinate filter. (see also unbounded coords=jump). 
NOTE: coordinate (13.98828008,-0.140689529) has been dropped because of a coord
inate filter. (see also unbounded coords=jump). 
NOTE: coordinate (13.9923309,-0.1452305629) has been dropped because of a coord
inate filter. (see also unbounded coords=jump). 
NOTE: coordinate (13.99638171,-0.1501330475) has been dropped because of a coor
dinate filter. (see also unbounded coords=jump). 
NOTE: coordinate (14.00043253,-0.1553373639) has been dropped because of a coor
dinate filter. (see also unbounded coords=jump). 
NOTE: coordinate (14.00448335,-0.1607781202) has been dropped because of a coor
dinate filter. (see also unbounded coords=jump). 
NOTE: coordinate (14.00853417,-0.1663855564) has been dropped because of a coor
dinate filter. (see also unbounded coords=jump). 
NOTE: coordinate (14.01258499,-0.1720868858) has been dropped because of a coor
dinate filter. (see also unbounded coords=jump). 
NOTE: coordinate (14.0166358,-0.1778075249) has been dropped because of a coord
inate filter. (see also unbounded coords=jump). 
NOTE: coordinate (14.02068662,-0.1834721747) has been dropped because of a coor
dinate filter. (see also unbounded coords=jump). 
NOTE: coordinate (14.02473744,-0.1890057267) has been dropped because of a coor
dinate filter. (see also unbounded coords=jump). 
NOTE: coordinate (14.02878826,-0.1943339792) has been dropped because of a coor
dinate filter. (see also unbounded coords=jump). 
NOTE: coordinate (14.03283908,-0.199384163) has been dropped because of a coord
inate filter. (see also unbounded coords=jump). 
NOTE: coordinate (14.03688989,-0.2040852879) has been dropped because of a coor
dinate filter. (see also unbounded coords=jump). 
NOTE: coordinate (14.04094071,-0.2083683327) has been dropped because of a coor
dinate filter. (see also unbounded coords=jump). 
NOTE: coordinate (14.04499153,-0.2121663116) has been dropped because of a coor
dinate filter. (see also unbounded coords=jump). 
NOTE: coordinate (14.04904235,-0.2154142591) has been dropped because of a coor
dinate filter. (see also unbounded coords=jump). 
NOTE: coordinate (14.05309317,-0.2180491784) has been dropped because of a coor
dinate filter. (see also unbounded coords=jump). 
NOTE: coordinate (14.05714398,-0.2200100055) has been dropped because of a coor
dinate filter. (see also unbounded coords=jump). 
NOTE: coordinate (14.0611948,-0.2212376357) has been dropped because of a coord
inate filter. (see also unbounded coords=jump). 
NOTE: coordinate (14.06524562,-0.221675062) has been dropped because of a coord
inate filter. (see also unbounded coords=jump). 
NOTE: coordinate (14.06929644,-0.2212676633) has been dropped because of a coor
dinate filter. (see also unbounded coords=jump). 
NOTE: coordinate (14.07334725,-0.2199636763) has been dropped because of a coor
dinate filter. (see also unbounded coords=jump). 
NOTE: coordinate (14.07739807,-0.2177148702) has been dropped because of a coor
dinate filter. (see also unbounded coords=jump). 
NOTE: coordinate (14.08144889,-0.2144774335) has been dropped because of a coor
dinate filter. (see also unbounded coords=jump). 
NOTE: coordinate (14.08549971,-0.2102130661) has been dropped because of a coor
dinate filter. (see also unbounded coords=jump). 
NOTE: coordinate (14.08955053,-0.2048902563) has been dropped because of a coor
dinate filter. (see also unbounded coords=jump). 
NOTE: coordinate (14.09360134,-0.1984857074) has been dropped because of a coor
dinate filter. (see also unbounded coords=jump). 
NOTE: coordinate (14.09765216,-0.1909858648) has been dropped because of a coor
dinate filter. (see also unbounded coords=jump). 
NOTE: coordinate (14.10170298,-0.1823884834) has been dropped because of a coor
dinate filter. (see also unbounded coords=jump). 
NOTE: coordinate (14.1057538,-0.1727041627) has been dropped because of a coord
inate filter. (see also unbounded coords=jump). 
NOTE: coordinate (14.10980462,-0.1619577739) has been dropped because of a coor
dinate filter. (see also unbounded coords=jump). 
NOTE: coordinate (14.11385543,-0.1501896943) has been dropped because of a coor
dinate filter. (see also unbounded coords=jump). 
NOTE: coordinate (14.11790625,-0.1374567695) has been dropped because of a coor
dinate filter. (see also unbounded coords=jump). 
NOTE: coordinate (14.12195707,-0.123832922) has been dropped because of a coord
inate filter. (see also unbounded coords=jump). 
NOTE: coordinate (14.12600789,-0.1094093368) has been dropped because of a coor
dinate filter. (see also unbounded coords=jump). 
NOTE: coordinate (14.13005871,-0.09429416275) has been dropped because of a coo
rdinate filter. (see also unbounded coords=jump). 
NOTE: coordinate (14.13410952,-0.07861168329) has been dropped because of a coo
rdinate filter. (see also unbounded coords=jump). 
NOTE: coordinate (14.13816034,-0.06250092931) has been dropped because of a coo
rdinate filter. (see also unbounded coords=jump). 
NOTE: coordinate (14.14221116,-0.04611372442) has been dropped because of a coo
rdinate filter. (see also unbounded coords=jump). 
NOTE: coordinate (14.14626198,-0.02961217612) has been dropped because of a coo
rdinate filter. (see also unbounded coords=jump). 
NOTE: coordinate (14.15031279,-0.01316564808) has been dropped because of a coo
rdinate filter. (see also unbounded coords=jump). 
NOTE: coordinate (14.15436361,0.003052728667) has been dropped because of a coo
rdinate filter. (see also unbounded coords=jump). 
NOTE: coordinate (14.15841443,0.01886992639) has been dropped because of a coor
dinate filter. (see also unbounded coords=jump). 
NOTE: coordinate (14.16246525,0.03411717401) has been dropped because of a coor
dinate filter. (see also unbounded coords=jump). 
NOTE: coordinate (14.16651607,0.04863427704) has been dropped because of a coor
dinate filter. (see also unbounded coords=jump). 
NOTE: coordinate (14.17056688,0.06227397435) has been dropped because of a coor
dinate filter. (see also unbounded coords=jump). 
NOTE: coordinate (14.1746177,0.07490619233) has been dropped because of a coord
inate filter. (see also unbounded coords=jump). 
NOTE: coordinate (14.17866852,0.08642205242) has been dropped because of a coor
dinate filter. (see also unbounded coords=jump). 
NOTE: coordinate (14.18271934,0.09673748784) has been dropped because of a coor
dinate filter. (see also unbounded coords=jump). 
NOTE: coordinate (14.18677016,0.105796331) has been dropped because of a coordi
nate filter. (see also unbounded coords=jump). 
NOTE: coordinate (14.19082097,0.1135727439) has been dropped because of a coord
inate filter. (see also unbounded coords=jump). 
NOTE: coordinate (14.19487179,0.1200728791) has been dropped because of a coord
inate filter. (see also unbounded coords=jump). 
NOTE: coordinate (14.19892261,0.1253356797) has been dropped because of a coord
inate filter. (see also unbounded coords=jump). 
NOTE: coordinate (14.20297343,0.1294327514) has been dropped because of a coord
inate filter. (see also unbounded coords=jump). 
NOTE: coordinate (14.20702425,0.1324672671) has been dropped because of a coord
inate filter. (see also unbounded coords=jump). 
NOTE: coordinate (14.21107506,0.1345718954) has been dropped because of a coord
inate filter. (see also unbounded coords=jump). 
NOTE: coordinate (14.21512588,0.1359057761) has been dropped because of a coord
inate filter. (see also unbounded coords=jump). 
NOTE: coordinate (14.2191767,0.1366505973) has been dropped because of a coordi
nate filter. (see also unbounded coords=jump). 
NOTE: coordinate (14.22322752,0.1370058624) has been dropped because of a coord
inate filter. (see also unbounded coords=jump). 
NOTE: coordinate (14.22727833,0.1371834617) has been dropped because of a coord
inate filter. (see also unbounded coords=jump). 
NOTE: coordinate (14.23132915,0.1374016931) has been dropped because of a coord
inate filter. (see also unbounded coords=jump). 
NOTE: coordinate (14.23537997,0.1378788971) has been dropped because of a coord
inate filter. (see also unbounded coords=jump). 
NOTE: coordinate (14.23943079,0.1388268912) has been dropped because of a coord
inate filter. (see also unbounded coords=jump). 
NOTE: coordinate (14.24348161,0.140444398) has been dropped because of a coordi
nate filter. (see also unbounded coords=jump). 
NOTE: coordinate (14.24753242,0.142910671) has been dropped because of a coordi
nate filter. (see also unbounded coords=jump). 
NOTE: coordinate (14.25158324,0.1463795204) has been dropped because of a coord
inate filter. (see also unbounded coords=jump). 
NOTE: coordinate (14.25563406,0.1509739326) has been dropped because of a coord
inate filter. (see also unbounded coords=jump). 
NOTE: coordinate (14.25968488,0.1567814671) has been dropped because of a coord
inate filter. (see also unbounded coords=jump). 
NOTE: coordinate (14.2637357,0.163850591) has been dropped because of a coordin
ate filter. (see also unbounded coords=jump). 
NOTE: coordinate (14.26778651,0.1721880894) has been dropped because of a coord
inate filter. (see also unbounded coords=jump). 
NOTE: coordinate (14.27183733,0.1817576571) has been dropped because of a coord
inate filter. (see also unbounded coords=jump). 
NOTE: coordinate (14.27588815,0.1924797444) has been dropped because of a coord
inate filter. (see also unbounded coords=jump). 
NOTE: coordinate (14.27993897,0.2042326905) has been dropped because of a coord
inate filter. (see also unbounded coords=jump). 
NOTE: coordinate (14.28398979,0.2168551421) has been dropped because of a coord
inate filter. (see also unbounded coords=jump). 
NOTE: coordinate (14.2880406,0.2301497109) has been dropped because of a coordi
nate filter. (see also unbounded coords=jump). 
NOTE: coordinate (14.29209142,0.2438877898) has been dropped because of a coord
inate filter. (see also unbounded coords=jump). 
NOTE: coordinate (14.29614224,0.2578154064) has been dropped because of a coord
inate filter. (see also unbounded coords=jump). 
NOTE: coordinate (14.30019306,0.2716599609) has been dropped because of a coord
inate filter. (see also unbounded coords=jump). 
NOTE: coordinate (14.30424387,0.2851376675) has been dropped because of a coord
inate filter. (see also unbounded coords=jump). 
NOTE: coordinate (14.30829469,0.2979614917) has been dropped because of a coord
inate filter. (see also unbounded coords=jump). 
NOTE: coordinate (14.31234551,0.3098493601) has been dropped because of a coord
inate filter. (see also unbounded coords=jump). 
NOTE: coordinate (14.31639633,0.3205324082) has been dropped because of a coord
inate filter. (see also unbounded coords=jump). 
NOTE: coordinate (14.32044715,0.3297630284) has been dropped because of a coord
inate filter. (see also unbounded coords=jump). 
NOTE: coordinate (14.32449796,0.3373224813) has been dropped because of a coord
inate filter. (see also unbounded coords=jump). 
NOTE: coordinate (14.32854878,0.3430278472) has been dropped because of a coord
inate filter. (see also unbounded coords=jump). 
NOTE: coordinate (14.3325996,0.3467381118) has been dropped because of a coordi
nate filter. (see also unbounded coords=jump). 
NOTE: coordinate (14.33665042,0.3483592013) has been dropped because of a coord
inate filter. (see also unbounded coords=jump). 
NOTE: coordinate (14.34070124,0.3478478156) has been dropped because of a coord
inate filter. (see also unbounded coords=jump). 
NOTE: coordinate (14.34475205,0.3452139387) has been dropped because of a coord
inate filter. (see also unbounded coords=jump). 
NOTE: coordinate (14.34880287,0.3405219468) has been dropped because of a coord
inate filter. (see also unbounded coords=jump). 
NOTE: coordinate (14.35285369,0.3338902716) has been dropped because of a coord
inate filter. (see also unbounded coords=jump). 
NOTE: coordinate (14.35690451,0.3254896186) has been dropped because of a coord
inate filter. (see also unbounded coords=jump). 
NOTE: coordinate (14.36095533,0.3155397841) has been dropped because of a coord
inate filter. (see also unbounded coords=jump). 
NOTE: coordinate (14.36500614,0.3043051484) has been dropped because of a coord
inate filter. (see also unbounded coords=jump). 
NOTE: coordinate (14.36905696,0.292088966) has been dropped because of a coordi
nate filter. (see also unbounded coords=jump). 
NOTE: coordinate (14.37310778,0.2792266038) has been dropped because of a coord
inate filter. (see also unbounded coords=jump). 
NOTE: coordinate (14.3771586,0.2660779066) has been dropped because of a coordi
nate filter. (see also unbounded coords=jump). 
NOTE: coordinate (14.38120941,0.2530188934) has been dropped because of a coord
inate filter. (see also unbounded coords=jump). 
NOTE: coordinate (14.38526023,0.2404330065) has been dropped because of a coord
inate filter. (see also unbounded coords=jump). 
NOTE: coordinate (14.38931105,0.2287021407) has been dropped because of a coord
inate filter. (see also unbounded coords=jump). 
NOTE: coordinate (14.39336187,0.2181976899) has been dropped because of a coord
inate filter. (see also unbounded coords=jump). 
NOTE: coordinate (14.39741269,0.2092718399) has been dropped because of a coord
inate filter. (see also unbounded coords=jump). 
NOTE: coordinate (14.4014635,0.2022493295) has been dropped because of a coordi
nate filter. (see also unbounded coords=jump). 
NOTE: coordinate (14.40551432,0.1974198842) has been dropped because of a coord
inate filter. (see also unbounded coords=jump). 
NOTE: coordinate (14.40956514,0.195031507) has been dropped because of a coordi
nate filter. (see also unbounded coords=jump). 
NOTE: coordinate (14.41361596,0.1952847827) has been dropped because of a coord
inate filter. (see also unbounded coords=jump). 
NOTE: coordinate (14.41766678,0.1983283235) has been dropped because of a coord
inate filter. (see also unbounded coords=jump). 
NOTE: coordinate (14.42171759,0.2042554506) has been dropped because of a coord
inate filter. (see also unbounded coords=jump). 
NOTE: coordinate (14.42576841,0.2131021706) has been dropped because of a coord
inate filter. (see also unbounded coords=jump). 
NOTE: coordinate (14.42981923,0.2248464722) has been dropped because of a coord
inate filter. (see also unbounded coords=jump). 
NOTE: coordinate (14.43387005,0.2394089308) has been dropped because of a coord
inate filter. (see also unbounded coords=jump). 
NOTE: coordinate (14.43792087,0.256654579) has been dropped because of a coordi
nate filter. (see also unbounded coords=jump). 
NOTE: coordinate (14.44197168,0.2763959655) has been dropped because of a coord
inate filter. (see also unbounded coords=jump). 
NOTE: coordinate (14.4460225,0.2983973001) has been dropped because of a coordi
nate filter. (see also unbounded coords=jump). 
NOTE: coordinate (14.45007332,0.3223795568) has been dropped because of a coord
inate filter. (see also unbounded coords=jump). 
NOTE: coordinate (14.45412414,0.3480263879) has been dropped because of a coord
inate filter. (see also unbounded coords=jump). 
NOTE: coordinate (14.45817496,0.3749906869) has been dropped because of a coord
inate filter. (see also unbounded coords=jump). 
NOTE: coordinate (14.46222577,0.4029016292) has been dropped because of a coord
inate filter. (see also unbounded coords=jump). 
NOTE: coordinate (14.46627659,0.4313720134) has been dropped because of a coord
inate filter. (see also unbounded coords=jump). 
NOTE: coordinate (14.47032741,0.4600057276) has been dropped because of a coord
inate filter. (see also unbounded coords=jump). 
NOTE: coordinate (14.47437823,0.4884051701) has been dropped because of a coord
inate filter. (see also unbounded coords=jump). 
NOTE: coordinate (14.47842904,0.5161784635) has been dropped because of a coord
inate filter. (see also unbounded coords=jump). 
NOTE: coordinate (14.48247986,0.5429463131) has been dropped because of a coord
inate filter. (see also unbounded coords=jump). 
NOTE: coordinate (14.48653068,0.5683483783) has been dropped because of a coord
inate filter. (see also unbounded coords=jump). 
NOTE: coordinate (14.4905815,0.5920490454) has been dropped because of a coordi
nate filter. (see also unbounded coords=jump). 
NOTE: coordinate (14.49463232,0.6137425071) has been dropped because of a coord
inate filter. (see also unbounded coords=jump). 
NOTE: coordinate (14.49868313,0.6331570807) has been dropped because of a coord
inate filter. (see also unbounded coords=jump). 
NOTE: coordinate (14.50273395,0.6500587147) has been dropped because of a coord
inate filter. (see also unbounded coords=jump). 
NOTE: coordinate (14.50678477,0.6642536581) has been dropped because of a coord
inate filter. (see also unbounded coords=jump). 
NOTE: coordinate (14.51083559,0.6755902846) has been dropped because of a coord
inate filter. (see also unbounded coords=jump). 
NOTE: coordinate (14.51488641,0.6839600866) has been dropped because of a coord
inate filter. (see also unbounded coords=jump). 
NOTE: coordinate (14.51893722,0.6892978664) has been dropped because of a coord
inate filter. (see also unbounded coords=jump). 
NOTE: coordinate (14.52298804,0.691581172) has been dropped because of a coordi
nate filter. (see also unbounded coords=jump). 
NOTE: coordinate (14.52703886,0.6908290325) has been dropped because of a coord
inate filter. (see also unbounded coords=jump). 
NOTE: coordinate (14.53108968,0.6871000612) has been dropped because of a coord
inate filter. (see also unbounded coords=jump). 
NOTE: coordinate (14.5351405,0.68049) has been dropped because of a coordinate 
filter. (see also unbounded coords=jump). 
NOTE: coordinate (14.53919131,0.6711287832) has been dropped because of a coord
inate filter. (see also unbounded coords=jump). 
NOTE: coordinate (14.54324213,0.6591772026) has been dropped because of a coord
inate filter. (see also unbounded coords=jump). 
NOTE: coordinate (14.54729295,0.6448232522) has been dropped because of a coord
inate filter. (see also unbounded coords=jump). 
NOTE: coordinate (14.55134377,0.6282782344) has been dropped because of a coord
inate filter. (see also unbounded coords=jump). 
NOTE: coordinate (14.55539458,0.6097726999) has been dropped because of a coord
inate filter. (see also unbounded coords=jump). 
NOTE: coordinate (14.5594454,0.5895522956) has been dropped because of a coordi
nate filter. (see also unbounded coords=jump). 
NOTE: coordinate (14.56349622,0.5678735833) has been dropped because of a coord
inate filter. (see also unbounded coords=jump). 
NOTE: coordinate (14.56754704,0.5449998925) has been dropped because of a coord
inate filter. (see also unbounded coords=jump). 
NOTE: coordinate (14.57159786,0.521197258) has been dropped because of a coordi
nate filter. (see also unbounded coords=jump). 
NOTE: coordinate (14.57564867,0.4967304943) has been dropped because of a coord
inate filter. (see also unbounded coords=jump). 
NOTE: coordinate (14.57969949,0.4718594472) has been dropped because of a coord
inate filter. (see also unbounded coords=jump). 
NOTE: coordinate (14.58375031,0.4468354623) has been dropped because of a coord
inate filter. (see also unbounded coords=jump). 
NOTE: coordinate (14.58780113,0.4218981026) has been dropped because of a coord
inate filter. (see also unbounded coords=jump). 
NOTE: coordinate (14.59185195,0.3972721469) has been dropped because of a coord
inate filter. (see also unbounded coords=jump). 
NOTE: coordinate (14.59590276,0.373164892) has been dropped because of a coordi
nate filter. (see also unbounded coords=jump). 
NOTE: coordinate (14.59995358,0.3497637857) has been dropped because of a coord
inate filter. (see also unbounded coords=jump). 
NOTE: coordinate (14.6040044,0.3272344075) has been dropped because of a coordi
nate filter. (see also unbounded coords=jump). 
NOTE: coordinate (14.60805522,0.3057188171) has been dropped because of a coord
inate filter. (see also unbounded coords=jump). 
NOTE: coordinate (14.61210604,0.2853342853) has been dropped because of a coord
inate filter. (see also unbounded coords=jump). 
NOTE: coordinate (14.61615685,0.2661724192) has been dropped because of a coord
inate filter. (see also unbounded coords=jump). 
NOTE: coordinate (14.62020767,0.2482986913) has been dropped because of a coord
inate filter. (see also unbounded coords=jump). 
NOTE: coordinate (14.62425849,0.2317523773) has been dropped because of a coord
inate filter. (see also unbounded coords=jump). 
NOTE: coordinate (14.62830931,0.2165469044) has been dropped because of a coord
inate filter. (see also unbounded coords=jump). 
NOTE: coordinate (14.63236012,0.2026706049) has been dropped because of a coord
inate filter. (see also unbounded coords=jump). 
NOTE: coordinate (14.63641094,0.1900878658) has been dropped because of a coord
inate filter. (see also unbounded coords=jump). 
NOTE: coordinate (14.64046176,0.1787406585) has been dropped because of a coord
inate filter. (see also unbounded coords=jump). 
NOTE: coordinate (14.64451258,0.1685504243) has been dropped because of a coord
inate filter. (see also unbounded coords=jump). 
NOTE: coordinate (14.6485634,0.1594202867) has been dropped because of a coordi
nate filter. (see also unbounded coords=jump). 
NOTE: coordinate (14.65261421,0.151237552) has been dropped because of a coordi
nate filter. (see also unbounded coords=jump). 
NOTE: coordinate (14.65666503,0.143876453) has been dropped because of a coordi
nate filter. (see also unbounded coords=jump). 
NOTE: coordinate (14.66071585,0.137201085) has been dropped because of a coordi
nate filter. (see also unbounded coords=jump). 
NOTE: coordinate (14.66476667,0.1310684747) has been dropped because of a coord
inate filter. (see also unbounded coords=jump). 
NOTE: coordinate (14.66881749,0.1253317199) has been dropped because of a coord
inate filter. (see also unbounded coords=jump). 
NOTE: coordinate (14.6728683,0.1198431331) has been dropped because of a coordi
nate filter. (see also unbounded coords=jump). 
NOTE: coordinate (14.67691912,0.1144573185) has been dropped because of a coord
inate filter. (see also unbounded coords=jump). 
NOTE: coordinate (14.68096994,0.1090341147) has been dropped because of a coord
inate filter. (see also unbounded coords=jump). 
NOTE: coordinate (14.68502076,0.1034413328) has been dropped because of a coord
inate filter. (see also unbounded coords=jump). 
NOTE: coordinate (14.68907158,0.09755722635) has been dropped because of a coor
dinate filter. (see also unbounded coords=jump). 
NOTE: coordinate (14.69312239,0.09127263402) has been dropped because of a coor
dinate filter. (see also unbounded coords=jump). 
NOTE: coordinate (14.69717321,0.08449274248) has been dropped because of a coor
dinate filter. (see also unbounded coords=jump). 
NOTE: coordinate (14.70122403,0.07713842847) has been dropped because of a coor
dinate filter. (see also unbounded coords=jump). 
NOTE: coordinate (14.70527485,0.06914714847) has been dropped because of a coor
dinate filter. (see also unbounded coords=jump). 
NOTE: coordinate (14.70932566,0.06047335774) has been dropped because of a coor
dinate filter. (see also unbounded coords=jump). 
NOTE: coordinate (14.71337648,0.05108845367) has been dropped because of a coor
dinate filter. (see also unbounded coords=jump). 
NOTE: coordinate (14.7174273,0.04098025275) has been dropped because of a coord
inate filter. (see also unbounded coords=jump). 
NOTE: coordinate (14.72147812,0.03015202418) has been dropped because of a coor
dinate filter. (see also unbounded coords=jump). 
NOTE: coordinate (14.72552894,0.0186211175) has been dropped because of a coord
inate filter. (see also unbounded coords=jump). 
NOTE: coordinate (14.72957975,0.006417234182) has been dropped because of a coo
rdinate filter. (see also unbounded coords=jump). 
NOTE: coordinate (14.73363057,-0.006419595198) has been dropped because of a co
ordinate filter. (see also unbounded coords=jump). 
NOTE: coordinate (14.73768139,-0.01984125652) has been dropped because of a coo
rdinate filter. (see also unbounded coords=jump). 
NOTE: coordinate (14.74173221,-0.03379394147) has been dropped because of a coo
rdinate filter. (see also unbounded coords=jump). 
NOTE: coordinate (14.74578303,-0.04822059631) has been dropped because of a coo
rdinate filter. (see also unbounded coords=jump). 
NOTE: coordinate (14.74983384,-0.06306334356) has been dropped because of a coo
rdinate filter. (see also unbounded coords=jump). 
NOTE: coordinate (14.75388466,-0.07826579038) has been dropped because of a coo
rdinate filter. (see also unbounded coords=jump). 
NOTE: coordinate (14.75793548,-0.09377514127) has been dropped because of a coo
rdinate filter. (see also unbounded coords=jump). 
NOTE: coordinate (14.7619863,-0.1095440389) has been dropped because of a coord
inate filter. (see also unbounded coords=jump). 
NOTE: coordinate (14.76603712,-0.1255320658) has been dropped because of a coor
dinate filter. (see also unbounded coords=jump). 
NOTE: coordinate (14.77008793,-0.1417068524) has been dropped because of a coor
dinate filter. (see also unbounded coords=jump). 
NOTE: coordinate (14.77413875,-0.1580447483) has been dropped because of a coor
dinate filter. (see also unbounded coords=jump). 
NOTE: coordinate (14.77818957,-0.174531032) has been dropped because of a coord
inate filter. (see also unbounded coords=jump). 
NOTE: coordinate (14.78224039,-0.1911596484) has been dropped because of a coor
dinate filter. (see also unbounded coords=jump). 
NOTE: coordinate (14.7862912,-0.2079324809) has been dropped because of a coord
inate filter. (see also unbounded coords=jump). 
NOTE: coordinate (14.79034202,-0.2248581841) has been dropped because of a coor
dinate filter. (see also unbounded coords=jump). 
NOTE: coordinate (14.79439284,-0.2419506151) has been dropped because of a coor
dinate filter. (see also unbounded coords=jump). 
NOTE: coordinate (14.79844366,-0.2592269215) has been dropped because of a coor
dinate filter. (see also unbounded coords=jump). 
NOTE: coordinate (14.80249448,-0.2767053538) has been dropped because of a coor
dinate filter. (see also unbounded coords=jump). 
NOTE: coordinate (14.80654529,-0.2944028827) has been dropped because of a coor
dinate filter. (see also unbounded coords=jump). 
NOTE: coordinate (14.81059611,-0.3123327094) has been dropped because of a coor
dinate filter. (see also unbounded coords=jump). 
NOTE: coordinate (14.81464693,-0.3305017629) has been dropped because of a coor
dinate filter. (see also unbounded coords=jump). 
NOTE: coordinate (14.81869775,-0.3489082802) has been dropped because of a coor
dinate filter. (see also unbounded coords=jump). 
NOTE: coordinate (14.82274857,-0.3675395621) has been dropped because of a coor
dinate filter. (see also unbounded coords=jump). 
NOTE: coordinate (14.82679938,-0.386369997) has been dropped because of a coord
inate filter. (see also unbounded coords=jump). 
NOTE: coordinate (14.8308502,-0.4053594319) has been dropped because of a coord
inate filter. (see also unbounded coords=jump). 
NOTE: coordinate (14.83490102,-0.4244519619) has been dropped because of a coor
dinate filter. (see also unbounded coords=jump). 
NOTE: coordinate (14.83895184,-0.4435751974) has been dropped because of a coor
dinate filter. (see also unbounded coords=jump). 
NOTE: coordinate (14.84300266,-0.4626400482) has been dropped because of a coor
dinate filter. (see also unbounded coords=jump). 
NOTE: coordinate (14.84705347,-0.4815410508) has been dropped because of a coor
dinate filter. (see also unbounded coords=jump). 
NOTE: coordinate (14.85110429,-0.5001572454) has been dropped because of a coor
dinate filter. (see also unbounded coords=jump). 
NOTE: coordinate (14.85515511,-0.5183535901) has been dropped because of a coor
dinate filter. (see also unbounded coords=jump). 
NOTE: coordinate (14.85920593,-0.5359828823) has been dropped because of a coor
dinate filter. (see also unbounded coords=jump). 
NOTE: coordinate (14.86325674,-0.5528881405) has been dropped because of a coor
dinate filter. (see also unbounded coords=jump). 
NOTE: coordinate (14.86730756,-0.568905383) has been dropped because of a coord
inate filter. (see also unbounded coords=jump). 
NOTE: coordinate (14.87135838,-0.5838667279) has been dropped because of a coor
dinate filter. (see also unbounded coords=jump). 
NOTE: coordinate (14.8754092,-0.5976037252) has been dropped because of a coord
inate filter. (see also unbounded coords=jump). 
NOTE: coordinate (14.87946002,-0.6099508285) has been dropped because of a coor
dinate filter. (see also unbounded coords=jump). 
NOTE: coordinate (14.88351083,-0.620748903) has been dropped because of a coord
inate filter. (see also unbounded coords=jump). 
NOTE: coordinate (14.88756165,-0.629848671) has been dropped because of a coord
inate filter. (see also unbounded coords=jump). 
NOTE: coordinate (14.89161247,-0.6371139938) has been dropped because of a coor
dinate filter. (see also unbounded coords=jump). 
NOTE: coordinate (14.89566329,-0.6424248976) has been dropped because of a coor
dinate filter. (see also unbounded coords=jump). 
NOTE: coordinate (14.89971411,-0.6456802567) has been dropped because of a coor
dinate filter. (see also unbounded coords=jump). 
NOTE: coordinate (14.90376492,-0.6468000611) has been dropped because of a coor
dinate filter. (see also unbounded coords=jump). 
NOTE: coordinate (14.90781574,-0.6457272076) has been dropped because of a coor
dinate filter. (see also unbounded coords=jump). 
NOTE: coordinate (14.91186656,-0.6424287707) has been dropped because of a coor
dinate filter. (see also unbounded coords=jump). 
NOTE: coordinate (14.91591738,-0.6368967245) has been dropped because of a coor
dinate filter. (see also unbounded coords=jump). 
NOTE: coordinate (14.9199682,-0.6291481064) has been dropped because of a coord
inate filter. (see also unbounded coords=jump). 
NOTE: coordinate (14.92401901,-0.6192246291) has been dropped because of a coor
dinate filter. (see also unbounded coords=jump). 
NOTE: coordinate (14.92806983,-0.6071917672) has been dropped because of a coor
dinate filter. (see also unbounded coords=jump). 
NOTE: coordinate (14.93212065,-0.5931373563) has been dropped because of a coor
dinate filter. (see also unbounded coords=jump). 
NOTE: coordinate (14.93617147,-0.5771697608) has been dropped because of a coor
dinate filter. (see also unbounded coords=jump). 
NOTE: coordinate (14.94022228,-0.5594156774) has been dropped because of a coor
dinate filter. (see also unbounded coords=jump). 
NOTE: coordinate (14.9442731,-0.5400176472) has been dropped because of a coord
inate filter. (see also unbounded coords=jump). 
NOTE: coordinate (14.94832392,-0.5191313615) has been dropped because of a coor
dinate filter. (see also unbounded coords=jump). 
NOTE: coordinate (14.95237474,-0.4969228453) has been dropped because of a coor
dinate filter. (see also unbounded coords=jump). 
NOTE: coordinate (14.95642556,-0.4735656039) has been dropped because of a coor
dinate filter. (see also unbounded coords=jump). 
NOTE: coordinate (14.96047637,-0.4492378164) has been dropped because of a coor
dinate filter. (see also unbounded coords=jump). 
NOTE: coordinate (14.96452719,-0.4241196523) has been dropped because of a coor
dinate filter. (see also unbounded coords=jump). 
NOTE: coordinate (14.96857801,-0.3983907802) has been dropped because of a coor
dinate filter. (see also unbounded coords=jump). 
NOTE: coordinate (14.97262883,-0.3722281269) has been dropped because of a coor
dinate filter. (see also unbounded coords=jump). 
NOTE: coordinate (14.97667965,-0.3458039321) has been dropped because of a coor
dinate filter. (see also unbounded coords=jump). 
NOTE: coordinate (14.98073046,-0.3192841308) has been dropped because of a coor
dinate filter. (see also unbounded coords=jump). 
NOTE: coordinate (14.98478128,-0.2928270814) has been dropped because of a coor
dinate filter. (see also unbounded coords=jump). 
NOTE: coordinate (14.9888321,-0.2665826421) has been dropped because of a coord
inate filter. (see also unbounded coords=jump). 
NOTE: coordinate (14.99288292,-0.2406915842) has been dropped because of a coor
dinate filter. (see also unbounded coords=jump). 
NOTE: coordinate (14.99693374,-0.2152853194) has been dropped because of a coor
dinate filter. (see also unbounded coords=jump). 
NOTE: coordinate (15.00098455,-0.1904859027) has been dropped because of a coor
dinate filter. (see also unbounded coords=jump). 
NOTE: coordinate (15.00503537,-0.1664062676) has been dropped because of a coor
dinate filter. (see also unbounded coords=jump). 
NOTE: coordinate (15.00908619,-0.1431506386) has been dropped because of a coor
dinate filter. (see also unbounded coords=jump). 
NOTE: coordinate (15.01313701,-0.1208150624) has been dropped because of a coor
dinate filter. (see also unbounded coords=jump). 
NOTE: coordinate (15.01718782,-0.09948799856) has been dropped because of a coo
rdinate filter. (see also unbounded coords=jump). 
NOTE: coordinate (15.02123864,-0.07925090618) has been dropped because of a coo
rdinate filter. (see also unbounded coords=jump). 
NOTE: coordinate (15.02528946,-0.06017877177) has been dropped because of a coo
rdinate filter. (see also unbounded coords=jump). 
NOTE: coordinate (15.02934028,-0.04234052387) has been dropped because of a coo
rdinate filter. (see also unbounded coords=jump). 
NOTE: coordinate (15.0333911,-0.02579929081) has been dropped because of a coor
dinate filter. (see also unbounded coords=jump). 
NOTE: coordinate (15.03744191,-0.01061246606) has been dropped because of a coo
rdinate filter. (see also unbounded coords=jump). 
NOTE: coordinate (15.04149273,0.003168442614) has been dropped because of a coo
rdinate filter. (see also unbounded coords=jump). 
NOTE: coordinate (15.04554355,0.01549819246) has been dropped because of a coor
dinate filter. (see also unbounded coords=jump). 
NOTE: coordinate (15.04959437,0.02633841284) has been dropped because of a coor
dinate filter. (see also unbounded coords=jump). 
NOTE: coordinate (15.05364519,0.03565842698) has been dropped because of a coor
dinate filter. (see also unbounded coords=jump). 
NOTE: coordinate (15.057696,0.04343626314) has been dropped because of a coordi
nate filter. (see also unbounded coords=jump). 
NOTE: coordinate (15.06174682,0.04965981886) has been dropped because of a coor
dinate filter. (see also unbounded coords=jump). 
NOTE: coordinate (15.06579764,0.05432813225) has been dropped because of a coor
dinate filter. (see also unbounded coords=jump). 
NOTE: coordinate (15.06984846,0.05745270621) has been dropped because of a coor
dinate filter. (see also unbounded coords=jump). 
NOTE: coordinate (15.07389928,0.05905882599) has been dropped because of a coor
dinate filter. (see also unbounded coords=jump). 
NOTE: coordinate (15.07795009,0.05918680674) has been dropped because of a coor
dinate filter. (see also unbounded coords=jump). 
NOTE: coordinate (15.08200091,0.05789310672) has been dropped because of a coor
dinate filter. (see also unbounded coords=jump). 
NOTE: coordinate (15.08605173,0.05525124341) has been dropped because of a coor
dinate filter. (see also unbounded coords=jump). 
NOTE: coordinate (15.09010255,0.05135245351) has been dropped because of a coor
dinate filter. (see also unbounded coords=jump). 
NOTE: coordinate (15.09415336,0.04630604411) has been dropped because of a coor
dinate filter. (see also unbounded coords=jump). 
NOTE: coordinate (15.09820418,0.04023939041) has been dropped because of a coor
dinate filter. (see also unbounded coords=jump). 
NOTE: coordinate (15.102255,0.03329754544) has been dropped because of a coordi
nate filter. (see also unbounded coords=jump). 
NOTE: coordinate (15.10630582,0.02564243852) has been dropped because of a coor
dinate filter. (see also unbounded coords=jump). 
NOTE: coordinate (15.11035664,0.01745165155) has been dropped because of a coor
dinate filter. (see also unbounded coords=jump). 
NOTE: coordinate (15.11440745,0.008916775088) has been dropped because of a coo
rdinate filter. (see also unbounded coords=jump). 
NOTE: coordinate (15.11845827,0.0002413589718) has been dropped because of a co
ordinate filter. (see also unbounded coords=jump). 
NOTE: coordinate (15.12250909,-0.008361514877) has been dropped because of a co
ordinate filter. (see also unbounded coords=jump). 
NOTE: coordinate (15.12655991,-0.01667199836) has been dropped because of a coo
rdinate filter. (see also unbounded coords=jump). 
NOTE: coordinate (15.13061073,-0.02446653184) has been dropped because of a coo
rdinate filter. (see also unbounded coords=jump). 
NOTE: coordinate (15.13466154,-0.03152112849) has been dropped because of a coo
rdinate filter. (see also unbounded coords=jump). 
NOTE: coordinate (15.13871236,-0.03761482194) has been dropped because of a coo
rdinate filter. (see also unbounded coords=jump). 
NOTE: coordinate (15.14276318,-0.04253320536) has been dropped because of a coo
rdinate filter. (see also unbounded coords=jump). 
NOTE: coordinate (15.146814,-0.04607198693) has been dropped because of a coord
inate filter. (see also unbounded coords=jump). 
NOTE: coordinate (15.15086482,-0.04804048536) has been dropped because of a coo
rdinate filter. (see also unbounded coords=jump). 
NOTE: coordinate (15.15491563,-0.0482649902) has been dropped because of a coor
dinate filter. (see also unbounded coords=jump). 
NOTE: coordinate (15.15896645,-0.04659191471) has been dropped because of a coo
rdinate filter. (see also unbounded coords=jump). 
NOTE: coordinate (15.16301727,-0.04289067383) has been dropped because of a coo
rdinate filter. (see also unbounded coords=jump). 
NOTE: coordinate (15.16706809,-0.03705622661) has been dropped because of a coo
rdinate filter. (see also unbounded coords=jump). 
NOTE: coordinate (15.1711189,-0.02901123003) has been dropped because of a coor
dinate filter. (see also unbounded coords=jump). 
NOTE: coordinate (15.17516972,-0.01870776066) has been dropped because of a coo
rdinate filter. (see also unbounded coords=jump). 
NOTE: coordinate (15.17922054,-0.006128570138) has been dropped because of a co
ordinate filter. (see also unbounded coords=jump). 
NOTE: coordinate (15.18327136,0.008712149067) has been dropped because of a coo
rdinate filter. (see also unbounded coords=jump). 
NOTE: coordinate (15.18732218,0.02576850062) has been dropped because of a coor
dinate filter. (see also unbounded coords=jump). 
NOTE: coordinate (15.19137299,0.0449631267) has been dropped because of a coord
inate filter. (see also unbounded coords=jump). 
NOTE: coordinate (15.19542381,0.06618794839) has been dropped because of a coor
dinate filter. (see also unbounded coords=jump). 
NOTE: coordinate (15.19947463,0.08930538758) has been dropped because of a coor
dinate filter. (see also unbounded coords=jump). 
NOTE: coordinate (15.20352545,0.114150045) has been dropped because of a coordi
nate filter. (see also unbounded coords=jump). 
NOTE: coordinate (15.20757627,0.1405308017) has been dropped because of a coord
inate filter. (see also unbounded coords=jump). 
NOTE: coordinate (15.21162708,0.1682333052) has been dropped because of a coord
inate filter. (see also unbounded coords=jump). 
NOTE: coordinate (15.2156779,0.1970227944) has been dropped because of a coordi
nate filter. (see also unbounded coords=jump). 
NOTE: coordinate (15.21972872,0.2266472168) has been dropped because of a coord
inate filter. (see also unbounded coords=jump). 
NOTE: coordinate (15.22377954,0.2568405833) has been dropped because of a coord
inate filter. (see also unbounded coords=jump). 
NOTE: coordinate (15.22783036,0.2873265083) has been dropped because of a coord
inate filter. (see also unbounded coords=jump). 
NOTE: coordinate (15.23188117,0.31782188) has been dropped because of a coordin
ate filter. (see also unbounded coords=jump). 
NOTE: coordinate (15.23593199,0.3480406035) has been dropped because of a coord
inate filter. (see also unbounded coords=jump). 
NOTE: coordinate (15.23998281,0.3776973633) has been dropped because of a coord
inate filter. (see also unbounded coords=jump). 
NOTE: coordinate (15.24403363,0.4065113498) has been dropped because of a coord
inate filter. (see also unbounded coords=jump). 
NOTE: coordinate (15.24808444,0.4342098976) has been dropped because of a coord
inate filter. (see also unbounded coords=jump). 
NOTE: coordinate (15.25213526,0.4605319836) has been dropped because of a coord
inate filter. (see also unbounded coords=jump). 
NOTE: coordinate (15.25618608,0.4852315375) has been dropped because of a coord
inate filter. (see also unbounded coords=jump). 
NOTE: coordinate (15.2602369,0.5080805171) has been dropped because of a coordi
nate filter. (see also unbounded coords=jump). 
NOTE: coordinate (15.26428772,0.5288717066) has been dropped because of a coord
inate filter. (see also unbounded coords=jump). 
NOTE: coordinate (15.26833853,0.5474211952) has been dropped because of a coord
inate filter. (see also unbounded coords=jump). 
NOTE: coordinate (15.27238935,0.5635705026) has been dropped because of a coord
inate filter. (see also unbounded coords=jump). 
NOTE: coordinate (15.27644017,0.5771883149) has been dropped because of a coord
inate filter. (see also unbounded coords=jump). 
NOTE: coordinate (15.28049099,0.5881718047) has been dropped because of a coord
inate filter. (see also unbounded coords=jump). 
NOTE: coordinate (15.28454181,0.5964475109) has been dropped because of a coord
inate filter. (see also unbounded coords=jump). 
NOTE: coordinate (15.28859262,0.6019717594) has been dropped because of a coord
inate filter. (see also unbounded coords=jump). 
NOTE: coordinate (15.29264344,0.6047306131) has been dropped because of a coord
inate filter. (see also unbounded coords=jump). 
NOTE: coordinate (15.29669426,0.6047393447) has been dropped because of a coord
inate filter. (see also unbounded coords=jump). 
NOTE: coordinate (15.30074508,0.6020414356) has been dropped because of a coord
inate filter. (see also unbounded coords=jump). 
NOTE: coordinate (15.3047959,0.5967071082) has been dropped because of a coordi
nate filter. (see also unbounded coords=jump). 
NOTE: coordinate (15.30884671,0.5888314133) has been dropped because of a coord
inate filter. (see also unbounded coords=jump). 
NOTE: coordinate (15.31289753,0.5785318964) has been dropped because of a coord
inate filter. (see also unbounded coords=jump). 
NOTE: coordinate (15.31694835,0.5659458828) has been dropped because of a coord
inate filter. (see also unbounded coords=jump). 
NOTE: coordinate (15.32099917,0.5512274247) has been dropped because of a coord
inate filter. (see also unbounded coords=jump). 
NOTE: coordinate (15.32504998,0.5345439679) has been dropped because of a coord
inate filter. (see also unbounded coords=jump). 
NOTE: coordinate (15.3291008,0.5160727994) has been dropped because of a coordi
nate filter. (see also unbounded coords=jump). 
NOTE: coordinate (15.33315162,0.4959973492) has been dropped because of a coord
inate filter. (see also unbounded coords=jump). 
NOTE: coordinate (15.33720244,0.4745034244) has been dropped because of a coord
inate filter. (see also unbounded coords=jump). 
NOTE: coordinate (15.34125326,0.4517754578) has been dropped because of a coord
inate filter. (see also unbounded coords=jump). 
NOTE: coordinate (15.34530407,0.4279928596) has been dropped because of a coord
inate filter. (see also unbounded coords=jump). 
NOTE: coordinate (15.34935489,0.4033265606) has been dropped because of a coord
inate filter. (see also unbounded coords=jump). 
NOTE: coordinate (15.35340571,0.3779358332) has been dropped because of a coord
inate filter. (see also unbounded coords=jump). 
NOTE: coordinate (15.35745653,0.3519654771) has been dropped because of a coord
inate filter. (see also unbounded coords=jump). 
NOTE: coordinate (15.36150735,0.3255434465) has been dropped because of a coord
inate filter. (see also unbounded coords=jump). 
NOTE: coordinate (15.36555816,0.298778991) has been dropped because of a coordi
nate filter. (see also unbounded coords=jump). 
NOTE: coordinate (15.36960898,0.2717613679) has been dropped because of a coord
inate filter. (see also unbounded coords=jump). 
NOTE: coordinate (15.3736598,0.2445591745) has been dropped because of a coordi
nate filter. (see also unbounded coords=jump). 
NOTE: coordinate (15.37771062,0.2172203301) has been dropped because of a coord
inate filter. (see also unbounded coords=jump). 
NOTE: coordinate (15.38176144,0.1897727218) has been dropped because of a coord
inate filter. (see also unbounded coords=jump). 
NOTE: coordinate (15.38581225,0.1622255108) has been dropped because of a coord
inate filter. (see also unbounded coords=jump). 
NOTE: coordinate (15.38986307,0.1345710739) has been dropped because of a coord
inate filter. (see also unbounded coords=jump). 
NOTE: coordinate (15.39391389,0.1067875393) has been dropped because of a coord
inate filter. (see also unbounded coords=jump). 
NOTE: coordinate (15.39796471,0.07884185201) has been dropped because of a coor
dinate filter. (see also unbounded coords=jump). 
NOTE: coordinate (15.40201552,0.05069329089) has been dropped because of a coor
dinate filter. (see also unbounded coords=jump). 
NOTE: coordinate (15.40606634,0.02229733863) has been dropped because of a coor
dinate filter. (see also unbounded coords=jump). 
NOTE: coordinate (15.41011716,-0.006390205429) has been dropped because of a co
ordinate filter. (see also unbounded coords=jump). 
NOTE: coordinate (15.41416798,-0.03540899251) has been dropped because of a coo
rdinate filter. (see also unbounded coords=jump). 
NOTE: coordinate (15.4182188,-0.06478990236) has been dropped because of a coor
dinate filter. (see also unbounded coords=jump). 
NOTE: coordinate (15.42226961,-0.09455096689) has been dropped because of a coo
rdinate filter. (see also unbounded coords=jump). 
NOTE: coordinate (15.42632043,-0.1246935748) has been dropped because of a coor
dinate filter. (see also unbounded coords=jump). 
NOTE: coordinate (15.43037125,-0.1551990884) has been dropped because of a coor
dinate filter. (see also unbounded coords=jump). 
NOTE: coordinate (15.43442207,-0.1860259962) has been dropped because of a coor
dinate filter. (see also unbounded coords=jump). 
NOTE: coordinate (15.43847289,-0.2171077117) has been dropped because of a coor
dinate filter. (see also unbounded coords=jump). 
NOTE: coordinate (15.4425237,-0.2483511117) has been dropped because of a coord
inate filter. (see also unbounded coords=jump). 
NOTE: coordinate (15.44657452,-0.2796358908) has been dropped because of a coor
dinate filter. (see also unbounded coords=jump). 
NOTE: coordinate (15.45062534,-0.310814781) has been dropped because of a coord
inate filter. (see also unbounded coords=jump). 
NOTE: coordinate (15.45467616,-0.3417146639) has been dropped because of a coor
dinate filter. (see also unbounded coords=jump). 
NOTE: coordinate (15.45872698,-0.372138574) has been dropped because of a coord
inate filter. (see also unbounded coords=jump). 
NOTE: coordinate (15.46277779,-0.4018685645) has been dropped because of a coor
dinate filter. (see also unbounded coords=jump). 
NOTE: coordinate (15.46682861,-0.4306693784) has been dropped because of a coor
dinate filter. (see also unbounded coords=jump). 
NOTE: coordinate (15.47087943,-0.4582928433) has been dropped because of a coor
dinate filter. (see also unbounded coords=jump). 
NOTE: coordinate (15.47493025,-0.4844828797) has been dropped because of a coor
dinate filter. (see also unbounded coords=jump). 
NOTE: coordinate (15.47898106,-0.5089809942) has been dropped because of a coor
dinate filter. (see also unbounded coords=jump). 
NOTE: coordinate (15.48303188,-0.531532109) has been dropped because of a coord
inate filter. (see also unbounded coords=jump). 
NOTE: coordinate (15.4870827,-0.5518905638) has been dropped because of a coord
inate filter. (see also unbounded coords=jump). 
NOTE: coordinate (15.49113352,-0.5698261197) has been dropped because of a coor
dinate filter. (see also unbounded coords=jump). 
NOTE: coordinate (15.49518434,-0.5851297872) has been dropped because of a coor
dinate filter. (see also unbounded coords=jump). 
NOTE: coordinate (15.49923515,-0.5976193049) has been dropped because of a coor
dinate filter. (see also unbounded coords=jump). 
NOTE: coordinate (15.50328597,-0.607144101) has been dropped because of a coord
inate filter. (see also unbounded coords=jump). 
NOTE: coordinate (15.50733679,-0.6135895814) has been dropped because of a coor
dinate filter. (see also unbounded coords=jump). 
NOTE: coordinate (15.51138761,-0.6168806087) has been dropped because of a coor
dinate filter. (see also unbounded coords=jump). 
NOTE: coordinate (15.51543843,-0.6169840558) has been dropped because of a coor
dinate filter. (see also unbounded coords=jump). 
NOTE: coordinate (15.51948924,-0.6139103459) has been dropped because of a coor
dinate filter. (see also unbounded coords=jump). 
NOTE: coordinate (15.52354006,-0.6077139202) has been dropped because of a coor
dinate filter. (see also unbounded coords=jump). 
NOTE: coordinate (15.52759088,-0.5984926063) has been dropped because of a coor
dinate filter. (see also unbounded coords=jump). 
NOTE: coordinate (15.5316417,-0.5863858936) has been dropped because of a coord
inate filter. (see also unbounded coords=jump). 
NOTE: coordinate (15.53569252,-0.5715721559) has been dropped because of a coor
dinate filter. (see also unbounded coords=jump). 
NOTE: coordinate (15.53974333,-0.5542648929) has been dropped because of a coor
dinate filter. (see also unbounded coords=jump). 
NOTE: coordinate (15.54379415,-0.534708095) has been dropped because of a coord
inate filter. (see also unbounded coords=jump). 
NOTE: coordinate (15.54784497,-0.5131708612) has been dropped because of a coor
dinate filter. (see also unbounded coords=jump). 
NOTE: coordinate (15.55189579,-0.4899414242) has been dropped because of a coor
dinate filter. (see also unbounded coords=jump). 
NOTE: coordinate (15.5559466,-0.4653207575) has been dropped because of a coord
inate filter. (see also unbounded coords=jump). 
NOTE: coordinate (15.55999742,-0.439615949) has been dropped because of a coord
inate filter. (see also unbounded coords=jump). 
NOTE: coordinate (15.56404824,-0.4131335368) has been dropped because of a coor
dinate filter. (see also unbounded coords=jump). 
NOTE: coordinate (15.56809906,-0.3861730018) has been dropped because of a coor
dinate filter. (see also unbounded coords=jump). 
NOTE: coordinate (15.57214988,-0.359020607) has been dropped because of a coord
inate filter. (see also unbounded coords=jump). 
NOTE: coordinate (15.57620069,-0.3319437639) has been dropped because of a coor
dinate filter. (see also unbounded coords=jump). 
NOTE: coordinate (15.58025151,-0.3051860849) has been dropped because of a coor
dinate filter. (see also unbounded coords=jump). 
NOTE: coordinate (15.58430233,-0.2789632643) has been dropped because of a coor
dinate filter. (see also unbounded coords=jump). 
NOTE: coordinate (15.58835315,-0.2534598974) has been dropped because of a coor
dinate filter. (see also unbounded coords=jump). 
NOTE: coordinate (15.59240397,-0.2288273212) has been dropped because of a coor
dinate filter. (see also unbounded coords=jump). 
NOTE: coordinate (15.59645478,-0.2051825235) has been dropped because of a coor
dinate filter. (see also unbounded coords=jump). 
NOTE: coordinate (15.6005056,-0.1826081351) has been dropped because of a coord
inate filter. (see also unbounded coords=jump). 
NOTE: coordinate (15.60455642,-0.1611534823) has been dropped because of a coor
dinate filter. (see also unbounded coords=jump). 
NOTE: coordinate (15.60860724,-0.1408366432) has been dropped because of a coor
dinate filter. (see also unbounded coords=jump). 
NOTE: coordinate (15.61265806,-0.1216474204) has been dropped because of a coor
dinate filter. (see also unbounded coords=jump). 
NOTE: coordinate (15.61670887,-0.1035511097) has been dropped because of a coor
dinate filter. (see also unbounded coords=jump). 
NOTE: coordinate (15.62075969,-0.08649292419) has been dropped because of a coo
rdinate filter. (see also unbounded coords=jump). 
NOTE: coordinate (15.62481051,-0.07040290718) has been dropped because of a coo
rdinate filter. (see also unbounded coords=jump). 
NOTE: coordinate (15.62886133,-0.05520115753) has been dropped because of a coo
rdinate filter. (see also unbounded coords=jump). 
NOTE: coordinate (15.63291214,-0.04080317912) has been dropped because of a coo
rdinate filter. (see also unbounded coords=jump). 
NOTE: coordinate (15.63696296,-0.02712516534) has been dropped because of a coo
rdinate filter. (see also unbounded coords=jump). 
NOTE: coordinate (15.64101378,-0.01408903339) has been dropped because of a coo
rdinate filter. (see also unbounded coords=jump). 
NOTE: coordinate (15.6450646,-0.001627033472) has been dropped because of a coo
rdinate filter. (see also unbounded coords=jump). 
NOTE: coordinate (15.64911542,0.01031422564) has been dropped because of a coor
dinate filter. (see also unbounded coords=jump). 
NOTE: coordinate (15.65316623,0.02177047143) has been dropped because of a coor
dinate filter. (see also unbounded coords=jump). 
NOTE: coordinate (15.65721705,0.03275729364) has been dropped because of a coor
dinate filter. (see also unbounded coords=jump). 
NOTE: coordinate (15.66126787,0.04326858245) has been dropped because of a coor
dinate filter. (see also unbounded coords=jump). 
NOTE: coordinate (15.66531869,0.05327592728) has been dropped because of a coor
dinate filter. (see also unbounded coords=jump). 
NOTE: coordinate (15.66936951,0.06272899118) has been dropped because of a coor
dinate filter. (see also unbounded coords=jump). 
NOTE: coordinate (15.67342032,0.07155684145) has been dropped because of a coor
dinate filter. (see also unbounded coords=jump). 
NOTE: coordinate (15.67747114,0.0796701842) has been dropped because of a coord
inate filter. (see also unbounded coords=jump). 
NOTE: coordinate (15.68152196,0.08696441928) has been dropped because of a coor
dinate filter. (see also unbounded coords=jump). 
NOTE: coordinate (15.68557278,0.09332340409) has been dropped because of a coor
dinate filter. (see also unbounded coords=jump). 
NOTE: coordinate (15.6896236,0.09862379081) has been dropped because of a coord
inate filter. (see also unbounded coords=jump). 
NOTE: coordinate (15.69367441,0.1027397824) has been dropped because of a coord
inate filter. (see also unbounded coords=jump). 
NOTE: coordinate (15.69772523,0.1055481389) has been dropped because of a coord
inate filter. (see also unbounded coords=jump). 
NOTE: coordinate (15.70177605,0.1069332582) has been dropped because of a coord
inate filter. (see also unbounded coords=jump). 
NOTE: coordinate (15.70582687,0.1067921528) has been dropped because of a coord
inate filter. (see also unbounded coords=jump). 
NOTE: coordinate (15.70987768,0.10503915) has been dropped because of a coordin
ate filter. (see also unbounded coords=jump). 
NOTE: coordinate (15.7139285,0.1016101502) has been dropped because of a coordi
nate filter. (see also unbounded coords=jump). 
NOTE: coordinate (15.71797932,0.09646629824) has been dropped because of a coor
dinate filter. (see also unbounded coords=jump). 
NOTE: coordinate (15.72203014,0.08959693813) has been dropped because of a coor
dinate filter. (see also unbounded coords=jump). 
NOTE: coordinate (15.72608096,0.08102174967) has been dropped because of a coor
dinate filter. (see also unbounded coords=jump). 
NOTE: coordinate (15.73013177,0.07079199205) has been dropped because of a coor
dinate filter. (see also unbounded coords=jump). 
NOTE: coordinate (15.73418259,0.05899080908) has been dropped because of a coor
dinate filter. (see also unbounded coords=jump). 
NOTE: coordinate (15.73823341,0.04573258256) has been dropped because of a coor
dinate filter. (see also unbounded coords=jump). 
NOTE: coordinate (15.74228423,0.03116135082) has been dropped because of a coor
dinate filter. (see also unbounded coords=jump). 
NOTE: coordinate (15.74633505,0.01544834011) has been dropped because of a coor
dinate filter. (see also unbounded coords=jump). 
NOTE: coordinate (15.75038586,-0.001211315892) has been dropped because of a co
ordinate filter. (see also unbounded coords=jump). 
NOTE: coordinate (15.75443668,-0.01860256748) has been dropped because of a coo
rdinate filter. (see also unbounded coords=jump). 
NOTE: coordinate (15.7584875,-0.03649502939) has been dropped because of a coor
dinate filter. (see also unbounded coords=jump). 
NOTE: coordinate (15.76253832,-0.05464801112) has been dropped because of a coo
rdinate filter. (see also unbounded coords=jump). 
NOTE: coordinate (15.76658914,-0.07281584601) has been dropped because of a coo
rdinate filter. (see also unbounded coords=jump). 
NOTE: coordinate (15.77063995,-0.09075336101) has been dropped because of a coo
rdinate filter. (see also unbounded coords=jump). 
NOTE: coordinate (15.77469077,-0.1082213275) has been dropped because of a coor
dinate filter. (see also unbounded coords=jump). 
NOTE: coordinate (15.77874159,-0.1249917375) has been dropped because of a coor
dinate filter. (see also unbounded coords=jump). 
NOTE: coordinate (15.78279241,-0.1408527574) has been dropped because of a coor
dinate filter. (see also unbounded coords=jump). 
NOTE: coordinate (15.78684322,-0.1556132259) has been dropped because of a coor
dinate filter. (see also unbounded coords=jump). 
NOTE: coordinate (15.79089404,-0.1691065787) has been dropped because of a coor
dinate filter. (see also unbounded coords=jump). 
NOTE: coordinate (15.79494486,-0.1811941046) has been dropped because of a coor
dinate filter. (see also unbounded coords=jump). 
NOTE: coordinate (15.79899568,-0.1917674576) has been dropped because of a coor
dinate filter. (see also unbounded coords=jump). 
NOTE: coordinate (15.8030465,-0.2007503787) has been dropped because of a coord
inate filter. (see also unbounded coords=jump). 
NOTE: coordinate (15.80709731,-0.2080996018) has been dropped because of a coor
dinate filter. (see also unbounded coords=jump). 
NOTE: coordinate (15.81114813,-0.213804946) has been dropped because of a coord
inate filter. (see also unbounded coords=jump). 
NOTE: coordinate (15.81519895,-0.21788862) has been dropped because of a coordi
nate filter. (see also unbounded coords=jump). 
NOTE: coordinate (15.81924977,-0.2204037858) has been dropped because of a coor
dinate filter. (see also unbounded coords=jump). 
NOTE: coordinate (15.82330059,-0.2214324498) has been dropped because of a coor
dinate filter. (see also unbounded coords=jump). 
NOTE: coordinate (15.8273514,-0.221082764) has been dropped because of a coordi
nate filter. (see also unbounded coords=jump). 
NOTE: coordinate (15.83140222,-0.2194858366) has been dropped because of a coor
dinate filter. (see also unbounded coords=jump). 
NOTE: coordinate (15.83545304,-0.2167921562) has been dropped because of a coor
dinate filter. (see also unbounded coords=jump). 
NOTE: coordinate (15.83950386,-0.2131677418) has been dropped because of a coor
dinate filter. (see also unbounded coords=jump). 
NOTE: coordinate (15.84355468,-0.2087901318) has been dropped because of a coor
dinate filter. (see also unbounded coords=jump). 
NOTE: coordinate (15.84760549,-0.2038443225) has been dropped because of a coor
dinate filter. (see also unbounded coords=jump). 
NOTE: coordinate (15.85165631,-0.1985187593) has been dropped because of a coor
dinate filter. (see also unbounded coords=jump). 
NOTE: coordinate (15.85570713,-0.1930014776) has been dropped because of a coor
dinate filter. (see also unbounded coords=jump). 
NOTE: coordinate (15.85975795,-0.187476476) has been dropped because of a coord
inate filter. (see also unbounded coords=jump). 
NOTE: coordinate (15.86380876,-0.1821203928) has been dropped because of a coor
dinate filter. (see also unbounded coords=jump). 
NOTE: coordinate (15.86785958,-0.1770995417) has been dropped because of a coor
dinate filter. (see also unbounded coords=jump). 
NOTE: coordinate (15.8719104,-0.1725673452) has been dropped because of a coord
inate filter. (see also unbounded coords=jump). 
NOTE: coordinate (15.87596122,-0.1686621928) has been dropped because of a coor
dinate filter. (see also unbounded coords=jump). 
NOTE: coordinate (15.88001204,-0.1655057317) has been dropped because of a coor
dinate filter. (see also unbounded coords=jump). 
NOTE: coordinate (15.88406285,-0.1632015879) has been dropped because of a coor
dinate filter. (see also unbounded coords=jump). 
NOTE: coordinate (15.88811367,-0.1618344997) has been dropped because of a coor
dinate filter. (see also unbounded coords=jump). 
NOTE: coordinate (15.89216449,-0.1614698409) has been dropped because of a coor
dinate filter. (see also unbounded coords=jump). 
NOTE: coordinate (15.89621531,-0.1621534963) has been dropped because of a coor
dinate filter. (see also unbounded coords=jump). 
NOTE: coordinate (15.90026613,-0.1639120531) has been dropped because of a coor
dinate filter. (see also unbounded coords=jump). 
NOTE: coordinate (15.90431694,-0.1667532653) has been dropped because of a coor
dinate filter. (see also unbounded coords=jump). 
NOTE: coordinate (15.90836776,-0.1706667476) has been dropped because of a coor
dinate filter. (see also unbounded coords=jump). 
NOTE: coordinate (15.91241858,-0.1756248579) has been dropped because of a coor
dinate filter. (see also unbounded coords=jump). 
NOTE: coordinate (15.9164694,-0.181583731) has been dropped because of a coordi
nate filter. (see also unbounded coords=jump). 
NOTE: coordinate (15.92052022,-0.1884844287) has been dropped because of a coor
dinate filter. (see also unbounded coords=jump). 
NOTE: coordinate (15.92457103,-0.1962541788) has been dropped because of a coor
dinate filter. (see also unbounded coords=jump). 
NOTE: coordinate (15.92862185,-0.2048076827) has been dropped because of a coor
dinate filter. (see also unbounded coords=jump). 
NOTE: coordinate (15.93267267,-0.2140484751) has been dropped because of a coor
dinate filter. (see also unbounded coords=jump). 
NOTE: coordinate (15.93672349,-0.2238703266) has been dropped because of a coor
dinate filter. (see also unbounded coords=jump). 
NOTE: coordinate (15.9407743,-0.2341586868) has been dropped because of a coord
inate filter. (see also unbounded coords=jump). 
NOTE: coordinate (15.94482512,-0.2447921667) has been dropped because of a coor
dinate filter. (see also unbounded coords=jump). 
NOTE: coordinate (15.94887594,-0.2556440639) has been dropped because of a coor
dinate filter. (see also unbounded coords=jump). 
NOTE: coordinate (15.95292676,-0.2665839352) has been dropped because of a coor
dinate filter. (see also unbounded coords=jump). 
NOTE: coordinate (15.95697758,-0.2774792195) has been dropped because of a coor
dinate filter. (see also unbounded coords=jump). 
NOTE: coordinate (15.96102839,-0.2881969131) has been dropped because of a coor
dinate filter. (see also unbounded coords=jump). 
NOTE: coordinate (15.96507921,-0.298605296) has been dropped because of a coord
inate filter. (see also unbounded coords=jump). 
NOTE: coordinate (15.96913003,-0.3085756998) has been dropped because of a coor
dinate filter. (see also unbounded coords=jump). 
NOTE: coordinate (15.97318085,-0.3179843072) has been dropped because of a coor
dinate filter. (see also unbounded coords=jump). 
NOTE: coordinate (15.97723167,-0.3267139604) has been dropped because of a coor
dinate filter. (see also unbounded coords=jump). 
NOTE: coordinate (15.98128248,-0.3346559538) has been dropped because of a coor
dinate filter. (see also unbounded coords=jump). 
NOTE: coordinate (15.9853333,-0.3417117768) has been dropped because of a coord
inate filter. (see also unbounded coords=jump). 
NOTE: coordinate (15.98938412,-0.3477947667) has been dropped because of a coor
dinate filter. (see also unbounded coords=jump). 
NOTE: coordinate (15.99343494,-0.3528316296) has been dropped because of a coor
dinate filter. (see also unbounded coords=jump). 
NOTE: coordinate (15.99748576,-0.3567637786) has been dropped because of a coor
dinate filter. (see also unbounded coords=jump). 
NOTE: coordinate (16.00153657,-0.3595484442) has been dropped because of a coor
dinate filter. (see also unbounded coords=jump). 
NOTE: coordinate (16.00558739,-0.3611595053) has been dropped because of a coor
dinate filter. (see also unbounded coords=jump). 
NOTE: coordinate (16.00963821,-0.3615879981) has been dropped because of a coor
dinate filter. (see also unbounded coords=jump). 
NOTE: coordinate (16.01368903,-0.3608422624) has been dropped because of a coor
dinate filter. (see also unbounded coords=jump). 
NOTE: coordinate (16.01773984,-0.3589476938) has been dropped because of a coor
dinate filter. (see also unbounded coords=jump). 
NOTE: coordinate (16.02179066,-0.3559460797) has been dropped because of a coor
dinate filter. (see also unbounded coords=jump). 
NOTE: coordinate (16.02584148,-0.3518945112) has been dropped because of a coor
dinate filter. (see also unbounded coords=jump). 
NOTE: coordinate (16.0298923,-0.3468638718) has been dropped because of a coord
inate filter. (see also unbounded coords=jump). 
NOTE: coordinate (16.03394312,-0.3409369238) has been dropped because of a coor
dinate filter. (see also unbounded coords=jump). 
NOTE: coordinate (16.03799393,-0.3342060247) has been dropped because of a coor
dinate filter. (see also unbounded coords=jump). 
NOTE: coordinate (16.04204475,-0.3267705214) has been dropped because of a coor
dinate filter. (see also unbounded coords=jump). 
NOTE: coordinate (16.04609557,-0.3187338852) has been dropped because of a coor
dinate filter. (see also unbounded coords=jump). 
NOTE: coordinate (16.05014639,-0.310200662) has been dropped because of a coord
inate filter. (see also unbounded coords=jump). 
NOTE: coordinate (16.05419721,-0.3012733243) has been dropped because of a coor
dinate filter. (see also unbounded coords=jump). 
NOTE: coordinate (16.05824802,-0.2920491183) has been dropped because of a coor
dinate filter. (see also unbounded coords=jump). 
NOTE: coordinate (16.06229884,-0.2826170054) has been dropped because of a coor
dinate filter. (see also unbounded coords=jump). 
NOTE: coordinate (16.06634966,-0.2730548001) has been dropped because of a coor
dinate filter. (see also unbounded coords=jump). 
NOTE: coordinate (16.07040048,-0.2634266026) has been dropped because of a coor
dinate filter. (see also unbounded coords=jump). 
NOTE: coordinate (16.0744513,-0.25378062) has been dropped because of a coordin
ate filter. (see also unbounded coords=jump). 
NOTE: coordinate (16.07850211,-0.2441474616) has been dropped because of a coor
dinate filter. (see also unbounded coords=jump). 
NOTE: coordinate (16.08255293,-0.2345389801) has been dropped because of a coor
dinate filter. (see also unbounded coords=jump). 
NOTE: coordinate (16.08660375,-0.2249477143) has been dropped because of a coor
dinate filter. (see also unbounded coords=jump). 
NOTE: coordinate (16.09065457,-0.2153469716) has been dropped because of a coor
dinate filter. (see also unbounded coords=jump). 
NOTE: coordinate (16.09470538,-0.2056915678) has been dropped because of a coor
dinate filter. (see also unbounded coords=jump). 
NOTE: coordinate (16.0987562,-0.1959192191) has been dropped because of a coord
inate filter. (see also unbounded coords=jump). 
NOTE: coordinate (16.10280702,-0.1859525584) has been dropped because of a coor
dinate filter. (see also unbounded coords=jump). 
NOTE: coordinate (16.10685784,-0.1757017278) has been dropped because of a coor
dinate filter. (see also unbounded coords=jump). 
NOTE: coordinate (16.11090866,-0.1650674748) has been dropped because of a coor
dinate filter. (see also unbounded coords=jump). 
NOTE: coordinate (16.11495947,-0.1539446627) has been dropped because of a coor
dinate filter. (see also unbounded coords=jump). 
NOTE: coordinate (16.11901029,-0.142226088) has been dropped because of a coord
inate filter. (see also unbounded coords=jump). 
NOTE: coordinate (16.12306111,-0.129806484) has been dropped because of a coord
inate filter. (see also unbounded coords=jump). 
NOTE: coordinate (16.12711193,-0.1165865813) has been dropped because of a coor
dinate filter. (see also unbounded coords=jump). 
NOTE: coordinate (16.13116275,-0.102477089) has been dropped because of a coord
inate filter. (see also unbounded coords=jump). 
NOTE: coordinate (16.13521356,-0.08740246242) has been dropped because of a coo
rdinate filter. (see also unbounded coords=jump). 
NOTE: coordinate (16.13926438,-0.07130432615) has been dropped because of a coo
rdinate filter. (see also unbounded coords=jump). 
NOTE: coordinate (16.1433152,-0.05414442955) has been dropped because of a coor
dinate filter. (see also unbounded coords=jump). 
NOTE: coordinate (16.14736602,-0.03590702803) has been dropped because of a coo
rdinate filter. (see also unbounded coords=jump). 
NOTE: coordinate (16.15141684,-0.01660059903) has been dropped because of a coo
rdinate filter. (see also unbounded coords=jump). 
NOTE: coordinate (16.15546765,0.003741176132) has been dropped because of a coo
rdinate filter. (see also unbounded coords=jump). 
NOTE: coordinate (16.15951847,0.02505920913) has been dropped because of a coor
dinate filter. (see also unbounded coords=jump). 
NOTE: coordinate (16.16356929,0.04726959907) has been dropped because of a coor
dinate filter. (see also unbounded coords=jump). 
NOTE: coordinate (16.16762011,0.07026501578) has been dropped because of a coor
dinate filter. (see also unbounded coords=jump). 
NOTE: coordinate (16.17167092,0.09391683614) has been dropped because of a coor
dinate filter. (see also unbounded coords=jump). 
NOTE: coordinate (16.17572174,0.1180779713) has been dropped because of a coord
inate filter. (see also unbounded coords=jump). 
NOTE: coordinate (16.17977256,0.1425862978) has been dropped because of a coord
inate filter. (see also unbounded coords=jump). 
NOTE: coordinate (16.18382338,0.1672685852) has been dropped because of a coord
inate filter. (see also unbounded coords=jump). 
NOTE: coordinate (16.1878742,0.191944792) has been dropped because of a coordin
ate filter. (see also unbounded coords=jump). 
NOTE: coordinate (16.19192501,0.2164325922) has been dropped because of a coord
inate filter. (see also unbounded coords=jump). 
NOTE: coordinate (16.19597583,0.2405519812) has been dropped because of a coord
inate filter. (see also unbounded coords=jump). 
NOTE: coordinate (16.20002665,0.2641298115) has been dropped because of a coord
inate filter. (see also unbounded coords=jump). 
NOTE: coordinate (16.20407747,0.2870041043) has been dropped because of a coord
inate filter. (see also unbounded coords=jump). 
NOTE: coordinate (16.20812829,0.3090279968) has been dropped because of a coord
inate filter. (see also unbounded coords=jump). 
NOTE: coordinate (16.2121791,0.3300731929) has been dropped because of a coordi
nate filter. (see also unbounded coords=jump). 
NOTE: coordinate (16.21622992,0.3500328042) has been dropped because of a coord
inate filter. (see also unbounded coords=jump). 
NOTE: coordinate (16.22028074,0.3688234888) has been dropped because of a coord
inate filter. (see also unbounded coords=jump). 
NOTE: coordinate (16.22433156,0.3863868208) has been dropped because of a coord
inate filter. (see also unbounded coords=jump). 
NOTE: coordinate (16.22838238,0.4026898507) has been dropped because of a coord
inate filter. (see also unbounded coords=jump). 
NOTE: coordinate (16.23243319,0.4177248434) has been dropped because of a coord
inate filter. (see also unbounded coords=jump). 
NOTE: coordinate (16.23648401,0.4315082144) has been dropped because of a coord
inate filter. (see also unbounded coords=jump). 
NOTE: coordinate (16.24053483,0.4440787067) has been dropped because of a coord
inate filter. (see also unbounded coords=jump). 
NOTE: coordinate (16.24458565,0.455494885) has been dropped because of a coordi
nate filter. (see also unbounded coords=jump). 
NOTE: coordinate (16.24863646,0.4658320409) has been dropped because of a coord
inate filter. (see also unbounded coords=jump). 
NOTE: coordinate (16.25268728,0.4751786289) has been dropped because of a coord
inate filter. (see also unbounded coords=jump). 
NOTE: coordinate (16.2567381,0.4836323655) has been dropped because of a coordi
nate filter. (see also unbounded coords=jump). 
NOTE: coordinate (16.26078892,0.4912961362) has been dropped because of a coord
inate filter. (see also unbounded coords=jump). 
NOTE: coordinate (16.26483974,0.4982738618) has been dropped because of a coord
inate filter. (see also unbounded coords=jump). 
NOTE: coordinate (16.26889055,0.5046664725) has been dropped because of a coord
inate filter. (see also unbounded coords=jump). 
NOTE: coordinate (16.27294137,0.5105681373) has been dropped because of a coord
inate filter. (see also unbounded coords=jump). 
NOTE: coordinate (16.27699219,0.5160628804) has been dropped because of a coord
inate filter. (see also unbounded coords=jump). 
NOTE: coordinate (16.28104301,0.5212217052) has been dropped because of a coord
inate filter. (see also unbounded coords=jump). 
NOTE: coordinate (16.28509383,0.5261003224) has been dropped because of a coord
inate filter. (see also unbounded coords=jump). 
NOTE: coordinate (16.28914464,0.5307375569) has been dropped because of a coord
inate filter. (see also unbounded coords=jump). 
NOTE: coordinate (16.29319546,0.5351544822) has been dropped because of a coord
inate filter. (see also unbounded coords=jump). 
NOTE: coordinate (16.29724628,0.5393543006) has been dropped because of a coord
inate filter. (see also unbounded coords=jump). 
NOTE: coordinate (16.3012971,0.5433229618) has been dropped because of a coordi
nate filter. (see also unbounded coords=jump). 
NOTE: coordinate (16.30534792,0.5470304814) has been dropped because of a coord
inate filter. (see also unbounded coords=jump). 
NOTE: coordinate (16.30939873,0.5504328963) has been dropped because of a coord
inate filter. (see also unbounded coords=jump). 
NOTE: coordinate (16.31344955,0.5534747701) has been dropped because of a coord
inate filter. (see also unbounded coords=jump). 
NOTE: coordinate (16.31750037,0.5560921383) has been dropped because of a coord
inate filter. (see also unbounded coords=jump). 
NOTE: coordinate (16.32155119,0.558215772) has been dropped because of a coordi
nate filter. (see also unbounded coords=jump). 
NOTE: coordinate (16.325602,0.5597746223) has been dropped because of a coordin
ate filter. (see also unbounded coords=jump). 
NOTE: coordinate (16.32965282,0.5606993058) has been dropped because of a coord
inate filter. (see also unbounded coords=jump). 
NOTE: coordinate (16.33370364,0.5609254893) has been dropped because of a coord
inate filter. (see also unbounded coords=jump). 
NOTE: coordinate (16.33775446,0.5603970369) has been dropped because of a coord
inate filter. (see also unbounded coords=jump). 
NOTE: coordinate (16.34180528,0.5590687956) has been dropped because of a coord
inate filter. (see also unbounded coords=jump). 
NOTE: coordinate (16.34585609,0.5569089066) has been dropped because of a coord
inate filter. (see also unbounded coords=jump). 
NOTE: coordinate (16.34990691,0.5539005544) has been dropped because of a coord
inate filter. (see also unbounded coords=jump). 
NOTE: coordinate (16.35395773,0.550043084) has been dropped because of a coordi
nate filter. (see also unbounded coords=jump). 
NOTE: coordinate (16.35800855,0.5453524465) has been dropped because of a coord
inate filter. (see also unbounded coords=jump). 
NOTE: coordinate (16.36205937,0.5398609568) has been dropped because of a coord
inate filter. (see also unbounded coords=jump). 
NOTE: coordinate (16.36611018,0.533616378) has been dropped because of a coordi
nate filter. (see also unbounded coords=jump). 
NOTE: coordinate (16.370161,0.5266803721) has been dropped because of a coordin
ate filter. (see also unbounded coords=jump). 
NOTE: coordinate (16.37421182,0.5191263817) has been dropped because of a coord
inate filter. (see also unbounded coords=jump). 
NOTE: coordinate (16.37826264,0.5110370328) has been dropped because of a coord
inate filter. (see also unbounded coords=jump). 
NOTE: coordinate (16.38231346,0.5025011633) has been dropped because of a coord
inate filter. (see also unbounded coords=jump). 
NOTE: coordinate (16.38636427,0.493610601) has been dropped because of a coordi
nate filter. (see also unbounded coords=jump). 
NOTE: coordinate (16.39041509,0.4844568212) has been dropped because of a coord
inate filter. (see also unbounded coords=jump). 
NOTE: coordinate (16.39446591,0.4751276201) has been dropped because of a coord
inate filter. (see also unbounded coords=jump). 
NOTE: coordinate (16.39851673,0.4657039401) has been dropped because of a coord
inate filter. (see also unbounded coords=jump). 
NOTE: coordinate (16.40256754,0.4562569734) has been dropped because of a coord
inate filter. (see also unbounded coords=jump). 
NOTE: coordinate (16.40661836,0.4468456629) has been dropped because of a coord
inate filter. (see also unbounded coords=jump). 
NOTE: coordinate (16.41066918,0.4375147) has been dropped because of a coordina
te filter. (see also unbounded coords=jump). 
NOTE: coordinate (16.41472,0.4282931008) has been dropped because of a coordina
te filter. (see also unbounded coords=jump). 
NOTE: coordinate (16.41877082,0.4191934176) has been dropped because of a coord
inate filter. (see also unbounded coords=jump). 
NOTE: coordinate (16.42282163,0.4102116176) has been dropped because of a coord
inate filter. (see also unbounded coords=jump). 
NOTE: coordinate (16.42687245,0.4013276335) has been dropped because of a coord
inate filter. (see also unbounded coords=jump). 
NOTE: coordinate (16.43092327,0.3925065647) has been dropped because of a coord
inate filter. (see also unbounded coords=jump). 
NOTE: coordinate (16.43497409,0.3837004789) has been dropped because of a coord
inate filter. (see also unbounded coords=jump). 
NOTE: coordinate (16.43902491,0.3748507455) has been dropped because of a coord
inate filter. (see also unbounded coords=jump). 
NOTE: coordinate (16.44307572,0.3658908025) has been dropped because of a coord
inate filter. (see also unbounded coords=jump). 
NOTE: coordinate (16.44712654,0.3567492515) has been dropped because of a coord
inate filter. (see also unbounded coords=jump). 
NOTE: coordinate (16.45117736,0.3473531515) has been dropped because of a coord
inate filter. (see also unbounded coords=jump). 
NOTE: coordinate (16.45522818,0.3376313844) has been dropped because of a coord
inate filter. (see also unbounded coords=jump). 
NOTE: coordinate (16.459279,0.3275179545) has been dropped because of a coordin
ate filter. (see also unbounded coords=jump). 
NOTE: coordinate (16.46332981,0.3169550909) has been dropped because of a coord
inate filter. (see also unbounded coords=jump). 
NOTE: coordinate (16.46738063,0.3058960293) has been dropped because of a coord
inate filter. (see also unbounded coords=jump). 
NOTE: coordinate (16.47143145,0.2943073605) has been dropped because of a coord
inate filter. (see also unbounded coords=jump). 
NOTE: coordinate (16.47548227,0.2821708526) has been dropped because of a coord
inate filter. (see also unbounded coords=jump). 
NOTE: coordinate (16.47953308,0.2694846723) has been dropped because of a coord
inate filter. (see also unbounded coords=jump). 
NOTE: coordinate (16.4835839,0.2562639566) has been dropped because of a coordi
nate filter. (see also unbounded coords=jump). 
NOTE: coordinate (16.48763472,0.2425407099) has been dropped because of a coord
inate filter. (see also unbounded coords=jump). 
NOTE: coordinate (16.49168554,0.2283630297) has been dropped because of a coord
inate filter. (see also unbounded coords=jump). 
NOTE: coordinate (16.49573636,0.213793689) has been dropped because of a coordi
nate filter. (see also unbounded coords=jump). 
NOTE: coordinate (16.49978717,0.1989081295) has been dropped because of a coord
inate filter. (see also unbounded coords=jump). 
NOTE: coordinate (16.50383799,0.1837919423) has been dropped because of a coord
inate filter. (see also unbounded coords=jump). 
NOTE: coordinate (16.50788881,0.1685379322) has been dropped because of a coord
inate filter. (see also unbounded coords=jump). 
NOTE: coordinate (16.51193963,0.1532428788) has been dropped because of a coord
inate filter. (see also unbounded coords=jump). 
NOTE: coordinate (16.51599045,0.1380041169) has been dropped because of a coord
inate filter. (see also unbounded coords=jump). 
NOTE: coordinate (16.52004126,0.1229160675) has been dropped because of a coord
inate filter. (see also unbounded coords=jump). 
NOTE: coordinate (16.52409208,0.108066851) has been dropped because of a coordi
nate filter. (see also unbounded coords=jump). 
NOTE: coordinate (16.5281429,0.09353510939) has been dropped because of a coord
inate filter. (see also unbounded coords=jump). 
NOTE: coordinate (16.53219372,0.07938715779) has been dropped because of a coor
dinate filter. (see also unbounded coords=jump). 
NOTE: coordinate (16.53624454,0.06567457006) has been dropped because of a coor
dinate filter. (see also unbounded coords=jump). 
NOTE: coordinate (16.54029535,0.05243228764) has been dropped because of a coor
dinate filter. (see also unbounded coords=jump). 
NOTE: coordinate (16.54434617,0.03967731902) has been dropped because of a coor
dinate filter. (see also unbounded coords=jump). 
NOTE: coordinate (16.54839699,0.02740807504) has been dropped because of a coor
dinate filter. (see also unbounded coords=jump). 
NOTE: coordinate (16.55244781,0.01560436015) has been dropped because of a coor
dinate filter. (see also unbounded coords=jump). 
NOTE: coordinate (16.55649862,0.004228015595) has been dropped because of a coo
rdinate filter. (see also unbounded coords=jump). 
NOTE: coordinate (16.56054944,-0.0067758146) has been dropped because of a coor
dinate filter. (see also unbounded coords=jump). 
NOTE: coordinate (16.56460026,-0.01747684617) has been dropped because of a coo
rdinate filter. (see also unbounded coords=jump). 
NOTE: coordinate (16.56865108,-0.02795731777) has been dropped because of a coo
rdinate filter. (see also unbounded coords=jump). 
NOTE: coordinate (16.5727019,-0.03830924374) has been dropped because of a coor
dinate filter. (see also unbounded coords=jump). 
NOTE: coordinate (16.57675271,-0.04863135901) has been dropped because of a coo
rdinate filter. (see also unbounded coords=jump). 
NOTE: coordinate (16.58080353,-0.05902586741) has been dropped because of a coo
rdinate filter. (see also unbounded coords=jump). 
NOTE: coordinate (16.58485435,-0.06959510902) has been dropped because of a coo
rdinate filter. (see also unbounded coords=jump). 
NOTE: coordinate (16.58890517,-0.08043826189) has been dropped because of a coo
rdinate filter. (see also unbounded coords=jump). 
NOTE: coordinate (16.59295599,-0.09164818824) has been dropped because of a coo
rdinate filter. (see also unbounded coords=jump). 
NOTE: coordinate (16.5970068,-0.1033085259) has been dropped because of a coord
inate filter. (see also unbounded coords=jump). 
NOTE: coordinate (16.60105762,-0.1154911131) has been dropped because of a coor
dinate filter. (see also unbounded coords=jump). 
NOTE: coordinate (16.60510844,-0.1282538169) has been dropped because of a coor
dinate filter. (see also unbounded coords=jump). 
NOTE: coordinate (16.60915926,-0.141638819) has been dropped because of a coord
inate filter. (see also unbounded coords=jump). 
NOTE: coordinate (16.61321008,-0.1556713907) has been dropped because of a coor
dinate filter. (see also unbounded coords=jump). 
NOTE: coordinate (16.61726089,-0.1703591674) has been dropped because of a coor
dinate filter. (see also unbounded coords=jump). 
NOTE: coordinate (16.62131171,-0.1856919153) has been dropped because of a coor
dinate filter. (see also unbounded coords=jump). 
NOTE: coordinate (16.62536253,-0.20164176) has been dropped because of a coordi
nate filter. (see also unbounded coords=jump). 
NOTE: coordinate (16.62941335,-0.2181638321) has been dropped because of a coor
dinate filter. (see also unbounded coords=jump). 
NOTE: coordinate (16.63346416,-0.2351972701) has been dropped because of a coor
dinate filter. (see also unbounded coords=jump). 
NOTE: coordinate (16.63751498,-0.2526665083) has been dropped because of a coor
dinate filter. (see also unbounded coords=jump). 
NOTE: coordinate (16.6415658,-0.2704827737) has been dropped because of a coord
inate filter. (see also unbounded coords=jump). 
NOTE: coordinate (16.64561662,-0.2885457098) has been dropped because of a coor
dinate filter. (see also unbounded coords=jump). 
NOTE: coordinate (16.64966744,-0.3067450481) has been dropped because of a coor
dinate filter. (see also unbounded coords=jump). 
NOTE: coordinate (16.65371825,-0.3249622546) has been dropped because of a coor
dinate filter. (see also unbounded coords=jump). 
NOTE: coordinate (16.65776907,-0.3430720855) has been dropped because of a coor
dinate filter. (see also unbounded coords=jump). 
NOTE: coordinate (16.66181989,-0.3609440016) has been dropped because of a coor
dinate filter. (see also unbounded coords=jump). 
NOTE: coordinate (16.66587071,-0.3784434029) has been dropped because of a coor
dinate filter. (see also unbounded coords=jump). 
NOTE: coordinate (16.66992153,-0.3954326647) has been dropped because of a coor
dinate filter. (see also unbounded coords=jump). 
NOTE: coordinate (16.67397234,-0.4117719715) has been dropped because of a coor
dinate filter. (see also unbounded coords=jump). 
NOTE: coordinate (16.67802316,-0.4273199656) has been dropped because of a coor
dinate filter. (see also unbounded coords=jump). 
NOTE: coordinate (16.68207398,-0.4419342402) has been dropped because of a coor
dinate filter. (see also unbounded coords=jump). 
NOTE: coordinate (16.6861248,-0.4554717256) has been dropped because of a coord
inate filter. (see also unbounded coords=jump). 
NOTE: coordinate (16.69017562,-0.4677890243) has been dropped because of a coor
dinate filter. (see also unbounded coords=jump). 
NOTE: coordinate (16.69422643,-0.4787427646) has been dropped because of a coor
dinate filter. (see also unbounded coords=jump). 
NOTE: coordinate (16.69827725,-0.488190041) has been dropped because of a coord
inate filter. (see also unbounded coords=jump). 
NOTE: coordinate (16.70232807,-0.4959890141) has been dropped because of a coor
dinate filter. (see also unbounded coords=jump). 
NOTE: coordinate (16.70637889,-0.5019997358) has been dropped because of a coor
dinate filter. (see also unbounded coords=jump). 
NOTE: coordinate (16.7104297,-0.5060852563) has been dropped because of a coord
inate filter. (see also unbounded coords=jump). 
NOTE: coordinate (16.71448052,-0.5081130577) has been dropped because of a coor
dinate filter. (see also unbounded coords=jump). 
NOTE: coordinate (16.71853134,-0.5079568399) has been dropped because of a coor
dinate filter. (see also unbounded coords=jump). 
NOTE: coordinate (16.72258216,-0.5054986647) has been dropped because of a coor
dinate filter. (see also unbounded coords=jump). 
NOTE: coordinate (16.72663298,-0.5006314436) has been dropped because of a coor
dinate filter. (see also unbounded coords=jump). 
NOTE: coordinate (16.73068379,-0.4932617281) has been dropped because of a coor
dinate filter. (see also unbounded coords=jump). 
NOTE: coordinate (16.73473461,-0.4833127401) has been dropped because of a coor
dinate filter. (see also unbounded coords=jump). 
NOTE: coordinate (16.73878543,-0.4707275567) has been dropped because of a coor
dinate filter. (see also unbounded coords=jump). 
NOTE: coordinate (16.74283625,-0.4554723436) has been dropped because of a coor
dinate filter. (see also unbounded coords=jump). 
NOTE: coordinate (16.74688707,-0.4375395143) has been dropped because of a coor
dinate filter. (see also unbounded coords=jump). 
NOTE: coordinate (16.75093788,-0.4169506804) has been dropped because of a coor
dinate filter. (see also unbounded coords=jump). 
NOTE: coordinate (16.7549887,-0.3937592502) has been dropped because of a coord
inate filter. (see also unbounded coords=jump). 
NOTE: coordinate (16.75903952,-0.3680525336) has been dropped because of a coor
dinate filter. (see also unbounded coords=jump). 
NOTE: coordinate (16.76309034,-0.3399532131) has been dropped because of a coor
dinate filter. (see also unbounded coords=jump). 
NOTE: coordinate (16.76714116,-0.3096200558) has been dropped because of a coor
dinate filter. (see also unbounded coords=jump). 
NOTE: coordinate (16.77119197,-0.2772477569) has been dropped because of a coor
dinate filter. (see also unbounded coords=jump). 
NOTE: coordinate (16.77524279,-0.2430658301) has been dropped because of a coor
dinate filter. (see also unbounded coords=jump). 
NOTE: coordinate (16.77929361,-0.2073364897) has been dropped because of a coor
dinate filter. (see also unbounded coords=jump). 
NOTE: coordinate (16.78334443,-0.1703515027) has been dropped because of a coor
dinate filter. (see also unbounded coords=jump). 
NOTE: coordinate (16.78739524,-0.1324280269) has been dropped because of a coor
dinate filter. (see also unbounded coords=jump). 
NOTE: coordinate (16.79144606,-0.09390348777) has been dropped because of a coo
rdinate filter. (see also unbounded coords=jump). 
NOTE: coordinate (16.79549688,-0.05512959016) has been dropped because of a coo
rdinate filter. (see also unbounded coords=jump). 
NOTE: coordinate (16.7995477,-0.01646559475) has been dropped because of a coor
dinate filter. (see also unbounded coords=jump). 
NOTE: coordinate (16.80359852,0.02172897251) has been dropped because of a coor
dinate filter. (see also unbounded coords=jump). 
NOTE: coordinate (16.80764933,0.05910197975) has been dropped because of a coor
dinate filter. (see also unbounded coords=jump). 
NOTE: coordinate (16.81170015,0.09531649367) has been dropped because of a coor
dinate filter. (see also unbounded coords=jump). 
NOTE: coordinate (16.81575097,0.1300584873) has been dropped because of a coord
inate filter. (see also unbounded coords=jump). 
NOTE: coordinate (16.81980179,0.163044199) has been dropped because of a coordi
nate filter. (see also unbounded coords=jump). 
NOTE: coordinate (16.82385261,0.1940268893) has been dropped because of a coord
inate filter. (see also unbounded coords=jump). 
NOTE: coordinate (16.82790342,0.2228027515) has been dropped because of a coord
inate filter. (see also unbounded coords=jump). 
NOTE: coordinate (16.83195424,0.2492157471) has been dropped because of a coord
inate filter. (see also unbounded coords=jump). 
NOTE: coordinate (16.83600506,0.2731611682) has been dropped because of a coord
inate filter. (see also unbounded coords=jump). 
NOTE: coordinate (16.84005588,0.2945877596) has been dropped because of a coord
inate filter. (see also unbounded coords=jump). 
NOTE: coordinate (16.8441067,0.3134982811) has been dropped because of a coordi
nate filter. (see also unbounded coords=jump). 
NOTE: coordinate (16.84815751,0.3299484369) has been dropped because of a coord
inate filter. (see also unbounded coords=jump). 
NOTE: coordinate (16.85220833,0.3440441548) has been dropped because of a coord
inate filter. (see also unbounded coords=jump). 
NOTE: coordinate (16.85625915,0.3559372547) has been dropped because of a coord
inate filter. (see also unbounded coords=jump). 
NOTE: coordinate (16.86030997,0.3658196033) has been dropped because of a coord
inate filter. (see also unbounded coords=jump). 
NOTE: coordinate (16.86436078,0.3739159097) has been dropped because of a coord
inate filter. (see also unbounded coords=jump). 
NOTE: coordinate (16.8684116,0.3804753682) has been dropped because of a coordi
nate filter. (see also unbounded coords=jump). 
NOTE: coordinate (16.87246242,0.3857624041) has been dropped because of a coord
inate filter. (see also unbounded coords=jump). 
NOTE: coordinate (16.87651324,0.3900468179) has been dropped because of a coord
inate filter. (see also unbounded coords=jump). 
NOTE: coordinate (16.88056406,0.3935936523) has been dropped because of a coord
inate filter. (see also unbounded coords=jump). 
NOTE: coordinate (16.88461487,0.3966531308) has been dropped because of a coord
inate filter. (see also unbounded coords=jump). 
NOTE: coordinate (16.88866569,0.3994510203) has been dropped because of a coord
inate filter. (see also unbounded coords=jump). 
NOTE: coordinate (16.89271651,0.4021797706) has been dropped because of a coord
inate filter. (see also unbounded coords=jump). 
NOTE: coordinate (16.89676733,0.4049907634) has been dropped because of a coord
inate filter. (see also unbounded coords=jump). 
NOTE: coordinate (16.90081815,0.4079879763) has been dropped because of a coord
inate filter. (see also unbounded coords=jump). 
NOTE: coordinate (16.90486896,0.4112233244) has been dropped because of a coord
inate filter. (see also unbounded coords=jump). 
NOTE: coordinate (16.90891978,0.4146938928) has been dropped because of a coord
inate filter. (see also unbounded coords=jump). 
NOTE: coordinate (16.9129706,0.4183412085) has been dropped because of a coordi
nate filter. (see also unbounded coords=jump). 
NOTE: coordinate (16.91702142,0.4220526363) has been dropped because of a coord
inate filter. (see also unbounded coords=jump). 
NOTE: coordinate (16.92107224,0.4256649057) has been dropped because of a coord
inate filter. (see also unbounded coords=jump). 
NOTE: coordinate (16.92512305,0.4289697044) has been dropped because of a coord
inate filter. (see also unbounded coords=jump). 
NOTE: coordinate (16.92917387,0.4317211951) has been dropped because of a coord
inate filter. (see also unbounded coords=jump). 
NOTE: coordinate (16.93322469,0.4336452428) has been dropped because of a coord
inate filter. (see also unbounded coords=jump). 
NOTE: coordinate (16.93727551,0.4344500699) has been dropped because of a coord
inate filter. (see also unbounded coords=jump). 
NOTE: coordinate (16.94132632,0.4338380012) has been dropped because of a coord
inate filter. (see also unbounded coords=jump). 
NOTE: coordinate (16.94537714,0.4315179097) has been dropped because of a coord
inate filter. (see also unbounded coords=jump). 
NOTE: coordinate (16.94942796,0.427217941) has been dropped because of a coordi
nate filter. (see also unbounded coords=jump). 
NOTE: coordinate (16.95347878,0.4206980704) has been dropped because of a coord
inate filter. (see also unbounded coords=jump). 
NOTE: coordinate (16.9575296,0.4117620409) has been dropped because of a coordi
nate filter. (see also unbounded coords=jump). 
NOTE: coordinate (16.96158041,0.4002682421) has been dropped because of a coord
inate filter. (see also unbounded coords=jump). 
NOTE: coordinate (16.96563123,0.3861391099) has been dropped because of a coord
inate filter. (see also unbounded coords=jump). 
NOTE: coordinate (16.96968205,0.3693686726) has been dropped because of a coord
inate filter. (see also unbounded coords=jump). 
NOTE: coordinate (16.97373287,0.3500279205) has been dropped because of a coord
inate filter. (see also unbounded coords=jump). 
NOTE: coordinate (16.97778369,0.3282677432) has been dropped because of a coord
inate filter. (see also unbounded coords=jump). 
NOTE: coordinate (16.9818345,0.3043192579) has been dropped because of a coordi
nate filter. (see also unbounded coords=jump). 
NOTE: coordinate (16.98588532,0.278491435) has been dropped because of a coordi
nate filter. (see also unbounded coords=jump). 
NOTE: coordinate (16.98993614,0.2511660201) has been dropped because of a coord
inate filter. (see also unbounded coords=jump). 
NOTE: coordinate (16.99398696,0.2227898428) has been dropped because of a coord
inate filter. (see also unbounded coords=jump). 
NOTE: coordinate (16.99803778,0.1938646917) has been dropped because of a coord
inate filter. (see also unbounded coords=jump). 
NOTE: coordinate (17.00208859,0.1649350276) has been dropped because of a coord
inate filter. (see also unbounded coords=jump). 
NOTE: coordinate (17.00613941,0.136573878) has been dropped because of a coordi
nate filter. (see also unbounded coords=jump). 
NOTE: coordinate (17.01019023,0.1093673323) has been dropped because of a coord
inate filter. (see also unbounded coords=jump). 
NOTE: coordinate (17.01424105,0.08389810717) has been dropped because of a coor
dinate filter. (see also unbounded coords=jump). 
NOTE: coordinate (17.01829186,0.06072869504) has been dropped because of a coor
dinate filter. (see also unbounded coords=jump). 
NOTE: coordinate (17.02234268,0.04038463114) has been dropped because of a coor
dinate filter. (see also unbounded coords=jump). 
NOTE: coordinate (17.0263935,0.02333842011) has been dropped because of a coord
inate filter. (see also unbounded coords=jump). 
NOTE: coordinate (17.03044432,0.00999465122) has been dropped because of a coor
dinate filter. (see also unbounded coords=jump). 
NOTE: coordinate (17.03449514,0.0006767994721) has been dropped because of a co
ordinate filter. (see also unbounded coords=jump). 
NOTE: coordinate (17.03854595,-0.004383837439) has been dropped because of a co
ordinate filter. (see also unbounded coords=jump). 
NOTE: coordinate (17.04259677,-0.0050566811) has been dropped because of a coor
dinate filter. (see also unbounded coords=jump). 
NOTE: coordinate (17.04664759,-0.001317585551) has been dropped because of a co
ordinate filter. (see also unbounded coords=jump). 
NOTE: coordinate (17.05069841,0.006748496694) has been dropped because of a coo
rdinate filter. (see also unbounded coords=jump). 
NOTE: coordinate (17.05474923,0.01894801666) has been dropped because of a coor
dinate filter. (see also unbounded coords=jump). 
NOTE: coordinate (17.05880004,0.03498251728) has been dropped because of a coor
dinate filter. (see also unbounded coords=jump). 
NOTE: coordinate (17.06285086,0.05445542246) has been dropped because of a coor
dinate filter. (see also unbounded coords=jump). 
NOTE: coordinate (17.06690168,0.07688173902) has been dropped because of a coor
dinate filter. (see also unbounded coords=jump). 
NOTE: coordinate (17.0709525,0.1017003876) has been dropped because of a coordi
nate filter. (see also unbounded coords=jump). 
NOTE: coordinate (17.07500332,0.1282887911) has been dropped because of a coord
inate filter. (see also unbounded coords=jump). 
NOTE: coordinate (17.07905413,0.1559792738) has been dropped because of a coord
inate filter. (see also unbounded coords=jump). 
NOTE: coordinate (17.08310495,0.1840767648) has been dropped because of a coord
inate filter. (see also unbounded coords=jump). 
NOTE: coordinate (17.08715577,0.2118772537) has been dropped because of a coord
inate filter. (see also unbounded coords=jump). 
NOTE: coordinate (17.09120659,0.2386864253) has been dropped because of a coord
inate filter. (see also unbounded coords=jump). 
NOTE: coordinate (17.0952574,0.2638378899) has been dropped because of a coordi
nate filter. (see also unbounded coords=jump). 
NOTE: coordinate (17.09930822,0.2867104439) has been dropped because of a coord
inate filter. (see also unbounded coords=jump). 
NOTE: coordinate (17.10335904,0.3067438279) has been dropped because of a coord
inate filter. (see also unbounded coords=jump). 
NOTE: coordinate (17.10740986,0.3234525) has been dropped because of a coordina
te filter. (see also unbounded coords=jump). 
NOTE: coordinate (17.11146068,0.336437012) has been dropped because of a coordi
nate filter. (see also unbounded coords=jump). 
NOTE: coordinate (17.11551149,0.3453926578) has been dropped because of a coord
inate filter. (see also unbounded coords=jump). 
NOTE: coordinate (17.11956231,0.350115156) has been dropped because of a coordi
nate filter. (see also unbounded coords=jump). 
NOTE: coordinate (17.12361313,0.3505032311) has been dropped because of a coord
inate filter. (see also unbounded coords=jump). 
NOTE: coordinate (17.12766395,0.3465580629) has been dropped because of a coord
inate filter. (see also unbounded coords=jump). 
NOTE: coordinate (17.13171477,0.3383796785) has been dropped because of a coord
inate filter. (see also unbounded coords=jump). 
NOTE: coordinate (17.13576558,0.3261604671) has been dropped because of a coord
inate filter. (see also unbounded coords=jump). 
NOTE: coordinate (17.1398164,0.3101760904) has been dropped because of a coordi
nate filter. (see also unbounded coords=jump). 
NOTE: coordinate (17.14386722,0.2907741497) has been dropped because of a coord
inate filter. (see also unbounded coords=jump). 
NOTE: coordinate (17.14791804,0.2683610428) has been dropped because of a coord
inate filter. (see also unbounded coords=jump). 
NOTE: coordinate (17.15196886,0.2433874979) has been dropped because of a coord
inate filter. (see also unbounded coords=jump). 
NOTE: coordinate (17.15601967,0.2163333156) has been dropped because of a coord
inate filter. (see also unbounded coords=jump). 
NOTE: coordinate (17.16007049,0.1876918632) has been dropped because of a coord
inate filter. (see also unbounded coords=jump). 
NOTE: coordinate (17.16412131,0.15795487) has been dropped because of a coordin
ate filter. (see also unbounded coords=jump). 
NOTE: coordinate (17.16817213,0.1275980504) has been dropped because of a coord
inate filter. (see also unbounded coords=jump). 
NOTE: coordinate (17.17222294,0.09706804131) has been dropped because of a coor
dinate filter. (see also unbounded coords=jump). 
NOTE: coordinate (17.17627376,0.06677108591) has been dropped because of a coor
dinate filter. (see also unbounded coords=jump). 
NOTE: coordinate (17.18032458,0.03706382173) has been dropped because of a coor
dinate filter. (see also unbounded coords=jump). 
NOTE: coordinate (17.1843754,0.008246448132) has been dropped because of a coor
dinate filter. (see also unbounded coords=jump). 
NOTE: coordinate (17.18842622,-0.01944154728) has been dropped because of a coo
rdinate filter. (see also unbounded coords=jump). 
NOTE: coordinate (17.19247703,-0.04582302306) has been dropped because of a coo
rdinate filter. (see also unbounded coords=jump). 
NOTE: coordinate (17.19652785,-0.07078220132) has been dropped because of a coo
rdinate filter. (see also unbounded coords=jump). 
NOTE: coordinate (17.20057867,-0.09426119133) has been dropped because of a coo
rdinate filter. (see also unbounded coords=jump). 
NOTE: coordinate (17.20462949,-0.1162542373) has been dropped because of a coor
dinate filter. (see also unbounded coords=jump). 
NOTE: coordinate (17.20868031,-0.1367999954) has been dropped because of a coor
dinate filter. (see also unbounded coords=jump). 
NOTE: coordinate (17.21273112,-0.1559722182) has been dropped because of a coor
dinate filter. (see also unbounded coords=jump). 
NOTE: coordinate (17.21678194,-0.1738692861) has been dropped because of a coor
dinate filter. (see also unbounded coords=jump). 
NOTE: coordinate (17.22083276,-0.1906030637) has been dropped because of a coor
dinate filter. (see also unbounded coords=jump). 
NOTE: coordinate (17.22488358,-0.2062875872) has been dropped because of a coor
dinate filter. (see also unbounded coords=jump). 
NOTE: coordinate (17.2289344,-0.221028088) has been dropped because of a coordi
nate filter. (see also unbounded coords=jump). 
NOTE: coordinate (17.23298521,-0.2349108439) has been dropped because of a coor
dinate filter. (see also unbounded coords=jump). 
NOTE: coordinate (17.23703603,-0.2479943147) has been dropped because of a coor
dinate filter. (see also unbounded coords=jump). 
NOTE: coordinate (17.24108685,-0.2603019619) has been dropped because of a coor
dinate filter. (see also unbounded coords=jump). 
NOTE: coordinate (17.24513767,-0.2718170886) has been dropped because of a coor
dinate filter. (see also unbounded coords=jump). 
NOTE: coordinate (17.24918848,-0.2824799469) has been dropped because of a coor
dinate filter. (see also unbounded coords=jump). 
NOTE: coordinate (17.2532393,-0.2921872732) has been dropped because of a coord
inate filter. (see also unbounded coords=jump). 
NOTE: coordinate (17.25729012,-0.300794308) has been dropped because of a coord
inate filter. (see also unbounded coords=jump). 
NOTE: coordinate (17.26134094,-0.3081192567) has been dropped because of a coor
dinate filter. (see also unbounded coords=jump). 
NOTE: coordinate (17.26539176,-0.3139500458) has been dropped because of a coor
dinate filter. (see also unbounded coords=jump). 
NOTE: coordinate (17.26944257,-0.3180531333) has been dropped because of a coor
dinate filter. (see also unbounded coords=jump). 
NOTE: coordinate (17.27349339,-0.3201840413) has been dropped because of a coor
dinate filter. (see also unbounded coords=jump). 
NOTE: coordinate (17.27754421,-0.3200992079) has been dropped because of a coor
dinate filter. (see also unbounded coords=jump). 
NOTE: coordinate (17.28159503,-0.3175686885) has been dropped because of a coor
dinate filter. (see also unbounded coords=jump). 
NOTE: coordinate (17.28564585,-0.3123891977) has been dropped because of a coor
dinate filter. (see also unbounded coords=jump). 
NOTE: coordinate (17.28969666,-0.3043969572) has been dropped because of a coor
dinate filter. (see also unbounded coords=jump). 
NOTE: coordinate (17.29374748,-0.293479809) has been dropped because of a coord
inate filter. (see also unbounded coords=jump). 
NOTE: coordinate (17.2977983,-0.2795880736) has been dropped because of a coord
inate filter. (see also unbounded coords=jump). 
NOTE: coordinate (17.30184912,-0.2627436658) has been dropped because of a coor
dinate filter. (see also unbounded coords=jump). 
NOTE: coordinate (17.30589994,-0.2430470398) has been dropped because of a coor
dinate filter. (see also unbounded coords=jump). 
NOTE: coordinate (17.30995075,-0.2206816056) has been dropped because of a coor
dinate filter. (see also unbounded coords=jump). 
NOTE: coordinate (17.31400157,-0.1959153477) has been dropped because of a coor
dinate filter. (see also unbounded coords=jump). 
NOTE: coordinate (17.31805239,-0.1690994766) has been dropped because of a coor
dinate filter. (see also unbounded coords=jump). 
NOTE: coordinate (17.32210321,-0.1406640478) has been dropped because of a coor
dinate filter. (see also unbounded coords=jump). 
NOTE: coordinate (17.32615402,-0.111110597) has been dropped because of a coord
inate filter. (see also unbounded coords=jump). 
NOTE: coordinate (17.33020484,-0.08100194985) has been dropped because of a coo
rdinate filter. (see also unbounded coords=jump). 
NOTE: coordinate (17.33425566,-0.05094946973) has been dropped because of a coo
rdinate filter. (see also unbounded coords=jump). 
NOTE: coordinate (17.33830648,-0.02159810889) has been dropped because of a coo
rdinate filter. (see also unbounded coords=jump). 
NOTE: coordinate (17.3423573,0.006390287898) has been dropped because of a coor
dinate filter. (see also unbounded coords=jump). 
NOTE: coordinate (17.34640811,0.03235490415) has been dropped because of a coor
dinate filter. (see also unbounded coords=jump). 
NOTE: coordinate (17.35045893,0.05565452091) has been dropped because of a coor
dinate filter. (see also unbounded coords=jump). 
NOTE: coordinate (17.35450975,0.07568612399) has been dropped because of a coor
dinate filter. (see also unbounded coords=jump). 
NOTE: coordinate (17.35856057,0.09190292611) has been dropped because of a coor
dinate filter. (see also unbounded coords=jump). 
NOTE: coordinate (17.36261139,0.1038311902) has been dropped because of a coord
inate filter. (see also unbounded coords=jump). 
NOTE: coordinate (17.3666622,0.1110852711) has been dropped because of a coordi
nate filter. (see also unbounded coords=jump). 
NOTE: coordinate (17.37071302,0.1133803455) has been dropped because of a coord
inate filter. (see also unbounded coords=jump). 
NOTE: coordinate (17.37476384,0.1105423705) has been dropped because of a coord
inate filter. (see also unbounded coords=jump). 
NOTE: coordinate (17.37881466,0.1025149) has been dropped because of a coordina
te filter. (see also unbounded coords=jump). 
NOTE: coordinate (17.38286548,0.08936248993) has been dropped because of a coor
dinate filter. (see also unbounded coords=jump). 
NOTE: coordinate (17.38691629,0.07127053537) has been dropped because of a coor
dinate filter. (see also unbounded coords=jump). 
NOTE: coordinate (17.39096711,0.04854150174) has been dropped because of a coor
dinate filter. (see also unbounded coords=jump). 
NOTE: coordinate (17.39501793,0.02158763225) has been dropped because of a coor
dinate filter. (see also unbounded coords=jump). 
NOTE: coordinate (17.39906875,-0.0090796664) has been dropped because of a coor
dinate filter. (see also unbounded coords=jump). 
NOTE: coordinate (17.40311956,-0.04286344629) has been dropped because of a coo
rdinate filter. (see also unbounded coords=jump). 
NOTE: coordinate (17.40717038,-0.07909743195) has been dropped because of a coo
rdinate filter. (see also unbounded coords=jump). 
NOTE: coordinate (17.4112212,-0.1170643206) has been dropped because of a coord
inate filter. (see also unbounded coords=jump). 
NOTE: coordinate (17.41527202,-0.1560155925) has been dropped because of a coor
dinate filter. (see also unbounded coords=jump). 
NOTE: coordinate (17.41932284,-0.1951922031) has been dropped because of a coor
dinate filter. (see also unbounded coords=jump). 
NOTE: coordinate (17.42337365,-0.233845498) has been dropped because of a coord
inate filter. (see also unbounded coords=jump). 
NOTE: coordinate (17.42742447,-0.2712576836) has been dropped because of a coor
dinate filter. (see also unbounded coords=jump). 
NOTE: coordinate (17.43147529,-0.3067612022) has been dropped because of a coor
dinate filter. (see also unbounded coords=jump). 
NOTE: coordinate (17.43552611,-0.3397563946) has been dropped because of a coor
dinate filter. (see also unbounded coords=jump). 
NOTE: coordinate (17.43957693,-0.3697268953) has been dropped because of a coor
dinate filter. (see also unbounded coords=jump). 
NOTE: coordinate (17.44362774,-0.3962522789) has been dropped because of a coor
dinate filter. (see also unbounded coords=jump). 
NOTE: coordinate (17.44767856,-0.4190175711) has been dropped because of a coor
dinate filter. (see also unbounded coords=jump). 
NOTE: coordinate (17.45172938,-0.4378193449) has been dropped because of a coor
dinate filter. (see also unbounded coords=jump). 
NOTE: coordinate (17.4557802,-0.4525682361) has been dropped because of a coord
inate filter. (see also unbounded coords=jump). 
NOTE: coordinate (17.45983102,-0.4632878344) has been dropped because of a coor
dinate filter. (see also unbounded coords=jump). 
NOTE: coordinate (17.46388183,-0.4701100283) has been dropped because of a coor
dinate filter. (see also unbounded coords=jump). 
NOTE: coordinate (17.46793265,-0.473266999) has been dropped because of a coord
inate filter. (see also unbounded coords=jump). 
NOTE: coordinate (17.47198347,-0.4730801708) has been dropped because of a coor
dinate filter. (see also unbounded coords=jump). 
NOTE: coordinate (17.47603429,-0.4699465255) has been dropped because of a coor
dinate filter. (see also unbounded coords=jump). 
NOTE: coordinate (17.4800851,-0.4643227722) has been dropped because of a coord
inate filter. (see also unbounded coords=jump). 
NOTE: coordinate (17.48413592,-0.4567079336) has been dropped because of a coor
dinate filter. (see also unbounded coords=jump). 
NOTE: coordinate (17.48818674,-0.4476249547) has been dropped because of a coor
dinate filter. (see also unbounded coords=jump). 
NOTE: coordinate (17.49223756,-0.4376019703) has been dropped because of a coor
dinate filter. (see also unbounded coords=jump). 
NOTE: coordinate (17.49628838,-0.4271538682) has been dropped because of a coor
dinate filter. (see also unbounded coords=jump). 
NOTE: coordinate (17.50033919,-0.4167647701) has been dropped because of a coor
dinate filter. (see also unbounded coords=jump). 
NOTE: coordinate (17.50439001,-0.4068720114) has been dropped because of a coor
dinate filter. (see also unbounded coords=jump). 

LaTeX Warning: Reference `fig:wp0' on page 12 undefined on input line 748.


LaTeX Warning: Reference `thm:explicit-quadratic' on page 12 undefined on input
 line 755.


LaTeX Warning: Reference `thm:boundary' on page 12 undefined on input line 760.


[12] [13]

Package hyperref Warning: Token not allowed in a PDF string (Unicode):
(hyperref)                removing `math shift' on input line 762.


Package hyperref Warning: Token not allowed in a PDF string (Unicode):
(hyperref)                removing `\Omega' on input line 762.


Package hyperref Warning: Token not allowed in a PDF string (Unicode):
(hyperref)                removing `math shift' on input line 762.


LaTeX Warning: Reference `sec:t2p1' on page 14 undefined on input line 778.


LaTeX Warning: Reference `eq:mellin' on page 14 undefined on input line 789.


LaTeX Warning: Reference `thm:structure' on page 14 undefined on input line 796
.


LaTeX Warning: Citation `MontgomeryVaughan2007' on page 14 undefined on input l
ine 801.

[14]
! Undefined control sequence.
l.807 ...i(\sigma)\qquad(\sigma>-\tfrac34,\ t\in\R
                                                  ).
Output written on main.xdv (14 pages, 300228 bytes).
