u w Y P_over_sqrtY rms16 mean16
1 1.0000000 200000.00 0.052521 0.050838 -0.006007
3 3.0000000 66666.667 -0.071406 0.088463 -0.076949
7 4.6666667 28571.429 0.009122 0.062823 0.039062
13 2.8888889 15384.615 -0.063748 0.080433 -0.074852
19 2.5333333 10526.316 0.086338 0.178936 0.159501
21 14.000000 9523.8095 0.106090 0.093889 0.089352
31 2.2962963 6451.6129 0.042711 0.047798 0.032542
37 2.2424242 5405.4054 -0.012286 0.059711 0.037953
39 8.6666667 5128.2051 -0.059261 0.072527 -0.059377
43 2.2051282 4651.1628 0.100095 0.065696 0.033817
57 7.6000000 3508.7719 -0.039560 0.061146 -0.034983
61 2.1403509 3278.6885 -0.013680 0.067413 -0.025484
67 2.1269841 2985.0746 0.085343 0.069877 -0.017787
73 2.1159420 2739.7260 0.076596 0.134184 0.126738
79 2.1066667 2531.6456 -0.000709 0.078783 -0.030341
91 13.481481 2197.8022 -0.057792 0.041150 -0.030473
93 6.8888889 2150.5376 0.084912 0.075905 0.065373
97 2.0860215 2061.8557 0.193530 0.164542 0.160205
103 2.0808081 1941.7476 0.071088 0.052884 0.005785
109 2.0761905 1834.8624 -0.051235 0.043648 -0.001626
111 6.7272727 1801.8018 0.285271 0.291016 0.282351
127 2.0650407 1574.8031 -0.131919 0.233416 -0.222979
129 6.6153846 1550.3876 -0.058390 0.103081 -0.079854
133 11.822222 1503.7594 -0.028867 0.079703 -0.075626
139 2.0592593 1438.8489 0.089179 0.091748 -0.048498
151 2.0544218 1324.5033 0.135337 0.120812 0.114608
157 2.0522876 1273.8854 0.106264 0.100500 0.059945
163 2.0503145 1226.9939 -0.029495 0.058113 -0.038208
181 2.0451977 1104.9724 0.039529 0.055525 0.044870
183 6.4210526 1092.8962 -0.096635 0.243102 -0.224614
193 2.0423280 1036.2694 -0.284531 0.305238 -0.291469
199 2.0410256 1005.0251 -0.141932 0.127332 -0.124884
201 6.3809524 995.02488 -0.087445 0.082930 -0.006065
211 2.0386473 947.86730 -0.040997 0.058948 -0.049090
217 10.716049 921.65899 0.053475 0.046370 0.043561
219 6.3478261 913.24201 -0.005608 0.051831 -0.014137
223 2.0365297 896.86099 0.265268 0.156250 0.144745
229 2.0355556 873.36245 0.058190 0.062643 0.028883
237 6.3200000 843.88186 0.104412 0.107083 0.091747
241 2.0337553 829.87552 -0.119100 0.081201 -0.073490
247 7.3185185 809.71660 -0.059511 0.097401 -0.094737
259 10.464646 772.20077 0.011260 0.020893 0.007897
271 2.0299625 738.00738 0.002974 0.040021 0.024123
273 40.444444 732.60073 -0.037094 0.029307 -0.024833
277 2.0293040 722.02166 0.109472 0.091589 0.085012
283 2.0286738 706.71378 0.171536 0.100149 0.056015
291 6.2580645 687.28522 0.322418 0.262468 0.249572
301 10.290598 664.45183 0.074075 0.088580 0.080940
307 2.0264026 651.46580 0.198574 0.250133 0.245676
309 6.2424242 647.24919 -0.156074 0.177005 -0.173170
313 2.0258900 638.97764 0.099308 0.128497 -0.061491
327 6.2285714 611.62080 0.211098 0.193424 0.184197
331 2.0244648 604.22961 0.044125 0.128184 0.107288
337 2.0240240 593.47181 0.037937 0.077944 0.056910
349 2.0231884 573.06590 -0.002962 0.145446 0.100043
367 2.0220386 544.95913 -0.064716 0.164894 -0.158201
373 2.0216802 536.19303 -0.240380 0.180645 -0.173427
379 2.0213333 527.70449 -0.134302 0.095702 -0.011526
381 6.1951220 524.93438 0.065223 0.066976 0.034250
397 2.0203562 503.77834 -0.185140 0.260997 -0.252545
399 35.466667 501.25313 0.083008 0.044138 0.019080
403 6.6337449 496.27792 0.084115 0.079481 0.068992
409 2.0197531 488.99756 -0.237060 0.234631 -0.222499
417 6.1777778 479.61631 -0.035449 0.100187 -0.089528
421 2.0191847 475.05938 -0.000579 0.129630 -0.117030
427 9.9883041 468.38407 0.013891 0.125397 0.113671
433 2.0186480 461.89376 0.136684 0.137243 0.129827
439 2.0183908 455.58087 -0.249996 0.188234 -0.178457
453 6.1632653 441.50110 0.041697 0.095265 0.087225
457 2.0176600 437.63676 -0.036059 0.070908 -0.046138
463 2.0174292 431.96544 0.035097 0.044662 -0.009259
469 9.9259259 426.43923 0.075385 0.087485 0.084115
471 6.1568627 424.62845 0.038276 0.070047 0.000557
481 6.4781145 415.80042 -0.059603 0.064347 -0.046727
487 2.0165631 410.67762 -0.146023 0.124353 -0.118090
489 6.1509434 408.99796 0.064271 0.038075 0.003756
499 2.0161616 400.80160 0.118171 0.199653 0.195265
511 9.8743961 391.38943 -0.169729 0.140853 -0.136995
523 2.0154143 382.40918 -0.002495 0.058608 0.037857
541 2.0148976 369.68577 -0.043017 0.063186 -0.007615
543 6.1355932 368.32413 0.059103 0.078496 0.055668
547 2.0147330 365.63071 0.251959 0.272582 0.269978
553 9.8311111 361.66365 -0.096077 0.120950 -0.120091
559 6.3703704 357.78175 -0.133042 0.091197 -0.077709
571 2.0141093 350.26270 -0.078943 0.098608 -0.086157
577 2.0139616 346.62045 -0.260547 0.206303 -0.203112
579 6.1269841 345.42314 -0.070690 0.142088 -0.115018
589 5.8172840 339.55857 0.041830 0.029137 0.014666
597 6.1230769 335.00838 0.036665 0.140051 -0.112683
601 2.0134003 332.77870 0.074964 0.093879 -0.052355
607 2.0132670 329.48929 -0.040877 0.066311 0.033922
613 2.0131363 326.26427 0.152890 0.178540 0.164499
619 2.0130081 323.10178 0.124989 0.062568 -0.006475
631 2.0127592 316.95721 0.021904 0.064598 0.052040
633 6.1159420 315.95577 -0.286679 0.225194 -0.209313
643 2.0125196 311.04199 -0.034220 0.184206 -0.161823
651 32.148148 307.21966 -0.006264 0.053129 -0.046866
661 2.0121766 302.57186 0.187314 0.181411 0.166026
669 6.1095890 298.95366 -0.167383 0.207579 -0.205364
673 2.0119581 297.17682 0.023002 0.125961 0.087675
679 9.7347670 294.55081 0.242002 0.240200 0.239194
687 6.1066667 291.12082 -0.272828 0.254176 -0.248986
691 2.0116448 289.43560 0.243658 0.168533 0.151467
703 5.6808081 284.49502 -0.139734 0.145123 -0.143203
709 2.0113475 282.08745 0.019117 0.111617 0.063303
721 9.7104377 277.39251 0.099343 0.057712 0.046314
723 6.1012658 276.62517 0.009797 0.081700 0.067571
727 2.0110650 275.10316 -0.070553 0.160769 -0.145504
733 2.0109739 272.85130 0.008699 0.081325 0.030754
739 2.0108844 270.63599 -0.058178 0.052810 0.012676
741 21.955556 269.90553 -0.126094 0.099462 -0.092963
751 2.0107095 266.31158 0.189769 0.141941 0.129386
757 2.0106242 264.20079 -0.042773 0.041440 -0.035713
763 9.6888889 262.12320 -0.041582 0.068968 -0.061583
769 2.0104575 260.07802 -0.102784 0.139995 -0.131985
777 31.393939 257.40026 0.028303 0.041915 0.013750
787 2.0102171 254.12961 -0.061280 0.176463 -0.163648
793 6.1832359 252.20681 0.091369 0.094985 0.085800
811 2.0099133 246.60912 -0.207183 0.152476 -0.141555
813 6.0898876 246.00246 -0.087726 0.095174 -0.060891
817 5.5863248 244.79804 0.138328 0.125182 0.116122
823 2.0097680 243.01337 -0.037699 0.056803 0.033211
829 2.0096970 241.25452 0.179314 0.141377 0.129983
831 6.0879121 240.67389 -0.265913 0.354267 -0.340979
849 6.0860215 235.57126 -0.158096 0.164054 -0.150969
853 2.0094229 234.46659 0.045719 0.110057 0.094661
859 2.0093567 232.82887 0.095587 0.157530 0.147916
871 6.1446208 229.62113 -0.021586 0.059156 -0.048621
877 2.0091638 228.05017 0.059932 0.069717 -0.006154
883 2.0091013 226.50057 -0.019358 0.066041 -0.022081
889 9.6368564 224.97188 -0.043308 0.060767 -0.054888
903 30.871795 221.48394 -0.150669 0.082128 -0.075602
907 2.0088594 220.50717 -0.260850 0.223811 -0.218921
919 2.0087432 217.62786 0.171465 0.188526 0.183425
921 6.0792079 217.15527 -0.108771 0.125070 -0.113041
937 2.0085745 213.44717 0.174655 0.150676 0.144661
939 6.0776699 212.99255 0.177100 0.105238 0.087637
949 6.1127214 210.74816 -0.061411 0.062653 -0.049024
967 2.0083074 206.82523 0.238579 0.119818 0.096334
973 9.6098765 205.54985 0.035122 0.028800 0.003730
991 2.0081054 201.81635 -0.108803 0.118650 -0.103419
993 6.0733945 201.40987 0.068173 0.107960 -0.025768
997 2.0080564 200.60181 0.158083 0.118999 0.109975
1009 2.0079602 198.21606 0.260623 0.235368 0.231790
1011 6.0720721 197.82394 0.192288 0.099316 0.036679
1021 2.0078663 195.88639 0.085755 0.048578 0.008409
1027 6.0859259 194.74197 0.001506 0.068303 0.032573
1033 2.0077745 193.61084 -0.223972 0.196345 -0.185767
1039 2.0077295 192.49278 -0.488480 0.424916 -0.422378
1047 6.0695652 191.02197 0.087958 0.056931 0.023335
1051 2.0076409 190.29496 0.151821 0.125283 -0.070577
1057 9.5873016 189.21476 -0.083287 0.100276 -0.091904
1063 2.0075543 188.14675 -0.079630 0.095148 0.038959
1069 2.0075117 187.09074 0.181004 0.120649 0.111455
1087 2.0073869 183.99264 -0.090520 0.157573 -0.128888
1093 2.0073462 182.98262 -0.092967 0.075501 -0.062612
1099 9.5773420 181.98362 0.074769 0.079994 0.072060
1101 6.0661157 181.65304 -0.063877 0.095406 -0.092572
1117 2.0071878 179.05103 -0.106009 0.137291 -0.116412
1119 6.0650407 178.73101 -0.227737 0.291275 -0.286692
1123 2.0071492 178.09439 -0.049395 0.069382 0.003440
1129 2.0071111 177.14792 0.004442 0.082333 -0.065481
1137 6.0640000 175.90150 -0.066344 0.141042 -0.129506
1141 9.5681342 175.28484 0.027917 0.063503 0.055178
1147 5.1492705 174.36792 -0.216931 0.196716 -0.193710
1153 2.0069626 173.46054 0.080823 0.096359 0.020678
1159 5.4222222 172.56255 -0.091224 0.091915 -0.072908
1171 2.0068552 170.79419 0.274790 0.373886 0.363315
1191 6.0610687 167.92611 -0.182501 0.164067 -0.133643
1201 2.0066834 166.52789 0.033378 0.082065 0.066150
1209 19.901235 165.42597 0.264408 0.193129 0.186041
1213 2.0066170 164.88046 -0.028751 0.112537 -0.102760
1227 6.0592593 162.99919 -0.020702 0.033374 0.002506
1231 2.0065200 162.46954 0.233345 0.207915 0.204048
1237 2.0064882 161.68149 0.020587 0.079083 -0.059916
1249 2.0064257 160.12810 -0.101808 0.194640 -0.189542
1261 6.0262843 158.60428 0.026617 0.090224 0.000948
1263 6.0575540 158.35313 0.155671 0.153060 0.141547
1267 9.5442561 157.85320 -0.042851 0.036449 -0.031105
1273 5.3883598 157.10919 -0.131933 0.140042 -0.133384
1279 2.0062745 156.37217 -0.107407 0.159056 -0.152300
1281 29.964912 156.12802 -0.074000 0.086454 0.051327
1291 2.0062160 154.91867 0.096630 0.061932 -0.011130
1297 2.0061872 154.20200 0.157485 0.212303 0.199730
1299 6.0559441 153.96459 0.150737 0.121487 0.063186
1303 2.0061586 153.49194 0.053195 0.061287 0.053052
1317 6.0551724 151.86029 0.140544 0.148535 0.144130
1321 2.0060744 151.40045 -0.102191 0.100996 -0.095102
1327 2.0060469 150.71590 -0.141372 0.131532 -0.106180
1333 5.0636277 150.03751 -0.065437 0.174254 -0.157080
1339 6.0112233 149.36520 0.100678 0.177294 0.169177
1351 9.5308642 148.03849 -0.170985 0.105268 -0.085284
1371 6.0529801 145.87892 0.002399 0.101281 -0.081101
1381 2.0058097 144.82259 0.020263 0.120934 -0.075761
1387 5.3603865 144.19611 0.048593 0.068442 -0.009896
1389 6.0522876 143.98848 0.124892 0.077793 0.043006
1393 9.5247863 143.57502 -0.153635 0.086704 -0.071888
1399 2.0057348 142.95926 -0.170089 0.181009 -0.166479
1407 29.777778 142.14641 -0.089605 0.074239 -0.071762
1417 5.9978836 141.14326 -0.092435 0.052764 0.009294
1423 2.0056378 140.54814 0.065255 0.071195 -0.045678
1429 2.0056140 139.95801 0.043450 0.111574 -0.091584
1443 19.434343 138.60014 0.036899 0.025882 0.013843
1447 2.0055440 138.21700 0.095959 0.077956 0.069813
1453 2.0055210 137.64625 0.130604 0.121297 0.118516
1459 2.0054983 137.08019 0.088946 0.129212 0.126450
1461 6.0496894 136.89254 -0.036388 0.171756 -0.140373
1471 2.0054533 135.96193 -0.133868 0.178046 -0.176726
1477 9.5136876 135.40961 0.056744 0.075612 0.073371
1483 2.0054091 134.86177 0.006374 0.081927 -0.063895
1489 2.0053872 134.31833 0.160738 0.183167 0.182421
1497 6.0484848 133.60053 0.054466 0.043539 0.006855
1501 5.3368889 133.24450 -0.087072 0.113355 -0.109252
1531 2.0052390 130.63357 0.005233 0.085395 -0.055116
1533 29.623188 130.46314 -0.034058 0.038094 -0.021777
1543 2.0051982 129.61763 -0.099744 0.056211 -0.006582
1549 2.0051780 129.11556 -0.005726 0.049071 -0.014942
1561 9.5038052 128.12300 -0.052767 0.052038 -0.041528
1567 2.0051184 127.63242 -0.175911 0.171129 -0.166599
1569 6.0462428 127.46973 0.004125 0.054406 -0.033873
1579 2.0050794 126.66244 -0.080049 0.143145 -0.127734
1591 4.9448329 125.70710 -0.096652 0.106726 -0.080069
1597 2.0050220 125.23482 0.073274 0.057757 0.055465
1603 9.4992593 124.76606 -0.025278 0.044031 -0.036067
1609 2.0049844 124.30081 -0.039378 0.050105 -0.044942
1621 2.0049474 123.38063 -0.234465 0.249792 -0.240526
1623 6.0446927 123.22859 0.054121 0.121560 0.117467
1627 2.0049291 122.92563 -0.173417 0.184601 -0.145345
1641 6.0441989 121.87690 -0.063405 0.063413 0.014216
1651 5.9656730 121.13870 0.142851 0.097858 0.094712
1657 2.0048397 120.70006 -0.150904 0.164520 0.026205
1659 29.493333 120.55455 -0.043322 0.059801 -0.041469
1663 2.0048222 120.26458 -0.145791 0.169335 -0.155068
1669 2.0048048 119.83223 0.184117 0.244614 0.235396
1677 19.111111 119.26058 0.106112 0.115934 0.112215
1687 9.4908579 118.55365 -0.067979 0.086239 -0.080436
1693 2.0047365 118.13349 0.023722 0.120660 0.101358
1699 2.0047198 117.71630 -0.287552 0.314324 -0.311619
1713 6.0423280 116.75423 -0.050012 0.108732 -0.099361
1723 2.0046539 116.07661 0.139722 0.170122 0.164622
1729 34.153086 115.67380 -0.026901 0.022422 -0.019239
1731 6.0418848 115.54015 -0.228195 0.250397 -0.244304
1741 2.0046056 114.87651 0.231573 0.288865 0.282620
1747 2.0045898 114.48197 0.230357 0.271187 0.269243
1753 2.0045740 114.09013 0.596165 0.551726 0.550421
1759 2.0045584 113.70097 0.100903 0.052150 0.022330
1767 17.451852 113.18619 -0.042312 0.050082 -0.035635
1777 2.0045121 112.54924 -0.056176 0.128422 -0.121758
1783 2.0044969 112.17050 0.154876 0.176084 -0.057996
1789 2.0044818 111.79430 -0.183514 0.118938 -0.092375
1801 2.0044519 111.04942 0.247524 0.293393 0.288468
1803 6.0402010 110.92623 -0.003325 0.029102 0.009108
1807 5.9489712 110.68069 -0.030272 0.030334 -0.023314
1821 6.0398010 109.82976 0.139219 0.205294 0.198784
1831 2.0043788 109.22993 -0.115594 0.108456 -0.030327
1839 6.0394089 108.75476 0.337291 0.335891 0.334247
1843 5.2845878 108.51872 0.015523 0.027841 -0.007981
1857 6.0390244 107.70059 0.184935 0.122382 0.062090
1861 2.0043080 107.46910 0.156944 0.108540 0.078592
1867 2.0042941 107.12373 -0.053195 0.052728 -0.014157
1873 2.0042804 106.78057 -0.040084 0.191891 -0.170084
1879 2.0042667 106.43960 -0.200593 0.215727 -0.208619
1891 4.9148798 105.76415 -0.090257 0.090370 -0.085403
1893 6.0382775 105.65240 -0.032130 0.054445 -0.003500
1897 9.4731586 105.42963 0.003197 0.020128 0.001282
1929 6.0375587 103.68066 0.039619 0.080472 0.050831
1933 2.0041472 103.46611 0.137437 0.082783 0.078012
1939 9.4700855 103.14595 0.107769 0.084956 0.080046
1951 2.0041089 102.51153 -0.078744 0.104736 -0.100430
1957 5.2713805 102.19724 -0.098023 0.097104 -0.089113
1963 5.9349962 101.88487 -0.007543 0.047575 -0.027052
1981 9.4671446 100.95911 -0.142147 0.105996 -0.095144
1983 6.0365297 100.85729 0.292278 0.292199 0.289796
1987 2.0040343 100.65425 0.081045 0.063236 0.050296
1993 2.0040221 100.35123 0.046168 0.071474 0.058146
1999 2.0040100 100.05003 -0.230788 0.161772 -0.149534
2011 2.0039860 99.453008 0.216011 0.132684 0.117795
2017 2.0039742 99.157164 -0.103655 0.069110 -0.019802
2019 6.0358744 99.058940 -0.033086 0.095121 -0.081821
2029 2.0039506 98.570724 -0.281294 0.197840 -0.175981
2037 29.204301 98.183603 -0.182823 0.115562 -0.107970
2041 5.9288308 97.991181 -0.048520 0.180147 -0.162492
2053 2.0039043 97.418412 -0.028250 0.174434 0.153902
2071 5.2596825 96.571704 0.042599 0.097532 0.090329
2073 6.0349345 96.478534 0.278184 0.212723 0.206159
2077 4.8841858 96.292730 -0.176711 0.226973 -0.216592
2083 2.0038480 96.015362 0.104894 0.096402 0.044964
2089 2.0038369 95.739588 -0.231387 0.188559 -0.182792
2109 17.042424 94.831674 0.114152 0.087206 0.083152
2113 2.0037933 94.652153 -0.105790 0.089416 -0.075769
2119 5.9231307 94.384143 0.080744 0.078842 0.071845
2127 6.0340426 94.029149 0.188602 0.174003 0.167725
2131 2.0037612 93.852651 -0.016387 0.162541 -0.140186
2137 2.0037506 93.589144 -0.024528 0.087950 -0.072456
2143 2.0037401 93.327112 -0.024497 0.113065 -0.103145
2149 9.4565457 93.066543 -0.038654 0.037407 -0.027007
2161 2.0037089 92.549745 -0.012520 0.043858 0.005758
2163 29.131313 92.464170 -0.070159 0.065144 -0.062952
2179 2.0036782 91.785223 -0.050694 0.163380 -0.150696
2181 6.0331950 91.701055 0.002023 0.072315 0.056586
2191 9.4541532 91.282519 0.027576 0.075307 0.070170
2199 6.0329218 90.950432 0.033270 0.081571 0.062417
2203 2.0036380 90.785293 -0.077253 0.174892 0.148986
2217 6.0326531 90.211998 -0.125899 0.071579 -0.044153
2221 2.0036085 90.049527 -0.137201 0.160338 -0.150185
2239 2.0035794 89.325592 -0.185718 0.070003 -0.044969
2251 2.0035603 88.849400 -0.230800 0.097734 -0.008347
2253 6.0321285 88.770528 -0.000848 0.068467 0.054650
2257 4.7995747 88.613203 -0.021150 0.109612 0.088102
2263 4.8588298 88.378259 -0.133027 0.103574 -0.085571
2269 2.0035320 88.144557 -0.108608 0.053229 -0.025261
2271 6.0318725 88.066931 -0.081466 0.077956 -0.065543
2281 2.0035134 87.680842 -0.244188 0.217887 -0.215315
2287 2.0035042 87.450809 0.202666 0.318341 0.310115
2289 29.066667 87.374399 0.010199 0.054735 0.038398
2293 2.0034950 87.221980 -0.054784 0.078988 0.051345
2307 6.0313725 86.692674 -0.093321 0.083917 -0.063496
2311 2.0034677 86.542622 0.049086 0.065696 0.042435
2317 9.4475025 86.318515 0.044391 0.056638 0.021410
2341 2.0034232 85.433575 -0.015294 0.103329 -0.088556
2347 2.0034144 85.215168 0.302871 0.283001 0.276681
2353 5.9083490 84.997875 -0.048752 0.073911 -0.031264
2359 9.4454454 84.781687 0.184543 0.128762 0.105920
2361 6.0306513 84.709869 0.125612 0.134051 -0.025380
2371 2.0033798 84.352594 -0.002549 0.036897 -0.012455
2377 2.0033713 84.139672 0.006301 0.079541 0.053308
2379 18.549708 84.068937 0.101754 0.113459 0.110537
2383 2.0033628 83.927822 -0.106972 0.147500 -0.138450
2389 2.0033543 83.717036 -0.061616 0.093261 -0.079125
2413 5.2314363 82.884376 0.028887 0.045474 -0.010299
2433 6.0297398 82.203042 -0.099776 0.091455 0.047565
2437 2.0032881 82.068117 0.168271 0.180326 0.177386
2443 9.4415459 81.866558 -0.125076 0.112551 -0.111110
2449 4.8375309 81.665986 -0.038471 0.059078 0.034723
2451 16.758974 81.599347 0.013023 0.040398 0.034431
2467 2.0032481 81.070126 -0.003660 0.107873 0.084106
2469 6.0293040 81.004455 -0.027733 0.066862 0.043206
2473 2.0032402 80.873433 -0.138970 0.171414 -0.169421
2479 4.7696008 80.677693 -0.121169 0.134747 -0.124491
2487 6.0290909 80.418175 0.040308 0.086621 0.065654
2503 2.0032013 79.904115 0.033961 0.093033 -0.056775
2509 5.9000588 79.713033 0.088677 0.143648 0.139224
2521 2.0031784 79.333598 0.198885 0.111121 0.058067
2539 2.0031558 78.771170 0.082423 0.075491 0.028120
2551 2.0031410 78.400627 -0.049518 0.059910 -0.029621
2557 2.0031336 78.216660 -0.177910 0.152090 -0.149574
2559 6.0282686 78.155530 0.074659 0.065442 0.051672
2569 9.4361800 77.851304 0.011550 0.052492 0.037918
2577 6.0280702 77.609624 0.037201 0.032704 -0.008425
2587 5.8962963 77.309625 -0.026647 0.084798 -0.077887
2593 2.0030900 77.130737 -0.157069 0.121019 -0.067970
2611 9.4345077 76.599004 0.061118 0.083992 0.077122
2613 18.433862 76.540375 -0.023665 0.075237 0.063011
2617 2.0030616 76.423386 0.123163 0.074807 0.066289
2623 4.7197481 76.248570 0.051278 0.063668 0.029317
2631 6.0274914 76.016724 -0.046284 0.062112 -0.052396
2641 5.2167901 75.728891 0.184897 0.120711 -0.017651
2647 2.0030269 75.557235 0.338639 0.275486 0.241484
2649 6.0273038 75.500189 0.029210 0.072646 0.044984
2653 9.4328889 75.386355 0.034233 0.026019 0.019712
2659 2.0030132 75.216247 -0.094008 0.159038 -0.155337
2667 28.910569 74.990626 -0.107185 0.109371 -0.108467
2671 2.0029996 74.878323 -0.107400 0.133930 -0.107336
2677 2.0029929 74.710497 -0.101734 0.231248 -0.221191
2683 2.0029862 74.543422 0.128475 0.077931 0.055142
2689 2.0029795 74.377092 -0.168415 0.226630 -0.220012
2701 4.7448397 74.046649 0.331356 0.275312 0.272766
2707 2.0029597 73.882527 0.271678 0.165128 0.143612
2713 2.0029531 73.719130 -0.104772 0.156455 -0.136045
2719 2.0029466 73.556455 0.195032 0.283605 0.280587
2721 6.0265781 73.502389 -0.060179 0.048876 -0.031671
2731 2.0029336 73.233248 -0.295948 0.196963 -0.190828
2743 5.8894257 72.912869 0.106500 0.062109 0.040015
2749 2.0029144 72.753729 -0.207954 0.159921 -0.091609
2757 6.0262295 72.542619 0.016146 0.113616 0.107359
2767 2.0028954 72.280448 0.080655 0.136323 0.129397
2779 9.4283291 71.968334 0.015920 0.049189 0.026289
2791 2.0028705 71.658904 0.030937 0.129757 0.122539
2797 2.0028643 71.505184 0.150392 0.184611 0.179429
2803 2.0028582 71.352123 -0.061342 0.065677 0.034317
2811 6.0257235 71.149057 -0.106183 0.089254 -0.067693
2821 30.957476 70.896845 -0.061076 0.060583 -0.049585
2833 2.0028279 70.596541 0.236746 0.340838 0.337320
2847 18.338164 70.249385 -0.130610 0.130663 -0.124259
2851 2.0028100 70.150824 0.316073 0.236283 0.208860
2857 2.0028041 70.003500 0.033436 0.089162 0.077034
2863 9.4255144 69.856794 0.053031 0.036932 0.022205
2869 5.2045351 69.710701 -0.111850 0.163934 -0.162305
2881 4.6902727 69.420340 0.009449 0.067466 -0.014731
2887 2.0027749 69.276065 -0.126960 0.228635 -0.221693
2899 5.8833080 68.989307 0.053942 0.046380 0.001673
2901 6.0249221 68.941744 -0.048594 0.041937 -0.008106
2917 2.0027463 68.563593 0.156091 0.102812 0.002767
2919 28.829630 68.516615 0.158460 0.122869 0.117487
2923 4.7240404 68.422853 0.033486 0.136605 0.122589
2947 9.4228617 67.865626 -0.001074 0.057818 -0.036536
2953 2.0027128 67.727735 0.067146 0.069794 0.030746
2971 2.0026963 67.317402 0.089740 0.122419 -0.045930
2973 6.0243161 67.272116 0.152482 0.087121 0.075826
2977 5.8804938 67.181727 -0.177225 0.159096 -0.147706
2983 5.1991285 67.046597 -0.068882 0.044942 -0.032518
2991 6.0241692 66.867268 -0.023564 0.112679 -0.096768
3001 2.0026693 66.644452 -0.188241 0.201300 -0.194742
3007 4.7901235 66.511473 -0.233947 0.151899 -0.137381
3019 2.0026534 66.247102 -0.148576 0.145662 -0.121431
3027 6.0238806 66.072019 -0.014281 0.102272 0.089651
3031 9.4203574 65.984823 -0.155375 0.076968 -0.065428
3037 2.0026377 65.854462 -0.023739 0.067722 -0.057312
3049 2.0026273 65.595277 0.082589 0.128396 0.118908
3061 2.0026169 65.338125 0.066349 0.116979 0.105274
3063 6.0235988 65.295462 0.329904 0.304927 0.301125
3067 2.0026118 65.210303 0.001291 0.025527 0.010171
3073 9.4191571 65.082981 -0.045390 0.047286 -0.036223
3079 2.0026016 64.956155 -0.097418 0.094385 -0.073771
3081 18.257778 64.913989 0.124549 0.129724 0.127387
3097 5.1941300 64.578624 -0.062811 0.059709 -0.032676
3099 6.0233236 64.536947 -0.229137 0.244325 -0.238884
3109 2.0025765 64.329366 -0.097988 0.201914 -0.195088
3117 6.0231884 64.164261 0.047499 0.059533 -0.001495
3121 2.0025666 64.082025 -0.002172 0.061434 -0.021542
3133 5.8752930 63.836578 0.070200 0.036784 0.002590
3139 4.6659234 63.714559 -0.025024 0.142533 -0.130868
3153 6.0229226 63.431652 0.205165 0.151027 0.143616
3163 2.0025324 63.231110 -0.006466 0.044487 -0.025166
3169 2.0025276 63.111392 0.203065 0.250474 0.245679
3171 28.761905 63.071586 -0.031371 0.153423 -0.143357
3181 2.0025181 62.873310 -0.143241 0.125411 -0.105006
3187 2.0025134 62.754942 -0.246872 0.237005 -0.231728
3189 6.0226629 62.715585 -0.028145 0.057477 -0.043118
3193 4.7781519 62.637018 0.001616 0.048896 0.014144
3199 9.4157469 62.519537 0.055734 0.052596 -0.000567
3207 6.0225352 62.363580 -0.143828 0.085187 -0.051129
3217 2.0024899 62.169723 0.018850 0.115314 -0.094183
3229 2.0024806 61.938681 0.103546 0.075579 0.047294
3241 9.4146696 61.709349 -0.194811 0.126700 -0.114544
3253 2.0024623 61.481709 0.168171 0.087057 0.067181
3259 2.0024578 61.368518 -0.060998 0.129244 -0.118189
3261 6.0221607 61.330880 -0.334929 0.288725 -0.286811
3271 2.0024487 61.143381 0.094971 0.053235 0.027109
3279 6.0220386 60.994206 0.067968 0.122770 0.103236
3297 28.732026 60.661207 0.019705 0.070866 0.055606
3301 2.0024264 60.587701 -0.092240 0.150465 -0.127581
3307 2.0024220 60.477774 -0.039706 0.040760 -0.012498
3313 2.0024176 60.368246 -0.099668 0.132395 -0.125122
3319 2.0024133 60.259114 0.109156 0.052136 0.002095
3331 2.0024046 60.042029 -0.068961 0.080659 -0.072421
3343 2.0023959 59.826503 -0.007576 0.119752 0.104490
3351 6.0215633 59.683677 0.158950 0.134376 0.126606
3361 2.0023831 59.506099 -0.006210 0.069847 -0.062147
3367 30.231201 59.400059 0.040849 0.029669 0.020430
3369 6.0214477 59.364797 -0.024671 0.094858 -0.066637
3373 2.0023746 59.294397 -0.187132 0.140950 -0.132727
3379 4.7675485 59.189109 -0.163441 0.152884 -0.150822
3387 6.0213333 59.049306 -0.011605 0.061098 -0.047267
3391 2.0023620 58.979652 0.000053 0.062135 0.033012
3397 4.6454701 58.875478 0.419394 0.390744 0.386172
3409 9.4106280 58.668231 0.010955 0.053645 -0.027399
3423 28.704403 58.428279 -0.012736 0.030855 -0.006547
3433 2.0023330 58.258083 -0.226655 0.300865 -0.288253
3439 5.1811676 58.156441 0.110370 0.093598 0.087262
3441 15.447811 58.122639 -0.289778 0.224824 -0.219977
3457 2.0023168 57.853630 -0.200061 0.168445 -0.164704
3459 6.0208877 57.820179 -0.062954 0.071749 -0.058861
3463 2.0023128 57.753393 0.033038 0.084413 -0.059525
3469 2.0023088 57.653502 0.274977 0.266855 0.255589
3477 16.266667 57.520851 0.054036 0.057392 0.049767
3493 9.4087542 57.257372 -0.031981 0.045076 -0.022882
3499 2.0022890 57.159188 0.070477 0.102318 0.093090
3511 2.0022812 56.963828 -0.081245 0.137733 -0.121976
3513 6.0205656 56.931398 0.345566 0.339146 0.336795
3517 2.0022773 56.866648 -0.123151 0.120925 -0.105733
3523 5.8643362 56.769798 -0.063173 0.079455 -0.025494
3529 2.0022695 56.673279 -0.256172 0.144228 -0.113590
3541 2.0022618 56.481220 -0.079446 0.079119 -0.069918
3547 2.0022580 56.385678 -0.195571 0.088170 -0.008333
3559 2.0022504 56.195561 0.214295 0.176678 0.173230
3571 2.0022428 56.006721 -0.110447 0.089249 -0.083751
3583 2.0022353 55.819146 -0.192221 0.181572 -0.178322
3589 4.6777452 55.725829 0.049259 0.066524 0.022601
3601 5.8624339 55.540128 0.041926 0.050183 -0.031202
3603 6.0200501 55.509298 0.010320 0.059594 0.035760
3607 2.0022204 55.447741 0.107403 0.193318 0.180669
3613 2.0022167 55.355660 -0.138938 0.110500 -0.105530
3631 2.0022057 55.081245 -0.235361 0.166194 -0.159460
3637 2.0022020 54.990377 0.001539 0.082636 -0.061231
3639 6.0198511 54.960154 -0.189568 0.220073 -0.215074
3643 2.0021984 54.899808 -0.165523 0.080973 -0.006097
3661 9.4052665 54.629883 -0.110969 0.157352 -0.152946
3667 5.1738977 54.540496 -0.037755 0.093035 -0.081098
3673 2.0021804 54.451402 0.098549 0.111947 0.101631
3679 5.8606133 54.362599 -0.007288 0.039301 -0.008369
3691 2.0021698 54.185857 0.040188 0.051654 0.029230
3693 6.0195599 54.156512 -0.023124 0.107245 -0.071152
3697 2.0021663 54.097917 0.234946 0.115437 0.066297
3709 2.0021592 53.922890 -0.074128 0.063427 0.001842
3711 6.0194647 53.893829 0.077424 0.065367 -0.027416
3727 2.0021488 53.662463 0.063056 0.051685 0.030094
3733 2.0021453 53.576212 -0.023470 0.065701 -0.051580
3739 2.0021419 53.490238 -0.059354 0.096072 -0.089373
3747 6.0192771 53.376034 0.120384 0.129249 0.126144
3769 2.0021248 53.064473 -0.211152 0.279731 -0.273583
3781 5.1705983 52.896059 -0.061740 0.119989 -0.116111
3783 18.078853 52.868094 -0.066427 0.107283 -0.094508
3787 9.4028554 52.812252 -0.062202 0.087188 -0.085429
3793 2.0021114 52.728711 -0.075551 0.077029 0.008882
3801 28.632768 52.617732 -0.089964 0.046616 -0.029190
3811 4.6660545 52.479664 0.335701 0.318353 0.300214
3819 16.165079 52.369730 -0.067241 0.111707 -0.096857
3823 2.0020948 52.314936 -0.100207 0.116109 -0.107496
3829 9.4020872 52.232959 0.093365 0.082918 0.072103
3837 6.0188235 52.124055 -0.077777 0.106604 -0.101799
3847 2.0020817 51.988563 -0.342154 0.370007 -0.367231
3853 2.0020785 51.907604 0.066327 0.112951 0.007252
3873 6.0186480 51.639556 -0.083529 0.060728 -0.043911
3877 2.0020656 51.586278 -0.031989 0.117816 0.094039
3889 2.0020592 51.427102 0.208098 0.183493 0.179582
3891 6.0185615 51.400668 -0.024401 0.066931 -0.048576
3907 2.0020497 51.190171 -0.250256 0.126251 -0.095410
3909 6.0184758 51.163981 0.026082 0.078527 -0.007171
3913 29.728395 51.111679 0.003450 0.044203 0.038899
3919 2.0020434 51.033427 -0.084156 0.051716 -0.031954
3931 2.0020372 50.877639 0.241103 0.184457 0.154214
3937 4.7419452 50.800102 0.061260 0.043375 0.020241
3943 2.0020310 50.722800 0.169293 0.164661 0.161023
3963 6.0182232 50.466818 -0.012177 0.057217 -0.048597
3967 2.0020187 50.415931 -0.105753 0.078659 -0.062348
3981 6.0181406 50.238634 0.065683 0.059912 -0.020818
3991 5.8540521 50.112754 -0.132264 0.081959 -0.074008
3997 9.3991770 50.037528 -0.019253 0.048370 0.006856
3999 15.190883 50.012503 0.060557 0.044643 0.027905
4003 2.0020005 49.962528 0.134057 0.089094 -0.038213
4009 5.1645733 49.887753 -0.147044 0.108779 -0.101225
4017 18.033670 49.788399 -0.168793 0.136263 -0.126641
4021 2.0019915 49.738871 -0.094590 0.162111 -0.146760
4027 2.0019886 49.664763 0.078518 0.076047 0.025418
4033 4.6556999 49.590875 -0.073477 0.041517 -0.010528
4039 9.3984875 49.517207 -0.044203 0.081506 -0.059527
4051 2.0019768 49.370526 0.002773 0.063159 0.011838
4053 28.592593 49.346163 -0.070744 0.054077 0.013806
4057 2.0019738 49.297510 -0.292797 0.275368 -0.260627
4069 5.8525710 49.152126 -0.199448 0.165912 -0.162768
4087 4.5524923 48.935650 0.077437 0.077127 0.074875
4093 2.0019565 48.863914 -0.244876 0.250014 -0.246410
4099 2.0019536 48.792388 -0.053062 0.100460 -0.086779
4111 2.0019479 48.649964 -0.085222 0.136760 -0.132600
4123 27.147325 48.508368 -0.036716 0.054975 -0.039985
4129 2.0019394 48.437878 0.068392 0.068050 0.058171
4143 6.0174292 48.274197 0.222223 0.156278 0.148163
4153 2.0019282 48.157958 0.009599 0.065807 0.040631
4159 2.0019254 48.088483 -0.066425 0.120151 -0.111766
4161 16.081159 48.065369 -0.181753 0.179964 -0.173608
4171 4.5999449 47.950132 -0.125191 0.115407 -0.109129
4177 2.0019171 47.881254 -0.128286 0.082323 -0.056409
4179 28.574359 47.858339 0.072288 0.125011 0.118870
4197 6.0172043 47.653086 -0.000148 0.042480 -0.006796
4201 2.0019061 47.607712 0.182786 0.136372 0.118473
4207 9.3958682 47.539815 -0.194319 0.136173 -0.132143
4219 2.0018980 47.404598 0.179107 0.207356 0.201298
4231 2.0018926 47.270149 -0.280171 0.302990 -0.298316
4237 5.1592085 47.203210 0.058156 0.057648 -0.015360
4243 2.0018872 47.136460 0.026861 0.045302 0.012804
4249 9.3952460 47.069899 0.006382 0.034696 -0.012909
4251 17.993651 47.047753 0.069751 0.114682 0.091209
4261 2.0018793 46.937339 0.186906 0.079482 0.042217
4269 6.0169133 46.849379 -0.114307 0.161551 -0.142160
4273 2.0018740 46.805523 -0.002354 0.067857 -0.048455
4287 6.0168421 46.652671 -0.146916 0.096549 -0.087472
4291 9.3946360 46.609182 -0.070313 0.085476 -0.080834
4297 2.0018635 46.544101 0.187431 0.146411 0.102920
4303 5.8484540 46.479201 0.017567 0.035108 0.018547
4309 4.7286694 46.414481 -0.078656 0.081163 -0.069454
4327 2.0018506 46.221401 0.085004 0.097744 -0.050233
4333 9.3940379 46.157397 -0.076331 0.089417 -0.076983
4339 2.0018454 46.093570 -0.077219 0.058964 -0.053381
4341 6.0166320 46.072334 -0.183082 0.181719 -0.178127
4351 5.1567407 45.966444 -0.058294 0.057340 -0.038833
4357 2.0018378 45.903144 0.255147 0.295848 0.290921
4359 6.0165631 45.882083 -0.257875 0.186814 -0.174698
4363 2.0018353 45.840018 0.253726 0.202495 0.185798
4377 6.0164948 45.693397 0.031036 0.029891 0.008412
4381 5.8471805 45.651678 -0.104824 0.071760 -0.005337
4413 6.0163599 45.320644 -0.116980 0.108006 -0.098386
4417 9.3928761 45.279602 -0.094219 0.135244 -0.127861
4423 2.0018104 45.218178 0.068357 0.131075 0.111860
4429 4.5884486 45.156920 -0.135834 0.129194 -0.107341
4431 28.541063 45.136538 0.089060 0.067136 0.056099
4441 2.0018030 45.034902 0.231683 0.191885 0.100081
4447 2.0018006 44.974140 0.169537 0.107909 0.095599
4449 6.0162272 44.953922 -0.077033 0.141108 -0.123853
4453 4.5288584 44.913541 -0.033731 0.063213 -0.051146
4467 6.0161616 44.772778 0.040076 0.069969 0.060362
4483 2.0017861 44.612982 0.183011 0.221961 0.204435
4501 9.3917580 44.434570 0.084607 0.054173 0.045161
4503 16.010667 44.414835 -0.186441 0.131389 -0.125578
4507 2.0017766 44.375416 -0.058201 0.044621 -0.026892
4513 2.0017742 44.316419 -0.052334 0.156958 -0.147262
4519 2.0017719 44.257579 0.024139 0.074861 -0.032406
4537 5.8447665 44.081993 0.044680 0.032423 -0.003616
4549 2.0017602 43.965707 -0.359845 0.239578 -0.234673
4561 2.0017555 43.850033 0.202513 0.169634 0.151873
4567 2.0017532 43.792424 -0.101764 0.153935 -0.143705
4579 5.1521800 43.677659 -0.023137 0.055115 -0.044054
4591 2.0017441 43.563494 -0.185196 0.127144 -0.125031
4593 6.0157171 43.544524 -0.152536 0.129474 -0.122068
4597 2.0017418 43.506635 -0.070426 0.092297 -0.078939
4603 2.0017395 43.449924 -0.182263 0.132124 -0.122316
4621 2.0017327 43.280675 -0.194670 0.130760 -0.109616
4627 9.3901573 43.224552 -0.036949 0.037768 -0.020622
4629 6.0155945 43.205876 0.284856 0.267952 0.265657
4639 2.0017260 43.112740 -0.131278 0.093971 -0.078327
4647 6.0155340 43.038519 -0.084121 0.066514 -0.028852
4651 2.0017215 43.001505 -0.123782 0.170295 -0.164300
4657 2.0017193 42.946103 -0.024367 0.103703 0.082579
4663 2.0017171 42.890843 0.135562 0.108874 0.065701
4681 4.7175611 42.725913 0.197323 0.177576 0.170648
4683 28.511416 42.707666 -0.183812 0.137490 -0.133005
4687 4.5782662 42.671218 -0.035180 0.154138 -0.142709
4699 4.6306972 42.562247 0.084658 0.099984 0.090247
4701 6.0153551 42.544140 0.027693 0.057694 0.024575
4711 9.3891380 42.453831 -0.022406 0.040598 -0.029216
4723 2.0016953 42.345967 -0.018306 0.040965 0.008768
4729 2.0016931 42.292239 0.140749 0.061621 0.042956
4737 6.0152381 42.220815 -0.336891 0.193808 -0.179267
4759 2.0016824 42.025636 -0.105664 0.134872 -0.131689
4771 5.8414448 41.919933 -0.050547 0.127785 -0.111434
4773 14.834499 41.902367 -0.047556 0.052396 -0.039362
4783 2.0016740 41.814761 0.053615 0.087726 0.068378
4789 2.0016719 41.762372 0.168587 0.114572 0.100055
4791 6.0150659 41.744938 -0.096232 0.147869 -0.140648
4801 2.0016677 41.657988 0.260793 0.208715 0.203853
4809 28.497778 41.588688 0.093694 0.073153 0.062051
4813 2.0016635 41.554124 0.079156 0.100768 -0.046905
4819 4.5090058 41.502386 0.050759 0.097005 -0.073052
4827 6.0149533 41.433603 0.072667 0.107562 -0.045444
4831 2.0016573 41.399296 -0.033536 0.079170 0.039169
4837 9.3876759 41.347943 0.124241 0.080873 0.004141
4849 5.8404095 41.245618 0.275387 0.262702 0.259734
4861 2.0016471 41.143798 -0.155010 0.192346 -0.186917
4863 6.0148423 41.126876 0.105772 0.112524 0.101742
4867 4.7126604 41.093076 -0.272374 0.207668 -0.200605
4881 6.0147874 40.975210 0.025927 0.074004 0.026469
4891 4.5005751 40.891433 -0.176064 0.102561 -0.069753
4903 2.0016330 40.791352 0.090530 0.090688 0.078664
4909 2.0016310 40.741495 0.025660 0.085221 0.079497
4921 26.510438 40.642146 0.080465 0.065905 0.046397
4927 5.8394074 40.592653 -0.117977 0.188933 -0.182569
4933 2.0016230 40.543280 0.132499 0.126678 0.119094
4951 2.0016171 40.395880 -0.225590 0.196847 -0.189595
4953 17.897019 40.379568 -0.142424 0.194941 -0.190600
4957 2.0016152 40.346984 -0.037063 0.077749 -0.054175
4963 9.3862884 40.298207 0.031364 0.063203 -0.011662
4969 2.0016113 40.249547 -0.051320 0.090279 -0.073463
4971 6.0145191 40.233353 -0.018419 0.068700 -0.061380
4987 2.0016055 40.104271 -0.029581 0.086700 -0.072062
4989 6.0144665 40.088194 -0.076828 0.105298 -0.095973
4993 2.0016035 40.056079 0.335355 0.297266 0.289266
4999 2.0016016 40.008002 -0.088349 0.064041 0.033750
5007 6.0144144 39.944078 -0.010350 0.075095 -0.065949
5011 2.0015978 39.912193 0.166960 0.190497 0.187007
5023 2.0015939 39.816843 0.381596 0.286822 0.246513
5053 4.7081295 39.580447 -0.372392 0.257038 -0.231695
5059 2.0015826 39.533505 -0.231051 0.167451 -0.146961
5061 28.472574 39.517882 -0.079967 0.070960 -0.068664
5077 2.0015770 39.393343 0.293946 0.333946 0.332210
5079 6.0142096 39.377830 -0.304423 0.279981 -0.270469
5089 9.3849700 39.300452 -0.093746 0.055527 0.003091
5097 6.0141593 39.238768 -0.111593 0.139753 -0.133955
5101 2.0015696 39.207998 -0.051588 0.147917 -0.140872
5107 2.0015677 39.161935 0.127153 0.151781 0.128408
5113 2.0015659 39.115979 -0.026291 0.079979 -0.055274
5119 2.0015640 39.070131 0.140227 0.073354 0.039377
5131 9.3845450 38.978757 -0.163976 0.138857 -0.131197
5143 4.6177329 38.887809 -0.111103 0.156609 -0.153642
5149 5.1425718 38.842494 -0.368339 0.299254 -0.295509
5161 5.8365847 38.752180 0.217069 0.129753 0.113808
5167 2.0015495 38.707180 -0.042828 0.073409 0.043142
5169 6.0139616 38.692204 0.240111 0.166273 0.116552
5173 9.3841270 38.662285 0.090977 0.128581 0.124784
5179 2.0015459 38.617494 0.040979 0.140993 -0.103022
5187 102.45926 38.557933 -0.032011 0.041308 -0.019524
5197 2.0015405 38.483741 0.048015 0.073748 0.036563
5209 2.0015370 38.395085 -0.007984 0.050172 0.032665
5223 6.0138169 38.292169 0.098519 0.094466 0.086852
5227 2.0015317 38.262866 0.025848 0.043619 0.014039
5233 2.0015299 38.218995 -0.209095 0.092237 -0.058334
5241 6.0137694 38.160656 -0.191150 0.129104 -0.113552
5257 9.3833110 38.044512 -0.036238 0.063462 -0.055642
5259 6.0137221 38.030044 0.438827 0.443923 0.442449
5263 5.1409035 38.001140 0.033803 0.039609 -0.019157
5277 6.0136752 37.900322 0.040577 0.077208 -0.050043
5281 2.0015160 37.871615 -0.075572 0.047258 -0.001468
5293 4.4808466 37.785755 0.019983 0.134593 -0.108134
5299 9.3829128 37.742970 -0.001842 0.067816 0.058659
5317 5.8348422 37.615197 -0.264197 0.215347 -0.209799
5323 2.0015040 37.572797 -0.131635 0.173612 -0.163714
5331 6.0135364 37.516413 -0.281174 0.292227 -0.287477
5347 2.0014973 37.404152 0.235178 0.210682 0.193134
5349 6.0134907 37.390166 -0.169707 0.114659 -0.097411
5367 6.0134454 37.264766 -0.125341 0.127937 -0.108899
5377 5.1393070 37.195462 -0.069168 0.059395 -0.046323
5383 9.3821351 37.154003 -0.076762 0.069285 -0.041641
5403 6.0133556 37.016472 -0.074172 0.100904 -0.093857
5407 2.0014807 36.989088 -0.104335 0.186830 -0.177263
5413 2.0014790 36.948088 -0.269207 0.187760 -0.172274
5419 2.0014774 36.907178 0.029968 0.050384 0.033590
5421 17.846914 36.893562 -0.183187 0.173497 -0.165478
5431 2.0014741 36.825631 0.195747 0.261229 0.258631
5437 2.0014725 36.784992 -0.165053 0.101820 -0.091364
5443 2.0014709 36.744442 -0.092158 0.154689 -0.146094
5449 2.0014692 36.703982 0.131877 0.088945 0.056745
5461 4.5536794 36.623329 -0.102321 0.108866 -0.099250
5473 5.8332001 36.543029 0.109951 0.060764 0.055203
5479 2.0014612 36.503011 0.250568 0.179918 0.162403
5493 6.0131363 36.409976 0.013501 0.118282 0.104604
5503 2.0014548 36.343812 0.084521 0.072410 0.039342
5509 9.3810132 36.304229 0.099181 0.123418 0.116916
5521 2.0014501 36.225321 -0.069744 0.098635 -0.093467
5527 2.0014485 36.185996 0.162174 0.127406 0.013769
5529 15.853763 36.172906 -0.094743 0.069904 -0.000808
5551 28.855101 36.029544 0.030002 0.053587 -0.038378
5557 2.0014407 35.990642 -0.003157 0.058887 0.033972
5563 2.0014391 35.951825 0.301860 0.223748 0.209390
5569 2.0014376 35.913090 0.141034 0.076749 0.056027
5581 2.0014345 35.835872 -0.100566 0.099732 -0.089169
5583 6.0129241 35.823034 -0.066923 0.131852 -0.123028
5587 4.6068852 35.797387 -0.081580 0.047144 -0.036588
5601 6.0128824 35.707909 -0.052754 0.041810 -0.025136
5611 4.6963800 35.644270 0.040425 0.096637 -0.074903
5619 6.0128411 35.593522 -0.162226 0.134836 -0.123657
5623 2.0014237 35.568202 0.124404 0.138792 0.130836
5629 5.8316498 35.530290 -0.078559 0.079303 -0.075675
5637 6.0128000 35.479865 -0.283669 0.215655 -0.207759
5641 2.0014192 35.454707 -0.090138 0.098120 -0.086735
5647 2.0014177 35.417036 0.208579 0.205968 0.200466
5653 2.0014162 35.379445 0.250655 0.136429 0.114237
5659 2.0014147 35.341933 -0.071747 0.119898 -0.111841
5673 14.744639 35.254715 0.157627 0.110497 -0.003323
5677 9.3795952 35.229875 0.135740 0.169025 0.166604
5683 2.0014087 35.192680 0.065627 0.053706 0.048093
5689 2.0014072 35.155563 -0.143380 0.121861 -0.115805
5691 28.419476 35.143209 -0.004688 0.058963 0.037360
5701 2.0014042 35.081565 -0.152468 0.168309 -0.163211
5707 5.8309068 35.044682 0.022926 0.034653 -0.010041
5719 26.069516 34.971149 -0.004492 0.026471 0.010525
5737 2.0013954 34.861426 0.204813 0.122735 0.091079
5743 2.0013940 34.825004 0.209884 0.134387 0.104815
5749 2.0013925 34.788659 0.067362 0.073854 0.066777
5761 9.3789174 34.716195 0.019480 0.042426 0.037480
5767 4.4575845 34.680076 -0.117375 0.175793 -0.172146
5779 2.0013853 34.608064 -0.200371 0.202888 -0.187031
5791 2.0013824 34.536350 0.152837 0.226161 0.217468
5799 6.0124417 34.488705 -0.084961 0.090578 -0.071643
5803 9.3785859 34.464932 -0.015040 0.084541 -0.073350
5809 4.6020994 34.429334 0.125286 0.107708 -0.036235
5817 28.410256 34.381984 0.114240 0.147555 0.142765
5821 2.0013753 34.358358 0.090225 0.103961 -0.071970
5827 2.0013739 34.322979 0.044502 0.110344 -0.083830
5833 5.1335534 34.287674 0.072171 0.128362 0.123364
5839 2.0013710 34.252440 -0.042497 0.060772 -0.051435
5851 2.0013682 34.182191 -0.402468 0.368335 -0.361863
5853 6.0123267 34.170511 0.012619 0.076091 0.070428
5857 2.0013668 34.147174 -0.026636 0.060530 0.019227
5869 2.0013640 34.077356 -0.201765 0.201654 -0.186357
5871 15.814141 34.065747 -0.061108 0.112692 -0.102765
5881 2.0013612 34.007822 -0.004645 0.061742 -0.038286
5889 17.804989 33.961623 0.137538 0.095899 0.015407
5917 4.4648180 33.800913 -0.187006 0.146016 -0.130901
5923 2.0013516 33.766672 -0.041261 0.083765 -0.077237
5941 5.8287957 33.664366 0.136667 0.222998 0.216828
5943 28.401434 33.653037 0.172034 0.121884 0.106602
5947 5.1322546 33.630402 -0.072231 0.074213 -0.021677
5953 2.0013448 33.596506 -0.327839 0.270038 -0.263138
5961 6.0121029 33.551418 0.289583 0.203076 0.190463
5971 9.3773066 33.495227 0.010184 0.035691 0.012681
5977 4.5409307 33.461603 0.117582 0.075961 0.047134
5979 6.0120664 33.450410 -0.124527 0.106248 -0.100594
5983 4.6897903 33.428046 -0.037151 0.042009 -0.004074
5997 6.0120301 33.350008 0.065308 0.066217 0.049022
6007 2.0013327 33.294490 -0.218407 0.130459 -0.121671
6013 9.3769981 33.261267 0.012989 0.040738 0.015374
6019 5.8281288 33.228111 -0.227467 0.160456 -0.145995
6031 4.5976749 33.161996 -0.239028 0.149304 -0.122822
6033 6.0119581 33.151003 -0.150924 0.171385 -0.167954
6037 2.0013260 33.129038 0.247605 0.150367 0.003928
6043 2.0013247 33.096144 -0.260824 0.254507 -0.246443
6051 6.0119225 33.052388 0.004414 0.119679 -0.100312
6067 2.0013195 32.965222 -0.057079 0.078178 -0.068474
6073 2.0013182 32.932653 0.185114 0.116781 0.076142
6079 2.0013169 32.900148 0.313634 0.182015 0.114394
6087 6.0118519 32.856908 -0.064282 0.064043 -0.018025
6091 2.0013143 32.835331 0.059415 0.060170 0.026011
6097 28.674897 32.803018 0.080852 0.126751 0.125725
6121 2.0013078 32.674400 0.148008 0.175007 0.167452
6123 17.786492 32.663727 -0.058017 0.093551 -0.081785
6133 2.0013053 32.610468 -0.042160 0.052746 0.015735
6139 9.3760977 32.578596 0.184912 0.175919 0.175060
6151 2.0013014 32.515038 -0.194084 0.187252 -0.175466
6159 6.0117130 32.472804 0.011756 0.091477 0.081991
6163 2.0012989 32.451728 -0.198734 0.093210 -0.069273
6169 4.6867996 32.420165 -0.069255 0.080474 -0.057331
6181 9.3758058 32.357224 0.046259 0.067445 -0.035793
6199 2.0012914 32.263268 0.274004 0.203568 0.174722
6211 2.0012889 32.200934 0.037478 0.065762 0.051180
6213 15.779048 32.190568 -0.288473 0.160588 -0.147791
6217 2.0012876 32.169857 -0.073479 0.065914 -0.020173
6229 2.0012851 32.107882 -0.008666 0.058456 -0.052114
6231 14.652557 32.097577 -0.035403 0.029946 -0.015236
6247 2.0012814 32.015367 -0.254964 0.223638 -0.204705
6249 6.0115440 32.005121 0.128105 0.189607 0.181458
6267 6.0115108 31.913196 -0.146081 0.124272 -0.113121
6271 2.0012765 31.892840 -0.037651 0.085477 -0.075126
6277 2.0012753 31.862355 -0.025292 0.070741 -0.061700
6283 4.4536594 31.831927 -0.104771 0.063518 0.013587
6289 5.1286442 31.801558 -0.227543 0.184564 -0.176619
6301 2.0012704 31.740993 -0.178995 0.186143 -0.185030
6331 5.8256269 31.590586 0.044146 0.109371 0.101066
6337 2.0012632 31.560675 0.197244 0.101424 0.084882
6339 6.0113798 31.550718 -0.113180 0.144006 -0.131544
6343 2.0012620 31.530821 -0.148411 0.155202 -0.150508
6349 9.3746770 31.501024 -0.049356 0.030344 0.005417
6357 17.769392 31.461381 0.026886 0.069263 0.031479
6361 2.0012585 31.441597 0.299225 0.281727 0.274015
6367 2.0012573 31.411968 -0.037021 0.049485 -0.014006
6373 2.0012561 31.382394 -0.075584 0.146856 -0.125462
6379 2.0012549 31.352877 0.090277 0.146448 0.136427
6393 6.0112835 31.284217 0.176410 0.140821 0.129895
6397 2.0012514 31.264655 -0.101264 0.051884 -0.039666
6403 5.1275275 31.235358 0.132007 0.138413 0.126642
6411 6.0112518 31.196381 -0.070916 0.133203 -0.122901
6421 2.0012467 31.147796 0.098838 0.064799 0.038303
6427 2.0012455 31.118718 -0.000758 0.032609 -0.021584
6429 6.0112202 31.109037 -0.243680 0.289194 -0.280759
6433 9.3741348 31.089694 0.026207 0.099062 -0.082530
6447 28.369637 31.022181 -0.067091 0.084928 -0.070826
6451 2.0012409 31.002945 -0.010829 0.183096 -0.140626
6469 2.0012374 30.916680 -0.042778 0.060081 -0.023391
6481 2.0012351 30.859435 0.094471 0.052320 0.007437
6483 6.0111266 30.849915 0.046483 0.194474 0.183816
6487 5.8244669 30.830893 -0.006969 0.076046 -0.058126
6493 4.5302634 30.802403 -0.133753 0.094302 0.021730
6499 4.4369346 30.773965 -0.214529 0.090389 -0.059115
6529 2.0012261 30.632562 -0.047258 0.111130 -0.103803
6537 6.0110345 30.595074 -0.033384 0.103309 -0.097348
6541 4.6813383 30.576364 0.400454 0.349875 0.337494
6547 2.0012227 30.548343 -0.174558 0.148782 -0.140670
6553 2.0012216 30.520372 0.024413 0.051119 0.005636
6559 9.3733476 30.492453 -0.003183 0.061158 -0.029564
6571 2.0012182 30.436768 0.151104 0.127837 0.122312
6573 28.362460 30.427506 -0.057541 0.063296 -0.060866
6577 2.0012171 30.409001 -0.309891 0.213485 -0.206209
6607 2.0012116 30.270925 0.292593 0.271677 0.268653
6609 6.0109141 30.261764 -0.052000 0.035752 -0.023946
6619 2.0012094 30.216045 0.152378 0.120456 0.077039
6631 5.1254106 30.161363 0.032498 0.067779 0.052338
6637 2.0012061 30.134097 0.062672 0.066998 0.021795
6643 28.526033 30.106879 -0.021140 0.107969 -0.100667
6649 4.4437761 30.079711 -0.079757 0.110252 -0.102594
6661 2.0012017 30.025522 -0.009228 0.088707 -0.049543
6663 6.0108254 30.016509 -0.189732 0.163026 -0.156393
6673 2.0011996 29.971527 0.173840 0.107431 0.089650
6679 2.0011985 29.944602 -0.089333 0.090874 0.053633
6691 2.0011964 29.890898 0.059718 0.051953 0.015900
6697 4.5862010 29.864118 -0.124955 0.111296 -0.105145
6703 2.0011942 29.837386 -0.094396 0.108314 -0.091079
6709 2.0011931 29.810702 -0.228546 0.199740 -0.193681
6717 6.0107383 29.775197 -0.271478 0.215784 -0.211298
6733 2.0011889 29.704441 -0.125988 0.171696 -0.167284
6751 4.5255572 29.625241 -0.351499 0.295872 -0.291562
6753 6.0106809 29.616467 -0.090792 0.100497 0.047106
6763 2.0011836 29.572675 0.155868 0.156149 0.154686
6769 9.3721011 29.546462 0.002873 0.036560 0.027670
6771 14.398724 29.537734 0.035754 0.036188 0.012315
6781 2.0011805 29.494175 0.010002 0.041102 0.016456
6789 14.576490 29.459420 -0.045087 0.037149 -0.001954
6793 2.0011784 29.442073 -0.137108 0.095167 -0.061245
6799 5.8223079 29.416091 -0.136552 0.064968 -0.032372
6807 6.0105960 29.381519 0.074002 0.055463 0.029909
6823 2.0011732 29.312619 -0.142132 0.070156 -0.031111
6829 2.0011722 29.286865 -0.069229 0.115406 -0.094613
6841 2.0011701 29.235492 0.028325 0.106897 0.095796
6843 6.0105402 29.226947 0.019200 0.073214 -0.046908
6861 6.0105125 29.150270 0.258658 0.295935 0.294743
6871 2.0011650 29.107845 -0.102469 0.094133 -0.064240
6879 6.0104849 29.073993 -0.176466 0.142258 -0.132147
6883 2.0011630 29.057097 0.009638 0.061392 0.023791
6901 4.4258458 28.981307 -0.016026 0.082495 -0.068601
6907 2.0011589 28.956131 -0.007701 0.080194 -0.041361
6913 4.6764756 28.931000 -0.006225 0.101481 -0.084981
6933 6.0104031 28.847541 0.190332 0.105043 0.074037
6937 9.3711584 28.830907 0.070588 0.099402 0.095843
6949 2.0011519 28.781120 0.013291 0.133850 0.104859
6951 28.342508 28.772838 -0.029849 0.036618 -0.027405
6961 2.0011499 28.731504 -0.157659 0.164228 -0.147821
6967 2.0011489 28.706760 0.065423 0.098959 -0.039595
6973 5.1224977 28.682059 0.072374 0.065178 -0.017864
6979 9.3709298 28.657401 -0.023210 0.025250 -0.021921
6991 2.0011450 28.608211 -0.039719 0.071118 -0.058842
6997 2.0011440 28.583679 -0.012753 0.091197 -0.068568
7009 4.5212063 28.534741 -0.219495 0.123222 -0.075844
7023 6.0102696 28.477858 0.136848 0.181455 0.173415
7027 2.0011391 28.461648 0.130546 0.121254 0.113900
7033 5.8208152 28.437367 -0.170194 0.077663 -0.051647
7039 2.0011372 28.413127 0.007183 0.067183 -0.009125
7041 6.0102433 28.405056 0.016154 0.095970 -0.046078
7057 2.0011343 28.340655 0.011834 0.057002 0.015628
7059 17.725047 28.332625 -0.040462 0.081563 -0.062638
7063 9.3704809 28.316579 -0.004199 0.048565 0.035729
7069 2.0011323 28.292545 -0.034363 0.051339 -0.042824
7077 28.336336 28.260562 -0.046809 0.108832 -0.095663
7081 4.4139006 28.244598 -0.169977 0.210223 -0.205704
7087 5.1215899 28.220686 0.184549 0.102272 0.044826
7099 4.6742387 28.172982 -0.240052 0.244722 -0.241108
7111 5.8203397 28.125439 -0.009228 0.052394 -0.043759
7113 6.0101394 28.117531 -0.285538 0.237974 -0.229871
7129 2.0011228 28.054426 0.167975 0.093224 0.000696
7131 6.0101138 28.046557 -0.028006 0.063665 0.042384
7141 4.5797659 28.007282 -0.041323 0.031149 -0.001989
7147 9.3700426 27.983769 -0.067698 0.042107 -0.027083
7149 6.0100883 27.975941 0.085538 0.063113 0.013909
7159 2.0011181 27.936863 0.049311 0.060701 0.024086
7167 6.0100629 27.905679 -0.041829 0.051390 -0.030283
7177 2.0011153 27.866797 -0.061915 0.102320 -0.084668
7189 28.400988 27.820281 0.069523 0.062405 -0.026107
7201 5.1207111 27.773920 0.078400 0.117973 -0.077559
7207 2.0011106 27.750798 -0.025464 0.072671 -0.055194
7213 2.0011097 27.727714 0.055201 0.064837 0.025552
7219 2.0011088 27.704668 0.160944 0.162188 0.145502
7231 9.3696145 27.658692 -0.011645 0.040250 -0.006377
7237 2.0011060 27.635761 0.199216 0.196721 0.191906
7239 15.694309 27.628125 -0.069377 0.116237 -0.112571
7243 2.0011051 27.612868 -0.090853 0.086321 0.027302
7273 9.3694042 27.498969 0.068538 0.111779 0.101255
7297 2.0010969 27.408524 -0.009411 0.068054 -0.054535
7303 4.4160242 27.386006 0.173490 0.141120 0.121102
7309 2.0010951 27.363524 0.010431 0.043053 0.006450
7311 6.0098644 27.356039 0.267796 0.200892 0.194837
7321 2.0010933 27.318672 -0.094994 0.132705 -0.130533
7329 28.324638 27.288853 -0.019771 0.019524 0.007125
7333 2.0010916 27.273967 -0.052829 0.065502 -0.044731
7347 14.512593 27.221995 0.092960 0.094593 0.073235
7351 2.0010889 27.207183 0.127539 0.094100 0.084773
7357 9.3689908 27.184994 -0.121576 0.117034 -0.092312
7363 4.5768454 27.162841 -0.022955 0.074553 -0.039857
7369 2.0010862 27.140725 -0.217022 0.213096 -0.205729
7393 2.0010827 27.052617 0.161549 0.092837 0.076847
7401 6.0097442 27.023375 0.062383 0.093466 -0.016117
7411 2.0010801 26.986911 0.128048 0.089949 0.048068
7417 2.0010792 26.965080 -0.214611 0.257897 -0.246124
7419 6.0097205 26.957811 -0.056006 0.052960 -0.033398
7423 5.8185381 26.943284 0.002567 0.055849 -0.033879
7437 14.308802 26.892564 -0.246011 0.282379 -0.278831
7441 9.3685867 26.878108 -0.024858 0.048823 -0.044803
7459 2.0010731 26.813246 -0.043648 0.128335 -0.107880
7471 4.6701047 26.770178 0.200283 0.147462 0.131588
7477 2.0010705 26.748696 -0.265520 0.187069 -0.181141
7483 9.3683881 26.727248 -0.023136 0.095062 -0.089432
7489 2.0010688 26.705835 0.119365 0.076798 0.033024
7501 5.8181113 26.663112 0.157733 0.078878 -0.001625
7507 2.0010662 26.641801 -0.100036 0.090429 -0.025622
7509 6.0096038 26.634705 0.125246 0.097272 0.085792
7519 4.4028693 26.599282 0.229886 0.181017 0.172840
7527 17.700176 26.571011 -0.055879 0.049455 0.016893
7537 2.0010620 26.535757 0.034789 0.090893 0.083451
7543 5.1182358 26.514649 -0.032368 0.094843 -0.076897
7549 2.0010603 26.493575 -0.282444 0.278952 -0.275242
7561 2.0010586 26.451528 -0.081629 0.129243 -0.126820
7563 6.0095352 26.444533 0.137260 0.083103 0.049363
7573 2.0010569 26.409613 -0.103089 0.089905 -0.069102
7591 2.0010544 26.346990 -0.174632 0.184949 -0.180042
7603 2.0010528 26.305406 -0.013366 0.059435 -0.051962
7609 9.3678055 26.284663 -0.095231 0.088345 -0.084299
7617 6.0094675 26.257057 0.245234 0.109832 0.052230
7621 2.0010503 26.243275 0.024534 0.094046 0.076741
7639 2.0010478 26.181437 0.069841 0.045053 -0.005941
7651 9.3676155 26.140374 0.015809 0.076715 0.062784
7653 6.0094229 26.133542 0.153333 0.087474 0.065233
7657 16.805487 26.119890 -0.091846 0.081539 -0.079513
7663 4.3945520 26.099439 -0.079321 0.101394 0.076631
7669 2.0010437 26.079019 -0.289800 0.231748 -0.224757
7671 6.0094007 26.072220 -0.082493 0.113591 -0.106367
7681 2.0010421 26.038276 -0.124352 0.088870 -0.057843
7687 2.0010413 26.017952 -0.036827 0.092413 -0.054652
7699 2.0010396 25.977400 -0.021831 0.123096 0.102253
7707 28.308540 25.950435 0.086274 0.053468 0.019323
7717 2.0010372 25.916807 -0.068195 0.102378 -0.093797
7723 2.0010364 25.896672 0.156014 0.129596 0.056277
7741 2.0010340 25.836455 -0.165376 0.101470 -0.084530
7747 4.4199116 25.816445 0.204260 0.091565 0.040453
7753 2.0010324 25.796466 0.129758 0.064407 0.014164
7759 2.0010316 25.776518 -0.054272 0.119528 -0.100350
7761 17.688889 25.769875 0.010861 0.039372 0.014569
7771 5.1167078 25.736713 0.020198 0.049036 0.038040
7779 6.0092700 25.710246 -0.174218 0.177063 -0.174976
7783 4.5099232 25.697032 -0.012893 0.086261 -0.073526
7789 2.0010276 25.677237 0.055744 0.049660 0.039878
7807 4.5715122 25.618035 0.042319 0.128748 0.116399
7813 5.8164899 25.598362 -0.050629 0.060568 -0.030320
7819 9.3668763 25.578719 -0.050268 0.053604 -0.023109
7833 28.303523 25.533001 0.002483 0.072786 0.059588
7851 6.0091848 25.474462 -0.200807 0.202485 -0.186410
7861 9.3666965 25.442056 -0.001393 0.065493 -0.059221
7867 2.0010174 25.422652 -0.161568 0.153126 -0.141460
7869 14.159244 25.416190 -0.016492 0.042087 0.001423
7873 2.0010166 25.403277 -0.096467 0.114607 -0.110394
7879 2.0010159 25.383932 -0.154126 0.119135 -0.103911
7891 5.8161047 25.345330 -0.060537 0.040076 -0.007705
7903 9.3665185 25.306846 -0.056170 0.073679 -0.064943
7923 15.650370 25.242964 -0.143569 0.103009 -0.093833
7927 2.0010097 25.230226 0.017128 0.060570 0.013457
7933 2.0010090 25.211143 -0.019695 0.076801 -0.060707
7941 6.0090806 25.185745 0.450949 0.348998 0.331318
7951 2.0010067 25.154069 -0.084616 0.122894 -0.108661
7957 4.3930987 25.135101 0.279172 0.200359 0.188249
7959 28.298667 25.128785 0.038970 0.037933 0.022602
7963 2.0010052 25.116162 -0.137728 0.093301 0.032435
7969 5.8157271 25.097252 0.002000 0.091058 -0.048428
7977 6.0090395 25.072082 0.037416 0.053463 0.018171
7993 2.0010014 25.021894 -0.114729 0.143657 -0.140590
7999 5.1152678 25.003125 -0.005375 0.084722 -0.074522
8011 2.0009991 24.965672 -0.185257 0.083855 -0.057320
8013 6.0089989 24.959441 0.143529 0.123895 0.115201
8017 2.0009984 24.946988 0.005751 0.076972 -0.062763
8029 24.029929 24.909702 -0.012474 0.082418 -0.070946
8031 6.0089787 24.903499 -0.042331 0.063125 -0.050879
8047 5.8153568 24.853983 -0.152667 0.102239 -0.088228
8049 6.0089586 24.847807 -0.112855 0.102191 -0.099443
8053 2.0009939 24.835465 -0.403348 0.227386 -0.204148
8059 2.0009932 24.816975 -0.028998 0.116461 -0.104373
8067 6.0089385 24.792364 -0.387254 0.256786 -0.243369
8071 9.3658254 24.780077 0.081882 0.122592 0.111772
8089 2.0009895 24.724935 0.086713 0.083793 0.063511
8101 2.0009880 24.688310 -0.072962 0.063482 -0.053642
8103 14.234519 24.682216 -0.180911 0.204131 -0.196982
8113 25.303704 24.651793 -0.052843 0.106047 -0.101168
8121 6.0088790 24.627509 0.216861 0.153322 0.086450
8137 4.3835690 24.579083 -0.119739 0.084948 -0.067819
8139 6.0088594 24.573043 0.195176 0.109234 0.051351
8157 6.0088398 24.518818 0.109512 0.199264 0.193401
8161 2.0009808 24.506801 0.078546 0.082836 0.061325
8167 2.0009800 24.488796 -0.119388 0.067163 -0.044188
8179 2.0009786 24.452867 0.084114 0.118170 0.053252
8191 2.0009772 24.417043 -0.039082 0.073865 -0.047274
8193 6.0088009 24.411083 -0.064012 0.077466 -0.001252
8197 9.3653242 24.399170 -0.115845 0.098966 -0.091141
8203 5.8146376 24.381324 -0.036414 0.072421 -0.064621
8209 2.0009750 24.363503 0.082573 0.080713 0.065917
8221 2.0009736 24.327941 -0.002460 0.069345 0.006796
8227 5.1139083 24.310198 -0.118739 0.108598 -0.101997
8229 17.668277 24.304290 -0.177140 0.096001 -0.058008
8233 2.0009722 24.292481 0.020875 0.065456 -0.022283
8247 6.0087432 24.251243 -0.136284 0.132230 -0.130202
8251 4.5667635 24.239486 -0.066867 0.073364 -0.028449
8263 2.0009686 24.204284 0.130637 0.115839 0.103175
8269 2.0009679 24.186721 0.451112 0.289011 0.273140
8287 2.0009658 24.134186 0.241421 0.194934 0.186526
8293 2.0009651 24.116725 0.165648 0.108493 -0.004001
8299 4.5035952 24.099289 0.042457 0.060594 -0.015064
8301 6.0086862 24.093483 -0.109182 0.081723 -0.038479
8311 2.0009630 24.064493 -0.194474 0.223386 -0.220654
8317 2.0009623 24.047132 0.044991 0.058527 0.024480
8329 2.0009610 24.012486 0.137389 0.142820 0.127023
8337 28.284987 23.989445 -0.021268 0.054687 -0.041531
8341 5.1132567 23.977940 0.016158 0.058222 -0.007615
8353 2.0009582 23.943493 0.198256 0.198677 0.191816
8359 5.8139454 23.926307 -0.182815 0.102129 -0.075871
8373 6.0086114 23.886301 -0.245679 0.264447 -0.263411
8377 2.0009555 23.874896 0.027748 0.069508 0.039952
8389 2.0009541 23.840744 -0.235424 0.267352 -0.261426
8391 6.0085929 23.835061 0.301571 0.319272 0.315038
8401 4.6613955 23.806690 0.087594 0.094202 0.088458
8407 9.3645224 23.789699 -0.020994 0.077500 -0.056770
8409 6.0085745 23.784041 -0.157451 0.142776 -0.140303
8419 2.0009507 23.755790 -0.118817 0.131706 -0.123361
8431 2.0009493 23.721978 -0.220772 0.166189 -0.141838
8443 2.0009480 23.688262 0.099175 0.138891 0.134216
8461 2.0009460 23.637868 0.013650 0.048183 -0.008785
8463 92.872428 23.632282 0.002243 0.062269 -0.032929
8467 2.0009453 23.621117 -0.135840 0.156523 -0.150754
8473 4.5645791 23.604390 -0.138237 0.070312 -0.042297
8479 4.4075374 23.587687 -0.114880 0.119675 -0.101583
8491 9.3642128 23.554352 -0.056695 0.058027 -0.044095
8499 6.0084836 23.532180 0.070743 0.109887 0.102344
8509 4.3923087 23.504525 -0.220089 0.156438 -0.144385
8521 2.0009393 23.471424 0.140885 0.148184 0.136835
8527 2.0009386 23.454908 -0.084325 0.094548 -0.079047
8539 2.0009373 23.421946 -0.074380 0.052705 -0.044025
8553 6.0084299 23.383608 -0.063045 0.143781 -0.138525
8557 4.5007232 23.372677 -0.079312 0.115692 -0.091812
8563 2.0009347 23.356300 -0.032866 0.064785 -0.016421
8571 6.0084122 23.334500 0.007632 0.053048 -0.029628
8581 2.0009327 23.307307 -0.241805 0.234255 -0.232047
8587 4.6598833 23.291021 0.180228 0.190731 0.186187
8589 28.276543 23.285598 -0.071840 0.121757 -0.120028
8593 5.8129545 23.274759 0.047634 0.064067 0.040547
8599 2.0009308 23.258518 -0.203203 0.176263 -0.163877
8607 15.613605 23.236900 -0.216161 0.154389 -0.142682
8611 4.3738413 23.226106 -0.078425 0.064112 -0.056248
8617 9.3637598 23.209934 -0.129581 0.114688 -0.112827
8623 2.0009282 23.193784 0.068536 0.075734 0.029483
8629 2.0009275 23.177657 0.206774 0.212645 0.208349
8641 2.0009262 23.145469 -0.191028 0.219751 -0.204171
8643 14.070818 23.140113 -0.031302 0.067927 0.040682
8647 2.0009256 23.129409 -0.098290 0.078041 -0.057021
8659 9.3636118 23.097355 -0.040655 0.054946 -0.030951
8661 6.0083247 23.092022 -0.020750 0.050368 -0.033407
8677 2.0009224 23.049441 -0.146061 0.145960 -0.132160
8683 5.1114054 23.033514 -0.123320 0.203454 -0.196965
8689 2.0009211 23.017608 -0.049253 0.100444 -0.095476
8697 17.649924 22.996436 0.126856 0.100889 0.086404
8707 2.0009192 22.970024 -0.138392 0.063700 -0.025686
8713 2.0009186 22.954206 -0.204406 0.166479 -0.160339
8719 2.0009180 22.938410 -0.110137 0.158792 -0.145871
8731 2.0009167 22.906884 0.074587 0.059602 0.018675
8737 2.0009161 22.891153 -0.185222 0.149063 -0.141469
8743 9.3633199 22.875443 0.048663 0.049248 0.024709
8749 5.8123235 22.859755 -0.307256 0.201013 -0.196172
8751 6.0082389 22.854531 -0.007824 0.131302 -0.103341
8761 2.0009136 22.828444 -0.189836 0.166612 -0.151082
8769 14.172121 22.807618 0.186521 0.176988 0.167968
8773 4.6584362 22.797219 -0.028058 0.040034 0.017697
8779 2.0009117 22.781638 0.051118 0.070573 0.012310
8797 5.1108206 22.735023 -0.064097 0.090257 -0.077660
8803 2.0009092 22.719527 0.169819 0.120533 0.035402
8821 2.0009073 22.673166 -0.035320 0.045676 0.020933
8827 28.122660 22.657755 0.006853 0.035869 -0.024143
8839 2.0009055 22.626994 0.071993 0.079029 0.050752
8841 28.268585 22.621875 -0.051542 0.107267 -0.086278
8859 6.0081384 22.575912 -0.008489 0.068675 0.041272
8863 2.0009030 22.565723 -0.022704 0.055345 -0.036162
8887 2.0009006 22.504782 0.276331 0.221870 0.209909
8893 2.0009000 22.489599 -0.133183 0.144889 -0.138568
8911 25.145679 22.444170 0.106569 0.131462 0.127924
8913 6.0080890 22.439134 -0.125431 0.071247 -0.036345
8917 4.5605421 22.429068 -0.193785 0.168334 -0.163660
8923 2.0008970 22.413986 0.038034 0.056776 0.036645
8929 2.0008964 22.398925 0.187807 0.117404 0.084032
8931 17.641481 22.393909 -0.116627 0.128093 -0.119925
8941 2.0008952 22.368863 0.005126 0.073147 -0.037981
8949 15.597386 22.348866 -0.024652 0.055684 -0.028825
8953 9.3626144 22.338881 -0.054616 0.063804 -0.044019
8971 2.0008922 22.294059 -0.255699 0.252214 -0.246745
8983 5.8114184 22.264277 0.058836 0.114302 0.103675
9001 2.0008892 22.219753 0.035125 0.054530 0.046159
9003 6.0080080 22.214817 -0.073398 0.082761 -0.072098
9007 2.0008886 22.204952 -0.042627 0.085731 0.066793
9013 2.0008880 22.190170 -0.289107 0.299317 -0.294274
9021 14.370370 22.170491 0.019362 0.089668 0.058917
9037 9.3623414 22.131238 0.027469 0.042573 0.009007
9043 2.0008851 22.116554 0.072747 0.048054 0.008975
9049 2.0008845 22.101890 0.028105 0.063185 0.035917
9057 6.0079602 22.082367 -0.090828 0.087398 -0.079562
9067 2.0008827 22.058013 0.351718 0.344024 0.341260
9073 4.4954788 22.043426 -0.084270 0.069525 -0.050382
9079 9.3622068 22.028858 -0.146646 0.098699 -0.092774
9091 2.0008804 21.999780 -0.053598 0.135392 -0.118500
9093 28.261072 21.994941 -0.015662 0.038593 -0.007572
9103 2.0008792 21.970779 0.050256 0.082618 0.051149
9109 2.0008786 21.956307 -0.073649 0.083325 -0.048226
9111 6.0079130 21.951487 0.245617 0.138765 0.036800
9121 9.3620734 21.927420 -0.065919 0.040078 -0.029881
9127 2.0008769 21.913005 -0.160483 0.168372 -0.162062
9133 2.0008763 21.898609 0.051295 0.073696 0.057884
9139 16.411223 21.884232 0.039726 0.048463 -0.007062
9147 6.0078818 21.865092 -0.152514 0.086532 -0.079037
9151 2.0008746 21.855535 0.008194 0.098048 -0.035349
9157 2.0008740 21.841214 -0.003627 0.048671 -0.039121
9181 2.0008717 21.784119 0.060611 0.067603 0.028547
9183 6.0078508 21.779375 0.088840 0.081215 0.007034
9187 2.0008712 21.769892 0.030186 0.073330 -0.033388
9199 2.0008700 21.741494 -0.137606 0.187467 -0.185315
9201 6.0078355 21.736768 0.064535 0.056727 0.002957
9211 4.3971834 21.713169 0.059701 0.087410 0.077811
9217 5.8105595 21.699034 0.020803 0.132954 0.120034
9219 28.257471 21.694327 -0.187337 0.129791 -0.101330
9237 6.0078049 21.652052 -0.128088 0.160644 -0.146871
9241 2.0008661 21.642679 -0.073826 0.146905 -0.140801
9247 9.3616806 21.628636 -0.009860 0.105483 -0.091822
9253 5.1086266 21.614611 0.136070 0.085112 0.072352
9271 4.3695063 21.572646 0.315921 0.209066 0.189955
9277 2.0008627 21.558694 -0.213018 0.159007 -0.151163
9283 2.0008622 21.544759 -0.076061 0.103488 -0.083460
9289 9.3615520 21.530843 0.132492 0.163551 0.160380
9291 15.582390 21.526208 -0.048465 0.060576 -0.040307
9313 4.3800118 21.475357 -0.100531 0.161306 -0.154942
9319 2.0008588 21.461530 -0.204001 0.171855 -0.167310
9327 6.0077295 21.443122 -0.142748 0.113684 -0.067885
9331 23.630263 21.433930 0.134994 0.131907 0.131183
9337 2.0008572 21.420156 0.048766 0.049353 0.008093
9343 2.0008566 21.406401 -0.236698 0.142472 -0.125948
9349 2.0008561 21.392662 0.056100 0.060139 -0.021653
9363 6.0076997 21.360675 0.018495 0.065625 -0.030823
9373 28.052376 21.337885 -0.045004 0.059756 -0.056272
9391 2.0008522 21.296986 0.075377 0.054641 0.014688
9397 2.0008517 21.283388 0.080536 0.106763 -0.054965
9399 17.625879 21.278859 -0.129241 0.107576 -0.102936
9403 2.0008512 21.269808 -0.011796 0.085958 0.063391
9417 13.997770 21.238186 -0.056717 0.052731 -0.017150
9421 2.0008495 21.229169 -0.070406 0.120607 -0.116437
9433 2.0008484 21.202163 0.217632 0.112992 0.002984
9439 2.0008479 21.188685 -0.163050 0.131983 -0.105099
9451 5.8097434 21.161782 0.113151 0.075229 0.042924
9463 2.0008458 21.134947 -0.261879 0.241260 -0.238375
9481 5.1076094 21.094821 0.022527 0.075509 -0.046908
9489 6.0075973 21.077037 -0.005017 0.134382 -0.117529
9507 6.0075829 21.037131 0.013624 0.054208 0.007536
9511 2.0008415 21.028283 -0.212509 0.153496 -0.148031
9517 4.6532209 21.015026 -0.073954 0.072308 -0.032126
9529 5.8094803 20.988561 -0.158306 0.138130 -0.134272
9543 6.0075543 20.957770 0.057557 0.121474 0.091987
9547 2.0008383 20.948989 -0.131502 0.187971 -0.184634
9561 6.0075401 20.918314 0.083453 0.096616 0.088327
9577 4.3926155 20.883366 -0.002932 0.053722 -0.024229
9579 14.334456 20.879006 0.287087 0.172459 0.147483
9589 4.4908090 20.857232 0.144667 0.078828 0.030267
9597 28.247241 20.839846 -0.001752 0.036628 0.020514
9601 2.0008336 20.831163 -0.111683 0.151917 -0.135404
9607 5.8092215 20.818153 -0.093624 0.188755 -0.182274
9613 2.0008326 20.805160 0.076360 0.118997 0.101123
9619 2.0008320 20.792182 -0.089185 0.103443 -0.094966
9631 2.0008310 20.766276 -0.019103 0.050186 0.008204
9643 2.0008300 20.740433 -0.067060 0.194424 -0.177890
9649 2.0008294 20.727537 -0.071890 0.121350 -0.107630
9651 6.0074697 20.723241 -0.031081 0.034097 0.006522
9661 2.0008284 20.701791 -0.029545 0.040132 -0.032433
9667 9.3604454 20.688942 -0.024915 0.028916 0.009919
9679 2.0008269 20.663292 0.148229 0.141699 0.131604
9687 6.0074419 20.646227 0.039480 0.032629 -0.010692
9697 2.0008253 20.624936 0.015797 0.106745 -0.031302
9703 4.6520436 20.612182 0.069627 0.086083 -0.041466
9709 25.015137 20.599444 0.034413 0.029750 0.018598
9721 2.0008233 20.574015 0.136663 0.091547 0.035705
9723 28.244009 20.569783 0.079478 0.132638 0.119511
9733 2.0008223 20.548649 0.062006 0.057435 0.017706
9739 2.0008218 20.535989 -0.063803 0.029024 -0.009908
9759 6.0073869 20.493903 -0.118389 0.138259 -0.131139
9763 5.8087163 20.485507 -0.197577 0.146485 -0.139851
9769 2.0008193 20.472925 -0.118483 0.114839 -0.095998
9777 6.0073733 20.456173 -0.163000 0.160232 -0.152553
9781 2.0008182 20.447807 -0.171404 0.078991 -0.045300
9787 2.0008177 20.435271 0.003313 0.048440 -0.009315
9793 9.3600956 20.422751 -0.197227 0.201970 -0.200589
9811 2.0008157 20.385282 -0.306531 0.291948 -0.287909
9813 6.0073462 20.381127 0.031262 0.036791 -0.007026
9817 2.0008152 20.372823 0.182946 0.091674 0.039362
9829 2.0008142 20.347950 -0.242076 0.273398 -0.272375
9841 5.8084698 20.323138 0.075451 0.055266 0.043624
9847 4.4886610 20.310755 0.274806 0.300827 0.298378
9859 2.0008118 20.286033 -0.092688 0.124137 -0.107794
9871 2.0008108 20.261372 0.072666 0.103914 -0.031736
9883 2.0008098 20.236770 0.230790 0.166396 0.156191
9901 2.0008083 20.199980 0.083559 0.056648 0.007087
9903 6.0072793 20.195900 0.114195 0.176521 0.169384
9907 2.0008078 20.187746 -0.145923 0.119815 -0.099489
9919 27.990123 20.163323 -0.015013 0.009996 -0.003537
9921 6.0072661 20.159258 -0.211392 0.150844 -0.141711
9931 2.0008059 20.138959 0.043454 0.100283 0.038142
9937 5.1057161 20.126799 0.179105 0.115025 0.094024
9939 6.0072529 20.122749 0.000458 0.060065 -0.007747
9943 4.3883924 20.114654 0.125213 0.080804 -0.015101
9949 2.0008044 20.102523 -0.044075 0.082289 -0.047416
9957 6.0072398 20.086371 -0.025747 0.094686 -0.069033
9961 9.3596429 20.078305 0.132191 0.162934 0.159588
9967 2.0008030 20.066219 -0.074917 0.175250 -0.155477
9973 2.0008025 20.054146 -0.145115 0.092787 -0.065170
9991 4.3406104 20.018016 0.194711 0.175267 0.165809
9993 6.0072137 20.014010 -0.045029 0.080041 -0.056443
9997 5.8079884 20.006002 0.011586 0.048017 -0.032674
10003 9.3595322 19.994002 -0.008569 0.064765 -0.038383
10009 2.0007996 19.982016 -0.023918 0.080397 0.034521
10027 4.5520372 19.946145 -0.041474 0.073578 -0.045050
10029 6.0071878 19.942168 0.206547 0.182256 0.174413
10033 4.3503523 19.934217 0.029281 0.086579 0.062338
10039 2.0007972 19.922303 -0.043172 0.043588 -0.033886
10069 2.0007948 19.862946 -0.134081 0.134881 -0.112937
10083 6.0071492 19.835366 -0.054614 0.158416 -0.149332
10093 2.0007929 19.815714 -0.041467 0.041033 0.002241
10099 2.0007925 19.803941 0.176139 0.134841 0.099205
10101 90.693603 19.800020 -0.058371 0.047796 -0.047043
10111 2.0007915 19.780437 -0.081122 0.112302 -0.099993
10117 4.3697225 19.768706 0.226926 0.192544 0.186125
10119 6.0071238 19.764799 0.217661 0.132466 0.053313
10129 9.3592054 19.745286 0.046016 0.024244 0.014822
10137 14.302646 19.729703 0.045678 0.070413 -0.046156
10141 2.0007892 19.721921 0.003526 0.085062 0.011377
10147 4.3572732 19.710259 0.040492 0.054848 0.012036
10159 2.0007878 19.686977 0.279950 0.245992 0.240951
10171 9.3590982 19.663750 -0.147732 0.136848 -0.136458
10173 6.0070859 19.659884 0.115715 0.097025 0.084390
10177 2.0007864 19.652157 -0.075256 0.124277 -0.121568
10191 13.936410 19.625159 -0.234672 0.180306 -0.177106
10213 9.3589920 19.582885 -0.053941 0.074530 -0.069182
10227 28.231884 19.556077 0.018049 0.049018 -0.016169
10231 5.8072939 19.548431 0.019925 0.133454 -0.107608
10243 2.0007813 19.525530 -0.075699 0.060897 0.003970
10249 4.5505606 19.514099 0.148519 0.108463 -0.005277
10261 4.6487711 19.491278 -0.201925 0.160868 -0.156994
10267 2.0007795 19.479887 0.105304 0.076628 0.057625
10273 2.0007790 19.468510 -0.246823 0.270626 -0.257845
10279 5.1044072 19.457146 -0.043363 0.095011 -0.075605
10297 9.3587821 19.423133 -0.122326 0.089094 -0.081027
10299 6.0069991 19.419361 -0.017788 0.076858 -0.051715
10303 2.0007768 19.411822 0.017450 0.058338 0.032118
10317 15.543503 19.385480 -0.060306 0.103100 -0.095796
10321 2.0007754 19.377967 -0.277835 0.179952 -0.165299
10333 2.0007745 19.355463 0.218564 0.151452 0.138020
10357 2.0007727 19.310611 -0.059640 0.111601 -0.099173
10363 4.4846911 19.299431 0.026525 0.133205 -0.106920
10369 2.0007718 19.288263 -0.212540 0.112800 -0.097470
10371 6.0069505 19.284543 -0.002079 0.060277 -0.038049
10381 9.3585756 19.265967 0.230834 0.168689 0.164693
10389 6.0069384 19.251131 -0.002629 0.089973 0.075274
10393 5.1039902 19.243722 0.405099 0.336603 0.332730
10399 2.0007696 19.232619 -0.153134 0.172267 -0.160508
10407 6.0069264 19.217834 0.066999 0.102900 0.078691
10423 9.3584736 19.188333 -0.106065 0.116651 -0.111099
10429 2.0007674 19.177294 -0.005982 0.061252 0.044395
10447 4.6477589 19.144252 -0.120796 0.156318 -0.150088
10453 2.0007656 19.133263 0.096723 0.122489 0.058467
10459 2.0007652 19.122287 -0.139015 0.145753 -0.131850
10471 4.5491474 19.100372 0.023461 0.060310 0.042910
10477 2.0007639 19.089434 -0.048262 0.098626 -0.075377
10479 28.226263 19.085791 -0.051087 0.065280 -0.046609
10497 6.0068670 19.053063 -0.103363 0.153202 -0.139000
10501 2.0007621 19.045805 0.087664 0.050247 0.029118
10507 24.905481 19.034929 -0.037806 0.051087 -0.031380
10513 2.0007613 19.024065 -0.168892 0.162954 -0.156558
10519 4.3651831 19.013214 0.055506 0.052120 0.042525
10531 2.0007600 18.991549 -0.259703 0.193624 -0.182805
10533 6.0068435 18.987943 0.169263 0.079636 0.030463
10543 5.8064161 18.969933 -0.115281 0.058102 -0.041786
10551 6.0068318 18.955549 -0.188987 0.123002 -0.109015
10567 2.0007574 18.926848 0.162321 0.096333 0.027462
10569 17.593009 18.923266 -0.256948 0.176788 -0.165386
10573 4.3309780 18.916107 -0.166544 0.224847 -0.213849
10587 6.0068085 18.891093 -0.124684 0.094648 -0.067462
10597 2.0007552 18.873266 -0.017870 0.031324 -0.003097
10621 16.138272 18.830619 -0.058089 0.055341 -0.040928
10623 6.0067854 18.827073 0.307388 0.228685 0.215502
10627 2.0007531 18.819987 0.209135 0.107277 0.074819
10639 2.0007522 18.798759 -0.166414 0.154152 -0.152077
10641 6.0067739 18.795226 -0.075357 0.067922 -0.013152
10651 2.0007514 18.777580 -0.058754 0.132540 -0.107283
10657 2.0007510 18.767008 0.048937 0.062233 0.039354
10663 2.0007505 18.756448 0.011889 0.098630 0.061672
10677 6.0067511 18.731854 0.111784 0.108010 0.091057
10687 2.0007489 18.714326 -0.150264 0.190244 -0.183303
10699 5.8059965 18.693336 -0.180686 0.118144 -0.098370
10711 2.0007472 18.672393 -0.148719 0.121859 -0.115619
10713 6.0067283 18.668907 -0.297763 0.233055 -0.227317
10717 9.3577821 18.661939 -0.010397 0.030565 -0.021865
10723 2.0007463 18.651497 -0.126821 0.128801 -0.126242
10729 2.0007459 18.641066 -0.307250 0.251925 -0.244865
10749 6.0067058 18.606382 0.053070 0.054597 0.008628
10753 2.0007443 18.599461 -0.032019 0.056433 -0.048730
10767 14.033236 18.575276 0.153177 0.096753 0.087659
10771 2.0007430 18.568378 0.161111 0.204322 0.197262
10777 5.8057912 18.558040 -0.146331 0.082644 -0.034070
10789 2.0007418 18.537399 0.120800 0.105476 0.013444
10801 9.3575915 18.516804 -0.037354 0.096824 -0.088469
10803 17.587302 18.513376 -0.066185 0.092097 -0.083417
10819 4.6458400 18.485997 -0.027104 0.114836 -0.092833
10821 6.0066611 18.482580 -0.058333 0.111521 -0.103610
10831 2.0007389 18.465516 0.026067 0.032555 0.002138
10837 2.0007385 18.455292 -0.095086 0.144942 -0.139002
10839 6.0066500 18.451887 0.195788 0.111349 0.051676
10843 9.3574973 18.445080 -0.035978 0.114558 -0.081855
10849 5.1024103 18.434879 0.185773 0.151396 0.146798
10861 2.0007369 18.414511 -0.184707 0.132051 -0.100796
10867 2.0007364 18.404343 -0.152297 0.106284 -0.087231
10891 2.0007348 18.363787 0.075954 0.160373 0.152201
10893 6.0066170 18.360415 -0.155052 0.182294 -0.174452
10903 2.0007340 18.343575 -0.285871 0.249941 -0.246060
10909 2.0007336 18.333486 -0.044145 0.072193 -0.051231
10911 6.0066061 18.330126 -0.055794 0.070209 -0.058250
10921 4.3609863 18.313341 -0.332948 0.216139 -0.205074
10929 6.0065952 18.299936 0.066212 0.134346 0.123837
10939 2.0007316 18.283207 0.060653 0.122028 0.101772
10957 2.0007304 18.253171 -0.064815 0.064152 -0.054103
10963 5.1020361 18.243182 0.078794 0.081147 0.051097
10969 9.3572190 18.233203 -0.011363 0.057765 -0.050787
10981 4.3381728 18.213277 -0.056756 0.056685 -0.029025
10983 28.215800 18.209961 -0.140546 0.148959 -0.137764
10987 2.0007284 18.203331 0.105872 0.093132 0.059197
10993 2.0007280 18.193396 0.106493 0.107888 0.001867
11001 15.521693 18.180165 -0.112570 0.121045 -0.105075
11019 6.0065413 18.150467 0.117994 0.093348 0.053726
11023 4.3470374 18.143881 0.084667 0.099517 0.032182
11037 17.581840 18.120866 0.009700 0.047160 0.031819
11041 4.3774408 18.114301 0.175616 0.150677 0.126238
11047 2.0007244 18.104463 0.164733 0.119515 0.113043
11053 9.3570370 18.094635 0.061838 0.068775 0.063971
11059 2.0007237 18.084818 -0.048364 0.071157 -0.039128
11071 2.0007229 18.065215 0.019524 0.083962 -0.006361
11073 6.0065094 18.061952 -0.069668 0.054226 0.016238
11083 2.0007221 18.045656 0.065704 0.064696 0.032759
11089 5.8049993 18.035891 -0.109155 0.162448 -0.160038
11091 6.0064988 18.032639 0.123474 0.102503 0.050077
11113 2.0007201 17.996941 -0.004350 0.056453 0.000454
11119 2.0007197 17.987229 -0.200889 0.081854 -0.022422
11127 6.0064777 17.974297 -0.211969 0.184584 -0.174500
11131 2.0007190 17.967838 0.144793 0.073432 0.057088
11137 23.075887 17.958157 -0.008232 0.058470 -0.031819
11149 2.0007178 17.938829 -0.051383 0.102677 0.072162
11161 2.0007170 17.919541 -0.191023 0.195303 -0.177751
11167 5.8048083 17.909913 0.060926 0.104650 0.094775
11173 2.0007163 17.900295 -0.111404 0.113425 -0.095715
11179 9.3567692 17.890688 -0.187022 0.184284 -0.182916
11181 6.0064464 17.887488 0.257694 0.176784 0.137498
11197 2.0007147 17.861927 -0.200993 0.142679 -0.130080
11199 6.0064360 17.858737 -0.002169 0.124237 -0.103432
11217 6.0064257 17.830079 0.039148 0.073037 0.004716
11227 4.3201539 17.814198 0.088207 0.091787 0.077803
11239 2.0007121 17.795178 -0.063839 0.074560 -0.046231
11251 2.0007113 17.776198 0.248073 0.179182 0.173313
11257 2.0007109 17.766723 -0.160424 0.190964 -0.182835
11263 9.3565940 17.757258 0.042500 0.093450 0.088214
11287 2.0007090 17.719500 -0.167772 0.130963 -0.114715
11299 2.0007083 17.700681 -0.127920 0.150745 -0.148007
11307 6.0063745 17.688158 0.032591 0.069039 0.031570
11311 2.0007075 17.681903 -0.078277 0.178837 -0.165966
11317 2.0007072 17.672528 0.081273 0.076987 0.052898
11329 2.0007064 17.653809 0.230752 0.251407 0.243405
11343 15.511795 17.632020 -0.082942 0.083960 -0.040245
11347 9.3564214 17.625804 -0.067905 0.041021 -0.009973
11353 2.0007049 17.616489 -0.194413 0.205368 -0.202757
11359 4.5440544 17.607184 -0.003193 0.075815 -0.054629
11361 28.208566 17.604084 -0.045546 0.093794 -0.079713
11377 4.6431997 17.579327 -0.002535 0.087566 0.066505
11379 6.0063341 17.576237 -0.325541 0.186870 -0.174822
11383 2.0007030 17.570061 -0.201768 0.115626 -0.105993
11389 9.3563360 17.560804 -0.039042 0.116254 -0.096573
11401 5.8042510 17.542321 -0.048382 0.053163 -0.024447
11419 5.1006142 17.514669 -0.086926 0.065416 -0.040444
11433 13.998163 17.493221 0.314102 0.254376 0.250815
11437 2.0006997 17.487103 -0.012363 0.033737 -0.012924
11443 2.0006994 17.477934 0.126983 0.092709 0.085611
11461 4.3425215 17.450484 -0.098323 0.069759 -0.005761
11467 2.0006979 17.441353 -0.251075 0.232989 -0.231389
11469 6.0062844 17.438312 -0.218010 0.186892 -0.176515
11479 5.8040703 17.423120 -0.068454 0.099025 -0.096483
11487 28.206262 17.410986 0.132002 0.085137 0.046742
11491 2.0006964 17.404926 -0.080661 0.095952 0.063053
11497 2.0006961 17.395842 -0.157530 0.086462 -0.053972
11503 2.0006957 17.386769 -0.031775 0.085744 -0.076933
11527 2.0006943 17.350568 0.023629 0.090176 -0.060482
11533 5.1002764 17.341542 -0.073928 0.112966 -0.091922
11541 6.0062451 17.329521 -0.013957 0.103792 -0.080987
11551 2.0006928 17.314518 -0.015735 0.055938 -0.005854
11557 27.839807 17.305529 -0.016726 0.017213 0.006146
11559 6.0062354 17.302535 0.089347 0.054636 -0.003295
11563 4.6423768 17.296549 0.157659 0.067992 0.024349
11581 4.5429048 17.269666 0.108269 0.103711 0.021930
11587 2.0006907 17.260723 -0.018406 0.081978 -0.056975
11593 2.0006903 17.251790 0.087231 0.043957 0.024606
11599 9.3559185 17.242866 0.218868 0.119670 0.103139
11617 2.0006889 17.216149 -0.099941 0.163808 -0.140239
11631 6.0061967 17.195426 -0.368189 0.252366 -0.247194
11641 9.3558368 17.180655 -0.131866 0.115619 -0.096744
11647 5.0999453 17.171804 -0.141195 0.114228 -0.109376
11653 4.4763277 17.162962 -0.153510 0.154941 -0.147418
11667 6.0061776 17.142367 0.243681 0.224494 0.219096
11677 2.0006853 17.127687 0.179784 0.093741 0.074092
11683 9.3557558 17.118891 0.006627 0.055950 0.040382
11689 2.0006846 17.110104 -0.177705 0.104312 -0.089902
11701 2.0006839 17.092556 -0.100810 0.134675 -0.103380
11719 2.0006829 17.066303 -0.076605 0.081236 -0.015870
11721 6.0061491 17.063390 -0.133127 0.070799 -0.004911
11731 2.0006822 17.048845 -0.034322 0.156237 -0.131750
11739 89.185185 17.037226 0.154954 0.111361 0.104794
11743 2.0006815 17.031423 -0.241813 0.182465 -0.172407
11749 4.6415802 17.022725 -0.148349 0.127837 -0.113548
11757 6.0061303 17.011142 -0.259408 0.137856 -0.119691
11761 5.0996206 17.005357 -0.111426 0.115901 -0.110016
11773 4.3712986 16.988023 -0.041552 0.107549 -0.094103
11779 2.0006794 16.979370 0.017219 0.082494 -0.051686
11791 5.8033715 16.962090 -0.035048 0.112631 -0.080174
11793 6.0061115 16.959213 -0.033842 0.090436 -0.079531
11811 14.225836 16.933367 0.275191 0.189873 0.184240
11821 2.0006770 16.919042 0.100661 0.071167 0.026240
11827 2.0006766 16.910459 -0.259618 0.248577 -0.234620
11829 6.0060929 16.907600 -0.206500 0.242574 -0.238930
11833 2.0006763 16.901885 -0.030885 0.066376 0.026173
11839 2.0006760 16.893319 -0.163447 0.106130 -0.086513
11851 9.3554371 16.876213 -0.122666 0.063366 -0.052586
11863 2.0006746 16.859142 0.255652 0.202927 0.198102
11887 2.0006732 16.825103 0.042889 0.087025 -0.047952
11893 9.3553589 16.816615 0.014448 0.062633 0.054364
11899 4.3383465 16.808135 -0.025025 0.068276 -0.003645
11901 6.0060560 16.805310 -0.131538 0.125098 -0.102816
11911 4.4748756 16.791201 -0.085149 0.063255 -0.026047
11923 2.0006712 16.774302 -0.219203 0.197626 -0.183092
11929 4.3279819 16.765865 0.006439 0.075951 -0.043158
11941 2.0006702 16.749016 -0.006055 0.066426 -0.051048
11947 5.8030358 16.740604 0.256136 0.197172 0.192136
11953 2.0006695 16.732201 -0.166825 0.100084 -0.064683
11959 2.0006692 16.723806 -0.134641 0.182103 -0.159545
11971 2.0006685 16.707042 -0.179699 0.115706 -0.102733
11973 17.562156 16.704251 -0.086747 0.099390 -0.080092
11989 5.0989899 16.681958 -0.034442 0.076622 -0.009910
11991 28.197531 16.679176 0.017218 0.054214 0.030101
12007 2.0006665 16.656950 0.059524 0.055944 0.040268
12009 6.0060015 16.654176 -0.151676 0.116384 -0.089564
12027 15.493720 16.629251 -0.050875 0.066921 -0.060645
12037 2.0006648 16.615436 -0.209036 0.261841 -0.253353
12043 2.0006645 16.607158 -0.019038 0.117453 -0.063999
12049 2.0006642 16.598888 -0.015088 0.043947 -0.021826
12061 9.3550514 16.582373 -0.005076 0.080926 0.063416
12063 6.0059746 16.579624 -0.085010 0.072829 -0.038799
12073 2.0006629 16.565891 0.024947 0.071126 -0.043589
12081 6.0059657 16.554921 0.096642 0.108986 -0.002593
12097 2.0006615 16.533025 0.067469 0.044384 -0.017145
12099 13.967100 16.530292 -0.279187 0.152765 -0.139578
12109 2.0006609 16.516641 -0.021583 0.109316 -0.093937
12117 28.195462 16.505736 0.015703 0.061544 0.007659
12127 4.3501031 16.492125 0.094508 0.093836 0.020350
12139 4.3685110 16.475822 0.149452 0.166986 0.164089
12153 6.0059303 16.456842 -0.211118 0.181366 -0.176267
12157 2.0006583 16.451427 -0.055568 0.055177 0.001451
12163 2.0006579 16.443312 -0.008752 0.086386 -0.007720
12169 4.4734859 16.435204 0.049227 0.124894 -0.037575
12171 6.0059215 16.432503 -0.117168 0.155825 -0.133002
12181 5.8025485 16.419013 0.105584 0.112846 0.104825
12187 9.3548263 16.410930 -0.071238 0.083568 -0.065685
12207 17.557713 16.384042 -0.063414 0.112249 -0.103653
12211 2.0006554 16.378675 -0.338594 0.282697 -0.279770
12217 5.0983829 16.370631 0.061109 0.079879 0.062108
12229 9.3547523 16.354567 -0.061145 0.102743 -0.093286
12241 2.0006538 16.338534 -0.047239 0.044104 -0.013338
12247 4.5397090 16.330530 -0.102296 0.199711 -0.178970
12253 2.0006531 16.322533 -0.201153 0.127116 -0.072531
12261 13.657477 16.311883 -0.060120 0.115431 -0.091290
12271 9.3546789 16.298590 -0.093286 0.096867 -0.090847
12277 2.0006518 16.290625 -0.032640 0.075449 -0.054138
12279 6.0058694 16.287971 -0.169236 0.122040 -0.090667
12289 2.0006512 16.274717 -0.276038 0.178838 -0.171046
12297 6.0058608 16.264129 0.070326 0.091452 0.074955
12301 2.0006506 16.258841 -0.125980 0.145345 -0.124011
12307 4.6393365 16.250914 -0.133527 0.097384 -0.089095
12313 9.3546059 16.242995 0.147615 0.125497 0.116438
12319 4.3077192 16.235084 -0.117661 0.167209 -0.161500
12333 6.0058437 16.216655 0.071440 0.082196 0.022310
12343 2.0006484 16.203516 0.282044 0.173961 0.166548
12369 81.441975 16.169456 0.058779 0.068642 0.053285
12373 2.0006468 16.164229 -0.141480 0.090487 -0.058309
12379 2.0006465 16.156394 -0.001883 0.078977 -0.041403
12387 6.0058182 16.145959 0.149332 0.125525 0.072954
12391 2.0006458 16.140747 -0.077407 0.061116 -0.052252
12403 4.3234858 16.125131 -0.020511 0.040749 0.021684
12409 2.0006449 16.117334 0.074358 0.165566 0.145896
12421 2.0006443 16.101763 -0.021902 0.076470 0.030782
12433 2.0006437 16.086222 -0.160853 0.165315 -0.162168
12439 9.3543899 16.078463 -0.105112 0.103277 -0.100402
12451 2.0006427 16.062967 0.002218 0.060986 0.016203
12457 2.0006424 16.055230 -0.009694 0.083587 -0.049381
12459 6.0057845 16.052653 -0.169539 0.135727 -0.132651
12469 4.5387205 16.039779 -0.042488 0.045638 0.013901
12477 6.0057762 16.029494 -0.053357 0.123487 -0.104978
12481 9.3543189 16.024357 -0.114007 0.098924 -0.097627
12487 2.0006409 16.016657 0.042529 0.107380 0.097755
12511 2.0006396 15.985932 -0.085564 0.130609 -0.120390
12513 13.799835 15.983377 0.070596 0.074600 0.030010
12517 2.0006393 15.978270 -0.179941 0.079373 -0.054612
12523 9.3542484 15.970614 -0.055626 0.029390 -0.022972
12531 6.0057513 15.960418 -0.157250 0.193635 -0.186749
12541 2.0006381 15.947692 0.062258 0.111491 0.006710
12547 2.0006378 15.940065 0.085369 0.113655 -0.046321
12553 2.0006375 15.932446 -0.048305 0.106106 -0.096265
12559 5.0975140 15.924835 -0.098342 0.094930 -0.083436
12571 5.8017769 15.909633 0.047311 0.048963 -0.012226
12577 2.0006363 15.902043 0.009790 0.105316 0.070333
12583 2.0006360 15.894461 -0.221927 0.164681 -0.156848
12589 2.0006357 15.886885 -0.059742 0.171471 -0.146722
12601 2.0006351 15.871756 0.032083 0.066722 0.044328
12603 6.0057184 15.869237 -0.143548 0.121874 -0.096637
12607 9.3541087 15.864202 0.025263 0.029604 -0.012607
12613 2.0006345 15.856656 0.118663 0.106408 0.088079
12619 2.0006342 15.849116 0.049369 0.095072 -0.054806
12621 28.187605 15.846605 0.059893 0.076867 0.067725
12637 2.0006333 15.826541 0.101689 0.111684 0.087840
12649 27.761866 15.811527 -0.075225 0.040406 -0.036391
12657 6.0056940 15.801533 0.051960 0.074913 -0.008963
12679 4.6379515 15.774115 0.059169 0.076865 -0.028770
12693 6.0056778 15.756716 -0.044347 0.050500 -0.032909
12697 2.0006303 15.751752 -0.120594 0.103118 -0.093889
12703 2.0006300 15.744312 -0.073121 0.082103 -0.068169
12711 15.477626 15.734403 -0.073499 0.056733 -0.038749
12721 2.0006291 15.722034 0.254597 0.205962 0.201760
12729 6.0056617 15.712153 -0.061609 0.113864 -0.086119
12739 2.0006282 15.699819 -0.225445 0.248393 -0.245540
12747 28.185738 15.689966 0.054457 0.106523 0.098987
12757 2.0006273 15.677667 0.004713 0.162628 -0.123007
12763 2.0006270 15.670297 -0.126261 0.084533 -0.021018
12781 2.0006261 15.648228 -0.177654 0.115212 -0.108312
12783 6.0056378 15.645780 0.227075 0.202350 0.180207
12787 5.0969606 15.640885 -0.167242 0.115154 -0.102889
12799 2.0006252 15.626221 -0.002712 0.063443 -0.030150
12817 9.3537676 15.604276 0.024938 0.104626 -0.076663
12819 6.0056219 15.601841 0.051805 0.111991 -0.058282
12823 2.0006241 15.596974 0.099667 0.102243 0.093138
12829 2.0006238 15.589680 0.053856 0.142327 0.135237
12841 2.0006232 15.575111 -0.080378 0.127778 -0.112949
12853 2.0006226 15.560570 -0.196435 0.211061 -0.209349
12871 4.3634206 15.538808 0.027664 0.097885 -0.046898
12873 28.183908 15.536394 -0.063608 0.089049 -0.081235
12877 4.3193291 15.531568 -0.195707 0.135100 -0.095479
12883 5.8011933 15.524334 -0.050494 0.096971 -0.070202
12889 2.0006209 15.517108 0.154612 0.124567 0.116031
12891 6.0055905 15.514700 0.102764 0.136914 -0.057473
12901 24.661410 15.502674 -0.036550 0.053132 -0.049422
12907 2.0006200 15.495468 -0.094644 0.077312 -0.074045
12909 17.545362 15.493067 -0.015078 0.089496 -0.077553
12913 4.5368467 15.488268 0.170747 0.115320 0.070165
12919 2.0006194 15.481074 -0.139223 0.137699 -0.113610
12927 14.186008 15.471494 -0.093554 0.074079 -0.059674
12931 4.3439993 15.466708 -0.001070 0.101101 -0.069708
12961 5.8010518 15.430908 -0.297024 0.237611 -0.227198
12967 2.0006171 15.423768 -0.224611 0.214760 -0.194454
12973 2.0006169 15.416635 0.148683 0.167549 0.153883
12979 2.0006166 15.409508 0.235811 0.184799 0.164970
12981 6.0055517 15.407134 -0.151595 0.110293 -0.040631
12999 28.182114 15.385799 0.038031 0.053394 -0.008225
13003 2.0006154 15.381066 -0.009563 0.069057 -0.019229
13009 2.0006151 15.373972 -0.074019 0.153609 -0.137553
13017 6.0055363 15.364523 -0.153573 0.131078 -0.119211
13027 9.3534374 15.352729 0.074694 0.093800 -0.029409
13033 2.0006140 15.345661 -0.175886 0.127923 -0.104191
13051 4.6366462 15.324496 -0.087705 0.121735 -0.107530
13053 15.470222 15.322148 0.131217 0.101325 0.046528
13063 2.0006126 15.310419 -0.037576 0.101937 -0.093948
13069 9.3533727 15.303390 0.057190 0.054442 -0.007134
13071 6.0055134 15.301048 0.264097 0.287261 0.284507
13081 4.2969533 15.289351 -0.060636 0.084620 -0.050051
13089 6.0055058 15.280006 -0.043488 0.027233 -0.006332
13093 2.0006112 15.275338 0.114231 0.116049 0.080574
13099 2.0006109 15.268341 -0.245601 0.169265 -0.155477
13111 9.3533084 15.254367 -0.088436 0.071405 -0.025059
13117 5.8007739 15.247389 0.025015 0.067977 -0.038095
13129 5.0961669 15.233453 -0.182581 0.199182 -0.193540
13143 17.541542 15.217226 0.004391 0.068403 -0.004644
13147 2.0006087 15.212596 -0.061847 0.129761 -0.116643
13153 9.3532444 15.205657 -0.035235 0.040092 0.026508
13159 2.0006081 15.198723 -0.022131 0.072146 -0.056954
13171 2.0006076 15.184876 0.116735 0.121861 0.092297
13177 2.0006073 15.177962 -0.086974 0.194268 -0.178259
13183 2.0006070 15.171054 -0.125946 0.117956 -0.101396
13201 4.4684776 15.150367 0.123329 0.168709 0.162527
13213 4.3275199 15.136608 0.099551 0.145280 -0.075981
13219 2.0006054 15.129737 0.082400 0.090772 -0.000877
13237 22.936106 15.109164 -0.068838 0.071621 -0.064815
13249 2.0006040 15.095479 -0.154745 0.118095 -0.102840
13251 28.178628 15.093201 0.027490 0.094184 -0.068163
13267 2.0006032 15.074998 0.093177 0.199854 0.189237
13269 6.0054311 15.072726 -0.231056 0.254480 -0.250460
13273 5.8005026 15.068184 0.006392 0.096164 -0.081260
13287 13.765346 15.052307 -0.092936 0.186241 -0.178433
13291 2.0006021 15.047777 -0.097043 0.091125 -0.078866
13297 2.0006018 15.040987 0.044682 0.091696 -0.034332
13309 2.0006013 15.027425 -0.046393 0.055900 -0.000631
13323 6.0054091 15.011634 0.099254 0.135005 0.127352
13327 2.0006005 15.007128 -0.137510 0.158635 -0.152743
13333 4.3412291 15.000375 -0.159254 0.088399 -0.073116
13339 2.0005999 14.993628 -0.222588 0.218564 -0.212499
13341 6.0054018 14.991380 0.298471 0.241393 0.231214
13359 13.586575 14.971180 0.149422 0.117445 0.019619
13381 2.0005980 14.946566 0.011274 0.091793 -0.045727
13399 2.0005972 14.926487 -0.024283 0.051965 -0.031904
13411 2.0005967 14.913131 -0.060083 0.119146 -0.112089
13417 2.0005964 14.906462 -0.086965 0.124047 -0.096110
13423 4.6354140 14.899799 -0.000966 0.095594 -0.066058
13429 5.8002376 14.893142 0.116064 0.098989 0.071156
13441 2.0005954 14.879845 -0.119553 0.233732 -0.223809
13449 6.0053583 14.870994 0.202556 0.235279 0.232045
13459 4.4673471 14.859945 0.140912 0.101121 0.046313
13471 5.0954137 14.846708 0.030390 0.070998 -0.007730
13477 2.0005938 14.840098 -0.080657 0.097317 -0.078852
13483 4.2956591 14.833494 -0.151879 0.146702 -0.143585
13503 28.175274 14.811523 -0.001398 0.114466 -0.097420
13507 5.8001074 14.807137 -0.030175 0.078480 -0.052780
13513 2.0005922 14.800562 0.045048 0.087394 0.058002
13521 6.0053298 14.791805 0.000349 0.145280 -0.116867
13531 9.3526871 14.780874 -0.039223 0.047608 -0.046611
13537 2.0005911 14.774322 -0.031195 0.110995 -0.098826
13539 6.0053227 14.772140 -0.006989 0.075290 -0.062060
13557 6.0053156 14.752526 -0.086421 0.071166 -0.050988
13567 2.0005898 14.741653 0.020821 0.048414 -0.014055
13579 4.5342683 14.728625 -0.168204 0.163599 -0.141988
13591 2.0005888 14.715621 -0.136013 0.174718 -0.157684
13597 2.0005885 14.709127 -0.122468 0.225072 -0.216816
13603 4.3588881 14.702639 -0.029261 0.039361 0.008837
13609 4.6348233 14.696157 -0.055874 0.037237 -0.009836
13611 17.534300 14.693998 -0.189161 0.212910 -0.205328
13627 2.0005872 14.676745 -0.035324 0.108247 0.079545
13633 2.0005870 14.670285 -0.065104 0.209001 -0.193799
13647 6.0052805 14.655236 -0.013972 0.077212 -0.023984
13657 9.3525081 14.644505 0.078671 0.164824 0.157283
13663 5.7998514 14.638074 0.008981 0.025933 -0.014379
13669 2.0005854 14.631648 0.194563 0.189872 0.185804
13681 2.0005849 14.618814 0.237474 0.154008 0.061148
13683 6.0052666 14.616678 0.082253 0.149985 0.141419
13687 2.0005847 14.612406 -0.031831 0.043727 -0.009149
13693 2.0005844 14.606003 -0.112624 0.181332 -0.177095
13699 24.599776 14.599606 -0.073519 0.052480 -0.030469
13701 6.0052597 14.597475 -0.099490 0.084230 -0.059303
13711 2.0005836 14.586828 -0.005309 0.066427 -0.017071
13723 2.0005831 14.574073 0.178982 0.139292 0.055223
13729 2.0005829 14.567703 -0.064132 0.136678 -0.109755
13737 15.456540 14.559220 -0.071361 0.168528 -0.152996
13741 27.696649 14.554981 -0.105788 0.058421 -0.008439
13759 2.0005816 14.535940 0.014686 0.120575 -0.073936
13773 6.0052322 14.521165 -0.102446 0.099173 -0.034589
13789 2.0005803 14.504315 0.003667 0.100777 -0.075903
13791 6.0052253 14.502212 -0.081623 0.096261 -0.091506
13801 4.5334647 14.491703 -0.053516 0.175346 -0.157515
13807 2.0005796 14.485406 -0.176232 0.264638 -0.260228
13809 6.0052185 14.483308 0.175550 0.270915 0.267395
13813 5.0946980 14.479114 0.146973 0.202758 0.197275
13819 5.7996013 14.472827 -0.107402 0.133687 -0.132197
13831 2.0005786 14.460270 -0.037675 0.077449 -0.057810
13843 4.2874177 14.447735 0.137451 0.130199 -0.062724
13863 6.0051982 14.426892 -0.078849 0.194956 -0.180625
13873 2.0005768 14.416492 -0.011752 0.067075 -0.057209
13879 2.0005766 14.410260 -0.112177 0.095558 -0.084629
13881 28.170472 14.408184 -0.036098 0.054644 -0.045415
13897 5.7994784 14.391595 -0.025062 0.060663 -0.025378
13903 2.0005756 14.385384 -0.058838 0.053751 -0.022299
13909 9.3521600 14.379179 -0.027212 0.064923 -0.045760
13917 6.0051780 14.370913 -0.040924 0.070393 -0.048364
13921 2.0005748 14.366784 -0.169991 0.143908 -0.127355
13927 5.0944673 14.360595 -0.014113 0.151116 -0.126421
13933 2.0005743 14.354410 0.011294 0.090045 -0.056389
13951 9.3521032 14.335890 0.028908 0.022284 0.014709
13953 6.0051646 14.333835 -0.125675 0.126928 -0.111582
13963 2.0005731 14.323569 -0.133254 0.095818 -0.068237
13969 4.3568031 14.317417 -0.083100 0.091237 -0.015145
13971 6.0051580 14.315368 0.074796 0.083218 -0.040122
13989 6.0051513 14.296948 0.000505 0.132632 -0.100311
13993 9.3520468 14.292861 -0.155057 0.148292 -0.146278
13999 2.0005716 14.286735 0.053820 0.048378 0.040796
14011 2.0005711 14.274499 -0.015959 0.165553 -0.141524
14023 4.5326869 14.262283 0.108887 0.099458 0.067806
14029 2.0005704 14.256184 -0.146409 0.143925 -0.140713
14041 5.0942404 14.244000 -0.036619 0.138738 -0.126638
14043 14.152683 14.241971 0.063238 0.102686 0.093834
14061 13.734799 14.223739 -0.084130 0.053588 -0.035212
14071 2.0005687 14.213631 -0.058653 0.171894 -0.163951
14077 9.3519349 14.207573 -0.180529 0.087264 -0.059972
14083 2.0005682 14.201520 -0.075789 0.070814 -0.066065
14089 4.3214477 14.195472 0.022160 0.063160 0.038955
14097 13.892092 14.187416 -0.016782 0.099796 -0.087086
14107 2.0005673 14.177359 -0.115417 0.124382 -0.108095
14119 9.3518795 14.165309 0.175036 0.124665 0.092575
14131 5.7991177 14.153280 -0.078959 0.048967 0.005486
14133 28.167414 14.151277 -0.054133 0.035610 -0.029756
14137 4.3361705 14.147273 -0.017194 0.082133 -0.035907
14143 2.0005658 14.141271 -0.078823 0.199245 -0.186833
14149 2.0005656 14.135275 -0.031167 0.073225 -0.050333
14167 4.6331453 14.117315 0.002124 0.028444 -0.008415
14169 6.0050858 14.115322 -0.103851 0.135184 -0.132323
14173 2.0005646 14.111338 -0.087574 0.058443 0.009839
14187 6.0050794 14.097413 0.191322 0.126511 0.094411
14197 2.0005637 14.087483 -0.151610 0.145585 -0.143673
14203 9.3517695 14.081532 0.009602 0.052619 0.039749
14209 5.7990001 14.075586 -0.045347 0.046428 -0.037483
14221 2.0005627 14.063709 -0.194785 0.285546 -0.281636
14233 4.4642045 14.051851 -0.090874 0.063735 0.025653
14251 2.0005615 14.034103 -0.162807 0.093914 -0.068668
14269 5.0937974 14.016399 -0.077807 0.159864 -0.142168
14277 6.0050473 14.008545 -0.091256 0.169397 -0.150131
14281 2.0005603 14.004622 0.026330 0.032244 0.017679
14287 27.667877 13.998740 -0.051565 0.041397 -0.039964
14293 2.0005599 13.992864 -0.088977 0.071144 -0.037541
14299 4.3085499 13.986992 -0.160206 0.173605 -0.157010
14313 17.524334 13.973311 -0.056722 0.058563 -0.031143
14317 4.2849233 13.969407 0.041214 0.116406 -0.069315
14323 2.0005587 13.963555 0.058234 0.045046 0.019685
14341 2.0005580 13.946029 -0.020503 0.097282 0.081211
14347 2.0005578 13.940197 0.029402 0.101648 -0.056667
14349 6.0050220 13.938254 0.189228 0.180232 0.175378
14353 4.6326152 13.934369 -0.015983 0.210141 -0.192094
14367 6.0050157 13.920791 0.114429 0.108236 -0.007400
14371 9.3515536 13.916916 -0.034717 0.030562 -0.003031
14383 5.0935812 13.905305 -0.176154 0.113670 -0.095389
14389 2.0005561 13.899507 0.136939 0.116608 -0.033245
14401 2.0005557 13.887924 -0.026441 0.107729 0.093174
14403 6.0050031 13.885996 -0.135566 0.212993 -0.203992
14407 2.0005554 13.882141 -0.054559 0.048608 -0.009621
14419 2.0005550 13.870587 0.146850 0.089282 0.066552
14431 2.0005545 13.859053 -0.152212 0.277515 -0.271600
14437 2.0005543 13.853294 -0.069883 0.087530 -0.041653
14439 6.0049906 13.851375 0.069928 0.080363 0.000205
14449 2.0005538 13.841788 -0.119893 0.116419 -0.099080
14457 13.527018 13.834129 0.115364 0.117973 0.093974
14461 2.0005534 13.830302 0.058401 0.039485 -0.000850
14479 2.0005527 13.813109 0.057432 0.097116 -0.040506
14491 4.4632325 13.801670 0.058334 0.086409 -0.060563
14493 6.0049720 13.799765 -0.004621 0.092386 -0.051519
14497 24.545185 13.795958 0.224108 0.162648 0.151039
14503 2.0005518 13.790250 -0.135608 0.177674 -0.175898
14511 28.163028 13.782648 -0.073703 0.049687 0.014511
14521 5.7985425 13.773156 0.057474 0.082866 -0.023196
14527 4.3186919 13.767467 -0.065934 0.095554 0.037195
14533 2.0005506 13.761784 0.072361 0.053634 0.011592
14539 22.792867 13.756104 0.065717 0.044280 0.035550
14547 17.521229 13.748539 -0.086264 0.078973 -0.074876
14551 2.0005499 13.744760 -0.188546 0.151811 -0.137916
14557 2.0005497 13.739095 0.090687 0.086099 -0.002229
14563 2.0005495 13.733434 0.044271 0.122719 -0.093121
14581 9.3512907 13.716480 0.032398 0.050610 -0.035924
14583 6.0049413 13.714599 0.016625 0.063286 0.034354
14593 2.0005484 13.705201 -0.015006 0.123297 0.104985
14599 5.7984311 13.699568 -0.044550 0.120989 -0.105026
14601 14.137981 13.697692 -0.141398 0.171907 -0.167070
14611 5.0931590 13.688317 0.047686 0.076798 0.013114
14623 9.3512390 13.677084 0.041002 0.022938 0.005687
14629 2.0005470 13.671474 -0.126968 0.170872 -0.168519
14647 4.2855680 13.654673 -0.118017 0.165553 -0.155865
14653 2.0005461 13.649082 0.102140 0.177808 0.174363
14673 13.501725 13.630478 0.241660 0.152922 0.117803
14677 5.7983210 13.626763 0.010323 0.046223 0.005875
14683 2.0005450 13.621195 -0.036698 0.103377 0.044028
14689 4.5304958 13.615631 0.015665 0.118008 -0.080411
14701 4.3529499 13.604517 0.016743 0.040463 -0.019380
14709 6.0048990 13.597117 -0.059891 0.103067 0.069782
14713 2.0005439 13.593421 -0.117934 0.104863 -0.093753
14727 6.0048930 13.580498 -0.091812 0.070792 -0.058934
14731 2.0005432 13.576811 0.089078 0.122080 -0.074269
14737 2.0005430 13.571283 -0.249553 0.172178 -0.156289
14763 79.531313 13.547382 0.076857 0.049567 0.010773
14767 2.0005419 13.543712 0.005029 0.082391 -0.051077
14779 2.0005415 13.532715 0.018905 0.107487 0.099983
14781 17.518222 13.530884 0.072647 0.116046 -0.059232
14791 9.3510352 13.521736 -0.034311 0.051124 -0.043478
14797 2.0005408 13.516253 0.244498 0.207621 0.201675
14799 6.0048691 13.514427 0.044955 0.036651 -0.012196
14821 2.0005399 13.494366 0.056853 0.084170 0.032933
14827 2.0005397 13.488905 -0.108053 0.087917 -0.072388
14833 27.641276 13.483449 -0.004190 0.052730 -0.049328
14851 2.0005388 13.467107 -0.170340 0.235024 -0.225700
14853 6.0048514 13.465293 0.061654 0.094548 0.086354
14869 2.0005382 13.450804 0.018984 0.037257 -0.002641
14871 6.0048455 13.448995 -0.169857 0.275520 -0.271527
14887 2.0005375 13.434540 -0.141112 0.124167 -0.105314
14889 28.158865 13.432736 -0.033816 0.107007 -0.095589
14907 6.0048338 13.416516 0.048082 0.182843 -0.147951
14911 14.875670 13.412917 0.087344 0.089359 0.085248
14917 9.3508854 13.407522 -0.071670 0.068842 0.031639
14923 2.0005362 13.402131 -0.139433 0.233455 -0.229544
14929 2.0005360 13.396745 -0.046859 0.048778 -0.020551
14941 4.3316663 13.385985 -0.137214 0.222049 -0.214194
14947 2.0005354 13.380611 -0.104605 0.065342 0.004672
14953 5.0925500 13.375242 0.034557 0.052292 0.037820
14959 9.3508361 13.369878 0.006314 0.100112 -0.085709
14961 6.0048164 13.368090 -0.252669 0.182659 -0.155931
14979 6.0048106 13.352026 0.102723 0.080516 0.073159
14983 2.0005341 13.348462 -0.008137 0.095754 -0.060673
14989 5.7978919 13.343118 0.089038 0.116666 0.109893
14997 6.0048048 13.336001 0.047958 0.151134 -0.111418
15001 9.3507870 13.332445 -0.090855 0.126278 -0.121743
15007 4.4613898 13.327114 -0.038056 0.122303 -0.112867
15013 2.0005330 13.321788 -0.181595 0.098356 -0.078357
15031 2.0005324 13.305835 -0.011057 0.084881 0.069493
15033 6.0047933 13.304064 0.110986 0.097938 0.011757
15061 2.0005313 13.279331 -0.038934 0.101457 -0.076518
15067 15.664198 13.274043 0.001641 0.099896 -0.070304
15069 6.0047818 13.272281 -0.149818 0.071826 -0.006695
15073 2.0005309 13.268759 -0.006523 0.112152 0.091599
15091 2.0005303 13.252932 -0.136390 0.101649 -0.094152
15097 4.6306265 13.247665 -0.019606 0.086956 -0.051319
15121 2.0005292 13.226638 0.045560 0.050202 -0.023490
15127 9.3506413 13.221392 -0.113974 0.117398 -0.117072
15133 4.5291433 13.216150 -0.104103 0.177930 -0.174765
15139 2.0005286 13.210912 0.331004 0.409131 0.407641
15151 4.2754145 13.200449 -0.079798 0.118497 -0.090139
15159 14.124389 13.193482 -0.178494 0.249692 -0.244893
15177 6.0047478 13.177835 -0.008738 0.083387 0.062672
15187 2.0005269 13.169158 -0.196304 0.214895 -0.201377
15193 2.0005267 13.163957 -0.217750 0.257434 -0.252462
15199 2.0005265 13.158760 -0.163454 0.065006 -0.029344
15217 2.0005259 13.143195 0.115080 0.115126 0.111022
15223 5.7975816 13.138015 0.184027 0.245764 0.243111
15229 4.2811160 13.132839 -0.070307 0.132362 -0.115062
15231 6.0047309 13.131114 0.010703 0.073608 -0.061037
15241 2.0005250 13.122499 -0.026486 0.047300 0.025018
15247 4.3025044 13.117335 -0.095009 0.141701 -0.139301
15253 9.3504981 13.112175 -0.020769 0.038297 -0.036157
15259 2.0005244 13.107019 0.250771 0.194608 0.181774
15267 28.154910 13.100151 -0.135511 0.150741 -0.147480
15271 2.0005240 13.096719 0.042064 0.138679 -0.097348
15277 2.0005238 13.091576 0.145857 0.122773 -0.001702
15289 2.0005234 13.081300 0.005539 0.121009 -0.106637
15303 6.0047087 13.069333 -0.036494 0.095647 -0.090458
15307 2.0005228 13.065918 -0.006768 0.110466 0.093084
15313 2.0005226 13.060798 -0.075278 0.183473 -0.169285
15319 2.0005224 13.055682 0.147165 0.134094 -0.021899
15321 6.0047031 13.053978 0.168264 0.208504 0.202564
15331 2.0005220 13.045463 -0.002004 0.051752 -0.033412
15339 6.0046976 13.038660 0.077497 0.096000 0.019764
15343 4.3295944 13.035260 -0.043085 0.075881 -0.066647
15349 2.0005213 13.030165 -0.101361 0.101269 -0.077833
15357 6.0046921 13.023377 0.059966 0.090511 -0.055655
15361 2.0005209 13.019986 0.021461 0.165997 -0.138966
15373 2.0005205 13.009822 0.041256 0.109226 0.098383
15391 2.0005199 12.994607 -0.067041 0.101875 -0.071560
15393 28.153635 12.992919 -0.081749 0.109731 -0.104981
15403 4.3136596 12.984484 -0.015597 0.165453 -0.144321
15409 5.0917803 12.979428 -0.018448 0.077263 -0.036036
15421 9.3503107 12.969328 0.042720 0.066850 0.063566
15427 2.0005187 12.964283 0.067704 0.070875 -0.021520
15429 13.853199 12.962603 -0.153395 0.127487 -0.122877
15439 2.0005183 12.954207 -0.124671 0.245967 -0.234997
15447 15.427715 12.947498 -0.050888 0.074129 0.055494
15451 2.0005179 12.944146 0.308412 0.329695 0.327689
15469 4.6297045 12.929084 0.035786 0.111822 -0.085992
15483 17.509754 12.917393 0.070991 0.056512 0.046640
15493 2.0005165 12.909056 -0.014907 0.076144 0.046988
15501 6.0046485 12.902393 -0.128335 0.215065 -0.201903
15511 2.0005159 12.894075 -0.004918 0.031823 0.006379
15519 28.152381 12.887428 0.049934 0.132773 0.125083
15537 6.0046377 12.872498 0.185178 0.134407 0.019720
15541 2.0005149 12.869185 -0.053581 0.059690 0.026632
15547 9.3501729 12.864218 0.032915 0.056138 -0.031422
15553 4.2748574 12.859255 -0.169441 0.193409 -0.187946
15559 2.0005143 12.854297 -0.029543 0.047532 0.029036
15577 4.5278686 12.839443 -0.001601 0.062345 0.047331
15583 2.0005135 12.834499 -0.001819 0.094344 -0.072291
15591 6.0046216 12.827914 -0.193482 0.174506 -0.152990
15601 2.0005129 12.819691 -0.076116 0.077703 -0.035726
15607 2.0005127 12.814763 0.156547 0.110893 0.055362
15613 5.7970853 12.809838 0.047483 0.090023 -0.018192
15619 2.0005123 12.804917 0.143739 0.232053 0.229723
15627 6.0046110 12.798362 -0.228965 0.302774 -0.300362
15637 5.0914123 12.790177 -0.021717 0.060228 -0.054345
15643 2.0005115 12.785271 0.020858 0.064153 0.005332
15649 2.0005113 12.780369 -0.183202 0.201321 -0.189469
15661 2.0005110 12.770577 0.007660 0.065626 -0.016839
15667 2.0005108 12.765686 -0.012623 0.058216 -0.046903
15673 9.3500373 12.760799 -0.021175 0.033101 -0.030429
15679 2.0005104 12.755916 -0.057035 0.093571 -0.089595
15681 6.0045951 12.754289 0.076224 0.057815 0.040047
15699 6.0045898 12.739665 -0.039157 0.044245 -0.016181
15721 4.2997607 12.721837 0.055432 0.120044 -0.092747
15727 2.0005088 12.716984 0.048482 0.111004 0.104972
15733 2.0005086 12.712134 0.023283 0.100112 -0.039687
15739 2.0005084 12.707288 -0.291208 0.297924 -0.294572
15751 5.0912323 12.697607 -0.080900 0.089880 -0.086012
15757 9.3499481 12.692771 -0.152989 0.172637 -0.168644
15769 5.7968937 12.683112 0.115809 0.145074 0.139997
15771 28.149933 12.681504 -0.057866 0.049570 -0.044822
15781 4.4588543 12.673468 -0.137183 0.277979 -0.272529
15787 2.0005069 12.668651 0.002389 0.060898 0.050122
15789 15.422711 12.667047 -0.051070 0.085234 -0.035241
15799 22.398015 12.659029 -0.024018 0.075953 -0.070864
15811 4.2770001 12.649421 0.028069 0.095933 0.087595
15817 2.0005059 12.644623 -0.123092 0.255287 -0.248553
15823 2.0005057 12.639828 0.015350 0.093099 -0.034831
15841 22.674539 12.625466 -0.035982 0.077089 0.061250
15843 6.0045480 12.623872 -0.034916 0.072488 -0.042179
15859 2.0005046 12.611136 -0.194265 0.283189 -0.280588
15877 2.0005040 12.596838 0.099278 0.099255 -0.026651
15879 13.442540 12.595252 -0.044462 0.089303 -0.024151
15883 9.3498160 12.592080 0.047330 0.072677 0.069512
15889 2.0005036 12.587325 0.074156 0.107459 0.095763
15897 28.148738 12.580990 0.026514 0.019765 -0.010743
15901 2.0005032 12.577825 0.002973 0.123027 -0.081751
15907 2.0005030 12.573081 0.069251 0.110219 -0.052388
15913 2.0005029 12.568340 0.014036 0.109238 -0.060552
15919 2.0005027 12.563603 -0.125813 0.077321 -0.056931
15937 2.0005021 12.549413 0.079785 0.097083 0.063923
15951 17.504527 12.538399 0.022421 0.053693 0.021827
15967 9.3497292 12.525835 -0.060902 0.037140 -0.031408
15969 6.0045121 12.524266 -0.078231 0.108491 -0.090463
15973 2.0005010 12.521129 -0.146435 0.179866 -0.177607
15991 2.0005004 12.507035 0.070016 0.159855 -0.110046
16003 5.7966132 12.497657 0.018619 0.049364 -0.026377
16009 9.3496861 12.492973 0.051899 0.084208 0.076212
16021 4.5266653 12.483615 0.178048 0.175888 0.171058
16033 2.0004991 12.474272 -0.094233 0.223682 -0.211405
16039 4.4580641 12.469605 -0.060149 0.061755 0.031539
16041 6.0044919 12.468051 0.039771 0.124117 -0.076145
16051 9.3496432 12.460283 0.051567 0.030346 0.003143
16057 2.0004983 12.455627 -0.164243 0.097219 -0.078772
16063 2.0004982 12.450974 -0.127222 0.113537 -0.096916
16069 2.0004980 12.446325 0.127209 0.100847 -0.010619
16081 5.7965216 12.437037 -0.116667 0.085167 -0.054462
16087 2.0004974 12.432399 -0.055659 0.040964 -0.001447
16111 2.0004967 12.413879 -0.048596 0.150825 -0.123270
16131 15.417921 12.398487 0.086059 0.100809 0.000691
16141 2.0004958 12.390806 -0.064512 0.116621 -0.113447
16147 4.3257652 12.386202 0.043666 0.102563 -0.033465
16149 28.146405 12.384668 -0.105786 0.057238 -0.039791
16171 4.2704166 12.367819 0.027510 0.044107 -0.022383
16177 9.3495160 12.363232 0.012380 0.072609 -0.065712
16183 2.0004945 12.358648 -0.105312 0.069471 -0.053086
16189 2.0004943 12.354068 0.035450 0.070153 -0.008393
16207 5.0905379 12.340347 0.018689 0.080707 -0.030618
16213 4.6279883 12.335780 -0.115118 0.117474 -0.115904
16221 6.0044420 12.329696 -0.006593 0.072471 0.060730
16231 2.0004930 12.322100 0.026449 0.143703 0.131407
16237 5.7963409 12.317546 -0.102005 0.186588 -0.176466
16239 6.0044370 12.316029 0.003414 0.051155 -0.031102
16243 4.5260885 12.312996 0.020377 0.098505 0.037486
16249 2.0004925 12.308450 0.167205 0.135041 0.107356
16257 6.0044321 12.302393 -0.233185 0.180688 -0.162169
16267 2.0004919 12.294830 -0.037231 0.115095 -0.099995
16273 2.0004917 12.290297 -0.064550 0.072690 -0.000322
16279 4.3091787 12.285767 -0.014850 0.092824 -0.011321
16293 6.0044223 12.275210 -0.222093 0.292245 -0.288762
16297 4.4572991 12.272197 -0.172718 0.144015 -0.141055
16311 6.0044174 12.261664 -0.050538 0.134440 -0.125037
16321 5.0903704 12.254151 -0.009537 0.085587 0.010056
16329 6.0044126 12.248147 -0.121593 0.172012 -0.146265
16333 2.0004899 12.245148 0.069874 0.065780 0.024617
16339 2.0004897 12.240651 -0.083552 0.083096 -0.075643
16347 6.0044077 12.234661 0.193361 0.207572 0.203189
16363 2.0004890 12.222698 -0.031515 0.128409 -0.103393
16369 2.0004888 12.218217 0.073984 0.129725 -0.083809
16381 2.0004885 12.209267 -0.175286 0.201518 -0.198554
16383 13.661038 12.207776 -0.001980 0.100586 -0.024502
16387 9.3493082 12.204796 -0.039494 0.052578 0.032578
16411 2.0004876 12.186948 0.098682 0.130455 -0.019076
16417 2.0004874 12.182494 -0.028873 0.039236 -0.009654
16419 17.499600 12.181010 0.061988 0.090004 -0.019409
16429 9.3492673 12.173595 -0.115570 0.073413 -0.054448
16437 6.0043836 12.167670 -0.005618 0.063544 -0.051566
16447 2.0004865 12.160272 -0.000161 0.134117 -0.086276
16453 2.0004864 12.155838 0.058149 0.138909 -0.068539
16459 4.2653709 12.151407 0.018290 0.079460 -0.030402
16471 27.572295 12.142554 0.017152 0.061455 0.058215
16477 2.0004856 12.138132 -0.049704 0.090512 0.068683
16509 6.0043644 12.114604 0.121838 0.121064 -0.027534
16519 2.0004844 12.107270 -0.057871 0.169967 -0.160129
16527 28.143040 12.101410 0.022012 0.066598 -0.046400
16531 4.3448321 12.098482 0.077133 0.133840 -0.043462
16549 15.566373 12.085322 0.029608 0.043962 -0.007609
16561 2.0004832 12.076565 -0.010792 0.151015 -0.126722
16563 6.0043502 12.075107 -0.170980 0.173415 -0.171793
16567 2.0004830 12.072192 -0.043501 0.072999 -0.054140
16573 2.0004828 12.067821 0.081770 0.122668 -0.015610
16581 6.0043455 12.061999 0.035282 0.123260 0.108135
16597 9.3491058 12.050371 -0.091244 0.117203 -0.114245
16603 2.0004820 12.046016 -0.104011 0.116818 -0.114059
16627 5.7959041 12.028628 0.245170 0.231804 0.228082
16633 2.0004811 12.024289 -0.187313 0.103634 -0.081438
16639 9.3490659 12.019953 -0.140116 0.130124 -0.128343
16651 2.0004806 12.011291 -0.004846 0.043612 -0.008277
16653 86.565302 12.009848 -0.019494 0.053676 -0.049928
16657 2.0004804 12.006964 -0.119163 0.195454 -0.184948
16663 5.0898816 12.002641 -0.216430 0.185268 -0.163968
16669 4.2947504 11.998320 -0.087437 0.067370 -0.003263
16671 6.0043220 11.996881 0.072185 0.119158 -0.068504
16681 9.3490262 11.989689 -0.075175 0.051085 -0.044595
16689 6.0043173 11.983942 0.069833 0.081432 0.072398
16693 2.0004794 11.981070 -0.139958 0.190434 -0.163383
16699 2.0004792 11.976765 -0.013635 0.112331 0.050702
16707 6.0043127 11.971030 -0.125357 0.101120 -0.077607
16717 4.3071176 11.963869 -0.014727 0.114344 -0.091323
16723 9.3489867 11.959577 -0.042544 0.059404 -0.055910
16729 2.0004783 11.955287 -0.200871 0.138834 -0.130438
16741 2.0004780 11.946718 -0.069808 0.104921 -0.038035
16743 6.0043034 11.945291 -0.131704 0.099553 -0.097101
16747 2.0004778 11.942437 -0.222725 0.209043 -0.191702
16759 2.0004775 11.933886 -0.213909 0.154533 -0.149356
16761 13.820656 11.932462 -0.105253 0.192126 -0.178750
16771 4.6268018 11.925347 -0.211440 0.221021 -0.218108
16777 5.0897232 11.921082 0.219766 0.252958 0.250083
16783 5.7957351 11.916821 -0.111611 0.150537 -0.137642
16789 4.2663109 11.912562 -0.207682 0.155966 -0.136714
16831 2.0004754 11.882835 -0.140585 0.230582 -0.220548
16833 14.089140 11.881423 -0.021404 0.034970 -0.002223
16843 2.0004751 11.874369 0.141764 0.077795 0.047012
16861 5.7956518 11.861693 -0.106445 0.102318 -0.068112
16869 6.0042712 11.856067 0.138906 0.095792 0.016295
16879 2.0004741 11.849043 -0.079624 0.093944 -0.075325
16887 17.494949 11.843430 -0.112754 0.111411 -0.081752
16891 24.413369 11.840625 0.101659 0.066199 -0.011069
16897 4.3434227 11.836421 -0.134032 0.077316 -0.065017
16903 2.0004734 11.832219 -0.185299 0.105794 -0.057929
16909 4.5244498 11.828021 0.083531 0.139696 -0.048586
16921 2.0004729 11.819632 -0.102859 0.120715 -0.101987
16923 6.0042576 11.818236 -0.263055 0.205334 -0.187329
16927 2.0004727 11.815443 0.067530 0.062767 -0.013008
16939 5.7955692 11.807072 -0.113806 0.121311 -0.119741
16941 6.0042531 11.805679 -0.159970 0.124246 -0.121023
16957 4.6264238 11.794539 -0.154815 0.205152 -0.191991
16959 6.0042485 11.793148 -0.016332 0.122241 0.085769
16963 2.0004717 11.790367 0.006829 0.085976 0.068637
16977 6.0042440 11.780644 0.143103 0.099045 0.018482
16981 2.0004712 11.777869 0.043556 0.071733 0.058627
16987 2.0004711 11.773709 -0.040063 0.090700 -0.067635
16993 2.0004709 11.769552 0.109843 0.139759 -0.044557
17011 2.0004704 11.757098 -0.291553 0.148133 -0.120060
17029 2.0004699 11.744671 0.044498 0.071449 -0.010047
17031 28.138786 11.743292 -0.109366 0.148925 -0.143971
17041 2.0004696 11.736400 0.108859 0.134324 0.055521
17047 2.0004694 11.732270 0.032803 0.069406 0.029413
17049 6.0042261 11.730893 -0.174239 0.122933 -0.092167
17053 2.0004692 11.728142 -0.085882 0.045602 -0.027537
17059 9.3486779 11.724017 -0.092305 0.048607 -0.037854
17067 6.0042216 11.718521 0.017198 0.055597 -0.009061
17071 4.4551445 11.715775 0.016637 0.049856 0.008189
17077 2.0004686 11.711659 0.042816 0.108479 -0.030957
17103 6.0042127 11.693855 -0.109083 0.112382 -0.093945
17107 2.0004678 11.691121 -0.072686 0.134712 -0.127343
17113 4.2609399 11.687022 -0.136345 0.125398 -0.106386
17121 17.492720 11.681561 -0.047586 0.030847 -0.020428
17131 4.5239321 11.674742 -0.061688 0.063186 0.004565
17137 2.0004669 11.670654 -0.036913 0.037135 -0.008341
17143 22.575144 11.666569 0.007569 0.045383 -0.035581
17157 78.208547 11.657050 -0.017744 0.041437 0.030324
17167 2.0004661 11.650259 -0.092341 0.104511 -0.072654
17173 5.7953261 11.646189 -0.059085 0.066917 -0.033275
17191 2.0004655 11.633995 -0.026999 0.038558 -0.026081
17203 2.0004651 11.625879 -0.231365 0.302324 -0.298569
17209 2.0004650 11.621826 -0.016003 0.114367 -0.029615
17211 6.0041863 11.620475 0.189106 0.113695 0.059394
17229 6.0041819 11.608335 0.240734 0.158975 0.140352
17233 5.0891104 11.605640 -0.091790 0.115596 -0.112960
17239 2.0004642 11.601601 -0.108223 0.165476 -0.134629
17247 6.0041775 11.596220 -0.035786 0.071679 -0.060806
17251 5.7952465 11.593531 -0.140441 0.171870 -0.155002
17257 2.0004637 11.589500 0.220861 0.247481 0.246228
17263 4.3420738 11.585472 -0.063206 0.139658 -0.133978
17269 9.3484910 11.581447 -0.047756 0.043768 -0.040850
17283 28.136752 11.572065 -0.030751 0.024083 0.011425
17293 2.0004627 11.565373 -0.091673 0.133590 -0.098239
17299 2.0004626 11.561362 0.016836 0.087712 -0.038645
17301 13.372754 11.560025 -0.078763 0.156931 -0.130972
17311 9.3484542 11.553348 0.021070 0.021036 -0.009265
17317 2.0004621 11.549345 -0.238022 0.237805 -0.234011
17329 14.628258 11.541347 -0.064013 0.127071 -0.088745
17337 6.0041558 11.536021 0.024688 0.059451 -0.000800
17341 2.0004614 11.533360 -0.088265 0.144781 -0.113000
17353 22.258137 11.525385 -0.109555 0.092308 -0.090956
17359 2.0004610 11.521401 -0.079115 0.139262 -0.132410
17373 6.0041472 11.512117 -0.241648 0.216668 -0.214075
17377 2.0004605 11.509467 -0.166895 0.232854 -0.225098
17383 2.0004603 11.505494 0.027036 0.065797 0.054498
17389 2.0004602 11.501524 -0.098049 0.078886 -0.073176
17401 2.0004598 11.493592 0.039125 0.076324 0.065719
17409 28.135758 11.488311 0.069438 0.045183 0.015090
17419 2.0004594 11.481715 -0.008819 0.089824 -0.047670
17427 13.806298 11.476445 0.037294 0.131334 0.086839
17431 2.0004591 11.473811 -0.177779 0.157569 -0.152103
17443 2.0004587 11.465918 0.341614 0.283107 0.263508
17449 2.0004586 11.461975 0.046914 0.063708 0.040427
17461 5.0888160 11.454098 -0.065191 0.143553 -0.107791
17463 6.0041258 11.452786 0.148064 0.093706 0.067419
17467 2.0004581 11.450163 -0.044594 0.084660 -0.063022
17481 6.0041216 11.440993 -0.057658 0.112861 -0.088948
17491 2.0004575 11.434452 0.165855 0.180433 0.174025
17497 2.0004573 11.430531 -0.105266 0.171946 -0.155948
17499 15.400660 11.429225 -0.144554 0.180648 -0.178083
17509 2.0004570 11.422697 -0.023814 0.072063 -0.036065
17517 6.0041131 11.417480 -0.110060 0.098037 -0.031258
17521 9.3482726 11.414874 -0.137452 0.069307 -0.058350
17539 2.0004562 11.403159 0.004471 0.117508 -0.039663
17551 2.0004559 11.395362 0.125050 0.081883 0.019137
17553 6.0041047 11.394064 -0.197773 0.170703 -0.153039
17557 4.2663265 11.391468 0.096677 0.133190 0.126208
17563 27.533608 11.387576 -0.058666 0.044366 -0.043922
17569 2.0004555 11.383687 -0.202014 0.101743 -0.084003
17571 6.0041005 11.382391 -0.012893 0.054337 -0.045104
17581 2.0004551 11.375917 -0.103867 0.182944 -0.160293
17587 4.4538145 11.372036 -0.069559 0.133790 -0.091433
17593 4.3033083 11.368158 0.082941 0.080767 -0.025413
17599 2.0004547 11.364282 -0.007059 0.054368 0.032222
17607 6.0040921 11.359119 -0.134905 0.129835 -0.109093
17617 4.2902892 11.352671 0.142318 0.176960 0.174128
17623 2.0004541 11.348806 -0.111039 0.190930 -0.172868
17643 6.0040837 11.335941 -0.081343 0.145040 -0.113628
17647 9.3481658 11.333371 -0.016162 0.105086 0.091097
17653 4.2524541 11.329519 0.035345 0.058064 -0.024812
17659 2.0004531 11.325670 0.083945 0.059241 0.011302
17683 2.0004525 11.310298 -0.027807 0.025058 -0.014225
17701 4.6249918 11.298797 0.056081 0.062312 -0.012521
17707 2.0004519 11.294968 -0.038744 0.145434 -0.114590
17713 2.0004517 11.291142 -0.132335 0.105160 -0.043434
17737 2.0004511 11.275864 -0.139493 0.168327 -0.166287
17749 2.0004508 11.268240 -0.086157 0.168531 -0.140675
17751 13.394454 11.266971 -0.099962 0.049754 0.000400
17761 2.0004505 11.260627 0.033561 0.141235 0.125630
17767 4.2568434 11.256824 0.244379 0.138311 0.070838
17769 6.0040547 11.255557 0.066733 0.117033 0.013381
17773 9.3480605 11.253024 0.015937 0.027028 -0.017672
17791 2.0004498 11.241639 -0.242100 0.150265 -0.128497
17803 5.0883887 11.234062 0.058254 0.155361 0.142047
17823 17.486387 11.221455 -0.132678 0.115933 -0.113524
17827 2.0004489 11.218938 0.029573 0.067191 -0.030360
17839 2.0004486 11.211391 -0.032770 0.113413 0.019750
17841 15.396764 11.210134 -0.026737 0.062868 -0.033275
17851 2.0004483 11.203854 -0.133507 0.128129 -0.125370
17857 9.3479911 11.200090 -0.139675 0.117561 -0.116142
17859 6.0040343 11.198835 -0.091090 0.059929 0.002211
17863 2.0004480 11.196328 -0.006103 0.118284 -0.101019
17881 2.0004475 11.185057 -0.114467 0.086868 -0.020157
17887 4.6246526 11.181305 0.042118 0.090133 -0.034410
17899 9.3479567 11.173809 -0.050545 0.056313 -0.054162
17911 2.0004468 11.166322 -0.102269 0.088229 -0.039103
17913 28.131920 11.165076 0.044898 0.028279 0.003783
17923 2.0004465 11.158846 -0.164934 0.228520 -0.219908
17929 2.0004463 11.155112 0.153002 0.128443 0.123186
17931 13.622792 11.153868 -0.108730 0.172539 -0.149650
17949 14.069371 11.142682 -0.032257 0.127146 -0.117393
17953 5.7945614 11.140199 0.189914 0.149818 0.144607
17959 2.0004456 11.136478 -0.048242 0.123982 0.072230
17971 2.0004453 11.129041 -0.045693 0.072573 -0.051486
17977 2.0004451 11.125327 -0.176216 0.145093 -0.141526
17989 2.0004448 11.117905 0.157258 0.178102 0.167021
18013 2.0004442 11.103092 -0.078386 0.083355 -0.066125
18019 4.5219901 11.099395 -0.168421 0.189061 -0.186447
18021 6.0039980 11.098163 -0.160966 0.131717 -0.105860
18031 15.485561 11.092008 0.052102 0.046059 0.030462
18039 28.130994 11.087089 -0.167782 0.150844 -0.145321
18043 2.0004435 11.084631 -0.342705 0.295769 -0.293277
18049 2.0004433 11.080946 0.083389 0.158228 -0.051000
18057 17.484386 11.076037 -0.301875 0.229246 -0.220279
18061 2.0004430 11.073584 -0.172099 0.209697 -0.206940
18091 4.2882370 11.055221 -0.146455 0.206162 -0.189040
18093 13.793025 11.053999 0.134209 0.165438 0.163277
18097 2.0004422 11.051556 0.153924 0.115651 -0.027981
18103 4.4525610 11.047893 -0.036741 0.086317 0.067135
18109 27.516049 11.044232 0.125338 0.100442 0.094327
18111 6.0039781 11.043013 0.247071 0.163838 0.154809
18121 2.0004416 11.036918 0.118984 0.074010 0.028198
18127 2.0004414 11.033265 -0.160967 0.193097 -0.167228
18129 6.0039742 11.032048 -0.112823 0.057169 -0.045119
18133 2.0004413 11.029615 -0.059557 0.127245 -0.080662
18151 9.3477533 11.018677 -0.009489 0.030652 0.024303
18157 4.3176981 11.015036 -0.151043 0.203015 -0.199813
18169 2.0004404 11.007760 -0.087583 0.154864 -0.110137
18181 2.0004401 11.000495 0.146667 0.187874 0.181812
18187 5.7943449 10.996866 0.067003 0.080568 0.072573
18199 2.0004397 10.989615 -0.079857 0.154693 -0.149044
18201 6.0039584 10.988407 -0.101549 0.168677 -0.163609
18211 2.0004394 10.982373 -0.045373 0.133401 -0.064572
18217 2.0004392 10.978756 0.044786 0.103108 0.020242
18219 6.0039545 10.977551 0.209805 0.253632 0.250879
18223 2.0004391 10.975141 0.104004 0.129600 0.126479
18229 2.0004390 10.971529 -0.181507 0.113517 -0.098684
18237 6.0039506 10.966716 0.018295 0.037825 0.004746
18253 2.0004384 10.957103 -0.273731 0.275218 -0.273041
18273 6.0039428 10.945110 -0.000830 0.137651 -0.042380
18289 2.0004375 10.935535 -0.095356 0.097690 -0.069328
18291 86.024691 10.934339 -0.096906 0.072095 -0.069573
18301 2.0004372 10.928365 -0.126588 0.101849 0.009866
18307 2.0004371 10.924783 0.098835 0.099897 0.087965
18313 2.0004369 10.921204 -0.065965 0.165334 -0.156128
18319 9.3476209 10.917627 -0.070293 0.065527 -0.063954
18361 22.025491 10.892653 -0.122465 0.129648 -0.128143
18363 6.0039235 10.891467 0.126682 0.188308 0.177222
18367 2.0004357 10.889095 -0.167583 0.159266 -0.157755
18373 5.0877120 10.885539 0.175983 0.103642 0.082128
18379 2.0004354 10.881985 -0.205371 0.147143 -0.127405
18397 2.0004349 10.871338 0.035211 0.062285 0.011897
18399 6.0039158 10.870156 -0.264463 0.266502 -0.262364
18417 28.128293 10.859532 -0.039514 0.073978 -0.070132
18427 2.0004342 10.853639 -0.184540 0.112498 -0.076758
18433 2.0004341 10.850106 0.140209 0.086048 0.017183
18439 2.0004340 10.846575 -0.008278 0.096624 -0.090030
18451 2.0004337 10.839521 0.013702 0.080639 -0.065135
18453 6.0039043 10.838346 -0.011121 0.069704 0.057653
18457 2.0004335 10.835997 -0.113631 0.091742 -0.032471
18463 4.5210897 10.832476 -0.205209 0.137211 -0.098185
18481 2.0004330 10.821925 -0.107175 0.159240 -0.156661
18487 24.345021 10.818413 0.007266 0.050109 -0.039810
18489 6.0038967 10.817243 -0.006083 0.087021 0.062175
18493 2.0004327 10.814903 -0.039135 0.028089 0.001175
18499 5.7940647 10.811395 -0.019882 0.070627 -0.024804
18507 14.060399 10.806722 -0.029517 0.101624 -0.089182
18517 2.0004321 10.800886 0.016068 0.057415 -0.000774
18523 2.0004320 10.797387 -0.000728 0.047524 -0.003836
18529 9.3474587 10.793891 0.015692 0.010020 0.005991
18541 2.0004316 10.786905 0.002136 0.057049 0.026662
18543 28.127418 10.785741 0.055722 0.055113 -0.014879
18553 2.0004313 10.779928 -0.111074 0.128490 -0.089367
18559 4.3162975 10.776443 0.288712 0.208787 0.204083
18577 5.7939961 10.766001 -0.109996 0.089993 -0.087384
18583 2.0004306 10.762525 0.240335 0.215205 0.213460
18597 6.0038741 10.754423 0.282731 0.321737 0.319706
18613 9.3473949 10.745178 -0.077340 0.048632 -0.045581
18619 4.4513777 10.741715 0.024536 0.066568 0.044142
18631 4.6233637 10.734797 -0.230331 0.195842 -0.178022
18633 6.0038666 10.733645 -0.045445 0.146248 -0.137974
18637 2.0004293 10.731341 -0.131331 0.149351 -0.117486
18643 4.2556640 10.727887 0.097819 0.087328 0.048667
18651 6.0038629 10.723286 -0.179710 0.192191 -0.182768
18661 2.0004288 10.717539 -0.159110 0.078357 -0.062026
18679 2.0004284 10.707211 -0.001832 0.130775 -0.012285
18687 6.0038554 10.702627 -0.302910 0.179677 -0.163018
18691 2.0004281 10.700337 0.042059 0.077746 0.053346
18697 9.3473316 10.696903 0.069681 0.058298 0.048637
18721 4.2603402 10.683190 -0.388790 0.317527 -0.315321
18727 4.3372127 10.679767 0.084969 0.136209 0.121687
18739 9.3473002 10.672928 0.033261 0.082387 0.079222
18741 6.0038443 10.671789 0.067939 0.061379 -0.018549
18757 2.0004266 10.662686 -0.077318 0.106480 -0.040773
18781 9.3472689 10.649060 0.000734 0.097821 -0.088079
18787 2.0004259 10.645659 -0.169456 0.094162 -0.076405
18793 2.0004258 10.642260 0.016149 0.055835 -0.012356
18811 5.7937938 10.632077 0.029375 0.055752 0.005454
18813 6.0038296 10.630947 -0.174109 0.175291 -0.146221
18817 4.6230576 10.628687 -0.004020 0.057002 0.047924
18823 9.3472377 10.625299 -0.037187 0.141898 -0.130101
18829 5.0872003 10.621913 -0.060158 0.107841 -0.102544
18831 6.0038259 10.620785 0.130795 0.151784 0.142989
18849 13.360978 10.610642 0.202394 0.110467 0.079154
18859 2.0004243 10.605016 -0.071139 0.121005 -0.117915
18867 15.385933 10.600519 -0.003961 0.094944 -0.057957
18877 4.4508105 10.594904 0.042231 0.112089 -0.065495
18889 5.7937275 10.588173 -0.053040 0.120156 -0.064615
18903 6.0038113 10.580331 -0.116830 0.167128 -0.146408
18907 22.142585 10.578093 0.051050 0.033602 0.024870
18913 2.0004231 10.574737 -0.213783 0.170211 -0.162091
18919 2.0004229 10.571383 0.050236 0.055323 -0.011340
18943 5.0870762 10.557990 -0.176871 0.133024 -0.127877
18949 9.3471451 10.554647 -0.109315 0.113823 -0.112978
18961 4.3149570 10.547967 0.256887 0.267417 0.266011
18967 5.7936617 10.544630 -0.086449 0.125429 -0.065458
18973 2.0004217 10.541296 -0.195911 0.114186 -0.075641
18979 2.0004216 10.537963 0.118168 0.093948 -0.014436
18991 9.3471146 10.531304 -0.118074 0.087962 -0.083124
18993 17.476881 10.530195 0.157187 0.109985 0.097677
19003 4.6227574 10.524654 0.023383 0.060386 0.037800
19009 2.0004209 10.521332 -0.341497 0.220569 -0.207226
19011 6.0037897 10.520225 -0.128457 0.161426 -0.158890
19029 6.0037861 10.510274 -0.272370 0.181006 -0.163097
19033 9.3470841 10.508065 -0.050761 0.098767 -0.094393
19039 4.2844444 10.504753 0.114471 0.118015 0.104049
19047 28.124031 10.500341 -0.074325 0.056008 -0.052395
19051 2.0004200 10.498137 -0.110671 0.098767 -0.044561
19069 2.0004196 10.488227 -0.117701 0.111103 -0.107717
19081 2.0004194 10.481631 0.112048 0.097320 0.073818
19083 6.0037754 10.480532 -0.139786 0.187236 -0.184061
19087 2.0004192 10.478336 -0.087897 0.090273 -0.012130
19093 4.3361154 10.475043 -0.201071 0.176928 -0.161719
19101 6.0037718 10.470656 -0.073350 0.138021 -0.108282
19117 9.3470236 10.461893 0.007970 0.069503 0.065702
19119 6.0037683 10.460798 -0.002867 0.092382 -0.059944
19123 5.7935318 10.458610 -0.149173 0.136916 -0.134901
19137 6.0037647 10.450959 0.188053 0.106762 0.083231
19141 2.0004180 10.448775 -0.095974 0.179128 -0.145486
19171 5.0868325 10.432424 0.064615 0.085967 -0.031027
19177 4.2424645 10.429160 -0.266929 0.203254 -0.186141
19183 2.0004171 10.425898 -0.194384 0.219249 -0.205651
19189 4.6224631 10.422638 0.090337 0.088392 -0.033691
19191 6.0037541 10.421552 -0.153184 0.121460 -0.074368
19201 27.483986 10.416124 -0.181033 0.134551 -0.122979
19207 2.0004166 10.412870 0.126023 0.122264 0.111309
19209 15.382583 10.411786 -0.049398 0.073315 -0.068486
19213 2.0004165 10.409618 0.244058 0.127138 0.090865
19219 2.0004163 10.406369 -0.209609 0.183620 -0.166933
19231 2.0004161 10.399875 0.157753 0.077615 0.041835
19237 2.0004160 10.396631 0.028689 0.040053 0.016221
19243 9.3469338 10.393390 -0.011011 0.060669 0.053257
19249 2.0004157 10.390150 0.140032 0.076463 0.035612
19263 6.0037401 10.382599 -0.032248 0.041028 -0.013633
19267 2.0004153 10.380443 -0.160561 0.205038 -0.190664
19273 2.0004152 10.377212 0.127202 0.144307 0.135324
19279 5.7934040 10.373982 -0.097926 0.102793 -0.101251
19281 6.0037366 10.372906 -0.052884 0.119815 -0.021597
19299 28.122404 10.363231 0.122466 0.125872 0.121488
19303 4.2576234 10.361084 -0.016714 0.136793 -0.021608
19309 2.0004144 10.357864 -0.197869 0.202073 -0.185089
19333 2.0004139 10.345006 -0.078222 0.074404 -0.068827
19351 4.5194138 10.335383 -0.239136 0.133920 -0.114496
19353 6.0037227 10.334315 -0.117238 0.176881 -0.142546
19357 5.7933408 10.332180 0.114652 0.119319 0.103154
19369 9.3468452 10.325778 -0.127640 0.166909 -0.160417
19381 2.0004129 10.319385 0.059434 0.044877 0.033325
19387 2.0004127 10.316191 -0.229605 0.222288 -0.214448
19399 5.0865946 10.309810 0.027461 0.066191 0.040266
19407 6.0037123 10.305560 -0.129521 0.156869 -0.111965
19417 2.0004121 10.300252 0.051612 0.059436 -0.015317
19423 2.0004120 10.297070 0.160965 0.082217 0.042332
19429 2.0004118 10.293891 -0.247708 0.146835 -0.127222
19441 2.0004116 10.287537 0.481452 0.420909 0.419235
19443 6.0037054 10.286478 -0.147314 0.196742 -0.178556
19447 2.0004115 10.284363 -0.115804 0.168851 -0.166098
19461 17.473401 10.276964 -0.050037 0.063478 -0.055491
19471 2.0004110 10.271686 -0.129327 0.095741 -0.027673
19477 2.0004108 10.268522 -0.124360 0.107321 -0.039911
19479 13.590790 10.267468 0.199401 0.166148 0.162588
19483 2.0004107 10.265360 -0.049792 0.120489 -0.074795
19489 2.0004106 10.262199 0.092232 0.085901 0.045344
19497 13.310804 10.257988 -0.015615 0.063044 0.016278
19501 2.0004103 10.255884 -0.101312 0.177520 -0.173195
19507 2.0004102 10.252730 0.118786 0.169477 0.158654
19513 15.417679 10.249577 -0.167138 0.140143 -0.112851
19531 2.0004097 10.240131 -0.161941 0.162104 -0.159834
19537 9.3467289 10.236986 0.059802 0.062079 0.043692
19543 2.0004094 10.233843 -0.101728 0.173102 -0.170295
19561 4.6218914 10.224426 -0.342910 0.279579 -0.275477
19579 9.3467001 10.215026 -0.113876 0.164707 -0.158133
19587 6.0036782 10.210854 0.022080 0.068292 -0.046288
19597 2.0004083 10.205644 -0.227498 0.129173 -0.102812
19603 2.0004082 10.202520 0.040857 0.137573 -0.050213
19609 2.0004081 10.199398 0.014625 0.037464 -0.009116
19621 9.3466714 10.193160 -0.140455 0.136147 -0.130608
19623 14.044015 10.192121 0.465164 0.412231 0.410846
19627 5.0863622 10.190044 0.044604 0.058463 0.035099
19641 6.0036680 10.182781 -0.070347 0.074046 -0.057575
19651 4.4491991 10.177599 0.082362 0.040677 0.027976
19659 6.0036647 10.173457 -0.192027 0.143226 -0.117709
19677 28.120043 10.164151 -0.063910 0.087060 -0.086002
19681 2.0004066 10.162085 -0.132821 0.194630 -0.176511
19687 2.0004064 10.158988 -0.173427 0.194377 -0.172757
19699 2.0004062 10.152800 0.079824 0.062833 -0.025914
19713 6.0036546 10.145589 -0.121074 0.130793 -0.128367
19717 2.0004058 10.143531 0.047871 0.062974 -0.019904
19729 4.2462201 10.137361 -0.088310 0.174464 -0.141189
19731 6.0036513 10.136334 -0.080371 0.094685 -0.029200
19741 5.0862480 10.131199 -0.121617 0.059561 -0.039722
19753 2.0004051 10.125044 -0.122890 0.069738 -0.058813
19759 2.0004050 10.121970 -0.083339 0.139556 -0.108033
19777 2.0004046 10.112757 0.023096 0.069684 -0.023317
19783 4.2952831 10.109690 0.094101 0.106622 0.091923
19801 2.0004041 10.100500 -0.090420 0.077355 -0.045987
19813 2.0004039 10.094382 0.018501 0.121645 -0.048363
19819 2.0004037 10.091327 0.200462 0.235044 0.231276
19821 6.0036347 10.090308 -0.214812 0.167891 -0.153923
19831 9.3465300 10.085220 -0.022450 0.048307 0.039392
19843 2.0004032 10.079121 -0.082218 0.115157 -0.087986
19857 6.0036281 10.072015 0.238700 0.239907 0.238185
19861 2.0004029 10.069986 0.145430 0.130086 0.122700
19867 2.0004028 10.066945 0.100572 0.070803 0.031611
19879 4.2496927 10.060868 -0.090399 0.070822 -0.056557
19891 2.0004023 10.054799 -0.079763 0.119255 -0.089604
19893 15.376232 10.053788 -0.088998 0.048817 -0.026040
19903 5.7929128 10.048736 0.058868 0.069180 0.023550
19909 4.4486900 10.045708 0.000859 0.027540 -0.005085
19911 6.0036183 10.044699 -0.153944 0.184702 -0.147553
19927 2.0004015 10.036634 0.191824 0.181774 0.179377
19929 85.578100 10.035626 0.041070 0.034684 0.031081
19933 4.6213412 10.033613 -0.168438 0.172263 -0.151913
19939 4.2380573 10.030593 -0.216720 0.143057 -0.118437
19947 13.331328 10.026570 -0.008063 0.172829 -0.090278
19957 9.3464466 10.021546 -0.065665 0.064153 -0.063449
19963 2.0004008 10.018534 -0.236522 0.206411 -0.202289
19969 5.0860236 10.015524 0.086476 0.081374 -0.020579
19983 6.0036052 10.008507 -0.014343 0.045399 0.006459
19993 2.0004002 10.003501 -0.191510 0.187665 -0.186225
19999 9.3464190 10.000500 -0.088672 0.104267 -0.103250
20011 2.0003999 9.9945030 0.057562 0.078218 0.025856
20017 4.5182552 9.9915072 -0.283003 0.175945 -0.158207
20019 6.0035987 9.9905090 -0.086183 0.168269 -0.162742
20023 2.0003996 9.9885132 -0.188170 0.137143 -0.100514
20029 2.0003995 9.9855210 -0.018571 0.101009 -0.068834
20037 6.0035955 9.9815342 -0.261200 0.208318 -0.199975
20047 2.0003991 9.9765551 0.206617 0.110872 0.067383
20059 5.7927947 9.9705868 -0.187480 0.152433 -0.123606
20071 2.0003987 9.9646256 0.092827 0.090150 -0.029633
20073 6.0035891 9.9636327 -0.302576 0.281180 -0.278806
20083 24.287831 9.9586715 0.024909 0.035531 0.016601
20089 2.0003983 9.9556971 -0.147125 0.198964 -0.196212
20091 13.758603 9.9547061 -0.109189 0.055818 -0.032223
20101 2.0003981 9.9497537 -0.171274 0.141017 -0.107980
20107 2.0003980 9.9467847 -0.139362 0.163688 -0.136452
20109 6.0035826 9.9457954 0.090028 0.063354 0.051246
20113 2.0003978 9.9438174 -0.009287 0.062800 -0.001589
20127 6.0035794 9.9369007 -0.124968 0.108668 -0.045656
20137 5.7927364 9.9319660 0.084948 0.072686 0.050058
20143 2.0003972 9.9290076 -0.184217 0.121296 -0.097752
20149 2.0003971 9.9260509 -0.242080 0.224185 -0.220492
20161 2.0003969 9.9201429 0.173166 0.136556 0.104051
20167 21.887939 9.9171915 -0.121704 0.130992 -0.127650
20173 2.0003966 9.9142418 0.118810 0.117290 0.087634
20191 4.3330651 9.9054034 -0.132277 0.144277 -0.096865
20197 5.0858042 9.9024608 -0.010013 0.064973 -0.006532
20199 6.0035667 9.9014803 -0.153770 0.115573 -0.076085
20209 9.3462828 9.8965807 0.026547 0.062742 0.061173
20221 4.2938897 9.8907077 0.186142 0.185692 0.182183
20233 2.0003955 9.8848416 -0.081466 0.139140 -0.081090
20239 4.5178860 9.8819112 0.177211 0.148679 0.146718
20253 13.576672 9.8750802 0.058854 0.075660 -0.022817
20269 2.0003948 9.8672850 0.074594 0.162657 0.049188
20287 2.0003944 9.8585301 -0.005124 0.040854 0.023912
20289 6.0035508 9.8575583 -0.268498 0.254537 -0.248106
20293 27.455437 9.8556152 -0.052093 0.031573 -0.030196
20307 28.116303 9.8488206 -0.050830 0.063898 -0.056113
20311 5.0856964 9.8468810 -0.041732 0.146481 -0.092853
20323 2.0003937 9.8410668 -0.065180 0.153506 -0.117192
20341 2.0003934 9.8323583 -0.155816 0.181634 -0.179322
20343 6.0035414 9.8313916 -0.087575 0.103052 -0.098722
20347 2.0003933 9.8294589 0.229866 0.180488 0.177749
20353 2.0003931 9.8265612 0.086306 0.151993 -0.001734
20359 2.0003930 9.8236652 -0.363954 0.296462 -0.294570
20371 5.7925642 9.8178784 0.025857 0.057863 -0.033832
20379 6.0035351 9.8140242 -0.130662 0.114480 -0.072261
20389 2.0003924 9.8092108 0.040880 0.051175 0.009519
20397 17.466924 9.8053635 -0.128793 0.102053 -0.098467
20407 2.0003921 9.8005586 -0.067879 0.068346 0.001446
20419 9.3461494 9.7947990 -0.039024 0.088475 -0.085019
20431 2.0003916 9.7890461 -0.039218 0.079076 -0.049434
20443 2.0003914 9.7832999 0.081081 0.144744 0.051665
20461 22.045522 9.7746933 -0.011146 0.069773 -0.062888
20467 4.2526622 9.7718278 -0.101989 0.087528 -0.083681
20469 6.0035196 9.7708730 -0.003545 0.044316 0.033378
20479 2.0003907 9.7661019 -0.201141 0.227462 -0.215691
20487 6.0035165 9.7622883 0.146323 0.073252 0.025492
20491 4.6205536 9.7603826 -0.015786 0.073869 0.021620
20497 4.2469826 9.7575255 -0.028755 0.079878 -0.073779
20509 2.0003901 9.7518163 -0.270199 0.219698 -0.214359
20521 2.0003899 9.7461137 -0.098189 0.104193 -0.041046
20523 6.0035103 9.7451640 -0.026983 0.127899 -0.115455
20527 5.7924515 9.7432650 -0.007300 0.135561 -0.064694
20533 2.0003897 9.7404179 0.185432 0.200592 0.191352
20551 2.0003894 9.7318865 -0.089154 0.076846 -0.070629
20557 4.3321216 9.7290461 0.020390 0.089283 -0.056228
20563 2.0003891 9.7262073 -0.076436 0.118035 -0.036443
20569 4.3101263 9.7233701 -0.170171 0.124406 -0.094714
20593 2.0003886 9.7120381 -0.113694 0.153085 -0.149991
20599 2.0003884 9.7092092 0.099209 0.136298 0.122724
20611 2.0003882 9.7035564 0.086243 0.146328 0.087731
20613 6.0034950 9.7026149 0.026880 0.048387 0.023520
20641 2.0003877 9.6894530 0.012975 0.057997 0.016445
20649 6.0034889 9.6856991 -0.082649 0.076019 -0.072093
20653 5.0853801 9.6838232 -0.075764 0.152225 -0.121426
20659 4.2925562 9.6810107 -0.127196 0.113019 -0.072774
20671 9.3459930 9.6753906 -0.115617 0.144394 -0.139758
20683 14.285073 9.6697771 -0.088511 0.103418 -0.045698
20701 4.2339827 9.6613690 0.013259 0.072584 -0.042647
20703 13.277537 9.6604357 -0.100878 0.101512 -0.055967
20707 2.0003864 9.6585696 -0.124830 0.104567 -0.098962
20719 2.0003862 9.6529755 0.022119 0.050758 0.031950
20721 6.0034767 9.6520438 -0.230059 0.240679 -0.236387
20731 2.0003860 9.6473880 -0.143404 0.165476 -0.145964
20739 14.029427 9.6436665 0.067858 0.084800 -0.026277
20743 2.0003857 9.6418069 -0.034701 0.063293 -0.036999
20749 2.0003856 9.6390187 0.105316 0.068473 -0.004623
20761 5.7922857 9.6334473 -0.099453 0.103674 -0.102651
20767 5.0852770 9.6306640 0.155850 0.195915 0.188102
20773 2.0003852 9.6278823 -0.234748 0.223516 -0.220293
20797 9.3459162 9.6167716 -0.034643 0.016899 -0.007797
20809 2.0003845 9.6112259 0.130343 0.098359 0.076966
20811 28.113475 9.6103022 -0.044520 0.030645 -0.028023
20839 27.442305 9.5973895 0.105173 0.086391 0.083967
20847 6.0034557 9.5937065 -0.024265 0.036984 -0.023650
20857 2.0003836 9.5891068 -0.118149 0.175450 -0.137232
20863 4.6200520 9.5863490 -0.087511 0.159223 -0.105427
20881 24.262600 9.5780853 0.006317 0.030786 0.027313
20883 6.0034498 9.5771680 0.231422 0.151498 0.147436
20887 2.0003831 9.5753339 -0.108993 0.177427 -0.173344
20899 2.0003829 9.5698359 0.012506 0.171942 -0.081295
20901 6.0034468 9.5689201 0.039998 0.063674 0.011526
20917 5.7921772 9.5616006 -0.051479 0.042406 -0.027490
20919 15.367493 9.5606865 -0.054838 0.131407 -0.067845
20929 2.0003823 9.5561183 -0.212030 0.216613 -0.213799
20937 28.112790 9.5524669 0.014686 0.053824 0.051567
20941 4.4467803 9.5506423 -0.188334 0.181796 -0.157319
20947 2.0003820 9.5479066 -0.315503 0.274552 -0.270993
20959 2.0003818 9.5424400 0.052300 0.088425 0.064600
20971 4.3090358 9.5369796 0.033179 0.070104 0.018983
20973 6.0034350 9.5360702 0.004181 0.130784 -0.111986
20983 2.0003813 9.5315255 -0.199018 0.246397 -0.237834
20989 4.2305870 9.5288008 -0.212386 0.135093 -0.123584
20991 6.0034320 9.5278929 0.101875 0.079621 0.046595
21001 2.0003810 9.5233560 -0.041379 0.027477 -0.001657
21007 9.3457902 9.5206360 0.014678 0.055063 -0.043181
21013 2.0003808 9.5179175 0.010772 0.094140 -0.064077
21019 2.0003807 9.5152005 0.041252 0.050051 0.031095
21027 13.563619 9.5115803 -0.193358 0.097457 -0.079858
21031 2.0003805 9.5097713 -0.053544 0.108026 -0.037890
21037 4.2402620 9.5070590 0.251072 0.244180 0.242009
21049 22.353909 9.5016390 -0.037431 0.042070 -0.037220
21061 2.0003799 9.4962253 0.014764 0.096168 -0.038698
21067 2.0003798 9.4935207 -0.009248 0.096571 0.036941
21073 5.7920704 9.4908176 -0.106488 0.123945 -0.093207
21081 6.0034173 9.4872160 -0.294214 0.246662 -0.238084
21099 17.462446 9.4791222 -0.218535 0.154206 -0.149177
21117 6.0034115 9.4710423 -0.162158 0.148942 -0.111281
21121 2.0003788 9.4692486 0.038440 0.081983 -0.027924
21127 4.5164876 9.4665594 -0.089870 0.095252 -0.083412
21133 9.3457159 9.4638717 -0.043231 0.040255 -0.037630
21139 2.0003785 9.4611855 -0.327419 0.264961 -0.257176
21151 5.7920175 9.4558177 -0.035178 0.099464 -0.045401
21157 2.0003782 9.4531361 -0.160562 0.111061 -0.086418
21163 2.0003781 9.4504560 0.031853 0.098822 -0.051107
21169 2.0003780 9.4477774 -0.053348 0.107984 -0.096452
21171 6.0034028 9.4468849 0.037706 0.124810 0.035657
21187 2.0003777 9.4397508 0.198768 0.178497 0.176426
21189 28.111443 9.4388598 0.006864 0.034189 -0.026728
21193 2.0003776 9.4370783 -0.053942 0.102557 -0.041186
21207 6.0033970 9.4308483 -0.273010 0.262359 -0.257023
21211 2.0003772 9.4290698 -0.150880 0.153098 -0.151298
21223 5.0848757 9.4237384 -0.085795 0.037538 -0.010918
21243 13.241702 9.4148661 -0.013404 0.101114 -0.063546
21247 2.0003766 9.4130936 0.036959 0.044882 0.013841
21259 9.3456424 9.4077802 0.060097 0.026089 0.000284
21261 15.364770 9.4068953 0.207520 0.203976 0.200762
21277 2.0003761 9.3998214 -0.145286 0.189605 -0.176454
21283 2.0003760 9.3971715 0.033190 0.149476 -0.030437
21289 4.3303331 9.3945230 -0.167800 0.147716 -0.108642
21297 14.022716 9.3909940 -0.052966 0.105779 -0.034442
21313 2.0003754 9.3839441 0.169729 0.194264 0.189557
21319 2.0003753 9.3813031 -0.098560 0.201953 -0.178529
21333 17.461019 9.3751465 0.141709 0.148492 0.076083
21337 5.0847781 9.3733889 -0.167517 0.161179 -0.159098
21343 9.3455939 9.3707539 -0.087807 0.042816 -0.030140
21349 4.5161563 9.3681203 0.054100 0.070495 0.040192
21379 2.0003743 9.3549745 0.205753 0.208093 0.198628
21387 6.0033684 9.3514752 -0.128622 0.107955 -0.068263
21391 2.0003741 9.3497265 -0.107448 0.054188 -0.044730
21397 2.0003740 9.3471047 -0.020307 0.138340 -0.097318
21409 4.2764544 9.3418656 -0.063876 0.118444 -0.057035
21421 4.6193326 9.3366323 -0.128895 0.072714 -0.061686
21423 13.739298 9.3357606 -0.292799 0.277171 -0.275052
21427 9.3455457 9.3340178 0.102953 0.085085 0.075390
21433 2.0003733 9.3314048 -0.111681 0.150651 -0.145949
21441 28.110128 9.3279231 -0.011540 0.061341 -0.056223
21451 5.0846815 9.3235747 -0.206706 0.227633 -0.221455
21457 4.4458948 9.3209675 0.114685 0.144492 0.130058
21469 9.3455218 9.3157576 0.034461 0.061426 0.059375
21477 6.0033543 9.3122876 -0.215883 0.226353 -0.222394
21481 2.0003725 9.3105535 -0.065696 0.076749 -0.018054
21487 2.0003724 9.3079536 0.022045 0.132761 -0.017270
21493 2.0003723 9.3053552 0.016148 0.116536 -0.050762
21499 2.0003722 9.3027583 0.035348 0.099388 0.066116
21517 2.0003719 9.2949761 -0.234672 0.156106 -0.151823
21523 2.0003718 9.2923849 0.012412 0.078911 0.049176
21529 2.0003717 9.2897952 -0.129453 0.186425 -0.171655
21531 6.0033459 9.2889322 0.079124 0.104773 0.085903
21541 5.7917591 9.2846200 0.072100 0.065236 0.053390
21553 9.3454743 9.2794507 -0.015411 0.114346 -0.103998
21559 2.0003711 9.2768681 -0.133503 0.136407 -0.133763
21567 85.202963 9.2734270 0.055081 0.052932 0.048992
21577 2.0003708 9.2691292 -0.177287 0.149792 -0.131015
21589 2.0003706 9.2639770 -0.028171 0.124658 -0.110213
21601 2.0003704 9.2588306 0.060085 0.070604 0.007860
21603 15.362133 9.2579734 0.048413 0.066790 0.027011
21613 2.0003702 9.2536899 -0.190654 0.129943 -0.118089
21619 5.7917085 9.2511217 -0.157868 0.168924 -0.150662
21621 6.0033319 9.2502659 0.059244 0.058058 0.050537
21631 4.2482447 9.2459896 -0.288805 0.250177 -0.244479
21639 6.0033292 9.2425713 0.196310 0.214903 0.211240
21649 2.0003696 9.2383020 0.026067 0.073009 0.014691
21657 6.0033264 9.2348894 -0.091520 0.134173 -0.130091
21661 2.0003694 9.2331841 -0.022674 0.119771 -0.036693
21673 2.0003692 9.2280718 -0.128966 0.112033 -0.108974
21679 24.239273 9.2255178 0.002257 0.027019 -0.021711
21691 4.2375580 9.2204140 0.085936 0.140124 0.121025
21693 28.108844 9.2195639 -0.004054 0.065820 -0.060579
21697 5.7916583 9.2178642 -0.074292 0.156088 -0.119506
21711 6.0033181 9.2119202 -0.103502 0.166759 -0.153737
21727 2.0003683 9.2051365 -0.093169 0.142252 -0.137625
21729 6.0033154 9.2042892 -0.106131 0.052303 -0.044633
21733 4.2420339 9.2025951 0.006548 0.067062 0.040230
21739 2.0003681 9.2000552 -0.190246 0.166287 -0.149949
21751 2.0003679 9.1949795 0.195377 0.188906 0.186027
21757 2.0003678 9.1924438 -0.001109 0.061420 -0.019270
21763 9.3453570 9.1899095 -0.140511 0.152399 -0.146309
21787 2.0003673 9.1797861 -0.161894 0.242595 -0.234292
21793 13.044819 9.1772588 -0.044383 0.072349 -0.029373
21799 2.0003671 9.1747328 -0.150058 0.111160 -0.108708
21817 2.0003668 9.1671632 0.068931 0.086110 0.076114
21819 28.108213 9.1663229 -0.068162 0.088784 -0.086840
21823 4.2261922 9.1646428 -0.276445 0.249920 -0.244037
21841 2.0003664 9.1570899 -0.138284 0.155569 -0.154486
21847 9.3453107 9.1545750 -0.025656 0.033014 0.025886
21859 2.0003660 9.1495494 0.207215 0.199779 0.195254
21871 2.0003658 9.1445293 -0.082919 0.162051 -0.117384
21883 4.2750672 9.1395147 -0.005013 0.061363 -0.039503
21891 6.0032908 9.1361747 0.018653 0.097406 -0.054606
21907 5.0843052 9.1295020 -0.006482 0.139414 -0.063993
21909 13.248073 9.1286686 -0.045016 0.074882 -0.063074
21927 6.0032854 9.1211748 -0.066220 0.169111 -0.136189
21931 27.418034 9.1195112 0.008833 0.018707 0.001248
21937 2.0003647 9.1170169 -0.055492 0.042543 0.023132
21943 2.0003646 9.1145240 0.216845 0.110351 0.093999
21961 2.0003643 9.1070534 -0.066423 0.122660 -0.087901
21963 6.0032800 9.1062241 0.008787 0.110244 -0.020110
21973 21.774309 9.1020798 -0.104354 0.058052 -0.047006
21979 4.6186499 9.0995951 0.013680 0.069038 -0.043938
21991 2.0003639 9.0946296 -0.245787 0.237407 -0.226188
21997 2.0003638 9.0921489 -0.128007 0.211853 -0.197188
21999 6.0032747 9.0913223 0.222066 0.194247 0.192505
22003 2.0003637 9.0896696 0.284504 0.242790 0.241426
22009 5.7914611 9.0871916 -0.156986 0.108300 -0.105633
22027 2.0003633 9.0797657 -0.110635 0.100595 -0.064404
22039 2.0003631 9.0748219 -0.178541 0.220043 -0.206386
22051 2.0003629 9.0698835 0.015126 0.067886 0.040876
22053 6.0032666 9.0690609 -0.202372 0.226683 -0.213207
22063 2.0003627 9.0649504 -0.061338 0.043468 -0.012636
22071 28.106972 9.0616646 -0.056214 0.033263 -0.031029
22087 5.7914127 9.0551003 -0.047646 0.087423 -0.014476
22089 13.730536 9.0542804 0.020286 0.141937 -0.041266
22093 2.0003622 9.0526411 0.129440 0.163509 0.152349
22107 6.0032587 9.0469082 -0.063941 0.039013 -0.028435
22111 2.0003619 9.0452716 0.037067 0.047540 0.030420
22123 2.0003617 9.0403652 -0.104220 0.120950 -0.095531
22129 2.0003616 9.0379140 -0.007635 0.069493 0.020304
22141 9.3451514 9.0330157 -0.079928 0.081008 -0.080321
22147 2.0003613 9.0305685 -0.145833 0.115417 -0.112674
22153 2.0003612 9.0281226 -0.078396 0.135539 -0.097730
22159 2.0003611 9.0256781 0.094073 0.130325 0.016348
22171 2.0003609 9.0207929 0.259157 0.255426 0.252995
22177 4.3060046 9.0183523 -0.100780 0.084229 -0.081587
22179 6.0032481 9.0175391 -0.088736 0.180013 -0.163715
22183 9.3451290 9.0159131 -0.155271 0.122300 -0.118367
22189 2.0003606 9.0134751 -0.162984 0.134757 -0.131325
22213 4.2462127 9.0037366 0.040145 0.053124 0.017767
22233 6.0032402 8.9956371 0.026339 0.063099 -0.001964
22237 4.5148977 8.9940190 0.265962 0.219496 0.216560
22249 5.0840331 8.9891681 -0.128250 0.100876 -0.078101
22251 6.0032376 8.9883601 -0.005915 0.048259 0.003431
22267 9.3450845 8.9819015 -0.009469 0.035223 -0.019170
22269 17.455614 8.9810948 0.214561 0.152175 0.149500
22273 2.0003592 8.9794819 -0.171356 0.157045 -0.154967
22279 2.0003591 8.9770636 0.001475 0.082300 0.054575
22291 2.0003590 8.9722309 -0.156429 0.169161 -0.158155
22303 2.0003588 8.9674035 0.010093 0.082737 -0.035791
22309 9.3450623 8.9649917 0.037681 0.059283 -0.045918
22323 28.105760 8.9593693 0.029431 0.034817 0.016220
22351 22.298042 8.9481455 -0.099501 0.123820 -0.119867
22357 4.2737395 8.9457441 -0.085421 0.064275 -0.057792
22369 2.0003577 8.9409451 -0.231333 0.234538 -0.230243
22377 6.0032193 8.9377486 0.047768 0.047987 0.007236
22381 2.0003575 8.9361512 -0.001455 0.036943 -0.000705
22387 4.3278720 8.9337562 -0.130059 0.151997 -0.149995
22399 5.7912223 8.9289700 0.028506 0.061574 0.017014
22411 4.2877505 8.9241890 -0.300560 0.292695 -0.290949
22413 14.010314 8.9233927 -0.158758 0.173053 -0.170375
22431 6.0032116 8.9162320 -0.126565 0.098520 -0.073496
22441 2.0003566 8.9122588 0.203088 0.170216 0.131310
22447 2.0003565 8.9098766 -0.216845 0.177417 -0.131275
22449 28.105164 8.9090828 -0.058685 0.047107 -0.045103
22453 2.0003564 8.9074957 0.008707 0.149714 -0.059723
22459 4.5145987 8.9051160 -0.006029 0.163471 -0.096622
22467 6.0032064 8.9019451 -0.115400 0.127759 -0.101047
22483 2.0003559 8.8956100 -0.093949 0.039588 -0.029324
22489 4.4442468 8.8932367 0.023500 0.092082 -0.047796
22501 2.0003556 8.8884938 0.108403 0.170223 -0.015781
22503 17.454334 8.8877039 0.023786 0.057818 0.015311
22519 9.3449528 8.8813890 0.078220 0.106498 0.103362
22521 6.0031987 8.8806003 -0.198300 0.150707 -0.108937
22531 2.0003551 8.8766588 -0.038636 0.060696 -0.020441
22537 4.6180011 8.8742956 -0.024172 0.189284 -0.135756
22543 2.0003549 8.8719336 -0.227161 0.250362 -0.247174
22549 2.0003548 8.8695729 0.369687 0.365503 0.363788
22557 13.208608 8.8664273 0.154844 0.163474 0.064140
22567 2.0003546 8.8624983 -0.143006 0.149007 -0.147742
22573 2.0003545 8.8601426 -0.002384 0.049711 -0.024637
22579 4.3050670 8.8577882 -0.022616 0.139282 -0.079726
22603 9.3449096 8.8483830 0.011531 0.075147 -0.065517
22611 6.0031860 8.8452523 -0.103824 0.145240 -0.138957
22621 2.0003537 8.8413421 -0.305344 0.280638 -0.278330
22629 15.354707 8.8382164 -0.060886 0.103923 -0.060289
22633 5.7910830 8.8366544 0.139067 0.165043 0.157836
22639 2.0003534 8.8343125 -0.198952 0.089340 -0.074041
22647 6.0031809 8.8311918 0.076744 0.063592 -0.007988
22651 2.0003532 8.8296322 0.004998 0.085446 -0.043812
22657 4.2221290 8.8272940 -0.046851 0.063246 -0.016787
22669 2.0003530 8.8226212 -0.072606 0.117596 -0.075742
22681 4.5143056 8.8179534 0.005565 0.073332 -0.048512
22683 6.0031759 8.8171759 -0.087225 0.172702 -0.135163
22699 2.0003525 8.8109608 -0.036067 0.138741 -0.093213
22711 5.7910372 8.8063053 0.022877 0.139960 -0.084087
22717 2.0003522 8.8039794 0.219560 0.212813 0.208205
22719 6.0031708 8.8032044 0.050489 0.162107 -0.068269
22723 4.6177920 8.8016547 -0.184092 0.185330 -0.183563
22741 2.0003518 8.7946880 -0.033808 0.078739 -0.028975
22753 4.3271050 8.7900497 -0.131840 0.147660 -0.128521
22771 9.3448240 8.7831013 -0.070648 0.055620 -0.054476
22773 6.0031633 8.7823300 -0.092567 0.086882 0.004279
22777 2.0003513 8.7807876 -0.041932 0.056595 -0.051848
22783 2.0003512 8.7784752 0.140030 0.190697 0.181824
22789 5.7909917 8.7761639 -0.147974 0.174188 -0.159908
22807 2.0003508 8.7692375 -0.249449 0.192639 -0.190727
22809 6.0031583 8.7684686 -0.149077 0.124645 -0.111504
22813 9.3448029 8.7669311 -0.076228 0.049619 -0.047013
22819 5.0835979 8.7646260 -0.127523 0.142578 -0.139398
22827 28.103416 8.7615543 -0.096306 0.107575 -0.099869
22849 4.2866657 8.7531183 -0.278323 0.195106 -0.192306
22861 2.0003500 8.7485237 0.158002 0.173715 0.160111
22863 6.0031508 8.7477584 -0.108196 0.130501 -0.127667
22867 5.7909465 8.7462282 -0.007528 0.090070 0.045078
22897 9.3447607 8.7347687 -0.025055 0.039165 -0.038549
22903 4.5140182 8.7324805 -0.098753 0.060818 -0.050398
22909 4.6175863 8.7301934 0.116922 0.132141 0.127949
22917 6.0031434 8.7271458 -0.122303 0.123805 -0.118023
22921 2.0003491 8.7256228 -0.104821 0.182444 -0.154368
22953 28.102847 8.7134579 -0.063557 0.069764 -0.067479
22963 2.0003484 8.7096634 -0.165526 0.193241 -0.175501
22969 4.2376274 8.7073882 0.034766 0.081211 0.068059
22971 50.416461 8.7066301 -0.095507 0.151780 -0.131609
22987 4.2234165 8.7005699 -0.050861 0.059130 -0.040812
22989 13.183656 8.6998130 -0.142060 0.120814 -0.117002
22993 2.0003480 8.6982995 -0.035959 0.081036 -0.026731
22999 4.2326202 8.6960303 -0.135218 0.192521 -0.172047
23007 6.0031311 8.6930065 0.116862 0.129810 0.125519
23011 2.0003477 8.6914954 -0.026354 0.091539 -0.035631
23017 2.0003476 8.6892297 -0.134381 0.052425 -0.035970
23029 2.0003474 8.6847019 0.011320 0.041555 0.011288
23041 2.0003473 8.6801788 -0.158850 0.209232 -0.192477
23043 6.0031262 8.6794254 0.200128 0.198789 0.184564
23047 5.0834298 8.6779190 0.115855 0.166412 -0.035143
23053 2.0003471 8.6756604 -0.021025 0.089366 -0.025442
23059 2.0003470 8.6734030 0.057894 0.072978 0.024530
23061 6.0031238 8.6726508 -0.103803 0.185201 -0.169193
23071 2.0003468 8.6688917 -0.106083 0.139339 -0.134676
23097 6.0031189 8.6591332 -0.202850 0.256047 -0.248282
23101 5.7908128 8.6576339 -0.034288 0.080198 -0.068181
23107 9.3446568 8.6553858 0.061794 0.070149 0.069785
23119 4.3263626 8.6508932 0.141111 0.133510 0.130327
23131 2.0003459 8.6464053 -0.235317 0.246923 -0.239689
23143 2.0003457 8.6419220 0.062521 0.078905 0.015899
23149 9.3446362 8.6396821 -0.109900 0.117917 -0.113713
23151 6.0031116 8.6389357 -0.176451 0.124274 -0.073793
23167 2.0003454 8.6329693 -0.103488 0.204405 -0.191264
23169 6.0031092 8.6322241 -0.005577 0.055604 0.005393
23173 2.0003453 8.6307340 -0.132522 0.121740 -0.108273
23179 5.7907688 8.6284999 -0.041579 0.070202 0.014565
23191 9.3446157 8.6240352 -0.132613 0.128298 -0.122121
23197 2.0003449 8.6218045 0.027956 0.065317 -0.003499
23203 2.0003448 8.6195751 0.099843 0.122204 0.117023
23209 2.0003448 8.6173467 -0.207969 0.222402 -0.215848
23223 6.0031020 8.6121517 -0.027380 0.183035 -0.128057
23227 2.0003445 8.6106686 -0.253508 0.217712 -0.214350
23233 9.3445953 8.6084449 0.155233 0.124580 0.114254
23241 13.259735 8.6054817 0.098268 0.115181 0.093688
23251 2.0003441 8.6017806 0.026886 0.108435 -0.024219
23257 5.7907252 8.5995614 0.126298 0.142400 -0.021853
23259 6.0030972 8.5988220 -0.092947 0.072422 -0.026372
23263 4.4431075 8.5973434 0.148507 0.168013 0.160235
23269 2.0003439 8.5951266 -0.139348 0.184879 -0.181572
23277 6.0030948 8.5921725 0.233499 0.226819 0.225269
23281 4.6171848 8.5906963 -0.117728 0.098148 -0.094009
23293 2.0003435 8.5862706 0.033054 0.128996 -0.038453
23311 2.0003432 8.5796405 -0.021039 0.065141 -0.030105
23313 15.350123 8.5789045 -0.184371 0.231159 -0.223251
23317 9.3445547 8.5774328 0.105272 0.072808 0.057093
23347 4.5134600 8.5664111 0.100201 0.090388 0.061370
23349 13.529770 8.5656773 -0.111142 0.198158 -0.187589
23367 6.0030829 8.5590790 -0.029020 0.033750 -0.017407
23371 2.0003424 8.5576141 -0.031174 0.072607 0.036885
23377 4.2424572 8.5554177 0.021865 0.121200 -0.047740
23383 4.3032896 8.5532224 -0.283885 0.279323 -0.275953
23389 5.0831839 8.5510283 -0.097532 0.076259 -0.020205
23401 9.3445143 8.5466433 -0.126127 0.158266 -0.149595
23413 5.7906387 8.5422628 0.015134 0.072914 0.051602
23421 13.714537 8.5393450 -0.165813 0.153764 -0.152166
23431 2.0003415 8.5357006 0.082026 0.114945 0.108503
23439 17.449470 8.5327872 -0.159373 0.194537 -0.184456
23457 28.100629 8.5262395 -0.155541 0.100286 -0.096173
23467 4.6169888 8.5226062 -0.023430 0.143145 -0.083291
23473 2.0003409 8.5204277 -0.142174 0.117486 -0.079588
23497 2.0003405 8.5117249 0.001024 0.134661 0.099131
23503 5.0831035 8.5095520 -0.083199 0.189314 -0.172305
23509 2.0003404 8.5073802 -0.058908 0.157490 -0.124690
23521 4.4427445 8.5030398 -0.100365 0.142596 -0.137135
23527 9.3444544 8.5008713 0.027391 0.032036 0.017077
23539 2.0003399 8.4965377 0.041352 0.064818 0.046960
23557 2.0003397 8.4900454 -0.149892 0.159546 -0.113342
23563 2.0003396 8.4878835 -0.009564 0.033974 -0.003096
23581 2.0003393 8.4814045 0.020100 0.069915 0.008903
23583 28.100089 8.4806852 -0.023708 0.045395 -0.036054
23587 4.2356004 8.4792470 -0.145596 0.217161 -0.198312
23593 2.0003391 8.4770907 0.067007 0.170802 -0.065368
23599 2.0003391 8.4749354 -0.048550 0.077567 -0.044330
23601 6.0030523 8.4742172 0.002771 0.097796 -0.040874
23611 9.3444148 8.4706281 -0.032382 0.023144 0.006851
23619 6.0030499 8.4677590 -0.071417 0.068989 -0.050660
23623 2.0003387 8.4663252 -0.172184 0.115552 -0.065712
23629 2.0003386 8.4641754 -0.089561 0.215222 -0.188611
23637 6.0030476 8.4613107 0.061573 0.105610 0.096121
23653 22.248560 8.4555870 0.136295 0.137895 0.134577
23671 2.0003380 8.4491572 -0.084167 0.178052 -0.147139
23673 17.448314 8.4484434 0.011915 0.051164 -0.015410
23677 2.0003379 8.4470161 -0.143064 0.238229 -0.225480
23689 2.0003378 8.4427371 0.084443 0.093729 0.065505
23707 4.2162643 8.4363268 -0.033383 0.039761 -0.007775
23709 28.099556 8.4356152 0.030854 0.027246 0.017191
23719 2.0003373 8.4320587 -0.086265 0.119568 -0.102596
23731 5.0829451 8.4277949 -0.068755 0.031984 -0.017162
23737 9.3443559 8.4256646 -0.175780 0.170909 -0.160346
23743 2.0003370 8.4235354 -0.175427 0.168537 -0.166926
23761 2.0003367 8.4171542 -0.138622 0.157950 -0.138222
23767 2.0003367 8.4150292 0.089094 0.139450 0.130962
23773 2.0003366 8.4129054 0.121469 0.086456 -0.007589
23779 21.678860 8.4107826 -0.146778 0.092084 -0.087258
23781 6.0030292 8.4100753 -0.030091 0.077730 -0.029463
23791 4.5129227 8.4065403 -0.006015 0.078511 -0.026422
23799 6.0030269 8.4037144 -0.165582 0.152971 -0.150844
23803 5.7904275 8.4023022 0.047551 0.108648 -0.033886
23827 2.0003358 8.3938389 -0.102903 0.112512 -0.105566
23833 2.0003357 8.3917258 -0.165471 0.150618 -0.106495
23839 4.6166061 8.3896137 -0.140577 0.158865 -0.145338
23853 6.0030200 8.3846896 -0.039092 0.162126 -0.112226
23857 2.0003354 8.3832837 -0.078551 0.099026 -0.092508
23869 2.0003352 8.3790691 -0.136812 0.159337 -0.157917
23871 13.179296 8.3783671 -0.023436 0.062529 -0.041872
23887 2.0003350 8.3727551 0.145467 0.133827 0.071399
23889 6.0030155 8.3720541 -0.129644 0.096661 -0.045342
23893 2.0003349 8.3706525 -0.166415 0.150978 -0.098813
23899 2.0003348 8.3685510 -0.101851 0.141870 -0.135961
23907 17.447181 8.3657506 -0.047210 0.067110 0.013404
23911 2.0003346 8.3643511 -0.093278 0.116730 -0.112278
23917 2.0003345 8.3622528 0.128283 0.162914 0.157428
23929 2.0003344 8.3580593 -0.229820 0.246055 -0.239865
23959 15.266587 8.3475938 -0.011456 0.069663 0.027234
23971 2.0003338 8.3434150 -0.218716 0.270107 -0.266262
23977 2.0003337 8.3413271 -0.048734 0.046182 -0.013474
23979 6.0030041 8.3406314 0.056866 0.110351 -0.021699
23997 15.345803 8.3343751 -0.134882 0.138647 -0.136209
24001 2.0003334 8.3329861 0.142150 0.166937 0.161918
24007 2.0003333 8.3309035 -0.156414 0.192734 -0.184454
24019 2.0003331 8.3267413 -0.169525 0.120086 -0.081100
24031 9.3442209 8.3225833 0.207580 0.171934 0.168597
24033 6.0029974 8.3218907 -0.126455 0.094866 -0.036959
24043 2.0003328 8.3184295 0.113716 0.172885 0.165838
24049 2.0003327 8.3163541 -0.070011 0.196569 -0.177601
24051 6.0029951 8.3156626 -0.053099 0.145422 -0.137001
24061 2.0003325 8.3122065 0.020972 0.064703 0.047316
24073 24.178782 8.3080630 0.080062 0.067435 0.058140
24087 72.089787 8.3032341 0.040994 0.040458 0.004522
24091 2.0003321 8.3018555 0.067617 0.175590 -0.087906
24097 2.0003320 8.2997884 0.060186 0.165954 -0.078344
24103 2.0003320 8.2977223 -0.126138 0.117823 -0.053368
24109 2.0003319 8.2956572 0.089442 0.088178 0.065966
24121 2.0003317 8.2915302 -0.129493 0.068792 -0.060783
24133 2.0003316 8.2874073 0.000560 0.191145 -0.138222
24141 17.446070 8.2846610 -0.183814 0.118308 -0.047258
24151 2.0003313 8.2812306 0.186294 0.155791 0.111736
24159 6.0029817 8.2784883 -0.137894 0.091374 -0.039076
24163 4.2836502 8.2771179 -0.055492 0.116964 -0.106851
24169 2.0003311 8.2750631 0.126004 0.126842 0.125341
24177 6.0029795 8.2723249 -0.010796 0.047930 -0.007945
24181 2.0003309 8.2709565 -0.203440 0.255746 -0.251955
24193 5.7902232 8.2668540 -0.167878 0.132047 -0.130268
24199 9.3441452 8.2648043 -0.015143 0.031437 0.024551
24213 28.097476 8.2600256 -0.000351 0.032723 0.027451
24217 4.3242712 8.2586613 -0.089181 0.186196 -0.160708
24223 2.0003303 8.2566156 -0.126714 0.194979 -0.179570
24229 2.0003302 8.2545710 0.071842 0.157151 0.146375
24241 9.3441264 8.2504847 -0.131630 0.123974 -0.118866
24247 2.0003300 8.2484431 -0.067192 0.121719 -0.112947
24253 4.2689549 8.2464025 -0.042043 0.072776 0.031671
24267 6.0029685 8.2416450 0.017283 0.092216 0.065459
24271 5.7901831 8.2402868 -0.141748 0.098160 -0.016558
24283 9.3441077 8.2362146 -0.068442 0.091471 -0.088573
24301 5.0825621 8.2301140 -0.072346 0.182043 -0.160360
24303 6.0029641 8.2294367 0.089782 0.090597 0.070009
24307 4.2282235 8.2280824 -0.153308 0.172523 -0.161283
24337 2.0003288 8.2179398 -0.075494 0.087400 -0.023018
24339 75.911111 8.2172645 0.096937 0.066761 0.052187
24349 5.7901433 8.2138897 -0.096598 0.168317 -0.149716
24373 2.0003283 8.2058015 0.082385 0.066680 0.025028
24379 2.0003282 8.2037819 -0.007870 0.065460 0.036488
24391 2.0003280 8.1997458 0.164420 0.161698 0.003317
24397 4.6160541 8.1977292 -0.105352 0.087477 -0.045448
24411 13.150707 8.1930277 0.240577 0.256737 0.253806
24421 2.0003276 8.1896728 0.053330 0.153323 0.134339
24427 5.7901037 8.1876612 0.047835 0.129711 -0.069309
24439 2.0003274 8.1836409 0.096472 0.078856 0.064229
24457 4.5121535 8.1776179 0.015105 0.062736 -0.038201
24469 2.0003270 8.1736074 0.001119 0.137642 -0.088701
24481 2.0003268 8.1696009 -0.176536 0.099015 -0.048883
24483 6.0029423 8.1689335 -0.182391 0.233530 -0.224412
24493 9.3440153 8.1655983 -0.109718 0.097728 -0.091766
24499 2.0003266 8.1635985 -0.135732 0.064977 -0.055622
24501 6.0029401 8.1629321 -0.113279 0.126413 -0.123474
24511 4.2174904 8.1596018 0.100548 0.113931 0.003741
24517 2.0003264 8.1576049 -0.189370 0.263398 -0.258122
24529 5.0824139 8.1536141 -0.151466 0.122066 -0.120031
24537 6.0029358 8.1509557 0.013441 0.159790 0.138097
24547 2.0003260 8.1476351 0.137618 0.137198 0.135701
24553 4.4413693 8.1456441 -0.079805 0.197865 -0.175191
24571 2.0003256 8.1396769 -0.095753 0.111488 -0.108843
24573 6.0029315 8.1390144 -0.040405 0.130144 -0.096180
24577 9.3439787 8.1376897 -0.063990 0.036219 0.004346
24583 14.198542 8.1357035 0.060535 0.066246 -0.025199
24589 4.3008439 8.1337183 0.160451 0.208883 0.203649
24591 28.095973 8.1330568 -0.053612 0.065907 -0.063813
24601 4.2827175 8.1297508 0.062414 0.139795 -0.065513
24609 17.443913 8.1271080 0.185762 0.139294 0.028258
24613 4.2122107 8.1257872 -0.168994 0.157868 -0.155766
24619 9.3439605 8.1238068 0.057028 0.047361 0.028997
24627 6.0029250 8.1211678 -0.056436 0.120793 -0.111776
24631 2.0003248 8.1198490 -0.081954 0.082877 -0.043708
24643 5.0823408 8.1158950 -0.115111 0.197864 -0.176979
24661 27.366902 8.1099712 -0.010286 0.025655 -0.023431
24663 6.0029208 8.1093135 -0.007053 0.064641 0.050440
24681 15.341725 8.1033994 0.044989 0.052424 0.027993
24691 2.0003241 8.1001175 -0.223711 0.137879 -0.079699
24697 2.0003240 8.0981496 0.230918 0.150387 0.090574
24699 6.0029165 8.0974938 -0.165041 0.241815 -0.233257
24703 9.3439243 8.0961826 -0.015270 0.022769 -0.020361
24709 2.0003238 8.0942167 -0.187786 0.173059 -0.171150
24727 4.2678749 8.0883245 -0.134654 0.198002 -0.190132
24733 2.0003235 8.0863623 0.153378 0.188487 0.185951
24753 13.700291 8.0798287 -0.018732 0.060420 -0.052815
24757 5.0822684 8.0785232 -0.101422 0.064919 -0.019057
24763 2.0003231 8.0765658 -0.105741 0.199179 -0.180695
24781 2.0003229 8.0706993 0.087594 0.088010 0.039858
24787 9.3438884 8.0687457 -0.225782 0.166581 -0.156438
24789 6.0029059 8.0680947 -0.061450 0.078058 0.037036
24793 2.0003227 8.0667930 0.051706 0.069391 -0.010334
24799 2.0003226 8.0648413 -0.024312 0.090676 0.067805
24807 6.0029038 8.0622405 0.003239 0.061567 -0.032828
24811 4.4410435 8.0609407 0.152458 0.117109 0.044240
24823 4.2318544 8.0570439 -0.107500 0.056376 -0.049263
24829 9.3438705 8.0550969 -0.069975 0.060796 -0.048195
24841 2.0003221 8.0512057 -0.064889 0.076792 0.042309
24847 2.0003220 8.0492615 -0.124774 0.212951 -0.195552
24859 2.0003219 8.0453759 -0.058744 0.071388 0.015809
24861 6.0028975 8.0447287 -0.080023 0.182324 -0.156893
24877 2.0003216 8.0395546 -0.207798 0.184425 -0.183384
24879 6.0028954 8.0389083 0.044866 0.070703 -0.006634
24889 2.0003215 8.0356784 0.044867 0.112870 -0.049264
24897 13.510786 8.0330964 0.006126 0.043945 0.026462
24901 4.5116637 8.0318060 0.009377 0.150931 0.129021
24907 2.0003212 8.0298711 0.035260 0.083859 -0.059894
24913 9.3438350 8.0279372 0.050176 0.050375 0.048365
24919 2.0003211 8.0260043 -0.112912 0.128817 -0.125051
24933 6.0028891 8.0214976 -0.188351 0.182646 -0.181257
24943 2.0003208 8.0182817 -0.039969 0.095129 0.057931
24949 4.3229803 8.0163534 0.052709 0.072302 -0.006779
24951 6.0028870 8.0157108 -0.069901 0.164521 -0.144964
24961 4.2262011 8.0124995 -0.173252 0.179191 -0.177803
24967 2.0003205 8.0105740 0.111128 0.184299 0.179217
24979 2.0003203 8.0067256 -0.007453 0.106222 -0.075079
24987 6.0028829 8.0041622 -0.120395 0.195055 -0.185408
24991 4.3000817 8.0028810 -0.071571 0.115919 -0.110965
24997 9.3437996 8.0009601 0.034096 0.023660 -0.004895
25023 15.339770 7.9926468 -0.116150 0.072443 -0.005639
25033 2.0003196 7.9894539 -0.157789 0.128661 -0.127238
25057 2.0003193 7.9818015 0.114520 0.106547 0.044232
25059 6.0028746 7.9811645 0.095917 0.082508 0.018666
25077 17.441836 7.9754357 -0.122872 0.190909 -0.178360
25081 9.3437646 7.9741637 -0.113182 0.109093 -0.106028
25087 2.0003189 7.9722565 -0.057029 0.073910 -0.062534
25099 5.0820552 7.9684450 -0.058193 0.147510 -0.126498
25111 2.0003186 7.9646370 -0.203483 0.127149 -0.082476
25117 2.0003186 7.9627344 -0.104081 0.156612 -0.153599
25123 21.829478 7.9608327 0.103151 0.096943 0.092471
25129 5.7897587 7.9589319 -0.119599 0.094679 -0.092155
25131 6.0028664 7.9582985 0.011933 0.068608 -0.033750
25141 4.6153564 7.9551330 0.038309 0.143436 -0.104056
25147 2.0003182 7.9532350 -0.189072 0.244217 -0.234039
25153 2.0003181 7.9513378 -0.083631 0.053608 -0.004552
25159 4.2115924 7.9494416 -0.081050 0.142158 -0.135086
25167 6.0028623 7.9469146 -0.099080 0.099410 -0.056842
25171 2.0003179 7.9456517 0.112367 0.094692 0.058653
25183 2.0003177 7.9418655 -0.002097 0.140879 -0.089716
25189 2.0003176 7.9399738 0.121976 0.179852 -0.071162
25203 13.984186 7.9355632 -0.230229 0.260633 -0.255067
25207 27.358025 7.9343040 -0.067858 0.061048 -0.057864
25213 5.0819854 7.9324158 0.280185 0.208865 0.183174
25219 2.0003173 7.9305286 -0.157753 0.144629 -0.086924
25221 28.093567 7.9298997 -0.255334 0.189123 -0.173318
25237 2.0003170 7.9248722 -0.110844 0.074494 -0.027247
25243 2.0003170 7.9229886 -0.056664 0.064386 -0.048169
25249 9.3436951 7.9211058 0.052736 0.051842 0.041555
25257 6.0028520 7.9185968 -0.181471 0.154619 -0.153856
25261 2.0003167 7.9173429 -0.146757 0.079317 -0.030955
25273 4.2148009 7.9135837 -0.187063 0.268102 -0.261793
25291 9.3436778 7.9079514 0.160783 0.141455 0.136348
25293 6.0028480 7.9073261 0.009162 0.089069 0.073106
25303 2.0003162 7.9042011 -0.061713 0.050552 0.001134
25309 2.0003161 7.9023272 -0.033738 0.185395 -0.143946
25321 2.0003160 7.8985822 -0.092090 0.077376 0.008046
25327 12.827857 7.8967110 0.111720 0.084685 0.034130
25329 6.0028439 7.8960875 0.012017 0.149250 -0.098161
25339 2.0003158 7.8929713 -0.154786 0.146071 -0.145187
25357 2.0003155 7.8873684 -0.039579 0.093085 -0.065809
25363 5.7896479 7.8855025 0.021280 0.083237 0.071388
25383 6.0028379 7.8792893 0.056467 0.054751 0.035577
25393 4.2993439 7.8761864 -0.209481 0.249079 -0.242231
25401 6.0028359 7.8737058 0.010366 0.069307 0.035086
25411 2.0003149 7.8706072 -0.110420 0.137116 -0.133690
25417 9.3436265 7.8687493 -0.022801 0.037119 -0.029263
25419 13.693737 7.8681301 -0.148609 0.110714 -0.068732
25423 2.0003147 7.8668922 -0.055354 0.126783 -0.115333
25437 13.222612 7.8625624 0.048751 0.070828 -0.037998
25441 15.228432 7.8613262 0.043650 0.125691 -0.071402
25447 2.0003144 7.8594726 0.054735 0.150423 0.137482
25453 2.0003144 7.8576199 -0.247102 0.232537 -0.227050
25459 9.3436095 7.8557681 -0.022900 0.066525 -0.060872
25471 2.0003141 7.8520671 -0.031905 0.083545 0.047676
25473 28.092639 7.8514506 -0.065947 0.037217 0.003275
25477 4.2809494 7.8502178 0.134190 0.134274 -0.001450
25501 9.3435926 7.8428297 -0.037452 0.054269 -0.052234
25513 4.6150228 7.8391408 0.273993 0.309691 0.307346
25527 13.176926 7.8348415 -0.113219 0.068146 -0.019525
25537 2.0003133 7.8317735 -0.002293 0.114119 -0.095576
25561 2.0003130 7.8244200 -0.075953 0.157455 -0.135006
25563 6.0028179 7.8238078 -0.190965 0.170875 -0.169837
25567 4.5109611 7.8225838 -0.155162 0.225284 -0.216241
25579 2.0003128 7.8189140 -0.028899 0.126523 -0.112224
25581 6.0028159 7.8183026 -0.073128 0.164020 -0.145401
25591 4.2078349 7.8152475 0.109632 0.091031 0.064725
25603 2.0003125 7.8115846 -0.087423 0.110093 -0.093264
25609 2.0003124 7.8097544 -0.160825 0.254755 -0.246648
25617 6.0028120 7.8073155 0.130902 0.116948 0.023146
25621 2.0003123 7.8060966 -0.155427 0.132472 -0.130879
25633 2.0003121 7.8024422 0.316231 0.204633 0.146310
25639 2.0003121 7.8006162 -0.151951 0.091095 -0.001832
25657 2.0003119 7.7951436 0.183252 0.163965 0.162366
25669 24.144856 7.7914995 0.045894 0.079987 0.078375
25671 13.502170 7.7908924 -0.089953 0.066678 -0.001050
25681 4.3217636 7.7878587 0.115976 0.164420 0.156673
25689 6.0028041 7.7854335 -0.112811 0.146330 -0.144558
25693 2.0003114 7.7842214 0.025571 0.182289 -0.131644
25699 4.6148597 7.7824040 -0.036688 0.082274 0.059121
25711 9.3435087 7.7787717 0.112016 0.091135 0.084663
25717 2.0003111 7.7769569 -0.045297 0.064257 -0.045655
25741 2.0003108 7.7697059 0.094784 0.146440 0.132626
25743 6.0027982 7.7691023 0.047158 0.131605 -0.064300
25747 2.0003108 7.7678953 0.176094 0.129742 0.097706
25753 27.349529 7.7660855 -0.131002 0.077703 -0.070063
25759 2.0003106 7.7642766 0.092322 0.078077 0.045447
25761 13.979650 7.7636738 -0.088138 0.146964 -0.141410
25771 2.0003105 7.7606612 0.023445 0.190237 -0.143864
25779 17.438864 7.7582528 0.017768 0.130758 0.113271
25797 6.0027923 7.7528395 0.037881 0.053327 0.051070
25801 2.0003101 7.7516375 -0.136581 0.160757 -0.157731
25819 2.0003099 7.7462334 -0.061779 0.189968 -0.172812
25831 5.7894324 7.7426348 -0.197185 0.147662 -0.144962
25833 13.121524 7.7420354 0.142328 0.168363 -0.058224
25837 9.3434590 7.7408368 0.169651 0.121214 0.114782
25843 4.4398059 7.7390396 -0.067283 0.120880 -0.116798
25849 2.0003095 7.7372432 -0.144487 0.085589 -0.044187
25851 28.091280 7.7366446 -0.039080 0.037519 0.021389
25867 2.0003093 7.7318591 -0.127428 0.081955 0.007779
25869 6.0027845 7.7312614 -0.262420 0.273277 -0.270217
25873 2.0003093 7.7300661 0.159449 0.115184 0.062340
25879 9.3434425 7.7282739 -0.068024 0.072545 -0.069502
25887 6.0027826 7.7258856 -0.177728 0.174382 -0.172259
25903 2.0003089 7.7211134 -0.070965 0.122878 -0.107730
25909 5.7893972 7.7193253 -0.096407 0.085736 -0.011488
25923 6.0027787 7.7151564 -0.143144 0.144374 -0.092452
25933 2.0003085 7.7121814 0.133900 0.124486 0.121319
25939 2.0003085 7.7103975 -0.031905 0.144925 -0.118821
25941 6.0027768 7.7098030 -0.032649 0.041989 -0.034881
25951 2.0003083 7.7068321 0.001500 0.069863 0.050743
25963 9.3434098 7.7032700 -0.146106 0.088207 -0.083587
25969 2.0003081 7.7014902 -0.027170 0.062217 -0.051013
25977 28.090835 7.6991185 0.091190 0.082796 0.077194
25981 2.0003080 7.6979331 -0.036296 0.110969 -0.082578
25987 5.7893623 7.6961558 0.048671 0.144658 -0.083322
25999 2.0003078 7.6926036 -0.135683 0.163118 -0.160658
26017 2.0003075 7.6872814 -0.249695 0.159503 -0.104602
26029 2.0003074 7.6837374 0.153064 0.148376 -0.030559
26031 6.0027672 7.6831470 -0.104238 0.065302 -0.024228
26041 2.0003073 7.6801966 -0.135950 0.130177 -0.128114
26049 15.334216 7.6778379 -0.004315 0.091717 0.072986
26053 2.0003071 7.6766591 -0.121397 0.124735 -0.121267
26067 6.0027634 7.6725362 0.065943 0.094817 -0.052490
26083 2.0003068 7.6678296 -0.070135 0.078395 -0.074643
26089 9.3433611 7.6660662 0.063665 0.047565 0.021522
26101 4.4395118 7.6625417 0.067495 0.130826 0.124111
26107 2.0003065 7.6607806 0.098906 0.162268 -0.082840
26113 2.0003064 7.6590204 -0.138015 0.213301 -0.203722
26119 2.0003063 7.6572610 -0.044119 0.055520 0.019728
26121 6.0027577 7.6566747 -0.120605 0.177522 -0.167090
26131 9.3433450 7.6537446 -0.157056 0.128430 -0.116133
26139 6.0027558 7.6514021 -0.101309 0.153958 -0.150420
26143 5.7892930 7.6502314 0.098557 0.126467 0.122381
26149 4.2648726 7.6484760 0.116356 0.121151 -0.019232
26157 6.0027539 7.6461368 -0.094863 0.103361 -0.032705
26161 2.0003058 7.6449677 -0.089476 0.064574 0.007213
26173 9.3433289 7.6414626 -0.199500 0.147674 -0.139412
26193 6.0027501 7.6356278 -0.066892 0.107820 -0.101534
26203 2.0003054 7.6327138 0.034222 0.084021 0.077410
26209 2.0003053 7.6309665 -0.211598 0.193332 -0.190517
26211 6.0027482 7.6303842 -0.112818 0.175582 -0.161990
26221 5.7892587 7.6274742 0.000428 0.087495 -0.071291
26227 2.0003051 7.6257292 0.041485 0.151085 0.133463
26229 28.089960 7.6251477 -0.141764 0.113085 -0.109638
26233 4.5102944 7.6239851 -0.235296 0.279868 -0.276228
26239 5.0813847 7.6222417 -0.026447 0.188312 -0.153619
26247 17.436971 7.6199185 -0.076597 0.155715 -0.137446
26251 2.0003048 7.6187574 -0.130250 0.176361 -0.172195
26263 2.0003047 7.6152762 0.215260 0.136478 0.067642
26269 4.2224633 7.6135369 -0.246300 0.147954 -0.094952
26283 6.0027407 7.6094814 -0.037794 0.073308 0.044395
26287 4.2345455 7.6083235 -0.175796 0.125995 -0.063293
26293 2.0003043 7.6065873 0.020335 0.041887 -0.018522
26317 2.0003040 7.5996504 -0.036082 0.180705 -0.149334
26319 13.975309 7.5990729 0.108164 0.095804 0.082854
26337 6.0027350 7.5938793 -0.124435 0.233844 -0.223118
26347 2.0003037 7.5909971 -0.224407 0.211183 -0.207596
26359 4.4392236 7.5875413 -0.131180 0.231684 -0.217812
26371 2.0003034 7.5840886 0.209020 0.218126 0.216221
26377 5.7891907 7.5823634 0.045023 0.074803 -0.046046
26383 9.3432492 7.5806390 -0.012893 0.038571 0.032826
26391 15.332462 7.5783411 -0.087852 0.125010 -0.122803
26407 2.0003030 7.5737494 -0.122354 0.247715 -0.233383
26409 6.0027276 7.5731758 0.121671 0.189509 0.184198
26413 4.3206151 7.5720289 -0.062678 0.068745 0.024294
26431 2.0003027 7.5668722 0.018465 0.075585 -0.041821
26437 2.0003027 7.5651549 -0.144925 0.094240 -0.048761
26443 4.6142302 7.5634383 -0.073515 0.197852 -0.181903
26449 2.0003025 7.5617226 0.047082 0.111422 -0.055883
26463 6.0027220 7.5577221 0.152842 0.135833 -0.016276
26467 24.129459 7.5565799 -0.122648 0.114618 -0.106717
26479 2.0003022 7.5531553 -0.075261 0.059302 -0.009009
26481 84.367981 7.5525849 0.065765 0.034365 0.021762
26497 2.0003020 7.5480243 -0.106528 0.088859 0.031049
26517 6.0027165 7.5423313 0.028704 0.071811 -0.044735
26539 2.0003015 7.5360790 0.220682 0.282982 0.278607
26551 9.3431864 7.5326730 -0.185442 0.132893 -0.126342
26557 2.0003013 7.5309711 0.101833 0.092327 -0.013032
26581 5.0811947 7.5241714 -0.074459 0.068107 -0.014173
26589 6.0027091 7.5219076 -0.179883 0.226456 -0.219324
26599 4.2972656 7.5190797 -0.135101 0.173294 -0.171488
26617 4.4389410 7.5139948 0.073527 0.096292 -0.016121
26623 4.2639439 7.5123014 0.042671 0.109943 0.084537
26629 4.6140784 7.5106087 -0.201414 0.177449 -0.176262
26641 2.0003003 7.5072257 -0.096413 0.164955 -0.159464
26647 2.0003003 7.5055353 -0.014869 0.099601 0.078286
26661 6.0027018 7.5015941 0.149496 0.186969 0.183781
26677 21.774921 7.4970949 -0.073620 0.090370 -0.087970
26679 6.0027000 7.4965329 -0.046811 0.068086 0.031477
26683 2.0002999 7.4954091 -0.041900 0.047002 -0.041253
26689 5.7890570 7.4937240 -0.140308 0.092851 -0.015830
26701 2.0002997 7.4903562 -0.115062 0.194913 -0.187241
26713 2.0002995 7.4869914 -0.042181 0.112218 -0.101898
26731 2.0002993 7.4819498 0.118653 0.152785 0.146553
26733 75.437037 7.4813900 0.073567 0.038683 0.028855
26737 2.0002993 7.4802708 -0.048264 0.158744 -0.138811
26751 13.681626 7.4763560 -0.000180 0.159778 -0.122881
26761 9.3431090 7.4735623 0.004004 0.050997 0.047262
26769 6.0026909 7.4713288 0.038660 0.076743 -0.038725
26779 4.3200645 7.4685388 -0.157383 0.246063 -0.237714
26787 6.0026891 7.4663083 0.034172 0.144934 0.128660
26791 4.2785164 7.4651935 -0.063045 0.052440 -0.001666
26797 4.2098896 7.4635220 -0.161783 0.182595 -0.179773
26821 2.0002983 7.4568435 0.051782 0.186736 -0.133828
26823 6.0026855 7.4562875 -0.023921 0.113766 -0.102961
26827 4.2056829 7.4551758 -0.019834 0.216611 -0.180675
26833 2.0002982 7.4535087 -0.081309 0.077717 -0.016558
26839 2.0002981 7.4518425 -0.046990 0.043283 -0.036154
26859 28.087843 7.4462936 -0.162659 0.141834 -0.129506
26863 2.0002979 7.4451848 -0.014194 0.203977 -0.168230
26869 4.2331718 7.4435223 0.055940 0.186614 -0.128273
26881 2.0002977 7.4401994 0.282374 0.158813 0.111078
26893 2.0002975 7.4368795 -0.215883 0.195496 -0.192119
26899 4.5096609 7.4352206 -0.046531 0.050032 0.022917
26913 6.0026765 7.4313529 -0.039817 0.072775 0.039886
26923 15.194638 7.4285927 -0.011139 0.072901 -0.063266
26929 9.3430480 7.4269375 0.077936 0.079583 0.076986
26947 2.0002969 7.4219765 0.110897 0.182646 -0.092484
26949 17.434255 7.4214257 -0.015438 0.079805 -0.071055
26953 2.0002969 7.4203243 -0.128858 0.224390 -0.211411
26959 2.0002968 7.4186728 0.152686 0.186638 0.180903
26971 9.3430328 7.4153721 -0.125439 0.097987 -0.093807
27001 14.109870 7.4071331 0.021874 0.093832 0.080993
27003 6.0026676 7.4065845 0.135173 0.146951 -0.039631
27021 6.0026658 7.4016506 0.080911 0.053106 0.029836
27031 2.0002960 7.3989124 -0.178390 0.228650 -0.221962
27037 5.0809490 7.3972704 0.097934 0.138583 -0.058775
27039 6.0026640 7.3967233 -0.024092 0.071410 0.012278
27043 2.0002959 7.3956292 0.055014 0.126207 0.116553
27061 2.0002957 7.3907099 -0.079461 0.133224 -0.128443
27067 2.0002956 7.3890716 -0.207540 0.141256 -0.081452
27073 2.0002955 7.3874340 0.117997 0.107302 0.002260
27079 5.7888942 7.3857971 0.022288 0.104489 -0.065721
27091 2.0002953 7.3825256 -0.138025 0.183708 -0.180969
27103 2.0002952 7.3792569 -0.068233 0.105003 -0.100862
27109 2.0002951 7.3776237 -0.061925 0.091494 0.044596
27111 28.087024 7.3770794 0.197034 0.164804 0.156268
27121 4.5094567 7.3743594 -0.083500 0.169569 -0.153242
27127 2.0002950 7.3727283 -0.072497 0.064654 0.001153
27129 6.0026552 7.3721847 0.073408 0.168602 -0.107313
27133 4.4383920 7.3710979 -0.067977 0.119684 -0.113942
27139 9.3429727 7.3694683 0.068533 0.040925 -0.011729
27147 6.0026534 7.3672966 0.161090 0.111355 0.070085
27151 5.0808889 7.3662112 0.161981 0.200971 0.197751
27157 5.7888622 7.3645837 -0.151005 0.201082 -0.193152
27187 4.6136354 7.3564571 0.133288 0.087690 -0.013047
27201 6.0026481 7.3526709 -0.063410 0.125418 -0.120616
27211 2.0002940 7.3499688 0.024879 0.070237 0.057033
27219 13.486436 7.3478085 -0.119684 0.176689 -0.164564
27223 9.3429429 7.3467289 0.044702 0.019790 0.017730
27229 4.2777581 7.3451100 0.229999 0.159388 0.132153
27237 28.086620 7.3429526 -0.134461 0.087628 -0.083826
27241 2.0002937 7.3418744 0.090193 0.114586 -0.037145
27253 2.0002936 7.3386416 -0.036759 0.062091 0.011127
27259 2.0002935 7.3370263 -0.005235 0.085831 -0.068673
27271 2.0002934 7.3337978 0.032261 0.063850 -0.023440
27273 6.0026411 7.3332600 -0.190857 0.190675 -0.187794
27277 2.0002933 7.3321846 0.106326 0.138803 0.131836
27283 2.0002933 7.3305722 -0.109540 0.228145 -0.212522
27309 6.0026377 7.3235930 -0.223490 0.139970 -0.084554
27327 6.0026359 7.3187690 -0.085131 0.121182 -0.119599
27331 4.2016988 7.3176979 -0.081128 0.192821 -0.173349
27337 2.0002927 7.3160917 0.109157 0.139618 0.136779
27343 4.5092558 7.3144863 -0.012093 0.095687 -0.084878
27349 9.3428986 7.3128816 -0.063829 0.034876 -0.031099
27361 2.0002924 7.3096744 -0.012135 0.054830 0.023777
27363 28.086220 7.3091401 0.037054 0.030974 -0.006780
27367 2.0002924 7.3080718 -0.012164 0.189778 -0.156626
27373 4.6134918 7.3064699 -0.062452 0.209160 -0.184710
27381 6.0026307 7.3043351 0.097344 0.130319 -0.044199
27397 2.0002920 7.3000694 0.073575 0.048410 0.003910
27399 6.0026290 7.2995365 0.010923 0.125194 -0.106872
27403 4.2959828 7.2984710 -0.107944 0.083377 -0.025090
27409 2.0002919 7.2968733 -0.002226 0.200190 -0.161237
27417 49.233670 7.2947441 -0.050706 0.083454 0.046109
27427 2.0002917 7.2920844 -0.067588 0.080525 -0.072103
27433 9.3428693 7.2904896 0.060632 0.044333 0.036408
27451 4.2318572 7.2857091 -0.008263 0.159697 -0.127863
27453 6.0026238 7.2851783 0.133306 0.098423 0.038390
27457 2.0002914 7.2841170 -0.157328 0.221136 -0.215150
27469 5.7887361 7.2809349 -0.009966 0.085951 -0.076203
27471 6.0026221 7.2804048 0.048971 0.188814 -0.138745
27481 2.0002912 7.2777555 -0.255352 0.228015 -0.221816
27487 2.0002911 7.2761669 -0.060196 0.050467 0.003190
27493 5.0807115 7.2745790 0.028519 0.171689 -0.125240
27517 9.3428402 7.2682342 -0.030684 0.038479 -0.037238
27529 2.0002906 7.2650659 -0.015553 0.066695 0.048125
27541 2.0002905 7.2619004 -0.053617 0.113482 -0.096300
27543 6.0026152 7.2613731 -0.192866 0.134017 -0.080935
27559 22.129078 7.2571574 -0.212671 0.146464 -0.131658
27561 6.0026135 7.2566307 -0.196309 0.128269 -0.069030
27571 4.2621836 7.2539988 -0.028606 0.066005 0.045191
27583 2.0002901 7.2508429 0.075944 0.153149 -0.092212
27597 6.0026101 7.2471645 -0.093396 0.205878 -0.187603
27601 9.3428112 7.2461143 -0.030160 0.027182 -0.026421
27607 5.0806533 7.2445394 -0.030251 0.100954 -0.093102
27631 2.0002896 7.2382469 0.223881 0.244797 0.240814
27633 13.191550 7.2377230 -0.132195 0.240118 -0.226580
27649 4.4378636 7.2335347 0.007145 0.057401 -0.039473
27651 17.431678 7.2330115 -0.146246 0.130510 -0.128888
27661 4.2030009 7.2303966 -0.047761 0.170773 -0.150450
27667 4.2770242 7.2288286 -0.002477 0.144295 -0.113327
27673 2.0002891 7.2272612 -0.141009 0.092502 -0.036087
27691 2.0002889 7.2225633 -0.263808 0.227650 -0.221508
27697 2.0002889 7.2209987 0.382325 0.340178 0.335209
27703 5.7886434 7.2194347 0.067764 0.142685 -0.087746
27721 5.0805956 7.2147469 0.070519 0.081124 -0.046066
27723 6.0025982 7.2142265 0.097835 0.096878 -0.012180
27733 2.0002885 7.2116251 -0.164645 0.189503 -0.186307
27739 2.0002884 7.2100653 -0.051519 0.068451 0.035612
27741 28.085042 7.2095454 -0.100641 0.106746 -0.101699
27751 2.0002883 7.2069475 -0.258631 0.280865 -0.275911
27759 15.325880 7.2048705 -0.095817 0.213828 -0.199058
27763 2.0002882 7.2038324 0.023224 0.058783 -0.037341
27769 9.3427538 7.2022759 -0.199955 0.152610 -0.140224
27781 5.7886128 7.1991649 -0.055371 0.066633 0.014620
27787 4.5088637 7.1976104 0.027582 0.084400 -0.045323
27793 2.0002879 7.1960566 -0.008735 0.142988 -0.119627
27799 2.0002878 7.1945034 -0.028045 0.057087 0.034774
27813 13.108519 7.1908820 0.182509 0.228149 0.223669
27817 2.0002876 7.1898479 0.183478 0.113290 0.037770
27823 2.0002876 7.1882975 -0.054333 0.080825 0.039014
27831 6.0025882 7.1862312 0.118147 0.077188 0.003228
27847 2.0002873 7.1821022 -0.237805 0.217046 -0.211977
27849 6.0025865 7.1815864 0.173975 0.141881 -0.009638
27859 5.7885824 7.1790086 0.058366 0.067059 -0.030615
27867 28.084656 7.1769476 -0.162455 0.117302 -0.111396
27877 4.3185004 7.1743731 0.133223 0.122100 -0.031404
27883 2.0002870 7.1728293 -0.074522 0.055272 0.000180
27901 2.0002868 7.1682019 -0.005952 0.070008 -0.053136
27913 4.2239625 7.1651202 0.080192 0.161571 -0.097803
27919 2.0002866 7.1635804 -0.038633 0.176031 -0.151322
27937 27.318910 7.1589648 -0.040461 0.030656 -0.026349
27939 13.140035 7.1584523 -0.132888 0.074132 -0.019133
27943 2.0002863 7.1574276 0.058906 0.053073 0.024331
27949 5.0804817 7.1558911 -0.174491 0.117576 -0.050049
27957 6.0025765 7.1538434 -0.003301 0.042284 -0.031378
27961 2.0002862 7.1528200 -0.079967 0.202251 -0.183449
27967 2.0002861 7.1512854 -0.118420 0.084110 -0.042739
27993 70.890788 7.1446433 -0.091835 0.069330 -0.062858
27997 2.0002858 7.1436225 -0.113527 0.234631 -0.218588
28009 4.5086724 7.1405620 0.086065 0.168398 0.158693
28011 6.0025715 7.1400521 -0.095938 0.216945 -0.200984
28021 9.3426690 7.1375040 0.239799 0.199534 0.193120
28027 2.0002855 7.1359760 -0.069891 0.119739 -0.116331
28029 6.0025699 7.1354668 -0.065098 0.091469 -0.088820
28047 6.0025682 7.1308874 0.068851 0.153062 0.141758
28051 2.0002852 7.1298706 0.044229 0.092519 0.080696
28057 2.0002852 7.1283459 -0.056960 0.081610 -0.072784
28063 24.101342 7.1268218 -0.146375 0.111625 -0.104498
28069 2.0002851 7.1252984 0.016180 0.094094 -0.071217
28081 2.0002849 7.1222535 -0.081850 0.222575 -0.206207
28087 2.0002849 7.1207320 0.184876 0.131739 0.001277
28093 5.7884922 7.1192112 -0.114937 0.083778 -0.002645
28099 2.0002847 7.1176910 0.185925 0.125530 0.098643
28111 2.0002846 7.1146526 -0.187297 0.176845 -0.175605
28117 4.6129363 7.1131344 -0.048517 0.052234 0.007418
28119 84.157127 7.1126285 -0.041101 0.045569 -0.044181
28123 2.0002845 7.1116168 -0.167588 0.261292 -0.252289
28147 9.3426272 7.1055530 -0.106141 0.074929 -0.073137
28173 6.0025567 7.0989955 0.173055 0.192971 0.189934
28177 5.0803696 7.0979877 0.092198 0.184145 0.174797
28183 2.0002839 7.0964766 -0.211165 0.205255 -0.201196
28189 9.3426133 7.0949661 -0.085141 0.078441 -0.076631
28191 6.0025551 7.0944628 0.153635 0.193967 0.190113
28201 2.0002837 7.0919471 -0.054758 0.055380 0.003721
28207 4.2947737 7.0904385 -0.093775 0.171354 -0.157511
28209 6.0025535 7.0899358 -0.206565 0.187580 -0.183194
28219 2.0002835 7.0874234 -0.025356 0.096133 0.065673
28231 21.726599 7.0844108 -0.045112 0.062678 -0.060843
28243 4.3180063 7.0814007 0.011500 0.149334 0.129512
28263 6.0025486 7.0763896 -0.295777 0.293018 -0.288788
28279 2.0002829 7.0723859 -0.074736 0.141296 -0.137156
28291 5.0803143 7.0693860 -0.039135 0.152816 -0.130563
28297 2.0002828 7.0678871 -0.195018 0.249230 -0.243138
28299 6.0025453 7.0673875 -0.088208 0.060540 -0.007617
28309 2.0002826 7.0648910 -0.001918 0.119026 -0.105178
28317 6.0025437 7.0628951 -0.035090 0.072935 0.041443
28321 4.2055166 7.0618975 0.043378 0.045874 0.024403
28327 5.7884036 7.0604017 0.049319 0.092202 0.081114
28351 2.0002822 7.0544249 0.011673 0.108776 -0.091670
28353 17.429230 7.0539273 -0.008715 0.167242 -0.136660
28357 9.3425583 7.0529323 -0.208043 0.150511 -0.139283
28387 2.0002819 7.0454786 -0.040083 0.043864 0.003602
28389 6.0025373 7.0449822 -0.042414 0.170966 -0.151771
28393 2.0002818 7.0439897 -0.131911 0.147885 -0.144511
28399 9.3425446 7.0425015 0.012829 0.050456 0.047977
28411 2.0002816 7.0395269 0.012570 0.148288 0.129010
28417 4.1973339 7.0380406 -0.131580 0.229789 -0.221715
28423 4.4371073 7.0365549 0.086747 0.202925 -0.143308
28429 2.0002814 7.0350698 -0.020102 0.046667 0.027587
28443 15.322828 7.0316071 -0.141909 0.098080 -0.022833
28447 2.0002813 7.0306183 0.213142 0.144496 0.111036
28453 4.5082987 7.0291358 0.012051 0.094616 0.075473
28477 2.0002810 7.0232117 0.164193 0.110598 0.090098
28483 27.311998 7.0217323 0.077229 0.055116 0.046042
28489 4.6126695 7.0202534 -0.052532 0.049063 -0.042856
28513 2.0002806 7.0143443 -0.190728 0.121663 -0.066988
28531 4.2225922 7.0099190 0.018361 0.090486 -0.077640
28533 6.0025245 7.0094277 -0.035984 0.110840 -0.101475
28537 2.0002804 7.0084452 0.021924 0.055023 0.049210
28549 2.0002803 7.0054993 -0.234664 0.259953 -0.255667
28551 13.959663 7.0050086 -0.052840 0.088301 0.055717
28573 2.0002800 6.9996150 -0.194917 0.199149 -0.195856
28579 2.0002800 6.9981455 -0.136249 0.091276 -0.045793
28587 17.428441 6.9961871 -0.084300 0.113644 -0.111844
28591 2.0002798 6.9952083 -0.100262 0.181542 -0.171224
28597 2.0002798 6.9937406 0.054740 0.113381 0.104154
28603 2.0002797 6.9922735 0.065710 0.071799 -0.007157
28609 21.244964 6.9908071 0.008943 0.049236 -0.042793
28621 2.0002796 6.9878760 -0.178119 0.109724 -0.058853
28627 2.0002795 6.9864114 -0.215336 0.260519 -0.255016
28639 5.7882876 6.9834841 -0.088894 0.073940 0.014985
28641 6.0025149 6.9829964 -0.090622 0.198542 -0.180719
28651 9.3424635 6.9805591 -0.069696 0.077758 -0.073725
28657 2.0002792 6.9790976 -0.065862 0.138522 -0.133690
28663 2.0002791 6.9776367 -0.115995 0.072264 0.003895
28669 2.0002791 6.9761764 -0.091388 0.201028 -0.188045
28687 2.0002789 6.9717991 -0.059274 0.155295 -0.148496
28693 9.3424501 6.9703412 -0.037145 0.058099 -0.056686
28711 2.0002787 6.9659712 0.184170 0.119829 0.022253
28723 2.0002786 6.9630610 0.169083 0.203796 0.200096
28729 2.0002785 6.9616067 -0.208093 0.200913 -0.197893
28731 13.177847 6.9611221 -0.205342 0.272025 -0.265686
28753 2.0002783 6.9557959 0.012965 0.166836 -0.131519
28759 2.0002782 6.9543447 -0.088459 0.182900 -0.170884
28767 13.472427 6.9524107 0.067814 0.189607 -0.134452
28771 2.0002781 6.9514442 -0.044781 0.114558 -0.107269
28777 9.3424235 6.9499948 -0.117529 0.094890 -0.091610
28789 2.0002779 6.9470978 0.301649 0.321826 0.317204
28803 6.0025008 6.9437211 -0.054920 0.051329 -0.000051
28807 2.0002777 6.9427570 -0.095255 0.084787 0.000199
28813 2.0002777 6.9413112 -0.151134 0.162956 -0.162169
28821 17.427664 6.9393845 -0.004029 0.090426 0.072688
28837 2.0002775 6.9355342 0.027406 0.156404 -0.117013
28839 6.0024977 6.9350532 -0.025017 0.116734 -0.109022
28843 2.0002774 6.9340915 -0.075467 0.231667 -0.212398
28857 6.0024961 6.9307274 0.054899 0.113916 -0.067920
28867 2.0002772 6.9283265 0.056403 0.043071 0.013109
28873 5.7882023 6.9268867 -0.069574 0.076089 0.022036
28879 2.0002771 6.9254476 0.091799 0.125104 -0.067825
28893 6.0024930 6.9220919 0.011256 0.114108 -0.086335
28903 9.3423838 6.9196969 0.042693 0.039233 0.038564
28909 2.0002768 6.9182607 0.057534 0.065242 -0.011404
28921 2.0002767 6.9153902 -0.172262 0.263781 -0.254968
28927 2.0002766 6.9139558 -0.002079 0.187238 -0.152545
28929 6.0024899 6.9134778 -0.192734 0.114952 -0.060264
28933 2.0002765 6.9125220 0.123587 0.145620 0.142546
28939 4.4366257 6.9110888 -0.081781 0.110826 -0.107687
28947 6.0024883 6.9091788 -0.216702 0.130637 -0.073025
28981 4.2749567 6.9010731 -0.169403 0.191595 -0.188024
28983 6.0024852 6.9005969 -0.065090 0.129562 -0.116890
28993 4.2597612 6.8982168 0.051303 0.073306 -0.038094
29001 28.081336 6.8963139 -0.027799 0.051925 -0.049793
29011 4.2936323 6.8939368 0.093624 0.185832 -0.124552
29017 2.0002757 6.8925113 -0.064425 0.097806 0.046383
29023 2.0002757 6.8910864 -0.050561 0.057256 -0.052029
29037 6.0024806 6.8877639 0.112118 0.085617 -0.019467
29047 4.6122822 6.8853926 0.030187 0.152119 -0.115505
29059 2.0002753 6.8825493 -0.232520 0.132210 -0.073191
29071 9.3423315 6.8797083 0.046412 0.027570 0.013087
29077 2.0002752 6.8782887 -0.185462 0.197381 -0.193844
29083 4.2035050 6.8768696 -0.073468 0.055406 0.013826
29089 5.0799389 6.8754512 0.081565 0.160573 -0.105227
29091 6.0024760 6.8749785 0.151457 0.102607 0.034164
29101 2.0002749 6.8726161 0.101183 0.165728 0.157524
29107 5.7881183 6.8711994 -0.049730 0.103697 -0.099848
29109 13.956131 6.8707273 0.075471 0.187877 -0.130006
29113 9.3423185 6.8697833 0.136574 0.093344 0.086162
29119 4.5077596 6.8683677 -0.119804 0.129685 -0.127761
29127 75.045411 6.8664813 0.093495 0.091431 0.088635
29131 2.0002747 6.8655384 0.112712 0.127152 -0.049145
29137 2.0002746 6.8641247 -0.178086 0.248651 -0.241120
29143 4.1958032 6.8627115 -0.032051 0.066284 0.039521
29149 4.2212809 6.8612988 0.147116 0.091827 -0.000709
29163 6.0024699 6.8580050 0.005133 0.097042 -0.083759
29167 2.0002743 6.8570645 0.106805 0.115017 0.112169
29173 2.0002743 6.8556542 -0.280045 0.287852 -0.283077
29179 2.0002742 6.8542445 0.052585 0.113462 -0.067135
29191 2.0002741 6.8514268 0.077143 0.045295 0.021167
29197 21.466409 6.8500188 -0.114580 0.107060 -0.102423
29199 6.0024669 6.8495496 -0.076758 0.099957 0.044620
29209 2.0002739 6.8472046 -0.031087 0.071731 0.045914
29217 6.0024653 6.8453298 0.072714 0.052442 0.018761
29221 2.0002738 6.8443927 0.018233 0.162116 -0.126372
29239 9.3422797 6.8401792 0.026384 0.027991 0.001248
29251 2.0002735 6.8373731 -0.168741 0.108642 -0.021216
29263 5.7880631 6.8345693 -0.032195 0.182049 -0.161378
29269 2.0002734 6.8331682 0.081476 0.160615 0.152762
29287 2.0002732 6.8289685 -0.107456 0.126272 -0.124928
29289 17.426149 6.8285022 -0.094432 0.120679 -0.118948
29307 6.0024578 6.8243082 -0.130456 0.078502 -0.010541
29311 2.0002730 6.8233769 -0.143244 0.085843 -0.028052
29317 5.0798354 6.8219804 -0.057630 0.107742 -0.103282
29329 4.1981034 6.8191892 -0.234317 0.201848 -0.195919
29341 13.865438 6.8164003 0.079007 0.140833 -0.086412
29343 6.0024547 6.8159357 -0.063903 0.122309 -0.118352
29347 2.0002726 6.8150066 0.023852 0.106034 -0.074540
29361 6.0024532 6.8117571 -0.030278 0.130272 -0.113973
29379 28.080287 6.8075836 -0.106986 0.086487 -0.083850
29383 2.0002723 6.8066569 -0.001148 0.166167 -0.137056
29389 2.0002722 6.8052673 -0.062381 0.174139 -0.159735
29401 2.0002721 6.8024897 -0.188559 0.184804 -0.183182
29407 9.3422286 6.8011018 -0.096659 0.079726 -0.076903
29413 4.2930852 6.7997144 0.001242 0.043016 -0.031460
29419 14.036620 6.7983276 -0.015680 0.076802 0.050586
29431 5.0797843 6.7955557 -0.150184 0.211035 -0.204431
29433 6.0024472 6.7950939 -0.031551 0.060962 0.024870
29437 2.0002718 6.7941706 -0.161828 0.097107 -0.044755
29443 2.0002717 6.7927861 -0.123860 0.150633 -0.149702
29451 6.0024457 6.7909409 0.120993 0.177366 0.172304
29467 4.2590063 6.7872535 -0.032531 0.192265 -0.171562
29473 2.0002715 6.7858718 0.122341 0.125309 -0.044145
29487 6.0024427 6.7826500 -0.022642 0.174122 -0.149039
29497 5.7879814 6.7803505 -0.041011 0.074382 -0.068678
29503 4.1932985 6.7789716 0.268010 0.306914 0.302164
29523 17.425409 6.7743793 -0.009333 0.154209 -0.131875
29527 2.0002710 6.7734616 -0.113697 0.171052 -0.167847
29533 9.3421906 6.7720855 0.093911 0.058841 0.037838
29539 4.2145889 6.7707099 0.022190 0.068245 -0.042972
29541 13.465983 6.7702515 0.053360 0.059785 -0.034997
29569 2.0002706 6.7638405 0.143255 0.082469 0.040658
29577 6.0024353 6.7620110 -0.152847 0.080382 -0.019765
29581 2.0002705 6.7610966 0.135191 0.080393 0.045593
29587 2.0002704 6.7597256 -0.043143 0.103884 0.065418
29599 2.0002703 6.7569850 -0.000553 0.192114 -0.161056
29611 2.0002702 6.7542467 -0.003062 0.071011 -0.051788
29613 6.0024324 6.7537906 -0.231325 0.273970 -0.268045
29617 9.3421654 6.7528784 0.116625 0.092440 0.082225
29629 2.0002700 6.7501434 -0.030773 0.056890 0.033510
29641 2.0002699 6.7474107 -0.005686 0.221052 -0.191665
29649 6.0024294 6.7455901 -0.243440 0.279942 -0.273895
29653 5.7879276 6.7446801 -0.027763 0.073498 -0.067811
29659 24.076306 6.7433157 0.043369 0.059208 0.057941
29671 2.0002697 6.7405885 -0.146221 0.092484 -0.044055
29683 2.0002696 6.7378634 0.000473 0.183279 -0.155995
29701 9.3421404 6.7337800 -0.064107 0.042052 -0.033637
29703 6.0024250 6.7333266 -0.015956 0.053924 0.039887
29707 4.3161527 6.7324200 -0.074204 0.132627 -0.129212
29713 4.4359348 6.7310605 -0.127513 0.079638 -0.033174
29721 6.0024235 6.7292487 0.048142 0.075238 -0.034340
29731 5.7879009 6.7269853 0.065474 0.147949 0.138421
29757 83.970370 6.7211076 -0.051788 0.038737 -0.034890
29761 2.0002688 6.7202043 -0.214377 0.278248 -0.271525
29773 5.0796332 6.7174957 -0.002208 0.093032 0.076668
29779 4.2271195 6.7161422 -0.194883 0.193894 -0.190359
29793 6.0024176 6.7129863 0.138935 0.090843 0.001784
29803 2.0002685 6.7107338 -0.029394 0.124654 -0.108707
29809 5.7878744 6.7093831 0.022778 0.148427 -0.114970
29811 15.317148 6.7089329 0.055243 0.111730 0.105338
29827 9.3421032 6.7053341 -0.014763 0.061892 -0.057088
29829 13.165177 6.7048845 0.264446 0.255275 0.251713
29833 2.0002682 6.7039855 0.007143 0.086948 -0.075191
29847 6.0024133 6.7008410 -0.110481 0.130384 -0.127933
29851 2.0002680 6.6999431 0.119210 0.135025 -0.058417
29857 4.2736804 6.6985966 -0.112581 0.075650 -0.015746
29863 2.0002679 6.6972508 0.146719 0.097769 -0.008946
29881 2.0002678 6.6932164 0.043058 0.156912 0.143095
29883 28.078929 6.6927685 -0.064730 0.044650 -0.036143
29901 6.0024089 6.6887395 -0.057518 0.209464 -0.189712
29911 9.3420786 6.6865033 0.018326 0.042910 -0.030867
29917 2.0002674 6.6851623 -0.090618 0.123296 -0.120182
29919 6.0024075 6.6847154 -0.029161 0.054457 -0.047693
29941 4.2582756 6.6798036 0.126021 0.124650 0.122141
29947 2.0002672 6.6784653 -0.071221 0.136726 -0.133105
29959 2.0002671 6.6757902 0.117493 0.084993 0.067457
29973 13.021831 6.6726721 -0.093294 0.146317 -0.143815
29977 4.6116688 6.6717817 -0.034765 0.205980 -0.184210
29983 2.0002669 6.6704466 -0.076281 0.054308 -0.001867
29989 2.0002668 6.6691120 -0.082923 0.139672 -0.137213
29991 17.423965 6.6686673 0.028263 0.143606 -0.109462
30001 5.0795344 6.6664445 0.105480 0.071390 0.002649
30007 4.5070782 6.6651115 -0.087364 0.078526 0.033275
30009 28.078596 6.6646673 -0.155215 0.118590 -0.112233
30013 2.0002666 6.6637790 -0.170552 0.266431 -0.257301
30027 6.0023988 6.6606721 -0.026857 0.156040 -0.136947
30043 5.7877956 6.6571248 0.052900 0.049270 -0.023732
30049 4.1931275 6.6557955 0.076445 0.179677 0.169243
30079 9.3420297 6.6491572 0.093587 0.074234 0.055629
30081 13.656112 6.6487151 0.093818 0.162537 0.152795
30091 2.0002659 6.6465056 -0.013183 0.060195 0.039756
30097 2.0002658 6.6451806 0.076195 0.176512 -0.124706
30099 13.051057 6.6447390 -0.100601 0.182228 -0.176415
30103 2.0002658 6.6438561 -0.121608 0.247664 -0.234327
30109 2.0002657 6.6425321 -0.236534 0.130701 -0.054283
30117 6.0023916 6.6407677 -0.090459 0.204145 -0.192402
30121 27.292785 6.6398858 -0.004904 0.010620 0.008893
30133 2.0002655 6.6372416 -0.153213 0.096643 -0.041835
30139 2.0002655 6.6359202 0.044014 0.185409 -0.145253
30163 22.067124 6.6306402 0.019757 0.026404 0.011177
30169 2.0002652 6.6293215 -0.115465 0.170013 -0.165547
30181 2.0002651 6.6266857 -0.136798 0.248789 -0.236079
30187 2.0002650 6.6253685 -0.090031 0.174753 -0.165777
30193 4.2132217 6.6240519 0.169970 0.230082 0.223743
30207 6.0023845 6.6209819 -0.143813 0.089884 -0.041940
30211 2.0002648 6.6201053 -0.102579 0.156082 -0.153955
30223 2.0002647 6.6174768 -0.062521 0.209958 -0.189268
30229 12.526910 6.6161633 -0.085492 0.208139 -0.195592
30241 2.0002646 6.6135379 0.025012 0.071980 -0.044617
30253 2.0002645 6.6109146 -0.045810 0.116880 -0.109782
30259 2.0002644 6.6096038 -0.043189 0.061485 0.035939
30271 2.0002643 6.6069836 0.097458 0.079086 -0.011164
30279 6.0023788 6.6052380 -0.054626 0.208182 -0.187247
30289 9.3419693 6.6030572 -0.174075 0.122417 -0.110560
30297 6.0023774 6.6013137 0.025660 0.040488 -0.007028
30301 4.1914445 6.6004422 0.127861 0.150184 0.146859
30307 2.0002640 6.5991355 0.006646 0.166713 -0.141878
30313 2.0002639 6.5978293 -0.020768 0.172514 -0.149170
30319 2.0002639 6.5965236 0.093235 0.135392 0.129077
30333 6.0023746 6.5934790 -0.192135 0.107198 -0.050373
30343 5.0793890 6.5913061 -0.107470 0.085034 0.012782
30351 13.109167 6.5895687 -0.136939 0.152670 -0.149561
30361 4.2260500 6.5873983 0.223416 0.247573 0.243638
30367 2.0002635 6.5860967 -0.177801 0.171746 -0.170062
30373 9.3419454 6.5847957 -0.058627 0.068913 -0.067109
30387 28.077616 6.5817619 0.081567 0.072556 0.071132
30391 2.0002633 6.5808957 0.014856 0.137687 -0.107294
30403 2.0002632 6.5782982 -0.171237 0.106691 -0.053281
30423 6.0023676 6.5739736 0.152678 0.091809 0.039764
30427 2.0002630 6.5731094 0.024298 0.153793 0.138645
30433 5.7876670 6.5718135 0.031588 0.163377 -0.130108
30439 4.3152933 6.5705181 0.050877 0.125222 -0.089348
30441 13.071820 6.5700864 -0.130942 0.078008 -0.023312
30451 4.5067525 6.5679288 -0.169309 0.175597 -0.174006
30457 24.064790 6.5666349 0.027567 0.023389 0.001748
30469 2.0002626 6.5640487 -0.017495 0.074746 0.052040
30477 6.0023634 6.5623257 -0.007061 0.119350 -0.110034
30487 4.4352791 6.5601732 -0.069014 0.050999 0.016893
30493 2.0002624 6.5588824 0.133485 0.077338 -0.000392
30499 9.3419098 6.5575921 -0.055635 0.036248 -0.028909
30511 5.7876417 6.5550129 -0.070943 0.071414 0.022039
30513 28.077295 6.5545833 -0.044860 0.060388 -0.058321
30517 2.0002622 6.5537242 0.120614 0.096538 -0.029715
30529 2.0002621 6.5511481 0.087608 0.130486 0.126193
30531 6.0023592 6.5507189 0.143223 0.104401 -0.019798
30541 9.3418980 6.5485740 -0.113316 0.076761 -0.067545
30553 2.0002619 6.5460020 -0.028922 0.073278 0.053765
30559 2.0002618 6.5447168 -0.158436 0.257123 -0.248444
30571 5.0792939 6.5421478 -0.077908 0.055315 0.003742
30577 2.0002617 6.5408640 -0.170679 0.153876 -0.150373
30607 4.1997873 6.5344529 0.111660 0.160002 -0.098363
30619 4.2915309 6.5318920 -0.216667 0.204000 -0.199441
30631 2.0002612 6.5293330 0.123750 0.084503 -0.009701
30637 2.0002612 6.5280543 -0.239807 0.129177 -0.067314
30639 28.076976 6.5276282 0.020228 0.021446 0.006229
30643 2.0002611 6.5267761 0.138909 0.138798 -0.057983
30649 2.0002611 6.5254984 0.122955 0.159519 -0.093432
30661 2.0002610 6.5229445 0.078735 0.052282 0.004833
30667 27.286842 6.5216682 -0.056999 0.046278 -0.044437
30673 4.5065932 6.5203925 0.054092 0.040967 -0.008947
30693 17.421882 6.5161437 -0.118143 0.078265 0.012976
30697 2.0002606 6.5152947 -0.203230 0.122246 -0.061962
30703 2.0002606 6.5140214 0.098301 0.081227 -0.022770
30721 4.6112049 6.5102047 0.003223 0.076346 0.065453
30727 2.0002604 6.5089335 0.017211 0.157615 -0.128136
30729 6.0023440 6.5085099 0.001894 0.077921 -0.059753
30733 4.2724777 6.5076628 -0.276203 0.285356 -0.279655
30747 13.651682 6.5046996 0.195710 0.182084 -0.076715
30757 2.0002601 6.5025848 -0.068387 0.090941 -0.088279
30763 2.0002601 6.5013165 0.196222 0.195675 0.191879
30781 2.0002599 6.4975147 -0.038873 0.070999 0.048881
30783 13.946313 6.4970926 -0.193030 0.264983 -0.257693
30799 5.0792002 6.4937173 -0.071824 0.120953 -0.118496
30801 6.0023385 6.4932957 -0.005990 0.088144 -0.078748
30817 2.0002596 6.4899244 0.132316 0.127647 -0.059647
30819 6.0023371 6.4895032 -0.138852 0.083231 -0.036371
30823 5.7875417 6.4886611 -0.014330 0.084731 0.069136
30829 2.0002595 6.4873982 0.025805 0.038740 -0.002776
30837 15.313222 6.4857152 -0.090249 0.086926 0.032469
30841 2.0002594 6.4848740 0.030825 0.076192 -0.062794
30847 4.2119133 6.4836127 -0.105850 0.059801 0.003138
30853 2.0002593 6.4823518 -0.156695 0.252364 -0.243361
30859 2.0002593 6.4810914 0.077568 0.148550 -0.101816
30871 2.0002592 6.4785721 -0.025324 0.089819 -0.084756
30891 28.076346 6.4743777 0.023488 0.020501 -0.004636
30901 5.7875170 6.4722825 -0.111731 0.206909 -0.197073
30907 4.6110925 6.4710260 0.107645 0.188240 0.181174
30909 6.0023303 6.4706073 0.020450 0.162050 -0.131950
30913 5.0791538 6.4697700 -0.192908 0.178599 -0.174907
30931 2.0002587 6.4660050 -0.093404 0.064125 -0.018885
30937 2.0002586 6.4647509 0.023947 0.162426 -0.128776
30949 2.0002585 6.4622443 0.039862 0.105006 0.095579
30961 9.3417817 6.4597397 -0.070814 0.058486 -0.056649
30963 6.0023263 6.4593224 -0.093060 0.077166 0.029892
30979 5.7874924 6.4559863 0.000400 0.161562 -0.135761
30997 4.1937426 6.4522373 -0.118357 0.154460 -0.153109
30999 6.0023236 6.4518210 0.015499 0.117993 -0.091650
31003 21.412760 6.4509886 -0.007423 0.040999 -0.033168
31021 4.2910399 6.4472454 -0.023073 0.159352 -0.139556
31033 2.0002578 6.4447524 -0.066321 0.069717 0.040884
31039 2.0002578 6.4435066 -0.116045 0.165251 -0.163531
31051 2.0002577 6.4410164 0.227097 0.135291 0.102370
31057 5.7874680 6.4397720 -0.095238 0.071464 0.022061
31063 2.0002576 6.4385282 0.125495 0.103763 -0.028888
31069 2.0002575 6.4372848 -0.123090 0.188698 -0.181895
31071 6.0023182 6.4368704 -0.234235 0.121727 -0.055931
31081 2.0002574 6.4347994 -0.028978 0.114897 -0.108938
31087 9.3417474 6.4335574 -0.106389 0.100081 -0.094486
31089 13.454073 6.4331436 0.156136 0.195965 0.191703
31107 6.0023155 6.4294210 0.044082 0.063185 -0.036627
31123 2.0002571 6.4261157 -0.220226 0.198650 -0.195040
31129 9.3417361 6.4248771 0.021832 0.031616 0.030729
31143 28.075727 6.4219889 -0.008372 0.030367 -0.027384
31147 2.0002569 6.4211642 -0.140402 0.220572 -0.212618
31153 2.0002568 6.4199275 -0.106299 0.246990 -0.232244
31159 2.0002568 6.4186912 -0.020739 0.046226 0.032958
31171 21.134672 6.4162202 -0.049754 0.025873 -0.022023
31177 2.0002566 6.4149854 0.154308 0.101707 0.028116
31179 15.311971 6.4145739 -0.089894 0.133888 -0.132313
31183 2.0002566 6.4137511 0.018150 0.115068 0.101069
31189 2.0002565 6.4125172 -0.035459 0.203794 -0.180615
31197 6.0023088 6.4108728 0.097564 0.135490 0.130106
31219 2.0002563 6.4063551 0.133430 0.085587 0.053182
31231 2.0002562 6.4038936 0.089767 0.182193 -0.129301
31237 2.0002561 6.4026635 0.103399 0.160914 -0.104124
31243 4.1887716 6.4014339 -0.165388 0.101347 -0.047405
31249 2.0002560 6.4002048 0.067009 0.066263 -0.009907
31261 4.4346562 6.3977480 -0.138711 0.163078 -0.160195
31267 2.0002559 6.3965203 -0.120178 0.066970 -0.009484
31269 28.075421 6.3961112 -0.023586 0.052777 -0.051136
31279 4.6108716 6.3940663 -0.123714 0.222340 -0.212112
31287 6.0023022 6.3924314 -0.169453 0.259350 -0.250591
31321 2.0002555 6.3854922 -0.109798 0.215647 -0.205416
31327 2.0002554 6.3842692 0.187660 0.221046 0.213938
31333 2.0002554 6.3830466 0.168435 0.104589 0.028353
31341 13.943277 6.3814173 -0.097326 0.057915 0.007440
31357 2.0002552 6.3781612 -0.187987 0.253061 -0.246239
31359 6.0022969 6.3777544 -0.035635 0.084958 -0.074454
31363 4.2562171 6.3769410 -0.021966 0.125319 -0.108505
31369 15.113038 6.3757213 -0.043577 0.080170 0.057276
31377 6.0022956 6.3740957 -0.048397 0.211990 -0.191757
31381 9.3416685 6.3732832 -0.170535 0.110794 -0.098813
31387 2.0002549 6.3720649 -0.096395 0.152389 -0.150367
31393 2.0002549 6.3708470 0.038038 0.076422 0.071125
31413 13.647442 6.3667908 -0.038957 0.199058 -0.179072
31431 6.0022916 6.3631447 0.105869 0.078569 -0.014833
31459 4.1874147 6.3574812 -0.151815 0.156073 -0.154817
31477 2.0002542 6.3538457 -0.227644 0.118021 -0.057366
31483 5.0789272 6.3526348 0.058686 0.145862 -0.107712
31489 2.0002541 6.3514243 -0.019997 0.144742 -0.126913
31503 6.0022864 6.3486017 -0.045060 0.197162 -0.180595
31513 2.0002539 6.3465871 -0.163800 0.168519 -0.166847
31519 4.4344553 6.3453790 0.227660 0.268010 0.261298
31521 74.716444 6.3449764 -0.141351 0.104734 -0.096113
31531 2.0002538 6.3429641 0.013170 0.122778 -0.099617
31539 6.0022838 6.3413551 -0.177005 0.260802 -0.252065
31543 2.0002537 6.3405510 -0.118061 0.170494 -0.167942
31549 9.3416241 6.3393451 -0.009181 0.016524 -0.011836
31557 13.095549 6.3377381 0.125061 0.074478 0.035993
31561 4.5059785 6.3369348 0.074170 0.136350 0.126076
31567 2.0002535 6.3357304 -0.072826 0.186684 -0.173909
31573 2.0002534 6.3345263 -0.118144 0.235693 -0.224138
31591 9.3416131 6.3309170 -0.161899 0.110940 -0.102580
31593 6.0022799 6.3305163 0.098944 0.167832 0.159964
31597 5.0788829 6.3297148 0.000877 0.036969 -0.021911
31609 4.2713422 6.3273118 0.070769 0.090010 -0.052420
31621 4.2165550 6.3249107 -0.087288 0.051977 0.005113
31627 2.0002530 6.3237108 -0.051325 0.110284 -0.105777
31629 17.419248 6.3233109 -0.147766 0.213104 -0.205372
31633 9.3416021 6.3225113 -0.028580 0.035019 -0.034440
31651 4.6106559 6.3189157 -0.109090 0.220241 -0.210068
31657 2.0002527 6.3177180 -0.056222 0.214260 -0.196048
31663 2.0002527 6.3165209 -0.113961 0.062314 0.000356
31681 5.7872768 6.3129320 -0.092391 0.116033 -0.114690
31687 2.0002525 6.3117367 0.186147 0.210560 0.206114
31699 2.0002524 6.3093473 -0.019992 0.197769 -0.174776
31701 6.0022721 6.3089492 0.141371 0.209485 0.203160
31711 5.0788388 6.3069597 -0.088448 0.129588 -0.127043
31719 12.992934 6.3053690 -0.197009 0.099249 -0.025313
31723 2.0002522 6.3045740 0.068382 0.072689 -0.024704
31729 2.0002522 6.3033818 -0.111346 0.067401 -0.010756
31741 2.0002521 6.3009987 -0.134536 0.249177 -0.236575
31759 27.275577 6.2974275 -0.093215 0.058387 -0.052680
31771 2.0002518 6.2950489 -0.207294 0.114675 -0.054499
31777 4.4342578 6.2938603 -0.136296 0.242419 -0.230630
31783 4.5058302 6.2926722 0.132798 0.141683 -0.073116
31791 6.0022656 6.2910887 0.193107 0.104264 0.023533
31831 4.1917366 6.2831831 0.037108 0.167597 0.154941
31837 13.975089 6.2819989 -0.065364 0.094634 -0.092148
31843 9.3415475 6.2808152 0.048674 0.045639 0.044832
31849 2.0002512 6.2796320 -0.091398 0.129812 -0.128205
31861 4.1882415 6.2772669 0.061130 0.176404 -0.134730
31863 48.414815 6.2768729 -0.034828 0.087338 -0.083698
31873 2.0002510 6.2749035 0.071481 0.133434 0.125930
31881 6.0022592 6.2733289 -0.027181 0.235397 -0.209334
31891 2.0002509 6.2713618 -0.091391 0.124745 -0.122689
31903 4.3136937 6.2690029 -0.142013 0.222503 -0.215353
31917 6.0022567 6.2662531 -0.030968 0.207915 -0.185532
31927 9.3415259 6.2642904 -0.209970 0.139194 -0.126105
31953 6.0022542 6.2591932 -0.152244 0.078083 -0.012737
31957 2.0002504 6.2584097 0.044757 0.093525 0.087229
31963 2.0002503 6.2572349 -0.041744 0.121021 -0.116856
31969 9.3415151 6.2560606 -0.088331 0.068159 -0.066781
31971 6.0022529 6.2556692 -0.162850 0.084030 -0.016818
31981 2.0002502 6.2537131 0.053448 0.164418 0.153214
31989 6.0022516 6.2521492 -0.150760 0.160551 -0.156619
32023 4.6104452 6.2455110 -0.150059 0.083719 -0.013453
32029 2.0002498 6.2443411 0.042249 0.164831 -0.130392
32047 4.2707979 6.2408338 -0.120251 0.147582 -0.146688
32053 24.043507 6.2396656 -0.066507 0.061151 -0.058259
32059 2.0002496 6.2384978 -0.212284 0.180544 -0.176185
32061 6.0022466 6.2381086 0.001537 0.083794 -0.069793
32071 5.7871611 6.2361635 0.049458 0.167575 -0.132111
32077 2.0002494 6.2349970 0.132900 0.117213 -0.046103
32083 2.0002494 6.2338310 -0.251537 0.121899 -0.056788
32089 2.0002493 6.2326654 0.017281 0.094519 -0.080989
32097 17.417989 6.2311119 -0.106583 0.075700 0.028221
32107 4.2230772 6.2291712 -0.043988 0.069809 0.048400
32119 2.0002491 6.2268439 -0.225754 0.274534 -0.267291
32133 6.0022415 6.2241310 0.119473 0.115015 -0.050812
32137 9.3414723 6.2233563 -0.039828 0.018077 -0.008855
32143 2.0002489 6.2221946 0.055920 0.044477 -0.013676
32149 5.7871383 6.2210333 0.009213 0.074525 0.067036
32151 28.073346 6.2206463 -0.003973 0.036319 -0.033648
32167 5.0786659 6.2175521 -0.002727 0.083436 0.073046
32169 6.0022390 6.2171656 0.171724 0.102444 -0.002791
32173 2.0002487 6.2163926 -0.089759 0.128634 -0.127184
32179 9.3414616 6.2152335 -0.140205 0.105470 -0.097864
32187 6.0022378 6.2136888 -0.226427 0.197977 -0.193954
32191 2.0002485 6.2129167 0.051164 0.113677 0.105141
32203 2.0002485 6.2106015 0.018443 0.177582 -0.146154
32209 4.6103417 6.2094446 0.025156 0.108399 0.100005
32221 9.3414510 6.2071320 0.066388 0.052655 0.051054
32227 13.778847 6.2059764 -0.069291 0.115613 -0.113024
32233 2.0002482 6.2048211 0.021438 0.157420 0.144011
32239 4.2154882 6.2036664 -0.115273 0.185869 -0.177805
32251 2.0002481 6.2013581 -0.025997 0.086132 0.072301
32257 2.0002480 6.2002046 -0.031370 0.130154 -0.124755
32259 6.0022328 6.1998202 -0.010032 0.132665 -0.116199
32281 5.0786234 6.1955949 0.023910 0.174916 -0.143337
32293 4.4338722 6.1932927 -0.195136 0.094771 -0.022549
32299 2.0002477 6.1921422 0.022453 0.046193 -0.033702
32311 4.2549465 6.1898425 0.001355 0.042409 -0.028159
32313 6.0022290 6.1894594 -0.065227 0.108371 -0.106317
32323 2.0002475 6.1875445 0.111420 0.132614 -0.080963
32331 17.417374 6.1860134 -0.087827 0.069729 0.032006
32341 2.0002474 6.1841007 0.029358 0.080498 -0.060403
32347 9.3414194 6.1829536 0.033140 0.030678 0.010142
32353 2.0002473 6.1818069 0.087926 0.045957 -0.004825
32359 2.0002473 6.1806607 0.097922 0.128153 0.123202
32367 6.0022253 6.1791331 0.106006 0.081007 -0.001318
32371 2.0002472 6.1783695 -0.104943 0.230617 -0.217475
32377 2.0002471 6.1772246 0.073474 0.166115 0.159101
32401 2.0002469 6.1726490 -0.196853 0.090915 -0.036073
32403 28.072775 6.1722680 0.003307 0.035369 0.032818
32413 2.0002468 6.1703637 -0.122161 0.255865 -0.243025
32437 4.1847444 6.1657983 0.158344 0.087774 0.043777
32443 2.0002466 6.1646580 -0.105363 0.052414 -0.004397
32449 4.5053976 6.1635181 -0.239655 0.277409 -0.270136
32457 13.937520 6.1619990 -0.047217 0.057524 0.036504
32467 2.0002464 6.1601010 0.211523 0.124852 0.097721
32473 9.3413880 6.1589628 -0.099589 0.057459 -0.052644
32479 2.0002463 6.1578251 -0.085654 0.132578 -0.131084
32491 2.0002463 6.1555508 -0.089521 0.234961 -0.220794
32493 6.0022167 6.1551719 0.136440 0.064802 0.012821
32497 2.0002462 6.1544143 -0.083213 0.191112 -0.180154
32503 2.0002462 6.1532782 -0.046035 0.092361 0.071819
32511 6.0022155 6.1517640 0.038316 0.174644 -0.138794
32529 28.072492 6.1483599 0.058445 0.037296 0.015598
32533 2.0002459 6.1476040 0.123089 0.121424 -0.058296
32539 5.7870259 6.1464704 0.007469 0.129600 -0.109254
32547 15.307231 6.1449596 -0.054217 0.205979 -0.188445
32551 4.4336841 6.1442045 -0.082037 0.083948 -0.080625
32557 9.3413672 6.1430722 -0.115474 0.094505 -0.089918
32563 2.0002457 6.1419402 -0.103202 0.145856 -0.144479
32569 2.0002457 6.1408087 -0.199229 0.101819 -0.043709
32581 4.6101383 6.1385470 0.189427 0.109042 0.004195
32583 6.0022106 6.1381702 -0.056869 0.054971 0.034198
32587 2.0002455 6.1374168 -0.103961 0.064196 0.016360
32599 9.3413568 6.1351575 -0.069658 0.075977 -0.073745
32601 6.0022093 6.1347811 0.132784 0.166715 0.160768
32611 2.0002453 6.1328999 0.070487 0.182025 0.172988
32629 4.2891978 6.1295167 -0.212826 0.095189 -0.029446
32641 9.3413465 6.1272633 0.028989 0.037759 -0.022465
32647 2.0002451 6.1261372 -0.056066 0.141918 -0.138439
32653 2.0002450 6.1250115 -0.019948 0.090333 0.075084
32671 4.5052574 6.1216369 -0.108944 0.055601 0.014038
32673 6.0022045 6.1212622 -0.234365 0.281745 -0.273914
32689 4.2221576 6.1182661 -0.034023 0.055414 -0.049411
32707 2.0002446 6.1148990 -0.264360 0.278264 -0.271262
32709 6.0022020 6.1145251 -0.216139 0.099431 -0.036356
32713 2.0002446 6.1137774 -0.034519 0.042950 0.031862
32719 2.0002445 6.1126563 -0.009879 0.108732 -0.099735
32727 6.0022008 6.1111620 0.061898 0.176943 0.167654
32737 5.0784565 6.1092953 0.036052 0.113334 0.104483
32749 2.0002443 6.1070567 -0.019273 0.199098 -0.175396
32763 13.082959 6.1044471 -0.043362 0.185304 -0.170865
32767 22.015285 6.1037019 0.033547 0.052029 0.050194
32773 5.7869598 6.1025844 0.025067 0.064869 -0.043401
32779 2.0002441 6.1014674 0.330642 0.353794 0.345962
32797 2.0002440 6.0981187 -0.109913 0.055235 0.006417
32803 2.0002439 6.0970033 -0.081300 0.134807 -0.132169
32809 21.365242 6.0958883 0.207718 0.150521 0.136751
32817 6.0021948 6.0944023 -0.024296 0.073934 -0.070112
32833 2.0002437 6.0914324 -0.026510 0.226391 -0.202828
32839 2.0002436 6.0903194 -0.134938 0.081091 0.026259
32869 2.0002434 6.0847607 -0.077499 0.244652 -0.226031
32871 6.0021912 6.0843905 0.101181 0.054786 0.024577
32887 2.0002433 6.0814304 0.167481 0.101021 0.019887
32889 15.306108 6.0810605 -0.129117 0.216084 -0.206777
32893 21.609920 6.0803210 0.134947 0.098845 0.086118
32907 28.071657 6.0777342 -0.143394 0.115394 -0.107624
32911 2.0002431 6.0769955 -0.003170 0.191975 -0.169554
32917 2.0002431 6.0758878 -0.228830 0.271068 -0.263181
32941 2.0002429 6.0714611 -0.184609 0.169965 -0.168061
32943 13.014519 6.0710925 -0.162233 0.159612 -0.156991
32953 4.6099395 6.0692501 -0.013049 0.192220 -0.167708
32961 6.0021852 6.0677771 0.241949 0.298654 0.291631
32971 2.0002427 6.0659367 0.015269 0.079409 -0.059471
32979 6.0021840 6.0644653 0.051185 0.085695 0.082585
32983 2.0002426 6.0637298 -0.017650 0.094392 -0.088066
33001 4.3125878 6.0604224 0.120799 0.104284 -0.043385
33007 5.7868946 6.0593208 0.063604 0.161463 0.154143
33013 2.0002424 6.0582195 -0.026273 0.042617 -0.032253
33037 2.0002422 6.0538184 -0.006785 0.148831 -0.131875
33049 2.0002421 6.0516203 -0.050082 0.086990 0.067652
33061 9.3412446 6.0494238 -0.026463 0.056471 -0.053736
33067 4.4333166 6.0483261 -0.093609 0.134637 -0.133191
33069 13.041112 6.0479603 -0.004101 0.072148 -0.054464
33073 2.0002419 6.0472289 -0.210932 0.094922 -0.025127
33079 5.0783343 6.0461320 0.035232 0.107098 -0.082074
33091 2.0002418 6.0439394 0.063655 0.172824 0.164776
33103 9.3412346 6.0417485 0.004065 0.045738 -0.039180
33123 13.132322 6.0381004 -0.138603 0.127665 -0.125492
33127 4.1838906 6.0373713 -0.084215 0.185994 -0.175760
33139 4.6098418 6.0351851 -0.061787 0.132326 -0.129615
33141 6.0021733 6.0348209 -0.118246 0.238847 -0.227183
33151 2.0002413 6.0330005 -0.144599 0.116754 -0.112886
33159 28.071111 6.0315450 0.107322 0.065769 0.062289
33163 5.7868516 6.0308175 -0.072954 0.192371 -0.179113
33177 6.0021710 6.0282726 -0.247498 0.278425 -0.270944
33181 2.0002411 6.0275459 0.005785 0.078156 -0.067702
33193 5.0782941 6.0253668 -0.106640 0.146497 -0.144519
33199 2.0002410 6.0242778 -0.102700 0.075803 0.042282
33211 2.0002409 6.0221011 -0.029256 0.195711 -0.178590
33213 6.0021686 6.0217385 -0.079755 0.044484 0.019124
33223 2.0002408 6.0199260 -0.181843 0.180478 -0.178438
33241 5.7868303 6.0166662 -0.148636 0.077921 0.018943
33247 2.0002407 6.0155804 0.062138 0.096535 -0.067646
33249 6.0021663 6.0152185 -0.051494 0.136845 -0.133058
33259 4.2537490 6.0134099 -0.097771 0.057197 0.015886
33267 17.414998 6.0119638 0.097035 0.150006 -0.107250
33289 2.0002403 6.0079906 -0.083257 0.236677 -0.221823
33301 2.0002403 6.0058257 -0.160659 0.069148 -0.018485
33307 5.0782542 6.0047437 -0.153768 0.140416 -0.138351
33313 9.3411847 6.0036622 0.008543 0.039294 0.036942
33331 2.0002400 6.0004200 -0.140891 0.238164 -0.227660
33339 6.0021604 5.9989802 0.080964 0.176355 0.169780
33343 2.0002400 5.9982605 -0.028400 0.068250 0.057335
33349 2.0002399 5.9971813 -0.086277 0.107533 -0.104503
33357 6.0021592 5.9957430 -0.271457 0.114577 -0.045680
33361 4.2692517 5.9950241 0.030183 0.083137 -0.064187
33367 4.3122355 5.9939461 -0.038508 0.078056 0.058932
33391 2.0002396 5.9896379 0.001146 0.046475 -0.035617
33393 6.0021569 5.9892792 -0.224511 0.277462 -0.269141
33397 27.260076 5.9885618 0.061624 0.032564 0.011902
33403 2.0002395 5.9874862 0.078810 0.050331 0.001310
33409 2.0002395 5.9864108 -0.250730 0.106357 -0.041390
33411 69.227661 5.9860525 -0.190768 0.111061 -0.099112
33421 5.0782146 5.9842614 0.017117 0.189867 -0.160001
33427 2.0002394 5.9831872 -0.157457 0.081906 0.009273
33433 4.2883438 5.9821135 -0.000972 0.077508 -0.058223
33447 6.0021534 5.9796095 -0.135614 0.150386 -0.149518
33457 2.0002391 5.9778223 -0.018868 0.197133 -0.176171
33463 4.2071979 5.9767504 -0.090742 0.177766 -0.167606
33469 2.0002391 5.9756790 0.285608 0.321715 0.313280
33481 9.3411453 5.9735372 0.063389 0.051216 0.050064
33483 6.0021511 5.9731804 -0.075222 0.041761 0.015491
33487 2.0002389 5.9724669 -0.252897 0.197174 -0.191909
33493 2.0002389 5.9713970 0.049607 0.124629 0.119256
33499 4.1880294 5.9703275 0.002852 0.182724 -0.156708
33501 17.414425 5.9699710 0.134906 0.077073 0.041886
33519 6.0021488 5.9667651 -0.140121 0.258759 -0.246484
33523 9.3411355 5.9660532 -0.164192 0.108810 -0.097126
33529 2.0002386 5.9649855 -0.089771 0.129803 -0.128043
33537 28.070308 5.9635626 0.109451 0.066182 0.041700
33547 2.0002385 5.9617850 0.003031 0.128210 -0.109366
33559 4.5047149 5.9596531 0.168452 0.091068 0.047016
33577 2.0002383 5.9564583 0.130898 0.166586 0.162273
33589 2.0002382 5.9543303 0.003572 0.178432 -0.157232
33591 6.0021442 5.9539758 -0.205808 0.086882 -0.026021
33601 2.0002381 5.9522038 -0.195502 0.184490 -0.180461
33607 9.3411160 5.9511411 0.066612 0.046317 0.039587
33613 2.0002380 5.9500788 0.007875 0.083692 -0.072828
33619 2.0002380 5.9490169 -0.265288 0.113170 -0.047321
33637 2.0002379 5.9458335 0.050736 0.164548 0.156116
33673 4.1838909 5.9394767 0.009577 0.170114 -0.145046
33679 2.0002376 5.9384186 -0.196767 0.088706 -0.029600
33681 12.960462 5.9380660 -0.047799 0.206143 -0.186954
33691 9.3410966 5.9363035 0.093478 0.055874 0.051133
33697 4.6095551 5.9352465 -0.174890 0.149326 -0.146444
33703 2.0002374 5.9341898 0.102450 0.176644 0.170977
33709 5.7867044 5.9331336 -0.048201 0.169997 -0.157211
33717 6.0021362 5.9317258 -0.064851 0.072152 0.050891
33721 2.0002373 5.9310222 -0.075221 0.103746 0.078554
33733 21.042027 5.9289123 -0.070923 0.066304 -0.064796
33739 2.0002371 5.9278580 -0.068328 0.117879 -0.115658
33751 2.0002371 5.9257503 -0.044812 0.176050 -0.161357
33753 6.0021339 5.9253992 -0.178282 0.178236 -0.176130
33757 2.0002370 5.9246971 -0.240960 0.281068 -0.272767
33763 5.0780974 5.9236442 -0.035040 0.060344 0.048338
33769 2.0002369 5.9225917 -0.040918 0.116886 -0.112481
33771 6.0021328 5.9222410 -0.064608 0.179409 -0.168001
33789 28.069782 5.9190861 -0.031058 0.036723 -0.035192
33799 4.2687632 5.9173348 -0.127147 0.210620 -0.202857
33811 2.0002366 5.9152347 0.074037 0.078805 -0.041055
33817 9.3410676 5.9141852 -0.137163 0.116546 -0.106450
33829 2.0002365 5.9120873 -0.069341 0.073776 0.051918
33841 4.4327865 5.9099908 0.085673 0.148541 -0.104306
33853 4.2204145 5.9078959 -0.195855 0.173235 -0.170845
33861 6.0021271 5.9065001 -0.199597 0.094916 -0.036587
33871 2.0002362 5.9047563 0.206627 0.276234 0.269032
33877 5.0780588 5.9037105 -0.162232 0.230120 -0.221672
33883 4.6094616 5.9026651 -0.130789 0.248722 -0.236041
33889 2.0002361 5.9016200 -0.009694 0.091573 0.082498
33897 6.0021248 5.9002272 0.160720 0.107736 -0.036664
33931 2.0002358 5.8943149 -0.158261 0.071773 -0.005506
33933 6.0021226 5.8939675 0.065630 0.171763 -0.137185
33937 2.0002358 5.8932728 0.104166 0.058930 0.014517
33943 27.255244 5.8922311 -0.058242 0.030842 -0.026396
33951 6.0021215 5.8908427 -0.052431 0.111300 -0.107279
33961 2.0002356 5.8891081 -0.135924 0.240898 -0.229298
33967 2.0002356 5.8880678 0.024701 0.199563 -0.166867
33987 6.0021192 5.8846029 0.198171 0.230713 0.225571
33991 5.0780205 5.8839104 -0.162519 0.165456 -0.162173
33997 2.0002353 5.8828720 -0.043069 0.064227 0.051325
34003 4.5044544 5.8818340 -0.088731 0.236604 -0.221677
34021 5.7866224 5.8787220 0.002451 0.075762 -0.066914
34027 9.3410198 5.8776854 0.204928 0.153567 0.143374
34033 2.0002351 5.8766491 -0.058765 0.082982 -0.079897
34039 2.0002351 5.8756133 -0.165764 0.071714 -0.018762
34041 28.069264 5.8752681 0.048505 0.054483 0.052430
34057 2.0002349 5.8725079 -0.064463 0.072843 0.051602
34059 6.0021147 5.8721630 -0.210007 0.252008 -0.245266
34069 21.992415 5.8704394 0.032662 0.017024 0.006455
34077 13.632163 5.8690612 -0.181966 0.182648 -0.178836
34093 4.2125228 5.8663069 0.024756 0.101017 -0.081568
34099 13.634828 5.8652746 -0.065882 0.083462 0.062027
34117 4.2061335 5.8621801 -0.138486 0.157029 -0.155988
34123 2.0002345 5.8611494 -0.067314 0.041162 0.021196
34129 2.0002344 5.8601190 -0.081350 0.211877 -0.199244
34131 13.929599 5.8597756 -0.017001 0.045142 -0.033166
34141 2.0002343 5.8580592 0.121050 0.158765 0.146514
34147 2.0002343 5.8570299 -0.032559 0.081577 -0.077635
34149 6.0021091 5.8566869 -0.098375 0.222919 -0.209455
34159 2.0002342 5.8549723 -0.097118 0.142832 -0.141129
34167 28.069008 5.8536014 0.149375 0.083965 0.058991
34171 2.0002341 5.8529162 -0.029312 0.135351 -0.122361
34183 2.0002341 5.8508615 0.202013 0.245659 0.236406
34203 17.412753 5.8474403 -0.033591 0.088825 -0.083785
34207 4.2526185 5.8467565 -0.126396 0.061204 -0.002661
34213 2.0002339 5.8457312 0.022622 0.133972 -0.111354
34219 5.0779447 5.8447062 -0.000037 0.165999 -0.146375
34231 2.0002337 5.8426572 -0.144473 0.151425 -0.150418
34237 21.002684 5.8416333 -0.079157 0.086711 -0.082347
34257 15.301843 5.8382228 -0.075432 0.121311 -0.119186
34261 2.0002335 5.8375412 0.125754 0.081573 -0.020224
34267 2.0002335 5.8365191 -0.213061 0.089911 -0.017764
34273 2.0002334 5.8354973 -0.133217 0.164344 -0.162694
34297 2.0002333 5.8314138 0.104336 0.122879 -0.074963
34303 2.0002332 5.8303938 -0.140812 0.249458 -0.238756
34311 6.0020992 5.8290344 -0.220603 0.279745 -0.270692
34321 9.3409539 5.8273360 -0.205724 0.128795 -0.115869
34327 2.0002331 5.8263175 0.121844 0.079154 0.049065
34329 6.0020981 5.8259780 0.040268 0.060562 -0.043084
34333 15.070727 5.8252993 -0.017794 0.098189 0.086138
34351 2.0002329 5.8222468 -0.081726 0.043483 0.005240
34363 9.3409446 5.8202136 -0.141571 0.097011 -0.086254
34369 2.0002328 5.8191975 0.251665 0.141335 0.054731
34381 2.0002327 5.8171665 -0.172849 0.244480 -0.236931
34383 13.027565 5.8168281 -0.133279 0.150825 -0.149776
34393 4.1798681 5.8151368 -0.093757 0.046797 0.000835
34401 6.0020937 5.8137845 -0.097438 0.195555 -0.186829
34411 5.7865220 5.8120950 0.026075 0.066939 -0.043896
34417 4.1919552 5.8110817 0.074467 0.173137 0.165670
34429 2.0002324 5.8090563 -0.053095 0.243511 -0.223265
34437 17.412211 5.8077068 -0.123027 0.211319 -0.202217
34471 2.0002321 5.8019785 -0.013967 0.208870 -0.186230
34473 6.0020893 5.8016419 0.032160 0.129096 0.119268
34483 2.0002320 5.7999594 0.164051 0.105302 0.071255
34489 27.250568 5.7989504 0.067481 0.048779 0.045418
34491 6.0020882 5.7986141 -0.035416 0.058916 0.048645
34501 2.0002319 5.7969334 -0.140259 0.068048 0.007115
34509 6.0020871 5.7955896 0.087464 0.058872 0.009531
34513 2.0002318 5.7949179 0.043725 0.166223 -0.134673
34519 2.0002318 5.7939106 0.005241 0.109532 0.098714
34531 9.3409076 5.7918971 -0.034104 0.027537 -0.026203
34537 2.0002317 5.7908909 -0.095978 0.128159 -0.126466
34543 2.0002316 5.7898851 -0.008134 0.046962 0.042240
34549 2.0002316 5.7888796 -0.172698 0.262914 -0.251947
34567 5.7864825 5.7858651 -0.149507 0.132856 -0.130320
34579 4.1818896 5.7838573 -0.115548 0.127458 -0.126306
34581 6.0020828 5.7835227 -0.210385 0.179617 -0.176242
34591 2.0002313 5.7818508 -0.039720 0.218384 -0.198109
34599 15.300829 5.7805139 0.147522 0.207150 0.201107
34603 2.0002312 5.7798457 0.218931 0.237965 0.226240
34627 4.6090979 5.7758397 -0.123781 0.058526 0.003246
34651 2.0002309 5.7718392 0.040745 0.045350 -0.019682
34653 6.0020785 5.7715061 -0.024380 0.207514 -0.187898
34657 9.3408800 5.7708399 -0.147028 0.105938 -0.098745
34669 4.5040761 5.7688425 0.002423 0.093352 0.085762
34671 83.519422 5.7685097 0.103767 0.080909 0.076840
34681 4.2520766 5.7668464 -0.081636 0.190586 -0.180425
34687 2.0002307 5.7658489 -0.020411 0.074910 0.062804
34689 13.927130 5.7655164 -0.020087 0.220441 -0.197437
34693 2.0002306 5.7648517 -0.153241 0.180546 -0.177390
34699 9.3408709 5.7638549 0.082803 0.050500 0.000897
34711 4.2116055 5.7618622 -0.115221 0.063347 0.023845
34723 5.7864434 5.7598710 -0.120258 0.205938 -0.196748
34729 2.0002304 5.7588759 0.113549 0.185612 0.178803
34743 13.628714 5.7565553 0.112071 0.201764 0.194472
34747 2.0002303 5.7558926 0.015296 0.070876 -0.059449
34759 2.0002302 5.7539055 0.016342 0.137823 -0.117300
34761 6.0020720 5.7535744 -0.173422 0.155090 -0.152530
34779 6.0020709 5.7505966 -0.217945 0.272600 -0.263773
34783 9.3408526 5.7499353 -0.137779 0.103333 -0.096703
34789 5.0777595 5.7489436 -0.195891 0.160285 -0.156300
34797 28.067756 5.7476219 -0.093653 0.067838 -0.062205
34801 5.7864239 5.7469613 -0.055176 0.172354 -0.159943
34807 2.0002299 5.7459706 0.045432 0.121287 -0.096073
34813 4.6090094 5.7449803 -0.130770 0.057754 0.003325
34819 2.0002298 5.7439904 -0.180144 0.171720 -0.169639
34831 4.3109007 5.7420114 -0.087518 0.103712 -0.100769
34843 2.0002296 5.7400339 -0.028424 0.165528 -0.152041
34849 2.0002296 5.7390456 -0.129538 0.238917 -0.228638
34851 6.0020666 5.7387162 -0.011531 0.051229 0.045276
34873 4.4321164 5.7350959 -0.034065 0.055318 -0.048048
34879 5.7864045 5.7341093 0.010632 0.081494 0.075112
34897 2.0002293 5.7311517 -0.164014 0.071223 -0.018651
34909 9.3408255 5.7291816 -0.129920 0.096478 -0.088755
34923 28.067511 5.7268849 -0.053430 0.077202 -0.073274
34933 4.1769647 5.7252455 -0.078415 0.219038 -0.204507
34939 2.0002290 5.7242623 -0.016585 0.060602 0.051313
34941 15.299836 5.7239346 -0.034305 0.171856 -0.158293
34951 9.3408165 5.7222969 0.033164 0.041524 0.040101
34957 5.7863853 5.7213148 0.023524 0.056869 -0.040764
34959 13.428983 5.7209874 -0.084420 0.137237 -0.135445
34963 2.0002288 5.7203329 0.109852 0.176607 0.170672
34981 2.0002287 5.7173894 0.100627 0.132716 0.125723
34993 9.3408075 5.7154288 0.020831 0.025336 -0.005314
34999 4.6089218 5.7144490 0.055751 0.076970 -0.043698
35011 4.1795446 5.7124904 -0.111711 0.229370 -0.216956
35023 2.0002284 5.7105331 -0.089516 0.084382 0.056022
35031 6.0020560 5.7092290 -0.041151 0.206711 -0.190749
35041 4.2867541 5.7075997 0.139421 0.083900 0.053676
35049 28.067267 5.7062969 -0.196252 0.111868 -0.097829
35053 2.0002283 5.7056457 -0.050697 0.212153 -0.195974
35059 2.0002282 5.7046693 0.059181 0.153873 -0.120762
35067 6.0020539 5.7033678 -0.053377 0.137925 -0.128266
35077 9.3407896 5.7017419 -0.005593 0.018659 -0.014335
35083 2.0002281 5.7007668 -0.158193 0.165621 -0.163627
35089 2.0002280 5.6997920 0.081574 0.140217 0.134709
35103 6.0020518 5.6975187 0.072640 0.143885 0.134535
35107 2.0002279 5.6968696 0.146437 0.197262 0.190850
35113 13.707315 5.6958961 0.039011 0.064787 -0.044677
35149 2.0002276 5.6900623 0.027550 0.082667 0.076204
35157 6.0020487 5.6887675 -0.099969 0.242463 -0.227677
35161 9.3407717 5.6881204 -0.144060 0.092353 -0.081239
35179 4.1905953 5.6852099 -0.206727 0.246636 -0.239706
35191 5.7863279 5.6832713 -0.065125 0.063501 0.039577
35193 6.0020466 5.6829483 0.017641 0.196263 -0.167608
35197 4.3105845 5.6823025 -0.036074 0.051463 -0.042657
35221 2.0002272 5.6784305 -0.083976 0.225450 -0.212084
35227 2.0002271 5.6774633 0.069613 0.147907 -0.115787
35229 6.0020445 5.6771410 -0.201881 0.087010 -0.027401
35247 13.924741 5.6742418 -0.004945 0.087821 0.076342
35251 2.0002270 5.6735979 -0.183205 0.178680 -0.176159
35257 2.0002269 5.6726324 -0.135918 0.062086 0.003920
35269 5.7863090 5.6707023 0.010218 0.163821 -0.141884
35281 2.0002268 5.6687736 -0.104593 0.109711 -0.106142
35283 15.298862 5.6684522 -0.188186 0.247094 -0.238173
35311 2.0002266 5.6639574 -0.082526 0.193397 -0.183488
35317 2.0002265 5.6629952 0.047037 0.126573 0.118758
35319 13.113896 5.6626745 0.153044 0.140612 -0.075163
35323 2.0002265 5.6620332 0.042846 0.089166 -0.061908
35337 6.0020382 5.6597900 -0.000925 0.084437 -0.067790
35347 5.7862902 5.6581888 -0.149013 0.216557 -0.208112
35353 2.0002263 5.6572285 -0.009375 0.116191 -0.103343
35359 5.0775803 5.6562686 -0.110556 0.075458 0.037675
35371 21.971271 5.6543496 -0.060517 0.057047 -0.055659
35373 17.410114 5.6540299 -0.024856 0.071622 0.061327
35389 4.4317961 5.6514736 -0.051311 0.180861 -0.168315
35401 2.0002260 5.6495579 0.147513 0.165971 0.159058
35407 2.0002260 5.6486006 -0.122572 0.139702 -0.138493
35413 9.3407188 5.6476435 -0.105115 0.067853 -0.060006
35419 2.0002259 5.6466868 0.108605 0.056345 0.017164
35437 2.0002258 5.6438186 -0.152108 0.223879 -0.216804
35449 2.0002257 5.6419081 -0.066097 0.125350 -0.121700
35461 2.0002256 5.6399989 0.004772 0.077064 -0.057510
35463 6.0020310 5.6396808 -0.235585 0.186689 -0.182153
35473 5.0775452 5.6380909 -0.199118 0.254974 -0.246119
35481 6.0020299 5.6368197 -0.145980 0.067447 -0.013391
35491 2.0002254 5.6352315 -0.161139 0.156533 -0.154587
35499 6.0020289 5.6339615 -0.080893 0.072714 0.040190
35503 5.7862527 5.6333268 -0.071278 0.089008 -0.085429
35509 2.0002253 5.6323749 0.208314 0.231399 0.222368
35517 6.0020279 5.6311062 -0.279150 0.203788 -0.196266
35521 2.0002252 5.6304721 -0.096152 0.240640 -0.225700
35527 2.0002252 5.6295212 -0.047690 0.041175 0.026604
35533 2.0002252 5.6285706 -0.145738 0.162351 -0.159204
35539 9.3406926 5.6276204 -0.023862 0.024706 -0.022713
35551 4.2669307 5.6257208 -0.057661 0.058073 0.036745
35553 28.066311 5.6254043 0.060228 0.028914 0.017712
35569 2.0002249 5.6228739 -0.128216 0.065228 0.011641
35587 5.0775103 5.6200298 0.035380 0.041868 -0.010863
35589 6.0020238 5.6197140 -0.005308 0.094032 -0.083043
35593 2.0002248 5.6190824 -0.182384 0.077169 -0.018146
35599 4.2180159 5.6181353 -0.085368 0.207022 -0.194071
35617 2.0002246 5.6152961 -0.006057 0.071985 -0.052423
35647 4.4316395 5.6105703 -0.189489 0.235361 -0.227141
35661 6.0020197 5.6083677 0.187551 0.142213 -0.063131
35671 2.0002243 5.6067954 -0.189968 0.155906 -0.152853
35677 2.0002243 5.6058525 0.000153 0.061978 0.055652
35679 28.066077 5.6055383 0.029535 0.035558 0.034169
35697 13.015040 5.6027117 -0.095305 0.172761 -0.164691
35701 5.0774756 5.6020840 0.102009 0.072822 0.002493
35707 9.3406579 5.6011426 -0.127488 0.098141 -0.091106
35731 2.0002239 5.5973804 -0.031297 0.125619 -0.114903
35733 13.424627 5.5970671 -0.126602 0.063062 0.005051
35737 5.7861971 5.5964407 0.034323 0.102480 0.095439
35743 4.6085807 5.5955012 0.161625 0.103957 0.077421
35749 9.3406493 5.5945621 -0.168322 0.106945 -0.097963
35769 6.0020136 5.5914339 -0.038299 0.055060 -0.048621
35779 4.5034771 5.5898712 0.117412 0.137111 0.126560
35787 12.983946 5.5886216 -0.030493 0.190024 -0.172103
35791 9.3406407 5.5879970 0.079112 0.049743 -0.004965
35797 2.0002235 5.5870604 -0.144360 0.167473 -0.165814
35803 2.0002235 5.5861241 -0.186331 0.077354 -0.014899
35809 2.0002234 5.5851881 0.026031 0.126206 -0.105838
35823 6.0020106 5.5830053 -0.138862 0.251555 -0.239186
35833 9.3406321 5.5814473 -0.075758 0.087910 -0.082805
35839 2.0002232 5.5805128 -0.053655 0.118259 -0.113058
35841 17.409107 5.5802014 -0.042963 0.080543 -0.076470
35851 2.0002232 5.5786449 0.032866 0.146153 -0.122336
35859 6.0020085 5.5774004 -0.117495 0.053053 -0.004031
35863 2.0002231 5.5767783 -0.180049 0.082627 -0.024283
35869 2.0002231 5.5758454 -0.073384 0.111791 -0.109707
35877 6.0020075 5.5746021 0.167316 0.162331 0.147492
35899 2.0002229 5.5711858 -0.008336 0.116882 -0.104046
35911 2.0002228 5.5693242 -0.084345 0.129302 -0.127906
35913 6.0020055 5.5690140 -0.002442 0.117613 -0.104494
35923 2.0002227 5.5674637 -0.222958 0.191903 -0.186796
35929 12.451029 5.5665340 0.043904 0.110633 0.101874
35941 4.1892939 5.5646754 -0.253063 0.282187 -0.272486
35947 4.2098668 5.5637466 -0.033273 0.045705 0.035721
35953 4.1775454 5.5628181 -0.117963 0.150583 -0.149608
35967 15.296970 5.5606528 -0.193015 0.169137 -0.164753
35971 5.7861423 5.5600345 0.267488 0.265693 0.256958
35977 2.0002224 5.5591072 0.079348 0.108401 -0.076194
35983 2.0002224 5.5581803 -0.218565 0.266354 -0.257508
36001 21.549420 5.5554012 0.045884 0.024029 0.020196
36007 2.0002222 5.5544755 0.137924 0.099183 0.008703
36013 2.0002222 5.5535501 -0.023779 0.084388 0.070807
36019 4.1743010 5.5526250 -0.044714 0.209516 -0.193997
36021 6.0019995 5.5523167 -0.058118 0.110302 -0.107481
36037 2.0002220 5.5498515 -0.281809 0.202506 -0.194831
36043 23.998668 5.5489277 0.111197 0.087705 0.081918
36061 2.0002219 5.5461579 -0.169351 0.248887 -0.238750
36067 2.0002218 5.5452353 0.065065 0.194315 -0.158916
36073 2.0002218 5.5443129 0.021601 0.087021 0.081532
36079 4.2031746 5.5433909 -0.021333 0.096615 -0.090159
36097 2.0002216 5.5406266 -0.125949 0.065770 0.001169
36103 4.2505372 5.5397058 -0.054788 0.212675 -0.196431
36109 2.0002216 5.5387853 -0.157680 0.252046 -0.241005
36111 6.0019945 5.5384786 -0.009885 0.075248 0.064094
36127 27.237395 5.5360257 -0.097865 0.057564 -0.051320
36129 6.0019935 5.5357192 -0.016026 0.050320 0.043357
36147 6.0019925 5.5329626 -0.053953 0.057564 -0.050709
36151 2.0002213 5.5323504 -0.058615 0.221053 -0.204076
36169 9.3405643 5.5295972 -0.044650 0.032072 -0.030993
36181 4.2172684 5.5277632 0.006073 0.054015 0.049344
36183 28.065154 5.5274576 -0.187512 0.120743 -0.107964
36187 2.0002211 5.5268467 -0.127900 0.237970 -0.226733
36217 2.0002209 5.5222685 -0.220159 0.178268 -0.173656
36219 6.0019886 5.5219636 -0.050151 0.083088 -0.079710
36229 2.0002208 5.5204394 0.091901 0.130714 -0.091509
36241 2.0002208 5.5186115 -0.038996 0.071174 0.055249
36247 4.2856552 5.5176980 0.028952 0.081180 -0.053675
36253 9.3405475 5.5167848 -0.036352 0.064972 -0.062467
36277 2.0002205 5.5131350 -0.002379 0.118035 -0.104590
36283 5.7860702 5.5122234 -0.056794 0.074637 0.055611
36291 6.0019846 5.5110082 -0.031901 0.218258 -0.199509
36301 4.6083341 5.5094901 -0.162898 0.163736 -0.162078
36307 2.0002204 5.5085796 0.049050 0.090317 0.083089
36313 2.0002203 5.5076694 -0.052936 0.152431 -0.142662
36319 2.0002203 5.5067595 -0.090313 0.194953 -0.185788
36327 6.0019827 5.5055468 -0.038910 0.238492 -0.217479
36343 2.0002201 5.5031230 -0.003718 0.052566 -0.044939
36349 4.1755263 5.5022146 0.002102 0.084210 0.075369
36361 5.7860524 5.5003988 -0.046807 0.183553 -0.169025
36373 2.0002200 5.4985841 -0.140912 0.122932 -0.119979
36379 9.3405225 5.4976772 -0.084190 0.074691 -0.071315
36381 13.050309 5.4973750 0.271590 0.293167 0.283707
36391 4.1781911 5.4958644 -0.092388 0.067404 0.031851
36417 13.105533 5.4919406 -0.244211 0.278782 -0.268748
36427 4.2660811 5.4904329 -0.121738 0.107254 -0.104235
36433 2.0002196 5.4895287 0.084503 0.168977 0.161170
36439 5.7860347 5.4886248 -0.075280 0.199851 -0.187575
36451 2.0002195 5.4868179 -0.023147 0.096853 0.083298
36457 2.0002195 5.4859149 -0.036287 0.080920 -0.077629
36463 9.3405059 5.4850122 0.020377 0.030365 -0.019384
36469 2.0002194 5.4841098 -0.223681 0.185057 -0.180395
36471 6.0019748 5.4838091 -0.055819 0.057830 -0.051459
36489 6.0019738 5.4811039 -0.032071 0.047761 0.038142
36493 2.0002192 5.4805031 -0.038078 0.046376 0.035275
36507 13.420458 5.4784014 0.106126 0.158263 0.149370
36523 2.0002191 5.4760014 0.117512 0.114969 -0.071165
36529 2.0002190 5.4751020 -0.206159 0.235249 -0.226805
36541 2.0002190 5.4733040 -0.026692 0.071852 -0.064982
36543 17.407646 5.4730044 -0.118948 0.201013 -0.191665
36559 2.0002188 5.4706092 0.046464 0.098275 0.089153
36561 28.064479 5.4703099 -0.037277 0.060936 -0.058329
36571 2.0002188 5.4688141 0.001643 0.159552 -0.139626
36577 4.2500508 5.4679170 0.049007 0.096424 0.090821
36583 2.0002187 5.4670202 -0.209390 0.165859 -0.162626
36589 9.3404812 5.4661237 0.097918 0.064295 0.058094
36607 2.0002186 5.4634360 -0.212875 0.261177 -0.251618
36631 9.3404730 5.4598564 0.069156 0.039136 0.025799
36633 6.0019661 5.4595583 -0.148417 0.064493 -0.009063
36637 2.0002184 5.4589623 0.076447 0.086401 -0.041692
36643 2.0002183 5.4580684 -0.182785 0.080508 -0.022609
36649 4.2853050 5.4571748 0.037467 0.163457 -0.137308
36651 15.295149 5.4568770 -0.073989 0.095795 -0.093005
36661 4.3093832 5.4553886 -0.199609 0.083032 -0.022314
36667 4.5030242 5.4544959 -0.038788 0.053896 -0.046540
36679 4.4310350 5.4527114 -0.031895 0.048245 -0.036551
36687 28.064257 5.4515223 -0.067134 0.047331 -0.046455
36691 2.0002181 5.4509280 -0.046559 0.204797 -0.189808
36697 2.0002180 5.4500368 -0.069785 0.219706 -0.203819
36709 2.0002180 5.4482552 0.054460 0.072504 -0.039154
36721 2.0002179 5.4464748 -0.195696 0.170207 -0.166947
36723 6.0019613 5.4461781 -0.005291 0.068390 -0.057718
36727 5.0771730 5.4455850 -0.013572 0.055959 0.048893
36733 4.2022594 5.4446955 -0.129328 0.242470 -0.230607
36739 2.0002178 5.4438063 -0.234734 0.266343 -0.257303
36741 13.619127 5.4435100 0.067768 0.100625 0.092756
36759 6.0019593 5.4408444 -0.119033 0.056678 -0.008061
36763 4.2165448 5.4402524 -0.130916 0.119316 -0.116348
36781 2.0002175 5.4375901 -0.195414 0.256083 -0.246149
36787 2.0002175 5.4367032 0.071815 0.113082 0.102928
36793 2.0002175 5.4358166 0.003684 0.080136 -0.057305
36813 28.064037 5.4328634 -0.041753 0.028481 -0.027162
36829 5.7859471 5.4305031 -0.040090 0.078358 0.063083
36831 6.0019555 5.4302082 -0.064427 0.198930 -0.184687
36841 23.990883 5.4287343 -0.128887 0.078282 -0.070950
36847 2.0002171 5.4278503 -0.186856 0.168278 -0.165968
36867 6.0019536 5.4249057 -0.184667 0.077231 -0.014548
36871 2.0002170 5.4243172 0.022647 0.097206 0.087716
36877 2.0002170 5.4234347 -0.086252 0.113067 -0.109441
36889 4.5029143 5.4216704 -0.176578 0.158899 -0.156831
36901 2.0002168 5.4199073 0.058332 0.097439 -0.074926
36903 6.0019517 5.4196136 -0.180911 0.165879 -0.163639
36913 2.0002167 5.4181454 0.323314 0.319910 0.307827
36919 2.0002167 5.4172648 -0.109192 0.117749 -0.115008
36921 13.918010 5.4169714 -0.085392 0.161847 -0.153651
36931 2.0002166 5.4155046 0.020759 0.093143 -0.074996
36937 4.4308892 5.4146249 -0.126364 0.060417 -0.006836
36939 28.063818 5.4143317 0.074577 0.067373 0.064935
36943 2.0002166 5.4137455 -0.099544 0.199054 -0.190684
36957 12.923158 5.4116947 0.049023 0.182787 -0.152553
36967 9.3404081 5.4102307 -0.048691 0.048415 -0.044760
36973 2.0002164 5.4093528 -0.167436 0.148972 -0.147099
36979 2.0002164 5.4084751 0.251263 0.248511 0.239324
36997 2.0002163 5.4058437 0.024793 0.113636 0.105449
37003 2.0002162 5.4049672 -0.136074 0.129282 -0.127857
37021 2.0002161 5.4023392 0.068979 0.130086 0.121008
37027 4.3090978 5.4014638 0.025631 0.121429 -0.103571
37029 6.0019451 5.4011721 -0.013003 0.093452 -0.083255
37039 2.0002160 5.3997138 -0.052065 0.046300 0.031248
37051 20.910617 5.3979650 -0.107523 0.076249 -0.071824
37057 2.0002159 5.3970910 -0.064750 0.059606 -0.053320
37063 5.7858955 5.3962173 -0.067630 0.066394 0.044391
37069 5.0770758 5.3953438 -0.003365 0.117864 -0.104996
37087 2.0002157 5.3927252 -0.055972 0.100831 -0.097826
37117 2.0002156 5.3883665 -0.069761 0.210436 -0.196312
37119 6.0019403 5.3880762 -0.098887 0.052704 0.011615
37123 2.0002155 5.3874956 -0.069383 0.047552 0.015591
37137 6.0019394 5.3854646 -0.138434 0.063956 -0.001822
37141 5.7858784 5.3848846 0.006820 0.047671 -0.030292
37159 2.0002153 5.3822762 -0.044039 0.215679 -0.198662
37171 2.0002152 5.3805386 -0.234278 0.188178 -0.182908
37173 6.0019375 5.3802491 -0.044535 0.133525 -0.124237
37189 2.0002151 5.3779343 0.001093 0.085291 0.074548
37201 2.0002151 5.3761996 -0.037056 0.215105 -0.196720
37209 12.970458 5.3750437 -0.088985 0.198175 -0.188924
37219 27.229264 5.3735995 0.032981 0.019799 0.007994
37227 6.0019347 5.3724447 -0.139374 0.144623 -0.143470
37231 4.6079396 5.3718675 -0.171992 0.072741 -0.010174
37243 2.0002148 5.3701367 -0.053638 0.198948 -0.184190
37261 9.3403522 5.3675425 0.095052 0.061449 0.036422
37263 6.0019328 5.3672544 0.064696 0.110506 0.105449
37273 2.0002147 5.3658144 0.123091 0.124049 0.117415
37297 15.035324 5.3623616 -0.107484 0.103953 -0.101956
37299 6.0019310 5.3620741 -0.016643 0.184893 -0.166843
37309 2.0002144 5.3606368 -0.230102 0.169570 -0.165103
37317 28.063170 5.3594876 0.138347 0.090031 0.083912
37321 2.0002144 5.3589132 -0.015932 0.209757 -0.187813
37327 4.1735290 5.3580518 -0.227224 0.258443 -0.248604
37333 4.5026986 5.3571907 0.108437 0.131934 0.120241
37339 2.0002143 5.3563298 0.115097 0.085733 0.021251
37353 6.0019282 5.3543223 -0.202375 0.179100 -0.175670
37357 2.0002142 5.3537490 -0.087287 0.045472 0.002973
37363 2.0002141 5.3528892 -0.229149 0.263440 -0.253826
37369 2.0002141 5.3520298 0.149039 0.078789 -0.015147
37371 6.0019272 5.3517433 -0.034469 0.063667 0.047679
37393 4.3088180 5.3485947 -0.130255 0.144780 -0.143725
37407 13.616162 5.3465929 0.153242 0.107443 0.077079
37423 2.0002138 5.3443070 -0.148497 0.120751 -0.117256
37429 9.3403207 5.3434503 -0.032532 0.054617 -0.052335
37441 2.0002137 5.3417377 -0.187108 0.077560 -0.018938
37443 28.062957 5.3414523 0.013440 0.023661 -0.015456
37447 2.0002137 5.3408818 0.043045 0.104659 -0.085569
37453 13.549677 5.3400262 0.005305 0.133587 -0.117971
37461 6.0019226 5.3388858 -0.152228 0.245011 -0.233288
37483 2.0002135 5.3357522 0.102329 0.151343 0.144783
37489 2.0002134 5.3348982 0.108265 0.128286 -0.086069
37501 2.0002134 5.3331911 -0.097449 0.048874 0.007817
37507 2.0002133 5.3323380 -0.129714 0.144220 -0.143267
37531 5.7857941 5.3289281 -0.109769 0.195449 -0.186664
37533 6.0019189 5.3286441 -0.158482 0.151113 -0.149914
37537 2.0002131 5.3280763 -0.046023 0.143074 -0.133327
37549 2.0002131 5.3263735 -0.089889 0.125019 -0.123695
37551 6.0019180 5.3260899 0.017947 0.115269 -0.099865
37561 2.0002130 5.3246719 -0.063279 0.086367 -0.080468
37567 2.0002130 5.3238214 0.270329 0.232067 0.215645
37569 28.062745 5.3235380 -0.153333 0.085671 -0.074247
37573 2.0002129 5.3229713 -0.118711 0.204276 -0.196906
37579 2.0002129 5.3221214 -0.212965 0.257303 -0.247270
37591 2.0002128 5.3204224 -0.186261 0.162076 -0.159910
37603 4.6077873 5.3187246 0.107331 0.080029 0.039457
37623 6.0019143 5.3158972 -0.006749 0.093419 0.081647
37633 2.0002126 5.3144846 -0.148758 0.147064 -0.146026
37639 23.983433 5.3136375 -0.101336 0.079742 -0.073378
37641 6.0019134 5.3133551 0.208443 0.222594 0.212210
37657 2.0002125 5.3110975 -0.213903 0.271890 -0.260652
37659 6.0019125 5.3108155 -0.065918 0.122091 -0.118768
37663 2.0002124 5.3102514 -0.034217 0.211120 -0.191658
37669 4.1802192 5.3094056 -0.107292 0.052316 -0.003732
37677 15.292542 5.3082783 -0.060852 0.177575 -0.167480
37693 2.0002123 5.3060250 0.120131 0.176229 0.168632
37699 2.0002122 5.3051805 -0.220395 0.261429 -0.251451
37711 4.4304638 5.3034923 0.168401 0.167846 0.159204
37713 17.405331 5.3032111 0.042821 0.140139 -0.117388
37717 2.0002121 5.3026487 -0.017359 0.087116 -0.073173
37731 6.0019089 5.3006811 -0.201893 0.177805 -0.174517
37747 2.0002120 5.2984343 -0.080356 0.210371 -0.196862
37749 6.0019079 5.2981536 0.143386 0.175160 0.165125
37753 5.0768869 5.2975922 -0.111748 0.057024 0.012194
37759 4.3085437 5.2967504 -0.028625 0.044732 -0.031445
37767 6.0019070 5.2956285 0.072449 0.090981 0.085961
37777 4.5024880 5.2942266 -0.089560 0.047634 0.015981
37783 2.0002118 5.2933859 -0.173506 0.263971 -0.251536
37801 4.2074742 5.2908653 -0.058527 0.092815 -0.083266
37803 6.0019052 5.2905854 -0.192325 0.250090 -0.240924
37813 2.0002116 5.2891863 -0.236235 0.185769 -0.180370
37821 28.062326 5.2880675 -0.156376 0.102449 -0.093184
37831 2.0002115 5.2866697 -0.068305 0.163203 -0.154623
37837 4.1738507 5.2858313 0.159659 0.193431 0.185385
37839 6.0019034 5.2855519 -0.257447 0.278202 -0.267452
37849 9.3402431 5.2841555 0.060120 0.043279 0.041167
37857 6.0019025 5.2830388 -0.225306 0.169147 -0.165331
37861 2.0002113 5.2824807 -0.062920 0.044556 0.020469
37867 5.0768560 5.2816436 -0.030412 0.178995 -0.163056
37879 2.0002112 5.2799704 -0.014010 0.072910 0.060714
37891 9.3402354 5.2782983 -0.117512 0.087068 -0.081692
37897 2.0002111 5.2774626 -0.135573 0.141365 -0.140188
37911 6.0018998 5.2755137 -0.016762 0.081883 -0.060999
37921 5.7857116 5.2741225 -0.034703 0.063151 0.048431
37933 9.3402278 5.2724541 -0.060920 0.030819 -0.027073
37947 83.285597 5.2705089 0.046407 0.038720 0.036713
37951 2.0002108 5.2699534 -0.226361 0.265744 -0.255417
37957 2.0002108 5.2691203 -0.018179 0.179179 -0.163108
37963 2.0002108 5.2682875 0.020746 0.074251 0.066097
37969 4.4303258 5.2674550 -0.175676 0.144591 -0.141718
37981 5.0768254 5.2657908 -0.129373 0.130380 -0.129171
37987 2.0002106 5.2649591 -0.148813 0.065153 -0.002579
37993 2.0002106 5.2641276 -0.046851 0.133061 -0.124384
37999 13.647228 5.2632964 -0.057774 0.178105 -0.165885
38011 2.0002105 5.2616348 -0.232791 0.171878 -0.167449
38017 9.3402125 5.2608044 0.059953 0.026392 0.014818
38037 13.913855 5.2580382 -0.172877 0.141453 -0.139028
38041 4.2005245 5.2574853 -0.069376 0.194384 -0.184515
38047 2.0002103 5.2566562 -0.049599 0.055650 0.036841
38053 2.0002103 5.2558274 -0.049719 0.077064 -0.071777
38059 9.3402049 5.2549988 -0.017130 0.032696 -0.031895
38083 2.0002101 5.2516871 -0.038689 0.131622 -0.122601
38091 6.0018908 5.2505841 -0.115171 0.177240 -0.169129
38101 9.3401973 5.2492061 -0.088883 0.071230 -0.068543
38109 6.0018899 5.2481041 0.066037 0.058700 0.005550
38113 2.0002099 5.2475533 0.119808 0.116976 0.106540
38119 2.0002099 5.2467274 0.070829 0.136535 -0.107449
38143 9.3401898 5.2434261 -0.183021 0.112954 -0.101247
38149 2.0002097 5.2426014 -0.031712 0.050983 -0.041519
38161 4.6075644 5.2409528 -0.051334 0.135467 -0.126709
38163 6.0018872 5.2406781 -0.153712 0.136639 -0.135048
38167 2.0002096 5.2401289 -0.157277 0.200431 -0.192226
38179 4.2644997 5.2384819 -0.167231 0.148636 -0.147218
38191 4.1694369 5.2368359 -0.005188 0.086596 -0.069220
38197 2.0002095 5.2360133 0.073957 0.115202 0.106883
38209 5.0767647 5.2343689 -0.001318 0.193350 -0.171515
38217 6.0018846 5.2332732 -0.059846 0.188979 -0.177972
38221 4.5022823 5.2327255 -0.269403 0.186535 -0.179936
38227 21.250504 5.2319042 0.053271 0.040648 0.038949
38239 2.0002092 5.2302623 0.112999 0.172515 0.164644
38257 4.2839786 5.2278014 0.007057 0.069898 0.063422
38271 6.0018819 5.2258891 -0.048776 0.041604 0.026842
38281 2.0002090 5.2245239 0.058881 0.131092 0.122856
38287 2.0002090 5.2237052 -0.000833 0.179018 -0.160053
38289 6.0018810 5.2234323 -0.095804 0.082731 -0.078868
38299 2.0002089 5.2220685 0.021704 0.050091 0.046212
38311 27.221600 5.2204328 0.025200 0.011215 0.007934
38317 2.0002088 5.2196153 -0.054955 0.053768 -0.045615
38323 5.0767346 5.2187981 -0.090731 0.052410 0.019999
38329 2.0002087 5.2179812 -0.193708 0.265819 -0.253871
38343 6.0018784 5.2160759 0.026712 0.113048 -0.097131
38347 4.6074915 5.2155319 0.050469 0.078576 -0.037171
38353 9.3401522 5.2147159 0.038575 0.030203 0.017297
38361 15.290882 5.2136284 -0.031987 0.096491 -0.086961
38371 2.0002085 5.2122697 -0.146916 0.243278 -0.232005
38377 2.0002085 5.2114548 -0.221737 0.253797 -0.244860
38389 5.7856147 5.2098257 -0.065987 0.075728 -0.071949
38397 6.0018757 5.2087403 -0.005474 0.055158 0.046156
38407 4.1684439 5.2073841 -0.109021 0.051519 -0.002238
38419 4.2067285 5.2057576 -0.153934 0.235235 -0.225587
38431 2.0002082 5.2041321 -0.043415 0.084190 -0.070425
38443 4.5021812 5.2025076 -0.135943 0.133477 -0.131973
38449 2.0002081 5.2016958 -0.087377 0.048597 0.010316
38451 28.061303 5.2014252 0.145041 0.083474 0.059811
38461 2.0002080 5.2000728 0.062104 0.111957 -0.087844
38469 6.0018722 5.1989914 -0.119463 0.229169 -0.217239
38473 4.2482264 5.1984509 0.084297 0.068880 0.016947
38487 6.0018713 5.1965599 -0.050342 0.053027 -0.044333
38491 4.3080109 5.1960198 0.062015 0.094596 0.089384
38503 4.1788631 5.1944004 -0.117151 0.203322 -0.195764
38509 4.2145066 5.1935911 0.212685 0.207128 0.193099
38521 9.3401224 5.1919732 -0.044474 0.054624 -0.052962
38523 6.0018696 5.1917037 -0.089786 0.052324 0.017596
38551 5.0766749 5.1879329 0.159832 0.195560 0.187493
38557 2.0002075 5.1871256 -0.247042 0.173362 -0.168272
38559 6.0018678 5.1868565 -0.247744 0.276137 -0.264581
38569 2.0002074 5.1855117 -0.071520 0.117895 -0.114732
38593 2.0002073 5.1822869 0.027110 0.111290 0.101719
38611 2.0002072 5.1798710 -0.276932 0.190363 -0.183599
38613 13.090262 5.1796027 0.019073 0.082868 -0.051153
38623 5.7855672 5.1782617 -0.040591 0.143442 -0.133051
38629 2.0002071 5.1774574 0.051142 0.098275 -0.078742
38631 12.957987 5.1771893 0.088732 0.114538 0.109428
38647 9.3401003 5.1750459 0.141815 0.064385 0.031693
38649 17.403580 5.1747781 0.026720 0.101933 0.093811
38653 2.0002070 5.1742426 -0.267068 0.188366 -0.181940
38659 4.2836644 5.1734396 -0.003895 0.073454 0.062314
38667 6.0018626 5.1723692 0.026017 0.078639 -0.053102
38671 2.0002069 5.1718342 -0.208257 0.262573 -0.251754
38677 2.0002069 5.1710319 0.105991 0.130951 0.124684
38689 9.3400929 5.1694280 -0.121418 0.083284 -0.078227
38703 73.984229 5.1675581 -0.044585 0.046142 -0.044617
38707 2.0002067 5.1670241 0.087233 0.062996 -0.033457
38713 2.0002067 5.1662232 -0.184024 0.229488 -0.219938
38719 4.6073479 5.1654227 -0.085428 0.046920 0.007082
38721 6.0018600 5.1651559 -0.013914 0.132983 -0.120911
38737 2.0002065 5.1630224 0.045271 0.065976 -0.009316
38739 13.610540 5.1627559 -0.082452 0.083759 -0.076961
38749 2.0002065 5.1614235 -0.262809 0.278831 -0.267163
38757 6.0018583 5.1603581 -0.087740 0.053556 0.015008
38767 2.0002064 5.1590270 -0.249912 0.176732 -0.172222
38779 15.019705 5.1574306 -0.080149 0.083699 -0.079289
38791 2.0002063 5.1558351 -0.186434 0.235323 -0.226956
38793 13.031998 5.1555693 -0.203970 0.159362 -0.157106
38803 2.0002062 5.1542407 0.015239 0.048987 0.044450
38821 2.0002061 5.1518508 0.150800 0.108678 0.049245
38833 2.0002060 5.1502588 -0.080296 0.212487 -0.199837
38839 2.0002060 5.1494632 -0.168748 0.258053 -0.245841
38851 2.0002059 5.1478726 0.055855 0.061822 0.033925
38883 17.403155 5.1436360 -0.026232 0.065575 0.053229
38887 4.5019826 5.1431070 -0.093836 0.051680 0.015413
38899 9.3400564 5.1415203 -0.034575 0.028055 -0.026853
38901 6.0018514 5.1412560 -0.038201 0.044264 0.026853
38917 2.0002056 5.1391423 -0.081920 0.231295 -0.216247
38919 6.0018506 5.1388782 -0.007847 0.078795 -0.055313
38923 2.0002056 5.1383501 -0.234791 0.256663 -0.246461
38937 6.0018497 5.1365026 -0.114089 0.224547 -0.213014
38941 9.3400492 5.1359749 0.029868 0.034096 0.032619
38953 2.0002054 5.1343927 0.002950 0.046304 0.039587
38959 2.0002054 5.1336020 -0.143972 0.237460 -0.226233
38971 2.0002053 5.1320212 0.165717 0.164762 0.150186
38977 2.0002053 5.1312312 0.054908 0.077585 -0.015658
38983 9.3400419 5.1304415 -0.118128 0.084325 -0.078940
38989 4.1846038 5.1296520 -0.130852 0.140248 -0.138965
39001 4.4297924 5.1280736 -0.256564 0.271139 -0.259925
39007 5.0765577 5.1272848 -0.021554 0.120495 -0.110676
39009 6.0018463 5.1270220 0.041679 0.105728 0.096886
39013 5.7854892 5.1264963 0.020784 0.096039 0.087775
39019 2.0002050 5.1257080 0.060304 0.062545 0.021869
39027 6.0018454 5.1246573 -0.021124 0.058223 0.046524
39037 4.2060067 5.1233445 -0.039585 0.039342 0.026965
39043 2.0002049 5.1225572 -0.092529 0.200044 -0.190954
39067 9.3400275 5.1194102 -0.042034 0.043103 -0.041817
39079 2.0002047 5.1178382 0.052426 0.115321 0.107999
39081 28.060312 5.1175763 0.140759 0.082890 0.052888
39091 13.838134 5.1162672 -0.142147 0.209588 -0.200045
39097 2.0002046 5.1154820 0.224901 0.208941 0.198285
39099 6.0018420 5.1152203 -0.209956 0.270024 -0.257651
39103 2.0002046 5.1146971 -0.224313 0.170322 -0.167228
39109 21.498797 5.1139124 -0.118368 0.089337 -0.082534
39133 2.0002045 5.1107761 -0.058529 0.163860 -0.155281
39139 2.0002044 5.1099926 -0.037394 0.038928 0.024432
39153 13.909939 5.1081654 0.077198 0.099485 0.090477
39157 2.0002043 5.1076436 -0.157282 0.125470 -0.122424
39163 2.0002043 5.1068611 0.372726 0.326162 0.308949
39181 2.0002042 5.1045149 -0.139703 0.060558 -0.006295
39189 6.0018378 5.1034729 -0.005610 0.117131 -0.105539
39199 2.0002041 5.1021710 -0.047462 0.076136 -0.062792
39207 28.060118 5.1011299 -0.188428 0.110752 -0.098367
39217 2.0002040 5.0998292 -0.205448 0.257054 -0.245714
39223 4.3074980 5.0990490 -0.043285 0.040343 0.026817
39229 2.0002040 5.0982691 -0.115105 0.118158 -0.116861
39241 2.0002039 5.0967101 0.002507 0.039238 -0.006590
39243 12.890860 5.0964503 -0.271255 0.184498 -0.178456
39247 5.7854432 5.0959309 -0.024329 0.068888 0.056650
39277 21.916440 5.0920386 -0.051472 0.023745 -0.015041
39279 6.0018336 5.0917793 0.133620 0.179426 0.170709
39283 4.1698379 5.0912609 -0.066447 0.089471 -0.078206
39297 6.0018328 5.0894470 -0.041718 0.091940 -0.083741
39301 2.0002036 5.0889290 -0.084204 0.217507 -0.203987
39313 2.0002035 5.0873757 -0.141568 0.121982 -0.119249
39331 4.5017884 5.0850474 0.241550 0.224407 0.214491
39333 28.059925 5.0847889 -0.100407 0.080933 -0.075387
39337 4.1775654 5.0842718 -0.251056 0.259489 -0.248497
39343 2.0002034 5.0834964 -0.199149 0.265066 -0.252795
39351 17.402322 5.0824630 -0.068386 0.173152 -0.164049
39361 9.3399775 5.0811717 0.011712 0.019958 -0.009514
39367 2.0002032 5.0803973 -0.019458 0.082810 -0.065801
39373 2.0002032 5.0796231 -0.050873 0.044233 0.027165
39387 15.288501 5.0778176 0.082755 0.105223 0.096183
39397 2.0002031 5.0765287 -0.006314 0.048162 -0.020328
39403 27.214366 5.0757557 -0.028407 0.016165 -0.014848
39409 2.0002030 5.0749829 -0.040443 0.047326 -0.035574
39421 4.2473805 5.0734380 0.092291 0.107607 -0.078977
39439 2.0002029 5.0711225 -0.001370 0.081325 -0.054765
39441 6.0018261 5.0708653 -0.248653 0.269851 -0.258524
39451 2.0002028 5.0695800 -0.272764 0.183638 -0.177778
39459 28.059733 5.0685522 0.017568 0.022092 0.019169
39463 12.373271 5.0680384 -0.063343 0.192860 -0.179675
39477 6.0018244 5.0662411 -0.154395 0.240985 -0.229813
39481 5.7853977 5.0657278 -0.141471 0.117903 -0.116283
39487 9.3399562 5.0649581 0.165471 0.110528 0.099277
39493 4.2634065 5.0641886 -0.277180 0.180946 -0.174616
39499 2.0002026 5.0634193 0.013920 0.053678 0.046471
39511 2.0002025 5.0618815 -0.211811 0.253343 -0.243196
39513 6.0018227 5.0616253 0.118333 0.170958 0.162443
39517 4.4295362 5.0611129 0.019861 0.077217 0.067644
39529 9.3399492 5.0595765 -0.184114 0.109942 -0.097690
39531 6.0018219 5.0593205 -0.019370 0.041965 0.033375
39541 2.0002023 5.0580410 0.030508 0.070214 0.063144
39549 6.0018211 5.0570179 -0.028809 0.077046 -0.058078
39553 4.5016930 5.0565065 0.011211 0.123956 -0.108986
39571 9.3399422 5.0542064 -0.178042 0.107352 -0.095656
39577 5.0764149 5.0534401 -0.091638 0.104108 -0.100954
39603 13.405433 5.0501225 -0.208082 0.265392 -0.252932
39607 2.0002020 5.0496124 -0.216215 0.142123 -0.137691
39613 9.3399352 5.0488476 0.047677 0.035095 -0.014262
39619 2.0002019 5.0480830 -0.061598 0.075543 -0.070453
39631 2.0002019 5.0465545 -0.019255 0.128750 -0.118401
39637 5.7853676 5.0457905 -0.163265 0.217609 -0.208037
39639 12.982560 5.0455360 0.103481 0.090531 0.081627
39649 4.6070007 5.0442634 -0.151373 0.099245 -0.095577
39657 6.0018161 5.0432458 0.351673 0.315184 0.299381
39667 2.0002017 5.0419744 -0.021084 0.049876 0.039614
39673 4.2132484 5.0412119 -0.087023 0.198578 -0.189347
39679 2.0002016 5.0404496 -0.099839 0.197377 -0.188995
39691 5.0763869 5.0389257 -0.076456 0.088517 -0.084053
39703 2.0002015 5.0374027 -0.274686 0.183412 -0.177651
39709 2.0002015 5.0366416 0.207054 0.203531 0.193384
39711 68.808317 5.0363879 -0.138360 0.092316 -0.083592
39727 2.0002014 5.0343595 -0.012452 0.064433 0.052970
39733 2.0002014 5.0335993 -0.094291 0.092365 -0.090763
39747 6.0018120 5.0318263 0.005772 0.047814 -0.024157
39751 4.1835451 5.0313200 0.012909 0.076875 0.066543
39769 2.0002012 5.0290427 0.086174 0.098513 0.090530
39781 9.3399073 5.0275257 -0.095844 0.071302 -0.067940
39793 5.7853378 5.0260096 0.059244 0.116482 0.109143
39799 2.0002010 5.0252519 0.001206 0.116332 -0.104139
39801 6.0018095 5.0249994 -0.118514 0.097364 -0.095610
39819 17.401508 5.0227278 -0.060267 0.191052 -0.177573
39823 9.3399003 5.0222233 -0.141745 0.096592 -0.088294
39829 2.0002009 5.0214668 -0.029367 0.089459 -0.070319
39841 2.0002008 5.0199543 -0.103127 0.185719 -0.178336
39847 2.0002008 5.0191984 -0.020493 0.166004 -0.150846
39871 5.7853230 5.0161772 -0.119732 0.103474 -0.101526
39873 6.0018063 5.0159256 -0.160818 0.133084 -0.131448
39877 2.0002006 5.0154224 0.430427 0.372532 0.352789
39883 2.0002006 5.0146679 -0.155180 0.223701 -0.215136
39891 6.0018055 5.0136622 0.198176 0.218300 0.208016
39901 2.0002005 5.0124057 -0.233510 0.168813 -0.165353
39907 9.3398865 5.0116521 0.096648 0.059641 0.039653
39927 6.0018038 5.0091417 -0.241847 0.160652 -0.155991
39931 4.2630582 5.0086399 -0.175716 0.248574 -0.237307
39937 2.0002003 5.0078874 -0.073160 0.040583 0.010952
39949 27.210898 5.0063831 -0.030361 0.020465 -0.019870
39979 2.0002001 5.0026264 -0.051487 0.069943 0.051159
39981 6.0018014 5.0023761 0.065919 0.094381 -0.071544
39999 13.023687 5.0001250 -0.025259 0.067472 -0.052265
40003 4.1981372 4.9996250 0.042900 0.079785 0.073818
40009 2.0002000 4.9988753 -0.128481 0.242930 -0.229662
40017 6.0017998 4.9978759 0.008378 0.073266 0.062672
40021 4.6068664 4.9973764 0.240146 0.245816 0.234119
40027 5.7852936 4.9966273 -0.148899 0.116198 -0.114213
40039 2.0001998 4.9951297 -0.287770 0.184851 -0.178336
40063 2.0001997 4.9921374 0.216701 0.198160 0.182457
40087 2.0001996 4.9891486 0.014549 0.075799 0.067324
40093 2.0001996 4.9884020 -0.220439 0.246204 -0.236383
40099 2.0001995 4.9876556 -0.081605 0.150184 -0.141999
40111 2.0001995 4.9861634 0.071646 0.074740 0.026589
40123 2.0001994 4.9846721 -0.163639 0.147404 -0.146089
40129 2.0001994 4.9839268 0.126396 0.105632 0.097849
40143 6.0017941 4.9821887 0.028929 0.109397 0.099822
40147 5.0762763 4.9816923 0.107535 0.119058 0.107638
40153 2.0001993 4.9809479 -0.227201 0.155657 -0.152064
40159 9.3398453 4.9802037 -0.045267 0.056456 -0.054081
40177 2.0001991 4.9779725 -0.043289 0.133628 -0.125067
40189 2.0001991 4.9764861 0.347942 0.308064 0.291784
40197 6.0017917 4.9754957 -0.236921 0.254684 -0.244460
40201 9.3398385 4.9750006 -0.127115 0.093237 -0.085627
40207 4.6068001 4.9742582 -0.169027 0.140859 -0.139211
40213 2.0001990 4.9735160 -0.132517 0.057303 -0.003534
40219 4.5014130 4.9727741 0.024739 0.125327 -0.110750
40231 2.0001989 4.9712908 -0.119966 0.055899 0.006391
40233 6.0017901 4.9710437 -0.065233 0.199945 -0.186757
40237 2.0001988 4.9705495 -0.112445 0.130540 -0.127554
40243 9.3398317 4.9698084 -0.037179 0.058913 -0.054764
40251 6.0017893 4.9688207 -0.037162 0.087270 -0.067505
40261 15.005264 4.9675865 -0.086016 0.166075 -0.156985
40267 4.2824706 4.9668463 -0.090466 0.149891 -0.142225
40269 13.906242 4.9665996 -0.045744 0.038926 0.018482
40287 17.400713 4.9643806 0.015767 0.088029 0.079390
40291 4.4291643 4.9638877 -0.269681 0.175786 -0.170207
40321 4.3067639 4.9601944 -0.092520 0.100232 -0.096697
40323 6.0017861 4.9599484 -0.027530 0.181358 -0.167178
40351 2.0001983 4.9565067 -0.091116 0.178197 -0.168401
40357 2.0001983 4.9557698 -0.036424 0.035369 0.011853
40363 4.1651059 4.9550331 -0.161815 0.145559 -0.144158
40369 20.802061 4.9542966 -0.180227 0.105671 -0.093679
40377 13.402041 4.9533150 -0.152520 0.121939 -0.118815
40387 2.0001981 4.9520885 -0.261732 0.271852 -0.259638
40393 4.6067345 4.9513530 -0.052049 0.206134 -0.190561
40413 15.286241 4.9489026 -0.000129 0.085996 0.075430
40417 5.7852210 4.9484128 -0.060412 0.056264 -0.047819
40423 2.0001979 4.9476783 0.157600 0.190543 0.180850
40429 2.0001979 4.9469440 -0.269762 0.277729 -0.264648
40431 6.0017813 4.9466993 -0.246020 0.174294 -0.170191
40441 4.5013218 4.9454761 0.009816 0.046941 0.041493
40449 12.886977 4.9444980 0.058875 0.097475 -0.078731
40453 9.3397980 4.9440091 0.087524 0.051453 0.023320
40459 2.0001978 4.9432759 -0.061269 0.085516 -0.071921
40471 2.0001977 4.9418102 -0.078103 0.224342 -0.209287
40483 2.0001976 4.9403453 -0.112654 0.054838 0.009849
40489 5.0761950 4.9396132 -0.009676 0.041107 -0.011127
40507 2.0001975 4.9374182 -0.003457 0.059084 0.049028
40519 2.0001975 4.9359560 -0.083379 0.204800 -0.192066
40521 17.400322 4.9357123 0.029447 0.085257 0.077301
40531 2.0001974 4.9344946 0.198892 0.134607 0.075684
40537 9.3397846 4.9337642 0.040862 0.028245 0.016668
40539 6.0017766 4.9335208 -0.026561 0.039939 0.026619
40543 2.0001973 4.9330341 -0.169950 0.130488 -0.128324
40573 5.7851923 4.9293865 -0.115149 0.086323 -0.083224
40591 2.0001971 4.9272006 -0.085149 0.044694 0.004457
40593 28.058061 4.9269578 0.077178 0.054138 0.049688
40597 2.0001971 4.9264724 -0.114606 0.218647 -0.207633
40603 5.0761682 4.9257444 -0.236386 0.250816 -0.239643
40609 2.0001970 4.9250166 0.041566 0.085680 0.075263
40611 6.0017734 4.9247741 -0.292752 0.281460 -0.267983
40627 2.0001969 4.9228346 -0.056999 0.118630 -0.110222
40639 2.0001969 4.9213809 -0.182572 0.223102 -0.214900
40657 4.1973932 4.9192021 -0.079441 0.057880 -0.050661
40663 21.476464 4.9184763 -0.120381 0.073465 -0.067270
40669 4.2821869 4.9177506 -0.184368 0.145510 -0.143521
40693 2.0001966 4.9148502 0.201058 0.151893 0.131580
40699 2.0001966 4.9141257 -0.222095 0.161611 -0.158449
40701 6.0017695 4.9138842 -0.143876 0.230872 -0.219839
40717 5.0761415 4.9119532 0.019999 0.081877 0.073993
40723 4.1635866 4.9112295 -0.012437 0.101618 -0.093016
40737 13.602805 4.9095417 -0.170891 0.255241 -0.241919
40747 9.3397513 4.9083368 -0.127116 0.089945 -0.081765
40759 2.0001963 4.9068917 0.028655 0.106772 0.097075
40771 2.0001962 4.9054475 -0.146385 0.208881 -0.201788
40773 6.0017664 4.9052069 -0.038471 0.037038 0.015660
40789 9.3397447 4.9032827 -0.009793 0.014415 -0.011359
40791 6.0017656 4.9030423 0.131746 0.125706 0.111114
40801 2.0001961 4.9018406 0.171178 0.181584 0.172147
40807 13.479334 4.9011199 0.001277 0.147183 -0.132248
40809 13.076664 4.9008797 -0.159014 0.134661 -0.133093
40813 2.0001960 4.9003994 -0.009649 0.133781 -0.121722
40819 2.0001960 4.8996791 -0.075353 0.047789 0.021197
40827 13.904470 4.8987190 0.128699 0.055446 -0.006190
40831 23.956582 4.8982391 -0.039031 0.046686 -0.044768
40837 4.2120626 4.8975194 -0.145120 0.113086 -0.110414
40849 2.0001959 4.8960807 -0.097707 0.200470 -0.191718
40867 2.0001958 4.8939242 -0.102653 0.111905 -0.108718
40873 9.3397315 4.8932058 -0.063737 0.028573 -0.020229
40879 2.0001957 4.8924876 0.013656 0.050841 -0.015872
40881 6.0017617 4.8922482 -0.224626 0.157453 -0.154062
40891 4.2039736 4.8910518 -0.088829 0.147924 -0.140356
40897 2.0001956 4.8903343 -0.234033 0.241372 -0.230134
40899 6.0017610 4.8900951 -0.074162 0.048483 0.022238
40903 2.0001956 4.8896169 0.128779 0.126826 0.119703
40921 4.1703992 4.8874661 0.046217 0.087978 -0.038726
40927 2.0001955 4.8867496 0.048653 0.077162 0.068367
40933 2.0001955 4.8860333 -0.248646 0.256242 -0.244818
40939 2.0001954 4.8853172 -0.143943 0.234942 -0.223131
40951 4.6065412 4.8838856 -0.142453 0.112888 -0.109684
40957 9.3397184 4.8831702 0.015391 0.031759 0.029475
40971 28.057524 4.8815015 -0.062952 0.047514 -0.042946
40989 17.399554 4.8793579 -0.106914 0.197848 -0.187469
40993 2.0001952 4.8788818 -0.173244 0.124595 -0.122232
40999 9.3397118 4.8781678 0.017482 0.023729 -0.011363
41007 6.0017563 4.8772161 -0.112017 0.122405 -0.120508
41011 2.0001951 4.8767404 -0.116014 0.052116 0.002678
41017 2.0001951 4.8760270 0.025180 0.129574 -0.112493
41023 2.0001950 4.8753138 -0.083910 0.201919 -0.191983
41043 6.0017548 4.8729381 0.035805 0.062548 0.057015
41047 2.0001949 4.8724633 -0.079175 0.058175 -0.051198
41053 4.3062964 4.8717512 -0.112738 0.051777 0.004721
41059 5.0760624 4.8710392 -0.174614 0.238167 -0.226154
41061 6.0017540 4.8708020 0.075479 0.071036 0.012295
41071 4.2819089 4.8696160 -0.099655 0.049651 0.010740
41077 2.0001948 4.8689047 -0.029410 0.091104 -0.075943
41079 6.0017532 4.8686677 -0.215916 0.254289 -0.241736
41083 9.3396988 4.8681937 0.021108 0.025530 -0.012409
41097 73.799327 4.8665353 -0.107433 0.064732 -0.058897
41113 2.0001946 4.8646414 0.155144 0.177106 0.167407
41119 5.7850937 4.8639315 -0.166653 0.119778 -0.117376
41131 2.0001945 4.8625125 -0.125803 0.089544 -0.086073
41133 6.0017509 4.8622760 -0.148798 0.119265 -0.116125
41137 4.6064780 4.8618032 0.076193 0.078851 0.071936
41143 2.0001945 4.8610942 -0.145564 0.232880 -0.221622
41149 2.0001944 4.8603854 -0.220240 0.256529 -0.244995
41161 2.0001944 4.8589684 -0.050884 0.092241 -0.078619
41167 9.3396858 4.8582603 -0.171457 0.103276 -0.092005
41169 6.0017494 4.8580242 0.152056 0.140475 0.131309
41179 2.0001943 4.8568445 0.052967 0.090642 0.083207
41187 6.0017486 4.8559011 -0.011315 0.085372 -0.062783
41197 5.7850799 4.8547224 0.156153 0.150137 0.141376
41203 2.0001942 4.8540155 -0.072822 0.057418 -0.050616
41221 2.0001941 4.8518959 -0.022787 0.039359 0.029407
41223 83.089947 4.8516605 -0.075559 0.047873 -0.042991
41227 2.0001941 4.8511898 -0.242965 0.264004 -0.251862
41233 2.0001940 4.8504838 -0.150708 0.209078 -0.201991
41257 2.0001939 4.8476622 -0.226093 0.169051 -0.165646
41263 2.0001939 4.8469573 0.014690 0.067288 0.059336
41269 2.0001939 4.8462526 -0.065156 0.147039 -0.138215
41277 6.0017448 4.8453134 -0.023926 0.037983 0.027774
41281 2.0001938 4.8448439 0.246433 0.239802 0.226608
41299 2.0001937 4.8427323 -0.140362 0.134706 -0.132857
41311 4.1966730 4.8413256 -0.072616 0.189120 -0.179256
41317 4.2458060 4.8406225 -0.133315 0.201243 -0.194115
41329 4.5009665 4.8392170 -0.034333 0.066644 -0.056818
41341 2.0001935 4.8378123 -0.234090 0.161730 -0.157949
41353 5.7850523 4.8364085 -0.149219 0.194710 -0.185431
41367 6.0017410 4.8347717 -0.160585 0.196777 -0.187656
41389 2.0001933 4.8322018 0.031873 0.077202 0.067103
41401 5.0759847 4.8308012 -0.238456 0.248952 -0.237433
41403 13.600394 4.8305678 0.073354 0.080783 0.072345
41413 2.0001932 4.8294014 -0.228237 0.170172 -0.166634
41419 20.835817 4.8287018 -0.052914 0.040054 -0.037539
41421 6.0017388 4.8284687 0.092334 0.090937 0.081431
41431 5.7850386 4.8273032 -0.001144 0.067285 0.058067
41439 15.284094 4.8263713 -0.127063 0.109896 -0.108533
41443 2.0001931 4.8259055 -0.146361 0.183272 -0.174723
41449 4.1631136 4.8252069 -0.062166 0.040851 0.013021
41457 17.398804 4.8242758 -0.112476 0.196241 -0.186603
41461 9.3396407 4.8238103 -0.089778 0.054922 -0.049696
41467 2.0001929 4.8231124 0.039042 0.075147 -0.024927
41473 4.2816363 4.8224146 0.224319 0.192204 0.176838
41479 2.0001929 4.8217170 -0.201995 0.234161 -0.225207
41491 2.0001928 4.8203225 0.012596 0.045273 0.038481
41493 6.0017357 4.8200901 -0.101578 0.176054 -0.169471
41509 13.803550 4.8182322 -0.113575 0.099699 -0.097240
41521 2.0001927 4.8168397 -0.257290 0.266418 -0.253907
41529 12.862253 4.8159118 0.307577 0.262322 0.245688
41539 2.0001926 4.8147524 -0.201482 0.153569 -0.151343
41551 4.5008801 4.8133619 0.176996 0.120319 0.044099
41581 4.4285752 4.8098891 0.034355 0.055486 -0.007135
41587 27.201047 4.8091952 0.059399 0.049198 0.046198
41593 2.0001924 4.8085014 0.080802 0.073161 0.021071
41611 2.0001923 4.8064214 -0.027210 0.180196 -0.165415
41617 2.0001922 4.8057284 -0.023132 0.058141 0.045008
41619 6.0017305 4.8054975 -0.039388 0.130829 -0.122325
41629 23.950521 4.8043431 0.069341 0.038807 0.022440
41637 6.0017297 4.8034200 -0.127725 0.117141 -0.115404
41641 2.0001921 4.8029586 0.058612 0.079807 0.073615
41647 2.0001921 4.8022667 -0.147937 0.247087 -0.233769
41659 2.0001921 4.8008834 0.155078 0.174480 0.164454
41671 9.3396089 4.7995009 0.160632 0.125822 0.117435
41683 4.2617386 4.7981191 0.002190 0.065555 0.055134
41691 17.398435 4.7971984 -0.059661 0.087327 -0.080513
41709 6.0017267 4.7951281 -0.085663 0.183439 -0.172579
41719 2.0001918 4.7939788 -0.093277 0.123022 -0.119000
41727 28.056480 4.7930596 -0.008296 0.020554 -0.016403
41737 2.0001917 4.7919113 0.003939 0.090842 -0.082037
41761 2.0001916 4.7891573 -0.194065 0.163738 -0.161231
41763 6.0017245 4.7889280 -0.018357 0.051074 -0.039653
41773 4.5007946 4.7877816 -0.251625 0.252901 -0.240464
41781 15.283402 4.7868648 0.024667 0.080236 0.070993
41799 6.0017230 4.7848035 0.015481 0.072645 0.063675
41809 2.0001914 4.7836590 -0.006825 0.071716 0.060092
41821 5.7849708 4.7822864 -0.099375 0.179834 -0.171728
41827 4.1690464 4.7816004 0.154133 0.178103 0.167383
41839 21.191010 4.7802290 0.005337 0.022190 -0.019782
41851 2.0001912 4.7788583 -0.100483 0.048080 0.004638
41853 28.056310 4.7786300 0.170359 0.126639 0.117519
41857 5.0758830 4.7781733 -0.078061 0.171796 -0.164344
41863 2.0001911 4.7774885 -0.067996 0.163039 -0.155788
41881 21.885688 4.7754352 -0.064786 0.066443 -0.062785
41887 2.0001910 4.7747511 -0.254071 0.171160 -0.166385
41889 6.0017193 4.7745231 -0.069889 0.095670 -0.085618
41893 2.0001910 4.7740673 0.259612 0.233089 0.216493
41907 13.070409 4.7724724 -0.043532 0.037220 0.014857
41911 2.0001909 4.7720169 -0.073495 0.049694 0.022043
41941 2.0001908 4.7686035 -0.121865 0.190061 -0.183157
41947 2.0001907 4.7679214 -0.184599 0.231962 -0.221489
41953 2.0001907 4.7672395 0.090227 0.079889 0.071112
41959 2.0001907 4.7665578 -0.198391 0.160636 -0.158264
41977 5.7849440 4.7645139 0.005928 0.067710 0.059045
41979 28.056140 4.7642869 -0.018817 0.032504 -0.030816
41983 2.0001906 4.7638330 -0.054338 0.124891 -0.118264
41989 4.1609315 4.7631523 -0.258222 0.272882 -0.258761
41997 6.0017149 4.7622449 -0.091843 0.150407 -0.142536
42001 4.2109432 4.7617914 -0.118500 0.121618 -0.119536
42013 2.0001904 4.7604313 0.078012 0.078275 0.001217
42019 2.0001904 4.7597515 0.079052 0.092840 0.081516
42033 6.0017134 4.7581662 -0.055175 0.038786 0.018783
42037 4.1806022 4.7577134 -0.063657 0.041434 0.012426
42043 2.0001903 4.7570345 -0.125948 0.091330 -0.088881
42049 9.3395524 4.7563557 0.105715 0.076113 0.067228
42061 2.0001902 4.7549987 0.242030 0.210028 0.195273
42069 13.598061 4.7540945 -0.202977 0.145971 -0.143177
42073 2.0001902 4.7536425 -0.200380 0.256726 -0.243707
42087 6.0017112 4.7520612 0.075176 0.076842 -0.056298
42121 4.2614260 4.7482254 -0.022422 0.054668 0.041457
42123 15.282721 4.7479999 -0.100850 0.180684 -0.173767
42127 4.2027185 4.7475491 0.176911 0.133543 0.103267
42133 27.197934 4.7468730 -0.078197 0.047403 -0.042329
42139 2.0001899 4.7461971 0.077809 0.067976 0.016102
42151 4.3056258 4.7448459 -0.151478 0.223342 -0.212496
42157 2.0001898 4.7441706 -0.067444 0.170989 -0.160179
42169 2.0001897 4.7428206 -0.038329 0.085476 -0.070589
42181 2.0001897 4.7414713 -0.162345 0.136386 -0.134531
42187 2.0001896 4.7407969 0.007803 0.042210 0.035691
42193 2.0001896 4.7401228 -0.222963 0.263928 -0.250350
42199 5.0758081 4.7394488 -0.244544 0.251667 -0.239140
42213 6.0017061 4.7378770 -0.046031 0.195766 -0.180545
42217 21.455816 4.7374281 0.063617 0.041894 0.038841
42223 2.0001895 4.7367548 -0.195555 0.153384 -0.151279
42231 28.055805 4.7358575 0.019713 0.032323 0.029923
42249 6.0017047 4.7338399 -0.282928 0.270646 -0.256986
42259 9.3395215 4.7327197 -0.142317 0.089309 -0.081237
42267 12.964343 4.7318239 -0.228064 0.163125 -0.159766
42277 4.2811068 4.7307046 -0.207877 0.233833 -0.224457
42283 2.0001892 4.7300333 -0.038625 0.124995 -0.117772
42289 5.7848911 4.7293622 0.057056 0.077182 0.071129
42301 9.3395154 4.7280206 -0.129159 0.082367 -0.075600
42307 2.0001891 4.7273501 -0.128542 0.110915 -0.109610
42321 6.0017018 4.7257863 -0.043136 0.052860 -0.043068
42331 2.0001890 4.7246699 0.070910 0.085398 0.075265
42337 2.0001890 4.7240003 -0.197135 0.150824 -0.148593
42349 2.0001889 4.7226617 -0.058957 0.089354 -0.083100
42357 28.055638 4.7217697 0.111831 0.068178 0.050346
42367 5.7848780 4.7206552 -0.154803 0.201303 -0.192407
42373 2.0001888 4.7199868 0.206471 0.201498 0.188209
42379 2.0001888 4.7193185 -0.240932 0.162694 -0.158289
42391 2.0001887 4.7179826 -0.000474 0.089862 -0.070434
42393 17.397353 4.7177600 -0.046818 0.055456 -0.047049
42397 2.0001887 4.7173149 -0.016780 0.071444 0.058261
42403 2.0001887 4.7166474 -0.035315 0.169982 -0.159029
42409 2.0001887 4.7159801 -0.094491 0.199156 -0.190017
42411 13.008512 4.7157577 -0.006777 0.058842 0.046971
42429 6.0016974 4.7137571 0.230036 0.183139 0.159621
42433 2.0001886 4.7133128 -0.252795 0.170764 -0.165979
42447 6.0016967 4.7117582 -0.066864 0.111909 -0.106762
42451 2.0001885 4.7113142 0.004620 0.123874 -0.111110
42457 2.0001884 4.7106484 -0.078964 0.049497 0.020197
42463 2.0001884 4.7099828 -0.106821 0.117170 -0.114307
42469 9.3394909 4.7093174 0.115385 0.059185 0.043825
42487 2.0001883 4.7073222 -0.118591 0.197641 -0.189827
42499 2.0001883 4.7059931 0.181501 0.155875 0.143050
42501 13.899436 4.7057716 -0.180211 0.217885 -0.209621
42511 9.3394848 4.7046647 -0.124444 0.074887 -0.068576
42519 6.0016938 4.7037795 -0.241418 0.165648 -0.161458
42523 5.7848519 4.7033370 0.018665 0.066442 0.058306
42541 5.0757345 4.7013469 0.005840 0.050067 0.040423
42547 4.1660669 4.7006839 -0.156326 0.142029 -0.140392
42553 9.3394787 4.7000212 -0.093315 0.053928 -0.049229
42571 2.0001879 4.6980339 -0.249495 0.244242 -0.231468
42577 2.0001879 4.6973718 -0.053112 0.193978 -0.180882
42583 4.2104066 4.6967100 0.257058 0.217787 0.203957
42589 2.0001879 4.6960483 -0.203113 0.152874 -0.150210
42591 6.0016910 4.6958278 -0.145183 0.207921 -0.200194
42609 28.055309 4.6938440 -0.112448 0.079055 -0.071516
42613 4.4281298 4.6934034 -0.137825 0.176473 -0.167946
42627 17.397000 4.6918620 -0.195273 0.223476 -0.212058
42637 9.3394666 4.6907615 0.032212 0.022003 -0.005950
42643 2.0001876 4.6901015 -0.017986 0.076776 -0.055622
42649 2.0001876 4.6894417 -0.066704 0.050861 0.026450
42661 4.5004615 4.6881226 -0.206409 0.259147 -0.244978
42663 6.0016881 4.6879029 0.038254 0.076778 0.066004
42667 2.0001875 4.6874634 0.002640 0.076416 0.065307
42673 4.1728884 4.6868043 0.029147 0.046812 -0.015385
42697 2.0001874 4.6841698 -0.083757 0.172760 -0.163516
42699 13.392614 4.6839504 -0.053917 0.052089 -0.043328
42703 2.0001874 4.6835117 -0.187956 0.243977 -0.232033
42709 2.0001873 4.6828537 -0.066783 0.039932 0.014490
42727 2.0001873 4.6808809 0.001737 0.055300 -0.026814
42733 4.1677517 4.6802237 0.090315 0.085077 0.074328
42739 4.2447176 4.6795667 -0.182498 0.243217 -0.231055
42751 2.0001871 4.6782531 0.279758 0.246427 0.230736
42753 6.0016846 4.6780343 -0.298571 0.277129 -0.262060
42769 5.0756861 4.6762842 -0.150390 0.109103 -0.106908
42787 2.0001870 4.6743170 -0.265732 0.272876 -0.258064
42793 2.0001870 4.6736616 0.168072 0.142545 0.127086
42799 4.1796919 4.6730064 -0.044667 0.091426 -0.079349
42807 15.281392 4.6721331 0.031876 0.059589 0.053134
42811 4.6059335 4.6716965 -0.033561 0.073066 -0.064978
42829 2.0001868 4.6697331 -0.115892 0.153830 -0.146158
42841 2.0001868 4.6684251 0.123888 0.096869 0.064954
42843 6.0016810 4.6682072 -0.102143 0.200002 -0.191243
42847 9.3394365 4.6677714 -0.073825 0.052556 -0.050460
42853 2.0001867 4.6671178 -0.114203 0.111226 -0.109795
42859 2.0001867 4.6664645 0.078298 0.062093 0.053540
42861 83.003631 4.6662467 -0.039799 0.031018 -0.029475
42871 4.4280218 4.6651583 -0.159913 0.207212 -0.199825
42879 6.0016796 4.6642879 -0.094101 0.180625 -0.170378
42883 12.158923 4.6638528 -0.139269 0.115545 -0.113169
42897 12.925650 4.6623307 0.002924 0.085854 -0.062336
42901 2.0001865 4.6618960 -0.011962 0.061333 0.048623
42913 5.7847875 4.6605924 -0.137419 0.200573 -0.190656
42931 9.3394246 4.6586383 -0.132515 0.091219 -0.082478
42937 2.0001863 4.6579873 -0.147083 0.137324 -0.135526
42943 2.0001863 4.6573365 -0.069194 0.043350 0.016133
42951 12.854770 4.6564690 -0.224459 0.158146 -0.154635
42961 2.0001862 4.6553851 0.051319 0.077855 0.068299
42967 2.0001862 4.6547350 -0.119653 0.130471 -0.128084
42969 6.0016761 4.6545184 -0.279276 0.266991 -0.253164
42979 2.0001862 4.6534354 -0.220623 0.161774 -0.158306
42991 5.7847748 4.6521365 -0.197333 0.219569 -0.208570
42997 12.309036 4.6514873 -0.030251 0.106261 -0.098957
43003 2.0001861 4.6508383 -0.089971 0.045509 0.008929
43023 6.0016740 4.6486763 0.030091 0.050445 -0.009543
43039 4.1592617 4.6469481 -0.017455 0.108608 -0.101096
43041 6.0016733 4.6467322 -0.007514 0.040366 0.031484
43051 2.0001858 4.6456528 -0.201821 0.159809 -0.157049
43057 9.3394068 4.6450055 -0.141692 0.089386 -0.080638
43059 13.897846 4.6447897 0.121585 0.107721 0.093892
43063 2.0001858 4.6443583 -0.037083 0.049786 -0.038070
43069 5.7847621 4.6437113 0.197815 0.182849 0.169462
43081 4.2805972 4.6424178 -0.289618 0.269842 -0.255379
43093 2.0001857 4.6411250 -0.110479 0.121144 -0.119317
43111 5.0756144 4.6391872 0.136661 0.125827 0.110251
43113 28.054661 4.6389720 0.003047 0.028172 -0.025498
43117 2.0001856 4.6385416 -0.290839 0.271733 -0.257087
43141 9.3393949 4.6359612 0.108050 0.089121 0.083013
43147 5.7847495 4.6353165 -0.016948 0.072646 -0.057394
43149 15.280744 4.6351016 -0.084641 0.112425 -0.108977
43159 2.0001854 4.6340277 -0.259950 0.247792 -0.234352
43167 6.0016684 4.6331689 0.206301 0.194200 0.181295
43177 2.0001853 4.6320958 -0.245662 0.168412 -0.163882
43183 21.871732 4.6314522 0.111525 0.067985 0.054381
43189 2.0001852 4.6308088 0.052355 0.088357 -0.035908
43201 2.0001852 4.6295225 -0.107128 0.224264 -0.210523
43203 6.0016670 4.6293081 -0.183043 0.128210 -0.125537
43207 2.0001852 4.6288796 -0.198598 0.249290 -0.235134
43213 4.2443708 4.6282369 -0.087687 0.044835 0.008405
43221 6.0016663 4.6273802 -0.176652 0.198527 -0.188391
43237 2.0001850 4.6256678 -0.025669 0.063823 0.049192
43249 4.3049894 4.6243844 -0.092128 0.217865 -0.204014
43257 6.0016649 4.6235291 -0.088649 0.146621 -0.138749
43261 2.0001849 4.6231016 0.148477 0.113970 0.005206
43273 4.1946444 4.6218196 -0.202450 0.148535 -0.145738
43291 2.0001848 4.6198979 -0.252273 0.255651 -0.242289
43293 6.0016635 4.6196845 0.093887 0.095944 0.082934
43303 5.7847243 4.6186176 -0.023640 0.076149 -0.061936
43311 6.0016629 4.6177645 0.029985 0.067577 0.059137
43321 2.0001847 4.6166986 0.007083 0.042367 0.032419
43327 4.5002207 4.6160593 -0.100395 0.189923 -0.179409
43339 5.0755673 4.6147811 0.111643 0.116767 0.104150
43347 6.0016615 4.6139295 -0.258828 0.271644 -0.256328
43363 4.2015357 4.6122270 -0.004439 0.036308 0.025970
43369 4.6057613 4.6115889 -0.291917 0.268569 -0.253475
43383 6.0016601 4.6101007 -0.152597 0.233466 -0.220989
43387 4.4278097 4.6096757 -0.028835 0.049917 -0.035459
43393 9.3393597 4.6090383 -0.118586 0.072774 -0.066484
43399 2.0001844 4.6084011 -0.215244 0.164662 -0.161285
43411 2.0001843 4.6071272 -0.120428 0.153905 -0.146152
43437 6.0016580 4.6043695 -0.066422 0.044770 0.019431
43441 2.0001842 4.6039456 -0.125123 0.129639 -0.127739
43453 5.0755439 4.6026742 -0.062926 0.123213 -0.116240
43459 5.7846993 4.6020387 -0.123876 0.170699 -0.161689
43473 13.389697 4.6005567 -0.179146 0.205842 -0.194847
43477 9.3393480 4.6001334 -0.083645 0.073549 -0.068915
43489 4.1647155 4.5988641 -0.001595 0.056249 0.044857
43491 73.635556 4.5986526 0.173112 0.129300 0.119570
43507 4.1718327 4.5969614 -0.060632 0.039623 0.016099
43509 6.0016553 4.5967501 -0.155104 0.231026 -0.218720
43519 9.3393422 4.5956938 -0.098008 0.080203 -0.074046
43543 2.0001837 4.5931608 -0.051421 0.135846 -0.127229
43563 17.395627 4.5910520 0.168037 0.163685 0.152234
43567 5.0755206 4.5906305 -0.178490 0.133248 -0.130890
43573 2.0001836 4.5899984 0.062601 0.081837 0.070343
43579 2.0001836 4.5893664 -0.101293 0.178264 -0.171120
43581 12.956076 4.5891558 -0.121127 0.128623 -0.127157
43591 2.0001835 4.5881030 0.073521 0.059012 0.050804
43597 2.0001835 4.5874716 -0.146525 0.122343 -0.120740
43599 6.0016519 4.5872612 -0.174250 0.211674 -0.203935
43603 9.3393307 4.5868404 -0.054955 0.044118 -0.043263
43609 2.0001835 4.5862093 0.143864 0.102489 0.065068
43617 68.378601 4.5853681 -0.035308 0.044585 -0.042958
43621 4.1594317 4.5849476 -0.089759 0.136528 -0.129966
43627 2.0001834 4.5843171 -0.251320 0.252490 -0.239961
43633 2.0001834 4.5836867 -0.053744 0.040029 0.014521
43651 2.0001833 4.5817965 -0.064329 0.097496 -0.087715
43653 6.0016498 4.5815866 -0.211215 0.159928 -0.156930
43669 2.0001832 4.5799079 -0.155388 0.223977 -0.213258
43671 6.0016491 4.5796982 -0.012855 0.063030 0.050271
43689 6.0016485 4.5778113 -0.003044 0.055654 0.043886
43693 5.7846622 4.5773923 -0.082449 0.098010 -0.094670
43711 2.0001830 4.5755073 -0.263494 0.270074 -0.254767
43717 2.0001830 4.5748793 0.084010 0.076895 0.066618
43729 9.3393134 4.5736239 -0.011643 0.024378 -0.022036
43743 28.053872 4.5721601 0.003417 0.035884 -0.030498
43753 2.0001829 4.5711151 -0.153342 0.198026 -0.187091
43759 2.0001828 4.5704884 0.079493 0.094390 0.083001
43777 2.0001828 4.5686091 -0.017009 0.052296 -0.041909
43779 6.0016451 4.5684004 -0.157892 0.137363 -0.135480
43783 2.0001827 4.5679830 0.030179 0.090861 0.080344
43789 2.0001827 4.5673571 -0.181912 0.240943 -0.228707
43797 17.395293 4.5665228 0.095223 0.105575 0.094867
43801 2.0001827 4.5661058 -0.050941 0.042934 0.022888
43833 15.279477 4.5627723 -0.013294 0.083179 -0.062859
43849 5.7846377 4.5611074 -0.140242 0.116322 -0.114478
43867 2.0001824 4.5592359 0.090907 0.112718 0.103244
43869 28.053717 4.5590280 0.116908 0.079529 0.068642
43873 4.2602384 4.5586124 -0.056638 0.172094 -0.161689
43887 6.0016410 4.5571582 -0.285156 0.271111 -0.255741
43891 2.0001823 4.5567428 -0.036120 0.096007 -0.084618
43897 9.3392905 4.5561200 -0.153732 0.090612 -0.080808
43903 4.4276026 4.5554973 -0.046231 0.090061 -0.082905
43909 5.0754515 4.5548749 0.010377 0.056864 0.047007
43927 13.772918 4.5530084 0.092426 0.094351 0.085785
43933 2.0001821 4.5523866 0.047063 0.051491 -0.005780
43939 9.3392848 4.5517649 -0.162425 0.095243 -0.084436
43941 12.856704 4.5515578 -0.049869 0.039529 0.019648
43951 2.0001820 4.5505222 0.152472 0.136425 0.124693
43959 6.0016383 4.5496940 0.004267 0.042362 -0.014514
43963 2.0001820 4.5492801 -0.109431 0.186906 -0.179246
43969 2.0001820 4.5486593 0.130626 0.130131 0.115947
43981 20.783744 4.5474182 0.048259 0.023630 0.015953
43987 2.0001819 4.5467979 -0.070384 0.105816 -0.099866
44017 2.0001818 4.5436990 -0.188974 0.144147 -0.141607
44023 23.933673 4.5430798 -0.056347 0.051247 -0.048299
44029 2.0001817 4.5424607 -0.160307 0.144439 -0.142535
44031 17.394963 4.5422543 -0.083969 0.079983 -0.076758
44041 2.0001817 4.5412230 -0.107452 0.187664 -0.180636
44049 6.0016350 4.5403982 -0.032247 0.037561 0.019825
44053 2.0001816 4.5399859 -0.071333 0.042341 0.013883
44059 2.0001816 4.5393677 0.033705 0.091054 -0.059267
44067 13.591487 4.5385436 0.082622 0.097839 0.085432
44071 2.0001815 4.5381317 -0.170531 0.126609 -0.124340
44083 5.7846013 4.5368963 -0.167731 0.189609 -0.179638
44089 2.0001815 4.5362789 -0.107436 0.147823 -0.140500
44101 2.0001814 4.5350446 -0.106114 0.118219 -0.115138
44103 13.058850 4.5348389 0.081875 0.054086 -0.033591
44107 9.3392621 4.5344276 -0.071797 0.063183 -0.060141
44113 4.6055386 4.5338109 -0.166052 0.140463 -0.138507
44119 2.0001813 4.5331943 0.078689 0.082267 0.070612
44131 2.0001813 4.5319617 -0.269438 0.247306 -0.233120
44139 6.0016317 4.5311403 -0.208768 0.230730 -0.220481
44161 13.420247 4.5288830 0.159234 0.131101 0.119604
44173 4.1620616 4.5276526 -0.198113 0.221308 -0.211809
44179 2.0001811 4.5270377 0.099803 0.114089 0.104395
44193 6.0016297 4.5256036 0.230720 0.205693 0.190091
44197 4.1572722 4.5251940 -0.043705 0.089694 -0.076667
44203 2.0001810 4.5245798 0.065458 0.080361 0.068556
44211 6.0016290 4.5237611 -0.037088 0.105503 -0.096053
44221 2.0001809 4.5227381 -0.007241 0.053987 0.041087
44257 2.0001808 4.5190591 -0.187684 0.221555 -0.209459
44263 2.0001808 4.5184466 0.017996 0.043636 0.035723
44269 2.0001807 4.5178342 -0.193634 0.151653 -0.148989
44281 2.0001807 4.5166098 0.012414 0.086673 -0.057467
44287 4.2798676 4.5159979 0.050359 0.083938 0.073257
44293 2.0001806 4.5153862 -0.087077 0.173127 -0.163012
44299 4.6054841 4.5147746 -0.254164 0.257179 -0.242218
44301 6.0016257 4.5145708 0.056649 0.079235 0.067248
44311 4.2599563 4.5135519 -0.048867 0.055784 -0.048196
44317 27.186259 4.5129409 -0.072382 0.043449 -0.038823
44323 4.1779663 4.5123299 0.097033 0.072306 0.033660
44329 4.2088822 4.5117192 0.028907 0.067146 0.056718
44337 6.0016244 4.5109051 -0.044627 0.054854 -0.045820
44347 4.3043848 4.5098879 0.038498 0.070535 0.061683
44359 9.3392284 4.5086679 -0.006418 0.025012 -0.021991
44371 2.0001803 4.5074486 0.084715 0.076531 0.065447
44373 28.053106 4.5072454 -0.154619 0.091870 -0.081841
44377 4.1566093 4.5068391 -0.275579 0.269584 -0.253672
44383 2.0001803 4.5062299 -0.276975 0.262309 -0.246844
44389 2.0001802 4.5056208 0.276095 0.229639 0.211390
44391 6.0016224 4.5054178 -0.254936 0.244692 -0.232431
44401 9.3392228 4.5044031 0.137141 0.093896 0.081973
44419 4.4274003 4.5025777 -0.198739 0.241267 -0.228688
44431 4.1634221 4.5013617 0.052847 0.077941 0.065878
44437 4.4998354 4.5007539 0.100907 0.082504 -0.003451
44449 2.0001800 4.4995388 -0.091051 0.111192 -0.108378
44463 6.0016198 4.4981220 -0.024523 0.093203 -0.076497
44479 5.0753388 4.4965040 -0.014149 0.046431 -0.029765
44481 6.0016191 4.4963018 -0.154429 0.218082 -0.208304
44491 2.0001798 4.4952912 -0.177398 0.151458 -0.149018
44497 2.0001798 4.4946850 0.051923 0.060692 0.052903
44499 82.923829 4.4944830 -0.031240 0.031849 -0.030029
44527 9.3392061 4.4916567 0.039571 0.017827 0.008127
44533 2.0001797 4.4910516 -0.126255 0.129758 -0.127693
44553 6.0016165 4.4890355 0.091785 0.080646 0.069237
44563 2.0001795 4.4880282 -0.136269 0.112004 -0.109784
44569 9.3392006 4.4874240 -0.023157 0.035520 -0.033584
44581 4.1933921 4.4862161 -0.045731 0.039258 0.019043
44587 2.0001794 4.4856124 -0.172893 0.208184 -0.200366
44593 5.0753165 4.4850089 -0.096373 0.171469 -0.164920
44599 4.2004191 4.4844055 -0.008316 0.055396 0.042729
44607 6.0016145 4.4836012 -0.226830 0.241498 -0.229034
44611 9.3391951 4.4831992 -0.113521 0.085555 -0.077514
44617 2.0001793 4.4825963 -0.170550 0.146408 -0.144314
44623 2.0001793 4.4819936 0.213492 0.192070 0.176794
44629 5.7845177 4.4813910 -0.054925 0.140829 -0.133316
44641 2.0001792 4.4801864 -0.063639 0.043315 0.017937
44647 2.0001792 4.4795843 -0.152687 0.131297 -0.129493
44653 9.3391895 4.4789824 -0.068282 0.061654 -0.058673
44661 6.0016126 4.4781801 0.026103 0.054593 -0.020453
44677 4.4273009 4.4765763 -0.297388 0.267648 -0.251802
44683 2.0001791 4.4759752 0.053000 0.051774 0.043640
44701 2.0001790 4.4741728 -0.031594 0.053901 -0.042964
44707 14.967818 4.4735724 0.126679 0.127398 0.116955
44713 4.3041898 4.4729721 -0.064064 0.109581 -0.103838
44733 44.627011 4.4709722 -0.154063 0.182072 -0.172365
44749 4.2596797 4.4693736 0.287776 0.225852 0.202709
44751 28.052656 4.4691739 -0.116128 0.082226 -0.074786
44769 6.0016087 4.4673770 -0.115014 0.196004 -0.187592
44773 2.0001787 4.4669779 -0.204765 0.155833 -0.152866
44779 9.3391731 4.4663793 0.168757 0.124248 0.113881
44787 6.0016080 4.4655815 -0.027550 0.074964 -0.066060
44797 2.0001786 4.4645847 -0.253156 0.255579 -0.241596
44809 2.0001786 4.4633891 0.049852 0.052987 0.044669
44821 23.928462 4.4621941 0.053765 0.029022 0.005447
44823 12.994999 4.4619950 0.082572 0.101721 0.089724
44839 2.0001784 4.4604028 -0.141214 0.219420 -0.207287
44841 6.0016061 4.4602038 -0.215231 0.162674 -0.159047
44851 2.0001784 4.4592094 -0.053832 0.038770 0.016456
44857 4.6053233 4.4586129 0.090467 0.071889 0.012577
44859 15.277650 4.4584141 -0.253227 0.246597 -0.232548
44877 28.052508 4.4566259 -0.027455 0.023011 -0.021709
44881 4.4996867 4.4562287 -0.267244 0.263549 -0.247718
44887 2.0001782 4.4556330 -0.196269 0.239496 -0.226875
44893 2.0001782 4.4550375 0.081648 0.112580 0.101793
44911 4.2084007 4.4532520 -0.162687 0.145270 -0.143168
44917 2.0001781 4.4526571 0.034259 0.048401 0.040324
44941 5.7844708 4.4502793 -0.138178 0.113709 -0.111617
44947 9.3391512 4.4496852 0.064088 0.051093 0.045529
44949 6.0016022 4.4494872 0.041750 0.056362 0.048018
44953 2.0001780 4.4490913 -0.183959 0.148323 -0.145727
44959 2.0001780 4.4484975 0.011750 0.037015 0.026865
44967 17.393676 4.4477061 -0.067648 0.093302 -0.088609
44971 2.0001779 4.4473105 -0.138079 0.180919 -0.174281
44983 2.0001779 4.4461241 -0.036281 0.089505 -0.075283
44989 9.3391458 4.4455311 -0.156846 0.091967 -0.081526
45003 28.052361 4.4441482 -0.024059 0.028207 -0.026922
45007 2.0001778 4.4437532 -0.189617 0.199715 -0.188511
45013 2.0001777 4.4431609 0.012804 0.080644 -0.073763
45019 5.7844592 4.4425687 0.019703 0.069031 0.059363
45021 13.384169 4.4423713 -0.145913 0.209275 -0.199083
45039 6.0015990 4.4405959 -0.047408 0.056251 -0.048374
45043 4.6052706 4.4402016 0.024796 0.050382 0.042083
45049 5.0752288 4.4396102 -0.227393 0.231735 -0.219725
45061 2.0001776 4.4384279 0.058786 0.079005 0.066360
45079 4.3039981 4.4366556 -0.133059 0.127178 -0.125236
45091 4.2794030 4.4354749 0.019316 0.071674 -0.063370
45093 6.0015971 4.4352782 -0.188478 0.148350 -0.145660
45097 5.7844477 4.4348848 -0.174662 0.198014 -0.187307
45109 4.2430570 4.4337050 -0.211555 0.155533 -0.152157
45121 2.0001773 4.4325259 -0.014793 0.071482 -0.061163
45127 2.0001773 4.4319365 0.005089 0.055818 0.043692
45139 2.0001772 4.4307583 -0.129535 0.196411 -0.188361
45151 4.1607114 4.4295807 -0.142649 0.140135 -0.137970
45157 9.3391241 4.4289922 -0.054662 0.050609 -0.048873
45163 5.0752072 4.4284038 -0.149169 0.117312 -0.115253
45181 2.0001771 4.4266395 -0.078300 0.143654 -0.135502
45183 6.0015939 4.4264436 0.010856 0.041649 0.030670
45187 4.2594085 4.4260517 0.068988 0.090156 0.080424
45193 4.4271055 4.4254641 -0.134795 0.123293 -0.121607
45201 46.992593 4.4246809 0.061162 0.087739 0.078952
45217 4.1998839 4.4231152 -0.136732 0.181703 -0.175001
45219 6.0015927 4.4229196 -0.132571 0.134370 -0.132265
45229 4.6052183 4.4219417 0.059761 0.065249 0.056306
45247 2.0001768 4.4201826 -0.041882 0.056599 -0.048918
45259 2.0001768 4.4190106 -0.082593 0.136693 -0.130084
45273 6.0015908 4.4176441 0.001470 0.066031 -0.060388
45277 5.0751857 4.4172538 -0.057856 0.101637 -0.096420
45283 9.3391080 4.4166685 -0.140023 0.082967 -0.074405
45289 2.0001767 4.4160834 -0.004410 0.085628 -0.065219
45291 13.891879 4.4158884 -0.161638 0.140297 -0.138180
45307 2.0001766 4.4143289 -0.184648 0.228388 -0.217103
45319 2.0001765 4.4131600 -0.115371 0.094901 -0.092891
45337 2.0001765 4.4114079 0.210210 0.191995 0.174984
45343 2.0001764 4.4108242 -0.264431 0.245851 -0.233026
45361 2.0001764 4.4090739 -0.200204 0.152831 -0.149802
45363 6.0015876 4.4088795 -0.059929 0.121609 -0.116189
45367 9.3390973 4.4084908 0.100347 0.048389 0.017625
45381 28.051924 4.4071307 -0.080230 0.066030 -0.062269
45391 5.0751642 4.4061598 -0.222293 0.233435 -0.220701
45399 13.587430 4.4053834 -0.173491 0.199622 -0.192003
45403 2.0001762 4.4049953 -0.034201 0.055704 -0.047291
45409 27.180845 4.4044132 -0.033789 0.027471 -0.026039
45417 6.0015857 4.4036374 -0.194709 0.156870 -0.153799
45427 2.0001761 4.4026680 -0.200400 0.222565 -0.211922
45433 2.0001761 4.4020866 -0.087598 0.160631 -0.151431
45439 2.0001761 4.4015053 -0.057983 0.040558 0.016187
45451 21.141229 4.4003432 0.018206 0.022826 -0.013207
45453 12.826243 4.4001496 0.008390 0.039059 0.028860
45481 2.0001759 4.3974407 0.316944 0.245758 0.222680
45487 5.7843904 4.3968606 -0.070003 0.093648 -0.089061
45493 20.705695 4.3962807 0.034775 0.036333 0.033127
45523 2.0001758 4.3933836 0.117759 0.100467 0.085086
45541 2.0001757 4.3916471 -0.039004 0.105301 -0.095433
45547 4.4994690 4.3910686 0.138425 0.130436 0.118428
45553 2.0001756 4.3904902 -0.277747 0.257733 -0.242873
45561 6.0015807 4.3897193 -0.052699 0.039487 0.014677
45571 4.1546211 4.3887560 -0.020098 0.051372 -0.037811
45579 6.0015801 4.3879857 0.009861 0.056752 0.044558
45583 4.2427458 4.3876006 -0.097347 0.115027 -0.111440
45589 2.0001755 4.3870232 0.010510 0.040703 0.031244
45597 6.0015795 4.3862535 -0.024368 0.053374 -0.040493
45601 4.6051150 4.3858687 -0.134449 0.184675 -0.177460
45613 2.0001754 4.3847149 -0.162434 0.137872 -0.135606
45631 2.0001753 4.3829853 -0.041141 0.041000 0.022083
45643 5.7843678 4.3818329 -0.105214 0.164770 -0.155672
45651 6.0015776 4.3810650 -0.239870 0.248396 -0.234685
45667 2.0001752 4.3795301 -0.121583 0.130463 -0.128174
45669 17.392745 4.3793383 -0.126994 0.112603 -0.110587
45673 2.0001752 4.3789547 -0.023557 0.045628 0.030344
45687 12.843348 4.3776129 -0.007242 0.043927 0.030399
45691 2.0001751 4.3772297 0.087130 0.113631 0.102010
45697 2.0001751 4.3766549 -0.045885 0.106877 -0.098003
45703 9.3390549 4.3760803 -0.095008 0.066724 -0.061638
45709 4.4269146 4.3755059 -0.144249 0.127806 -0.125970
45721 5.7843565 4.3743575 -0.232260 0.222081 -0.208961
45723 6.0015751 4.3741662 -0.118488 0.125107 -0.123034
45741 12.907513 4.3724449 -0.109623 0.142881 -0.135550
45751 2.0001749 4.3714891 -0.196230 0.156048 -0.152946
45757 2.0001749 4.3709159 0.167015 0.124471 0.104458
45759 28.051494 4.3707249 -0.118336 0.071716 -0.064176
45763 2.0001748 4.3703429 -0.175671 0.205708 -0.197696
45769 4.4993979 4.3697699 -0.213253 0.213821 -0.203843
45777 6.0015733 4.3690063 -0.212684 0.213684 -0.203917
45787 21.846246 4.3680521 -0.134446 0.079736 -0.071059
45811 4.3036239 4.3657637 -0.243797 0.233938 -0.222395
45813 6.0015720 4.3655731 0.109381 0.119818 0.108000
45817 2.0001746 4.3651920 -0.044113 0.038597 0.015539
45823 2.0001746 4.3646204 -0.050279 0.115580 -0.108693
45829 9.3390392 4.3640490 -0.081327 0.048219 -0.042086
45831 6.0015714 4.3638585 0.178450 0.175977 0.160647
45841 2.0001745 4.3629066 0.067455 0.079882 0.066404
45853 2.0001745 4.3617648 -0.183742 0.228221 -0.216461
45867 6.0015702 4.3604334 -0.147781 0.192825 -0.185161
45871 9.3390339 4.3600532 0.104704 0.062856 0.054214
45877 5.7843341 4.3594830 -0.126821 0.109337 -0.107325
45889 4.1922119 4.3583430 -0.178433 0.183579 -0.174448
45921 6.0015683 4.3553059 -0.037625 0.100031 -0.090082
45939 6.0015677 4.3535993 0.097870 0.094750 0.078913
45943 2.0001741 4.3532203 -0.026553 0.041755 0.024969
45949 2.0001741 4.3526519 -0.043912 0.056830 -0.049350
45957 6.0015671 4.3518942 0.175012 0.137553 0.122745
45967 4.4268208 4.3509474 -0.013699 0.057168 0.042903
45973 4.6050134 4.3503796 -0.266156 0.247890 -0.232269
45979 2.0001740 4.3498119 -0.214943 0.244019 -0.230297
45993 6.0015659 4.3484878 -0.265406 0.232909 -0.218427
45997 9.3390183 4.3481097 0.103533 0.058302 0.033755
46009 4.1688979 4.3469756 0.022584 0.043795 0.034455
46021 2.0001738 4.3458421 -0.213794 0.220294 -0.208017
46027 2.0001738 4.3452756 0.196069 0.182684 0.166503
46029 12.988783 4.3450868 -0.319275 0.268621 -0.251091
46033 5.7843119 4.3447092 0.008996 0.054509 -0.035506
46039 9.3390131 4.3441430 0.108687 0.071609 0.061061
46047 6.0015640 4.3433883 -0.214575 0.157969 -0.154372
46051 2.0001737 4.3430110 0.023924 0.049310 0.039401
46063 4.2588817 4.3418796 -0.289265 0.256574 -0.240709
46083 6.0015628 4.3399952 0.105430 0.090097 0.078808
46093 2.0001736 4.3390537 -0.021119 0.036696 0.018845
46099 2.0001736 4.3384889 -0.237529 0.243361 -0.230109
46111 5.7843008 4.3373598 0.153735 0.123284 0.107050
46119 6.0015616 4.3366075 -0.273039 0.251788 -0.235820
46129 4.1594193 4.3356674 -0.176853 0.150687 -0.148136
46141 2.0001734 4.3345398 -0.315736 0.264975 -0.247607
46147 2.0001734 4.3339762 -0.057383 0.127783 -0.122993
46153 2.0001734 4.3334128 0.181493 0.140008 0.117439
46159 4.6049632 4.3328495 -0.169011 0.136927 -0.134512
46171 2.0001733 4.3317234 -0.164507 0.141177 -0.138826
46173 6.0015598 4.3315357 -0.020660 0.095770 -0.080755
46177 4.3034412 4.3311605 -0.051959 0.040850 0.018045
46183 2.0001732 4.3305978 -0.083490 0.124111 -0.117676
46209 12.940979 4.3281612 0.204890 0.180621 0.164238
46213 4.4992576 4.3277866 -0.085703 0.126862 -0.122785
46219 2.0001731 4.3272247 -0.058603 0.039899 0.014461
46227 15.275341 4.3264759 -0.183439 0.141111 -0.138341
46237 2.0001730 4.3255402 -0.018368 0.050340 0.035349
46249 9.3389873 4.3244178 -0.113330 0.074886 -0.067770
46261 2.0001729 4.3232961 0.336121 0.277762 0.253621
46263 28.050932 4.3231092 -0.016474 0.012962 -0.012073
46267 5.7842788 4.3227354 -0.152715 0.177622 -0.169643
46273 2.0001729 4.3221749 -0.109411 0.135777 -0.129882
46279 2.0001729 4.3216146 0.016332 0.048505 0.037770
46281 6.0015561 4.3214278 -0.283958 0.243098 -0.227645
46297 4.2787366 4.3199343 -0.184993 0.149780 -0.147121
46303 5.0749966 4.3193746 0.265494 0.205897 0.182230
46309 2.0001728 4.3188149 -0.197111 0.211672 -0.202837
46317 6.0015549 4.3180690 0.081159 0.058475 0.047085
46327 2.0001727 4.3171369 -0.139072 0.138783 -0.136665
46333 9.3389771 4.3165778 -0.120343 0.069103 -0.060868
46351 2.0001726 4.3149015 -0.132745 0.148336 -0.140520
46353 6.0015537 4.3147153 -0.132566 0.127508 -0.125282
46357 4.1630857 4.3143430 -0.305674 0.263125 -0.246453
46381 2.0001725 4.3121106 0.090130 0.093640 -0.033212
46399 2.0001724 4.3104377 -0.199882 0.236503 -0.223429
46407 13.889113 4.3096947 -0.161669 0.197930 -0.189893
46411 2.0001724 4.3093232 -0.188728 0.143941 -0.141090
46417 23.918583 4.3087662 0.103295 0.072664 0.064089
46423 5.7842569 4.3082093 -0.108034 0.098966 -0.096851
46441 2.0001723 4.3065395 -0.251924 0.254034 -0.238773
46447 2.0001723 4.3059832 0.037513 0.055634 0.045937
46459 9.3389618 4.3048710 0.128386 0.075695 0.056333
46471 2.0001722 4.3037593 -0.044536 0.039246 0.018388
46477 2.0001721 4.3032037 -0.234751 0.245187 -0.231149
46479 6.0015495 4.3030186 -0.097312 0.121585 -0.118010
46489 2.0001721 4.3020930 0.217339 0.194010 0.176144
46507 2.0001720 4.3004279 0.009333 0.054433 -0.036892
46513 4.1535954 4.2998732 0.012613 0.061572 0.049018
46531 12.255078 4.2982098 0.002051 0.054338 0.042552
46533 6.0015477 4.2980251 -0.080137 0.121434 -0.116842
46543 20.737622 4.2971016 -0.021821 0.027093 -0.025771
46549 2.0001719 4.2965477 -0.202213 0.157203 -0.153859
46567 2.0001718 4.2948869 -0.198479 0.203220 -0.193483
46573 2.0001718 4.2943336 0.514184 0.388302 0.352489
46579 5.7842352 4.2937805 -0.079940 0.102658 -0.099516
46591 2.0001717 4.2926746 -0.147931 0.124992 -0.122800
46609 4.1755918 4.2910168 -0.256476 0.235090 -0.222832
46623 6.0015447 4.2897282 -0.309125 0.269109 -0.251089
46627 9.3389415 4.2893602 -0.088954 0.063124 -0.058840
46633 2.0001716 4.2888084 -0.146157 0.142089 -0.139820
46639 2.0001715 4.2882566 -0.040881 0.038387 0.015985
46641 28.050519 4.2880727 0.166050 0.095172 0.075806
46657 13.513486 4.2866022 0.079585 0.094127 0.083665
46659 12.824572 4.2864185 -0.176619 0.230459 -0.217124
46663 2.0001715 4.2860510 -0.030440 0.056116 -0.048182
46677 6.0015429 4.2847655 -0.018958 0.054330 -0.042700
46681 2.0001714 4.2843984 0.096367 0.075549 0.062005
46687 2.0001714 4.2838478 -0.196593 0.194092 -0.182902
46711 9.3389314 4.2816467 -0.033263 0.037795 -0.035876
46723 2.0001712 4.2805471 0.071892 0.081016 0.066943
46731 13.583606 4.2798143 -0.137650 0.135551 -0.133313
46741 4.4265454 4.2788986 0.218792 0.186386 0.168245
46747 2.0001711 4.2783494 -0.168213 0.128892 -0.126594
46749 6.0015405 4.2781664 -0.324348 0.268939 -0.250877
46753 9.3389263 4.2778004 -0.092045 0.061599 -0.054908
46771 2.0001711 4.2761540 -0.169854 0.186277 -0.178997
46803 6.0015388 4.2732303 -0.048185 0.098565 -0.087938
46807 2.0001709 4.2728652 0.184358 0.173671 0.157043
46819 2.0001709 4.2717700 -0.141479 0.149063 -0.141256
46821 6.0015382 4.2715875 0.207376 0.163866 0.146521
46831 2.0001708 4.2706754 0.008292 0.068040 -0.049666
46837 9.3389163 4.2701283 0.037651 0.031356 -0.017403
46839 17.391256 4.2699460 0.182699 0.161406 0.145988
46843 4.1679902 4.2695814 -0.214108 0.158506 -0.154766
46857 6.0015370 4.2683057 -0.141289 0.124850 -0.123050
46861 2.0001707 4.2679414 -0.255121 0.223828 -0.210054
46867 2.0001707 4.2673950 0.019661 0.041467 0.031125
46873 5.0748951 4.2668487 -0.165496 0.138057 -0.135569
46879 21.402271 4.2663026 -0.105922 0.061030 -0.054367
46891 5.7841922 4.2652108 0.042445 0.070570 0.060425
46909 4.3030845 4.2635742 0.073979 0.071566 0.059196
46911 15.274237 4.2633924 -0.101966 0.125770 -0.119832
46921 9.3389063 4.2624837 -0.129168 0.077183 -0.069451
46929 6.0015346 4.2617571 -0.200232 0.157451 -0.153989
46933 2.0001705 4.2613939 0.076008 0.082294 0.067199
46939 4.2583747 4.2608492 -0.319033 0.265338 -0.247273
46947 6.0015340 4.2601231 0.020973 0.058214 0.045313
46957 2.0001704 4.2592159 -0.201443 0.153813 -0.150494
46963 9.3389013 4.2586717 0.116221 0.068524 0.057669
46969 5.7841815 4.2581277 -0.021339 0.062505 -0.054543
46983 6.0015329 4.2568589 -0.083611 0.088229 -0.085827
46987 5.0748751 4.2564965 -0.255338 0.237626 -0.223060
46993 2.0001703 4.2559530 0.015689 0.041421 0.030778
46999 4.4264557 4.2554097 -0.198600 0.151878 -0.148672
47001 6.0015323 4.2552286 -0.097447 0.141022 -0.133430
47017 2.0001702 4.2537805 -0.008828 0.046808 0.032362
47019 28.050112 4.2535996 -0.028602 0.038910 -0.037406
47037 6.0015311 4.2519719 -0.146499 0.178715 -0.172581
47041 2.0001701 4.2516103 -0.011224 0.054161 -0.042036
47053 4.1517658 4.2505260 -0.025733 0.055168 -0.046128
47059 2.0001700 4.2499841 0.097769 0.115039 0.101924
47071 4.1983633 4.2489006 -0.193246 0.227230 -0.214144
47101 12.082989 4.2461943 0.085894 0.071392 0.060503
47119 2.0001698 4.2445723 0.230866 0.200153 0.180952
47131 9.3388815 4.2434915 0.142926 0.098962 0.088681
47137 2.0001697 4.2429514 -0.091850 0.114668 -0.110364
47143 2.0001697 4.2424114 0.151958 0.134495 0.119243
47149 2.0001697 4.2418715 -0.238507 0.240729 -0.226579
47161 2.0001696 4.2407922 0.146311 0.113482 0.092547
47163 12.899282 4.2406123 -0.279071 0.253264 -0.237495
47181 6.0015264 4.2389945 -0.092567 0.090086 -0.087993
47197 4.1910978 4.2375575 -0.117667 0.138530 -0.131669
47199 6.0015258 4.2373779 0.010121 0.048503 0.036090
47203 5.7841497 4.2370188 0.096837 0.096632 0.083779
47217 6.0015253 4.2357625 0.029649 0.061157 0.048155
47221 2.0001694 4.2354037 -0.199271 0.156556 -0.153090
47239 4.2065941 4.2337899 -0.134304 0.189305 -0.181542
47251 2.0001693 4.2327147 -0.115315 0.118824 -0.115501
47253 15.273697 4.2325355 -0.204272 0.225322 -0.212159
47257 21.119267 4.2321772 0.071659 0.032793 0.020369
47263 4.1620325 4.2316400 -0.199302 0.156594 -0.153114
47269 2.0001693 4.2311028 -0.042223 0.040381 0.019371
47271 28.049844 4.2309238 -0.012161 0.027571 -0.026037
47281 5.7841392 4.2300290 -0.252737 0.222449 -0.207974
47287 2.0001692 4.2294922 0.472605 0.362039 0.327694
47293 2.0001692 4.2289557 -0.071567 0.106441 -0.100476
47307 17.390681 4.2277041 -0.081530 0.085355 -0.082580
47317 2.0001691 4.2268107 -0.157367 0.174573 -0.167930
47323 4.4989186 4.2262748 -0.152984 0.187847 -0.180554
47341 9.3388568 4.2246678 -0.126146 0.080105 -0.071672
47343 13.376563 4.2244894 0.117520 0.092927 0.075774
47353 2.0001690 4.2235972 0.308498 0.223260 0.198248
47359 5.7841287 4.2230621 -0.255187 0.222493 -0.207946
47361 6.0015206 4.2228838 -0.120582 0.126517 -0.124320
47371 4.1748518 4.2219924 0.127671 0.129229 0.114011
47389 2.0001688 4.2203887 -0.094284 0.109658 -0.105294
47397 67.194046 4.2196764 -0.120253 0.069401 -0.061312
47407 2.0001688 4.2187863 -0.231458 0.218581 -0.207522
47419 2.0001687 4.2177186 -0.079558 0.106535 -0.104044
47431 2.0001687 4.2166516 -0.006581 0.047245 -0.031296
47433 12.831000 4.2164738 -0.163652 0.130266 -0.128024
47451 6.0015177 4.2148743 -0.005672 0.046976 0.032553
47461 4.6046230 4.2139862 -0.115166 0.132434 -0.129850
47467 9.3388422 4.2134536 -0.061233 0.050672 -0.047715
47469 6.0015172 4.2132760 0.186339 0.173882 0.156162
47479 4.2415634 4.2123886 0.223196 0.158801 0.129759
47491 2.0001685 4.2113243 -0.251053 0.245687 -0.230934
47497 2.0001684 4.2107923 -0.028643 0.038317 0.017837
47503 4.2781042 4.2102604 -0.149730 0.119719 -0.117745
47521 2.0001684 4.2086656 0.265592 0.209668 0.185710
47523 68.023618 4.2084885 -0.016363 0.009962 -0.005514
47527 2.0001683 4.2081343 -0.331562 0.266439 -0.247777
47533 2.0001683 4.2076031 -0.220355 0.229492 -0.217146
47551 9.3388324 4.2060104 -0.003434 0.022789 -0.018449
47557 5.0747766 4.2054797 -0.008458 0.087494 -0.070056
47563 2.0001682 4.2049492 -0.028823 0.041706 0.023702
47569 2.0001682 4.2044188 -0.246738 0.243901 -0.229341
47577 6.0015137 4.2037119 0.078776 0.079400 0.064076
47581 2.0001681 4.2033585 0.011581 0.044859 0.032729
47593 27.170770 4.2022987 0.004592 0.010775 -0.006526
47599 2.0001681 4.2017689 0.101257 0.067879 0.024425
47623 2.0001680 4.1996514 -0.026402 0.044540 0.026664
47629 2.0001680 4.1991224 0.121805 0.086575 0.003766
47631 6.0015120 4.1989461 -0.224076 0.207240 -0.196715
47649 28.049448 4.1973599 -0.124603 0.077710 -0.070092
47653 2.0001679 4.1970075 -0.282062 0.247745 -0.231361
47659 2.0001679 4.1964792 -0.301014 0.251104 -0.235266
47667 6.0015109 4.1957749 -0.174647 0.160067 -0.150724
47671 14.946816 4.1954228 -0.093038 0.095464 -0.092892
47689 4.1978830 4.1938393 0.056253 0.077344 0.065021
47701 2.0001677 4.1927842 -0.303644 0.252513 -0.236360
47703 6.0015097 4.1926084 0.204258 0.184324 0.165442
47713 2.0001677 4.1917297 0.079052 0.072956 -0.013279
47721 6.0015091 4.1910270 0.021910 0.043299 0.032034
47737 2.0001676 4.1896223 -0.303584 0.255479 -0.238871
47739 6.0015086 4.1894468 -0.044952 0.099692 -0.089296
47743 2.0001676 4.1890958 -0.003012 0.052524 -0.048402
47749 5.7840768 4.1885694 0.117710 0.107952 0.093089
47757 6.0015080 4.1878677 -0.295900 0.257911 -0.240706
47761 9.3388082 4.1875170 -0.052410 0.048362 -0.046686
47767 4.4987874 4.1869910 -0.151260 0.136891 -0.134512
47779 2.0001675 4.1859394 -0.301039 0.245309 -0.228900
47791 2.0001674 4.1848884 0.167741 0.140032 0.119881
47797 2.0001674 4.1843630 -0.145971 0.129080 -0.127001
47803 9.3388034 4.1838378 -0.023524 0.034890 -0.033155
47809 2.0001673 4.1833128 -0.159661 0.146381 -0.143840
47811 6.0015063 4.1831378 -0.010483 0.095120 -0.078255
47833 4.6045292 4.1812138 0.261476 0.211225 0.188375
47851 4.1905638 4.1796410 -0.115476 0.124421 -0.122143
47857 2.0001672 4.1791170 0.180039 0.166264 0.148556
47869 2.0001671 4.1780693 -0.182058 0.195606 -0.187358
47881 2.0001671 4.1770222 -0.096648 0.128034 -0.124856
47887 9.3387938 4.1764988 -0.105342 0.068617 -0.062684
47899 5.0747186 4.1754525 0.306831 0.244709 0.219705
47901 28.049188 4.1752782 -0.033044 0.028241 -0.027811
47911 2.0001670 4.1744067 -0.156126 0.151946 -0.143414
47917 2.0001670 4.1738840 -0.005246 0.046554 0.031495
47919 6.0015029 4.1737098 -0.300714 0.247325 -0.230070
47947 2.0001669 4.1712724 -0.159551 0.185381 -0.178669
47953 4.2412825 4.1707505 -0.325993 0.257428 -0.239090
47959 4.1509467 4.1702287 0.048602 0.047891 0.036689
47973 6.0015012 4.1690117 0.301678 0.207968 0.174175
47977 2.0001668 4.1686642 0.130438 0.084245 0.027654
47983 5.7840460 4.1681429 0.040093 0.070328 0.059083
47989 4.4987227 4.1676217 -0.077826 0.119410 -0.113462
48007 4.3025700 4.1660591 -0.131575 0.136249 -0.133720
48009 17.389840 4.1658856 -0.104448 0.127000 -0.121271
48019 4.6044828 4.1650180 -0.011087 0.094076 -0.078306
48027 28.049058 4.1643242 -0.088188 0.067498 -0.062341
48031 4.4261064 4.1639774 -0.302592 0.245780 -0.228552
48049 2.0001665 4.1624175 -0.100050 0.113298 -0.109461
48061 5.7840359 4.1613782 -0.017709 0.058259 -0.047946
48063 13.579996 4.1612051 -0.124393 0.134126 -0.131514
48073 2.0001664 4.1603395 -0.343405 0.267553 -0.248133
48079 2.0001664 4.1598203 -0.237710 0.207631 -0.194655
48091 2.0001664 4.1587823 -0.038258 0.094796 -0.083740
48097 9.3387700 4.1582635 -0.018894 0.027725 -0.026226
48099 6.0014973 4.1580906 -0.026689 0.042463 0.024313
48109 2.0001663 4.1572263 -0.032160 0.040249 0.020211
48117 13.374192 4.1565351 -0.196931 0.152456 -0.149009
48121 2.0001663 4.1561896 -0.275825 0.231701 -0.216123
48133 4.1741355 4.1551534 0.033230 0.055475 -0.023724
48153 28.048930 4.1534276 -0.038619 0.027514 -0.026746
48157 2.0001661 4.1530826 -0.305336 0.258908 -0.241248
48163 2.0001661 4.1525652 -0.079157 0.143953 -0.136782
48171 6.0014950 4.1518756 -0.169986 0.153883 -0.144905
48181 9.3387605 4.1510139 0.033569 0.021527 -0.003650
48187 2.0001660 4.1504970 -0.191630 0.149949 -0.146756
48189 6.0014945 4.1503248 -0.098894 0.132902 -0.129387
48193 2.0001660 4.1499803 0.039363 0.046714 0.035293
48199 4.1587610 4.1494637 -0.195514 0.183581 -0.172961
48207 6.0014939 4.1487751 0.239849 0.180512 0.154643
48211 4.4986586 4.1484309 0.197620 0.178125 0.159023
48217 5.7840156 4.1479146 -0.055566 0.088441 -0.084256
48241 5.0746614 4.1458510 -0.193256 0.218467 -0.205374
48243 17.389565 4.1456792 -0.017955 0.080002 -0.067519
48247 2.0001658 4.1453355 -0.274605 0.223010 -0.207900
48253 4.2576490 4.1448200 0.114800 0.093164 0.074549
48259 2.0001658 4.1443047 -0.004325 0.084381 -0.067182
48261 6.0014923 4.1441329 -0.295100 0.251084 -0.234554
48271 2.0001657 4.1432744 -0.122634 0.131927 -0.129343
48289 4.4260214 4.1417300 -0.164627 0.150959 -0.142202
48307 20.653947 4.1401867 -0.138084 0.080959 -0.071766
48313 2.0001656 4.1396726 -0.086350 0.088878 -0.086839
48319 4.1497799 4.1391585 0.205448 0.137968 0.113264
48333 6.0014900 4.1379596 -0.038349 0.039996 0.018785
48337 2.0001655 4.1376171 0.081609 0.079538 0.063242
48349 9.3387416 4.1365902 -0.010473 0.025006 -0.023300
48391 21.823553 4.1329999 -0.051355 0.040683 -0.039391
48397 2.0001653 4.1324876 -0.039582 0.082803 -0.077497
48403 4.2057565 4.1319753 0.005107 0.046176 0.032201
48409 2.0001653 4.1314632 -0.225388 0.208847 -0.199196
48423 6.0014873 4.1302687 -0.262672 0.244143 -0.228886
48427 4.2410071 4.1299275 -0.014892 0.077543 -0.068644
48441 12.977296 4.1287339 0.006754 0.092429 -0.070428
48451 5.7839854 4.1278818 -0.219889 0.205541 -0.193036
48463 2.0001651 4.1268597 0.021525 0.051607 0.038156
48469 5.0746237 4.1263488 -0.150748 0.133103 -0.130663
48481 2.0001650 4.1253274 -0.203015 0.155094 -0.151409
48487 2.0001650 4.1248170 0.114614 0.098399 0.079896
48511 4.1662695 4.1227763 -0.083784 0.090135 -0.088053
48513 12.811250 4.1226063 -0.212222 0.202247 -0.193493
48523 2.0001649 4.1217567 0.058155 0.052221 0.002957
48529 5.7839754 4.1212471 0.101413 0.098343 0.085489
48531 28.048548 4.1210772 -0.034882 0.054077 -0.050498
48541 2.0001648 4.1202283 -0.227904 0.192787 -0.180418
48547 4.4259373 4.1197190 0.054915 0.065383 0.051422
48549 6.0014834 4.1195493 -0.053913 0.077754 -0.074329
48567 6.0014829 4.1180225 -0.125374 0.119015 -0.116518
48571 2.0001647 4.1176834 0.117494 0.101903 0.082772
48577 4.6043459 4.1171748 -0.288441 0.231308 -0.215223
48583 5.0746050 4.1166663 -0.180558 0.192480 -0.181156
48589 2.0001647 4.1161580 -0.000799 0.045558 0.030226
48607 5.7839655 4.1146337 -0.086775 0.105287 -0.102324
48619 2.0001646 4.1136181 -0.219676 0.195612 -0.185489
48621 15.271614 4.1134489 -0.148931 0.128537 -0.126069
48639 13.883965 4.1119266 -0.107473 0.113793 -0.107942
48643 9.3387089 4.1115885 -0.009746 0.027059 -0.024732
48649 2.0001645 4.1110814 0.009686 0.092171 -0.068766
48661 2.0001644 4.1100676 -0.129553 0.188170 -0.179215
48673 2.0001644 4.1090543 0.003481 0.041189 0.027252
48679 2.0001644 4.1085478 -0.028453 0.057695 -0.049920
48693 6.0014790 4.1073666 -0.086771 0.087837 -0.085739
48709 4.2775033 4.1060174 -0.223423 0.225344 -0.211646
48711 17.389023 4.1058488 0.151458 0.117084 0.100310
48727 9.3386996 4.1045006 -0.006302 0.024867 -0.021586
48729 13.578265 4.1043321 0.033541 0.061816 0.048895
48733 2.0001642 4.1039952 -0.106485 0.118776 -0.115168
48747 6.0014774 4.1028166 0.014103 0.087171 -0.063041
48751 2.0001641 4.1024799 -0.335564 0.261647 -0.242701
48757 2.0001641 4.1019751 0.194282 0.173892 0.154025
48769 9.3386950 4.1009658 0.154246 0.113067 0.101397
48781 2.0001640 4.0999570 0.002400 0.051730 0.036613
48787 2.0001640 4.0994527 -0.161823 0.198614 -0.186886
48799 2.0001640 4.0984446 0.089781 0.082502 0.065121
48801 6.0014757 4.0982767 -0.337933 0.262373 -0.243233
48811 23.904989 4.0974371 -0.056343 0.042033 -0.039950
48817 2.0001639 4.0969334 -0.070671 0.110885 -0.106298
48819 6.0014752 4.0967656 -0.153024 0.125259 -0.123049
48823 2.0001639 4.0964300 -0.019080 0.040762 0.022612
48837 12.927536 4.0952556 -0.024145 0.042475 0.024044
48847 2.0001638 4.0944173 0.106582 0.074531 -0.001007
48859 2.0001637 4.0934117 -0.174310 0.144486 -0.141583
48871 2.0001637 4.0924065 -0.345299 0.263975 -0.244373
48877 4.4984699 4.0919042 -0.169989 0.180396 -0.173804
48883 2.0001637 4.0914019 0.218425 0.167879 0.143340
48889 2.0001636 4.0908998 -0.109046 0.118900 -0.115263
48891 13.371897 4.0907324 -0.162580 0.175551 -0.165503
48901 4.2407371 4.0898959 -0.095288 0.127547 -0.124056
48907 2.0001636 4.0893942 0.061648 0.081466 0.067849
48937 9.3386766 4.0868872 -0.133282 0.080451 -0.071462
48949 4.6042563 4.0858853 0.081565 0.080630 0.066586
48963 15.271111 4.0847170 0.023052 0.052145 0.039468
48973 2.0001634 4.0838830 -0.115280 0.130600 -0.127684
48979 9.3386720 4.0833827 -0.131476 0.079909 -0.071040
48991 2.0001633 4.0823825 0.276187 0.226211 0.201348
48997 5.7839162 4.0818826 -0.134178 0.143898 -0.135792
48999 6.0014698 4.0817160 -0.047644 0.109950 -0.102247
49003 2.0001633 4.0813828 -0.108069 0.121401 -0.117043
49009 2.0001632 4.0808831 0.051968 0.080178 0.066126
49017 6.0014692 4.0802171 -0.097816 0.110072 -0.105555
49033 2.0001632 4.0788856 0.182223 0.137520 0.112888
49051 4.1516748 4.0773888 0.035228 0.048268 0.035642
49057 2.0001631 4.0768901 -0.192736 0.153608 -0.150011
49063 21.098963 4.0763916 -0.057017 0.048554 -0.046508
49069 2.0001630 4.0758931 0.013423 0.055914 -0.038227
49081 2.0001630 4.0748966 -0.070532 0.081773 -0.078039
49089 6.0014671 4.0742325 -0.029983 0.040879 0.020820
49099 4.4984081 4.0734027 -0.122059 0.134883 -0.132021
49107 6.0014665 4.0727391 0.239165 0.193832 0.169824
49111 4.2773096 4.0724074 0.057790 0.072372 -0.030144
49117 2.0001629 4.0719099 0.155693 0.115996 0.091079
49123 2.0001629 4.0714126 -0.344120 0.262363 -0.242820
49129 4.2571868 4.0709153 -0.194153 0.225452 -0.211433
49141 4.1577088 4.0699212 -0.168120 0.134676 -0.132020
49143 6.0014655 4.0697556 -0.215674 0.205379 -0.195867
49153 14.937284 4.0689276 -0.051795 0.081227 -0.076561
49161 28.047925 4.0682655 -0.121513 0.073067 -0.064858
49171 2.0001627 4.0674381 -0.339753 0.261914 -0.242191
49177 2.0001627 4.0669419 0.188233 0.125472 0.104915
49189 9.3386492 4.0659497 0.099437 0.053482 0.028721
49201 2.0001626 4.0649580 -0.018709 0.041909 0.023908
49207 2.0001626 4.0644624 -0.199086 0.210725 -0.199850
49231 27.163804 4.0624810 0.051149 0.028992 0.020074
49233 6.0014628 4.0623159 0.186186 0.140096 0.120259
49251 6.0014623 4.0608313 -0.027772 0.058175 -0.050194
49261 2.0001624 4.0600069 0.008339 0.056601 0.041373
49267 5.0744947 4.0595125 -0.013835 0.090432 -0.075186
49273 9.3386401 4.0590181 0.006613 0.022919 -0.017809
49279 2.0001624 4.0585239 -0.133171 0.116988 -0.115018
49287 28.047802 4.0578652 -0.126147 0.077306 -0.069181
49297 2.0001623 4.0570420 -0.338398 0.258427 -0.239247
49309 5.7838773 4.0560547 -0.018805 0.058983 -0.049809
49321 11.354802 4.0550678 -0.174273 0.140558 -0.137492
49333 2.0001622 4.0540814 -0.266661 0.241651 -0.225952
49339 2.0001622 4.0535884 -0.248942 0.195454 -0.182225
49341 6.0014596 4.0534241 0.346824 0.258565 0.226614
49359 6.0014591 4.0519459 0.072886 0.066344 0.052158
49363 2.0001621 4.0516176 -0.074520 0.105900 -0.102668
49369 2.0001621 4.0511252 -0.007100 0.040481 0.024096
49377 12.796113 4.0504688 0.098039 0.076064 -0.007285
49393 2.0001620 4.0491568 0.066982 0.063778 -0.014026
49399 9.3386266 4.0486650 -0.106176 0.061526 -0.054370
49411 2.0001619 4.0476817 0.092506 0.081639 0.067298
49413 82.716886 4.0475179 -0.059299 0.035016 -0.031140
49417 2.0001619 4.0471902 -0.260498 0.225057 -0.212284
49429 2.0001619 4.0462077 0.092300 0.083244 0.064793
49431 6.0014569 4.0460440 -0.325050 0.255983 -0.237407
49459 2.0001618 4.0437534 -0.088412 0.114586 -0.110301
49471 4.3019196 4.0427725 0.245066 0.185079 0.161828
49477 2.0001617 4.0422823 -0.119663 0.118807 -0.116030
49483 9.3386176 4.0417921 -0.109394 0.070085 -0.063712
49507 4.6041245 4.0398328 -0.229708 0.203223 -0.193365
49513 4.2771191 4.0393432 -0.005033 0.041927 0.025782
49531 2.0001615 4.0378753 -0.106551 0.118981 -0.115141
49537 2.0001615 4.0373862 0.363234 0.279134 0.247775
49543 13.479713 4.0368972 -0.264713 0.212755 -0.197628
49549 2.0001615 4.0364084 -0.050460 0.072065 -0.069466
49557 6.0014532 4.0357568 -0.308834 0.251094 -0.233495
49567 20.598203 4.0349426 0.027065 0.011360 0.002484
49579 4.4256098 4.0339660 0.132684 0.103887 0.081399
49593 13.034496 4.0328272 0.069174 0.067176 0.053553
49597 2.0001613 4.0325020 0.037436 0.045622 0.032354
49603 2.0001613 4.0320142 -0.193267 0.152223 -0.148557
49609 23.900753 4.0315265 -0.030362 0.019147 -0.018457
49627 2.0001612 4.0300643 -0.151252 0.130036 -0.122644
49633 2.0001612 4.0295771 -0.266016 0.221762 -0.206883
49639 2.0001612 4.0290900 0.005190 0.053741 0.037926
49647 46.699118 4.0284408 -0.224999 0.193975 -0.180897
49663 2.0001611 4.0271429 0.093725 0.082599 0.063936
49669 2.0001611 4.0266565 -0.346678 0.255989 -0.236262
49681 2.0001610 4.0256839 0.149336 0.140047 0.121565
49683 6.0014495 4.0255218 -0.078884 0.144754 -0.138920
49693 21.813114 4.0247117 0.069752 0.051017 0.043799
49699 5.7838294 4.0242258 -0.038224 0.091222 -0.084121
49701 6.0014490 4.0240639 -0.126870 0.136020 -0.133071
49711 2.0001609 4.0232544 -0.352101 0.259891 -0.239931
49719 6.0014485 4.0226071 0.357949 0.277514 0.246116
49723 5.0744228 4.0222835 0.113592 0.088414 0.072542
49741 2.0001608 4.0208279 0.009838 0.097521 -0.077838
49747 2.0001608 4.0203429 0.012333 0.042974 0.028382
49777 27.161585 4.0179199 -0.042608 0.027313 -0.025395
49783 2.0001607 4.0174357 -0.026953 0.058755 -0.050698
49789 2.0001607 4.0169515 0.012702 0.056854 0.041287
49791 28.047317 4.0167902 -0.130313 0.076412 -0.067746
49801 2.0001607 4.0159836 -0.211603 0.211458 -0.200199
49807 2.0001606 4.0154998 0.082646 0.086804 0.070927
49809 6.0014459 4.0153386 -0.145463 0.137113 -0.130330
49813 4.1890466 4.0150162 -0.004767 0.099680 -0.083792
49831 2.0001606 4.0135659 0.118525 0.083501 0.065740
49837 11.956695 4.0130826 -0.263088 0.203469 -0.188914
49843 2.0001605 4.0125996 -0.358445 0.262542 -0.241978
49849 4.2402127 4.0121166 0.197385 0.172935 0.151463
49879 4.6040383 4.0097035 -0.173715 0.173390 -0.163024
49881 17.387712 4.0095427 -0.075041 0.092514 -0.088726
49891 2.0001604 4.0087391 0.090124 0.080964 0.062278
49899 6.0014433 4.0080964 -0.251285 0.213291 -0.199154
49903 9.3385731 4.0077751 -0.132913 0.078047 -0.069275
49917 28.047198 4.0066510 0.081138 0.046375 0.031789
49921 2.0001603 4.0063300 -0.267370 0.207930 -0.194338
49927 2.0001602 4.0058485 -0.116187 0.136700 -0.129050
49939 2.0001602 4.0048860 -0.027193 0.058919 -0.050849
49953 6.0014417 4.0037635 0.110227 0.074030 0.011145
49957 2.0001602 4.0034430 0.056269 0.049338 0.035333
49971 6.0014412 4.0023213 0.037046 0.071192 0.055987
49981 4.1591046 4.0015206 -0.143522 0.128968 -0.126289
49987 21.372241 4.0010403 -0.004662 0.032684 -0.030076
49989 15.269645 4.0008802 0.022421 0.052814 0.038962
49993 2.0001600 4.0005601 -0.014520 0.066472 -0.054654
49999 2.0001600 4.0000800 0.012958 0.051432 0.036091
50007 12.884251 3.9994401 -0.178896 0.199112 -0.187223
50011 5.7837916 3.9991202 -0.252895 0.383541 -0.353601
50023 2.0001599 3.9981608 -0.007821 0.127780 -0.082934
50041 4.1547626 3.9967227 0.039630 0.062981 0.014120
50043 28.047079 3.9965630 0.032855 0.032689 0.028099
50047 2.0001599 3.9962435 -0.219771 0.377043 -0.340421
50053 2.0001598 3.9957645 -0.171870 0.390199 -0.339643
50077 2.0001598 3.9938495 -0.132825 0.166715 -0.152047
50079 6.0014381 3.9936900 0.010909 0.257533 -0.178727
50089 5.7837822 3.9928927 -0.226580 0.425434 -0.382022
50097 6.0014376 3.9922550 -0.018398 0.042999 0.024030
50101 2.0001597 3.9919363 0.042377 0.063090 0.035466
50113 9.3385511 3.9909804 -0.057915 0.139549 -0.121720
50119 2.0001596 3.9905026 -0.147018 0.169678 -0.157216
50131 2.0001596 3.9895474 -0.229343 0.388978 -0.352078
50137 4.1503280 3.9890699 -0.222755 0.350382 -0.319602
50151 12.921353 3.9879564 -0.134078 0.359628 -0.305779
50161 4.1960809 3.9871613 -0.021771 0.128074 -0.088983
50169 28.046960 3.9865255 0.004306 0.083839 -0.059269
50187 6.0014350 3.9850957 -0.178235 0.321319 -0.286645
50203 4.3016087 3.9838257 0.011098 0.259406 -0.180295
50221 2.0001593 3.9823978 -0.177387 0.435617 -0.376858
50223 6.0014339 3.9822392 -0.022080 0.038427 0.016494
50227 2.0001593 3.9819221 -0.018518 0.041138 0.021191
50239 9.3385380 3.9809710 0.073417 0.050042 0.024272
50241 6.0014334 3.9808125 0.072604 0.079605 0.022682
50251 4.6039534 3.9800203 0.354767 0.272831 0.240945
50263 2.0001592 3.9790701 -0.359860 0.406400 -0.388351
50277 6.0014324 3.9779621 -0.168185 0.340014 -0.299156
50287 2.0001591 3.9771710 -0.040474 0.195837 -0.149519
50293 5.0743347 3.9766966 0.085997 0.097941 0.082457
50311 2.0001590 3.9752738 -0.023736 0.040250 0.020186
50313 13.880406 3.9751158 -0.191292 0.406901 -0.357952
50317 4.2767472 3.9747998 0.028547 0.169163 -0.101002
50329 2.0001590 3.9738521 0.064674 0.145552 -0.062633
50331 15.269170 3.9736941 -0.140305 0.172521 -0.159030
50341 2.0001589 3.9729048 -0.314328 0.382650 -0.362135
50349 17.387205 3.9722735 0.113852 0.101771 0.079831
50353 4.4253730 3.9719580 0.012355 0.053886 0.036705
50359 2.0001589 3.9714847 -0.010655 0.193952 -0.137194
50367 12.798933 3.9708539 0.053450 0.068450 0.040645
50377 2.0001588 3.9700657 0.059434 0.093581 -0.014762
50383 2.0001588 3.9695929 -0.271804 0.431620 -0.395255
50401 5.7837450 3.9681752 -0.102060 0.178221 -0.156293
50407 23.896652 3.9677029 0.064148 0.048211 0.041131
50419 4.1721178 3.9667586 -0.023817 0.039884 0.019794
50437 4.6039114 3.9653429 0.098458 0.090632 0.054320
50443 4.2565238 3.9648712 0.080331 0.208181 -0.108513
50449 9.3385164 3.9643997 0.016480 0.020641 0.001818
50461 2.0001586 3.9634569 -0.004793 0.041899 0.005239
50467 4.1885673 3.9629857 -0.330319 0.401536 -0.380390
50491 9.3385120 3.9611020 -0.110813 0.070433 -0.066109
50493 6.0014263 3.9609451 -0.015289 0.038080 0.013118
50497 2.0001584 3.9606313 -0.066125 0.229363 -0.184293
50503 2.0001584 3.9601608 0.029959 0.078875 -0.020033
50521 5.0743001 3.9587498 0.178922 0.136548 0.097605
50527 2.0001583 3.9582797 -0.187653 0.196350 -0.186269
50529 6.0014253 3.9581231 -0.276654 0.482364 -0.437241
50533 9.3385077 3.9578097 -0.044238 0.113769 -0.097991
50539 2.0001583 3.9573399 -0.182787 0.192210 -0.182052
50551 2.0001583 3.9564005 -0.152660 0.321394 -0.280687
50557 5.7837266 3.9559309 -0.213463 0.367179 -0.332612
50569 4.3014567 3.9549922 -0.165854 0.190687 -0.178199
50581 2.0001582 3.9540539 -0.016661 0.221250 -0.161062
50583 17.386955 3.9538976 -0.023307 0.196471 -0.146712
50587 2.0001582 3.9535849 0.006720 0.047982 0.027393
50593 2.0001581 3.9531160 -0.115031 0.350255 -0.293255
50599 2.0001581 3.9526473 -0.176541 0.391865 -0.342312
50637 6.0014222 3.9496811 0.019650 0.274553 -0.188987
50647 2.0001580 3.9489012 0.025877 0.058131 0.038915
50659 9.3384949 3.9479658 -0.039440 0.161659 -0.134050
50671 2.0001579 3.9470308 0.228443 0.162336 0.079412
50673 73.240108 3.9468751 -0.098776 0.059032 -0.053260
50683 2.0001579 3.9460963 -0.332714 0.425083 -0.400582
50691 13.030268 3.9454736 -0.348556 0.412919 -0.392592
50701 9.3384906 3.9446954 -0.127048 0.075532 -0.067866
50707 2.0001578 3.9442286 0.120284 0.151023 -0.033042
50709 6.0014202 3.9440730 -0.098892 0.186453 -0.160216
50719 4.2765657 3.9432954 -0.161055 0.323605 -0.284612
50727 13.573349 3.9426735 0.144883 0.135192 0.115880
50731 4.2041975 3.9423627 -0.006375 0.045413 0.027420
50749 5.0742657 3.9409644 -0.014353 0.183778 -0.131979
50763 6.0014187 3.9398775 -0.083409 0.303843 -0.247832
50767 2.0001576 3.9395670 -0.229202 0.467412 -0.414856
50773 2.0001576 3.9391015 0.022508 0.068989 -0.014541
50781 6.0014182 3.9384809 -0.229556 0.401523 -0.362376
50791 5.7836991 3.9377055 0.010397 0.122109 -0.074440
50797 4.2397079 3.9372404 0.199492 0.170725 0.148214
50817 17.386708 3.9356908 -0.234641 0.356560 -0.328323
50821 2.0001574 3.9353810 -0.090949 0.148108 -0.127616
50833 2.0001574 3.9344520 -0.032981 0.197516 -0.148507
50839 2.0001574 3.9339877 0.086725 0.085749 0.028540
50851 4.1461098 3.9330593 -0.279069 0.394118 -0.366125
50857 2.0001573 3.9325953 0.029010 0.055895 0.014480
50863 5.0742487 3.9321314 0.007584 0.121179 -0.072882
50871 13.879272 3.9315130 0.041458 0.080988 -0.015564
50887 4.1581990 3.9302769 -0.300885 0.453513 -0.418754
50889 6.0014152 3.9301224 -0.018011 0.129335 -0.088965
50893 2.0001572 3.9298135 -0.274862 0.484736 -0.438863
50923 2.0001571 3.9274984 0.106649 0.106811 0.009944
50929 2.0001571 3.9270357 -0.353288 0.412589 -0.392936
50943 6.0014137 3.9259565 -0.222799 0.355531 -0.323980
50947 5.7836810 3.9256482 -0.095569 0.184835 -0.160084
50961 6.0014132 3.9245698 -0.184706 0.194244 -0.184157
50971 2.0001570 3.9237998 -0.240715 0.478774 -0.426606
50977 5.0742317 3.9233380 -0.326334 0.394765 -0.374498
50979 6.0014127 3.9231841 0.330226 0.229708 0.176811
50989 2.0001569 3.9224146 -0.044439 0.193772 -0.149624
51001 2.0001569 3.9214917 -0.101047 0.305458 -0.254422
51013 4.1639016 3.9205693 -0.246352 0.397818 -0.362972
51019 4.1537115 3.9201082 -0.077972 0.285707 -0.232163
51031 2.0001568 3.9191864 0.029895 0.159143 -0.092573
51033 6.0014112 3.9190328 -0.349063 0.406345 -0.387075
51043 2.0001567 3.9182650 -0.171305 0.214645 -0.199145
51061 2.0001567 3.9168837 -0.242980 0.395347 -0.360294
51067 4.1454693 3.9164235 0.194553 0.157859 0.025057
51079 9.3384524 3.9155034 -0.069407 0.129273 -0.116328
51087 6.0014097 3.9148903 0.059717 0.174514 -0.090967
51091 5.0742148 3.9145838 0.061887 0.078971 0.063115
51097 4.4978764 3.9141241 -0.130988 0.307209 -0.264289
51103 5.7836630 3.9136646 -0.258842 0.363568 -0.338506
51109 2.0001565 3.9132051 0.243676 0.184694 0.149649
51121 20.608113 3.9122865 -0.117399 0.068226 -0.060438
51123 6.0014087 3.9121335 0.208008 0.175630 0.152518
51133 2.0001565 3.9113684 0.141033 0.118318 0.086850
51141 6.0014082 3.9107565 -0.170476 0.211113 -0.196101
51151 2.0001564 3.9099920 -0.019346 0.039713 0.020215
51157 2.0001564 3.9095334 -0.071418 0.236338 -0.191688
51159 6.0014077 3.9093806 -0.349076 0.408283 -0.388750
51163 9.3384440 3.9090749 0.005290 0.022232 -0.008980
51169 2.0001564 3.9086165 -0.092437 0.187220 -0.159276
51177 28.046034 3.9080055 -0.126329 0.073876 -0.065473
51181 13.698953 3.9077001 -0.210729 0.415398 -0.370921
51193 2.0001563 3.9067841 -0.015564 0.039451 0.019166
51199 2.0001563 3.9063263 -0.177443 0.191659 -0.180965
51213 13.365434 3.9052584 0.025047 0.132553 -0.073152
51217 2.0001562 3.9049534 0.088217 0.084585 0.046624
51223 4.1490391 3.9044960 -0.155871 0.395955 -0.340443
51229 2.0001562 3.9040387 -0.204021 0.470178 -0.411126
51231 6.0014057 3.9038863 0.040949 0.094020 -0.029410
51241 2.0001561 3.9031245 -0.066645 0.192419 -0.155883
51247 9.3384356 3.9026675 -0.006177 0.009521 0.004280
51259 5.7836450 3.9017538 0.072261 0.079232 0.062987
51283 2.0001560 3.8999279 -0.050597 0.264625 -0.207133
51307 2.0001559 3.8981036 -0.347275 0.406446 -0.386969
51319 12.020261 3.8971921 0.037759 0.055471 0.026509
51321 6.0014033 3.8970402 -0.154348 0.399193 -0.342605
51331 9.3384273 3.8962810 0.035430 0.032317 0.026902
51339 12.782820 3.8956739 -0.118692 0.254104 -0.219185
51343 2.0001558 3.8953704 0.229539 0.167026 0.120969
51349 2.0001558 3.8949152 -0.323243 0.442274 -0.413522
51361 2.0001558 3.8940052 0.168074 0.128678 0.055869
51367 4.6037059 3.8935503 -0.175669 0.190633 -0.180032
51393 13.571796 3.8915806 -0.064581 0.190339 -0.153902
51397 4.1952454 3.8912777 -0.236701 0.381712 -0.348099
51411 6.0014008 3.8902180 -0.353380 0.410535 -0.391258
51421 2.0001556 3.8894615 -0.021231 0.128380 -0.089804
51427 2.0001556 3.8890077 -0.012621 0.041762 0.023281
51429 67.725432 3.8888565 -0.019421 0.008653 -0.004863
51433 5.0741645 3.8885540 -0.319082 0.393866 -0.372790
51439 2.0001555 3.8881005 -0.239883 0.493582 -0.438315
51457 9.3384148 3.8867404 0.051857 0.095654 -0.047604
51481 2.0001554 3.8849284 -0.274569 0.428431 -0.393466
51487 2.0001554 3.8844757 0.199764 0.169144 0.146287
51501 6.0013984 3.8834197 0.098935 0.094324 0.067947
51511 2.0001553 3.8826658 0.169003 0.130085 0.086821
51517 2.0001553 3.8822136 -0.288043 0.494205 -0.449379
51519 17.385978 3.8820629 -0.086182 0.164198 -0.141472
51523 4.2762112 3.8817615 -0.297679 0.457638 -0.421682
51541 21.358612 3.8804059 -0.112348 0.065326 -0.057888
51547 5.0741479 3.8799542 -0.078759 0.270354 -0.221481
51553 4.6036658 3.8795026 -0.005596 0.043623 0.026362
51571 5.7836095 3.8781486 0.116496 0.099497 0.024344
51573 6.0013964 3.8779982 -0.229616 0.469042 -0.416475
51577 2.0001551 3.8776974 -0.012162 0.127274 -0.085401
51583 9.3384024 3.8772464 -0.047514 0.049278 -0.046842
51607 2.0001550 3.8754433 -0.215995 0.400987 -0.359189
51609 6.0013954 3.8752931 0.020166 0.059893 -0.006157
51613 2.0001550 3.8749927 0.163199 0.126745 0.084493
51627 6.0013949 3.8739419 0.119483 0.116247 0.097235
51631 2.0001550 3.8736418 -0.141231 0.174106 -0.160279
51637 2.0001549 3.8731917 0.016779 0.056117 -0.003691
51643 4.4249941 3.8727417 -0.184261 0.330282 -0.295708
51661 5.0741314 3.8713923 -0.133784 0.180640 -0.164798
51673 2.0001548 3.8704933 -0.052280 0.230977 -0.181645
51679 2.0001548 3.8700439 -0.006529 0.042983 0.024585
51691 2.0001548 3.8691455 -0.222854 0.437513 -0.389880
51699 15.267331 3.8685468 -0.205224 0.480751 -0.420507
51717 6.0013925 3.8672003 -0.035039 0.194623 -0.147420
51721 2.0001547 3.8669013 0.203467 0.167925 0.143085
51739 4.6036258 3.8655560 0.069845 0.073634 0.031046
51751 9.3383859 3.8646596 -0.045709 0.166456 -0.139669
51753 17.385739 3.8645103 0.074727 0.072168 0.044220
51757 4.2558947 3.8642116 -0.130909 0.192828 -0.173503
51763 4.4977083 3.8637637 0.097258 0.088269 0.049067
51769 2.0001545 3.8633159 -0.240306 0.413357 -0.374428
51771 6.0013911 3.8631666 -0.046575 0.157183 -0.121996
51787 2.0001545 3.8619731 -0.101263 0.234510 -0.199218
51789 13.026221 3.8618239 -0.206597 0.457468 -0.401940
51807 28.045473 3.8604822 -0.062612 0.139842 -0.123227
51817 2.0001544 3.8597372 -0.253461 0.368010 -0.340292
51829 2.0001544 3.8588435 -0.087733 0.275258 -0.227275
51847 4.1631637 3.8575038 0.254193 0.183091 0.138313
51853 2.0001543 3.8570575 -0.208719 0.383610 -0.343752
51859 2.0001543 3.8566112 -0.277887 0.513541 -0.462855
51871 2.0001542 3.8557190 -0.125392 0.169154 -0.153111
51877 9.3383736 3.8552730 0.088694 0.058081 0.034179
51879 6.0013882 3.8551244 -0.001204 0.045786 0.028497
51889 5.0740985 3.8543815 0.233588 0.187207 0.162436
51897 6.0013877 3.8537873 -0.179954 0.194359 -0.183785
51907 2.0001541 3.8530449 0.044016 0.087456 -0.021321
51913 2.0001541 3.8525995 -0.153472 0.237682 -0.214617
51919 9.3383695 3.8521543 0.027376 0.063060 -0.032840
51933 28.045362 3.8511159 -0.045411 0.118802 -0.102362
51943 4.1708722 3.8503744 -0.340929 0.416615 -0.394857
51949 2.0001540 3.8499297 -0.011301 0.040486 0.021547
51951 6.0013862 3.8497815 -0.190363 0.466540 -0.405050
51961 27.153178 3.8490406 0.036099 0.027941 0.024294
51967 4.1547840 3.8485962 0.129111 0.168088 -0.045713
51973 2.0001539 3.8481519 0.004770 0.044017 0.006563
51987 43.884774 3.8471156 0.091913 0.085023 0.064786
51991 2.0001539 3.8468196 -0.012512 0.039929 0.020835
52009 2.0001538 3.8454883 -0.169795 0.192649 -0.180812
52021 2.0001538 3.8446012 -0.339170 0.412707 -0.391311
52023 6.0013843 3.8444534 -0.034821 0.202178 -0.153412
52027 2.0001538 3.8441578 -0.315284 0.463576 -0.429840
52033 4.3008700 3.8437146 0.216833 0.172501 0.144699
52039 5.7835570 3.8432714 0.021285 0.181910 -0.118629
52051 2.0001537 3.8423854 -0.119415 0.186195 -0.165617
52057 2.0001537 3.8419425 -0.009848 0.038910 0.017690
52059 66.774411 3.8417949 0.078067 0.053382 0.039760
52069 2.0001537 3.8410571 -0.297862 0.385839 -0.362640
52077 6.0013829 3.8404670 -0.242701 0.405406 -0.368602
52081 2.0001536 3.8401720 0.049362 0.219030 -0.133184
52117 14.919878 3.8375194 0.146847 0.124864 0.106828
52131 6.0013815 3.8364888 0.121176 0.101675 0.044557
52147 2.0001534 3.8353117 -0.353181 0.413798 -0.394121
52149 6.0013810 3.8351646 0.055566 0.153280 -0.075853
52153 2.0001534 3.8348705 -0.117000 0.385357 -0.321775
52159 4.4248478 3.8344293 0.241026 0.168096 0.106264
52167 6.0013805 3.8338413 -0.271313 0.506448 -0.455827
52177 2.0001533 3.8331065 -0.163419 0.222608 -0.204511
52183 2.0001533 3.8326658 0.029798 0.054331 0.028817
52189 2.0001533 3.8322252 0.006257 0.270887 -0.192165
52201 2.0001533 3.8313442 0.239315 0.191532 0.165140
52203 6.0013795 3.8311974 -0.333789 0.411849 -0.389858
52213 9.3383412 3.8304637 -0.121383 0.071782 -0.064249
52219 4.2389853 3.8300236 -0.134059 0.264558 -0.231674
52231 5.0740498 3.8291436 -0.201134 0.390538 -0.348214
52237 2.0001532 3.8287038 -0.215353 0.437840 -0.388552
52249 2.0001531 3.8278245 -0.118068 0.292585 -0.249578
52257 6.0013781 3.8272385 0.113553 0.097169 0.056133
52267 2.0001531 3.8265062 0.271534 0.198951 0.160164
52273 5.7835311 3.8260670 -0.131035 0.339326 -0.291380
52291 2.0001530 3.8247500 -0.166430 0.196023 -0.183151
52293 6.0013772 3.8246037 -0.148712 0.403629 -0.344897
52297 21.793822 3.8243111 -0.025138 0.098523 -0.081145
52303 4.1458494 3.8238724 -0.052572 0.158201 -0.125050
52321 2.0001529 3.8225569 -0.282850 0.487226 -0.442873
52329 6.0013762 3.8219725 -0.320042 0.425476 -0.399228
52339 9.3383291 3.8212423 -0.020374 0.014276 -0.012214
52347 6.0013758 3.8206583 -0.041891 0.214020 -0.165254
52351 5.7835225 3.8203664 0.075240 0.080565 0.065006
52363 2.0001528 3.8194909 -0.312066 0.406669 -0.382298
52369 2.0001528 3.8190533 0.084255 0.093655 0.004126
52383 15.266448 3.8180326 0.234012 0.183873 0.157437
52387 2.0001527 3.8177410 0.097251 0.177876 -0.074837
52399 4.3007284 3.8168667 -0.332363 0.436427 -0.410335
52401 6.0013743 3.8167211 -0.074898 0.243172 -0.198610
52423 9.3383211 3.8151193 0.101599 0.065213 0.036873
52429 13.449800 3.8146827 -0.099555 0.163326 -0.144590
52453 2.0001525 3.8129373 0.071312 0.093568 -0.008026
52473 6.0013724 3.8114840 -0.053697 0.247032 -0.194976
52477 4.2031197 3.8111935 0.013134 0.047553 0.026841
52483 4.6034691 3.8107578 -0.229780 0.559168 -0.488238
52489 2.0001524 3.8103222 -0.351850 0.415401 -0.395363
52491 6.0013720 3.8101770 0.092724 0.085431 0.043910
52501 2.0001524 3.8094512 0.092382 0.130004 -0.032847
52507 27.151186 3.8090159 -0.053711 0.031174 -0.027661
52527 6.0013710 3.8075656 -0.020502 0.133948 -0.094648
52543 2.0001523 3.8064062 -0.010543 0.198455 -0.141916
52549 9.3383091 3.8059716 0.018938 0.096616 -0.063782
52561 2.0001522 3.8051026 0.132353 0.122150 0.010434
52563 28.044818 3.8049579 -0.122674 0.072169 -0.064224
52567 2.0001522 3.8046683 -0.330644 0.404489 -0.383250
52573 5.0740017 3.8042341 -0.312993 0.415523 -0.390209
52579 2.0001522 3.8038000 0.215529 0.165889 0.133784
52609 2.0001521 3.8016309 -0.203935 0.494434 -0.430627
52617 6.0013687 3.8010529 0.279206 0.204618 0.166585
52627 2.0001520 3.8003306 0.023097 0.192143 -0.123402
52633 20.546723 3.7998974 -0.118661 0.070061 -0.062594
52639 2.0001520 3.7994643 -0.130519 0.272523 -0.237186
52651 4.4974908 3.7985983 -0.276016 0.419055 -0.386460
52653 6.0013678 3.7984540 0.056378 0.190843 -0.107323
52663 5.7834885 3.7977328 0.097806 0.088267 0.019543
52669 4.6034306 3.7973001 -0.010567 0.132420 -0.090020
52671 12.798979 3.7971559 -0.350011 0.415610 -0.395337
52681 4.1624494 3.7964351 -0.156835 0.217206 -0.198950
52689 82.600823 3.7958587 0.077623 0.047753 0.024539
52699 4.1564823 3.7951384 -0.241033 0.421034 -0.380984
52707 6.0013664 3.7945624 -0.344935 0.412697 -0.392181
52711 2.0001518 3.7942744 -0.098332 0.218967 -0.186527
52729 4.2756999 3.7929792 0.124256 0.116797 0.097405
52741 5.7834800 3.7921162 -0.193944 0.362708 -0.325282
52743 6.0013654 3.7919724 0.037303 0.086587 -0.025923
52747 2.0001517 3.7916848 0.212796 0.170949 0.144678
52759 9.3382893 3.7908224 -0.025104 0.011034 -0.007660
52761 13.361443 3.7906787 0.270185 0.197475 0.159296
52779 12.909925 3.7893859 -0.149722 0.218041 -0.198233
52783 2.0001516 3.7890988 -0.167938 0.392551 -0.341365
52797 6.0013640 3.7880940 -0.252952 0.371135 -0.342962
52801 23.885100 3.7878070 -0.095974 0.057056 -0.051176
52807 2.0001515 3.7873767 -0.100540 0.222074 -0.189608
52813 2.0001515 3.7869464 0.282120 0.217920 0.188488
52837 2.0001514 3.7852263 -0.087802 0.215732 -0.181100
52843 9.3382814 3.7847965 0.052793 0.119555 -0.067107
52851 12.870868 3.7842236 -0.016385 0.140208 -0.098303
52861 2.0001514 3.7835077 -0.248908 0.411290 -0.374803
52869 6.0013622 3.7829352 0.083398 0.118793 -0.027897
52873 4.4974375 3.7826490 0.172474 0.130430 0.050420
52879 2.0001513 3.7822198 -0.092066 0.198838 -0.169016
52903 2.0001512 3.7805039 -0.114688 0.385735 -0.321665
52909 4.1538794 3.7800752 -0.349163 0.417013 -0.396445
52927 9.3382736 3.7787897 -0.082184 0.057272 -0.055342
52933 4.4246338 3.7783613 -0.037917 0.205306 -0.157525
52941 28.044497 3.7777904 -0.114488 0.071054 -0.065678
52951 2.0001511 3.7770769 -0.225280 0.506435 -0.445446
52957 2.0001511 3.7766490 0.133478 0.115276 0.089656
52959 12.757362 3.7765064 -0.193656 0.388186 -0.344259
52963 2.0001511 3.7762211 -0.097987 0.161604 -0.141062
52977 6.0013594 3.7752232 -0.066917 0.347060 -0.277191
52981 2.0001510 3.7749382 0.236582 0.186252 0.158655
52999 2.0001510 3.7736561 0.107372 0.102842 0.013545
53011 9.3382657 3.7728019 -0.021147 0.050802 -0.042553
53017 2.0001509 3.7723749 -0.043074 0.205135 -0.159018
53029 5.0739385 3.7715212 -0.220033 0.522893 -0.457745
53047 2.0001508 3.7702415 0.023676 0.142301 -0.082973
53049 6.0013575 3.7700993 -0.313870 0.398993 -0.376262
53059 4.2027763 3.7693888 -0.013474 0.134873 -0.092991
53071 4.2552970 3.7685365 -0.244574 0.369772 -0.340359
53077 2.0001507 3.7681105 -0.259876 0.523222 -0.466895
53083 4.1867692 3.7676846 0.066916 0.078150 0.059356
53089 2.0001507 3.7672588 -0.017089 0.253234 -0.187496
53101 2.0001507 3.7664074 -0.062359 0.163129 -0.132372
53103 13.874976 3.7662656 -0.003841 0.283244 -0.206404
53113 2.0001506 3.7655565 -0.315914 0.416505 -0.391230
53121 6.0013557 3.7649894 0.094872 0.085946 0.042697
53131 13.151645 3.7642807 -0.104723 0.167814 -0.149514
53137 9.3382540 3.7638557 0.036106 0.032338 0.027113
53139 6.0013552 3.7637140 0.164102 0.130740 0.099343
53143 5.0739229 3.7634307 -0.113365 0.181404 -0.161391
53149 2.0001505 3.7630059 -0.006525 0.040159 0.021604
53161 2.0001505 3.7621565 -0.259165 0.387508 -0.357567
53167 4.2385252 3.7617319 0.124313 0.113633 0.014195
53173 2.0001505 3.7613074 -0.029098 0.215576 -0.162426
53191 4.4245638 3.7600346 0.001969 0.041216 0.020453
53197 2.0001504 3.7596105 -0.342984 0.425767 -0.403055
53209 5.7834298 3.7587626 0.084826 0.078522 0.055448
53211 6.0013534 3.7586213 -0.292170 0.510040 -0.463367
53221 9.3382463 3.7579151 -0.023364 0.036699 -0.031991
53233 2.0001503 3.7570680 0.066190 0.141327 -0.060510
53239 2.0001503 3.7566446 -0.349666 0.418315 -0.397658
53247 6.0013525 3.7560802 0.124238 0.109128 0.083977
53257 5.0739073 3.7553749 -0.114647 0.176619 -0.157876
53269 2.0001502 3.7545289 -0.106145 0.175134 -0.154003
53281 2.0001502 3.7536833 -0.157457 0.403160 -0.347153
53283 6.0013516 3.7535424 -0.156739 0.200937 -0.185750
53287 5.7834215 3.7532606 -0.224728 0.423364 -0.380655
53299 2.0001501 3.7524156 -0.036596 0.163682 -0.124455
53301 12.770530 3.7522748 -0.288194 0.390039 -0.364803
53319 28.044181 3.7510081 0.077347 0.059195 0.005929
53323 2.0001500 3.7507267 -0.233119 0.439084 -0.393864
53347 9.3382347 3.7490393 -0.070749 0.111907 -0.102745
53353 2.0001500 3.7486177 -0.156049 0.223244 -0.203873
53359 2.0001499 3.7481962 0.214014 0.170495 0.143929
53373 6.0013493 3.7472130 0.066873 0.072558 0.022379
53377 2.0001499 3.7469322 -0.001292 0.041426 0.022654
53401 2.0001498 3.7452482 0.104601 0.090971 0.043821
53407 2.0001498 3.7448275 -0.108783 0.391816 -0.324861
53409 15.265166 3.7446872 -0.123777 0.175657 -0.159149
53413 4.6032793 3.7444068 -0.245289 0.367953 -0.339207
53419 2.0001498 3.7439862 0.138859 0.119827 0.020573
53437 2.0001497 3.7427251 -0.001216 0.139054 -0.091543
53443 5.7834050 3.7423049 0.192157 0.153080 0.130715
53461 4.1445045 3.7410449 0.050379 0.086723 -0.017830
53467 4.1696984 3.7406251 -0.100361 0.267870 -0.225757
53473 9.3382231 3.7402053 -0.071351 0.048221 -0.046504
53479 2.0001496 3.7397857 0.006294 0.207457 -0.142955
53481 6.0013466 3.7396459 -0.019372 0.146646 -0.104850
53497 4.3003155 3.7385274 -0.279670 0.519087 -0.468102
53503 2.0001495 3.7381081 0.013809 0.045025 0.018629
53509 4.2551043 3.7376890 -0.134036 0.264042 -0.231662
53517 6.0013457 3.7371303 0.076209 0.085061 0.067430
53527 2.0001495 3.7364321 0.378754 0.270171 0.227671
53539 4.4972805 3.7355946 -0.334671 0.428946 -0.404646
53551 2.0001494 3.7347575 -0.158222 0.223262 -0.204375
53553 6.0013448 3.7346180 -0.192037 0.344276 -0.309041
53569 2.0001494 3.7335026 0.021799 0.048603 0.016249
53571 28.043973 3.7333632 -0.078526 0.123023 -0.113282
53589 6.0013439 3.7321092 -0.208449 0.417373 -0.371039
53593 2.0001493 3.7318306 0.012531 0.147255 -0.092391
53599 78.425606 3.7314129 0.008269 0.010311 -0.003021
53611 2.0001492 3.7305777 0.009094 0.044313 0.006222
53617 2.0001492 3.7301602 -0.348999 0.419907 -0.398972
53623 2.0001492 3.7297428 -0.244487 0.577393 -0.506338
53629 2.0001492 3.7293256 0.053269 0.071301 0.054529
53641 20.507909 3.7284913 0.131071 0.081609 0.043457
53643 6.0013425 3.7283523 0.008880 0.044013 0.006693
53653 2.0001491 3.7276574 0.094135 0.102930 -0.001621
53661 13.873958 3.7271016 -0.008680 0.257178 -0.188097
53677 5.7833805 3.7259906 0.022188 0.182884 -0.119810
53683 9.3382040 3.7255742 0.054509 0.038531 0.023344
53697 28.043870 3.7246029 0.066000 0.047379 0.013150
53707 4.4244259 3.7239094 -0.319274 0.405524 -0.382702
53719 2.0001489 3.7230775 -0.021021 0.203209 -0.150116
53731 2.0001489 3.7222460 -0.117765 0.305744 -0.260305
53733 6.0013403 3.7221075 -0.131685 0.200653 -0.180546
53743 4.1418030 3.7214149 -0.290281 0.401462 -0.374673
53761 4.4972290 3.7201689 0.001013 0.141626 -0.093161
53767 9.3381963 3.7197538 -0.095665 0.056043 -0.050611
53769 6.0013394 3.7196154 0.026117 0.050759 0.026318
53773 2.0001488 3.7193387 -0.157968 0.199685 -0.185063
53787 6.0013389 3.7183706 0.062890 0.164406 -0.082758
53791 2.0001487 3.7180941 -0.165825 0.453907 -0.389306
53809 9.3381925 3.7168503 -0.027424 0.102130 -0.084521
53827 5.0738306 3.7156074 -0.076184 0.315026 -0.256278
53857 2.0001486 3.7135377 -0.068643 0.271869 -0.219619
53859 17.383684 3.7133998 -0.081450 0.164957 -0.141550
53863 4.3001816 3.7131240 0.060069 0.066853 0.035136
53869 4.1936903 3.7127105 -0.142410 0.402889 -0.343125
53877 6.0013367 3.7121592 -0.001170 0.041065 0.022769
53881 2.0001485 3.7118836 0.002233 0.042679 0.024737
53887 2.0001485 3.7114703 -0.116176 0.268441 -0.230643
53893 9.3381850 3.7110571 -0.068122 0.045578 -0.043917
53899 2.0001484 3.7106440 -0.037721 0.166371 -0.127238
53913 6.0013358 3.7096804 -0.134115 0.275131 -0.240542
53917 2.0001484 3.7094052 -0.118872 0.427654 -0.355858
53923 2.0001484 3.7089925 0.017594 0.047919 0.007837
53929 4.1432056 3.7085798 -0.117948 0.177431 -0.158834
53931 6.0013353 3.7084423 -0.170586 0.348104 -0.307231
53947 4.2549147 3.7073424 0.098134 0.086849 0.041515
53953 4.1507895 3.7069301 -0.228640 0.444015 -0.396954
53959 2.0001483 3.7065179 -0.339309 0.422194 -0.399623
53967 6.0013344 3.7059685 -0.293040 0.398733 -0.372909
53971 4.6031685 3.7056938 -0.157301 0.193276 -0.179857
53983 4.4971780 3.7048701 0.102940 0.133956 -0.031556
53989 5.7833481 3.7044583 0.090972 0.087905 0.071574
54001 2.0001482 3.7036351 -0.348192 0.421622 -0.400369
54013 2.0001481 3.7028123 0.027094 0.254651 -0.172117
54019 9.3381736 3.7024010 -0.014421 0.066516 -0.052874
54037 2.0001481 3.7011677 -0.314363 0.427281 -0.400095
54039 6.0013327 3.7010307 -0.134162 0.275927 -0.241220
54049 2.0001480 3.7003460 0.027797 0.051405 0.027583
54057 13.565970 3.6997984 -0.174176 0.427291 -0.370795
54061 9.3381699 3.6995246 0.076019 0.050558 0.031135
54067 5.7833400 3.6991141 -0.101895 0.171687 -0.152098
54091 2.0001479 3.6974728 0.104949 0.126012 -0.021183
54093 46.456683 3.6973361 -0.239116 0.377122 -0.346930
54121 2.0001478 3.6954232 -0.273447 0.525614 -0.472072
54129 6.0013305 3.6948771 0.162768 0.123307 0.052337
54133 2.0001478 3.6946040 0.057802 0.065504 0.032901
54139 2.0001478 3.6941946 0.043322 0.159272 -0.088428
54147 6.0013300 3.6936488 0.175681 0.159056 -0.001602
54151 2.0001477 3.6933759 0.003785 0.146700 -0.096013
54157 4.6031321 3.6929667 0.013462 0.043757 0.020870
54163 2.0001477 3.6925577 -0.345930 0.422532 -0.400856
54169 5.0737853 3.6921486 -0.266222 0.507965 -0.456866
54181 2.0001477 3.6913309 -0.042524 0.215351 -0.167308
54183 6.0013291 3.6911947 -0.276362 0.470040 -0.428090
54187 9.3381586 3.6909222 -0.020520 0.052501 -0.043817
54193 2.0001476 3.6905135 -0.110793 0.229614 -0.198732
54217 2.0001476 3.6888799 0.212418 0.168493 0.142197
54223 13.288730 3.6884717 -0.101180 0.171004 -0.151551
54229 20.626254 3.6880636 0.072242 0.048913 0.033800
54271 9.3381512 3.6852094 -0.041352 0.043328 -0.041039
54273 12.864711 3.6850736 0.072297 0.106347 -0.024242
54277 2.0001474 3.6848020 -0.134130 0.277596 -0.242600
54283 5.0737703 3.6843947 0.027736 0.052700 0.036757
54291 6.0013265 3.6838518 0.033282 0.224665 -0.145952
54301 5.7833160 3.6831734 0.137337 0.116039 0.096603
54309 13.357683 3.6826309 -0.326059 0.447161 -0.418598
54313 9.3381474 3.6823597 -0.103185 0.060089 -0.053603
54319 2.0001473 3.6819529 -0.085372 0.226451 -0.189346
54327 82.548148 3.6814107 -0.056008 0.032829 -0.029124
54331 2.0001473 3.6811397 -0.341983 0.428309 -0.405212
54337 4.2750536 3.6807332 -0.176546 0.402861 -0.352125
54343 4.6030959 3.6803268 0.109814 0.092609 0.040776
54361 2.0001472 3.6791082 -0.046781 0.219559 -0.172080
54363 6.0013247 3.6789728 0.104380 0.189224 -0.082358
54367 2.0001472 3.6787022 0.028200 0.050753 0.024394
54381 6.0013243 3.6777551 0.041460 0.092383 -0.030701
54391 4.1859355 3.6770789 -0.143289 0.218890 -0.197968
54397 23.877970 3.6766733 -0.068768 0.063739 -0.061921
54399 6.0013238 3.6765382 0.295376 0.207596 0.162543
54403 2.0001471 3.6762679 -0.106299 0.295162 -0.249071
54409 2.0001470 3.6758624 0.027664 0.054750 0.037695
54421 2.0001470 3.6750519 -0.208371 0.503148 -0.439087
54427 4.4970771 3.6746468 0.008017 0.043788 0.026231
54453 28.043260 3.6728922 -0.078876 0.083210 -0.080005
54469 2.0001469 3.6718133 0.126404 0.114040 0.093505
54471 12.953094 3.6716785 -0.260153 0.472837 -0.427054
54481 21.046308 3.6710046 -0.054626 0.157503 -0.135398
54493 2.0001468 3.6701962 0.128196 0.103445 0.044682
54499 2.0001468 3.6697921 -0.246410 0.423368 -0.384384
54507 6.0013212 3.6692535 0.199129 0.144328 0.057607
54517 2.0001468 3.6685804 -0.109478 0.185822 -0.163750
54523 9.3381289 3.6681767 -0.110136 0.068505 -0.063372
54529 4.6030600 3.6677731 -0.000653 0.143393 -0.095817
54541 2.0001467 3.6669661 -0.192083 0.351231 -0.314850
54543 6.0013203 3.6668317 -0.153494 0.239309 -0.216644
54547 2.0001467 3.6665628 -0.278439 0.436630 -0.401506
54559 2.0001466 3.6657563 -0.059624 0.272345 -0.217412
54561 17.383035 3.6656220 -0.248454 0.396404 -0.364044
54577 2.0001466 3.6645473 0.120652 0.113997 0.007362
54583 2.0001466 3.6641445 -0.220713 0.387291 -0.349989
54589 4.2378651 3.6637418 -0.234124 0.525655 -0.463212
54597 6.0013190 3.6632049 -0.172759 0.406691 -0.354226
54601 2.0001465 3.6629366 -0.087563 0.254319 -0.211878
54613 5.7832844 3.6621317 -0.078603 0.163875 -0.140151
54619 4.1432175 3.6617294 0.228476 0.166588 0.127724
54631 2.0001464 3.6609251 -0.336082 0.435553 -0.410479
54633 6.0013182 3.6607911 0.349826 0.255535 0.219090
54649 21.333724 3.6597193 0.033564 0.105234 -0.064867
54651 6.0013177 3.6595854 0.013384 0.046606 0.028970
54667 2.0001464 3.6585143 -0.176593 0.535902 -0.456612
54669 6.0013173 3.6583804 -0.172444 0.202660 -0.190213
54673 2.0001463 3.6581128 -0.278578 0.400308 -0.371859
54679 2.0001463 3.6577114 0.017425 0.046295 0.010081
54687 6.0013169 3.6571763 -0.315681 0.482884 -0.446212
54691 27.143619 3.6569088 -0.050118 0.029047 -0.025762
54709 2.0001462 3.6557056 -0.302569 0.406809 -0.381285
54721 2.0001462 3.6549040 0.011775 0.044158 0.024040
54727 2.0001462 3.6545033 -0.011829 0.219089 -0.159634
54739 11.882024 3.6537021 -0.078476 0.171892 -0.145611
54751 2.0001461 3.6529013 -0.316237 0.416689 -0.391685
54759 6.0013151 3.6523676 0.108998 0.092090 0.044652
54787 2.0001460 3.6505010 0.040492 0.056606 0.019194
54793 4.1521644 3.6501013 -0.281977 0.539810 -0.485437
54799 2.0001460 3.6497016 -0.339929 0.422459 -0.400043
54823 4.2545447 3.6481039 -0.132263 0.280017 -0.244236
54829 2.0001459 3.6477047 0.058931 0.080144 -0.004683
54847 5.7832608 3.6465076 0.071698 0.074217 0.058312
54853 5.0736964 3.6461087 0.058622 0.195581 -0.112770
54867 6.0013126 3.6451783 0.004719 0.197621 -0.136506
54871 4.4969779 3.6449126 0.049014 0.097964 -0.032305
54877 2.0001458 3.6445141 -0.298060 0.492478 -0.450704
54903 6.0013117 3.6427882 0.018394 0.048404 0.030467
54907 2.0001457 3.6425228 -0.170485 0.205407 -0.192235
54919 2.0001457 3.6417269 -0.191679 0.353874 -0.316960
54921 6.0013113 3.6415943 -0.087341 0.200701 -0.169896
54931 4.1498857 3.6409314 0.273907 0.193775 0.150582
54939 6.0013108 3.6404012 -0.316078 0.437234 -0.408770
54949 2.0001456 3.6397387 -0.120278 0.312100 -0.266340
54957 28.042863 3.6392088 0.040375 0.032602 0.025679
54973 2.0001455 3.6381496 0.057102 0.065261 0.039232
54979 2.0001455 3.6377526 -0.127409 0.281313 -0.244033
54991 4.1685902 3.6369588 -0.138587 0.252781 -0.224209
54997 4.4240925 3.6365620 0.238246 0.175428 0.140377
55003 5.7832453 3.6361653 -0.164254 0.383921 -0.335610
55009 2.0001454 3.6357687 -0.075344 0.313318 -0.254339
55021 2.0001454 3.6349757 -0.166765 0.212414 -0.197433
55051 2.0001453 3.6329949 -0.339473 0.433342 -0.409183
55057 2.0001453 3.6325989 0.066199 0.150217 -0.069692
55069 9.3380813 3.6318074 -0.115572 0.068090 -0.060615
55081 14.904380 3.6310161 0.097350 0.087285 0.070536
55083 66.076473 3.6308843 -0.005669 0.133256 -0.101991
55087 4.6029538 3.6306207 -0.170428 0.352782 -0.311386
55093 4.4969289 3.6302253 -0.323422 0.445057 -0.416561
55101 6.0013070 3.6296982 -0.147048 0.394158 -0.337868
55111 9.3380777 3.6290396 -0.093303 0.060549 -0.057328
55117 2.0001452 3.6286445 0.072987 0.240852 -0.141867
55119 15.263136 3.6285129 -0.140728 0.195153 -0.178891
55123 4.1418616 3.6282496 0.232389 0.160078 0.091801
55137 6.0013061 3.6273283 0.041859 0.060122 0.009371
55141 4.2747447 3.6270652 0.028160 0.050215 0.026749
55147 2.0001451 3.6266705 -0.169958 0.205443 -0.192225
55153 9.3380741 3.6262760 0.149489 0.096578 0.075718
55159 5.7832298 3.6258815 0.063079 0.234365 -0.143918
55171 2.0001450 3.6250929 -0.271277 0.466173 -0.424131
55183 4.1604373 3.6243046 0.103400 0.115609 -0.011662
55189 4.1398218 3.6239106 -0.149778 0.194397 -0.179528
55191 6.0013048 3.6237792 -0.025329 0.297690 -0.225909
55201 2.0001449 3.6231228 0.025495 0.237965 -0.160170
55207 2.0001449 3.6227290 0.005758 0.041694 0.023143
55213 2.0001449 3.6223353 -0.287569 0.528504 -0.477662
55219 2.0001449 3.6219417 -0.300689 0.479428 -0.440685
55237 27.141822 3.6207614 0.061289 0.039432 0.029524
55243 2.0001448 3.6203682 -0.014839 0.145987 -0.103493
55249 2.0001448 3.6199750 0.049477 0.060394 0.023588
55261 4.2543642 3.6191889 -0.295462 0.528603 -0.479432
55273 4.6029188 3.6184032 0.049030 0.241170 -0.153258
55281 6.0013027 3.6178796 0.023481 0.049779 0.030918
55291 2.0001447 3.6172252 0.046622 0.106729 -0.041994
55299 6.0013023 3.6167019 -0.001602 0.210833 -0.149568
55317 6.0013019 3.6155251 -0.263204 0.536730 -0.478915
55327 4.2996639 3.6148716 -0.165831 0.202373 -0.189048
55333 2.0001446 3.6144796 0.041670 0.067010 -0.002991
55339 2.0001446 3.6140877 -0.297593 0.529502 -0.480588
55351 2.0001445 3.6133042 0.258431 0.175143 0.108920
55353 6.0013010 3.6131736 -0.345358 0.427735 -0.405330
55371 6.0013006 3.6119991 -0.089208 0.240702 -0.201952
55381 2.0001445 3.6113469 -0.213065 0.389825 -0.350537
55387 4.2014754 3.6109556 -0.096199 0.369117 -0.304159
55389 13.563269 3.6108253 0.134056 0.116051 0.094481
55393 5.7832067 3.6105645 0.073437 0.072462 0.054410
55399 2.0001444 3.6101735 0.041383 0.213814 -0.134387
55411 2.0001444 3.6093916 -0.122893 0.217963 -0.192861
55417 4.1541201 3.6090008 0.148794 0.133202 0.006504
55423 5.0736240 3.6086101 -0.314934 0.414423 -0.389990
55441 2.0001443 3.6074385 -0.163882 0.202015 -0.188404
55443 6.0012989 3.6073084 -0.283315 0.550833 -0.494669
55459 4.6028841 3.6062677 0.076384 0.073323 0.033221
55461 73.035062 3.6061376 0.011115 0.046651 -0.028787
55479 6.0012981 3.6049676 -0.243830 0.394562 -0.360802
55489 9.3380454 3.6043180 -0.112365 0.068844 -0.063018
55497 17.382194 3.6037984 0.005365 0.188849 -0.132087
55501 2.0001442 3.6035387 0.140789 0.109038 0.051894
55513 4.4239635 3.6027597 -0.217967 0.494021 -0.434592
55531 9.3380418 3.6015919 -0.079611 0.055210 -0.053270
55537 11.967569 3.6012028 -0.101970 0.176042 -0.155252
55543 4.2745936 3.6008138 0.272532 0.201469 0.168323
55549 5.7831915 3.6004249 -0.279489 0.400451 -0.373127
55551 6.0012964 3.6002952 -0.088875 0.334253 -0.274890
55567 4.1443941 3.5992586 -0.158840 0.225850 -0.207087
55569 6.0012960 3.5991290 -0.116599 0.372786 -0.312950
55579 2.0001439 3.5984814 -0.073779 0.176587 -0.147318
55587 28.042376 3.5979636 -0.102126 0.060587 -0.054690
55603 2.0001439 3.5969282 0.152053 0.129999 0.014762
55609 2.0001439 3.5965401 -0.038030 0.179689 -0.138517
55621 2.0001438 3.5957642 -0.016085 0.150532 -0.107748
55623 6.0012947 3.5956349 -0.163191 0.218183 -0.201660
55633 2.0001438 3.5949886 -0.175647 0.351539 -0.311586
55639 2.0001438 3.5946009 -0.339903 0.436124 -0.411659
55657 9.3380311 3.5934384 -0.089313 0.057436 -0.054289
55659 6.0012939 3.5933093 0.258528 0.181931 0.137443
55663 2.0001437 3.5930510 -0.025337 0.216695 -0.163045
55677 12.948892 3.5921476 -0.098402 0.290421 -0.243584
55681 2.0001437 3.5918895 -0.270089 0.531735 -0.476552
55699 20.501127 3.5907287 0.043543 0.034460 0.027643
55711 2.0001436 3.5899553 0.220778 0.167858 0.137855
55717 2.0001436 3.5895687 -0.300504 0.423192 -0.394671
55723 4.1926152 3.5891822 -0.245309 0.384903 -0.353319
55731 17.381988 3.5886670 -0.184410 0.357240 -0.319383
55741 9.3380240 3.5880232 0.036589 0.104592 -0.062901
55749 6.0012918 3.5875083 -0.102890 0.176562 -0.155126
55753 4.1680591 3.5872509 0.017519 0.046514 0.028295
55771 4.4238999 3.5860931 0.026620 0.048928 0.027122
55783 27.140060 3.5853217 -0.043097 0.049967 -0.047692
55807 2.0001434 3.5837798 -0.189152 0.502735 -0.434240
55813 2.0001433 3.5833945 0.012882 0.042700 0.020852
55819 2.0001433 3.5830094 -0.020481 0.215857 -0.160725
55831 4.6028154 3.5822393 -0.143810 0.209391 -0.190912
55837 2.0001433 3.5818543 0.176861 0.136003 0.035402
55839 28.042185 3.5817260 -0.050415 0.051573 -0.049371
55843 2.0001433 3.5814695 -0.287968 0.433021 -0.400568
55849 2.0001433 3.5810847 -0.271627 0.395576 -0.366939
55857 13.354133 3.5805718 -0.332763 0.439157 -0.413209
55861 5.7831612 3.5803154 -0.102757 0.180550 -0.159811
55893 13.870091 3.5782656 0.261686 0.175605 0.105829
55897 2.0001431 3.5780096 0.103078 0.088538 0.036617
55903 2.0001431 3.5776255 0.051067 0.300924 -0.199719
55911 6.0012880 3.5771136 0.051489 0.105097 -0.038055
55921 2.0001431 3.5764740 0.129314 0.112267 0.090315
55927 2.0001431 3.5760903 -0.344219 0.430155 -0.407285
55929 12.766992 3.5759624 -0.043670 0.223079 -0.174431
55933 2.0001430 3.5757066 -0.171342 0.384350 -0.336594
55951 9.3380064 3.5745563 -0.008952 0.029091 -0.021941
55969 4.2011672 3.5734067 -0.291848 0.544936 -0.491914
55983 6.0012864 3.5725131 -0.335383 0.429085 -0.405124
55987 2.0001429 3.5722578 -0.163066 0.217406 -0.201075
55993 23.871250 3.5718751 -0.054909 0.117923 -0.104747
56011 4.2372388 3.5707272 -0.179647 0.390779 -0.343749
56017 13.660601 3.5703447 -0.232502 0.463317 -0.414943
56029 4.4238369 3.5695800 -0.088697 0.212282 -0.179851
56037 6.0012851 3.5690704 0.298365 0.210675 0.169082
56041 2.0001428 3.5688157 -0.133695 0.288329 -0.251454
56053 2.0001427 3.5680517 -0.236635 0.448808 -0.403017
56059 4.2994152 3.5676698 -0.163322 0.398119 -0.345512
56073 6.0012843 3.5667790 -0.249070 0.386915 -0.355730
56077 9.3379959 3.5665246 -0.111153 0.065827 -0.058896
56091 28.041995 3.5656344 -0.111125 0.065234 -0.057957
56101 2.0001426 3.5649988 -0.192840 0.361210 -0.323343
56107 5.0735391 3.5646176 0.055402 0.060342 0.029804
56113 2.0001426 3.5642365 -0.124992 0.187970 -0.169489
56119 9.3379924 3.5638554 -0.077049 0.127009 -0.116356
56131 2.0001425 3.5630935 0.158452 0.140464 0.004845
56137 4.2540116 3.5627126 -0.169608 0.426948 -0.369793
56149 2.0001425 3.5619512 0.162931 0.128447 0.030769
56163 12.781021 3.5610633 0.103280 0.088717 0.034592
56167 2.0001424 3.5608097 -0.009277 0.162078 -0.114524
56179 2.0001424 3.5600491 -0.092756 0.323440 -0.267812
56181 13.011638 3.5599224 -0.082451 0.211264 -0.177287
56197 2.0001424 3.5589088 -0.110293 0.349880 -0.293478
56209 2.0001423 3.5581491 -0.019774 0.231685 -0.172980
56217 28.041900 3.5576427 0.014825 0.043668 -0.023597
56239 2.0001423 3.5562510 -0.163902 0.206764 -0.192503
56251 5.7831239 3.5554923 -0.081947 0.229398 -0.192962
56263 2.0001422 3.5547340 -0.250846 0.394316 -0.362123
56269 2.0001422 3.5543550 -0.289826 0.430307 -0.398751
56271 6.0012798 3.5542286 0.211753 0.161633 0.132399
56299 2.0001421 3.5524610 0.064757 0.067119 0.029903
56311 2.0001421 3.5517039 -0.289696 0.494267 -0.450751
56317 4.1405753 3.5513255 0.089827 0.081780 0.053067
56323 4.1533838 3.5509472 -0.014059 0.151060 -0.107736
56329 27.138332 3.5505690 -0.052928 0.032238 -0.029406
56341 4.1922726 3.5498127 0.022168 0.049866 0.003164
56343 28.041807 3.5496867 -0.026128 0.035273 -0.031742
56359 2.0001420 3.5486790 0.089385 0.097702 -0.002541
56361 6.0012778 3.5485531 -0.193393 0.363314 -0.325203
56371 9.3379716 3.5479236 0.056142 0.079926 -0.032587
56377 2.0001419 3.5475460 -0.075990 0.169383 -0.142548
56379 6.0012773 3.5474201 -0.093053 0.299786 -0.249523
56383 2.0001419 3.5471685 0.070186 0.120954 -0.041950
56401 2.0001419 3.5460364 0.253081 0.178523 0.135595
56407 5.7831091 3.5456592 -0.002324 0.159115 -0.112028
56413 9.3379681 3.5452821 0.099257 0.065714 0.021510
56431 2.0001418 3.5441513 -0.221402 0.521610 -0.457342
56433 17.381381 3.5440257 -0.069336 0.186622 -0.155951
56437 2.0001418 3.5437745 -0.326343 0.473225 -0.440458
56443 2.0001417 3.5433978 0.117309 0.097648 0.032819
56449 5.0734974 3.5430211 0.000939 0.244356 -0.176273
56451 13.869173 3.5428956 -0.278683 0.431003 -0.397435
56467 2.0001417 3.5418917 0.023533 0.046412 0.021111
56469 28.041713 3.5417663 0.024344 0.110951 -0.073313
56473 2.0001417 3.5415154 -0.296611 0.486332 -0.445725
56479 2.0001417 3.5411392 -0.192626 0.363532 -0.325230
56487 15.261601 3.5406377 -0.253763 0.531888 -0.473622
56503 2.0001416 3.5396351 -0.099626 0.214932 -0.184919
56509 2.0001416 3.5392592 0.049156 0.100891 -0.035968
56527 2.0001415 3.5381322 0.181389 0.149505 0.014752
56533 2.0001415 3.5377567 -0.114794 0.184985 -0.164909
56563 14.897251 3.5358803 -0.247099 0.393285 -0.361922
56569 2.0001414 3.5355053 0.222163 0.169171 0.140300
56577 6.0012729 3.5350054 -0.293099 0.497310 -0.453940
56599 2.0001414 3.5336313 -0.184222 0.467882 -0.405787
56611 2.0001413 3.5328823 0.058407 0.064383 0.038895
56623 9.3379509 3.5321336 -0.077327 0.066838 -0.065109
56629 2.0001413 3.5317593 -0.163376 0.214453 -0.198833
56631 13.352431 3.5316346 0.020178 0.211643 -0.142367
56641 5.7830870 3.5310111 -0.215966 0.436610 -0.389900
56647 4.4965966 3.5306371 -0.155745 0.368898 -0.320816
56653 4.1433456 3.5302632 0.030666 0.067223 -0.013929
56659 2.0001412 3.5298893 -0.118283 0.212298 -0.187579
56667 17.381182 3.5293910 0.074576 0.072610 0.055429
56671 2.0001412 3.5291419 -0.155578 0.208474 -0.192488
56701 2.0001411 3.5272747 -0.133336 0.255935 -0.225893
56707 9.3379441 3.5269014 -0.097409 0.084318 -0.082138
56713 2.0001411 3.5265283 0.122386 0.237188 -0.115492
56719 5.7830797 3.5261553 0.287495 0.206148 0.173819
56721 66.427756 3.5260309 -0.059051 0.144560 -0.126529
56731 2.0001410 3.5254094 -0.343245 0.433900 -0.410403
56737 2.0001410 3.5250366 0.077021 0.078224 0.058133
56739 6.0012692 3.5249123 -0.151627 0.455568 -0.387602
56757 6.0012688 3.5237944 -0.026563 0.158178 -0.118130
56761 4.6026475 3.5235461 0.111981 0.092503 0.036334
56767 2.0001409 3.5231737 -0.318430 0.498205 -0.459575
56773 2.0001409 3.5228013 -0.265902 0.528107 -0.472949
56779 2.0001409 3.5224291 0.066389 0.072085 0.052707
56803 4.4236513 3.5209408 0.317062 0.222115 0.180032
56809 2.0001408 3.5205689 -0.319835 0.467677 -0.434821
56821 2.0001408 3.5198254 0.044208 0.100750 -0.039055
56827 2.0001408 3.5194538 -0.092897 0.217612 -0.185315
56829 15.261229 3.5193299 -0.153139 0.355422 -0.310003
56847 28.041435 3.5182156 -0.078164 0.129440 -0.118576
56851 4.1591952 3.5179680 -0.293166 0.544127 -0.491704
56857 2.0001407 3.5175968 -0.331718 0.430331 -0.405738
56883 12.944871 3.5159890 -0.157930 0.221385 -0.203576
56887 4.1481725 3.5157417 0.029575 0.048822 0.018903
56893 2.0001406 3.5153710 -0.342598 0.435626 -0.411784
56901 17.380985 3.5148767 0.195708 0.147159 0.121348
56911 2.0001406 3.5142591 -0.035764 0.230855 -0.178164
56919 6.0012652 3.5137652 0.076745 0.079866 0.011048
56923 2.0001406 3.5135183 -0.138899 0.200759 -0.182972
56929 2.0001405 3.5131480 0.065147 0.163199 -0.082573
56937 6.0012648 3.5126543 0.004798 0.245508 -0.174998
56941 2.0001405 3.5124076 -0.282652 0.434939 -0.401338
56959 20.456655 3.5112976 0.094031 0.066406 0.056074
56973 28.041344 3.5104348 0.054243 0.039847 0.010574
56983 2.0001404 3.5098187 -0.277402 0.470571 -0.429257
56989 2.0001404 3.5094492 0.187110 0.133419 0.078206
57007 4.1843839 3.5083411 -0.132911 0.297345 -0.258631
57009 13.868272 3.5082180 -0.095625 0.198815 -0.171515
57019 5.0734290 3.5076027 -0.287177 0.425302 -0.394634
57027 6.0012628 3.5071107 0.018950 0.044177 0.022265
57037 2.0001403 3.5064958 -0.016143 0.154968 -0.111908
57061 4.4235905 3.5050209 -0.198167 0.424452 -0.375142
57073 2.0001402 3.5042840 0.108669 0.091811 0.032393
57091 4.4965050 3.5031791 0.024195 0.149447 -0.091232
57097 2.0001401 3.5028110 0.067009 0.067760 0.028665
57099 28.041252 3.5026883 0.115744 0.079172 0.016215
57117 12.853333 3.5015845 -0.307046 0.418712 -0.392261
57127 9.3379102 3.5009715 -0.102785 0.059934 -0.053180
57133 12.134979 3.5006039 -0.085195 0.285402 -0.237150
57139 2.0001400 3.5002363 0.015736 0.043157 0.023324
57151 4.2740105 3.4995013 -0.248598 0.447648 -0.404916
57153 6.0012600 3.4993789 0.084980 0.082335 0.061684
57157 4.2990542 3.4991340 0.067333 0.106702 -0.030709
57163 2.0001400 3.4987667 -0.128159 0.300596 -0.259997
57169 9.3379068 3.4983995 -0.053190 0.054178 -0.051995
57181 4.1383778 3.4976653 0.283363 0.194184 0.145025
57193 2.0001399 3.4969314 -0.187878 0.385216 -0.341545
57207 6.0012589 3.4960757 -0.126868 0.372875 -0.316329
57223 2.0001398 3.4950981 0.181625 0.152786 0.009100
57229 4.1526712 3.4947317 -0.252838 0.443064 -0.402113
57241 2.0001398 3.4939991 0.051259 0.108893 -0.042747
57243 6.0012581 3.4938770 -0.183046 0.466391 -0.404466
57253 9.3379001 3.4932667 -0.104578 0.062030 -0.055692
57259 2.0001397 3.4929007 0.008189 0.161507 -0.107611
57261 6.0012577 3.4927787 -0.112812 0.274722 -0.235659
57271 2.0001397 3.4921688 -0.151895 0.495677 -0.419142
57279 13.008346 3.4916811 0.018834 0.044132 0.023926
57283 2.0001397 3.4914373 0.075479 0.078740 0.010968
57301 2.0001396 3.4903405 -0.024132 0.235142 -0.177631
57313 4.4964597 3.4896097 -0.309677 0.432308 -0.404050
57331 2.0001396 3.4885141 -0.159357 0.222737 -0.205011
57337 9.3378934 3.4881490 0.066631 0.068392 -0.015304
57349 2.0001395 3.4874191 0.270434 0.187710 0.142432
57351 28.041071 3.4872975 -0.107050 0.063291 -0.056572
57361 5.0733886 3.4866896 -0.229487 0.387154 -0.352687
57367 2.0001395 3.4863249 0.094658 0.137044 -0.042629
57369 17.380595 3.4862034 -0.277665 0.407786 -0.379086
57373 2.0001394 3.4859603 -0.162029 0.209512 -0.194659
57397 2.0001394 3.4845027 -0.248389 0.556499 -0.491618
57421 27.134975 3.4830463 -0.042117 0.032784 -0.031909
57423 6.0012541 3.4829250 0.161934 0.181724 -0.041697
57427 2.0001393 3.4826824 0.007488 0.152125 -0.100496
57433 4.2366436 3.4823185 0.185846 0.134472 0.091785
57451 4.2535029 3.4812275 0.033669 0.069054 -0.014738
57457 2.0001392 3.4808640 -0.035295 0.263575 -0.203643
57463 9.3378834 3.4805005 0.055296 0.063006 -0.017711
57487 2.0001392 3.4790474 -0.321995 0.434050 -0.407435
57493 2.0001392 3.4786844 0.224960 0.167911 0.137081
57499 5.7830077 3.4783214 -0.078791 0.240328 -0.200914
57513 15.260498 3.4774747 -0.137909 0.199439 -0.182313
57529 2.0001391 3.4765075 -0.339159 0.443228 -0.417742
57531 12.727393 3.4763866 0.219283 0.164714 0.134770
57547 9.3378768 3.4754201 0.090972 0.064191 0.053871
57549 6.0012514 3.4752993 0.136848 0.162938 -0.040184
57553 4.2738699 3.4750578 -0.040137 0.348760 -0.271461
57559 2.0001390 3.4746955 0.041956 0.056136 0.035881
57567 13.867389 3.4742127 0.006786 0.268868 -0.193053
57571 2.0001390 3.4739713 -0.192526 0.371441 -0.331743
57577 13.255518 3.4736093 0.115251 0.088680 0.052792
57589 23.864905 3.4728854 -0.084292 0.049425 -0.043847
57601 2.0001389 3.4721619 0.082581 0.125193 -0.039119
57603 82.451959 3.4720414 -0.031064 0.080612 -0.070210
57619 4.1498046 3.4710772 0.156181 0.117623 0.045544
57621 6.0012498 3.4709568 -0.341488 0.440074 -0.415449
57631 9.3378701 3.4703545 0.027912 0.102735 -0.065446
57637 2.0001388 3.4699932 -0.160187 0.210755 -0.195402
57639 6.0012494 3.4698728 0.014885 0.281167 -0.199313
57649 2.0001388 3.4692709 -0.136929 0.361518 -0.310260
57657 6.0012490 3.4687896 0.049163 0.102780 -0.038619
57667 2.0001387 3.4681880 -0.045263 0.223945 -0.176214
57679 2.0001387 3.4674665 -0.049893 0.342460 -0.269777
57691 4.6024851 3.4667452 -0.179853 0.456004 -0.395767
57693 6.0012482 3.4666251 -0.126002 0.195917 -0.176496
57697 2.0001387 3.4663847 -0.232677 0.462824 -0.413650
57703 5.0733487 3.4660243 0.047309 0.055423 0.031896
57709 2.0001386 3.4656639 -0.132747 0.302073 -0.262473
57711 6.0012479 3.4655438 -0.284054 0.429573 -0.397330
57727 2.0001386 3.4645833 0.237437 0.162434 0.072281
57729 28.040801 3.4644633 -0.101965 0.068467 -0.065104
57733 5.7829865 3.4642232 -0.197148 0.380403 -0.341059
57747 6.0012471 3.4633834 -0.332855 0.434960 -0.409894
57751 2.0001385 3.4631435 -0.149576 0.204898 -0.188638
57757 21.311563 3.4627837 -0.074304 0.129510 -0.117987
57781 2.0001385 3.4613454 -0.265611 0.441249 -0.403331
57787 2.0001384 3.4609860 0.052370 0.130337 -0.061611
57793 2.0001384 3.4606267 -0.132486 0.259212 -0.228553
57801 6.0012459 3.4601477 0.164406 0.136623 0.014767
57811 5.7829795 3.4595492 0.091516 0.078293 0.055340
57819 6.0012455 3.4590705 -0.076449 0.232965 -0.192971
57829 2.0001383 3.4584724 0.066906 0.069707 0.017639
57837 17.380212 3.4579940 -0.274766 0.429493 -0.396415
57841 9.3378537 3.4577549 -0.089759 0.100212 -0.096047
57847 2.0001383 3.4573962 0.000694 0.227177 -0.162570
57853 2.0001383 3.4570377 0.165809 0.129173 0.030223
57859 2.0001383 3.4566792 -0.249130 0.413367 -0.377506
57877 4.6024532 3.4556041 -0.153854 0.207307 -0.191596
57883 9.3378504 3.4552459 0.056097 0.041712 0.033795
57889 13.083369 3.4548878 0.034289 0.155244 -0.094397
57901 2.0001382 3.4541718 -0.333149 0.435502 -0.410411
57907 4.2364518 3.4538139 -0.318975 0.506132 -0.466334
57909 12.772870 3.4536946 0.228790 0.168915 0.136946
57927 6.0012432 3.4526214 0.136342 0.111766 0.086879
57931 5.0733224 3.4523830 -0.012420 0.250070 -0.186147
57943 2.0001381 3.4516680 -0.305609 0.554037 -0.502458
57973 2.0001380 3.4498818 0.082015 0.149054 -0.061816
57979 4.4963260 3.4495248 0.096110 0.082931 0.052572
57991 2.0001380 3.4488110 -0.277142 0.558300 -0.499763
57999 6.0012417 3.4483353 -0.175384 0.369368 -0.326198
58009 9.3378406 3.4477409 0.045006 0.107740 -0.061849
58027 2.0001379 3.4466714 -0.336285 0.441034 -0.415531
58039 4.1665500 3.4459588 0.213040 0.159980 0.130224
58051 9.3378373 3.4452464 0.049749 0.036827 0.028340
58053 13.558241 3.4451277 0.052448 0.058697 0.027445
58057 2.0001378 3.4448904 -0.159025 0.210182 -0.194796
58063 4.6024216 3.4445344 0.093049 0.080121 0.037527
58071 17.380022 3.4440599 -0.101351 0.186842 -0.164966
58093 21.016777 3.4427556 -0.090431 0.056422 -0.052442
58099 2.0001377 3.4424000 -0.112093 0.293187 -0.250170
58107 28.040536 3.4419261 -0.000877 0.127190 -0.095711
58111 2.0001377 3.4416892 -0.289505 0.459363 -0.422714
58129 2.0001376 3.4406234 0.011322 0.167884 -0.111789
58143 6.0012386 3.4397950 0.034336 0.155079 -0.091470
58147 2.0001376 3.4395584 0.044104 0.104242 -0.043273
58153 2.0001376 3.4392035 -0.323047 0.447937 -0.419234
58159 5.0732963 3.4388487 -0.224083 0.452331 -0.403886
58161 6.0012382 3.4387304 0.069567 0.068558 0.026808
58171 2.0001375 3.4381393 -0.154744 0.235614 -0.214729
58177 9.3378275 3.4377847 -0.037379 0.140516 -0.117578
58189 2.0001375 3.4370757 0.024102 0.047494 0.006972
58197 15.259784 3.4366033 -0.088228 0.210817 -0.179723
58207 2.0001374 3.4360129 0.328051 0.223005 0.173771
58219 9.3378243 3.4353046 -0.094277 0.058610 -0.054369
58231 2.0001374 3.4345967 0.173902 0.126846 0.085130
58237 2.0001374 3.4342428 -0.147336 0.456437 -0.387486
58243 2.0001374 3.4338891 -0.247263 0.452670 -0.408833
58249 4.6023901 3.4335353 0.048649 0.075435 -0.012207
58251 6.0012363 3.4334175 -0.305194 0.561488 -0.508413
58269 6.0012359 3.4323568 0.092269 0.212589 -0.111070
58273 5.0732833 3.4321212 0.239984 0.174295 0.142427
58279 5.7829377 3.4317679 -0.281109 0.414157 -0.385033
58287 6.0012355 3.4312969 0.036208 0.071813 -0.016644
58297 4.1999964 3.4307083 -0.119187 0.306475 -0.262561
58303 9.3378178 3.4303552 -0.072721 0.133613 -0.120901
58309 2.0001372 3.4300022 -0.089813 0.233936 -0.197693
58321 2.0001372 3.4292965 -0.179553 0.451602 -0.392192
58323 6.0012348 3.4291789 -0.120898 0.211054 -0.187616
58341 6.0012344 3.4281209 -0.219265 0.484694 -0.428047
58363 2.0001371 3.4268286 -0.146282 0.457050 -0.387707
58369 2.0001371 3.4264764 -0.339773 0.442406 -0.417240
58381 4.2362630 3.4257721 -0.071765 0.287880 -0.234551
58387 23.861865 3.4254200 -0.066071 0.062525 -0.060688
58393 2.0001370 3.4250681 0.009687 0.258338 -0.183737
58411 2.0001370 3.4240126 -0.245898 0.626782 -0.546724
58413 6.0012329 3.4238954 0.042125 0.055344 0.035178
58417 2.0001370 3.4236609 0.044521 0.056328 0.035382
58423 4.4962386 3.4233093 -0.084005 0.234874 -0.196973
58431 6.0012325 3.4228406 0.042290 0.053684 0.023974
58441 2.0001369 3.4222549 0.212911 0.159051 0.128836
58447 4.1370353 3.4219036 -0.326407 0.485815 -0.451116
58449 6.0012321 3.4217865 -0.132284 0.313616 -0.271619
58453 2.0001369 3.4215524 -0.327182 0.473096 -0.440775
58467 6.0012317 3.4207331 -0.045212 0.368107 -0.288372
58471 9.3378049 3.4204991 -0.011107 0.060120 -0.047220
58477 2.0001368 3.4201481 0.016433 0.285338 -0.202297
58501 5.0732575 3.4187450 0.059463 0.060600 0.031936
58503 6.0012310 3.4186281 -0.180209 0.480430 -0.415053
58513 27.131745 3.4180439 -0.000944 0.027382 -0.019987
58519 4.1580247 3.4176934 -0.015343 0.161825 -0.117630
58521 6.0012306 3.4175766 -0.160944 0.212975 -0.197527
58537 2.0001367 3.4166425 -0.254404 0.577218 -0.509675
58539 46.253037 3.4165257 0.172331 0.124880 0.096663
58543 2.0001367 3.4162923 0.149475 0.116466 0.086988
58549 2.0001366 3.4159422 -0.005468 0.254036 -0.186103
58561 4.1490692 3.4152422 -0.158654 0.216068 -0.199660
58567 2.0001366 3.4148923 0.048064 0.107715 -0.044439
58573 2.0001366 3.4145425 -0.230997 0.438393 -0.393944
58579 2.0001366 3.4141928 -0.182435 0.418126 -0.366586
58591 5.7829102 3.4134935 -0.057927 0.253937 -0.205567
58593 6.0012291 3.4133770 -0.300539 0.556035 -0.503115
58603 2.0001365 3.4127946 -0.157071 0.212153 -0.196156
58611 28.040187 3.4123287 0.164771 0.103855 0.079350
58629 6.0012283 3.4112811 -0.259076 0.506824 -0.454799
58639 9.3377921 3.4106994 -0.056595 0.083088 -0.076825
58657 2.0001364 3.4096527 -0.248267 0.404035 -0.369914
58669 5.7829033 3.4089553 0.088341 0.073903 0.030953
58683 13.865674 3.4081421 0.029384 0.047390 0.027321
58687 2.0001363 3.4079098 -0.058051 0.185809 -0.150877
58693 2.0001363 3.4075614 0.141023 0.155988 -0.030942
58699 2.0001363 3.4072131 -0.322883 0.445139 -0.416952
58711 2.0001363 3.4065167 0.152521 0.115400 0.041998
58723 9.3377857 3.4058205 -0.056854 0.135138 -0.118532
58737 28.040100 3.4050088 -0.008146 0.062285 -0.047935
58741 2.0001362 3.4047769 -0.181846 0.399339 -0.351629
58747 5.7828965 3.4044292 -0.281368 0.416712 -0.387233
58759 4.2734595 3.4037339 -0.150724 0.242645 -0.219712
58771 2.0001361 3.4030389 -0.043151 0.300898 -0.235668
58789 2.0001361 3.4019970 -0.249529 0.460749 -0.415891
58791 6.0012249 3.4018812 0.040761 0.092734 -0.035049
58801 4.1660733 3.4013027 -0.011920 0.301849 -0.225738
58807 21.753179 3.4009557 -0.046488 0.049399 -0.047204
58809 6.0012246 3.4008400 0.303925 0.198269 0.123735
58813 4.1909750 3.4006087 -0.147137 0.236024 -0.213609
58827 6.0012242 3.3997994 -0.086598 0.288631 -0.239645
58831 2.0001360 3.3995683 -0.168185 0.381441 -0.334179
58863 28.040014 3.3977201 -0.103423 0.061446 -0.055107
58879 4.1997183 3.3967968 0.126544 0.154799 -0.040127
58881 15.259086 3.3966814 -0.311242 0.448122 -0.417819
58897 2.0001358 3.3957587 0.055697 0.208470 -0.125419
58909 2.0001358 3.3950670 -0.158751 0.385214 -0.334816
58921 2.0001358 3.3943755 0.111685 0.093386 0.028401
58933 9.3377699 3.3936844 -0.060643 0.101690 -0.092733
58953 13.347597 3.3925330 -0.014544 0.267962 -0.200499
58963 2.0001357 3.3919577 0.042557 0.061117 0.001524
58969 4.1833112 3.3916125 -0.154976 0.220220 -0.202435
58987 4.2984824 3.3905776 0.236496 0.170878 0.136493
59011 2.0001356 3.3891986 -0.122155 0.221412 -0.196325
59017 9.3377635 3.3888541 -0.017382 0.068439 -0.055716
59023 2.0001355 3.3885096 0.014354 0.268728 -0.190309
59029 2.0001355 3.3881651 0.186631 0.132000 0.081141
59043 6.0012197 3.3873618 0.105079 0.089548 0.026981
59053 2.0001355 3.3867881 -0.013907 0.164022 -0.119014
59061 6.0012193 3.3863294 0.044651 0.107405 -0.046415
59071 5.0731938 3.3857561 0.049354 0.056370 0.036194
59077 2.0001354 3.3854123 -0.340580 0.444930 -0.419554
59083 2.0001354 3.3850685 -0.308989 0.563318 -0.510811
59089 4.4961099 3.3847247 0.037260 0.051115 0.030150
59097 6.0012186 3.3842665 -0.249242 0.433726 -0.394168
59101 9.3377572 3.3840375 -0.015979 0.057641 -0.046886
59107 2.0001354 3.3836940 -0.052941 0.240990 -0.192413
59113 2.0001353 3.3833505 0.188135 0.145413 0.026110
59119 2.0001353 3.3830072 -0.327623 0.494286 -0.458374
59137 5.7828627 3.3819774 -0.051101 0.177556 -0.144152
59149 2.0001353 3.3812913 -0.085456 0.231258 -0.194602
59151 6.0012175 3.3811770 -0.072419 0.180737 -0.151312
59161 4.2733265 3.3806055 -0.279772 0.668739 -0.588269
59167 2.0001352 3.3802626 -0.337249 0.446741 -0.420583
59187 12.738660 3.3791204 0.128818 0.157771 -0.041771
59197 2.0001352 3.3785496 0.052331 0.059627 0.037893
59203 4.2528599 3.3782072 -0.317612 0.454663 -0.424053
59209 2.0001351 3.3778649 -0.176546 0.459656 -0.397949
59221 2.0001351 3.3771804 0.170449 0.216327 -0.071054
59223 15.258744 3.3770663 -0.313612 0.434631 -0.407075
59227 9.3377478 3.3768383 0.003180 0.035726 -0.022864
59233 2.0001351 3.3764962 -0.152780 0.235176 -0.214177
59239 2.0001351 3.3761542 0.075896 0.122208 -0.041663
59251 4.1385789 3.3754705 -0.223951 0.464800 -0.413540
59259 6.0012153 3.3750148 -0.270160 0.452851 -0.413861
59263 2.0001350 3.3747870 -0.087263 0.231397 -0.195247
59269 9.3377447 3.3744453 -0.060291 0.137668 -0.121387
59277 6.0012149 3.3739899 -0.048570 0.243800 -0.193248
59281 2.0001350 3.3737623 0.031279 0.051752 0.004906
59293 5.7828493 3.3730795 -0.219698 0.417411 -0.375821
59299 5.0731686 3.3727382 0.264778 0.185010 0.146884
59311 21.301369 3.3720558 -0.097392 0.057902 -0.051939
59329 4.2358947 3.3710327 -0.256663 0.458596 -0.415778
59331 6.0012138 3.3709191 -0.154848 0.216025 -0.199039
59341 2.0001348 3.3703510 0.151281 0.112277 0.070057
59349 12.885849 3.3698967 -0.339280 0.445638 -0.420000
59353 20.568508 3.3696696 -0.062186 0.036989 -0.034352
59359 2.0001348 3.3693290 -0.157182 0.223577 -0.205658
59371 5.7828427 3.3686480 -0.178280 0.416402 -0.365515
59377 2.0001347 3.3683076 -0.102048 0.408807 -0.337844
59383 4.4230676 3.3679673 0.028918 0.046370 0.024429
59403 6.0012123 3.3668333 -0.013743 0.166921 -0.121362
59407 2.0001347 3.3666066 0.182287 0.128866 0.068078
59419 2.0001346 3.3659267 -0.340677 0.447044 -0.421378
59431 4.1906676 3.3652471 -0.140630 0.218802 -0.198469
59439 6.0012116 3.3647942 0.175388 0.125079 0.064003
59443 2.0001346 3.3645677 0.027760 0.158748 -0.098036
59457 6.0012112 3.3637755 -0.157812 0.220581 -0.203350
59461 4.1994456 3.3635492 -0.339603 0.446665 -0.420914
59467 2.0001345 3.3632098 0.056509 0.060552 0.023365
59473 2.0001345 3.3628705 -0.130606 0.307585 -0.266678
59493 28.039590 3.3617400 -0.015286 0.012403 -0.010405
59497 2.0001345 3.3615140 -0.321661 0.449648 -0.420592
59503 4.1483573 3.3611751 -0.253687 0.759937 -0.653534
59509 2.0001344 3.3608362 0.117819 0.098114 0.073538
59527 14.884076 3.3598199 -0.043233 0.210498 -0.168112
59529 6.0012097 3.3597070 -0.056956 0.346109 -0.275432
59533 4.4960257 3.3594813 0.222216 0.161452 0.128561
59539 2.0001344 3.3591427 -0.332225 0.448045 -0.420945
59557 2.0001343 3.3581275 -0.158729 0.216282 -0.200019
59563 20.497441 3.3577892 0.071981 0.110918 -0.051252
59581 2.0001343 3.3567748 -0.309598 0.567334 -0.514246
59583 6.0012086 3.3566621 -0.132994 0.221174 -0.198740
59601 6.0012083 3.3556484 -0.286920 0.461498 -0.424183
59611 2.0001342 3.3550855 0.023781 0.174131 -0.112186
59617 2.0001342 3.3547478 0.038559 0.083175 -0.027846
59623 4.1829694 3.3544102 -0.273696 0.433903 -0.399234
59629 2.0001342 3.3540727 -0.282254 0.590397 -0.526774
59637 12.749078 3.3536228 -0.093984 0.386135 -0.317929
59641 11.820339 3.3533978 0.016074 0.244297 -0.171797
59647 9.3377167 3.3530605 -0.007683 0.055881 -0.042871
59659 2.0001341 3.3523861 0.045013 0.109667 -0.048601
59671 2.0001341 3.3517119 -0.303772 0.448306 -0.416485
59673 6.0012068 3.3515996 0.131896 0.106842 0.026237
59683 5.7828162 3.3510380 -0.012864 0.168291 -0.124274
59689 9.3377136 3.3507011 0.094421 0.065185 0.013828
59707 2.0001340 3.3496910 -0.307853 0.569919 -0.515980
59709 17.378738 3.3495788 -0.097935 0.203050 -0.177302
59713 4.1357505 3.3493544 -0.254773 0.409409 -0.375709
59727 13.346070 3.3485693 -0.306299 0.450690 -0.418945
59743 2.0001339 3.3476725 0.032853 0.048081 0.024057
59761 5.7828096 3.3466642 0.086913 0.072471 0.045036
59773 9.3377075 3.3459923 -0.095080 0.060975 -0.057174
59779 2.0001338 3.3456565 -0.091928 0.254842 -0.215034
59781 6.0012046 3.3455446 -0.015870 0.167860 -0.123024
59791 2.0001338 3.3449850 -0.290288 0.455566 -0.420013
59797 2.0001338 3.3446494 -0.152929 0.434744 -0.372379
59799 13.864024 3.3445375 0.045533 0.056722 0.010698
59803 4.2357149 3.3443138 0.111697 0.101916 0.009323
59809 2.0001338 3.3439783 -0.115960 0.222473 -0.195862
59817 12.714172 3.3435311 0.040223 0.086415 -0.030145
59821 4.1458149 3.3433075 -0.124392 0.221846 -0.197379
59833 2.0001337 3.3426370 -0.129489 0.396760 -0.336355
59839 5.7828030 3.3423018 -0.256891 0.415107 -0.381595
59863 2.0001336 3.3409619 -0.137468 0.311575 -0.271646
59871 28.039340 3.3405154 0.138944 0.089527 0.026947
59887 2.0001336 3.3396230 0.075983 0.072538 0.049975
59889 6.0012025 3.3395114 -0.305967 0.603327 -0.542382
59899 21.003375 3.3389539 -0.091431 0.054171 -0.048701
59907 15.258071 3.3385080 -0.018059 0.239072 -0.180222
59911 4.1404309 3.3382851 0.366401 0.241089 0.181810
59923 4.6021159 3.3376166 -0.183255 0.401307 -0.353919
59929 2.0001335 3.3372825 0.125553 0.102085 0.076527
59941 9.3376952 3.3366143 0.018761 0.112948 -0.077475
59947 4.1506638 3.3362804 -0.085804 0.259876 -0.217287
59971 2.0001334 3.3349452 0.052508 0.145954 -0.076093
59977 4.4959427 3.3346116 -0.135224 0.225956 -0.203260
59979 6.0012007 3.3345004 -0.173135 0.434420 -0.377401
59997 28.039257 3.3335000 -0.044364 0.191662 -0.159476
60013 2.0001333 3.3326113 0.045204 0.051305 0.024318
60033 6.0011996 3.3315010 -0.139144 0.227972 -0.204034
60037 2.0001333 3.3312790 0.137772 0.097483 0.035110
60043 4.1991782 3.3309462 -0.298114 0.411779 -0.376930
60051 13.554766 3.3305024 0.075296 0.069088 0.044605
60067 9.3376861 3.3296153 0.137308 0.091655 0.076404
60069 6.0011989 3.3295044 0.043928 0.053863 0.031892
60073 5.7827834 3.3292827 -0.087787 0.217240 -0.184941
60079 4.2525526 3.3289502 0.218020 0.156802 0.123181
60087 6.0011985 3.3285070 -0.132529 0.189610 -0.172529
60091 2.0001331 3.3282854 -0.316281 0.400970 -0.370685
60097 5.0730822 3.3279531 0.070630 0.087250 -0.023205
60103 2.0001331 3.3276209 -0.129161 0.195892 -0.176891
60109 21.746122 3.3272888 0.028088 0.051255 -0.026233
60127 2.0001331 3.3262927 -0.273422 0.498075 -0.441106
60133 2.0001330 3.3259608 -0.259000 0.409680 -0.368984
60139 2.0001330 3.3256290 0.140269 0.110738 0.084141
60141 6.0011974 3.3255184 -0.210734 0.412376 -0.362035
60151 27.127121 3.3249655 0.022720 0.016455 0.012453
60157 4.4229023 3.3246339 0.007037 0.168313 -0.119216
60169 2.0001330 3.3239708 -0.223152 0.403728 -0.357757
60177 17.378384 3.3235289 0.207833 0.144496 0.112009
60187 4.1569196 3.3229767 0.000720 0.248124 -0.182238
60193 9.3376769 3.3226455 -0.012645 0.048869 -0.039509
60199 4.4959017 3.3223143 -0.151533 0.193214 -0.178594
60211 5.0730700 3.3216522 -0.300617 0.400801 -0.368352
60213 6.0011960 3.3215419 0.102573 0.214285 -0.116386
60217 2.0001329 3.3213212 -0.338801 0.411490 -0.382146
60223 2.0001328 3.3209903 0.245438 0.168701 0.129191
60249 72.863492 3.3195572 0.066188 0.045636 0.037197
60259 2.0001328 3.3190063 -0.323188 0.421458 -0.388323
60267 6.0011949 3.3185657 -0.334277 0.409059 -0.379592
60271 2.0001327 3.3183455 -0.019631 0.228124 -0.173658
60277 20.411259 3.3180152 -0.096464 0.065010 -0.060981
60289 2.0001327 3.3173547 0.134327 0.097076 0.059375
60303 6.0011942 3.3165846 0.030993 0.044495 0.005753
60307 5.7827640 3.3163646 0.086372 0.074051 0.053404
60321 6.0011939 3.3155949 0.148172 0.110072 0.078798
60331 2.0001326 3.3150453 0.096539 0.092786 -0.008977
60337 2.0001326 3.3147157 -0.293273 0.388653 -0.357524
60339 6.0011935 3.3146058 0.029390 0.219968 -0.150775
60343 2.0001326 3.3143861 -0.237066 0.452624 -0.398603
60361 9.3376648 3.3133977 -0.030200 0.129801 -0.105617
60373 2.0001325 3.3127391 0.038878 0.048545 0.023419
60397 2.0001325 3.3114228 -0.067423 0.158544 -0.134406
60403 9.3376618 3.3110938 -0.028519 0.041936 -0.037947
60409 4.1375319 3.3107650 -0.099070 0.293820 -0.245805
60411 17.378209 3.3106553 -0.090455 0.165657 -0.145808
60427 2.0001324 3.3097787 -0.233625 0.404513 -0.360361
60429 6.0011917 3.3096692 0.079652 0.066615 0.028457
60433 4.1340790 3.3094501 0.041636 0.049497 0.007169
60439 5.0730459 3.3091216 -0.062622 0.255967 -0.207687
60447 6.0011914 3.3086836 0.107431 0.081566 0.026212
60451 4.2980501 3.3084647 -0.122548 0.210809 -0.187341
60457 2.0001323 3.3081364 0.234796 0.168391 0.134292
60463 5.7827511 3.3078081 -0.268062 0.448080 -0.400882
60481 4.6020278 3.3068236 -0.059388 0.156995 -0.131257
60483 6.0011907 3.3067143 -0.197150 0.352412 -0.312652
60487 9.3376558 3.3064956 -0.054873 0.146210 -0.124188
60493 2.0001323 3.3061677 -0.136140 0.188513 -0.172303
60501 65.663818 3.3057305 -0.035541 0.075007 -0.065187
60517 4.2524023 3.3048565 0.094550 0.112660 -0.032644
60519 6.0011899 3.3047473 -0.234075 0.366855 -0.330780
60529 9.3376528 3.3042013 -0.051059 0.124019 -0.106310
60541 5.7827447 3.3035464 0.091291 0.074804 0.052343
60553 5.0730338 3.3028917 -0.250027 0.384089 -0.347158
60573 12.999195 3.3018011 0.243522 0.173463 0.138665
60589 2.0001320 3.3009292 -0.292576 0.415274 -0.378901
60591 15.257413 3.3008203 -0.105174 0.295290 -0.248617
60601 2.0001320 3.3002756 0.026673 0.044083 0.021818
60607 2.0001320 3.2999489 -0.113405 0.180607 -0.161853
60619 5.7827383 3.2992956 -0.088860 0.196572 -0.169362
60627 28.038848 3.2988602 0.020026 0.027385 -0.009544
60631 2.0001320 3.2986426 -0.273375 0.416132 -0.376530
60637 2.0001319 3.2983162 -0.330602 0.413528 -0.382798
60649 2.0001319 3.2976636 -0.156644 0.195724 -0.181399
60661 2.0001319 3.2970113 -0.027395 0.204273 -0.158027
60663 12.881669 3.2969026 -0.063601 0.180949 -0.150651
60667 12.104651 3.2966852 0.072901 0.067144 0.045923
60679 2.0001319 3.2960332 -0.339781 0.413544 -0.383940
60699 6.0011864 3.2949472 0.045038 0.087542 -0.037897
60703 2.0001318 3.2947301 0.086299 0.158623 -0.078426
60717 13.553658 3.2939704 -0.009668 0.138629 -0.102329
60727 2.0001317 3.2934280 0.031601 0.043653 0.013644
60733 2.0001317 3.2931026 -0.010097 0.203597 -0.152038
60739 9.3376379 3.2927773 0.115255 0.079785 0.003600
60751 4.2353638 3.2921269 0.051859 0.088202 -0.034803
60757 2.0001317 3.2918018 -0.325962 0.475464 -0.432319
60763 2.0001317 3.2914767 -0.332599 0.421131 -0.389284
60769 4.2728120 3.2911517 0.221281 0.149508 0.108198
60781 23.853225 3.2905020 0.100526 0.058734 0.034952
60793 2.0001316 3.2898525 0.049590 0.052243 0.023324
60799 4.1450802 3.2895278 -0.292041 0.522584 -0.463797
60807 6.0011843 3.2890950 0.278077 0.192553 0.153432
60811 2.0001316 3.2888787 0.174200 0.115447 0.054481
60817 4.2979453 3.2885542 0.050075 0.242340 -0.160389
60823 9.3376319 3.2882298 -0.013235 0.010361 -0.008886
60853 13.628510 3.2866087 0.208311 0.147529 0.117869
60859 2.0001315 3.2862847 0.052228 0.165240 -0.099330
60861 6.0011833 3.2861767 -0.239921 0.390708 -0.350654
60879 82.366312 3.2852051 -0.047825 0.028040 -0.024856
60889 2.0001314 3.2846655 -0.261326 0.419799 -0.377390
60901 2.0001314 3.2840183 -0.113334 0.208735 -0.183826
60913 2.0001313 3.2833714 -0.137050 0.187061 -0.171313
60919 2.0001313 3.2830480 0.043609 0.061033 -0.011609
60931 13.226102 3.2824014 -0.208389 0.393076 -0.346677
60933 15.257089 3.2822937 0.068509 0.088612 -0.026409
60937 2.0001313 3.2820782 0.340647 0.229458 0.183768
60943 2.0001313 3.2817551 -0.156215 0.196166 -0.181699
60949 9.3376230 3.2814320 -0.087495 0.050858 -0.045264
60961 2.0001312 3.2807861 0.077830 0.070632 0.046519
60969 6.0011812 3.2803556 -0.087077 0.234907 -0.197897
60991 9.3376201 3.2791723 -0.090788 0.086034 -0.081713
60997 4.1395294 3.2788498 -0.068803 0.159374 -0.135460
61021 4.1563900 3.2775602 0.049794 0.052267 0.023950
61023 6.0011801 3.2774528 -0.318812 0.474708 -0.430586
61027 2.0001311 3.2772379 -0.130099 0.204547 -0.183935
61033 9.3376171 3.2769158 -0.059505 0.182003 -0.152622
61041 6.0011798 3.2764863 -0.001051 0.148223 -0.106700
61051 2.0001310 3.2759496 -0.166715 0.385913 -0.332263
61057 2.0001310 3.2756277 -0.332149 0.445274 -0.408893
61059 6.0011794 3.2755204 0.109731 0.100534 -0.008427
61077 6.0011791 3.2745551 0.111499 0.082639 0.031555
61087 13.377570 3.2740190 0.145257 0.096841 0.038458
61093 4.1359397 3.2736975 -0.192757 0.375197 -0.329537
61099 2.0001309 3.2733760 -0.305404 0.469813 -0.424513
61113 17.377692 3.2726261 -0.273462 0.435569 -0.391921
61117 9.3376112 3.2724119 -0.090614 0.073566 -0.070253
61123 5.0729744 3.2720907 -0.011886 0.211248 -0.158839
61129 2.0001309 3.2717695 0.120855 0.090487 0.021079
61141 2.0001309 3.2711274 -0.317891 0.520754 -0.467010
61153 2.0001308 3.2704855 -0.091465 0.205224 -0.176228
61159 9.3376083 3.2701647 0.126613 0.074781 0.048578
61167 6.0011773 3.2697369 -0.109419 0.275074 -0.234070
61189 4.4226884 3.2685613 0.058705 0.095714 -0.038265
61207 4.1986589 3.2676001 -0.047158 0.217440 -0.173964
61221 6.0011763 3.2668529 -0.153932 0.200353 -0.184738
61231 2.0001307 3.2663193 0.029713 0.043821 0.019961
61243 27.124176 3.2656793 -0.022950 0.023275 -0.022102
61257 28.038448 3.2649330 -0.079253 0.046177 -0.041457
61261 2.0001306 3.2647198 -0.310172 0.478511 -0.432215
61291 2.0001305 3.2631218 -0.145291 0.199178 -0.182400
61293 6.0011749 3.2630154 -0.101521 0.263541 -0.223357
61297 2.0001305 3.2628024 0.106017 0.109903 -0.022425
61309 4.4957011 3.2621638 -0.238773 0.380307 -0.342241
61327 9.3375966 3.2612063 0.053232 0.057433 -0.018056
61329 6.0011742 3.2611000 0.090835 0.078763 0.054845
61333 2.0001304 3.2608873 -0.129427 0.199800 -0.180082
61339 2.0001304 3.2605683 0.088561 0.071065 0.022635
61351 5.0729509 3.2599306 -0.291730 0.420800 -0.383150
61357 2.0001304 3.2596118 0.110620 0.087546 0.012598
61363 2.0001304 3.2592931 -0.043936 0.260663 -0.205803
61381 2.0001303 3.2583373 0.030757 0.044867 0.022225
61383 66.136566 3.2582311 0.007086 0.057207 -0.039613
61399 5.7826752 3.2573820 0.145071 0.105561 0.078605
61401 12.757987 3.2572759 -0.288093 0.527420 -0.466842
61411 21.739369 3.2567455 -0.085758 0.051788 -0.046891
61417 2.0001303 3.2564274 -0.123365 0.182775 -0.165508
61437 6.0011722 3.2553673 0.035255 0.045191 0.008421
61441 2.0001302 3.2551554 0.166613 0.120629 0.017638
61447 4.4226361 3.2548375 -0.129101 0.186709 -0.169687
61453 9.3375878 3.2545197 -0.031512 0.106087 -0.087985
61471 2.0001302 3.2535667 -0.189171 0.353124 -0.311662
61473 13.861661 3.2534609 -0.108023 0.178593 -0.159300
61477 5.7826690 3.2532492 -0.245754 0.372589 -0.337271
61483 2.0001301 3.2529317 0.267151 0.179558 0.137152
61491 12.740948 3.2525085 -0.338754 0.419846 -0.388974
61507 2.0001301 3.2516624 0.160307 0.120066 0.091161
61519 2.0001300 3.2510281 -0.254908 0.420392 -0.376729
61527 6.0011704 3.2506054 -0.305315 0.597745 -0.525029
61531 4.4956619 3.2503941 -0.131487 0.291222 -0.251610
61543 2.0001300 3.2497603 -0.074882 0.221089 -0.184307
61549 4.2977394 3.2494435 0.222950 0.146681 0.100726
61561 2.0001300 3.2488101 -0.171991 0.382757 -0.331016
61563 6.0011698 3.2487046 0.073912 0.065333 0.038140
61573 4.2725648 3.2481770 -0.136986 0.189428 -0.173223
61579 23.850496 3.2478605 -0.056461 0.124379 -0.107817
61581 17.377354 3.2477550 0.161288 0.107437 0.068497
61597 4.6018565 3.2469114 -0.224613 0.423048 -0.373146
61599 6.0011691 3.2468060 -0.145493 0.198554 -0.181943
61603 2.0001299 3.2465951 -0.311799 0.475248 -0.429881
61609 2.0001299 3.2462790 0.050289 0.110872 -0.056029
61621 9.3375762 3.2456468 0.043783 0.031459 0.023184
61627 2.0001298 3.2453308 0.007573 0.149552 -0.104769
61651 2.0001298 3.2440674 0.146865 0.107185 0.075138
61653 6.0011681 3.2439622 -0.154566 0.366761 -0.314847
61657 2.0001298 3.2437517 -0.061433 0.315369 -0.252235
61671 12.996365 3.2430154 -0.125142 0.201036 -0.180262
61681 2.0001297 3.2424896 -0.337292 0.418814 -0.387940
61687 2.0001297 3.2421742 -0.285407 0.530180 -0.468489
61689 6.0011674 3.2420691 0.146225 0.109186 0.079653
61707 12.930379 3.2411234 0.063574 0.088172 -0.028304
61717 2.0001296 3.2405982 0.223475 0.142170 0.082545
61723 2.0001296 3.2402832 -0.329253 0.470305 -0.428665
61729 2.0001296 3.2399682 -0.294027 0.421821 -0.384359
61747 9.3375676 3.2390238 -0.021068 0.053328 -0.045174
61753 4.4956229 3.2387091 -0.047512 0.216257 -0.173282
61759 4.1494247 3.2383944 0.059727 0.060030 0.037291
61771 4.1327379 3.2377653 -0.294039 0.422079 -0.384567
61777 4.1443690 3.2374508 0.036383 0.046969 0.023961
61779 6.0011657 3.2373460 -0.263425 0.426639 -0.383160
61783 4.6018286 3.2371364 0.009531 0.222329 -0.160000
61797 6.0011653 3.2364031 -0.143658 0.258022 -0.228489
61807 5.0729045 3.2358794 -0.316567 0.411280 -0.379011
61813 2.0001294 3.2355653 -0.320437 0.526463 -0.471958
61819 2.0001294 3.2352513 0.070013 0.060950 0.021773
61833 6.0011647 3.2345188 0.068361 0.064744 0.041565
61837 2.0001294 3.2343096 -0.122823 0.207964 -0.185233
61843 2.0001294 3.2339958 0.147898 0.127220 -0.010897
61849 4.1642849 3.2336820 -0.218274 0.371353 -0.331507
61861 2.0001293 3.2330548 0.216453 0.148992 0.111527
61867 5.7826382 3.2327412 -0.088885 0.201832 -0.173483
61873 9.3375590 3.2324277 0.059376 0.037274 0.019669
61879 2.0001293 3.2321143 -0.072000 0.163145 -0.139242
61903 4.1894997 3.2308612 0.123815 0.089385 0.029409
61909 2.0001292 3.2305481 -0.013045 0.227052 -0.170976
61921 5.0728930 3.2299220 -0.085529 0.301660 -0.248587
61923 6.0011630 3.2298177 -0.091190 0.209056 -0.179167
61927 2.0001292 3.2296091 0.093539 0.075930 0.047605
61933 2.0001292 3.2292962 -0.303262 0.417630 -0.382369
61959 15.256140 3.2279411 0.144983 0.100870 0.064409
61969 4.6018008 3.2274202 0.053078 0.092550 -0.038971
61977 12.877669 3.2270036 -0.007727 0.146261 -0.107689
61981 2.0001291 3.2267953 -0.263978 0.427137 -0.383651
61987 2.0001291 3.2264830 0.106824 0.080205 0.026574
62011 2.0001290 3.2252342 0.107853 0.083717 0.016571
62013 28.037979 3.2251302 -0.021000 0.053658 -0.045416
62017 2.0001290 3.2249222 -0.190016 0.416590 -0.361016
62041 9.3375475 3.2236747 -0.045792 0.051601 -0.048437
62047 2.0001289 3.2233629 -0.124196 0.276266 -0.238460
62049 42.855219 3.2232590 -0.077490 0.222069 -0.186302
62053 2.0001289 3.2230513 0.036071 0.046701 0.023921
62059 4.1321015 3.2227397 -0.240154 0.531590 -0.460459
62071 2.0001289 3.2221166 0.105728 0.079026 0.039045
62103 12.701948 3.2204563 -0.106284 0.291959 -0.246288
62119 2.0001288 3.2196268 -0.141836 0.193716 -0.177478
62121 6.0011593 3.2195232 -0.194203 0.369502 -0.325426
62131 2.0001288 3.2190050 -0.124964 0.214148 -0.190510
62137 2.0001288 3.2186942 0.106873 0.080220 0.026173
62143 2.0001287 3.2183834 -0.264558 0.428187 -0.384581
62149 5.0728701 3.2180727 -0.308532 0.405254 -0.373009
62157 6.0011586 3.2176585 -0.331126 0.421009 -0.388944
62173 4.2348574 3.2168305 -0.006294 0.200144 -0.148393
62179 5.7826137 3.2165200 0.111448 0.085890 0.062585
62191 2.0001286 3.2158994 -0.212773 0.360211 -0.321743
62193 6.0011579 3.2157960 0.079743 0.067188 0.038052
62209 9.3375361 3.2149689 -0.089972 0.052533 -0.046681
62221 4.4224817 3.2143489 0.237322 0.150768 0.095322
62229 6.0011572 3.2139356 -0.052126 0.269984 -0.215307
62233 2.0001286 3.2137291 -0.318795 0.553153 -0.492700
62239 4.1816746 3.2134192 0.052985 0.078941 -0.025842
62247 6.0011569 3.2130062 -0.229498 0.422718 -0.373838
62251 9.3375333 3.2127998 0.098356 0.065798 0.053476
62257 5.7826077 3.2124902 -0.087660 0.170977 -0.149433
62269 4.2518223 3.2118711 -0.303518 0.417615 -0.382384
62281 4.2975383 3.2112522 0.052843 0.092178 -0.038626
62283 17.376857 3.2111491 -0.282179 0.395612 -0.361367
62287 4.1348934 3.2109429 -0.098593 0.236639 -0.202122
62299 2.0001284 3.2103244 0.085184 0.245477 -0.149166
62301 15.255831 3.2102213 -0.120731 0.209988 -0.186528
62311 2.0001284 3.2097062 -0.319958 0.534465 -0.478189
62319 6.0011556 3.2092941 0.108770 0.081265 0.025838
62323 2.0001284 3.2090881 0.032018 0.044212 0.021090
62329 4.1463520 3.2087792 0.024885 0.138352 -0.089646
62341 4.6017457 3.2081616 0.051936 0.169518 -0.103378
62347 2.0001283 3.2078528 0.045994 0.049095 0.019138
62371 4.1981591 3.2066185 -0.051952 0.222995 -0.179664
62383 2.0001282 3.2060016 -0.097098 0.196150 -0.170621
62391 28.037749 3.2055905 -0.086775 0.094263 -0.088534
62401 2.0001282 3.2050768 -0.323615 0.486894 -0.441061
62413 5.7825956 3.2044606 0.006700 0.206797 -0.149973
62419 21.282530 3.2041526 0.144911 0.087337 0.064384
62427 6.0011536 3.2037420 -0.117275 0.208838 -0.184816
62461 9.3375192 3.2019980 -0.087856 0.051247 -0.045571
62467 2.0001281 3.2016905 -0.132417 0.345500 -0.293482
62473 2.0001281 3.2013830 0.044081 0.049071 0.008320
62479 4.4224310 3.2010756 -0.327394 0.456347 -0.417121
62497 2.0001280 3.2001536 -0.009163 0.155348 -0.115200
62503 9.3375163 3.1998464 -0.076282 0.044103 -0.039430
62517 82.326914 3.1991298 -0.021000 0.024137 -0.022605
62521 4.1892222 3.1989252 -0.323197 0.413469 -0.381730
62527 4.6017185 3.1986182 -0.207980 0.437733 -0.381189
62533 2.0001279 3.1983113 0.228530 0.144523 0.084523
62539 2.0001279 3.1980044 -0.137582 0.194732 -0.177580
62563 2.0001279 3.1967776 -0.112705 0.321323 -0.270289
62569 5.7825836 3.1964711 -0.178692 0.386299 -0.335387
62571 6.0011509 3.1963689 0.154027 0.113661 0.014316
62581 2.0001278 3.1958582 -0.146413 0.251888 -0.224275
62587 9.3375107 3.1955518 -0.095082 0.057937 -0.052519
62589 13.860156 3.1954497 0.232816 0.159509 0.122420
62617 2.0001278 3.1940208 0.057146 0.057223 0.033978
62641 4.4954698 3.1927970 0.306978 0.186474 0.110321
62643 72.787800 3.1926951 -0.074184 0.044210 -0.039611
62647 13.026017 3.1924913 -0.201289 0.358432 -0.318268
62653 2.0001277 3.1921855 -0.182314 0.349395 -0.307413
62659 2.0001277 3.1918799 0.035479 0.045687 0.022734
62661 6.0011493 3.1917780 -0.310951 0.450054 -0.409594
62683 2.0001276 3.1906578 0.156846 0.110556 0.024497
62697 6.0011486 3.1899453 0.047191 0.093299 -0.042737
62701 2.0001276 3.1897418 0.053449 0.093341 -0.039438
62707 4.2516823 3.1894366 -0.090971 0.197718 -0.170462
62719 5.0728137 3.1888264 0.005879 0.143249 -0.101180
62731 2.0001275 3.1882164 -0.162796 0.341856 -0.297516
62737 4.4223808 3.1879114 -0.310558 0.452352 -0.411366
62743 2.0001275 3.1876066 0.056382 0.067824 -0.011567
62751 17.376532 3.1872002 -0.274484 0.400582 -0.364188
62761 2.0001275 3.1866924 0.032074 0.232400 -0.159740
62773 2.0001275 3.1860832 -0.281525 0.399703 -0.364671
62779 4.2722061 3.1857787 -0.322323 0.540192 -0.483118
62787 6.0011470 3.1853728 -0.243517 0.424603 -0.377974
62791 2.0001274 3.1851698 -0.071842 0.166604 -0.141950
62797 9.3374967 3.1848655 0.132321 0.076733 0.037143
62803 5.7825657 3.1845612 -0.075929 0.169530 -0.145677
62823 13.340341 3.1835474 0.223879 0.142736 0.088511
62827 2.0001273 3.1833447 0.074489 0.107851 -0.041047
62833 5.0728025 3.1830408 -0.125083 0.236763 -0.208282
62841 6.0011460 3.1826355 0.037817 0.046618 0.023528
62851 2.0001273 3.1821292 0.054329 0.058319 0.000077
62863 4.4954322 3.1815217 -0.333167 0.420210 -0.388505
62869 2.0001273 3.1812181 0.086287 0.069014 0.021774
62877 6.0011453 3.1808133 -0.336837 0.424434 -0.392456
62881 27.119953 3.1806110 -0.008063 0.020038 -0.016923
62893 4.1813679 3.1800041 0.037214 0.046644 0.003452
62899 4.6016644 3.1797008 -0.327086 0.455045 -0.416004
62913 12.927107 3.1789932 -0.093864 0.366006 -0.299501
62929 2.0001271 3.1781849 -0.121772 0.203991 -0.181965
62947 5.0727914 3.1772761 -0.304302 0.451460 -0.409635
62949 6.0011440 3.1771752 0.157224 0.111758 0.021908
62967 12.691761 3.1762669 0.054463 0.056737 0.002953
62971 2.0001271 3.1760652 -0.095070 0.271701 -0.228118
62983 2.0001270 3.1754600 -0.280931 0.544557 -0.478843
62989 2.0001270 3.1751576 -0.258515 0.385286 -0.349510
63003 6.0011430 3.1744520 -0.275130 0.405346 -0.368192
63007 9.3374829 3.1742505 -0.094627 0.055489 -0.049194
63013 4.2973420 3.1739482 -0.106025 0.295582 -0.249053
63021 28.037371 3.1735453 0.036426 0.072983 -0.039994
63031 2.0001269 3.1730418 -0.187160 0.357662 -0.314824
63039 6.0011424 3.1726392 -0.304557 0.535389 -0.476151
63049 9.3374801 3.1721360 -0.093884 0.058320 -0.053327
63057 6.0011420 3.1717335 0.088023 0.143924 -0.065817
63061 5.0727803 3.1715323 0.067425 0.097554 -0.036602
63067 2.0001269 3.1712306 -0.339068 0.434180 -0.400722
63073 2.0001268 3.1709289 -0.267262 0.434578 -0.390100
63079 2.0001268 3.1706273 0.114464 0.087259 0.016386
63091 9.3374773 3.1700243 -0.067224 0.161767 -0.138908
63093 6.0011414 3.1699238 0.075035 0.063432 0.033026
63097 2.0001268 3.1697228 -0.087235 0.211804 -0.180416
63103 2.0001268 3.1694214 0.143261 0.105292 0.075260
63109 4.1314545 3.1691201 -0.184713 0.363545 -0.318901
63111 12.720786 3.1690197 -0.115756 0.185321 -0.166156
63127 2.0001267 3.1682165 -0.094419 0.180082 -0.157637
63139 4.1889503 3.1676143 -0.050156 0.324038 -0.255714
63147 67.061728 3.1672130 0.049255 0.034620 0.026740
63169 4.1378204 3.1661100 -0.120513 0.285017 -0.244404
63183 6.0011398 3.1654084 -0.047492 0.222967 -0.178453
63193 5.7825361 3.1649075 -0.286632 0.400057 -0.365586
63199 2.0001266 3.1646070 -0.171381 0.438396 -0.373675
63201 6.0011394 3.1645069 0.058091 0.056400 0.031961
63211 2.0001266 3.1640063 -0.079136 0.230788 -0.192930
63219 17.376211 3.1636059 0.113383 0.080753 0.049759
63241 2.0001265 3.1625053 -0.320299 0.427430 -0.392697
63247 2.0001265 3.1622053 0.185284 0.128756 0.023534
63253 4.4222816 3.1619054 -0.078615 0.208461 -0.175787
63271 13.614352 3.1610058 0.103817 0.079647 0.057009
63277 2.0001264 3.1607061 -0.197199 0.392851 -0.344193
63289 5.0727582 3.1601068 0.060435 0.055683 0.031725
63301 9.3374636 3.1595077 -0.082553 0.052341 -0.048522
63313 2.0001264 3.1589089 0.174031 0.129015 0.009732
63331 2.0001263 3.1580111 0.143911 0.106817 0.078032
63337 2.0001263 3.1577119 -0.144530 0.227035 -0.204431
63343 9.3374608 3.1574128 0.066176 0.040813 0.022749
63361 2.0001263 3.1565158 -0.251384 0.383670 -0.347050
63363 6.0011365 3.1564162 -0.095009 0.215052 -0.184773
63367 2.0001263 3.1562170 -0.265100 0.431335 -0.387159
63373 4.1634557 3.1559181 0.064700 0.106558 -0.045511
63379 4.2972455 3.1556194 -0.144713 0.254156 -0.225745
63381 13.549463 3.1555198 -0.173911 0.393207 -0.339562
63391 2.0001262 3.1550220 -0.048591 0.230885 -0.184792
63397 2.0001262 3.1547234 0.102246 0.076877 0.040850
63399 28.037148 3.1546239 -0.002643 0.097779 -0.073592
63409 2.0001262 3.1541264 -0.326709 0.464534 -0.423604
63417 6.0011356 3.1537285 -0.252977 0.525331 -0.458313
63421 2.0001261 3.1535296 -0.004206 0.156353 -0.114448
63433 4.1307611 3.1529330 -0.017541 0.154789 -0.117662
63439 2.0001261 3.1526348 0.127213 0.089679 0.047938
63453 17.376053 3.1519392 0.156456 0.102239 0.058697
63463 2.0001261 3.1514426 -0.020780 0.239922 -0.183360
63469 9.3374526 3.1511447 0.003927 0.050081 -0.035270
63471 6.0011346 3.1510454 0.093730 0.071960 0.027806
63487 2.0001260 3.1502512 -0.339591 0.434219 -0.400808
63489 6.0011343 3.1501520 -0.042719 0.235071 -0.186286
63493 2.0001260 3.1499535 -0.314596 0.485711 -0.438641
63499 2.0001260 3.1496559 0.284233 0.180730 0.127836
63507 6.0011339 3.1492591 -0.327476 0.545896 -0.488518
63511 20.978901 3.1490608 0.046805 0.032848 0.024671
63517 5.0727363 3.1487633 -0.129822 0.192815 -0.174798
63523 4.1548851 3.1484659 0.036077 0.044791 0.021116
63541 2.0001259 3.1475740 0.174634 0.146045 -0.013164
63559 2.0001259 3.1466826 -0.055497 0.294760 -0.235133
63561 6.0011330 3.1465836 -0.080108 0.173918 -0.149637
63571 4.1482569 3.1460886 -0.314077 0.449965 -0.409982
63577 2.0001258 3.1457917 -0.195779 0.360811 -0.318998
63579 6.0011327 3.1456928 0.074562 0.084246 -0.017765
63583 13.001661 3.1454949 0.096600 0.073976 0.050039
63589 2.0001258 3.1451981 0.100295 0.137418 -0.053735
63601 2.0001258 3.1446046 -0.107811 0.183654 -0.163286
63607 2.0001258 3.1443080 0.054623 0.180021 -0.110629
63633 6.0011317 3.1430233 -0.254602 0.596281 -0.513459
63637 9.3374418 3.1428257 -0.083108 0.140416 -0.125458
63643 4.6015581 3.1425294 -0.140363 0.203376 -0.184992
63649 2.0001257 3.1422332 0.042454 0.047097 0.021095
63667 2.0001257 3.1413448 0.269519 0.170368 0.115973
63669 15.254627 3.1412461 -0.296687 0.425731 -0.387824
63691 2.0001256 3.1401611 0.042975 0.050766 0.000589
63697 2.0001256 3.1398653 -0.262148 0.437343 -0.391379
63703 2.0001256 3.1395696 -0.173166 0.399419 -0.344171
63709 2.0001256 3.1392739 0.106937 0.078509 0.034445
63721 9.3374363 3.1386827 -0.058925 0.114280 -0.100467
63727 2.0001255 3.1383872 -0.152309 0.204325 -0.187724
63739 5.7824953 3.1377963 -0.256798 0.388369 -0.351616
63741 6.0011298 3.1376979 -0.040127 0.279928 -0.219499
63751 4.4952844 3.1372057 0.053814 0.052566 0.027028
63757 4.1886836 3.1369105 -0.107245 0.213195 -0.186137
63763 9.3374336 3.1366153 -0.080909 0.127375 -0.114763
63769 4.4221841 3.1363202 -0.131097 0.258065 -0.226017
63777 28.036927 3.1359267 -0.068847 0.050151 -0.047951
63781 2.0001254 3.1357301 -0.214888 0.524697 -0.449706
63793 2.0001254 3.1351402 0.057427 0.096745 -0.040765
63799 2.0001254 3.1348454 -0.121209 0.192911 -0.173201
63817 5.7824895 3.1339612 0.215521 0.141007 0.102608
63823 2.0001254 3.1336665 -0.151619 0.379791 -0.324259
63831 6.0011282 3.1332738 0.036971 0.045034 0.021423
63841 2.0001253 3.1327830 -0.107325 0.278873 -0.236636
63849 6.0011279 3.1323905 0.283007 0.190438 0.149366
63853 2.0001253 3.1321943 -0.057149 0.234047 -0.189629
63859 5.0727038 3.1319000 0.164093 0.107182 0.051564
63867 12.990999 3.1315077 -0.141329 0.302238 -0.262351
63883 4.1346213 3.1307234 -0.078429 0.250564 -0.207865
63889 9.3374256 3.1304293 0.042935 0.030840 0.023025
63901 2.0001252 3.1298415 0.390673 0.250533 0.194773
63907 2.0001252 3.1295476 -0.314995 0.427784 -0.392222
63913 2.0001252 3.1292538 -0.317444 0.431492 -0.395572
63931 9.3374229 3.1283728 0.085475 0.069356 -0.008852
63939 6.0011263 3.1279814 -0.068228 0.202147 -0.168344
63949 2.0001251 3.1274922 -0.309996 0.618355 -0.542001
63957 6.0011260 3.1271010 0.156574 0.104493 0.046832
63973 76.585709 3.1263189 0.036877 0.023537 0.019231
63997 2.0001250 3.1251465 -0.292221 0.614083 -0.535116
64011 15.254334 3.1244630 -0.318510 0.418975 -0.385478
64021 4.2512741 3.1239749 -0.150322 0.210557 -0.192398
64027 4.4221359 3.1236822 0.052320 0.123606 -0.066562
64029 28.036782 3.1235846 -0.089793 0.074595 -0.071156
64033 2.0001249 3.1233895 -0.318889 0.430043 -0.394599
64047 13.548469 3.1227068 -0.278508 0.429752 -0.388176
64057 9.3374148 3.1222193 0.126397 0.080127 0.063342
64063 2.0001249 3.1219269 -0.105244 0.277000 -0.234717
64069 4.2342173 3.1216345 0.038112 0.044878 0.020120
64081 2.0001248 3.1210499 -0.331335 0.425155 -0.392299
64087 5.0726823 3.1207577 0.157035 0.105565 0.033572
64099 9.3374121 3.1201735 -0.091573 0.053670 -0.047590
64111 4.2970559 3.1195895 0.093126 0.084807 -0.004164
64117 4.1974436 3.1192975 -0.339603 0.434319 -0.400866
64123 2.0001248 3.1190057 -0.152070 0.412340 -0.349289
64129 5.7824666 3.1187138 0.239222 0.150402 0.102735
64137 6.0011228 3.1183248 -0.296402 0.423809 -0.386276
64153 2.0001247 3.1175471 0.047726 0.131094 -0.074693
64171 2.0001247 3.1166726 0.139154 0.097693 0.027785
64173 6.0011222 3.1165755 -0.334068 0.437433 -0.402684
64189 2.0001246 3.1157987 -0.133152 0.229430 -0.204163
64191 6.0011219 3.1157016 -0.016424 0.247433 -0.187766
64201 12.077790 3.1152163 -0.171088 0.358557 -0.312316
64213 4.1451142 3.1146341 0.218263 0.149783 0.113810
64227 12.829363 3.1139552 0.239082 0.155635 0.110349
64231 2.0001246 3.1137613 -0.144251 0.295324 -0.257646
64237 2.0001245 3.1134704 0.079028 0.064410 0.020580
64263 13.857998 3.1122108 -0.321677 0.493206 -0.445739
64267 9.3374015 3.1120171 -0.063681 0.039164 -0.036406
64279 2.0001245 3.1114361 0.260779 0.165592 0.113449
64281 28.036637 3.1113393 -0.004489 0.008203 -0.004612
64299 6.0011200 3.1104683 -0.336179 0.463121 -0.423830
64303 2.0001244 3.1102748 -0.135761 0.221194 -0.198221
64309 9.3373988 3.1099846 -0.079535 0.127737 -0.114817
64327 2.0001244 3.1091144 -0.229385 0.426513 -0.376800
64333 2.0001244 3.1088244 -0.335757 0.429102 -0.396094
64353 15.254044 3.1078582 0.149955 0.099687 0.042425
64357 4.1544097 3.1076651 0.069967 0.140748 -0.072432
64363 5.7824495 3.1073754 0.089427 0.069985 0.047152
64371 13.337685 3.1069892 -0.147748 0.206483 -0.188728
64381 2.0001243 3.1065066 0.038838 0.046237 0.004483
64393 9.3373935 3.1059277 -0.049669 0.050434 -0.047857
64399 2.0001242 3.1056383 -0.018026 0.252264 -0.191947
64407 28.036565 3.1052525 -0.044406 0.036819 -0.035535
64417 4.4951763 3.1047705 -0.308988 0.543581 -0.483388
64429 5.0726503 3.1041922 -0.062131 0.210883 -0.173645
64441 5.7824439 3.1036142 -0.093457 0.180638 -0.158282
64443 6.0011175 3.1035178 -0.119865 0.351823 -0.295396
64453 2.0001241 3.1030363 -0.335782 0.500636 -0.453932
64459 4.2511418 3.1027475 -0.316539 0.434363 -0.397749
64461 6.0011172 3.1026512 0.225472 0.145086 0.096592
64477 20.520189 3.1018813 -0.010255 0.053209 -0.042266
64479 6.0011169 3.1017851 0.055822 0.052406 0.017079
64483 2.0001241 3.1015927 -0.011937 0.257196 -0.193771
64489 2.0001241 3.1013041 0.038410 0.044296 0.011061
64497 6.0011165 3.1009194 -0.145105 0.235554 -0.211275
64513 2.0001240 3.1001504 0.039437 0.145918 -0.090181
64519 27.115944 3.0998621 -0.028638 0.078305 -0.066371
64543 11.768524 3.0987094 -0.305086 0.537170 -0.477630
64551 6.0011156 3.0983254 -0.207694 0.370189 -0.328636
64567 2.0001239 3.0975576 -0.145163 0.263019 -0.232776
64569 6.0011153 3.0974616 -0.145512 0.297127 -0.259320
64573 4.6014287 3.0972698 0.110989 0.114947 -0.026355
64579 2.0001239 3.0969820 -0.299415 0.440132 -0.399821
64587 6.0011150 3.0965984 0.109407 0.098067 -0.007827
64591 2.0001239 3.0964066 0.243871 0.165751 0.128089
64597 5.7824326 3.0961190 -0.099631 0.183753 -0.162015
64609 2.0001238 3.0955440 -0.149826 0.230537 -0.208190
64621 2.0001238 3.0949691 -0.284892 0.611202 -0.531388
64623 17.375277 3.0948733 0.018083 0.147489 -0.100920
64627 2.0001238 3.0946818 -0.334062 0.429043 -0.395817
64633 2.0001238 3.0943945 0.148815 0.124426 -0.008276
64639 4.4951407 3.0941073 -0.053009 0.254649 -0.204210
64659 28.036423 3.0931502 0.079627 0.095623 -0.037647
64663 2.0001237 3.0929589 -0.320538 0.431309 -0.395840
64677 6.0011134 3.0922894 -0.278181 0.534077 -0.470151
64687 9.3373750 3.0918113 -0.024647 0.041235 -0.036698
64693 2.0001237 3.0915246 -0.084557 0.219409 -0.185699
64711 4.1423656 3.0906646 -0.268788 0.490291 -0.434163
64717 2.0001236 3.0903781 0.175086 0.114335 0.047737
64731 6.0011125 3.0897097 0.097559 0.073214 0.029160
64747 2.0001236 3.0889462 -0.198500 0.466427 -0.401319
64759 4.6014033 3.0883738 0.226704 0.153139 0.115866
64767 6.0011119 3.0879923 -0.256279 0.392356 -0.354760
64771 23.840258 3.0878016 -0.003859 0.005156 -0.001908
64777 4.1311204 3.0875156 -0.130929 0.294350 -0.254009
64783 2.0001235 3.0872297 0.045287 0.047134 0.015115
64789 4.2716379 3.0869438 -0.270690 0.445563 -0.399368
64803 6.0011113 3.0862769 -0.297571 0.541991 -0.480033
64807 4.1294783 3.0860864 -0.071639 0.346251 -0.278680
64831 5.7824158 3.0849439 -0.233359 0.451213 -0.396880
64839 6.0011106 3.0845633 0.038389 0.044568 0.019986
64843 4.2968706 3.0843730 0.154145 0.107157 0.072419
64849 2.0001234 3.0840876 -0.092556 0.231477 -0.196885
64857 17.375126 3.0837072 0.130708 0.092658 0.065185
64861 4.4951054 3.0835171 -0.142009 0.267632 -0.235754
64879 2.0001233 3.0826616 -0.340642 0.432249 -0.399279
64891 2.0001233 3.0820915 -0.134004 0.227636 -0.202951
64893 12.744734 3.0819965 -0.246371 0.453044 -0.400788
64897 20.391029 3.0818066 -0.079087 0.096407 -0.089478
64909 5.7824102 3.0812368 0.093108 0.076218 0.003588
64921 2.0001232 3.0806673 -0.288095 0.454366 -0.409321
64927 2.0001232 3.0803826 0.174524 0.114309 0.065633
64939 9.3373594 3.0798134 -0.086799 0.050886 -0.045242
64947 6.0011088 3.0794340 -0.146130 0.262761 -0.232779
64951 2.0001232 3.0792444 0.155909 0.104342 0.040105
64969 2.0001231 3.0783912 0.038654 0.044672 0.020324
64981 9.3373568 3.0778227 0.041489 0.029434 0.021461
64983 6.0011082 3.0777280 0.063573 0.056699 0.014186
64987 5.7824046 3.0775386 -0.038300 0.162856 -0.130983
64993 4.1881655 3.0772545 0.271761 0.170574 0.115484
65011 2.0001231 3.0764025 0.044148 0.109234 -0.058606
65017 4.2339113 3.0761186 -0.081362 0.234300 -0.196308
65019 6.0011076 3.0760239 -0.209807 0.373743 -0.331823
65029 2.0001230 3.0755509 -0.025233 0.229274 -0.176841
65037 72.717820 3.0751726 -0.059840 0.128166 -0.111455
65041 4.1337210 3.0749835 -0.255910 0.519659 -0.454529
65053 2.0001230 3.0744162 0.082281 0.067262 0.014732
65071 2.0001230 3.0735658 0.079622 0.150999 -0.076501
65073 12.712674 3.0734713 -0.087600 0.238150 -0.200801
65083 4.4950704 3.0729991 -0.326909 0.467107 -0.425653
65089 2.0001229 3.0727158 -0.251915 0.606663 -0.520892
65091 17.374975 3.0726214 0.130109 0.088333 0.053728
65101 2.0001229 3.0721494 -0.044706 0.241208 -0.191659
65119 2.0001229 3.0713002 0.053647 0.104621 -0.050121
65143 5.7823935 3.0701687 -0.083059 0.190193 -0.163355
65167 2.0001228 3.0690380 -0.327371 0.553051 -0.494131
65173 2.0001228 3.0687555 -0.238611 0.409923 -0.365558
65179 2.0001227 3.0684730 0.118535 0.098372 -0.000510
65181 6.0011048 3.0683788 -0.341225 0.433731 -0.400558
65191 20.440055 3.0679081 -0.032728 0.053029 -0.047550
65199 12.726102 3.0675317 -0.131316 0.205149 -0.184792
65203 2.0001227 3.0673435 0.080619 0.095114 -0.025979
65209 4.2967795 3.0670613 -0.326500 0.434815 -0.399491
65217 6.0011042 3.0666851 0.049211 0.049331 0.011493
65227 5.0725770 3.0662149 0.002332 0.154827 -0.111696
65233 9.3373412 3.0659329 -0.088157 0.060578 -0.057011
65239 2.0001226 3.0656509 -0.116589 0.218286 -0.192151
65253 6.0011036 3.0649932 -0.005239 0.166003 -0.122444
65257 2.0001226 3.0648053 -0.267017 0.446593 -0.399531
65269 2.0001226 3.0642418 -0.067945 0.208145 -0.172950
65271 6.0011033 3.0641479 -0.335545 0.567676 -0.507103
65281 4.1969880 3.0636786 -0.150404 0.207557 -0.190032
65287 2.0001225 3.0633970 0.101017 0.076639 0.046218
65289 28.036071 3.0633032 0.034957 0.116336 -0.074556
65293 2.0001225 3.0631155 -0.208828 0.375457 -0.332981
65299 5.7823825 3.0628340 -0.208529 0.376963 -0.334149
65311 4.1284470 3.0622713 -0.150345 0.214518 -0.195583
65323 2.0001225 3.0617087 -0.146462 0.301302 -0.262774
65353 2.0001224 3.0603033 -0.146797 0.301581 -0.263063
65359 9.3373335 3.0600223 -0.043564 0.025503 -0.023814
65361 6.0011018 3.0599287 0.112324 0.084259 0.017548
65371 2.0001224 3.0594606 0.235166 0.153486 0.109810
65379 39.134456 3.0590863 -0.113671 0.290797 -0.247527
65383 4.1471544 3.0588991 -0.118949 0.362745 -0.303541
65397 6.0011012 3.0582443 -0.210824 0.375723 -0.333570
65401 9.3373309 3.0580572 -0.083293 0.148410 -0.131777
65407 2.0001223 3.0577767 -0.149490 0.209166 -0.191170
65413 2.0001223 3.0574962 0.214690 0.135752 0.054860
65419 2.0001223 3.0572158 -0.205482 0.472780 -0.407748
65437 2.0001223 3.0563748 -0.115330 0.193165 -0.172320
65443 9.3373283 3.0560946 -0.087570 0.052379 -0.047070
65449 2.0001222 3.0558145 0.001106 0.171808 -0.124758
65451 6.0011003 3.0557211 -0.013979 0.200341 -0.151444
65469 12.678577 3.0548809 0.101132 0.082394 0.006605
65479 2.0001222 3.0544144 -0.141584 0.398147 -0.336019
65491 4.2337616 3.0538547 0.018234 0.265079 -0.189922
65497 2.0001222 3.0535750 0.224400 0.142822 0.048685
65503 4.6013031 3.0532953 -0.324188 0.444211 -0.406765
65509 4.1802026 3.0530156 -0.327579 0.561849 -0.501099
65521 2.0001221 3.0524565 -0.145787 0.206408 -0.188353
65523 6.0010991 3.0523633 -0.203997 0.441925 -0.383634
65539 2.0001221 3.0516181 0.214241 0.142381 0.102556
65541 28.035932 3.0515250 -0.065742 0.040443 -0.037463
65551 2.0001220 3.0510595 -0.339645 0.493619 -0.448884
65557 2.0001220 3.0507802 0.046651 0.134864 -0.078535
65563 2.0001220 3.0505010 -0.150380 0.211880 -0.193487
65577 6.0010981 3.0498498 -0.145239 0.210116 -0.191215
65581 2.0001220 3.0496638 0.045685 0.047121 0.020225
65587 2.0001220 3.0493848 -0.337428 0.562002 -0.502949
65599 2.0001220 3.0488270 0.059571 0.053503 0.021020
65613 6.0010975 3.0481764 0.044935 0.154932 -0.095251
65617 2.0001219 3.0479906 0.067160 0.166455 -0.094937
65629 2.0001219 3.0474333 -0.341421 0.435805 -0.402268
65647 2.0001219 3.0465977 0.041605 0.257523 -0.175918
65649 12.825201 3.0465049 -0.261546 0.399687 -0.361453
65677 2.0001218 3.0452061 -0.338140 0.440323 -0.405536
65683 5.0725360 3.0449279 0.288724 0.181740 0.130657
65689 13.601263 3.0446498 -0.069454 0.193186 -0.162453
65701 2.0001218 3.0440937 -0.150631 0.213102 -0.194506
65707 2.0001218 3.0438157 0.042015 0.070945 -0.026115
65713 2.0001217 3.0435378 -0.334098 0.560009 -0.500795
65719 2.0001217 3.0432599 -0.259354 0.480499 -0.424720
65721 15.252916 3.0431673 0.239875 0.157164 0.116716
65731 2.0001217 3.0427044 0.016658 0.233612 -0.166552
65737 9.3373105 3.0424266 -0.086283 0.098034 -0.091626
65749 4.4949666 3.0418714 0.045697 0.046981 0.010620
65761 2.0001217 3.0413163 -0.147694 0.399787 -0.338726
65767 5.7823497 3.0410388 0.094486 0.068197 0.036125
65779 9.3373079 3.0404840 -0.081517 0.070411 -0.067175
65793 82.254102 3.0398371 0.088045 0.050431 0.021662
65797 5.0725258 3.0396523 -0.321022 0.426665 -0.392029
65809 2.0001216 3.0390980 0.107589 0.081443 0.016724
65811 6.0010942 3.0390056 -0.339946 0.509906 -0.461973
65821 9.3373054 3.0385439 -0.084417 0.201559 -0.173271
65827 2.0001215 3.0382670 -0.129951 0.244102 -0.215004
65829 6.0010939 3.0381747 -0.038082 0.237006 -0.186620
65833 4.4218091 3.0379901 0.146055 0.097759 0.048639
65839 2.0001215 3.0377132 -0.064365 0.325648 -0.261156
65851 2.0001215 3.0371596 0.213809 0.144453 0.107596
65869 4.1319846 3.0363297 -0.038542 0.273118 -0.214076
65881 2.0001214 3.0357766 -0.240533 0.438611 -0.388399
65883 6.0010930 3.0356845 -0.142844 0.206203 -0.187697
65899 2.0001214 3.0349474 -0.148267 0.304702 -0.265804
65911 5.0725156 3.0343949 -0.128726 0.200831 -0.180996
65919 65.322928 3.0340266 -0.083908 0.054742 -0.050888
65929 2.0001214 3.0335664 -0.203195 0.407580 -0.356890
65937 13.855950 3.0331984 -0.333930 0.433308 -0.399215
65947 9.3372978 3.0327384 0.010804 0.171894 -0.125270
65971 4.4949325 3.0316351 -0.325458 0.429491 -0.394984
65973 6.0010916 3.0315432 0.050705 0.169363 -0.104311
65983 2.0001213 3.0310838 -0.071565 0.180125 -0.152518
65991 6.0010913 3.0307163 0.220797 0.137759 0.068256
66001 5.7823335 3.0302571 0.105627 0.104393 -0.021776
66009 6.0010910 3.0298899 -0.104479 0.212319 -0.184961
66027 17.374383 3.0290639 -0.252269 0.434355 -0.387234
66031 9.3372927 3.0288804 -0.071093 0.043230 -0.039650
66037 2.0001212 3.0286052 -0.023042 0.279000 -0.213880
66043 4.1300752 3.0283300 0.106952 0.083622 0.010739
66061 4.6012293 3.0275049 0.191931 0.123003 0.073067
66067 2.0001211 3.0272299 -0.068217 0.178099 -0.150137
66073 9.3372902 3.0269550 0.053698 0.036409 0.027238
66081 6.0010898 3.0265886 -0.103753 0.327600 -0.273045
66097 4.1439476 3.0258559 -0.241459 0.393720 -0.353308
66103 2.0001210 3.0255813 0.188424 0.146028 -0.002877
66109 2.0001210 3.0253067 -0.150001 0.241718 -0.217071
66117 6.0010892 3.0249406 0.041689 0.045060 0.019619
66153 6.0010886 3.0232945 -0.340724 0.512236 -0.463953
66157 27.112136 3.0231117 -0.041967 0.036970 -0.035209
66163 4.1799258 3.0228375 -0.010066 0.257777 -0.193800
66169 2.0001209 3.0225634 0.042372 0.044982 0.013742
66189 6.0010880 3.0216501 -0.211407 0.380393 -0.337341
66193 4.4948986 3.0214675 -0.055894 0.240082 -0.194099
66211 4.2506299 3.0206461 0.155071 0.122990 -0.001925
66229 4.1876670 3.0198252 0.236472 0.146204 0.068748
66241 9.3372802 3.0192781 0.044439 0.028910 0.011581
66247 4.6012050 3.0190046 -0.139124 0.205759 -0.186725
66261 17.374238 3.0183668 -0.097989 0.223130 -0.192139
66271 2.0001207 3.0179113 0.131137 0.092106 0.026820
66279 6.0010865 3.0175470 -0.334551 0.440210 -0.404949
66289 4.1466260 3.0170918 -0.053979 0.313822 -0.249333
66301 2.0001207 3.0165458 -0.325385 0.442158 -0.405274
66307 4.2965123 3.0162728 -0.211407 0.402652 -0.354712
66313 5.7823120 3.0159999 0.111974 0.081258 0.056040
66333 6.0010856 3.0150905 0.099416 0.163948 -0.077971
66337 2.0001206 3.0149087 0.049781 0.109078 -0.056156
66343 2.0001206 3.0146361 -0.335017 0.512506 -0.463257
66349 4.4217191 3.0143634 -0.248443 0.463203 -0.409129
66361 2.0001206 3.0138184 -0.112810 0.230524 -0.200868
66367 23.835511 3.0135459 -0.067661 0.131784 -0.115826
66369 6.0010850 3.0134551 0.080548 0.064930 0.016796
66373 2.0001205 3.0132735 -0.148273 0.215254 -0.195834
66387 6.0010847 3.0126380 -0.142561 0.231600 -0.207735
66391 5.7823067 3.0124565 -0.248336 0.473994 -0.417550
66397 4.2712082 3.0121843 0.220709 0.143082 0.099058
66403 2.0001205 3.0119121 -0.098546 0.229052 -0.196525
66421 4.1619124 3.0110959 0.043238 0.045572 0.020039
66423 28.035454 3.0110052 0.089521 0.054750 0.017300
66427 4.1354687 3.0108239 -0.277051 0.457083 -0.409569
66433 4.6011809 3.0105520 -0.268760 0.453989 -0.405662
66441 6.0010839 3.0101895 -0.302405 0.577414 -0.508636
66457 2.0001204 3.0094648 -0.149982 0.268794 -0.238286
66459 6.0010836 3.0093742 -0.059554 0.273629 -0.220500
66463 2.0001204 3.0091931 0.261767 0.168286 0.121737
66469 5.7823014 3.0089215 -0.281759 0.417170 -0.378544
66477 6.0010833 3.0085594 0.153965 0.107155 0.074094
66481 5.0724654 3.0083783 0.091776 0.093232 -0.018070
66499 2.0001203 3.0075640 -0.142854 0.231626 -0.207813
66513 6.0010827 3.0069310 -0.150252 0.211433 -0.193122
66523 2.0001203 3.0064790 0.171707 0.125889 0.009944
66529 2.0001203 3.0062078 -0.141234 0.213716 -0.193390
66531 12.918014 3.0061174 -0.267041 0.490129 -0.433710
66541 2.0001202 3.0056657 -0.021759 0.165051 -0.127213
66547 5.7822961 3.0053947 0.166550 0.108508 0.070996
66549 28.035387 3.0053044 -0.071989 0.139295 -0.122516
66553 2.0001202 3.0051237 -0.123850 0.347948 -0.293499
66567 6.0010818 3.0044917 -0.192069 0.390309 -0.341232
66571 2.0001202 3.0043112 -0.121442 0.421391 -0.348825
66577 9.3372603 3.0040404 -0.013544 0.012238 -0.011141
66601 2.0001201 3.0029579 -0.339211 0.564930 -0.505562
66607 4.4216745 3.0026874 0.047331 0.051677 0.000158
66619 21.715031 3.0021465 0.050466 0.071302 -0.032332
66637 4.4948315 3.0013356 -0.229148 0.394358 -0.351604
66639 12.738638 3.0012455 -0.085668 0.197611 -0.169387
66643 2.0001200 3.0010654 -0.342212 0.440489 -0.406172
66667 4.1411290 2.9999850 0.013233 0.223712 -0.160319
66673 4.2964252 2.9997150 0.107509 0.077504 0.029574
66697 2.0001200 2.9986356 -0.019319 0.164979 -0.126414
66703 27.110908 2.9983659 -0.024327 0.024367 -0.023141
66709 5.0724456 2.9980962 -0.000962 0.160011 -0.116975
66711 13.544693 2.9980063 -0.091778 0.229630 -0.195423
66721 2.0001199 2.9975570 -0.327496 0.197917 -0.179094
66733 2.0001199 2.9970180 0.063670 0.055180 0.017502
66739 2.0001199 2.9967485 -0.027326 0.250071 -0.193380
66747 15.252099 2.9963894 0.070370 0.057372 0.029256
66751 2.0001199 2.9962098 -0.039502 0.197071 -0.156858
66757 4.1271078 2.9959405 0.042567 0.045008 0.019332
66763 2.0001198 2.9956713 -0.284528 0.165698 -0.148295
66799 4.2711041 2.9940568 0.065877 0.057082 0.031120
66801 28.035253 2.9939672 0.085443 0.055368 0.043123
66817 4.1796544 2.9932502 0.108229 0.082509 0.013919
66819 6.0010777 2.9931606 -0.263337 0.152923 -0.137452
66823 5.0724357 2.9929815 -0.030165 0.244658 -0.190382
66829 9.3372455 2.9927127 -0.064618 0.037477 -0.033751
66837 6.0010774 2.9923545 -0.118910 0.214280 -0.189577
66841 2.0001197 2.9921755 0.055143 0.051389 0.025566
66853 2.0001197 2.9916384 -0.208659 0.121796 -0.111783
66859 13.340117 2.9913699 0.151568 0.097451 0.052489
66873 6.0010769 2.9907436 0.061367 0.053744 0.022742
66877 2.0001196 2.9905648 -0.117725 0.220665 -0.194299
66883 2.0001196 2.9902965 0.069551 0.059119 0.032936
66889 2.0001196 2.9900283 -0.340981 0.199918 -0.177217
66909 6.0010763 2.9891345 -0.296507 0.173691 -0.155480
66919 2.0001196 2.9886878 -0.121112 0.222739 -0.196614
66927 28.035187 2.9883306 -0.021969 0.060022 -0.050604
66931 2.0001195 2.9881520 -0.212867 0.122663 -0.111660
66937 14.856318 2.9878841 -0.262311 0.157431 -0.141857
66943 2.0001195 2.9876163 0.220321 0.145465 0.105627
66949 2.0001195 2.9873486 -0.070847 0.182044 -0.153878
66973 2.0001195 2.9862781 -0.222669 0.194549 -0.186464
66991 4.6011092 2.9854757 -0.108305 0.195444 -0.172774
67003 2.0001194 2.9849410 -0.150082 0.212845 -0.194228
67021 2.0001194 2.9841393 -0.212339 0.122399 -0.111444
67027 4.1963344 2.9838722 0.043588 0.045266 0.019395
67033 2.0001194 2.9836051 -0.107078 0.195585 -0.172594
67039 20.498872 2.9833381 -0.061843 0.035860 -0.032340
67051 5.0724161 2.9828041 0.129627 0.090650 0.023535
67053 66.894126 2.9827152 -0.017990 0.038004 -0.032821
67057 2.0001193 2.9825372 -0.271321 0.189366 -0.179882
67063 4.1310849 2.9822704 -0.296463 0.186800 -0.172866
67071 12.821219 2.9819147 -0.326749 0.195199 -0.175461
67087 4.2503841 2.9812035 0.045984 0.206179 -0.135063
67107 6.0010731 2.9803150 0.043218 0.045054 0.018983
67123 20.957109 2.9796046 -0.006354 0.006564 -0.003982
67129 2.0001192 2.9793383 -0.007088 0.277564 -0.207906
67141 2.0001192 2.9788058 -0.339063 0.198793 -0.176220
67143 6.0010725 2.9787171 -0.129754 0.204759 -0.184246
67153 2.0001191 2.9782735 0.087722 0.068024 0.038457
67161 12.983616 2.9779187 -0.189482 0.147640 -0.142401
67171 5.7822541 2.9774754 -0.057807 0.177584 -0.147623
67189 2.0001191 2.9766777 -0.335027 0.197885 -0.176394
67197 17.373667 2.9763233 -0.222264 0.133206 -0.121781
67207 9.3372234 2.9758805 0.053344 0.050622 -0.011928
67213 2.0001190 2.9756148 -0.018674 0.244111 -0.186262
67219 2.0001190 2.9753492 0.100652 0.076081 0.047702
67231 2.0001190 2.9748182 -0.338382 0.198394 -0.175866
67233 12.863252 2.9747297 0.107614 0.082211 0.013212
67249 27.109700 2.9740219 0.016657 0.020791 -0.007839
67261 2.0001189 2.9734913 0.075675 0.060895 0.029425
67273 2.0001189 2.9729609 -0.330860 0.193851 -0.172031
67279 5.0723966 2.9726958 0.064011 0.054465 0.029587
67291 9.3372186 2.9721657 0.000374 0.071976 -0.053228
67323 6.0010697 2.9707529 -0.306676 0.185557 -0.168552
67327 5.7822437 2.9705764 -0.066966 0.192974 -0.161698
67333 9.3372162 2.9703117 0.050552 0.033402 0.023408
67339 2.0001188 2.9700471 -0.138031 0.218034 -0.196238
67341 6.0010694 2.9699589 -0.149943 0.213838 -0.195001
67357 4.1320144 2.9692534 -0.291808 0.191089 -0.178887
67359 6.0010691 2.9691652 0.333656 0.215286 0.166731
67369 2.0001188 2.9687245 -0.031488 0.265022 -0.205989
67377 13.543796 2.9683720 0.049063 0.047403 0.021197
67381 4.4215431 2.9681958 -0.139247 0.210283 -0.190345
67387 4.2331841 2.9679315 0.045221 0.045783 0.019647
67393 5.0723869 2.9676673 -0.277821 0.164143 -0.147599
67399 2.0001187 2.9674031 -0.209162 0.120692 -0.110009
67411 2.0001187 2.9668748 0.022615 0.158673 -0.107268
67417 9.3372113 2.9666108 -0.085522 0.050141 -0.044448
67429 2.0001187 2.9660828 0.092525 0.070836 0.018821
67447 2.0001186 2.9652913 0.117242 0.086217 0.017769
67449 6.0010677 2.9652033 -0.322093 0.192822 -0.173626
67453 2.0001186 2.9650275 -0.139003 0.209565 -0.189726
67467 13.332740 2.9644122 0.069988 0.261716 -0.168780
67471 4.1793883 2.9642365 0.084944 0.067629 0.014570
67477 2.0001186 2.9639729 -0.168657 0.107374 -0.102408
67489 2.0001185 2.9634459 0.228825 0.151761 0.112971
67501 9.3372065 2.9629191 -0.085284 0.050001 -0.044325
67503 6.0010668 2.9628313 0.325340 0.209984 0.162075
67513 4.1347358 2.9623924 0.064280 0.055651 0.029147
67531 2.0001185 2.9616028 0.044460 0.045366 0.019020
67537 2.0001185 2.9613397 -0.149872 0.214416 -0.195453
67543 9.3372041 2.9610766 -0.047994 0.051398 -0.048493
67549 4.6010387 2.9608136 -0.061147 0.180384 -0.150254
67557 28.034858 2.9604630 -0.085000 0.049831 -0.044179
67561 5.7822282 2.9602877 -0.258088 0.154052 -0.139078
67567 2.0001184 2.9600249 -0.209280 0.120842 -0.110146
67579 2.0001184 2.9594993 -0.073575 0.184844 -0.156738
67593 6.0010654 2.9588863 -0.022443 0.170011 -0.131312
67603 4.2708995 2.9584486 -0.263052 0.185070 -0.176059
67611 13.854003 2.9580985 0.093854 0.069360 0.032307
67621 5.0723676 2.9576611 -0.102165 0.217086 -0.188316
67627 9.3371993 2.9573987 -0.085093 0.049902 -0.044244
67629 6.0010648 2.9573112 0.106245 0.082078 0.011466
67647 6.0010645 2.9565243 -0.143804 0.216923 -0.196405
67651 2.0001183 2.9563495 -0.335236 0.196550 -0.174231
67693 4.1526263 2.9545152 -0.192236 0.118994 -0.112017
67699 2.0001182 2.9542534 0.090303 0.071346 0.013141
67701 6.0010637 2.9541661 -0.197153 0.148244 -0.142807
67717 5.7822180 2.9534681 -0.100417 0.194450 -0.170586
67719 6.0010634 2.9533809 -0.125867 0.219329 -0.194941
67723 2.0001181 2.9532064 0.214643 0.142291 0.103872
67737 12.915201 2.9525961 0.280526 0.173253 0.115422
67741 2.0001181 2.9524217 0.052989 0.049153 0.017497
67747 4.4946675 2.9521602 -0.134036 0.208700 -0.188169
67753 9.3371921 2.9518988 -0.006978 0.069199 -0.053447
67759 2.0001181 2.9516374 -0.067427 0.251109 -0.205654
67777 2.0001180 2.9508535 -0.198491 0.115301 -0.105813
67783 2.0001180 2.9505923 0.060185 0.052776 0.017679
67789 2.0001180 2.9503312 -0.003144 0.182251 -0.134447
67801 2.0001180 2.9498090 -0.023565 0.170462 -0.132022
67807 2.0001180 2.9495480 0.177245 0.115099 0.069668
67809 28.034729 2.9494610 -0.047757 0.051526 -0.048575
67819 2.0001180 2.9490261 -0.333754 0.195680 -0.173469
67843 2.0001179 2.9479828 -0.146502 0.216527 -0.196564
67849 5.0723484 2.9477221 0.105484 0.074644 0.030001
67861 4.2330448 2.9472009 -0.332636 0.195024 -0.172880
67863 6.0010611 2.9471140 0.135126 0.094535 0.024538
67867 2.0001179 2.9469403 0.282436 0.180775 0.133623
67879 9.3371849 2.9464194 0.150159 0.094107 0.075154
67891 2.0001178 2.9458986 0.147239 0.102359 0.070009
67897 4.4214571 2.9456382 -0.329900 0.193419 -0.171459
67899 17.373249 2.9455515 -0.101596 0.195054 -0.171309
67917 6.0010603 2.9447708 -0.321252 0.189721 -0.169406
67921 21.709537 2.9445974 -0.002745 0.006253 -0.002370
67927 2.0001178 2.9443373 -0.051382 0.219674 -0.177460
67933 2.0001178 2.9440773 0.045619 0.045654 0.018959
67939 2.0001178 2.9438172 -0.332006 0.194959 -0.173041
67951 5.7822027 2.9432974 0.097293 0.070948 0.045630
67953 6.0010597 2.9432107 -0.267796 0.156415 -0.140611
67957 2.0001177 2.9430375 -0.023892 0.171087 -0.132613
67971 12.666387 2.9424313 0.011829 0.175035 -0.123849
67981 4.1428463 2.9419985 -0.311996 0.182584 -0.162415
67987 2.0001177 2.9417389 -0.256651 0.181753 -0.173141
67993 2.0001177 2.9414793 0.142198 0.105975 0.009829
68007 6.0010589 2.9408737 0.049875 0.047498 0.017672
68023 2.0001176 2.9401820 -0.193248 0.111560 -0.102239
68029 5.7821976 2.9399227 -0.284498 0.166802 -0.147861
68041 2.0001176 2.9394042 -0.081029 0.246379 -0.205606
68043 13.542917 2.9393178 -0.252253 0.146767 -0.132086
68047 9.3371754 2.9391450 -0.079614 0.048392 -0.043950
68053 2.0001176 2.9388859 -0.128177 0.207027 -0.185758
68059 2.0001176 2.9386268 0.100268 0.073554 0.040164
68071 2.0001175 2.9381087 -0.271328 0.190205 -0.180645
68077 5.0723293 2.9378498 0.065860 0.054669 0.028661
68083 4.1869532 2.9375909 -0.142945 0.218074 -0.197173
68097 6.0010575 2.9369869 -0.016285 0.281600 -0.213941
68113 2.0001175 2.9362970 -0.161605 0.113507 -0.109599
68131 9.3371707 2.9355213 -0.066165 0.038563 -0.034684
68133 17.373111 2.9354351 0.138670 0.094918 0.066181
68137 4.2960861 2.9352628 -0.132028 0.221872 -0.198149
68151 6.0010567 2.9346598 -0.099468 0.236525 -0.202559
68161 2.0001174 2.9342293 0.058771 0.051785 0.018673
68169 13.853376 2.9338849 -0.261919 0.185763 -0.176737
68173 9.3371683 2.9337128 -0.083993 0.049244 -0.043655
68191 11.850288 2.9329384 -0.172316 0.103660 -0.096848
68203 4.1258261 2.9324223 0.045607 0.045451 0.018496
68209 2.0001173 2.9321644 -0.129690 0.212161 -0.190082
68223 6.0010555 2.9315627 -0.149434 0.216542 -0.197081
68227 2.0001173 2.9313908 0.155106 0.118762 0.002987
68239 2.0001172 2.9308753 -0.330671 0.193881 -0.171880
68259 12.981315 2.9300166 0.046747 0.045876 0.019026
68281 2.0001172 2.9290725 -0.277910 0.162202 -0.145249
68293 4.6009466 2.9285578 -0.121949 0.205132 -0.183111
68311 2.0001171 2.9277862 0.067110 0.056477 0.029096
68313 28.034472 2.9277004 -0.042115 0.024280 -0.022483
68329 2.0001171 2.9270149 0.045602 0.045358 0.018044
68331 6.0010539 2.9269292 -0.248418 0.189038 -0.181074
68341 27.107343 2.9265009 -0.003380 0.033229 -0.025679
68349 6.0010536 2.9261584 -0.145221 0.215131 -0.195241
68367 17.372975 2.9253880 0.113029 0.079676 0.052905
68371 2.0001170 2.9252168 0.046884 0.045909 0.017837
68383 9.3371565 2.9247035 0.047269 0.083317 -0.043655
68389 2.0001170 2.9244469 -0.143727 0.219307 -0.198291
68401 4.2500272 2.9239339 -0.328608 0.192664 -0.170786
68407 4.2706997 2.9236774 -0.307877 0.189632 -0.173320
68419 14.851499 2.9231646 -0.082493 0.189190 -0.162712
68421 6.0010525 2.9230792 -0.276019 0.189246 -0.179019
68437 2.0001169 2.9223958 0.104446 0.076454 0.045538
68439 28.034409 2.9223104 0.041332 0.028199 0.019627
68443 2.0001169 2.9221396 -0.295465 0.175061 -0.157412
68449 2.0001169 2.9218834 -0.326625 0.192687 -0.171599
68457 15.250794 2.9215420 -0.293162 0.171712 -0.152727
68461 4.1268291 2.9213713 0.031272 0.237668 -0.164835
68467 9.3371518 2.9211153 -0.083476 0.048941 -0.043386
68473 2.0001168 2.9208593 -0.139836 0.214311 -0.193648
68491 2.0001168 2.9200917 -0.088088 0.053407 -0.050979
68503 4.2960036 2.9195802 0.019092 0.167353 -0.115446
68509 9.3371495 2.9193245 -0.076134 0.048125 -0.044486
68521 2.0001168 2.9188132 0.100968 0.075070 0.045935
68533 5.0722916 2.9183021 -0.228844 0.168324 -0.161044
68539 2.0001167 2.9180467 0.113181 0.085333 0.012962
68547 12.859997 2.9177061 -0.317376 0.190522 -0.171666
68581 2.0001167 2.9162596 0.233587 0.150337 0.106517
68583 6.0010500 2.9161746 -0.282547 0.165887 -0.148821
68599 4.1340264 2.9154944 -0.148653 0.217771 -0.197931
68601 17.372840 2.9154094 -0.102238 0.197459 -0.173328
68611 2.0001166 2.9149845 -0.228981 0.193765 -0.185795
68623 4.1399635 2.9144747 0.101419 0.075187 0.045897
68647 5.0722823 2.9134558 0.231458 0.150796 0.111730
68653 5.7821574 2.9132012 -0.280264 0.164476 -0.145907
68659 2.0001165 2.9129466 -0.181360 0.104952 -0.096663
68671 4.4213305 2.9124376 -0.133998 0.220753 -0.197663
68677 9.3371401 2.9121831 -0.083070 0.048751 -0.043247
68683 2.0001165 2.9119287 -0.061649 0.226098 -0.185185
68691 28.034282 2.9115896 -0.070421 0.041114 -0.036803
68707 4.1608454 2.9109116 0.102949 0.075988 0.046586
68709 13.542055 2.9108268 -0.322736 0.189218 -0.167738
68713 2.0001164 2.9106574 -0.129840 0.209868 -0.188320
68719 9.3371378 2.9104032 -0.007043 0.007259 -0.005056
68727 13.852759 2.9100645 -0.033664 0.179815 -0.142327
68737 2.0001164 2.9096411 -0.181442 0.116425 -0.110713
68743 2.0001164 2.9093871 -0.327210 0.191843 -0.170061
68749 2.0001164 2.9091332 0.067500 0.056357 0.028662
68763 6.0010473 2.9085409 0.258428 0.158780 0.098845
68767 2.0001163 2.9083717 -0.036007 0.247198 -0.193966
68773 4.1957142 2.9081180 0.105710 0.082669 0.008629
68779 4.1788714 2.9078643 -0.306800 0.189093 -0.172856
68791 2.0001163 2.9073571 0.091853 0.068697 0.023760
68803 9.3371332 2.9068500 0.128635 0.080497 0.063355
68809 12.944668 2.9065965 -0.043939 0.188373 -0.152224
68821 2.0001163 2.9060897 -0.324481 0.191227 -0.170170
68851 4.6008787 2.9048235 -0.064216 0.255001 -0.207873
68857 4.4945089 2.9045703 0.064177 0.053791 0.020748
68863 2.0001162 2.9043173 -0.323825 0.190688 -0.169617
68869 4.2959220 2.9040642 -0.324685 0.190362 -0.168749
68881 2.0001161 2.9035583 -0.024699 0.174892 -0.135841
68887 27.106193 2.9033054 -0.038975 0.023233 -0.020839
68889 6.0010453 2.9032211 0.056157 0.050128 0.020425
68899 2.0001161 2.9027998 0.087892 0.066820 0.036255
68907 12.712882 2.9024627 -0.021904 0.176765 -0.136418
68917 2.0001161 2.9020416 0.169698 0.112546 0.074233
68923 4.1423184 2.9017890 -0.017084 0.289791 -0.220448
68929 20.947085 2.9015364 -0.000429 0.055244 -0.040903
68947 2.0001160 2.9007789 -0.194835 0.122699 -0.115780
68961 12.670249 2.9001900 -0.324110 0.190505 -0.169196
68979 6.0010440 2.8994332 -0.135689 0.215745 -0.194037
68989 5.0722544 2.8990129 -0.266655 0.157448 -0.141588
68997 12.697861 2.8986768 0.228088 0.144899 0.098185
69001 2.0001159 2.8985087 0.105885 0.083231 0.007712
69007 4.1451247 2.8982567 -0.071013 0.258061 -0.211958
69013 9.3371216 2.8980047 -0.057707 0.048438 -0.046458
69019 2.0001159 2.8977528 -0.146665 0.217893 -0.197692
69031 2.0001159 2.8972491 -0.248220 0.145920 -0.132178
69033 6.0010432 2.8971651 -0.071435 0.258324 -0.212268
69051 6.0010429 2.8964099 -0.313486 0.186686 -0.167520
69061 2.0001158 2.8959905 -0.074842 0.190945 -0.161810
69067 2.0001158 2.8957389 0.089204 0.069223 0.015290
69073 2.0001158 2.8954874 -0.302876 0.188189 -0.172674
69079 4.4944778 2.8952359 -0.200355 0.151430 -0.145678
69087 6.0010423 2.8949006 -0.308698 0.188589 -0.171613
69097 9.3371170 2.8944817 -0.077109 0.047661 -0.043631
69103 5.0722452 2.8942304 -0.106757 0.212065 -0.185488
69109 2.0001158 2.8939791 0.073817 0.060830 0.012898
69123 6.0010418 2.8933929 0.061445 0.052886 0.024993
69127 2.0001157 2.8932255 0.225472 0.147166 0.106877
69141 15.250289 2.8926397 0.308516 0.194054 0.144445
69151 2.0001157 2.8922214 0.065925 0.055882 0.014041
69159 6.0010413 2.8918868 -0.121181 0.232443 -0.204238
69163 2.0001157 2.8917196 -0.262973 0.186352 -0.177253
69177 6.0010410 2.8911343 -0.289265 0.187355 -0.174660
69181 9.3371124 2.8909672 -0.004956 0.035962 -0.027672
69187 4.4212477 2.8907165 -0.117830 0.206597 -0.183458
69193 2.0001156 2.8904658 0.212246 0.139385 0.100492
69199 5.7821228 2.8902152 -0.277049 0.162552 -0.144174
69211 4.2705046 2.8897141 0.099854 0.072638 0.039352
69213 6.0010404 2.8896306 -0.230174 0.144249 -0.134712
69217 5.0722360 2.8894636 -0.101630 0.199988 -0.175046
69247 2.0001155 2.8882118 -0.323385 0.189748 -0.168301
69259 2.0001155 2.8877113 -0.066172 0.196718 -0.164058
69283 4.2326384 2.8867110 -0.197519 0.115234 -0.105721
69301 4.4944469 2.8859612 -0.127127 0.226030 -0.200481
69303 17.372438 2.8858780 -0.233324 0.139019 -0.125921
69307 9.3371055 2.8857114 -0.072792 0.042567 -0.038006
69313 2.0001154 2.8854616 -0.056243 0.269444 -0.216607
69319 4.1864988 2.8852118 0.110753 0.085029 0.009819
69321 28.033970 2.8851286 -0.075041 0.043912 -0.039133
69337 2.0001154 2.8844628 0.092500 0.068425 0.026811
69349 9.3371032 2.8839637 0.049553 0.031248 0.017598
69357 12.979088 2.8836311 -0.122163 0.231361 -0.203614
69361 4.1517995 2.8834648 0.213225 0.139723 0.100584
69379 2.0001153 2.8827167 0.048120 0.045959 0.017021
69393 6.0010377 2.8821351 0.046857 0.045358 0.017246
69403 2.0001153 2.8817198 0.145404 0.099745 0.066548
69409 4.6008120 2.8814707 -0.266584 0.174286 -0.163270
69427 2.0001152 2.8807236 -0.013902 0.180606 -0.136870
69429 6.0010372 2.8806407 -0.281402 0.164514 -0.147048
69439 2.0001152 2.8802258 -0.011888 0.182271 -0.137492
69447 28.033909 2.8798940 -0.043844 0.050543 -0.047305
69451 4.1293794 2.8797282 -0.262552 0.157026 -0.142831
69457 2.0001152 2.8794794 -0.299421 0.186859 -0.171774
69463 2.0001152 2.8792307 0.048961 0.046322 0.017106
69469 4.1605055 2.8789820 -0.072365 0.260626 -0.214288
69481 2.0001151 2.8784848 -0.072664 0.257694 -0.212138
69493 2.0001151 2.8779877 -0.319584 0.187343 -0.166144
69499 2.0001151 2.8777392 -0.321954 0.188762 -0.167328
69501 6.0010361 2.8776564 0.142486 0.098174 0.025130
69511 5.7821033 2.8772425 -0.102841 0.200545 -0.175871
69517 9.3370941 2.8769941 0.125255 0.078061 0.060995
69519 6.0010359 2.8769113 0.081510 0.066196 0.010567
69523 4.4944162 2.8767458 -0.045865 0.261913 -0.208047
69537 17.372307 2.8761666 -0.103083 0.200717 -0.176056
69559 23.826675 2.8752570 -0.048633 0.037123 -0.035554
69573 28.033847 2.8746784 -0.020874 0.061864 -0.051773
69591 6.0010348 2.8739348 -0.320481 0.187913 -0.166615
69601 20.479164 2.8735219 0.006898 0.009120 0.001833
69609 6.0010345 2.8731917 -0.014761 0.186104 -0.141332
69613 4.2704087 2.8730266 0.093169 0.069601 0.040045
69627 6.0010343 2.8724489 0.047384 0.045487 0.017013
69643 9.3370873 2.8717890 -0.075894 0.047277 -0.043424
69661 2.0001148 2.8710469 -0.195311 0.115037 -0.106046
69681 6.0010335 2.8702229 -0.319303 0.187791 -0.166863
69691 2.0001148 2.8698110 -0.149475 0.220864 -0.200541
69697 2.0001148 2.8695640 0.065410 0.054564 0.026021
69699 28.033786 2.8694816 0.090084 0.056579 0.042757
69703 4.4211661 2.8693170 -0.258998 0.185365 -0.176462
69709 2.0001148 2.8690700 -0.202630 0.199670 -0.189781
69739 2.0001147 2.8678358 0.300061 0.190964 0.143023
69753 6.0010324 2.8672602 0.164666 0.107271 0.063739
69757 4.2325066 2.8670958 0.075974 0.060080 0.031217
69763 2.0001147 2.8668492 -0.149447 0.221094 -0.200720
69769 9.3370805 2.8666026 -0.057367 0.036555 -0.034307
69771 17.372176 2.8665205 0.133832 0.087335 0.047725
69781 4.6007681 2.8661097 0.110812 0.085055 0.008840
69787 5.0721904 2.8658633 -0.240217 0.176459 -0.168461
69789 13.329322 2.8657811 -0.086027 0.238475 -0.200938
69799 4.1257850 2.8653706 0.054809 0.049042 0.017149
69807 6.0010316 2.8650422 -0.263042 0.186907 -0.177755
69811 9.3370783 2.8648780 -0.035253 0.032938 -0.031545
69829 2.0001146 2.8641395 -0.110462 0.068244 -0.065533
69841 4.1271699 2.8636474 0.047975 0.045653 0.017104
69843 13.851554 2.8635654 -0.190669 0.110949 -0.101705
69847 2.0001145 2.8634014 -0.132028 0.229932 -0.204491
69859 2.0001145 2.8629096 0.004442 0.241880 -0.177413
69877 2.0001145 2.8621721 -0.277808 0.166566 -0.151040
69879 6.0010305 2.8620902 0.073407 0.058660 0.029642
69901 14.846887 2.8611894 -0.064033 0.206597 -0.171597
69913 4.1446505 2.8606983 -0.318476 0.186719 -0.165528
69931 2.0001144 2.8599620 -0.106233 0.217034 -0.189150
69933 6.0010297 2.8598802 -0.157078 0.102336 -0.098048
69937 20.256182 2.8597166 0.015809 0.088306 -0.060402
69951 28.033664 2.8591443 -0.031173 0.018275 -0.017287
69961 4.4211258 2.8587356 -0.307158 0.181187 -0.161557
69967 11.021246 2.8584904 0.062794 0.052225 0.024555
69979 27.103946 2.8580003 0.003463 0.040611 -0.029077
69991 2.0001143 2.8575103 0.088010 0.066510 0.036785
69997 2.0001143 2.8572653 -0.309688 0.182279 -0.162321
70003 2.0001143 2.8570204 -0.317425 0.186495 -0.165534
70009 2.0001143 2.8567756 0.102141 0.074309 0.043715
70039 2.0001142 2.8555519 -0.299487 0.184046 -0.167079
70041 13.540380 2.8554704 -0.050245 0.221717 -0.178115
70051 2.0001142 2.8550627 0.244184 0.147126 0.094572
70063 9.3370648 2.8545737 0.058918 0.038072 0.027507
70087 4.1783739 2.8535962 -0.242252 0.142312 -0.128776
70099 2.0001141 2.8531077 -0.041406 0.215045 -0.170993
70111 2.0001141 2.8526194 -0.105929 0.180212 -0.159256
70113 6.0010271 2.8525380 -0.140277 0.201550 -0.181288
70117 2.0001141 2.8523753 0.050154 0.046148 0.016452
70123 2.0001141 2.8521313 -0.280869 0.172492 -0.157162
70129 5.0721635 2.8518872 -0.167695 0.098032 -0.090581
70131 12.727372 2.8518059 0.136270 0.086585 0.040752
70141 2.0001141 2.8513993 0.001148 0.143053 -0.105959
70149 12.909869 2.8510741 0.049271 0.045983 0.017337
70167 15.249552 2.8503428 0.005331 0.152531 -0.111721
70177 2.0001140 2.8499366 0.129548 0.083399 0.024067
70183 2.0001140 2.8496929 -0.149479 0.199239 -0.180818
70189 21.242840 2.8494493 -0.047342 0.028017 -0.025821
70201 2.0001140 2.8489623 0.147893 0.099813 0.065382
70203 28.033543 2.8488811 0.015058 0.073491 -0.049718
70207 2.0001140 2.8487188 -0.154180 0.107841 -0.103744
70231 20.301644 2.8477453 -0.078492 0.046362 -0.041279
70237 2.0001139 2.8475020 -0.148675 0.199205 -0.180675
70239 17.371916 2.8474209 -0.030007 0.150948 -0.120531
70243 5.0721545 2.8472588 0.088167 0.065264 0.036945
70249 2.0001139 2.8470156 -0.222389 0.160834 -0.152232
70273 9.3370536 2.8460433 -0.075954 0.044707 -0.039866
70291 5.7820552 2.8453145 -0.252231 0.148008 -0.131923
70293 6.0010245 2.8452335 -0.149162 0.199383 -0.180877
70297 2.0001138 2.8450716 -0.146307 0.085460 -0.079989
70303 4.1248552 2.8448288 0.050335 0.046442 0.017645
70309 2.0001138 2.8445860 -0.145028 0.198245 -0.179403
70321 2.0001138 2.8441006 -0.071265 0.202808 -0.169154
70327 2.0001138 2.8438580 0.111834 0.077431 0.010157
70333 4.2956041 2.8436154 -0.242459 0.179553 -0.169383
70339 4.6007031 2.8433728 -0.297982 0.174597 -0.155144
70351 2.0001137 2.8428878 -0.137735 0.194370 -0.175320
70369 5.7820505 2.8421606 0.095808 0.067417 0.039997
70381 2.0001137 2.8416760 -0.274355 0.160504 -0.143573
70393 2.0001137 2.8411916 -0.098257 0.218323 -0.186499
70401 13.850967 2.8408687 0.216553 0.140014 0.100133
70417 4.2702203 2.8402232 -0.306968 0.183199 -0.164048
70419 6.0010226 2.8401426 -0.101125 0.208771 -0.179913
70423 2.0001136 2.8399813 -0.310653 0.184237 -0.164420
70429 2.0001136 2.8397393 0.147389 0.099695 0.065621
70447 5.7820458 2.8390137 -0.069302 0.170785 -0.144520
70459 2.0001135 2.8385302 -0.315397 0.184918 -0.163920
70471 5.0721368 2.8380469 0.068152 0.053947 0.026156
70483 9.3370426 2.8375637 0.018163 0.045004 -0.027237
70489 2.0001135 2.8373221 -0.056718 0.221786 -0.179770
70491 6.0010216 2.8372416 -0.149498 0.200057 -0.181433
70501 2.0001135 2.8368392 -0.265768 0.155433 -0.139319
70507 2.0001135 2.8365978 -0.253999 0.165096 -0.153435
70509 15.249311 2.8365173 0.123349 0.079639 0.020221
70519 4.1951249 2.8361151 -0.027749 0.152343 -0.121127
70527 6.0010211 2.8357934 0.059213 0.050663 0.021758
70537 2.0001134 2.8353914 0.048473 0.045342 0.016412
70549 2.0001134 2.8349091 -0.281735 0.181311 -0.167195
70563 13.328233 2.8343466 -0.296931 0.180480 -0.163071
70573 2.0001134 2.8339450 -0.140648 0.196272 -0.177209
70579 4.1388632 2.8337041 0.071414 0.056919 0.027741
70581 28.033363 2.8336238 -0.007217 0.007401 -0.005516
70591 4.2494620 2.8332224 -0.296253 0.179739 -0.162377
70603 5.7820363 2.8327408 -0.089657 0.179512 -0.155204
70617 6.0010198 2.8321792 -0.116518 0.185829 -0.165346
70621 2.0001133 2.8320188 0.104540 0.073137 0.010135
70627 2.0001133 2.8317782 -0.241654 0.141211 -0.127402
70639 2.0001133 2.8312972 0.128497 0.088291 0.007689
70651 9.3370337 2.8308163 -0.070870 0.041481 -0.037051
70657 2.0001132 2.8305759 -0.074565 0.170954 -0.146123
70663 2.0001132 2.8303355 0.086842 0.062719 0.012024
70671 6.0010190 2.8300151 -0.076307 0.229425 -0.190010
70681 5.7820316 2.8296147 0.122765 0.080781 0.049372
70687 2.0001132 2.8293746 -0.005836 0.146600 -0.110704
70689 6.0010187 2.8292945 -0.299231 0.182183 -0.164711
70693 9.3370315 2.8291344 -0.058298 0.034553 -0.031479
70711 4.6006604 2.8284142 -0.303195 0.179263 -0.159723
70717 2.0001131 2.8281743 -0.258708 0.180507 -0.169190
70729 2.0001131 2.8276944 -0.145814 0.201916 -0.182339
70743 6.0010179 2.8271348 -0.059343 0.235446 -0.190468
70753 2.0001131 2.8267353 -0.147988 0.086639 -0.081052
70759 5.7820269 2.8264956 -0.255981 0.150008 -0.133380
70761 12.706801 2.8264157 0.050127 0.045777 0.016518
70777 9.3370271 2.8257767 -0.037562 0.051093 -0.046236
70779 6.0010174 2.8256969 0.316964 0.199274 0.148916
70783 2.0001130 2.8255372 -0.119753 0.211582 -0.185517
70797 6.0010172 2.8249785 -0.109589 0.189075 -0.166606
70813 5.0721103 2.8243402 -0.127039 0.193533 -0.172751
70819 20.392038 2.8241009 -0.075457 0.045441 -0.040874
70831 4.1296661 2.8236224 0.231248 0.148301 0.106431
70833 28.033244 2.8235427 -0.077609 0.045487 -0.040381
70837 5.7820222 2.8233833 -0.265041 0.156529 -0.139360
70843 2.0001129 2.8231441 -0.189195 0.111817 -0.103188
70849 2.0001129 2.8229051 0.094907 0.067420 0.010699
70867 2.0001129 2.8221880 -0.142607 0.199272 -0.179804
70869 6.0010161 2.8221084 -0.020390 0.156781 -0.122410
70879 2.0001129 2.8217102 -0.236875 0.181731 -0.171637
70887 6.0010159 2.8213918 0.101154 0.071215 0.009855
70891 2.0001129 2.8212326 0.081584 0.059805 0.012225
70897 4.6006392 2.8209938 -0.138960 0.196974 -0.177395
70921 2.0001128 2.8200392 -0.176615 0.110856 -0.104496
70927 5.0721015 2.8198006 -0.289335 0.171590 -0.153120
70951 2.0001128 2.8188468 -0.066882 0.227521 -0.186409
70957 2.0001128 2.8186085 0.126362 0.083553 0.015570
70959 66.745679 2.8185290 -0.068436 0.041648 -0.037686
70969 2.0001127 2.8181319 -0.221750 0.138661 -0.128744
70981 2.0001127 2.8176554 -0.148900 0.201588 -0.182502
70987 9.3370162 2.8174173 0.088548 0.051784 0.034906
70993 13.155074 2.8171792 -0.093126 0.178712 -0.155206
70999 2.0001127 2.8169411 0.316349 0.198533 0.148118
71011 2.0001127 2.8164651 -0.276328 0.179599 -0.166050
71013 6.0010141 2.8163857 0.212723 0.135953 0.094871
71023 2.0001126 2.8159892 -0.119833 0.188385 -0.167830
71029 20.333942 2.8157513 -0.016191 0.052912 -0.043543
71031 6.0010138 2.8156720 0.099833 0.068098 0.028225
71041 5.0720928 2.8152757 0.121157 0.083001 0.052158
71059 2.0001126 2.8145625 0.063708 0.051607 0.020359
71067 6.0010133 2.8142457 -0.309403 0.182066 -0.161763
71083 4.6006181 2.8136123 0.170741 0.109677 0.071449
71089 2.0001125 2.8133748 -0.311010 0.182374 -0.161686
71101 4.1949349 2.8129000 0.051620 0.046238 0.016914
71107 4.1262712 2.8126626 -0.056104 0.239682 -0.192777
71113 9.3370097 2.8124253 0.048049 0.044465 -0.012637
71119 2.0001125 2.8121880 -0.090624 0.212627 -0.180621
71121 12.648793 2.8121089 -0.075031 0.170585 -0.145919
71143 2.0001125 2.8112393 0.232672 0.141320 0.091897
71157 6.0010120 2.8106862 0.081961 0.059935 0.012014
71161 2.0001124 2.8105282 -0.149583 0.201848 -0.182786
71167 2.0001124 2.8102913 0.099690 0.071163 0.039701
71173 4.1858468 2.8100544 -0.309937 0.181804 -0.161208
71191 2.0001124 2.8093439 -0.028369 0.256198 -0.197755
71193 15.248835 2.8092650 -0.273296 0.166426 -0.150649
71209 2.0001124 2.8086337 0.095117 0.068527 0.037197
71211 28.033068 2.8085549 -0.001204 0.055339 -0.041403
71221 4.2700361 2.8081605 -0.136845 0.080515 -0.075741
71227 5.7819990 2.8079240 0.257561 0.160414 0.117584
71229 6.0010110 2.8078451 -0.253979 0.169510 -0.158110
71233 2.0001123 2.8076874 0.038288 0.191823 -0.130271
71239 9.3370032 2.8074510 -0.074670 0.044855 -0.040356
71251 4.4209285 2.8069781 0.052531 0.046481 0.017618
71257 2.0001123 2.8067418 -0.309394 0.181730 -0.161272
71263 2.0001123 2.8065055 -0.255723 0.179252 -0.168082
71283 6.0010102 2.8057181 0.092973 0.067849 0.037409
71287 2.0001122 2.8055606 -0.149605 0.202187 -0.183042
71293 2.0001122 2.8053245 0.056465 0.047656 0.014974
71301 6.0010100 2.8050097 -0.149397 0.202130 -0.182967
71317 2.0001122 2.8043804 -0.147870 0.202764 -0.183244
71319 6.0010097 2.8043018 -0.309709 0.181583 -0.160964
71329 2.0001122 2.8039086 -0.148380 0.202743 -0.183299
71337 65.036581 2.8035942 0.052969 0.033943 0.024043
71341 2.0001121 2.8034370 -0.163193 0.142782 -0.135908
71347 2.0001121 2.8032013 -0.198295 0.171472 -0.162229
71353 2.0001121 2.8029655 0.064403 0.050987 0.013820
71359 2.0001121 2.8027299 -0.139232 0.206234 -0.184643
71373 13.538768 2.8021801 -0.034400 0.218040 -0.171296
71389 2.0001121 2.8015521 -0.140926 0.082915 -0.077869
71409 17.371283 2.8007674 0.100270 0.068695 0.040296
71413 2.0001120 2.8006105 -0.087326 0.178128 -0.154087
71419 2.0001120 2.8003753 0.144076 0.100458 0.002565
71431 4.2953743 2.7999048 -0.274857 0.160964 -0.143752
71437 2.0001120 2.7996696 0.051372 0.045712 0.015593
71443 2.0001120 2.7994345 -0.149449 0.202627 -0.183350
71473 2.0001119 2.7982595 -0.304151 0.180395 -0.160987
71479 2.0001119 2.7980246 0.092834 0.066050 0.032966
71481 6.0010074 2.7979463 -0.154050 0.097030 -0.092206
71499 6.0010072 2.7972419 -0.107276 0.220214 -0.189641
71503 2.0001119 2.7970854 0.103179 0.072746 0.008370
71509 4.4208899 2.7968507 -0.287408 0.173624 -0.156636
71517 13.849818 2.7965379 0.057464 0.048349 0.019327
71521 4.4941483 2.7963815 0.054271 0.047027 0.018159
71527 2.0001119 2.7961469 -0.111820 0.206194 -0.179938
71539 5.7819806 2.7956779 -0.004223 0.147471 -0.110807
71551 2.0001118 2.7952090 -0.307184 0.180582 -0.160333
71557 4.1383359 2.7949746 -0.292320 0.171323 -0.152400
71563 2.0001118 2.7947403 0.049807 0.045117 0.015755
71569 2.0001118 2.7945060 -0.054628 0.184851 -0.151924
71571 6.0010062 2.7944279 -0.157052 0.110615 -0.106201
71593 2.0001117 2.7935692 -0.307933 0.180542 -0.160041
71607 6.0010057 2.7930230 -0.183594 0.139137 -0.132749
71611 5.0720496 2.7928670 0.029576 0.140916 -0.095121
71617 27.100705 2.7926330 -0.027190 0.017732 -0.016589
71623 4.2699456 2.7923991 -0.011891 0.166423 -0.127133
71641 4.6005555 2.7916975 -0.275650 0.164859 -0.148406
71647 2.0001117 2.7914637 0.084001 0.061181 0.010535
71653 4.2319970 2.7912300 0.048492 0.213656 -0.143098
71661 6.0010049 2.7909184 0.119935 0.079014 0.040900
71671 2.0001116 2.7905289 0.052530 0.046351 0.017003
71677 4.1238116 2.7902954 -0.292684 0.178776 -0.161830
71679 6.0010046 2.7902175 -0.079603 0.234632 -0.194553
71683 4.1947480 2.7900618 -0.185075 0.112480 -0.104762
71697 6.0010044 2.7895170 -0.298081 0.179155 -0.160980
71701 9.3369795 2.7893614 0.044698 0.029121 0.019708
71707 2.0001116 2.7891280 -0.149091 0.203050 -0.183606
71713 2.0001116 2.7888946 0.074173 0.055703 0.011926
71719 2.0001116 2.7886613 -0.297336 0.178769 -0.160677
71733 6.0010039 2.7881170 -0.306400 0.179792 -0.159468
71743 21.235949 2.7877284 -0.070366 0.042954 -0.038875
71749 4.1408187 2.7874953 -0.132422 0.195837 -0.175528
71751 6.0010036 2.7874176 -0.125692 0.213084 -0.187633
71761 2.0001115 2.7870292 -0.266523 0.177665 -0.165182
71767 4.4208516 2.7867962 -0.100396 0.063438 -0.061348
71773 5.7819668 2.7865632 0.102527 0.070356 0.042547
71787 6.0010031 2.7860198 0.069654 0.053707 0.020845
71809 2.0001114 2.7851662 -0.228930 0.175055 -0.165428
71821 2.0001114 2.7847009 -0.147840 0.204356 -0.184436
71827 21.694265 2.7844682 -0.065596 0.041816 -0.038437
71851 5.7819623 2.7835382 -0.250030 0.146814 -0.130677
71857 4.1320280 2.7833057 0.210648 0.134617 0.094180
71869 9.3369710 2.7828410 -0.037737 0.022217 -0.020787
71877 45.799761 2.7825313 -0.075301 0.179210 -0.151825
71881 2.0001113 2.7823764 0.167394 0.105705 0.065015
71887 2.0001113 2.7821442 -0.244621 0.179274 -0.168797
71899 2.0001113 2.7816799 0.115227 0.075588 0.021034
71911 9.3369689 2.7812157 0.005972 0.014077 -0.007456
71913 6.0010014 2.7811383 0.136873 0.096580 0.001448
71917 2.0001112 2.7809836 -0.100208 0.218899 -0.187225
71931 6.0010011 2.7804424 -0.097012 0.186694 -0.162399
71941 2.0001112 2.7800559 0.085485 0.060596 0.021498
71947 2.0001112 2.7798240 -0.149756 0.203971 -0.184398
71953 23.820567 2.7795922 -0.035828 0.024671 -0.023488
71971 2.0001112 2.7788971 -0.209141 0.154179 -0.146184
71983 2.0001111 2.7784338 0.050499 0.045133 0.015626
71989 4.1289342 2.7782022 -0.107435 0.222521 -0.191368
72003 6.0010001 2.7776620 -0.126018 0.214121 -0.188459
72019 2.0001111 2.7770449 -0.305205 0.178942 -0.158623
72021 6.0009999 2.7769678 0.061143 0.049286 0.015141
72031 2.0001111 2.7765823 -0.074578 0.230698 -0.190481
72043 2.0001111 2.7761198 -0.080711 0.236475 -0.196145
72049 4.1776618 2.7758886 0.102497 0.072740 0.006989
72057 6.0009994 2.7755804 -0.149786 0.204269 -0.184625
72067 5.0720155 2.7751953 0.082111 0.060169 0.031549
72073 2.0001110 2.7749643 -0.149791 0.204313 -0.184659
72091 2.0001110 2.7742714 0.212357 0.135384 0.094717
72093 28.032663 2.7741944 -0.075317 0.044528 -0.039709
72103 2.0001110 2.7738097 -0.273335 0.177181 -0.163620
72109 2.0001109 2.7735789 0.145013 0.096269 0.061726
72121 9.3369583 2.7731174 -0.009864 0.065947 -0.051564
72129 6.0009984 2.7728098 -0.093721 0.184839 -0.160354
72139 2.0001109 2.7724255 -0.218286 0.134171 -0.123937
72147 6.0009981 2.7721180 0.215613 0.125756 0.049504
72169 2.0001109 2.7712730 -0.004585 0.173704 -0.130388
72183 6.0009976 2.7707355 0.009539 0.184650 -0.134225
72187 4.4940623 2.7705820 -0.294806 0.173104 -0.153749
72211 2.0001108 2.7696611 -0.149702 0.204663 -0.184907
72219 72.536347 2.7693543 -0.017057 0.013120 -0.012826
72223 2.0001108 2.7692009 -0.227216 0.133083 -0.120452
72229 2.0001108 2.7689709 -0.303659 0.178035 -0.157826
72241 5.7819397 2.7685110 -0.054359 0.174920 -0.144162
72247 9.3369520 2.7682810 0.040997 0.026804 0.017660
72253 2.0001107 2.7680512 0.013691 0.171029 -0.122842
72271 2.0001107 2.7673617 -0.282927 0.174805 -0.159066
72273 6.0009964 2.7672852 0.207919 0.132539 0.092208
72277 2.0001107 2.7671320 0.144696 0.090329 0.027157
72291 6.0009961 2.7665961 0.161245 0.105390 0.069366
72307 2.0001106 2.7659839 -0.296199 0.177291 -0.158962
72309 6.0009959 2.7659074 -0.079906 0.237244 -0.196518
72313 2.0001106 2.7657544 -0.137838 0.091812 -0.088336
72319 5.7819352 2.7655250 0.164805 0.105015 0.071099
72327 6.0009956 2.7652191 -0.289313 0.176852 -0.160118
72331 9.3369478 2.7650662 -0.036552 0.044635 -0.040990
72337 2.0001106 2.7648368 -0.079072 0.175853 -0.150650
72343 4.2490346 2.7646075 0.117986 0.077350 0.038861
72363 6.0009951 2.7638434 -0.292496 0.176898 -0.159403
72367 2.0001106 2.7636906 -0.073318 0.179005 -0.151788
72379 2.0001105 2.7632324 -0.149249 0.204922 -0.185030
72397 5.7819307 2.7625454 -0.247380 0.151161 -0.136834
72399 6.0009947 2.7624691 0.132554 0.088243 0.053905
72409 11.820671 2.7620876 -0.126414 0.194483 -0.173201
72421 2.0001105 2.7616299 -0.149897 0.205260 -0.185382
72453 6.0009939 2.7604102 -0.299925 0.175838 -0.155959
72469 2.0001104 2.7598007 0.207674 0.132133 0.091725
72481 2.0001104 2.7593438 -0.105161 0.064193 -0.061600
72489 12.850951 2.7590393 -0.181004 0.106346 -0.097966
72493 2.0001104 2.7588871 -0.146894 0.206672 -0.186042
72499 9.3369394 2.7586587 -0.024669 0.027586 -0.025899
72507 6.0009932 2.7583544 -0.025728 0.164328 -0.129410
72517 4.1592177 2.7579740 -0.238391 0.178928 -0.168667
72541 20.928559 2.7570615 -0.039328 0.023195 -0.021580
72543 6.0009927 2.7569855 0.107491 0.076829 0.004382
72547 2.0001103 2.7568335 -0.029597 0.162164 -0.128841
72553 5.7819218 2.7566055 0.123238 0.081456 0.051796
72559 2.0001103 2.7563776 -0.146202 0.105464 -0.101558
72571 4.6004533 2.7559218 0.098687 0.069383 0.038600
72577 2.0001102 2.7556940 -0.149718 0.205584 -0.185596
72579 17.370670 2.7556180 -0.242829 0.142336 -0.126707
72583 9.3369352 2.7554662 -0.076490 0.044879 -0.039801
72597 28.032436 2.7549348 -0.019100 0.037092 -0.032365
72601 4.2317523 2.7547830 -0.270235 0.175440 -0.162048
72613 2.0001102 2.7543277 0.112221 0.076579 0.043566
72631 13.308779 2.7536451 -0.100921 0.184312 -0.160770
72637 5.0719735 2.7534177 0.227608 0.142491 0.100876
72643 2.0001101 2.7531903 -0.275513 0.171199 -0.156240
72649 2.0001101 2.7529629 -0.295818 0.173427 -0.153926
72651 12.972814 2.7528871 0.210083 0.132834 0.091849
72661 2.0001101 2.7525082 -0.148897 0.206085 -0.185862
72669 6.0009910 2.7522052 0.051289 0.044961 0.014940
72673 2.0001101 2.7520537 -0.037883 0.266302 -0.207629
72679 2.0001101 2.7518265 0.161817 0.105218 0.068924
72687 6.0009907 2.7515237 -0.133226 0.198680 -0.177775
72691 4.1403449 2.7513722 -0.278251 0.166858 -0.150257
72697 4.1502605 2.7511452 0.065085 0.050741 0.012435
72723 28.032379 2.7501616 -0.071655 0.044481 -0.040519
72727 2.0001100 2.7500103 -0.281543 0.166933 -0.149471
72733 2.0001100 2.7497835 -0.300608 0.176253 -0.156246
72739 2.0001100 2.7495566 0.081178 0.059428 0.027536
72741 6.0009900 2.7494810 -0.171852 0.107755 -0.101484
72751 23.818621 2.7491031 0.002664 0.048384 -0.035057
72757 4.6004331 2.7488764 -0.136701 0.203697 -0.182100
72759 12.806865 2.7488008 -0.149087 0.205752 -0.185609
72763 2.0001100 2.7486497 0.099084 0.068517 0.034872
72781 4.2489309 2.7479699 0.208311 0.132052 0.091489
72793 9.3369248 2.7475169 0.119139 0.072570 0.055368
72799 4.4207011 2.7472905 -0.107913 0.188341 -0.165578
72813 17.370549 2.7467623 -0.098623 0.183521 -0.159791
72817 2.0001099 2.7466114 -0.292298 0.175516 -0.157612
72823 2.0001099 2.7463851 0.204636 0.119704 0.055173
72829 4.2696800 2.7461588 0.018956 0.278976 -0.200828
72847 4.1943833 2.7454803 0.061269 0.049689 0.019827
72849 28.032323 2.7454049 -0.023739 0.059492 -0.050089
72859 2.0001098 2.7450281 -0.166468 0.098081 -0.090969
72871 2.0001098 2.7445760 0.011605 0.172257 -0.124403
72883 2.0001098 2.7441241 -0.146839 0.205106 -0.184785
72889 2.0001098 2.7438983 0.053016 0.045511 0.014848
72901 2.0001097 2.7434466 -0.165868 0.166340 -0.155946
72903 15.247686 2.7433713 0.082622 0.059681 0.030624
72907 2.0001097 2.7432208 0.204041 0.119362 0.054687
72921 12.684671 2.7426941 0.062152 0.050075 0.020167
72931 2.0001097 2.7423181 0.059836 0.048373 0.015674
72937 2.0001097 2.7420925 -0.094473 0.058175 -0.056001
72943 13.567320 2.7418669 -0.176061 0.130066 -0.123173
72949 2.0001097 2.7416414 0.227907 0.143303 0.100665
72973 2.0001096 2.7407397 0.059470 0.048035 0.013079
72997 2.0001096 2.7398386 -0.148562 0.207536 -0.186913
73003 9.3369145 2.7396134 -0.075896 0.044498 -0.039445
73009 2.0001096 2.7393883 -0.130419 0.216228 -0.190743
73011 6.0009863 2.7393133 -0.077675 0.239248 -0.197456
73027 4.1852282 2.7387131 -0.144868 0.085861 -0.080516
73033 4.1270326 2.7384881 0.051483 0.044833 0.014832
73039 2.0001095 2.7382631 -0.143201 0.210151 -0.188139
73047 17.370430 2.7379632 0.157536 0.099731 0.065826
73057 4.4206641 2.7375885 0.157181 0.113605 -0.005450
73063 2.0001095 2.7373636 -0.245477 0.176188 -0.165519
73093 5.0719403 2.7362401 -0.005947 0.162927 -0.122767
73099 5.7818908 2.7360155 0.097847 0.066405 0.038224
73119 6.0009849 2.7352672 -0.165233 0.107449 -0.102024
73129 21.689541 2.7348931 -0.023333 0.038942 -0.034506
73137 6.0009846 2.7345940 -0.143303 0.204223 -0.183560
73141 2.0001094 2.7344444 0.132087 0.090549 0.006106
73147 4.1282257 2.7342201 -0.297996 0.174716 -0.154876
73171 9.3369062 2.7333233 0.132166 0.071918 0.032223
73173 6.0009841 2.7332486 0.211144 0.133144 0.091953
73189 2.0001093 2.7326511 -0.297916 0.174669 -0.154835
73191 13.848162 2.7325764 -0.126994 0.205074 -0.181561
73207 5.0719321 2.7319792 -0.099452 0.185674 -0.161827
73213 9.3369042 2.7317553 -0.021273 0.056816 -0.047563
73231 4.2695935 2.7310838 -0.282437 0.173192 -0.156991
73237 2.0001092 2.7308601 -0.296163 0.174408 -0.155003
73243 2.0001092 2.7306364 0.113565 0.077160 0.010876
73261 4.2950065 2.7299655 -0.017270 0.158344 -0.122655
73263 6.0009829 2.7298909 -0.123492 0.219541 -0.192037
73279 4.1589126 2.7292949 -0.227241 0.133322 -0.120549
73281 17.370311 2.7292204 0.169989 0.100277 0.051828
73291 2.0001092 2.7288480 -0.084018 0.243115 -0.201728
73297 21.229354 2.7286246 -0.022562 0.057230 -0.048109
73303 2.0001091 2.7284013 -0.148571 0.207011 -0.186481
73309 2.0001091 2.7281780 0.071921 0.054741 0.024309
73317 6.0009822 2.7278803 -0.013097 0.220214 -0.167051
73327 2.0001091 2.7275083 0.209331 0.130966 0.088983
73333 5.7818777 2.7272851 -0.106921 0.188468 -0.165004
73339 9.3368981 2.7270620 0.059620 0.035005 0.020745
73351 2.0001091 2.7266159 0.051637 0.044704 0.014504
73357 4.1772083 2.7263928 -0.211172 0.142030 -0.133582
73363 2.0001091 2.7261699 -0.212889 0.132767 -0.123121
73369 2.0001090 2.7259469 0.111028 0.080426 0.001334
73371 13.536460 2.7258726 -0.263611 0.154750 -0.138288
73387 2.0001090 2.7252783 -0.094509 0.205358 -0.175843
73407 6.0009810 2.7245358 0.058495 0.047409 0.012913
73411 5.7818733 2.7243874 0.094448 0.064466 0.036694
73417 2.0001090 2.7241647 -0.007649 0.156337 -0.118432
73429 4.1942053 2.7237195 -0.062032 0.212894 -0.174327
73443 6.0009805 2.7232003 -0.033230 0.163667 -0.130878
73453 2.0001089 2.7228296 0.117005 0.084391 0.000762
73459 2.0001089 2.7226072 -0.096658 0.200070 -0.172302
73471 2.0001089 2.7221625 -0.093083 0.221633 -0.187707
73477 2.0001089 2.7219402 0.155526 0.100731 0.064635
73479 28.032046 2.7218661 -0.026543 0.059002 -0.050293
73483 2.0001089 2.7217179 -0.170414 0.105888 -0.099487
73489 5.7818690 2.7214957 -0.247873 0.148334 -0.132970
73497 6.0009798 2.7211995 -0.293190 0.172789 -0.153673
73501 4.6003536 2.7210514 -0.137439 0.202474 -0.181212
73507 9.3368899 2.7208293 0.012624 0.011056 0.003041
73519 4.4938951 2.7203852 0.060212 0.048153 0.017037
73533 12.652471 2.7198673 0.058277 0.047231 0.013206
73537 4.1428712 2.7197193 0.056451 0.046462 0.013469
73551 6.0009791 2.7192016 0.133284 0.097760 -0.004227
73561 2.0001088 2.7188320 0.208534 0.131209 0.090129
73567 5.7818646 2.7186102 -0.231951 0.137641 -0.123465
73587 15.247242 2.7178714 -0.160785 0.095628 -0.088722
73591 9.3368858 2.7177236 -0.003976 0.007076 -0.004646
73597 2.0001087 2.7175021 -0.139111 0.203663 -0.182459
73609 2.0001087 2.7170591 -0.213469 0.158752 -0.150188
73633 20.370855 2.7161735 -0.071895 0.042160 -0.037439
73639 4.1245677 2.7159521 -0.034505 0.164711 -0.131973
73641 6.0009779 2.7158784 -0.131407 0.202763 -0.180555
73651 2.0001086 2.7155096 -0.144394 0.085859 -0.080557
73657 4.2487274 2.7152884 -0.292441 0.171459 -0.152049
73659 13.324108 2.7152147 0.160617 0.099545 0.057406
73663 5.0718995 2.7150673 0.069805 0.052358 0.023566
73681 2.0001086 2.7144040 -0.086158 0.244884 -0.203490
73687 4.6003340 2.7141830 0.118480 0.083710 0.002822
73693 2.0001086 2.7139620 -0.290490 0.172574 -0.154125
73699 2.0001086 2.7137410 -0.250874 0.168721 -0.157236
73713 6.0009769 2.7132256 -0.231499 0.167319 -0.157564
73717 9.3368798 2.7130784 0.052691 0.030689 0.014040
73731 28.031936 2.7125632 -0.070715 0.043129 -0.039038
73741 4.4938678 2.7121954 -0.259505 0.171026 -0.158477
73749 42.595625 2.7119012 -0.231601 0.143328 -0.130370
73767 12.902532 2.7112394 -0.145373 0.208164 -0.186852
73771 2.0001084 2.7110924 0.059943 0.047912 0.012248
73783 2.0001084 2.7106515 -0.275640 0.161628 -0.143951
73801 27.096608 2.7099904 0.009120 0.017583 -0.009804
73803 12.848153 2.7099169 0.064138 0.049809 0.011988
73813 4.1228827 2.7095498 0.080929 0.059757 0.007147
73819 2.0001084 2.7093296 -0.223265 0.132026 -0.119853
73839 12.636632 2.7085957 -0.293086 0.171837 -0.152343
73849 2.0001083 2.7082290 -0.073626 0.185903 -0.156924
73857 28.031882 2.7079356 -0.004880 0.007219 -0.005155
73867 2.0001083 2.7075690 -0.292639 0.172223 -0.153003
73873 4.6003145 2.7073491 0.258427 0.159682 0.113835
73879 5.7818474 2.7071292 -0.103113 0.188127 -0.164030
73891 5.0718833 2.7066896 -0.132936 0.201219 -0.179364
73893 6.0009745 2.7066163 -0.034776 0.209376 -0.164951
73897 2.0001083 2.7064698 0.090961 0.062595 0.017870
73929 15.247022 2.7052983 0.070090 0.052239 0.023092
73939 2.0001082 2.7049324 0.053099 0.044931 0.013822
73951 2.0001082 2.7044935 -0.178161 0.105144 -0.096948
73957 5.7818431 2.7042741 0.100789 0.067536 0.039071
73963 4.4938407 2.7040547 0.046861 0.146789 -0.093387
73969 9.3368677 2.7038354 -0.045692 0.049647 -0.045976
73983 82.100707 2.7033237 -0.035631 0.020891 -0.018522
73987 4.1212071 2.7031776 -0.272612 0.171962 -0.157454
73993 4.2948645 2.7029584 -0.234251 0.168969 -0.158943
73999 2.0001081 2.7027392 0.100117 0.073250 0.002050
74011 20.211231 2.7023010 -0.071605 0.041990 -0.037292
74017 2.0001081 2.7020820 -0.112175 0.193620 -0.170299
74023 4.2313969 2.7018629 0.053123 0.044918 0.014429
74029 4.1307944 2.7016440 -0.153091 0.099644 -0.094928
74047 2.0001080 2.7009872 -0.069977 0.178151 -0.150345
74059 4.6002951 2.7005496 -0.118038 0.195884 -0.172970
74071 2.0001080 2.7001121 -0.234100 0.177367 -0.167135
74073 6.0009722 2.7000392 -0.149887 0.209502 -0.188544
74077 2.0001080 2.6998934 -0.175943 0.137417 -0.130990
74089 4.4205188 2.6994561 -0.146219 0.208712 -0.187352
74091 6.0009719 2.6993832 -0.291974 0.171317 -0.151943
74101 2.0001080 2.6990189 -0.112301 0.193871 -0.170507
74109 28.031773 2.6987275 -0.074127 0.043503 -0.038585
74113 5.7818345 2.6985819 -0.243337 0.142681 -0.126733
74127 6.0009715 2.6980722 -0.260889 0.153074 -0.136847
74131 2.0001079 2.6979266 -0.125887 0.219941 -0.192701
74143 2.0001079 2.6974900 -0.149133 0.210602 -0.189283
74149 2.0001079 2.6972717 0.142621 0.089727 0.022238
74161 2.0001079 2.6968353 -0.205698 0.121026 -0.110246
74167 2.0001079 2.6966171 0.052356 0.044536 0.013882
74179 9.3368577 2.6961809 -0.062991 0.036966 -0.033168
74181 12.803625 2.6961082 0.106320 0.076317 0.003049
74197 2.0001078 2.6955268 -0.132979 0.104625 -0.100849
74199 6.0009705 2.6954541 -0.076627 0.185727 -0.157420
74203 2.0001078 2.6953088 -0.223892 0.138103 -0.127140
74209 2.0001078 2.6950909 0.052782 0.044674 0.013745
74227 4.1263012 2.6944373 -0.079935 0.244863 -0.202050
74233 5.0718593 2.6942196 0.136622 0.089734 0.010848
74257 2.0001077 2.6933488 -0.150620 0.210290 -0.189247
74271 15.246805 2.6928411 -0.115164 0.194870 -0.171551
74287 2.0001077 2.6922611 -0.249623 0.147090 -0.132154
74289 6.0009693 2.6921886 0.220711 0.132243 0.083035
74293 2.0001077 2.6920437 0.054954 0.045490 0.013110
74311 2.0001077 2.6913916 -0.016629 0.268122 -0.203157
74317 2.0001077 2.6911743 0.148866 0.091689 0.046234
74323 2.0001076 2.6909570 -0.285440 0.170620 -0.152848
74343 6.0009686 2.6902331 -0.222305 0.130657 -0.118246
74347 75.311934 2.6900884 -0.013250 0.010666 -0.010061
74353 2.0001076 2.6898713 -0.036253 0.167555 -0.134502
74361 28.031665 2.6895819 -0.067770 0.043348 -0.039862
74377 2.0001076 2.6890033 0.087739 0.062201 0.030627
74379 6.0009682 2.6889310 -0.160319 0.105375 -0.100223
74383 2.0001076 2.6887864 -0.038662 0.274812 -0.213995
74389 9.3368477 2.6885695 0.084187 0.055317 0.000786
74397 6.0009679 2.6882804 -0.147668 0.209374 -0.188095
74407 4.4937869 2.6879191 -0.286449 0.168003 -0.148956
74413 2.0001075 2.6877024 -0.290344 0.170230 -0.150910
74419 2.0001075 2.6874857 0.323090 0.195939 0.141786
74433 13.323131 2.6869802 0.067288 0.050931 0.012232
74449 2.0001075 2.6864028 -0.288570 0.169194 -0.150050
74461 5.0718433 2.6859698 0.140614 0.091748 0.011547
74469 12.695563 2.6856813 -0.285924 0.167648 -0.148753
74473 9.3368438 2.6855370 -0.020912 0.024102 -0.022594
74487 28.031612 2.6850323 -0.026752 0.060026 -0.051084
74491 4.1368376 2.6848881 -0.277557 0.170076 -0.154082
74509 2.0001074 2.6842395 -0.026477 0.175139 -0.137535
74521 2.0001074 2.6838072 -0.150703 0.211026 -0.189809
74523 6.0009663 2.6837352 -0.036631 0.168223 -0.135087
74527 2.0001073 2.6835912 0.053978 0.045084 0.014237
74533 4.2485286 2.6833751 -0.218109 0.128262 -0.116208
74541 6.0009661 2.6830872 0.148169 0.095409 0.059384
74551 2.0001073 2.6827273 -0.146733 0.213333 -0.191010
74557 9.3368398 2.6825114 -0.066607 0.039077 -0.034897
74577 6.0009656 2.6817920 -0.092488 0.247230 -0.206558
74581 5.7818090 2.6816481 -0.246993 0.145201 -0.128921
74587 2.0001073 2.6814324 0.205620 0.128248 0.086848
74593 4.1938576 2.6812167 -0.145700 0.213471 -0.190951
74599 9.3368378 2.6810011 -0.073466 0.043078 -0.038188
74611 2.0001072 2.6805699 0.087446 0.062488 0.008973
74623 2.0001072 2.6801388 -0.209424 0.155845 -0.147431
74629 4.4937603 2.6799234 0.056828 0.046093 0.015617
74631 6.0009649 2.6798515 -0.286541 0.169611 -0.151167
74641 9.3368359 2.6794925 -0.069357 0.042301 -0.038291
74653 2.0001072 2.6790618 0.232382 0.135536 0.078332
74659 5.7818048 2.6788465 -0.201594 0.118795 -0.107126
74667 6.0009644 2.6785595 0.059998 0.047863 0.016954
74689 5.0718275 2.6777705 -0.111042 0.217335 -0.187781
74703 13.534991 2.6772687 -0.137971 0.214801 -0.190715
74707 2.0001071 2.6771253 -0.274173 0.165563 -0.149261
74713 2.0001071 2.6769103 0.074860 0.055169 0.023729
74719 2.0001071 2.6766954 -0.105167 0.207817 -0.179698
74721 6.0009637 2.6766237 -0.177639 0.138898 -0.132274
74731 2.0001071 2.6762655 0.059217 0.168623 -0.105430
74737 5.7818006 2.6760507 0.099637 0.065854 0.036336
74739 28.031505 2.6759791 -0.069429 0.040721 -0.036242
74757 6.0009633 2.6753348 -0.167341 0.099231 -0.091959
74761 2.0001070 2.6751916 0.006475 0.157486 -0.115036
74779 2.0001070 2.6745477 0.100118 0.074445 -0.000356
74797 2.0001070 2.6739040 0.066253 0.050724 0.010351
74803 12.012928 2.6736896 -0.117940 0.206999 -0.181141
74809 9.3368280 2.6734751 0.045317 0.027280 0.015139
74821 2.0001069 2.6730463 0.205832 0.128090 0.086524
74827 2.0001069 2.6728320 -0.287870 0.168963 -0.149873
74829 6.0009623 2.6727606 -0.143690 0.216139 -0.192690
74839 4.2692565 2.6724034 0.081943 0.060355 0.006016
74847 12.968941 2.6721178 -0.148228 0.090693 -0.085471
74857 2.0001069 2.6717608 -0.088965 0.250487 -0.208190
74863 4.4204124 2.6715467 0.066260 0.050391 0.018414
74869 2.0001069 2.6713326 -0.283772 0.167000 -0.148470
74881 4.1846403 2.6709045 0.124838 0.078886 0.026427
74883 12.678603 2.6708332 -0.173569 0.136890 -0.130426
74887 2.0001068 2.6706905 -0.036771 0.170164 -0.136544
74893 27.094650 2.6704765 -0.008693 0.005963 -0.005801
74901 6.0009614 2.6701913 -0.141314 0.207972 -0.186020
74917 5.0718118 2.6696210 -0.238580 0.158530 -0.147201
74923 2.0001068 2.6694073 0.063933 0.049620 0.018524
74929 2.0001068 2.6691935 -0.090244 0.251362 -0.209115
74937 6.0009610 2.6689085 0.068133 0.051970 0.008678
74941 2.0001068 2.6687661 -0.120118 0.199338 -0.175969
74959 2.0001067 2.6681252 -0.219337 0.129053 -0.116859
74971 12.877466 2.6676982 -0.107866 0.192837 -0.168361
74973 12.900245 2.6676270 -0.283783 0.166399 -0.147597
74977 9.3368201 2.6674847 0.058437 0.034061 0.010832
74991 28.031399 2.6669867 0.080949 0.051070 0.003935
75013 2.0001067 2.6662045 -0.073271 0.262476 -0.213482
75037 2.0001066 2.6653518 -0.281538 0.165213 -0.146717
75061 9.3368162 2.6644995 -0.042940 0.037367 -0.035440
75067 4.1194112 2.6642866 -0.114840 0.235258 -0.202159
75073 4.4937074 2.6640736 0.150020 0.095021 0.057790
75079 2.0001066 2.6638607 -0.283530 0.168153 -0.150019
75091 4.2946568 2.6634350 0.139374 0.090035 0.014965
75099 6.0009589 2.6631513 -0.270446 0.158645 -0.141246
75103 9.3368143 2.6630095 0.016939 0.025298 -0.012152
75109 2.0001065 2.6627967 -0.114058 0.235633 -0.202288
75121 4.4203775 2.6623714 -0.170366 0.101014 -0.093372
75127 5.7817797 2.6621587 -0.244328 0.143254 -0.127019
75133 2.0001065 2.6619461 0.271085 0.165475 0.117047
75151 4.1219850 2.6613086 -0.124135 0.201764 -0.178484
75169 2.0001064 2.6606713 -0.229459 0.174515 -0.164442
75171 6.0009580 2.6606005 0.053221 0.044378 0.013051
75181 2.0001064 2.6602466 -0.113108 0.237173 -0.203254
75193 2.0001064 2.6598221 -0.150911 0.212796 -0.191160
75199 4.1491965 2.6596098 0.212740 0.131612 0.089142
75211 2.0001064 2.6591855 -0.172931 0.102541 -0.094741
75217 2.0001064 2.6589734 0.197206 0.122663 0.081692
75223 2.0001064 2.6587613 -0.100089 0.233099 -0.197602
75241 4.2691746 2.6581252 0.102263 0.076381 -0.001639
75243 28.031294 2.6580546 -0.072411 0.042455 -0.037639
75253 2.0001063 2.6577014 -0.276131 0.162465 -0.144619
75261 6.0009568 2.6574188 -0.258648 0.169809 -0.157132
75271 9.3368065 2.6570658 -0.065867 0.043052 -0.039797
75277 2.0001063 2.6568540 -0.037854 0.171564 -0.137840
75283 5.7817714 2.6566423 0.113677 0.072635 0.040683
75289 2.0001063 2.6564306 -0.156297 0.103949 -0.099040
75297 15.246166 2.6561483 0.072398 0.052322 0.021484
75307 2.0001062 2.6557956 -0.151299 0.213251 -0.191560
75319 4.1765578 2.6553725 -0.024007 0.231867 -0.178549
75333 6.0009559 2.6548790 -0.115589 0.236441 -0.203175
75337 2.0001062 2.6547380 -0.248672 0.164176 -0.152370
75349 4.1420463 2.6543153 -0.123718 0.202638 -0.179066
75351 6.0009557 2.6542448 -0.210274 0.183339 -0.172528
75367 2.0001062 2.6536813 0.234897 0.144205 0.099368
75369 65.488433 2.6536109 0.018470 0.013395 0.005812
75373 5.0717806 2.6534701 -0.268014 0.157137 -0.139294
75379 4.4203428 2.6532589 -0.268418 0.166023 -0.150940
75387 17.369276 2.6529773 -0.243879 0.142987 -0.126750
75391 2.0001061 2.6528365 -0.145594 0.217028 -0.193625
75397 9.3368007 2.6526254 -0.027787 0.061180 -0.052139
75403 2.0001061 2.6524144 -0.053639 0.241876 -0.193572
75409 4.2483345 2.6522033 0.115674 0.074561 0.021142
75421 4.1255932 2.6517813 -0.284629 0.166879 -0.147929
75423 13.846069 2.6517110 0.146787 0.091704 0.021412
75433 4.1201644 2.6513595 -0.016628 0.187080 -0.143615
75439 27.093692 2.6511486 -0.029325 0.017271 -0.015531
75441 6.0009545 2.6510783 0.053755 0.044488 0.012979
75457 4.2945889 2.6505162 -0.279857 0.166120 -0.148272
75459 6.0009543 2.6504459 -0.003544 0.163414 -0.122433
75469 4.1363643 2.6500947 0.053569 0.044379 0.012937
75477 12.634777 2.6498139 -0.262175 0.153854 -0.137225
75499 4.1844508 2.6490417 -0.266540 0.156383 -0.139294
75511 2.0001060 2.6486207 0.203462 0.125918 0.084143
75513 6.0009536 2.6485506 -0.277162 0.166958 -0.150111
75517 13.294954 2.6484103 -0.089894 0.187655 -0.161043
75523 9.3367949 2.6481999 0.081233 0.050647 0.004854
75541 2.0001059 2.6475689 -0.284111 0.166575 -0.147660
75547 4.6001431 2.6473586 -0.278189 0.163149 -0.144647
75549 6.0009532 2.6472885 0.209510 0.128908 0.086008
75553 2.0001059 2.6471484 0.097612 0.073799 -0.002068
75567 6.0009529 2.6466579 0.206767 0.127722 0.085548
75571 2.0001059 2.6465178 -0.137105 0.207965 -0.185313
75577 2.0001059 2.6463077 0.058410 0.046590 0.015075
75583 2.0001058 2.6460977 -0.263186 0.168160 -0.154511
75619 2.0001058 2.6448379 0.073995 0.055805 0.005739
75621 82.074074 2.6447680 -0.033503 0.020327 -0.018335
75637 4.4203083 2.6442085 0.135167 0.104226 -0.011821
75639 15.245956 2.6441386 -0.260311 0.156592 -0.140697
75643 4.2690935 2.6439988 -0.072539 0.189846 -0.159522
75657 6.0009518 2.6435095 -0.064509 0.276949 -0.222014
75673 5.7817508 2.6429506 -0.152785 0.107049 -0.101688
75679 2.0001057 2.6427411 0.230486 0.133508 0.074381
75703 2.0001057 2.6419032 0.053525 0.044260 0.012628
75709 2.0001057 2.6416939 -0.239011 0.172706 -0.162124
75711 6.0009511 2.6416241 -0.082445 0.187857 -0.160153
75721 2.0001057 2.6412752 0.053532 0.044255 0.012615
75729 6.0009509 2.6409962 -0.262986 0.157940 -0.142274
75733 21.680587 2.6408567 -0.066403 0.038996 -0.034601
75747 28.031085 2.6403686 -0.058256 0.044470 -0.041885
75751 5.7817467 2.6402292 -0.204604 0.147900 -0.138834
75781 2.0001056 2.6391840 -0.129250 0.229041 -0.200079
75783 6.0009502 2.6391143 -0.027388 0.169702 -0.133735
75787 2.0001056 2.6389750 0.188407 0.111049 0.040300
75793 2.0001056 2.6387661 -0.195336 0.176851 -0.166315
75799 4.1209106 2.6385572 -0.282442 0.165610 -0.146814
75817 9.3367815 2.6379308 -0.070294 0.041990 -0.037607
75819 12.644403 2.6378612 0.106126 0.081272 -0.005482
75829 14.830265 2.6375134 0.151894 0.094138 0.061620
75847 4.2482392 2.6368874 0.069468 0.052470 0.007968
75853 2.0001055 2.6366788 -0.151661 0.214786 -0.192760
75859 9.3367796 2.6364703 -0.071650 0.042009 -0.037239
75873 28.031034 2.6359838 -0.062457 0.039267 -0.036058
75883 2.0001054 2.6356364 -0.282187 0.165450 -0.146665
75907 5.7817386 2.6348031 -0.059237 0.226659 -0.183335
75909 6.0009487 2.6347337 -0.065062 0.203539 -0.168000
75913 2.0001054 2.6345949 0.202854 0.125113 0.083130
75927 6.0009484 2.6341091 0.202832 0.125085 0.083095
75931 2.0001054 2.6339703 0.060158 0.047237 0.015508
75937 2.0001054 2.6337622 -0.133291 0.207361 -0.184217
75943 23.811248 2.6335541 -0.009303 0.054960 -0.043186
75961 4.4936037 2.6329301 -0.239723 0.141389 -0.127021
75963 6.0009480 2.6328607 -0.145160 0.212331 -0.189888
75967 2.0001053 2.6327221 -0.279240 0.163737 -0.145243
75979 2.0001053 2.6323063 0.023480 0.197727 -0.139479
75981 38.483571 2.6322370 -0.253177 0.150381 -0.134267
75991 2.0001053 2.6318906 -0.008738 0.188646 -0.142528
75997 2.0001053 2.6316828 0.054914 0.044759 0.012947
76003 2.0001053 2.6314751 -0.281042 0.164921 -0.146279
76017 6.0009473 2.6309904 -0.142011 0.106381 -0.102256
76027 9.3367720 2.6306444 -0.015119 0.072262 -0.057485
76033 4.1488575 2.6304368 -0.113659 0.220991 -0.191138
76039 2.0001052 2.6302292 0.072824 0.053184 0.013046
76057 5.0717346 2.6296067 0.220379 0.134509 0.091946
76063 5.7817304 2.6293993 -0.073656 0.183112 -0.154359
76069 9.3367701 2.6291919 0.042382 0.026147 0.015738
76071 6.0009466 2.6291228 0.053806 0.044218 0.012300
76081 2.0001052 2.6287772 0.054765 0.044645 0.012631
76089 17.368944 2.6285008 -0.110389 0.197826 -0.172544
76099 2.0001051 2.6281554 0.186105 0.109930 0.038758
76117 4.1842644 2.6275339 -0.122231 0.227656 -0.197743
76123 2.0001051 2.6273268 0.088575 0.061280 0.028333
76129 2.0001051 2.6271198 -0.211446 0.124760 -0.113219
76141 5.7817264 2.6267057 0.094486 0.062468 0.033388
76147 2.0001051 2.6264987 0.004451 0.166700 -0.122461
76159 2.0001050 2.6260849 -0.148967 0.217592 -0.194512
76179 12.898032 2.6253955 0.056768 0.045448 0.013665
76189 4.2944550 2.6250509 -0.149385 0.214673 -0.192293
76201 4.1296319 2.6246375 -0.151514 0.215738 -0.193447
76207 2.0001050 2.6244308 0.080847 0.060600 0.003229
76213 2.0001050 2.6242242 -0.094687 0.059962 -0.057987
76231 2.0001049 2.6236046 -0.146771 0.213709 -0.191175
76233 6.0009446 2.6235357 -0.273388 0.164736 -0.148126
76237 9.3367625 2.6233981 -0.066693 0.040794 -0.036982
76243 2.0001049 2.6231916 -0.081980 0.192158 -0.163241
76249 2.0001049 2.6229852 0.141598 0.088837 0.021212
76251 28.030880 2.6229164 0.121908 0.070312 0.049862
76261 2.0001049 2.6225725 -0.232872 0.173619 -0.163296
76269 6.0009442 2.6222974 -0.251547 0.147745 -0.132090
76297 5.7817183 2.6213350 -0.224128 0.138169 -0.125606
76303 2.0001049 2.6211289 -0.168608 0.100406 -0.092931
76321 9.3367587 2.6205107 -0.025583 0.042302 -0.037472
76323 45.685297 2.6204421 0.122791 0.074525 0.037454
76327 4.1577535 2.6203047 -0.072519 0.187318 -0.157611
76333 2.0001048 2.6200988 0.159919 0.097961 0.025871
76339 4.1933561 2.6198928 -0.223680 0.176317 -0.166129
76341 6.0009433 2.6198242 -0.130576 0.207332 -0.183726
76359 6.0009431 2.6192066 -0.208198 0.182985 -0.172047
76363 9.3367568 2.6190694 -0.026841 0.062829 -0.053165
76369 2.0001048 2.6188637 -0.040732 0.175614 -0.141518
76377 28.030829 2.6185894 -0.065743 0.042219 -0.038839
76387 2.0001047 2.6182466 -0.279404 0.163815 -0.145214
76393 4.2308342 2.6180409 0.057340 0.045624 0.011477
76399 5.0717119 2.6178353 -0.117805 0.201634 -0.177013
76411 4.4202062 2.6174242 -0.087660 0.256200 -0.212013
76413 6.0009424 2.6173557 -0.136265 0.227497 -0.200069
76423 2.0001047 2.6170132 -0.270214 0.164493 -0.148571
76431 12.842848 2.6167393 0.060300 0.046986 0.011505
76441 2.0001047 2.6163970 -0.058092 0.181136 -0.149781
76447 20.351270 2.6161916 0.041693 0.025999 0.016292
76453 5.7817102 2.6159863 -0.111847 0.198345 -0.173173
76459 4.1385675 2.6157810 0.209686 0.126025 0.079648
76471 2.0001046 2.6153705 -0.193572 0.122865 -0.114637
76477 4.6000511 2.6151653 0.095260 0.069885 0.001142
76503 28.030778 2.6142766 -0.067933 0.039896 -0.035497
76507 2.0001046 2.6141399 -0.266278 0.157362 -0.140490
76513 5.0717044 2.6139349 -0.261991 0.153607 -0.136167
76519 2.0001046 2.6137299 0.137577 0.087605 0.051281
76537 2.0001045 2.6131152 -0.003567 0.170734 -0.127826
76539 13.845069 2.6130469 -0.134853 0.211030 -0.187162
76543 2.0001045 2.6129104 0.054053 0.044129 0.011904
76561 2.0001045 2.6122961 0.067589 0.051618 0.006797
76573 9.3367474 2.6118867 -0.012751 0.057201 -0.045821
76579 2.0001045 2.6116821 -0.147527 0.216755 -0.193616
76597 2.0001044 2.6110683 -0.272886 0.160105 -0.142170
76603 2.0001044 2.6108638 0.203462 0.124067 0.080721
76611 6.0009400 2.6105912 -0.222683 0.149093 -0.139290
76621 4.1262302 2.6102505 -0.115144 0.201985 -0.177004
76627 11.794440 2.6100461 0.081044 0.055383 0.021157
76651 2.0001044 2.6092288 -0.096304 0.260027 -0.216753
76663 4.6000330 2.6088204 -0.110548 0.238916 -0.203895
76669 4.4201727 2.6086163 0.163491 0.101706 0.062999
76683 6.0009391 2.6081400 0.103309 0.068773 0.034915
76693 4.1181319 2.6077999 -0.019422 0.196632 -0.151377
76699 9.3367418 2.6075959 0.024275 0.016233 0.006936
76701 13.532883 2.6075279 0.100381 0.068911 0.009253
76717 2.0001043 2.6069841 -0.246115 0.145175 -0.130177
76723 4.2480517 2.6067802 -0.218497 0.162292 -0.152952
76737 6.0009384 2.6063047 -0.211163 0.124632 -0.113031
76741 23.809502 2.6061688 -0.040586 0.024633 -0.022630
76753 2.0001042 2.6057613 0.068437 0.050801 0.018424
76771 2.0001042 2.6051504 0.201651 0.123475 0.080999
76773 12.623505 2.6050825 -0.266400 0.156298 -0.138977
76777 2.0001042 2.6049468 -0.097710 0.259939 -0.216982
76801 2.0001042 2.6041328 -0.231299 0.169276 -0.159082
76809 6.0009375 2.6038615 0.054825 0.044370 0.011959
76819 2.0001041 2.6035226 -0.112206 0.240190 -0.205232
76827 6.0009373 2.6032515 0.108428 0.078393 0.000577
76831 2.0001041 2.6031159 -0.152382 0.217551 -0.194932
76837 2.0001041 2.6029127 0.205430 0.124096 0.079147
76849 10.952417 2.6025062 -0.155854 0.093170 -0.086519
76863 6.0009369 2.6020322 -0.153740 0.093861 -0.088009
76867 20.244807 2.6018968 -0.069277 0.040621 -0.036010
76873 2.0001041 2.6016937 -0.151271 0.218494 -0.195497
76899 6.0009364 2.6008141 -0.252930 0.155205 -0.141076
76909 9.3367325 2.6004759 -0.069400 0.041223 -0.036805
76917 6.0009362 2.6002054 -0.152175 0.217680 -0.194996
76921 12.898363 2.6000702 0.124318 0.075492 0.033236
76927 4.4201393 2.5998674 -0.089895 0.057727 -0.055967
76951 9.3367307 2.5990565 -0.059651 0.035413 -0.031939
76963 2.0001040 2.5986513 0.116154 0.094235 -0.014276
76969 5.0716745 2.5984487 -0.259665 0.152243 -0.134958
76971 6.0009356 2.5983812 -0.119081 0.243432 -0.208985
76999 5.7816823 2.5974363 -0.096427 0.204194 -0.174686
77007 72.434568 2.5971665 -0.053173 0.032362 -0.029225
77017 2.0001039 2.5968293 -0.275683 0.161637 -0.143295
77023 2.0001039 2.5966270 0.054841 0.044294 0.011715
77029 2.0001039 2.5964247 -0.151355 0.217684 -0.194870
77041 2.0001038 2.5960203 -0.010153 0.261868 -0.196658
77043 12.965291 2.5959529 -0.081391 0.241168 -0.199472
77047 2.0001038 2.5958181 0.078993 0.060389 0.001043
77071 4.4934773 2.5950098 -0.006371 0.185793 -0.139708
77079 6.0009343 2.5947405 0.160060 0.096740 0.050983
77083 5.0716671 2.5946058 -0.024587 0.172136 -0.134661
77089 4.1574782 2.5944039 0.075551 0.054113 0.021350
77097 13.844579 2.5941347 -0.036976 0.176349 -0.141054
77101 2.0001038 2.5940001 -0.274891 0.161189 -0.142917
77133 28.030526 2.5929239 -0.055832 0.040776 -0.038388
77137 2.0001037 2.5927895 -0.253649 0.156912 -0.142940
77151 6.0009334 2.5923190 -0.257811 0.151359 -0.134886
77161 20.286174 2.5919830 0.099188 0.054964 0.020644
77167 2.0001037 2.5917815 -0.144807 0.223304 -0.198197
77173 4.1200133 2.5915800 0.054540 0.044093 0.011412
77191 2.0001036 2.5909756 0.095210 0.074827 -0.006270
77223 6.0009325 2.5899020 -0.097455 0.262641 -0.218906
77239 2.0001036 2.5893655 0.037614 0.163773 -0.109537
77241 6.0009323 2.5892984 -0.211937 0.125139 -0.113397
77251 4.2687775 2.5889632 -0.135177 0.212992 -0.188728
77259 82.048586 2.5886952 -0.017778 0.010751 -0.010084
77263 2.0001035 2.5885611 -0.228343 0.134491 -0.121074
77269 2.0001035 2.5883601 -0.155512 0.132708 -0.126234
77277 6.0009319 2.5880922 -0.176871 0.105301 -0.096990
77281 4.1759406 2.5879582 -0.152172 0.218672 -0.195730
77287 20.428057 2.5877573 -0.068303 0.040046 -0.035499
77293 4.4934525 2.5875564 -0.130861 0.231225 -0.201862
77311 14.826513 2.5869540 -0.215454 0.128254 -0.114646
77313 6.0009314 2.5868871 0.078991 0.060636 0.000454
77317 2.0001035 2.5867532 0.203565 0.123271 0.079193
77323 2.0001035 2.5865525 -0.152756 0.218964 -0.196044
77329 9.3367141 2.5863518 -0.054900 0.042105 -0.039703
77347 2.0001034 2.5857499 -0.206762 0.183425 -0.172280
77353 4.1839006 2.5855494 -0.167473 0.136050 -0.129408
77359 2.0001034 2.5853488 0.066456 0.050782 0.006663
77377 2.0001034 2.5847474 -0.130356 0.209997 -0.185655
77383 2.0001034 2.5845470 0.345564 0.205482 0.147192
77389 5.7816627 2.5843466 -0.204033 0.144544 -0.135326
77403 6.0009303 2.5838792 -0.273921 0.160600 -0.142364
77413 9.3367104 2.5835454 -0.043247 0.025811 -0.023853
77419 2.0001033 2.5833452 -0.144780 0.222365 -0.197453
77431 2.0001033 2.5829448 -0.225443 0.166433 -0.156551
77437 4.1222236 2.5827447 -0.271861 0.159413 -0.141384
77443 4.4200733 2.5825446 0.080394 0.056210 0.023308
77457 6.0009297 2.5820778 0.134587 0.088107 0.011628
77479 2.0001033 2.5813446 -0.257749 0.162170 -0.148277
77491 2.0001032 2.5809449 -0.152917 0.219427 -0.196414
77493 17.368297 2.5808783 -0.233917 0.137147 -0.121577
77497 9.3367067 2.5807451 0.018212 0.013218 0.003441
77509 2.0001032 2.5803455 0.124609 0.084460 0.006864
77511 28.030377 2.5802789 -0.016134 0.012060 -0.011753
77521 2.0001032 2.5799461 -0.259685 0.162431 -0.148196
77527 2.0001032 2.5797464 0.075411 0.053840 0.020734
77529 13.319418 2.5796799 -0.219770 0.163364 -0.153783
77547 6.0009286 2.5790811 -0.151791 0.219455 -0.196266
77551 2.0001032 2.5789480 0.254219 0.152653 0.104154
77557 2.0001032 2.5787485 -0.259565 0.161191 -0.146742
77563 2.0001031 2.5785491 -0.267874 0.157507 -0.140015
77569 2.0001031 2.5783496 0.067847 0.050131 0.017159
77581 9.3367031 2.5779508 0.048873 0.064244 -0.029450
77587 2.0001031 2.5777514 -0.080061 0.282755 -0.229872
77593 4.5999437 2.5775521 0.062640 0.047278 0.014980
77599 4.2478685 2.5773528 -0.268081 0.159940 -0.143110
77601 6.0009280 2.5772864 -0.153009 0.219740 -0.196662
77611 2.0001031 2.5769543 0.146835 0.090711 0.050375
77617 2.0001031 2.5767551 -0.004001 0.219412 -0.163740
77619 6.0009278 2.5766887 -0.183242 0.108958 -0.100010
77623 27.089997 2.5765559 -0.033243 0.019529 -0.017331
77637 28.030328 2.5760913 -0.066062 0.039078 -0.034905
77641 2.0001030 2.5759586 -0.264780 0.160907 -0.145206
77647 2.0001030 2.5757595 -0.235382 0.138530 -0.124325
77653 11.532981 2.5755605 0.074177 0.052039 0.020933
77659 2.0001030 2.5753615 -0.099103 0.265943 -0.221683
77689 2.0001030 2.5743670 -0.220790 0.149639 -0.139938
77701 13.118244 2.5739694 -0.110338 0.201462 -0.175153
77709 6.0009267 2.5737045 0.055056 0.044146 0.011030
77713 2.0001029 2.5735720 -0.153105 0.220060 -0.196914
77719 2.0001029 2.5733733 0.054681 0.043976 0.010844
77727 17.368192 2.5731084 -0.063273 0.248244 -0.200102
77731 2.0001029 2.5729760 -0.216372 0.153233 -0.144044
77743 2.0001029 2.5725789 -0.097749 0.264759 -0.220509
77761 2.0001029 2.5719834 0.058245 0.045563 0.012456
77767 5.0716231 2.5717849 -0.250695 0.148526 -0.132522
77773 2.0001029 2.5715865 -0.157911 0.098922 -0.093057
77779 13.548283 2.5713882 0.120265 0.075259 0.043739
77791 9.3366940 2.5709915 -0.061431 0.042265 -0.039416
77797 2.0001028 2.5707932 -0.146998 0.217791 -0.194243
77799 6.0009256 2.5707271 0.005603 0.176570 -0.129378
77817 6.0009254 2.5701325 0.095233 0.063297 0.026436
77827 4.1202832 2.5698023 -0.120773 0.207459 -0.182069
77833 9.3366922 2.5696042 -0.067994 0.040553 -0.036279
77839 2.0001028 2.5694061 -0.087702 0.195633 -0.166932
77851 4.1572083 2.5690100 -0.141906 0.097287 -0.093156
77853 6.0009250 2.5689440 -0.144923 0.227215 -0.201168
77863 2.0001027 2.5686141 0.234564 0.137654 0.085573
77881 5.0716158 2.5680204 -0.130815 0.210705 -0.186020
77889 28.030229 2.5677567 0.039840 0.024673 0.014781
77893 2.0001027 2.5676248 -0.205034 0.183968 -0.172637
77899 2.0001027 2.5674271 -0.228198 0.170438 -0.160236
77907 6.0009243 2.5671634 -0.270232 0.159181 -0.141479
77917 9.3366885 2.5668339 -0.018887 0.048574 -0.040855
77929 2.0001027 2.5664387 0.260824 0.155902 0.106282
77943 6.0009239 2.5659777 0.098929 0.065632 0.031162
77961 17.368087 2.5653853 0.194831 0.117258 0.077867
77971 4.1837230 2.5650562 0.107594 0.079264 -0.002012
77977 2.0001026 2.5648589 -0.231416 0.170217 -0.159844
77983 2.0001026 2.5646615 -0.270767 0.158753 -0.140730
77997 6.0009233 2.5642012 -0.205285 0.183447 -0.172182
78007 2.0001026 2.5638725 -0.004648 0.171217 -0.128472
78019 4.2941314 2.5634781 -0.156910 0.094331 -0.087782
78031 2.0001025 2.5630839 0.086627 0.063641 0.002881
78037 4.2477785 2.5628868 -0.068700 0.213071 -0.175775
78043 9.3366831 2.5626898 -0.068664 0.040258 -0.035686
78049 2.0001025 2.5624928 -0.067197 0.256203 -0.207267
78051 6.0009226 2.5624271 -0.144350 0.228558 -0.202091
78079 2.0001025 2.5615082 -0.131199 0.240070 -0.208619
78087 6.0009222 2.5612458 0.054851 0.043936 0.010502
78091 5.7816277 2.5611146 -0.079635 0.195632 -0.164842
78109 5.0716013 2.5605244 -0.216380 0.128606 -0.116036
78121 2.0001024 2.5601311 -0.153446 0.221238 -0.197846
78123 6.0009218 2.5600655 -0.119688 0.074026 -0.070560
78127 9.3366795 2.5599345 -0.014596 0.059334 -0.047824
78139 2.0001024 2.5595413 0.054873 0.043931 0.010453
78151 4.5998911 2.5591483 -0.199460 0.118101 -0.107320
78157 2.0001024 2.5589519 0.057200 0.044969 0.011280
78159 6.0009213 2.5588864 -0.221181 0.174668 -0.164436
78163 2.0001024 2.5587554 -0.028243 0.177869 -0.139911
78169 27.089105 2.5585590 -0.029195 0.020327 -0.018985
78181 4.4933546 2.5581663 0.167284 0.102580 0.062761
78193 2.0001023 2.5577737 -0.214209 0.130782 -0.119753
78211 9.3366759 2.5571851 -0.017753 0.067660 -0.054709
78229 2.0001023 2.5565967 -0.252496 0.148312 -0.132204
78241 2.0001023 2.5562045 0.199221 0.120561 0.077172
78249 6.0009203 2.5559432 -0.267206 0.157404 -0.139948
78259 2.0001022 2.5556166 -0.122392 0.249003 -0.213716
78267 28.030083 2.5553554 0.041352 0.025427 0.015311
78277 2.0001022 2.5550289 -0.267018 0.158240 -0.141101
78283 2.0001022 2.5548331 0.102508 0.078222 -0.005094
78289 4.2304086 2.5546373 -0.095010 0.265919 -0.220737
78301 2.0001022 2.5542458 -0.114924 0.256294 -0.217725
78303 13.318536 2.5541806 -0.085991 0.195984 -0.166792
78307 2.0001022 2.5540501 0.061066 0.047457 0.007205
78321 6.0009194 2.5535935 0.082846 0.057631 0.013031
78339 6.0009192 2.5530068 0.078090 0.060942 -0.001467
78343 4.1377434 2.5528765 -0.152963 0.221563 -0.198007
78357 6.0009190 2.5524203 0.008149 0.178358 -0.129916
78367 2.0001021 2.5520946 0.093370 0.075744 -0.009312
78373 4.1285344 2.5518993 -0.111747 0.246901 -0.210065
78379 9.3366688 2.5517039 0.036500 0.022723 0.013037
78391 4.1167960 2.5513133 0.055905 0.044366 0.009867
78393 28.030035 2.5512482 -0.018869 0.060945 -0.050013
78403 13.282172 2.5509228 -0.222643 0.133125 -0.119240
78427 2.0001020 2.5501422 -0.153723 0.222114 -0.198542
78429 17.367879 2.5500771 -0.104580 0.211685 -0.181797
78439 2.0001020 2.5497520 -0.230207 0.169598 -0.159249
78447 12.794618 2.5494920 0.187203 0.109811 0.057325
78451 5.0715798 2.5493620 0.084298 0.057637 0.012169
78457 4.2685491 2.5491671 -0.146192 0.220327 -0.196012
78481 5.7816086 2.5483875 -0.181711 0.110932 -0.101596
78483 6.0009175 2.5483226 -0.151459 0.224270 -0.199868
78487 2.0001019 2.5481927 -0.137610 0.105640 -0.101424
78511 2.0001019 2.5474137 -0.153399 0.222200 -0.198554
78517 2.0001019 2.5472191 0.093350 0.075963 -0.009644
78519 28.029987 2.5471542 -0.068040 0.039892 -0.035362
78541 2.0001019 2.5464407 -0.136841 0.215616 -0.190932
78553 2.0001018 2.5460517 -0.046198 0.184095 -0.149050
78559 5.7816048 2.5458573 0.104087 0.065006 0.024702
78571 2.0001018 2.5454684 -0.256592 0.150694 -0.134101
78577 2.0001018 2.5452741 0.057601 0.045237 0.009026
78583 2.0001018 2.5450797 -0.131385 0.222811 -0.195521
78589 20.160718 2.5448854 -0.044329 0.042498 -0.039819
78607 2.0001018 2.5443027 -0.193264 0.114766 -0.104741
78609 6.0009161 2.5442379 -0.124226 0.211351 -0.185574
78613 4.1569436 2.5441085 -0.267311 0.156728 -0.138933
78627 6.0009159 2.5436555 -0.190082 0.149100 -0.141151
78643 2.0001017 2.5431380 0.221145 0.126802 0.064190
78649 2.0001017 2.5429440 -0.262390 0.157666 -0.141553
78663 17.367776 2.5424914 -0.211139 0.124098 -0.110771
78667 4.1927223 2.5423621 -0.115409 0.207721 -0.181264
78673 9.3366563 2.5421682 -0.022145 0.071078 -0.058238
78681 6.0009152 2.5419097 -0.123762 0.250625 -0.215167
78691 2.0001017 2.5415867 -0.256084 0.158747 -0.144367
78697 2.0001017 2.5413929 -0.262477 0.157553 -0.141378
78699 13.530883 2.5413284 0.111440 0.092469 -0.016129
78703 4.1214930 2.5411992 0.088361 0.059745 0.025217
78709 4.5998393 2.5410055 -0.041123 0.182741 -0.146753
78717 15.244154 2.5407472 0.114587 0.072719 0.038288
78721 2.0001016 2.5406181 0.032156 0.175880 -0.120425
78733 4.4199121 2.5402309 -0.248929 0.146213 -0.130279
78751 4.2940062 2.5396503 0.005417 0.246797 -0.181060
78753 6.0009144 2.5395858 -0.242229 0.161530 -0.149859
78757 9.3366527 2.5394568 0.031164 0.084511 -0.052309
78763 4.2303055 2.5392634 -0.123459 0.212936 -0.186627
78781 2.0001016 2.5386832 -0.243535 0.162819 -0.151073
78787 2.0001015 2.5384899 0.199518 0.120239 0.076436
78789 6.0009140 2.5384254 -0.126384 0.077870 -0.073891
78799 9.3366510 2.5381033 0.039755 0.024384 0.014215
78807 12.667390 2.5378456 -0.153615 0.222968 -0.199152
78823 2.0001015 2.5373305 -0.235512 0.152867 -0.141322
78847 4.4932826 2.5365581 -0.138533 0.232371 -0.203941
78853 2.0001015 2.5363651 0.103111 0.067238 0.031578
78861 12.703637 2.5361078 -0.103703 0.271055 -0.226379
78871 5.7815896 2.5357863 0.118851 0.073911 0.018802
78877 2.0001014 2.5355934 -0.035275 0.197744 -0.156344
78879 6.0009129 2.5355291 -0.265975 0.155947 -0.138252
78889 2.0001014 2.5352077 -0.141317 0.218282 -0.193664
78901 2.0001014 2.5348221 -0.261499 0.153396 -0.136182
78907 5.0715514 2.5346294 -0.192435 0.153297 -0.144636
78919 2.0001014 2.5342440 -0.154145 0.223488 -0.199631
78937 4.1249984 2.5336661 0.147777 0.090100 0.047830
78949 5.7815858 2.5332810 -0.160940 0.097199 -0.089381
78951 6.0009121 2.5332168 0.061077 0.047455 0.006443
78973 4.1405109 2.5325111 -0.153710 0.223434 -0.199517
78979 2.0001013 2.5323187 0.184893 0.110954 0.066741
79003 4.1235989 2.5315494 -0.125919 0.231681 -0.201264
79009 9.3366421 2.5313572 -0.047882 0.040925 -0.038608
79021 5.0715443 2.5309728 0.257832 0.152597 0.103698
79027 5.7815821 2.5307806 -0.227226 0.133223 -0.118095
79039 2.0001012 2.5303964 0.109643 0.069871 0.028621
79041 6.0009111 2.5303324 -0.265085 0.155426 -0.137793
79063 2.0001012 2.5296283 0.182662 0.110703 0.025447
79069 4.4932589 2.5294363 -0.224442 0.166716 -0.156585
79077 13.317671 2.5291804 0.070840 0.053607 0.003764
79081 4.5998051 2.5290525 0.076722 0.053410 0.017448
79087 2.0001012 2.5288606 -0.147888 0.229923 -0.203625
79093 9.3366386 2.5286688 -0.001695 0.008943 -0.006357
79111 2.0001011 2.5280934 -0.144074 0.087571 -0.082129
79113 6.0009102 2.5280295 -0.154231 0.224052 -0.200065
79117 4.2939445 2.5279017 -0.263374 0.154716 -0.137298
79131 17.367572 2.5274545 -0.155975 0.098474 -0.091823
79147 2.0001011 2.5269435 0.092689 0.077070 -0.011672
79149 28.029748 2.5268797 -0.053309 0.031536 -0.028542
79153 2.0001011 2.5267520 -0.244886 0.155387 -0.142551
79159 2.0001011 2.5265605 -0.234433 0.138032 -0.123680
79177 9.3366351 2.5259861 0.115456 0.065253 0.044031
79183 5.7815746 2.5257947 -0.115698 0.207656 -0.180746
79201 2.0001010 2.5252206 -0.235561 0.138663 -0.124182
79207 4.1833762 2.5250294 0.141346 0.087462 0.048692
79219 9.3366334 2.5246469 -0.002863 0.060554 -0.045642
79221 6.0009090 2.5245831 0.069136 0.053798 0.001515
79231 2.0001010 2.5242645 0.056403 0.044458 0.008779
79239 12.961845 2.5240096 -0.149166 0.224413 -0.199555
79243 4.1753540 2.5238822 -0.263023 0.155007 -0.137802
79249 11.653194 2.5236912 0.074299 0.051382 0.019265
79267 4.5997882 2.5231181 -0.042566 0.184979 -0.148742
79273 2.0001009 2.5229271 0.078010 0.054336 0.019512
79279 2.0001009 2.5227362 -0.238722 0.140450 -0.125619
79291 4.4932353 2.5223544 0.144232 0.088939 0.050390
79293 6.0009082 2.5222907 -0.157348 0.094899 -0.088265
79303 9.3366299 2.5219727 -0.030025 0.066112 -0.056208
79309 2.0001009 2.5217819 -0.114515 0.209209 -0.182196
79311 6.0009080 2.5217183 -0.151534 0.227044 -0.201958
79329 13.842691 2.5211461 0.187346 0.110933 0.032356
79333 2.0001008 2.5210190 0.203066 0.120274 0.072915
79347 6.0009075 2.5205742 0.062098 0.046819 0.012399
79351 4.2475143 2.5204471 -0.149594 0.228159 -0.202504
79357 2.0001008 2.5202566 0.066973 0.051338 0.004150
79363 5.0715233 2.5200660 -0.224639 0.139132 -0.126922
79369 4.1475733 2.5198755 -0.263281 0.154503 -0.137033
79381 4.1345886 2.5194946 -0.057339 0.284082 -0.225309
79393 2.0001008 2.5191138 -0.143482 0.235649 -0.207278
79399 2.0001008 2.5189234 0.082688 0.067012 -0.006736
79401 72.388376 2.5188600 -0.002377 0.075725 -0.056501
79411 2.0001007 2.5185428 -0.112783 0.075808 -0.073198
79423 2.0001007 2.5181622 0.008993 0.174483 -0.126783
79437 6.0009065 2.5177184 -0.019427 0.220986 -0.169176
79459 4.1280083 2.5170214 0.093381 0.077140 -0.011319
79471 9.3366229 2.5166413 -0.066822 0.039178 -0.034729
79483 4.2938833 2.5162613 0.058822 0.045458 0.009001
79491 6.0009059 2.5160081 -0.148260 0.222562 -0.197991
79513 21.205587 2.5153120 -0.041692 0.050152 -0.045784
79531 2.0001006 2.5147427 -0.226590 0.168615 -0.158352
79537 2.0001006 2.5145530 -0.181518 0.151205 -0.142996
79549 2.0001006 2.5141737 -0.089956 0.201125 -0.171405
79561 2.0001006 2.5137944 -0.137026 0.234614 -0.205396
79573 5.7815560 2.5134154 -0.224891 0.131854 -0.116882
79579 2.0001005 2.5132259 -0.142321 0.099740 -0.095459
79609 2.0001005 2.5122788 0.104183 0.080139 -0.006663
79617 6.0009045 2.5120263 -0.149093 0.223375 -0.198736
79621 2.0001005 2.5119001 -0.254223 0.156096 -0.141419
79627 2.0001005 2.5117109 0.076952 0.061521 -0.003945
79633 2.0001005 2.5115216 -0.090225 0.203016 -0.172869
79639 21.668265 2.5113324 -0.044927 0.026742 -0.024413
79653 28.029559 2.5108910 -0.056737 0.043061 -0.040477
79657 2.0001004 2.5107649 -0.155734 0.094722 -0.088338
79669 2.0001004 2.5103867 0.087847 0.073148 -0.010650
79671 6.0009039 2.5103237 -0.063144 0.051544 -0.050213
79681 9.3366142 2.5100087 -0.031257 0.019403 -0.018450
79687 2.0001004 2.5098197 -0.107078 0.275696 -0.230496
79693 2.0001004 2.5096307 0.117104 0.084082 -0.000960
79699 2.0001004 2.5094418 -0.245214 0.144114 -0.128509
79711 4.2301028 2.5090640 0.068119 0.052754 0.002087
79729 5.7815486 2.5084975 -0.112611 0.207137 -0.179775
79743 15.243584 2.5080571 -0.077588 0.215628 -0.179420
79771 4.1172660 2.5071768 -0.095847 0.288849 -0.237820
79777 2.0001003 2.5069882 0.140075 0.086478 0.047524
79789 4.2474282 2.5066112 -0.242794 0.142733 -0.127338
79797 12.891797 2.5063599 -0.221672 0.169563 -0.159413
79801 2.0001003 2.5062343 -0.029468 0.212533 -0.165662
79807 27.086505 2.5060458 -0.031892 0.018699 -0.016578
79813 2.0001002 2.5058574 -0.040793 0.191208 -0.152907
79819 5.0714955 2.5056691 0.071134 0.049843 0.016960
79831 4.1924193 2.5052924 -0.260060 0.153261 -0.136248
79843 2.0001002 2.5049159 -0.107857 0.276257 -0.231068
79851 13.316823 2.5046649 0.058269 0.044809 0.010141
79861 2.0001002 2.5043513 0.140429 0.086494 0.047092
79867 2.0001002 2.5041632 -0.196267 0.116595 -0.106125
79869 12.791832 2.5041005 -0.105593 0.277540 -0.231533
79873 2.0001002 2.5039751 -0.259892 0.153554 -0.136696
79887 13.842235 2.5035362 -0.255470 0.149844 -0.132873
79897 4.1751649 2.5032229 -0.109207 0.273844 -0.229547
79903 2.0001001 2.5030349 0.056649 0.044481 0.008039
79921 4.1183124 2.5024712 0.091365 0.077322 -0.013125
79923 6.0009010 2.5024086 -0.241762 0.144823 -0.130349
79933 23.802866 2.5020955 -0.048774 0.031526 -0.029025
79939 2.0001001 2.5019077 -0.124477 0.236999 -0.204960
79941 6.0009008 2.5018451 -0.119408 0.221945 -0.192671
79957 4.4931653 2.5013445 -0.151760 0.091871 -0.085599
79963 5.7815375 2.5011568 0.098112 0.061674 0.025123
79969 4.1207858 2.5009691 0.017557 0.214773 -0.153845
79987 2.0001000 2.5004063 0.065643 0.048518 0.010936
79999 2.0001000 2.5000313 -0.212737 0.161287 -0.151864
80023 4.4197562 2.4992815 -0.139881 0.212559 -0.185537
80031 65.324763 2.4990316 0.012153 0.047162 -0.031508
80049 6.0008996 2.4984697 -0.223921 0.154720 -0.143042
80059 9.3365987 2.4981576 -0.036552 0.022316 -0.020929
80067 17.367171 2.4979080 -0.117800 0.186426 -0.161923
80071 2.0000999 2.4977832 0.062599 0.046779 0.011491
80077 2.0000999 2.4975961 -0.225248 0.162723 -0.150644
80101 9.3365970 2.4968477 -0.065140 0.038210 -0.033912
80103 6.0008990 2.4967854 0.090497 0.065462 -0.006849
80107 2.0000999 2.4966607 -0.152045 0.206901 -0.182997
80119 5.7815302 2.4962868 -0.150879 0.090320 -0.083048
80137 4.1564295 2.4957261 -0.123151 0.212809 -0.183278
80139 6.0008986 2.4956638 -0.124587 0.079993 -0.076405
80149 2.0000998 2.4953524 -0.148402 0.201444 -0.178416
80161 5.0714749 2.4949789 -0.207018 0.154942 -0.143642
80167 2.0000998 2.4947921 -0.251622 0.153828 -0.138546
80173 2.0000998 2.4946054 0.061030 0.045819 0.009230
80191 2.0000998 2.4940455 -0.033624 0.157531 -0.126271
80193 6.0008980 2.4939833 -0.145287 0.200184 -0.177065
80197 13.539643 2.4938589 0.119407 0.068914 0.021490
80203 4.1472691 2.4936723 -0.079326 0.058445 -0.057359
80209 2.0000997 2.4934858 -0.253994 0.149859 -0.133378
80211 6.0008978 2.4934236 0.062063 0.046519 0.011442
80221 2.0000997 2.4931128 -0.154005 0.205755 -0.182359
80227 20.265101 2.4929263 -0.055352 0.032672 -0.029386
80233 2.0000997 2.4927399 -0.041857 0.224473 -0.175895
80239 2.0000997 2.4925535 0.160200 0.098934 0.003604
80251 2.0000997 2.4921808 -0.235233 0.138458 -0.123828
80263 2.0000997 2.4918082 -0.151783 0.204784 -0.181344
80269 9.3365902 2.4916219 0.082522 0.043795 0.022789
80281 4.4197256 2.4912495 0.198239 0.118028 0.073477
80283 28.029327 2.4911874 -0.048588 0.028962 -0.026423
80287 2.0000996 2.4910633 -0.259251 0.152033 -0.134783
80317 2.0000996 2.4901328 -0.032049 0.216103 -0.167657
80329 2.0000996 2.4897609 -0.250774 0.153640 -0.138458
80337 12.960194 2.4895129 0.130129 0.080979 0.005023
80341 2.0000996 2.4893890 0.123819 0.076960 0.038626
80347 2.0000996 2.4892031 0.022670 0.147176 -0.104145
80353 27.085661 2.4890172 -0.009304 0.031303 -0.025162
80373 12.835549 2.4883978 -0.034491 0.177930 -0.141013
80383 4.5996881 2.4880883 0.062099 0.045894 0.010737
80389 5.0714612 2.4879026 -0.089932 0.240639 -0.197130
80391 12.629669 2.4878407 -0.235230 0.155465 -0.142651
80407 2.0000995 2.4873456 0.057015 0.044160 0.008686
80413 4.1922711 2.4871600 -0.257081 0.151126 -0.134145
80437 9.3365834 2.4864179 0.039376 0.023775 0.013347
80449 2.0000994 2.4860471 0.056275 0.043789 0.008031
80463 6.0008950 2.4856145 0.251483 0.137425 0.073533
80467 4.2681837 2.4854909 0.125265 0.098700 -0.023137
80473 2.0000994 2.4853056 -0.108871 0.244772 -0.204089
80479 9.3365817 2.4851203 -0.057170 0.033786 -0.030349
80481 12.617049 2.4850586 0.063996 0.046919 0.004752
80491 2.0000994 2.4847498 0.098176 0.062542 0.023480
80499 6.0008946 2.4845029 -0.042892 0.226133 -0.177278
80517 6.0008944 2.4839475 -0.241814 0.155209 -0.141567
80521 9.3365800 2.4838241 -0.065519 0.038414 -0.034052
80527 2.0000994 2.4836390 -0.118534 0.191588 -0.166877
80539 4.4196952 2.4832690 -0.234995 0.155300 -0.142403
80551 4.1749789 2.4828990 0.093562 0.068722 -0.009267
80557 2.0000993 2.4827141 -0.132752 0.211015 -0.183365
80581 4.2937031 2.4819747 -0.114848 0.091509 -0.088007
80587 5.7815084 2.4817899 -0.218864 0.129678 -0.115473
80589 6.0008936 2.4817283 0.102949 0.065877 0.028898
80599 2.0000993 2.4814204 -0.154135 0.206994 -0.183256
80607 12.699516 2.4811741 0.239765 0.139948 0.089870
80611 2.0000992 2.4810510 -0.120832 0.190728 -0.166571
80617 5.0714477 2.4808663 0.071102 0.049394 0.016204
80623 4.4930965 2.4806817 -0.215729 0.158076 -0.146531
80629 2.0000992 2.4804971 -0.217196 0.159910 -0.148298
80643 6.0008930 2.4800665 -0.253515 0.151875 -0.135818
80659 4.2299049 2.4795745 0.308959 0.177120 0.118041
80671 2.0000992 2.4792057 -0.152181 0.093063 -0.086908
80677 2.0000992 2.4790213 0.057853 0.044223 0.007115
80679 6.0008926 2.4789598 -0.256722 0.151055 -0.134112
80683 2.0000992 2.4788369 -0.130158 0.227426 -0.195046
80689 9.3365732 2.4786526 0.009534 0.019011 -0.011468
80697 13.528983 2.4784069 0.023661 0.143738 -0.101275
80701 2.0000991 2.4782840 0.098508 0.068113 -0.004104
80713 2.0000991 2.4779156 -0.192967 0.114816 -0.104569
80731 23.801290 2.4773631 -0.040494 0.028258 -0.026278
80737 2.0000991 2.4771790 -0.033469 0.158964 -0.127204
80743 5.7815012 2.4769949 0.113246 0.069503 0.036085
80749 2.0000991 2.4768109 -0.152804 0.092704 -0.086376
80761 2.0000991 2.4764428 0.056941 0.043980 0.008634
80769 45.583915 2.4761976 -0.196263 0.121853 -0.110233
80779 2.0000990 2.4758910 -0.097002 0.258443 -0.211669
80787 28.029144 2.4756458 -0.026015 0.018123 -0.017601
80797 4.4196650 2.4753394 -0.215157 0.127118 -0.114439
80803 2.0000990 2.4751556 0.139935 0.085536 0.046182
80809 2.0000990 2.4749718 -0.129312 0.229004 -0.196052
80821 5.7814976 2.4746044 -0.118537 0.188402 -0.163401
80833 2.0000990 2.4742370 -0.252378 0.151402 -0.135464
80841 6.0008908 2.4739922 0.288671 0.167449 0.112011
80857 9.3365665 2.4735026 -0.030172 0.060586 -0.051118
80859 6.0008906 2.4734414 0.125272 0.077433 0.039002
80863 2.0000989 2.4733191 -0.109969 0.244864 -0.204300
80877 6.0008904 2.4728909 -0.133918 0.200839 -0.175931
80911 2.0000989 2.4718518 0.076189 0.054900 -0.002215
80913 28.029098 2.4717907 -0.024190 0.015815 -0.015323
80917 2.0000989 2.4716685 -0.192204 0.114405 -0.104208
80923 2.0000989 2.4714852 -0.235413 0.155687 -0.142782
80929 2.0000989 2.4713020 0.060103 0.045027 0.005786
80941 21.664425 2.4709356 -0.018373 0.065461 -0.052225
80947 4.2936442 2.4707525 -0.155035 0.205945 -0.182485
80953 2.0000988 2.4705693 0.061447 0.045566 0.006192
80959 5.0714275 2.4703862 -0.236587 0.141976 -0.127050
80977 5.7814904 2.4698371 -0.089277 0.177033 -0.150386
80989 2.0000988 2.4694712 -0.155419 0.207437 -0.183693
81001 2.0000988 2.4691053 -0.177681 0.114134 -0.106295
81003 42.329610 2.4690444 -0.109052 0.184671 -0.159016
81013 2.0000988 2.4687396 0.123894 0.083198 -0.005155
81019 2.0000987 2.4685568 -0.112200 0.246217 -0.205657
81031 2.0000987 2.4681912 -0.092634 0.180490 -0.154489
81043 2.0000987 2.4678257 -0.254858 0.149751 -0.132891
81049 2.0000987 2.4676430 -0.151579 0.092082 -0.085839
81061 4.1828760 2.4672777 -0.052200 0.165913 -0.136240
81067 21.200222 2.4670951 -0.061542 0.036082 -0.031985
81093 6.0008880 2.4663041 0.061524 0.045784 0.010377
81097 2.0000987 2.4661825 0.088774 0.065801 -0.009067
81109 9.3365564 2.4658176 -0.042334 0.050224 -0.045094
81111 15.242847 2.4657568 0.103243 0.065068 0.030034
81127 4.5996230 2.4652705 -0.145703 0.089100 -0.083292
81129 6.0008876 2.4652097 -0.140744 0.200239 -0.176380
81151 9.3365548 2.4645414 -0.043045 0.049839 -0.044866
81157 2.0000986 2.4643592 -0.110759 0.188762 -0.163511
81163 2.0000986 2.4641770 0.069176 0.049191 0.013815
81181 2.0000986 2.4636307 0.056341 0.043514 0.008005
81183 6.0008870 2.4635700 -0.188539 0.113279 -0.103581
81187 5.0714141 2.4634486 -0.132440 0.196071 -0.171677
81199 2.0000985 2.4630845 -0.100947 0.220662 -0.185122
81201 6.0008868 2.4630239 -0.112877 0.247068 -0.206368
81211 5.7814797 2.4627206 -0.218111 0.127888 -0.113369
81217 4.1163695 2.4625386 -0.151183 0.091889 -0.085664
81219 6.0008866 2.4624780 0.057294 0.043813 0.007456
81223 2.0000985 2.4623567 0.096815 0.065941 -0.002146
81237 17.366683 2.4619324 0.092560 0.058500 0.026817
81253 4.1238374 2.4614476 -0.220455 0.160862 -0.148935
81271 4.2680426 2.4609024 -0.119680 0.191727 -0.167021
81273 6.0008860 2.4608419 -0.190220 0.148566 -0.138587
81283 2.0000984 2.4605391 -0.026695 0.158408 -0.125174
81307 2.0000984 2.4598128 0.066679 0.047598 0.008732
81309 6.0008856 2.4597523 -0.150639 0.091613 -0.085433
81313 10.837940 2.4596313 -0.147438 0.203328 -0.179272
81319 9.3365481 2.4594498 -0.056912 0.033629 -0.030182
81327 6.0008854 2.4592079 -0.156645 0.207507 -0.183846
81331 2.0000984 2.4590869 0.088468 0.065999 -0.009648
81337 4.1337653 2.4589055 -0.233959 0.155425 -0.142596
81343 2.0000984 2.4587242 -0.166799 0.100430 -0.092720
81349 2.0000983 2.4585428 0.055835 0.043221 0.007633
81363 13.528370 2.4581198 0.065657 0.046932 0.009890
81373 2.0000983 2.4578177 0.289044 0.167641 0.112404
81381 6.0008849 2.4575761 -0.093950 0.182069 -0.155822
81391 4.1223678 2.4572741 0.061099 0.045324 0.004937
81399 13.315176 2.4570326 -0.148111 0.090154 -0.084120
81409 2.0000983 2.4567308 -0.095027 0.250571 -0.205550
81417 28.028918 2.4564894 0.009914 0.031923 -0.021165
81421 2.0000983 2.4563688 -0.222675 0.131605 -0.118170
81439 2.0000982 2.4558258 -0.053635 0.167449 -0.137611
81453 15.242667 2.4554037 -0.112848 0.188839 -0.163422
81457 2.0000982 2.4552832 0.194813 0.111547 0.062724
81463 2.0000982 2.4551023 -0.244312 0.143485 -0.127635
81471 17.366587 2.4548612 0.092441 0.058292 0.026553
81511 4.4930065 2.4536566 -0.249919 0.146528 -0.129889
81517 2.0000981 2.4534760 0.193787 0.114111 0.069134
81523 5.7814655 2.4532954 -0.097604 0.189891 -0.161106
81529 23.799745 2.4531148 0.052820 0.030712 0.020258
81541 4.2470930 2.4527538 0.138189 0.082810 0.041848
81547 2.0000981 2.4525734 -0.233256 0.137282 -0.122627
81553 2.0000981 2.4523929 -0.252629 0.148133 -0.131344
81559 2.0000981 2.4522125 0.088157 0.066062 -0.010035
81561 13.840906 2.4521524 -0.247285 0.145432 -0.129100
81571 20.889529 2.4518518 0.013684 0.021532 -0.011851
81601 5.7814620 2.4509504 0.255801 0.144771 0.093806
81607 4.2297117 2.4507702 -0.027510 0.195809 -0.151981
81619 2.0000980 2.4504098 -0.157063 0.208300 -0.184455
81633 6.0008821 2.4499896 -0.037084 0.183074 -0.145157
81637 2.0000980 2.4498695 -0.220886 0.161108 -0.149089
81643 5.0713875 2.4496895 0.187483 0.102730 0.035588
81649 2.0000980 2.4495095 -0.156152 0.209225 -0.185039
81661 4.1559347 2.4491495 -0.152619 0.211946 -0.186634
81667 2.0000980 2.4489696 0.064579 0.047188 0.002549
81669 28.028829 2.4489096 -0.017857 0.061887 -0.049679
81679 12.866127 2.4486098 -0.195470 0.132810 -0.122198
81687 12.833274 2.4483700 -0.223316 0.134302 -0.121165
81691 4.1394494 2.4482501 -0.156797 0.208510 -0.184565
81703 2.0000979 2.4478905 -0.157160 0.208518 -0.184620
81723 6.0008812 2.4472915 0.143234 0.084525 0.041436
81727 2.0000979 2.4471717 0.101578 0.064631 0.027864
81739 9.3365316 2.4468124 -0.063954 0.037499 -0.033246
81757 14.816083 2.4462737 -0.185141 0.123612 -0.113470
81759 6.0008808 2.4462139 -0.119667 0.237618 -0.200622
81769 2.0000978 2.4459147 0.057201 0.043524 0.006570
81777 6.0008806 2.4456754 -0.123012 0.080886 -0.077387
81799 2.0000978 2.4450177 -0.093575 0.128908 -0.116318
81813 6.0008802 2.4445993 -0.251931 0.147830 -0.131091
81817 2.0000978 2.4444798 -0.149751 0.206513 -0.182168
81823 9.3365283 2.4443005 -0.035967 0.022049 -0.020674
81831 6.0008800 2.4440615 -0.131983 0.232930 -0.199211
81841 4.1179416 2.4437629 -0.139415 0.085644 -0.080428
81847 2.0000977 2.4435838 -0.251917 0.147700 -0.130928
81849 6.0008798 2.4435241 0.058273 0.043922 0.006482
81853 2.0000977 2.4434046 0.055928 0.043026 0.007228
81859 4.1746159 2.4432255 -0.132188 0.199745 -0.174726
81871 11.979296 2.4428674 -0.090824 0.245753 -0.200627
81883 2.0000977 2.4425094 -0.249240 0.146204 -0.129725
81901 2.0000977 2.4419726 -0.156684 0.209565 -0.185326
81907 9.3365250 2.4417937 0.071545 0.041348 0.004135
81913 5.7814480 2.4416149 -0.021441 0.158680 -0.123220
81919 2.0000977 2.4414361 0.192588 0.113277 0.068493
81931 2.0000976 2.4410785 -0.248183 0.146310 -0.130095
81937 2.0000976 2.4408997 0.060812 0.045060 0.004510
81943 2.0000976 2.4407210 -0.063104 0.206287 -0.167360
81967 2.0000976 2.4400063 -0.243889 0.147521 -0.132450
81973 2.0000976 2.4398277 -0.241365 0.149040 -0.134652
81979 4.2470114 2.4396492 0.065072 0.046807 0.011039
81993 12.605096 2.4392326 0.061949 0.045355 0.006785
82003 2.0000976 2.4389352 0.066024 0.047299 0.011534
82009 2.0000976 2.4387567 -0.250598 0.147424 -0.130875
82011 6.0008781 2.4386972 -0.034580 0.162875 -0.130120
82021 2.0000975 2.4383999 0.083723 0.062864 -0.009150
82029 13.527767 2.4381621 -0.240353 0.147427 -0.132870
82033 9.3365201 2.4380432 -0.032316 0.060487 -0.051364
82039 2.0000975 2.4378649 -0.157201 0.209722 -0.185488
82047 28.028696 2.4376272 -0.053178 0.042252 -0.039137
82051 2.0000975 2.4375084 -0.250604 0.146940 -0.130272
82057 4.5995432 2.4373301 -0.159249 0.096205 -0.088980
82081 4.2296167 2.4366175 -0.140012 0.201979 -0.177431
82083 6.0008773 2.4365581 -0.142998 0.203278 -0.178824
82101 6.0008771 2.4360239 0.226690 0.123785 0.062051
82111 4.1362097 2.4357272 -0.103379 0.264661 -0.217170
82117 9.3365169 2.4355493 -0.038116 0.023582 -0.022056
82119 13.840475 2.4354900 0.102108 0.064374 0.028068
82129 2.0000974 2.4351934 0.068092 0.049567 -0.000196
82141 2.0000974 2.4348377 -0.079563 0.055606 -0.054412
82153 2.0000974 2.4344820 -0.049844 0.175968 -0.142840
82171 2.0000974 2.4339487 0.154212 0.088403 0.040203
82177 4.4929402 2.4337710 -0.223565 0.154371 -0.142257
82183 2.0000973 2.4335933 -0.218972 0.160371 -0.148401
82189 2.0000973 2.4334157 0.092759 0.070145 -0.012124
82191 6.0008761 2.4333565 -0.238768 0.150854 -0.137038
82201 9.3365136 2.4330604 0.014861 0.015028 -0.005479
82207 2.0000973 2.4328828 -0.145506 0.204604 -0.180131
82209 12.887948 2.4328237 -0.047691 0.227891 -0.179375
82213 5.0713548 2.4327053 0.079607 0.051773 0.011598
82219 2.0000973 2.4325278 -0.148135 0.090417 -0.084391
82227 6.0008758 2.4322911 0.057127 0.043362 0.007464
82231 2.0000973 2.4321728 0.200372 0.113394 0.062761
82237 2.0000973 2.4319953 -0.155302 0.208837 -0.184558
82243 21.660708 2.4318179 -0.036173 0.040779 -0.036979
82261 2.0000973 2.4312858 -0.210903 0.159891 -0.148241
82267 2.0000972 2.4311085 -0.191335 0.146057 -0.136162
82279 2.0000972 2.4307539 -0.157841 0.210016 -0.185754
82281 6.0008752 2.4306948 -0.248026 0.145470 -0.129044
82299 28.028608 2.4301632 -0.059408 0.038708 -0.035387
82327 23.798229 2.4293367 -0.021715 0.014005 -0.013455
82339 2.0000972 2.4289826 0.092689 0.071881 -0.014370
82351 2.0000971 2.4286287 -0.235057 0.138227 -0.123225
82353 12.695572 2.4285697 0.056980 0.043205 0.007329
82371 6.0008742 2.4280390 0.089593 0.067459 -0.011002
82381 5.7814271 2.4277443 0.106082 0.063032 0.025654
82387 2.0000971 2.4275675 -0.104300 0.067297 -0.064795
82393 2.0000971 2.4273907 -0.248011 0.146674 -0.130496
82407 17.366208 2.4269783 -0.144019 0.094826 -0.088754
82411 20.399394 2.4268605 -0.062048 0.036379 -0.032248
82417 4.2469308 2.4266838 -0.114234 0.251504 -0.209629
82429 4.5995118 2.4263305 -0.231945 0.136338 -0.121441
82441 5.0713418 2.4259774 0.078292 0.051805 0.017823
82443 6.0008735 2.4259185 -0.196935 0.173707 -0.160216
82453 9.3365039 2.4256243 0.043223 0.025519 0.014672
82459 5.7814236 2.4254478 -0.112042 0.203863 -0.173577
82461 6.0008733 2.4253890 -0.133371 0.200105 -0.175091
82471 2.0000970 2.4250949 -0.215170 0.127165 -0.114313
82477 4.2678361 2.4249185 -0.229830 0.152902 -0.140246
82479 15.242134 2.4248597 0.206432 0.119997 0.074994
82483 2.0000970 2.4247421 0.137386 0.082738 0.042991
82507 2.0000970 2.4240367 0.077194 0.052125 0.015921
82513 4.1744388 2.4238605 -0.175174 0.105112 -0.096427
82531 2.0000969 2.4233318 -0.014785 0.160058 -0.123338
82537 27.082400 2.4231557 -0.030038 0.017916 -0.015993
82549 2.0000969 2.4228034 0.056484 0.042959 0.006903
82551 28.028520 2.4227447 -0.002180 0.007660 -0.005617
82561 2.0000969 2.4224513 -0.248290 0.145776 -0.129307
82567 2.0000969 2.4222752 0.077367 0.052223 0.016198
82587 6.0008719 2.4216886 -0.146032 0.205648 -0.180931
82591 2.0000969 2.4215714 0.078692 0.059007 -0.007739
82597 4.1391113 2.4213955 -0.187388 0.111823 -0.101886
82609 2.0000968 2.4210437 0.195237 0.114059 0.068725
82623 6.0008716 2.4206335 0.056030 0.042741 0.006593
82633 2.0000968 2.4203405 0.115014 0.070201 0.010487
82651 2.0000968 2.4198134 0.095019 0.068711 -0.008553
82657 2.0000968 2.4196378 -0.080232 0.246766 -0.199737
82677 66.387233 2.4190525 -0.027814 0.058924 -0.049296
82693 5.7814133 2.4185844 0.093626 0.058168 0.025983
82699 2.0000967 2.4184089 -0.038455 0.175599 -0.140015
82713 12.786551 2.4179996 -0.046639 0.168580 -0.136781
82717 4.1265138 2.4178827 0.063040 0.046209 0.002180
82723 2.0000967 2.4177073 -0.247926 0.145360 -0.128854
82729 2.0000967 2.4175319 -0.202708 0.170789 -0.157830
82741 4.1916993 2.4171813 -0.086420 0.191498 -0.161166
82747 9.3364926 2.4170061 -0.036900 0.056950 -0.049441
82749 6.0008702 2.4169476 0.163940 0.092194 0.038910
82759 2.0000967 2.4166556 0.111871 0.068675 0.029734
82771 5.7814099 2.4163052 -0.211169 0.123837 -0.109816
82783 5.0713225 2.4159550 -0.143525 0.204327 -0.179132
82789 9.3364910 2.4157799 -0.062832 0.036850 -0.032671
82801 4.5994806 2.4154298 0.069464 0.047935 0.011159
82803 28.028434 2.4153714 0.047513 0.026478 0.006825
82813 2.0000966 2.4150798 -0.208820 0.155301 -0.144016
82821 15.241960 2.4148465 -0.188991 0.116918 -0.106944
82831 9.3364894 2.4145549 -0.036864 0.025265 -0.023946
82837 2.0000966 2.4143800 -0.158266 0.211363 -0.186747
82843 4.4928751 2.4142052 0.256297 0.147372 0.095419
82849 5.7814065 2.4140303 -0.209046 0.125052 -0.111751
82873 9.3364878 2.4133312 -0.048828 0.040477 -0.037547
82879 4.2677686 2.4131565 -0.156931 0.210841 -0.186152
82891 2.0000965 2.4128072 -0.194295 0.147828 -0.137608
82893 6.0008687 2.4127490 -0.097955 0.187118 -0.160000
82897 5.0713161 2.4126325 -0.232366 0.136237 -0.120767
82903 2.0000965 2.4124579 0.072175 0.049648 0.013581
82927 5.7814031 2.4117597 0.091634 0.057017 0.024886
82939 2.0000965 2.4114108 -0.186358 0.111281 -0.101413
82947 13.313591 2.4111782 -0.140878 0.087610 -0.082249
82963 2.0000964 2.4107132 -0.119488 0.255288 -0.213251
82981 2.0000964 2.4101903 -0.246771 0.144682 -0.128253
82983 12.609003 2.4101322 0.073738 0.050516 0.005265
82987 4.5994652 2.4100160 0.086280 0.055563 0.018231
83001 12.831072 2.4096095 0.057592 0.043168 0.007077
83019 6.0008674 2.4090871 -0.146758 0.213756 -0.187039
83023 2.0000964 2.4089710 -0.243922 0.145550 -0.129946
83029 4.2294301 2.4087969 0.106276 0.065066 0.024406
83041 9.3364814 2.4084488 -0.033201 0.061454 -0.052180
83047 2.0000963 2.4082748 -0.093821 0.286895 -0.231112
83059 2.0000963 2.4079269 -0.236687 0.148508 -0.134654
83071 2.0000963 2.4075791 0.056190 0.042633 0.006323
83073 6.0008668 2.4075211 -0.208193 0.166284 -0.153889
83077 2.0000963 2.4074052 -0.057854 0.173298 -0.142499
83089 2.0000963 2.4070575 -0.008802 0.195539 -0.147039
83091 6.0008666 2.4069996 -0.038396 0.182095 -0.144595
83101 2.0000963 2.4067099 -0.235555 0.147887 -0.134145
83109 17.365930 2.4064782 0.116494 0.069833 0.035722
83119 4.4194016 2.4061887 -0.109138 0.264665 -0.218051
83137 2.0000962 2.4056678 0.056684 0.042810 0.005742
83161 5.7813928 2.4049735 -0.100165 0.222514 -0.185027
83163 15.241787 2.4049156 -0.211527 0.134702 -0.122891
83173 4.5994498 2.4046265 -0.153260 0.210616 -0.185359
83179 4.1172118 2.4044530 0.056137 0.042562 0.006223
83197 4.1135215 2.4039328 0.204823 0.111554 0.039120
83199 6.0008655 2.4038750 -0.227601 0.152798 -0.140291
83203 2.0000962 2.4037595 -0.076064 0.290343 -0.229884
83209 9.3364751 2.4035862 -0.060802 0.036371 -0.032533
83217 6.0008653 2.4033551 -0.158970 0.212492 -0.187633
83221 2.0000961 2.4032396 0.068605 0.050525 -0.002570
83227 2.0000961 2.4030663 -0.245678 0.144041 -0.127685
83233 2.0000961 2.4028931 -0.138052 0.092257 -0.087567
83239 14.812857 2.4027199 0.109197 0.064257 0.030325
83253 6.0008650 2.4023158 0.056030 0.042501 0.006096
83257 2.0000961 2.4022004 -0.159045 0.212570 -0.187696
83269 2.0000961 2.4018542 -0.244728 0.144178 -0.128070
83287 4.4928322 2.4013351 -0.136697 0.222768 -0.192159
83289 6.0008646 2.4012775 -0.231050 0.135915 -0.121180
83293 20.245617 2.4011622 -0.061142 0.035926 -0.031882
83299 2.0000960 2.4009892 -0.139818 0.206908 -0.180944
83307 28.028261 2.4007586 -0.020125 0.074133 -0.058830
83311 2.0000960 2.4006434 -0.077072 0.054081 -0.052940
83323 4.1915613 2.4002976 0.196527 0.114071 0.068341
83341 2.0000960 2.3997792 -0.158840 0.212951 -0.187947
83343 17.365838 2.3997216 -0.117757 0.202981 -0.173732
83359 4.5994344 2.3992610 -0.210610 0.157294 -0.145533
83361 13.526591 2.3992035 0.064590 0.045959 0.005003
83377 20.882753 2.3987431 -0.019515 0.014162 -0.013876
83379 6.0008637 2.3986855 0.131607 0.080605 0.006494
83383 2.0000959 2.3985705 -0.144041 0.206639 -0.181303
83389 2.0000959 2.3983979 0.207611 0.113523 0.053380
83397 6.0008635 2.3981678 -0.159077 0.212875 -0.187911
83401 2.0000959 2.3980528 -0.106185 0.068522 -0.065859
83407 2.0000959 2.3978803 0.109292 0.066609 0.026341
83431 2.0000959 2.3971905 0.120331 0.112840 -0.039789
83437 2.0000959 2.3970181 -0.216190 0.159435 -0.147457
83443 2.0000959 2.3968458 -0.236026 0.146903 -0.132928
83449 2.0000959 2.3966734 0.056197 0.042499 0.006013
83451 6.0008629 2.3966160 -0.215803 0.127471 -0.114386
83461 9.3364656 2.3963288 -0.062088 0.036402 -0.032269
83469 6.0008627 2.3960992 -0.133421 0.238348 -0.203187
83473 5.7813793 2.3959843 0.100779 0.059715 0.017473
83497 2.0000958 2.3952956 -0.159349 0.213199 -0.188176
83503 20.197249 2.3951235 -0.007557 0.039836 -0.031613
83533 4.1822438 2.3942633 0.059641 0.043846 0.007055
83539 4.1461133 2.3940914 -0.095559 0.188387 -0.160432
83541 6.0008620 2.3940341 -0.182833 0.167905 -0.154695
83551 5.7813760 2.3937475 -0.123400 0.197536 -0.170547
83557 2.0000957 2.3935756 0.215741 0.121759 0.070584
83563 2.0000957 2.3934038 -0.244197 0.143173 -0.126916
83569 4.1227415 2.3932319 -0.243379 0.142714 -0.126541
83577 17.365747 2.3930029 -0.142377 0.092862 -0.086768
83587 9.3364609 2.3927166 0.007763 0.062090 -0.043471
83617 2.0000957 2.3918581 0.083215 0.066047 -0.014039
83629 27.080834 2.3915149 -0.016960 0.011358 -0.010773
83631 12.955501 2.3914577 0.059996 0.044051 0.004415
83641 2.0000957 2.3911718 0.112858 0.068312 0.027889
83649 6.0008609 2.3909431 -0.009527 0.181976 -0.137521
83653 2.0000956 2.3908288 -0.183297 0.109632 -0.099988
83671 9.3364577 2.3903144 -0.032798 0.063390 -0.053504
83683 4.2676356 2.3899717 0.057026 0.042674 0.006254
83689 2.0000956 2.3898003 -0.210348 0.124452 -0.111922
83701 2.0000956 2.3894577 0.189194 0.109722 0.064538
83703 6.0008603 2.3894006 -0.236972 0.145792 -0.131479
83713 9.3364562 2.3891152 0.038055 0.022459 0.011970
83719 2.0000956 2.3889440 -0.131563 0.202196 -0.176224
83731 10.895558 2.3886016 -0.217486 0.146139 -0.134167
83737 2.0000955 2.3884304 -0.171195 0.105144 -0.097043
83739 12.671887 2.3883734 0.198502 0.111158 0.059620
83757 6.0008598 2.3878601 0.056040 0.042329 0.005670
83761 2.0000955 2.3877461 -0.157143 0.216742 -0.190535
83767 4.1187939 2.3875751 0.136099 0.081059 0.040873
83773 2.0000955 2.3874041 -0.192078 0.133033 -0.123676
83779 4.1212076 2.3872331 -0.136175 0.091412 -0.086812
83791 2.0000955 2.3868912 -0.059984 0.175936 -0.144748
83797 9.3364530 2.3867203 -0.049245 0.045061 -0.041399
83803 4.1260416 2.3865494 -0.134075 0.230709 -0.197638
83811 81.956729 2.3863216 -0.012972 0.034184 -0.027897
83821 4.1740927 2.3860369 -0.164167 0.143347 -0.133439
83829 6.0008590 2.3858092 -0.242862 0.142396 -0.126236
83833 2.0000954 2.3856954 -0.157018 0.213027 -0.187712
83847 15.241445 2.3852970 -0.104312 0.257918 -0.211843
83857 2.0000954 2.3850126 -0.139655 0.086142 -0.080754
83863 5.7813626 2.3848419 -0.150651 0.090450 -0.082815
83869 2.0000954 2.3846713 0.191294 0.110715 0.065234
83883 6.0008585 2.3842733 0.205472 0.112172 0.051551
83893 4.4193170 2.3839891 0.058510 0.043092 0.006854
83901 6.0008583 2.3837618 -0.159870 0.214260 -0.188985
83911 2.0000953 2.3834777 0.056050 0.042283 0.005530
83917 4.5993889 2.3833073 -0.154676 0.212196 -0.186627
83923 23.795286 2.3831369 -0.024740 0.015529 -0.014720
83947 4.1552264 2.3824556 -0.137357 0.090183 -0.085415
83953 4.4927687 2.3822853 0.069983 0.048370 0.004610
83977 4.2292477 2.3816045 0.084220 0.067520 -0.015205
83983 2.0000953 2.3814343 -0.212572 0.160709 -0.148678
83991 6.0008574 2.3812075 0.065653 0.046272 0.007161
84027 13.526017 2.3801873 -0.156532 0.212939 -0.187453
84037 5.0712529 2.3799041 0.077543 0.050570 0.008356
84043 4.1159718 2.3797342 -0.129525 0.207538 -0.179842
84049 9.3364437 2.3795643 -0.061317 0.035954 -0.031878
84061 2.0000952 2.3792246 0.129475 0.081475 0.002155
84063 28.028007 2.3791680 -0.060242 0.036564 -0.032837
84067 2.0000952 2.3790548 -0.238656 0.140036 -0.124302
84081 6.0008564 2.3786587 -0.202288 0.158364 -0.146769
84097 5.7813526 2.3782061 -0.125220 0.198232 -0.171265
84103 4.5993738 2.3780365 0.211621 0.121153 0.073513
84109 4.1146701 2.3778668 -0.174721 0.113161 -0.105207
84121 2.0000951 2.3775276 0.090427 0.057641 0.020500
84127 2.0000951 2.3773580 -0.153796 0.213052 -0.187286
84151 11.624070 2.3766800 -0.221034 0.133030 -0.119130
84153 6.0008557 2.3766235 -0.119790 0.234849 -0.198311
84163 2.0000951 2.3763411 0.066410 0.046847 0.004653
84169 4.2466165 2.3761717 -0.059559 0.176773 -0.145200
84171 6.0008555 2.3761153 -0.241502 0.141649 -0.125586
84181 2.0000950 2.3758330 -0.033829 0.169232 -0.134264
84189 72.304026 2.3756073 -0.046517 0.027324 -0.024296
84199 2.0000950 2.3753251 -0.241436 0.141554 -0.125481
84207 6.0008552 2.3750995 -0.057492 0.049533 -0.048531
84211 2.0000950 2.3749866 -0.109381 0.255733 -0.211594
84223 2.0000950 2.3746483 -0.093174 0.198087 -0.166991
84229 2.0000950 2.3744791 0.074685 0.055690 -0.006486
84241 4.2931366 2.3741409 -0.227227 0.142465 -0.129283
84243 6.0008548 2.3740845 0.088374 0.070859 -0.016352
84247 2.0000950 2.3739718 0.237060 0.135466 0.084826
84253 5.7813460 2.3738027 -0.125293 0.198728 -0.171625
84259 9.3364359 2.3736337 0.054665 0.030179 0.016080
84261 6.0008546 2.3735773 0.154170 0.089436 0.045942
84279 17.365477 2.3730704 -0.113200 0.214557 -0.181367
84289 4.5993588 2.3727889 0.100843 0.072044 -0.009093
84297 6.0008542 2.3725637 -0.241015 0.141308 -0.125262
84301 9.3364344 2.3724511 -0.043287 0.051551 -0.046100
84307 2.0000949 2.3722823 -0.070475 0.181225 -0.150578
84313 2.0000949 2.3721134 0.059861 0.043703 0.006894
84319 2.0000949 2.3719446 -0.214931 0.131419 -0.119060
84333 6.0008539 2.3715509 -0.240483 0.141045 -0.125061
84343 9.3364328 2.3712697 -0.041316 0.053943 -0.047708
84349 2.0000948 2.3711010 -0.155358 0.221767 -0.193997
84351 13.838809 2.3710448 -0.047267 0.188036 -0.150542
84369 6.0008535 2.3705389 0.057516 0.042831 0.004277
84373 4.1458387 2.3704266 0.088460 0.068907 -0.014011
84379 5.0712343 2.3702580 -0.122143 0.200421 -0.173015
84391 2.0000948 2.3699210 -0.160243 0.215598 -0.189975
84397 4.4927270 2.3697525 0.080815 0.052622 0.015527
84409 13.087428 2.3694156 -0.203244 0.119162 -0.105631
84421 2.0000948 2.3690788 -0.101205 0.192176 -0.164053
84441 28.027882 2.3685177 0.053541 0.029021 0.012656
84451 4.2291581 2.3682372 -0.137157 0.120259 -0.112980
84457 2.0000947 2.3680690 0.084849 0.059924 -0.004319
84463 2.0000947 2.3679007 -0.148287 0.228949 -0.198367
84481 2.0000947 2.3673962 0.188778 0.108199 0.061890
84487 12.817811 2.3672281 -0.177209 0.104890 -0.094304
84493 5.0712281 2.3670600 -0.117679 0.073874 -0.069948
84499 2.0000947 2.3668919 0.058083 0.043160 0.003338
84511 9.3364267 2.3665558 -0.060929 0.035728 -0.031673
84517 4.1165053 2.3663878 -0.112028 0.200333 -0.171781
84523 2.0000947 2.3662198 0.089241 0.076876 -0.022398
84531 15.241109 2.3659959 -0.146159 0.208940 -0.182711
84549 6.0008517 2.3654922 -0.213326 0.158713 -0.146737
84559 2.0000946 2.3652125 -0.060466 0.178171 -0.146367
84567 28.027840 2.3649887 -0.045023 0.049668 -0.044793
84589 2.0000946 2.3643736 -0.143030 0.231347 -0.199365
84603 6.0008512 2.3639824 -0.070614 0.185851 -0.153903
84607 11.473108 2.3638706 0.098615 0.069946 -0.008512
84619 4.4927063 2.3635354 -0.202781 0.120545 -0.108629
84621 12.884321 2.3634795 0.066613 0.046378 0.009669
84631 2.0000945 2.3632002 -0.158796 0.215330 -0.189563
84649 2.0000945 2.3626977 0.274897 0.155945 0.100765
84657 6.0008506 2.3624745 -0.160870 0.216249 -0.190508
84661 4.5993291 2.3623628 -0.227404 0.136110 -0.121819
84673 2.0000945 2.3620280 -0.158181 0.215162 -0.189354
84679 9.3364205 2.3618607 0.025087 0.048667 -0.028267
84691 2.0000945 2.3615260 0.055995 0.042024 0.004879
84693 65.179798 2.3614703 -0.057335 0.033626 -0.029811
84697 2.0000945 2.3613587 -0.199885 0.118674 -0.107120
84727 4.1222161 2.3605226 -0.058665 0.181676 -0.148492
84729 12.954019 2.3604669 -0.158591 0.215369 -0.189515
84751 2.0000944 2.3598542 0.105117 0.063579 0.017439
84763 9.3364175 2.3595201 0.058127 0.050652 -0.015592
84769 4.1819415 2.3593531 -0.159590 0.217368 -0.191166
84787 2.0000944 2.3588522 -0.238929 0.140084 -0.124178
84793 2.0000944 2.3586853 0.287151 0.161123 0.103000
84811 2.0000943 2.3581847 -0.144911 0.230808 -0.199213
84823 4.1124808 2.3578511 -0.236641 0.138819 -0.123161
84837 6.0008488 2.3574620 -0.213773 0.157172 -0.145247
84841 4.4926857 2.3573508 -0.123287 0.262564 -0.218837
84859 2.0000943 2.3568508 0.058266 0.042970 0.004572
84871 2.0000943 2.3565175 -0.118902 0.104150 -0.098669
84873 15.240943 2.3564620 0.070896 0.047239 0.012378
84877 5.7813197 2.3563510 0.179839 0.101113 0.057789
84889 20.300481 2.3560179 -0.024459 0.016171 -0.015628
84891 6.0008483 2.3559624 0.057040 0.042511 0.003786
84913 2.0000942 2.3553519 -0.192795 0.177326 -0.162723
84919 2.0000942 2.3551855 0.098622 0.085365 -0.025595
84927 6.0008479 2.3549637 -0.228526 0.138531 -0.124563
84937 4.1351493 2.3546864 -0.159764 0.218618 -0.192114
84961 2.0000942 2.3540213 0.196065 0.108434 0.054489
84963 12.616550 2.3539658 -0.237815 0.139461 -0.123636
84967 2.0000942 2.3538550 -0.161290 0.217067 -0.191136
84973 20.386385 2.3536888 -0.027381 0.017643 -0.016896
84979 2.0000941 2.3535226 -0.159940 0.218913 -0.192358
84981 17.365211 2.3534672 -0.083302 0.222816 -0.181909
84991 2.0000941 2.3531903 -0.118829 0.112157 -0.105334
85009 2.0000941 2.3526921 -0.161036 0.217049 -0.191085
85021 2.0000941 2.3523600 -0.102120 0.193900 -0.165393
85027 2.0000941 2.3521940 0.210648 0.113879 0.046414
85033 13.523866 2.3520280 -0.198706 0.116502 -0.103273
85039 4.1121870 2.3518621 -0.133941 0.090595 -0.086046
85053 6.0008467 2.3514750 -0.103605 0.067614 -0.065062
85069 4.1911589 2.3510327 0.096063 0.078705 -0.020251
85071 28.027675 2.3509774 -0.053397 0.040579 -0.037519
85081 2.0000940 2.3507011 -0.237535 0.139279 -0.123473
85087 2.0000940 2.3505353 0.056278 0.042065 0.004254
85093 2.0000940 2.3503696 -0.161462 0.217400 -0.191391
85099 9.3364053 2.3502039 -0.035372 0.052206 -0.045620
85111 5.7813100 2.3498725 0.101408 0.060840 0.027195
85141 9.3364038 2.3490445 -0.044740 0.050292 -0.045237
85147 2.0000940 2.3488790 -0.106939 0.281193 -0.229330
85159 2.0000939 2.3485480 -0.237365 0.139167 -0.123365
85161 6.0008456 2.3484929 -0.156742 0.224153 -0.195857
85177 5.0711915 2.3480517 -0.113434 0.197502 -0.169433
85179 6.0008454 2.3479966 -0.188628 0.179505 -0.164277
85183 20.876267 2.3478863 0.056961 0.032340 0.019950
85189 5.7813067 2.3477209 -0.126863 0.201809 -0.174027
85197 28.027634 2.3475005 -0.059697 0.035025 -0.031075
85201 2.0000939 2.3473903 -0.234305 0.139186 -0.124088
85207 4.1455695 2.3472250 -0.235070 0.139955 -0.124831
85213 2.0000939 2.3470597 0.102110 0.064934 0.004272
85219 4.5992849 2.3468945 -0.082021 0.213622 -0.175882
85233 6.0008449 2.3465090 -0.161654 0.217769 -0.191675
85237 2.0000939 2.3463989 0.068552 0.047078 0.009889
85243 2.0000939 2.3462337 -0.235941 0.138372 -0.122715
85249 4.1322330 2.3460686 -0.178037 0.106796 -0.097484
85251 12.592002 2.3460135 0.121508 0.096691 -0.023626
85267 27.078560 2.3455733 -0.028557 0.016780 -0.014901
85269 13.311322 2.3455183 0.096776 0.060018 0.022354
85287 6.0008443 2.3450233 0.005906 0.171043 -0.125539
85297 2.0000938 2.3447483 0.062302 0.046001 -0.000685
85303 2.0000938 2.3445834 -0.127461 0.266777 -0.222659
85333 2.0000938 2.3437592 -0.166719 0.111141 -0.103838
85339 4.2929762 2.3435944 0.187133 0.107150 0.061490
85341 6.0008438 2.3435394 -0.233970 0.137276 -0.121823
85359 13.524896 2.3430453 -0.158389 0.216651 -0.190306
85363 2.0000937 2.3429355 0.180230 0.103391 0.058236
85369 2.0000937 2.3427708 -0.220662 0.149677 -0.137492
85381 2.0000937 2.3424415 0.087219 0.069740 -0.015963
85387 4.1817937 2.3422769 -0.128204 0.266470 -0.222542
85411 2.0000937 2.3416188 -0.212566 0.126249 -0.113333
85417 4.1152424 2.3414543 -0.089353 0.066014 -0.064317
85423 5.7812971 2.3412898 0.092446 0.055753 0.020934
85429 2.0000936 2.3411254 -0.059816 0.189324 -0.154136
85431 6.0008429 2.3410706 -0.206644 0.122442 -0.110060
85441 4.4191525 2.3407966 -0.130126 0.260267 -0.218300
85447 2.0000936 2.3406322 0.182188 0.103311 0.056191
85449 81.935994 2.3405774 -0.001596 0.003905 -0.003195
85453 2.0000936 2.3404679 -0.234608 0.138331 -0.122946
85467 13.838009 2.3400845 -0.231109 0.135505 -0.120126
85471 4.1547754 2.3399750 -0.138737 0.209916 -0.182744
85477 9.3363917 2.3398107 0.006717 0.020279 -0.013482
85483 4.2463892 2.3396465 -0.132038 0.243177 -0.206211
85501 5.7812938 2.3391539 -0.201913 0.118382 -0.104940
85507 4.4926246 2.3389898 0.189655 0.107910 0.061552
85513 2.0000936 2.3388257 -0.162041 0.218510 -0.192245
85519 23.792453 2.3386616 -0.038114 0.035676 -0.032674
85531 2.0000935 2.3383335 0.063857 0.044988 0.007589
85539 6.0008418 2.3381148 -0.126520 0.234969 -0.199338
85549 2.0000935 2.3378415 0.127368 0.075374 0.035135
85593 12.667777 2.3366397 -0.220177 0.148271 -0.136080
85597 2.0000935 2.3365305 -0.113764 0.241336 -0.201803
85611 6.0008411 2.3361484 -0.028243 0.172902 -0.135442
85621 2.0000934 2.3358755 -0.205362 0.155071 -0.143509
85627 2.0000934 2.3357119 -0.231325 0.140529 -0.126217
85633 5.0711674 2.3355482 0.115041 0.068407 0.030917
85639 2.0000934 2.3353846 -0.135737 0.208172 -0.181013
85647 6.0008408 2.3351664 0.087659 0.079935 -0.026455
85651 4.1910284 2.3350574 -0.060666 0.185376 -0.151445
85669 2.0000934 2.3345668 -0.198254 0.136786 -0.126610
85687 9.3363842 2.3340763 -0.059642 0.034970 -0.031001
85693 4.2673140 2.3339129 -0.124722 0.266035 -0.221566
85699 4.4191257 2.3337495 0.086030 0.073823 -0.021269
85711 2.0000933 2.3334228 -0.214083 0.145097 -0.133477
85717 2.0000933 2.3332594 0.056081 0.041801 0.004056
85719 6.0008401 2.3332050 -0.198155 0.151206 -0.140176
85729 21.185309 2.3329328 0.067043 0.037708 0.024136
85737 6.0008399 2.3327152 -0.151927 0.231424 -0.200552
85747 5.0711614 2.3324431 -0.200281 0.122048 -0.110342
85771 9.3363812 2.3317905 -0.035310 0.064415 -0.054593
85773 6.0008395 2.3317361 0.058120 0.042631 0.004476
85777 4.5992413 2.3316274 -0.125182 0.266178 -0.221621
85783 4.1735936 2.3314643 0.085193 0.064624 -0.011211
85791 6.0008394 2.3312469 -0.162272 0.219180 -0.192743
85809 6.0008392 2.3307578 -0.225797 0.132817 -0.118222
85819 2.0000932 2.3304863 0.099218 0.149855 -0.079525
85827 63.734893 2.3302690 0.004425 0.007646 -0.003090
85831 2.0000932 2.3301604 -0.217880 0.132698 -0.119747
85837 2.0000932 2.3299976 -0.234192 0.137696 -0.122208
85843 2.0000932 2.3298347 0.064206 0.046706 -0.000393
85861 5.0711554 2.3293463 -0.101321 0.194560 -0.165237
85863 6.0008387 2.3292920 -0.142413 0.250026 -0.212849
85873 4.2288950 2.3290208 -0.232253 0.137560 -0.122459
85879 4.1348114 2.3288580 -0.233006 0.136663 -0.121209
85881 6.0008385 2.3288038 0.122814 0.079390 -0.001285
85891 5.7812779 2.3285327 -0.106094 0.215641 -0.180787
85903 2.0000931 2.3282074 -0.103070 0.196413 -0.167281
85909 2.0000931 2.3280448 0.062015 0.044125 0.006464
85917 17.364863 2.3278280 -0.127730 0.203854 -0.175585
85933 2.0000931 2.3273946 -0.071035 0.252491 -0.201530
85939 9.3363752 2.3272321 -0.044907 0.050418 -0.045323
85953 28.027391 2.3268530 -0.012838 0.074895 -0.057692
85957 4.4190990 2.3267448 -0.227649 0.137717 -0.123542
85971 6.0008376 2.3263659 -0.175463 0.105427 -0.096300
85989 6.0008374 2.3258789 -0.065303 0.183615 -0.151094
85999 2.0000930 2.3256084 -0.218249 0.128622 -0.114834
86007 6.0008373 2.3253921 0.055884 0.041668 0.003687
86011 2.0000930 2.3252840 0.120446 0.098450 -0.026093
86017 2.0000930 2.3251218 -0.093445 0.215885 -0.179705
86023 9.3363723 2.3249596 -0.057075 0.035714 -0.032361
86029 2.0000930 2.3247975 -0.162688 0.219844 -0.193263
86041 4.1453056 2.3244732 -0.105848 0.071524 -0.068882
86047 5.7812715 2.3243111 -0.139193 0.088094 -0.081845
86061 6.0008367 2.3239330 -0.227617 0.134107 -0.119332
86077 2.0000929 2.3235011 0.063944 0.048326 -0.004379
86079 28.027350 2.3234471 0.037521 0.021748 0.011015
86083 2.0000929 2.3233391 -0.183675 0.144130 -0.134025
86107 9.3363693 2.3226915 -0.018862 0.024724 -0.022676
86113 2.0000929 2.3225297 -0.157743 0.227294 -0.198216
86131 2.0000929 2.3220443 -0.069541 0.052497 -0.051555
86133 6.0008360 2.3219904 0.057129 0.042261 0.003164
86137 2.0000929 2.3218826 0.055835 0.041618 0.003599
86143 2.0000929 2.3217209 -0.162715 0.220091 -0.193438
86149 21.650237 2.3215592 -0.048288 0.038112 -0.035211
86161 2.0000929 2.3212358 0.159071 0.092371 0.013918
86167 4.1201124 2.3210742 -0.193904 0.175746 -0.161281
86169 6.0008357 2.3210203 -0.069873 0.187682 -0.154901
86179 2.0000928 2.3207510 0.056905 0.042274 0.002450
86187 6.0008355 2.3205356 -0.203670 0.164028 -0.151472
86197 2.0000928 2.3202664 -0.066534 0.184914 -0.152250
86203 14.806742 2.3201049 0.105882 0.062014 0.029317
86209 2.0000928 2.3199434 -0.136592 0.084806 -0.079498
86221 4.1378301 2.3196205 0.112296 0.066739 0.016451
86233 20.102690 2.3192977 -0.054624 0.036679 -0.033659
86239 2.0000928 2.3191364 -0.101215 0.322987 -0.257968
86257 2.0000928 2.3186524 -0.232160 0.136971 -0.121733
86259 6.0008348 2.3185986 0.070715 0.047995 0.006255
86263 2.0000927 2.3184911 0.098631 0.060911 0.010404
86269 2.0000927 2.3183299 -0.150169 0.215353 -0.188262
86277 6.0008346 2.3181149 0.071554 0.058271 -0.012988
86281 5.7812620 2.3180074 -0.094712 0.229766 -0.188923
86287 2.0000927 2.3178463 0.184396 0.104746 0.058398
86293 2.0000927 2.3176851 -0.196649 0.116843 -0.105400
86299 4.1175643 2.3175240 -0.232355 0.136487 -0.121085
86311 2.0000927 2.3172017 -0.163169 0.220624 -0.193874
86313 6.0008343 2.3171481 -0.064493 0.062145 -0.060112
86323 2.0000927 2.3168796 -0.132344 0.270889 -0.226352
86331 28.027271 2.3166649 -0.030277 0.028752 -0.026939
86341 2.0000927 2.3163966 -0.232507 0.136319 -0.120840
86347 4.2288093 2.3162357 0.056575 0.041825 0.003658
86353 2.0000926 2.3160747 -0.046087 0.219911 -0.172895
86367 6.0008338 2.3156993 -0.157089 0.230526 -0.200510
86371 2.0000926 2.3155920 0.074844 0.049470 0.010478
86389 2.0000926 2.3151096 0.133317 0.077927 0.036717
86401 9.3363590 2.3147880 -0.026464 0.061990 -0.051294
86413 2.0000926 2.3144666 0.057090 0.042394 0.001965
86421 6.0008332 2.3142523 -0.126609 0.269166 -0.224101
86431 5.0711258 2.3139846 0.199456 0.111520 0.063712
86437 12.837575 2.3138239 -0.121473 0.202855 -0.173819
86439 6.0008331 2.3137704 -0.199684 0.118495 -0.106701
86461 2.0000925 2.3131817 -0.225783 0.140706 -0.127279
86467 2.0000925 2.3130212 -0.216912 0.147187 -0.135192
86473 4.4190462 2.3128607 0.174542 0.098595 0.020113
86491 2.0000925 2.3123793 -0.162484 0.220717 -0.193837
86497 4.2671896 2.3122189 0.056812 0.041865 0.003665
86509 2.0000925 2.3118982 -0.118757 0.097318 -0.092617
86511 6.0008324 2.3118447 0.143984 0.081446 0.026294
86521 4.5991840 2.3115775 -0.059159 0.190534 -0.154622
86529 6.0008322 2.3113638 0.088994 0.055876 0.017537
86533 2.0000925 2.3112570 -0.159532 0.227582 -0.198613
86539 2.0000924 2.3110967 0.065544 0.045437 0.007249
86587 2.0000924 2.3098156 -0.065920 0.058543 -0.057074
86593 5.7812495 2.3096555 -0.173941 0.113357 -0.104075
86599 2.0000924 2.3094955 0.191759 0.108466 0.061182
86601 6.0008315 2.3094422 -0.202088 0.121101 -0.109266
86611 9.3363516 2.3091755 -0.058731 0.034434 -0.030524
86617 4.4925247 2.3090156 -0.095028 0.210797 -0.176153
86619 17.364607 2.3089622 -0.112166 0.236612 -0.196960
86629 2.0000924 2.3086957 -0.208701 0.156937 -0.144969
86637 6.0008312 2.3084825 0.070250 0.048148 0.003934
86653 9.3363502 2.3080563 -0.051148 0.031020 -0.028089
86659 5.0711140 2.3078965 -0.145034 0.214562 -0.186500
86677 2.0000923 2.3074172 -0.134130 0.083670 -0.078559
86689 2.0000923 2.3070978 -0.155184 0.218758 -0.191416
86701 4.1111467 2.3067785 -0.082244 0.192177 -0.160439
86707 4.5991699 2.3066188 0.134797 0.083545 0.002957
86709 28.027152 2.3065656 -0.057136 0.035539 -0.032131
86719 2.0000923 2.3062997 -0.230667 0.135658 -0.120408
86727 6.0008303 2.3060869 -0.199102 0.118136 -0.106357
86731 4.4190200 2.3059806 -0.098071 0.208569 -0.175095
86737 9.3363472 2.3058210 -0.045059 0.050534 -0.045400
86743 2.0000922 2.3056616 -0.068114 0.186854 -0.153898
86749 5.7812432 2.3055021 0.167517 0.094709 0.054043
86763 6.0008300 2.3051301 0.057482 0.042593 0.001482
86767 2.0000922 2.3050238 0.058491 0.042531 0.004208
86773 5.0711082 2.3048644 -0.125651 0.228386 -0.193812
86781 6.0008298 2.3046519 0.221635 0.124605 0.074205
86791 4.1145363 2.3043864 0.083432 0.071466 -0.020394
86799 6.0008296 2.3041740 -0.163875 0.221919 -0.194876
86803 4.2927686 2.3040678 -0.229511 0.134566 -0.119287
86817 13.309877 2.3036963 -0.203201 0.154133 -0.142468
86821 20.176267 2.3035901 0.052191 0.029243 0.005585
86827 5.7812401 2.3034310 -0.129415 0.207828 -0.178669
86839 4.4925051 2.3031127 -0.218463 0.128639 -0.114557
86851 2.0000921 2.3027944 0.111408 0.068952 0.006091
86857 2.0000921 2.3026354 -0.163959 0.222074 -0.194995
86863 9.3363429 2.3024763 -0.036235 0.065414 -0.055437
86869 2.0000921 2.3023173 -0.133965 0.274303 -0.229038
86881 4.1109100 2.3019993 -0.226720 0.137722 -0.123675
86893 4.5991558 2.3016814 0.060413 0.042871 0.005360
86899 4.2671282 2.3015225 -0.064686 0.192509 -0.157229
86923 2.0000920 2.3008870 -0.216952 0.146793 -0.134729
86929 2.0000920 2.3007282 -0.137706 0.086219 -0.080831
86943 12.824870 2.3003577 -0.229288 0.134432 -0.119167
86947 9.3363400 2.3002519 -0.024782 0.061842 -0.050859
86959 2.0000920 2.2999345 0.185309 0.104916 0.058381
86979 12.779284 2.2994056 -0.221760 0.138827 -0.125756
86983 5.7812339 2.2992999 -0.121767 0.203156 -0.174072
87013 2.0000919 2.2985071 -0.214790 0.126594 -0.113012
87031 9.3363371 2.2980317 -0.057159 0.034960 -0.031463
87033 12.880897 2.2979789 0.073174 0.048476 0.010362
87037 2.0000919 2.2978733 -0.110253 0.250470 -0.207608
87049 2.0000919 2.2975565 -0.225753 0.132548 -0.117713
87051 6.0008272 2.2975038 -0.134487 0.275501 -0.229974
87061 13.249025 2.2972399 0.095473 0.056272 0.018610
87069 6.0008270 2.2970288 -0.211367 0.146688 -0.135085
87103 2.0000918 2.2961322 0.084199 0.082370 -0.030686
87121 2.0000918 2.2956578 -0.128001 0.218719 -0.187475
87127 4.1375266 2.2954997 0.062905 0.047170 -0.003653
87133 2.0000918 2.2953416 -0.127328 0.091159 -0.086815
87139 5.7812277 2.2951836 -0.196247 0.115060 -0.101995
87141 13.836846 2.2951309 0.060690 0.043008 0.004718
87151 2.0000918 2.2948675 -0.109102 0.262706 -0.216205
87157 9.3363327 2.2947095 -0.001187 0.007901 -0.005891
87169 4.2927178 2.2943936 0.074220 0.048960 0.009100
87177 6.0008260 2.2941831 -0.153742 0.218649 -0.191085
87181 2.0000918 2.2940778 -0.207582 0.156599 -0.144619
87187 2.0000918 2.2939200 0.132518 0.076714 0.033990
87199 9.3363313 2.2936043 -0.058066 0.034056 -0.030195
87211 2.0000917 2.2932887 0.196276 0.110588 0.062721
87213 28.026994 2.2932361 -0.041423 0.044916 -0.040667
87217 5.7812246 2.2931309 -0.168222 0.108362 -0.099475
87223 2.0000917 2.2929732 -0.095666 0.064167 -0.062043
87229 5.0710850 2.2928155 0.082425 0.051657 0.013925
87231 6.0008255 2.2927629 -0.207444 0.141890 -0.130665
87247 4.4189680 2.2923424 -0.157547 0.229900 -0.199919
87249 12.610515 2.2922899 -0.069345 0.188344 -0.155148
87253 2.0000917 2.2921848 0.081149 0.070998 -0.021297
87267 15.239817 2.2918171 0.111523 0.065803 0.027710
87277 2.0000917 2.2915545 -0.140221 0.215636 -0.186987
87283 21.180696 2.2913970 -0.055092 0.032300 -0.028633
87301 4.2670675 2.2909245 -0.069778 0.051925 -0.050967
87303 6.0008248 2.2908720 -0.125122 0.246096 -0.206999
87313 2.0000916 2.2906096 0.058586 0.043784 -0.001058
87321 17.364355 2.2903998 -0.191639 0.114409 -0.102233
87337 2.0000916 2.2899802 0.099908 0.087594 -0.027178
87339 28.026955 2.2899278 0.006050 0.011095 -0.006207
87343 5.0710792 2.2898229 -0.208809 0.123021 -0.109485
87357 13.523279 2.2894559 -0.203995 0.154670 -0.142831
87361 4.1195874 2.2893511 -0.158042 0.235071 -0.203898
87393 6.0008240 2.2885128 0.183967 0.103864 0.057174
87403 2.0000915 2.2882510 -0.164749 0.223553 -0.196138
87409 9.3363241 2.2880939 0.002959 0.067848 -0.048772
87411 6.0008238 2.2880416 0.056728 0.041921 0.002081
87421 2.0000915 2.2877798 0.083749 0.060559 -0.007047
87427 2.0000915 2.2876228 -0.212841 0.128021 -0.115078
87429 12.587410 2.2875705 -0.164436 0.223608 -0.196129
87433 2.0000915 2.2874658 -0.227246 0.133284 -0.118202
87447 12.663843 2.2870996 -0.177852 0.113887 -0.105136
87457 5.0710734 2.2868381 -0.040097 0.189229 -0.149252
87481 2.0000915 2.2862107 0.057610 0.042937 -0.000141
87501 6.0008230 2.2856882 -0.149046 0.219602 -0.191133
87511 2.0000914 2.2854270 -0.227856 0.133598 -0.118430
87517 2.0000914 2.2852703 -0.227837 0.133581 -0.118413
87519 6.0008228 2.2852181 0.077427 0.070918 -0.023380
87523 2.0000914 2.2851136 0.189810 0.103850 0.047883
87529 5.7812123 2.2849570 -0.075428 0.188037 -0.155163
87537 6.0008226 2.2847482 0.132396 0.076354 0.032907
87541 2.0000914 2.2846438 -0.164970 0.223893 -0.196405
87547 2.0000914 2.2844872 0.057640 0.042982 -0.000282
87553 2.0000914 2.2843306 -0.226229 0.134028 -0.119327
87559 2.0000914 2.2841741 -0.227373 0.133323 -0.118200
87573 6.0008223 2.2838089 -0.210153 0.149732 -0.138036
87577 9.3363183 2.2837046 -0.038846 0.023747 -0.021966
87583 2.0000913 2.2835482 -0.152723 0.219115 -0.191250
87589 2.0000913 2.2833918 0.055554 0.041292 0.002262
87591 64.399228 2.2833396 -0.026687 0.062421 -0.051535
87613 2.0000913 2.2827663 -0.001777 0.182588 -0.135583
87619 9.3363169 2.2826099 -0.052115 0.040119 -0.037044
87627 6.0008218 2.2824015 -0.055084 0.220824 -0.175387
87631 2.0000913 2.2822974 0.063554 0.044543 0.004600
87643 2.0000913 2.2819849 -0.128445 0.119160 -0.111343
87649 2.0000913 2.2818287 0.096726 0.111231 -0.049771
87663 6.0008214 2.2814642 0.067318 0.045983 0.006606
87673 4.2460257 2.2812040 0.056312 0.041496 0.002585
87679 2.0000912 2.2810479 -0.098055 0.065447 -0.063147
87691 2.0000912 2.2807358 0.203220 0.113924 0.064970
87697 2.0000912 2.2805797 -0.161228 0.228494 -0.199369
87709 4.1447930 2.2802677 -0.155712 0.241422 -0.208248
87717 28.026839 2.2800597 0.038458 0.021518 0.008231
87721 2.0000912 2.2799558 -0.192708 0.176630 -0.161765
87727 4.4924274 2.2797998 -0.137209 0.124494 -0.116080
87739 2.0000912 2.2794880 -0.165212 0.224416 -0.196804
87751 2.0000912 2.2791763 -0.153570 0.246679 -0.211834
87753 6.0008206 2.2791244 -0.132595 0.287216 -0.238045
87757 4.1541284 2.2790205 0.267655 0.148681 0.092302
87763 13.073832 2.2788647 -0.152010 0.111507 -0.103788
87787 9.3363112 2.2782417 -0.056622 0.034531 -0.031045
87789 17.364189 2.2781898 0.088470 0.053217 0.018744
87793 2.0000911 2.2780860 -0.136192 0.230462 -0.197285
87799 5.0710562 2.2779303 0.090009 0.072557 -0.017879
87807 6.0008201 2.2777227 -0.165369 0.224602 -0.196955
87811 2.0000911 2.2776190 -0.212202 0.125089 -0.111662
87823 4.5990862 2.2773078 -0.156180 0.230473 -0.200018
87829 9.3363098 2.2771522 -0.040655 0.027921 -0.026135
87853 2.0000911 2.2765301 -0.222488 0.130648 -0.116038
87859 4.1812233 2.2763746 0.090051 0.055878 0.016730
87861 6.0008196 2.2763228 -0.128861 0.081187 -0.076465
87871 9.3363083 2.2760638 -0.000974 0.008108 -0.006073
87877 2.0000910 2.2759084 -0.110366 0.329854 -0.264501
87913 23.788398 2.2749764 0.051776 0.028513 0.017103
87919 5.7811971 2.2748211 -0.132895 0.209424 -0.180236
87931 2.0000910 2.2745107 -0.226229 0.132639 -0.117577
87933 6.0008189 2.2744590 -0.133495 0.212490 -0.183611
87943 2.0000910 2.2742003 0.057986 0.043457 -0.001383
87949 4.4924083 2.2740452 -0.146256 0.255164 -0.216854
87951 15.239506 2.2739935 -0.117824 0.075961 -0.071912
87961 2.0000910 2.2737350 -0.138444 0.278994 -0.233070
87973 2.0000909 2.2734248 -0.225430 0.133109 -0.118335
87979 4.1905238 2.2732698 -0.208993 0.128101 -0.115815
87987 12.594310 2.2730631 -0.192059 0.176553 -0.161629
87991 2.0000909 2.2729597 -0.031647 0.218907 -0.168701
87997 27.074959 2.2728048 -0.025903 0.018013 -0.016571
88003 2.0000909 2.2726498 -0.071773 0.191351 -0.157713
88023 41.596314 2.2721334 0.167246 0.093625 0.052782
88039 9.3363027 2.2717205 -0.010514 0.058015 -0.045132
88041 6.0008179 2.2716689 0.064098 0.044626 0.004960
88069 2.0000908 2.2709466 0.270755 0.148322 0.088832
88081 9.3363012 2.2706373 0.073243 0.039306 0.010666
88093 2.0000908 2.2703279 0.056113 0.041463 0.002020
88117 2.0000908 2.2697096 -0.127102 0.274932 -0.228154
88123 9.3362998 2.2695551 -0.050586 0.041999 -0.038695
88129 2.0000908 2.2694005 -0.165764 0.225424 -0.197583
88141 5.0710392 2.2690916 -0.209342 0.124640 -0.111208
88147 4.1242704 2.2689371 -0.121504 0.077413 -0.073304
88149 6.0008169 2.2688856 0.055408 0.041183 0.001742
88153 5.7811880 2.2687827 0.132960 0.074976 0.035355
88167 6.0008167 2.2684224 0.071678 0.047645 0.008615
88171 4.4923892 2.2683195 -0.158423 0.222375 -0.194261
88177 2.0000907 2.2681652 0.082488 0.060380 -0.007970
88183 4.1311737 2.2680108 -0.168966 0.101957 -0.093233
88201 4.1207237 2.2675480 -0.152207 0.220230 -0.191937
88203 6.0008164 2.2674966 -0.223041 0.130871 -0.116127
88207 9.3362970 2.2673937 -0.054128 0.031879 -0.028423
88221 28.026686 2.2670339 0.025374 0.067739 -0.042051
88237 2.0000907 2.2666228 0.240232 0.130090 0.070190
88239 12.879256 2.2665715 -0.223285 0.132167 -0.117609
88243 4.2284756 2.2664687 -0.160889 0.234423 -0.203672
88257 42.109859 2.2661092 -0.109911 0.246788 -0.203586
88261 2.0000906 2.2660065 0.101140 0.060995 0.020990
88267 4.2925679 2.2658525 -0.196747 0.166499 -0.153250
88279 4.4188660 2.2655445 0.057838 0.041933 0.002587
88291 9.3362942 2.2652365 -0.045314 0.051180 -0.045877
88293 15.239353 2.2651852 0.088393 0.072113 -0.018440
88309 5.7811820 2.2647748 -0.162810 0.110303 -0.101938
88311 6.0008154 2.2647235 -0.153660 0.251411 -0.215271
88321 2.0000906 2.2644671 0.055555 0.041310 0.001311
88327 2.0000906 2.2643133 -0.102807 0.220009 -0.184106
88329 6.0008152 2.2642620 -0.111316 0.110635 -0.103258
88333 9.3362928 2.2641595 -0.045143 0.051532 -0.046133
88339 2.0000906 2.2640057 -0.135064 0.214002 -0.184910
88369 5.0710279 2.2632371 -0.131881 0.230608 -0.196241
88381 4.5990451 2.2629298 -0.040948 0.183572 -0.145557
88393 4.4923702 2.2626226 -0.112893 0.082043 -0.078563
88399 4.1729628 2.2624690 -0.224081 0.131397 -0.116484
88401 12.777019 2.2624178 0.106297 0.063701 0.013358
88411 2.0000905 2.2621619 -0.109829 0.206265 -0.175306
88419 6.0008144 2.2619573 0.180635 0.101391 0.054392
88423 2.0000905 2.2618549 -0.087557 0.279975 -0.224252
88447 4.1123316 2.2612412 0.068095 0.057200 -0.014375
88459 9.3362886 2.2609344 0.056126 0.031099 0.006480
88471 2.0000904 2.2606278 0.179539 0.100774 0.053846
88477 4.1810857 2.2604745 -0.207185 0.125173 -0.112726
88483 5.0710223 2.2603212 -0.184169 0.109306 -0.098313
88491 17.363944 2.2601168 -0.191758 0.112439 -0.099676
88507 4.2668884 2.2597083 -0.118138 0.273217 -0.225242
88509 12.579896 2.2596572 -0.160142 0.238549 -0.206628
88513 2.0000904 2.2595551 0.055590 0.041360 0.000994
88531 4.1145154 2.2590957 0.055406 0.041147 0.001435
88549 4.2458853 2.2586365 -0.065728 0.208638 -0.168816
88567 4.5990316 2.2581774 -0.197130 0.116679 -0.104621
88579 4.1098700 2.2578715 -0.140879 0.281602 -0.235297
88581 6.0008129 2.2578205 -0.223570 0.131351 -0.116536
88591 2.0000903 2.2575657 -0.150455 0.222519 -0.193367
88597 5.0710167 2.2574128 0.080180 0.050307 0.013126
88599 28.026572 2.2573618 0.004797 0.037490 -0.026641
88609 2.0000903 2.2571071 -0.192155 0.114442 -0.103183
88617 12.643767 2.2569033 -0.223194 0.130899 -0.116050
88633 4.2925187 2.2564959 -0.136254 0.253773 -0.214235
88651 2.0000902 2.2560377 -0.219069 0.135667 -0.122482
88657 2.0000902 2.2558850 0.078900 0.072593 -0.024285
88663 2.0000902 2.2557324 -0.137735 0.280393 -0.233880
88681 2.0000902 2.2552745 0.072327 0.067736 -0.023146
88699 5.7811670 2.2548169 0.088503 0.052956 0.017889
88707 6.0008118 2.2546135 -0.167112 0.101223 -0.092676
88717 4.2283944 2.2543594 -0.163959 0.231277 -0.201661
88729 2.0000902 2.2540545 -0.210608 0.126650 -0.113742
88741 2.0000902 2.2537497 0.074021 0.072093 -0.026460
88743 6.0008114 2.2536989 -0.216873 0.137823 -0.125182
88747 2.0000901 2.2535973 -0.124602 0.254921 -0.213151
88753 21.643774 2.2534450 0.003609 0.007976 -0.004375
88761 6.0008113 2.2532419 -0.140353 0.284969 -0.237634
88771 2.0000901 2.2529880 -0.118416 0.093508 -0.089028
88777 5.7811640 2.2528358 -0.190675 0.111801 -0.099115
88789 2.0000901 2.2525313 -0.128004 0.251312 -0.211100
88797 6.0008109 2.2523283 0.178846 0.100198 0.053122
88801 2.0000901 2.2522269 -0.164945 0.226489 -0.198200
88807 2.0000901 2.2520747 0.055288 0.041135 0.001017
88813 2.0000901 2.2519226 -0.201512 0.160010 -0.147588
88819 2.0000901 2.2517705 -0.204191 0.155594 -0.143582
88831 4.1164054 2.2514663 -0.161929 0.229881 -0.200357
88833 6.0008106 2.2514156 -0.216044 0.131754 -0.118574
88843 2.0000901 2.2511622 -0.141010 0.217370 -0.188199
88851 28.026496 2.2509595 -0.035145 0.021840 -0.020390
88861 2.0000900 2.2507062 -0.111384 0.095110 -0.090318
88867 2.0000900 2.2505542 0.135486 0.077011 0.022933
88873 2.0000900 2.2504023 -0.163941 0.226264 -0.197897
88879 9.3362746 2.2502503 -0.046854 0.027975 -0.025311
88887 6.0008101 2.2500478 -0.060024 0.212386 -0.170294
88897 2.0000900 2.2497947 -0.102203 0.108444 -0.100725
88903 2.0000900 2.2496429 -0.203931 0.151233 -0.139582
88909 4.2668298 2.2494911 0.060575 0.046208 -0.004905
88921 9.3362732 2.2491875 -0.053316 0.037068 -0.034087
88923 6.0008098 2.2491369 0.085593 0.073966 -0.021860
88933 5.7811581 2.2488840 0.088936 0.053037 0.015432
88939 11.951155 2.2487323 -0.092658 0.071379 -0.068735
88951 2.0000899 2.2484289 0.063393 0.044496 0.002880
88959 17.363783 2.2482267 -0.155286 0.098043 -0.090016
88969 2.0000899 2.2479740 -0.116765 0.274974 -0.226233
88977 72.228919 2.2477719 -0.039107 0.033412 -0.030723
88993 2.0000899 2.2473678 0.060163 0.047067 -0.006691
88999 4.2924700 2.2472163 -0.166101 0.227254 -0.198860
89013 6.0008090 2.2468628 -0.148563 0.259248 -0.220179
89017 2.0000899 2.2467619 0.192234 0.104814 0.032460
89041 2.0000899 2.2461563 -0.163559 0.226468 -0.197983
89047 9.3362690 2.2460049 -0.033075 0.079381 -0.064951
89049 6.0008087 2.2459545 0.132551 0.075409 0.026496
89053 11.598274 2.2458536 -0.118080 0.298028 -0.242557
89071 2.0000898 2.2453997 -0.208484 0.125282 -0.112523
89083 2.0000898 2.2450973 -0.016244 0.178552 -0.136247
89101 2.0000898 2.2446437 0.058095 0.042517 0.000650
89103 28.026421 2.2445933 -0.056280 0.033005 -0.029260
89107 2.0000898 2.2444926 -0.221766 0.130022 -0.115258
89113 2.0000898 2.2443415 -0.221380 0.129813 -0.115093
89119 2.0000898 2.2441904 0.056188 0.041437 0.001188
89121 12.948458 2.2441400 -0.118706 0.076558 -0.072625
89137 2.0000898 2.2437372 -0.167414 0.228153 -0.199719
89139 13.307804 2.2436868 -0.161640 0.225694 -0.197073
89143 4.1902815 2.2435861 0.058513 0.042244 0.002213
89161 4.1308361 2.2431332 0.181326 0.099725 0.047554
89173 9.3362649 2.2428314 0.039068 0.022233 0.004593
89191 4.2283141 2.2423787 -0.194752 0.117083 -0.105665
89193 17.363703 2.2423284 -0.126275 0.216589 -0.184406
89203 2.0000897 2.2420771 0.087945 0.106976 -0.050147
89209 2.0000897 2.2419263 -0.072746 0.261504 -0.207944
89227 2.0000897 2.2414740 0.056941 0.042975 -0.002209
89269 2.0000896 2.2404194 0.099124 0.059689 0.018620
89281 11.731100 2.2401183 -0.163965 0.136221 -0.126141
89283 6.0008065 2.2400681 0.070151 0.066679 -0.023344
89293 2.0000896 2.2398172 -0.165562 0.228046 -0.199390
89299 9.3362607 2.2396667 -0.056100 0.032891 -0.029156
89311 10.770256 2.2393658 0.085919 0.053111 0.014321
89317 2.0000896 2.2392154 -0.100688 0.090591 -0.086034
89319 15.238900 2.2391652 -0.141279 0.217455 -0.187828
89323 5.7811433 2.2390650 -0.124635 0.077918 -0.072521
89329 2.0000896 2.2389146 0.177727 0.099268 0.051914
89337 12.681358 2.2387141 -0.215286 0.126488 -0.112414
89341 9.3362594 2.2386139 -0.032560 0.020531 -0.019311
89359 4.1202522 2.2381629 -0.191003 0.177892 -0.162518
89371 2.0000895 2.2378624 0.090839 0.056240 0.010743
89377 4.1442995 2.2377122 -0.167491 0.228900 -0.200255
89409 6.0008054 2.2369113 0.059436 0.046551 -0.006607
89413 2.0000895 2.2368112 0.088494 0.054765 0.014415
89427 17.363623 2.2364610 0.119395 0.068026 0.030644
89431 2.0000895 2.2363610 -0.147246 0.261222 -0.221372
89443 2.0000894 2.2360610 -0.199841 0.160899 -0.148301
89449 2.0000894 2.2359110 -0.217404 0.132985 -0.119639
89467 9.3362553 2.2354611 -0.000854 0.008075 -0.006065
89479 5.7811374 2.2351613 0.086791 0.051972 0.016991
89481 28.026310 2.2351114 -0.043908 0.026494 -0.024145
89491 2.0000894 2.2348616 -0.216951 0.133304 -0.120078
89497 4.5989646 2.2347118 0.070631 0.046641 0.007442
89499 6.0008046 2.2346618 -0.124421 0.079004 -0.074539
89509 23.785816 2.2344122 -0.043697 0.025629 -0.022728
89521 2.0000894 2.2341127 0.091981 0.076424 -0.020643
89527 2.0000894 2.2339629 -0.220108 0.129055 -0.114406
89533 2.0000894 2.2338132 -0.214518 0.126067 -0.112071
89553 6.0008041 2.2333144 0.055904 0.041946 -0.001129
89563 2.0000893 2.2330650 0.177243 0.098862 0.051365
89569 4.4187418 2.2329154 -0.206765 0.143105 -0.131520
89571 12.821041 2.2328655 -0.154230 0.223896 -0.194760
89589 6.0008038 2.2324169 -0.062789 0.052953 -0.051842
89593 9.3362511 2.2323173 -0.013086 0.060137 -0.047176
89599 2.0000893 2.2321678 -0.120386 0.287948 -0.236166
89611 2.0000893 2.2318689 -0.214080 0.136330 -0.123860
89643 6.0008033 2.2310721 -0.147503 0.239258 -0.205239
89647 4.1335316 2.2309726 0.055117 0.041008 0.000396
89653 2.0000892 2.2308233 -0.214935 0.131074 -0.117889
89659 2.0000892 2.2306740 -0.204343 0.151679 -0.139879
89671 2.0000892 2.2303755 -0.143945 0.286472 -0.239223
89689 2.0000892 2.2299279 0.069659 0.047821 0.001703
89701 4.1095878 2.2296295 -0.202522 0.139774 -0.128654
89707 4.1726612 2.2294804 0.177251 0.098781 0.051248
89713 12.785777 2.2293313 -0.128784 0.230748 -0.195083
89731 4.2923737 2.2288841 0.056004 0.041236 0.000791
89733 28.026236 2.2288344 0.102478 0.052826 0.024773
89737 5.0709614 2.2287351 -0.205270 0.122226 -0.109000
89751 6.0008023 2.2283874 -0.210535 0.123906 -0.110334
89761 9.3362457 2.2281392 -0.055590 0.032730 -0.029063
89767 2.0000891 2.2279902 -0.161255 0.231355 -0.201264
89779 2.0000891 2.2276924 -0.156177 0.095259 -0.087695
89791 5.7811258 2.2273947 0.108705 0.062561 0.015994
89797 2.0000891 2.2272459 -0.042371 0.212886 -0.166712
89803 9.3362443 2.2270971 -0.055628 0.032615 -0.028911
89809 2.0000891 2.2269483 -0.107888 0.224725 -0.188249
89821 2.0000891 2.2266508 -0.216212 0.132197 -0.118910
89823 12.774827 2.2266012 -0.076146 0.198399 -0.163419
89827 4.4187173 2.2265021 -0.169555 0.139159 -0.129138
89833 2.0000891 2.2263533 0.073110 0.076828 -0.031342
89839 2.0000891 2.2262047 -0.150929 0.231068 -0.199645
89841 6.0008015 2.2261551 -0.219051 0.128435 -0.113853
89851 5.0709559 2.2259073 -0.152186 0.231784 -0.199929
89863 4.2456799 2.2256101 -0.126542 0.080789 -0.076144
89869 13.509818 2.2254615 -0.181555 0.106521 -0.094503
89877 6.0008012 2.2252634 -0.211474 0.124386 -0.110682
89887 9.3362416 2.2250159 -0.031085 0.046170 -0.040385
89893 4.1116028 2.2248673 -0.104354 0.206742 -0.174571
89899 2.0000890 2.2247189 0.061242 0.043270 0.002708
89917 2.0000890 2.2242735 0.055050 0.041005 0.000128
89923 2.0000890 2.2241251 -0.113906 0.210192 -0.178673
89931 13.835006 2.2239272 0.196966 0.112105 0.016661
89949 6.0008006 2.2234822 -0.156928 0.226565 -0.197092
89959 2.0000889 2.2232350 0.054883 0.040978 -0.000074
89967 6.0008004 2.2230373 -0.117463 0.098560 -0.093335
89971 9.3362389 2.2229385 -0.051638 0.038593 -0.035589
89977 2.0000889 2.2227903 -0.162592 0.243161 -0.210227
89983 2.0000889 2.2226421 0.077711 0.089778 -0.040426
89989 2.0000889 2.2224939 -0.188899 0.148664 -0.137500
90001 2.0000889 2.2221975 0.064761 0.050430 -0.013465
90003 15.238603 2.2221482 -0.197631 0.129472 -0.117248
90007 2.0000889 2.2220494 -0.113969 0.185852 -0.157933
90019 2.0000889 2.2217532 -0.072561 0.180928 -0.148066
90021 13.521235 2.2217038 -0.164491 0.206787 -0.178933
90031 2.0000889 2.2214571 -0.127291 0.080463 -0.075694
90039 6.0007998 2.2212597 0.065975 0.052309 -0.015245
90043 4.1535144 2.2211610 0.066828 0.053267 -0.015956
90067 2.0000888 2.2205691 0.071246 0.061220 -0.022548
90073 2.0000888 2.2204212 -0.216512 0.127032 -0.112704
90097 20.362630 2.2198297 0.070451 0.038429 0.023400
90121 2.0000888 2.2192386 -0.163471 0.099048 -0.090679
90127 2.0000888 2.2190908 0.063207 0.047696 -0.010371
90129 17.363387 2.2190416 -0.186556 0.109387 -0.096969
90139 20.156869 2.2187954 -0.029405 0.057507 -0.047401
90147 12.579383 2.2185985 -0.168738 0.208629 -0.180832
90163 2.0000887 2.2182048 -0.217879 0.127746 -0.113242
90169 4.4922218 2.2180572 0.063277 0.045447 -0.006148
90181 27.072235 2.2177621 -0.025593 0.015060 -0.013406
90187 2.0000887 2.2176145 -0.078234 0.172821 -0.143345
90199 2.0000887 2.2173195 -0.182303 0.115278 -0.105245
90217 2.0000887 2.2168771 -0.146510 0.256940 -0.212722
90223 9.3362308 2.2167297 -0.032978 0.067540 -0.054993
90237 28.026089 2.2163857 -0.054785 0.032144 -0.028520
90247 2.0000886 2.2161401 -0.217574 0.127569 -0.113084
90271 2.0000886 2.2155510 -0.156347 0.236194 -0.199333
90273 6.0007977 2.2155019 -0.111983 0.192832 -0.162560
90289 2.0000886 2.2151093 -0.217425 0.127477 -0.113002
90291 6.0007975 2.2150602 0.175667 0.097557 0.049857
90301 4.2456128 2.2148149 -0.122405 0.245275 -0.200913
90309 6.0007974 2.2146187 0.068986 0.058195 -0.020540
90313 2.0000886 2.2145206 -0.138583 0.221386 -0.186464
90319 4.1234492 2.2143735 0.054864 0.040822 -0.000243
90327 6.0007972 2.2141774 -0.147986 0.255127 -0.211633
90331 4.1806843 2.2140793 -0.126236 0.079909 -0.075197
90337 5.7811055 2.2139323 0.093475 0.054821 0.018992
90349 9.3362267 2.2136382 -0.000744 0.008128 -0.006131
90361 4.1725137 2.2133443 0.055855 0.041231 -0.001328
90363 81.878355 2.2132953 -0.020936 0.012600 -0.011468
90373 2.0000885 2.2130504 -0.180301 0.138710 -0.127021
90379 2.0000885 2.2129034 0.156638 0.086473 0.007794
90391 21.171951 2.2126097 -0.025477 0.020464 -0.019515
90397 2.0000885 2.2124628 -0.169423 0.209333 -0.181386
90399 6.0007966 2.2124139 -0.119196 0.266209 -0.215002
90403 2.0000885 2.2123160 0.060835 0.042963 0.002175
90417 6.0007964 2.2119734 0.134158 0.073338 0.019438
90421 5.0709288 2.2118756 0.188360 0.103753 0.056349
90427 4.5988989 2.2117288 -0.165034 0.207174 -0.179132
90433 9.3362240 2.2115821 -0.055043 0.032280 -0.028617
90439 2.0000885 2.2114353 -0.162725 0.218008 -0.186990
90463 4.2922790 2.2108486 0.138154 0.077718 0.033117
90469 2.0000884 2.2107020 -0.138961 0.197285 -0.169249
90481 2.0000884 2.2104088 -0.144888 0.199198 -0.171329
90489 66.201372 2.2102134 -0.049341 0.029323 -0.026148
90493 5.7810998 2.2101157 -0.126576 0.077854 -0.072033
90499 2.0000884 2.2099692 -0.111054 0.104622 -0.097441
90507 6.0007956 2.2097738 -0.212573 0.131608 -0.118223
90511 2.0000884 2.2096762 -0.163696 0.209141 -0.180634
90517 20.271997 2.2095297 -0.053775 0.031632 -0.028079
90523 2.0000884 2.2093833 -0.143110 0.202515 -0.173506
90529 2.0000884 2.2092368 0.071095 0.063179 -0.024672
90543 6.0007953 2.2088952 0.066396 0.045761 -0.002640
90547 2.0000884 2.2087976 0.069860 0.047169 -0.002245
90561 6.0007951 2.2084562 0.086371 0.074388 -0.027896
90571 5.7810969 2.2082123 0.170203 0.087878 0.032341
90579 12.639665 2.2080173 -0.169293 0.209696 -0.181589
90583 2.0000883 2.2079198 -0.215730 0.126746 -0.112447
90589 4.1332284 2.2077736 0.054773 0.040698 -0.000398
90613 10.847796 2.2071888 0.090675 0.085468 -0.035900
90619 2.0000883 2.2070427 -0.201871 0.119360 -0.106665
90631 2.0000883 2.2067504 0.085964 0.053142 0.012158
90633 6.0007945 2.2067018 -0.170642 0.134066 -0.123079
90649 14.798327 2.2063123 -0.111194 0.182450 -0.152925
90669 6.0007942 2.2058256 0.187909 0.103523 0.054315
90679 2.0000882 2.2055823 -0.162409 0.226465 -0.193023
90687 37.580730 2.2053878 0.072680 0.046074 0.008863
90697 2.0000882 2.2051446 0.056033 0.041377 -0.002485
90703 2.0000882 2.2049987 -0.191348 0.113603 -0.102078
90709 2.0000882 2.2048529 -0.215881 0.126573 -0.112203
90723 6.0007937 2.2045126 -0.205565 0.140153 -0.127289
90727 27.071575 2.2044154 -0.011186 0.047575 -0.035991
90751 4.1363735 2.2038325 -0.212464 0.130298 -0.116819
90759 6.0007934 2.2036382 -0.060870 0.049098 -0.048225
90769 9.3362133 2.2033954 -0.034728 0.073071 -0.059095
90777 6.0007933 2.2032013 -0.128914 0.193295 -0.165087
90787 2.0000881 2.2029586 -0.213815 0.128669 -0.114873
90793 2.0000881 2.2028130 -0.201710 0.119496 -0.106820
90811 9.3362120 2.2023764 0.035318 0.019922 0.008696
90813 6.0007929 2.2023279 0.054514 0.040555 -0.000648
90823 2.0000881 2.2020854 0.054510 0.040551 -0.000655
90829 4.2922323 2.2019399 -0.181608 0.108416 -0.097921
90841 2.0000881 2.2016490 0.122347 0.091085 -0.025261
90847 2.0000881 2.2015036 -0.149951 0.257300 -0.213348
90853 9.3362107 2.2013582 -0.054666 0.032051 -0.028412
90859 4.4186211 2.2012129 -0.165789 0.211726 -0.182572
90867 28.025908 2.2010191 -0.039547 0.061866 -0.051914
90877 5.0709074 2.2007769 -0.112431 0.072166 -0.068262
90883 5.7810855 2.2006316 0.087539 0.051782 0.016262
90889 4.1899296 2.2004863 -0.056835 0.167025 -0.135474
90901 2.0000880 2.2001958 -0.164558 0.223611 -0.191171
90903 12.574333 2.2001474 -0.046794 0.163805 -0.131374
90907 2.0000880 2.2000506 0.060411 0.043189 -0.002956
90913 4.1125474 2.1999054 -0.196592 0.155133 -0.140807
90921 6.0007920 2.1997118 0.054922 0.040734 -0.001438
90931 2.0000880 2.1994699 -0.168554 0.212943 -0.183847
90939 6.0007918 2.1992764 0.067624 0.045373 0.004678
90943 4.1180959 2.1991797 -0.140251 0.198163 -0.169950
90949 4.1805541 2.1990346 0.127534 0.072028 0.027727
90957 6.0007917 2.1988412 -0.111417 0.188483 -0.159286
90961 5.7810827 2.1987445 -0.173230 0.102183 -0.091194
90991 5.0709021 2.1980196 0.079323 0.049185 0.002752
90997 2.0000879 2.1978747 -0.192367 0.144924 -0.132102
91009 2.0000879 2.1975849 0.054514 0.040507 -0.000923
91021 9.3362053 2.1972951 -0.054490 0.031994 -0.028374
91029 15.238167 2.1971020 -0.133360 0.263505 -0.214594
91033 2.0000879 2.1970055 0.266104 0.144654 0.086299
91063 9.3362040 2.1962817 0.006249 0.008322 -0.003324
91081 2.0000878 2.1958477 -0.199684 0.148594 -0.135124
91083 12.678150 2.1957994 -0.170083 0.210798 -0.182384
91087 4.2280012 2.1957030 -0.181260 0.108228 -0.097753
91099 2.0000878 2.1954138 -0.157588 0.224026 -0.190621
91101 6.0007904 2.1953656 -0.146090 0.122458 -0.113079
91117 13.061263 2.1949801 0.089926 0.051747 0.012642
91119 28.025836 2.1949319 -0.038800 0.034804 -0.031775
91129 2.0000878 2.1946910 -0.181021 0.108140 -0.097715
91141 2.0000878 2.1944021 -0.156323 0.241726 -0.203119
91153 2.0000878 2.1941132 -0.150452 0.258325 -0.214087
91159 2.0000878 2.1939688 0.069490 0.063285 -0.025617
91173 6.0007898 2.1936319 0.082032 0.051202 0.010221
91177 4.2454805 2.1935357 0.131071 0.074198 0.030687
91183 2.0000877 2.1933913 -0.152956 0.245483 -0.205340
91207 4.1132871 2.1928141 -0.212648 0.125236 -0.111213
91209 6.0007895 2.1927661 -0.170576 0.211512 -0.182958
91219 5.0708915 2.1925257 0.067157 0.043986 0.005689
91231 9.3361987 2.1922373 -0.036202 0.071519 -0.058221
91237 2.0000877 2.1920931 -0.151577 0.258985 -0.214696
91243 2.0000877 2.1919490 0.059920 0.045847 -0.010230
91249 2.0000877 2.1918048 -0.213907 0.125529 -0.111308
91279 4.4921320 2.1910845 -0.077452 0.177304 -0.146033
91281 6.0007889 2.1910365 -0.170871 0.211468 -0.182942
91291 2.0000876 2.1907965 -0.160221 0.097297 -0.089120
91297 2.0000876 2.1906525 -0.205137 0.138274 -0.125457
91299 17.363001 2.1906045 0.156660 0.086087 0.044372
91303 2.0000876 2.1905085 0.068683 0.045628 0.003190
91309 2.0000876 2.1903646 -0.151861 0.259290 -0.214938
91317 12.945880 2.1901727 0.060763 0.045773 -0.009521
91327 4.1086930 2.1899329 0.062711 0.043339 0.002416
91339 4.1108973 2.1896452 -0.213427 0.125143 -0.110942
91351 5.7810686 2.1893575 -0.108513 0.198626 -0.164479
91353 13.520258 2.1893096 -0.209911 0.123113 -0.109175
91357 21.637682 2.1892137 0.040154 0.021355 0.008776
91363 4.1153114 2.1890700 -0.169852 0.214190 -0.184812
91369 2.0000876 2.1889262 0.095304 0.059042 -0.002230
91371 72.194370 2.1888783 0.067993 0.036778 0.023259
91381 2.0000875 2.1886388 -0.213207 0.125644 -0.111546
91387 2.0000875 2.1884951 0.072220 0.070183 -0.030823
91393 2.0000875 2.1883514 -0.152157 0.259740 -0.215281
91407 6.0007878 2.1880162 -0.157369 0.239243 -0.201437
91411 2.0000875 2.1879205 0.100131 0.060603 -0.000238
91423 2.0000875 2.1876333 -0.124173 0.078927 -0.074312
91441 9.3361922 2.1872027 -0.045817 0.031218 -0.028622
91447 5.0708810 2.1870592 -0.144141 0.203197 -0.173337
91453 2.0000875 2.1869157 0.054249 0.040279 -0.001139
91459 2.0000875 2.1867722 -0.209966 0.129779 -0.116518
91461 13.305837 2.1867244 -0.046779 0.165008 -0.132033
91479 6.0007872 2.1862941 -0.206439 0.121876 -0.108534
91497 28.025729 2.1858640 -0.029473 0.064503 -0.052266
91501 4.4921143 2.1857685 -0.088006 0.061056 -0.059150
91507 5.7810629 2.1856251 -0.181216 0.106404 -0.094411
91513 2.0000874 2.1854818 0.173023 0.095239 0.047507
91533 17.362925 2.1850043 -0.133498 0.215317 -0.179736
91543 4.5988219 2.1847656 -0.194337 0.146647 -0.133265
91551 6.0007865 2.1845747 0.055423 0.041039 -0.003339
91561 11.422815 2.1843361 -0.156948 0.204949 -0.175960
91567 20.052449 2.1841930 -0.049355 0.038382 -0.034847
91573 2.0000874 2.1840499 -0.171316 0.212157 -0.183442
91587 6.0007862 2.1837160 -0.168246 0.218828 -0.187991
91591 2.0000873 2.1836207 -0.096838 0.065529 -0.063103
91621 2.0000873 2.1829057 0.068115 0.062477 -0.025526
91623 28.025694 2.1828580 -0.053979 0.031648 -0.028054
91633 4.4185503 2.1826198 -0.131242 0.082317 -0.076954
91639 2.0000873 2.1824769 0.076250 0.057442 -0.015405
91651 9.3361856 2.1821911 -0.041650 0.026015 -0.023878
91657 4.1360995 2.1820483 -0.070567 0.210937 -0.168202
91659 6.0007856 2.1820007 -0.171435 0.212356 -0.183585
91677 6.0007855 2.1815723 0.067436 0.061639 -0.025042
91687 4.1082546 2.1813343 -0.121801 0.194976 -0.165199
91693 9.3361843 2.1811916 -0.053907 0.031626 -0.028040
91711 2.0000872 2.1807635 -0.202738 0.137080 -0.124438
91713 15.237882 2.1807159 -0.151487 0.206792 -0.176745
91731 6.0007850 2.1802880 -0.178957 0.149447 -0.135809
91741 5.7810546 2.1800504 -0.140875 0.197655 -0.168021
91753 2.0000872 2.1797652 -0.199271 0.135315 -0.123016
91771 2.0000872 2.1793377 -0.127460 0.195001 -0.165954
91789 5.0708653 2.1789103 0.077465 0.050156 -0.003689
91801 2.0000871 2.1786255 -0.207594 0.131376 -0.118404
91807 2.0000871 2.1784831 0.054238 0.040181 -0.001355
91813 2.0000871 2.1783408 -0.056166 0.169058 -0.136635
91819 27.070278 2.1781984 -0.022504 0.013510 -0.012190
91821 12.599362 2.1781510 0.057639 0.041404 -0.000863
91837 2.0000871 2.1777715 -0.211951 0.124267 -0.110157
91857 12.874593 2.1772973 -0.211001 0.123715 -0.109668
91867 2.0000871 2.1770603 -0.160928 0.241722 -0.203577
91873 2.0000871 2.1769181 0.101002 0.059391 0.017652
91879 4.1435932 2.1767760 -0.206076 0.133034 -0.120207
91891 4.4185269 2.1764917 0.178021 0.097471 0.049398
91893 6.0007836 2.1764443 -0.194641 0.118616 -0.106844
91897 5.7810490 2.1763496 -0.141263 0.197764 -0.168122
91903 23.782112 2.1762075 0.046773 0.025335 0.014411
91909 2.0000870 2.1760655 -0.153655 0.208747 -0.179001
91911 6.0007835 2.1760181 -0.170881 0.215783 -0.185993
91921 2.0000870 2.1757814 -0.188761 0.112077 -0.100654
91929 6.0007833 2.1755920 0.208645 0.112818 0.060410
91939 2.0000870 2.1753554 -0.142374 0.296474 -0.239465
91947 6.0007832 2.1751661 0.083240 0.051432 0.010402
91951 2.0000870 2.1750715 -0.171961 0.213161 -0.184178
91957 2.0000870 2.1749296 0.094845 0.056305 0.013777
91969 2.0000870 2.1746458 -0.112775 0.076163 -0.072538
91983 6.0007829 2.1743148 -0.144864 0.089395 -0.082731
92001 81.860527 2.1738894 -0.025781 0.015116 -0.013399
92019 13.519780 2.1734642 -0.168576 0.123956 -0.114000
92029 9.3361739 2.1732280 -0.049232 0.039999 -0.036213
92041 2.0000869 2.1729447 0.054341 0.040264 -0.002267
92053 12.751268 2.1726614 -0.171797 0.119190 -0.108258
92077 2.0000869 2.1720951 -0.146306 0.207831 -0.177450
92083 2.0000869 2.1719536 0.077034 0.048754 0.007758
92091 6.0007819 2.1717649 -0.151179 0.273227 -0.224514
92101 4.5987842 2.1715291 0.061806 0.044267 -0.006191
92107 2.0000869 2.1713876 -0.169756 0.213753 -0.184359
92109 6.0007818 2.1713405 -0.174945 0.105084 -0.095216
92113 9.3361713 2.1712462 -0.053525 0.031432 -0.027876
92119 2.0000868 2.1711048 -0.150632 0.208658 -0.178551
92131 14.795704 2.1708220 -0.168085 0.098552 -0.087363
92137 4.1176247 2.1706806 -0.105749 0.072850 -0.069748
92143 2.0000868 2.1705393 0.109218 0.063035 0.020591
92149 4.4185037 2.1703979 -0.170120 0.212467 -0.183341
92163 13.833615 2.1700682 -0.070942 0.179996 -0.146600
92173 2.0000868 2.1698328 -0.138135 0.133361 -0.121349
92179 2.0000868 2.1696916 -0.189551 0.112755 -0.101235
92181 6.0007812 2.1696445 0.054707 0.040245 -0.001388
92197 9.3361687 2.1692680 -0.047544 0.028268 -0.025402
92199 12.817433 2.1692209 0.067421 0.062957 -0.026357
92203 2.0000868 2.1691268 -0.025410 0.160628 -0.124700
92221 2.0000868 2.1687034 -0.202095 0.119010 -0.105994
92227 2.0000867 2.1685624 0.055562 0.041349 -0.005010
92233 2.0000867 2.1684213 -0.167842 0.226972 -0.193743
92239 9.3361674 2.1682802 -0.052800 0.030998 -0.027516
92251 2.0000867 2.1679982 0.084819 0.065273 -0.019413
92269 2.0000867 2.1675752 0.054852 0.040613 -0.003398
92271 6.0007804 2.1675283 -0.197397 0.148979 -0.135315
92281 9.3361661 2.1672934 0.043038 0.031875 -0.008486
92287 13.503356 2.1671525 -0.085053 0.176699 -0.145207
92289 6.0007803 2.1671055 -0.160426 0.208971 -0.179853
92311 2.0000867 2.1665890 0.053991 0.039974 -0.001757
92317 2.0000867 2.1664482 -0.115256 0.198522 -0.166709
92329 4.1529310 2.1661666 -0.124974 0.255081 -0.207828
92343 6.0007798 2.1658382 -0.171879 0.216266 -0.186376
92347 2.0000866 2.1657444 -0.201689 0.119304 -0.106378
92353 2.0000866 2.1656037 0.053845 0.039916 -0.001841
92359 5.0708393 2.1654630 -0.065861 0.192027 -0.153614
92377 2.0000866 2.1650411 0.080904 0.050267 0.009148
92383 2.0000866 2.1649005 -0.199519 0.117631 -0.104889
92397 15.237600 2.1645724 -0.103275 0.081127 -0.077058
92401 2.0000866 2.1644787 -0.058481 0.252409 -0.194263
92407 20.852896 2.1643382 -0.033542 0.063255 -0.051886
92413 2.0000866 2.1641977 -0.172534 0.214720 -0.185299
92419 2.0000866 2.1640572 0.054059 0.039972 -0.001794
92431 2.0000866 2.1637762 -0.125911 0.079821 -0.074953
92451 6.0007789 2.1633081 0.057237 0.041046 -0.000528
92461 2.0000865 2.1630742 0.053995 0.039941 -0.001845
92467 2.0000865 2.1629338 -0.196253 0.115908 -0.103533
92469 17.362625 2.1628870 -0.089892 0.179219 -0.147905
92473 11.938740 2.1627935 -0.191233 0.113329 -0.100815
92479 2.0000865 2.1626531 0.098051 0.068032 -0.014381
92487 6.0007786 2.1624661 -0.209708 0.122981 -0.109024
92491 20.195093 2.1623726 -0.051874 0.030703 -0.027311
92503 2.0000865 2.1620920 0.072265 0.046665 0.005542
92509 4.2277749 2.1619518 -0.201126 0.137781 -0.125051
92523 6.0007783 2.1616247 -0.179872 0.111393 -0.101199
92527 4.2663255 2.1615312 -0.084178 0.180643 -0.149367
92533 9.3361584 2.1613911 -0.050748 0.031330 -0.028196
92541 12.635740 2.1612042 -0.070135 0.176462 -0.144128
92551 2.0000864 2.1609707 -0.197539 0.146321 -0.132947
92557 2.0000864 2.1608306 -0.195599 0.147054 -0.133633
92559 6.0007780 2.1607839 0.063909 0.043433 0.001790
92563 4.1358310 2.1606906 0.066149 0.063558 -0.027549
92569 2.0000864 2.1605505 -0.173033 0.214590 -0.185228
92577 6.0007778 2.1603638 0.092815 0.055328 0.013617
92581 2.0000864 2.1602705 -0.156941 0.218016 -0.185962
92593 2.0000864 2.1599905 -0.121433 0.077598 -0.073124
92611 4.4920271 2.1595707 -0.169955 0.213695 -0.184105
92613 6.0007775 2.1595240 -0.208658 0.122376 -0.108517
92623 2.0000864 2.1592909 -0.162766 0.244449 -0.205626
92629 4.1147871 2.1591510 0.123936 0.069877 0.026443
92641 2.0000864 2.1588713 -0.196040 0.150633 -0.136702
92647 2.0000864 2.1587315 0.053705 0.039804 -0.002074
92671 2.0000863 2.1581725 0.180782 0.097553 0.047534
92677 5.7810214 2.1580327 -0.175407 0.111483 -0.100514
92683 2.0000863 2.1578930 -0.120041 0.080506 -0.076207
92703 17.362551 2.1574275 0.092972 0.058601 -0.006137
92707 2.0000863 2.1573344 -0.173224 0.214943 -0.185482
92721 13.833277 2.1570087 -0.146431 0.206944 -0.176509
92737 2.0000863 2.1566365 -0.161177 0.253451 -0.211814
92739 15.237461 2.1565900 -0.181563 0.139303 -0.126555
92743 9.3361520 2.1564970 0.027695 0.015928 0.005160
92761 2.0000862 2.1560785 -0.120922 0.077372 -0.072930
92767 2.0000862 2.1559391 -0.199722 0.125432 -0.113148
92779 2.0000862 2.1556602 -0.154318 0.256952 -0.213370
92791 2.0000862 2.1553814 -0.155243 0.273775 -0.225361
92793 6.0007760 2.1553350 -0.141417 0.227125 -0.190492
92809 2.0000862 2.1549634 -0.200317 0.128181 -0.115853
92811 6.0007759 2.1549170 0.131143 0.071908 0.023643
92821 2.0000862 2.1546848 -0.172036 0.217947 -0.187539
92833 13.230435 2.1544063 -0.140061 0.199725 -0.169102
92847 6.0007756 2.1540814 -0.169917 0.213779 -0.184270
92857 2.0000862 2.1538495 0.145469 0.080340 0.034953
92863 2.0000862 2.1537103 -0.173434 0.215625 -0.185977
92869 9.3361482 2.1535712 -0.023609 0.057175 -0.046155
92883 28.025345 2.1532466 -0.052884 0.031006 -0.027485
92893 2.0000861 2.1530148 -0.181032 0.126864 -0.116111
92899 2.0000861 2.1528757 0.056752 0.043561 -0.009350
92911 27.069012 2.1525976 -0.024183 0.017618 -0.016005
92923 4.4184349 2.1523197 0.088778 0.053294 0.012197
92929 11.401457 2.1521807 -0.194230 0.113877 -0.100946
92937 17.362477 2.1519954 0.133051 0.072999 0.033311
92941 2.0000861 2.1519028 0.053724 0.039820 -0.002672
92959 2.0000861 2.1514861 -0.160485 0.229312 -0.194448
92977 4.1719446 2.1510696 -0.207748 0.121803 -0.107972
92991 12.581228 2.1507458 -0.193986 0.114623 -0.102414
93001 2.0000860 2.1505145 -0.120267 0.194390 -0.164365
93009 64.238280 2.1503295 0.094767 0.050679 0.032446
93031 4.5987222 2.1498210 -0.154359 0.264658 -0.218557
93037 9.3361431 2.1496824 -0.050135 0.036792 -0.033419
93063 12.873120 2.1490818 0.057923 0.044477 -0.010163
93067 5.7810078 2.1489894 0.087963 0.051556 0.003171
93073 4.1295575 2.1488509 -0.051728 0.171394 -0.137228
93079 9.3361418 2.1487124 -0.043682 0.047918 -0.042117
93091 4.1527429 2.1484354 0.053909 0.039842 -0.002738
93097 2.0000859 2.1482969 -0.205666 0.120709 -0.107121
93099 6.0007735 2.1482508 -0.085826 0.182069 -0.150579
93103 2.0000859 2.1481585 -0.187158 0.172402 -0.154294
93117 6.0007733 2.1478355 -0.198558 0.139499 -0.126718
93133 2.0000859 2.1474665 0.057846 0.041861 -0.004274
93139 2.0000859 2.1473282 -0.120011 0.078282 -0.073931
93151 2.0000859 2.1470516 0.199171 0.107487 0.056354
93153 6.0007730 2.1470055 -0.152136 0.099910 -0.092559
93157 5.0708036 2.1469133 -0.158304 0.221130 -0.187646
93163 9.3361393 2.1467750 -0.049031 0.029319 -0.026277
93169 2.0000859 2.1466368 -0.173853 0.215962 -0.186215
93171 17.362404 2.1465907 -0.143285 0.203336 -0.172183
93187 2.0000859 2.1462221 -0.172563 0.136085 -0.124388
93189 6.0007727 2.1461761 0.070036 0.045576 0.004086
93199 2.0000858 2.1459458 -0.121345 0.195203 -0.165057
93207 6.0007726 2.1457616 0.069188 0.079203 -0.039879
93229 2.0000858 2.1452552 -0.061416 0.049760 -0.048874
93241 2.0000858 2.1449791 -0.174185 0.216223 -0.186428
93243 6.0007723 2.1449331 -0.102405 0.068345 -0.065409
93253 2.0000858 2.1447031 -0.168888 0.214066 -0.184304
93261 28.025242 2.1445191 -0.028479 0.018550 -0.017604
93271 5.0707985 2.1442892 -0.194698 0.114152 -0.101190
93277 4.4919758 2.1441513 0.071400 0.045832 0.005022
93283 2.0000858 2.1440134 -0.166480 0.219887 -0.188280
93289 9.3361355 2.1438755 -0.048892 0.039922 -0.036095
93301 5.7809997 2.1435997 0.091097 0.051835 0.010845
93307 2.0000857 2.1434619 -0.112221 0.093208 -0.087797
93319 2.0000857 2.1431863 0.053497 0.039666 -0.002911
93331 20.259069 2.1429107 -0.037114 0.036217 -0.032680
93337 2.0000857 2.1427730 -0.157819 0.267079 -0.220911
93349 4.1073601 2.1424975 -0.199575 0.137661 -0.124931
93367 4.2451606 2.1420845 -0.150050 0.206603 -0.176758
93369 6.0007712 2.1420386 -0.195973 0.147469 -0.133857
93373 9.3361330 2.1419468 0.034326 0.018944 0.007422
93387 28.025208 2.1416257 -0.046005 0.049021 -0.043116
93391 4.2919151 2.1415340 -0.205575 0.120569 -0.106892
93421 4.1800508 2.1408463 -0.147805 0.302645 -0.244334
93427 2.0000856 2.1407088 0.125778 0.070238 0.026112
93441 6.0007706 2.1403881 0.096889 0.072245 -0.020044
93459 6.0007705 2.1399758 0.060204 0.052977 -0.019934
93463 2.0000856 2.1398842 -0.079190 0.216145 -0.173058
93469 4.1355677 2.1397469 0.084975 0.052535 0.000703
93477 6.0007703 2.1395637 -0.084374 0.182424 -0.150535
93481 2.0000856 2.1394722 -0.205761 0.122297 -0.108824
93487 2.0000856 2.1393349 0.053665 0.039857 -0.003694
93493 2.0000856 2.1391976 -0.150018 0.265814 -0.218896
93513 63.404017 2.1387401 -0.049877 0.031792 -0.028669
93523 2.0000855 2.1385114 -0.204541 0.121302 -0.107928
93529 2.0000855 2.1383742 0.169860 0.090838 0.040420
93531 6.0007699 2.1383285 -0.205164 0.122729 -0.109395
93547 4.1431434 2.1379627 -0.126054 0.197675 -0.167379
93549 6.0007697 2.1379170 -0.174499 0.217765 -0.187537
93553 2.0000855 2.1378256 0.055694 0.042761 -0.009003
93559 2.0000855 2.1376885 -0.205263 0.120407 -0.106787
93567 6.0007696 2.1375057 0.168510 0.091473 0.043546
93589 4.5986856 2.1370033 -0.146775 0.205428 -0.175318
93601 2.0000855 2.1367293 -0.186480 0.110637 -0.099214
93607 2.0000855 2.1365923 -0.105856 0.070030 -0.066799
93613 14.793165 2.1364554 0.105351 0.058104 0.021786
93631 4.1718073 2.1360447 -0.108881 0.206186 -0.170948
93637 2.0000854 2.1359078 0.064939 0.043521 0.001847
93657 6.0007689 2.1354517 -0.205803 0.120663 -0.106961
93661 4.1113196 2.1353605 -0.165859 0.232498 -0.197255
93667 9.3361242 2.1352237 -0.032109 0.020899 -0.019638
93673 4.1069788 2.1350870 -0.174845 0.217279 -0.187192
93691 5.7809863 2.1346768 -0.169820 0.118653 -0.107707
93693 6.0007686 2.1346312 0.163345 0.088525 0.040673
93697 4.4183672 2.1345401 0.170331 0.092241 0.044372
93703 2.0000854 2.1344034 -0.167930 0.233412 -0.198154
93711 6.0007684 2.1342212 0.168191 0.091215 0.043268
93727 5.0707784 2.1338568 -0.163195 0.130801 -0.119279
93729 12.566315 2.1338113 -0.160569 0.271969 -0.224664
93733 4.2661660 2.1337202 -0.165798 0.133024 -0.121679
93739 2.0000853 2.1335837 0.057968 0.041054 -0.001282
93747 6.0007681 2.1334016 -0.205074 0.120656 -0.107077
93763 2.0000853 2.1330376 0.174246 0.090636 0.026789
93769 5.7809836 2.1329011 -0.123886 0.076508 -0.070648
93783 13.303969 2.1325827 -0.203248 0.119260 -0.105743
93787 2.0000853 2.1324917 -0.171405 0.231765 -0.197349
93793 9.3361204 2.1323553 -0.052116 0.030556 -0.027086
93799 4.1893724 2.1322189 -0.122594 0.196862 -0.166289
93801 6.0007677 2.1321734 -0.077993 0.227856 -0.180869
93811 2.0000853 2.1319461 -0.168718 0.145891 -0.132352
93837 13.832615 2.1313554 0.137204 0.079200 0.000208
93847 5.7809810 2.1311283 0.086024 0.050448 0.003338
93853 4.1525579 2.1309921 -0.092756 0.063803 -0.061515
93871 2.0000852 2.1305835 -0.173386 0.225070 -0.192698
93877 9.3361179 2.1304473 -0.043200 0.060278 -0.051099
93883 4.1121295 2.1303111 -0.108723 0.258406 -0.207268
93889 2.0000852 2.1301750 0.069512 0.078646 -0.039253
93901 2.0000852 2.1299028 -0.203583 0.119641 -0.106187
93913 2.0000852 2.1296306 -0.109207 0.192430 -0.161287
93919 9.3361167 2.1294946 0.071993 0.038790 0.003342
93937 2.0000852 2.1290865 -0.204228 0.121632 -0.108288
93943 4.4919252 2.1289505 -0.198771 0.117332 -0.104340
93949 2.0000852 2.1288146 0.053885 0.040336 -0.005442
93961 21.631932 2.1285427 -0.037872 0.062686 -0.051943
93963 6.0007664 2.1284974 0.069691 0.045234 0.003540
93967 2.0000851 2.1284068 -0.134342 0.266659 -0.217090
93979 2.0000851 2.1281350 -0.202777 0.124770 -0.111882
93981 6.0007662 2.1280897 -0.146169 0.209221 -0.178120
93991 4.1184835 2.1278633 0.059726 0.054120 -0.021461
93997 2.0000851 2.1277275 -0.027455 0.174677 -0.134516
93999 6.0007661 2.1276822 -0.204681 0.120005 -0.106378
94003 27.067775 2.1275917 0.005590 0.005416 -0.002218
94009 2.0000851 2.1274559 -0.072466 0.195932 -0.157819
94033 2.0000851 2.1269129 0.093525 0.067560 -0.016840
94051 4.1292546 2.1265058 -0.175448 0.218123 -0.187805
94057 2.0000851 2.1263702 0.066719 0.044085 0.002288
94063 2.0000851 2.1262345 -0.203465 0.122170 -0.108986
94069 5.0707634 2.1260989 -0.187975 0.121439 -0.109702
94071 6.0007655 2.1260537 0.095391 0.090442 -0.038020
94081 5.7809730 2.1258277 -0.145500 0.204618 -0.173237
94087 9.3361117 2.1256922 0.033916 0.018731 0.007372
94089 12.768651 2.1256470 0.071647 0.045904 0.004304
94099 2.0000850 2.1254211 0.058509 0.050543 -0.018207
94107 45.339115 2.1252404 -0.110600 0.188930 -0.156949
94111 2.0000850 2.1251501 -0.152861 0.093347 -0.085601
94117 2.0000850 2.1250146 0.062487 0.064973 -0.030545
94123 4.2918277 2.1248791 -0.162019 0.270698 -0.223860
94143 28.025006 2.1244277 -0.023772 0.088327 -0.067544
94147 4.5986494 2.1243375 -0.193292 0.135449 -0.122940
94153 2.0000850 2.1242021 -0.106053 0.070161 -0.066873
94159 5.7809704 2.1240667 0.094096 0.053477 0.016669
94161 6.0007647 2.1240216 -0.195720 0.115731 -0.103191
94179 6.0007646 2.1236157 -0.031888 0.167694 -0.130621
94183 5.0707585 2.1235255 0.091482 0.053331 0.013569
94201 2.0000849 2.1231197 0.066585 0.074793 -0.037248
94207 2.0000849 2.1229845 -0.175831 0.218562 -0.188147
94213 20.847620 2.1228493 -0.041160 0.024912 -0.022615
94219 2.0000849 2.1227141 -0.163458 0.271372 -0.224569
94243 4.2450368 2.1221735 0.196990 0.105487 0.054229
94261 2.0000849 2.1217683 -0.150385 0.264264 -0.217730
94273 2.0000849 2.1214982 -0.185867 0.148705 -0.134859
94291 2.0000848 2.1210932 -0.146601 0.211301 -0.179617
94297 23.778597 2.1209582 -0.015876 0.014944 -0.014239
94309 2.0000848 2.1206884 0.166880 0.090138 0.042052
94321 2.0000848 2.1204186 -0.115536 0.083883 -0.079499
94327 2.0000848 2.1202837 0.064090 0.045166 -0.006274
94339 9.3361043 2.1200140 -0.000383 0.008227 -0.006379
94351 2.0000848 2.1197444 0.062818 0.065699 -0.031042
94357 4.1320765 2.1196096 -0.191893 0.155222 -0.140310
94377 12.562244 2.1191604 -0.142571 0.123868 -0.113660
94381 20.046409 2.1190706 -0.051106 0.029968 -0.026566
94387 4.4918918 2.1189359 -0.087384 0.185229 -0.152707
94399 2.0000848 2.1186665 -0.115925 0.079413 -0.075268
94411 5.0707486 2.1183972 0.082645 0.049541 0.004949
94431 6.0007626 2.1179486 -0.175900 0.218976 -0.188420
94441 2.0000847 2.1177243 -0.171853 0.102990 -0.093115
94447 2.0000847 2.1175898 -0.194341 0.145405 -0.131928
94449 15.236782 2.1175449 0.073253 0.045462 0.006106
94467 6.0007623 2.1171414 0.056184 0.046080 -0.014132
94477 2.0000847 2.1169173 0.244497 0.129792 0.072558
94483 2.0000847 2.1167829 -0.150195 0.093773 -0.086380
94489 4.2917845 2.1166485 -0.191403 0.132742 -0.120656
94513 2.0000846 2.1161110 -0.164582 0.272812 -0.225691
94519 4.5986256 2.1159767 0.090848 0.053468 0.012049
94531 2.0000846 2.1157081 -0.191144 0.112886 -0.100775
94539 6.0007617 2.1155290 -0.155343 0.128571 -0.117788
94543 2.0000846 2.1154395 -0.087892 0.203152 -0.165382
94549 27.067168 2.1153053 -0.015364 0.012903 -0.012003
94557 13.303366 2.1151263 -0.170061 0.219755 -0.188257
94561 2.0000846 2.1150369 0.095846 0.060357 -0.005214
94573 2.0000846 2.1147685 -0.202820 0.118914 -0.105411
94579 4.1069967 2.1146343 0.059603 0.042394 -0.004635
94591 9.3360969 2.1143661 -0.019308 0.073943 -0.056839
94593 6.0007613 2.1143214 0.085595 0.051493 0.009453
94597 2.0000846 2.1142320 -0.124945 0.202060 -0.170193
94603 2.0000846 2.1140979 0.061841 0.055344 -0.021661
94609 4.4918753 2.1139638 -0.199859 0.117178 -0.103872
94621 2.0000846 2.1136957 0.167354 0.088830 0.037691
94629 6.0007610 2.1135170 -0.202295 0.118630 -0.105180
94647 28.024872 2.1131150 0.045147 0.024232 0.011695
94651 2.0000845 2.1130257 -0.202567 0.118775 -0.105291
94657 4.1798090 2.1128918 -0.196722 0.116472 -0.103756
94663 4.1219207 2.1127579 0.116048 0.074232 -0.009946
94681 4.2449757 2.1123562 -0.124990 0.199530 -0.168355
94683 13.517936 2.1123116 -0.171643 0.217414 -0.186657
94687 2.0000845 2.1122224 0.052640 0.039123 -0.003727
94693 2.0000845 2.1120885 -0.202078 0.118738 -0.105334
94701 6.0007604 2.1119101 0.055150 0.042909 -0.010130
94719 6.0007602 2.1115088 0.120849 0.067168 0.022535
94723 2.0000845 2.1114196 -0.174304 0.218835 -0.188107
94729 4.4182787 2.1112859 0.057811 0.040575 -0.001443
94747 2.0000844 2.1108848 0.104836 0.071573 -0.014385
94753 5.0707338 2.1107511 -0.154544 0.209823 -0.178807
94759 9.3360920 2.1106175 -0.031609 0.020493 -0.019247
94771 2.0000844 2.1103502 0.069515 0.045265 0.000730
94773 28.024839 2.1103057 -0.019700 0.057375 -0.045536
94777 2.0000844 2.1102166 -0.110505 0.089235 -0.084238
94789 2.0000844 2.1099495 0.173353 0.090115 0.025354
94791 15.236649 2.1099049 -0.188236 0.110537 -0.098107
94819 2.0000844 2.1092819 -0.189914 0.158963 -0.143313
94827 12.814027 2.1091039 0.058276 0.052267 -0.020334
94837 2.0000844 2.1088816 -0.176949 0.220101 -0.189284
94849 2.0000843 2.1086147 -0.147604 0.211191 -0.179569
94861 5.7809467 2.1083480 -0.172655 0.101237 -0.089749
94863 12.649665 2.1083036 -0.122222 0.207672 -0.173734
94867 5.0707289 2.1082147 -0.105000 0.068548 -0.064965
94873 2.0000843 2.1080813 0.064728 0.045379 -0.006314
94879 4.2274130 2.1079480 -0.175260 0.225741 -0.193190
94881 6.0007589 2.1079036 -0.114293 0.085138 -0.080614
94891 4.5986019 2.1076814 -0.172936 0.218239 -0.187295
94899 28.024806 2.1075038 -0.049845 0.034227 -0.031038
94903 2.0000843 2.1074149 -0.188023 0.169599 -0.151822
94933 2.0000843 2.1067490 -0.059328 0.187272 -0.149329
94939 12.757403 2.1066158 0.151438 0.081137 0.039041
94951 2.0000843 2.1063496 -0.200882 0.117828 -0.104493
94953 13.831968 2.1063052 0.056875 0.040233 -0.002698
94969 9.3360859 2.1059504 -0.051111 0.030107 -0.026724
94971 6.0007582 2.1059060 0.168350 0.087872 0.030477
94981 5.0707241 2.1056843 0.072616 0.065197 -0.025982
94989 6.0007581 2.1055070 -0.168037 0.218691 -0.187301
94993 2.0000842 2.1054183 -0.201477 0.118126 -0.104713
94999 2.0000842 2.1052853 0.056368 0.040524 -0.003446
95017 5.7809415 2.1048865 -0.121755 0.233428 -0.190315
95043 17.361830 2.1043107 -0.152762 0.090974 -0.081800
95053 21.159919 2.1040893 0.011299 0.055445 -0.037219
95061 6.0007575 2.1039122 -0.123749 0.216126 -0.179905
95071 2.0000842 2.1036909 -0.201202 0.118060 -0.104678
95077 4.5985901 2.1035582 -0.192001 0.117043 -0.104920
95083 2.0000841 2.1034254 0.052701 0.039100 -0.003942
95089 2.0000841 2.1032927 -0.091155 0.188634 -0.155714
95097 6.0007572 2.1031158 0.097814 0.061193 -0.004997
95101 2.0000841 2.1030273 -0.090491 0.202252 -0.165100
95107 2.0000841 2.1028946 0.052474 0.039108 -0.004341
95119 4.2449153 2.1026293 -0.169110 0.109720 -0.100360
95131 2.0000841 2.1023641 -0.148610 0.327880 -0.261735
95133 15.236517 2.1023199 -0.175050 0.104128 -0.093256
95137 9.3360811 2.1022315 0.008138 0.052755 -0.036311
95143 2.0000841 2.1020989 -0.152821 0.220459 -0.186809
95169 6.0007566 2.1015247 -0.195679 0.136270 -0.123604
95173 5.7809363 2.1014363 -0.135451 0.241057 -0.197646
95179 9.3360798 2.1013039 0.034365 0.018611 0.003506
95187 6.0007565 2.1011273 -0.160014 0.227443 -0.192682
95191 2.0000840 2.1010390 0.054934 0.045026 -0.013651
95203 2.0000840 2.1007741 -0.199707 0.121270 -0.108442
95209 5.0707143 2.1006417 0.089168 0.077881 -0.029633
95221 20.341478 2.1003770 -0.021818 0.015507 -0.014998
95223 6.0007562 2.1003329 0.052333 0.038974 -0.004172
95233 2.0000840 2.1001124 0.054159 0.040101 -0.005315
95239 2.0000840 2.0999801 -0.200662 0.117651 -0.104294
95257 2.0000840 2.0995832 -0.092541 0.194443 -0.159965
95263 21.629176 2.0994510 -0.047151 0.027645 -0.024506
95277 81.826731 2.0991425 -0.024454 0.014377 -0.012755
95281 4.1350563 2.0990544 -0.148564 0.092376 -0.085025
95287 2.0000840 2.0989222 -0.187757 0.169766 -0.151884
95299 4.1318029 2.0986579 -0.176061 0.229663 -0.196083
95311 2.0000839 2.0983937 -0.175565 0.221559 -0.190133
95313 6.0007555 2.0983496 -0.167773 0.276171 -0.228368
95317 2.0000839 2.0982616 0.052312 0.038999 -0.004379
95329 5.7809312 2.0979975 -0.171265 0.101218 -0.089927
95331 13.302773 2.0979534 0.054815 0.040125 -0.005063
95341 4.2659597 2.0977334 -0.173999 0.237340 -0.201375
95349 13.517491 2.0975574 0.191862 0.101911 0.050864
95371 4.1060846 2.0970735 -0.192758 0.146514 -0.132776
95377 4.1521969 2.0969416 0.083905 0.053054 -0.003026
95383 2.0000839 2.0968097 -0.175469 0.234731 -0.199689
95389 9.3360738 2.0966778 -0.048636 0.038531 -0.034848
95401 2.0000839 2.0964141 0.182938 0.094344 0.028282
95413 2.0000838 2.0961504 -0.116024 0.075028 -0.070792
95419 2.0000838 2.0960186 0.052353 0.039134 -0.004859
95431 9.3360726 2.0957550 -0.030453 0.029529 -0.027038
95437 5.0707047 2.0956233 -0.163839 0.215311 -0.183712
95443 2.0000838 2.0954915 0.059534 0.066513 -0.033162
95449 4.5985667 2.0953598 -0.185784 0.142879 -0.129548
95461 2.0000838 2.0950964 0.054333 0.040619 -0.006595
95467 2.0000838 2.0949648 -0.151266 0.211096 -0.179840
95479 2.0000838 2.0947015 -0.024716 0.177904 -0.135939
95493 12.575210 2.0943944 -0.176966 0.226181 -0.193610
95503 4.4182136 2.0941751 0.054213 0.039303 -0.003344
95511 41.925267 2.0939996 -0.158077 0.112608 -0.102343
95527 2.0000837 2.0936489 0.060679 0.073681 -0.038687
95529 28.024642 2.0936051 -0.048183 0.032739 -0.029736
95539 2.0000837 2.0933859 -0.199710 0.117257 -0.103985
95547 6.0007537 2.0932107 -0.135342 0.124895 -0.114056
95563 5.7809234 2.0928602 -0.143414 0.241954 -0.199341
95569 2.0000837 2.0927288 0.164037 0.087968 0.039668
95581 2.0000837 2.0924661 -0.197176 0.115781 -0.102784
95583 12.564724 2.0924223 0.166642 0.086955 0.029957
95587 4.2916568 2.0923347 0.091840 0.062145 -0.011362
95593 4.1714068 2.0922034 -0.097860 0.191815 -0.158895
95617 2.0000837 2.0916783 -0.185901 0.116862 -0.105660
95619 6.0007531 2.0916345 -0.159013 0.214465 -0.183140
95629 2.0000837 2.0914158 0.088259 0.061205 -0.012611
95641 27.065973 2.0911534 -0.024346 0.014282 -0.012663
95673 6.0007527 2.0904539 -0.115532 0.074796 -0.070582
95677 4.1089101 2.0903665 -0.133312 0.264901 -0.215425
95683 9.3360654 2.0902355 -0.043613 0.066258 -0.055357
95701 2.0000836 2.0898423 -0.185050 0.128580 -0.117055
95707 2.0000836 2.0897113 -0.145571 0.102598 -0.095245
95709 12.941081 2.0896676 0.061743 0.066811 -0.032461
95713 2.0000836 2.0895803 0.175785 0.093661 0.043862
95719 13.221998 2.0894493 -0.140821 0.204594 -0.172287
95731 2.0000836 2.0891874 -0.158069 0.221894 -0.188375
95737 2.0000836 2.0890565 0.119007 0.066048 0.021766
95743 4.2659092 2.0889256 -0.178230 0.125183 -0.114266
95767 9.3360630 2.0884021 -0.050513 0.029616 -0.026253
95773 2.0000835 2.0882712 -0.178588 0.222829 -0.191297
95781 28.024578 2.0880968 -0.039212 0.095148 -0.074905
95791 2.0000835 2.0878788 -0.093517 0.066018 -0.063531
95797 5.7809157 2.0877481 0.106624 0.058749 0.020466
95803 2.0000835 2.0876173 -0.095074 0.191371 -0.158136
95809 9.3360618 2.0874866 -0.027671 0.018194 -0.017265
95827 4.2272732 2.0870945 -0.198048 0.117088 -0.104034
95851 9.3360606 2.0865719 0.024037 0.013958 0.002968
95857 2.0000835 2.0864413 -0.172976 0.258555 -0.216441
95869 2.0000835 2.0861801 -0.100633 0.068242 -0.065257
95871 6.0007511 2.0861366 -0.176656 0.221774 -0.190313
95881 2.0000834 2.0859190 0.165638 0.087323 0.035419
95889 6.0007510 2.0857450 -0.148538 0.091046 -0.083550
95907 28.024545 2.0853535 0.042088 0.022504 0.010159
95911 2.0000834 2.0852665 -0.187725 0.149834 -0.135559
95917 2.0000834 2.0851361 -0.190437 0.145740 -0.132068
95923 2.0000834 2.0850057 0.052254 0.039170 -0.005459
95929 2.0000834 2.0848753 -0.172230 0.265731 -0.221450
95941 4.4917776 2.0846145 -0.176130 0.221713 -0.190061
95943 6.0007505 2.0845710 -0.170289 0.278812 -0.230473
95947 2.0000834 2.0844841 0.166096 0.088773 0.040074
95959 2.0000834 2.0842235 -0.104445 0.070277 -0.066987
95971 2.0000834 2.0839629 -0.168372 0.256739 -0.214548
95977 9.3360570 2.0838326 -0.049461 0.029072 -0.025827
95989 2.0000833 2.0835721 0.083974 0.069285 -0.024168
96001 2.0000833 2.0833116 -0.196899 0.121801 -0.109293
96007 11.927261 2.0831814 0.070571 0.048771 -0.008873
96013 2.0000833 2.0830513 -0.178942 0.222930 -0.191368
96043 2.0000833 2.0824006 -0.193720 0.136447 -0.123741
96049 4.1424982 2.0822705 0.186654 0.099021 0.048072
96061 9.3360546 2.0820104 -0.050272 0.029519 -0.026178
96069 13.831336 2.0818370 -0.174712 0.223898 -0.191423
96079 2.0000833 2.0816203 -0.143277 0.101328 -0.094142
96087 6.0007494 2.0814470 0.120693 0.066696 0.022125
96091 4.1052688 2.0813604 0.051886 0.038770 -0.004864
96097 2.0000833 2.0812304 -0.176432 0.240102 -0.203567
96103 9.3360534 2.0811005 0.043623 0.023235 0.010692
96109 5.7809056 2.0809706 -0.124483 0.199350 -0.166559
96121 5.0706759 2.0807108 -0.184031 0.118165 -0.106584
96127 4.1889510 2.0805809 -0.196749 0.118894 -0.106200
96139 4.1520206 2.0803212 -0.179097 0.223200 -0.191550
96141 12.812394 2.0802779 -0.109536 0.090466 -0.085091
96157 2.0000832 2.0799318 0.055579 0.053705 -0.023261
96159 72.130520 2.0798885 -0.038602 0.026535 -0.024050
96177 6.0007487 2.0794993 -0.191642 0.146230 -0.132432
96181 2.0000832 2.0794128 -0.096227 0.192618 -0.159132
96199 2.0000832 2.0790237 0.055402 0.053148 -0.022796
96211 2.0000832 2.0787644 -0.197014 0.118653 -0.105903
96213 17.361483 2.0787212 0.117195 0.063631 0.024290
96223 2.0000831 2.0785051 -0.171408 0.279985 -0.231408
96231 6.0007483 2.0783323 0.153413 0.082351 0.034817
96241 4.1315346 2.0781164 0.053011 0.041312 -0.009569
96247 4.1712769 2.0779868 -0.177589 0.105619 -0.094815
96249 6.0007482 2.0779437 -0.169458 0.294895 -0.241659
96259 2.0000831 2.0777278 0.163800 0.086347 0.034672
96267 6.0007480 2.0775551 -0.197360 0.115722 -0.102590
96277 4.4181495 2.0773393 -0.127709 0.203754 -0.171410
96289 2.0000831 2.0770805 -0.197045 0.115561 -0.102463
96307 4.1176634 2.0766922 -0.097330 0.286957 -0.224605
96313 9.3360475 2.0765629 -0.046491 0.050201 -0.043924
96319 4.2915734 2.0764335 -0.175482 0.240980 -0.204007
96321 12.669232 2.0763904 -0.176079 0.222286 -0.190536
96331 2.0000831 2.0761749 -0.192559 0.113252 -0.100686
96337 2.0000830 2.0760455 -0.083561 0.059887 -0.058036
96343 5.7808979 2.0759163 0.094540 0.052956 0.015311
96357 6.0007473 2.0756146 0.052601 0.038984 -0.004760
96379 4.5985090 2.0751409 -0.182607 0.141765 -0.128493
96409 4.1101625 2.0744951 0.052524 0.040967 -0.009400
96411 28.024417 2.0744521 -0.042223 0.066347 -0.055213
96421 5.7808954 2.0742369 -0.074824 0.061818 -0.059246
96427 4.1132973 2.0741079 0.180659 0.093284 0.025811
96429 6.0007468 2.0740649 -0.147045 0.091464 -0.084141
96433 4.2447372 2.0739788 -0.176591 0.223675 -0.191572
96447 17.361415 2.0736778 -0.144374 0.207293 -0.174698
96451 2.0000829 2.0735918 0.055090 0.053862 -0.023666
96457 2.0000829 2.0734628 -0.191186 0.146443 -0.132580
96463 5.0706617 2.0733338 -0.179395 0.139609 -0.126299
96469 2.0000829 2.0732049 0.051613 0.038746 -0.005393
96487 2.0000829 2.0728181 -0.178964 0.226172 -0.193666
96493 2.0000829 2.0726892 0.164207 0.085574 0.025809
96501 15.235998 2.0725174 -0.156809 0.213892 -0.181743
96511 4.1794580 2.0723026 0.052780 0.038992 -0.004738
96517 2.0000829 2.0721738 -0.157434 0.215490 -0.183562
96519 6.0007461 2.0721309 -0.112762 0.080635 -0.076387
96523 9.3360416 2.0720450 -0.008969 0.010432 -0.010052
96537 28.024385 2.0717445 -0.046444 0.050477 -0.044119
96553 2.0000829 2.0714012 0.051781 0.038731 -0.005194
96559 4.1110366 2.0712725 -0.173949 0.221900 -0.190013
96573 6.0007456 2.0709722 -0.130476 0.205694 -0.173211
96589 2.0000828 2.0706292 -0.193581 0.113718 -0.100987
96601 2.0000828 2.0703719 -0.176888 0.230220 -0.196378
96607 21.156169 2.0702434 -0.017963 0.025216 -0.022510
96609 6.0007454 2.0702005 0.167598 0.088228 0.036629
96627 13.831025 2.0698149 -0.176088 0.222437 -0.190415
96643 2.0000828 2.0694722 -0.180239 0.224553 -0.192588
96649 9.3360381 2.0693437 0.100827 0.049872 0.025424
96661 2.0000828 2.0690868 0.162041 0.086362 0.037717
96663 28.024353 2.0690440 -0.049812 0.029209 -0.025894
96667 2.0000828 2.0689584 -0.192675 0.113243 -0.100609
96673 4.1056644 2.0688300 -0.182921 0.116653 -0.105648
96681 41.336540 2.0686588 -0.164163 0.097736 -0.086995
96691 23.775257 2.0684448 -0.032868 0.065615 -0.052807
96697 2.0000827 2.0683165 -0.146919 0.282467 -0.229600
96699 6.0007447 2.0682737 -0.176767 0.243048 -0.205636
96703 2.0000827 2.0681882 0.055956 0.040001 -0.003658
96709 4.1888488 2.0680598 -0.167636 0.100558 -0.090836
96717 12.646465 2.0678888 0.066788 0.071271 -0.034095
96733 27.064806 2.0675468 0.025559 0.013438 0.006850
96739 2.0000827 2.0674185 -0.072936 0.186340 -0.150861
96751 4.5984862 2.0671621 -0.187807 0.110432 -0.098154
96753 6.0007443 2.0671194 -0.097072 0.202247 -0.165909
96757 2.0000827 2.0670339 -0.195989 0.114926 -0.101880
96763 2.0000827 2.0669057 0.146803 0.077969 0.017625
96769 2.0000827 2.0667776 -0.169003 0.321512 -0.260181
96771 6.0007441 2.0667349 -0.091927 0.065946 -0.063470
96787 2.0000827 2.0663932 0.051438 0.038760 -0.005842
96793 4.4181073 2.0662651 -0.165469 0.103774 -0.094491
96799 2.0000826 2.0661370 -0.191412 0.114209 -0.101893
96817 9.3360334 2.0657529 0.032699 0.017821 0.006240
96823 2.0000826 2.0656249 -0.147234 0.232311 -0.194302
96829 4.4917139 2.0654969 0.063021 0.042035 -0.000628
96843 15.235870 2.0651983 0.173526 0.090390 0.039280
96847 2.0000826 2.0651130 0.122482 0.078967 -0.011657
96871 4.2446789 2.0646014 0.054365 0.039424 -0.004299
96879 13.301617 2.0644309 -0.166544 0.320821 -0.259210
96897 6.0007431 2.0640474 -0.195567 0.114662 -0.101642
96901 20.007949 2.0639622 -0.039289 0.023847 -0.021722
96907 2.0000826 2.0638344 -0.174850 0.236610 -0.200737
96913 4.1158571 2.0637066 0.065655 0.043226 -0.000011
96919 5.0706429 2.0635789 -0.149516 0.090436 -0.082194
96931 2.0000825 2.0633234 0.056192 0.068483 -0.036161
96933 12.764840 2.0632808 -0.187194 0.111542 -0.099626
96949 4.2657603 2.0629403 -0.179135 0.232507 -0.198186
96967 5.7808779 2.0625574 -0.167154 0.098160 -0.087054
96969 6.0007426 2.0625148 0.052799 0.045062 -0.015348
96973 2.0000825 2.0624297 0.162460 0.085211 0.032308
96979 2.0000825 2.0623021 -0.153333 0.215950 -0.183345
96997 2.0000825 2.0619194 0.054120 0.053724 -0.024020
97003 2.0000825 2.0617919 -0.190238 0.145848 -0.132003
97021 2.0000825 2.0614094 -0.161404 0.223341 -0.189607
97023 6.0007422 2.0613669 -0.194091 0.120821 -0.108507
97033 5.0706382 2.0611545 -0.169135 0.219598 -0.187160
97039 2.0000824 2.0610270 0.161250 0.085777 0.037020
97041 28.024258 2.0609845 -0.021579 0.015699 -0.015186
97051 10.583678 2.0607722 -0.100366 0.078692 -0.074675
97059 6.0007419 2.0606023 -0.182958 0.116594 -0.105535
97077 6.0007418 2.0602202 -0.098599 0.199108 -0.163910
97081 2.0000824 2.0601354 0.118550 0.077191 -0.012163
97093 4.1345640 2.0598807 -0.194816 0.114225 -0.101256
97111 9.3360252 2.0594989 -0.046314 0.053738 -0.046519
97113 6.0007415 2.0594565 0.129065 0.089886 -0.020066
97117 2.0000824 2.0593717 -0.096622 0.217591 -0.176466
97123 13.491414 2.0592445 0.107118 0.058326 0.020156
97131 6.0007414 2.0590749 -0.181138 0.225729 -0.193464
97147 5.0706335 2.0587357 -0.169518 0.219947 -0.187438
97153 9.3360240 2.0586086 -0.049396 0.028964 -0.025678
97159 2.0000823 2.0584815 -0.174591 0.283695 -0.234313
97171 2.0000823 2.0582272 -0.194474 0.115760 -0.103030
97177 2.0000823 2.0581002 -0.194723 0.114166 -0.101203
97183 4.1312716 2.0579731 0.087684 0.060653 -0.012439
97201 5.7808704 2.0575920 -0.152703 0.216324 -0.182073
97203 6.0007408 2.0575497 -0.181198 0.225877 -0.193567
97213 2.0000823 2.0573380 -0.193910 0.118463 -0.106037
97231 2.0000823 2.0569571 -0.181232 0.225939 -0.193611
97239 6.0007405 2.0567879 0.051386 0.039558 -0.007972
97249 4.2270687 2.0565764 0.052050 0.040053 -0.008436
97261 5.0706289 2.0563227 -0.168706 0.100063 -0.089581
97279 27.064232 2.0559422 -0.004086 0.004999 -0.004797
97303 2.0000822 2.0554351 -0.145083 0.089211 -0.081921
97309 10.714343 2.0553083 0.065859 0.042655 0.000393
97311 12.554233 2.0552661 -0.112287 0.073498 -0.069431
97321 9.3360194 2.0550549 -0.039058 0.065642 -0.054253
97327 2.0000822 2.0549282 -0.180616 0.230566 -0.196912
97329 6.0007399 2.0548860 -0.140859 0.210808 -0.178083
97347 13.516193 2.0545060 0.058643 0.075021 -0.040445
97351 4.2657114 2.0544216 0.201211 0.105392 0.051929
97357 5.7808654 2.0542950 -0.148923 0.210651 -0.177530
97369 2.0000822 2.0540418 -0.181531 0.226294 -0.193881
97381 2.0000822 2.0537887 -0.191570 0.122814 -0.110777
97387 2.0000821 2.0536622 -0.193050 0.113267 -0.100472
97401 6.0007393 2.0533670 -0.193118 0.117039 -0.104612
97417 4.2914505 2.0530298 0.118065 0.064933 0.020036
97419 28.024164 2.0529876 -0.045040 0.067947 -0.056672
97423 2.0000821 2.0529033 -0.189018 0.135591 -0.122986
97429 2.0000821 2.0527769 -0.111062 0.083334 -0.078802
97437 6.0007390 2.0526084 -0.171319 0.104944 -0.094937
97441 2.0000821 2.0525241 -0.092458 0.195602 -0.160442
97447 9.3360159 2.0523977 0.001209 0.008293 -0.006087
97453 2.0000821 2.0522714 -0.145354 0.275291 -0.224230
97459 2.0000821 2.0521450 0.064766 0.042882 -0.000729
97473 6.0007388 2.0518503 0.053896 0.039353 -0.004943
97489 23.774181 2.0515135 -0.034139 0.025193 -0.023004
97491 6.0007386 2.0514714 0.053324 0.054154 -0.024825
97501 2.0000821 2.0512610 0.050916 0.038479 -0.006107
97509 6.0007385 2.0510927 -0.180618 0.240003 -0.203741
97531 9.3360136 2.0506301 0.009711 0.008966 -0.002795
97549 2.0000820 2.0502517 -0.187203 0.149715 -0.135217
97561 2.0000820 2.0499995 0.117125 0.064760 0.010485
97567 4.4180449 2.0498734 -0.174740 0.281903 -0.232897
97579 2.0000820 2.0496213 -0.181967 0.226828 -0.194283
97591 5.7808580 2.0493693 -0.158518 0.093514 -0.083340
97599 6.0007378 2.0492013 0.154692 0.082133 0.033246
97609 2.0000820 2.0489914 -0.179725 0.246282 -0.208165
97617 17.361078 2.0488235 0.083025 0.048133 0.004507
97651 2.0000819 2.0481101 -0.180441 0.242746 -0.205685
97653 13.301052 2.0480682 -0.179691 0.141132 -0.127888
97663 4.1516765 2.0478585 -0.092711 0.195057 -0.160060
97671 28.024102 2.0476907 -0.047809 0.039952 -0.035935
97687 2.0000819 2.0473553 0.051025 0.038886 -0.007062
97689 6.0007371 2.0473134 -0.111866 0.073088 -0.069029
97693 4.1128267 2.0472296 -0.182088 0.227062 -0.194444
97707 6.0007370 2.0469362 -0.181261 0.238431 -0.202642
97711 2.0000819 2.0468525 0.056626 0.080088 -0.045226
97717 11.698257 2.0467268 -0.178509 0.104705 -0.092835
97723 4.2270019 2.0466011 -0.161543 0.097294 -0.088117
97729 2.0000819 2.0464755 0.050766 0.038449 -0.006320
97741 9.3360078 2.0462242 0.032553 0.017557 0.004738
97743 13.830415 2.0461823 0.059087 0.040610 -0.002867
97747 12.719400 2.0460986 -0.151598 0.212256 -0.178896
97753 4.2656630 2.0459730 0.168248 0.091938 0.007637
97761 6.0007366 2.0458056 -0.170700 0.222798 -0.190141
97771 2.0000818 2.0455963 0.057957 0.040605 -0.003557
97777 2.0000818 2.0454708 -0.182052 0.230814 -0.197173
97783 20.331748 2.0453453 -0.038469 0.079840 -0.064046
97789 2.0000818 2.0452198 -0.126295 0.275715 -0.221533
97797 28.024070 2.0450525 0.000929 0.019186 -0.014794
97813 2.0000818 2.0447180 0.051151 0.039234 -0.007748
97833 6.0007360 2.0443000 -0.179305 0.262621 -0.219817
97843 2.0000818 2.0440910 -0.192648 0.112957 -0.100136
97849 2.0000818 2.0439657 -0.160490 0.097421 -0.088427
97861 2.0000818 2.0437151 -0.176894 0.297318 -0.244143
97873 4.1886482 2.0434645 -0.131508 0.235662 -0.194325
97879 2.0000817 2.0433392 0.067160 0.044143 -0.001754
97887 12.867593 2.0431722 -0.150190 0.277815 -0.226602
97897 4.1105128 2.0429635 0.159240 0.083549 0.031420
97921 4.1208640 2.0424628 0.051181 0.040746 -0.010536
97923 28.024039 2.0424211 0.056751 0.029564 0.015253
97927 2.0000817 2.0423377 -0.192460 0.112846 -0.100035
97939 4.4916360 2.0420874 0.075739 0.095956 -0.050289
97941 6.0007352 2.0420457 -0.117867 0.075946 -0.071322
97959 6.0007351 2.0416705 -0.182462 0.227708 -0.194918
97963 4.1281038 2.0415871 0.060732 0.042067 -0.004309
97981 5.7808458 2.0412121 0.082743 0.066344 -0.021871
97987 2.0000816 2.0410871 -0.045152 0.181398 -0.142164
97993 9.3360010 2.0409621 -0.028120 0.018607 -0.017596
98011 2.0000816 2.0405873 -0.164851 0.102977 -0.093677
98013 13.515772 2.0405456 -0.086263 0.193649 -0.157870
98017 2.0000816 2.0404624 -0.139926 0.131219 -0.118934
98041 2.0000816 2.0399629 -0.171601 0.224089 -0.191134
98047 2.0000816 2.0398380 0.050705 0.038447 -0.006541
98053 4.5984078 2.0397132 -0.084432 0.060002 -0.057930
98059 14.786015 2.0395884 -0.152745 0.091686 -0.081767
98067 12.666473 2.0394220 -0.190614 0.115754 -0.103511
98077 9.3359987 2.0392141 -0.048695 0.028977 -0.025787
98083 4.4180039 2.0390893 -0.173523 0.224261 -0.191357
98101 2.0000816 2.0387152 -0.140467 0.123708 -0.112967
98121 6.0007339 2.0382997 0.058541 0.071316 -0.037501
98137 5.7808409 2.0379673 -0.162426 0.115284 -0.104455
98139 6.0007337 2.0379258 -0.114654 0.203240 -0.169061
98143 2.0000815 2.0378427 -0.111057 0.072916 -0.068893
98149 4.2913702 2.0377182 0.062470 0.042600 -0.003848
98157 6.0007336 2.0375521 -0.080742 0.063670 -0.061521
98161 21.152539 2.0374691 -0.045973 0.029033 -0.026124
98173 5.0705920 2.0372200 0.067728 0.070114 -0.032529
98179 2.0000815 2.0370955 -0.188862 0.145516 -0.131565
98203 9.3359952 2.0365977 -0.045805 0.027090 -0.024192
98211 15.235369 2.0364318 -0.170490 0.222198 -0.189025
98221 2.0000815 2.0362244 -0.109906 0.073492 -0.069564
98227 2.0000814 2.0361001 -0.182064 0.131325 -0.119334
98239 4.5983968 2.0358513 -0.179163 0.228324 -0.194785
98247 6.0007329 2.0356856 0.160358 0.084857 0.015581
98251 2.0000814 2.0356027 -0.155063 0.322005 -0.258177
98257 2.0000814 2.0354784 0.059789 0.074646 -0.039698
98269 2.0000814 2.0352298 -0.191486 0.112269 -0.099520
98287 23.773122 2.0348571 0.051149 0.026518 0.014409
98293 5.7808360 2.0347329 -0.133161 0.216132 -0.179328
98299 2.0000814 2.0346087 0.158024 0.083098 0.032135
98301 66.045855 2.0345673 -0.044099 0.035977 -0.032407
98317 2.0000814 2.0342362 0.051093 0.044259 -0.015561
98319 17.360879 2.0341948 -0.163602 0.096051 -0.085183
98323 2.0000814 2.0341121 -0.170999 0.260952 -0.217517
98337 6.0007323 2.0338225 -0.177488 0.226424 -0.193413
98341 4.4179835 2.0337397 0.052317 0.038729 -0.005966
98347 2.0000813 2.0336157 -0.190332 0.111668 -0.099047
98377 2.0000813 2.0329955 -0.102937 0.200239 -0.165183
98383 4.4916053 2.0328715 0.088782 0.051730 0.008162
98389 2.0000813 2.0327476 -0.191099 0.112473 -0.099807
98391 6.0007319 2.0327062 -0.101705 0.216725 -0.176500
98401 5.0705829 2.0324997 0.061967 0.040685 -0.001005
98407 2.0000813 2.0323757 -0.180144 0.289180 -0.238742
98409 6.0007317 2.0323344 -0.183977 0.110886 -0.099274
98419 2.0000813 2.0321279 -0.183059 0.237362 -0.201951
98427 64.095726 2.0319628 -0.033341 0.026346 -0.024359
98443 2.0000813 2.0316325 0.228991 0.118851 0.061446
98449 5.7808312 2.0315087 -0.154672 0.240808 -0.199640
98467 2.0000812 2.0311373 0.085999 0.050808 0.006626
98473 2.0000812 2.0310136 -0.117039 0.078761 -0.074166
98479 2.0000812 2.0308898 -0.187088 0.129780 -0.117653
98491 2.0000812 2.0306424 -0.176317 0.288612 -0.237817
98497 9.3359873 2.0305187 -0.041981 0.042783 -0.037890
98499 6.0007311 2.0304775 0.050240 0.038337 -0.006976
98517 6.0007309 2.0301065 -0.172236 0.328610 -0.265351
98533 2.0000812 2.0297768 -0.090774 0.196270 -0.160484
98551 4.1418860 2.0294061 0.051777 0.055209 -0.026539
98557 4.2655673 2.0292825 -0.140517 0.086894 -0.079925
98563 2.0000812 2.0291590 -0.188356 0.145394 -0.131412
98569 4.1076835 2.0290355 0.120912 0.079301 -0.013208
98581 9.3359850 2.0287885 -0.040984 0.025874 -0.023594
98599 4.4179633 2.0284181 -0.104099 0.069255 -0.065734
98607 6.0007303 2.0282536 0.050214 0.038676 -0.007779
98611 4.5983749 2.0281713 0.161121 0.084457 0.034266
98623 20.166756 2.0279245 -0.039836 0.024949 -0.022753
98641 2.0000811 2.0275545 -0.188254 0.145369 -0.131382
98661 6.0007299 2.0271435 -0.183579 0.108199 -0.096344
98671 4.2268701 2.0269380 -0.121075 0.224409 -0.184773
98679 64.829761 2.0267737 -0.033227 0.025215 -0.023354
98683 5.7808239 2.0266915 -0.150322 0.101065 -0.091967
98689 2.0000811 2.0265683 -0.104642 0.070491 -0.066968
98713 2.0000810 2.0260756 -0.173016 0.239552 -0.202376
98731 2.0000810 2.0257062 -0.190144 0.111482 -0.098823
98733 6.0007293 2.0256652 0.051065 0.040261 -0.010026
98737 2.0000810 2.0255831 0.079190 0.048080 0.003922
98743 5.0705694 2.0254600 -0.172165 0.237935 -0.200520
98749 9.3359805 2.0253370 -0.048211 0.028275 -0.025068
98751 6.0007292 2.0252959 0.052114 0.072569 -0.040962
98767 4.1043894 2.0249679 -0.095225 0.065422 -0.062636
98773 2.0000810 2.0248448 -0.190022 0.111411 -0.098760
98779 2.0000810 2.0247219 0.055257 0.055534 -0.025244
98797 4.5983640 2.0243530 -0.167683 0.298881 -0.243610
98809 2.0000810 2.0241071 -0.189352 0.111165 -0.098603
98823 6.0007287 2.0238204 -0.139942 0.126047 -0.114730
98827 4.4915749 2.0237385 -0.162782 0.222827 -0.188988
98839 5.7808191 2.0234928 -0.128644 0.208873 -0.173512
98859 13.829818 2.0230834 0.176970 0.091609 0.021609
98863 4.1707747 2.0230015 0.050275 0.038339 -0.007146
98869 2.0000809 2.0228788 -0.175856 0.247253 -0.208226
98881 4.2912910 2.0226333 -0.174263 0.288231 -0.237163
98887 2.0000809 2.0225105 0.074780 0.047699 -0.002220
98893 2.0000809 2.0223878 -0.187574 0.140901 -0.127509
98899 2.0000809 2.0222651 -0.141735 0.087432 -0.080322
98911 2.0000809 2.0220198 -0.103761 0.224775 -0.182357
98913 6.0007280 2.0219789 -0.170779 0.101750 -0.091377
98917 27.062549 2.0218971 0.002434 0.004125 -0.002397
98929 2.0000809 2.0216519 0.113810 0.062613 0.016959
98941 4.1278304 2.0214067 -0.162685 0.099776 -0.090495
98947 2.0000809 2.0212841 0.049927 0.038289 -0.007370
98949 6.0007277 2.0212433 -0.109702 0.072094 -0.068121
98953 2.0000808 2.0211616 -0.182019 0.300340 -0.246807
98959 20.235463 2.0210390 -0.023254 0.070932 -0.055302
98971 5.0705604 2.0207940 0.075691 0.050575 -0.007826
99001 9.3359738 2.0201816 0.033039 0.021863 -0.003861
99003 12.937763 2.0201408 0.086466 0.051607 0.002614
99007 4.1205273 2.0200592 -0.183132 0.266749 -0.223053
99013 2.0000808 2.0199368 0.113766 0.062531 0.014821
99021 17.360684 2.0197736 -0.151423 0.217987 -0.182876
99037 4.1884522 2.0194473 -0.169363 0.287047 -0.235665
99039 6.0007271 2.0194065 -0.187689 0.110269 -0.097872
99043 9.3359727 2.0193249 -0.000207 0.008520 -0.006781
99049 4.4915598 2.0192026 -0.180758 0.269066 -0.224279
99067 4.1307607 2.0188357 -0.109361 0.071926 -0.067969
99073 5.7808119 2.0187135 0.078433 0.045374 0.007197
99079 2.0000807 2.0185912 -0.104972 0.207048 -0.170161
99103 2.0000807 2.0181024 -0.188918 0.111595 -0.099129
99109 2.0000807 2.0179802 -0.186694 0.147078 -0.132778
99111 6.0007265 2.0179395 0.049811 0.038276 -0.007520
99133 2.0000807 2.0174917 -0.184719 0.235041 -0.200328
99139 2.0000807 2.0173696 0.082505 0.049500 0.003890
99147 6.0007263 2.0172068 -0.183894 0.238226 -0.202558
99157 4.1090702 2.0170033 0.226672 0.117202 0.059622
99169 21.621345 2.0167593 -0.044095 0.032615 -0.029522
99181 2.0000807 2.0165153 0.081341 0.049529 0.001461
99183 28.023734 2.0164746 0.031609 0.017108 0.005281
99201 13.299950 2.0161087 -0.186101 0.129191 -0.116978
99211 9.3359682 2.0159055 -0.021405 0.015368 -0.014842
99219 6.0007258 2.0157430 -0.171289 0.292970 -0.240098
99223 2.0000806 2.0156617 0.155889 0.081465 0.027874
99237 15.235003 2.0153773 0.063941 0.041319 -0.000647
99241 2.0000806 2.0152961 0.114456 0.064404 0.005747
99247 4.2912519 2.0151743 -0.184164 0.230615 -0.196975
99259 2.0000806 2.0149306 -0.184759 0.245155 -0.207663
99271 4.4915448 2.0146871 -0.126968 0.118455 -0.107955
99273 6.0007254 2.0146465 -0.157647 0.262895 -0.216994
99277 2.0000806 2.0145653 -0.186133 0.129366 -0.117219
99289 2.0000806 2.0143218 -0.185179 0.231027 -0.197421
99301 4.1150376 2.0140784 -0.105711 0.202847 -0.167296
99307 5.7808048 2.0139567 0.077006 0.044958 0.005026
99309 28.023704 2.0139162 -0.000204 0.008541 -0.006807
99313 5.0705469 2.0138350 -0.063224 0.050074 -0.048896
99349 2.0000805 2.0131053 0.051351 0.101711 -0.063075
99361 4.2654732 2.0128622 -0.163801 0.098148 -0.088489
99367 2.0000805 2.0127406 0.049631 0.038316 -0.007867
99373 4.4179031 2.0126191 -0.183408 0.230535 -0.196770
99379 9.3359637 2.0124976 0.035139 0.018732 0.006572
99381 12.551672 2.0124571 0.050132 0.040924 -0.011913
99391 2.0000805 2.0122546 0.155906 0.083438 0.012235
99397 2.0000805 2.0121332 -0.159925 0.099812 -0.090858
99409 2.0000805 2.0118903 0.063384 0.042384 -0.002564
99417 13.829525 2.0117284 -0.104991 0.072415 -0.068647
99427 5.0705425 2.0115260 -0.172162 0.331500 -0.266625
99439 2.0000805 2.0112833 -0.182834 0.107653 -0.095770
99453 6.0007240 2.0110002 -0.183133 0.145783 -0.131645
99457 4.1046626 2.0109193 -0.092323 0.198978 -0.162488
99463 27.062000 2.0107980 -0.021760 0.039049 -0.031735
99469 2.0000804 2.0106767 -0.053158 0.209258 -0.162630
99487 2.0000804 2.0103129 -0.173826 0.110533 -0.100142
99489 17.360555 2.0102725 0.102574 0.057578 0.004518
99493 4.4915298 2.0101917 0.064973 0.045044 -0.007165
99523 2.0000804 2.0095857 -0.187868 0.110550 -0.098095
99529 2.0000804 2.0094646 -0.182066 0.107489 -0.095715
99543 6.0007234 2.0091820 -0.187297 0.129931 -0.117635
99547 9.3359593 2.0091012 0.036429 0.019244 0.006359
99559 2.0000804 2.0088591 0.050603 0.044841 -0.016682
99571 2.0000803 2.0086170 -0.186919 0.110269 -0.097947
99577 2.0000803 2.0084959 0.050587 0.102335 -0.063754
99579 15.234882 2.0084556 -0.164009 0.097257 -0.087011
99597 6.0007230 2.0080926 -0.185765 0.231784 -0.197988
99601 4.1789022 2.0080120 0.074097 0.046087 0.001405
99607 2.0000803 2.0078910 -0.181858 0.107128 -0.095337
99619 12.695372 2.0076491 0.077850 0.055661 -0.013509
99631 20.832954 2.0074073 -0.045118 0.026514 -0.023549
99633 6.0007227 2.0073670 0.049678 0.049424 -0.022054
99643 2.0000803 2.0071656 0.050002 0.038386 -0.007769
99661 2.0000803 2.0068031 0.074246 0.073184 -0.032383
99667 2.0000803 2.0066823 -0.184931 0.231672 -0.197812
99669 6.0007225 2.0066420 -0.187446 0.111043 -0.098706
99679 2.0000803 2.0064407 -0.185922 0.232004 -0.198153
99697 5.7807929 2.0060784 -0.113004 0.070877 -0.065595
99709 2.0000802 2.0058370 -0.185715 0.238211 -0.202656
99721 2.0000802 2.0055956 -0.185990 0.233309 -0.199108
99723 17.360491 2.0055554 -0.158831 0.235762 -0.196406
99727 4.5983101 2.0054749 0.116311 0.063308 0.017740
99733 2.0000802 2.0053543 -0.185986 0.175215 -0.155435
99741 6.0007220 2.0051935 0.049357 0.038239 -0.008097
99757 9.3359538 2.0048718 -0.043758 0.026034 -0.023328
99763 4.2654268 2.0047513 -0.184274 0.239485 -0.203383
99777 12.761247 2.0044700 -0.185091 0.232618 -0.198474
99787 2.0000802 2.0042691 0.062188 0.042247 -0.003897
99793 2.0000802 2.0041486 -0.186067 0.242653 -0.205911
99811 4.1338593 2.0037872 0.112795 0.079777 -0.018878
99817 2.0000801 2.0036667 -0.179599 0.141794 -0.128242
99823 2.0000801 2.0035463 -0.174594 0.103469 -0.092518
99829 2.0000801 2.0034259 0.049310 0.039499 -0.010401
99853 5.7807882 2.0029443 0.076257 0.044975 0.002946
99859 2.0000801 2.0028240 -0.088009 0.062241 -0.059890
99867 6.0007210 2.0026635 0.049264 0.038220 -0.008185
99871 2.0000801 2.0025833 0.084303 0.053230 -0.004226
99877 2.0000801 2.0024630 -0.181670 0.230732 -0.196761
99883 23.771055 2.0023427 -0.037081 0.022062 -0.019638
99901 2.0000801 2.0019820 -0.186180 0.118909 -0.107127
99903 6.0007208 2.0019419 -0.175041 0.249166 -0.209352
99907 2.0000801 2.0018617 -0.186796 0.109519 -0.097083
99919 4.1275625 2.0016213 -0.167617 0.275849 -0.227400
99921 15.234763 2.0015812 -0.153053 0.128916 -0.116771
99931 5.7807859 2.0013810 -0.159472 0.219498 -0.184789
99939 28.023554 2.0012207 -0.047253 0.027716 -0.024577
99949 4.1511801 2.0010205 -0.186468 0.109333 -0.096920
99961 2.0000800 2.0007803 -0.186378 0.270250 -0.225816
99967 9.3359483 2.0006602 -0.037088 0.067916 -0.055475
99991 2.0000800 2.0001800 -0.184613 0.108481 -0.096307
99993 6.0007201 2.0001400 0.126632 0.084714 -0.015847
